01/01/2023 00:00,0.118
01/01/2023 00:30,0.118
01/01/2023 01:00,0.118
01/01/2023 01:30,0.118
01/01/2023 02:00,0.118
01/01/2023 02:30,0.118
01/01/2023 03:00,0.118
01/01/2023 03:30,0.118
01/01/2023 04:00,0.118
01/01/2023 04:30,0.118
01/01/2023 05:00,0.118
01/01/2023 05:30,0.118
01/01/2023 06:00,0.118
01/01/2023 06:30,0.118
01/01/2023 07:00,0.118
01/01/2023 07:30,0.118
01/01/2023 08:00,0.118
01/01/2023 08:30,0.118
01/01/2023 09:00,0.118
01/01/2023 09:30,0.118
01/01/2023 10:00,0.118
01/01/2023 10:30,0.118
01/01/2023 11:00,0.118
01/01/2023 11:30,0.118
01/01/2023 12:00,0.118
01/01/2023 12:30,0.118
01/01/2023 13:00,0.118
01/01/2023 13:30,0.118
01/01/2023 14:00,0.118
01/01/2023 14:30,0.118
01/01/2023 15:00,0.118
01/01/2023 15:30,0.118
01/01/2023 16:00,0.118
01/01/2023 16:30,0.118
01/01/2023 17:00,0.118
01/01/2023 17:30,0.118
01/01/2023 18:00,0.118
01/01/2023 18:30,0.118
01/01/2023 19:00,0.118
01/01/2023 19:30,0.118
01/01/2023 20:00,0.118
01/01/2023 20:30,0.118
01/01/2023 21:00,0.118
01/01/2023 21:30,0.118
01/01/2023 22:00,0.118
01/01/2023 22:30,0.118
01/01/2023 23:00,0.118
01/01/2023 23:30,0.118
01/02/2023 00:00,0.118
01/02/2023 00:30,0.118
01/02/2023 01:00,0.118
01/02/2023 01:30,0.118
01/02/2023 02:00,0.118
01/02/2023 02:30,0.118
01/02/2023 03:00,0.118
01/02/2023 03:30,0.118
01/02/2023 04:00,0.118
01/02/2023 04:30,0.118
01/02/2023 05:00,0.118
01/02/2023 05:30,0.118
01/02/2023 06:00,0.118
01/02/2023 06:30,0.118
01/02/2023 07:00,0.118
01/02/2023 07:30,0.118
01/02/2023 08:00,0.118
01/02/2023 08:30,0.118
01/02/2023 09:00,0.118
01/02/2023 09:30,0.118
01/02/2023 10:00,0.118
01/02/2023 10:30,0.118
01/02/2023 11:00,0.118
01/02/2023 11:30,0.118
01/02/2023 12:00,0.118
01/02/2023 12:30,0.118
01/02/2023 13:00,0.118
01/02/2023 13:30,0.118
01/02/2023 14:00,0.118
01/02/2023 14:30,0.118
01/02/2023 15:00,0.118
01/02/2023 15:30,0.118
01/02/2023 16:00,0.118
01/02/2023 16:30,0.118
01/02/2023 17:00,0.118
01/02/2023 17:30,0.118
01/02/2023 18:00,0.118
01/02/2023 18:30,0.118
01/02/2023 19:00,0.118
01/02/2023 19:30,0.118
01/02/2023 20:00,0.118
01/02/2023 20:30,0.118
01/02/2023 21:00,0.118
01/02/2023 21:30,0.118
01/02/2023 22:00,0.118
01/02/2023 22:30,0.118
01/02/2023 23:00,0.118
01/02/2023 23:30,0.118
01/03/2023 00:00,0.118
01/03/2023 00:30,0.118
01/03/2023 01:00,0.118
01/03/2023 01:30,0.118
01/03/2023 02:00,0.118
01/03/2023 02:30,0.118
01/03/2023 03:00,0.118
01/03/2023 03:30,0.118
01/03/2023 04:00,0.118
01/03/2023 04:30,0.118
01/03/2023 05:00,0.118
01/03/2023 05:30,0.118
01/03/2023 06:00,0.118
01/03/2023 06:30,0.118
01/03/2023 07:00,0.118
01/03/2023 07:30,0.118
01/03/2023 08:00,0.118
01/03/2023 08:30,0.118
01/03/2023 09:00,0.118
01/03/2023 09:30,0.118
01/03/2023 10:00,0.118
01/03/2023 10:30,0.118
01/03/2023 11:00,0.118
01/03/2023 11:30,0.118
01/03/2023 12:00,0.118
01/03/2023 12:30,0.118
01/03/2023 13:00,0.118
01/03/2023 13:30,0.118
01/03/2023 14:00,0.118
01/03/2023 14:30,0.118
01/03/2023 15:00,0.118
01/03/2023 15:30,0.118
01/03/2023 16:00,0.118
01/03/2023 16:30,0.118
01/03/2023 17:00,0.118
01/03/2023 17:30,0.118
01/03/2023 18:00,0.118
01/03/2023 18:30,0.118
01/03/2023 19:00,0.118
01/03/2023 19:30,0.118
01/03/2023 20:00,0.118
01/03/2023 20:30,0.118
01/03/2023 21:00,0.118
01/03/2023 21:30,0.118
01/03/2023 22:00,0.118
01/03/2023 22:30,0.118
01/03/2023 23:00,0.118
01/03/2023 23:30,0.118
01/04/2023 00:00,0.118
01/04/2023 00:30,0.118
01/04/2023 01:00,0.118
01/04/2023 01:30,0.118
01/04/2023 02:00,0.118
01/04/2023 02:30,0.118
01/04/2023 03:00,0.118
01/04/2023 03:30,0.118
01/04/2023 04:00,0.118
01/04/2023 04:30,0.118
01/04/2023 05:00,0.118
01/04/2023 05:30,0.118
01/04/2023 06:00,0.118
01/04/2023 06:30,0.118
01/04/2023 07:00,0.118
01/04/2023 07:30,0.118
01/04/2023 08:00,0.118
01/04/2023 08:30,0.118
01/04/2023 09:00,0.118
01/04/2023 09:30,0.118
01/04/2023 10:00,0.118
01/04/2023 10:30,0.118
01/04/2023 11:00,0.118
01/04/2023 11:30,0.118
01/04/2023 12:00,0.118
01/04/2023 12:30,0.118
01/04/2023 13:00,0.118
01/04/2023 13:30,0.118
01/04/2023 14:00,0.118
01/04/2023 14:30,0.118
01/04/2023 15:00,0.118
01/04/2023 15:30,0.118
01/04/2023 16:00,0.118
01/04/2023 16:30,0.118
01/04/2023 17:00,0.118
01/04/2023 17:30,0.118
01/04/2023 18:00,0.118
01/04/2023 18:30,0.118
01/04/2023 19:00,0.118
01/04/2023 19:30,0.118
01/04/2023 20:00,0.118
01/04/2023 20:30,0.118
01/04/2023 21:00,0.118
01/04/2023 21:30,0.118
01/04/2023 22:00,0.118
01/04/2023 22:30,0.118
01/04/2023 23:00,0.118
01/04/2023 23:30,0.118
01/05/2023 00:00,0.118
01/05/2023 00:30,0.118
01/05/2023 01:00,0.118
01/05/2023 01:30,0.118
01/05/2023 02:00,0.118
01/05/2023 02:30,0.118
01/05/2023 03:00,0.118
01/05/2023 03:30,0.118
01/05/2023 04:00,0.118
01/05/2023 04:30,0.118
01/05/2023 05:00,0.118
01/05/2023 05:30,0.118
01/05/2023 06:00,0.118
01/05/2023 06:30,0.118
01/05/2023 07:00,0.118
01/05/2023 07:30,0.118
01/05/2023 08:00,0.118
01/05/2023 08:30,0.118
01/05/2023 09:00,0.118
01/05/2023 09:30,0.118
01/05/2023 10:00,0.118
01/05/2023 10:30,0.118
01/05/2023 11:00,0.118
01/05/2023 11:30,0.118
01/05/2023 12:00,0.118
01/05/2023 12:30,0.118
01/05/2023 13:00,0.118
01/05/2023 13:30,0.118
01/05/2023 14:00,0.118
01/05/2023 14:30,0.118
01/05/2023 15:00,0.118
01/05/2023 15:30,0.118
01/05/2023 16:00,0.118
01/05/2023 16:30,0.118
01/05/2023 17:00,0.118
01/05/2023 17:30,0.118
01/05/2023 18:00,0.118
01/05/2023 18:30,0.118
01/05/2023 19:00,0.118
01/05/2023 19:30,0.118
01/05/2023 20:00,0.118
01/05/2023 20:30,0.118
01/05/2023 21:00,0.118
01/05/2023 21:30,0.118
01/05/2023 22:00,0.118
01/05/2023 22:30,0.118
01/05/2023 23:00,0.118
01/05/2023 23:30,0.118
01/06/2023 00:00,0.118
01/06/2023 00:30,0.118
01/06/2023 01:00,0.118
01/06/2023 01:30,0.118
01/06/2023 02:00,0.118
01/06/2023 02:30,0.118
01/06/2023 03:00,0.118
01/06/2023 03:30,0.118
01/06/2023 04:00,0.118
01/06/2023 04:30,0.118
01/06/2023 05:00,0.118
01/06/2023 05:30,0.118
01/06/2023 06:00,0.118
01/06/2023 06:30,0.118
01/06/2023 07:00,0.118
01/06/2023 07:30,0.118
01/06/2023 08:00,0.118
01/06/2023 08:30,0.118
01/06/2023 09:00,0.118
01/06/2023 09:30,0.118
01/06/2023 10:00,0.118
01/06/2023 10:30,0.118
01/06/2023 11:00,0.118
01/06/2023 11:30,0.118
01/06/2023 12:00,0.118
01/06/2023 12:30,0.118
01/06/2023 13:00,0.118
01/06/2023 13:30,0.118
01/06/2023 14:00,0.118
01/06/2023 14:30,0.118
01/06/2023 15:00,0.118
01/06/2023 15:30,0.118
01/06/2023 16:00,0.118
01/06/2023 16:30,0.118
01/06/2023 17:00,0.118
01/06/2023 17:30,0.118
01/06/2023 18:00,0.118
01/06/2023 18:30,0.118
01/06/2023 19:00,0.118
01/06/2023 19:30,0.118
01/06/2023 20:00,0.118
01/06/2023 20:30,0.118
01/06/2023 21:00,0.118
01/06/2023 21:30,0.118
01/06/2023 22:00,0.118
01/06/2023 22:30,0.118
01/06/2023 23:00,0.118
01/06/2023 23:30,0.118
01/07/2023 00:00,0.336
01/07/2023 00:30,0.336
01/07/2023 01:00,0.336
01/07/2023 01:30,0.336
01/07/2023 02:00,0.336
01/07/2023 02:30,0.336
01/07/2023 03:00,0.336
01/07/2023 03:30,0.336
01/07/2023 04:00,0.336
01/07/2023 04:30,0.336
01/07/2023 05:00,0.336
01/07/2023 05:30,0.336
01/07/2023 06:00,0.336
01/07/2023 06:30,0.336
01/07/2023 07:00,0.336
01/07/2023 07:30,0.336
01/07/2023 08:00,0.336
01/07/2023 08:30,0.336
01/07/2023 09:00,0.336
01/07/2023 09:30,0.336
01/07/2023 10:00,0.336
01/07/2023 10:30,0.336
01/07/2023 11:00,0.336
01/07/2023 11:30,0.336
01/07/2023 12:00,0.336
01/07/2023 12:30,0.336
01/07/2023 13:00,0.336
01/07/2023 13:30,0.336
01/07/2023 14:00,0.336
01/07/2023 14:30,0.336
01/07/2023 15:00,0.336
01/07/2023 15:30,0.336
01/07/2023 16:00,0.336
01/07/2023 16:30,0.336
01/07/2023 17:00,0.336
01/07/2023 17:30,0.336
01/07/2023 18:00,0.336
01/07/2023 18:30,0.336
01/07/2023 19:00,0.336
01/07/2023 19:30,0.336
01/07/2023 20:00,0.336
01/07/2023 20:30,0.336
01/07/2023 21:00,0.336
01/07/2023 21:30,0.336
01/07/2023 22:00,0.336
01/07/2023 22:30,0.336
01/07/2023 23:00,0.336
01/07/2023 23:30,0.336
01/08/2023 00:00,0.336
01/08/2023 00:30,0.336
01/08/2023 01:00,0.336
01/08/2023 01:30,0.336
01/08/2023 02:00,0.336
01/08/2023 02:30,0.336
01/08/2023 03:00,0.336
01/08/2023 03:30,0.336
01/08/2023 04:00,0.336
01/08/2023 04:30,0.336
01/08/2023 05:00,0.336
01/08/2023 05:30,0.336
01/08/2023 06:00,0.336
01/08/2023 06:30,0.336
01/08/2023 07:00,0.336
01/08/2023 07:30,0.336
01/08/2023 08:00,0.336
01/08/2023 08:30,0.336
01/08/2023 09:00,0.336
01/08/2023 09:30,0.336
01/08/2023 10:00,0.336
01/08/2023 10:30,0.336
01/08/2023 11:00,0.336
01/08/2023 11:30,0.336
01/08/2023 12:00,0.336
01/08/2023 12:30,0.336
01/08/2023 13:00,0.336
01/08/2023 13:30,0.336
01/08/2023 14:00,0.336
01/08/2023 14:30,0.336
01/08/2023 15:00,0.336
01/08/2023 15:30,0.336
01/08/2023 16:00,0.336
01/08/2023 16:30,0.336
01/08/2023 17:00,0.336
01/08/2023 17:30,0.336
01/08/2023 18:00,0.336
01/08/2023 18:30,0.336
01/08/2023 19:00,0.336
01/08/2023 19:30,0.336
01/08/2023 20:00,0.336
01/08/2023 20:30,0.336
01/08/2023 21:00,0.336
01/08/2023 21:30,0.336
01/08/2023 22:00,0.336
01/08/2023 22:30,0.336
01/08/2023 23:00,0.336
01/08/2023 23:30,0.336
01/09/2023 00:00,0.336
01/09/2023 00:30,0.336
01/09/2023 01:00,0.336
01/09/2023 01:30,0.336
01/09/2023 02:00,0.336
01/09/2023 02:30,0.336
01/09/2023 03:00,0.336
01/09/2023 03:30,0.336
01/09/2023 04:00,0.336
01/09/2023 04:30,0.336
01/09/2023 05:00,0.336
01/09/2023 05:30,0.336
01/09/2023 06:00,0.336
01/09/2023 06:30,0.336
01/09/2023 07:00,0.336
01/09/2023 07:30,0.336
01/09/2023 08:00,0.336
01/09/2023 08:30,0.336
01/09/2023 09:00,0.336
01/09/2023 09:30,0.336
01/09/2023 10:00,0.336
01/09/2023 10:30,0.336
01/09/2023 11:00,0.336
01/09/2023 11:30,0.336
01/09/2023 12:00,0.336
01/09/2023 12:30,0.336
01/09/2023 13:00,0.336
01/09/2023 13:30,0.336
01/09/2023 14:00,0.336
01/09/2023 14:30,0.336
01/09/2023 15:00,0.336
01/09/2023 15:30,0.336
01/09/2023 16:00,0.336
01/09/2023 16:30,0.336
01/09/2023 17:00,0.336
01/09/2023 17:30,0.336
01/09/2023 18:00,0.336
01/09/2023 18:30,0.336
01/09/2023 19:00,0.336
01/09/2023 19:30,0.336
01/09/2023 20:00,0.336
01/09/2023 20:30,0.336
01/09/2023 21:00,0.336
01/09/2023 21:30,0.336
01/09/2023 22:00,0.336
01/09/2023 22:30,0.336
01/09/2023 23:00,0.336
01/09/2023 23:30,0.336
01/10/2023 00:00,0.336
01/10/2023 00:30,0.336
01/10/2023 01:00,0.336
01/10/2023 01:30,0.336
01/10/2023 02:00,0.336
01/10/2023 02:30,0.336
01/10/2023 03:00,0.336
01/10/2023 03:30,0.336
01/10/2023 04:00,0.336
01/10/2023 04:30,0.336
01/10/2023 05:00,0.336
01/10/2023 05:30,0.336
01/10/2023 06:00,0.336
01/10/2023 06:30,0.336
01/10/2023 07:00,0.336
01/10/2023 07:30,0.336
01/10/2023 08:00,0.336
01/10/2023 08:30,0.336
01/10/2023 09:00,0.336
01/10/2023 09:30,0.336
01/10/2023 10:00,0.336
01/10/2023 10:30,0.336
01/10/2023 11:00,0.336
01/10/2023 11:30,0.336
01/10/2023 12:00,0.336
01/10/2023 12:30,0.336
01/10/2023 13:00,0.336
01/10/2023 13:30,0.336
01/10/2023 14:00,0.336
01/10/2023 14:30,0.336
01/10/2023 15:00,0.336
01/10/2023 15:30,0.336
01/10/2023 16:00,0.336
01/10/2023 16:30,0.336
01/10/2023 17:00,0.336
01/10/2023 17:30,0.336
01/10/2023 18:00,0.336
01/10/2023 18:30,0.336
01/10/2023 19:00,0.336
01/10/2023 19:30,0.336
01/10/2023 20:00,0.336
01/10/2023 20:30,0.336
01/10/2023 21:00,0.336
01/10/2023 21:30,0.336
01/10/2023 22:00,0.336
01/10/2023 22:30,0.336
01/10/2023 23:00,0.336
01/10/2023 23:30,0.336
01/11/2023 00:00,0.336
01/11/2023 00:30,0.336
01/11/2023 01:00,0.336
01/11/2023 01:30,0.336
01/11/2023 02:00,0.336
01/11/2023 02:30,0.336
01/11/2023 03:00,0.336
01/11/2023 03:30,0.336
01/11/2023 04:00,0.336
01/11/2023 04:30,0.336
01/11/2023 05:00,0.336
01/11/2023 05:30,0.336
01/11/2023 06:00,0.336
01/11/2023 06:30,0.336
01/11/2023 07:00,0.336
01/11/2023 07:30,0.336
01/11/2023 08:00,0.336
01/11/2023 08:30,0.336
01/11/2023 09:00,0.336
01/11/2023 09:30,0.336
01/11/2023 10:00,0.336
01/11/2023 10:30,0.336
01/11/2023 11:00,0.336
01/11/2023 11:30,0.336
01/11/2023 12:00,0.336
01/11/2023 12:30,0.336
01/11/2023 13:00,0.336
01/11/2023 13:30,0.336
01/11/2023 14:00,0.336
01/11/2023 14:30,0.336
01/11/2023 15:00,0.336
01/11/2023 15:30,0.336
01/11/2023 16:00,0.336
01/11/2023 16:30,0.336
01/11/2023 17:00,0.336
01/11/2023 17:30,0.336
01/11/2023 18:00,0.336
01/11/2023 18:30,0.336
01/11/2023 19:00,0.336
01/11/2023 19:30,0.336
01/11/2023 20:00,0.336
01/11/2023 20:30,0.336
01/11/2023 21:00,0.336
01/11/2023 21:30,0.336
01/11/2023 22:00,0.336
01/11/2023 22:30,0.336
01/11/2023 23:00,0.336
01/11/2023 23:30,0.336
01/12/2023 00:00,0.336
01/12/2023 00:30,0.336
01/12/2023 01:00,0.336
01/12/2023 01:30,0.336
01/12/2023 02:00,0.336
01/12/2023 02:30,0.336
01/12/2023 03:00,0.336
01/12/2023 03:30,0.336
01/12/2023 04:00,0.336
01/12/2023 04:30,0.336
01/12/2023 05:00,0.336
01/12/2023 05:30,0.336
01/12/2023 06:00,0.336
01/12/2023 06:30,0.336
01/12/2023 07:00,0.336
01/12/2023 07:30,0.336
01/12/2023 08:00,0.336
01/12/2023 08:30,0.336
01/12/2023 09:00,0.336
01/12/2023 09:30,0.336
01/12/2023 10:00,0.336
01/12/2023 10:30,0.336
01/12/2023 11:00,0.336
01/12/2023 11:30,0.336
01/12/2023 12:00,0.336
01/12/2023 12:30,0.336
01/12/2023 13:00,0.336
01/12/2023 13:30,0.336
01/12/2023 14:00,0.336
01/12/2023 14:30,0.336
01/12/2023 15:00,0.336
01/12/2023 15:30,0.336
01/12/2023 16:00,0.336
01/12/2023 16:30,0.336
01/12/2023 17:00,0.336
01/12/2023 17:30,0.336
01/12/2023 18:00,0.336
01/12/2023 18:30,0.336
01/12/2023 19:00,0.336
01/12/2023 19:30,0.336
01/12/2023 20:00,0.336
01/12/2023 20:30,0.336
01/12/2023 21:00,0.336
01/12/2023 21:30,0.336
01/12/2023 22:00,0.336
01/12/2023 22:30,0.336
01/12/2023 23:00,0.336
01/12/2023 23:30,0.336
01/13/2023 00:00,0.336
01/13/2023 00:30,0.336
01/13/2023 01:00,0.336
01/13/2023 01:30,0.336
01/13/2023 02:00,0.336
01/13/2023 02:30,0.336
01/13/2023 03:00,0.336
01/13/2023 03:30,0.336
01/13/2023 04:00,0.336
01/13/2023 04:30,0.336
01/13/2023 05:00,0.336
01/13/2023 05:30,0.336
01/13/2023 06:00,0.336
01/13/2023 06:30,0.336
01/13/2023 07:00,0.336
01/13/2023 07:30,0.336
01/13/2023 08:00,0.336
01/13/2023 08:30,0.336
01/13/2023 09:00,0.336
01/13/2023 09:30,0.336
01/13/2023 10:00,0.336
01/13/2023 10:30,0.336
01/13/2023 11:00,0.336
01/13/2023 11:30,0.336
01/13/2023 12:00,0.336
01/13/2023 12:30,0.336
01/13/2023 13:00,0.336
01/13/2023 13:30,0.336
01/13/2023 14:00,0.336
01/13/2023 14:30,0.336
01/13/2023 15:00,0.336
01/13/2023 15:30,0.336
01/13/2023 16:00,0.336
01/13/2023 16:30,0.336
01/13/2023 17:00,0.336
01/13/2023 17:30,0.336
01/13/2023 18:00,0.336
01/13/2023 18:30,0.336
01/13/2023 19:00,0.336
01/13/2023 19:30,0.336
01/13/2023 20:00,0.336
01/13/2023 20:30,0.336
01/13/2023 21:00,0.336
01/13/2023 21:30,0.336
01/13/2023 22:00,0.336
01/13/2023 22:30,0.336
01/13/2023 23:00,0.336
01/13/2023 23:30,0.336
01/14/2023 00:00,0.336
01/14/2023 00:30,0.336
01/14/2023 01:00,0.336
01/14/2023 01:30,0.336
01/14/2023 02:00,0.336
01/14/2023 02:30,0.336
01/14/2023 03:00,0.336
01/14/2023 03:30,0.336
01/14/2023 04:00,0.336
01/14/2023 04:30,0.336
01/14/2023 05:00,0.336
01/14/2023 05:30,0.336
01/14/2023 06:00,0.336
01/14/2023 06:30,0.336
01/14/2023 07:00,0.336
01/14/2023 07:30,0.336
01/14/2023 08:00,0.336
01/14/2023 08:30,0.336
01/14/2023 09:00,0.336
01/14/2023 09:30,0.336
01/14/2023 10:00,0.336
01/14/2023 10:30,0.336
01/14/2023 11:00,0.336
01/14/2023 11:30,0.336
01/14/2023 12:00,0.336
01/14/2023 12:30,0.336
01/14/2023 13:00,0.336
01/14/2023 13:30,0.336
01/14/2023 14:00,0.336
01/14/2023 14:30,0.336
01/14/2023 15:00,0.336
01/14/2023 15:30,0.336
01/14/2023 16:00,0.336
01/14/2023 16:30,0.336
01/14/2023 17:00,0.336
01/14/2023 17:30,0.336
01/14/2023 18:00,0.336
01/14/2023 18:30,0.336
01/14/2023 19:00,0.336
01/14/2023 19:30,0.336
01/14/2023 20:00,0.336
01/14/2023 20:30,0.336
01/14/2023 21:00,0.336
01/14/2023 21:30,0.336
01/14/2023 22:00,0.336
01/14/2023 22:30,0.336
01/14/2023 23:00,0.336
01/14/2023 23:30,0.336
01/15/2023 00:00,0.336
01/15/2023 00:30,0.336
01/15/2023 01:00,0.336
01/15/2023 01:30,0.336
01/15/2023 02:00,0.336
01/15/2023 02:30,0.336
01/15/2023 03:00,0.336
01/15/2023 03:30,0.336
01/15/2023 04:00,0.336
01/15/2023 04:30,0.336
01/15/2023 05:00,0.336
01/15/2023 05:30,0.336
01/15/2023 06:00,0.336
01/15/2023 06:30,0.336
01/15/2023 07:00,0.336
01/15/2023 07:30,0.336
01/15/2023 08:00,0.336
01/15/2023 08:30,0.336
01/15/2023 09:00,0.336
01/15/2023 09:30,0.336
01/15/2023 10:00,0.336
01/15/2023 10:30,0.336
01/15/2023 11:00,0.336
01/15/2023 11:30,0.336
01/15/2023 12:00,0.336
01/15/2023 12:30,0.336
01/15/2023 13:00,0.336
01/15/2023 13:30,0.336
01/15/2023 14:00,0.336
01/15/2023 14:30,0.336
01/15/2023 15:00,0.336
01/15/2023 15:30,0.336
01/15/2023 16:00,0.336
01/15/2023 16:30,0.336
01/15/2023 17:00,0.336
01/15/2023 17:30,0.336
01/15/2023 18:00,0.336
01/15/2023 18:30,0.336
01/15/2023 19:00,0.336
01/15/2023 19:30,0.336
01/15/2023 20:00,0.336
01/15/2023 20:30,0.336
01/15/2023 21:00,0.336
01/15/2023 21:30,0.336
01/15/2023 22:00,0.336
01/15/2023 22:30,0.336
01/15/2023 23:00,0.336
01/15/2023 23:30,0.336
01/16/2023 00:00,0.336
01/16/2023 00:30,0.336
01/16/2023 01:00,0.336
01/16/2023 01:30,0.336
01/16/2023 02:00,0.336
01/16/2023 02:30,0.336
01/16/2023 03:00,0.336
01/16/2023 03:30,0.336
01/16/2023 04:00,0.336
01/16/2023 04:30,0.336
01/16/2023 05:00,0.336
01/16/2023 05:30,0.336
01/16/2023 06:00,0.336
01/16/2023 06:30,0.336
01/16/2023 07:00,0.336
01/16/2023 07:30,0.336
01/16/2023 08:00,0.336
01/16/2023 08:30,0.336
01/16/2023 09:00,0.336
01/16/2023 09:30,0.336
01/16/2023 10:00,0.336
01/16/2023 10:30,0.336
01/16/2023 11:00,0.336
01/16/2023 11:30,0.336
01/16/2023 12:00,0.336
01/16/2023 12:30,0.336
01/16/2023 13:00,0.336
01/16/2023 13:30,0.336
01/16/2023 14:00,0.336
01/16/2023 14:30,0.336
01/16/2023 15:00,0.336
01/16/2023 15:30,0.336
01/16/2023 16:00,0.336
01/16/2023 16:30,0.336
01/16/2023 17:00,0.336
01/16/2023 17:30,0.336
01/16/2023 18:00,0.336
01/16/2023 18:30,0.336
01/16/2023 19:00,0.336
01/16/2023 19:30,0.336
01/16/2023 20:00,0.336
01/16/2023 20:30,0.336
01/16/2023 21:00,0.336
01/16/2023 21:30,0.336
01/16/2023 22:00,0.336
01/16/2023 22:30,0.336
01/16/2023 23:00,0.336
01/16/2023 23:30,0.336
01/17/2023 00:00,0.336
01/17/2023 00:30,0.336
01/17/2023 01:00,0.336
01/17/2023 01:30,0.336
01/17/2023 02:00,0.336
01/17/2023 02:30,0.336
01/17/2023 03:00,0.336
01/17/2023 03:30,0.336
01/17/2023 04:00,0.336
01/17/2023 04:30,0.336
01/17/2023 05:00,0.336
01/17/2023 05:30,0.336
01/17/2023 06:00,0.336
01/17/2023 06:30,0.336
01/17/2023 07:00,0.336
01/17/2023 07:30,0.336
01/17/2023 08:00,0.336
01/17/2023 08:30,0.336
01/17/2023 09:00,0.336
01/17/2023 09:30,0.336
01/17/2023 10:00,0.336
01/17/2023 10:30,0.336
01/17/2023 11:00,0.336
01/17/2023 11:30,0.336
01/17/2023 12:00,0.336
01/17/2023 12:30,0.336
01/17/2023 13:00,0.336
01/17/2023 13:30,0.336
01/17/2023 14:00,0.336
01/17/2023 14:30,0.336
01/17/2023 15:00,0.336
01/17/2023 15:30,0.336
01/17/2023 16:00,0.336
01/17/2023 16:30,0.336
01/17/2023 17:00,0.336
01/17/2023 17:30,0.336
01/17/2023 18:00,0.336
01/17/2023 18:30,0.336
01/17/2023 19:00,0.336
01/17/2023 19:30,0.336
01/17/2023 20:00,0.336
01/17/2023 20:30,0.336
01/17/2023 21:00,0.336
01/17/2023 21:30,0.336
01/17/2023 22:00,0.336
01/17/2023 22:30,0.336
01/17/2023 23:00,0.336
01/17/2023 23:30,0.336
01/18/2023 00:00,0.336
01/18/2023 00:30,0.336
01/18/2023 01:00,0.336
01/18/2023 01:30,0.336
01/18/2023 02:00,0.336
01/18/2023 02:30,0.336
01/18/2023 03:00,0.336
01/18/2023 03:30,0.336
01/18/2023 04:00,0.336
01/18/2023 04:30,0.336
01/18/2023 05:00,0.336
01/18/2023 05:30,0.336
01/18/2023 06:00,0.336
01/18/2023 06:30,0.336
01/18/2023 07:00,0.336
01/18/2023 07:30,0.336
01/18/2023 08:00,0.336
01/18/2023 08:30,0.336
01/18/2023 09:00,0.336
01/18/2023 09:30,0.336
01/18/2023 10:00,0.336
01/18/2023 10:30,0.336
01/18/2023 11:00,0.336
01/18/2023 11:30,0.336
01/18/2023 12:00,0.336
01/18/2023 12:30,0.336
01/18/2023 13:00,0.336
01/18/2023 13:30,0.336
01/18/2023 14:00,0.336
01/18/2023 14:30,0.336
01/18/2023 15:00,0.336
01/18/2023 15:30,0.336
01/18/2023 16:00,0.336
01/18/2023 16:30,0.336
01/18/2023 17:00,0.336
01/18/2023 17:30,0.336
01/18/2023 18:00,0.336
01/18/2023 18:30,0.336
01/18/2023 19:00,0.336
01/18/2023 19:30,0.336
01/18/2023 20:00,0.336
01/18/2023 20:30,0.336
01/18/2023 21:00,0.336
01/18/2023 21:30,0.336
01/18/2023 22:00,0.336
01/18/2023 22:30,0.336
01/18/2023 23:00,0.336
01/18/2023 23:30,0.336
01/19/2023 00:00,0.336
01/19/2023 00:30,0.336
01/19/2023 01:00,0.336
01/19/2023 01:30,0.336
01/19/2023 02:00,0.336
01/19/2023 02:30,0.336
01/19/2023 03:00,0.336
01/19/2023 03:30,0.336
01/19/2023 04:00,0.336
01/19/2023 04:30,0.336
01/19/2023 05:00,0.336
01/19/2023 05:30,0.336
01/19/2023 06:00,0.336
01/19/2023 06:30,0.336
01/19/2023 07:00,0.336
01/19/2023 07:30,0.336
01/19/2023 08:00,0.336
01/19/2023 08:30,0.336
01/19/2023 09:00,0.336
01/19/2023 09:30,0.336
01/19/2023 10:00,0.336
01/19/2023 10:30,0.336
01/19/2023 11:00,0.336
01/19/2023 11:30,0.336
01/19/2023 12:00,0.336
01/19/2023 12:30,0.336
01/19/2023 13:00,0.336
01/19/2023 13:30,0.336
01/19/2023 14:00,0.336
01/19/2023 14:30,0.336
01/19/2023 15:00,0.336
01/19/2023 15:30,0.336
01/19/2023 16:00,0.336
01/19/2023 16:30,0.336
01/19/2023 17:00,0.336
01/19/2023 17:30,0.336
01/19/2023 18:00,0.336
01/19/2023 18:30,0.336
01/19/2023 19:00,0.336
01/19/2023 19:30,0.336
01/19/2023 20:00,0.336
01/19/2023 20:30,0.336
01/19/2023 21:00,0.336
01/19/2023 21:30,0.336
01/19/2023 22:00,0.336
01/19/2023 22:30,0.336
01/19/2023 23:00,0.336
01/19/2023 23:30,0.336
01/20/2023 00:00,0.336
01/20/2023 00:30,0.336
01/20/2023 01:00,0.336
01/20/2023 01:30,0.336
01/20/2023 02:00,0.336
01/20/2023 02:30,0.336
01/20/2023 03:00,0.336
01/20/2023 03:30,0.336
01/20/2023 04:00,0.336
01/20/2023 04:30,0.336
01/20/2023 05:00,0.336
01/20/2023 05:30,0.336
01/20/2023 06:00,0.336
01/20/2023 06:30,0.336
01/20/2023 07:00,0.336
01/20/2023 07:30,0.336
01/20/2023 08:00,0.336
01/20/2023 08:30,0.336
01/20/2023 09:00,0.336
01/20/2023 09:30,0.336
01/20/2023 10:00,0.336
01/20/2023 10:30,0.336
01/20/2023 11:00,0.336
01/20/2023 11:30,0.336
01/20/2023 12:00,0.336
01/20/2023 12:30,0.336
01/20/2023 13:00,0.336
01/20/2023 13:30,0.336
01/20/2023 14:00,0.336
01/20/2023 14:30,0.336
01/20/2023 15:00,0.336
01/20/2023 15:30,0.336
01/20/2023 16:00,0.336
01/20/2023 16:30,0.336
01/20/2023 17:00,0.336
01/20/2023 17:30,0.336
01/20/2023 18:00,0.336
01/20/2023 18:30,0.336
01/20/2023 19:00,0.336
01/20/2023 19:30,0.336
01/20/2023 20:00,0.336
01/20/2023 20:30,0.336
01/20/2023 21:00,0.336
01/20/2023 21:30,0.336
01/20/2023 22:00,0.336
01/20/2023 22:30,0.336
01/20/2023 23:00,0.336
01/20/2023 23:30,0.336
01/21/2023 00:00,0.336
01/21/2023 00:30,0.336
01/21/2023 01:00,0.336
01/21/2023 01:30,0.336
01/21/2023 02:00,0.336
01/21/2023 02:30,0.336
01/21/2023 03:00,0.336
01/21/2023 03:30,0.336
01/21/2023 04:00,0.336
01/21/2023 04:30,0.336
01/21/2023 05:00,0.336
01/21/2023 05:30,0.336
01/21/2023 06:00,0.336
01/21/2023 06:30,0.336
01/21/2023 07:00,0.336
01/21/2023 07:30,0.336
01/21/2023 08:00,0.336
01/21/2023 08:30,0.336
01/21/2023 09:00,0.336
01/21/2023 09:30,0.336
01/21/2023 10:00,0.336
01/21/2023 10:30,0.336
01/21/2023 11:00,0.336
01/21/2023 11:30,0.336
01/21/2023 12:00,0.336
01/21/2023 12:30,0.336
01/21/2023 13:00,0.336
01/21/2023 13:30,0.336
01/21/2023 14:00,0.336
01/21/2023 14:30,0.336
01/21/2023 15:00,0.336
01/21/2023 15:30,0.336
01/21/2023 16:00,0.336
01/21/2023 16:30,0.336
01/21/2023 17:00,0.336
01/21/2023 17:30,0.336
01/21/2023 18:00,0.336
01/21/2023 18:30,0.336
01/21/2023 19:00,0.336
01/21/2023 19:30,0.336
01/21/2023 20:00,0.336
01/21/2023 20:30,0.336
01/21/2023 21:00,0.336
01/21/2023 21:30,0.336
01/21/2023 22:00,0.336
01/21/2023 22:30,0.336
01/21/2023 23:00,0.336
01/21/2023 23:30,0.336
01/22/2023 00:00,0.336
01/22/2023 00:30,0.336
01/22/2023 01:00,0.336
01/22/2023 01:30,0.336
01/22/2023 02:00,0.336
01/22/2023 02:30,0.336
01/22/2023 03:00,0.336
01/22/2023 03:30,0.336
01/22/2023 04:00,0.336
01/22/2023 04:30,0.336
01/22/2023 05:00,0.336
01/22/2023 05:30,0.336
01/22/2023 06:00,0.336
01/22/2023 06:30,0.336
01/22/2023 07:00,0.336
01/22/2023 07:30,0.336
01/22/2023 08:00,0.336
01/22/2023 08:30,0.336
01/22/2023 09:00,0.336
01/22/2023 09:30,0.336
01/22/2023 10:00,0.336
01/22/2023 10:30,0.336
01/22/2023 11:00,0.336
01/22/2023 11:30,0.336
01/22/2023 12:00,0.336
01/22/2023 12:30,0.336
01/22/2023 13:00,0.336
01/22/2023 13:30,0.336
01/22/2023 14:00,0.336
01/22/2023 14:30,0.336
01/22/2023 15:00,0.336
01/22/2023 15:30,0.336
01/22/2023 16:00,0.336
01/22/2023 16:30,0.336
01/22/2023 17:00,0.336
01/22/2023 17:30,0.336
01/22/2023 18:00,0.336
01/22/2023 18:30,0.336
01/22/2023 19:00,0.336
01/22/2023 19:30,0.336
01/22/2023 20:00,0.336
01/22/2023 20:30,0.336
01/22/2023 21:00,0.336
01/22/2023 21:30,0.336
01/22/2023 22:00,0.336
01/22/2023 22:30,0.336
01/22/2023 23:00,0.336
01/22/2023 23:30,0.336
01/23/2023 00:00,0.336
01/23/2023 00:30,0.336
01/23/2023 01:00,0.336
01/23/2023 01:30,0.336
01/23/2023 02:00,0.336
01/23/2023 02:30,0.336
01/23/2023 03:00,0.336
01/23/2023 03:30,0.336
01/23/2023 04:00,0.336
01/23/2023 04:30,0.336
01/23/2023 05:00,0.336
01/23/2023 05:30,0.336
01/23/2023 06:00,0.336
01/23/2023 06:30,0.336
01/23/2023 07:00,0.336
01/23/2023 07:30,0.336
01/23/2023 08:00,0.336
01/23/2023 08:30,0.336
01/23/2023 09:00,0.336
01/23/2023 09:30,0.336
01/23/2023 10:00,0.336
01/23/2023 10:30,0.336
01/23/2023 11:00,0.336
01/23/2023 11:30,0.336
01/23/2023 12:00,0.336
01/23/2023 12:30,0.336
01/23/2023 13:00,0.336
01/23/2023 13:30,0.336
01/23/2023 14:00,0.336
01/23/2023 14:30,0.336
01/23/2023 15:00,0.336
01/23/2023 15:30,0.336
01/23/2023 16:00,0.336
01/23/2023 16:30,0.336
01/23/2023 17:00,0.336
01/23/2023 17:30,0.336
01/23/2023 18:00,0.336
01/23/2023 18:30,0.336
01/23/2023 19:00,0.336
01/23/2023 19:30,0.336
01/23/2023 20:00,0.336
01/23/2023 20:30,0.336
01/23/2023 21:00,0.336
01/23/2023 21:30,0.336
01/23/2023 22:00,0.336
01/23/2023 22:30,0.336
01/23/2023 23:00,0.336
01/23/2023 23:30,0.336
01/24/2023 00:00,0.336
01/24/2023 00:30,0.336
01/24/2023 01:00,0.336
01/24/2023 01:30,0.336
01/24/2023 02:00,0.336
01/24/2023 02:30,0.336
01/24/2023 03:00,0.336
01/24/2023 03:30,0.336
01/24/2023 04:00,0.336
01/24/2023 04:30,0.336
01/24/2023 05:00,0.336
01/24/2023 05:30,0.336
01/24/2023 06:00,0.336
01/24/2023 06:30,0.336
01/24/2023 07:00,0.336
01/24/2023 07:30,0.336
01/24/2023 08:00,0.336
01/24/2023 08:30,0.336
01/24/2023 09:00,0.336
01/24/2023 09:30,0.336
01/24/2023 10:00,0.336
01/24/2023 10:30,0.336
01/24/2023 11:00,0.336
01/24/2023 11:30,0.336
01/24/2023 12:00,0.336
01/24/2023 12:30,0.336
01/24/2023 13:00,0.336
01/24/2023 13:30,0.336
01/24/2023 14:00,0.336
01/24/2023 14:30,0.336
01/24/2023 15:00,0.336
01/24/2023 15:30,0.336
01/24/2023 16:00,0.336
01/24/2023 16:30,0.336
01/24/2023 17:00,0.336
01/24/2023 17:30,0.336
01/24/2023 18:00,0.336
01/24/2023 18:30,0.336
01/24/2023 19:00,0.336
01/24/2023 19:30,0.336
01/24/2023 20:00,0.336
01/24/2023 20:30,0.336
01/24/2023 21:00,0.336
01/24/2023 21:30,0.336
01/24/2023 22:00,0.336
01/24/2023 22:30,0.336
01/24/2023 23:00,0.336
01/24/2023 23:30,0.336
01/25/2023 00:00,0.336
01/25/2023 00:30,0.336
01/25/2023 01:00,0.336
01/25/2023 01:30,0.336
01/25/2023 02:00,0.336
01/25/2023 02:30,0.336
01/25/2023 03:00,0.336
01/25/2023 03:30,0.336
01/25/2023 04:00,0.336
01/25/2023 04:30,0.336
01/25/2023 05:00,0.336
01/25/2023 05:30,0.336
01/25/2023 06:00,0.336
01/25/2023 06:30,0.336
01/25/2023 07:00,0.336
01/25/2023 07:30,0.336
01/25/2023 08:00,0.336
01/25/2023 08:30,0.336
01/25/2023 09:00,0.336
01/25/2023 09:30,0.336
01/25/2023 10:00,0.336
01/25/2023 10:30,0.336
01/25/2023 11:00,0.336
01/25/2023 11:30,0.336
01/25/2023 12:00,0.336
01/25/2023 12:30,0.336
01/25/2023 13:00,0.336
01/25/2023 13:30,0.336
01/25/2023 14:00,0.336
01/25/2023 14:30,0.336
01/25/2023 15:00,0.336
01/25/2023 15:30,0.336
01/25/2023 16:00,0.336
01/25/2023 16:30,0.336
01/25/2023 17:00,0.336
01/25/2023 17:30,0.336
01/25/2023 18:00,0.336
01/25/2023 18:30,0.336
01/25/2023 19:00,0.336
01/25/2023 19:30,0.336
01/25/2023 20:00,0.336
01/25/2023 20:30,0.336
01/25/2023 21:00,0.336
01/25/2023 21:30,0.336
01/25/2023 22:00,0.336
01/25/2023 22:30,0.336
01/25/2023 23:00,0.336
01/25/2023 23:30,0.336
01/26/2023 00:00,0.336
01/26/2023 00:30,0.336
01/26/2023 01:00,0.336
01/26/2023 01:30,0.336
01/26/2023 02:00,0.336
01/26/2023 02:30,0.336
01/26/2023 03:00,0.336
01/26/2023 03:30,0.336
01/26/2023 04:00,0.336
01/26/2023 04:30,0.336
01/26/2023 05:00,0.336
01/26/2023 05:30,0.336
01/26/2023 06:00,0.336
01/26/2023 06:30,0.336
01/26/2023 07:00,0.336
01/26/2023 07:30,0.336
01/26/2023 08:00,0.336
01/26/2023 08:30,0.336
01/26/2023 09:00,0.336
01/26/2023 09:30,0.336
01/26/2023 10:00,0.336
01/26/2023 10:30,0.336
01/26/2023 11:00,0.336
01/26/2023 11:30,0.336
01/26/2023 12:00,0.336
01/26/2023 12:30,0.336
01/26/2023 13:00,0.336
01/26/2023 13:30,0.336
01/26/2023 14:00,0.336
01/26/2023 14:30,0.336
01/26/2023 15:00,0.336
01/26/2023 15:30,0.336
01/26/2023 16:00,0.336
01/26/2023 16:30,0.336
01/26/2023 17:00,0.336
01/26/2023 17:30,0.336
01/26/2023 18:00,0.336
01/26/2023 18:30,0.336
01/26/2023 19:00,0.336
01/26/2023 19:30,0.336
01/26/2023 20:00,0.336
01/26/2023 20:30,0.336
01/26/2023 21:00,0.336
01/26/2023 21:30,0.336
01/26/2023 22:00,0.336
01/26/2023 22:30,0.336
01/26/2023 23:00,0.336
01/26/2023 23:30,0.336
01/27/2023 00:00,0.118
01/27/2023 00:30,0.118
01/27/2023 01:00,0.118
01/27/2023 01:30,0.118
01/27/2023 02:00,0.118
01/27/2023 02:30,0.118
01/27/2023 03:00,0.118
01/27/2023 03:30,0.118
01/27/2023 04:00,0.118
01/27/2023 04:30,0.118
01/27/2023 05:00,0.118
01/27/2023 05:30,0.118
01/27/2023 06:00,0.118
01/27/2023 06:30,0.118
01/27/2023 07:00,0.118
01/27/2023 07:30,0.118
01/27/2023 08:00,0.118
01/27/2023 08:30,0.118
01/27/2023 09:00,0.118
01/27/2023 09:30,0.118
01/27/2023 10:00,0.118
01/27/2023 10:30,0.118
01/27/2023 11:00,0.118
01/27/2023 11:30,0.118
01/27/2023 12:00,0.118
01/27/2023 12:30,0.118
01/27/2023 13:00,0.118
01/27/2023 13:30,0.118
01/27/2023 14:00,0.118
01/27/2023 14:30,0.118
01/27/2023 15:00,0.118
01/27/2023 15:30,0.118
01/27/2023 16:00,0.118
01/27/2023 16:30,0.118
01/27/2023 17:00,0.118
01/27/2023 17:30,0.118
01/27/2023 18:00,0.118
01/27/2023 18:30,0.118
01/27/2023 19:00,0.118
01/27/2023 19:30,0.118
01/27/2023 20:00,0.118
01/27/2023 20:30,0.118
01/27/2023 21:00,0.118
01/27/2023 21:30,0.118
01/27/2023 22:00,0.118
01/27/2023 22:30,0.118
01/27/2023 23:00,0.118
01/27/2023 23:30,0.118
01/28/2023 00:00,0.118
01/28/2023 00:30,0.118
01/28/2023 01:00,0.118
01/28/2023 01:30,0.118
01/28/2023 02:00,0.118
01/28/2023 02:30,0.118
01/28/2023 03:00,0.118
01/28/2023 03:30,0.118
01/28/2023 04:00,0.118
01/28/2023 04:30,0.118
01/28/2023 05:00,0.118
01/28/2023 05:30,0.118
01/28/2023 06:00,0.118
01/28/2023 06:30,0.118
01/28/2023 07:00,0.118
01/28/2023 07:30,0.118
01/28/2023 08:00,0.118
01/28/2023 08:30,0.118
01/28/2023 09:00,0.118
01/28/2023 09:30,0.118
01/28/2023 10:00,0.118
01/28/2023 10:30,0.118
01/28/2023 11:00,0.118
01/28/2023 11:30,0.118
01/28/2023 12:00,0.118
01/28/2023 12:30,0.118
01/28/2023 13:00,0.118
01/28/2023 13:30,0.118
01/28/2023 14:00,0.118
01/28/2023 14:30,0.118
01/28/2023 15:00,0.118
01/28/2023 15:30,0.118
01/28/2023 16:00,0.118
01/28/2023 16:30,0.118
01/28/2023 17:00,0.118
01/28/2023 17:30,0.118
01/28/2023 18:00,0.118
01/28/2023 18:30,0.118
01/28/2023 19:00,0.118
01/28/2023 19:30,0.118
01/28/2023 20:00,0.118
01/28/2023 20:30,0.118
01/28/2023 21:00,0.118
01/28/2023 21:30,0.118
01/28/2023 22:00,0.118
01/28/2023 22:30,0.118
01/28/2023 23:00,0.118
01/28/2023 23:30,0.118
01/29/2023 00:00,0.118
01/29/2023 00:30,0.118
01/29/2023 01:00,0.118
01/29/2023 01:30,0.118
01/29/2023 02:00,0.118
01/29/2023 02:30,0.118
01/29/2023 03:00,0.118
01/29/2023 03:30,0.118
01/29/2023 04:00,0.118
01/29/2023 04:30,0.118
01/29/2023 05:00,0.118
01/29/2023 05:30,0.118
01/29/2023 06:00,0.118
01/29/2023 06:30,0.118
01/29/2023 07:00,0.118
01/29/2023 07:30,0.118
01/29/2023 08:00,0.118
01/29/2023 08:30,0.118
01/29/2023 09:00,0.118
01/29/2023 09:30,0.118
01/29/2023 10:00,0.118
01/29/2023 10:30,0.118
01/29/2023 11:00,0.118
01/29/2023 11:30,0.118
01/29/2023 12:00,0.118
01/29/2023 12:30,0.118
01/29/2023 13:00,0.118
01/29/2023 13:30,0.118
01/29/2023 14:00,0.118
01/29/2023 14:30,0.118
01/29/2023 15:00,0.118
01/29/2023 15:30,0.118
01/29/2023 16:00,0.118
01/29/2023 16:30,0.118
01/29/2023 17:00,0.118
01/29/2023 17:30,0.118
01/29/2023 18:00,0.118
01/29/2023 18:30,0.118
01/29/2023 19:00,0.118
01/29/2023 19:30,0.118
01/29/2023 20:00,0.118
01/29/2023 20:30,0.118
01/29/2023 21:00,0.118
01/29/2023 21:30,0.118
01/29/2023 22:00,0.118
01/29/2023 22:30,0.118
01/29/2023 23:00,0.118
01/29/2023 23:30,0.118
01/30/2023 00:00,0.118
01/30/2023 00:30,0.118
01/30/2023 01:00,0.118
01/30/2023 01:30,0.118
01/30/2023 02:00,0.118
01/30/2023 02:30,0.118
01/30/2023 03:00,0.118
01/30/2023 03:30,0.118
01/30/2023 04:00,0.118
01/30/2023 04:30,0.118
01/30/2023 05:00,0.118
01/30/2023 05:30,0.118
01/30/2023 06:00,0.118
01/30/2023 06:30,0.118
01/30/2023 07:00,0.118
01/30/2023 07:30,0.118
01/30/2023 08:00,0.118
01/30/2023 08:30,0.118
01/30/2023 09:00,0.118
01/30/2023 09:30,0.118
01/30/2023 10:00,0.118
01/30/2023 10:30,0.118
01/30/2023 11:00,0.118
01/30/2023 11:30,0.118
01/30/2023 12:00,0.118
01/30/2023 12:30,0.118
01/30/2023 13:00,0.118
01/30/2023 13:30,0.118
01/30/2023 14:00,0.118
01/30/2023 14:30,0.118
01/30/2023 15:00,0.118
01/30/2023 15:30,0.118
01/30/2023 16:00,0.118
01/30/2023 16:30,0.118
01/30/2023 17:00,0.118
01/30/2023 17:30,0.118
01/30/2023 18:00,0.118
01/30/2023 18:30,0.118
01/30/2023 19:00,0.118
01/30/2023 19:30,0.118
01/30/2023 20:00,0.118
01/30/2023 20:30,0.118
01/30/2023 21:00,0.118
01/30/2023 21:30,0.118
01/30/2023 22:00,0.118
01/30/2023 22:30,0.118
01/30/2023 23:00,0.118
01/30/2023 23:30,0.118
01/31/2023 00:00,0.118
01/31/2023 00:30,0.118
01/31/2023 01:00,0.118
01/31/2023 01:30,0.118
01/31/2023 02:00,0.118
01/31/2023 02:30,0.118
01/31/2023 03:00,0.118
01/31/2023 03:30,0.118
01/31/2023 04:00,0.118
01/31/2023 04:30,0.118
01/31/2023 05:00,0.118
01/31/2023 05:30,0.118
01/31/2023 06:00,0.118
01/31/2023 06:30,0.118
01/31/2023 07:00,0.118
01/31/2023 07:30,0.118
01/31/2023 08:00,0.118
01/31/2023 08:30,0.118
01/31/2023 09:00,0.118
01/31/2023 09:30,0.118
01/31/2023 10:00,0.118
01/31/2023 10:30,0.118
01/31/2023 11:00,0.118
01/31/2023 11:30,0.118
01/31/2023 12:00,0.118
01/31/2023 12:30,0.118
01/31/2023 13:00,0.118
01/31/2023 13:30,0.118
01/31/2023 14:00,0.118
01/31/2023 14:30,0.118
01/31/2023 15:00,0.118
01/31/2023 15:30,0.118
01/31/2023 16:00,0.118
01/31/2023 16:30,0.118
01/31/2023 17:00,0.118
01/31/2023 17:30,0.118
01/31/2023 18:00,0.118
01/31/2023 18:30,0.118
01/31/2023 19:00,0.118
01/31/2023 19:30,0.118
01/31/2023 20:00,0.118
01/31/2023 20:30,0.118
01/31/2023 21:00,0.118
01/31/2023 21:30,0.118
01/31/2023 22:00,0.118
01/31/2023 22:30,0.118
01/31/2023 23:00,0.118
01/31/2023 23:30,0.118
02/01/2023 00:00,0.118
02/01/2023 00:30,0.118
02/01/2023 01:00,0.118
02/01/2023 01:30,0.118
02/01/2023 02:00,0.118
02/01/2023 02:30,0.118
02/01/2023 03:00,0.118
02/01/2023 03:30,0.118
02/01/2023 04:00,0.118
02/01/2023 04:30,0.118
02/01/2023 05:00,0.118
02/01/2023 05:30,0.118
02/01/2023 06:00,0.118
02/01/2023 06:30,0.118
02/01/2023 07:00,0.118
02/01/2023 07:30,0.118
02/01/2023 08:00,0.118
02/01/2023 08:30,0.118
02/01/2023 09:00,0.118
02/01/2023 09:30,0.118
02/01/2023 10:00,0.118
02/01/2023 10:30,0.118
02/01/2023 11:00,0.118
02/01/2023 11:30,0.118
02/01/2023 12:00,0.118
02/01/2023 12:30,0.118
02/01/2023 13:00,0.118
02/01/2023 13:30,0.118
02/01/2023 14:00,0.118
02/01/2023 14:30,0.118
02/01/2023 15:00,0.118
02/01/2023 15:30,0.118
02/01/2023 16:00,0.118
02/01/2023 16:30,0.118
02/01/2023 17:00,0.118
02/01/2023 17:30,0.118
02/01/2023 18:00,0.118
02/01/2023 18:30,0.118
02/01/2023 19:00,0.118
02/01/2023 19:30,0.118
02/01/2023 20:00,0.118
02/01/2023 20:30,0.118
02/01/2023 21:00,0.118
02/01/2023 21:30,0.118
02/01/2023 22:00,0.118
02/01/2023 22:30,0.118
02/01/2023 23:00,0.118
02/01/2023 23:30,0.118
02/02/2023 00:00,0.118
02/02/2023 00:30,0.118
02/02/2023 01:00,0.118
02/02/2023 01:30,0.118
02/02/2023 02:00,0.118
02/02/2023 02:30,0.118
02/02/2023 03:00,0.118
02/02/2023 03:30,0.118
02/02/2023 04:00,0.118
02/02/2023 04:30,0.118
02/02/2023 05:00,0.118
02/02/2023 05:30,0.118
02/02/2023 06:00,0.118
02/02/2023 06:30,0.118
02/02/2023 07:00,0.118
02/02/2023 07:30,0.118
02/02/2023 08:00,0.118
02/02/2023 08:30,0.118
02/02/2023 09:00,0.118
02/02/2023 09:30,0.118
02/02/2023 10:00,0.118
02/02/2023 10:30,0.118
02/02/2023 11:00,0.118
02/02/2023 11:30,0.118
02/02/2023 12:00,0.118
02/02/2023 12:30,0.118
02/02/2023 13:00,0.118
02/02/2023 13:30,0.118
02/02/2023 14:00,0.118
02/02/2023 14:30,0.118
02/02/2023 15:00,0.118
02/02/2023 15:30,0.118
02/02/2023 16:00,0.118
02/02/2023 16:30,0.118
02/02/2023 17:00,0.118
02/02/2023 17:30,0.118
02/02/2023 18:00,0.118
02/02/2023 18:30,0.118
02/02/2023 19:00,0.118
02/02/2023 19:30,0.118
02/02/2023 20:00,0.118
02/02/2023 20:30,0.118
02/02/2023 21:00,0.118
02/02/2023 21:30,0.118
02/02/2023 22:00,0.118
02/02/2023 22:30,0.118
02/02/2023 23:00,0.118
02/02/2023 23:30,0.118
02/03/2023 00:00,0.118
02/03/2023 00:30,0.118
02/03/2023 01:00,0.118
02/03/2023 01:30,0.118
02/03/2023 02:00,0.118
02/03/2023 02:30,0.118
02/03/2023 03:00,0.118
02/03/2023 03:30,0.118
02/03/2023 04:00,0.118
02/03/2023 04:30,0.118
02/03/2023 05:00,0.118
02/03/2023 05:30,0.118
02/03/2023 06:00,0.118
02/03/2023 06:30,0.118
02/03/2023 07:00,0.118
02/03/2023 07:30,0.118
02/03/2023 08:00,0.118
02/03/2023 08:30,0.118
02/03/2023 09:00,0.118
02/03/2023 09:30,0.118
02/03/2023 10:00,0.118
02/03/2023 10:30,0.118
02/03/2023 11:00,0.118
02/03/2023 11:30,0.118
02/03/2023 12:00,0.118
02/03/2023 12:30,0.118
02/03/2023 13:00,0.118
02/03/2023 13:30,0.118
02/03/2023 14:00,0.118
02/03/2023 14:30,0.118
02/03/2023 15:00,0.118
02/03/2023 15:30,0.118
02/03/2023 16:00,0.118
02/03/2023 16:30,0.118
02/03/2023 17:00,0.118
02/03/2023 17:30,0.118
02/03/2023 18:00,0.118
02/03/2023 18:30,0.118
02/03/2023 19:00,0.118
02/03/2023 19:30,0.118
02/03/2023 20:00,0.118
02/03/2023 20:30,0.118
02/03/2023 21:00,0.118
02/03/2023 21:30,0.118
02/03/2023 22:00,0.118
02/03/2023 22:30,0.118
02/03/2023 23:00,0.118
02/03/2023 23:30,0.118
02/04/2023 00:00,0.0
02/04/2023 00:30,0.0
02/04/2023 01:00,0.0
02/04/2023 01:30,0.0
02/04/2023 02:00,0.0
02/04/2023 02:30,0.0
02/04/2023 03:00,0.0
02/04/2023 03:30,0.0
02/04/2023 04:00,0.0
02/04/2023 04:30,0.0
02/04/2023 05:00,0.0
02/04/2023 05:30,0.0
02/04/2023 06:00,0.0
02/04/2023 06:30,0.0
02/04/2023 07:00,0.0
02/04/2023 07:30,0.0
02/04/2023 08:00,0.0
02/04/2023 08:30,0.0
02/04/2023 09:00,0.0
02/04/2023 09:30,0.0
02/04/2023 10:00,0.0
02/04/2023 10:30,0.0
02/04/2023 11:00,0.0
02/04/2023 11:30,0.0
02/04/2023 12:00,0.0
02/04/2023 12:30,0.0
02/04/2023 13:00,0.0
02/04/2023 13:30,0.0
02/04/2023 14:00,0.0
02/04/2023 14:30,0.0
02/04/2023 15:00,0.0
02/04/2023 15:30,0.0
02/04/2023 16:00,0.0
02/04/2023 16:30,0.0
02/04/2023 17:00,0.0
02/04/2023 17:30,0.0
02/04/2023 18:00,0.0
02/04/2023 18:30,0.0
02/04/2023 19:00,0.0
02/04/2023 19:30,0.0
02/04/2023 20:00,0.0
02/04/2023 20:30,0.0
02/04/2023 21:00,0.0
02/04/2023 21:30,0.0
02/04/2023 22:00,0.0
02/04/2023 22:30,0.0
02/04/2023 23:00,0.0
02/04/2023 23:30,0.0
02/05/2023 00:00,0.0
02/05/2023 00:30,0.0
02/05/2023 01:00,0.0
02/05/2023 01:30,0.0
02/05/2023 02:00,0.0
02/05/2023 02:30,0.0
02/05/2023 03:00,0.0
02/05/2023 03:30,0.0
02/05/2023 04:00,0.0
02/05/2023 04:30,0.0
02/05/2023 05:00,0.0
02/05/2023 05:30,0.0
02/05/2023 06:00,0.0
02/05/2023 06:30,0.0
02/05/2023 07:00,0.0
02/05/2023 07:30,0.0
02/05/2023 08:00,0.0
02/05/2023 08:30,0.0
02/05/2023 09:00,0.0
02/05/2023 09:30,0.0
02/05/2023 10:00,0.0
02/05/2023 10:30,0.0
02/05/2023 11:00,0.0
02/05/2023 11:30,0.0
02/05/2023 12:00,0.0
02/05/2023 12:30,0.0
02/05/2023 13:00,0.0
02/05/2023 13:30,0.0
02/05/2023 14:00,0.0
02/05/2023 14:30,0.0
02/05/2023 15:00,0.0
02/05/2023 15:30,0.0
02/05/2023 16:00,0.0
02/05/2023 16:30,0.0
02/05/2023 17:00,0.0
02/05/2023 17:30,0.0
02/05/2023 18:00,0.0
02/05/2023 18:30,0.0
02/05/2023 19:00,0.0
02/05/2023 19:30,0.0
02/05/2023 20:00,0.0
02/05/2023 20:30,0.0
02/05/2023 21:00,0.0
02/05/2023 21:30,0.0
02/05/2023 22:00,0.0
02/05/2023 22:30,0.0
02/05/2023 23:00,0.0
02/05/2023 23:30,0.0
02/06/2023 00:00,0.0
02/06/2023 00:30,0.0
02/06/2023 01:00,0.0
02/06/2023 01:30,0.0
02/06/2023 02:00,0.0
02/06/2023 02:30,0.0
02/06/2023 03:00,0.0
02/06/2023 03:30,0.0
02/06/2023 04:00,0.0
02/06/2023 04:30,0.0
02/06/2023 05:00,0.0
02/06/2023 05:30,0.0
02/06/2023 06:00,0.0
02/06/2023 06:30,0.0
02/06/2023 07:00,0.0
02/06/2023 07:30,0.0
02/06/2023 08:00,0.0
02/06/2023 08:30,0.0
02/06/2023 09:00,0.0
02/06/2023 09:30,0.0
02/06/2023 10:00,0.0
02/06/2023 10:30,0.0
02/06/2023 11:00,0.0
02/06/2023 11:30,0.0
02/06/2023 12:00,0.0
02/06/2023 12:30,0.0
02/06/2023 13:00,0.0
02/06/2023 13:30,0.0
02/06/2023 14:00,0.0
02/06/2023 14:30,0.0
02/06/2023 15:00,0.0
02/06/2023 15:30,0.0
02/06/2023 16:00,0.0
02/06/2023 16:30,0.0
02/06/2023 17:00,0.0
02/06/2023 17:30,0.0
02/06/2023 18:00,0.0
02/06/2023 18:30,0.0
02/06/2023 19:00,0.0
02/06/2023 19:30,0.0
02/06/2023 20:00,0.0
02/06/2023 20:30,0.0
02/06/2023 21:00,0.0
02/06/2023 21:30,0.0
02/06/2023 22:00,0.0
02/06/2023 22:30,0.0
02/06/2023 23:00,0.0
02/06/2023 23:30,0.0
02/07/2023 00:00,0.0
02/07/2023 00:30,0.0
02/07/2023 01:00,0.0
02/07/2023 01:30,0.0
02/07/2023 02:00,0.0
02/07/2023 02:30,0.0
02/07/2023 03:00,0.0
02/07/2023 03:30,0.0
02/07/2023 04:00,0.0
02/07/2023 04:30,0.0
02/07/2023 05:00,0.0
02/07/2023 05:30,0.0
02/07/2023 06:00,0.0
02/07/2023 06:30,0.0
02/07/2023 07:00,0.0
02/07/2023 07:30,0.0
02/07/2023 08:00,0.0
02/07/2023 08:30,0.0
02/07/2023 09:00,0.0
02/07/2023 09:30,0.0
02/07/2023 10:00,0.0
02/07/2023 10:30,0.0
02/07/2023 11:00,0.0
02/07/2023 11:30,0.0
02/07/2023 12:00,0.0
02/07/2023 12:30,0.0
02/07/2023 13:00,0.0
02/07/2023 13:30,0.0
02/07/2023 14:00,0.0
02/07/2023 14:30,0.0
02/07/2023 15:00,0.0
02/07/2023 15:30,0.0
02/07/2023 16:00,0.0
02/07/2023 16:30,0.0
02/07/2023 17:00,0.0
02/07/2023 17:30,0.0
02/07/2023 18:00,0.0
02/07/2023 18:30,0.0
02/07/2023 19:00,0.0
02/07/2023 19:30,0.0
02/07/2023 20:00,0.0
02/07/2023 20:30,0.0
02/07/2023 21:00,0.0
02/07/2023 21:30,0.0
02/07/2023 22:00,0.0
02/07/2023 22:30,0.0
02/07/2023 23:00,0.0
02/07/2023 23:30,0.0
02/08/2023 00:00,0.0
02/08/2023 00:30,0.0
02/08/2023 01:00,0.0
02/08/2023 01:30,0.0
02/08/2023 02:00,0.0
02/08/2023 02:30,0.0
02/08/2023 03:00,0.0
02/08/2023 03:30,0.0
02/08/2023 04:00,0.0
02/08/2023 04:30,0.0
02/08/2023 05:00,0.0
02/08/2023 05:30,0.0
02/08/2023 06:00,0.0
02/08/2023 06:30,0.0
02/08/2023 07:00,0.0
02/08/2023 07:30,0.0
02/08/2023 08:00,0.0
02/08/2023 08:30,0.0
02/08/2023 09:00,0.0
02/08/2023 09:30,0.0
02/08/2023 10:00,0.0
02/08/2023 10:30,0.0
02/08/2023 11:00,0.0
02/08/2023 11:30,0.0
02/08/2023 12:00,0.0
02/08/2023 12:30,0.0
02/08/2023 13:00,0.0
02/08/2023 13:30,0.0
02/08/2023 14:00,0.0
02/08/2023 14:30,0.0
02/08/2023 15:00,0.0
02/08/2023 15:30,0.0
02/08/2023 16:00,0.0
02/08/2023 16:30,0.0
02/08/2023 17:00,0.0
02/08/2023 17:30,0.0
02/08/2023 18:00,0.0
02/08/2023 18:30,0.0
02/08/2023 19:00,0.0
02/08/2023 19:30,0.0
02/08/2023 20:00,0.0
02/08/2023 20:30,0.0
02/08/2023 21:00,0.0
02/08/2023 21:30,0.0
02/08/2023 22:00,0.0
02/08/2023 22:30,0.0
02/08/2023 23:00,0.0
02/08/2023 23:30,0.0
02/09/2023 00:00,0.0
02/09/2023 00:30,0.0
02/09/2023 01:00,0.0
02/09/2023 01:30,0.0
02/09/2023 02:00,0.0
02/09/2023 02:30,0.0
02/09/2023 03:00,0.0
02/09/2023 03:30,0.0
02/09/2023 04:00,0.0
02/09/2023 04:30,0.0
02/09/2023 05:00,0.0
02/09/2023 05:30,0.0
02/09/2023 06:00,0.0
02/09/2023 06:30,0.0
02/09/2023 07:00,0.0
02/09/2023 07:30,0.0
02/09/2023 08:00,0.0
02/09/2023 08:30,0.0
02/09/2023 09:00,0.0
02/09/2023 09:30,0.0
02/09/2023 10:00,0.0
02/09/2023 10:30,0.0
02/09/2023 11:00,0.0
02/09/2023 11:30,0.0
02/09/2023 12:00,0.0
02/09/2023 12:30,0.0
02/09/2023 13:00,0.0
02/09/2023 13:30,0.0
02/09/2023 14:00,0.0
02/09/2023 14:30,0.0
02/09/2023 15:00,0.0
02/09/2023 15:30,0.0
02/09/2023 16:00,0.0
02/09/2023 16:30,0.0
02/09/2023 17:00,0.0
02/09/2023 17:30,0.0
02/09/2023 18:00,0.0
02/09/2023 18:30,0.0
02/09/2023 19:00,0.0
02/09/2023 19:30,0.0
02/09/2023 20:00,0.0
02/09/2023 20:30,0.0
02/09/2023 21:00,0.0
02/09/2023 21:30,0.0
02/09/2023 22:00,0.0
02/09/2023 22:30,0.0
02/09/2023 23:00,0.0
02/09/2023 23:30,0.0
02/10/2023 00:00,0.0
02/10/2023 00:30,0.0
02/10/2023 01:00,0.0
02/10/2023 01:30,0.0
02/10/2023 02:00,0.0
02/10/2023 02:30,0.0
02/10/2023 03:00,0.0
02/10/2023 03:30,0.0
02/10/2023 04:00,0.0
02/10/2023 04:30,0.0
02/10/2023 05:00,0.0
02/10/2023 05:30,0.0
02/10/2023 06:00,0.0
02/10/2023 06:30,0.0
02/10/2023 07:00,0.0
02/10/2023 07:30,0.0
02/10/2023 08:00,0.0
02/10/2023 08:30,0.0
02/10/2023 09:00,0.0
02/10/2023 09:30,0.0
02/10/2023 10:00,0.0
02/10/2023 10:30,0.0
02/10/2023 11:00,0.0
02/10/2023 11:30,0.0
02/10/2023 12:00,0.0
02/10/2023 12:30,0.0
02/10/2023 13:00,0.0
02/10/2023 13:30,0.0
02/10/2023 14:00,0.0
02/10/2023 14:30,0.0
02/10/2023 15:00,0.0
02/10/2023 15:30,0.0
02/10/2023 16:00,0.0
02/10/2023 16:30,0.0
02/10/2023 17:00,0.0
02/10/2023 17:30,0.0
02/10/2023 18:00,0.0
02/10/2023 18:30,0.0
02/10/2023 19:00,0.0
02/10/2023 19:30,0.0
02/10/2023 20:00,0.0
02/10/2023 20:30,0.0
02/10/2023 21:00,0.0
02/10/2023 21:30,0.0
02/10/2023 22:00,0.0
02/10/2023 22:30,0.0
02/10/2023 23:00,0.0
02/10/2023 23:30,0.0
02/11/2023 00:00,0.0
02/11/2023 00:30,0.0
02/11/2023 01:00,0.0
02/11/2023 01:30,0.0
02/11/2023 02:00,0.0
02/11/2023 02:30,0.0
02/11/2023 03:00,0.0
02/11/2023 03:30,0.0
02/11/2023 04:00,0.0
02/11/2023 04:30,0.0
02/11/2023 05:00,0.0
02/11/2023 05:30,0.0
02/11/2023 06:00,0.0
02/11/2023 06:30,0.0
02/11/2023 07:00,0.0
02/11/2023 07:30,0.0
02/11/2023 08:00,0.0
02/11/2023 08:30,0.0
02/11/2023 09:00,0.0
02/11/2023 09:30,0.0
02/11/2023 10:00,0.0
02/11/2023 10:30,0.0
02/11/2023 11:00,0.0
02/11/2023 11:30,0.0
02/11/2023 12:00,0.0
02/11/2023 12:30,0.0
02/11/2023 13:00,0.0
02/11/2023 13:30,0.0
02/11/2023 14:00,0.0
02/11/2023 14:30,0.0
02/11/2023 15:00,0.0
02/11/2023 15:30,0.0
02/11/2023 16:00,0.0
02/11/2023 16:30,0.0
02/11/2023 17:00,0.0
02/11/2023 17:30,0.0
02/11/2023 18:00,0.0
02/11/2023 18:30,0.0
02/11/2023 19:00,0.0
02/11/2023 19:30,0.0
02/11/2023 20:00,0.0
02/11/2023 20:30,0.0
02/11/2023 21:00,0.0
02/11/2023 21:30,0.0
02/11/2023 22:00,0.0
02/11/2023 22:30,0.0
02/11/2023 23:00,0.0
02/11/2023 23:30,0.0
02/12/2023 00:00,0.0
02/12/2023 00:30,0.0
02/12/2023 01:00,0.0
02/12/2023 01:30,0.0
02/12/2023 02:00,0.0
02/12/2023 02:30,0.0
02/12/2023 03:00,0.0
02/12/2023 03:30,0.0
02/12/2023 04:00,0.0
02/12/2023 04:30,0.0
02/12/2023 05:00,0.0
02/12/2023 05:30,0.0
02/12/2023 06:00,0.0
02/12/2023 06:30,0.0
02/12/2023 07:00,0.0
02/12/2023 07:30,0.0
02/12/2023 08:00,0.0
02/12/2023 08:30,0.0
02/12/2023 09:00,0.0
02/12/2023 09:30,0.0
02/12/2023 10:00,0.0
02/12/2023 10:30,0.0
02/12/2023 11:00,0.0
02/12/2023 11:30,0.0
02/12/2023 12:00,0.0
02/12/2023 12:30,0.0
02/12/2023 13:00,0.0
02/12/2023 13:30,0.0
02/12/2023 14:00,0.0
02/12/2023 14:30,0.0
02/12/2023 15:00,0.0
02/12/2023 15:30,0.0
02/12/2023 16:00,0.0
02/12/2023 16:30,0.0
02/12/2023 17:00,0.0
02/12/2023 17:30,0.0
02/12/2023 18:00,0.0
02/12/2023 18:30,0.0
02/12/2023 19:00,0.0
02/12/2023 19:30,0.0
02/12/2023 20:00,0.0
02/12/2023 20:30,0.0
02/12/2023 21:00,0.0
02/12/2023 21:30,0.0
02/12/2023 22:00,0.0
02/12/2023 22:30,0.0
02/12/2023 23:00,0.0
02/12/2023 23:30,0.0
02/13/2023 00:00,0.0
02/13/2023 00:30,0.0
02/13/2023 01:00,0.0
02/13/2023 01:30,0.0
02/13/2023 02:00,0.0
02/13/2023 02:30,0.0
02/13/2023 03:00,0.0
02/13/2023 03:30,0.0
02/13/2023 04:00,0.0
02/13/2023 04:30,0.0
02/13/2023 05:00,0.0
02/13/2023 05:30,0.0
02/13/2023 06:00,0.0
02/13/2023 06:30,0.0
02/13/2023 07:00,0.0
02/13/2023 07:30,0.0
02/13/2023 08:00,0.0
02/13/2023 08:30,0.0
02/13/2023 09:00,0.0
02/13/2023 09:30,0.0
02/13/2023 10:00,0.0
02/13/2023 10:30,0.0
02/13/2023 11:00,0.0
02/13/2023 11:30,0.0
02/13/2023 12:00,0.0
02/13/2023 12:30,0.0
02/13/2023 13:00,0.0
02/13/2023 13:30,0.0
02/13/2023 14:00,0.0
02/13/2023 14:30,0.0
02/13/2023 15:00,0.0
02/13/2023 15:30,0.0
02/13/2023 16:00,0.0
02/13/2023 16:30,0.0
02/13/2023 17:00,0.0
02/13/2023 17:30,0.0
02/13/2023 18:00,0.0
02/13/2023 18:30,0.0
02/13/2023 19:00,0.0
02/13/2023 19:30,0.0
02/13/2023 20:00,0.0
02/13/2023 20:30,0.0
02/13/2023 21:00,0.0
02/13/2023 21:30,0.0
02/13/2023 22:00,0.0
02/13/2023 22:30,0.0
02/13/2023 23:00,0.0
02/13/2023 23:30,0.0
02/14/2023 00:00,0.0
02/14/2023 00:30,0.0
02/14/2023 01:00,0.0
02/14/2023 01:30,0.0
02/14/2023 02:00,0.0
02/14/2023 02:30,0.0
02/14/2023 03:00,0.0
02/14/2023 03:30,0.0
02/14/2023 04:00,0.0
02/14/2023 04:30,0.0
02/14/2023 05:00,0.0
02/14/2023 05:30,0.0
02/14/2023 06:00,0.0
02/14/2023 06:30,0.0
02/14/2023 07:00,0.0
02/14/2023 07:30,0.0
02/14/2023 08:00,0.0
02/14/2023 08:30,0.0
02/14/2023 09:00,0.0
02/14/2023 09:30,0.0
02/14/2023 10:00,0.0
02/14/2023 10:30,0.0
02/14/2023 11:00,0.0
02/14/2023 11:30,0.0
02/14/2023 12:00,0.0
02/14/2023 12:30,0.0
02/14/2023 13:00,0.0
02/14/2023 13:30,0.0
02/14/2023 14:00,0.0
02/14/2023 14:30,0.0
02/14/2023 15:00,0.0
02/14/2023 15:30,0.0
02/14/2023 16:00,0.0
02/14/2023 16:30,0.0
02/14/2023 17:00,0.0
02/14/2023 17:30,0.0
02/14/2023 18:00,0.0
02/14/2023 18:30,0.0
02/14/2023 19:00,0.0
02/14/2023 19:30,0.0
02/14/2023 20:00,0.0
02/14/2023 20:30,0.0
02/14/2023 21:00,0.0
02/14/2023 21:30,0.0
02/14/2023 22:00,0.0
02/14/2023 22:30,0.0
02/14/2023 23:00,0.0
02/14/2023 23:30,0.0
02/15/2023 00:00,0.0
02/15/2023 00:30,0.0
02/15/2023 01:00,0.0
02/15/2023 01:30,0.0
02/15/2023 02:00,0.0
02/15/2023 02:30,0.0
02/15/2023 03:00,0.0
02/15/2023 03:30,0.0
02/15/2023 04:00,0.0
02/15/2023 04:30,0.0
02/15/2023 05:00,0.0
02/15/2023 05:30,0.0
02/15/2023 06:00,0.0
02/15/2023 06:30,0.0
02/15/2023 07:00,0.0
02/15/2023 07:30,0.0
02/15/2023 08:00,0.0
02/15/2023 08:30,0.0
02/15/2023 09:00,0.0
02/15/2023 09:30,0.0
02/15/2023 10:00,0.0
02/15/2023 10:30,0.0
02/15/2023 11:00,0.0
02/15/2023 11:30,0.0
02/15/2023 12:00,0.0
02/15/2023 12:30,0.0
02/15/2023 13:00,0.0
02/15/2023 13:30,0.0
02/15/2023 14:00,0.0
02/15/2023 14:30,0.0
02/15/2023 15:00,0.0
02/15/2023 15:30,0.0
02/15/2023 16:00,0.0
02/15/2023 16:30,0.0
02/15/2023 17:00,0.0
02/15/2023 17:30,0.0
02/15/2023 18:00,0.0
02/15/2023 18:30,0.0
02/15/2023 19:00,0.0
02/15/2023 19:30,0.0
02/15/2023 20:00,0.0
02/15/2023 20:30,0.0
02/15/2023 21:00,0.0
02/15/2023 21:30,0.0
02/15/2023 22:00,0.0
02/15/2023 22:30,0.0
02/15/2023 23:00,0.0
02/15/2023 23:30,0.0
02/16/2023 00:00,0.0
02/16/2023 00:30,0.0
02/16/2023 01:00,0.0
02/16/2023 01:30,0.0
02/16/2023 02:00,0.0
02/16/2023 02:30,0.0
02/16/2023 03:00,0.0
02/16/2023 03:30,0.0
02/16/2023 04:00,0.0
02/16/2023 04:30,0.0
02/16/2023 05:00,0.0
02/16/2023 05:30,0.0
02/16/2023 06:00,0.0
02/16/2023 06:30,0.0
02/16/2023 07:00,0.0
02/16/2023 07:30,0.0
02/16/2023 08:00,0.0
02/16/2023 08:30,0.0
02/16/2023 09:00,0.0
02/16/2023 09:30,0.0
02/16/2023 10:00,0.0
02/16/2023 10:30,0.0
02/16/2023 11:00,0.0
02/16/2023 11:30,0.0
02/16/2023 12:00,0.0
02/16/2023 12:30,0.0
02/16/2023 13:00,0.0
02/16/2023 13:30,0.0
02/16/2023 14:00,0.0
02/16/2023 14:30,0.0
02/16/2023 15:00,0.0
02/16/2023 15:30,0.0
02/16/2023 16:00,0.0
02/16/2023 16:30,0.0
02/16/2023 17:00,0.0
02/16/2023 17:30,0.0
02/16/2023 18:00,0.0
02/16/2023 18:30,0.0
02/16/2023 19:00,0.0
02/16/2023 19:30,0.0
02/16/2023 20:00,0.0
02/16/2023 20:30,0.0
02/16/2023 21:00,0.0
02/16/2023 21:30,0.0
02/16/2023 22:00,0.0
02/16/2023 22:30,0.0
02/16/2023 23:00,0.0
02/16/2023 23:30,0.0
02/17/2023 00:00,0.0
02/17/2023 00:30,0.0
02/17/2023 01:00,0.0
02/17/2023 01:30,0.0
02/17/2023 02:00,0.0
02/17/2023 02:30,0.0
02/17/2023 03:00,0.0
02/17/2023 03:30,0.0
02/17/2023 04:00,0.0
02/17/2023 04:30,0.0
02/17/2023 05:00,0.0
02/17/2023 05:30,0.0
02/17/2023 06:00,0.0
02/17/2023 06:30,0.0
02/17/2023 07:00,0.0
02/17/2023 07:30,0.0
02/17/2023 08:00,0.0
02/17/2023 08:30,0.0
02/17/2023 09:00,0.0
02/17/2023 09:30,0.0
02/17/2023 10:00,0.0
02/17/2023 10:30,0.0
02/17/2023 11:00,0.0
02/17/2023 11:30,0.0
02/17/2023 12:00,0.0
02/17/2023 12:30,0.0
02/17/2023 13:00,0.0
02/17/2023 13:30,0.0
02/17/2023 14:00,0.0
02/17/2023 14:30,0.0
02/17/2023 15:00,0.0
02/17/2023 15:30,0.0
02/17/2023 16:00,0.0
02/17/2023 16:30,0.0
02/17/2023 17:00,0.0
02/17/2023 17:30,0.0
02/17/2023 18:00,0.0
02/17/2023 18:30,0.0
02/17/2023 19:00,0.0
02/17/2023 19:30,0.0
02/17/2023 20:00,0.0
02/17/2023 20:30,0.0
02/17/2023 21:00,0.0
02/17/2023 21:30,0.0
02/17/2023 22:00,0.0
02/17/2023 22:30,0.0
02/17/2023 23:00,0.0
02/17/2023 23:30,0.0
02/18/2023 00:00,0.0
02/18/2023 00:30,0.0
02/18/2023 01:00,0.0
02/18/2023 01:30,0.0
02/18/2023 02:00,0.0
02/18/2023 02:30,0.0
02/18/2023 03:00,0.0
02/18/2023 03:30,0.0
02/18/2023 04:00,0.0
02/18/2023 04:30,0.0
02/18/2023 05:00,0.0
02/18/2023 05:30,0.0
02/18/2023 06:00,0.0
02/18/2023 06:30,0.0
02/18/2023 07:00,0.0
02/18/2023 07:30,0.0
02/18/2023 08:00,0.0
02/18/2023 08:30,0.0
02/18/2023 09:00,0.0
02/18/2023 09:30,0.0
02/18/2023 10:00,0.0
02/18/2023 10:30,0.0
02/18/2023 11:00,0.0
02/18/2023 11:30,0.0
02/18/2023 12:00,0.0
02/18/2023 12:30,0.0
02/18/2023 13:00,0.0
02/18/2023 13:30,0.0
02/18/2023 14:00,0.0
02/18/2023 14:30,0.0
02/18/2023 15:00,0.0
02/18/2023 15:30,0.0
02/18/2023 16:00,0.0
02/18/2023 16:30,0.0
02/18/2023 17:00,0.0
02/18/2023 17:30,0.0
02/18/2023 18:00,0.0
02/18/2023 18:30,0.0
02/18/2023 19:00,0.0
02/18/2023 19:30,0.0
02/18/2023 20:00,0.0
02/18/2023 20:30,0.0
02/18/2023 21:00,0.0
02/18/2023 21:30,0.0
02/18/2023 22:00,0.0
02/18/2023 22:30,0.0
02/18/2023 23:00,0.0
02/18/2023 23:30,0.0
02/19/2023 00:00,0.0
02/19/2023 00:30,0.0
02/19/2023 01:00,0.0
02/19/2023 01:30,0.0
02/19/2023 02:00,0.0
02/19/2023 02:30,0.0
02/19/2023 03:00,0.0
02/19/2023 03:30,0.0
02/19/2023 04:00,0.0
02/19/2023 04:30,0.0
02/19/2023 05:00,0.0
02/19/2023 05:30,0.0
02/19/2023 06:00,0.0
02/19/2023 06:30,0.0
02/19/2023 07:00,0.0
02/19/2023 07:30,0.0
02/19/2023 08:00,0.0
02/19/2023 08:30,0.0
02/19/2023 09:00,0.0
02/19/2023 09:30,0.0
02/19/2023 10:00,0.0
02/19/2023 10:30,0.0
02/19/2023 11:00,0.0
02/19/2023 11:30,0.0
02/19/2023 12:00,0.0
02/19/2023 12:30,0.0
02/19/2023 13:00,0.0
02/19/2023 13:30,0.0
02/19/2023 14:00,0.0
02/19/2023 14:30,0.0
02/19/2023 15:00,0.0
02/19/2023 15:30,0.0
02/19/2023 16:00,0.0
02/19/2023 16:30,0.0
02/19/2023 17:00,0.0
02/19/2023 17:30,0.0
02/19/2023 18:00,0.0
02/19/2023 18:30,0.0
02/19/2023 19:00,0.0
02/19/2023 19:30,0.0
02/19/2023 20:00,0.0
02/19/2023 20:30,0.0
02/19/2023 21:00,0.0
02/19/2023 21:30,0.0
02/19/2023 22:00,0.0
02/19/2023 22:30,0.0
02/19/2023 23:00,0.0
02/19/2023 23:30,0.0
02/20/2023 00:00,0.0
02/20/2023 00:30,0.0
02/20/2023 01:00,0.0
02/20/2023 01:30,0.0
02/20/2023 02:00,0.0
02/20/2023 02:30,0.0
02/20/2023 03:00,0.0
02/20/2023 03:30,0.0
02/20/2023 04:00,0.0
02/20/2023 04:30,0.0
02/20/2023 05:00,0.0
02/20/2023 05:30,0.0
02/20/2023 06:00,0.0
02/20/2023 06:30,0.0
02/20/2023 07:00,0.0
02/20/2023 07:30,0.0
02/20/2023 08:00,0.0
02/20/2023 08:30,0.0
02/20/2023 09:00,0.0
02/20/2023 09:30,0.0
02/20/2023 10:00,0.0
02/20/2023 10:30,0.0
02/20/2023 11:00,0.0
02/20/2023 11:30,0.0
02/20/2023 12:00,0.0
02/20/2023 12:30,0.0
02/20/2023 13:00,0.0
02/20/2023 13:30,0.0
02/20/2023 14:00,0.0
02/20/2023 14:30,0.0
02/20/2023 15:00,0.0
02/20/2023 15:30,0.0
02/20/2023 16:00,0.0
02/20/2023 16:30,0.0
02/20/2023 17:00,0.0
02/20/2023 17:30,0.0
02/20/2023 18:00,0.0
02/20/2023 18:30,0.0
02/20/2023 19:00,0.0
02/20/2023 19:30,0.0
02/20/2023 20:00,0.0
02/20/2023 20:30,0.0
02/20/2023 21:00,0.0
02/20/2023 21:30,0.0
02/20/2023 22:00,0.0
02/20/2023 22:30,0.0
02/20/2023 23:00,0.0
02/20/2023 23:30,0.0
02/21/2023 00:00,0.0
02/21/2023 00:30,0.0
02/21/2023 01:00,0.0
02/21/2023 01:30,0.0
02/21/2023 02:00,0.0
02/21/2023 02:30,0.0
02/21/2023 03:00,0.0
02/21/2023 03:30,0.0
02/21/2023 04:00,0.0
02/21/2023 04:30,0.0
02/21/2023 05:00,0.0
02/21/2023 05:30,0.0
02/21/2023 06:00,0.0
02/21/2023 06:30,0.0
02/21/2023 07:00,0.0
02/21/2023 07:30,0.0
02/21/2023 08:00,0.0
02/21/2023 08:30,0.0
02/21/2023 09:00,0.0
02/21/2023 09:30,0.0
02/21/2023 10:00,0.0
02/21/2023 10:30,0.0
02/21/2023 11:00,0.0
02/21/2023 11:30,0.0
02/21/2023 12:00,0.0
02/21/2023 12:30,0.0
02/21/2023 13:00,0.0
02/21/2023 13:30,0.0
02/21/2023 14:00,0.0
02/21/2023 14:30,0.0
02/21/2023 15:00,0.0
02/21/2023 15:30,0.0
02/21/2023 16:00,0.0
02/21/2023 16:30,0.0
02/21/2023 17:00,0.0
02/21/2023 17:30,0.0
02/21/2023 18:00,0.0
02/21/2023 18:30,0.0
02/21/2023 19:00,0.0
02/21/2023 19:30,0.0
02/21/2023 20:00,0.0
02/21/2023 20:30,0.0
02/21/2023 21:00,0.0
02/21/2023 21:30,0.0
02/21/2023 22:00,0.0
02/21/2023 22:30,0.0
02/21/2023 23:00,0.0
02/21/2023 23:30,0.0
02/22/2023 00:00,0.0
02/22/2023 00:30,0.0
02/22/2023 01:00,0.0
02/22/2023 01:30,0.0
02/22/2023 02:00,0.0
02/22/2023 02:30,0.0
02/22/2023 03:00,0.0
02/22/2023 03:30,0.0
02/22/2023 04:00,0.0
02/22/2023 04:30,0.0
02/22/2023 05:00,0.0
02/22/2023 05:30,0.0
02/22/2023 06:00,0.0
02/22/2023 06:30,0.0
02/22/2023 07:00,0.0
02/22/2023 07:30,0.0
02/22/2023 08:00,0.0
02/22/2023 08:30,0.0
02/22/2023 09:00,0.0
02/22/2023 09:30,0.0
02/22/2023 10:00,0.0
02/22/2023 10:30,0.0
02/22/2023 11:00,0.0
02/22/2023 11:30,0.0
02/22/2023 12:00,0.0
02/22/2023 12:30,0.0
02/22/2023 13:00,0.0
02/22/2023 13:30,0.0
02/22/2023 14:00,0.0
02/22/2023 14:30,0.0
02/22/2023 15:00,0.0
02/22/2023 15:30,0.0
02/22/2023 16:00,0.0
02/22/2023 16:30,0.0
02/22/2023 17:00,0.0
02/22/2023 17:30,0.0
02/22/2023 18:00,0.0
02/22/2023 18:30,0.0
02/22/2023 19:00,0.0
02/22/2023 19:30,0.0
02/22/2023 20:00,0.0
02/22/2023 20:30,0.0
02/22/2023 21:00,0.0
02/22/2023 21:30,0.0
02/22/2023 22:00,0.0
02/22/2023 22:30,0.0
02/22/2023 23:00,0.0
02/22/2023 23:30,0.0
02/23/2023 00:00,0.0
02/23/2023 00:30,0.0
02/23/2023 01:00,0.0
02/23/2023 01:30,0.0
02/23/2023 02:00,0.0
02/23/2023 02:30,0.0
02/23/2023 03:00,0.0
02/23/2023 03:30,0.0
02/23/2023 04:00,0.0
02/23/2023 04:30,0.0
02/23/2023 05:00,0.0
02/23/2023 05:30,0.0
02/23/2023 06:00,0.0
02/23/2023 06:30,0.0
02/23/2023 07:00,0.0
02/23/2023 07:30,0.0
02/23/2023 08:00,0.0
02/23/2023 08:30,0.0
02/23/2023 09:00,0.0
02/23/2023 09:30,0.0
02/23/2023 10:00,0.0
02/23/2023 10:30,0.0
02/23/2023 11:00,0.0
02/23/2023 11:30,0.0
02/23/2023 12:00,0.0
02/23/2023 12:30,0.0
02/23/2023 13:00,0.0
02/23/2023 13:30,0.0
02/23/2023 14:00,0.0
02/23/2023 14:30,0.0
02/23/2023 15:00,0.0
02/23/2023 15:30,0.0
02/23/2023 16:00,0.0
02/23/2023 16:30,0.0
02/23/2023 17:00,0.0
02/23/2023 17:30,0.0
02/23/2023 18:00,0.0
02/23/2023 18:30,0.0
02/23/2023 19:00,0.0
02/23/2023 19:30,0.0
02/23/2023 20:00,0.0
02/23/2023 20:30,0.0
02/23/2023 21:00,0.0
02/23/2023 21:30,0.0
02/23/2023 22:00,0.0
02/23/2023 22:30,0.0
02/23/2023 23:00,0.0
02/23/2023 23:30,0.0
02/24/2023 00:00,0.0
02/24/2023 00:30,0.0
02/24/2023 01:00,0.0
02/24/2023 01:30,0.0
02/24/2023 02:00,0.0
02/24/2023 02:30,0.0
02/24/2023 03:00,0.0
02/24/2023 03:30,0.0
02/24/2023 04:00,0.0
02/24/2023 04:30,0.0
02/24/2023 05:00,0.0
02/24/2023 05:30,0.0
02/24/2023 06:00,0.0
02/24/2023 06:30,0.0
02/24/2023 07:00,0.0
02/24/2023 07:30,0.0
02/24/2023 08:00,0.0
02/24/2023 08:30,0.0
02/24/2023 09:00,0.0
02/24/2023 09:30,0.0
02/24/2023 10:00,0.0
02/24/2023 10:30,0.0
02/24/2023 11:00,0.0
02/24/2023 11:30,0.0
02/24/2023 12:00,0.0
02/24/2023 12:30,0.0
02/24/2023 13:00,0.0
02/24/2023 13:30,0.0
02/24/2023 14:00,0.0
02/24/2023 14:30,0.0
02/24/2023 15:00,0.0
02/24/2023 15:30,0.0
02/24/2023 16:00,0.0
02/24/2023 16:30,0.0
02/24/2023 17:00,0.0
02/24/2023 17:30,0.0
02/24/2023 18:00,0.0
02/24/2023 18:30,0.0
02/24/2023 19:00,0.0
02/24/2023 19:30,0.0
02/24/2023 20:00,0.0
02/24/2023 20:30,0.0
02/24/2023 21:00,0.0
02/24/2023 21:30,0.0
02/24/2023 22:00,0.0
02/24/2023 22:30,0.0
02/24/2023 23:00,0.0
02/24/2023 23:30,0.0
02/25/2023 00:00,0.0
02/25/2023 00:30,0.0
02/25/2023 01:00,0.0
02/25/2023 01:30,0.0
02/25/2023 02:00,0.0
02/25/2023 02:30,0.0
02/25/2023 03:00,0.0
02/25/2023 03:30,0.0
02/25/2023 04:00,0.0
02/25/2023 04:30,0.0
02/25/2023 05:00,0.0
02/25/2023 05:30,0.0
02/25/2023 06:00,0.0
02/25/2023 06:30,0.0
02/25/2023 07:00,0.0
02/25/2023 07:30,0.0
02/25/2023 08:00,0.0
02/25/2023 08:30,0.0
02/25/2023 09:00,0.0
02/25/2023 09:30,0.0
02/25/2023 10:00,0.0
02/25/2023 10:30,0.0
02/25/2023 11:00,0.0
02/25/2023 11:30,0.0
02/25/2023 12:00,0.0
02/25/2023 12:30,0.0
02/25/2023 13:00,0.0
02/25/2023 13:30,0.0
02/25/2023 14:00,0.0
02/25/2023 14:30,0.0
02/25/2023 15:00,0.0
02/25/2023 15:30,0.0
02/25/2023 16:00,0.0
02/25/2023 16:30,0.0
02/25/2023 17:00,0.0
02/25/2023 17:30,0.0
02/25/2023 18:00,0.0
02/25/2023 18:30,0.0
02/25/2023 19:00,0.0
02/25/2023 19:30,0.0
02/25/2023 20:00,0.0
02/25/2023 20:30,0.0
02/25/2023 21:00,0.0
02/25/2023 21:30,0.0
02/25/2023 22:00,0.0
02/25/2023 22:30,0.0
02/25/2023 23:00,0.0
02/25/2023 23:30,0.0
02/26/2023 00:00,0.0
02/26/2023 00:30,0.0
02/26/2023 01:00,0.0
02/26/2023 01:30,0.0
02/26/2023 02:00,0.0
02/26/2023 02:30,0.0
02/26/2023 03:00,0.0
02/26/2023 03:30,0.0
02/26/2023 04:00,0.0
02/26/2023 04:30,0.0
02/26/2023 05:00,0.0
02/26/2023 05:30,0.0
02/26/2023 06:00,0.0
02/26/2023 06:30,0.0
02/26/2023 07:00,0.0
02/26/2023 07:30,0.0
02/26/2023 08:00,0.0
02/26/2023 08:30,0.0
02/26/2023 09:00,0.0
02/26/2023 09:30,0.0
02/26/2023 10:00,0.0
02/26/2023 10:30,0.0
02/26/2023 11:00,0.0
02/26/2023 11:30,0.0
02/26/2023 12:00,0.0
02/26/2023 12:30,0.0
02/26/2023 13:00,0.0
02/26/2023 13:30,0.0
02/26/2023 14:00,0.0
02/26/2023 14:30,0.0
02/26/2023 15:00,0.0
02/26/2023 15:30,0.0
02/26/2023 16:00,0.0
02/26/2023 16:30,0.0
02/26/2023 17:00,0.0
02/26/2023 17:30,0.0
02/26/2023 18:00,0.0
02/26/2023 18:30,0.0
02/26/2023 19:00,0.0
02/26/2023 19:30,0.0
02/26/2023 20:00,0.0
02/26/2023 20:30,0.0
02/26/2023 21:00,0.0
02/26/2023 21:30,0.0
02/26/2023 22:00,0.0
02/26/2023 22:30,0.0
02/26/2023 23:00,0.0
02/26/2023 23:30,0.0
02/27/2023 00:00,0.0
02/27/2023 00:30,0.0
02/27/2023 01:00,0.0
02/27/2023 01:30,0.0
02/27/2023 02:00,0.0
02/27/2023 02:30,0.0
02/27/2023 03:00,0.0
02/27/2023 03:30,0.0
02/27/2023 04:00,0.0
02/27/2023 04:30,0.0
02/27/2023 05:00,0.0
02/27/2023 05:30,0.0
02/27/2023 06:00,0.0
02/27/2023 06:30,0.0
02/27/2023 07:00,0.0
02/27/2023 07:30,0.0
02/27/2023 08:00,0.0
02/27/2023 08:30,0.0
02/27/2023 09:00,0.0
02/27/2023 09:30,0.0
02/27/2023 10:00,0.0
02/27/2023 10:30,0.0
02/27/2023 11:00,0.0
02/27/2023 11:30,0.0
02/27/2023 12:00,0.0
02/27/2023 12:30,0.0
02/27/2023 13:00,0.0
02/27/2023 13:30,0.0
02/27/2023 14:00,0.0
02/27/2023 14:30,0.0
02/27/2023 15:00,0.0
02/27/2023 15:30,0.0
02/27/2023 16:00,0.0
02/27/2023 16:30,0.0
02/27/2023 17:00,0.0
02/27/2023 17:30,0.0
02/27/2023 18:00,0.0
02/27/2023 18:30,0.0
02/27/2023 19:00,0.0
02/27/2023 19:30,0.0
02/27/2023 20:00,0.0
02/27/2023 20:30,0.0
02/27/2023 21:00,0.0
02/27/2023 21:30,0.0
02/27/2023 22:00,0.0
02/27/2023 22:30,0.0
02/27/2023 23:00,0.0
02/27/2023 23:30,0.0
02/28/2023 00:00,0.0
02/28/2023 00:30,0.0
02/28/2023 01:00,0.0
02/28/2023 01:30,0.0
02/28/2023 02:00,0.0
02/28/2023 02:30,0.0
02/28/2023 03:00,0.0
02/28/2023 03:30,0.0
02/28/2023 04:00,0.0
02/28/2023 04:30,0.0
02/28/2023 05:00,0.0
02/28/2023 05:30,0.0
02/28/2023 06:00,0.0
02/28/2023 06:30,0.0
02/28/2023 07:00,0.0
02/28/2023 07:30,0.0
02/28/2023 08:00,0.0
02/28/2023 08:30,0.0
02/28/2023 09:00,0.0
02/28/2023 09:30,0.0
02/28/2023 10:00,0.0
02/28/2023 10:30,0.0
02/28/2023 11:00,0.0
02/28/2023 11:30,0.0
02/28/2023 12:00,0.0
02/28/2023 12:30,0.0
02/28/2023 13:00,0.0
02/28/2023 13:30,0.0
02/28/2023 14:00,0.0
02/28/2023 14:30,0.0
02/28/2023 15:00,0.0
02/28/2023 15:30,0.0
02/28/2023 16:00,0.0
02/28/2023 16:30,0.0
02/28/2023 17:00,0.0
02/28/2023 17:30,0.0
02/28/2023 18:00,0.0
02/28/2023 18:30,0.0
02/28/2023 19:00,0.0
02/28/2023 19:30,0.0
02/28/2023 20:00,0.0
02/28/2023 20:30,0.0
02/28/2023 21:00,0.0
02/28/2023 21:30,0.0
02/28/2023 22:00,0.0
02/28/2023 22:30,0.0
02/28/2023 23:00,0.0
02/28/2023 23:30,0.0
03/01/2023 00:00,0.0
03/01/2023 00:30,0.0
03/01/2023 01:00,0.0
03/01/2023 01:30,0.0
03/01/2023 02:00,0.0
03/01/2023 02:30,0.0
03/01/2023 03:00,0.0
03/01/2023 03:30,0.0
03/01/2023 04:00,0.0
03/01/2023 04:30,0.0
03/01/2023 05:00,0.0
03/01/2023 05:30,0.0
03/01/2023 06:00,0.0
03/01/2023 06:30,0.0
03/01/2023 07:00,0.0
03/01/2023 07:30,0.0
03/01/2023 08:00,0.0
03/01/2023 08:30,0.0
03/01/2023 09:00,0.0
03/01/2023 09:30,0.0
03/01/2023 10:00,0.0
03/01/2023 10:30,0.0
03/01/2023 11:00,0.0
03/01/2023 11:30,0.0
03/01/2023 12:00,0.0
03/01/2023 12:30,0.0
03/01/2023 13:00,0.0
03/01/2023 13:30,0.0
03/01/2023 14:00,0.0
03/01/2023 14:30,0.0
03/01/2023 15:00,0.0
03/01/2023 15:30,0.0
03/01/2023 16:00,0.0
03/01/2023 16:30,0.0
03/01/2023 17:00,0.0
03/01/2023 17:30,0.0
03/01/2023 18:00,0.0
03/01/2023 18:30,0.0
03/01/2023 19:00,0.0
03/01/2023 19:30,0.0
03/01/2023 20:00,0.0
03/01/2023 20:30,0.0
03/01/2023 21:00,0.0
03/01/2023 21:30,0.0
03/01/2023 22:00,0.0
03/01/2023 22:30,0.0
03/01/2023 23:00,0.0
03/01/2023 23:30,0.0
03/02/2023 00:00,0.0
03/02/2023 00:30,0.0
03/02/2023 01:00,0.0
03/02/2023 01:30,0.0
03/02/2023 02:00,0.0
03/02/2023 02:30,0.0
03/02/2023 03:00,0.0
03/02/2023 03:30,0.0
03/02/2023 04:00,0.0
03/02/2023 04:30,0.0
03/02/2023 05:00,0.0
03/02/2023 05:30,0.0
03/02/2023 06:00,0.0
03/02/2023 06:30,0.0
03/02/2023 07:00,0.0
03/02/2023 07:30,0.0
03/02/2023 08:00,0.0
03/02/2023 08:30,0.0
03/02/2023 09:00,0.0
03/02/2023 09:30,0.0
03/02/2023 10:00,0.0
03/02/2023 10:30,0.0
03/02/2023 11:00,0.0
03/02/2023 11:30,0.0
03/02/2023 12:00,0.0
03/02/2023 12:30,0.0
03/02/2023 13:00,0.0
03/02/2023 13:30,0.0
03/02/2023 14:00,0.0
03/02/2023 14:30,0.0
03/02/2023 15:00,0.0
03/02/2023 15:30,0.0
03/02/2023 16:00,0.0
03/02/2023 16:30,0.0
03/02/2023 17:00,0.0
03/02/2023 17:30,0.0
03/02/2023 18:00,0.0
03/02/2023 18:30,0.0
03/02/2023 19:00,0.0
03/02/2023 19:30,0.0
03/02/2023 20:00,0.0
03/02/2023 20:30,0.0
03/02/2023 21:00,0.0
03/02/2023 21:30,0.0
03/02/2023 22:00,0.0
03/02/2023 22:30,0.0
03/02/2023 23:00,0.0
03/02/2023 23:30,0.0
03/03/2023 00:00,0.0
03/03/2023 00:00,0.0
03/03/2023 00:30,0.0
03/03/2023 00:30,0.0
03/03/2023 01:00,0.0
03/03/2023 01:00,0.0
03/03/2023 01:30,0.0
03/03/2023 01:30,0.0
03/03/2023 02:00,0.0
03/03/2023 02:00,0.0
03/03/2023 02:30,0.0
03/03/2023 02:30,0.0
03/03/2023 03:00,0.0
03/03/2023 03:00,0.0
03/03/2023 03:30,0.0
03/03/2023 03:30,0.0
03/03/2023 04:00,0.0
03/03/2023 04:00,0.0
03/03/2023 04:30,0.0
03/03/2023 04:30,0.0
03/03/2023 05:00,0.0
03/03/2023 05:00,0.0
03/03/2023 05:30,0.0
03/03/2023 05:30,0.0
03/03/2023 06:00,0.0
03/03/2023 06:00,0.0
03/03/2023 06:30,0.0
03/03/2023 06:30,0.0
03/03/2023 07:00,0.0
03/03/2023 07:00,0.0
03/03/2023 07:30,0.0
03/03/2023 07:30,0.0
03/03/2023 08:00,0.0
03/03/2023 08:00,0.0
03/03/2023 08:30,0.0
03/03/2023 08:30,0.0
03/03/2023 09:00,0.0
03/03/2023 09:00,0.0
03/03/2023 09:30,0.0
03/03/2023 09:30,0.0
03/03/2023 10:00,0.0
03/03/2023 10:00,0.0
03/03/2023 10:30,0.0
03/03/2023 10:30,0.0
03/03/2023 11:00,0.0
03/03/2023 11:00,0.0
03/03/2023 11:30,0.0
03/03/2023 11:30,0.0
03/03/2023 12:00,0.0
03/03/2023 12:00,0.0
03/03/2023 12:30,0.0
03/03/2023 12:30,0.0
03/03/2023 13:00,0.0
03/03/2023 13:00,0.0
03/03/2023 13:30,0.0
03/03/2023 13:30,0.0
03/03/2023 14:00,0.0
03/03/2023 14:00,0.0
03/03/2023 14:30,0.0
03/03/2023 14:30,0.0
03/03/2023 15:00,0.0
03/03/2023 15:00,0.0
03/03/2023 15:30,0.0
03/03/2023 15:30,0.0
03/03/2023 16:00,0.0
03/03/2023 16:00,0.0
03/03/2023 16:30,0.0
03/03/2023 16:30,0.0
03/03/2023 17:00,0.0
03/03/2023 17:00,0.0
03/03/2023 17:30,0.0
03/03/2023 17:30,0.0
03/03/2023 18:00,0.0
03/03/2023 18:00,0.0
03/03/2023 18:30,0.0
03/03/2023 18:30,0.0
03/03/2023 19:00,0.0
03/03/2023 19:00,0.0
03/03/2023 19:30,0.0
03/03/2023 19:30,0.0
03/03/2023 20:00,0.0
03/03/2023 20:00,0.0
03/03/2023 20:30,0.0
03/03/2023 20:30,0.0
03/03/2023 21:00,0.0
03/03/2023 21:00,0.0
03/03/2023 21:30,0.0
03/03/2023 21:30,0.0
03/03/2023 22:00,0.0
03/03/2023 22:00,0.0
03/03/2023 22:30,0.0
03/03/2023 22:30,0.0
03/03/2023 23:00,0.0
03/03/2023 23:00,0.0
03/03/2023 23:30,0.0
03/03/2023 23:30,0.0
03/04/2023 00:00,0.0
03/04/2023 00:30,0.0
03/04/2023 01:00,0.0
03/04/2023 01:30,0.0
03/04/2023 02:00,0.0
03/04/2023 02:30,0.0
03/04/2023 03:00,0.0
03/04/2023 03:30,0.0
03/04/2023 04:00,0.0
03/04/2023 04:30,0.0
03/04/2023 05:00,0.0
03/04/2023 05:30,0.0
03/04/2023 06:00,0.0
03/04/2023 06:30,0.0
03/04/2023 07:00,0.0
03/04/2023 07:30,0.0
03/04/2023 08:00,0.0
03/04/2023 08:30,0.0
03/04/2023 09:00,0.0
03/04/2023 09:30,0.0
03/04/2023 10:00,0.0
03/04/2023 10:30,0.0
03/04/2023 11:00,0.0
03/04/2023 11:30,0.0
03/04/2023 12:00,0.0
03/04/2023 12:30,0.0
03/04/2023 13:00,0.0
03/04/2023 13:30,0.0
03/04/2023 14:00,0.0
03/04/2023 14:30,0.0
03/04/2023 15:00,0.0
03/04/2023 15:30,0.0
03/04/2023 16:00,0.0
03/04/2023 16:30,0.0
03/04/2023 17:00,0.0
03/04/2023 17:30,0.0
03/04/2023 18:00,0.0
03/04/2023 18:30,0.0
03/04/2023 19:00,0.0
03/04/2023 19:30,0.0
03/04/2023 20:00,0.0
03/04/2023 20:30,0.0
03/04/2023 21:00,0.0
03/04/2023 21:30,0.0
03/04/2023 22:00,0.0
03/04/2023 22:30,0.0
03/04/2023 23:00,0.0
03/04/2023 23:30,0.0
03/05/2023 00:00,0.0
03/05/2023 00:30,0.0
03/05/2023 01:00,0.0
03/05/2023 01:30,0.0
03/05/2023 02:00,0.0
03/05/2023 02:30,0.0
03/05/2023 03:00,0.0
03/05/2023 03:30,0.0
03/05/2023 04:00,0.0
03/05/2023 04:30,0.0
03/05/2023 05:00,0.0
03/05/2023 05:30,0.0
03/05/2023 06:00,0.0
03/05/2023 06:30,0.0
03/05/2023 07:00,0.0
03/05/2023 07:30,0.0
03/05/2023 08:00,0.0
03/05/2023 08:30,0.0
03/05/2023 09:00,0.0
03/05/2023 09:30,0.0
03/05/2023 10:00,0.0
03/05/2023 10:30,0.0
03/05/2023 11:00,0.0
03/05/2023 11:30,0.0
03/05/2023 12:00,0.0
03/05/2023 12:30,0.0
03/05/2023 13:00,0.0
03/05/2023 13:30,0.0
03/05/2023 14:00,0.0
03/05/2023 14:30,0.0
03/05/2023 15:00,0.0
03/05/2023 15:30,0.0
03/05/2023 16:00,0.0
03/05/2023 16:30,0.0
03/05/2023 17:00,0.0
03/05/2023 17:30,0.0
03/05/2023 18:00,0.0
03/05/2023 18:30,0.0
03/05/2023 19:00,0.0
03/05/2023 19:30,0.0
03/05/2023 20:00,0.0
03/05/2023 20:30,0.0
03/05/2023 21:00,0.0
03/05/2023 21:30,0.0
03/05/2023 22:00,0.0
03/05/2023 22:30,0.0
03/05/2023 23:00,0.0
03/05/2023 23:30,0.0
03/06/2023 00:00,0.0
03/06/2023 00:30,0.0
03/06/2023 01:00,0.0
03/06/2023 01:30,0.0
03/06/2023 02:00,0.0
03/06/2023 02:30,0.0
03/06/2023 03:00,0.0
03/06/2023 03:30,0.0
03/06/2023 04:00,0.0
03/06/2023 04:30,0.0
03/06/2023 05:00,0.0
03/06/2023 05:30,0.0
03/06/2023 06:00,0.0
03/06/2023 06:30,0.0
03/06/2023 07:00,0.0
03/06/2023 07:30,0.0
03/06/2023 08:00,0.0
03/06/2023 08:30,0.0
03/06/2023 09:00,0.0
03/06/2023 09:30,0.0
03/06/2023 10:00,0.0
03/06/2023 10:30,0.0
03/06/2023 11:00,0.0
03/06/2023 11:30,0.0
03/06/2023 12:00,0.0
03/06/2023 12:30,0.0
03/06/2023 13:00,0.0
03/06/2023 13:30,0.0
03/06/2023 14:00,0.0
03/06/2023 14:30,0.0
03/06/2023 15:00,0.0
03/06/2023 15:30,0.0
03/06/2023 16:00,0.0
03/06/2023 16:30,0.0
03/06/2023 17:00,0.0
03/06/2023 17:30,0.0
03/06/2023 18:00,0.0
03/06/2023 18:30,0.0
03/06/2023 19:00,0.0
03/06/2023 19:30,0.0
03/06/2023 20:00,0.0
03/06/2023 20:30,0.0
03/06/2023 21:00,0.0
03/06/2023 21:30,0.0
03/06/2023 22:00,0.0
03/06/2023 22:30,0.0
03/06/2023 23:00,0.0
03/06/2023 23:30,0.0
03/07/2023 00:00,0.0
03/07/2023 00:30,0.0
03/07/2023 01:00,0.0
03/07/2023 01:30,0.0
03/07/2023 02:00,0.0
03/07/2023 02:30,0.0
03/07/2023 03:00,0.0
03/07/2023 03:30,0.0
03/07/2023 04:00,0.0
03/07/2023 04:30,0.0
03/07/2023 05:00,0.0
03/07/2023 05:30,0.0
03/07/2023 06:00,0.0
03/07/2023 06:30,0.0
03/07/2023 07:00,0.0
03/07/2023 07:30,0.0
03/07/2023 08:00,0.0
03/07/2023 08:30,0.0
03/07/2023 09:00,0.0
03/07/2023 09:30,0.0
03/07/2023 10:00,0.0
03/07/2023 10:30,0.0
03/07/2023 11:00,0.0
03/07/2023 11:30,0.0
03/07/2023 12:00,0.0
03/07/2023 12:30,0.0
03/07/2023 13:00,0.0
03/07/2023 13:30,0.0
03/07/2023 14:00,0.0
03/07/2023 14:30,0.0
03/07/2023 15:00,0.0
03/07/2023 15:30,0.0
03/07/2023 16:00,0.0
03/07/2023 16:30,0.0
03/07/2023 17:00,0.0
03/07/2023 17:30,0.0
03/07/2023 18:00,0.0
03/07/2023 18:30,0.0
03/07/2023 19:00,0.0
03/07/2023 19:30,0.0
03/07/2023 20:00,0.0
03/07/2023 20:30,0.0
03/07/2023 21:00,0.0
03/07/2023 21:30,0.0
03/07/2023 22:00,0.0
03/07/2023 22:30,0.0
03/07/2023 23:00,0.0
03/07/2023 23:30,0.0
03/08/2023 00:00,0.0
03/08/2023 00:30,0.0
03/08/2023 01:00,0.0
03/08/2023 01:30,0.0
03/08/2023 02:00,0.0
03/08/2023 02:30,0.0
03/08/2023 03:00,0.0
03/08/2023 03:30,0.0
03/08/2023 04:00,0.0
03/08/2023 04:30,0.0
03/08/2023 05:00,0.0
03/08/2023 05:30,0.0
03/08/2023 06:00,0.0
03/08/2023 06:30,0.0
03/08/2023 07:00,0.0
03/08/2023 07:30,0.0
03/08/2023 08:00,0.0
03/08/2023 08:30,0.0
03/08/2023 09:00,0.0
03/08/2023 09:30,0.0
03/08/2023 10:00,0.0
03/08/2023 10:30,0.0
03/08/2023 11:00,0.0
03/08/2023 11:30,0.0
03/08/2023 12:00,0.0
03/08/2023 12:30,0.0
03/08/2023 13:00,0.0
03/08/2023 13:30,0.0
03/08/2023 14:00,0.0
03/08/2023 14:30,0.0
03/08/2023 15:00,0.0
03/08/2023 15:30,0.0
03/08/2023 16:00,0.0
03/08/2023 16:30,0.0
03/08/2023 17:00,0.0
03/08/2023 17:30,0.0
03/08/2023 18:00,0.0
03/08/2023 18:30,0.0
03/08/2023 19:00,0.0
03/08/2023 19:30,0.0
03/08/2023 20:00,0.0
03/08/2023 20:30,0.0
03/08/2023 21:00,0.0
03/08/2023 21:30,0.0
03/08/2023 22:00,0.0
03/08/2023 22:30,0.0
03/08/2023 23:00,0.0
03/08/2023 23:30,0.0
03/09/2023 00:00,0.0
03/09/2023 00:30,0.0
03/09/2023 01:00,0.0
03/09/2023 01:30,0.0
03/09/2023 02:00,0.0
03/09/2023 02:30,0.0
03/09/2023 03:00,0.0
03/09/2023 03:30,0.0
03/09/2023 04:00,0.0
03/09/2023 04:30,0.0
03/09/2023 05:00,0.0
03/09/2023 05:30,0.0
03/09/2023 06:00,0.0
03/09/2023 06:30,0.0
03/09/2023 07:00,0.0
03/09/2023 07:30,0.0
03/09/2023 08:00,0.0
03/09/2023 08:30,0.0
03/09/2023 09:00,0.0
03/09/2023 09:30,0.0
03/09/2023 10:00,0.0
03/09/2023 10:30,0.0
03/09/2023 11:00,0.0
03/09/2023 11:30,0.0
03/09/2023 12:00,0.0
03/09/2023 12:30,0.0
03/09/2023 13:00,0.0
03/09/2023 13:30,0.0
03/09/2023 14:00,0.0
03/09/2023 14:30,0.0
03/09/2023 15:00,0.0
03/09/2023 15:30,0.0
03/09/2023 16:00,0.0
03/09/2023 16:30,0.0
03/09/2023 17:00,0.0
03/09/2023 17:30,0.0
03/09/2023 18:00,0.0
03/09/2023 18:30,0.0
03/09/2023 19:00,0.0
03/09/2023 19:30,0.0
03/09/2023 20:00,0.0
03/09/2023 20:30,0.0
03/09/2023 21:00,0.0
03/09/2023 21:30,0.0
03/09/2023 22:00,0.0
03/09/2023 22:30,0.0
03/09/2023 23:00,0.0
03/09/2023 23:30,0.0
03/10/2023 00:00,0.0
03/10/2023 00:30,0.0
03/10/2023 01:00,0.0
03/10/2023 01:30,0.0
03/10/2023 02:00,0.0
03/10/2023 02:30,0.0
03/10/2023 03:00,0.0
03/10/2023 03:30,0.0
03/10/2023 04:00,0.0
03/10/2023 04:30,0.0
03/10/2023 05:00,0.0
03/10/2023 05:30,0.0
03/10/2023 06:00,0.0
03/10/2023 06:30,0.0
03/10/2023 07:00,0.0
03/10/2023 07:30,0.0
03/10/2023 08:00,0.0
03/10/2023 08:30,0.0
03/10/2023 09:00,0.0
03/10/2023 09:30,0.0
03/10/2023 10:00,0.0
03/10/2023 10:30,0.0
03/10/2023 11:00,0.0
03/10/2023 11:30,0.0
03/10/2023 12:00,0.0
03/10/2023 12:30,0.0
03/10/2023 13:00,0.0
03/10/2023 13:30,0.0
03/10/2023 14:00,0.0
03/10/2023 14:30,0.0
03/10/2023 15:00,0.0
03/10/2023 15:30,0.0
03/10/2023 16:00,0.0
03/10/2023 16:30,0.0
03/10/2023 17:00,0.0
03/10/2023 17:30,0.0
03/10/2023 18:00,0.0
03/10/2023 18:30,0.0
03/10/2023 19:00,0.0
03/10/2023 19:30,0.0
03/10/2023 20:00,0.0
03/10/2023 20:30,0.0
03/10/2023 21:00,0.0
03/10/2023 21:30,0.0
03/10/2023 22:00,0.0
03/10/2023 22:30,0.0
03/10/2023 23:00,0.0
03/10/2023 23:30,0.0
03/11/2023 00:00,0.0
03/11/2023 00:30,0.0
03/11/2023 01:00,0.0
03/11/2023 01:30,0.0
03/11/2023 02:00,0.0
03/11/2023 02:30,0.0
03/11/2023 03:00,0.0
03/11/2023 03:30,0.0
03/11/2023 04:00,0.0
03/11/2023 04:30,0.0
03/11/2023 05:00,0.0
03/11/2023 05:30,0.0
03/11/2023 06:00,0.0
03/11/2023 06:30,0.0
03/11/2023 07:00,0.0
03/11/2023 07:30,0.0
03/11/2023 08:00,0.0
03/11/2023 08:30,0.0
03/11/2023 09:00,0.0
03/11/2023 09:30,0.0
03/11/2023 10:00,0.0
03/11/2023 10:30,0.0
03/11/2023 11:00,0.0
03/11/2023 11:30,0.0
03/11/2023 12:00,0.0
03/11/2023 12:30,0.0
03/11/2023 13:00,0.0
03/11/2023 13:30,0.0
03/11/2023 14:00,0.0
03/11/2023 14:30,0.0
03/11/2023 15:00,0.0
03/11/2023 15:30,0.0
03/11/2023 16:00,0.0
03/11/2023 16:30,0.0
03/11/2023 17:00,0.0
03/11/2023 17:30,0.0
03/11/2023 18:00,0.0
03/11/2023 18:30,0.0
03/11/2023 19:00,0.0
03/11/2023 19:30,0.0
03/11/2023 20:00,0.0
03/11/2023 20:30,0.0
03/11/2023 21:00,0.0
03/11/2023 21:30,0.0
03/11/2023 22:00,0.0
03/11/2023 22:30,0.0
03/11/2023 23:00,0.0
03/11/2023 23:30,0.0
03/12/2023 00:00,0.0
03/12/2023 00:30,0.0
03/12/2023 01:00,0.0
03/12/2023 01:30,0.0
03/12/2023 02:00,0.0
03/12/2023 02:30,0.0
03/12/2023 03:00,0.0
03/12/2023 03:30,0.0
03/12/2023 04:00,0.0
03/12/2023 04:30,0.0
03/12/2023 05:00,0.0
03/12/2023 05:30,0.0
03/12/2023 06:00,0.0
03/12/2023 06:30,0.0
03/12/2023 07:00,0.0
03/12/2023 07:30,0.0
03/12/2023 08:00,0.0
03/12/2023 08:30,0.0
03/12/2023 09:00,0.0
03/12/2023 09:30,0.0
03/12/2023 10:00,0.0
03/12/2023 10:30,0.0
03/12/2023 11:00,0.0
03/12/2023 11:30,0.0
03/12/2023 12:00,0.0
03/12/2023 12:30,0.0
03/12/2023 13:00,0.0
03/12/2023 13:30,0.0
03/12/2023 14:00,0.0
03/12/2023 14:30,0.0
03/12/2023 15:00,0.0
03/12/2023 15:30,0.0
03/12/2023 16:00,0.0
03/12/2023 16:30,0.0
03/12/2023 17:00,0.0
03/12/2023 17:30,0.0
03/12/2023 18:00,0.0
03/12/2023 18:30,0.0
03/12/2023 19:00,0.0
03/12/2023 19:30,0.0
03/12/2023 20:00,0.0
03/12/2023 20:30,0.0
03/12/2023 21:00,0.0
03/12/2023 21:30,0.0
03/12/2023 22:00,0.0
03/12/2023 22:30,0.0
03/12/2023 23:00,0.0
03/12/2023 23:30,0.0
03/13/2023 00:00,0.0
03/13/2023 00:30,0.0
03/13/2023 01:00,0.0
03/13/2023 01:30,0.0
03/13/2023 02:00,0.0
03/13/2023 02:30,0.0
03/13/2023 03:00,0.0
03/13/2023 03:30,0.0
03/13/2023 04:00,0.0
03/13/2023 04:30,0.0
03/13/2023 05:00,0.0
03/13/2023 05:30,0.0
03/13/2023 06:00,0.0
03/13/2023 06:30,0.0
03/13/2023 07:00,0.0
03/13/2023 07:30,0.0
03/13/2023 08:00,0.0
03/13/2023 08:30,0.0
03/13/2023 09:00,0.0
03/13/2023 09:30,0.0
03/13/2023 10:00,0.0
03/13/2023 10:30,0.0
03/13/2023 11:00,0.0
03/13/2023 11:30,0.0
03/13/2023 12:00,0.0
03/13/2023 12:30,0.0
03/13/2023 13:00,0.0
03/13/2023 13:30,0.0
03/13/2023 14:00,0.0
03/13/2023 14:30,0.0
03/13/2023 15:00,0.0
03/13/2023 15:30,0.0
03/13/2023 16:00,0.0
03/13/2023 16:30,0.0
03/13/2023 17:00,0.0
03/13/2023 17:30,0.0
03/13/2023 18:00,0.0
03/13/2023 18:30,0.0
03/13/2023 19:00,0.0
03/13/2023 19:30,0.0
03/13/2023 20:00,0.0
03/13/2023 20:30,0.0
03/13/2023 21:00,0.0
03/13/2023 21:30,0.0
03/13/2023 22:00,0.0
03/13/2023 22:30,0.0
03/13/2023 23:00,0.0
03/13/2023 23:30,0.0
03/14/2023 00:00,0.0
03/14/2023 00:30,0.0
03/14/2023 01:00,0.0
03/14/2023 01:30,0.0
03/14/2023 02:00,0.0
03/14/2023 02:30,0.0
03/14/2023 03:00,0.0
03/14/2023 03:30,0.0
03/14/2023 04:00,0.0
03/14/2023 04:30,0.0
03/14/2023 05:00,0.0
03/14/2023 05:30,0.0
03/14/2023 06:00,0.0
03/14/2023 06:30,0.0
03/14/2023 07:00,0.0
03/14/2023 07:30,0.0
03/14/2023 08:00,0.0
03/14/2023 08:30,0.0
03/14/2023 09:00,0.0
03/14/2023 09:30,0.0
03/14/2023 10:00,0.0
03/14/2023 10:30,0.0
03/14/2023 11:00,0.0
03/14/2023 11:30,0.0
03/14/2023 12:00,0.0
03/14/2023 12:30,0.0
03/14/2023 13:00,0.0
03/14/2023 13:30,0.0
03/14/2023 14:00,0.0
03/14/2023 14:30,0.0
03/14/2023 15:00,0.0
03/14/2023 15:30,0.0
03/14/2023 16:00,0.0
03/14/2023 16:30,0.0
03/14/2023 17:00,0.0
03/14/2023 17:30,0.0
03/14/2023 18:00,0.0
03/14/2023 18:30,0.0
03/14/2023 19:00,0.0
03/14/2023 19:30,0.0
03/14/2023 20:00,0.0
03/14/2023 20:30,0.0
03/14/2023 21:00,0.0
03/14/2023 21:30,0.0
03/14/2023 22:00,0.0
03/14/2023 22:30,0.0
03/14/2023 23:00,0.0
03/14/2023 23:30,0.0
03/15/2023 00:00,0.0
03/15/2023 00:30,0.0
03/15/2023 01:00,0.0
03/15/2023 01:30,0.0
03/15/2023 02:00,0.0
03/15/2023 02:30,0.0
03/15/2023 03:00,0.0
03/15/2023 03:30,0.0
03/15/2023 04:00,0.0
03/15/2023 04:30,0.0
03/15/2023 05:00,0.0
03/15/2023 05:30,0.0
03/15/2023 06:00,0.0
03/15/2023 06:30,0.0
03/15/2023 07:00,0.0
03/15/2023 07:30,0.0
03/15/2023 08:00,0.0
03/15/2023 08:30,0.0
03/15/2023 09:00,0.0
03/15/2023 09:30,0.0
03/15/2023 10:00,0.0
03/15/2023 10:30,0.0
03/15/2023 11:00,0.0
03/15/2023 11:30,0.0
03/15/2023 12:00,0.0
03/15/2023 12:30,0.0
03/15/2023 13:00,0.0
03/15/2023 13:30,0.0
03/15/2023 14:00,0.0
03/15/2023 14:30,0.0
03/15/2023 15:00,0.0
03/15/2023 15:30,0.0
03/15/2023 16:00,0.0
03/15/2023 16:30,0.0
03/15/2023 17:00,0.0
03/15/2023 17:30,0.0
03/15/2023 18:00,0.0
03/15/2023 18:30,0.0
03/15/2023 19:00,0.0
03/15/2023 19:30,0.0
03/15/2023 20:00,0.0
03/15/2023 20:30,0.0
03/15/2023 21:00,0.0
03/15/2023 21:30,0.0
03/15/2023 22:00,0.0
03/15/2023 22:30,0.0
03/15/2023 23:00,0.0
03/15/2023 23:30,0.0
03/16/2023 00:00,0.0
03/16/2023 00:30,0.0
03/16/2023 01:00,0.0
03/16/2023 01:30,0.0
03/16/2023 02:00,0.0
03/16/2023 02:30,0.0
03/16/2023 03:00,0.0
03/16/2023 03:30,0.0
03/16/2023 04:00,0.0
03/16/2023 04:30,0.0
03/16/2023 05:00,0.0
03/16/2023 05:30,0.0
03/16/2023 06:00,0.0
03/16/2023 06:30,0.0
03/16/2023 07:00,0.0
03/16/2023 07:30,0.0
03/16/2023 08:00,0.0
03/16/2023 08:30,0.0
03/16/2023 09:00,0.0
03/16/2023 09:30,0.0
03/16/2023 10:00,0.0
03/16/2023 10:30,0.0
03/16/2023 11:00,0.0
03/16/2023 11:30,0.0
03/16/2023 12:00,0.0
03/16/2023 12:30,0.0
03/16/2023 13:00,0.0
03/16/2023 13:30,0.0
03/16/2023 14:00,0.0
03/16/2023 14:30,0.0
03/16/2023 15:00,0.0
03/16/2023 15:30,0.0
03/16/2023 16:00,0.0
03/16/2023 16:30,0.0
03/16/2023 17:00,0.0
03/16/2023 17:30,0.0
03/16/2023 18:00,0.0
03/16/2023 18:30,0.0
03/16/2023 19:00,0.0
03/16/2023 19:30,0.0
03/16/2023 20:00,0.0
03/16/2023 20:30,0.0
03/16/2023 21:00,0.0
03/16/2023 21:30,0.0
03/16/2023 22:00,0.0
03/16/2023 22:30,0.0
03/16/2023 23:00,0.0
03/16/2023 23:30,0.0
03/17/2023 00:00,0.0
03/17/2023 00:30,0.0
03/17/2023 01:00,0.0
03/17/2023 01:30,0.0
03/17/2023 02:00,0.0
03/17/2023 02:30,0.0
03/17/2023 03:00,0.0
03/17/2023 03:30,0.0
03/17/2023 04:00,0.0
03/17/2023 04:30,0.0
03/17/2023 05:00,0.0
03/17/2023 05:30,0.0
03/17/2023 06:00,0.0
03/17/2023 06:30,0.0
03/17/2023 07:00,0.0
03/17/2023 07:30,0.0
03/17/2023 08:00,0.0
03/17/2023 08:30,0.0
03/17/2023 09:00,0.0
03/17/2023 09:30,0.0
03/17/2023 10:00,0.0
03/17/2023 10:30,0.0
03/17/2023 11:00,0.0
03/17/2023 11:30,0.0
03/17/2023 12:00,0.0
03/17/2023 12:30,0.0
03/17/2023 13:00,0.0
03/17/2023 13:30,0.0
03/17/2023 14:00,0.0
03/17/2023 14:30,0.0
03/17/2023 15:00,0.0
03/17/2023 15:30,0.0
03/17/2023 16:00,0.0
03/17/2023 16:30,0.0
03/17/2023 17:00,0.0
03/17/2023 17:30,0.0
03/17/2023 18:00,0.0
03/17/2023 18:30,0.0
03/17/2023 19:00,0.0
03/17/2023 19:30,0.0
03/17/2023 20:00,0.0
03/17/2023 20:30,0.0
03/17/2023 21:00,0.0
03/17/2023 21:30,0.0
03/17/2023 22:00,0.0
03/17/2023 22:30,0.0
03/17/2023 23:00,0.0
03/17/2023 23:30,0.0
03/18/2023 00:00,0.0
03/18/2023 00:30,0.0
03/18/2023 01:00,0.0
03/18/2023 01:30,0.0
03/18/2023 02:00,0.0
03/18/2023 02:30,0.0
03/18/2023 03:00,0.0
03/18/2023 03:30,0.0
03/18/2023 04:00,0.0
03/18/2023 04:30,0.0
03/18/2023 05:00,0.0
03/18/2023 05:30,0.0
03/18/2023 06:00,0.0
03/18/2023 06:30,0.0
03/18/2023 07:00,0.0
03/18/2023 07:30,0.0
03/18/2023 08:00,0.0
03/18/2023 08:30,0.0
03/18/2023 09:00,0.0
03/18/2023 09:30,0.0
03/18/2023 10:00,0.0
03/18/2023 10:30,0.0
03/18/2023 11:00,0.0
03/18/2023 11:30,0.0
03/18/2023 12:00,0.0
03/18/2023 12:30,0.0
03/18/2023 13:00,0.0
03/18/2023 13:30,0.0
03/18/2023 14:00,0.0
03/18/2023 14:30,0.0
03/18/2023 15:00,0.0
03/18/2023 15:30,0.0
03/18/2023 16:00,0.0
03/18/2023 16:30,0.0
03/18/2023 17:00,0.0
03/18/2023 17:30,0.0
03/18/2023 18:00,0.0
03/18/2023 18:30,0.0
03/18/2023 19:00,0.0
03/18/2023 19:30,0.0
03/18/2023 20:00,0.0
03/18/2023 20:30,0.0
03/18/2023 21:00,0.0
03/18/2023 21:30,0.0
03/18/2023 22:00,0.0
03/18/2023 22:30,0.0
03/18/2023 23:00,0.0
03/18/2023 23:30,0.0
03/19/2023 00:00,0.0
03/19/2023 00:30,0.0
03/19/2023 01:00,0.0
03/19/2023 01:30,0.0
03/19/2023 02:00,0.0
03/19/2023 02:30,0.0
03/19/2023 03:00,0.0
03/19/2023 03:30,0.0
03/19/2023 04:00,0.0
03/19/2023 04:30,0.0
03/19/2023 05:00,0.0
03/19/2023 05:30,0.0
03/19/2023 06:00,0.0
03/19/2023 06:30,0.0
03/19/2023 07:00,0.0
03/19/2023 07:30,0.0
03/19/2023 08:00,0.0
03/19/2023 08:30,0.0
03/19/2023 09:00,0.0
03/19/2023 09:30,0.0
03/19/2023 10:00,0.0
03/19/2023 10:30,0.0
03/19/2023 11:00,0.0
03/19/2023 11:30,0.0
03/19/2023 12:00,0.0
03/19/2023 12:30,0.0
03/19/2023 13:00,0.0
03/19/2023 13:30,0.0
03/19/2023 14:00,0.0
03/19/2023 14:30,0.0
03/19/2023 15:00,0.0
03/19/2023 15:30,0.0
03/19/2023 16:00,0.0
03/19/2023 16:30,0.0
03/19/2023 17:00,0.0
03/19/2023 17:30,0.0
03/19/2023 18:00,0.0
03/19/2023 18:30,0.0
03/19/2023 19:00,0.0
03/19/2023 19:30,0.0
03/19/2023 20:00,0.0
03/19/2023 20:30,0.0
03/19/2023 21:00,0.0
03/19/2023 21:30,0.0
03/19/2023 22:00,0.0
03/19/2023 22:30,0.0
03/19/2023 23:00,0.0
03/19/2023 23:30,0.0
03/20/2023 00:00,0.0
03/20/2023 00:30,0.0
03/20/2023 01:00,0.0
03/20/2023 01:30,0.0
03/20/2023 02:00,0.0
03/20/2023 02:30,0.0
03/20/2023 03:00,0.0
03/20/2023 03:30,0.0
03/20/2023 04:00,0.0
03/20/2023 04:30,0.0
03/20/2023 05:00,0.0
03/20/2023 05:30,0.0
03/20/2023 06:00,0.0
03/20/2023 06:30,0.0
03/20/2023 07:00,0.0
03/20/2023 07:30,0.0
03/20/2023 08:00,0.0
03/20/2023 08:30,0.0
03/20/2023 09:00,0.0
03/20/2023 09:30,0.0
03/20/2023 10:00,0.0
03/20/2023 10:30,0.0
03/20/2023 11:00,0.0
03/20/2023 11:30,0.0
03/20/2023 12:00,0.0
03/20/2023 12:30,0.0
03/20/2023 13:00,0.0
03/20/2023 13:30,0.0
03/20/2023 14:00,0.0
03/20/2023 14:30,0.0
03/20/2023 15:00,0.0
03/20/2023 15:30,0.0
03/20/2023 16:00,0.0
03/20/2023 16:30,0.0
03/20/2023 17:00,0.0
03/20/2023 17:30,0.0
03/20/2023 18:00,0.0
03/20/2023 18:30,0.0
03/20/2023 19:00,0.0
03/20/2023 19:30,0.0
03/20/2023 20:00,0.0
03/20/2023 20:30,0.0
03/20/2023 21:00,0.0
03/20/2023 21:30,0.0
03/20/2023 22:00,0.0
03/20/2023 22:30,0.0
03/20/2023 23:00,0.0
03/20/2023 23:30,0.0
03/21/2023 00:00,0.0
03/21/2023 00:30,0.0
03/21/2023 01:00,0.0
03/21/2023 01:30,0.0
03/21/2023 02:00,0.0
03/21/2023 02:30,0.0
03/21/2023 03:00,0.0
03/21/2023 03:30,0.0
03/21/2023 04:00,0.0
03/21/2023 04:30,0.0
03/21/2023 05:00,0.0
03/21/2023 05:30,0.0
03/21/2023 06:00,0.0
03/21/2023 06:30,0.0
03/21/2023 07:00,0.0
03/21/2023 07:30,0.0
03/21/2023 08:00,0.0
03/21/2023 08:30,0.0
03/21/2023 09:00,0.0
03/21/2023 09:30,0.0
03/21/2023 10:00,0.0
03/21/2023 10:30,0.0
03/21/2023 11:00,0.0
03/21/2023 11:30,0.0
03/21/2023 12:00,0.0
03/21/2023 12:30,0.0
03/21/2023 13:00,0.0
03/21/2023 13:30,0.0
03/21/2023 14:00,0.0
03/21/2023 14:30,0.0
03/21/2023 15:00,0.0
03/21/2023 15:30,0.0
03/21/2023 16:00,0.0
03/21/2023 16:30,0.0
03/21/2023 17:00,0.0
03/21/2023 17:30,0.0
03/21/2023 18:00,0.0
03/21/2023 18:30,0.0
03/21/2023 19:00,0.0
03/21/2023 19:30,0.0
03/21/2023 20:00,0.0
03/21/2023 20:30,0.0
03/21/2023 21:00,0.0
03/21/2023 21:30,0.0
03/21/2023 22:00,0.0
03/21/2023 22:30,0.0
03/21/2023 23:00,0.0
03/21/2023 23:30,0.0
03/22/2023 00:00,0.0
03/22/2023 00:30,0.0
03/22/2023 01:00,0.0
03/22/2023 01:30,0.0
03/22/2023 02:00,0.0
03/22/2023 02:30,0.0
03/22/2023 03:00,0.0
03/22/2023 03:30,0.0
03/22/2023 04:00,0.0
03/22/2023 04:30,0.0
03/22/2023 05:00,0.0
03/22/2023 05:30,0.0
03/22/2023 06:00,0.0
03/22/2023 06:30,0.0
03/22/2023 07:00,0.0
03/22/2023 07:30,0.0
03/22/2023 08:00,0.0
03/22/2023 08:30,0.0
03/22/2023 09:00,0.0
03/22/2023 09:30,0.0
03/22/2023 10:00,0.0
03/22/2023 10:30,0.0
03/22/2023 11:00,0.0
03/22/2023 11:30,0.0
03/22/2023 12:00,0.0
03/22/2023 12:30,0.0
03/22/2023 13:00,0.0
03/22/2023 13:30,0.0
03/22/2023 14:00,0.0
03/22/2023 14:30,0.0
03/22/2023 15:00,0.0
03/22/2023 15:30,0.0
03/22/2023 16:00,0.0
03/22/2023 16:30,0.0
03/22/2023 17:00,0.0
03/22/2023 17:30,0.0
03/22/2023 18:00,0.0
03/22/2023 18:30,0.0
03/22/2023 19:00,0.0
03/22/2023 19:30,0.0
03/22/2023 20:00,0.0
03/22/2023 20:30,0.0
03/22/2023 21:00,0.0
03/22/2023 21:30,0.0
03/22/2023 22:00,0.0
03/22/2023 22:30,0.0
03/22/2023 23:00,0.0
03/22/2023 23:30,0.0
03/23/2023 00:00,0.0
03/23/2023 00:30,0.0
03/23/2023 01:00,0.0
03/23/2023 01:30,0.0
03/23/2023 02:00,0.0
03/23/2023 02:30,0.0
03/23/2023 03:00,0.0
03/23/2023 03:30,0.0
03/23/2023 04:00,0.0
03/23/2023 04:30,0.0
03/23/2023 05:00,0.0
03/23/2023 05:30,0.0
03/23/2023 06:00,0.0
03/23/2023 06:30,0.0
03/23/2023 07:00,0.0
03/23/2023 07:30,0.0
03/23/2023 08:00,0.0
03/23/2023 08:30,0.0
03/23/2023 09:00,0.0
03/23/2023 09:30,0.0
03/23/2023 10:00,0.0
03/23/2023 10:30,0.0
03/23/2023 11:00,0.0
03/23/2023 11:30,0.0
03/23/2023 12:00,0.0
03/23/2023 12:30,0.0
03/23/2023 13:00,0.0
03/23/2023 13:30,0.0
03/23/2023 14:00,0.0
03/23/2023 14:30,0.0
03/23/2023 15:00,0.0
03/23/2023 15:30,0.0
03/23/2023 16:00,0.0
03/23/2023 16:30,0.0
03/23/2023 17:00,0.0
03/23/2023 17:30,0.0
03/23/2023 18:00,0.0
03/23/2023 18:30,0.0
03/23/2023 19:00,0.0
03/23/2023 19:30,0.0
03/23/2023 20:00,0.0
03/23/2023 20:30,0.0
03/23/2023 21:00,0.0
03/23/2023 21:30,0.0
03/23/2023 22:00,0.0
03/23/2023 22:30,0.0
03/23/2023 23:00,0.0
03/23/2023 23:30,0.0
03/24/2023 00:00,0.0
03/24/2023 00:30,0.0
03/24/2023 01:00,0.0
03/24/2023 01:30,0.0
03/24/2023 02:00,0.0
03/24/2023 02:30,0.0
03/24/2023 03:00,0.0
03/24/2023 03:30,0.0
03/24/2023 04:00,0.0
03/24/2023 04:30,0.0
03/24/2023 05:00,0.0
03/24/2023 05:30,0.0
03/24/2023 06:00,0.0
03/24/2023 06:30,0.0
03/24/2023 07:00,0.0
03/24/2023 07:30,0.0
03/24/2023 08:00,0.0
03/24/2023 08:30,0.0
03/24/2023 09:00,0.0
03/24/2023 09:30,0.0
03/24/2023 10:00,0.0
03/24/2023 10:30,0.0
03/24/2023 11:00,0.0
03/24/2023 11:30,0.0
03/24/2023 12:00,0.0
03/24/2023 12:30,0.0
03/24/2023 13:00,0.0
03/24/2023 13:30,0.0
03/24/2023 14:00,0.0
03/24/2023 14:30,0.0
03/24/2023 15:00,0.0
03/24/2023 15:30,0.0
03/24/2023 16:00,0.0
03/24/2023 16:30,0.0
03/24/2023 17:00,0.0
03/24/2023 17:30,0.0
03/24/2023 18:00,0.0
03/24/2023 18:30,0.0
03/24/2023 19:00,0.0
03/24/2023 19:30,0.0
03/24/2023 20:00,0.0
03/24/2023 20:30,0.0
03/24/2023 21:00,0.0
03/24/2023 21:30,0.0
03/24/2023 22:00,0.0
03/24/2023 22:30,0.0
03/24/2023 23:00,0.0
03/24/2023 23:30,0.0
03/25/2023 00:00,0.0
03/25/2023 00:30,0.0
03/25/2023 01:00,0.0
03/25/2023 01:30,0.0
03/25/2023 02:00,0.0
03/25/2023 02:30,0.0
03/25/2023 03:00,0.0
03/25/2023 03:30,0.0
03/25/2023 04:00,0.0
03/25/2023 04:30,0.0
03/25/2023 05:00,0.0
03/25/2023 05:30,0.0
03/25/2023 06:00,0.0
03/25/2023 06:30,0.0
03/25/2023 07:00,0.0
03/25/2023 07:30,0.0
03/25/2023 08:00,0.0
03/25/2023 08:30,0.0
03/25/2023 09:00,0.0
03/25/2023 09:30,0.0
03/25/2023 10:00,0.0
03/25/2023 10:30,0.0
03/25/2023 11:00,0.0
03/25/2023 11:30,0.0
03/25/2023 12:00,0.0
03/25/2023 12:30,0.0
03/25/2023 13:00,0.0
03/25/2023 13:30,0.0
03/25/2023 14:00,0.0
03/25/2023 14:30,0.0
03/25/2023 15:00,0.0
03/25/2023 15:30,0.0
03/25/2023 16:00,0.0
03/25/2023 16:30,0.0
03/25/2023 17:00,0.0
03/25/2023 17:30,0.0
03/25/2023 18:00,0.0
03/25/2023 18:30,0.0
03/25/2023 19:00,0.0
03/25/2023 19:30,0.0
03/25/2023 20:00,0.0
03/25/2023 20:30,0.0
03/25/2023 21:00,0.0
03/25/2023 21:30,0.0
03/25/2023 22:00,0.0
03/25/2023 22:30,0.0
03/25/2023 23:00,0.0
03/25/2023 23:30,0.0
03/26/2023 00:00,0.0
03/26/2023 00:30,0.0
03/26/2023 01:00,0.0
03/26/2023 01:30,0.0
03/26/2023 02:00,0.0
03/26/2023 02:30,0.0
03/26/2023 03:00,0.0
03/26/2023 03:30,0.0
03/26/2023 04:00,0.0
03/26/2023 04:30,0.0
03/26/2023 05:00,0.0
03/26/2023 05:30,0.0
03/26/2023 06:00,0.0
03/26/2023 06:30,0.0
03/26/2023 07:00,0.0
03/26/2023 07:30,0.0
03/26/2023 08:00,0.0
03/26/2023 08:30,0.0
03/26/2023 09:00,0.0
03/26/2023 09:30,0.0
03/26/2023 10:00,0.0
03/26/2023 10:30,0.0
03/26/2023 11:00,0.0
03/26/2023 11:30,0.0
03/26/2023 12:00,0.0
03/26/2023 12:30,0.0
03/26/2023 13:00,0.0
03/26/2023 13:30,0.0
03/26/2023 14:00,0.0
03/26/2023 14:30,0.0
03/26/2023 15:00,0.0
03/26/2023 15:30,0.0
03/26/2023 16:00,0.0
03/26/2023 16:30,0.0
03/26/2023 17:00,0.0
03/26/2023 17:30,0.0
03/26/2023 18:00,0.0
03/26/2023 18:30,0.0
03/26/2023 19:00,0.0
03/26/2023 19:30,0.0
03/26/2023 20:00,0.0
03/26/2023 20:30,0.0
03/26/2023 21:00,0.0
03/26/2023 21:30,0.0
03/26/2023 22:00,0.0
03/26/2023 22:30,0.0
03/26/2023 23:00,0.0
03/26/2023 23:30,0.0
03/27/2023 00:00,0.0
03/27/2023 00:30,0.0
03/27/2023 01:00,0.0
03/27/2023 01:30,0.0
03/27/2023 02:00,0.0
03/27/2023 02:30,0.0
03/27/2023 03:00,0.0
03/27/2023 03:30,0.0
03/27/2023 04:00,0.0
03/27/2023 04:30,0.0
03/27/2023 05:00,0.0
03/27/2023 05:30,0.0
03/27/2023 06:00,0.0
03/27/2023 06:30,0.0
03/27/2023 07:00,0.0
03/27/2023 07:30,0.0
03/27/2023 08:00,0.0
03/27/2023 08:30,0.0
03/27/2023 09:00,0.0
03/27/2023 09:30,0.0
03/27/2023 10:00,0.0
03/27/2023 10:30,0.0
03/27/2023 11:00,0.0
03/27/2023 11:30,0.0
03/27/2023 12:00,0.0
03/27/2023 12:30,0.0
03/27/2023 13:00,0.0
03/27/2023 13:30,0.0
03/27/2023 14:00,0.0
03/27/2023 14:30,0.0
03/27/2023 15:00,0.0
03/27/2023 15:30,0.0
03/27/2023 16:00,0.0
03/27/2023 16:30,0.0
03/27/2023 17:00,0.0
03/27/2023 17:30,0.0
03/27/2023 18:00,0.0
03/27/2023 18:30,0.0
03/27/2023 19:00,0.0
03/27/2023 19:30,0.0
03/27/2023 20:00,0.0
03/27/2023 20:30,0.0
03/27/2023 21:00,0.0
03/27/2023 21:30,0.0
03/27/2023 22:00,0.0
03/27/2023 22:30,0.0
03/27/2023 23:00,0.0
03/27/2023 23:30,0.0
03/28/2023 00:00,0.0
03/28/2023 00:30,0.0
03/28/2023 01:00,0.0
03/28/2023 01:30,0.0
03/28/2023 02:00,0.0
03/28/2023 02:30,0.0
03/28/2023 03:00,0.0
03/28/2023 03:30,0.0
03/28/2023 04:00,0.0
03/28/2023 04:30,0.0
03/28/2023 05:00,0.0
03/28/2023 05:30,0.0
03/28/2023 06:00,0.0
03/28/2023 06:30,0.0
03/28/2023 07:00,0.0
03/28/2023 07:30,0.0
03/28/2023 08:00,0.0
03/28/2023 08:30,0.0
03/28/2023 09:00,0.0
03/28/2023 09:30,0.0
03/28/2023 10:00,0.0
03/28/2023 10:30,0.0
03/28/2023 11:00,0.0
03/28/2023 11:30,0.0
03/28/2023 12:00,0.0
03/28/2023 12:30,0.0
03/28/2023 13:00,0.0
03/28/2023 13:30,0.0
03/28/2023 14:00,0.0
03/28/2023 14:30,0.0
03/28/2023 15:00,0.0
03/28/2023 15:30,0.0
03/28/2023 16:00,0.0
03/28/2023 16:30,0.0
03/28/2023 17:00,0.0
03/28/2023 17:30,0.0
03/28/2023 18:00,0.0
03/28/2023 18:30,0.0
03/28/2023 19:00,0.0
03/28/2023 19:30,0.0
03/28/2023 20:00,0.0
03/28/2023 20:30,0.0
03/28/2023 21:00,0.0
03/28/2023 21:30,0.0
03/28/2023 22:00,0.0
03/28/2023 22:30,0.0
03/28/2023 23:00,0.0
03/28/2023 23:30,0.0
03/29/2023 00:00,0.0
03/29/2023 00:30,0.0
03/29/2023 01:00,0.0
03/29/2023 01:30,0.0
03/29/2023 02:00,0.0
03/29/2023 02:30,0.0
03/29/2023 03:00,0.0
03/29/2023 03:30,0.0
03/29/2023 04:00,0.0
03/29/2023 04:30,0.0
03/29/2023 05:00,0.0
03/29/2023 05:30,0.0
03/29/2023 06:00,0.0
03/29/2023 06:30,0.0
03/29/2023 07:00,0.0
03/29/2023 07:30,0.0
03/29/2023 08:00,0.0
03/29/2023 08:30,0.0
03/29/2023 09:00,0.0
03/29/2023 09:30,0.0
03/29/2023 10:00,0.0
03/29/2023 10:30,0.0
03/29/2023 11:00,0.0
03/29/2023 11:30,0.0
03/29/2023 12:00,0.0
03/29/2023 12:30,0.0
03/29/2023 13:00,0.0
03/29/2023 13:30,0.0
03/29/2023 14:00,0.0
03/29/2023 14:30,0.0
03/29/2023 15:00,0.0
03/29/2023 15:30,0.0
03/29/2023 16:00,0.0
03/29/2023 16:30,0.0
03/29/2023 17:00,0.0
03/29/2023 17:30,0.0
03/29/2023 18:00,0.0
03/29/2023 18:30,0.0
03/29/2023 19:00,0.0
03/29/2023 19:30,0.0
03/29/2023 20:00,0.0
03/29/2023 20:30,0.0
03/29/2023 21:00,0.0
03/29/2023 21:30,0.0
03/29/2023 22:00,0.0
03/29/2023 22:30,0.0
03/29/2023 23:00,0.0
03/29/2023 23:30,0.0
03/30/2023 00:00,0.0
03/30/2023 00:30,0.0
03/30/2023 01:00,0.0
03/30/2023 01:30,0.0
03/30/2023 02:00,0.0
03/30/2023 02:30,0.0
03/30/2023 03:00,0.0
03/30/2023 03:30,0.0
03/30/2023 04:00,0.0
03/30/2023 04:30,0.0
03/30/2023 05:00,0.0
03/30/2023 05:30,0.0
03/30/2023 06:00,0.0
03/30/2023 06:30,0.0
03/30/2023 07:00,0.0
03/30/2023 07:30,0.0
03/30/2023 08:00,0.0
03/30/2023 08:30,0.0
03/30/2023 09:00,0.0
03/30/2023 09:30,0.0
03/30/2023 10:00,0.0
03/30/2023 10:30,0.0
03/30/2023 11:00,0.0
03/30/2023 11:30,0.0
03/30/2023 12:00,0.0
03/30/2023 12:30,0.0
03/30/2023 13:00,0.0
03/30/2023 13:30,0.0
03/30/2023 14:00,0.0
03/30/2023 14:30,0.0
03/30/2023 15:00,0.0
03/30/2023 15:30,0.0
03/30/2023 16:00,0.0
03/30/2023 16:30,0.0
03/30/2023 17:00,0.0
03/30/2023 17:30,0.0
03/30/2023 18:00,0.0
03/30/2023 18:30,0.0
03/30/2023 19:00,0.0
03/30/2023 19:30,0.0
03/30/2023 20:00,0.0
03/30/2023 20:30,0.0
03/30/2023 21:00,0.0
03/30/2023 21:30,0.0
03/30/2023 22:00,0.0
03/30/2023 22:30,0.0
03/30/2023 23:00,0.0
03/30/2023 23:30,0.0
03/31/2023 00:00,0.0
03/31/2023 00:30,0.0
03/31/2023 01:00,0.0
03/31/2023 01:30,0.0
03/31/2023 02:00,0.0
03/31/2023 02:30,0.0
03/31/2023 03:00,0.0
03/31/2023 03:30,0.0
03/31/2023 04:00,0.0
03/31/2023 04:30,0.0
03/31/2023 05:00,0.0
03/31/2023 05:30,0.0
03/31/2023 06:00,0.0
03/31/2023 06:30,0.0
03/31/2023 07:00,0.0
03/31/2023 07:30,0.0
03/31/2023 08:00,0.0
03/31/2023 08:30,0.0
03/31/2023 09:00,0.0
03/31/2023 09:30,0.0
03/31/2023 10:00,0.0
03/31/2023 10:30,0.0
03/31/2023 11:00,0.0
03/31/2023 11:30,0.0
03/31/2023 12:00,0.0
03/31/2023 12:30,0.0
03/31/2023 13:00,0.0
03/31/2023 13:30,0.0
03/31/2023 14:00,0.0
03/31/2023 14:30,0.0
03/31/2023 15:00,0.0
03/31/2023 15:30,0.0
03/31/2023 16:00,0.0
03/31/2023 16:30,0.0
03/31/2023 17:00,0.0
03/31/2023 17:30,0.0
03/31/2023 18:00,0.0
03/31/2023 18:30,0.0
03/31/2023 19:00,0.0
03/31/2023 19:30,0.0
03/31/2023 20:00,0.0
03/31/2023 20:30,0.0
03/31/2023 21:00,0.0
03/31/2023 21:30,0.0
03/31/2023 22:00,0.0
03/31/2023 22:30,0.0
03/31/2023 23:00,0.0
03/31/2023 23:30,0.0
04/01/2023 00:00,0.0
04/01/2023 00:30,0.0
04/01/2023 01:00,0.0
04/01/2023 01:30,0.0
04/01/2023 02:00,0.0
04/01/2023 02:30,0.0
04/01/2023 03:00,0.0
04/01/2023 03:30,0.0
04/01/2023 04:00,0.0
04/01/2023 04:30,0.0
04/01/2023 05:00,0.0
04/01/2023 05:30,0.0
04/01/2023 06:00,0.0
04/01/2023 06:30,0.0
04/01/2023 07:00,0.0
04/01/2023 07:30,0.0
04/01/2023 08:00,0.0
04/01/2023 08:30,0.0
04/01/2023 09:00,0.0
04/01/2023 09:30,0.0
04/01/2023 10:00,0.0
04/01/2023 10:30,0.0
04/01/2023 11:00,0.0
04/01/2023 11:30,0.0
04/01/2023 12:00,0.0
04/01/2023 12:30,0.0
04/01/2023 13:00,0.0
04/01/2023 13:30,0.0
04/01/2023 14:00,0.0
04/01/2023 14:30,0.0
04/01/2023 15:00,0.0
04/01/2023 15:30,0.0
04/01/2023 16:00,0.0
04/01/2023 16:30,0.0
04/01/2023 17:00,0.0
04/01/2023 17:30,0.0
04/01/2023 18:00,0.0
04/01/2023 18:30,0.0
04/01/2023 19:00,0.0
04/01/2023 19:30,0.0
04/01/2023 20:00,0.0
04/01/2023 20:30,0.0
04/01/2023 21:00,0.0
04/01/2023 21:30,0.0
04/01/2023 22:00,0.0
04/01/2023 22:30,0.0
04/01/2023 23:00,0.0
04/01/2023 23:30,0.0
04/02/2023 00:00,0.0
04/02/2023 00:30,0.0
04/02/2023 01:00,0.0
04/02/2023 01:30,0.0
04/02/2023 02:00,0.0
04/02/2023 02:30,0.0
04/02/2023 03:00,0.0
04/02/2023 03:30,0.0
04/02/2023 04:00,0.0
04/02/2023 04:30,0.0
04/02/2023 05:00,0.0
04/02/2023 05:30,0.0
04/02/2023 06:00,0.0
04/02/2023 06:30,0.0
04/02/2023 07:00,0.0
04/02/2023 07:30,0.0
04/02/2023 08:00,0.0
04/02/2023 08:30,0.0
04/02/2023 09:00,0.0
04/02/2023 09:30,0.0
04/02/2023 10:00,0.0
04/02/2023 10:30,0.0
04/02/2023 11:00,0.0
04/02/2023 11:30,0.0
04/02/2023 12:00,0.0
04/02/2023 12:30,0.0
04/02/2023 13:00,0.0
04/02/2023 13:30,0.0
04/02/2023 14:00,0.0
04/02/2023 14:30,0.0
04/02/2023 15:00,0.0
04/02/2023 15:30,0.0
04/02/2023 16:00,0.0
04/02/2023 16:30,0.0
04/02/2023 17:00,0.0
04/02/2023 17:30,0.0
04/02/2023 18:00,0.0
04/02/2023 18:30,0.0
04/02/2023 19:00,0.0
04/02/2023 19:30,0.0
04/02/2023 20:00,0.0
04/02/2023 20:30,0.0
04/02/2023 21:00,0.0
04/02/2023 21:30,0.0
04/02/2023 22:00,0.0
04/02/2023 22:30,0.0
04/02/2023 23:00,0.0
04/02/2023 23:30,0.0
04/03/2023 00:00,0.0
04/03/2023 00:30,0.0
04/03/2023 01:00,0.0
04/03/2023 01:30,0.0
04/03/2023 02:00,0.0
04/03/2023 02:30,0.0
04/03/2023 03:00,0.0
04/03/2023 03:30,0.0
04/03/2023 04:00,0.0
04/03/2023 04:30,0.0
04/03/2023 05:00,0.0
04/03/2023 05:30,0.0
04/03/2023 06:00,0.0
04/03/2023 06:30,0.0
04/03/2023 07:00,0.0
04/03/2023 07:30,0.0
04/03/2023 08:00,0.0
04/03/2023 08:30,0.0
04/03/2023 09:00,0.0
04/03/2023 09:30,0.0
04/03/2023 10:00,0.0
04/03/2023 10:30,0.0
04/03/2023 11:00,0.0
04/03/2023 11:30,0.0
04/03/2023 12:00,0.0
04/03/2023 12:30,0.0
04/03/2023 13:00,0.0
04/03/2023 13:30,0.0
04/03/2023 14:00,0.0
04/03/2023 14:30,0.0
04/03/2023 15:00,0.0
04/03/2023 15:30,0.0
04/03/2023 16:00,0.0
04/03/2023 16:30,0.0
04/03/2023 17:00,0.0
04/03/2023 17:30,0.0
04/03/2023 18:00,0.0
04/03/2023 18:30,0.0
04/03/2023 19:00,0.0
04/03/2023 19:30,0.0
04/03/2023 20:00,0.0
04/03/2023 20:30,0.0
04/03/2023 21:00,0.0
04/03/2023 21:30,0.0
04/03/2023 22:00,0.0
04/03/2023 22:30,0.0
04/03/2023 23:00,0.0
04/03/2023 23:30,0.0
04/04/2023 00:00,0.0
04/04/2023 00:30,0.0
04/04/2023 01:00,0.0
04/04/2023 01:30,0.0
04/04/2023 02:00,0.0
04/04/2023 02:30,0.0
04/04/2023 03:00,0.0
04/04/2023 03:30,0.0
04/04/2023 04:00,0.0
04/04/2023 04:30,0.0
04/04/2023 05:00,0.0
04/04/2023 05:30,0.0
04/04/2023 06:00,0.0
04/04/2023 06:30,0.0
04/04/2023 07:00,0.0
04/04/2023 07:30,0.0
04/04/2023 08:00,0.0
04/04/2023 08:30,0.0
04/04/2023 09:00,0.0
04/04/2023 09:30,0.0
04/04/2023 10:00,0.0
04/04/2023 10:30,0.0
04/04/2023 11:00,0.0
04/04/2023 11:30,0.0
04/04/2023 12:00,0.0
04/04/2023 12:30,0.0
04/04/2023 13:00,0.0
04/04/2023 13:30,0.0
04/04/2023 14:00,0.0
04/04/2023 14:30,0.0
04/04/2023 15:00,0.0
04/04/2023 15:30,0.0
04/04/2023 16:00,0.0
04/04/2023 16:30,0.0
04/04/2023 17:00,0.0
04/04/2023 17:30,0.0
04/04/2023 18:00,0.0
04/04/2023 18:30,0.0
04/04/2023 19:00,0.0
04/04/2023 19:30,0.0
04/04/2023 20:00,0.0
04/04/2023 20:30,0.0
04/04/2023 21:00,0.0
04/04/2023 21:30,0.0
04/04/2023 22:00,0.0
04/04/2023 22:30,0.0
04/04/2023 23:00,0.0
04/04/2023 23:30,0.0
04/05/2023 00:00,0.0
04/05/2023 00:30,0.0
04/05/2023 01:00,0.0
04/05/2023 01:30,0.0
04/05/2023 02:00,0.0
04/05/2023 02:30,0.0
04/05/2023 03:00,0.0
04/05/2023 03:30,0.0
04/05/2023 04:00,0.0
04/05/2023 04:30,0.0
04/05/2023 05:00,0.0
04/05/2023 05:30,0.0
04/05/2023 06:00,0.0
04/05/2023 06:30,0.0
04/05/2023 07:00,0.0
04/05/2023 07:30,0.0
04/05/2023 08:00,0.0
04/05/2023 08:30,0.0
04/05/2023 09:00,0.0
04/05/2023 09:30,0.0
04/05/2023 10:00,0.0
04/05/2023 10:30,0.0
04/05/2023 11:00,0.0
04/05/2023 11:30,0.0
04/05/2023 12:00,0.0
04/05/2023 12:30,0.0
04/05/2023 13:00,0.0
04/05/2023 13:30,0.0
04/05/2023 14:00,0.0
04/05/2023 14:30,0.0
04/05/2023 15:00,0.0
04/05/2023 15:30,0.0
04/05/2023 16:00,0.0
04/05/2023 16:30,0.0
04/05/2023 17:00,0.0
04/05/2023 17:30,0.0
04/05/2023 18:00,0.0
04/05/2023 18:30,0.0
04/05/2023 19:00,0.0
04/05/2023 19:30,0.0
04/05/2023 20:00,0.0
04/05/2023 20:30,0.0
04/05/2023 21:00,0.0
04/05/2023 21:30,0.0
04/05/2023 22:00,0.0
04/05/2023 22:30,0.0
04/05/2023 23:00,0.0
04/05/2023 23:30,0.0
04/06/2023 00:00,0.0
04/06/2023 00:30,0.0
04/06/2023 01:00,0.0
04/06/2023 01:30,0.0
04/06/2023 02:00,0.0
04/06/2023 02:30,0.0
04/06/2023 03:00,0.0
04/06/2023 03:30,0.0
04/06/2023 04:00,0.0
04/06/2023 04:30,0.0
04/06/2023 05:00,0.0
04/06/2023 05:30,0.0
04/06/2023 06:00,0.0
04/06/2023 06:30,0.0
04/06/2023 07:00,0.0
04/06/2023 07:30,0.0
04/06/2023 08:00,0.0
04/06/2023 08:30,0.0
04/06/2023 09:00,0.0
04/06/2023 09:30,0.0
04/06/2023 10:00,0.0
04/06/2023 10:30,0.0
04/06/2023 11:00,0.0
04/06/2023 11:30,0.0
04/06/2023 12:00,0.0
04/06/2023 12:30,0.0
04/06/2023 13:00,0.0
04/06/2023 13:30,0.0
04/06/2023 14:00,0.0
04/06/2023 14:30,0.0
04/06/2023 15:00,0.0
04/06/2023 15:30,0.0
04/06/2023 16:00,0.0
04/06/2023 16:30,0.0
04/06/2023 17:00,0.0
04/06/2023 17:30,0.0
04/06/2023 18:00,0.0
04/06/2023 18:30,0.0
04/06/2023 19:00,0.0
04/06/2023 19:30,0.0
04/06/2023 20:00,0.0
04/06/2023 20:30,0.0
04/06/2023 21:00,0.0
04/06/2023 21:30,0.0
04/06/2023 22:00,0.0
04/06/2023 22:30,0.0
04/06/2023 23:00,0.0
04/06/2023 23:30,0.0
04/07/2023 00:00,0.0
04/07/2023 00:30,0.0
04/07/2023 01:00,0.0
04/07/2023 01:30,0.0
04/07/2023 02:00,0.0
04/07/2023 02:30,0.0
04/07/2023 03:00,0.0
04/07/2023 03:30,0.0
04/07/2023 04:00,0.0
04/07/2023 04:30,0.0
04/07/2023 05:00,0.0
04/07/2023 05:30,0.0
04/07/2023 06:00,0.0
04/07/2023 06:30,0.0
04/07/2023 07:00,0.0
04/07/2023 07:30,0.0
04/07/2023 08:00,0.0
04/07/2023 08:30,0.0
04/07/2023 09:00,0.0
04/07/2023 09:30,0.0
04/07/2023 10:00,0.0
04/07/2023 10:30,0.0
04/07/2023 11:00,0.0
04/07/2023 11:30,0.0
04/07/2023 12:00,0.0
04/07/2023 12:30,0.0
04/07/2023 13:00,0.0
04/07/2023 13:30,0.0
04/07/2023 14:00,0.0
04/07/2023 14:30,0.0
04/07/2023 15:00,0.0
04/07/2023 15:30,0.0
04/07/2023 16:00,0.0
04/07/2023 16:30,0.0
04/07/2023 17:00,0.0
04/07/2023 17:30,0.0
04/07/2023 18:00,0.0
04/07/2023 18:30,0.0
04/07/2023 19:00,0.0
04/07/2023 19:30,0.0
04/07/2023 20:00,0.0
04/07/2023 20:30,0.0
04/07/2023 21:00,0.0
04/07/2023 21:30,0.0
04/07/2023 22:00,0.0
04/07/2023 22:30,0.0
04/07/2023 23:00,0.0
04/07/2023 23:30,0.0
04/08/2023 00:00,0.0
04/08/2023 00:30,0.0
04/08/2023 01:00,0.0
04/08/2023 01:30,0.0
04/08/2023 02:00,0.0
04/08/2023 02:30,0.0
04/08/2023 03:00,0.0
04/08/2023 03:30,0.0
04/08/2023 04:00,0.0
04/08/2023 04:30,0.0
04/08/2023 05:00,0.0
04/08/2023 05:30,0.0
04/08/2023 06:00,0.0
04/08/2023 06:30,0.0
04/08/2023 07:00,0.0
04/08/2023 07:30,0.0
04/08/2023 08:00,0.0
04/08/2023 08:30,0.0
04/08/2023 09:00,0.0
04/08/2023 09:30,0.0
04/08/2023 10:00,0.0
04/08/2023 10:30,0.0
04/08/2023 11:00,0.0
04/08/2023 11:30,0.0
04/08/2023 12:00,0.0
04/08/2023 12:30,0.0
04/08/2023 13:00,0.0
04/08/2023 13:30,0.0
04/08/2023 14:00,0.0
04/08/2023 14:30,0.0
04/08/2023 15:00,0.0
04/08/2023 15:30,0.0
04/08/2023 16:00,0.0
04/08/2023 16:30,0.0
04/08/2023 17:00,0.0
04/08/2023 17:30,0.0
04/08/2023 18:00,0.0
04/08/2023 18:30,0.0
04/08/2023 19:00,0.0
04/08/2023 19:30,0.0
04/08/2023 20:00,0.0
04/08/2023 20:30,0.0
04/08/2023 21:00,0.0
04/08/2023 21:30,0.0
04/08/2023 22:00,0.0
04/08/2023 22:30,0.0
04/08/2023 23:00,0.0
04/08/2023 23:30,0.0
04/09/2023 00:00,0.0
04/09/2023 00:30,0.0
04/09/2023 01:00,0.0
04/09/2023 01:30,0.0
04/09/2023 02:00,0.0
04/09/2023 02:30,0.0
04/09/2023 03:00,0.0
04/09/2023 03:30,0.0
04/09/2023 04:00,0.0
04/09/2023 04:30,0.0
04/09/2023 05:00,0.0
04/09/2023 05:30,0.0
04/09/2023 06:00,0.0
04/09/2023 06:30,0.0
04/09/2023 07:00,0.0
04/09/2023 07:30,0.0
04/09/2023 08:00,0.0
04/09/2023 08:30,0.0
04/09/2023 09:00,0.0
04/09/2023 09:30,0.0
04/09/2023 10:00,0.0
04/09/2023 10:30,0.0
04/09/2023 11:00,0.0
04/09/2023 11:30,0.0
04/09/2023 12:00,0.0
04/09/2023 12:30,0.0
04/09/2023 13:00,0.0
04/09/2023 13:30,0.0
04/09/2023 14:00,0.0
04/09/2023 14:30,0.0
04/09/2023 15:00,0.0
04/09/2023 15:30,0.0
04/09/2023 16:00,0.0
04/09/2023 16:30,0.0
04/09/2023 17:00,0.0
04/09/2023 17:30,0.0
04/09/2023 18:00,0.0
04/09/2023 18:30,0.0
04/09/2023 19:00,0.0
04/09/2023 19:30,0.0
04/09/2023 20:00,0.0
04/09/2023 20:30,0.0
04/09/2023 21:00,0.0
04/09/2023 21:30,0.0
04/09/2023 22:00,0.0
04/09/2023 22:30,0.0
04/09/2023 23:00,0.0
04/09/2023 23:30,0.0
04/10/2023 00:00,0.0
04/10/2023 00:30,0.0
04/10/2023 01:00,0.0
04/10/2023 01:30,0.0
04/10/2023 02:00,0.0
04/10/2023 02:30,0.0
04/10/2023 03:00,0.0
04/10/2023 03:30,0.0
04/10/2023 04:00,0.0
04/10/2023 04:30,0.0
04/10/2023 05:00,0.0
04/10/2023 05:30,0.0
04/10/2023 06:00,0.0
04/10/2023 06:30,0.0
04/10/2023 07:00,0.0
04/10/2023 07:30,0.0
04/10/2023 08:00,0.0
04/10/2023 08:30,0.0
04/10/2023 09:00,0.0
04/10/2023 09:30,0.0
04/10/2023 10:00,0.0
04/10/2023 10:30,0.0
04/10/2023 11:00,0.0
04/10/2023 11:30,0.0
04/10/2023 12:00,0.0
04/10/2023 12:30,0.0
04/10/2023 13:00,0.0
04/10/2023 13:30,0.0
04/10/2023 14:00,0.0
04/10/2023 14:30,0.0
04/10/2023 15:00,0.0
04/10/2023 15:30,0.0
04/10/2023 16:00,0.0
04/10/2023 16:30,0.0
04/10/2023 17:00,0.0
04/10/2023 17:30,0.0
04/10/2023 18:00,0.0
04/10/2023 18:30,0.0
04/10/2023 19:00,0.0
04/10/2023 19:30,0.0
04/10/2023 20:00,0.0
04/10/2023 20:30,0.0
04/10/2023 21:00,0.0
04/10/2023 21:30,0.0
04/10/2023 22:00,0.0
04/10/2023 22:30,0.0
04/10/2023 23:00,0.0
04/10/2023 23:30,0.0
04/11/2023 00:00,0.0
04/11/2023 00:30,0.0
04/11/2023 01:00,0.0
04/11/2023 01:30,0.0
04/11/2023 02:00,0.0
04/11/2023 02:30,0.0
04/11/2023 03:00,0.0
04/11/2023 03:30,0.0
04/11/2023 04:00,0.0
04/11/2023 04:30,0.0
04/11/2023 05:00,0.0
04/11/2023 05:30,0.0
04/11/2023 06:00,0.0
04/11/2023 06:30,0.0
04/11/2023 07:00,0.0
04/11/2023 07:30,0.0
04/11/2023 08:00,0.0
04/11/2023 08:30,0.0
04/11/2023 09:00,0.0
04/11/2023 09:30,0.0
04/11/2023 10:00,0.0
04/11/2023 10:30,0.0
04/11/2023 11:00,0.0
04/11/2023 11:30,0.0
04/11/2023 12:00,0.0
04/11/2023 12:30,0.0
04/11/2023 13:00,0.0
04/11/2023 13:30,0.0
04/11/2023 14:00,0.0
04/11/2023 14:30,0.0
04/11/2023 15:00,0.0
04/11/2023 15:30,0.0
04/11/2023 16:00,0.0
04/11/2023 16:30,0.0
04/11/2023 17:00,0.0
04/11/2023 17:30,0.0
04/11/2023 18:00,0.0
04/11/2023 18:30,0.0
04/11/2023 19:00,0.0
04/11/2023 19:30,0.0
04/11/2023 20:00,0.0
04/11/2023 20:30,0.0
04/11/2023 21:00,0.0
04/11/2023 21:30,0.0
04/11/2023 22:00,0.0
04/11/2023 22:30,0.0
04/11/2023 23:00,0.0
04/11/2023 23:30,0.0
04/12/2023 00:00,0.0
04/12/2023 00:30,0.0
04/12/2023 01:00,0.0
04/12/2023 01:30,0.0
04/12/2023 02:00,0.0
04/12/2023 02:30,0.0
04/12/2023 03:00,0.0
04/12/2023 03:30,0.0
04/12/2023 04:00,0.0
04/12/2023 04:30,0.0
04/12/2023 05:00,0.0
04/12/2023 05:30,0.0
04/12/2023 06:00,0.0
04/12/2023 06:30,0.0
04/12/2023 07:00,0.0
04/12/2023 07:30,0.0
04/12/2023 08:00,0.0
04/12/2023 08:30,0.0
04/12/2023 09:00,0.0
04/12/2023 09:30,0.0
04/12/2023 10:00,0.0
04/12/2023 10:30,0.0
04/12/2023 11:00,0.0
04/12/2023 11:30,0.0
04/12/2023 12:00,0.0
04/12/2023 12:30,0.0
04/12/2023 13:00,0.0
04/12/2023 13:30,0.0
04/12/2023 14:00,0.0
04/12/2023 14:30,0.0
04/12/2023 15:00,0.0
04/12/2023 15:30,0.0
04/12/2023 16:00,0.0
04/12/2023 16:30,0.0
04/12/2023 17:00,0.0
04/12/2023 17:30,0.0
04/12/2023 18:00,0.0
04/12/2023 18:30,0.0
04/12/2023 19:00,0.0
04/12/2023 19:30,0.0
04/12/2023 20:00,0.0
04/12/2023 20:30,0.0
04/12/2023 21:00,0.0
04/12/2023 21:30,0.0
04/12/2023 22:00,0.0
04/12/2023 22:30,0.0
04/12/2023 23:00,0.0
04/12/2023 23:30,0.0
04/13/2023 00:00,0.0
04/13/2023 00:30,0.0
04/13/2023 01:00,0.0
04/13/2023 01:30,0.0
04/13/2023 02:00,0.0
04/13/2023 02:30,0.0
04/13/2023 03:00,0.0
04/13/2023 03:30,0.0
04/13/2023 04:00,0.0
04/13/2023 04:30,0.0
04/13/2023 05:00,0.0
04/13/2023 05:30,0.0
04/13/2023 06:00,0.0
04/13/2023 06:30,0.0
04/13/2023 07:00,0.0
04/13/2023 07:30,0.0
04/13/2023 08:00,0.0
04/13/2023 08:30,0.0
04/13/2023 09:00,0.0
04/13/2023 09:30,0.0
04/13/2023 10:00,0.0
04/13/2023 10:30,0.0
04/13/2023 11:00,0.0
04/13/2023 11:30,0.0
04/13/2023 12:00,0.0
04/13/2023 12:30,0.0
04/13/2023 13:00,0.0
04/13/2023 13:30,0.0
04/13/2023 14:00,0.0
04/13/2023 14:30,0.0
04/13/2023 15:00,0.0
04/13/2023 15:30,0.0
04/13/2023 16:00,0.0
04/13/2023 16:30,0.0
04/13/2023 17:00,0.0
04/13/2023 17:30,0.0
04/13/2023 18:00,0.0
04/13/2023 18:30,0.0
04/13/2023 19:00,0.0
04/13/2023 19:30,0.0
04/13/2023 20:00,0.0
04/13/2023 20:30,0.0
04/13/2023 21:00,0.0
04/13/2023 21:30,0.0
04/13/2023 22:00,0.0
04/13/2023 22:30,0.0
04/13/2023 23:00,0.0
04/13/2023 23:30,0.0
04/14/2023 00:00,0.0
04/14/2023 00:30,0.0
04/14/2023 01:00,0.0
04/14/2023 01:30,0.0
04/14/2023 02:00,0.0
04/14/2023 02:30,0.0
04/14/2023 03:00,0.0
04/14/2023 03:30,0.0
04/14/2023 04:00,0.0
04/14/2023 04:30,0.0
04/14/2023 05:00,0.0
04/14/2023 05:30,0.0
04/14/2023 06:00,0.0
04/14/2023 06:30,0.0
04/14/2023 07:00,0.0
04/14/2023 07:30,0.0
04/14/2023 08:00,0.0
04/14/2023 08:30,0.0
04/14/2023 09:00,0.0
04/14/2023 09:30,0.0
04/14/2023 10:00,0.0
04/14/2023 10:30,0.0
04/14/2023 11:00,0.0
04/14/2023 11:30,0.0
04/14/2023 12:00,0.0
04/14/2023 12:30,0.0
04/14/2023 13:00,0.0
04/14/2023 13:30,0.0
04/14/2023 14:00,0.0
04/14/2023 14:30,0.0
04/14/2023 15:00,0.0
04/14/2023 15:30,0.0
04/14/2023 16:00,0.0
04/14/2023 16:30,0.0
04/14/2023 17:00,0.0
04/14/2023 17:30,0.0
04/14/2023 18:00,0.0
04/14/2023 18:30,0.0
04/14/2023 19:00,0.0
04/14/2023 19:30,0.0
04/14/2023 20:00,0.0
04/14/2023 20:30,0.0
04/14/2023 21:00,0.0
04/14/2023 21:30,0.0
04/14/2023 22:00,0.0
04/14/2023 22:30,0.0
04/14/2023 23:00,0.0
04/14/2023 23:30,0.0
04/15/2023 00:00,0.0
04/15/2023 00:30,0.0
04/15/2023 01:00,0.0
04/15/2023 01:30,0.0
04/15/2023 02:00,0.0
04/15/2023 02:30,0.0
04/15/2023 03:00,0.0
04/15/2023 03:30,0.0
04/15/2023 04:00,0.0
04/15/2023 04:30,0.0
04/15/2023 05:00,0.0
04/15/2023 05:30,0.0
04/15/2023 06:00,0.0
04/15/2023 06:30,0.0
04/15/2023 07:00,0.0
04/15/2023 07:30,0.0
04/15/2023 08:00,0.0
04/15/2023 08:30,0.0
04/15/2023 09:00,0.0
04/15/2023 09:30,0.0
04/15/2023 10:00,0.0
04/15/2023 10:30,0.0
04/15/2023 11:00,0.0
04/15/2023 11:30,0.0
04/15/2023 12:00,0.0
04/15/2023 12:30,0.0
04/15/2023 13:00,0.0
04/15/2023 13:30,0.0
04/15/2023 14:00,0.0
04/15/2023 14:30,0.0
04/15/2023 15:00,0.0
04/15/2023 15:30,0.0
04/15/2023 16:00,0.0
04/15/2023 16:30,0.0
04/15/2023 17:00,0.0
04/15/2023 17:30,0.0
04/15/2023 18:00,0.0
04/15/2023 18:30,0.0
04/15/2023 19:00,0.0
04/15/2023 19:30,0.0
04/15/2023 20:00,0.0
04/15/2023 20:30,0.0
04/15/2023 21:00,0.0
04/15/2023 21:30,0.0
04/15/2023 22:00,0.0
04/15/2023 22:30,0.0
04/15/2023 23:00,0.0
04/15/2023 23:30,0.0
04/16/2023 00:00,0.0
04/16/2023 00:30,0.0
04/16/2023 01:00,0.0
04/16/2023 01:30,0.0
04/16/2023 02:00,0.0
04/16/2023 02:30,0.0
04/16/2023 03:00,0.0
04/16/2023 03:30,0.0
04/16/2023 04:00,0.0
04/16/2023 04:30,0.0
04/16/2023 05:00,0.0
04/16/2023 05:30,0.0
04/16/2023 06:00,0.0
04/16/2023 06:30,0.0
04/16/2023 07:00,0.0
04/16/2023 07:30,0.0
04/16/2023 08:00,0.0
04/16/2023 08:30,0.0
04/16/2023 09:00,0.0
04/16/2023 09:30,0.0
04/16/2023 10:00,0.0
04/16/2023 10:30,0.0
04/16/2023 11:00,0.0
04/16/2023 11:30,0.0
04/16/2023 12:00,0.0
04/16/2023 12:30,0.0
04/16/2023 13:00,0.0
04/16/2023 13:30,0.0
04/16/2023 14:00,0.0
04/16/2023 14:30,0.0
04/16/2023 15:00,0.0
04/16/2023 15:30,0.0
04/16/2023 16:00,0.0
04/16/2023 16:30,0.0
04/16/2023 17:00,0.0
04/16/2023 17:30,0.0
04/16/2023 18:00,0.0
04/16/2023 18:30,0.0
04/16/2023 19:00,0.0
04/16/2023 19:30,0.0
04/16/2023 20:00,0.0
04/16/2023 20:30,0.0
04/16/2023 21:00,0.0
04/16/2023 21:30,0.0
04/16/2023 22:00,0.0
04/16/2023 22:30,0.0
04/16/2023 23:00,0.0
04/16/2023 23:30,0.0
04/17/2023 00:00,0.0
04/17/2023 00:30,0.0
04/17/2023 01:00,0.0
04/17/2023 01:30,0.0
04/17/2023 02:00,0.0
04/17/2023 02:30,0.0
04/17/2023 03:00,0.0
04/17/2023 03:30,0.0
04/17/2023 04:00,0.0
04/17/2023 04:30,0.0
04/17/2023 05:00,0.0
04/17/2023 05:30,0.0
04/17/2023 06:00,0.0
04/17/2023 06:30,0.0
04/17/2023 07:00,0.0
04/17/2023 07:30,0.0
04/17/2023 08:00,0.0
04/17/2023 08:30,0.0
04/17/2023 09:00,0.0
04/17/2023 09:30,0.0
04/17/2023 10:00,0.0
04/17/2023 10:30,0.0
04/17/2023 11:00,0.0
04/17/2023 11:30,0.0
04/17/2023 12:00,0.0
04/17/2023 12:30,0.0
04/17/2023 13:00,0.0
04/17/2023 13:30,0.0
04/17/2023 14:00,0.0
04/17/2023 14:30,0.0
04/17/2023 15:00,0.0
04/17/2023 15:30,0.0
04/17/2023 16:00,0.0
04/17/2023 16:30,0.0
04/17/2023 17:00,0.0
04/17/2023 17:30,0.0
04/17/2023 18:00,0.0
04/17/2023 18:30,0.0
04/17/2023 19:00,0.0
04/17/2023 19:30,0.0
04/17/2023 20:00,0.0
04/17/2023 20:30,0.0
04/17/2023 21:00,0.0
04/17/2023 21:30,0.0
04/17/2023 22:00,0.0
04/17/2023 22:30,0.0
04/17/2023 23:00,0.0
04/17/2023 23:30,0.0
04/18/2023 00:00,0.0
04/18/2023 00:30,0.0
04/18/2023 01:00,0.0
04/18/2023 01:30,0.0
04/18/2023 02:00,0.0
04/18/2023 02:30,0.0
04/18/2023 03:00,0.0
04/18/2023 03:30,0.0
04/18/2023 04:00,0.0
04/18/2023 04:30,0.0
04/18/2023 05:00,0.0
04/18/2023 05:30,0.0
04/18/2023 06:00,0.0
04/18/2023 06:30,0.0
04/18/2023 07:00,0.0
04/18/2023 07:30,0.0
04/18/2023 08:00,0.0
04/18/2023 08:30,0.0
04/18/2023 09:00,0.0
04/18/2023 09:30,0.0
04/18/2023 10:00,0.0
04/18/2023 10:30,0.0
04/18/2023 11:00,0.0
04/18/2023 11:30,0.0
04/18/2023 12:00,0.0
04/18/2023 12:30,0.0
04/18/2023 13:00,0.0
04/18/2023 13:30,0.0
04/18/2023 14:00,0.0
04/18/2023 14:30,0.0
04/18/2023 15:00,0.0
04/18/2023 15:30,0.0
04/18/2023 16:00,0.0
04/18/2023 16:30,0.0
04/18/2023 17:00,0.0
04/18/2023 17:30,0.0
04/18/2023 18:00,0.0
04/18/2023 18:30,0.0
04/18/2023 19:00,0.0
04/18/2023 19:30,0.0
04/18/2023 20:00,0.0
04/18/2023 20:30,0.0
04/18/2023 21:00,0.0
04/18/2023 21:30,0.0
04/18/2023 22:00,0.0
04/18/2023 22:30,0.0
04/18/2023 23:00,0.0
04/18/2023 23:30,0.0
04/19/2023 00:00,0.0
04/19/2023 00:30,0.0
04/19/2023 01:00,0.0
04/19/2023 01:30,0.0
04/19/2023 02:00,0.0
04/19/2023 02:30,0.0
04/19/2023 03:00,0.0
04/19/2023 03:30,0.0
04/19/2023 04:00,0.0
04/19/2023 04:30,0.0
04/19/2023 05:00,0.0
04/19/2023 05:30,0.0
04/19/2023 06:00,0.0
04/19/2023 06:30,0.0
04/19/2023 07:00,0.0
04/19/2023 07:30,0.0
04/19/2023 08:00,0.0
04/19/2023 08:30,0.0
04/19/2023 09:00,0.0
04/19/2023 09:30,0.0
04/19/2023 10:00,0.0
04/19/2023 10:30,0.0
04/19/2023 11:00,0.0
04/19/2023 11:30,0.0
04/19/2023 12:00,0.0
04/19/2023 12:30,0.0
04/19/2023 13:00,0.0
04/19/2023 13:30,0.0
04/19/2023 14:00,0.0
04/19/2023 14:30,0.0
04/19/2023 15:00,0.0
04/19/2023 15:30,0.0
04/19/2023 16:00,0.0
04/19/2023 16:30,0.0
04/19/2023 17:00,0.0
04/19/2023 17:30,0.0
04/19/2023 18:00,0.0
04/19/2023 18:30,0.0
04/19/2023 19:00,0.0
04/19/2023 19:30,0.0
04/19/2023 20:00,0.0
04/19/2023 20:30,0.0
04/19/2023 21:00,0.0
04/19/2023 21:30,0.0
04/19/2023 22:00,0.0
04/19/2023 22:30,0.0
04/19/2023 23:00,0.0
04/19/2023 23:30,0.0
04/20/2023 00:00,0.0
04/20/2023 00:30,0.0
04/20/2023 01:00,0.0
04/20/2023 01:30,0.0
04/20/2023 02:00,0.0
04/20/2023 02:30,0.0
04/20/2023 03:00,0.0
04/20/2023 03:30,0.0
04/20/2023 04:00,0.0
04/20/2023 04:30,0.0
04/20/2023 05:00,0.0
04/20/2023 05:30,0.0
04/20/2023 06:00,0.0
04/20/2023 06:30,0.0
04/20/2023 07:00,0.0
04/20/2023 07:30,0.0
04/20/2023 08:00,0.0
04/20/2023 08:30,0.0
04/20/2023 09:00,0.0
04/20/2023 09:30,0.0
04/20/2023 10:00,0.0
04/20/2023 10:30,0.0
04/20/2023 11:00,0.0
04/20/2023 11:30,0.0
04/20/2023 12:00,0.0
04/20/2023 12:30,0.0
04/20/2023 13:00,0.0
04/20/2023 13:30,0.0
04/20/2023 14:00,0.0
04/20/2023 14:30,0.0
04/20/2023 15:00,0.0
04/20/2023 15:30,0.0
04/20/2023 16:00,0.0
04/20/2023 16:30,0.0
04/20/2023 17:00,0.0
04/20/2023 17:30,0.0
04/20/2023 18:00,0.0
04/20/2023 18:30,0.0
04/20/2023 19:00,0.0
04/20/2023 19:30,0.0
04/20/2023 20:00,0.0
04/20/2023 20:30,0.0
04/20/2023 21:00,0.0
04/20/2023 21:30,0.0
04/20/2023 22:00,0.0
04/20/2023 22:30,0.0
04/20/2023 23:00,0.0
04/20/2023 23:30,0.0
04/21/2023 00:00,3.826
04/21/2023 00:30,3.826
04/21/2023 01:00,3.826
04/21/2023 01:30,3.826
04/21/2023 02:00,3.826
04/21/2023 02:30,3.826
04/21/2023 03:00,3.826
04/21/2023 03:30,3.826
04/21/2023 04:00,3.826
04/21/2023 04:30,3.826
04/21/2023 05:00,3.826
04/21/2023 05:30,3.826
04/21/2023 06:00,3.826
04/21/2023 06:30,3.826
04/21/2023 07:00,3.826
04/21/2023 07:30,3.826
04/21/2023 08:00,3.826
04/21/2023 08:30,3.826
04/21/2023 09:00,3.826
04/21/2023 09:30,3.826
04/21/2023 10:00,3.826
04/21/2023 10:30,3.826
04/21/2023 11:00,3.826
04/21/2023 11:30,3.826
04/21/2023 12:00,3.826
04/21/2023 12:30,3.826
04/21/2023 13:00,3.826
04/21/2023 13:30,3.826
04/21/2023 14:00,3.826
04/21/2023 14:30,3.826
04/21/2023 15:00,3.826
04/21/2023 15:30,3.826
04/21/2023 16:00,3.826
04/21/2023 16:30,3.826
04/21/2023 17:00,3.826
04/21/2023 17:30,3.826
04/21/2023 18:00,3.826
04/21/2023 18:30,3.826
04/21/2023 19:00,3.826
04/21/2023 19:30,3.826
04/21/2023 20:00,3.826
04/21/2023 20:30,3.826
04/21/2023 21:00,3.826
04/21/2023 21:30,3.826
04/21/2023 22:00,3.826
04/21/2023 22:30,3.826
04/21/2023 23:00,3.826
04/21/2023 23:30,3.826
04/22/2023 00:00,0.954
04/22/2023 00:30,0.954
04/22/2023 01:00,0.954
04/22/2023 01:30,0.954
04/22/2023 02:00,0.954
04/22/2023 02:30,0.954
04/22/2023 03:00,0.954
04/22/2023 03:30,0.954
04/22/2023 04:00,0.954
04/22/2023 04:30,0.954
04/22/2023 05:00,0.954
04/22/2023 05:30,0.954
04/22/2023 06:00,0.954
04/22/2023 06:30,0.954
04/22/2023 07:00,0.954
04/22/2023 07:30,0.954
04/22/2023 08:00,0.954
04/22/2023 08:30,0.954
04/22/2023 09:00,0.954
04/22/2023 09:30,0.954
04/22/2023 10:00,0.954
04/22/2023 10:30,0.954
04/22/2023 11:00,0.954
04/22/2023 11:30,0.954
04/22/2023 12:00,0.954
04/22/2023 12:30,0.954
04/22/2023 13:00,0.954
04/22/2023 13:30,0.954
04/22/2023 14:00,0.954
04/22/2023 14:30,0.954
04/22/2023 15:00,0.954
04/22/2023 15:30,0.954
04/22/2023 16:00,0.954
04/22/2023 16:30,0.954
04/22/2023 17:00,0.954
04/22/2023 17:30,0.954
04/22/2023 18:00,0.954
04/22/2023 18:30,0.954
04/22/2023 19:00,0.954
04/22/2023 19:30,0.954
04/22/2023 20:00,0.954
04/22/2023 20:30,0.954
04/22/2023 21:00,0.954
04/22/2023 21:30,0.954
04/22/2023 22:00,0.954
04/22/2023 22:30,0.954
04/22/2023 23:00,0.954
04/22/2023 23:30,0.954
04/23/2023 00:00,0.954
04/23/2023 00:30,0.954
04/23/2023 01:00,0.954
04/23/2023 01:30,0.954
04/23/2023 02:00,0.954
04/23/2023 02:30,0.954
04/23/2023 03:00,0.954
04/23/2023 03:30,0.954
04/23/2023 04:00,0.954
04/23/2023 04:30,0.954
04/23/2023 05:00,0.954
04/23/2023 05:30,0.954
04/23/2023 06:00,0.954
04/23/2023 06:30,0.954
04/23/2023 07:00,0.954
04/23/2023 07:30,0.954
04/23/2023 08:00,0.954
04/23/2023 08:30,0.954
04/23/2023 09:00,0.954
04/23/2023 09:30,0.954
04/23/2023 10:00,0.954
04/23/2023 10:30,0.954
04/23/2023 11:00,0.954
04/23/2023 11:30,0.954
04/23/2023 12:00,0.954
04/23/2023 12:30,0.954
04/23/2023 13:00,0.954
04/23/2023 13:30,0.954
04/23/2023 14:00,0.954
04/23/2023 14:30,0.954
04/23/2023 15:00,0.954
04/23/2023 15:30,0.954
04/23/2023 16:00,0.954
04/23/2023 16:30,0.954
04/23/2023 17:00,0.954
04/23/2023 17:30,0.954
04/23/2023 18:00,0.954
04/23/2023 18:30,0.954
04/23/2023 19:00,0.954
04/23/2023 19:30,0.954
04/23/2023 20:00,0.954
04/23/2023 20:30,0.954
04/23/2023 21:00,0.954
04/23/2023 21:30,0.954
04/23/2023 22:00,0.954
04/23/2023 22:30,0.954
04/23/2023 23:00,0.954
04/23/2023 23:30,0.954
04/24/2023 00:00,0.336
04/24/2023 00:30,0.336
04/24/2023 01:00,0.336
04/24/2023 01:30,0.336
04/24/2023 02:00,0.336
04/24/2023 02:30,0.336
04/24/2023 03:00,0.336
04/24/2023 03:30,0.336
04/24/2023 04:00,0.336
04/24/2023 04:30,0.336
04/24/2023 05:00,0.336
04/24/2023 05:30,0.336
04/24/2023 06:00,0.336
04/24/2023 06:30,0.336
04/24/2023 07:00,0.336
04/24/2023 07:30,0.336
04/24/2023 08:00,0.336
04/24/2023 08:30,0.336
04/24/2023 09:00,0.336
04/24/2023 09:30,0.336
04/24/2023 10:00,0.336
04/24/2023 10:30,0.336
04/24/2023 11:00,0.336
04/24/2023 11:30,0.336
04/24/2023 12:00,0.336
04/24/2023 12:30,0.336
04/24/2023 13:00,0.336
04/24/2023 13:30,0.336
04/24/2023 14:00,0.336
04/24/2023 14:30,0.336
04/24/2023 15:00,0.336
04/24/2023 15:30,0.336
04/24/2023 16:00,0.336
04/24/2023 16:30,0.336
04/24/2023 17:00,0.336
04/24/2023 17:30,0.336
04/24/2023 18:00,0.336
04/24/2023 18:30,0.336
04/24/2023 19:00,0.336
04/24/2023 19:30,0.336
04/24/2023 20:00,0.336
04/24/2023 20:30,0.336
04/24/2023 21:00,0.336
04/24/2023 21:30,0.336
04/24/2023 22:00,0.336
04/24/2023 22:30,0.336
04/24/2023 23:00,0.336
04/24/2023 23:30,0.336
04/25/2023 00:00,0.118
04/25/2023 00:30,0.118
04/25/2023 01:00,0.118
04/25/2023 01:30,0.118
04/25/2023 02:00,0.118
04/25/2023 02:30,0.118
04/25/2023 03:00,0.118
04/25/2023 03:30,0.118
04/25/2023 04:00,0.118
04/25/2023 04:30,0.118
04/25/2023 05:00,0.118
04/25/2023 05:30,0.118
04/25/2023 06:00,0.118
04/25/2023 06:30,0.118
04/25/2023 07:00,0.118
04/25/2023 07:30,0.118
04/25/2023 08:00,0.118
04/25/2023 08:30,0.118
04/25/2023 09:00,0.118
04/25/2023 09:30,0.118
04/25/2023 10:00,0.118
04/25/2023 10:30,0.118
04/25/2023 11:00,0.118
04/25/2023 11:30,0.118
04/25/2023 12:00,0.118
04/25/2023 12:30,0.118
04/25/2023 13:00,0.118
04/25/2023 13:30,0.118
04/25/2023 14:00,0.118
04/25/2023 14:30,0.118
04/25/2023 15:00,0.118
04/25/2023 15:30,0.118
04/25/2023 16:00,0.118
04/25/2023 16:30,0.118
04/25/2023 17:00,0.118
04/25/2023 17:30,0.118
04/25/2023 18:00,0.118
04/25/2023 18:30,0.118
04/25/2023 19:00,0.118
04/25/2023 19:30,0.118
04/25/2023 20:00,0.118
04/25/2023 20:30,0.118
04/25/2023 21:00,0.118
04/25/2023 21:30,0.118
04/25/2023 22:00,0.118
04/25/2023 22:30,0.118
04/25/2023 23:00,0.118
04/25/2023 23:30,0.118
04/26/2023 00:00,3.259
04/26/2023 00:30,3.259
04/26/2023 01:00,3.259
04/26/2023 01:30,3.259
04/26/2023 02:00,3.259
04/26/2023 02:30,3.259
04/26/2023 03:00,3.259
04/26/2023 03:30,3.259
04/26/2023 04:00,3.259
04/26/2023 04:30,3.259
04/26/2023 05:00,3.259
04/26/2023 05:30,3.259
04/26/2023 06:00,3.259
04/26/2023 06:30,3.259
04/26/2023 07:00,3.259
04/26/2023 07:30,3.259
04/26/2023 08:00,3.259
04/26/2023 08:30,3.259
04/26/2023 09:00,3.259
04/26/2023 09:30,3.259
04/26/2023 10:00,3.259
04/26/2023 10:30,3.259
04/26/2023 11:00,3.259
04/26/2023 11:30,3.259
04/26/2023 12:00,3.259
04/26/2023 12:30,3.259
04/26/2023 13:00,3.259
04/26/2023 13:30,3.259
04/26/2023 14:00,3.259
04/26/2023 14:30,3.259
04/26/2023 15:00,3.259
04/26/2023 15:30,3.259
04/26/2023 16:00,3.259
04/26/2023 16:30,3.259
04/26/2023 17:00,3.259
04/26/2023 17:30,3.259
04/26/2023 18:00,3.259
04/26/2023 18:30,3.259
04/26/2023 19:00,3.259
04/26/2023 19:30,3.259
04/26/2023 20:00,3.259
04/26/2023 20:30,3.259
04/26/2023 21:00,3.259
04/26/2023 21:30,3.259
04/26/2023 22:00,3.259
04/26/2023 22:30,3.259
04/26/2023 23:00,3.259
04/26/2023 23:30,3.259
04/27/2023 00:00,0.954
04/27/2023 00:30,0.954
04/27/2023 01:00,0.954
04/27/2023 01:30,0.954
04/27/2023 02:00,0.954
04/27/2023 02:30,0.954
04/27/2023 03:00,0.954
04/27/2023 03:30,0.954
04/27/2023 04:00,0.954
04/27/2023 04:30,0.954
04/27/2023 05:00,0.954
04/27/2023 05:30,0.954
04/27/2023 06:00,0.954
04/27/2023 06:30,0.954
04/27/2023 07:00,0.954
04/27/2023 07:30,0.954
04/27/2023 08:00,0.954
04/27/2023 08:30,0.954
04/27/2023 09:00,0.954
04/27/2023 09:30,0.954
04/27/2023 10:00,0.954
04/27/2023 10:30,0.954
04/27/2023 11:00,0.954
04/27/2023 11:30,0.954
04/27/2023 12:00,0.954
04/27/2023 12:30,0.954
04/27/2023 13:00,0.954
04/27/2023 13:30,0.954
04/27/2023 14:00,0.954
04/27/2023 14:30,0.954
04/27/2023 15:00,0.954
04/27/2023 15:30,0.954
04/27/2023 16:00,0.954
04/27/2023 16:30,0.954
04/27/2023 17:00,0.954
04/27/2023 17:30,0.954
04/27/2023 18:00,0.954
04/27/2023 18:30,0.954
04/27/2023 19:00,0.954
04/27/2023 19:30,0.954
04/27/2023 20:00,0.954
04/27/2023 20:30,0.954
04/27/2023 21:00,0.954
04/27/2023 21:30,0.954
04/27/2023 22:00,0.954
04/27/2023 22:30,0.954
04/27/2023 23:00,0.954
04/27/2023 23:30,0.954
04/28/2023 00:00,0.618
04/28/2023 00:30,0.618
04/28/2023 01:00,0.618
04/28/2023 01:30,0.618
04/28/2023 02:00,0.618
04/28/2023 02:30,0.618
04/28/2023 03:00,0.618
04/28/2023 03:30,0.618
04/28/2023 04:00,0.618
04/28/2023 04:30,0.618
04/28/2023 05:00,0.618
04/28/2023 05:30,0.618
04/28/2023 06:00,0.618
04/28/2023 06:30,0.618
04/28/2023 07:00,0.618
04/28/2023 07:30,0.618
04/28/2023 08:00,0.618
04/28/2023 08:30,0.618
04/28/2023 09:00,0.618
04/28/2023 09:30,0.618
04/28/2023 10:00,0.618
04/28/2023 10:30,0.618
04/28/2023 11:00,0.618
04/28/2023 11:30,0.618
04/28/2023 12:00,0.618
04/28/2023 12:30,0.618
04/28/2023 13:00,0.618
04/28/2023 13:30,0.618
04/28/2023 14:00,0.618
04/28/2023 14:30,0.618
04/28/2023 15:00,0.618
04/28/2023 15:30,0.618
04/28/2023 16:00,0.618
04/28/2023 16:30,0.618
04/28/2023 17:00,0.618
04/28/2023 17:30,0.618
04/28/2023 18:00,0.618
04/28/2023 18:30,0.618
04/28/2023 19:00,0.618
04/28/2023 19:30,0.618
04/28/2023 20:00,0.618
04/28/2023 20:30,0.618
04/28/2023 21:00,0.618
04/28/2023 21:30,0.618
04/28/2023 22:00,0.618
04/28/2023 22:30,0.618
04/28/2023 23:00,0.618
04/28/2023 23:30,0.618
04/29/2023 00:00,0.618
04/29/2023 00:30,0.618
04/29/2023 01:00,0.618
04/29/2023 01:30,0.618
04/29/2023 02:00,0.618
04/29/2023 02:30,0.618
04/29/2023 03:00,0.618
04/29/2023 03:30,0.618
04/29/2023 04:00,0.618
04/29/2023 04:30,0.618
04/29/2023 05:00,0.618
04/29/2023 05:30,0.618
04/29/2023 06:00,0.618
04/29/2023 06:30,0.618
04/29/2023 07:00,0.618
04/29/2023 07:30,0.618
04/29/2023 08:00,0.618
04/29/2023 08:30,0.618
04/29/2023 09:00,0.618
04/29/2023 09:30,0.618
04/29/2023 10:00,0.618
04/29/2023 10:30,0.618
04/29/2023 11:00,0.618
04/29/2023 11:30,0.618
04/29/2023 12:00,0.618
04/29/2023 12:30,0.618
04/29/2023 13:00,0.618
04/29/2023 13:30,0.618
04/29/2023 14:00,0.618
04/29/2023 14:30,0.618
04/29/2023 15:00,0.618
04/29/2023 15:30,0.618
04/29/2023 16:00,0.618
04/29/2023 16:30,0.618
04/29/2023 17:00,0.618
04/29/2023 17:30,0.618
04/29/2023 18:00,0.618
04/29/2023 18:30,0.618
04/29/2023 19:00,0.618
04/29/2023 19:30,0.618
04/29/2023 20:00,0.618
04/29/2023 20:30,0.618
04/29/2023 21:00,0.618
04/29/2023 21:30,0.618
04/29/2023 22:00,0.618
04/29/2023 22:30,0.618
04/29/2023 23:00,0.618
04/29/2023 23:30,0.618
04/30/2023 00:00,0.336
04/30/2023 00:30,0.336
04/30/2023 01:00,0.336
04/30/2023 01:30,0.336
04/30/2023 02:00,0.336
04/30/2023 02:30,0.336
04/30/2023 03:00,0.336
04/30/2023 03:30,0.336
04/30/2023 04:00,0.336
04/30/2023 04:30,0.336
04/30/2023 05:00,0.336
04/30/2023 05:30,0.336
04/30/2023 06:00,0.336
04/30/2023 06:30,0.336
04/30/2023 07:00,0.336
04/30/2023 07:30,0.336
04/30/2023 08:00,0.336
04/30/2023 08:30,0.336
04/30/2023 09:00,0.336
04/30/2023 09:30,0.336
04/30/2023 10:00,0.336
04/30/2023 10:30,0.336
04/30/2023 11:00,0.336
04/30/2023 11:30,0.336
04/30/2023 12:00,0.336
04/30/2023 12:30,0.336
04/30/2023 13:00,0.336
04/30/2023 13:30,0.336
04/30/2023 14:00,0.336
04/30/2023 14:30,0.336
04/30/2023 15:00,0.336
04/30/2023 15:30,0.336
04/30/2023 16:00,0.336
04/30/2023 16:30,0.336
04/30/2023 17:00,0.336
04/30/2023 17:30,0.336
04/30/2023 18:00,0.336
04/30/2023 18:30,0.336
04/30/2023 19:00,0.336
04/30/2023 19:30,0.336
04/30/2023 20:00,0.336
04/30/2023 20:30,0.336
04/30/2023 21:00,0.336
04/30/2023 21:30,0.336
04/30/2023 22:00,0.336
04/30/2023 22:30,0.336
04/30/2023 23:00,0.336
04/30/2023 23:30,0.336
05/01/2023 00:00,2.725
05/01/2023 00:30,2.725
05/01/2023 01:00,2.725
05/01/2023 01:30,2.725
05/01/2023 02:00,2.725
05/01/2023 02:30,2.725
05/01/2023 03:00,2.725
05/01/2023 03:30,2.725
05/01/2023 04:00,2.725
05/01/2023 04:30,2.725
05/01/2023 05:00,2.725
05/01/2023 05:30,2.725
05/01/2023 06:00,2.725
05/01/2023 06:30,2.725
05/01/2023 07:00,2.725
05/01/2023 07:30,2.725
05/01/2023 08:00,2.725
05/01/2023 08:30,2.725
05/01/2023 09:00,2.725
05/01/2023 09:30,2.725
05/01/2023 10:00,2.725
05/01/2023 10:30,2.725
05/01/2023 11:00,2.725
05/01/2023 11:30,2.725
05/01/2023 12:00,2.725
05/01/2023 12:30,2.725
05/01/2023 13:00,2.725
05/01/2023 13:30,2.725
05/01/2023 14:00,2.725
05/01/2023 14:30,2.725
05/01/2023 15:00,2.725
05/01/2023 15:30,2.725
05/01/2023 16:00,2.725
05/01/2023 16:30,2.725
05/01/2023 17:00,2.725
05/01/2023 17:30,2.725
05/01/2023 18:00,2.725
05/01/2023 18:30,2.725
05/01/2023 19:00,2.725
05/01/2023 19:30,2.725
05/01/2023 20:00,2.725
05/01/2023 20:30,2.725
05/01/2023 21:00,2.725
05/01/2023 21:30,2.725
05/01/2023 22:00,2.725
05/01/2023 22:30,2.725
05/01/2023 23:00,2.725
05/01/2023 23:30,2.725
05/02/2023 00:00,0.618
05/02/2023 00:30,0.618
05/02/2023 01:00,0.618
05/02/2023 01:30,0.618
05/02/2023 02:00,0.618
05/02/2023 02:30,0.618
05/02/2023 03:00,0.618
05/02/2023 03:30,0.618
05/02/2023 04:00,0.618
05/02/2023 04:30,0.618
05/02/2023 05:00,0.618
05/02/2023 05:30,0.618
05/02/2023 06:00,0.618
05/02/2023 06:30,0.618
05/02/2023 07:00,0.618
05/02/2023 07:30,0.618
05/02/2023 08:00,0.618
05/02/2023 08:30,0.618
05/02/2023 09:00,0.618
05/02/2023 09:30,0.618
05/02/2023 10:00,0.618
05/02/2023 10:30,0.618
05/02/2023 11:00,0.618
05/02/2023 11:30,0.618
05/02/2023 12:00,0.618
05/02/2023 12:30,0.618
05/02/2023 13:00,0.618
05/02/2023 13:30,0.618
05/02/2023 14:00,0.618
05/02/2023 14:30,0.618
05/02/2023 15:00,0.618
05/02/2023 15:30,0.618
05/02/2023 16:00,0.618
05/02/2023 16:30,0.618
05/02/2023 17:00,0.618
05/02/2023 17:30,0.618
05/02/2023 18:00,0.618
05/02/2023 18:30,0.618
05/02/2023 19:00,0.618
05/02/2023 19:30,0.618
05/02/2023 20:00,0.618
05/02/2023 20:30,0.618
05/02/2023 21:00,0.618
05/02/2023 21:30,0.618
05/02/2023 22:00,0.618
05/02/2023 22:30,0.618
05/02/2023 23:00,0.618
05/02/2023 23:30,0.618
05/03/2023 00:00,0.118
05/03/2023 00:30,0.118
05/03/2023 01:00,0.118
05/03/2023 01:30,0.118
05/03/2023 02:00,0.118
05/03/2023 02:30,0.118
05/03/2023 03:00,0.118
05/03/2023 03:30,0.118
05/03/2023 04:00,0.118
05/03/2023 04:30,0.118
05/03/2023 05:00,0.118
05/03/2023 05:30,0.118
05/03/2023 06:00,0.118
05/03/2023 06:30,0.118
05/03/2023 07:00,0.118
05/03/2023 07:30,0.118
05/03/2023 08:00,0.118
05/03/2023 08:30,0.118
05/03/2023 09:00,0.118
05/03/2023 09:30,0.118
05/03/2023 10:00,0.118
05/03/2023 10:30,0.118
05/03/2023 11:00,0.118
05/03/2023 11:30,0.118
05/03/2023 12:00,0.118
05/03/2023 12:30,0.118
05/03/2023 13:00,0.118
05/03/2023 13:30,0.118
05/03/2023 14:00,0.118
05/03/2023 14:30,0.118
05/03/2023 15:00,0.118
05/03/2023 15:30,0.118
05/03/2023 16:00,0.118
05/03/2023 16:30,0.118
05/03/2023 17:00,0.118
05/03/2023 17:30,0.118
05/03/2023 18:00,0.118
05/03/2023 18:30,0.118
05/03/2023 19:00,0.118
05/03/2023 19:30,0.118
05/03/2023 20:00,0.118
05/03/2023 20:30,0.118
05/03/2023 21:00,0.118
05/03/2023 21:30,0.118
05/03/2023 22:00,0.118
05/03/2023 22:30,0.118
05/03/2023 23:00,0.118
05/03/2023 23:30,0.118
05/04/2023 00:00,0.118
05/04/2023 00:30,0.118
05/04/2023 01:00,0.118
05/04/2023 01:30,0.118
05/04/2023 02:00,0.118
05/04/2023 02:30,0.118
05/04/2023 03:00,0.118
05/04/2023 03:30,0.118
05/04/2023 04:00,0.118
05/04/2023 04:30,0.118
05/04/2023 05:00,0.118
05/04/2023 05:30,0.118
05/04/2023 06:00,0.118
05/04/2023 06:30,0.118
05/04/2023 07:00,0.118
05/04/2023 07:30,0.118
05/04/2023 08:00,0.118
05/04/2023 08:30,0.118
05/04/2023 09:00,0.118
05/04/2023 09:30,0.118
05/04/2023 10:00,0.118
05/04/2023 10:30,0.118
05/04/2023 11:00,0.118
05/04/2023 11:30,0.118
05/04/2023 12:00,0.118
05/04/2023 12:30,0.118
05/04/2023 13:00,0.118
05/04/2023 13:30,0.118
05/04/2023 14:00,0.118
05/04/2023 14:30,0.118
05/04/2023 15:00,0.118
05/04/2023 15:30,0.118
05/04/2023 16:00,0.118
05/04/2023 16:30,0.118
05/04/2023 17:00,0.118
05/04/2023 17:30,0.118
05/04/2023 18:00,0.118
05/04/2023 18:30,0.118
05/04/2023 19:00,0.118
05/04/2023 19:30,0.118
05/04/2023 20:00,0.118
05/04/2023 20:30,0.118
05/04/2023 21:00,0.118
05/04/2023 21:30,0.118
05/04/2023 22:00,0.118
05/04/2023 22:30,0.118
05/04/2023 23:00,0.118
05/04/2023 23:30,0.118
05/05/2023 00:00,0.618
05/05/2023 00:00,0.618
05/05/2023 00:30,0.618
05/05/2023 00:30,0.618
05/05/2023 01:00,0.618
05/05/2023 01:00,0.618
05/05/2023 01:30,0.618
05/05/2023 01:30,0.618
05/05/2023 02:00,0.618
05/05/2023 02:00,0.618
05/05/2023 02:30,0.618
05/05/2023 02:30,0.618
05/05/2023 03:00,0.618
05/05/2023 03:00,0.618
05/05/2023 03:30,0.618
05/05/2023 03:30,0.618
05/05/2023 04:00,0.618
05/05/2023 04:00,0.618
05/05/2023 04:30,0.618
05/05/2023 04:30,0.618
05/05/2023 05:00,0.618
05/05/2023 05:00,0.618
05/05/2023 05:30,0.618
05/05/2023 05:30,0.618
05/05/2023 06:00,0.618
05/05/2023 06:00,0.618
05/05/2023 06:30,0.618
05/05/2023 06:30,0.618
05/05/2023 07:00,0.618
05/05/2023 07:00,0.618
05/05/2023 07:30,0.618
05/05/2023 07:30,0.618
05/05/2023 08:00,0.618
05/05/2023 08:00,0.618
05/05/2023 08:30,0.618
05/05/2023 08:30,0.618
05/05/2023 09:00,0.618
05/05/2023 09:00,0.618
05/05/2023 09:30,0.618
05/05/2023 09:30,0.618
05/05/2023 10:00,0.618
05/05/2023 10:00,0.618
05/05/2023 10:30,0.618
05/05/2023 10:30,0.618
05/05/2023 11:00,0.618
05/05/2023 11:00,0.618
05/05/2023 11:30,0.618
05/05/2023 11:30,0.618
05/05/2023 12:00,0.618
05/05/2023 12:00,0.618
05/05/2023 12:30,0.618
05/05/2023 12:30,0.618
05/05/2023 13:00,0.618
05/05/2023 13:00,0.618
05/05/2023 13:30,0.618
05/05/2023 13:30,0.618
05/05/2023 14:00,0.618
05/05/2023 14:00,0.618
05/05/2023 14:30,0.618
05/05/2023 14:30,0.618
05/05/2023 15:00,0.618
05/05/2023 15:00,0.618
05/05/2023 15:30,0.618
05/05/2023 15:30,0.618
05/05/2023 16:00,0.618
05/05/2023 16:00,0.618
05/05/2023 16:30,0.618
05/05/2023 16:30,0.618
05/05/2023 17:00,0.618
05/05/2023 17:00,0.618
05/05/2023 17:30,0.618
05/05/2023 17:30,0.618
05/05/2023 18:00,0.618
05/05/2023 18:00,0.618
05/05/2023 18:30,0.618
05/05/2023 18:30,0.618
05/05/2023 19:00,0.618
05/05/2023 19:00,0.618
05/05/2023 19:30,0.618
05/05/2023 19:30,0.618
05/05/2023 20:00,0.618
05/05/2023 20:00,0.618
05/05/2023 20:30,0.618
05/05/2023 20:30,0.618
05/05/2023 21:00,0.618
05/05/2023 21:00,0.618
05/05/2023 21:30,0.618
05/05/2023 21:30,0.618
05/05/2023 22:00,0.618
05/05/2023 22:00,0.618
05/05/2023 22:30,0.618
05/05/2023 22:30,0.618
05/05/2023 23:00,0.618
05/05/2023 23:00,0.618
05/05/2023 23:30,0.618
05/05/2023 23:30,0.618
05/06/2023 00:00,0.618
05/06/2023 00:30,0.618
05/06/2023 01:00,0.618
05/06/2023 01:30,0.618
05/06/2023 02:00,0.618
05/06/2023 02:30,0.618
05/06/2023 03:00,0.618
05/06/2023 03:30,0.618
05/06/2023 04:00,0.618
05/06/2023 04:30,0.618
05/06/2023 05:00,0.618
05/06/2023 05:30,0.618
05/06/2023 06:00,0.618
05/06/2023 06:30,0.618
05/06/2023 07:00,0.618
05/06/2023 07:30,0.618
05/06/2023 08:00,0.618
05/06/2023 08:30,0.618
05/06/2023 09:00,0.618
05/06/2023 09:30,0.618
05/06/2023 10:00,0.618
05/06/2023 10:30,0.618
05/06/2023 11:00,0.618
05/06/2023 11:30,0.618
05/06/2023 12:00,0.618
05/06/2023 12:30,0.618
05/06/2023 13:00,0.618
05/06/2023 13:30,0.618
05/06/2023 14:00,0.618
05/06/2023 14:30,0.618
05/06/2023 15:00,0.618
05/06/2023 15:30,0.618
05/06/2023 16:00,0.618
05/06/2023 16:30,0.618
05/06/2023 17:00,0.618
05/06/2023 17:30,0.618
05/06/2023 18:00,0.618
05/06/2023 18:30,0.618
05/06/2023 19:00,0.618
05/06/2023 19:30,0.618
05/06/2023 20:00,0.618
05/06/2023 20:30,0.618
05/06/2023 21:00,0.618
05/06/2023 21:30,0.618
05/06/2023 22:00,0.618
05/06/2023 22:30,0.618
05/06/2023 23:00,0.618
05/06/2023 23:30,0.618
05/07/2023 00:00,0.336
05/07/2023 00:30,0.336
05/07/2023 01:00,0.336
05/07/2023 01:30,0.336
05/07/2023 02:00,0.336
05/07/2023 02:30,0.336
05/07/2023 03:00,0.336
05/07/2023 03:30,0.336
05/07/2023 04:00,0.336
05/07/2023 04:30,0.336
05/07/2023 05:00,0.336
05/07/2023 05:30,0.336
05/07/2023 06:00,0.336
05/07/2023 06:30,0.336
05/07/2023 07:00,0.336
05/07/2023 07:30,0.336
05/07/2023 08:00,0.336
05/07/2023 08:30,0.336
05/07/2023 09:00,0.336
05/07/2023 09:30,0.336
05/07/2023 10:00,0.336
05/07/2023 10:30,0.336
05/07/2023 11:00,0.336
05/07/2023 11:30,0.336
05/07/2023 12:00,0.336
05/07/2023 12:30,0.336
05/07/2023 13:00,0.336
05/07/2023 13:30,0.336
05/07/2023 14:00,0.336
05/07/2023 14:30,0.336
05/07/2023 15:00,0.336
05/07/2023 15:30,0.336
05/07/2023 16:00,0.336
05/07/2023 16:30,0.336
05/07/2023 17:00,0.336
05/07/2023 17:30,0.336
05/07/2023 18:00,0.336
05/07/2023 18:30,0.336
05/07/2023 19:00,0.336
05/07/2023 19:30,0.336
05/07/2023 20:00,0.336
05/07/2023 20:30,0.336
05/07/2023 21:00,0.336
05/07/2023 21:30,0.336
05/07/2023 22:00,0.336
05/07/2023 22:30,0.336
05/07/2023 23:00,0.336
05/07/2023 23:30,0.336
05/08/2023 00:00,0.618
05/08/2023 00:30,0.618
05/08/2023 01:00,0.618
05/08/2023 01:30,0.618
05/08/2023 02:00,0.618
05/08/2023 02:30,0.618
05/08/2023 03:00,0.618
05/08/2023 03:30,0.618
05/08/2023 04:00,0.618
05/08/2023 04:30,0.618
05/08/2023 05:00,0.618
05/08/2023 05:30,0.618
05/08/2023 06:00,0.618
05/08/2023 06:30,0.618
05/08/2023 07:00,0.618
05/08/2023 07:30,0.618
05/08/2023 08:00,0.618
05/08/2023 08:30,0.618
05/08/2023 09:00,0.618
05/08/2023 09:30,0.618
05/08/2023 10:00,0.618
05/08/2023 10:30,0.618
05/08/2023 11:00,0.618
05/08/2023 11:30,0.618
05/08/2023 12:00,0.618
05/08/2023 12:30,0.618
05/08/2023 13:00,0.618
05/08/2023 13:30,0.618
05/08/2023 14:00,0.618
05/08/2023 14:30,0.618
05/08/2023 15:00,0.618
05/08/2023 15:30,0.618
05/08/2023 16:00,0.618
05/08/2023 16:30,0.618
05/08/2023 17:00,0.618
05/08/2023 17:30,0.618
05/08/2023 18:00,0.618
05/08/2023 18:30,0.618
05/08/2023 19:00,0.618
05/08/2023 19:30,0.618
05/08/2023 20:00,0.618
05/08/2023 20:30,0.618
05/08/2023 21:00,0.618
05/08/2023 21:30,0.618
05/08/2023 22:00,0.618
05/08/2023 22:30,0.618
05/08/2023 23:00,0.618
05/08/2023 23:30,0.618
05/09/2023 00:00,0.118
05/09/2023 00:30,0.118
05/09/2023 01:00,0.118
05/09/2023 01:30,0.118
05/09/2023 02:00,0.118
05/09/2023 02:30,0.118
05/09/2023 03:00,0.118
05/09/2023 03:30,0.118
05/09/2023 04:00,0.118
05/09/2023 04:30,0.118
05/09/2023 05:00,0.118
05/09/2023 05:30,0.118
05/09/2023 06:00,0.118
05/09/2023 06:30,0.118
05/09/2023 07:00,0.118
05/09/2023 07:30,0.118
05/09/2023 08:00,0.118
05/09/2023 08:30,0.118
05/09/2023 09:00,0.118
05/09/2023 09:30,0.118
05/09/2023 10:00,0.118
05/09/2023 10:30,0.118
05/09/2023 11:00,0.118
05/09/2023 11:30,0.118
05/09/2023 12:00,0.118
05/09/2023 12:30,0.118
05/09/2023 13:00,0.118
05/09/2023 13:30,0.118
05/09/2023 14:00,0.118
05/09/2023 14:30,0.118
05/09/2023 15:00,0.118
05/09/2023 15:30,0.118
05/09/2023 16:00,0.118
05/09/2023 16:30,0.118
05/09/2023 17:00,0.118
05/09/2023 17:30,0.118
05/09/2023 18:00,0.118
05/09/2023 18:30,0.118
05/09/2023 19:00,0.118
05/09/2023 19:30,0.118
05/09/2023 20:00,0.118
05/09/2023 20:30,0.118
05/09/2023 21:00,0.118
05/09/2023 21:30,0.118
05/09/2023 22:00,0.118
05/09/2023 22:30,0.118
05/09/2023 23:00,0.118
05/09/2023 23:30,0.118
05/10/2023 00:00,12.839
05/10/2023 00:30,12.839
05/10/2023 01:00,12.839
05/10/2023 01:30,12.839
05/10/2023 02:00,12.839
05/10/2023 02:30,12.839
05/10/2023 03:00,12.839
05/10/2023 03:30,12.839
05/10/2023 04:00,12.839
05/10/2023 04:30,12.839
05/10/2023 05:00,12.839
05/10/2023 05:30,12.839
05/10/2023 06:00,12.839
05/10/2023 06:30,12.839
05/10/2023 07:00,12.839
05/10/2023 07:30,12.839
05/10/2023 08:00,12.839
05/10/2023 08:30,12.839
05/10/2023 09:00,12.839
05/10/2023 09:30,12.839
05/10/2023 10:00,12.839
05/10/2023 10:30,12.839
05/10/2023 11:00,12.839
05/10/2023 11:30,12.839
05/10/2023 12:00,12.839
05/10/2023 12:30,12.839
05/10/2023 13:00,12.839
05/10/2023 13:30,12.839
05/10/2023 14:00,12.839
05/10/2023 14:30,12.839
05/10/2023 15:00,12.839
05/10/2023 15:30,12.839
05/10/2023 16:00,12.839
05/10/2023 16:30,12.839
05/10/2023 17:00,12.839
05/10/2023 17:30,12.839
05/10/2023 18:00,12.839
05/10/2023 18:30,12.839
05/10/2023 19:00,12.839
05/10/2023 19:30,12.839
05/10/2023 20:00,12.839
05/10/2023 20:30,12.839
05/10/2023 21:00,12.839
05/10/2023 21:30,12.839
05/10/2023 22:00,12.839
05/10/2023 22:30,12.839
05/10/2023 23:00,12.839
05/10/2023 23:30,12.839
05/11/2023 00:00,6.398
05/11/2023 00:30,6.398
05/11/2023 01:00,6.398
05/11/2023 01:30,6.398
05/11/2023 02:00,6.398
05/11/2023 02:30,6.398
05/11/2023 03:00,6.398
05/11/2023 03:30,6.398
05/11/2023 04:00,6.398
05/11/2023 04:30,6.398
05/11/2023 05:00,6.398
05/11/2023 05:30,6.398
05/11/2023 06:00,6.398
05/11/2023 06:30,6.398
05/11/2023 07:00,6.398
05/11/2023 07:30,6.398
05/11/2023 08:00,6.398
05/11/2023 08:30,6.398
05/11/2023 09:00,6.398
05/11/2023 09:30,6.398
05/11/2023 10:00,6.398
05/11/2023 10:30,6.398
05/11/2023 11:00,6.398
05/11/2023 11:30,6.398
05/11/2023 12:00,6.398
05/11/2023 12:30,6.398
05/11/2023 13:00,6.398
05/11/2023 13:30,6.398
05/11/2023 14:00,6.398
05/11/2023 14:30,6.398
05/11/2023 15:00,6.398
05/11/2023 15:30,6.398
05/11/2023 16:00,6.398
05/11/2023 16:30,6.398
05/11/2023 17:00,6.398
05/11/2023 17:30,6.398
05/11/2023 18:00,6.398
05/11/2023 18:30,6.398
05/11/2023 19:00,6.398
05/11/2023 19:30,6.398
05/11/2023 20:00,6.398
05/11/2023 20:30,6.398
05/11/2023 21:00,6.398
05/11/2023 21:30,6.398
05/11/2023 22:00,6.398
05/11/2023 22:30,6.398
05/11/2023 23:00,6.398
05/11/2023 23:30,6.398
05/12/2023 00:00,1.761
05/12/2023 00:30,1.761
05/12/2023 01:00,1.761
05/12/2023 01:30,1.761
05/12/2023 02:00,1.761
05/12/2023 02:30,1.761
05/12/2023 03:00,1.761
05/12/2023 03:30,1.761
05/12/2023 04:00,1.761
05/12/2023 04:30,1.761
05/12/2023 05:00,1.761
05/12/2023 05:30,1.761
05/12/2023 06:00,1.761
05/12/2023 06:30,1.761
05/12/2023 07:00,1.761
05/12/2023 07:30,1.761
05/12/2023 08:00,1.761
05/12/2023 08:30,1.761
05/12/2023 09:00,1.761
05/12/2023 09:30,1.761
05/12/2023 10:00,1.761
05/12/2023 10:30,1.761
05/12/2023 11:00,1.761
05/12/2023 11:30,1.761
05/12/2023 12:00,1.761
05/12/2023 12:30,1.761
05/12/2023 13:00,1.761
05/12/2023 13:30,1.761
05/12/2023 14:00,1.761
05/12/2023 14:30,1.761
05/12/2023 15:00,1.761
05/12/2023 15:30,1.761
05/12/2023 16:00,1.761
05/12/2023 16:30,1.761
05/12/2023 17:00,1.761
05/12/2023 17:30,1.761
05/12/2023 18:00,1.761
05/12/2023 18:30,1.761
05/12/2023 19:00,1.761
05/12/2023 19:30,1.761
05/12/2023 20:00,1.761
05/12/2023 20:30,1.761
05/12/2023 21:00,1.761
05/12/2023 21:30,1.761
05/12/2023 22:00,1.761
05/12/2023 22:30,1.761
05/12/2023 23:00,1.761
05/12/2023 23:30,1.761
05/13/2023 00:00,1.337
05/13/2023 00:30,1.337
05/13/2023 01:00,1.337
05/13/2023 01:30,1.337
05/13/2023 02:00,1.337
05/13/2023 02:30,1.337
05/13/2023 03:00,1.337
05/13/2023 03:30,1.337
05/13/2023 04:00,1.337
05/13/2023 04:30,1.337
05/13/2023 05:00,1.337
05/13/2023 05:30,1.337
05/13/2023 06:00,1.337
05/13/2023 06:30,1.337
05/13/2023 07:00,1.337
05/13/2023 07:30,1.337
05/13/2023 08:00,1.337
05/13/2023 08:30,1.337
05/13/2023 09:00,1.337
05/13/2023 09:30,1.337
05/13/2023 10:00,1.337
05/13/2023 10:30,1.337
05/13/2023 11:00,1.337
05/13/2023 11:30,1.337
05/13/2023 12:00,1.337
05/13/2023 12:30,1.337
05/13/2023 13:00,1.337
05/13/2023 13:30,1.337
05/13/2023 14:00,1.337
05/13/2023 14:30,1.337
05/13/2023 15:00,1.337
05/13/2023 15:30,1.337
05/13/2023 16:00,1.337
05/13/2023 16:30,1.337
05/13/2023 17:00,1.337
05/13/2023 17:30,1.337
05/13/2023 18:00,1.337
05/13/2023 18:30,1.337
05/13/2023 19:00,1.337
05/13/2023 19:30,1.337
05/13/2023 20:00,1.337
05/13/2023 20:30,1.337
05/13/2023 21:00,1.337
05/13/2023 21:30,1.337
05/13/2023 22:00,1.337
05/13/2023 22:30,1.337
05/13/2023 23:00,1.337
05/13/2023 23:30,1.337
05/14/2023 00:00,0.954
05/14/2023 00:30,0.954
05/14/2023 01:00,0.954
05/14/2023 01:30,0.954
05/14/2023 02:00,0.954
05/14/2023 02:30,0.954
05/14/2023 03:00,0.954
05/14/2023 03:30,0.954
05/14/2023 04:00,0.954
05/14/2023 04:30,0.954
05/14/2023 05:00,0.954
05/14/2023 05:30,0.954
05/14/2023 06:00,0.954
05/14/2023 06:30,0.954
05/14/2023 07:00,0.954
05/14/2023 07:30,0.954
05/14/2023 08:00,0.954
05/14/2023 08:30,0.954
05/14/2023 09:00,0.954
05/14/2023 09:30,0.954
05/14/2023 10:00,0.954
05/14/2023 10:30,0.954
05/14/2023 11:00,0.954
05/14/2023 11:30,0.954
05/14/2023 12:00,0.954
05/14/2023 12:30,0.954
05/14/2023 13:00,0.954
05/14/2023 13:30,0.954
05/14/2023 14:00,0.954
05/14/2023 14:30,0.954
05/14/2023 15:00,0.954
05/14/2023 15:30,0.954
05/14/2023 16:00,0.954
05/14/2023 16:30,0.954
05/14/2023 17:00,0.954
05/14/2023 17:30,0.954
05/14/2023 18:00,0.954
05/14/2023 18:30,0.954
05/14/2023 19:00,0.954
05/14/2023 19:30,0.954
05/14/2023 20:00,0.954
05/14/2023 20:30,0.954
05/14/2023 21:00,0.954
05/14/2023 21:30,0.954
05/14/2023 22:00,0.954
05/14/2023 22:30,0.954
05/14/2023 23:00,0.954
05/14/2023 23:30,0.954
05/15/2023 00:00,0.336
05/15/2023 00:30,0.336
05/15/2023 01:00,0.336
05/15/2023 01:30,0.336
05/15/2023 02:00,0.336
05/15/2023 02:30,0.336
05/15/2023 03:00,0.336
05/15/2023 03:30,0.336
05/15/2023 04:00,0.336
05/15/2023 04:30,0.336
05/15/2023 05:00,0.336
05/15/2023 05:30,0.336
05/15/2023 06:00,0.336
05/15/2023 06:30,0.336
05/15/2023 07:00,0.336
05/15/2023 07:30,0.336
05/15/2023 08:00,0.336
05/15/2023 08:30,0.336
05/15/2023 09:00,0.336
05/15/2023 09:30,0.336
05/15/2023 10:00,0.336
05/15/2023 10:30,0.336
05/15/2023 11:00,0.336
05/15/2023 11:30,0.336
05/15/2023 12:00,0.336
05/15/2023 12:30,0.336
05/15/2023 13:00,0.336
05/15/2023 13:30,0.336
05/15/2023 14:00,0.336
05/15/2023 14:30,0.336
05/15/2023 15:00,0.336
05/15/2023 15:30,0.336
05/15/2023 16:00,0.336
05/15/2023 16:30,0.336
05/15/2023 17:00,0.336
05/15/2023 17:30,0.336
05/15/2023 18:00,0.336
05/15/2023 18:30,0.336
05/15/2023 19:00,0.336
05/15/2023 19:30,0.336
05/15/2023 20:00,0.336
05/15/2023 20:30,0.336
05/15/2023 21:00,0.336
05/15/2023 21:30,0.336
05/15/2023 22:00,0.336
05/15/2023 22:30,0.336
05/15/2023 23:00,0.336
05/15/2023 23:30,0.336
05/16/2023 00:00,1.337
05/16/2023 00:30,1.337
05/16/2023 01:00,1.337
05/16/2023 01:30,1.337
05/16/2023 02:00,1.337
05/16/2023 02:30,1.337
05/16/2023 03:00,1.337
05/16/2023 03:30,1.337
05/16/2023 04:00,1.337
05/16/2023 04:30,1.337
05/16/2023 05:00,1.337
05/16/2023 05:30,1.337
05/16/2023 06:00,1.337
05/16/2023 06:30,1.337
05/16/2023 07:00,1.337
05/16/2023 07:30,1.337
05/16/2023 08:00,1.337
05/16/2023 08:30,1.337
05/16/2023 09:00,1.337
05/16/2023 09:30,1.337
05/16/2023 10:00,1.337
05/16/2023 10:30,1.337
05/16/2023 11:00,1.337
05/16/2023 11:30,1.337
05/16/2023 12:00,1.337
05/16/2023 12:30,1.337
05/16/2023 13:00,1.337
05/16/2023 13:30,1.337
05/16/2023 14:00,1.337
05/16/2023 14:30,1.337
05/16/2023 15:00,1.337
05/16/2023 15:30,1.337
05/16/2023 16:00,1.337
05/16/2023 16:30,1.337
05/16/2023 17:00,1.337
05/16/2023 17:30,1.337
05/16/2023 18:00,1.337
05/16/2023 18:30,1.337
05/16/2023 19:00,1.337
05/16/2023 19:30,1.337
05/16/2023 20:00,1.337
05/16/2023 20:30,1.337
05/16/2023 21:00,1.337
05/16/2023 21:30,1.337
05/16/2023 22:00,1.337
05/16/2023 22:30,1.337
05/16/2023 23:00,1.337
05/16/2023 23:30,1.337
05/17/2023 00:00,3.259
05/17/2023 00:30,3.259
05/17/2023 01:00,3.259
05/17/2023 01:30,3.259
05/17/2023 02:00,3.259
05/17/2023 02:30,3.259
05/17/2023 03:00,3.259
05/17/2023 03:30,3.259
05/17/2023 04:00,3.259
05/17/2023 04:30,3.259
05/17/2023 05:00,3.259
05/17/2023 05:30,3.259
05/17/2023 06:00,3.259
05/17/2023 06:30,3.259
05/17/2023 07:00,3.259
05/17/2023 07:30,3.259
05/17/2023 08:00,3.259
05/17/2023 08:30,3.259
05/17/2023 09:00,3.259
05/17/2023 09:30,3.259
05/17/2023 10:00,3.259
05/17/2023 10:30,3.259
05/17/2023 11:00,3.259
05/17/2023 11:30,3.259
05/17/2023 12:00,3.259
05/17/2023 12:30,3.259
05/17/2023 13:00,3.259
05/17/2023 13:30,3.259
05/17/2023 14:00,3.259
05/17/2023 14:30,3.259
05/17/2023 15:00,3.259
05/17/2023 15:30,3.259
05/17/2023 16:00,3.259
05/17/2023 16:30,3.259
05/17/2023 17:00,3.259
05/17/2023 17:30,3.259
05/17/2023 18:00,3.259
05/17/2023 18:30,3.259
05/17/2023 19:00,3.259
05/17/2023 19:30,3.259
05/17/2023 20:00,3.259
05/17/2023 20:30,3.259
05/17/2023 21:00,3.259
05/17/2023 21:30,3.259
05/17/2023 22:00,3.259
05/17/2023 22:30,3.259
05/17/2023 23:00,3.259
05/17/2023 23:30,3.259
05/18/2023 00:00,1.761
05/18/2023 00:30,1.761
05/18/2023 01:00,1.761
05/18/2023 01:30,1.761
05/18/2023 02:00,1.761
05/18/2023 02:30,1.761
05/18/2023 03:00,1.761
05/18/2023 03:30,1.761
05/18/2023 04:00,1.761
05/18/2023 04:30,1.761
05/18/2023 05:00,1.761
05/18/2023 05:30,1.761
05/18/2023 06:00,1.761
05/18/2023 06:30,1.761
05/18/2023 07:00,1.761
05/18/2023 07:30,1.761
05/18/2023 08:00,1.761
05/18/2023 08:30,1.761
05/18/2023 09:00,1.761
05/18/2023 09:30,1.761
05/18/2023 10:00,1.761
05/18/2023 10:30,1.761
05/18/2023 11:00,1.761
05/18/2023 11:30,1.761
05/18/2023 12:00,1.761
05/18/2023 12:30,1.761
05/18/2023 13:00,1.761
05/18/2023 13:30,1.761
05/18/2023 14:00,1.761
05/18/2023 14:30,1.761
05/18/2023 15:00,1.761
05/18/2023 15:30,1.761
05/18/2023 16:00,1.761
05/18/2023 16:30,1.761
05/18/2023 17:00,1.761
05/18/2023 17:30,1.761
05/18/2023 18:00,1.761
05/18/2023 18:30,1.761
05/18/2023 19:00,1.761
05/18/2023 19:30,1.761
05/18/2023 20:00,1.761
05/18/2023 20:30,1.761
05/18/2023 21:00,1.761
05/18/2023 21:30,1.761
05/18/2023 22:00,1.761
05/18/2023 22:30,1.761
05/18/2023 23:00,1.761
05/18/2023 23:30,1.761
05/19/2023 00:00,0.954
05/19/2023 00:30,0.954
05/19/2023 01:00,0.954
05/19/2023 01:30,0.954
05/19/2023 02:00,0.954
05/19/2023 02:30,0.954
05/19/2023 03:00,0.954
05/19/2023 03:30,0.954
05/19/2023 04:00,0.954
05/19/2023 04:30,0.954
05/19/2023 05:00,0.954
05/19/2023 05:30,0.954
05/19/2023 06:00,0.954
05/19/2023 06:30,0.954
05/19/2023 07:00,0.954
05/19/2023 07:30,0.954
05/19/2023 08:00,0.954
05/19/2023 08:30,0.954
05/19/2023 09:00,0.954
05/19/2023 09:30,0.954
05/19/2023 10:00,0.954
05/19/2023 10:30,0.954
05/19/2023 11:00,0.954
05/19/2023 11:30,0.954
05/19/2023 12:00,0.954
05/19/2023 12:30,0.954
05/19/2023 13:00,0.954
05/19/2023 13:30,0.954
05/19/2023 14:00,0.954
05/19/2023 14:30,0.954
05/19/2023 15:00,0.954
05/19/2023 15:30,0.954
05/19/2023 16:00,0.954
05/19/2023 16:30,0.954
05/19/2023 17:00,0.954
05/19/2023 17:30,0.954
05/19/2023 18:00,0.954
05/19/2023 18:30,0.954
05/19/2023 19:00,0.954
05/19/2023 19:30,0.954
05/19/2023 20:00,0.954
05/19/2023 20:30,0.954
05/19/2023 21:00,0.954
05/19/2023 21:30,0.954
05/19/2023 22:00,0.954
05/19/2023 22:30,0.954
05/19/2023 23:00,0.954
05/19/2023 23:30,0.954
05/20/2023 00:00,1.337
05/20/2023 00:30,1.337
05/20/2023 01:00,1.337
05/20/2023 01:30,1.337
05/20/2023 02:00,1.337
05/20/2023 02:30,1.337
05/20/2023 03:00,1.337
05/20/2023 03:30,1.337
05/20/2023 04:00,1.337
05/20/2023 04:30,1.337
05/20/2023 05:00,1.337
05/20/2023 05:30,1.337
05/20/2023 06:00,1.337
05/20/2023 06:30,1.337
05/20/2023 07:00,1.337
05/20/2023 07:30,1.337
05/20/2023 08:00,1.337
05/20/2023 08:30,1.337
05/20/2023 09:00,1.337
05/20/2023 09:30,1.337
05/20/2023 10:00,1.337
05/20/2023 10:30,1.337
05/20/2023 11:00,1.337
05/20/2023 11:30,1.337
05/20/2023 12:00,1.337
05/20/2023 12:30,1.337
05/20/2023 13:00,1.337
05/20/2023 13:30,1.337
05/20/2023 14:00,1.337
05/20/2023 14:30,1.337
05/20/2023 15:00,1.337
05/20/2023 15:30,1.337
05/20/2023 16:00,1.337
05/20/2023 16:30,1.337
05/20/2023 17:00,1.337
05/20/2023 17:30,1.337
05/20/2023 18:00,1.337
05/20/2023 18:30,1.337
05/20/2023 19:00,1.337
05/20/2023 19:30,1.337
05/20/2023 20:00,1.337
05/20/2023 20:30,1.337
05/20/2023 21:00,1.337
05/20/2023 21:30,1.337
05/20/2023 22:00,1.337
05/20/2023 22:30,1.337
05/20/2023 23:00,1.337
05/20/2023 23:30,1.337
05/21/2023 00:00,0.618
05/21/2023 00:30,0.618
05/21/2023 01:00,0.618
05/21/2023 01:30,0.618
05/21/2023 02:00,0.618
05/21/2023 02:30,0.618
05/21/2023 03:00,0.618
05/21/2023 03:30,0.618
05/21/2023 04:00,0.618
05/21/2023 04:30,0.618
05/21/2023 05:00,0.618
05/21/2023 05:30,0.618
05/21/2023 06:00,0.618
05/21/2023 06:30,0.618
05/21/2023 07:00,0.618
05/21/2023 07:30,0.618
05/21/2023 08:00,0.618
05/21/2023 08:30,0.618
05/21/2023 09:00,0.618
05/21/2023 09:30,0.618
05/21/2023 10:00,0.618
05/21/2023 10:30,0.618
05/21/2023 11:00,0.618
05/21/2023 11:30,0.618
05/21/2023 12:00,0.618
05/21/2023 12:30,0.618
05/21/2023 13:00,0.618
05/21/2023 13:30,0.618
05/21/2023 14:00,0.618
05/21/2023 14:30,0.618
05/21/2023 15:00,0.618
05/21/2023 15:30,0.618
05/21/2023 16:00,0.618
05/21/2023 16:30,0.618
05/21/2023 17:00,0.618
05/21/2023 17:30,0.618
05/21/2023 18:00,0.618
05/21/2023 18:30,0.618
05/21/2023 19:00,0.618
05/21/2023 19:30,0.618
05/21/2023 20:00,0.618
05/21/2023 20:30,0.618
05/21/2023 21:00,0.618
05/21/2023 21:30,0.618
05/21/2023 22:00,0.618
05/21/2023 22:30,0.618
05/21/2023 23:00,0.618
05/21/2023 23:30,0.618
05/22/2023 00:00,0.336
05/22/2023 00:30,0.336
05/22/2023 01:00,0.336
05/22/2023 01:30,0.336
05/22/2023 02:00,0.336
05/22/2023 02:30,0.336
05/22/2023 03:00,0.336
05/22/2023 03:30,0.336
05/22/2023 04:00,0.336
05/22/2023 04:30,0.336
05/22/2023 05:00,0.336
05/22/2023 05:30,0.336
05/22/2023 06:00,0.336
05/22/2023 06:30,0.336
05/22/2023 07:00,0.336
05/22/2023 07:30,0.336
05/22/2023 08:00,0.336
05/22/2023 08:30,0.336
05/22/2023 09:00,0.336
05/22/2023 09:30,0.336
05/22/2023 10:00,0.336
05/22/2023 10:30,0.336
05/22/2023 11:00,0.336
05/22/2023 11:30,0.336
05/22/2023 12:00,0.336
05/22/2023 12:30,0.336
05/22/2023 13:00,0.336
05/22/2023 13:30,0.336
05/22/2023 14:00,0.336
05/22/2023 14:30,0.336
05/22/2023 15:00,0.336
05/22/2023 15:30,0.336
05/22/2023 16:00,0.336
05/22/2023 16:30,0.336
05/22/2023 17:00,0.336
05/22/2023 17:30,0.336
05/22/2023 18:00,0.336
05/22/2023 18:30,0.336
05/22/2023 19:00,0.336
05/22/2023 19:30,0.336
05/22/2023 20:00,0.336
05/22/2023 20:30,0.336
05/22/2023 21:00,0.336
05/22/2023 21:30,0.336
05/22/2023 22:00,0.336
05/22/2023 22:30,0.336
05/22/2023 23:00,0.336
05/22/2023 23:30,0.336
05/23/2023 00:00,9.415
05/23/2023 00:30,9.415
05/23/2023 01:00,9.415
05/23/2023 01:30,9.415
05/23/2023 02:00,9.415
05/23/2023 02:30,9.415
05/23/2023 03:00,9.415
05/23/2023 03:30,9.415
05/23/2023 04:00,9.415
05/23/2023 04:30,9.415
05/23/2023 05:00,9.415
05/23/2023 05:30,9.415
05/23/2023 06:00,9.415
05/23/2023 06:30,9.415
05/23/2023 07:00,9.415
05/23/2023 07:30,9.415
05/23/2023 08:00,9.415
05/23/2023 08:30,9.415
05/23/2023 09:00,9.415
05/23/2023 09:30,9.415
05/23/2023 10:00,9.415
05/23/2023 10:30,9.415
05/23/2023 11:00,9.415
05/23/2023 11:30,9.415
05/23/2023 12:00,9.415
05/23/2023 12:30,9.415
05/23/2023 13:00,9.415
05/23/2023 13:30,9.415
05/23/2023 14:00,9.415
05/23/2023 14:30,9.415
05/23/2023 15:00,9.415
05/23/2023 15:30,9.415
05/23/2023 16:00,9.415
05/23/2023 16:30,9.415
05/23/2023 17:00,9.415
05/23/2023 17:30,9.415
05/23/2023 18:00,9.415
05/23/2023 18:30,9.415
05/23/2023 19:00,9.415
05/23/2023 19:30,9.415
05/23/2023 20:00,9.415
05/23/2023 20:30,9.415
05/23/2023 21:00,9.415
05/23/2023 21:30,9.415
05/23/2023 22:00,9.415
05/23/2023 22:30,9.415
05/23/2023 23:00,9.415
05/23/2023 23:30,9.415
05/24/2023 00:00,0.336
05/24/2023 00:30,0.336
05/24/2023 01:00,0.336
05/24/2023 01:30,0.336
05/24/2023 02:00,0.336
05/24/2023 02:30,0.336
05/24/2023 03:00,0.336
05/24/2023 03:30,0.336
05/24/2023 04:00,0.336
05/24/2023 04:30,0.336
05/24/2023 05:00,0.336
05/24/2023 05:30,0.336
05/24/2023 06:00,0.336
05/24/2023 06:30,0.336
05/24/2023 07:00,0.336
05/24/2023 07:30,0.336
05/24/2023 08:00,0.336
05/24/2023 08:30,0.336
05/24/2023 09:00,0.336
05/24/2023 09:30,0.336
05/24/2023 10:00,0.336
05/24/2023 10:30,0.336
05/24/2023 11:00,0.336
05/24/2023 11:30,0.336
05/24/2023 12:00,0.336
05/24/2023 12:30,0.336
05/24/2023 13:00,0.336
05/24/2023 13:30,0.336
05/24/2023 14:00,0.336
05/24/2023 14:30,0.336
05/24/2023 15:00,0.336
05/24/2023 15:30,0.336
05/24/2023 16:00,0.336
05/24/2023 16:30,0.336
05/24/2023 17:00,0.336
05/24/2023 17:30,0.336
05/24/2023 18:00,0.336
05/24/2023 18:30,0.336
05/24/2023 19:00,0.336
05/24/2023 19:30,0.336
05/24/2023 20:00,0.336
05/24/2023 20:30,0.336
05/24/2023 21:00,0.336
05/24/2023 21:30,0.336
05/24/2023 22:00,0.336
05/24/2023 22:30,0.336
05/24/2023 23:00,0.336
05/24/2023 23:30,0.336
05/25/2023 00:00,1.761
05/25/2023 00:30,1.761
05/25/2023 01:00,1.761
05/25/2023 01:30,1.761
05/25/2023 02:00,1.761
05/25/2023 02:30,1.761
05/25/2023 03:00,1.761
05/25/2023 03:30,1.761
05/25/2023 04:00,1.761
05/25/2023 04:30,1.761
05/25/2023 05:00,1.761
05/25/2023 05:30,1.761
05/25/2023 06:00,1.761
05/25/2023 06:30,1.761
05/25/2023 07:00,1.761
05/25/2023 07:30,1.761
05/25/2023 08:00,1.761
05/25/2023 08:30,1.761
05/25/2023 09:00,1.761
05/25/2023 09:30,1.761
05/25/2023 10:00,1.761
05/25/2023 10:30,1.761
05/25/2023 11:00,1.761
05/25/2023 11:30,1.761
05/25/2023 12:00,1.761
05/25/2023 12:30,1.761
05/25/2023 13:00,1.761
05/25/2023 13:30,1.761
05/25/2023 14:00,1.761
05/25/2023 14:30,1.761
05/25/2023 15:00,1.761
05/25/2023 15:30,1.761
05/25/2023 16:00,1.761
05/25/2023 16:30,1.761
05/25/2023 17:00,1.761
05/25/2023 17:30,1.761
05/25/2023 18:00,1.761
05/25/2023 18:30,1.761
05/25/2023 19:00,1.761
05/25/2023 19:30,1.761
05/25/2023 20:00,1.761
05/25/2023 20:30,1.761
05/25/2023 21:00,1.761
05/25/2023 21:30,1.761
05/25/2023 22:00,1.761
05/25/2023 22:30,1.761
05/25/2023 23:00,1.761
05/25/2023 23:30,1.761
05/26/2023 00:00,11.946
05/26/2023 00:30,11.946
05/26/2023 01:00,11.946
05/26/2023 01:30,11.946
05/26/2023 02:00,11.946
05/26/2023 02:30,11.946
05/26/2023 03:00,11.946
05/26/2023 03:30,11.946
05/26/2023 04:00,11.946
05/26/2023 04:30,11.946
05/26/2023 05:00,11.946
05/26/2023 05:30,11.946
05/26/2023 06:00,11.946
05/26/2023 06:30,11.946
05/26/2023 07:00,11.946
05/26/2023 07:30,11.946
05/26/2023 08:00,11.946
05/26/2023 08:30,11.946
05/26/2023 09:00,11.946
05/26/2023 09:30,11.946
05/26/2023 10:00,11.946
05/26/2023 10:30,11.946
05/26/2023 11:00,11.946
05/26/2023 11:30,11.946
05/26/2023 12:00,11.946
05/26/2023 12:30,11.946
05/26/2023 13:00,11.946
05/26/2023 13:30,11.946
05/26/2023 14:00,11.946
05/26/2023 14:30,11.946
05/26/2023 15:00,11.946
05/26/2023 15:30,11.946
05/26/2023 16:00,11.946
05/26/2023 16:30,11.946
05/26/2023 17:00,11.946
05/26/2023 17:30,11.946
05/26/2023 18:00,11.946
05/26/2023 18:30,11.946
05/26/2023 19:00,11.946
05/26/2023 19:30,11.946
05/26/2023 20:00,11.946
05/26/2023 20:30,11.946
05/26/2023 21:00,11.946
05/26/2023 21:30,11.946
05/26/2023 22:00,11.946
05/26/2023 22:30,11.946
05/26/2023 23:00,11.946
05/26/2023 23:30,11.946
05/27/2023 00:00,0.954
05/27/2023 00:30,0.954
05/27/2023 01:00,0.954
05/27/2023 01:30,0.954
05/27/2023 02:00,0.954
05/27/2023 02:30,0.954
05/27/2023 03:00,0.954
05/27/2023 03:30,0.954
05/27/2023 04:00,0.954
05/27/2023 04:30,0.954
05/27/2023 05:00,0.954
05/27/2023 05:30,0.954
05/27/2023 06:00,0.954
05/27/2023 06:30,0.954
05/27/2023 07:00,0.954
05/27/2023 07:30,0.954
05/27/2023 08:00,0.954
05/27/2023 08:30,0.954
05/27/2023 09:00,0.954
05/27/2023 09:30,0.954
05/27/2023 10:00,0.954
05/27/2023 10:30,0.954
05/27/2023 11:00,0.954
05/27/2023 11:30,0.954
05/27/2023 12:00,0.954
05/27/2023 12:30,0.954
05/27/2023 13:00,0.954
05/27/2023 13:30,0.954
05/27/2023 14:00,0.954
05/27/2023 14:30,0.954
05/27/2023 15:00,0.954
05/27/2023 15:30,0.954
05/27/2023 16:00,0.954
05/27/2023 16:30,0.954
05/27/2023 17:00,0.954
05/27/2023 17:30,0.954
05/27/2023 18:00,0.954
05/27/2023 18:30,0.954
05/27/2023 19:00,0.954
05/27/2023 19:30,0.954
05/27/2023 20:00,0.954
05/27/2023 20:30,0.954
05/27/2023 21:00,0.954
05/27/2023 21:30,0.954
05/27/2023 22:00,0.954
05/27/2023 22:30,0.954
05/27/2023 23:00,0.954
05/27/2023 23:30,0.954
05/28/2023 00:00,0.954
05/28/2023 00:30,0.954
05/28/2023 01:00,0.954
05/28/2023 01:30,0.954
05/28/2023 02:00,0.954
05/28/2023 02:30,0.954
05/28/2023 03:00,0.954
05/28/2023 03:30,0.954
05/28/2023 04:00,0.954
05/28/2023 04:30,0.954
05/28/2023 05:00,0.954
05/28/2023 05:30,0.954
05/28/2023 06:00,0.954
05/28/2023 06:30,0.954
05/28/2023 07:00,0.954
05/28/2023 07:30,0.954
05/28/2023 08:00,0.954
05/28/2023 08:30,0.954
05/28/2023 09:00,0.954
05/28/2023 09:30,0.954
05/28/2023 10:00,0.954
05/28/2023 10:30,0.954
05/28/2023 11:00,0.954
05/28/2023 11:30,0.954
05/28/2023 12:00,0.954
05/28/2023 12:30,0.954
05/28/2023 13:00,0.954
05/28/2023 13:30,0.954
05/28/2023 14:00,0.954
05/28/2023 14:30,0.954
05/28/2023 15:00,0.954
05/28/2023 15:30,0.954
05/28/2023 16:00,0.954
05/28/2023 16:30,0.954
05/28/2023 17:00,0.954
05/28/2023 17:30,0.954
05/28/2023 18:00,0.954
05/28/2023 18:30,0.954
05/28/2023 19:00,0.954
05/28/2023 19:30,0.954
05/28/2023 20:00,0.954
05/28/2023 20:30,0.954
05/28/2023 21:00,0.954
05/28/2023 21:30,0.954
05/28/2023 22:00,0.954
05/28/2023 22:30,0.954
05/28/2023 23:00,0.954
05/28/2023 23:30,0.954
05/29/2023 00:00,0.954
05/29/2023 00:30,0.954
05/29/2023 01:00,0.954
05/29/2023 01:30,0.954
05/29/2023 02:00,0.954
05/29/2023 02:30,0.954
05/29/2023 03:00,0.954
05/29/2023 03:30,0.954
05/29/2023 04:00,0.954
05/29/2023 04:30,0.954
05/29/2023 05:00,0.954
05/29/2023 05:30,0.954
05/29/2023 06:00,0.954
05/29/2023 06:30,0.954
05/29/2023 07:00,0.954
05/29/2023 07:30,0.954
05/29/2023 08:00,0.954
05/29/2023 08:30,0.954
05/29/2023 09:00,0.954
05/29/2023 09:30,0.954
05/29/2023 10:00,0.954
05/29/2023 10:30,0.954
05/29/2023 11:00,0.954
05/29/2023 11:30,0.954
05/29/2023 12:00,0.954
05/29/2023 12:30,0.954
05/29/2023 13:00,0.954
05/29/2023 13:30,0.954
05/29/2023 14:00,0.954
05/29/2023 14:30,0.954
05/29/2023 15:00,0.954
05/29/2023 15:30,0.954
05/29/2023 16:00,0.954
05/29/2023 16:30,0.954
05/29/2023 17:00,0.954
05/29/2023 17:30,0.954
05/29/2023 18:00,0.954
05/29/2023 18:30,0.954
05/29/2023 19:00,0.954
05/29/2023 19:30,0.954
05/29/2023 20:00,0.954
05/29/2023 20:30,0.954
05/29/2023 21:00,0.954
05/29/2023 21:30,0.954
05/29/2023 22:00,0.954
05/29/2023 22:30,0.954
05/29/2023 23:00,0.954
05/29/2023 23:30,0.954
05/30/2023 00:00,1.761
05/30/2023 00:30,1.761
05/30/2023 01:00,1.761
05/30/2023 01:30,1.761
05/30/2023 02:00,1.761
05/30/2023 02:30,1.761
05/30/2023 03:00,1.761
05/30/2023 03:30,1.761
05/30/2023 04:00,1.761
05/30/2023 04:30,1.761
05/30/2023 05:00,1.761
05/30/2023 05:30,1.761
05/30/2023 06:00,1.761
05/30/2023 06:30,1.761
05/30/2023 07:00,1.761
05/30/2023 07:30,1.761
05/30/2023 08:00,1.761
05/30/2023 08:30,1.761
05/30/2023 09:00,1.761
05/30/2023 09:30,1.761
05/30/2023 10:00,1.761
05/30/2023 10:30,1.761
05/30/2023 11:00,1.761
05/30/2023 11:30,1.761
05/30/2023 12:00,1.761
05/30/2023 12:30,1.761
05/30/2023 13:00,1.761
05/30/2023 13:30,1.761
05/30/2023 14:00,1.761
05/30/2023 14:30,1.761
05/30/2023 15:00,1.761
05/30/2023 15:30,1.761
05/30/2023 16:00,1.761
05/30/2023 16:30,1.761
05/30/2023 17:00,1.761
05/30/2023 17:30,1.761
05/30/2023 18:00,1.761
05/30/2023 18:30,1.761
05/30/2023 19:00,1.761
05/30/2023 19:30,1.761
05/30/2023 20:00,1.761
05/30/2023 20:30,1.761
05/30/2023 21:00,1.761
05/30/2023 21:30,1.761
05/30/2023 22:00,1.761
05/30/2023 22:30,1.761
05/30/2023 23:00,1.761
05/30/2023 23:30,1.761
05/31/2023 00:00,1.761
05/31/2023 00:30,1.761
05/31/2023 01:00,1.761
05/31/2023 01:30,1.761
05/31/2023 02:00,1.761
05/31/2023 02:30,1.761
05/31/2023 03:00,1.761
05/31/2023 03:30,1.761
05/31/2023 04:00,1.761
05/31/2023 04:30,1.761
05/31/2023 05:00,1.761
05/31/2023 05:30,1.761
05/31/2023 06:00,1.761
05/31/2023 06:30,1.761
05/31/2023 07:00,1.761
05/31/2023 07:30,1.761
05/31/2023 08:00,1.761
05/31/2023 08:30,1.761
05/31/2023 09:00,1.761
05/31/2023 09:30,1.761
05/31/2023 10:00,1.761
05/31/2023 10:30,1.761
05/31/2023 11:00,1.761
05/31/2023 11:30,1.761
05/31/2023 12:00,1.761
05/31/2023 12:30,1.761
05/31/2023 13:00,1.761
05/31/2023 13:30,1.761
05/31/2023 14:00,1.761
05/31/2023 14:30,1.761
05/31/2023 15:00,1.761
05/31/2023 15:30,1.761
05/31/2023 16:00,1.761
05/31/2023 16:30,1.761
05/31/2023 17:00,1.761
05/31/2023 17:30,1.761
05/31/2023 18:00,1.761
05/31/2023 18:30,1.761
05/31/2023 19:00,1.761
05/31/2023 19:30,1.761
05/31/2023 20:00,1.761
05/31/2023 20:30,1.761
05/31/2023 21:00,1.761
05/31/2023 21:30,1.761
05/31/2023 22:00,1.761
05/31/2023 22:30,1.761
05/31/2023 23:00,1.761
05/31/2023 23:30,1.761
06/01/2023 00:00,1.761
06/01/2023 00:30,1.761
06/01/2023 01:00,1.761
06/01/2023 01:30,1.761
06/01/2023 02:00,1.761
06/01/2023 02:30,1.761
06/01/2023 03:00,1.761
06/01/2023 03:30,1.761
06/01/2023 04:00,1.761
06/01/2023 04:30,1.761
06/01/2023 05:00,1.761
06/01/2023 05:30,1.761
06/01/2023 06:00,1.761
06/01/2023 06:30,1.761
06/01/2023 07:00,1.761
06/01/2023 07:30,1.761
06/01/2023 08:00,1.761
06/01/2023 08:30,1.761
06/01/2023 09:00,1.761
06/01/2023 09:30,1.761
06/01/2023 10:00,1.761
06/01/2023 10:30,1.761
06/01/2023 11:00,1.761
06/01/2023 11:30,1.761
06/01/2023 12:00,1.761
06/01/2023 12:30,1.761
06/01/2023 13:00,1.761
06/01/2023 13:30,1.761
06/01/2023 14:00,1.761
06/01/2023 14:30,1.761
06/01/2023 15:00,1.761
06/01/2023 15:30,1.761
06/01/2023 16:00,1.761
06/01/2023 16:30,1.761
06/01/2023 17:00,1.761
06/01/2023 17:30,1.761
06/01/2023 18:00,1.761
06/01/2023 18:30,1.761
06/01/2023 19:00,1.761
06/01/2023 19:30,1.761
06/01/2023 20:00,1.761
06/01/2023 20:30,1.761
06/01/2023 21:00,1.761
06/01/2023 21:30,1.761
06/01/2023 22:00,1.761
06/01/2023 22:30,1.761
06/01/2023 23:00,1.761
06/01/2023 23:30,1.761
06/02/2023 00:00,0.954
06/02/2023 00:30,0.954
06/02/2023 01:00,0.954
06/02/2023 01:30,0.954
06/02/2023 02:00,0.954
06/02/2023 02:30,0.954
06/02/2023 03:00,0.954
06/02/2023 03:30,0.954
06/02/2023 04:00,0.954
06/02/2023 04:30,0.954
06/02/2023 05:00,0.954
06/02/2023 05:30,0.954
06/02/2023 06:00,0.954
06/02/2023 06:30,0.954
06/02/2023 07:00,0.954
06/02/2023 07:30,0.954
06/02/2023 08:00,0.954
06/02/2023 08:30,0.954
06/02/2023 09:00,0.954
06/02/2023 09:30,0.954
06/02/2023 10:00,0.954
06/02/2023 10:30,0.954
06/02/2023 11:00,0.954
06/02/2023 11:30,0.954
06/02/2023 12:00,0.954
06/02/2023 12:30,0.954
06/02/2023 13:00,0.954
06/02/2023 13:30,0.954
06/02/2023 14:00,0.954
06/02/2023 14:30,0.954
06/02/2023 15:00,0.954
06/02/2023 15:30,0.954
06/02/2023 16:00,0.954
06/02/2023 16:30,0.954
06/02/2023 17:00,0.954
06/02/2023 17:30,0.954
06/02/2023 18:00,0.954
06/02/2023 18:30,0.954
06/02/2023 19:00,0.954
06/02/2023 19:30,0.954
06/02/2023 20:00,0.954
06/02/2023 20:30,0.954
06/02/2023 21:00,0.954
06/02/2023 21:30,0.954
06/02/2023 22:00,0.954
06/02/2023 22:30,0.954
06/02/2023 23:00,0.954
06/02/2023 23:30,0.954
06/03/2023 00:00,1.337
06/03/2023 00:30,1.337
06/03/2023 01:00,1.337
06/03/2023 01:30,1.337
06/03/2023 02:00,1.337
06/03/2023 02:30,1.337
06/03/2023 03:00,1.337
06/03/2023 03:30,1.337
06/03/2023 04:00,1.337
06/03/2023 04:30,1.337
06/03/2023 05:00,1.337
06/03/2023 05:30,1.337
06/03/2023 06:00,1.337
06/03/2023 06:30,1.337
06/03/2023 07:00,1.337
06/03/2023 07:30,1.337
06/03/2023 08:00,1.337
06/03/2023 08:30,1.337
06/03/2023 09:00,1.337
06/03/2023 09:30,1.337
06/03/2023 10:00,1.337
06/03/2023 10:30,1.337
06/03/2023 11:00,1.337
06/03/2023 11:30,1.337
06/03/2023 12:00,1.337
06/03/2023 12:30,1.337
06/03/2023 13:00,1.337
06/03/2023 13:30,1.337
06/03/2023 14:00,1.337
06/03/2023 14:30,1.337
06/03/2023 15:00,1.337
06/03/2023 15:30,1.337
06/03/2023 16:00,1.337
06/03/2023 16:30,1.337
06/03/2023 17:00,1.337
06/03/2023 17:30,1.337
06/03/2023 18:00,1.337
06/03/2023 18:30,1.337
06/03/2023 19:00,1.337
06/03/2023 19:30,1.337
06/03/2023 20:00,1.337
06/03/2023 20:30,1.337
06/03/2023 21:00,1.337
06/03/2023 21:30,1.337
06/03/2023 22:00,1.337
06/03/2023 22:30,1.337
06/03/2023 23:00,1.337
06/03/2023 23:30,1.337
06/04/2023 00:00,1.337
06/04/2023 00:30,1.337
06/04/2023 01:00,1.337
06/04/2023 01:30,1.337
06/04/2023 02:00,1.337
06/04/2023 02:30,1.337
06/04/2023 03:00,1.337
06/04/2023 03:30,1.337
06/04/2023 04:00,1.337
06/04/2023 04:30,1.337
06/04/2023 05:00,1.337
06/04/2023 05:30,1.337
06/04/2023 06:00,1.337
06/04/2023 06:30,1.337
06/04/2023 07:00,1.337
06/04/2023 07:30,1.337
06/04/2023 08:00,1.337
06/04/2023 08:30,1.337
06/04/2023 09:00,1.337
06/04/2023 09:30,1.337
06/04/2023 10:00,1.337
06/04/2023 10:30,1.337
06/04/2023 11:00,1.337
06/04/2023 11:30,1.337
06/04/2023 12:00,1.337
06/04/2023 12:30,1.337
06/04/2023 13:00,1.337
06/04/2023 13:30,1.337
06/04/2023 14:00,1.337
06/04/2023 14:30,1.337
06/04/2023 15:00,1.337
06/04/2023 15:30,1.337
06/04/2023 16:00,1.337
06/04/2023 16:30,1.337
06/04/2023 17:00,1.337
06/04/2023 17:30,1.337
06/04/2023 18:00,1.337
06/04/2023 18:30,1.337
06/04/2023 19:00,1.337
06/04/2023 19:30,1.337
06/04/2023 20:00,1.337
06/04/2023 20:30,1.337
06/04/2023 21:00,1.337
06/04/2023 21:30,1.337
06/04/2023 22:00,1.337
06/04/2023 22:30,1.337
06/04/2023 23:00,1.337
06/04/2023 23:30,1.337
06/05/2023 00:00,2.225
06/05/2023 00:30,2.225
06/05/2023 01:00,2.225
06/05/2023 01:30,2.225
06/05/2023 02:00,2.225
06/05/2023 02:30,2.225
06/05/2023 03:00,2.225
06/05/2023 03:30,2.225
06/05/2023 04:00,2.225
06/05/2023 04:30,2.225
06/05/2023 05:00,2.225
06/05/2023 05:30,2.225
06/05/2023 06:00,2.225
06/05/2023 06:30,2.225
06/05/2023 07:00,2.225
06/05/2023 07:30,2.225
06/05/2023 08:00,2.225
06/05/2023 08:30,2.225
06/05/2023 09:00,2.225
06/05/2023 09:30,2.225
06/05/2023 10:00,2.225
06/05/2023 10:30,2.225
06/05/2023 11:00,2.225
06/05/2023 11:30,2.225
06/05/2023 12:00,2.225
06/05/2023 12:30,2.225
06/05/2023 13:00,2.225
06/05/2023 13:30,2.225
06/05/2023 14:00,2.225
06/05/2023 14:30,2.225
06/05/2023 15:00,2.225
06/05/2023 15:30,2.225
06/05/2023 16:00,2.225
06/05/2023 16:30,2.225
06/05/2023 17:00,2.225
06/05/2023 17:30,2.225
06/05/2023 18:00,2.225
06/05/2023 18:30,2.225
06/05/2023 19:00,2.225
06/05/2023 19:30,2.225
06/05/2023 20:00,2.225
06/05/2023 20:30,2.225
06/05/2023 21:00,2.225
06/05/2023 21:30,2.225
06/05/2023 22:00,2.225
06/05/2023 22:30,2.225
06/05/2023 23:00,2.225
06/05/2023 23:30,2.225
06/06/2023 00:00,1.337
06/06/2023 00:30,1.337
06/06/2023 01:00,1.337
06/06/2023 01:30,1.337
06/06/2023 02:00,1.337
06/06/2023 02:30,1.337
06/06/2023 03:00,1.337
06/06/2023 03:30,1.337
06/06/2023 04:00,1.337
06/06/2023 04:30,1.337
06/06/2023 05:00,1.337
06/06/2023 05:30,1.337
06/06/2023 06:00,1.337
06/06/2023 06:30,1.337
06/06/2023 07:00,1.337
06/06/2023 07:30,1.337
06/06/2023 08:00,1.337
06/06/2023 08:30,1.337
06/06/2023 09:00,1.337
06/06/2023 09:30,1.337
06/06/2023 10:00,1.337
06/06/2023 10:30,1.337
06/06/2023 11:00,1.337
06/06/2023 11:30,1.337
06/06/2023 12:00,1.337
06/06/2023 12:30,1.337
06/06/2023 13:00,1.337
06/06/2023 13:30,1.337
06/06/2023 14:00,1.337
06/06/2023 14:30,1.337
06/06/2023 15:00,1.337
06/06/2023 15:30,1.337
06/06/2023 16:00,1.337
06/06/2023 16:30,1.337
06/06/2023 17:00,1.337
06/06/2023 17:30,1.337
06/06/2023 18:00,1.337
06/06/2023 18:30,1.337
06/06/2023 19:00,1.337
06/06/2023 19:30,1.337
06/06/2023 20:00,1.337
06/06/2023 20:30,1.337
06/06/2023 21:00,1.337
06/06/2023 21:30,1.337
06/06/2023 22:00,1.337
06/06/2023 22:30,1.337
06/06/2023 23:00,1.337
06/06/2023 23:30,1.337
06/07/2023 00:00,0.954
06/07/2023 00:30,0.954
06/07/2023 01:00,0.954
06/07/2023 01:30,0.954
06/07/2023 02:00,0.954
06/07/2023 02:30,0.954
06/07/2023 03:00,0.954
06/07/2023 03:30,0.954
06/07/2023 04:00,0.954
06/07/2023 04:30,0.954
06/07/2023 05:00,0.954
06/07/2023 05:30,0.954
06/07/2023 06:00,0.954
06/07/2023 06:30,0.954
06/07/2023 07:00,0.954
06/07/2023 07:30,0.954
06/07/2023 08:00,0.954
06/07/2023 08:30,0.954
06/07/2023 09:00,0.954
06/07/2023 09:30,0.954
06/07/2023 10:00,0.954
06/07/2023 10:30,0.954
06/07/2023 11:00,0.954
06/07/2023 11:30,0.954
06/07/2023 12:00,0.954
06/07/2023 12:30,0.954
06/07/2023 13:00,0.954
06/07/2023 13:30,0.954
06/07/2023 14:00,0.954
06/07/2023 14:30,0.954
06/07/2023 15:00,0.954
06/07/2023 15:30,0.954
06/07/2023 16:00,0.954
06/07/2023 16:30,0.954
06/07/2023 17:00,0.954
06/07/2023 17:30,0.954
06/07/2023 18:00,0.954
06/07/2023 18:30,0.954
06/07/2023 19:00,0.954
06/07/2023 19:30,0.954
06/07/2023 20:00,0.954
06/07/2023 20:30,0.954
06/07/2023 21:00,0.954
06/07/2023 21:30,0.954
06/07/2023 22:00,0.954
06/07/2023 22:30,0.954
06/07/2023 23:00,0.954
06/07/2023 23:30,0.954
06/08/2023 00:00,0.954
06/08/2023 00:30,0.954
06/08/2023 01:00,0.954
06/08/2023 01:30,0.954
06/08/2023 02:00,0.954
06/08/2023 02:30,0.954
06/08/2023 03:00,0.954
06/08/2023 03:30,0.954
06/08/2023 04:00,0.954
06/08/2023 04:30,0.954
06/08/2023 05:00,0.954
06/08/2023 05:30,0.954
06/08/2023 06:00,0.954
06/08/2023 06:30,0.954
06/08/2023 07:00,0.954
06/08/2023 07:30,0.954
06/08/2023 08:00,0.954
06/08/2023 08:30,0.954
06/08/2023 09:00,0.954
06/08/2023 09:30,0.954
06/08/2023 10:00,0.954
06/08/2023 10:30,0.954
06/08/2023 11:00,0.954
06/08/2023 11:30,0.954
06/08/2023 12:00,0.954
06/08/2023 12:30,0.954
06/08/2023 13:00,0.954
06/08/2023 13:30,0.954
06/08/2023 14:00,0.954
06/08/2023 14:30,0.954
06/08/2023 15:00,0.954
06/08/2023 15:30,0.954
06/08/2023 16:00,0.954
06/08/2023 16:30,0.954
06/08/2023 17:00,0.954
06/08/2023 17:30,0.954
06/08/2023 18:00,0.954
06/08/2023 18:30,0.954
06/08/2023 19:00,0.954
06/08/2023 19:30,0.954
06/08/2023 20:00,0.954
06/08/2023 20:30,0.954
06/08/2023 21:00,0.954
06/08/2023 21:30,0.954
06/08/2023 22:00,0.954
06/08/2023 22:30,0.954
06/08/2023 23:00,0.954
06/08/2023 23:30,0.954
06/09/2023 00:00,2.225
06/09/2023 00:30,2.225
06/09/2023 01:00,2.225
06/09/2023 01:30,2.225
06/09/2023 02:00,2.225
06/09/2023 02:30,2.225
06/09/2023 03:00,2.225
06/09/2023 03:30,2.225
06/09/2023 04:00,2.225
06/09/2023 04:30,2.225
06/09/2023 05:00,2.225
06/09/2023 05:30,2.225
06/09/2023 06:00,2.225
06/09/2023 06:30,2.225
06/09/2023 07:00,2.225
06/09/2023 07:30,2.225
06/09/2023 08:00,2.225
06/09/2023 08:30,2.225
06/09/2023 09:00,2.225
06/09/2023 09:30,2.225
06/09/2023 10:00,2.225
06/09/2023 10:30,2.225
06/09/2023 11:00,2.225
06/09/2023 11:30,2.225
06/09/2023 12:00,2.225
06/09/2023 12:30,2.225
06/09/2023 13:00,2.225
06/09/2023 13:30,2.225
06/09/2023 14:00,2.225
06/09/2023 14:30,2.225
06/09/2023 15:00,2.225
06/09/2023 15:30,2.225
06/09/2023 16:00,2.225
06/09/2023 16:30,2.225
06/09/2023 17:00,2.225
06/09/2023 17:30,2.225
06/09/2023 18:00,2.225
06/09/2023 18:30,2.225
06/09/2023 19:00,2.225
06/09/2023 19:30,2.225
06/09/2023 20:00,2.225
06/09/2023 20:30,2.225
06/09/2023 21:00,2.225
06/09/2023 21:30,2.225
06/09/2023 22:00,2.225
06/09/2023 22:30,2.225
06/09/2023 23:00,2.225
06/09/2023 23:30,2.225
06/10/2023 00:00,1.337
06/10/2023 00:00,1.337
06/10/2023 00:30,1.337
06/10/2023 00:30,1.337
06/10/2023 01:00,1.337
06/10/2023 01:00,1.337
06/10/2023 01:30,1.337
06/10/2023 01:30,1.337
06/10/2023 02:00,1.337
06/10/2023 02:00,1.337
06/10/2023 02:30,1.337
06/10/2023 02:30,1.337
06/10/2023 03:00,1.337
06/10/2023 03:00,1.337
06/10/2023 03:30,1.337
06/10/2023 03:30,1.337
06/10/2023 04:00,1.337
06/10/2023 04:00,1.337
06/10/2023 04:30,1.337
06/10/2023 04:30,1.337
06/10/2023 05:00,1.337
06/10/2023 05:00,1.337
06/10/2023 05:30,1.337
06/10/2023 05:30,1.337
06/10/2023 06:00,1.337
06/10/2023 06:00,1.337
06/10/2023 06:30,1.337
06/10/2023 06:30,1.337
06/10/2023 07:00,1.337
06/10/2023 07:00,1.337
06/10/2023 07:30,1.337
06/10/2023 07:30,1.337
06/10/2023 08:00,1.337
06/10/2023 08:00,1.337
06/10/2023 08:30,1.337
06/10/2023 08:30,1.337
06/10/2023 09:00,1.337
06/10/2023 09:00,1.337
06/10/2023 09:30,1.337
06/10/2023 09:30,1.337
06/10/2023 10:00,1.337
06/10/2023 10:00,1.337
06/10/2023 10:30,1.337
06/10/2023 10:30,1.337
06/10/2023 11:00,1.337
06/10/2023 11:00,1.337
06/10/2023 11:30,1.337
06/10/2023 11:30,1.337
06/10/2023 12:00,1.337
06/10/2023 12:00,1.337
06/10/2023 12:30,1.337
06/10/2023 12:30,1.337
06/10/2023 13:00,1.337
06/10/2023 13:00,1.337
06/10/2023 13:30,1.337
06/10/2023 13:30,1.337
06/10/2023 14:00,1.337
06/10/2023 14:00,1.337
06/10/2023 14:30,1.337
06/10/2023 14:30,1.337
06/10/2023 15:00,1.337
06/10/2023 15:00,1.337
06/10/2023 15:30,1.337
06/10/2023 15:30,1.337
06/10/2023 16:00,1.337
06/10/2023 16:00,1.337
06/10/2023 16:30,1.337
06/10/2023 16:30,1.337
06/10/2023 17:00,1.337
06/10/2023 17:00,1.337
06/10/2023 17:30,1.337
06/10/2023 17:30,1.337
06/10/2023 18:00,1.337
06/10/2023 18:00,1.337
06/10/2023 18:30,1.337
06/10/2023 18:30,1.337
06/10/2023 19:00,1.337
06/10/2023 19:00,1.337
06/10/2023 19:30,1.337
06/10/2023 19:30,1.337
06/10/2023 20:00,1.337
06/10/2023 20:00,1.337
06/10/2023 20:30,1.337
06/10/2023 20:30,1.337
06/10/2023 21:00,1.337
06/10/2023 21:00,1.337
06/10/2023 21:30,1.337
06/10/2023 21:30,1.337
06/10/2023 22:00,1.337
06/10/2023 22:00,1.337
06/10/2023 22:30,1.337
06/10/2023 22:30,1.337
06/10/2023 23:00,1.337
06/10/2023 23:00,1.337
06/10/2023 23:30,1.337
06/10/2023 23:30,1.337
06/11/2023 00:00,2.225
06/11/2023 00:00,2.275
06/11/2023 00:30,2.275
06/11/2023 00:30,2.225
06/11/2023 01:00,2.275
06/11/2023 01:00,2.225
06/11/2023 01:30,2.275
06/11/2023 01:30,2.225
06/11/2023 02:00,2.275
06/11/2023 02:00,2.225
06/11/2023 02:30,2.225
06/11/2023 02:30,2.275
06/11/2023 03:00,2.225
06/11/2023 03:00,2.275
06/11/2023 03:30,2.225
06/11/2023 03:30,2.275
06/11/2023 04:00,2.275
06/11/2023 04:00,2.225
06/11/2023 04:30,2.225
06/11/2023 04:30,2.275
06/11/2023 05:00,2.225
06/11/2023 05:00,2.275
06/11/2023 05:30,2.225
06/11/2023 05:30,2.275
06/11/2023 06:00,2.225
06/11/2023 06:00,2.275
06/11/2023 06:30,2.275
06/11/2023 06:30,2.225
06/11/2023 07:00,2.275
06/11/2023 07:00,2.225
06/11/2023 07:30,2.225
06/11/2023 07:30,2.275
06/11/2023 08:00,2.225
06/11/2023 08:00,2.275
06/11/2023 08:30,2.275
06/11/2023 08:30,2.225
06/11/2023 09:00,2.275
06/11/2023 09:00,2.225
06/11/2023 09:30,2.275
06/11/2023 09:30,2.225
06/11/2023 10:00,2.275
06/11/2023 10:00,2.225
06/11/2023 10:30,2.275
06/11/2023 10:30,2.225
06/11/2023 11:00,2.275
06/11/2023 11:00,2.225
06/11/2023 11:30,2.275
06/11/2023 11:30,2.225
06/11/2023 12:00,2.225
06/11/2023 12:00,2.275
06/11/2023 12:30,2.275
06/11/2023 12:30,2.225
06/11/2023 13:00,2.275
06/11/2023 13:00,2.225
06/11/2023 13:30,2.275
06/11/2023 13:30,2.225
06/11/2023 14:00,2.275
06/11/2023 14:00,2.225
06/11/2023 14:30,2.275
06/11/2023 14:30,2.225
06/11/2023 15:00,2.225
06/11/2023 15:00,2.275
06/11/2023 15:30,2.275
06/11/2023 15:30,2.225
06/11/2023 16:00,2.225
06/11/2023 16:00,2.275
06/11/2023 16:30,2.225
06/11/2023 16:30,2.275
06/11/2023 17:00,2.225
06/11/2023 17:00,2.275
06/11/2023 17:30,2.275
06/11/2023 17:30,2.225
06/11/2023 18:00,2.225
06/11/2023 18:00,2.275
06/11/2023 18:30,2.225
06/11/2023 18:30,2.275
06/11/2023 19:00,2.225
06/11/2023 19:00,2.275
06/11/2023 19:30,2.225
06/11/2023 19:30,2.275
06/11/2023 20:00,2.225
06/11/2023 20:00,2.275
06/11/2023 20:30,2.225
06/11/2023 20:30,2.275
06/11/2023 21:00,2.225
06/11/2023 21:00,2.275
06/11/2023 21:30,2.225
06/11/2023 21:30,2.275
06/11/2023 22:00,2.275
06/11/2023 22:00,2.225
06/11/2023 22:30,2.225
06/11/2023 22:30,2.275
06/11/2023 23:00,2.275
06/11/2023 23:00,2.225
06/11/2023 23:30,2.275
06/11/2023 23:30,2.225
06/12/2023 00:00,5.054
06/12/2023 00:30,5.054
06/12/2023 01:00,5.054
06/12/2023 01:30,5.054
06/12/2023 02:00,5.054
06/12/2023 02:30,5.054
06/12/2023 03:00,5.054
06/12/2023 03:30,5.054
06/12/2023 04:00,5.054
06/12/2023 04:30,5.054
06/12/2023 05:00,5.054
06/12/2023 05:30,5.054
06/12/2023 06:00,5.054
06/12/2023 06:30,5.054
06/12/2023 07:00,5.054
06/12/2023 07:30,5.054
06/12/2023 08:00,5.054
06/12/2023 08:30,5.054
06/12/2023 09:00,5.054
06/12/2023 09:30,5.054
06/12/2023 10:00,5.054
06/12/2023 10:30,5.054
06/12/2023 11:00,5.054
06/12/2023 11:30,5.054
06/12/2023 12:00,5.054
06/12/2023 12:30,5.054
06/12/2023 13:00,5.054
06/12/2023 13:30,5.054
06/12/2023 14:00,5.054
06/12/2023 14:30,5.054
06/12/2023 15:00,5.054
06/12/2023 15:30,5.054
06/12/2023 16:00,5.054
06/12/2023 16:30,5.054
06/12/2023 17:00,5.054
06/12/2023 17:30,5.054
06/12/2023 18:00,5.054
06/12/2023 18:30,5.054
06/12/2023 19:00,5.054
06/12/2023 19:30,5.054
06/12/2023 20:00,5.054
06/12/2023 20:30,5.054
06/12/2023 21:00,5.054
06/12/2023 21:30,5.054
06/12/2023 22:00,5.054
06/12/2023 22:30,5.054
06/12/2023 23:00,5.054
06/12/2023 23:30,5.054
06/13/2023 00:00,2.225
06/13/2023 00:30,2.225
06/13/2023 01:00,2.225
06/13/2023 01:30,2.225
06/13/2023 02:00,2.225
06/13/2023 02:30,2.225
06/13/2023 03:00,2.225
06/13/2023 03:30,2.225
06/13/2023 04:00,2.225
06/13/2023 04:30,2.225
06/13/2023 05:00,2.225
06/13/2023 05:30,2.225
06/13/2023 06:00,2.225
06/13/2023 06:30,2.225
06/13/2023 07:00,2.225
06/13/2023 07:30,2.225
06/13/2023 08:00,2.225
06/13/2023 08:30,2.225
06/13/2023 09:00,2.225
06/13/2023 09:30,2.225
06/13/2023 10:00,2.225
06/13/2023 10:30,2.225
06/13/2023 11:00,2.225
06/13/2023 11:30,2.225
06/13/2023 12:00,2.225
06/13/2023 12:30,2.225
06/13/2023 13:00,2.225
06/13/2023 13:30,2.225
06/13/2023 14:00,2.225
06/13/2023 14:30,2.225
06/13/2023 15:00,2.225
06/13/2023 15:30,2.225
06/13/2023 16:00,2.225
06/13/2023 16:30,2.225
06/13/2023 17:00,2.225
06/13/2023 17:30,2.225
06/13/2023 18:00,2.225
06/13/2023 18:30,2.225
06/13/2023 19:00,2.225
06/13/2023 19:30,2.225
06/13/2023 20:00,2.225
06/13/2023 20:30,2.225
06/13/2023 21:00,2.225
06/13/2023 21:30,2.225
06/13/2023 22:00,2.225
06/13/2023 22:30,2.225
06/13/2023 23:00,2.225
06/13/2023 23:30,2.225
06/14/2023 00:00,1.337
06/14/2023 00:30,1.337
06/14/2023 01:00,1.337
06/14/2023 01:30,1.337
06/14/2023 02:00,1.337
06/14/2023 02:30,1.337
06/14/2023 03:00,1.337
06/14/2023 03:30,1.337
06/14/2023 04:00,1.337
06/14/2023 04:30,1.337
06/14/2023 05:00,1.337
06/14/2023 05:30,1.337
06/14/2023 06:00,1.337
06/14/2023 06:30,1.337
06/14/2023 07:00,1.337
06/14/2023 07:30,1.337
06/14/2023 08:00,1.337
06/14/2023 08:30,1.337
06/14/2023 09:00,1.337
06/14/2023 09:30,1.337
06/14/2023 10:00,1.337
06/14/2023 10:30,1.337
06/14/2023 11:00,1.337
06/14/2023 11:30,1.337
06/14/2023 12:00,1.337
06/14/2023 12:30,1.337
06/14/2023 13:00,1.337
06/14/2023 13:30,1.337
06/14/2023 14:00,1.337
06/14/2023 14:30,1.337
06/14/2023 15:00,1.337
06/14/2023 15:30,1.337
06/14/2023 16:00,1.337
06/14/2023 16:30,1.337
06/14/2023 17:00,1.337
06/14/2023 17:30,1.337
06/14/2023 18:00,1.337
06/14/2023 18:30,1.337
06/14/2023 19:00,1.337
06/14/2023 19:30,1.337
06/14/2023 20:00,1.337
06/14/2023 20:30,1.337
06/14/2023 21:00,1.337
06/14/2023 21:30,1.337
06/14/2023 22:00,1.337
06/14/2023 22:30,1.337
06/14/2023 23:00,1.337
06/14/2023 23:30,1.337
06/15/2023 00:00,0.954
06/15/2023 00:30,0.954
06/15/2023 01:00,0.954
06/15/2023 01:30,0.954
06/15/2023 02:00,0.954
06/15/2023 02:30,0.954
06/15/2023 03:00,0.954
06/15/2023 03:30,0.954
06/15/2023 04:00,0.954
06/15/2023 04:30,0.954
06/15/2023 05:00,0.954
06/15/2023 05:30,0.954
06/15/2023 06:00,0.954
06/15/2023 06:30,0.954
06/15/2023 07:00,0.954
06/15/2023 07:30,0.954
06/15/2023 08:00,0.954
06/15/2023 08:30,0.954
06/15/2023 09:00,0.954
06/15/2023 09:30,0.954
06/15/2023 10:00,0.954
06/15/2023 10:30,0.954
06/15/2023 11:00,0.954
06/15/2023 11:30,0.954
06/15/2023 12:00,0.954
06/15/2023 12:30,0.954
06/15/2023 13:00,0.954
06/15/2023 13:30,0.954
06/15/2023 14:00,0.954
06/15/2023 14:30,0.954
06/15/2023 15:00,0.954
06/15/2023 15:30,0.954
06/15/2023 16:00,0.954
06/15/2023 16:30,0.954
06/15/2023 17:00,0.954
06/15/2023 17:30,0.954
06/15/2023 18:00,0.954
06/15/2023 18:30,0.954
06/15/2023 19:00,0.954
06/15/2023 19:30,0.954
06/15/2023 20:00,0.954
06/15/2023 20:30,0.954
06/15/2023 21:00,0.954
06/15/2023 21:30,0.954
06/15/2023 22:00,0.954
06/15/2023 22:30,0.954
06/15/2023 23:00,0.954
06/15/2023 23:30,0.954
06/16/2023 00:00,7.112
06/16/2023 00:30,7.112
06/16/2023 01:00,7.112
06/16/2023 01:30,7.112
06/16/2023 02:00,7.112
06/16/2023 02:30,7.112
06/16/2023 03:00,7.112
06/16/2023 03:30,7.112
06/16/2023 04:00,7.112
06/16/2023 04:30,7.112
06/16/2023 05:00,7.112
06/16/2023 05:30,7.112
06/16/2023 06:00,7.112
06/16/2023 06:30,7.112
06/16/2023 07:00,7.112
06/16/2023 07:30,7.112
06/16/2023 08:00,7.112
06/16/2023 08:30,7.112
06/16/2023 09:00,7.112
06/16/2023 09:30,7.112
06/16/2023 10:00,7.112
06/16/2023 10:30,7.112
06/16/2023 11:00,7.112
06/16/2023 11:30,7.112
06/16/2023 12:00,7.112
06/16/2023 12:30,7.112
06/16/2023 13:00,7.112
06/16/2023 13:30,7.112
06/16/2023 14:00,7.112
06/16/2023 14:30,7.112
06/16/2023 15:00,7.112
06/16/2023 15:30,7.112
06/16/2023 16:00,7.112
06/16/2023 16:30,7.112
06/16/2023 17:00,7.112
06/16/2023 17:30,7.112
06/16/2023 18:00,7.112
06/16/2023 18:30,7.112
06/16/2023 19:00,7.112
06/16/2023 19:30,7.112
06/16/2023 20:00,7.112
06/16/2023 20:30,7.112
06/16/2023 21:00,7.112
06/16/2023 21:30,7.112
06/16/2023 22:00,7.112
06/16/2023 22:30,7.112
06/16/2023 23:00,7.112
06/16/2023 23:30,7.112
06/17/2023 00:00,2.725
06/17/2023 00:30,2.725
06/17/2023 01:00,2.725
06/17/2023 01:30,2.725
06/17/2023 02:00,2.725
06/17/2023 02:30,2.725
06/17/2023 03:00,2.725
06/17/2023 03:30,2.725
06/17/2023 04:00,2.725
06/17/2023 04:30,2.725
06/17/2023 05:00,2.725
06/17/2023 05:30,2.725
06/17/2023 06:00,2.725
06/17/2023 06:30,2.725
06/17/2023 07:00,2.725
06/17/2023 07:30,2.725
06/17/2023 08:00,2.725
06/17/2023 08:30,2.725
06/17/2023 09:00,2.725
06/17/2023 09:30,2.725
06/17/2023 10:00,2.725
06/17/2023 10:30,2.725
06/17/2023 11:00,2.725
06/17/2023 11:30,2.725
06/17/2023 12:00,2.725
06/17/2023 12:30,2.725
06/17/2023 13:00,2.725
06/17/2023 13:30,2.725
06/17/2023 14:00,2.725
06/17/2023 14:30,2.725
06/17/2023 15:00,2.725
06/17/2023 15:30,2.725
06/17/2023 16:00,2.725
06/17/2023 16:30,2.725
06/17/2023 17:00,2.725
06/17/2023 17:30,2.725
06/17/2023 18:00,2.725
06/17/2023 18:30,2.725
06/17/2023 19:00,2.725
06/17/2023 19:30,2.725
06/17/2023 20:00,2.725
06/17/2023 20:30,2.725
06/17/2023 21:00,2.725
06/17/2023 21:30,2.725
06/17/2023 22:00,2.725
06/17/2023 22:30,2.725
06/17/2023 23:00,2.725
06/17/2023 23:30,2.725
06/18/2023 00:00,1.337
06/18/2023 00:30,1.337
06/18/2023 01:00,1.337
06/18/2023 01:30,1.337
06/18/2023 02:00,1.337
06/18/2023 02:30,1.337
06/18/2023 03:00,1.337
06/18/2023 03:30,1.337
06/18/2023 04:00,1.337
06/18/2023 04:30,1.337
06/18/2023 05:00,1.337
06/18/2023 05:30,1.337
06/18/2023 06:00,1.337
06/18/2023 06:30,1.337
06/18/2023 07:00,1.337
06/18/2023 07:30,1.337
06/18/2023 08:00,1.337
06/18/2023 08:30,1.337
06/18/2023 09:00,1.337
06/18/2023 09:30,1.337
06/18/2023 10:00,1.337
06/18/2023 10:30,1.337
06/18/2023 11:00,1.337
06/18/2023 11:30,1.337
06/18/2023 12:00,1.337
06/18/2023 12:30,1.337
06/18/2023 13:00,1.337
06/18/2023 13:30,1.337
06/18/2023 14:00,1.337
06/18/2023 14:30,1.337
06/18/2023 15:00,1.337
06/18/2023 15:30,1.337
06/18/2023 16:00,1.337
06/18/2023 16:30,1.337
06/18/2023 17:00,1.337
06/18/2023 17:30,1.337
06/18/2023 18:00,1.337
06/18/2023 18:30,1.337
06/18/2023 19:00,1.337
06/18/2023 19:30,1.337
06/18/2023 20:00,1.337
06/18/2023 20:30,1.337
06/18/2023 21:00,1.337
06/18/2023 21:30,1.337
06/18/2023 22:00,1.337
06/18/2023 22:30,1.337
06/18/2023 23:00,1.337
06/18/2023 23:30,1.337
06/19/2023 00:00,0.954
06/19/2023 00:30,0.954
06/19/2023 01:00,0.954
06/19/2023 01:30,0.954
06/19/2023 02:00,0.954
06/19/2023 02:30,0.954
06/19/2023 03:00,0.954
06/19/2023 03:30,0.954
06/19/2023 04:00,0.954
06/19/2023 04:30,0.954
06/19/2023 05:00,0.954
06/19/2023 05:30,0.954
06/19/2023 06:00,0.954
06/19/2023 06:30,0.954
06/19/2023 07:00,0.954
06/19/2023 07:30,0.954
06/19/2023 08:00,0.954
06/19/2023 08:30,0.954
06/19/2023 09:00,0.954
06/19/2023 09:30,0.954
06/19/2023 10:00,0.954
06/19/2023 10:30,0.954
06/19/2023 11:00,0.954
06/19/2023 11:30,0.954
06/19/2023 12:00,0.954
06/19/2023 12:30,0.954
06/19/2023 13:00,0.954
06/19/2023 13:30,0.954
06/19/2023 14:00,0.954
06/19/2023 14:30,0.954
06/19/2023 15:00,0.954
06/19/2023 15:30,0.954
06/19/2023 16:00,0.954
06/19/2023 16:30,0.954
06/19/2023 17:00,0.954
06/19/2023 17:30,0.954
06/19/2023 18:00,0.954
06/19/2023 18:30,0.954
06/19/2023 19:00,0.954
06/19/2023 19:30,0.954
06/19/2023 20:00,0.954
06/19/2023 20:30,0.954
06/19/2023 21:00,0.954
06/19/2023 21:30,0.954
06/19/2023 22:00,0.954
06/19/2023 22:30,0.954
06/19/2023 23:00,0.954
06/19/2023 23:30,0.954
06/20/2023 00:00,0.618
06/20/2023 00:30,0.618
06/20/2023 01:00,0.618
06/20/2023 01:30,0.618
06/20/2023 02:00,0.618
06/20/2023 02:30,0.618
06/20/2023 03:00,0.618
06/20/2023 03:30,0.618
06/20/2023 04:00,0.618
06/20/2023 04:30,0.618
06/20/2023 05:00,0.618
06/20/2023 05:30,0.618
06/20/2023 06:00,0.618
06/20/2023 06:30,0.618
06/20/2023 07:00,0.618
06/20/2023 07:30,0.618
06/20/2023 08:00,0.618
06/20/2023 08:30,0.618
06/20/2023 09:00,0.618
06/20/2023 09:30,0.618
06/20/2023 10:00,0.618
06/20/2023 10:30,0.618
06/20/2023 11:00,0.618
06/20/2023 11:30,0.618
06/20/2023 12:00,0.618
06/20/2023 12:30,0.618
06/20/2023 13:00,0.618
06/20/2023 13:30,0.618
06/20/2023 14:00,0.618
06/20/2023 14:30,0.618
06/20/2023 15:00,0.618
06/20/2023 15:30,0.618
06/20/2023 16:00,0.618
06/20/2023 16:30,0.618
06/20/2023 17:00,0.618
06/20/2023 17:30,0.618
06/20/2023 18:00,0.618
06/20/2023 18:30,0.618
06/20/2023 19:00,0.618
06/20/2023 19:30,0.618
06/20/2023 20:00,0.618
06/20/2023 20:30,0.618
06/20/2023 21:00,0.618
06/20/2023 21:30,0.618
06/20/2023 22:00,0.618
06/20/2023 22:30,0.618
06/20/2023 23:00,0.618
06/20/2023 23:30,0.618
06/21/2023 00:00,0.954
06/21/2023 00:30,0.954
06/21/2023 01:00,0.954
06/21/2023 01:30,0.954
06/21/2023 02:00,0.954
06/21/2023 02:30,0.954
06/21/2023 03:00,0.954
06/21/2023 03:30,0.954
06/21/2023 04:00,0.954
06/21/2023 04:30,0.954
06/21/2023 05:00,0.954
06/21/2023 05:30,0.954
06/21/2023 06:00,0.954
06/21/2023 06:30,0.954
06/21/2023 07:00,0.954
06/21/2023 07:30,0.954
06/21/2023 08:00,0.954
06/21/2023 08:30,0.954
06/21/2023 09:00,0.954
06/21/2023 09:30,0.954
06/21/2023 10:00,0.954
06/21/2023 10:30,0.954
06/21/2023 11:00,0.954
06/21/2023 11:30,0.954
06/21/2023 12:00,0.954
06/21/2023 12:30,0.954
06/21/2023 13:00,0.954
06/21/2023 13:30,0.954
06/21/2023 14:00,0.954
06/21/2023 14:30,0.954
06/21/2023 15:00,0.954
06/21/2023 15:30,0.954
06/21/2023 16:00,0.954
06/21/2023 16:30,0.954
06/21/2023 17:00,0.954
06/21/2023 17:30,0.954
06/21/2023 18:00,0.954
06/21/2023 18:30,0.954
06/21/2023 19:00,0.954
06/21/2023 19:30,0.954
06/21/2023 20:00,0.954
06/21/2023 20:30,0.954
06/21/2023 21:00,0.954
06/21/2023 21:30,0.954
06/21/2023 22:00,0.954
06/21/2023 22:30,0.954
06/21/2023 23:00,0.954
06/21/2023 23:30,0.954
06/22/2023 00:00,0.618
06/22/2023 00:30,0.618
06/22/2023 01:00,0.618
06/22/2023 01:30,0.618
06/22/2023 02:00,0.618
06/22/2023 02:30,0.618
06/22/2023 03:00,0.618
06/22/2023 03:30,0.618
06/22/2023 04:00,0.618
06/22/2023 04:30,0.618
06/22/2023 05:00,0.618
06/22/2023 05:30,0.618
06/22/2023 06:00,0.618
06/22/2023 06:30,0.618
06/22/2023 07:00,0.618
06/22/2023 07:30,0.618
06/22/2023 08:00,0.618
06/22/2023 08:30,0.618
06/22/2023 09:00,0.618
06/22/2023 09:30,0.618
06/22/2023 10:00,0.618
06/22/2023 10:30,0.618
06/22/2023 11:00,0.618
06/22/2023 11:30,0.618
06/22/2023 12:00,0.618
06/22/2023 12:30,0.618
06/22/2023 13:00,0.618
06/22/2023 13:30,0.618
06/22/2023 14:00,0.618
06/22/2023 14:30,0.618
06/22/2023 15:00,0.618
06/22/2023 15:30,0.618
06/22/2023 16:00,0.618
06/22/2023 16:30,0.618
06/22/2023 17:00,0.618
06/22/2023 17:30,0.618
06/22/2023 18:00,0.618
06/22/2023 18:30,0.618
06/22/2023 19:00,0.618
06/22/2023 19:30,0.618
06/22/2023 20:00,0.618
06/22/2023 20:30,0.618
06/22/2023 21:00,0.618
06/22/2023 21:30,0.618
06/22/2023 22:00,0.618
06/22/2023 22:30,0.618
06/22/2023 23:00,0.618
06/22/2023 23:30,0.618
06/23/2023 00:00,0.336
06/23/2023 00:30,0.336
06/23/2023 01:00,0.336
06/23/2023 01:30,0.336
06/23/2023 02:00,0.336
06/23/2023 02:30,0.336
06/23/2023 03:00,0.336
06/23/2023 03:30,0.336
06/23/2023 04:00,0.336
06/23/2023 04:30,0.336
06/23/2023 05:00,0.336
06/23/2023 05:30,0.336
06/23/2023 06:00,0.336
06/23/2023 06:30,0.336
06/23/2023 07:00,0.336
06/23/2023 07:30,0.336
06/23/2023 08:00,0.336
06/23/2023 08:30,0.336
06/23/2023 09:00,0.336
06/23/2023 09:30,0.336
06/23/2023 10:00,0.336
06/23/2023 10:30,0.336
06/23/2023 11:00,0.336
06/23/2023 11:30,0.336
06/23/2023 12:00,0.336
06/23/2023 12:30,0.336
06/23/2023 13:00,0.336
06/23/2023 13:30,0.336
06/23/2023 14:00,0.336
06/23/2023 14:30,0.336
06/23/2023 15:00,0.336
06/23/2023 15:30,0.336
06/23/2023 16:00,0.336
06/23/2023 16:30,0.336
06/23/2023 17:00,0.336
06/23/2023 17:30,0.336
06/23/2023 18:00,0.336
06/23/2023 18:30,0.336
06/23/2023 19:00,0.336
06/23/2023 19:30,0.336
06/23/2023 20:00,0.336
06/23/2023 20:30,0.336
06/23/2023 21:00,0.336
06/23/2023 21:30,0.336
06/23/2023 22:00,0.336
06/23/2023 22:30,0.336
06/23/2023 23:00,0.336
06/23/2023 23:30,0.336
06/24/2023 00:00,1.337
06/24/2023 00:30,1.337
06/24/2023 01:00,1.337
06/24/2023 01:30,1.337
06/24/2023 02:00,1.337
06/24/2023 02:30,1.337
06/24/2023 03:00,1.337
06/24/2023 03:30,1.337
06/24/2023 04:00,1.337
06/24/2023 04:30,1.337
06/24/2023 05:00,1.337
06/24/2023 05:30,1.337
06/24/2023 06:00,1.337
06/24/2023 06:30,1.337
06/24/2023 07:00,1.337
06/24/2023 07:30,1.337
06/24/2023 08:00,1.337
06/24/2023 08:30,1.337
06/24/2023 09:00,1.337
06/24/2023 09:30,1.337
06/24/2023 10:00,1.337
06/24/2023 10:30,1.337
06/24/2023 11:00,1.337
06/24/2023 11:30,1.337
06/24/2023 12:00,1.337
06/24/2023 12:30,1.337
06/24/2023 13:00,1.337
06/24/2023 13:30,1.337
06/24/2023 14:00,1.337
06/24/2023 14:30,1.337
06/24/2023 15:00,1.337
06/24/2023 15:30,1.337
06/24/2023 16:00,1.337
06/24/2023 16:30,1.337
06/24/2023 17:00,1.337
06/24/2023 17:30,1.337
06/24/2023 18:00,1.337
06/24/2023 18:30,1.337
06/24/2023 19:00,1.337
06/24/2023 19:30,1.337
06/24/2023 20:00,1.337
06/24/2023 20:30,1.337
06/24/2023 21:00,1.337
06/24/2023 21:30,1.337
06/24/2023 22:00,1.337
06/24/2023 22:30,1.337
06/24/2023 23:00,1.337
06/24/2023 23:30,1.337
06/25/2023 00:00,1.761
06/25/2023 00:30,1.761
06/25/2023 01:00,1.761
06/25/2023 01:30,1.761
06/25/2023 02:00,1.761
06/25/2023 02:30,1.761
06/25/2023 03:00,1.761
06/25/2023 03:30,1.761
06/25/2023 04:00,1.761
06/25/2023 04:30,1.761
06/25/2023 05:00,1.761
06/25/2023 05:30,1.761
06/25/2023 06:00,1.761
06/25/2023 06:30,1.761
06/25/2023 07:00,1.761
06/25/2023 07:30,1.761
06/25/2023 08:00,1.761
06/25/2023 08:30,1.761
06/25/2023 09:00,1.761
06/25/2023 09:30,1.761
06/25/2023 10:00,1.761
06/25/2023 10:30,1.761
06/25/2023 11:00,1.761
06/25/2023 11:30,1.761
06/25/2023 12:00,1.761
06/25/2023 12:30,1.761
06/25/2023 13:00,1.761
06/25/2023 13:30,1.761
06/25/2023 14:00,1.761
06/25/2023 14:30,1.761
06/25/2023 15:00,1.761
06/25/2023 15:30,1.761
06/25/2023 16:00,1.761
06/25/2023 16:30,1.761
06/25/2023 17:00,1.761
06/25/2023 17:30,1.761
06/25/2023 18:00,1.761
06/25/2023 18:30,1.761
06/25/2023 19:00,1.761
06/25/2023 19:30,1.761
06/25/2023 20:00,1.761
06/25/2023 20:30,1.761
06/25/2023 21:00,1.761
06/25/2023 21:30,1.761
06/25/2023 22:00,1.761
06/25/2023 22:30,1.761
06/25/2023 23:00,1.761
06/25/2023 23:30,1.761
06/26/2023 00:00,0.954
06/26/2023 00:30,0.954
06/26/2023 01:00,0.954
06/26/2023 01:30,0.954
06/26/2023 02:00,0.954
06/26/2023 02:30,0.954
06/26/2023 03:00,0.954
06/26/2023 03:30,0.954
06/26/2023 04:00,0.954
06/26/2023 04:30,0.954
06/26/2023 05:00,0.954
06/26/2023 05:30,0.954
06/26/2023 06:00,0.954
06/26/2023 06:30,0.954
06/26/2023 07:00,0.954
06/26/2023 07:30,0.954
06/26/2023 08:00,0.954
06/26/2023 08:30,0.954
06/26/2023 09:00,0.954
06/26/2023 09:30,0.954
06/26/2023 10:00,0.954
06/26/2023 10:30,0.954
06/26/2023 11:00,0.954
06/26/2023 11:30,0.954
06/26/2023 12:00,0.954
06/26/2023 12:30,0.954
06/26/2023 13:00,0.954
06/26/2023 13:30,0.954
06/26/2023 14:00,0.954
06/26/2023 14:30,0.954
06/26/2023 15:00,0.954
06/26/2023 15:30,0.954
06/26/2023 16:00,0.954
06/26/2023 16:30,0.954
06/26/2023 17:00,0.954
06/26/2023 17:30,0.954
06/26/2023 18:00,0.954
06/26/2023 18:30,0.954
06/26/2023 19:00,0.954
06/26/2023 19:30,0.954
06/26/2023 20:00,0.954
06/26/2023 20:30,0.954
06/26/2023 21:00,0.954
06/26/2023 21:30,0.954
06/26/2023 22:00,0.954
06/26/2023 22:30,0.954
06/26/2023 23:00,0.954
06/26/2023 23:30,0.954
06/27/2023 00:00,0.954
06/27/2023 00:30,0.954
06/27/2023 01:00,0.954
06/27/2023 01:30,0.954
06/27/2023 02:00,0.954
06/27/2023 02:30,0.954
06/27/2023 03:00,0.954
06/27/2023 03:30,0.954
06/27/2023 04:00,0.954
06/27/2023 04:30,0.954
06/27/2023 05:00,0.954
06/27/2023 05:30,0.954
06/27/2023 06:00,0.954
06/27/2023 06:30,0.954
06/27/2023 07:00,0.954
06/27/2023 07:30,0.954
06/27/2023 08:00,0.954
06/27/2023 08:30,0.954
06/27/2023 09:00,0.954
06/27/2023 09:30,0.954
06/27/2023 10:00,0.954
06/27/2023 10:30,0.954
06/27/2023 11:00,0.954
06/27/2023 11:30,0.954
06/27/2023 12:00,0.954
06/27/2023 12:30,0.954
06/27/2023 13:00,0.954
06/27/2023 13:30,0.954
06/27/2023 14:00,0.954
06/27/2023 14:30,0.954
06/27/2023 15:00,0.954
06/27/2023 15:30,0.954
06/27/2023 16:00,0.954
06/27/2023 16:30,0.954
06/27/2023 17:00,0.954
06/27/2023 17:30,0.954
06/27/2023 18:00,0.954
06/27/2023 18:30,0.954
06/27/2023 19:00,0.954
06/27/2023 19:30,0.954
06/27/2023 20:00,0.954
06/27/2023 20:30,0.954
06/27/2023 21:00,0.954
06/27/2023 21:30,0.954
06/27/2023 22:00,0.954
06/27/2023 22:30,0.954
06/27/2023 23:00,0.954
06/27/2023 23:30,0.954
06/28/2023 00:00,0.618
06/28/2023 00:30,0.618
06/28/2023 01:00,0.618
06/28/2023 01:30,0.618
06/28/2023 02:00,0.618
06/28/2023 02:30,0.618
06/28/2023 03:00,0.618
06/28/2023 03:30,0.618
06/28/2023 04:00,0.618
06/28/2023 04:30,0.618
06/28/2023 05:00,0.618
06/28/2023 05:30,0.618
06/28/2023 06:00,0.618
06/28/2023 06:30,0.618
06/28/2023 07:00,0.618
06/28/2023 07:30,0.618
06/28/2023 08:00,0.618
06/28/2023 08:30,0.618
06/28/2023 09:00,0.618
06/28/2023 09:30,0.618
06/28/2023 10:00,0.618
06/28/2023 10:30,0.618
06/28/2023 11:00,0.618
06/28/2023 11:30,0.618
06/28/2023 12:00,0.618
06/28/2023 12:30,0.618
06/28/2023 13:00,0.618
06/28/2023 13:30,0.618
06/28/2023 14:00,0.618
06/28/2023 14:30,0.618
06/28/2023 15:00,0.618
06/28/2023 15:30,0.618
06/28/2023 16:00,0.618
06/28/2023 16:30,0.618
06/28/2023 17:00,0.618
06/28/2023 17:30,0.618
06/28/2023 18:00,0.618
06/28/2023 18:30,0.618
06/28/2023 19:00,0.618
06/28/2023 19:30,0.618
06/28/2023 20:00,0.618
06/28/2023 20:30,0.618
06/28/2023 21:00,0.618
06/28/2023 21:30,0.618
06/28/2023 22:00,0.618
06/28/2023 22:30,0.618
06/28/2023 23:00,0.618
06/28/2023 23:30,0.618
06/29/2023 00:00,0.336
06/29/2023 00:30,0.336
06/29/2023 01:00,0.336
06/29/2023 01:30,0.336
06/29/2023 02:00,0.336
06/29/2023 02:30,0.336
06/29/2023 03:00,0.336
06/29/2023 03:30,0.336
06/29/2023 04:00,0.336
06/29/2023 04:30,0.336
06/29/2023 05:00,0.336
06/29/2023 05:30,0.336
06/29/2023 06:00,0.336
06/29/2023 06:30,0.336
06/29/2023 07:00,0.336
06/29/2023 07:30,0.336
06/29/2023 08:00,0.336
06/29/2023 08:30,0.336
06/29/2023 09:00,0.336
06/29/2023 09:30,0.336
06/29/2023 10:00,0.336
06/29/2023 10:30,0.336
06/29/2023 11:00,0.336
06/29/2023 11:30,0.336
06/29/2023 12:00,0.336
06/29/2023 12:30,0.336
06/29/2023 13:00,0.336
06/29/2023 13:30,0.336
06/29/2023 14:00,0.336
06/29/2023 14:30,0.336
06/29/2023 15:00,0.336
06/29/2023 15:30,0.336
06/29/2023 16:00,0.336
06/29/2023 16:30,0.336
06/29/2023 17:00,0.336
06/29/2023 17:30,0.336
06/29/2023 18:00,0.336
06/29/2023 18:30,0.336
06/29/2023 19:00,0.336
06/29/2023 19:30,0.336
06/29/2023 20:00,0.336
06/29/2023 20:30,0.336
06/29/2023 21:00,0.336
06/29/2023 21:30,0.336
06/29/2023 22:00,0.336
06/29/2023 22:30,0.336
06/29/2023 23:00,0.336
06/29/2023 23:30,0.336
06/30/2023 00:00,0.336
06/30/2023 00:30,0.336
06/30/2023 01:00,0.336
06/30/2023 01:30,0.336
06/30/2023 02:00,0.336
06/30/2023 02:30,0.336
06/30/2023 03:00,0.336
06/30/2023 03:30,0.336
06/30/2023 04:00,0.336
06/30/2023 04:30,0.336
06/30/2023 05:00,0.336
06/30/2023 05:30,0.336
06/30/2023 06:00,0.336
06/30/2023 06:30,0.336
06/30/2023 07:00,0.336
06/30/2023 07:30,0.336
06/30/2023 08:00,0.336
06/30/2023 08:30,0.336
06/30/2023 09:00,0.336
06/30/2023 09:30,0.336
06/30/2023 10:00,0.336
06/30/2023 10:30,0.336
06/30/2023 11:00,0.336
06/30/2023 11:30,0.336
06/30/2023 12:00,0.336
06/30/2023 12:30,0.336
06/30/2023 13:00,0.336
06/30/2023 13:30,0.336
06/30/2023 14:00,0.336
06/30/2023 14:30,0.336
06/30/2023 15:00,0.336
06/30/2023 15:30,0.336
06/30/2023 16:00,0.336
06/30/2023 16:30,0.336
06/30/2023 17:00,0.336
06/30/2023 17:30,0.336
06/30/2023 18:00,0.336
06/30/2023 18:30,0.336
06/30/2023 19:00,0.336
06/30/2023 19:30,0.336
06/30/2023 20:00,0.336
06/30/2023 20:30,0.336
06/30/2023 21:00,0.336
06/30/2023 21:30,0.336
06/30/2023 22:00,0.336
06/30/2023 22:30,0.336
06/30/2023 23:00,0.336
06/30/2023 23:30,0.336
07/01/2023 00:00,0.118
07/01/2023 00:30,0.118
07/01/2023 01:00,0.118
07/01/2023 01:30,0.118
07/01/2023 02:00,0.118
07/01/2023 02:30,0.118
07/01/2023 03:00,0.118
07/01/2023 03:30,0.118
07/01/2023 04:00,0.118
07/01/2023 04:30,0.118
07/01/2023 05:00,0.118
07/01/2023 05:30,0.118
07/01/2023 06:00,0.118
07/01/2023 06:30,0.118
07/01/2023 07:00,0.118
07/01/2023 07:30,0.118
07/01/2023 08:00,0.118
07/01/2023 08:30,0.118
07/01/2023 09:00,0.118
07/01/2023 09:30,0.118
07/01/2023 10:00,0.118
07/01/2023 10:30,0.118
07/01/2023 11:00,0.118
07/01/2023 11:30,0.118
07/01/2023 12:00,0.118
07/01/2023 12:30,0.118
07/01/2023 13:00,0.118
07/01/2023 13:30,0.118
07/01/2023 14:00,0.118
07/01/2023 14:30,0.118
07/01/2023 15:00,0.118
07/01/2023 15:30,0.118
07/01/2023 16:00,0.118
07/01/2023 16:30,0.118
07/01/2023 17:00,0.118
07/01/2023 17:30,0.118
07/01/2023 18:00,0.118
07/01/2023 18:30,0.118
07/01/2023 19:00,0.118
07/01/2023 19:30,0.118
07/01/2023 20:00,0.118
07/01/2023 20:30,0.118
07/01/2023 21:00,0.118
07/01/2023 21:30,0.118
07/01/2023 22:00,0.118
07/01/2023 22:30,0.118
07/01/2023 23:00,0.118
07/01/2023 23:30,0.118
07/02/2023 00:00,0.118
07/02/2023 00:30,0.118
07/02/2023 01:00,0.118
07/02/2023 01:30,0.118
07/02/2023 02:00,0.118
07/02/2023 02:30,0.118
07/02/2023 03:00,0.118
07/02/2023 03:30,0.118
07/02/2023 04:00,0.118
07/02/2023 04:30,0.118
07/02/2023 05:00,0.118
07/02/2023 05:30,0.118
07/02/2023 06:00,0.118
07/02/2023 06:30,0.118
07/02/2023 07:00,0.118
07/02/2023 07:30,0.118
07/02/2023 08:00,0.118
07/02/2023 08:30,0.118
07/02/2023 09:00,0.118
07/02/2023 09:30,0.118
07/02/2023 10:00,0.118
07/02/2023 10:30,0.118
07/02/2023 11:00,0.118
07/02/2023 11:30,0.118
07/02/2023 12:00,0.118
07/02/2023 12:30,0.118
07/02/2023 13:00,0.118
07/02/2023 13:30,0.118
07/02/2023 14:00,0.118
07/02/2023 14:30,0.118
07/02/2023 15:00,0.118
07/02/2023 15:30,0.118
07/02/2023 16:00,0.118
07/02/2023 16:30,0.118
07/02/2023 17:00,0.118
07/02/2023 17:30,0.118
07/02/2023 18:00,0.118
07/02/2023 18:30,0.118
07/02/2023 19:00,0.118
07/02/2023 19:30,0.118
07/02/2023 20:00,0.118
07/02/2023 20:30,0.118
07/02/2023 21:00,0.118
07/02/2023 21:30,0.118
07/02/2023 22:00,0.118
07/02/2023 22:30,0.118
07/02/2023 23:00,0.118
07/02/2023 23:30,0.118
07/03/2023 00:00,0.336
07/03/2023 00:30,0.336
07/03/2023 01:00,0.336
07/03/2023 01:30,0.336
07/03/2023 02:00,0.336
07/03/2023 02:30,0.336
07/03/2023 03:00,0.336
07/03/2023 03:30,0.336
07/03/2023 04:00,0.336
07/03/2023 04:30,0.336
07/03/2023 05:00,0.336
07/03/2023 05:30,0.336
07/03/2023 06:00,0.336
07/03/2023 06:30,0.336
07/03/2023 07:00,0.336
07/03/2023 07:30,0.336
07/03/2023 08:00,0.336
07/03/2023 08:30,0.336
07/03/2023 09:00,0.336
07/03/2023 09:30,0.336
07/03/2023 10:00,0.336
07/03/2023 10:30,0.336
07/03/2023 11:00,0.336
07/03/2023 11:30,0.336
07/03/2023 12:00,0.336
07/03/2023 12:30,0.336
07/03/2023 13:00,0.336
07/03/2023 13:30,0.336
07/03/2023 14:00,0.336
07/03/2023 14:30,0.336
07/03/2023 15:00,0.336
07/03/2023 15:30,0.336
07/03/2023 16:00,0.336
07/03/2023 16:30,0.336
07/03/2023 17:00,0.336
07/03/2023 17:30,0.336
07/03/2023 18:00,0.336
07/03/2023 18:30,0.336
07/03/2023 19:00,0.336
07/03/2023 19:30,0.336
07/03/2023 20:00,0.336
07/03/2023 20:30,0.336
07/03/2023 21:00,0.336
07/03/2023 21:30,0.336
07/03/2023 22:00,0.336
07/03/2023 22:30,0.336
07/03/2023 23:00,0.336
07/03/2023 23:30,0.336
07/04/2023 00:00,0.336
07/04/2023 00:30,0.336
07/04/2023 01:00,0.336
07/04/2023 01:30,0.336
07/04/2023 02:00,0.336
07/04/2023 02:30,0.336
07/04/2023 03:00,0.336
07/04/2023 03:30,0.336
07/04/2023 04:00,0.336
07/04/2023 04:30,0.336
07/04/2023 05:00,0.336
07/04/2023 05:30,0.336
07/04/2023 06:00,0.336
07/04/2023 06:30,0.336
07/04/2023 07:00,0.336
07/04/2023 07:30,0.336
07/04/2023 08:00,0.336
07/04/2023 08:30,0.336
07/04/2023 09:00,0.336
07/04/2023 09:30,0.336
07/04/2023 10:00,0.336
07/04/2023 10:30,0.336
07/04/2023 11:00,0.336
07/04/2023 11:30,0.336
07/04/2023 12:00,0.336
07/04/2023 12:30,0.336
07/04/2023 13:00,0.336
07/04/2023 13:30,0.336
07/04/2023 14:00,0.336
07/04/2023 14:30,0.336
07/04/2023 15:00,0.336
07/04/2023 15:30,0.336
07/04/2023 16:00,0.336
07/04/2023 16:30,0.336
07/04/2023 17:00,0.336
07/04/2023 17:30,0.336
07/04/2023 18:00,0.336
07/04/2023 18:30,0.336
07/04/2023 19:00,0.336
07/04/2023 19:30,0.336
07/04/2023 20:00,0.336
07/04/2023 20:30,0.336
07/04/2023 21:00,0.336
07/04/2023 21:30,0.336
07/04/2023 22:00,0.336
07/04/2023 22:30,0.336
07/04/2023 23:00,0.336
07/04/2023 23:30,0.336
07/05/2023 00:00,0.118
07/05/2023 00:30,0.118
07/05/2023 01:00,0.118
07/05/2023 01:30,0.118
07/05/2023 02:00,0.118
07/05/2023 02:30,0.118
07/05/2023 03:00,0.118
07/05/2023 03:30,0.118
07/05/2023 04:00,0.118
07/05/2023 04:30,0.118
07/05/2023 05:00,0.118
07/05/2023 05:30,0.118
07/05/2023 06:00,0.118
07/05/2023 06:30,0.118
07/05/2023 07:00,0.118
07/05/2023 07:30,0.118
07/05/2023 08:00,0.118
07/05/2023 08:30,0.118
07/05/2023 09:00,0.118
07/05/2023 09:30,0.118
07/05/2023 10:00,0.118
07/05/2023 10:30,0.118
07/05/2023 11:00,0.118
07/05/2023 11:30,0.118
07/05/2023 12:00,0.118
07/05/2023 12:30,0.118
07/05/2023 13:00,0.118
07/05/2023 13:30,0.118
07/05/2023 14:00,0.118
07/05/2023 14:30,0.118
07/05/2023 15:00,0.118
07/05/2023 15:30,0.118
07/05/2023 16:00,0.118
07/05/2023 16:30,0.118
07/05/2023 17:00,0.118
07/05/2023 17:30,0.118
07/05/2023 18:00,0.118
07/05/2023 18:30,0.118
07/05/2023 19:00,0.118
07/05/2023 19:30,0.118
07/05/2023 20:00,0.118
07/05/2023 20:30,0.118
07/05/2023 21:00,0.118
07/05/2023 21:30,0.118
07/05/2023 22:00,0.118
07/05/2023 22:30,0.118
07/05/2023 23:00,0.118
07/05/2023 23:30,0.118
07/06/2023 00:00,0.336
07/06/2023 00:30,0.336
07/06/2023 01:00,0.336
07/06/2023 01:30,0.336
07/06/2023 02:00,0.336
07/06/2023 02:30,0.336
07/06/2023 03:00,0.336
07/06/2023 03:30,0.336
07/06/2023 04:00,0.336
07/06/2023 04:30,0.336
07/06/2023 05:00,0.336
07/06/2023 05:30,0.336
07/06/2023 06:00,0.336
07/06/2023 06:30,0.336
07/06/2023 07:00,0.336
07/06/2023 07:30,0.336
07/06/2023 08:00,0.336
07/06/2023 08:30,0.336
07/06/2023 09:00,0.336
07/06/2023 09:30,0.336
07/06/2023 10:00,0.336
07/06/2023 10:30,0.336
07/06/2023 11:00,0.336
07/06/2023 11:30,0.336
07/06/2023 12:00,0.336
07/06/2023 12:30,0.336
07/06/2023 13:00,0.336
07/06/2023 13:30,0.336
07/06/2023 14:00,0.336
07/06/2023 14:30,0.336
07/06/2023 15:00,0.336
07/06/2023 15:30,0.336
07/06/2023 16:00,0.336
07/06/2023 16:30,0.336
07/06/2023 17:00,0.336
07/06/2023 17:30,0.336
07/06/2023 18:00,0.336
07/06/2023 18:30,0.336
07/06/2023 19:00,0.336
07/06/2023 19:30,0.336
07/06/2023 20:00,0.336
07/06/2023 20:30,0.336
07/06/2023 21:00,0.336
07/06/2023 21:30,0.336
07/06/2023 22:00,0.336
07/06/2023 22:30,0.336
07/06/2023 23:00,0.336
07/06/2023 23:30,0.336
07/07/2023 00:00,4.425
07/07/2023 00:30,4.425
07/07/2023 01:00,4.425
07/07/2023 01:30,4.425
07/07/2023 02:00,4.425
07/07/2023 02:30,4.425
07/07/2023 03:00,4.425
07/07/2023 03:30,4.425
07/07/2023 04:00,4.425
07/07/2023 04:30,4.425
07/07/2023 05:00,4.425
07/07/2023 05:30,4.425
07/07/2023 06:00,4.425
07/07/2023 06:30,4.425
07/07/2023 07:00,4.425
07/07/2023 07:30,4.425
07/07/2023 08:00,4.425
07/07/2023 08:30,4.425
07/07/2023 09:00,4.425
07/07/2023 09:30,4.425
07/07/2023 10:00,4.425
07/07/2023 10:30,4.425
07/07/2023 11:00,4.425
07/07/2023 11:30,4.425
07/07/2023 12:00,4.425
07/07/2023 12:30,4.425
07/07/2023 13:00,4.425
07/07/2023 13:30,4.425
07/07/2023 14:00,4.425
07/07/2023 14:30,4.425
07/07/2023 15:00,4.425
07/07/2023 15:30,4.425
07/07/2023 16:00,4.425
07/07/2023 16:30,4.425
07/07/2023 17:00,4.425
07/07/2023 17:30,4.425
07/07/2023 18:00,4.425
07/07/2023 18:30,4.425
07/07/2023 19:00,4.425
07/07/2023 19:30,4.425
07/07/2023 20:00,4.425
07/07/2023 20:30,4.425
07/07/2023 21:00,4.425
07/07/2023 21:30,4.425
07/07/2023 22:00,4.425
07/07/2023 22:30,4.425
07/07/2023 23:00,4.425
07/07/2023 23:30,4.425
07/08/2023 00:00,1.337
07/08/2023 00:30,1.337
07/08/2023 01:00,1.337
07/08/2023 01:30,1.337
07/08/2023 02:00,1.337
07/08/2023 02:30,1.337
07/08/2023 03:00,1.337
07/08/2023 03:30,1.337
07/08/2023 04:00,1.337
07/08/2023 04:30,1.337
07/08/2023 05:00,1.337
07/08/2023 05:30,1.337
07/08/2023 06:00,1.337
07/08/2023 06:30,1.337
07/08/2023 07:00,1.337
07/08/2023 07:30,1.337
07/08/2023 08:00,1.337
07/08/2023 08:30,1.337
07/08/2023 09:00,1.337
07/08/2023 09:30,1.337
07/08/2023 10:00,1.337
07/08/2023 10:30,1.337
07/08/2023 11:00,1.337
07/08/2023 11:30,1.337
07/08/2023 12:00,1.337
07/08/2023 12:30,1.337
07/08/2023 13:00,1.337
07/08/2023 13:30,1.337
07/08/2023 14:00,1.337
07/08/2023 14:30,1.337
07/08/2023 15:00,1.337
07/08/2023 15:30,1.337
07/08/2023 16:00,1.337
07/08/2023 16:30,1.337
07/08/2023 17:00,1.337
07/08/2023 17:30,1.337
07/08/2023 18:00,1.337
07/08/2023 18:30,1.337
07/08/2023 19:00,1.337
07/08/2023 19:30,1.337
07/08/2023 20:00,1.337
07/08/2023 20:30,1.337
07/08/2023 21:00,1.337
07/08/2023 21:30,1.337
07/08/2023 22:00,1.337
07/08/2023 22:30,1.337
07/08/2023 23:00,1.337
07/08/2023 23:30,1.337
07/09/2023 00:00,1.337
07/09/2023 00:30,1.337
07/09/2023 01:00,1.337
07/09/2023 01:30,1.337
07/09/2023 02:00,1.337
07/09/2023 02:30,1.337
07/09/2023 03:00,1.337
07/09/2023 03:30,1.337
07/09/2023 04:00,1.337
07/09/2023 04:30,1.337
07/09/2023 05:00,1.337
07/09/2023 05:30,1.337
07/09/2023 06:00,1.337
07/09/2023 06:30,1.337
07/09/2023 07:00,1.337
07/09/2023 07:30,1.337
07/09/2023 08:00,1.337
07/09/2023 08:30,1.337
07/09/2023 09:00,1.337
07/09/2023 09:30,1.337
07/09/2023 10:00,1.337
07/09/2023 10:30,1.337
07/09/2023 11:00,1.337
07/09/2023 11:30,1.337
07/09/2023 12:00,1.337
07/09/2023 12:30,1.337
07/09/2023 13:00,1.337
07/09/2023 13:30,1.337
07/09/2023 14:00,1.337
07/09/2023 14:30,1.337
07/09/2023 15:00,1.337
07/09/2023 15:30,1.337
07/09/2023 16:00,1.337
07/09/2023 16:30,1.337
07/09/2023 17:00,1.337
07/09/2023 17:30,1.337
07/09/2023 18:00,1.337
07/09/2023 18:30,1.337
07/09/2023 19:00,1.337
07/09/2023 19:30,1.337
07/09/2023 20:00,1.337
07/09/2023 20:30,1.337
07/09/2023 21:00,1.337
07/09/2023 21:30,1.337
07/09/2023 22:00,1.337
07/09/2023 22:30,1.337
07/09/2023 23:00,1.337
07/09/2023 23:30,1.337
07/10/2023 00:00,0.954
07/10/2023 00:30,0.954
07/10/2023 01:00,0.954
07/10/2023 01:30,0.954
07/10/2023 02:00,0.954
07/10/2023 02:30,0.954
07/10/2023 03:00,0.954
07/10/2023 03:30,0.954
07/10/2023 04:00,0.954
07/10/2023 04:30,0.954
07/10/2023 05:00,0.954
07/10/2023 05:30,0.954
07/10/2023 06:00,0.954
07/10/2023 06:30,0.954
07/10/2023 07:00,0.954
07/10/2023 07:30,0.954
07/10/2023 08:00,0.954
07/10/2023 08:30,0.954
07/10/2023 09:00,0.954
07/10/2023 09:30,0.954
07/10/2023 10:00,0.954
07/10/2023 10:30,0.954
07/10/2023 11:00,0.954
07/10/2023 11:30,0.954
07/10/2023 12:00,0.954
07/10/2023 12:30,0.954
07/10/2023 13:00,0.954
07/10/2023 13:30,0.954
07/10/2023 14:00,0.954
07/10/2023 14:30,0.954
07/10/2023 15:00,0.954
07/10/2023 15:30,0.954
07/10/2023 16:00,0.954
07/10/2023 16:30,0.954
07/10/2023 17:00,0.954
07/10/2023 17:30,0.954
07/10/2023 18:00,0.954
07/10/2023 18:30,0.954
07/10/2023 19:00,0.954
07/10/2023 19:30,0.954
07/10/2023 20:00,0.954
07/10/2023 20:30,0.954
07/10/2023 21:00,0.954
07/10/2023 21:30,0.954
07/10/2023 22:00,0.954
07/10/2023 22:30,0.954
07/10/2023 23:00,0.954
07/10/2023 23:30,0.954
07/11/2023 00:00,1.761
07/11/2023 00:30,1.761
07/11/2023 01:00,1.761
07/11/2023 01:30,1.761
07/11/2023 02:00,1.761
07/11/2023 02:30,1.761
07/11/2023 03:00,1.761
07/11/2023 03:30,1.761
07/11/2023 04:00,1.761
07/11/2023 04:30,1.761
07/11/2023 05:00,1.761
07/11/2023 05:30,1.761
07/11/2023 06:00,1.761
07/11/2023 06:30,1.761
07/11/2023 07:00,1.761
07/11/2023 07:30,1.761
07/11/2023 08:00,1.761
07/11/2023 08:30,1.761
07/11/2023 09:00,1.761
07/11/2023 09:30,1.761
07/11/2023 10:00,1.761
07/11/2023 10:30,1.761
07/11/2023 11:00,1.761
07/11/2023 11:30,1.761
07/11/2023 12:00,1.761
07/11/2023 12:30,1.761
07/11/2023 13:00,1.761
07/11/2023 13:30,1.761
07/11/2023 14:00,1.761
07/11/2023 14:30,1.761
07/11/2023 15:00,1.761
07/11/2023 15:30,1.761
07/11/2023 16:00,1.761
07/11/2023 16:30,1.761
07/11/2023 17:00,1.761
07/11/2023 17:30,1.761
07/11/2023 18:00,1.761
07/11/2023 18:30,1.761
07/11/2023 19:00,1.761
07/11/2023 19:30,1.761
07/11/2023 20:00,1.761
07/11/2023 20:30,1.761
07/11/2023 21:00,1.761
07/11/2023 21:30,1.761
07/11/2023 22:00,1.761
07/11/2023 22:30,1.761
07/11/2023 23:00,1.761
07/11/2023 23:30,1.761
07/12/2023 00:00,0.954
07/12/2023 00:30,0.954
07/12/2023 01:00,0.954
07/12/2023 01:30,0.954
07/12/2023 02:00,0.954
07/12/2023 02:30,0.954
07/12/2023 03:00,0.954
07/12/2023 03:30,0.954
07/12/2023 04:00,0.954
07/12/2023 04:30,0.954
07/12/2023 05:00,0.954
07/12/2023 05:30,0.954
07/12/2023 06:00,0.954
07/12/2023 06:30,0.954
07/12/2023 07:00,0.954
07/12/2023 07:30,0.954
07/12/2023 08:00,0.954
07/12/2023 08:30,0.954
07/12/2023 09:00,0.954
07/12/2023 09:30,0.954
07/12/2023 10:00,0.954
07/12/2023 10:30,0.954
07/12/2023 11:00,0.954
07/12/2023 11:30,0.954
07/12/2023 12:00,0.954
07/12/2023 12:30,0.954
07/12/2023 13:00,0.954
07/12/2023 13:30,0.954
07/12/2023 14:00,0.954
07/12/2023 14:30,0.954
07/12/2023 15:00,0.954
07/12/2023 15:30,0.954
07/12/2023 16:00,0.954
07/12/2023 16:30,0.954
07/12/2023 17:00,0.954
07/12/2023 17:30,0.954
07/12/2023 18:00,0.954
07/12/2023 18:30,0.954
07/12/2023 19:00,0.954
07/12/2023 19:30,0.954
07/12/2023 20:00,0.954
07/12/2023 20:30,0.954
07/12/2023 21:00,0.954
07/12/2023 21:30,0.954
07/12/2023 22:00,0.954
07/12/2023 22:30,0.954
07/12/2023 23:00,0.954
07/12/2023 23:30,0.954
07/13/2023 00:00,0.618
07/13/2023 00:30,0.618
07/13/2023 01:00,0.618
07/13/2023 01:30,0.618
07/13/2023 02:00,0.618
07/13/2023 02:30,0.618
07/13/2023 03:00,0.618
07/13/2023 03:30,0.618
07/13/2023 04:00,0.618
07/13/2023 04:30,0.618
07/13/2023 05:00,0.618
07/13/2023 05:30,0.618
07/13/2023 06:00,0.618
07/13/2023 06:30,0.618
07/13/2023 07:00,0.618
07/13/2023 07:30,0.618
07/13/2023 08:00,0.618
07/13/2023 08:30,0.618
07/13/2023 09:00,0.618
07/13/2023 09:30,0.618
07/13/2023 10:00,0.618
07/13/2023 10:30,0.618
07/13/2023 11:00,0.618
07/13/2023 11:30,0.618
07/13/2023 12:00,0.618
07/13/2023 12:30,0.618
07/13/2023 13:00,0.618
07/13/2023 13:30,0.618
07/13/2023 14:00,0.618
07/13/2023 14:30,0.618
07/13/2023 15:00,0.618
07/13/2023 15:30,0.618
07/13/2023 16:00,0.618
07/13/2023 16:30,0.618
07/13/2023 17:00,0.618
07/13/2023 17:30,0.618
07/13/2023 18:00,0.618
07/13/2023 18:30,0.618
07/13/2023 19:00,0.618
07/13/2023 19:30,0.618
07/13/2023 20:00,0.618
07/13/2023 20:30,0.618
07/13/2023 21:00,0.618
07/13/2023 21:30,0.618
07/13/2023 22:00,0.618
07/13/2023 22:30,0.618
07/13/2023 23:00,0.618
07/13/2023 23:30,0.618
07/14/2023 00:00,0.618
07/14/2023 00:30,0.618
07/14/2023 01:00,0.618
07/14/2023 01:30,0.618
07/14/2023 02:00,0.618
07/14/2023 02:30,0.618
07/14/2023 03:00,0.618
07/14/2023 03:30,0.618
07/14/2023 04:00,0.618
07/14/2023 04:30,0.618
07/14/2023 05:00,0.618
07/14/2023 05:30,0.618
07/14/2023 06:00,0.618
07/14/2023 06:30,0.618
07/14/2023 07:00,0.618
07/14/2023 07:30,0.618
07/14/2023 08:00,0.618
07/14/2023 08:30,0.618
07/14/2023 09:00,0.618
07/14/2023 09:30,0.618
07/14/2023 10:00,0.618
07/14/2023 10:30,0.618
07/14/2023 11:00,0.618
07/14/2023 11:30,0.618
07/14/2023 12:00,0.618
07/14/2023 12:30,0.618
07/14/2023 13:00,0.618
07/14/2023 13:30,0.618
07/14/2023 14:00,0.618
07/14/2023 14:30,0.618
07/14/2023 15:00,0.618
07/14/2023 15:30,0.618
07/14/2023 16:00,0.618
07/14/2023 16:30,0.618
07/14/2023 17:00,0.618
07/14/2023 17:30,0.618
07/14/2023 18:00,0.618
07/14/2023 18:30,0.618
07/14/2023 19:00,0.618
07/14/2023 19:30,0.618
07/14/2023 20:00,0.618
07/14/2023 20:30,0.618
07/14/2023 21:00,0.618
07/14/2023 21:30,0.618
07/14/2023 22:00,0.618
07/14/2023 22:30,0.618
07/14/2023 23:00,0.618
07/14/2023 23:30,0.618
07/15/2023 00:00,0.336
07/15/2023 00:30,0.336
07/15/2023 01:00,0.336
07/15/2023 01:30,0.336
07/15/2023 02:00,0.336
07/15/2023 02:30,0.336
07/15/2023 03:00,0.336
07/15/2023 03:30,0.336
07/15/2023 04:00,0.336
07/15/2023 04:30,0.336
07/15/2023 05:00,0.336
07/15/2023 05:30,0.336
07/15/2023 06:00,0.336
07/15/2023 06:30,0.336
07/15/2023 07:00,0.336
07/15/2023 07:30,0.336
07/15/2023 08:00,0.336
07/15/2023 08:30,0.336
07/15/2023 09:00,0.336
07/15/2023 09:30,0.336
07/15/2023 10:00,0.336
07/15/2023 10:30,0.336
07/15/2023 11:00,0.336
07/15/2023 11:30,0.336
07/15/2023 12:00,0.336
07/15/2023 12:30,0.336
07/15/2023 13:00,0.336
07/15/2023 13:30,0.336
07/15/2023 14:00,0.336
07/15/2023 14:30,0.336
07/15/2023 15:00,0.336
07/15/2023 15:30,0.336
07/15/2023 16:00,0.336
07/15/2023 16:30,0.336
07/15/2023 17:00,0.336
07/15/2023 17:30,0.336
07/15/2023 18:00,0.336
07/15/2023 18:30,0.336
07/15/2023 19:00,0.336
07/15/2023 19:30,0.336
07/15/2023 20:00,0.336
07/15/2023 20:30,0.336
07/15/2023 21:00,0.336
07/15/2023 21:30,0.336
07/15/2023 22:00,0.336
07/15/2023 22:30,0.336
07/15/2023 23:00,0.336
07/15/2023 23:30,0.336
07/16/2023 00:00,0.118
07/16/2023 00:30,0.118
07/16/2023 01:00,0.118
07/16/2023 01:30,0.118
07/16/2023 02:00,0.118
07/16/2023 02:30,0.118
07/16/2023 03:00,0.118
07/16/2023 03:30,0.118
07/16/2023 04:00,0.118
07/16/2023 04:30,0.118
07/16/2023 05:00,0.118
07/16/2023 05:30,0.118
07/16/2023 06:00,0.118
07/16/2023 06:30,0.118
07/16/2023 07:00,0.118
07/16/2023 07:30,0.118
07/16/2023 08:00,0.118
07/16/2023 08:30,0.118
07/16/2023 09:00,0.118
07/16/2023 09:30,0.118
07/16/2023 10:00,0.118
07/16/2023 10:30,0.118
07/16/2023 11:00,0.118
07/16/2023 11:30,0.118
07/16/2023 12:00,0.118
07/16/2023 12:30,0.118
07/16/2023 13:00,0.118
07/16/2023 13:30,0.118
07/16/2023 14:00,0.118
07/16/2023 14:30,0.118
07/16/2023 15:00,0.118
07/16/2023 15:30,0.118
07/16/2023 16:00,0.118
07/16/2023 16:30,0.118
07/16/2023 17:00,0.118
07/16/2023 17:30,0.118
07/16/2023 18:00,0.118
07/16/2023 18:30,0.118
07/16/2023 19:00,0.118
07/16/2023 19:30,0.118
07/16/2023 20:00,0.118
07/16/2023 20:30,0.118
07/16/2023 21:00,0.118
07/16/2023 21:30,0.118
07/16/2023 22:00,0.118
07/16/2023 22:30,0.118
07/16/2023 23:00,0.118
07/16/2023 23:30,0.118
07/17/2023 00:00,0.118
07/17/2023 00:30,0.118
07/17/2023 01:00,0.118
07/17/2023 01:30,0.118
07/17/2023 02:00,0.118
07/17/2023 02:30,0.118
07/17/2023 03:00,0.118
07/17/2023 03:30,0.118
07/17/2023 04:00,0.118
07/17/2023 04:30,0.118
07/17/2023 05:00,0.118
07/17/2023 05:30,0.118
07/17/2023 06:00,0.118
07/17/2023 06:30,0.118
07/17/2023 07:00,0.118
07/17/2023 07:30,0.118
07/17/2023 08:00,0.118
07/17/2023 08:30,0.118
07/17/2023 09:00,0.118
07/17/2023 09:30,0.118
07/17/2023 10:00,0.118
07/17/2023 10:30,0.118
07/17/2023 11:00,0.118
07/17/2023 11:30,0.118
07/17/2023 12:00,0.118
07/17/2023 12:30,0.118
07/17/2023 13:00,0.118
07/17/2023 13:30,0.118
07/17/2023 14:00,0.118
07/17/2023 14:30,0.118
07/17/2023 15:00,0.118
07/17/2023 15:30,0.118
07/17/2023 16:00,0.118
07/17/2023 16:30,0.118
07/17/2023 17:00,0.118
07/17/2023 17:30,0.118
07/17/2023 18:00,0.118
07/17/2023 18:30,0.118
07/17/2023 19:00,0.118
07/17/2023 19:30,0.118
07/17/2023 20:00,0.118
07/17/2023 20:30,0.118
07/17/2023 21:00,0.118
07/17/2023 21:30,0.118
07/17/2023 22:00,0.118
07/17/2023 22:30,0.118
07/17/2023 23:00,0.118
07/17/2023 23:30,0.118
07/18/2023 00:00,0.118
07/18/2023 00:30,0.118
07/18/2023 01:00,0.118
07/18/2023 01:30,0.118
07/18/2023 02:00,0.118
07/18/2023 02:30,0.118
07/18/2023 03:00,0.118
07/18/2023 03:30,0.118
07/18/2023 04:00,0.118
07/18/2023 04:30,0.118
07/18/2023 05:00,0.118
07/18/2023 05:30,0.118
07/18/2023 06:00,0.118
07/18/2023 06:30,0.118
07/18/2023 07:00,0.118
07/18/2023 07:30,0.118
07/18/2023 08:00,0.118
07/18/2023 08:30,0.118
07/18/2023 09:00,0.118
07/18/2023 09:30,0.118
07/18/2023 10:00,0.118
07/18/2023 10:30,0.118
07/18/2023 11:00,0.118
07/18/2023 11:30,0.118
07/18/2023 12:00,0.118
07/18/2023 12:30,0.118
07/18/2023 13:00,0.118
07/18/2023 13:30,0.118
07/18/2023 14:00,0.118
07/18/2023 14:30,0.118
07/18/2023 15:00,0.118
07/18/2023 15:30,0.118
07/18/2023 16:00,0.118
07/18/2023 16:30,0.118
07/18/2023 17:00,0.118
07/18/2023 17:30,0.118
07/18/2023 18:00,0.118
07/18/2023 18:30,0.118
07/18/2023 19:00,0.118
07/18/2023 19:30,0.118
07/18/2023 20:00,0.118
07/18/2023 20:30,0.118
07/18/2023 21:00,0.118
07/18/2023 21:30,0.118
07/18/2023 22:00,0.118
07/18/2023 22:30,0.118
07/18/2023 23:00,0.118
07/18/2023 23:30,0.118
07/19/2023 00:00,0.118
07/19/2023 00:30,0.118
07/19/2023 01:00,0.118
07/19/2023 01:30,0.118
07/19/2023 02:00,0.118
07/19/2023 02:30,0.118
07/19/2023 03:00,0.118
07/19/2023 03:30,0.118
07/19/2023 04:00,0.118
07/19/2023 04:30,0.118
07/19/2023 05:00,0.118
07/19/2023 05:30,0.118
07/19/2023 06:00,0.118
07/19/2023 06:30,0.118
07/19/2023 07:00,0.118
07/19/2023 07:30,0.118
07/19/2023 08:00,0.118
07/19/2023 08:30,0.118
07/19/2023 09:00,0.118
07/19/2023 09:30,0.118
07/19/2023 10:00,0.118
07/19/2023 10:30,0.118
07/19/2023 11:00,0.118
07/19/2023 11:30,0.118
07/19/2023 12:00,0.118
07/19/2023 12:30,0.118
07/19/2023 13:00,0.118
07/19/2023 13:30,0.118
07/19/2023 14:00,0.118
07/19/2023 14:30,0.118
07/19/2023 15:00,0.118
07/19/2023 15:30,0.118
07/19/2023 16:00,0.118
07/19/2023 16:30,0.118
07/19/2023 17:00,0.118
07/19/2023 17:30,0.118
07/19/2023 18:00,0.118
07/19/2023 18:30,0.118
07/19/2023 19:00,0.118
07/19/2023 19:30,0.118
07/19/2023 20:00,0.118
07/19/2023 20:30,0.118
07/19/2023 21:00,0.118
07/19/2023 21:30,0.118
07/19/2023 22:00,0.118
07/19/2023 22:30,0.118
07/19/2023 23:00,0.118
07/19/2023 23:30,0.118
07/20/2023 00:00,0.118
07/20/2023 00:30,0.118
07/20/2023 01:00,0.118
07/20/2023 01:30,0.118
07/20/2023 02:00,0.118
07/20/2023 02:30,0.118
07/20/2023 03:00,0.118
07/20/2023 03:30,0.118
07/20/2023 04:00,0.118
07/20/2023 04:30,0.118
07/20/2023 05:00,0.118
07/20/2023 05:30,0.118
07/20/2023 06:00,0.118
07/20/2023 06:30,0.118
07/20/2023 07:00,0.118
07/20/2023 07:30,0.118
07/20/2023 08:00,0.118
07/20/2023 08:30,0.118
07/20/2023 09:00,0.118
07/20/2023 09:30,0.118
07/20/2023 10:00,0.118
07/20/2023 10:30,0.118
07/20/2023 11:00,0.118
07/20/2023 11:30,0.118
07/20/2023 12:00,0.118
07/20/2023 12:30,0.118
07/20/2023 13:00,0.118
07/20/2023 13:30,0.118
07/20/2023 14:00,0.118
07/20/2023 14:30,0.118
07/20/2023 15:00,0.118
07/20/2023 15:30,0.118
07/20/2023 16:00,0.118
07/20/2023 16:30,0.118
07/20/2023 17:00,0.118
07/20/2023 17:30,0.118
07/20/2023 18:00,0.118
07/20/2023 18:30,0.118
07/20/2023 19:00,0.118
07/20/2023 19:30,0.118
07/20/2023 20:00,0.118
07/20/2023 20:30,0.118
07/20/2023 21:00,0.118
07/20/2023 21:30,0.118
07/20/2023 22:00,0.118
07/20/2023 22:30,0.118
07/20/2023 23:00,0.118
07/20/2023 23:30,0.118
07/21/2023 00:00,2.725
07/21/2023 00:30,2.725
07/21/2023 01:00,2.725
07/21/2023 01:30,2.725
07/21/2023 02:00,2.725
07/21/2023 02:30,2.725
07/21/2023 03:00,2.725
07/21/2023 03:30,2.725
07/21/2023 04:00,2.725
07/21/2023 04:30,2.725
07/21/2023 05:00,2.725
07/21/2023 05:30,2.725
07/21/2023 06:00,2.725
07/21/2023 06:30,2.725
07/21/2023 07:00,2.725
07/21/2023 07:30,2.725
07/21/2023 08:00,2.725
07/21/2023 08:30,2.725
07/21/2023 09:00,2.725
07/21/2023 09:30,2.725
07/21/2023 10:00,2.725
07/21/2023 10:30,2.725
07/21/2023 11:00,2.725
07/21/2023 11:30,2.725
07/21/2023 12:00,2.725
07/21/2023 12:30,2.725
07/21/2023 13:00,2.725
07/21/2023 13:30,2.725
07/21/2023 14:00,2.725
07/21/2023 14:30,2.725
07/21/2023 15:00,2.725
07/21/2023 15:30,2.725
07/21/2023 16:00,2.725
07/21/2023 16:30,2.725
07/21/2023 17:00,2.725
07/21/2023 17:30,2.725
07/21/2023 18:00,2.725
07/21/2023 18:30,2.725
07/21/2023 19:00,2.725
07/21/2023 19:30,2.725
07/21/2023 20:00,2.725
07/21/2023 20:30,2.725
07/21/2023 21:00,2.725
07/21/2023 21:30,2.725
07/21/2023 22:00,2.725
07/21/2023 22:30,2.725
07/21/2023 23:00,2.725
07/21/2023 23:30,2.725
07/22/2023 00:00,0.954
07/22/2023 00:30,0.954
07/22/2023 01:00,0.954
07/22/2023 01:30,0.954
07/22/2023 02:00,0.954
07/22/2023 02:30,0.954
07/22/2023 03:00,0.954
07/22/2023 03:30,0.954
07/22/2023 04:00,0.954
07/22/2023 04:30,0.954
07/22/2023 05:00,0.954
07/22/2023 05:30,0.954
07/22/2023 06:00,0.954
07/22/2023 06:30,0.954
07/22/2023 07:00,0.954
07/22/2023 07:30,0.954
07/22/2023 08:00,0.954
07/22/2023 08:30,0.954
07/22/2023 09:00,0.954
07/22/2023 09:30,0.954
07/22/2023 10:00,0.954
07/22/2023 10:30,0.954
07/22/2023 11:00,0.954
07/22/2023 11:30,0.954
07/22/2023 12:00,0.954
07/22/2023 12:30,0.954
07/22/2023 13:00,0.954
07/22/2023 13:30,0.954
07/22/2023 14:00,0.954
07/22/2023 14:30,0.954
07/22/2023 15:00,0.954
07/22/2023 15:30,0.954
07/22/2023 16:00,0.954
07/22/2023 16:30,0.954
07/22/2023 17:00,0.954
07/22/2023 17:30,0.954
07/22/2023 18:00,0.954
07/22/2023 18:30,0.954
07/22/2023 19:00,0.954
07/22/2023 19:30,0.954
07/22/2023 20:00,0.954
07/22/2023 20:30,0.954
07/22/2023 21:00,0.954
07/22/2023 21:30,0.954
07/22/2023 22:00,0.954
07/22/2023 22:30,0.954
07/22/2023 23:00,0.954
07/22/2023 23:30,0.954
07/23/2023 00:00,0.336
07/23/2023 00:30,0.336
07/23/2023 01:00,0.336
07/23/2023 01:30,0.336
07/23/2023 02:00,0.336
07/23/2023 02:30,0.336
07/23/2023 03:00,0.336
07/23/2023 03:30,0.336
07/23/2023 04:00,0.336
07/23/2023 04:30,0.336
07/23/2023 05:00,0.336
07/23/2023 05:30,0.336
07/23/2023 06:00,0.336
07/23/2023 06:30,0.336
07/23/2023 07:00,0.336
07/23/2023 07:30,0.336
07/23/2023 08:00,0.336
07/23/2023 08:30,0.336
07/23/2023 09:00,0.336
07/23/2023 09:30,0.336
07/23/2023 10:00,0.336
07/23/2023 10:30,0.336
07/23/2023 11:00,0.336
07/23/2023 11:30,0.336
07/23/2023 12:00,0.336
07/23/2023 12:30,0.336
07/23/2023 13:00,0.336
07/23/2023 13:30,0.336
07/23/2023 14:00,0.336
07/23/2023 14:30,0.336
07/23/2023 15:00,0.336
07/23/2023 15:30,0.336
07/23/2023 16:00,0.336
07/23/2023 16:30,0.336
07/23/2023 17:00,0.336
07/23/2023 17:30,0.336
07/23/2023 18:00,0.336
07/23/2023 18:30,0.336
07/23/2023 19:00,0.336
07/23/2023 19:30,0.336
07/23/2023 20:00,0.336
07/23/2023 20:30,0.336
07/23/2023 21:00,0.336
07/23/2023 21:30,0.336
07/23/2023 22:00,0.336
07/23/2023 22:30,0.336
07/23/2023 23:00,0.336
07/23/2023 23:30,0.336
07/24/2023 00:00,0.118
07/24/2023 00:30,0.118
07/24/2023 01:00,0.118
07/24/2023 01:30,0.118
07/24/2023 02:00,0.118
07/24/2023 02:30,0.118
07/24/2023 03:00,0.118
07/24/2023 03:30,0.118
07/24/2023 04:00,0.118
07/24/2023 04:30,0.118
07/24/2023 05:00,0.118
07/24/2023 05:30,0.118
07/24/2023 06:00,0.118
07/24/2023 06:30,0.118
07/24/2023 07:00,0.118
07/24/2023 07:30,0.118
07/24/2023 08:00,0.118
07/24/2023 08:30,0.118
07/24/2023 09:00,0.118
07/24/2023 09:30,0.118
07/24/2023 10:00,0.118
07/24/2023 10:30,0.118
07/24/2023 11:00,0.118
07/24/2023 11:30,0.118
07/24/2023 12:00,0.118
07/24/2023 12:30,0.118
07/24/2023 13:00,0.118
07/24/2023 13:30,0.118
07/24/2023 14:00,0.118
07/24/2023 14:30,0.118
07/24/2023 15:00,0.118
07/24/2023 15:30,0.118
07/24/2023 16:00,0.118
07/24/2023 16:30,0.118
07/24/2023 17:00,0.118
07/24/2023 17:30,0.118
07/24/2023 18:00,0.118
07/24/2023 18:30,0.118
07/24/2023 19:00,0.118
07/24/2023 19:30,0.118
07/24/2023 20:00,0.118
07/24/2023 20:30,0.118
07/24/2023 21:00,0.118
07/24/2023 21:30,0.118
07/24/2023 22:00,0.118
07/24/2023 22:30,0.118
07/24/2023 23:00,0.118
07/24/2023 23:30,0.118
07/25/2023 00:00,0.336
07/25/2023 00:30,0.336
07/25/2023 01:00,0.336
07/25/2023 01:30,0.336
07/25/2023 02:00,0.336
07/25/2023 02:30,0.336
07/25/2023 03:00,0.336
07/25/2023 03:30,0.336
07/25/2023 04:00,0.336
07/25/2023 04:30,0.336
07/25/2023 05:00,0.336
07/25/2023 05:30,0.336
07/25/2023 06:00,0.336
07/25/2023 06:30,0.336
07/25/2023 07:00,0.336
07/25/2023 07:30,0.336
07/25/2023 08:00,0.336
07/25/2023 08:30,0.336
07/25/2023 09:00,0.336
07/25/2023 09:30,0.336
07/25/2023 10:00,0.336
07/25/2023 10:30,0.336
07/25/2023 11:00,0.336
07/25/2023 11:30,0.336
07/25/2023 12:00,0.336
07/25/2023 12:30,0.336
07/25/2023 13:00,0.336
07/25/2023 13:30,0.336
07/25/2023 14:00,0.336
07/25/2023 14:30,0.336
07/25/2023 15:00,0.336
07/25/2023 15:30,0.336
07/25/2023 16:00,0.336
07/25/2023 16:30,0.336
07/25/2023 17:00,0.336
07/25/2023 17:30,0.336
07/25/2023 18:00,0.336
07/25/2023 18:30,0.336
07/25/2023 19:00,0.336
07/25/2023 19:30,0.336
07/25/2023 20:00,0.336
07/25/2023 20:30,0.336
07/25/2023 21:00,0.336
07/25/2023 21:30,0.336
07/25/2023 22:00,0.336
07/25/2023 22:30,0.336
07/25/2023 23:00,0.336
07/25/2023 23:30,0.336
07/26/2023 00:00,0.618
07/26/2023 00:30,0.618
07/26/2023 01:00,0.618
07/26/2023 01:30,0.618
07/26/2023 02:00,0.618
07/26/2023 02:30,0.618
07/26/2023 03:00,0.618
07/26/2023 03:30,0.618
07/26/2023 04:00,0.618
07/26/2023 04:30,0.618
07/26/2023 05:00,0.618
07/26/2023 05:30,0.618
07/26/2023 06:00,0.618
07/26/2023 06:30,0.618
07/26/2023 07:00,0.618
07/26/2023 07:30,0.618
07/26/2023 08:00,0.618
07/26/2023 08:30,0.618
07/26/2023 09:00,0.618
07/26/2023 09:30,0.618
07/26/2023 10:00,0.618
07/26/2023 10:30,0.618
07/26/2023 11:00,0.618
07/26/2023 11:30,0.618
07/26/2023 12:00,0.618
07/26/2023 12:30,0.618
07/26/2023 13:00,0.618
07/26/2023 13:30,0.618
07/26/2023 14:00,0.618
07/26/2023 14:30,0.618
07/26/2023 15:00,0.618
07/26/2023 15:30,0.618
07/26/2023 16:00,0.618
07/26/2023 16:30,0.618
07/26/2023 17:00,0.618
07/26/2023 17:30,0.618
07/26/2023 18:00,0.618
07/26/2023 18:30,0.618
07/26/2023 19:00,0.618
07/26/2023 19:30,0.618
07/26/2023 20:00,0.618
07/26/2023 20:30,0.618
07/26/2023 21:00,0.618
07/26/2023 21:30,0.618
07/26/2023 22:00,0.618
07/26/2023 22:30,0.618
07/26/2023 23:00,0.618
07/26/2023 23:30,0.618
07/27/2023 00:00,0.954
07/27/2023 00:30,0.954
07/27/2023 01:00,0.954
07/27/2023 01:30,0.954
07/27/2023 02:00,0.954
07/27/2023 02:30,0.954
07/27/2023 03:00,0.954
07/27/2023 03:30,0.954
07/27/2023 04:00,0.954
07/27/2023 04:30,0.954
07/27/2023 05:00,0.954
07/27/2023 05:30,0.954
07/27/2023 06:00,0.954
07/27/2023 06:30,0.954
07/27/2023 07:00,0.954
07/27/2023 07:30,0.954
07/27/2023 08:00,0.954
07/27/2023 08:30,0.954
07/27/2023 09:00,0.954
07/27/2023 09:30,0.954
07/27/2023 10:00,0.954
07/27/2023 10:30,0.954
07/27/2023 11:00,0.954
07/27/2023 11:30,0.954
07/27/2023 12:00,0.954
07/27/2023 12:30,0.954
07/27/2023 13:00,0.954
07/27/2023 13:30,0.954
07/27/2023 14:00,0.954
07/27/2023 14:30,0.954
07/27/2023 15:00,0.954
07/27/2023 15:30,0.954
07/27/2023 16:00,0.954
07/27/2023 16:30,0.954
07/27/2023 17:00,0.954
07/27/2023 17:30,0.954
07/27/2023 18:00,0.954
07/27/2023 18:30,0.954
07/27/2023 19:00,0.954
07/27/2023 19:30,0.954
07/27/2023 20:00,0.954
07/27/2023 20:30,0.954
07/27/2023 21:00,0.954
07/27/2023 21:30,0.954
07/27/2023 22:00,0.954
07/27/2023 22:30,0.954
07/27/2023 23:00,0.954
07/27/2023 23:30,0.954
07/28/2023 00:00,0.954
07/28/2023 00:30,0.954
07/28/2023 01:00,0.954
07/28/2023 01:30,0.954
07/28/2023 02:00,0.954
07/28/2023 02:30,0.954
07/28/2023 03:00,0.954
07/28/2023 03:30,0.954
07/28/2023 04:00,0.954
07/28/2023 04:30,0.954
07/28/2023 05:00,0.954
07/28/2023 05:30,0.954
07/28/2023 06:00,0.954
07/28/2023 06:30,0.954
07/28/2023 07:00,0.954
07/28/2023 07:30,0.954
07/28/2023 08:00,0.954
07/28/2023 08:30,0.954
07/28/2023 09:00,0.954
07/28/2023 09:30,0.954
07/28/2023 10:00,0.954
07/28/2023 10:30,0.954
07/28/2023 11:00,0.954
07/28/2023 11:30,0.954
07/28/2023 12:00,0.954
07/28/2023 12:30,0.954
07/28/2023 13:00,0.954
07/28/2023 13:30,0.954
07/28/2023 14:00,0.954
07/28/2023 14:30,0.954
07/28/2023 15:00,0.954
07/28/2023 15:30,0.954
07/28/2023 16:00,0.954
07/28/2023 16:30,0.954
07/28/2023 17:00,0.954
07/28/2023 17:30,0.954
07/28/2023 18:00,0.954
07/28/2023 18:30,0.954
07/28/2023 19:00,0.954
07/28/2023 19:30,0.954
07/28/2023 20:00,0.954
07/28/2023 20:30,0.954
07/28/2023 21:00,0.954
07/28/2023 21:30,0.954
07/28/2023 22:00,0.954
07/28/2023 22:30,0.954
07/28/2023 23:00,0.954
07/28/2023 23:30,0.954
07/29/2023 00:00,0.336
07/29/2023 00:30,0.336
07/29/2023 01:00,0.336
07/29/2023 01:30,0.336
07/29/2023 02:00,0.336
07/29/2023 02:30,0.336
07/29/2023 03:00,0.336
07/29/2023 03:30,0.336
07/29/2023 04:00,0.336
07/29/2023 04:30,0.336
07/29/2023 05:00,0.336
07/29/2023 05:30,0.336
07/29/2023 06:00,0.336
07/29/2023 06:30,0.336
07/29/2023 07:00,0.336
07/29/2023 07:30,0.336
07/29/2023 08:00,0.336
07/29/2023 08:30,0.336
07/29/2023 09:00,0.336
07/29/2023 09:30,0.336
07/29/2023 10:00,0.336
07/29/2023 10:30,0.336
07/29/2023 11:00,0.336
07/29/2023 11:30,0.336
07/29/2023 12:00,0.336
07/29/2023 12:30,0.336
07/29/2023 13:00,0.336
07/29/2023 13:30,0.336
07/29/2023 14:00,0.336
07/29/2023 14:30,0.336
07/29/2023 15:00,0.336
07/29/2023 15:30,0.336
07/29/2023 16:00,0.336
07/29/2023 16:30,0.336
07/29/2023 17:00,0.336
07/29/2023 17:30,0.336
07/29/2023 18:00,0.336
07/29/2023 18:30,0.336
07/29/2023 19:00,0.336
07/29/2023 19:30,0.336
07/29/2023 20:00,0.336
07/29/2023 20:30,0.336
07/29/2023 21:00,0.336
07/29/2023 21:30,0.336
07/29/2023 22:00,0.336
07/29/2023 22:30,0.336
07/29/2023 23:00,0.336
07/29/2023 23:30,0.336
07/30/2023 00:00,0.336
07/30/2023 00:30,0.336
07/30/2023 01:00,0.336
07/30/2023 01:30,0.336
07/30/2023 02:00,0.336
07/30/2023 02:30,0.336
07/30/2023 03:00,0.336
07/30/2023 03:30,0.336
07/30/2023 04:00,0.336
07/30/2023 04:30,0.336
07/30/2023 05:00,0.336
07/30/2023 05:30,0.336
07/30/2023 06:00,0.336
07/30/2023 06:30,0.336
07/30/2023 07:00,0.336
07/30/2023 07:30,0.336
07/30/2023 08:00,0.336
07/30/2023 08:30,0.336
07/30/2023 09:00,0.336
07/30/2023 09:30,0.336
07/30/2023 10:00,0.336
07/30/2023 10:30,0.336
07/30/2023 11:00,0.336
07/30/2023 11:30,0.336
07/30/2023 12:00,0.336
07/30/2023 12:30,0.336
07/30/2023 13:00,0.336
07/30/2023 13:30,0.336
07/30/2023 14:00,0.336
07/30/2023 14:30,0.336
07/30/2023 15:00,0.336
07/30/2023 15:30,0.336
07/30/2023 16:00,0.336
07/30/2023 16:30,0.336
07/30/2023 17:00,0.336
07/30/2023 17:30,0.336
07/30/2023 18:00,0.336
07/30/2023 18:30,0.336
07/30/2023 19:00,0.336
07/30/2023 19:30,0.336
07/30/2023 20:00,0.336
07/30/2023 20:30,0.336
07/30/2023 21:00,0.336
07/30/2023 21:30,0.336
07/30/2023 22:00,0.336
07/30/2023 22:30,0.336
07/30/2023 23:00,0.336
07/30/2023 23:30,0.336
07/31/2023 00:00,0.336
07/31/2023 00:30,0.336
07/31/2023 01:00,0.336
07/31/2023 01:30,0.336
07/31/2023 02:00,0.336
07/31/2023 02:30,0.336
07/31/2023 03:00,0.336
07/31/2023 03:30,0.336
07/31/2023 04:00,0.336
07/31/2023 04:30,0.336
07/31/2023 05:00,0.336
07/31/2023 05:30,0.336
07/31/2023 06:00,0.336
07/31/2023 06:30,0.336
07/31/2023 07:00,0.336
07/31/2023 07:30,0.336
07/31/2023 08:00,0.336
07/31/2023 08:30,0.336
07/31/2023 09:00,0.336
07/31/2023 09:30,0.336
07/31/2023 10:00,0.336
07/31/2023 10:30,0.336
07/31/2023 11:00,0.336
07/31/2023 11:30,0.336
07/31/2023 12:00,0.336
07/31/2023 12:30,0.336
07/31/2023 13:00,0.336
07/31/2023 13:30,0.336
07/31/2023 14:00,0.336
07/31/2023 14:30,0.336
07/31/2023 15:00,0.336
07/31/2023 15:30,0.336
07/31/2023 16:00,0.336
07/31/2023 16:30,0.336
07/31/2023 17:00,0.336
07/31/2023 17:30,0.336
07/31/2023 18:00,0.336
07/31/2023 18:30,0.336
07/31/2023 19:00,0.336
07/31/2023 19:30,0.336
07/31/2023 20:00,0.336
07/31/2023 20:30,0.336
07/31/2023 21:00,0.336
07/31/2023 21:30,0.336
07/31/2023 22:00,0.336
07/31/2023 22:30,0.336
07/31/2023 23:00,0.336
07/31/2023 23:30,0.336
08/01/2023 00:00,0.336
08/01/2023 00:30,0.336
08/01/2023 01:00,0.336
08/01/2023 01:30,0.336
08/01/2023 02:00,0.336
08/01/2023 02:30,0.336
08/01/2023 03:00,0.336
08/01/2023 03:30,0.336
08/01/2023 04:00,0.336
08/01/2023 04:30,0.336
08/01/2023 05:00,0.336
08/01/2023 05:30,0.336
08/01/2023 06:00,0.336
08/01/2023 06:30,0.336
08/01/2023 07:00,0.336
08/01/2023 07:30,0.336
08/01/2023 08:00,0.336
08/01/2023 08:30,0.336
08/01/2023 09:00,0.336
08/01/2023 09:30,0.336
08/01/2023 10:00,0.336
08/01/2023 10:30,0.336
08/01/2023 11:00,0.336
08/01/2023 11:30,0.336
08/01/2023 12:00,0.336
08/01/2023 12:30,0.336
08/01/2023 13:00,0.336
08/01/2023 13:30,0.336
08/01/2023 14:00,0.336
08/01/2023 14:30,0.336
08/01/2023 15:00,0.336
08/01/2023 15:30,0.336
08/01/2023 16:00,0.336
08/01/2023 16:30,0.336
08/01/2023 17:00,0.336
08/01/2023 17:30,0.336
08/01/2023 18:00,0.336
08/01/2023 18:30,0.336
08/01/2023 19:00,0.336
08/01/2023 19:30,0.336
08/01/2023 20:00,0.336
08/01/2023 20:30,0.336
08/01/2023 21:00,0.336
08/01/2023 21:30,0.336
08/01/2023 22:00,0.336
08/01/2023 22:30,0.336
08/01/2023 23:00,0.336
08/01/2023 23:30,0.336
08/02/2023 00:00,0.336
08/02/2023 00:30,0.336
08/02/2023 01:00,0.336
08/02/2023 01:30,0.336
08/02/2023 02:00,0.336
08/02/2023 02:30,0.336
08/02/2023 03:00,0.336
08/02/2023 03:30,0.336
08/02/2023 04:00,0.336
08/02/2023 04:30,0.336
08/02/2023 05:00,0.336
08/02/2023 05:30,0.336
08/02/2023 06:00,0.336
08/02/2023 06:30,0.336
08/02/2023 07:00,0.336
08/02/2023 07:30,0.336
08/02/2023 08:00,0.336
08/02/2023 08:30,0.336
08/02/2023 09:00,0.336
08/02/2023 09:30,0.336
08/02/2023 10:00,0.336
08/02/2023 10:30,0.336
08/02/2023 11:00,0.336
08/02/2023 11:30,0.336
08/02/2023 12:00,0.336
08/02/2023 12:30,0.336
08/02/2023 13:00,0.336
08/02/2023 13:30,0.336
08/02/2023 14:00,0.336
08/02/2023 14:30,0.336
08/02/2023 15:00,0.336
08/02/2023 15:30,0.336
08/02/2023 16:00,0.336
08/02/2023 16:30,0.336
08/02/2023 17:00,0.336
08/02/2023 17:30,0.336
08/02/2023 18:00,0.336
08/02/2023 18:30,0.336
08/02/2023 19:00,0.336
08/02/2023 19:30,0.336
08/02/2023 20:00,0.336
08/02/2023 20:30,0.336
08/02/2023 21:00,0.336
08/02/2023 21:30,0.336
08/02/2023 22:00,0.336
08/02/2023 22:30,0.336
08/02/2023 23:00,0.336
08/02/2023 23:30,0.336
08/03/2023 00:00,0.336
08/03/2023 00:30,0.336
08/03/2023 01:00,0.336
08/03/2023 01:30,0.336
08/03/2023 02:00,0.336
08/03/2023 02:30,0.336
08/03/2023 03:00,0.336
08/03/2023 03:30,0.336
08/03/2023 04:00,0.336
08/03/2023 04:30,0.336
08/03/2023 05:00,0.336
08/03/2023 05:30,0.336
08/03/2023 06:00,0.336
08/03/2023 06:30,0.336
08/03/2023 07:00,0.336
08/03/2023 07:30,0.336
08/03/2023 08:00,0.336
08/03/2023 08:30,0.336
08/03/2023 09:00,0.336
08/03/2023 09:30,0.336
08/03/2023 10:00,0.336
08/03/2023 10:30,0.336
08/03/2023 11:00,0.336
08/03/2023 11:30,0.336
08/03/2023 12:00,0.336
08/03/2023 12:30,0.336
08/03/2023 13:00,0.336
08/03/2023 13:30,0.336
08/03/2023 14:00,0.336
08/03/2023 14:30,0.336
08/03/2023 15:00,0.336
08/03/2023 15:30,0.336
08/03/2023 16:00,0.336
08/03/2023 16:30,0.336
08/03/2023 17:00,0.336
08/03/2023 17:30,0.336
08/03/2023 18:00,0.336
08/03/2023 18:30,0.336
08/03/2023 19:00,0.336
08/03/2023 19:30,0.336
08/03/2023 20:00,0.336
08/03/2023 20:30,0.336
08/03/2023 21:00,0.336
08/03/2023 21:30,0.336
08/03/2023 22:00,0.336
08/03/2023 22:30,0.336
08/03/2023 23:00,0.336
08/03/2023 23:30,0.336
08/04/2023 00:00,0.336
08/04/2023 00:30,0.336
08/04/2023 01:00,0.336
08/04/2023 01:30,0.336
08/04/2023 02:00,0.336
08/04/2023 02:30,0.336
08/04/2023 03:00,0.336
08/04/2023 03:30,0.336
08/04/2023 04:00,0.336
08/04/2023 04:30,0.336
08/04/2023 05:00,0.336
08/04/2023 05:30,0.336
08/04/2023 06:00,0.336
08/04/2023 06:30,0.336
08/04/2023 07:00,0.336
08/04/2023 07:30,0.336
08/04/2023 08:00,0.336
08/04/2023 08:30,0.336
08/04/2023 09:00,0.336
08/04/2023 09:30,0.336
08/04/2023 10:00,0.336
08/04/2023 10:30,0.336
08/04/2023 11:00,0.336
08/04/2023 11:30,0.336
08/04/2023 12:00,0.336
08/04/2023 12:30,0.336
08/04/2023 13:00,0.336
08/04/2023 13:30,0.336
08/04/2023 14:00,0.336
08/04/2023 14:30,0.336
08/04/2023 15:00,0.336
08/04/2023 15:30,0.336
08/04/2023 16:00,0.336
08/04/2023 16:30,0.336
08/04/2023 17:00,0.336
08/04/2023 17:30,0.336
08/04/2023 18:00,0.336
08/04/2023 18:30,0.336
08/04/2023 19:00,0.336
08/04/2023 19:30,0.336
08/04/2023 20:00,0.336
08/04/2023 20:30,0.336
08/04/2023 21:00,0.336
08/04/2023 21:30,0.336
08/04/2023 22:00,0.336
08/04/2023 22:30,0.336
08/04/2023 23:00,0.336
08/04/2023 23:30,0.336
08/05/2023 00:00,1.761
08/05/2023 00:30,1.761
08/05/2023 01:00,1.761
08/05/2023 01:30,1.761
08/05/2023 02:00,1.761
08/05/2023 02:30,1.761
08/05/2023 03:00,1.761
08/05/2023 03:30,1.761
08/05/2023 04:00,1.761
08/05/2023 04:30,1.761
08/05/2023 05:00,1.761
08/05/2023 05:30,1.761
08/05/2023 06:00,1.761
08/05/2023 06:30,1.761
08/05/2023 07:00,1.761
08/05/2023 07:30,1.761
08/05/2023 08:00,1.761
08/05/2023 08:30,1.761
08/05/2023 09:00,1.761
08/05/2023 09:30,1.761
08/05/2023 10:00,1.761
08/05/2023 10:30,1.761
08/05/2023 11:00,1.761
08/05/2023 11:30,1.761
08/05/2023 12:00,1.761
08/05/2023 12:30,1.761
08/05/2023 13:00,1.761
08/05/2023 13:30,1.761
08/05/2023 14:00,1.761
08/05/2023 14:30,1.761
08/05/2023 15:00,1.761
08/05/2023 15:30,1.761
08/05/2023 16:00,1.761
08/05/2023 16:30,1.761
08/05/2023 17:00,1.761
08/05/2023 17:30,1.761
08/05/2023 18:00,1.761
08/05/2023 18:30,1.761
08/05/2023 19:00,1.761
08/05/2023 19:30,1.761
08/05/2023 20:00,1.761
08/05/2023 20:30,1.761
08/05/2023 21:00,1.761
08/05/2023 21:30,1.761
08/05/2023 22:00,1.761
08/05/2023 22:30,1.761
08/05/2023 23:00,1.761
08/05/2023 23:30,1.761
08/06/2023 00:00,1.337
08/06/2023 00:30,1.337
08/06/2023 01:00,1.337
08/06/2023 01:30,1.337
08/06/2023 02:00,1.337
08/06/2023 02:30,1.337
08/06/2023 03:00,1.337
08/06/2023 03:30,1.337
08/06/2023 04:00,1.337
08/06/2023 04:30,1.337
08/06/2023 05:00,1.337
08/06/2023 05:30,1.337
08/06/2023 06:00,1.337
08/06/2023 06:30,1.337
08/06/2023 07:00,1.337
08/06/2023 07:30,1.337
08/06/2023 08:00,1.337
08/06/2023 08:30,1.337
08/06/2023 09:00,1.337
08/06/2023 09:30,1.337
08/06/2023 10:00,1.337
08/06/2023 10:30,1.337
08/06/2023 11:00,1.337
08/06/2023 11:30,1.337
08/06/2023 12:00,1.337
08/06/2023 12:30,1.337
08/06/2023 13:00,1.337
08/06/2023 13:30,1.337
08/06/2023 14:00,1.337
08/06/2023 14:30,1.337
08/06/2023 15:00,1.337
08/06/2023 15:30,1.337
08/06/2023 16:00,1.337
08/06/2023 16:30,1.337
08/06/2023 17:00,1.337
08/06/2023 17:30,1.337
08/06/2023 18:00,1.337
08/06/2023 18:30,1.337
08/06/2023 19:00,1.337
08/06/2023 19:30,1.337
08/06/2023 20:00,1.337
08/06/2023 20:30,1.337
08/06/2023 21:00,1.337
08/06/2023 21:30,1.337
08/06/2023 22:00,1.337
08/06/2023 22:30,1.337
08/06/2023 23:00,1.337
08/06/2023 23:30,1.337
08/07/2023 00:00,3.826
08/07/2023 00:30,3.826
08/07/2023 01:00,3.826
08/07/2023 01:30,3.826
08/07/2023 02:00,3.826
08/07/2023 02:30,3.826
08/07/2023 03:00,3.826
08/07/2023 03:30,3.826
08/07/2023 04:00,3.826
08/07/2023 04:30,3.826
08/07/2023 05:00,3.826
08/07/2023 05:30,3.826
08/07/2023 06:00,3.826
08/07/2023 06:30,3.826
08/07/2023 07:00,3.826
08/07/2023 07:30,3.826
08/07/2023 08:00,3.826
08/07/2023 08:30,3.826
08/07/2023 09:00,3.826
08/07/2023 09:30,3.826
08/07/2023 10:00,3.826
08/07/2023 10:30,3.826
08/07/2023 11:00,3.826
08/07/2023 11:30,3.826
08/07/2023 12:00,3.826
08/07/2023 12:30,3.826
08/07/2023 13:00,3.826
08/07/2023 13:30,3.826
08/07/2023 14:00,3.826
08/07/2023 14:30,3.826
08/07/2023 15:00,3.826
08/07/2023 15:30,3.826
08/07/2023 16:00,3.826
08/07/2023 16:30,3.826
08/07/2023 17:00,3.826
08/07/2023 17:30,3.826
08/07/2023 18:00,3.826
08/07/2023 18:30,3.826
08/07/2023 19:00,3.826
08/07/2023 19:30,3.826
08/07/2023 20:00,3.826
08/07/2023 20:30,3.826
08/07/2023 21:00,3.826
08/07/2023 21:30,3.826
08/07/2023 22:00,3.826
08/07/2023 22:30,3.826
08/07/2023 23:00,3.826
08/07/2023 23:30,3.826
08/08/2023 00:00,1.337
08/08/2023 00:30,1.337
08/08/2023 01:00,1.337
08/08/2023 01:30,1.337
08/08/2023 02:00,1.337
08/08/2023 02:30,1.337
08/08/2023 03:00,1.337
08/08/2023 03:30,1.337
08/08/2023 04:00,1.337
08/08/2023 04:30,1.337
08/08/2023 05:00,1.337
08/08/2023 05:30,1.337
08/08/2023 06:00,1.337
08/08/2023 06:30,1.337
08/08/2023 07:00,1.337
08/08/2023 07:30,1.337
08/08/2023 08:00,1.337
08/08/2023 08:30,1.337
08/08/2023 09:00,1.337
08/08/2023 09:30,1.337
08/08/2023 10:00,1.337
08/08/2023 10:30,1.337
08/08/2023 11:00,1.337
08/08/2023 11:30,1.337
08/08/2023 12:00,1.337
08/08/2023 12:30,1.337
08/08/2023 13:00,1.337
08/08/2023 13:30,1.337
08/08/2023 14:00,1.337
08/08/2023 14:30,1.337
08/08/2023 15:00,1.337
08/08/2023 15:30,1.337
08/08/2023 16:00,1.337
08/08/2023 16:30,1.337
08/08/2023 17:00,1.337
08/08/2023 17:30,1.337
08/08/2023 18:00,1.337
08/08/2023 18:30,1.337
08/08/2023 19:00,1.337
08/08/2023 19:30,1.337
08/08/2023 20:00,1.337
08/08/2023 20:30,1.337
08/08/2023 21:00,1.337
08/08/2023 21:30,1.337
08/08/2023 22:00,1.337
08/08/2023 22:30,1.337
08/08/2023 23:00,1.337
08/08/2023 23:30,1.337
08/09/2023 00:00,0.954
08/09/2023 00:30,0.954
08/09/2023 01:00,0.954
08/09/2023 01:30,0.954
08/09/2023 02:00,0.954
08/09/2023 02:30,0.954
08/09/2023 03:00,0.954
08/09/2023 03:30,0.954
08/09/2023 04:00,0.954
08/09/2023 04:30,0.954
08/09/2023 05:00,0.954
08/09/2023 05:30,0.954
08/09/2023 06:00,0.954
08/09/2023 06:30,0.954
08/09/2023 07:00,0.954
08/09/2023 07:30,0.954
08/09/2023 08:00,0.954
08/09/2023 08:30,0.954
08/09/2023 09:00,0.954
08/09/2023 09:30,0.954
08/09/2023 10:00,0.954
08/09/2023 10:30,0.954
08/09/2023 11:00,0.954
08/09/2023 11:30,0.954
08/09/2023 12:00,0.954
08/09/2023 12:30,0.954
08/09/2023 13:00,0.954
08/09/2023 13:30,0.954
08/09/2023 14:00,0.954
08/09/2023 14:30,0.954
08/09/2023 15:00,0.954
08/09/2023 15:30,0.954
08/09/2023 16:00,0.954
08/09/2023 16:30,0.954
08/09/2023 17:00,0.954
08/09/2023 17:30,0.954
08/09/2023 18:00,0.954
08/09/2023 18:30,0.954
08/09/2023 19:00,0.954
08/09/2023 19:30,0.954
08/09/2023 20:00,0.954
08/09/2023 20:30,0.954
08/09/2023 21:00,0.954
08/09/2023 21:30,0.954
08/09/2023 22:00,0.954
08/09/2023 22:30,0.954
08/09/2023 23:00,0.954
08/09/2023 23:30,0.954
08/10/2023 00:00,0.618
08/10/2023 00:30,0.618
08/10/2023 01:00,0.618
08/10/2023 01:30,0.618
08/10/2023 02:00,0.618
08/10/2023 02:30,0.618
08/10/2023 03:00,0.618
08/10/2023 03:30,0.618
08/10/2023 04:00,0.618
08/10/2023 04:30,0.618
08/10/2023 05:00,0.618
08/10/2023 05:30,0.618
08/10/2023 06:00,0.618
08/10/2023 06:30,0.618
08/10/2023 07:00,0.618
08/10/2023 07:30,0.618
08/10/2023 08:00,0.618
08/10/2023 08:30,0.618
08/10/2023 09:00,0.618
08/10/2023 09:30,0.618
08/10/2023 10:00,0.618
08/10/2023 10:30,0.618
08/10/2023 11:00,0.618
08/10/2023 11:30,0.618
08/10/2023 12:00,0.618
08/10/2023 12:30,0.618
08/10/2023 13:00,0.618
08/10/2023 13:30,0.618
08/10/2023 14:00,0.618
08/10/2023 14:30,0.618
08/10/2023 15:00,0.618
08/10/2023 15:30,0.618
08/10/2023 16:00,0.618
08/10/2023 16:30,0.618
08/10/2023 17:00,0.618
08/10/2023 17:30,0.618
08/10/2023 18:00,0.618
08/10/2023 18:30,0.618
08/10/2023 19:00,0.618
08/10/2023 19:30,0.618
08/10/2023 20:00,0.618
08/10/2023 20:30,0.618
08/10/2023 21:00,0.618
08/10/2023 21:30,0.618
08/10/2023 22:00,0.618
08/10/2023 22:30,0.618
08/10/2023 23:00,0.618
08/10/2023 23:30,0.618
08/11/2023 00:00,0.336
08/11/2023 00:30,0.336
08/11/2023 01:00,0.336
08/11/2023 01:30,0.336
08/11/2023 02:00,0.336
08/11/2023 02:30,0.336
08/11/2023 03:00,0.336
08/11/2023 03:30,0.336
08/11/2023 04:00,0.336
08/11/2023 04:30,0.336
08/11/2023 05:00,0.336
08/11/2023 05:30,0.336
08/11/2023 06:00,0.336
08/11/2023 06:30,0.336
08/11/2023 07:00,0.336
08/11/2023 07:30,0.336
08/11/2023 08:00,0.336
08/11/2023 08:30,0.336
08/11/2023 09:00,0.336
08/11/2023 09:30,0.336
08/11/2023 10:00,0.336
08/11/2023 10:30,0.336
08/11/2023 11:00,0.336
08/11/2023 11:30,0.336
08/11/2023 12:00,0.336
08/11/2023 12:30,0.336
08/11/2023 13:00,0.336
08/11/2023 13:30,0.336
08/11/2023 14:00,0.336
08/11/2023 14:30,0.336
08/11/2023 15:00,0.336
08/11/2023 15:30,0.336
08/11/2023 16:00,0.336
08/11/2023 16:30,0.336
08/11/2023 17:00,0.336
08/11/2023 17:30,0.336
08/11/2023 18:00,0.336
08/11/2023 18:30,0.336
08/11/2023 19:00,0.336
08/11/2023 19:30,0.336
08/11/2023 20:00,0.336
08/11/2023 20:30,0.336
08/11/2023 21:00,0.336
08/11/2023 21:30,0.336
08/11/2023 22:00,0.336
08/11/2023 22:30,0.336
08/11/2023 23:00,0.336
08/11/2023 23:30,0.336
08/12/2023 00:00,0.118
08/12/2023 00:30,0.118
08/12/2023 01:00,0.118
08/12/2023 01:30,0.118
08/12/2023 02:00,0.118
08/12/2023 02:30,0.118
08/12/2023 03:00,0.118
08/12/2023 03:30,0.118
08/12/2023 04:00,0.118
08/12/2023 04:30,0.118
08/12/2023 05:00,0.118
08/12/2023 05:30,0.118
08/12/2023 06:00,0.118
08/12/2023 06:30,0.118
08/12/2023 07:00,0.118
08/12/2023 07:30,0.118
08/12/2023 08:00,0.118
08/12/2023 08:30,0.118
08/12/2023 09:00,0.118
08/12/2023 09:30,0.118
08/12/2023 10:00,0.118
08/12/2023 10:30,0.118
08/12/2023 11:00,0.118
08/12/2023 11:30,0.118
08/12/2023 12:00,0.118
08/12/2023 12:30,0.118
08/12/2023 13:00,0.118
08/12/2023 13:30,0.118
08/12/2023 14:00,0.118
08/12/2023 14:30,0.118
08/12/2023 15:00,0.118
08/12/2023 15:30,0.118
08/12/2023 16:00,0.118
08/12/2023 16:30,0.118
08/12/2023 17:00,0.118
08/12/2023 17:30,0.118
08/12/2023 18:00,0.118
08/12/2023 18:30,0.118
08/12/2023 19:00,0.118
08/12/2023 19:30,0.118
08/12/2023 20:00,0.118
08/12/2023 20:30,0.118
08/12/2023 21:00,0.118
08/12/2023 21:30,0.118
08/12/2023 22:00,0.118
08/12/2023 22:30,0.118
08/12/2023 23:00,0.118
08/12/2023 23:30,0.118
08/13/2023 00:00,0.118
08/13/2023 00:30,0.118
08/13/2023 01:00,0.118
08/13/2023 01:30,0.118
08/13/2023 02:00,0.118
08/13/2023 02:30,0.118
08/13/2023 03:00,0.118
08/13/2023 03:30,0.118
08/13/2023 04:00,0.118
08/13/2023 04:30,0.118
08/13/2023 05:00,0.118
08/13/2023 05:30,0.118
08/13/2023 06:00,0.118
08/13/2023 06:30,0.118
08/13/2023 07:00,0.118
08/13/2023 07:30,0.118
08/13/2023 08:00,0.118
08/13/2023 08:30,0.118
08/13/2023 09:00,0.118
08/13/2023 09:30,0.118
08/13/2023 10:00,0.118
08/13/2023 10:30,0.118
08/13/2023 11:00,0.118
08/13/2023 11:30,0.118
08/13/2023 12:00,0.118
08/13/2023 12:30,0.118
08/13/2023 13:00,0.118
08/13/2023 13:30,0.118
08/13/2023 14:00,0.118
08/13/2023 14:30,0.118
08/13/2023 15:00,0.118
08/13/2023 15:30,0.118
08/13/2023 16:00,0.118
08/13/2023 16:30,0.118
08/13/2023 17:00,0.118
08/13/2023 17:30,0.118
08/13/2023 18:00,0.118
08/13/2023 18:30,0.118
08/13/2023 19:00,0.118
08/13/2023 19:30,0.118
08/13/2023 20:00,0.118
08/13/2023 20:30,0.118
08/13/2023 21:00,0.118
08/13/2023 21:30,0.118
08/13/2023 22:00,0.118
08/13/2023 22:30,0.118
08/13/2023 23:00,0.118
08/13/2023 23:30,0.118
08/14/2023 00:00,0.118
08/14/2023 00:30,0.118
08/14/2023 01:00,0.118
08/14/2023 01:30,0.118
08/14/2023 02:00,0.118
08/14/2023 02:30,0.118
08/14/2023 03:00,0.118
08/14/2023 03:30,0.118
08/14/2023 04:00,0.118
08/14/2023 04:30,0.118
08/14/2023 05:00,0.118
08/14/2023 05:30,0.118
08/14/2023 06:00,0.118
08/14/2023 06:30,0.118
08/14/2023 07:00,0.118
08/14/2023 07:30,0.118
08/14/2023 08:00,0.118
08/14/2023 08:30,0.118
08/14/2023 09:00,0.118
08/14/2023 09:30,0.118
08/14/2023 10:00,0.118
08/14/2023 10:30,0.118
08/14/2023 11:00,0.118
08/14/2023 11:30,0.118
08/14/2023 12:00,0.118
08/14/2023 12:30,0.118
08/14/2023 13:00,0.118
08/14/2023 13:30,0.118
08/14/2023 14:00,0.118
08/14/2023 14:30,0.118
08/14/2023 15:00,0.118
08/14/2023 15:30,0.118
08/14/2023 16:00,0.118
08/14/2023 16:30,0.118
08/14/2023 17:00,0.118
08/14/2023 17:30,0.118
08/14/2023 18:00,0.118
08/14/2023 18:30,0.118
08/14/2023 19:00,0.118
08/14/2023 19:30,0.118
08/14/2023 20:00,0.118
08/14/2023 20:30,0.118
08/14/2023 21:00,0.118
08/14/2023 21:30,0.118
08/14/2023 22:00,0.118
08/14/2023 22:30,0.118
08/14/2023 23:00,0.118
08/14/2023 23:30,0.118
08/15/2023 00:00,0.118
08/15/2023 00:30,0.118
08/15/2023 01:00,0.118
08/15/2023 01:30,0.118
08/15/2023 02:00,0.118
08/15/2023 02:30,0.118
08/15/2023 03:00,0.118
08/15/2023 03:30,0.118
08/15/2023 04:00,0.118
08/15/2023 04:30,0.118
08/15/2023 05:00,0.118
08/15/2023 05:30,0.118
08/15/2023 06:00,0.118
08/15/2023 06:30,0.118
08/15/2023 07:00,0.118
08/15/2023 07:30,0.118
08/15/2023 08:00,0.118
08/15/2023 08:30,0.118
08/15/2023 09:00,0.118
08/15/2023 09:30,0.118
08/15/2023 10:00,0.118
08/15/2023 10:30,0.118
08/15/2023 11:00,0.118
08/15/2023 11:30,0.118
08/15/2023 12:00,0.118
08/15/2023 12:30,0.118
08/15/2023 13:00,0.118
08/15/2023 13:30,0.118
08/15/2023 14:00,0.118
08/15/2023 14:30,0.118
08/15/2023 15:00,0.118
08/15/2023 15:30,0.118
08/15/2023 16:00,0.118
08/15/2023 16:30,0.118
08/15/2023 17:00,0.118
08/15/2023 17:30,0.118
08/15/2023 18:00,0.118
08/15/2023 18:30,0.118
08/15/2023 19:00,0.118
08/15/2023 19:30,0.118
08/15/2023 20:00,0.118
08/15/2023 20:30,0.118
08/15/2023 21:00,0.118
08/15/2023 21:30,0.118
08/15/2023 22:00,0.118
08/15/2023 22:30,0.118
08/15/2023 23:00,0.118
08/15/2023 23:30,0.118
08/16/2023 00:00,4.425
08/16/2023 00:30,4.425
08/16/2023 01:00,4.425
08/16/2023 01:30,4.425
08/16/2023 02:00,4.425
08/16/2023 02:30,4.425
08/16/2023 03:00,4.425
08/16/2023 03:30,4.425
08/16/2023 04:00,4.425
08/16/2023 04:30,4.425
08/16/2023 05:00,4.425
08/16/2023 05:30,4.425
08/16/2023 06:00,4.425
08/16/2023 06:30,4.425
08/16/2023 07:00,4.425
08/16/2023 07:30,4.425
08/16/2023 08:00,4.425
08/16/2023 08:30,4.425
08/16/2023 09:00,4.425
08/16/2023 09:30,4.425
08/16/2023 10:00,4.425
08/16/2023 10:30,4.425
08/16/2023 11:00,4.425
08/16/2023 11:30,4.425
08/16/2023 12:00,4.425
08/16/2023 12:30,4.425
08/16/2023 13:00,4.425
08/16/2023 13:30,4.425
08/16/2023 14:00,4.425
08/16/2023 14:30,4.425
08/16/2023 15:00,4.425
08/16/2023 15:30,4.425
08/16/2023 16:00,4.425
08/16/2023 16:30,4.425
08/16/2023 17:00,4.425
08/16/2023 17:30,4.425
08/16/2023 18:00,4.425
08/16/2023 18:30,4.425
08/16/2023 19:00,4.425
08/16/2023 19:30,4.425
08/16/2023 20:00,4.425
08/16/2023 20:30,4.425
08/16/2023 21:00,4.425
08/16/2023 21:30,4.425
08/16/2023 22:00,4.425
08/16/2023 22:30,4.425
08/16/2023 23:00,4.425
08/16/2023 23:30,4.425
08/17/2023 00:00,2.225
08/17/2023 00:30,2.225
08/17/2023 01:00,2.225
08/17/2023 01:30,2.225
08/17/2023 02:00,2.225
08/17/2023 02:30,2.225
08/17/2023 03:00,2.225
08/17/2023 03:30,2.225
08/17/2023 04:00,2.225
08/17/2023 04:30,2.225
08/17/2023 05:00,2.225
08/17/2023 05:30,2.225
08/17/2023 06:00,2.225
08/17/2023 06:30,2.225
08/17/2023 07:00,2.225
08/17/2023 07:30,2.225
08/17/2023 08:00,2.225
08/17/2023 08:30,2.225
08/17/2023 09:00,2.225
08/17/2023 09:30,2.225
08/17/2023 10:00,2.225
08/17/2023 10:30,2.225
08/17/2023 11:00,2.225
08/17/2023 11:30,2.225
08/17/2023 12:00,2.225
08/17/2023 12:30,2.225
08/17/2023 13:00,2.225
08/17/2023 13:30,2.225
08/17/2023 14:00,2.225
08/17/2023 14:30,2.225
08/17/2023 15:00,2.225
08/17/2023 15:30,2.225
08/17/2023 16:00,2.225
08/17/2023 16:30,2.225
08/17/2023 17:00,2.225
08/17/2023 17:30,2.225
08/17/2023 18:00,2.225
08/17/2023 18:30,2.225
08/17/2023 19:00,2.225
08/17/2023 19:30,2.225
08/17/2023 20:00,2.225
08/17/2023 20:30,2.225
08/17/2023 21:00,2.225
08/17/2023 21:30,2.225
08/17/2023 22:00,2.225
08/17/2023 22:30,2.225
08/17/2023 23:00,2.225
08/17/2023 23:30,2.225
08/18/2023 00:00,0.954
08/18/2023 00:30,0.954
08/18/2023 01:00,0.954
08/18/2023 01:30,0.954
08/18/2023 02:00,0.954
08/18/2023 02:30,0.954
08/18/2023 03:00,0.954
08/18/2023 03:30,0.954
08/18/2023 04:00,0.954
08/18/2023 04:30,0.954
08/18/2023 05:00,0.954
08/18/2023 05:30,0.954
08/18/2023 06:00,0.954
08/18/2023 06:30,0.954
08/18/2023 07:00,0.954
08/18/2023 07:30,0.954
08/18/2023 08:00,0.954
08/18/2023 08:30,0.954
08/18/2023 09:00,0.954
08/18/2023 09:30,0.954
08/18/2023 10:00,0.954
08/18/2023 10:30,0.954
08/18/2023 11:00,0.954
08/18/2023 11:30,0.954
08/18/2023 12:00,0.954
08/18/2023 12:30,0.954
08/18/2023 13:00,0.954
08/18/2023 13:30,0.954
08/18/2023 14:00,0.954
08/18/2023 14:30,0.954
08/18/2023 15:00,0.954
08/18/2023 15:30,0.954
08/18/2023 16:00,0.954
08/18/2023 16:30,0.954
08/18/2023 17:00,0.954
08/18/2023 17:30,0.954
08/18/2023 18:00,0.954
08/18/2023 18:30,0.954
08/18/2023 19:00,0.954
08/18/2023 19:30,0.954
08/18/2023 20:00,0.954
08/18/2023 20:30,0.954
08/18/2023 21:00,0.954
08/18/2023 21:30,0.954
08/18/2023 22:00,0.954
08/18/2023 22:30,0.954
08/18/2023 23:00,0.954
08/18/2023 23:30,0.954
08/19/2023 00:00,0.954
08/19/2023 00:30,0.954
08/19/2023 01:00,0.954
08/19/2023 01:30,0.954
08/19/2023 02:00,0.954
08/19/2023 02:30,0.954
08/19/2023 03:00,0.954
08/19/2023 03:30,0.954
08/19/2023 04:00,0.954
08/19/2023 04:30,0.954
08/19/2023 05:00,0.954
08/19/2023 05:30,0.954
08/19/2023 06:00,0.954
08/19/2023 06:30,0.954
08/19/2023 07:00,0.954
08/19/2023 07:30,0.954
08/19/2023 08:00,0.954
08/19/2023 08:30,0.954
08/19/2023 09:00,0.954
08/19/2023 09:30,0.954
08/19/2023 10:00,0.954
08/19/2023 10:30,0.954
08/19/2023 11:00,0.954
08/19/2023 11:30,0.954
08/19/2023 12:00,0.954
08/19/2023 12:30,0.954
08/19/2023 13:00,0.954
08/19/2023 13:30,0.954
08/19/2023 14:00,0.954
08/19/2023 14:30,0.954
08/19/2023 15:00,0.954
08/19/2023 15:30,0.954
08/19/2023 16:00,0.954
08/19/2023 16:30,0.954
08/19/2023 17:00,0.954
08/19/2023 17:30,0.954
08/19/2023 18:00,0.954
08/19/2023 18:30,0.954
08/19/2023 19:00,0.954
08/19/2023 19:30,0.954
08/19/2023 20:00,0.954
08/19/2023 20:30,0.954
08/19/2023 21:00,0.954
08/19/2023 21:30,0.954
08/19/2023 22:00,0.954
08/19/2023 22:30,0.954
08/19/2023 23:00,0.954
08/19/2023 23:30,0.954
08/20/2023 00:00,0.954
08/20/2023 00:30,0.954
08/20/2023 01:00,0.954
08/20/2023 01:30,0.954
08/20/2023 02:00,0.954
08/20/2023 02:30,0.954
08/20/2023 03:00,0.954
08/20/2023 03:30,0.954
08/20/2023 04:00,0.954
08/20/2023 04:30,0.954
08/20/2023 05:00,0.954
08/20/2023 05:30,0.954
08/20/2023 06:00,0.954
08/20/2023 06:30,0.954
08/20/2023 07:00,0.954
08/20/2023 07:30,0.954
08/20/2023 08:00,0.954
08/20/2023 08:30,0.954
08/20/2023 09:00,0.954
08/20/2023 09:30,0.954
08/20/2023 10:00,0.954
08/20/2023 10:30,0.954
08/20/2023 11:00,0.954
08/20/2023 11:30,0.954
08/20/2023 12:00,0.954
08/20/2023 12:30,0.954
08/20/2023 13:00,0.954
08/20/2023 13:30,0.954
08/20/2023 14:00,0.954
08/20/2023 14:30,0.954
08/20/2023 15:00,0.954
08/20/2023 15:30,0.954
08/20/2023 16:00,0.954
08/20/2023 16:30,0.954
08/20/2023 17:00,0.954
08/20/2023 17:30,0.954
08/20/2023 18:00,0.954
08/20/2023 18:30,0.954
08/20/2023 19:00,0.954
08/20/2023 19:30,0.954
08/20/2023 20:00,0.954
08/20/2023 20:30,0.954
08/20/2023 21:00,0.954
08/20/2023 21:30,0.954
08/20/2023 22:00,0.954
08/20/2023 22:30,0.954
08/20/2023 23:00,0.954
08/20/2023 23:30,0.954
08/21/2023 00:00,6.338
08/21/2023 00:30,6.338
08/21/2023 01:00,6.338
08/21/2023 01:30,6.338
08/21/2023 02:00,6.338
08/21/2023 02:30,6.338
08/21/2023 03:00,6.338
08/21/2023 03:30,6.338
08/21/2023 04:00,6.338
08/21/2023 04:30,6.338
08/21/2023 05:00,6.338
08/21/2023 05:30,6.338
08/21/2023 06:00,6.338
08/21/2023 06:30,6.338
08/21/2023 07:00,6.338
08/21/2023 07:30,6.338
08/21/2023 08:00,6.338
08/21/2023 08:30,6.338
08/21/2023 09:00,6.338
08/21/2023 09:30,6.338
08/21/2023 10:00,6.338
08/21/2023 10:30,6.338
08/21/2023 11:00,6.338
08/21/2023 11:30,6.338
08/21/2023 12:00,6.338
08/21/2023 12:30,6.338
08/21/2023 13:00,6.338
08/21/2023 13:30,6.338
08/21/2023 14:00,6.338
08/21/2023 14:30,6.338
08/21/2023 15:00,6.338
08/21/2023 15:30,6.338
08/21/2023 16:00,6.338
08/21/2023 16:30,6.338
08/21/2023 17:00,6.338
08/21/2023 17:30,6.338
08/21/2023 18:00,6.338
08/21/2023 18:30,6.338
08/21/2023 19:00,6.338
08/21/2023 19:30,6.338
08/21/2023 20:00,6.338
08/21/2023 20:30,6.338
08/21/2023 21:00,6.338
08/21/2023 21:30,6.338
08/21/2023 22:00,6.338
08/21/2023 22:30,6.338
08/21/2023 23:00,6.338
08/21/2023 23:30,6.338
08/22/2023 00:00,2.225
08/22/2023 00:30,2.225
08/22/2023 01:00,2.225
08/22/2023 01:30,2.225
08/22/2023 02:00,2.225
08/22/2023 02:30,2.225
08/22/2023 03:00,2.225
08/22/2023 03:30,2.225
08/22/2023 04:00,2.225
08/22/2023 04:30,2.225
08/22/2023 05:00,2.225
08/22/2023 05:30,2.225
08/22/2023 06:00,2.225
08/22/2023 06:30,2.225
08/22/2023 07:00,2.225
08/22/2023 07:30,2.225
08/22/2023 08:00,2.225
08/22/2023 08:30,2.225
08/22/2023 09:00,2.225
08/22/2023 09:30,2.225
08/22/2023 10:00,2.225
08/22/2023 10:30,2.225
08/22/2023 11:00,2.225
08/22/2023 11:30,2.225
08/22/2023 12:00,2.225
08/22/2023 12:30,2.225
08/22/2023 13:00,2.225
08/22/2023 13:30,2.225
08/22/2023 14:00,2.225
08/22/2023 14:30,2.225
08/22/2023 15:00,2.225
08/22/2023 15:30,2.225
08/22/2023 16:00,2.225
08/22/2023 16:30,2.225
08/22/2023 17:00,2.225
08/22/2023 17:30,2.225
08/22/2023 18:00,2.225
08/22/2023 18:30,2.225
08/22/2023 19:00,2.225
08/22/2023 19:30,2.225
08/22/2023 20:00,2.225
08/22/2023 20:30,2.225
08/22/2023 21:00,2.225
08/22/2023 21:30,2.225
08/22/2023 22:00,2.225
08/22/2023 22:30,2.225
08/22/2023 23:00,2.225
08/22/2023 23:30,2.225
08/23/2023 00:00,1.337
08/23/2023 00:30,1.337
08/23/2023 01:00,1.337
08/23/2023 01:30,1.337
08/23/2023 02:00,1.337
08/23/2023 02:30,1.337
08/23/2023 03:00,1.337
08/23/2023 03:30,1.337
08/23/2023 04:00,1.337
08/23/2023 04:30,1.337
08/23/2023 05:00,1.337
08/23/2023 05:30,1.337
08/23/2023 06:00,1.337
08/23/2023 06:30,1.337
08/23/2023 07:00,1.337
08/23/2023 07:30,1.337
08/23/2023 08:00,1.337
08/23/2023 08:30,1.337
08/23/2023 09:00,1.337
08/23/2023 09:30,1.337
08/23/2023 10:00,1.337
08/23/2023 10:30,1.337
08/23/2023 11:00,1.337
08/23/2023 11:30,1.337
08/23/2023 12:00,1.337
08/23/2023 12:30,1.337
08/23/2023 13:00,1.337
08/23/2023 13:30,1.337
08/23/2023 14:00,1.337
08/23/2023 14:30,1.337
08/23/2023 15:00,1.337
08/23/2023 15:30,1.337
08/23/2023 16:00,1.337
08/23/2023 16:30,1.337
08/23/2023 17:00,1.337
08/23/2023 17:30,1.337
08/23/2023 18:00,1.337
08/23/2023 18:30,1.337
08/23/2023 19:00,1.337
08/23/2023 19:30,1.337
08/23/2023 20:00,1.337
08/23/2023 20:30,1.337
08/23/2023 21:00,1.337
08/23/2023 21:30,1.337
08/23/2023 22:00,1.337
08/23/2023 22:30,1.337
08/23/2023 23:00,1.337
08/23/2023 23:30,1.337
08/24/2023 00:00,0.954
08/24/2023 00:30,0.954
08/24/2023 01:00,0.954
08/24/2023 01:30,0.954
08/24/2023 02:00,0.954
08/24/2023 02:30,0.954
08/24/2023 03:00,0.954
08/24/2023 03:30,0.954
08/24/2023 04:00,0.954
08/24/2023 04:30,0.954
08/24/2023 05:00,0.954
08/24/2023 05:30,0.954
08/24/2023 06:00,0.954
08/24/2023 06:30,0.954
08/24/2023 07:00,0.954
08/24/2023 07:30,0.954
08/24/2023 08:00,0.954
08/24/2023 08:30,0.954
08/24/2023 09:00,0.954
08/24/2023 09:30,0.954
08/24/2023 10:00,0.954
08/24/2023 10:30,0.954
08/24/2023 11:00,0.954
08/24/2023 11:30,0.954
08/24/2023 12:00,0.954
08/24/2023 12:30,0.954
08/24/2023 13:00,0.954
08/24/2023 13:30,0.954
08/24/2023 14:00,0.954
08/24/2023 14:30,0.954
08/24/2023 15:00,0.954
08/24/2023 15:30,0.954
08/24/2023 16:00,0.954
08/24/2023 16:30,0.954
08/24/2023 17:00,0.954
08/24/2023 17:30,0.954
08/24/2023 18:00,0.954
08/24/2023 18:30,0.954
08/24/2023 19:00,0.954
08/24/2023 19:30,0.954
08/24/2023 20:00,0.954
08/24/2023 20:30,0.954
08/24/2023 21:00,0.954
08/24/2023 21:30,0.954
08/24/2023 22:00,0.954
08/24/2023 22:30,0.954
08/24/2023 23:00,0.954
08/24/2023 23:30,0.954
08/25/2023 00:00,0.618
08/25/2023 00:30,0.618
08/25/2023 01:00,0.618
08/25/2023 01:30,0.618
08/25/2023 02:00,0.618
08/25/2023 02:30,0.618
08/25/2023 03:00,0.618
08/25/2023 03:30,0.618
08/25/2023 04:00,0.618
08/25/2023 04:30,0.618
08/25/2023 05:00,0.618
08/25/2023 05:30,0.618
08/25/2023 06:00,0.618
08/25/2023 06:30,0.618
08/25/2023 07:00,0.618
08/25/2023 07:30,0.618
08/25/2023 08:00,0.618
08/25/2023 08:30,0.618
08/25/2023 09:00,0.618
08/25/2023 09:30,0.618
08/25/2023 10:00,0.618
08/25/2023 10:30,0.618
08/25/2023 11:00,0.618
08/25/2023 11:30,0.618
08/25/2023 12:00,0.618
08/25/2023 12:30,0.618
08/25/2023 13:00,0.618
08/25/2023 13:30,0.618
08/25/2023 14:00,0.618
08/25/2023 14:30,0.618
08/25/2023 15:00,0.618
08/25/2023 15:30,0.618
08/25/2023 16:00,0.618
08/25/2023 16:30,0.618
08/25/2023 17:00,0.618
08/25/2023 17:30,0.618
08/25/2023 18:00,0.618
08/25/2023 18:30,0.618
08/25/2023 19:00,0.618
08/25/2023 19:30,0.618
08/25/2023 20:00,0.618
08/25/2023 20:30,0.618
08/25/2023 21:00,0.618
08/25/2023 21:30,0.618
08/25/2023 22:00,0.618
08/25/2023 22:30,0.618
08/25/2023 23:00,0.618
08/25/2023 23:30,0.618
08/26/2023 00:00,0.618
08/26/2023 00:30,0.618
08/26/2023 01:00,0.618
08/26/2023 01:30,0.618
08/26/2023 02:00,0.618
08/26/2023 02:30,0.618
08/26/2023 03:00,0.618
08/26/2023 03:30,0.618
08/26/2023 04:00,0.618
08/26/2023 04:30,0.618
08/26/2023 05:00,0.618
08/26/2023 05:30,0.618
08/26/2023 06:00,0.618
08/26/2023 06:30,0.618
08/26/2023 07:00,0.618
08/26/2023 07:30,0.618
08/26/2023 08:00,0.618
08/26/2023 08:30,0.618
08/26/2023 09:00,0.618
08/26/2023 09:30,0.618
08/26/2023 10:00,0.618
08/26/2023 10:30,0.618
08/26/2023 11:00,0.618
08/26/2023 11:30,0.618
08/26/2023 12:00,0.618
08/26/2023 12:30,0.618
08/26/2023 13:00,0.618
08/26/2023 13:30,0.618
08/26/2023 14:00,0.618
08/26/2023 14:30,0.618
08/26/2023 15:00,0.618
08/26/2023 15:30,0.618
08/26/2023 16:00,0.618
08/26/2023 16:30,0.618
08/26/2023 17:00,0.618
08/26/2023 17:30,0.618
08/26/2023 18:00,0.618
08/26/2023 18:30,0.618
08/26/2023 19:00,0.618
08/26/2023 19:30,0.618
08/26/2023 20:00,0.618
08/26/2023 20:30,0.618
08/26/2023 21:00,0.618
08/26/2023 21:30,0.618
08/26/2023 22:00,0.618
08/26/2023 22:30,0.618
08/26/2023 23:00,0.618
08/26/2023 23:30,0.618
08/27/2023 00:00,0.954
08/27/2023 00:00,0.954
08/27/2023 00:30,0.954
08/27/2023 00:30,0.954
08/27/2023 01:00,0.954
08/27/2023 01:00,0.954
08/27/2023 01:30,0.954
08/27/2023 01:30,0.954
08/27/2023 02:00,0.954
08/27/2023 02:00,0.954
08/27/2023 02:30,0.954
08/27/2023 02:30,0.954
08/27/2023 03:00,0.954
08/27/2023 03:00,0.954
08/27/2023 03:30,0.954
08/27/2023 03:30,0.954
08/27/2023 04:00,0.954
08/27/2023 04:00,0.954
08/27/2023 04:30,0.954
08/27/2023 04:30,0.954
08/27/2023 05:00,0.954
08/27/2023 05:00,0.954
08/27/2023 05:30,0.954
08/27/2023 05:30,0.954
08/27/2023 06:00,0.954
08/27/2023 06:00,0.954
08/27/2023 06:30,0.954
08/27/2023 06:30,0.954
08/27/2023 07:00,0.954
08/27/2023 07:00,0.954
08/27/2023 07:30,0.954
08/27/2023 07:30,0.954
08/27/2023 08:00,0.954
08/27/2023 08:00,0.954
08/27/2023 08:30,0.954
08/27/2023 08:30,0.954
08/27/2023 09:00,0.954
08/27/2023 09:00,0.954
08/27/2023 09:30,0.954
08/27/2023 09:30,0.954
08/27/2023 10:00,0.954
08/27/2023 10:00,0.954
08/27/2023 10:30,0.954
08/27/2023 10:30,0.954
08/27/2023 11:00,0.954
08/27/2023 11:00,0.954
08/27/2023 11:30,0.954
08/27/2023 11:30,0.954
08/27/2023 12:00,0.954
08/27/2023 12:00,0.954
08/27/2023 12:30,0.954
08/27/2023 12:30,0.954
08/27/2023 13:00,0.954
08/27/2023 13:00,0.954
08/27/2023 13:30,0.954
08/27/2023 13:30,0.954
08/27/2023 14:00,0.954
08/27/2023 14:00,0.954
08/27/2023 14:30,0.954
08/27/2023 14:30,0.954
08/27/2023 15:00,0.954
08/27/2023 15:00,0.954
08/27/2023 15:30,0.954
08/27/2023 15:30,0.954
08/27/2023 16:00,0.954
08/27/2023 16:00,0.954
08/27/2023 16:30,0.954
08/27/2023 16:30,0.954
08/27/2023 17:00,0.954
08/27/2023 17:00,0.954
08/27/2023 17:30,0.954
08/27/2023 17:30,0.954
08/27/2023 18:00,0.954
08/27/2023 18:00,0.954
08/27/2023 18:30,0.954
08/27/2023 18:30,0.954
08/27/2023 19:00,0.954
08/27/2023 19:00,0.954
08/27/2023 19:30,0.954
08/27/2023 19:30,0.954
08/27/2023 20:00,0.954
08/27/2023 20:00,0.954
08/27/2023 20:30,0.954
08/27/2023 20:30,0.954
08/27/2023 21:00,0.954
08/27/2023 21:00,0.954
08/27/2023 21:30,0.954
08/27/2023 21:30,0.954
08/27/2023 22:00,0.954
08/27/2023 22:00,0.954
08/27/2023 22:30,0.954
08/27/2023 22:30,0.954
08/27/2023 23:00,0.954
08/27/2023 23:00,0.954
08/27/2023 23:30,0.954
08/27/2023 23:30,0.954
08/28/2023 00:00,1.337
08/28/2023 00:30,1.337
08/28/2023 01:00,1.337
08/28/2023 01:30,1.337
08/28/2023 02:00,1.337
08/28/2023 02:30,1.337
08/28/2023 03:00,1.337
08/28/2023 03:30,1.337
08/28/2023 04:00,1.337
08/28/2023 04:30,1.337
08/28/2023 05:00,1.337
08/28/2023 05:30,1.337
08/28/2023 06:00,1.337
08/28/2023 06:30,1.337
08/28/2023 07:00,1.337
08/28/2023 07:30,1.337
08/28/2023 08:00,1.337
08/28/2023 08:30,1.337
08/28/2023 09:00,1.337
08/28/2023 09:30,1.337
08/28/2023 10:00,1.337
08/28/2023 10:30,1.337
08/28/2023 11:00,1.337
08/28/2023 11:30,1.337
08/28/2023 12:00,1.337
08/28/2023 12:30,1.337
08/28/2023 13:00,1.337
08/28/2023 13:30,1.337
08/28/2023 14:00,1.337
08/28/2023 14:30,1.337
08/28/2023 15:00,1.337
08/28/2023 15:30,1.337
08/28/2023 16:00,1.337
08/28/2023 16:30,1.337
08/28/2023 17:00,1.337
08/28/2023 17:30,1.337
08/28/2023 18:00,1.337
08/28/2023 18:30,1.337
08/28/2023 19:00,1.337
08/28/2023 19:30,1.337
08/28/2023 20:00,1.337
08/28/2023 20:30,1.337
08/28/2023 21:00,1.337
08/28/2023 21:30,1.337
08/28/2023 22:00,1.337
08/28/2023 22:30,1.337
08/28/2023 23:00,1.337
08/28/2023 23:30,1.337
08/29/2023 00:00,1.337
08/29/2023 00:00,1.761
08/29/2023 00:00,1.761
08/29/2023 00:30,1.761
08/29/2023 00:30,1.761
08/29/2023 00:30,1.337
08/29/2023 01:00,1.761
08/29/2023 01:00,1.337
08/29/2023 01:00,1.761
08/29/2023 01:30,1.761
08/29/2023 01:30,1.761
08/29/2023 01:30,1.337
08/29/2023 02:00,1.761
08/29/2023 02:00,1.761
08/29/2023 02:00,1.337
08/29/2023 02:30,1.761
08/29/2023 02:30,1.761
08/29/2023 02:30,1.337
08/29/2023 03:00,1.337
08/29/2023 03:00,1.761
08/29/2023 03:00,1.761
08/29/2023 03:30,1.337
08/29/2023 03:30,1.761
08/29/2023 03:30,1.761
08/29/2023 04:00,1.337
08/29/2023 04:00,1.761
08/29/2023 04:00,1.761
08/29/2023 04:30,1.337
08/29/2023 04:30,1.761
08/29/2023 04:30,1.761
08/29/2023 05:00,1.337
08/29/2023 05:00,1.761
08/29/2023 05:00,1.761
08/29/2023 05:30,1.761
08/29/2023 05:30,1.337
08/29/2023 05:30,1.761
08/29/2023 06:00,1.337
08/29/2023 06:00,1.761
08/29/2023 06:00,1.761
08/29/2023 06:30,1.337
08/29/2023 06:30,1.761
08/29/2023 06:30,1.761
08/29/2023 07:00,1.761
08/29/2023 07:00,1.337
08/29/2023 07:00,1.761
08/29/2023 07:30,1.761
08/29/2023 07:30,1.761
08/29/2023 07:30,1.337
08/29/2023 08:00,1.761
08/29/2023 08:00,1.761
08/29/2023 08:00,1.337
08/29/2023 08:30,1.337
08/29/2023 08:30,1.761
08/29/2023 08:30,1.761
08/29/2023 09:00,1.761
08/29/2023 09:00,1.337
08/29/2023 09:00,1.761
08/29/2023 09:30,1.337
08/29/2023 09:30,1.761
08/29/2023 09:30,1.761
08/29/2023 10:00,1.337
08/29/2023 10:00,1.761
08/29/2023 10:00,1.761
08/29/2023 10:30,1.337
08/29/2023 10:30,1.761
08/29/2023 10:30,1.761
08/29/2023 11:00,1.761
08/29/2023 11:00,1.337
08/29/2023 11:00,1.761
08/29/2023 11:30,1.761
08/29/2023 11:30,1.337
08/29/2023 11:30,1.761
08/29/2023 12:00,1.337
08/29/2023 12:00,1.761
08/29/2023 12:00,1.761
08/29/2023 12:30,1.761
08/29/2023 12:30,1.337
08/29/2023 12:30,1.761
08/29/2023 13:00,1.761
08/29/2023 13:00,1.337
08/29/2023 13:00,1.761
08/29/2023 13:30,1.761
08/29/2023 13:30,1.337
08/29/2023 13:30,1.761
08/29/2023 14:00,1.761
08/29/2023 14:00,1.337
08/29/2023 14:00,1.761
08/29/2023 14:30,1.761
08/29/2023 14:30,1.337
08/29/2023 14:30,1.761
08/29/2023 15:00,1.761
08/29/2023 15:00,1.761
08/29/2023 15:00,1.337
08/29/2023 15:30,1.761
08/29/2023 15:30,1.337
08/29/2023 15:30,1.761
08/29/2023 16:00,1.761
08/29/2023 16:00,1.761
08/29/2023 16:00,1.337
08/29/2023 16:30,1.337
08/29/2023 16:30,1.761
08/29/2023 16:30,1.761
08/29/2023 17:00,1.761
08/29/2023 17:00,1.761
08/29/2023 17:00,1.337
08/29/2023 17:30,1.337
08/29/2023 17:30,1.761
08/29/2023 17:30,1.761
08/29/2023 18:00,1.761
08/29/2023 18:00,1.761
08/29/2023 18:00,1.337
08/29/2023 18:30,1.761
08/29/2023 18:30,1.761
08/29/2023 18:30,1.337
08/29/2023 19:00,1.761
08/29/2023 19:00,1.337
08/29/2023 19:00,1.761
08/29/2023 19:30,1.761
08/29/2023 19:30,1.337
08/29/2023 19:30,1.761
08/29/2023 20:00,1.337
08/29/2023 20:00,1.761
08/29/2023 20:00,1.761
08/29/2023 20:30,1.761
08/29/2023 20:30,1.761
08/29/2023 20:30,1.337
08/29/2023 21:00,1.761
08/29/2023 21:00,1.337
08/29/2023 21:00,1.761
08/29/2023 21:30,1.337
08/29/2023 21:30,1.761
08/29/2023 21:30,1.761
08/29/2023 22:00,1.337
08/29/2023 22:00,1.761
08/29/2023 22:00,1.761
08/29/2023 22:30,1.337
08/29/2023 22:30,1.761
08/29/2023 22:30,1.761
08/29/2023 23:00,1.761
08/29/2023 23:00,1.761
08/29/2023 23:00,1.337
08/29/2023 23:30,1.337
08/29/2023 23:30,1.761
08/29/2023 23:30,1.761
08/30/2023 00:00,0.954
08/30/2023 00:00,1.761
08/30/2023 00:30,0.954
08/30/2023 00:30,1.761
08/30/2023 01:00,0.954
08/30/2023 01:00,1.761
08/30/2023 01:30,0.954
08/30/2023 01:30,1.761
08/30/2023 02:00,1.761
08/30/2023 02:00,0.954
08/30/2023 02:30,1.761
08/30/2023 02:30,0.954
08/30/2023 03:00,1.761
08/30/2023 03:00,0.954
08/30/2023 03:30,1.761
08/30/2023 03:30,0.954
08/30/2023 04:00,0.954
08/30/2023 04:00,1.761
08/30/2023 04:30,1.761
08/30/2023 04:30,0.954
08/30/2023 05:00,1.761
08/30/2023 05:00,0.954
08/30/2023 05:30,0.954
08/30/2023 05:30,1.761
08/30/2023 06:00,1.761
08/30/2023 06:00,0.954
08/30/2023 06:30,1.761
08/30/2023 06:30,0.954
08/30/2023 07:00,1.761
08/30/2023 07:00,0.954
08/30/2023 07:30,0.954
08/30/2023 07:30,1.761
08/30/2023 08:00,0.954
08/30/2023 08:00,1.761
08/30/2023 08:30,0.954
08/30/2023 08:30,1.761
08/30/2023 09:00,1.761
08/30/2023 09:00,0.954
08/30/2023 09:30,0.954
08/30/2023 09:30,1.761
08/30/2023 10:00,1.761
08/30/2023 10:00,0.954
08/30/2023 10:30,0.954
08/30/2023 10:30,1.761
08/30/2023 11:00,1.761
08/30/2023 11:00,0.954
08/30/2023 11:30,0.954
08/30/2023 11:30,1.761
08/30/2023 12:00,0.954
08/30/2023 12:00,1.761
08/30/2023 12:30,0.954
08/30/2023 12:30,1.761
08/30/2023 13:00,0.954
08/30/2023 13:00,1.761
08/30/2023 13:30,0.954
08/30/2023 13:30,1.761
08/30/2023 14:00,0.954
08/30/2023 14:00,1.761
08/30/2023 14:30,0.954
08/30/2023 14:30,1.761
08/30/2023 15:00,0.954
08/30/2023 15:00,1.761
08/30/2023 15:30,1.761
08/30/2023 15:30,0.954
08/30/2023 16:00,0.954
08/30/2023 16:00,1.761
08/30/2023 16:30,0.954
08/30/2023 16:30,1.761
08/30/2023 17:00,0.954
08/30/2023 17:00,1.761
08/30/2023 17:30,1.761
08/30/2023 17:30,0.954
08/30/2023 18:00,1.761
08/30/2023 18:00,0.954
08/30/2023 18:30,1.761
08/30/2023 18:30,0.954
08/30/2023 19:00,0.954
08/30/2023 19:00,1.761
08/30/2023 19:30,0.954
08/30/2023 19:30,1.761
08/30/2023 20:00,1.761
08/30/2023 20:00,0.954
08/30/2023 20:30,1.761
08/30/2023 20:30,0.954
08/30/2023 21:00,0.954
08/30/2023 21:00,1.761
08/30/2023 21:30,0.954
08/30/2023 21:30,1.761
08/30/2023 22:00,1.761
08/30/2023 22:00,0.954
08/30/2023 22:30,1.761
08/30/2023 22:30,0.954
08/30/2023 23:00,0.954
08/30/2023 23:00,1.761
08/30/2023 23:30,1.761
08/30/2023 23:30,0.954
08/31/2023 00:00,0.954
08/31/2023 00:30,0.954
08/31/2023 01:00,0.954
08/31/2023 01:30,0.954
08/31/2023 02:00,0.954
08/31/2023 02:30,0.954
08/31/2023 03:00,0.954
08/31/2023 03:30,0.954
08/31/2023 04:00,0.954
08/31/2023 04:30,0.954
08/31/2023 05:00,0.954
08/31/2023 05:30,0.954
08/31/2023 06:00,0.954
08/31/2023 06:30,0.954
08/31/2023 07:00,0.954
08/31/2023 07:30,0.954
08/31/2023 08:00,0.954
08/31/2023 08:30,0.954
08/31/2023 09:00,0.954
08/31/2023 09:30,0.954
08/31/2023 10:00,0.954
08/31/2023 10:30,0.954
08/31/2023 11:00,0.954
08/31/2023 11:30,0.954
08/31/2023 12:00,0.954
08/31/2023 12:30,0.954
08/31/2023 13:00,0.954
08/31/2023 13:30,0.954
08/31/2023 14:00,0.954
08/31/2023 14:30,0.954
08/31/2023 15:00,0.954
08/31/2023 15:30,0.954
08/31/2023 16:00,0.954
08/31/2023 16:30,0.954
08/31/2023 17:00,0.954
08/31/2023 17:30,0.954
08/31/2023 18:00,0.954
08/31/2023 18:30,0.954
08/31/2023 19:00,0.954
08/31/2023 19:30,0.954
08/31/2023 20:00,0.954
08/31/2023 20:30,0.954
08/31/2023 21:00,0.954
08/31/2023 21:30,0.954
08/31/2023 22:00,0.954
08/31/2023 22:30,0.954
08/31/2023 23:00,0.954
08/31/2023 23:30,0.954
09/01/2023 00:00,0.954
09/01/2023 00:30,0.954
09/01/2023 01:00,0.954
09/01/2023 01:30,0.954
09/01/2023 02:00,0.954
09/01/2023 02:30,0.954
09/01/2023 03:00,0.954
09/01/2023 03:30,0.954
09/01/2023 04:00,0.954
09/01/2023 04:30,0.954
09/01/2023 05:00,0.954
09/01/2023 05:30,0.954
09/01/2023 06:00,0.954
09/01/2023 06:30,0.954
09/01/2023 07:00,0.954
09/01/2023 07:30,0.954
09/01/2023 08:00,0.954
09/01/2023 08:30,0.954
09/01/2023 09:00,0.954
09/01/2023 09:30,0.954
09/01/2023 10:00,0.954
09/01/2023 10:30,0.954
09/01/2023 11:00,0.954
09/01/2023 11:30,0.954
09/01/2023 12:00,0.954
09/01/2023 12:30,0.954
09/01/2023 13:00,0.954
09/01/2023 13:30,0.954
09/01/2023 14:00,0.954
09/01/2023 14:30,0.954
09/01/2023 15:00,0.954
09/01/2023 15:30,0.954
09/01/2023 16:00,0.954
09/01/2023 16:30,0.954
09/01/2023 17:00,0.954
09/01/2023 17:30,0.954
09/01/2023 18:00,0.954
09/01/2023 18:30,0.954
09/01/2023 19:00,0.954
09/01/2023 19:30,0.954
09/01/2023 20:00,0.954
09/01/2023 20:30,0.954
09/01/2023 21:00,0.954
09/01/2023 21:30,0.954
09/01/2023 22:00,0.954
09/01/2023 22:30,0.954
09/01/2023 23:00,0.954
09/01/2023 23:30,0.954
09/02/2023 00:00,0.618
09/02/2023 00:30,0.618
09/02/2023 01:00,0.618
09/02/2023 01:30,0.618
09/02/2023 02:00,0.618
09/02/2023 02:30,0.618
09/02/2023 03:00,0.618
09/02/2023 03:30,0.618
09/02/2023 04:00,0.618
09/02/2023 04:30,0.618
09/02/2023 05:00,0.618
09/02/2023 05:30,0.618
09/02/2023 06:00,0.618
09/02/2023 06:30,0.618
09/02/2023 07:00,0.618
09/02/2023 07:30,0.618
09/02/2023 08:00,0.618
09/02/2023 08:30,0.618
09/02/2023 09:00,0.618
09/02/2023 09:30,0.618
09/02/2023 10:00,0.618
09/02/2023 10:30,0.618
09/02/2023 11:00,0.618
09/02/2023 11:30,0.618
09/02/2023 12:00,0.618
09/02/2023 12:30,0.618
09/02/2023 13:00,0.618
09/02/2023 13:30,0.618
09/02/2023 14:00,0.618
09/02/2023 14:30,0.618
09/02/2023 15:00,0.618
09/02/2023 15:30,0.618
09/02/2023 16:00,0.618
09/02/2023 16:30,0.618
09/02/2023 17:00,0.618
09/02/2023 17:30,0.618
09/02/2023 18:00,0.618
09/02/2023 18:30,0.618
09/02/2023 19:00,0.618
09/02/2023 19:30,0.618
09/02/2023 20:00,0.618
09/02/2023 20:30,0.618
09/02/2023 21:00,0.618
09/02/2023 21:30,0.618
09/02/2023 22:00,0.618
09/02/2023 22:30,0.618
09/02/2023 23:00,0.618
09/02/2023 23:30,0.618
09/03/2023 00:00,0.618
09/03/2023 00:30,0.618
09/03/2023 01:00,0.618
09/03/2023 01:30,0.618
09/03/2023 02:00,0.618
09/03/2023 02:30,0.618
09/03/2023 03:00,0.618
09/03/2023 03:30,0.618
09/03/2023 04:00,0.618
09/03/2023 04:30,0.618
09/03/2023 05:00,0.618
09/03/2023 05:30,0.618
09/03/2023 06:00,0.618
09/03/2023 06:30,0.618
09/03/2023 07:00,0.618
09/03/2023 07:30,0.618
09/03/2023 08:00,0.618
09/03/2023 08:30,0.618
09/03/2023 09:00,0.618
09/03/2023 09:30,0.618
09/03/2023 10:00,0.618
09/03/2023 10:30,0.618
09/03/2023 11:00,0.618
09/03/2023 11:30,0.618
09/03/2023 12:00,0.618
09/03/2023 12:30,0.618
09/03/2023 13:00,0.618
09/03/2023 13:30,0.618
09/03/2023 14:00,0.618
09/03/2023 14:30,0.618
09/03/2023 15:00,0.618
09/03/2023 15:30,0.618
09/03/2023 16:00,0.618
09/03/2023 16:30,0.618
09/03/2023 17:00,0.618
09/03/2023 17:30,0.618
09/03/2023 18:00,0.618
09/03/2023 18:30,0.618
09/03/2023 19:00,0.618
09/03/2023 19:30,0.618
09/03/2023 20:00,0.618
09/03/2023 20:30,0.618
09/03/2023 21:00,0.618
09/03/2023 21:30,0.618
09/03/2023 22:00,0.618
09/03/2023 22:30,0.618
09/03/2023 23:00,0.618
09/03/2023 23:30,0.618
09/04/2023 00:00,0.618
09/04/2023 00:30,0.618
09/04/2023 01:00,0.618
09/04/2023 01:30,0.618
09/04/2023 02:00,0.618
09/04/2023 02:30,0.618
09/04/2023 03:00,0.618
09/04/2023 03:30,0.618
09/04/2023 04:00,0.618
09/04/2023 04:30,0.618
09/04/2023 05:00,0.618
09/04/2023 05:30,0.618
09/04/2023 06:00,0.618
09/04/2023 06:30,0.618
09/04/2023 07:00,0.618
09/04/2023 07:30,0.618
09/04/2023 08:00,0.618
09/04/2023 08:30,0.618
09/04/2023 09:00,0.618
09/04/2023 09:30,0.618
09/04/2023 10:00,0.618
09/04/2023 10:30,0.618
09/04/2023 11:00,0.618
09/04/2023 11:30,0.618
09/04/2023 12:00,0.618
09/04/2023 12:30,0.618
09/04/2023 13:00,0.618
09/04/2023 13:30,0.618
09/04/2023 14:00,0.618
09/04/2023 14:30,0.618
09/04/2023 15:00,0.618
09/04/2023 15:30,0.618
09/04/2023 16:00,0.618
09/04/2023 16:30,0.618
09/04/2023 17:00,0.618
09/04/2023 17:30,0.618
09/04/2023 18:00,0.618
09/04/2023 18:30,0.618
09/04/2023 19:00,0.618
09/04/2023 19:30,0.618
09/04/2023 20:00,0.618
09/04/2023 20:30,0.618
09/04/2023 21:00,0.618
09/04/2023 21:30,0.618
09/04/2023 22:00,0.618
09/04/2023 22:30,0.618
09/04/2023 23:00,0.618
09/04/2023 23:30,0.618
09/05/2023 00:00,5.054
09/05/2023 00:30,5.054
09/05/2023 01:00,5.054
09/05/2023 01:30,5.054
09/05/2023 02:00,5.054
09/05/2023 02:30,5.054
09/05/2023 03:00,5.054
09/05/2023 03:30,5.054
09/05/2023 04:00,5.054
09/05/2023 04:30,5.054
09/05/2023 05:00,5.054
09/05/2023 05:30,5.054
09/05/2023 06:00,5.054
09/05/2023 06:30,5.054
09/05/2023 07:00,5.054
09/05/2023 07:30,5.054
09/05/2023 08:00,5.054
09/05/2023 08:30,5.054
09/05/2023 09:00,5.054
09/05/2023 09:30,5.054
09/05/2023 10:00,5.054
09/05/2023 10:30,5.054
09/05/2023 11:00,5.054
09/05/2023 11:30,5.054
09/05/2023 12:00,5.054
09/05/2023 12:30,5.054
09/05/2023 13:00,5.054
09/05/2023 13:30,5.054
09/05/2023 14:00,5.054
09/05/2023 14:30,5.054
09/05/2023 15:00,5.054
09/05/2023 15:30,5.054
09/05/2023 16:00,5.054
09/05/2023 16:30,5.054
09/05/2023 17:00,5.054
09/05/2023 17:30,5.054
09/05/2023 18:00,5.054
09/05/2023 18:30,5.054
09/05/2023 19:00,5.054
09/05/2023 19:30,5.054
09/05/2023 20:00,5.054
09/05/2023 20:30,5.054
09/05/2023 21:00,5.054
09/05/2023 21:30,5.054
09/05/2023 22:00,5.054
09/05/2023 22:30,5.054
09/05/2023 23:00,5.054
09/05/2023 23:30,5.054
09/06/2023 00:00,16.647
09/06/2023 00:30,16.647
09/06/2023 01:00,16.647
09/06/2023 01:30,16.647
09/06/2023 02:00,16.647
09/06/2023 02:30,16.647
09/06/2023 03:00,16.647
09/06/2023 03:30,16.647
09/06/2023 04:00,16.647
09/06/2023 04:30,16.647
09/06/2023 05:00,16.647
09/06/2023 05:30,16.647
09/06/2023 06:00,16.647
09/06/2023 06:30,16.647
09/06/2023 07:00,16.647
09/06/2023 07:30,16.647
09/06/2023 08:00,16.647
09/06/2023 08:30,16.647
09/06/2023 09:00,16.647
09/06/2023 09:30,16.647
09/06/2023 10:00,16.647
09/06/2023 10:30,16.647
09/06/2023 11:00,16.647
09/06/2023 11:30,16.647
09/06/2023 12:00,16.647
09/06/2023 12:30,16.647
09/06/2023 13:00,16.647
09/06/2023 13:30,16.647
09/06/2023 14:00,16.647
09/06/2023 14:30,16.647
09/06/2023 15:00,16.647
09/06/2023 15:30,16.647
09/06/2023 16:00,16.647
09/06/2023 16:30,16.647
09/06/2023 17:00,16.647
09/06/2023 17:30,16.647
09/06/2023 18:00,16.647
09/06/2023 18:30,16.647
09/06/2023 19:00,16.647
09/06/2023 19:30,16.647
09/06/2023 20:00,16.647
09/06/2023 20:30,16.647
09/06/2023 21:00,16.647
09/06/2023 21:30,16.647
09/06/2023 22:00,16.647
09/06/2023 22:30,16.647
09/06/2023 23:00,16.647
09/06/2023 23:30,16.647
09/07/2023 00:00,6.398
09/07/2023 00:30,6.398
09/07/2023 01:00,6.398
09/07/2023 01:30,6.398
09/07/2023 02:00,6.398
09/07/2023 02:30,6.398
09/07/2023 03:00,6.398
09/07/2023 03:30,6.398
09/07/2023 04:00,6.398
09/07/2023 04:30,6.398
09/07/2023 05:00,6.398
09/07/2023 05:30,6.398
09/07/2023 06:00,6.398
09/07/2023 06:30,6.398
09/07/2023 07:00,6.398
09/07/2023 07:30,6.398
09/07/2023 08:00,6.398
09/07/2023 08:30,6.398
09/07/2023 09:00,6.398
09/07/2023 09:30,6.398
09/07/2023 10:00,6.398
09/07/2023 10:30,6.398
09/07/2023 11:00,6.398
09/07/2023 11:30,6.398
09/07/2023 12:00,6.398
09/07/2023 12:30,6.398
09/07/2023 13:00,6.398
09/07/2023 13:30,6.398
09/07/2023 14:00,6.398
09/07/2023 14:30,6.398
09/07/2023 15:00,6.398
09/07/2023 15:30,6.398
09/07/2023 16:00,6.398
09/07/2023 16:30,6.398
09/07/2023 17:00,6.398
09/07/2023 17:30,6.398
09/07/2023 18:00,6.398
09/07/2023 18:30,6.398
09/07/2023 19:00,6.398
09/07/2023 19:30,6.398
09/07/2023 20:00,6.398
09/07/2023 20:30,6.398
09/07/2023 21:00,6.398
09/07/2023 21:30,6.398
09/07/2023 22:00,6.398
09/07/2023 22:30,6.398
09/07/2023 23:00,6.398
09/07/2023 23:30,6.398
09/08/2023 00:00,1.761
09/08/2023 00:30,1.761
09/08/2023 01:00,1.761
09/08/2023 01:30,1.761
09/08/2023 02:00,1.761
09/08/2023 02:30,1.761
09/08/2023 03:00,1.761
09/08/2023 03:30,1.761
09/08/2023 04:00,1.761
09/08/2023 04:30,1.761
09/08/2023 05:00,1.761
09/08/2023 05:30,1.761
09/08/2023 06:00,1.761
09/08/2023 06:30,1.761
09/08/2023 07:00,1.761
09/08/2023 07:30,1.761
09/08/2023 08:00,1.761
09/08/2023 08:30,1.761
09/08/2023 09:00,1.761
09/08/2023 09:30,1.761
09/08/2023 10:00,1.761
09/08/2023 10:30,1.761
09/08/2023 11:00,1.761
09/08/2023 11:30,1.761
09/08/2023 12:00,1.761
09/08/2023 12:30,1.761
09/08/2023 13:00,1.761
09/08/2023 13:30,1.761
09/08/2023 14:00,1.761
09/08/2023 14:30,1.761
09/08/2023 15:00,1.761
09/08/2023 15:30,1.761
09/08/2023 16:00,1.761
09/08/2023 16:30,1.761
09/08/2023 17:00,1.761
09/08/2023 17:30,1.761
09/08/2023 18:00,1.761
09/08/2023 18:30,1.761
09/08/2023 19:00,1.761
09/08/2023 19:30,1.761
09/08/2023 20:00,1.761
09/08/2023 20:30,1.761
09/08/2023 21:00,1.761
09/08/2023 21:30,1.761
09/08/2023 22:00,1.761
09/08/2023 22:30,1.761
09/08/2023 23:00,1.761
09/08/2023 23:30,1.761
09/09/2023 00:00,3.826
09/09/2023 00:30,3.826
09/09/2023 01:00,3.826
09/09/2023 01:30,3.826
09/09/2023 02:00,3.826
09/09/2023 02:30,3.826
09/09/2023 03:00,3.826
09/09/2023 03:30,3.826
09/09/2023 04:00,3.826
09/09/2023 04:30,3.826
09/09/2023 05:00,3.826
09/09/2023 05:30,3.826
09/09/2023 06:00,3.826
09/09/2023 06:30,3.826
09/09/2023 07:00,3.826
09/09/2023 07:30,3.826
09/09/2023 08:00,3.826
09/09/2023 08:30,3.826
09/09/2023 09:00,3.826
09/09/2023 09:30,3.826
09/09/2023 10:00,3.826
09/09/2023 10:30,3.826
09/09/2023 11:00,3.826
09/09/2023 11:30,3.826
09/09/2023 12:00,3.826
09/09/2023 12:30,3.826
09/09/2023 13:00,3.826
09/09/2023 13:30,3.826
09/09/2023 14:00,3.826
09/09/2023 14:30,3.826
09/09/2023 15:00,3.826
09/09/2023 15:30,3.826
09/09/2023 16:00,3.826
09/09/2023 16:30,3.826
09/09/2023 17:00,3.826
09/09/2023 17:30,3.826
09/09/2023 18:00,3.826
09/09/2023 18:30,3.826
09/09/2023 19:00,3.826
09/09/2023 19:30,3.826
09/09/2023 20:00,3.826
09/09/2023 20:30,3.826
09/09/2023 21:00,3.826
09/09/2023 21:30,3.826
09/09/2023 22:00,3.826
09/09/2023 22:30,3.826
09/09/2023 23:00,3.826
09/09/2023 23:30,3.826
09/10/2023 00:00,2.225
09/10/2023 00:30,2.225
09/10/2023 01:00,2.225
09/10/2023 01:30,2.225
09/10/2023 02:00,2.225
09/10/2023 02:30,2.225
09/10/2023 03:00,2.225
09/10/2023 03:30,2.225
09/10/2023 04:00,2.225
09/10/2023 04:30,2.225
09/10/2023 05:00,2.225
09/10/2023 05:30,2.225
09/10/2023 06:00,2.225
09/10/2023 06:30,2.225
09/10/2023 07:00,2.225
09/10/2023 07:30,2.225
09/10/2023 08:00,2.225
09/10/2023 08:30,2.225
09/10/2023 09:00,2.225
09/10/2023 09:30,2.225
09/10/2023 10:00,2.225
09/10/2023 10:30,2.225
09/10/2023 11:00,2.225
09/10/2023 11:30,2.225
09/10/2023 12:00,2.225
09/10/2023 12:30,2.225
09/10/2023 13:00,2.225
09/10/2023 13:30,2.225
09/10/2023 14:00,2.225
09/10/2023 14:30,2.225
09/10/2023 15:00,2.225
09/10/2023 15:30,2.225
09/10/2023 16:00,2.225
09/10/2023 16:30,2.225
09/10/2023 17:00,2.225
09/10/2023 17:30,2.225
09/10/2023 18:00,2.225
09/10/2023 18:30,2.225
09/10/2023 19:00,2.225
09/10/2023 19:30,2.225
09/10/2023 20:00,2.225
09/10/2023 20:30,2.225
09/10/2023 21:00,2.225
09/10/2023 21:30,2.225
09/10/2023 22:00,2.225
09/10/2023 22:30,2.225
09/10/2023 23:00,2.225
09/10/2023 23:30,2.225
09/11/2023 00:00,1.337
09/11/2023 00:30,1.337
09/11/2023 01:00,1.337
09/11/2023 01:30,1.337
09/11/2023 02:00,1.337
09/11/2023 02:30,1.337
09/11/2023 03:00,1.337
09/11/2023 03:30,1.337
09/11/2023 04:00,1.337
09/11/2023 04:30,1.337
09/11/2023 05:00,1.337
09/11/2023 05:30,1.337
09/11/2023 06:00,1.337
09/11/2023 06:30,1.337
09/11/2023 07:00,1.337
09/11/2023 07:30,1.337
09/11/2023 08:00,1.337
09/11/2023 08:30,1.337
09/11/2023 09:00,1.337
09/11/2023 09:30,1.337
09/11/2023 10:00,1.337
09/11/2023 10:30,1.337
09/11/2023 11:00,1.337
09/11/2023 11:30,1.337
09/11/2023 12:00,1.337
09/11/2023 12:30,1.337
09/11/2023 13:00,1.337
09/11/2023 13:30,1.337
09/11/2023 14:00,1.337
09/11/2023 14:30,1.337
09/11/2023 15:00,1.337
09/11/2023 15:30,1.337
09/11/2023 16:00,1.337
09/11/2023 16:30,1.337
09/11/2023 17:00,1.337
09/11/2023 17:30,1.337
09/11/2023 18:00,1.337
09/11/2023 18:30,1.337
09/11/2023 19:00,1.337
09/11/2023 19:30,1.337
09/11/2023 20:00,1.337
09/11/2023 20:30,1.337
09/11/2023 21:00,1.337
09/11/2023 21:30,1.337
09/11/2023 22:00,1.337
09/11/2023 22:30,1.337
09/11/2023 23:00,1.337
09/11/2023 23:30,1.337
09/12/2023 00:00,0.954
09/12/2023 00:30,0.954
09/12/2023 01:00,0.954
09/12/2023 01:30,0.954
09/12/2023 02:00,0.954
09/12/2023 02:30,0.954
09/12/2023 03:00,0.954
09/12/2023 03:30,0.954
09/12/2023 04:00,0.954
09/12/2023 04:30,0.954
09/12/2023 05:00,0.954
09/12/2023 05:30,0.954
09/12/2023 06:00,0.954
09/12/2023 06:30,0.954
09/12/2023 07:00,0.954
09/12/2023 07:30,0.954
09/12/2023 08:00,0.954
09/12/2023 08:30,0.954
09/12/2023 09:00,0.954
09/12/2023 09:30,0.954
09/12/2023 10:00,0.954
09/12/2023 10:30,0.954
09/12/2023 11:00,0.954
09/12/2023 11:30,0.954
09/12/2023 12:00,0.954
09/12/2023 12:30,0.954
09/12/2023 13:00,0.954
09/12/2023 13:30,0.954
09/12/2023 14:00,0.954
09/12/2023 14:30,0.954
09/12/2023 15:00,0.954
09/12/2023 15:30,0.954
09/12/2023 16:00,0.954
09/12/2023 16:30,0.954
09/12/2023 17:00,0.954
09/12/2023 17:30,0.954
09/12/2023 18:00,0.954
09/12/2023 18:30,0.954
09/12/2023 19:00,0.954
09/12/2023 19:30,0.954
09/12/2023 20:00,0.954
09/12/2023 20:30,0.954
09/12/2023 21:00,0.954
09/12/2023 21:30,0.954
09/12/2023 22:00,0.954
09/12/2023 22:30,0.954
09/12/2023 23:00,0.954
09/12/2023 23:30,0.954
09/13/2023 00:00,0.954
09/13/2023 00:30,0.954
09/13/2023 01:00,0.954
09/13/2023 01:30,0.954
09/13/2023 02:00,0.954
09/13/2023 02:30,0.954
09/13/2023 03:00,0.954
09/13/2023 03:30,0.954
09/13/2023 04:00,0.954
09/13/2023 04:30,0.954
09/13/2023 05:00,0.954
09/13/2023 05:30,0.954
09/13/2023 06:00,0.954
09/13/2023 06:30,0.954
09/13/2023 07:00,0.954
09/13/2023 07:30,0.954
09/13/2023 08:00,0.954
09/13/2023 08:30,0.954
09/13/2023 09:00,0.954
09/13/2023 09:30,0.954
09/13/2023 10:00,0.954
09/13/2023 10:30,0.954
09/13/2023 11:00,0.954
09/13/2023 11:30,0.954
09/13/2023 12:00,0.954
09/13/2023 12:30,0.954
09/13/2023 13:00,0.954
09/13/2023 13:30,0.954
09/13/2023 14:00,0.954
09/13/2023 14:30,0.954
09/13/2023 15:00,0.954
09/13/2023 15:30,0.954
09/13/2023 16:00,0.954
09/13/2023 16:30,0.954
09/13/2023 17:00,0.954
09/13/2023 17:30,0.954
09/13/2023 18:00,0.954
09/13/2023 18:30,0.954
09/13/2023 19:00,0.954
09/13/2023 19:30,0.954
09/13/2023 20:00,0.954
09/13/2023 20:30,0.954
09/13/2023 21:00,0.954
09/13/2023 21:30,0.954
09/13/2023 22:00,0.954
09/13/2023 22:30,0.954
09/13/2023 23:00,0.954
09/13/2023 23:30,0.954
09/14/2023 00:00,0.618
09/14/2023 00:30,0.618
09/14/2023 01:00,0.618
09/14/2023 01:30,0.618
09/14/2023 02:00,0.618
09/14/2023 02:30,0.618
09/14/2023 03:00,0.618
09/14/2023 03:30,0.618
09/14/2023 04:00,0.618
09/14/2023 04:30,0.618
09/14/2023 05:00,0.618
09/14/2023 05:30,0.618
09/14/2023 06:00,0.618
09/14/2023 06:30,0.618
09/14/2023 07:00,0.618
09/14/2023 07:30,0.618
09/14/2023 08:00,0.618
09/14/2023 08:30,0.618
09/14/2023 09:00,0.618
09/14/2023 09:30,0.618
09/14/2023 10:00,0.618
09/14/2023 10:30,0.618
09/14/2023 11:00,0.618
09/14/2023 11:30,0.618
09/14/2023 12:00,0.618
09/14/2023 12:30,0.618
09/14/2023 13:00,0.618
09/14/2023 13:30,0.618
09/14/2023 14:00,0.618
09/14/2023 14:30,0.618
09/14/2023 15:00,0.618
09/14/2023 15:30,0.618
09/14/2023 16:00,0.618
09/14/2023 16:30,0.618
09/14/2023 17:00,0.618
09/14/2023 17:30,0.618
09/14/2023 18:00,0.618
09/14/2023 18:30,0.618
09/14/2023 19:00,0.618
09/14/2023 19:30,0.618
09/14/2023 20:00,0.618
09/14/2023 20:30,0.618
09/14/2023 21:00,0.618
09/14/2023 21:30,0.618
09/14/2023 22:00,0.618
09/14/2023 22:30,0.618
09/14/2023 23:00,0.618
09/14/2023 23:30,0.618
09/15/2023 00:00,0.618
09/15/2023 00:30,0.618
09/15/2023 01:00,0.618
09/15/2023 01:30,0.618
09/15/2023 02:00,0.618
09/15/2023 02:30,0.618
09/15/2023 03:00,0.618
09/15/2023 03:30,0.618
09/15/2023 04:00,0.618
09/15/2023 04:30,0.618
09/15/2023 05:00,0.618
09/15/2023 05:30,0.618
09/15/2023 06:00,0.618
09/15/2023 06:30,0.618
09/15/2023 07:00,0.618
09/15/2023 07:30,0.618
09/15/2023 08:00,0.618
09/15/2023 08:30,0.618
09/15/2023 09:00,0.618
09/15/2023 09:30,0.618
09/15/2023 10:00,0.618
09/15/2023 10:30,0.618
09/15/2023 11:00,0.618
09/15/2023 11:30,0.618
09/15/2023 12:00,0.618
09/15/2023 12:30,0.618
09/15/2023 13:00,0.618
09/15/2023 13:30,0.618
09/15/2023 14:00,0.618
09/15/2023 14:30,0.618
09/15/2023 15:00,0.618
09/15/2023 15:30,0.618
09/15/2023 16:00,0.618
09/15/2023 16:30,0.618
09/15/2023 17:00,0.618
09/15/2023 17:30,0.618
09/15/2023 18:00,0.618
09/15/2023 18:30,0.618
09/15/2023 19:00,0.618
09/15/2023 19:30,0.618
09/15/2023 20:00,0.618
09/15/2023 20:30,0.618
09/15/2023 21:00,0.618
09/15/2023 21:30,0.618
09/15/2023 22:00,0.618
09/15/2023 22:30,0.618
09/15/2023 23:00,0.618
09/15/2023 23:30,0.618
09/16/2023 00:00,0.618
09/16/2023 00:30,0.618
09/16/2023 01:00,0.618
09/16/2023 01:30,0.618
09/16/2023 02:00,0.618
09/16/2023 02:30,0.618
09/16/2023 03:00,0.618
09/16/2023 03:30,0.618
09/16/2023 04:00,0.618
09/16/2023 04:30,0.618
09/16/2023 05:00,0.618
09/16/2023 05:30,0.618
09/16/2023 06:00,0.618
09/16/2023 06:30,0.618
09/16/2023 07:00,0.618
09/16/2023 07:30,0.618
09/16/2023 08:00,0.618
09/16/2023 08:30,0.618
09/16/2023 09:00,0.618
09/16/2023 09:30,0.618
09/16/2023 10:00,0.618
09/16/2023 10:30,0.618
09/16/2023 11:00,0.618
09/16/2023 11:30,0.618
09/16/2023 12:00,0.618
09/16/2023 12:30,0.618
09/16/2023 13:00,0.618
09/16/2023 13:30,0.618
09/16/2023 14:00,0.618
09/16/2023 14:30,0.618
09/16/2023 15:00,0.618
09/16/2023 15:30,0.618
09/16/2023 16:00,0.618
09/16/2023 16:30,0.618
09/16/2023 17:00,0.618
09/16/2023 17:30,0.618
09/16/2023 18:00,0.618
09/16/2023 18:30,0.618
09/16/2023 19:00,0.618
09/16/2023 19:30,0.618
09/16/2023 20:00,0.618
09/16/2023 20:30,0.618
09/16/2023 21:00,0.618
09/16/2023 21:30,0.618
09/16/2023 22:00,0.618
09/16/2023 22:30,0.618
09/16/2023 23:00,0.618
09/16/2023 23:30,0.618
09/17/2023 00:00,0.618
09/17/2023 00:30,0.618
09/17/2023 01:00,0.618
09/17/2023 01:30,0.618
09/17/2023 02:00,0.618
09/17/2023 02:30,0.618
09/17/2023 03:00,0.618
09/17/2023 03:30,0.618
09/17/2023 04:00,0.618
09/17/2023 04:30,0.618
09/17/2023 05:00,0.618
09/17/2023 05:30,0.618
09/17/2023 06:00,0.618
09/17/2023 06:30,0.618
09/17/2023 07:00,0.618
09/17/2023 07:30,0.618
09/17/2023 08:00,0.618
09/17/2023 08:30,0.618
09/17/2023 09:00,0.618
09/17/2023 09:30,0.618
09/17/2023 10:00,0.618
09/17/2023 10:30,0.618
09/17/2023 11:00,0.618
09/17/2023 11:30,0.618
09/17/2023 12:00,0.618
09/17/2023 12:30,0.618
09/17/2023 13:00,0.618
09/17/2023 13:30,0.618
09/17/2023 14:00,0.618
09/17/2023 14:30,0.618
09/17/2023 15:00,0.618
09/17/2023 15:30,0.618
09/17/2023 16:00,0.618
09/17/2023 16:30,0.618
09/17/2023 17:00,0.618
09/17/2023 17:30,0.618
09/17/2023 18:00,0.618
09/17/2023 18:30,0.618
09/17/2023 19:00,0.618
09/17/2023 19:30,0.618
09/17/2023 20:00,0.618
09/17/2023 20:30,0.618
09/17/2023 21:00,0.618
09/17/2023 21:30,0.618
09/17/2023 22:00,0.618
09/17/2023 22:30,0.618
09/17/2023 23:00,0.618
09/17/2023 23:30,0.618
09/18/2023 00:00,0.954
09/18/2023 00:30,0.954
09/18/2023 01:00,0.954
09/18/2023 01:30,0.954
09/18/2023 02:00,0.954
09/18/2023 02:30,0.954
09/18/2023 03:00,0.954
09/18/2023 03:30,0.954
09/18/2023 04:00,0.954
09/18/2023 04:30,0.954
09/18/2023 05:00,0.954
09/18/2023 05:30,0.954
09/18/2023 06:00,0.954
09/18/2023 06:30,0.954
09/18/2023 07:00,0.954
09/18/2023 07:30,0.954
09/18/2023 08:00,0.954
09/18/2023 08:30,0.954
09/18/2023 09:00,0.954
09/18/2023 09:30,0.954
09/18/2023 10:00,0.954
09/18/2023 10:30,0.954
09/18/2023 11:00,0.954
09/18/2023 11:30,0.954
09/18/2023 12:00,0.954
09/18/2023 12:30,0.954
09/18/2023 13:00,0.954
09/18/2023 13:30,0.954
09/18/2023 14:00,0.954
09/18/2023 14:30,0.954
09/18/2023 15:00,0.954
09/18/2023 15:30,0.954
09/18/2023 16:00,0.954
09/18/2023 16:30,0.954
09/18/2023 17:00,0.954
09/18/2023 17:30,0.954
09/18/2023 18:00,0.954
09/18/2023 18:30,0.954
09/18/2023 19:00,0.954
09/18/2023 19:30,0.954
09/18/2023 20:00,0.954
09/18/2023 20:30,0.954
09/18/2023 21:00,0.954
09/18/2023 21:30,0.954
09/18/2023 22:00,0.954
09/18/2023 22:30,0.954
09/18/2023 23:00,0.954
09/18/2023 23:30,0.954
09/19/2023 00:00,0.954
09/19/2023 00:30,0.954
09/19/2023 01:00,0.954
09/19/2023 01:30,0.954
09/19/2023 02:00,0.954
09/19/2023 02:30,0.954
09/19/2023 03:00,0.954
09/19/2023 03:30,0.954
09/19/2023 04:00,0.954
09/19/2023 04:30,0.954
09/19/2023 05:00,0.954
09/19/2023 05:30,0.954
09/19/2023 06:00,0.954
09/19/2023 06:30,0.954
09/19/2023 07:00,0.954
09/19/2023 07:30,0.954
09/19/2023 08:00,0.954
09/19/2023 08:30,0.954
09/19/2023 09:00,0.954
09/19/2023 09:30,0.954
09/19/2023 10:00,0.954
09/19/2023 10:30,0.954
09/19/2023 11:00,0.954
09/19/2023 11:30,0.954
09/19/2023 12:00,0.954
09/19/2023 12:30,0.954
09/19/2023 13:00,0.954
09/19/2023 13:30,0.954
09/19/2023 14:00,0.954
09/19/2023 14:30,0.954
09/19/2023 15:00,0.954
09/19/2023 15:30,0.954
09/19/2023 16:00,0.954
09/19/2023 16:30,0.954
09/19/2023 17:00,0.954
09/19/2023 17:30,0.954
09/19/2023 18:00,0.954
09/19/2023 18:30,0.954
09/19/2023 19:00,0.954
09/19/2023 19:30,0.954
09/19/2023 20:00,0.954
09/19/2023 20:30,0.954
09/19/2023 21:00,0.954
09/19/2023 21:30,0.954
09/19/2023 22:00,0.954
09/19/2023 22:30,0.954
09/19/2023 23:00,0.954
09/19/2023 23:30,0.954
09/20/2023 00:00,0.618
09/20/2023 00:30,0.618
09/20/2023 01:00,0.618
09/20/2023 01:30,0.618
09/20/2023 02:00,0.618
09/20/2023 02:30,0.618
09/20/2023 03:00,0.618
09/20/2023 03:30,0.618
09/20/2023 04:00,0.618
09/20/2023 04:30,0.618
09/20/2023 05:00,0.618
09/20/2023 05:30,0.618
09/20/2023 06:00,0.618
09/20/2023 06:30,0.618
09/20/2023 07:00,0.618
09/20/2023 07:30,0.618
09/20/2023 08:00,0.618
09/20/2023 08:30,0.618
09/20/2023 09:00,0.618
09/20/2023 09:30,0.618
09/20/2023 10:00,0.618
09/20/2023 10:30,0.618
09/20/2023 11:00,0.618
09/20/2023 11:30,0.618
09/20/2023 12:00,0.618
09/20/2023 12:30,0.618
09/20/2023 13:00,0.618
09/20/2023 13:30,0.618
09/20/2023 14:00,0.618
09/20/2023 14:30,0.618
09/20/2023 15:00,0.618
09/20/2023 15:30,0.618
09/20/2023 16:00,0.618
09/20/2023 16:30,0.618
09/20/2023 17:00,0.618
09/20/2023 17:30,0.618
09/20/2023 18:00,0.618
09/20/2023 18:30,0.618
09/20/2023 19:00,0.618
09/20/2023 19:30,0.618
09/20/2023 20:00,0.618
09/20/2023 20:30,0.618
09/20/2023 21:00,0.618
09/20/2023 21:30,0.618
09/20/2023 22:00,0.618
09/20/2023 22:30,0.618
09/20/2023 23:00,0.618
09/20/2023 23:30,0.618
09/21/2023 00:00,3.826
09/21/2023 00:30,3.826
09/21/2023 01:00,3.826
09/21/2023 01:30,3.826
09/21/2023 02:00,3.826
09/21/2023 02:30,3.826
09/21/2023 03:00,3.826
09/21/2023 03:30,3.826
09/21/2023 04:00,3.826
09/21/2023 04:30,3.826
09/21/2023 05:00,3.826
09/21/2023 05:30,3.826
09/21/2023 06:00,3.826
09/21/2023 06:30,3.826
09/21/2023 07:00,3.826
09/21/2023 07:30,3.826
09/21/2023 08:00,3.826
09/21/2023 08:30,3.826
09/21/2023 09:00,3.826
09/21/2023 09:30,3.826
09/21/2023 10:00,3.826
09/21/2023 10:30,3.826
09/21/2023 11:00,3.826
09/21/2023 11:30,3.826
09/21/2023 12:00,3.826
09/21/2023 12:30,3.826
09/21/2023 13:00,3.826
09/21/2023 13:30,3.826
09/21/2023 14:00,3.826
09/21/2023 14:30,3.826
09/21/2023 15:00,3.826
09/21/2023 15:30,3.826
09/21/2023 16:00,3.826
09/21/2023 16:30,3.826
09/21/2023 17:00,3.826
09/21/2023 17:30,3.826
09/21/2023 18:00,3.826
09/21/2023 18:30,3.826
09/21/2023 19:00,3.826
09/21/2023 19:30,3.826
09/21/2023 20:00,3.826
09/21/2023 20:30,3.826
09/21/2023 21:00,3.826
09/21/2023 21:30,3.826
09/21/2023 22:00,3.826
09/21/2023 22:30,3.826
09/21/2023 23:00,3.826
09/21/2023 23:30,3.826
09/22/2023 00:00,25.345
09/22/2023 00:30,25.345
09/22/2023 01:00,25.345
09/22/2023 01:30,25.345
09/22/2023 02:00,25.345
09/22/2023 02:30,25.345
09/22/2023 03:00,25.345
09/22/2023 03:30,25.345
09/22/2023 04:00,25.345
09/22/2023 04:30,25.345
09/22/2023 05:00,25.345
09/22/2023 05:30,25.345
09/22/2023 06:00,25.345
09/22/2023 06:30,25.345
09/22/2023 07:00,25.345
09/22/2023 07:30,25.345
09/22/2023 08:00,25.345
09/22/2023 08:30,25.345
09/22/2023 09:00,25.345
09/22/2023 09:30,25.345
09/22/2023 10:00,25.345
09/22/2023 10:30,25.345
09/22/2023 11:00,25.345
09/22/2023 11:30,25.345
09/22/2023 12:00,25.345
09/22/2023 12:30,25.345
09/22/2023 13:00,25.345
09/22/2023 13:30,25.345
09/22/2023 14:00,25.345
09/22/2023 14:30,25.345
09/22/2023 15:00,25.345
09/22/2023 15:30,25.345
09/22/2023 16:00,25.345
09/22/2023 16:30,25.345
09/22/2023 17:00,25.345
09/22/2023 17:30,25.345
09/22/2023 18:00,25.345
09/22/2023 18:30,25.345
09/22/2023 19:00,25.345
09/22/2023 19:30,25.345
09/22/2023 20:00,25.345
09/22/2023 20:30,25.345
09/22/2023 21:00,25.345
09/22/2023 21:30,25.345
09/22/2023 22:00,25.345
09/22/2023 22:30,25.345
09/22/2023 23:00,25.345
09/22/2023 23:30,25.345
09/23/2023 00:00,26.631
09/23/2023 00:30,26.631
09/23/2023 01:00,26.631
09/23/2023 01:30,26.631
09/23/2023 02:00,26.631
09/23/2023 02:30,26.631
09/23/2023 03:00,26.631
09/23/2023 03:30,26.631
09/23/2023 04:00,26.631
09/23/2023 04:30,26.631
09/23/2023 05:00,26.631
09/23/2023 05:30,26.631
09/23/2023 06:00,26.631
09/23/2023 06:30,26.631
09/23/2023 07:00,26.631
09/23/2023 07:30,26.631
09/23/2023 08:00,26.631
09/23/2023 08:30,26.631
09/23/2023 09:00,26.631
09/23/2023 09:30,26.631
09/23/2023 10:00,26.631
09/23/2023 10:30,26.631
09/23/2023 11:00,26.631
09/23/2023 11:30,26.631
09/23/2023 12:00,26.631
09/23/2023 12:30,26.631
09/23/2023 13:00,26.631
09/23/2023 13:30,26.631
09/23/2023 14:00,26.631
09/23/2023 14:30,26.631
09/23/2023 15:00,26.631
09/23/2023 15:30,26.631
09/23/2023 16:00,26.631
09/23/2023 16:30,26.631
09/23/2023 17:00,26.631
09/23/2023 17:30,26.631
09/23/2023 18:00,26.631
09/23/2023 18:30,26.631
09/23/2023 19:00,26.631
09/23/2023 19:30,26.631
09/23/2023 20:00,26.631
09/23/2023 20:30,26.631
09/23/2023 21:00,26.631
09/23/2023 21:30,26.631
09/23/2023 22:00,26.631
09/23/2023 22:30,26.631
09/23/2023 23:00,26.631
09/23/2023 23:30,26.631
09/24/2023 00:00,15.66
09/24/2023 00:30,15.66
09/24/2023 01:00,15.66
09/24/2023 01:30,15.66
09/24/2023 02:00,15.66
09/24/2023 02:30,15.66
09/24/2023 03:00,15.66
09/24/2023 03:30,15.66
09/24/2023 04:00,15.66
09/24/2023 04:30,15.66
09/24/2023 05:00,15.66
09/24/2023 05:30,15.66
09/24/2023 06:00,15.66
09/24/2023 06:30,15.66
09/24/2023 07:00,15.66
09/24/2023 07:30,15.66
09/24/2023 08:00,15.66
09/24/2023 08:30,15.66
09/24/2023 09:00,15.66
09/24/2023 09:30,15.66
09/24/2023 10:00,15.66
09/24/2023 10:30,15.66
09/24/2023 11:00,15.66
09/24/2023 11:30,15.66
09/24/2023 12:00,15.66
09/24/2023 12:30,15.66
09/24/2023 13:00,15.66
09/24/2023 13:30,15.66
09/24/2023 14:00,15.66
09/24/2023 14:30,15.66
09/24/2023 15:00,15.66
09/24/2023 15:30,15.66
09/24/2023 16:00,15.66
09/24/2023 16:30,15.66
09/24/2023 17:00,15.66
09/24/2023 17:30,15.66
09/24/2023 18:00,15.66
09/24/2023 18:30,15.66
09/24/2023 19:00,15.66
09/24/2023 19:30,15.66
09/24/2023 20:00,15.66
09/24/2023 20:30,15.66
09/24/2023 21:00,15.66
09/24/2023 21:30,15.66
09/24/2023 22:00,15.66
09/24/2023 22:30,15.66
09/24/2023 23:00,15.66
09/24/2023 23:30,15.66
09/25/2023 00:00,4.425
09/25/2023 00:30,4.425
09/25/2023 01:00,4.425
09/25/2023 01:30,4.425
09/25/2023 02:00,4.425
09/25/2023 02:30,4.425
09/25/2023 03:00,4.425
09/25/2023 03:30,4.425
09/25/2023 04:00,4.425
09/25/2023 04:30,4.425
09/25/2023 05:00,4.425
09/25/2023 05:30,4.425
09/25/2023 06:00,4.425
09/25/2023 06:30,4.425
09/25/2023 07:00,4.425
09/25/2023 07:30,4.425
09/25/2023 08:00,4.425
09/25/2023 08:30,4.425
09/25/2023 09:00,4.425
09/25/2023 09:30,4.425
09/25/2023 10:00,4.425
09/25/2023 10:30,4.425
09/25/2023 11:00,4.425
09/25/2023 11:30,4.425
09/25/2023 12:00,4.425
09/25/2023 12:30,4.425
09/25/2023 13:00,4.425
09/25/2023 13:30,4.425
09/25/2023 14:00,4.425
09/25/2023 14:30,4.425
09/25/2023 15:00,4.425
09/25/2023 15:30,4.425
09/25/2023 16:00,4.425
09/25/2023 16:30,4.425
09/25/2023 17:00,4.425
09/25/2023 17:30,4.425
09/25/2023 18:00,4.425
09/25/2023 18:30,4.425
09/25/2023 19:00,4.425
09/25/2023 19:30,4.425
09/25/2023 20:00,4.425
09/25/2023 20:30,4.425
09/25/2023 21:00,4.425
09/25/2023 21:30,4.425
09/25/2023 22:00,4.425
09/25/2023 22:30,4.425
09/25/2023 23:00,4.425
09/25/2023 23:30,4.425
09/26/2023 00:00,5.054
09/26/2023 00:30,5.054
09/26/2023 01:00,5.054
09/26/2023 01:30,5.054
09/26/2023 02:00,5.054
09/26/2023 02:30,5.054
09/26/2023 03:00,5.054
09/26/2023 03:30,5.054
09/26/2023 04:00,5.054
09/26/2023 04:30,5.054
09/26/2023 05:00,5.054
09/26/2023 05:30,5.054
09/26/2023 06:00,5.054
09/26/2023 06:30,5.054
09/26/2023 07:00,5.054
09/26/2023 07:30,5.054
09/26/2023 08:00,5.054
09/26/2023 08:30,5.054
09/26/2023 09:00,5.054
09/26/2023 09:30,5.054
09/26/2023 10:00,5.054
09/26/2023 10:30,5.054
09/26/2023 11:00,5.054
09/26/2023 11:30,5.054
09/26/2023 12:00,5.054
09/26/2023 12:30,5.054
09/26/2023 13:00,5.054
09/26/2023 13:30,5.054
09/26/2023 14:00,5.054
09/26/2023 14:30,5.054
09/26/2023 15:00,5.054
09/26/2023 15:30,5.054
09/26/2023 16:00,5.054
09/26/2023 16:30,5.054
09/26/2023 17:00,5.054
09/26/2023 17:30,5.054
09/26/2023 18:00,5.054
09/26/2023 18:30,5.054
09/26/2023 19:00,5.054
09/26/2023 19:30,5.054
09/26/2023 20:00,5.054
09/26/2023 20:30,5.054
09/26/2023 21:00,5.054
09/26/2023 21:30,5.054
09/26/2023 22:00,5.054
09/26/2023 22:30,5.054
09/26/2023 23:00,5.054
09/26/2023 23:30,5.054
09/27/2023 00:00,3.259
09/27/2023 00:30,3.259
09/27/2023 01:00,3.259
09/27/2023 01:30,3.259
09/27/2023 02:00,3.259
09/27/2023 02:30,3.259
09/27/2023 03:00,3.259
09/27/2023 03:30,3.259
09/27/2023 04:00,3.259
09/27/2023 04:30,3.259
09/27/2023 05:00,3.259
09/27/2023 05:30,3.259
09/27/2023 06:00,3.259
09/27/2023 06:30,3.259
09/27/2023 07:00,3.259
09/27/2023 07:30,3.259
09/27/2023 08:00,3.259
09/27/2023 08:30,3.259
09/27/2023 09:00,3.259
09/27/2023 09:30,3.259
09/27/2023 10:00,3.259
09/27/2023 10:30,3.259
09/27/2023 11:00,3.259
09/27/2023 11:30,3.259
09/27/2023 12:00,3.259
09/27/2023 12:30,3.259
09/27/2023 13:00,3.259
09/27/2023 13:30,3.259
09/27/2023 14:00,3.259
09/27/2023 14:30,3.259
09/27/2023 15:00,3.259
09/27/2023 15:30,3.259
09/27/2023 16:00,3.259
09/27/2023 16:30,3.259
09/27/2023 17:00,3.259
09/27/2023 17:30,3.259
09/27/2023 18:00,3.259
09/27/2023 18:30,3.259
09/27/2023 19:00,3.259
09/27/2023 19:30,3.259
09/27/2023 20:00,3.259
09/27/2023 20:30,3.259
09/27/2023 21:00,3.259
09/27/2023 21:30,3.259
09/27/2023 22:00,3.259
09/27/2023 22:30,3.259
09/27/2023 23:00,3.259
09/27/2023 23:30,3.259
09/28/2023 00:00,12.839
09/28/2023 00:30,12.839
09/28/2023 01:00,12.839
09/28/2023 01:30,12.839
09/28/2023 02:00,12.839
09/28/2023 02:30,12.839
09/28/2023 03:00,12.839
09/28/2023 03:30,12.839
09/28/2023 04:00,12.839
09/28/2023 04:30,12.839
09/28/2023 05:00,12.839
09/28/2023 05:30,12.839
09/28/2023 06:00,12.839
09/28/2023 06:30,12.839
09/28/2023 07:00,12.839
09/28/2023 07:30,12.839
09/28/2023 08:00,12.839
09/28/2023 08:30,12.839
09/28/2023 09:00,12.839
09/28/2023 09:30,12.839
09/28/2023 10:00,12.839
09/28/2023 10:30,12.839
09/28/2023 11:00,12.839
09/28/2023 11:30,12.839
09/28/2023 12:00,12.839
09/28/2023 12:30,12.839
09/28/2023 13:00,12.839
09/28/2023 13:30,12.839
09/28/2023 14:00,12.839
09/28/2023 14:30,12.839
09/28/2023 15:00,12.839
09/28/2023 15:30,12.839
09/28/2023 16:00,12.839
09/28/2023 16:30,12.839
09/28/2023 17:00,12.839
09/28/2023 17:30,12.839
09/28/2023 18:00,12.839
09/28/2023 18:30,12.839
09/28/2023 19:00,12.839
09/28/2023 19:30,12.839
09/28/2023 20:00,12.839
09/28/2023 20:30,12.839
09/28/2023 21:00,12.839
09/28/2023 21:30,12.839
09/28/2023 22:00,12.839
09/28/2023 22:30,12.839
09/28/2023 23:00,12.839
09/28/2023 23:30,12.839
09/29/2023 00:00,4.425
09/29/2023 00:30,4.425
09/29/2023 01:00,4.425
09/29/2023 01:30,4.425
09/29/2023 02:00,4.425
09/29/2023 02:30,4.425
09/29/2023 03:00,4.425
09/29/2023 03:30,4.425
09/29/2023 04:00,4.425
09/29/2023 04:30,4.425
09/29/2023 05:00,4.425
09/29/2023 05:30,4.425
09/29/2023 06:00,4.425
09/29/2023 06:30,4.425
09/29/2023 07:00,4.425
09/29/2023 07:30,4.425
09/29/2023 08:00,4.425
09/29/2023 08:30,4.425
09/29/2023 09:00,4.425
09/29/2023 09:30,4.425
09/29/2023 10:00,4.425
09/29/2023 10:30,4.425
09/29/2023 11:00,4.425
09/29/2023 11:30,4.425
09/29/2023 12:00,4.425
09/29/2023 12:30,4.425
09/29/2023 13:00,4.425
09/29/2023 13:30,4.425
09/29/2023 14:00,4.425
09/29/2023 14:30,4.425
09/29/2023 15:00,4.425
09/29/2023 15:30,4.425
09/29/2023 16:00,4.425
09/29/2023 16:30,4.425
09/29/2023 17:00,4.425
09/29/2023 17:30,4.425
09/29/2023 18:00,4.425
09/29/2023 18:30,4.425
09/29/2023 19:00,4.425
09/29/2023 19:30,4.425
09/29/2023 20:00,4.425
09/29/2023 20:30,4.425
09/29/2023 21:00,4.425
09/29/2023 21:30,4.425
09/29/2023 22:00,4.425
09/29/2023 22:30,4.425
09/29/2023 23:00,4.425
09/29/2023 23:30,4.425
09/30/2023 00:00,20.82
09/30/2023 00:30,20.82
09/30/2023 01:00,20.82
09/30/2023 01:30,20.82
09/30/2023 02:00,20.82
09/30/2023 02:30,20.82
09/30/2023 03:00,20.82
09/30/2023 03:30,20.82
09/30/2023 04:00,20.82
09/30/2023 04:30,20.82
09/30/2023 05:00,20.82
09/30/2023 05:30,20.82
09/30/2023 06:00,20.82
09/30/2023 06:30,20.82
09/30/2023 07:00,20.82
09/30/2023 07:30,20.82
09/30/2023 08:00,20.82
09/30/2023 08:30,20.82
09/30/2023 09:00,20.82
09/30/2023 09:30,20.82
09/30/2023 10:00,20.82
09/30/2023 10:30,20.82
09/30/2023 11:00,20.82
09/30/2023 11:30,20.82
09/30/2023 12:00,20.82
09/30/2023 12:30,20.82
09/30/2023 13:00,20.82
09/30/2023 13:30,20.82
09/30/2023 14:00,20.82
09/30/2023 14:30,20.82
09/30/2023 15:00,20.82
09/30/2023 15:30,20.82
09/30/2023 16:00,20.82
09/30/2023 16:30,20.82
09/30/2023 17:00,20.82
09/30/2023 17:30,20.82
09/30/2023 18:00,20.82
09/30/2023 18:30,20.82
09/30/2023 19:00,20.82
09/30/2023 19:30,20.82
09/30/2023 20:00,20.82
09/30/2023 20:30,20.82
09/30/2023 21:00,20.82
09/30/2023 21:30,20.82
09/30/2023 22:00,20.82
09/30/2023 22:30,20.82
09/30/2023 23:00,20.82
09/30/2023 23:30,20.82
10/01/2023 00:00,6.398
10/01/2023 00:30,6.398
10/01/2023 01:00,6.398
10/01/2023 01:30,6.398
10/01/2023 02:00,6.398
10/01/2023 02:30,6.398
10/01/2023 03:00,6.398
10/01/2023 03:30,6.398
10/01/2023 04:00,6.398
10/01/2023 04:30,6.398
10/01/2023 05:00,6.398
10/01/2023 05:30,6.398
10/01/2023 06:00,6.398
10/01/2023 06:30,6.398
10/01/2023 07:00,6.398
10/01/2023 07:30,6.398
10/01/2023 08:00,6.398
10/01/2023 08:30,6.398
10/01/2023 09:00,6.398
10/01/2023 09:30,6.398
10/01/2023 10:00,6.398
10/01/2023 10:30,6.398
10/01/2023 11:00,6.398
10/01/2023 11:30,6.398
10/01/2023 12:00,6.398
10/01/2023 12:30,6.398
10/01/2023 13:00,6.398
10/01/2023 13:30,6.398
10/01/2023 14:00,6.398
10/01/2023 14:30,6.398
10/01/2023 15:00,6.398
10/01/2023 15:30,6.398
10/01/2023 16:00,6.398
10/01/2023 16:30,6.398
10/01/2023 17:00,6.398
10/01/2023 17:30,6.398
10/01/2023 18:00,6.398
10/01/2023 18:30,6.398
10/01/2023 19:00,6.398
10/01/2023 19:30,6.398
10/01/2023 20:00,6.398
10/01/2023 20:30,6.398
10/01/2023 21:00,6.398
10/01/2023 21:30,6.398
10/01/2023 22:00,6.398
10/01/2023 22:30,6.398
10/01/2023 23:00,6.398
10/01/2023 23:30,6.398
10/02/2023 00:00,2.725
10/02/2023 00:30,2.725
10/02/2023 01:00,2.725
10/02/2023 01:30,2.725
10/02/2023 02:00,2.725
10/02/2023 02:30,2.725
10/02/2023 03:00,2.725
10/02/2023 03:30,2.725
10/02/2023 04:00,2.725
10/02/2023 04:30,2.725
10/02/2023 05:00,2.725
10/02/2023 05:30,2.725
10/02/2023 06:00,2.725
10/02/2023 06:30,2.725
10/02/2023 07:00,2.725
10/02/2023 07:30,2.725
10/02/2023 08:00,2.725
10/02/2023 08:30,2.725
10/02/2023 09:00,2.725
10/02/2023 09:30,2.725
10/02/2023 10:00,2.725
10/02/2023 10:30,2.725
10/02/2023 11:00,2.725
10/02/2023 11:30,2.725
10/02/2023 12:00,2.725
10/02/2023 12:30,2.725
10/02/2023 13:00,2.725
10/02/2023 13:30,2.725
10/02/2023 14:00,2.725
10/02/2023 14:30,2.725
10/02/2023 15:00,2.725
10/02/2023 15:30,2.725
10/02/2023 16:00,2.725
10/02/2023 16:30,2.725
10/02/2023 17:00,2.725
10/02/2023 17:30,2.725
10/02/2023 18:00,2.725
10/02/2023 18:30,2.725
10/02/2023 19:00,2.725
10/02/2023 19:30,2.725
10/02/2023 20:00,2.725
10/02/2023 20:30,2.725
10/02/2023 21:00,2.725
10/02/2023 21:30,2.725
10/02/2023 22:00,2.725
10/02/2023 22:30,2.725
10/02/2023 23:00,2.725
10/02/2023 23:30,2.725
10/03/2023 00:00,1.761
10/03/2023 00:30,1.761
10/03/2023 01:00,1.761
10/03/2023 01:30,1.761
10/03/2023 02:00,1.761
10/03/2023 02:30,1.761
10/03/2023 03:00,1.761
10/03/2023 03:30,1.761
10/03/2023 04:00,1.761
10/03/2023 04:30,1.761
10/03/2023 05:00,1.761
10/03/2023 05:30,1.761
10/03/2023 06:00,1.761
10/03/2023 06:30,1.761
10/03/2023 07:00,1.761
10/03/2023 07:30,1.761
10/03/2023 08:00,1.761
10/03/2023 08:30,1.761
10/03/2023 09:00,1.761
10/03/2023 09:30,1.761
10/03/2023 10:00,1.761
10/03/2023 10:30,1.761
10/03/2023 11:00,1.761
10/03/2023 11:30,1.761
10/03/2023 12:00,1.761
10/03/2023 12:30,1.761
10/03/2023 13:00,1.761
10/03/2023 13:30,1.761
10/03/2023 14:00,1.761
10/03/2023 14:30,1.761
10/03/2023 15:00,1.761
10/03/2023 15:30,1.761
10/03/2023 16:00,1.761
10/03/2023 16:30,1.761
10/03/2023 17:00,1.761
10/03/2023 17:30,1.761
10/03/2023 18:00,1.761
10/03/2023 18:30,1.761
10/03/2023 19:00,1.761
10/03/2023 19:30,1.761
10/03/2023 20:00,1.761
10/03/2023 20:30,1.761
10/03/2023 21:00,1.761
10/03/2023 21:30,1.761
10/03/2023 22:00,1.761
10/03/2023 22:30,1.761
10/03/2023 23:00,1.761
10/03/2023 23:30,1.761
10/04/2023 00:00,1.337
10/04/2023 00:30,1.337
10/04/2023 01:00,1.337
10/04/2023 01:30,1.337
10/04/2023 02:00,1.337
10/04/2023 02:30,1.337
10/04/2023 03:00,1.337
10/04/2023 03:30,1.337
10/04/2023 04:00,1.337
10/04/2023 04:30,1.337
10/04/2023 05:00,1.337
10/04/2023 05:30,1.337
10/04/2023 06:00,1.337
10/04/2023 06:30,1.337
10/04/2023 07:00,1.337
10/04/2023 07:30,1.337
10/04/2023 08:00,1.337
10/04/2023 08:30,1.337
10/04/2023 09:00,1.337
10/04/2023 09:30,1.337
10/04/2023 10:00,1.337
10/04/2023 10:30,1.337
10/04/2023 11:00,1.337
10/04/2023 11:30,1.337
10/04/2023 12:00,1.337
10/04/2023 12:30,1.337
10/04/2023 13:00,1.337
10/04/2023 13:30,1.337
10/04/2023 14:00,1.337
10/04/2023 14:30,1.337
10/04/2023 15:00,1.337
10/04/2023 15:30,1.337
10/04/2023 16:00,1.337
10/04/2023 16:30,1.337
10/04/2023 17:00,1.337
10/04/2023 17:30,1.337
10/04/2023 18:00,1.337
10/04/2023 18:30,1.337
10/04/2023 19:00,1.337
10/04/2023 19:30,1.337
10/04/2023 20:00,1.337
10/04/2023 20:30,1.337
10/04/2023 21:00,1.337
10/04/2023 21:30,1.337
10/04/2023 22:00,1.337
10/04/2023 22:30,1.337
10/04/2023 23:00,1.337
10/04/2023 23:30,1.337
10/05/2023 00:00,7.854
10/05/2023 00:30,7.854
10/05/2023 01:00,7.854
10/05/2023 01:30,7.854
10/05/2023 02:00,7.854
10/05/2023 02:30,7.854
10/05/2023 03:00,7.854
10/05/2023 03:30,7.854
10/05/2023 04:00,7.854
10/05/2023 04:30,7.854
10/05/2023 05:00,7.854
10/05/2023 05:30,7.854
10/05/2023 06:00,7.854
10/05/2023 06:30,7.854
10/05/2023 07:00,7.854
10/05/2023 07:30,7.854
10/05/2023 08:00,7.854
10/05/2023 08:30,7.854
10/05/2023 09:00,7.854
10/05/2023 09:30,7.854
10/05/2023 10:00,7.854
10/05/2023 10:30,7.854
10/05/2023 11:00,7.854
10/05/2023 11:30,7.854
10/05/2023 12:00,7.854
10/05/2023 12:30,7.854
10/05/2023 13:00,7.854
10/05/2023 13:30,7.854
10/05/2023 14:00,7.854
10/05/2023 14:30,7.854
10/05/2023 15:00,7.854
10/05/2023 15:30,7.854
10/05/2023 16:00,7.854
10/05/2023 16:30,7.854
10/05/2023 17:00,7.854
10/05/2023 17:30,7.854
10/05/2023 18:00,7.854
10/05/2023 18:30,7.854
10/05/2023 19:00,7.854
10/05/2023 19:30,7.854
10/05/2023 20:00,7.854
10/05/2023 20:30,7.854
10/05/2023 21:00,7.854
10/05/2023 21:30,7.854
10/05/2023 22:00,7.854
10/05/2023 22:30,7.854
10/05/2023 23:00,7.854
10/05/2023 23:30,7.854
10/06/2023 00:00,3.259
10/06/2023 00:30,3.259
10/06/2023 01:00,3.259
10/06/2023 01:30,3.259
10/06/2023 02:00,3.259
10/06/2023 02:30,3.259
10/06/2023 03:00,3.259
10/06/2023 03:30,3.259
10/06/2023 04:00,3.259
10/06/2023 04:30,3.259
10/06/2023 05:00,3.259
10/06/2023 05:30,3.259
10/06/2023 06:00,3.259
10/06/2023 06:30,3.259
10/06/2023 07:00,3.259
10/06/2023 07:30,3.259
10/06/2023 08:00,3.259
10/06/2023 08:30,3.259
10/06/2023 09:00,3.259
10/06/2023 09:30,3.259
10/06/2023 10:00,3.259
10/06/2023 10:30,3.259
10/06/2023 11:00,3.259
10/06/2023 11:30,3.259
10/06/2023 12:00,3.259
10/06/2023 12:30,3.259
10/06/2023 13:00,3.259
10/06/2023 13:30,3.259
10/06/2023 14:00,3.259
10/06/2023 14:30,3.259
10/06/2023 15:00,3.259
10/06/2023 15:30,3.259
10/06/2023 16:00,3.259
10/06/2023 16:30,3.259
10/06/2023 17:00,3.259
10/06/2023 17:30,3.259
10/06/2023 18:00,3.259
10/06/2023 18:30,3.259
10/06/2023 19:00,3.259
10/06/2023 19:30,3.259
10/06/2023 20:00,3.259
10/06/2023 20:30,3.259
10/06/2023 21:00,3.259
10/06/2023 21:30,3.259
10/06/2023 22:00,3.259
10/06/2023 22:30,3.259
10/06/2023 23:00,3.259
10/06/2023 23:30,3.259
10/07/2023 00:00,9.415
10/07/2023 00:30,9.415
10/07/2023 01:00,9.415
10/07/2023 01:30,9.415
10/07/2023 02:00,9.415
10/07/2023 02:30,9.415
10/07/2023 03:00,9.415
10/07/2023 03:30,9.415
10/07/2023 04:00,9.415
10/07/2023 04:30,9.415
10/07/2023 05:00,9.415
10/07/2023 05:30,9.415
10/07/2023 06:00,9.415
10/07/2023 06:30,9.415
10/07/2023 07:00,9.415
10/07/2023 07:30,9.415
10/07/2023 08:00,9.415
10/07/2023 08:30,9.415
10/07/2023 09:00,9.415
10/07/2023 09:30,9.415
10/07/2023 10:00,9.415
10/07/2023 10:30,9.415
10/07/2023 11:00,9.415
10/07/2023 11:30,9.415
10/07/2023 12:00,9.415
10/07/2023 12:30,9.415
10/07/2023 13:00,9.415
10/07/2023 13:30,9.415
10/07/2023 14:00,9.415
10/07/2023 14:30,9.415
10/07/2023 15:00,9.415
10/07/2023 15:30,9.415
10/07/2023 16:00,9.415
10/07/2023 16:30,9.415
10/07/2023 17:00,9.415
10/07/2023 17:30,9.415
10/07/2023 18:00,9.415
10/07/2023 18:30,9.415
10/07/2023 19:00,9.415
10/07/2023 19:30,9.415
10/07/2023 20:00,9.415
10/07/2023 20:30,9.415
10/07/2023 21:00,9.415
10/07/2023 21:30,9.415
10/07/2023 22:00,9.415
10/07/2023 22:30,9.415
10/07/2023 23:00,9.415
10/07/2023 23:30,9.415
10/08/2023 00:00,13.776
10/08/2023 00:30,13.776
10/08/2023 01:00,13.776
10/08/2023 01:30,13.776
10/08/2023 02:00,13.776
10/08/2023 02:30,13.776
10/08/2023 03:00,13.776
10/08/2023 03:30,13.776
10/08/2023 04:00,13.776
10/08/2023 04:30,13.776
10/08/2023 05:00,13.776
10/08/2023 05:30,13.776
10/08/2023 06:00,13.776
10/08/2023 06:30,13.776
10/08/2023 07:00,13.776
10/08/2023 07:30,13.776
10/08/2023 08:00,13.776
10/08/2023 08:30,13.776
10/08/2023 09:00,13.776
10/08/2023 09:30,13.776
10/08/2023 10:00,13.776
10/08/2023 10:30,13.776
10/08/2023 11:00,13.776
10/08/2023 11:30,13.776
10/08/2023 12:00,13.776
10/08/2023 12:30,13.776
10/08/2023 13:00,13.776
10/08/2023 13:30,13.776
10/08/2023 14:00,13.776
10/08/2023 14:30,13.776
10/08/2023 15:00,13.776
10/08/2023 15:30,13.776
10/08/2023 16:00,13.776
10/08/2023 16:30,13.776
10/08/2023 17:00,13.776
10/08/2023 17:30,13.776
10/08/2023 18:00,13.776
10/08/2023 18:30,13.776
10/08/2023 19:00,13.776
10/08/2023 19:30,13.776
10/08/2023 20:00,13.776
10/08/2023 20:30,13.776
10/08/2023 21:00,13.776
10/08/2023 21:30,13.776
10/08/2023 22:00,13.776
10/08/2023 22:30,13.776
10/08/2023 23:00,13.776
10/08/2023 23:30,13.776
10/09/2023 00:00,3.826
10/09/2023 00:30,3.826
10/09/2023 01:00,3.826
10/09/2023 01:30,3.826
10/09/2023 02:00,3.826
10/09/2023 02:30,3.826
10/09/2023 03:00,3.826
10/09/2023 03:30,3.826
10/09/2023 04:00,3.826
10/09/2023 04:30,3.826
10/09/2023 05:00,3.826
10/09/2023 05:30,3.826
10/09/2023 06:00,3.826
10/09/2023 06:30,3.826
10/09/2023 07:00,3.826
10/09/2023 07:30,3.826
10/09/2023 08:00,3.826
10/09/2023 08:30,3.826
10/09/2023 09:00,3.826
10/09/2023 09:30,3.826
10/09/2023 10:00,3.826
10/09/2023 10:30,3.826
10/09/2023 11:00,3.826
10/09/2023 11:30,3.826
10/09/2023 12:00,3.826
10/09/2023 12:30,3.826
10/09/2023 13:00,3.826
10/09/2023 13:30,3.826
10/09/2023 14:00,3.826
10/09/2023 14:30,3.826
10/09/2023 15:00,3.826
10/09/2023 15:30,3.826
10/09/2023 16:00,3.826
10/09/2023 16:30,3.826
10/09/2023 17:00,3.826
10/09/2023 17:30,3.826
10/09/2023 18:00,3.826
10/09/2023 18:30,3.826
10/09/2023 19:00,3.826
10/09/2023 19:30,3.826
10/09/2023 20:00,3.826
10/09/2023 20:30,3.826
10/09/2023 21:00,3.826
10/09/2023 21:30,3.826
10/09/2023 22:00,3.826
10/09/2023 22:30,3.826
10/09/2023 23:00,3.826
10/09/2023 23:30,3.826
10/10/2023 00:00,2.225
10/10/2023 00:30,2.225
10/10/2023 01:00,2.225
10/10/2023 01:30,2.225
10/10/2023 02:00,2.225
10/10/2023 02:30,2.225
10/10/2023 03:00,2.225
10/10/2023 03:30,2.225
10/10/2023 04:00,2.225
10/10/2023 04:30,2.225
10/10/2023 05:00,2.225
10/10/2023 05:30,2.225
10/10/2023 06:00,2.225
10/10/2023 06:30,2.225
10/10/2023 07:00,2.225
10/10/2023 07:30,2.225
10/10/2023 08:00,2.225
10/10/2023 08:30,2.225
10/10/2023 09:00,2.225
10/10/2023 09:30,2.225
10/10/2023 10:00,2.225
10/10/2023 10:30,2.225
10/10/2023 11:00,2.225
10/10/2023 11:30,2.225
10/10/2023 12:00,2.225
10/10/2023 12:30,2.225
10/10/2023 13:00,2.225
10/10/2023 13:30,2.225
10/10/2023 14:00,2.225
10/10/2023 14:30,2.225
10/10/2023 15:00,2.225
10/10/2023 15:30,2.225
10/10/2023 16:00,2.225
10/10/2023 16:30,2.225
10/10/2023 17:00,2.225
10/10/2023 17:30,2.225
10/10/2023 18:00,2.225
10/10/2023 18:30,2.225
10/10/2023 19:00,2.225
10/10/2023 19:30,2.225
10/10/2023 20:00,2.225
10/10/2023 20:30,2.225
10/10/2023 21:00,2.225
10/10/2023 21:30,2.225
10/10/2023 22:00,2.225
10/10/2023 22:30,2.225
10/10/2023 23:00,2.225
10/10/2023 23:30,2.225
10/11/2023 00:00,2.225
10/11/2023 00:30,2.225
10/11/2023 01:00,2.225
10/11/2023 01:30,2.225
10/11/2023 02:00,2.225
10/11/2023 02:30,2.225
10/11/2023 03:00,2.225
10/11/2023 03:30,2.225
10/11/2023 04:00,2.225
10/11/2023 04:30,2.225
10/11/2023 05:00,2.225
10/11/2023 05:30,2.225
10/11/2023 06:00,2.225
10/11/2023 06:30,2.225
10/11/2023 07:00,2.225
10/11/2023 07:30,2.225
10/11/2023 08:00,2.225
10/11/2023 08:30,2.225
10/11/2023 09:00,2.225
10/11/2023 09:30,2.225
10/11/2023 10:00,2.225
10/11/2023 10:30,2.225
10/11/2023 11:00,2.225
10/11/2023 11:30,2.225
10/11/2023 12:00,2.225
10/11/2023 12:30,2.225
10/11/2023 13:00,2.225
10/11/2023 13:30,2.225
10/11/2023 14:00,2.225
10/11/2023 14:30,2.225
10/11/2023 15:00,2.225
10/11/2023 15:30,2.225
10/11/2023 16:00,2.225
10/11/2023 16:30,2.225
10/11/2023 17:00,2.225
10/11/2023 17:30,2.225
10/11/2023 18:00,2.225
10/11/2023 18:30,2.225
10/11/2023 19:00,2.225
10/11/2023 19:30,2.225
10/11/2023 20:00,2.225
10/11/2023 20:30,2.225
10/11/2023 21:00,2.225
10/11/2023 21:30,2.225
10/11/2023 22:00,2.225
10/11/2023 22:30,2.225
10/11/2023 23:00,2.225
10/11/2023 23:30,2.225
10/12/2023 00:00,1.337
10/12/2023 00:30,1.337
10/12/2023 01:00,1.337
10/12/2023 01:30,1.337
10/12/2023 02:00,1.337
10/12/2023 02:30,1.337
10/12/2023 03:00,1.337
10/12/2023 03:30,1.337
10/12/2023 04:00,1.337
10/12/2023 04:30,1.337
10/12/2023 05:00,1.337
10/12/2023 05:30,1.337
10/12/2023 06:00,1.337
10/12/2023 06:30,1.337
10/12/2023 07:00,1.337
10/12/2023 07:30,1.337
10/12/2023 08:00,1.337
10/12/2023 08:30,1.337
10/12/2023 09:00,1.337
10/12/2023 09:30,1.337
10/12/2023 10:00,1.337
10/12/2023 10:30,1.337
10/12/2023 11:00,1.337
10/12/2023 11:30,1.337
10/12/2023 12:00,1.337
10/12/2023 12:30,1.337
10/12/2023 13:00,1.337
10/12/2023 13:30,1.337
10/12/2023 14:00,1.337
10/12/2023 14:30,1.337
10/12/2023 15:00,1.337
10/12/2023 15:30,1.337
10/12/2023 16:00,1.337
10/12/2023 16:30,1.337
10/12/2023 17:00,1.337
10/12/2023 17:30,1.337
10/12/2023 18:00,1.337
10/12/2023 18:30,1.337
10/12/2023 19:00,1.337
10/12/2023 19:30,1.337
10/12/2023 20:00,1.337
10/12/2023 20:30,1.337
10/12/2023 21:00,1.337
10/12/2023 21:30,1.337
10/12/2023 22:00,1.337
10/12/2023 22:30,1.337
10/12/2023 23:00,1.337
10/12/2023 23:30,1.337
10/13/2023 00:00,1.337
10/13/2023 00:30,1.337
10/13/2023 01:00,1.337
10/13/2023 01:30,1.337
10/13/2023 02:00,1.337
10/13/2023 02:30,1.337
10/13/2023 03:00,1.337
10/13/2023 03:30,1.337
10/13/2023 04:00,1.337
10/13/2023 04:30,1.337
10/13/2023 05:00,1.337
10/13/2023 05:30,1.337
10/13/2023 06:00,1.337
10/13/2023 06:30,1.337
10/13/2023 07:00,1.337
10/13/2023 07:30,1.337
10/13/2023 08:00,1.337
10/13/2023 08:30,1.337
10/13/2023 09:00,1.337
10/13/2023 09:30,1.337
10/13/2023 10:00,1.337
10/13/2023 10:30,1.337
10/13/2023 11:00,1.337
10/13/2023 11:30,1.337
10/13/2023 12:00,1.337
10/13/2023 12:30,1.337
10/13/2023 13:00,1.337
10/13/2023 13:30,1.337
10/13/2023 14:00,1.337
10/13/2023 14:30,1.337
10/13/2023 15:00,1.337
10/13/2023 15:30,1.337
10/13/2023 16:00,1.337
10/13/2023 16:30,1.337
10/13/2023 17:00,1.337
10/13/2023 17:30,1.337
10/13/2023 18:00,1.337
10/13/2023 18:30,1.337
10/13/2023 19:00,1.337
10/13/2023 19:30,1.337
10/13/2023 20:00,1.337
10/13/2023 20:30,1.337
10/13/2023 21:00,1.337
10/13/2023 21:30,1.337
10/13/2023 22:00,1.337
10/13/2023 22:30,1.337
10/13/2023 23:00,1.337
10/13/2023 23:30,1.337
10/14/2023 00:00,1.332
10/14/2023 00:30,1.332
10/14/2023 01:00,1.332
10/14/2023 01:30,1.332
10/14/2023 02:00,1.332
10/14/2023 02:30,1.332
10/14/2023 03:00,1.332
10/14/2023 03:30,1.332
10/14/2023 04:00,1.332
10/14/2023 04:30,1.332
10/14/2023 05:00,1.332
10/14/2023 05:30,1.332
10/14/2023 06:00,1.332
10/14/2023 06:30,1.332
10/14/2023 07:00,1.332
10/14/2023 07:30,1.332
10/14/2023 08:00,1.332
10/14/2023 08:30,1.332
10/14/2023 09:00,1.332
10/14/2023 09:30,1.332
10/14/2023 10:00,1.332
10/14/2023 10:30,1.332
10/14/2023 11:00,1.332
10/14/2023 11:30,1.332
10/14/2023 12:00,1.332
10/14/2023 12:30,1.332
10/14/2023 13:00,1.332
10/14/2023 13:30,1.332
10/14/2023 14:00,1.332
10/14/2023 14:30,1.332
10/14/2023 15:00,1.332
10/14/2023 15:30,1.332
10/14/2023 16:00,1.332
10/14/2023 16:30,1.332
10/14/2023 17:00,1.332
10/14/2023 17:30,1.332
10/14/2023 18:00,1.332
10/14/2023 18:30,1.332
10/14/2023 19:00,1.332
10/14/2023 19:30,1.332
10/14/2023 20:00,1.332
10/14/2023 20:30,1.332
10/14/2023 21:00,1.332
10/14/2023 21:30,1.332
10/14/2023 22:00,1.332
10/14/2023 22:30,1.332
10/14/2023 23:00,1.332
10/14/2023 23:30,1.332
10/15/2023 00:00,0.618
10/15/2023 00:30,0.618
10/15/2023 01:00,0.618
10/15/2023 01:30,0.618
10/15/2023 02:00,0.618
10/15/2023 02:30,0.618
10/15/2023 03:00,0.618
10/15/2023 03:30,0.618
10/15/2023 04:00,0.618
10/15/2023 04:30,0.618
10/15/2023 05:00,0.618
10/15/2023 05:30,0.618
10/15/2023 06:00,0.618
10/15/2023 06:30,0.618
10/15/2023 07:00,0.618
10/15/2023 07:30,0.618
10/15/2023 08:00,0.618
10/15/2023 08:30,0.618
10/15/2023 09:00,0.618
10/15/2023 09:30,0.618
10/15/2023 10:00,0.618
10/15/2023 10:30,0.618
10/15/2023 11:00,0.618
10/15/2023 11:30,0.618
10/15/2023 12:00,0.618
10/15/2023 12:30,0.618
10/15/2023 13:00,0.618
10/15/2023 13:30,0.618
10/15/2023 14:00,0.618
10/15/2023 14:30,0.618
10/15/2023 15:00,0.618
10/15/2023 15:30,0.618
10/15/2023 16:00,0.618
10/15/2023 16:30,0.618
10/15/2023 17:00,0.618
10/15/2023 17:30,0.618
10/15/2023 18:00,0.618
10/15/2023 18:30,0.618
10/15/2023 19:00,0.618
10/15/2023 19:30,0.618
10/15/2023 20:00,0.618
10/15/2023 20:30,0.618
10/15/2023 21:00,0.618
10/15/2023 21:30,0.618
10/15/2023 22:00,0.618
10/15/2023 22:30,0.618
10/15/2023 23:00,0.618
10/15/2023 23:30,0.618
10/16/2023 00:00,0.954
10/16/2023 00:30,0.954
10/16/2023 01:00,0.954
10/16/2023 01:30,0.954
10/16/2023 02:00,0.954
10/16/2023 02:30,0.954
10/16/2023 03:00,0.954
10/16/2023 03:30,0.954
10/16/2023 04:00,0.954
10/16/2023 04:30,0.954
10/16/2023 05:00,0.954
10/16/2023 05:30,0.954
10/16/2023 06:00,0.954
10/16/2023 06:30,0.954
10/16/2023 07:00,0.954
10/16/2023 07:30,0.954
10/16/2023 08:00,0.954
10/16/2023 08:30,0.954
10/16/2023 09:00,0.954
10/16/2023 09:30,0.954
10/16/2023 10:00,0.954
10/16/2023 10:30,0.954
10/16/2023 11:00,0.954
10/16/2023 11:30,0.954
10/16/2023 12:00,0.954
10/16/2023 12:30,0.954
10/16/2023 13:00,0.954
10/16/2023 13:30,0.954
10/16/2023 14:00,0.954
10/16/2023 14:30,0.954
10/16/2023 15:00,0.954
10/16/2023 15:30,0.954
10/16/2023 16:00,0.954
10/16/2023 16:30,0.954
10/16/2023 17:00,0.954
10/16/2023 17:30,0.954
10/16/2023 18:00,0.954
10/16/2023 18:30,0.954
10/16/2023 19:00,0.954
10/16/2023 19:30,0.954
10/16/2023 20:00,0.954
10/16/2023 20:30,0.954
10/16/2023 21:00,0.954
10/16/2023 21:30,0.954
10/16/2023 22:00,0.954
10/16/2023 22:30,0.954
10/16/2023 23:00,0.954
10/16/2023 23:30,0.954
10/17/2023 00:00,0.954
10/17/2023 00:30,0.954
10/17/2023 01:00,0.954
10/17/2023 01:30,0.954
10/17/2023 02:00,0.954
10/17/2023 02:30,0.954
10/17/2023 03:00,0.954
10/17/2023 03:30,0.954
10/17/2023 04:00,0.954
10/17/2023 04:30,0.954
10/17/2023 05:00,0.954
10/17/2023 05:30,0.954
10/17/2023 06:00,0.954
10/17/2023 06:30,0.954
10/17/2023 07:00,0.954
10/17/2023 07:30,0.954
10/17/2023 08:00,0.954
10/17/2023 08:30,0.954
10/17/2023 09:00,0.954
10/17/2023 09:30,0.954
10/17/2023 10:00,0.954
10/17/2023 10:30,0.954
10/17/2023 11:00,0.954
10/17/2023 11:30,0.954
10/17/2023 12:00,0.954
10/17/2023 12:30,0.954
10/17/2023 13:00,0.954
10/17/2023 13:30,0.954
10/17/2023 14:00,0.954
10/17/2023 14:30,0.954
10/17/2023 15:00,0.954
10/17/2023 15:30,0.954
10/17/2023 16:00,0.954
10/17/2023 16:30,0.954
10/17/2023 17:00,0.954
10/17/2023 17:30,0.954
10/17/2023 18:00,0.954
10/17/2023 18:30,0.954
10/17/2023 19:00,0.954
10/17/2023 19:30,0.954
10/17/2023 20:00,0.954
10/17/2023 20:30,0.954
10/17/2023 21:00,0.954
10/17/2023 21:30,0.954
10/17/2023 22:00,0.954
10/17/2023 22:30,0.954
10/17/2023 23:00,0.954
10/17/2023 23:30,0.954
10/18/2023 00:00,0.618
10/18/2023 00:30,0.618
10/18/2023 01:00,0.618
10/18/2023 01:30,0.618
10/18/2023 02:00,0.618
10/18/2023 02:30,0.618
10/18/2023 03:00,0.618
10/18/2023 03:30,0.618
10/18/2023 04:00,0.618
10/18/2023 04:30,0.618
10/18/2023 05:00,0.618
10/18/2023 05:30,0.618
10/18/2023 06:00,0.618
10/18/2023 06:30,0.618
10/18/2023 07:00,0.618
10/18/2023 07:30,0.618
10/18/2023 08:00,0.618
10/18/2023 08:30,0.618
10/18/2023 09:00,0.618
10/18/2023 09:30,0.618
10/18/2023 10:00,0.618
10/18/2023 10:30,0.618
10/18/2023 11:00,0.618
10/18/2023 11:30,0.618
10/18/2023 12:00,0.618
10/18/2023 12:30,0.618
10/18/2023 13:00,0.618
10/18/2023 13:30,0.618
10/18/2023 14:00,0.618
10/18/2023 14:30,0.618
10/18/2023 15:00,0.618
10/18/2023 15:30,0.618
10/18/2023 16:00,0.618
10/18/2023 16:30,0.618
10/18/2023 17:00,0.618
10/18/2023 17:30,0.618
10/18/2023 18:00,0.618
10/18/2023 18:30,0.618
10/18/2023 19:00,0.618
10/18/2023 19:30,0.618
10/18/2023 20:00,0.618
10/18/2023 20:30,0.618
10/18/2023 21:00,0.618
10/18/2023 21:30,0.618
10/18/2023 22:00,0.618
10/18/2023 22:30,0.618
10/18/2023 23:00,0.618
10/18/2023 23:30,0.618
10/19/2023 00:00,0.618
10/19/2023 00:30,0.618
10/19/2023 01:00,0.618
10/19/2023 01:30,0.618
10/19/2023 02:00,0.618
10/19/2023 02:30,0.618
10/19/2023 03:00,0.618
10/19/2023 03:30,0.618
10/19/2023 04:00,0.618
10/19/2023 04:30,0.618
10/19/2023 05:00,0.618
10/19/2023 05:30,0.618
10/19/2023 06:00,0.618
10/19/2023 06:30,0.618
10/19/2023 07:00,0.618
10/19/2023 07:30,0.618
10/19/2023 08:00,0.618
10/19/2023 08:30,0.618
10/19/2023 09:00,0.618
10/19/2023 09:30,0.618
10/19/2023 10:00,0.618
10/19/2023 10:30,0.618
10/19/2023 11:00,0.618
10/19/2023 11:30,0.618
10/19/2023 12:00,0.618
10/19/2023 12:30,0.618
10/19/2023 13:00,0.618
10/19/2023 13:30,0.618
10/19/2023 14:00,0.618
10/19/2023 14:30,0.618
10/19/2023 15:00,0.618
10/19/2023 15:30,0.618
10/19/2023 16:00,0.618
10/19/2023 16:30,0.618
10/19/2023 17:00,0.618
10/19/2023 17:30,0.618
10/19/2023 18:00,0.618
10/19/2023 18:30,0.618
10/19/2023 19:00,0.618
10/19/2023 19:30,0.618
10/19/2023 20:00,0.618
10/19/2023 20:30,0.618
10/19/2023 21:00,0.618
10/19/2023 21:30,0.618
10/19/2023 22:00,0.618
10/19/2023 22:30,0.618
10/19/2023 23:00,0.618
10/19/2023 23:30,0.618
10/20/2023 00:00,0.954
10/20/2023 00:30,0.954
10/20/2023 01:00,0.954
10/20/2023 01:30,0.954
10/20/2023 02:00,0.954
10/20/2023 02:30,0.954
10/20/2023 03:00,0.954
10/20/2023 03:30,0.954
10/20/2023 04:00,0.954
10/20/2023 04:30,0.954
10/20/2023 05:00,0.954
10/20/2023 05:30,0.954
10/20/2023 06:00,0.954
10/20/2023 06:30,0.954
10/20/2023 07:00,0.954
10/20/2023 07:30,0.954
10/20/2023 08:00,0.954
10/20/2023 08:30,0.954
10/20/2023 09:00,0.954
10/20/2023 09:30,0.954
10/20/2023 10:00,0.954
10/20/2023 10:30,0.954
10/20/2023 11:00,0.954
10/20/2023 11:30,0.954
10/20/2023 12:00,0.954
10/20/2023 12:30,0.954
10/20/2023 13:00,0.954
10/20/2023 13:30,0.954
10/20/2023 14:00,0.954
10/20/2023 14:30,0.954
10/20/2023 15:00,0.954
10/20/2023 15:30,0.954
10/20/2023 16:00,0.954
10/20/2023 16:30,0.954
10/20/2023 17:00,0.954
10/20/2023 17:30,0.954
10/20/2023 18:00,0.954
10/20/2023 18:30,0.954
10/20/2023 19:00,0.954
10/20/2023 19:30,0.954
10/20/2023 20:00,0.954
10/20/2023 20:30,0.954
10/20/2023 21:00,0.954
10/20/2023 21:30,0.954
10/20/2023 22:00,0.954
10/20/2023 22:30,0.954
10/20/2023 23:00,0.954
10/20/2023 23:30,0.954
10/21/2023 00:00,0.954
10/21/2023 00:30,0.954
10/21/2023 01:00,0.954
10/21/2023 01:30,0.954
10/21/2023 02:00,0.954
10/21/2023 02:30,0.954
10/21/2023 03:00,0.954
10/21/2023 03:30,0.954
10/21/2023 04:00,0.954
10/21/2023 04:30,0.954
10/21/2023 05:00,0.954
10/21/2023 05:30,0.954
10/21/2023 06:00,0.954
10/21/2023 06:30,0.954
10/21/2023 07:00,0.954
10/21/2023 07:30,0.954
10/21/2023 08:00,0.954
10/21/2023 08:30,0.954
10/21/2023 09:00,0.954
10/21/2023 09:30,0.954
10/21/2023 10:00,0.954
10/21/2023 10:30,0.954
10/21/2023 11:00,0.954
10/21/2023 11:30,0.954
10/21/2023 12:00,0.954
10/21/2023 12:30,0.954
10/21/2023 13:00,0.954
10/21/2023 13:30,0.954
10/21/2023 14:00,0.954
10/21/2023 14:30,0.954
10/21/2023 15:00,0.954
10/21/2023 15:30,0.954
10/21/2023 16:00,0.954
10/21/2023 16:30,0.954
10/21/2023 17:00,0.954
10/21/2023 17:30,0.954
10/21/2023 18:00,0.954
10/21/2023 18:30,0.954
10/21/2023 19:00,0.954
10/21/2023 19:30,0.954
10/21/2023 20:00,0.954
10/21/2023 20:30,0.954
10/21/2023 21:00,0.954
10/21/2023 21:30,0.954
10/21/2023 22:00,0.954
10/21/2023 22:30,0.954
10/21/2023 23:00,0.954
10/21/2023 23:30,0.954
10/22/2023 00:00,0.954
10/22/2023 00:30,0.954
10/22/2023 01:00,0.954
10/22/2023 01:30,0.954
10/22/2023 02:00,0.954
10/22/2023 02:30,0.954
10/22/2023 03:00,0.954
10/22/2023 03:30,0.954
10/22/2023 04:00,0.954
10/22/2023 04:30,0.954
10/22/2023 05:00,0.954
10/22/2023 05:30,0.954
10/22/2023 06:00,0.954
10/22/2023 06:30,0.954
10/22/2023 07:00,0.954
10/22/2023 07:30,0.954
10/22/2023 08:00,0.954
10/22/2023 08:30,0.954
10/22/2023 09:00,0.954
10/22/2023 09:30,0.954
10/22/2023 10:00,0.954
10/22/2023 10:30,0.954
10/22/2023 11:00,0.954
10/22/2023 11:30,0.954
10/22/2023 12:00,0.954
10/22/2023 12:30,0.954
10/22/2023 13:00,0.954
10/22/2023 13:30,0.954
10/22/2023 14:00,0.954
10/22/2023 14:30,0.954
10/22/2023 15:00,0.954
10/22/2023 15:30,0.954
10/22/2023 16:00,0.954
10/22/2023 16:30,0.954
10/22/2023 17:00,0.954
10/22/2023 17:30,0.954
10/22/2023 18:00,0.954
10/22/2023 18:30,0.954
10/22/2023 19:00,0.954
10/22/2023 19:30,0.954
10/22/2023 20:00,0.954
10/22/2023 20:30,0.954
10/22/2023 21:00,0.954
10/22/2023 21:30,0.954
10/22/2023 22:00,0.954
10/22/2023 22:30,0.954
10/22/2023 23:00,0.954
10/22/2023 23:30,0.954
10/23/2023 00:00,0.954
10/23/2023 00:30,0.954
10/23/2023 01:00,0.954
10/23/2023 01:30,0.954
10/23/2023 02:00,0.954
10/23/2023 02:30,0.954
10/23/2023 03:00,0.954
10/23/2023 03:30,0.954
10/23/2023 04:00,0.954
10/23/2023 04:30,0.954
10/23/2023 05:00,0.954
10/23/2023 05:30,0.954
10/23/2023 06:00,0.954
10/23/2023 06:30,0.954
10/23/2023 07:00,0.954
10/23/2023 07:30,0.954
10/23/2023 08:00,0.954
10/23/2023 08:30,0.954
10/23/2023 09:00,0.954
10/23/2023 09:30,0.954
10/23/2023 10:00,0.954
10/23/2023 10:30,0.954
10/23/2023 11:00,0.954
10/23/2023 11:30,0.954
10/23/2023 12:00,0.954
10/23/2023 12:30,0.954
10/23/2023 13:00,0.954
10/23/2023 13:30,0.954
10/23/2023 14:00,0.954
10/23/2023 14:30,0.954
10/23/2023 15:00,0.954
10/23/2023 15:30,0.954
10/23/2023 16:00,0.954
10/23/2023 16:30,0.954
10/23/2023 17:00,0.954
10/23/2023 17:30,0.954
10/23/2023 18:00,0.954
10/23/2023 18:30,0.954
10/23/2023 19:00,0.954
10/23/2023 19:30,0.954
10/23/2023 20:00,0.954
10/23/2023 20:30,0.954
10/23/2023 21:00,0.954
10/23/2023 21:30,0.954
10/23/2023 22:00,0.954
10/23/2023 22:30,0.954
10/23/2023 23:00,0.954
10/23/2023 23:30,0.954
10/24/2023 00:00,0.618
10/24/2023 00:30,0.618
10/24/2023 01:00,0.618
10/24/2023 01:30,0.618
10/24/2023 02:00,0.618
10/24/2023 02:30,0.618
10/24/2023 03:00,0.618
10/24/2023 03:30,0.618
10/24/2023 04:00,0.618
10/24/2023 04:30,0.618
10/24/2023 05:00,0.618
10/24/2023 05:30,0.618
10/24/2023 06:00,0.618
10/24/2023 06:30,0.618
10/24/2023 07:00,0.618
10/24/2023 07:30,0.618
10/24/2023 08:00,0.618
10/24/2023 08:30,0.618
10/24/2023 09:00,0.618
10/24/2023 09:30,0.618
10/24/2023 10:00,0.618
10/24/2023 10:30,0.618
10/24/2023 11:00,0.618
10/24/2023 11:30,0.618
10/24/2023 12:00,0.618
10/24/2023 12:30,0.618
10/24/2023 13:00,0.618
10/24/2023 13:30,0.618
10/24/2023 14:00,0.618
10/24/2023 14:30,0.618
10/24/2023 15:00,0.618
10/24/2023 15:30,0.618
10/24/2023 16:00,0.618
10/24/2023 16:30,0.618
10/24/2023 17:00,0.618
10/24/2023 17:30,0.618
10/24/2023 18:00,0.618
10/24/2023 18:30,0.618
10/24/2023 19:00,0.618
10/24/2023 19:30,0.618
10/24/2023 20:00,0.618
10/24/2023 20:30,0.618
10/24/2023 21:00,0.618
10/24/2023 21:30,0.618
10/24/2023 22:00,0.618
10/24/2023 22:30,0.618
10/24/2023 23:00,0.618
10/24/2023 23:30,0.618
10/25/2023 00:00,0.954
10/25/2023 00:30,0.954
10/25/2023 01:00,0.954
10/25/2023 01:30,0.954
10/25/2023 02:00,0.954
10/25/2023 02:30,0.954
10/25/2023 03:00,0.954
10/25/2023 03:30,0.954
10/25/2023 04:00,0.954
10/25/2023 04:30,0.954
10/25/2023 05:00,0.954
10/25/2023 05:30,0.954
10/25/2023 06:00,0.954
10/25/2023 06:30,0.954
10/25/2023 07:00,0.954
10/25/2023 07:30,0.954
10/25/2023 08:00,0.954
10/25/2023 08:30,0.954
10/25/2023 09:00,0.954
10/25/2023 09:30,0.954
10/25/2023 10:00,0.954
10/25/2023 10:30,0.954
10/25/2023 11:00,0.954
10/25/2023 11:30,0.954
10/25/2023 12:00,0.954
10/25/2023 12:30,0.954
10/25/2023 13:00,0.954
10/25/2023 13:30,0.954
10/25/2023 14:00,0.954
10/25/2023 14:30,0.954
10/25/2023 15:00,0.954
10/25/2023 15:30,0.954
10/25/2023 16:00,0.954
10/25/2023 16:30,0.954
10/25/2023 17:00,0.954
10/25/2023 17:30,0.954
10/25/2023 18:00,0.954
10/25/2023 18:30,0.954
10/25/2023 19:00,0.954
10/25/2023 19:30,0.954
10/25/2023 20:00,0.954
10/25/2023 20:30,0.954
10/25/2023 21:00,0.954
10/25/2023 21:30,0.954
10/25/2023 22:00,0.954
10/25/2023 22:30,0.954
10/25/2023 23:00,0.954
10/25/2023 23:30,0.954
10/26/2023 00:00,0.954
10/26/2023 00:30,0.954
10/26/2023 01:00,0.954
10/26/2023 01:30,0.954
10/26/2023 02:00,0.954
10/26/2023 02:30,0.954
10/26/2023 03:00,0.954
10/26/2023 03:30,0.954
10/26/2023 04:00,0.954
10/26/2023 04:30,0.954
10/26/2023 05:00,0.954
10/26/2023 05:30,0.954
10/26/2023 06:00,0.954
10/26/2023 06:30,0.954
10/26/2023 07:00,0.954
10/26/2023 07:30,0.954
10/26/2023 08:00,0.954
10/26/2023 08:30,0.954
10/26/2023 09:00,0.954
10/26/2023 09:30,0.954
10/26/2023 10:00,0.954
10/26/2023 10:30,0.954
10/26/2023 11:00,0.954
10/26/2023 11:30,0.954
10/26/2023 12:00,0.954
10/26/2023 12:30,0.954
10/26/2023 13:00,0.954
10/26/2023 13:30,0.954
10/26/2023 14:00,0.954
10/26/2023 14:30,0.954
10/26/2023 15:00,0.954
10/26/2023 15:30,0.954
10/26/2023 16:00,0.954
10/26/2023 16:30,0.954
10/26/2023 17:00,0.954
10/26/2023 17:30,0.954
10/26/2023 18:00,0.954
10/26/2023 18:30,0.954
10/26/2023 19:00,0.954
10/26/2023 19:30,0.954
10/26/2023 20:00,0.954
10/26/2023 20:30,0.954
10/26/2023 21:00,0.954
10/26/2023 21:30,0.954
10/26/2023 22:00,0.954
10/26/2023 22:30,0.954
10/26/2023 23:00,0.954
10/26/2023 23:30,0.954
10/27/2023 00:00,0.954
10/27/2023 00:30,0.954
10/27/2023 01:00,0.954
10/27/2023 01:30,0.954
10/27/2023 02:00,0.954
10/27/2023 02:30,0.954
10/27/2023 03:00,0.954
10/27/2023 03:30,0.954
10/27/2023 04:00,0.954
10/27/2023 04:30,0.954
10/27/2023 05:00,0.954
10/27/2023 05:30,0.954
10/27/2023 06:00,0.954
10/27/2023 06:30,0.954
10/27/2023 07:00,0.954
10/27/2023 07:30,0.954
10/27/2023 08:00,0.954
10/27/2023 08:30,0.954
10/27/2023 09:00,0.954
10/27/2023 09:30,0.954
10/27/2023 10:00,0.954
10/27/2023 10:30,0.954
10/27/2023 11:00,0.954
10/27/2023 11:30,0.954
10/27/2023 12:00,0.954
10/27/2023 12:30,0.954
10/27/2023 13:00,0.954
10/27/2023 13:30,0.954
10/27/2023 14:00,0.954
10/27/2023 14:30,0.954
10/27/2023 15:00,0.954
10/27/2023 15:30,0.954
10/27/2023 16:00,0.954
10/27/2023 16:30,0.954
10/27/2023 17:00,0.954
10/27/2023 17:30,0.954
10/27/2023 18:00,0.954
10/27/2023 18:30,0.954
10/27/2023 19:00,0.954
10/27/2023 19:30,0.954
10/27/2023 20:00,0.954
10/27/2023 20:30,0.954
10/27/2023 21:00,0.954
10/27/2023 21:30,0.954
10/27/2023 22:00,0.954
10/27/2023 22:30,0.954
10/27/2023 23:00,0.954
10/27/2023 23:30,0.954
10/28/2023 00:00,0.618
10/28/2023 00:30,0.618
10/28/2023 01:00,0.618
10/28/2023 01:30,0.618
10/28/2023 02:00,0.618
10/28/2023 02:30,0.618
10/28/2023 03:00,0.618
10/28/2023 03:30,0.618
10/28/2023 04:00,0.618
10/28/2023 04:30,0.618
10/28/2023 05:00,0.618
10/28/2023 05:30,0.618
10/28/2023 06:00,0.618
10/28/2023 06:30,0.618
10/28/2023 07:00,0.618
10/28/2023 07:30,0.618
10/28/2023 08:00,0.618
10/28/2023 08:30,0.618
10/28/2023 09:00,0.618
10/28/2023 09:30,0.618
10/28/2023 10:00,0.618
10/28/2023 10:30,0.618
10/28/2023 11:00,0.618
10/28/2023 11:30,0.618
10/28/2023 12:00,0.618
10/28/2023 12:30,0.618
10/28/2023 13:00,0.618
10/28/2023 13:30,0.618
10/28/2023 14:00,0.618
10/28/2023 14:30,0.618
10/28/2023 15:00,0.618
10/28/2023 15:30,0.618
10/28/2023 16:00,0.618
10/28/2023 16:30,0.618
10/28/2023 17:00,0.618
10/28/2023 17:30,0.618
10/28/2023 18:00,0.618
10/28/2023 18:30,0.618
10/28/2023 19:00,0.618
10/28/2023 19:30,0.618
10/28/2023 20:00,0.618
10/28/2023 20:30,0.618
10/28/2023 21:00,0.618
10/28/2023 21:30,0.618
10/28/2023 22:00,0.618
10/28/2023 22:30,0.618
10/28/2023 23:00,0.618
10/28/2023 23:30,0.618
10/29/2023 00:00,0.954
10/29/2023 00:30,0.954
10/29/2023 01:00,0.954
10/29/2023 01:30,0.954
10/29/2023 02:00,0.954
10/29/2023 02:30,0.954
10/29/2023 03:00,0.954
10/29/2023 03:30,0.954
10/29/2023 04:00,0.954
10/29/2023 04:30,0.954
10/29/2023 05:00,0.954
10/29/2023 05:30,0.954
10/29/2023 06:00,0.954
10/29/2023 06:30,0.954
10/29/2023 07:00,0.954
10/29/2023 07:30,0.954
10/29/2023 08:00,0.954
10/29/2023 08:30,0.954
10/29/2023 09:00,0.954
10/29/2023 09:30,0.954
10/29/2023 10:00,0.954
10/29/2023 10:30,0.954
10/29/2023 11:00,0.954
10/29/2023 11:30,0.954
10/29/2023 12:00,0.954
10/29/2023 12:30,0.954
10/29/2023 13:00,0.954
10/29/2023 13:30,0.954
10/29/2023 14:00,0.954
10/29/2023 14:30,0.954
10/29/2023 15:00,0.954
10/29/2023 15:30,0.954
10/29/2023 16:00,0.954
10/29/2023 16:30,0.954
10/29/2023 17:00,0.954
10/29/2023 17:30,0.954
10/29/2023 18:00,0.954
10/29/2023 18:30,0.954
10/29/2023 19:00,0.954
10/29/2023 19:30,0.954
10/29/2023 20:00,0.954
10/29/2023 20:30,0.954
10/29/2023 21:00,0.954
10/29/2023 21:30,0.954
10/29/2023 22:00,0.954
10/29/2023 22:30,0.954
10/29/2023 23:00,0.954
10/29/2023 23:30,0.954
10/30/2023 00:00,0.954
10/30/2023 00:30,0.954
10/30/2023 01:00,0.954
10/30/2023 01:30,0.954
10/30/2023 02:00,0.954
10/30/2023 02:30,0.954
10/30/2023 03:00,0.954
10/30/2023 03:30,0.954
10/30/2023 04:00,0.954
10/30/2023 04:30,0.954
10/30/2023 05:00,0.954
10/30/2023 05:30,0.954
10/30/2023 06:00,0.954
10/30/2023 06:30,0.954
10/30/2023 07:00,0.954
10/30/2023 07:30,0.954
10/30/2023 08:00,0.954
10/30/2023 08:30,0.954
10/30/2023 09:00,0.954
10/30/2023 09:30,0.954
10/30/2023 10:00,0.954
10/30/2023 10:30,0.954
10/30/2023 11:00,0.954
10/30/2023 11:30,0.954
10/30/2023 12:00,0.954
10/30/2023 12:30,0.954
10/30/2023 13:00,0.954
10/30/2023 13:30,0.954
10/30/2023 14:00,0.954
10/30/2023 14:30,0.954
10/30/2023 15:00,0.954
10/30/2023 15:30,0.954
10/30/2023 16:00,0.954
10/30/2023 16:30,0.954
10/30/2023 17:00,0.954
10/30/2023 17:30,0.954
10/30/2023 18:00,0.954
10/30/2023 18:30,0.954
10/30/2023 19:00,0.954
10/30/2023 19:30,0.954
10/30/2023 20:00,0.954
10/30/2023 20:30,0.954
10/30/2023 21:00,0.954
10/30/2023 21:30,0.954
10/30/2023 22:00,0.954
10/30/2023 22:30,0.954
10/30/2023 23:00,0.954
10/30/2023 23:30,0.954
10/31/2023 00:00,0.618
10/31/2023 00:30,0.618
10/31/2023 01:00,0.618
10/31/2023 01:30,0.618
10/31/2023 02:00,0.618
10/31/2023 02:30,0.618
10/31/2023 03:00,0.618
10/31/2023 03:30,0.618
10/31/2023 04:00,0.618
10/31/2023 04:30,0.618
10/31/2023 05:00,0.618
10/31/2023 05:30,0.618
10/31/2023 06:00,0.618
10/31/2023 06:30,0.618
10/31/2023 07:00,0.618
10/31/2023 07:30,0.618
10/31/2023 08:00,0.618
10/31/2023 08:30,0.618
10/31/2023 09:00,0.618
10/31/2023 09:30,0.618
10/31/2023 10:00,0.618
10/31/2023 10:30,0.618
10/31/2023 11:00,0.618
10/31/2023 11:30,0.618
10/31/2023 12:00,0.618
10/31/2023 12:30,0.618
10/31/2023 13:00,0.618
10/31/2023 13:30,0.618
10/31/2023 14:00,0.618
10/31/2023 14:30,0.618
10/31/2023 15:00,0.618
10/31/2023 15:30,0.618
10/31/2023 16:00,0.618
10/31/2023 16:30,0.618
10/31/2023 17:00,0.618
10/31/2023 17:30,0.618
10/31/2023 18:00,0.618
10/31/2023 18:30,0.618
10/31/2023 19:00,0.618
10/31/2023 19:30,0.618
10/31/2023 20:00,0.618
10/31/2023 20:30,0.618
10/31/2023 21:00,0.618
10/31/2023 21:30,0.618
10/31/2023 22:00,0.618
10/31/2023 22:30,0.618
10/31/2023 23:00,0.618
10/31/2023 23:30,0.618
11/01/2023 00:00,0.618
11/01/2023 00:30,0.618
11/01/2023 01:00,0.618
11/01/2023 01:30,0.618
11/01/2023 02:00,0.618
11/01/2023 02:30,0.618
11/01/2023 03:00,0.618
11/01/2023 03:30,0.618
11/01/2023 04:00,0.618
11/01/2023 04:30,0.618
11/01/2023 05:00,0.618
11/01/2023 05:30,0.618
11/01/2023 06:00,0.618
11/01/2023 06:30,0.618
11/01/2023 07:00,0.618
11/01/2023 07:30,0.618
11/01/2023 08:00,0.618
11/01/2023 08:30,0.618
11/01/2023 09:00,0.618
11/01/2023 09:30,0.618
11/01/2023 10:00,0.618
11/01/2023 10:30,0.618
11/01/2023 11:00,0.618
11/01/2023 11:30,0.618
11/01/2023 12:00,0.618
11/01/2023 12:30,0.618
11/01/2023 13:00,0.618
11/01/2023 13:30,0.618
11/01/2023 14:00,0.618
11/01/2023 14:30,0.618
11/01/2023 15:00,0.618
11/01/2023 15:30,0.618
11/01/2023 16:00,0.618
11/01/2023 16:30,0.618
11/01/2023 17:00,0.618
11/01/2023 17:30,0.618
11/01/2023 18:00,0.618
11/01/2023 18:30,0.618
11/01/2023 19:00,0.618
11/01/2023 19:30,0.618
11/01/2023 20:00,0.618
11/01/2023 20:30,0.618
11/01/2023 21:00,0.618
11/01/2023 21:30,0.618
11/01/2023 22:00,0.618
11/01/2023 22:30,0.618
11/01/2023 23:00,0.618
11/01/2023 23:30,0.618
11/02/2023 00:00,0.618
11/02/2023 00:30,0.618
11/02/2023 01:00,0.618
11/02/2023 01:30,0.618
11/02/2023 02:00,0.618
11/02/2023 02:30,0.618
11/02/2023 03:00,0.618
11/02/2023 03:30,0.618
11/02/2023 04:00,0.618
11/02/2023 04:30,0.618
11/02/2023 05:00,0.618
11/02/2023 05:30,0.618
11/02/2023 06:00,0.618
11/02/2023 06:30,0.618
11/02/2023 07:00,0.618
11/02/2023 07:30,0.618
11/02/2023 08:00,0.618
11/02/2023 08:30,0.618
11/02/2023 09:00,0.618
11/02/2023 09:30,0.618
11/02/2023 10:00,0.618
11/02/2023 10:30,0.618
11/02/2023 11:00,0.618
11/02/2023 11:30,0.618
11/02/2023 12:00,0.618
11/02/2023 12:30,0.618
11/02/2023 13:00,0.618
11/02/2023 13:30,0.618
11/02/2023 14:00,0.618
11/02/2023 14:30,0.618
11/02/2023 15:00,0.618
11/02/2023 15:30,0.618
11/02/2023 16:00,0.618
11/02/2023 16:30,0.618
11/02/2023 17:00,0.618
11/02/2023 17:30,0.618
11/02/2023 18:00,0.618
11/02/2023 18:30,0.618
11/02/2023 19:00,0.618
11/02/2023 19:30,0.618
11/02/2023 20:00,0.618
11/02/2023 20:30,0.618
11/02/2023 21:00,0.618
11/02/2023 21:30,0.618
11/02/2023 22:00,0.618
11/02/2023 22:30,0.618
11/02/2023 23:00,0.618
11/02/2023 23:30,0.618
11/03/2023 00:00,0.954
11/03/2023 00:30,0.954
11/03/2023 01:00,0.954
11/03/2023 01:30,0.954
11/03/2023 02:00,0.954
11/03/2023 02:30,0.954
11/03/2023 03:00,0.954
11/03/2023 03:30,0.954
11/03/2023 04:00,0.954
11/03/2023 04:30,0.954
11/03/2023 05:00,0.954
11/03/2023 05:30,0.954
11/03/2023 06:00,0.954
11/03/2023 06:30,0.954
11/03/2023 07:00,0.954
11/03/2023 07:30,0.954
11/03/2023 08:00,0.954
11/03/2023 08:30,0.954
11/03/2023 09:00,0.954
11/03/2023 09:30,0.954
11/03/2023 10:00,0.954
11/03/2023 10:30,0.954
11/03/2023 11:00,0.954
11/03/2023 11:30,0.954
11/03/2023 12:00,0.954
11/03/2023 12:30,0.954
11/03/2023 13:00,0.954
11/03/2023 13:30,0.954
11/03/2023 14:00,0.954
11/03/2023 14:30,0.954
11/03/2023 15:00,0.954
11/03/2023 15:30,0.954
11/03/2023 16:00,0.954
11/03/2023 16:30,0.954
11/03/2023 17:00,0.954
11/03/2023 17:30,0.954
11/03/2023 18:00,0.954
11/03/2023 18:30,0.954
11/03/2023 19:00,0.954
11/03/2023 19:30,0.954
11/03/2023 20:00,0.954
11/03/2023 20:30,0.954
11/03/2023 21:00,0.954
11/03/2023 21:30,0.954
11/03/2023 22:00,0.954
11/03/2023 22:30,0.954
11/03/2023 23:00,0.954
11/03/2023 23:30,0.954
11/04/2023 00:00,1.337
11/04/2023 00:30,1.337
11/04/2023 01:00,1.337
11/04/2023 01:30,1.337
11/04/2023 02:00,1.337
11/04/2023 02:30,1.337
11/04/2023 03:00,1.337
11/04/2023 03:30,1.337
11/04/2023 04:00,1.337
11/04/2023 04:30,1.337
11/04/2023 05:00,1.337
11/04/2023 05:30,1.337
11/04/2023 06:00,1.337
11/04/2023 06:30,1.337
11/04/2023 07:00,1.337
11/04/2023 07:30,1.337
11/04/2023 08:00,1.337
11/04/2023 08:30,1.337
11/04/2023 09:00,1.337
11/04/2023 09:30,1.337
11/04/2023 10:00,1.337
11/04/2023 10:30,1.337
11/04/2023 11:00,1.337
11/04/2023 11:30,1.337
11/04/2023 12:00,1.337
11/04/2023 12:30,1.337
11/04/2023 13:00,1.337
11/04/2023 13:30,1.337
11/04/2023 14:00,1.337
11/04/2023 14:30,1.337
11/04/2023 15:00,1.337
11/04/2023 15:30,1.337
11/04/2023 16:00,1.337
11/04/2023 16:30,1.337
11/04/2023 17:00,1.337
11/04/2023 17:30,1.337
11/04/2023 18:00,1.337
11/04/2023 18:30,1.337
11/04/2023 19:00,1.337
11/04/2023 19:30,1.337
11/04/2023 20:00,1.337
11/04/2023 20:30,1.337
11/04/2023 21:00,1.337
11/04/2023 21:30,1.337
11/04/2023 22:00,1.337
11/04/2023 22:30,1.337
11/04/2023 23:00,1.337
11/04/2023 23:30,1.337
11/05/2023 00:00,0.954
11/05/2023 00:30,0.954
11/05/2023 01:00,0.954
11/05/2023 01:30,0.954
11/05/2023 02:00,0.954
11/05/2023 02:30,0.954
11/05/2023 03:00,0.954
11/05/2023 03:30,0.954
11/05/2023 04:00,0.954
11/05/2023 04:30,0.954
11/05/2023 05:00,0.954
11/05/2023 05:30,0.954
11/05/2023 06:00,0.954
11/05/2023 06:30,0.954
11/05/2023 07:00,0.954
11/05/2023 07:30,0.954
11/05/2023 08:00,0.954
11/05/2023 08:30,0.954
11/05/2023 09:00,0.954
11/05/2023 09:30,0.954
11/05/2023 10:00,0.954
11/05/2023 10:30,0.954
11/05/2023 11:00,0.954
11/05/2023 11:30,0.954
11/05/2023 12:00,0.954
11/05/2023 12:30,0.954
11/05/2023 13:00,0.954
11/05/2023 13:30,0.954
11/05/2023 14:00,0.954
11/05/2023 14:30,0.954
11/05/2023 15:00,0.954
11/05/2023 15:30,0.954
11/05/2023 16:00,0.954
11/05/2023 16:30,0.954
11/05/2023 17:00,0.954
11/05/2023 17:30,0.954
11/05/2023 18:00,0.954
11/05/2023 18:30,0.954
11/05/2023 19:00,0.954
11/05/2023 19:30,0.954
11/05/2023 20:00,0.954
11/05/2023 20:30,0.954
11/05/2023 21:00,0.954
11/05/2023 21:30,0.954
11/05/2023 22:00,0.954
11/05/2023 22:30,0.954
11/05/2023 23:00,0.954
11/05/2023 23:30,0.954
11/06/2023 00:00,0.954
11/06/2023 00:30,0.954
11/06/2023 01:00,0.954
11/06/2023 01:30,0.954
11/06/2023 02:00,0.954
11/06/2023 02:30,0.954
11/06/2023 03:00,0.954
11/06/2023 03:30,0.954
11/06/2023 04:00,0.954
11/06/2023 04:30,0.954
11/06/2023 05:00,0.954
11/06/2023 05:30,0.954
11/06/2023 06:00,0.954
11/06/2023 06:30,0.954
11/06/2023 07:00,0.954
11/06/2023 07:30,0.954
11/06/2023 08:00,0.954
11/06/2023 08:30,0.954
11/06/2023 09:00,0.954
11/06/2023 09:30,0.954
11/06/2023 10:00,0.954
11/06/2023 10:30,0.954
11/06/2023 11:00,0.954
11/06/2023 11:30,0.954
11/06/2023 12:00,0.954
11/06/2023 12:30,0.954
11/06/2023 13:00,0.954
11/06/2023 13:30,0.954
11/06/2023 14:00,0.954
11/06/2023 14:30,0.954
11/06/2023 15:00,0.954
11/06/2023 15:30,0.954
11/06/2023 16:00,0.954
11/06/2023 16:30,0.954
11/06/2023 17:00,0.954
11/06/2023 17:30,0.954
11/06/2023 18:00,0.954
11/06/2023 18:30,0.954
11/06/2023 19:00,0.954
11/06/2023 19:30,0.954
11/06/2023 20:00,0.954
11/06/2023 20:30,0.954
11/06/2023 21:00,0.954
11/06/2023 21:30,0.954
11/06/2023 22:00,0.954
11/06/2023 22:30,0.954
11/06/2023 23:00,0.954
11/06/2023 23:30,0.954
11/07/2023 00:00,0.954
11/07/2023 00:30,0.954
11/07/2023 01:00,0.954
11/07/2023 01:30,0.954
11/07/2023 02:00,0.954
11/07/2023 02:30,0.954
11/07/2023 03:00,0.954
11/07/2023 03:30,0.954
11/07/2023 04:00,0.954
11/07/2023 04:30,0.954
11/07/2023 05:00,0.954
11/07/2023 05:30,0.954
11/07/2023 06:00,0.954
11/07/2023 06:30,0.954
11/07/2023 07:00,0.954
11/07/2023 07:30,0.954
11/07/2023 08:00,0.954
11/07/2023 08:30,0.954
11/07/2023 09:00,0.954
11/07/2023 09:30,0.954
11/07/2023 10:00,0.954
11/07/2023 10:30,0.954
11/07/2023 11:00,0.954
11/07/2023 11:30,0.954
11/07/2023 12:00,0.954
11/07/2023 12:30,0.954
11/07/2023 13:00,0.954
11/07/2023 13:30,0.954
11/07/2023 14:00,0.954
11/07/2023 14:30,0.954
11/07/2023 15:00,0.954
11/07/2023 15:30,0.954
11/07/2023 16:00,0.954
11/07/2023 16:30,0.954
11/07/2023 17:00,0.954
11/07/2023 17:30,0.954
11/07/2023 18:00,0.954
11/07/2023 18:30,0.954
11/07/2023 19:00,0.954
11/07/2023 19:30,0.954
11/07/2023 20:00,0.954
11/07/2023 20:30,0.954
11/07/2023 21:00,0.954
11/07/2023 21:30,0.954
11/07/2023 22:00,0.954
11/07/2023 22:30,0.954
11/07/2023 23:00,0.954
11/07/2023 23:30,0.954
11/08/2023 00:00,0.618
11/08/2023 00:30,0.618
11/08/2023 01:00,0.618
11/08/2023 01:30,0.618
11/08/2023 02:00,0.618
11/08/2023 02:30,0.618
11/08/2023 03:00,0.618
11/08/2023 03:30,0.618
11/08/2023 04:00,0.618
11/08/2023 04:30,0.618
11/08/2023 05:00,0.618
11/08/2023 05:30,0.618
11/08/2023 06:00,0.618
11/08/2023 06:30,0.618
11/08/2023 07:00,0.618
11/08/2023 07:30,0.618
11/08/2023 08:00,0.618
11/08/2023 08:30,0.618
11/08/2023 09:00,0.618
11/08/2023 09:30,0.618
11/08/2023 10:00,0.618
11/08/2023 10:30,0.618
11/08/2023 11:00,0.618
11/08/2023 11:30,0.618
11/08/2023 12:00,0.618
11/08/2023 12:30,0.618
11/08/2023 13:00,0.618
11/08/2023 13:30,0.618
11/08/2023 14:00,0.618
11/08/2023 14:30,0.618
11/08/2023 15:00,0.618
11/08/2023 15:30,0.618
11/08/2023 16:00,0.618
11/08/2023 16:30,0.618
11/08/2023 17:00,0.618
11/08/2023 17:30,0.618
11/08/2023 18:00,0.618
11/08/2023 18:30,0.618
11/08/2023 19:00,0.618
11/08/2023 19:30,0.618
11/08/2023 20:00,0.618
11/08/2023 20:30,0.618
11/08/2023 21:00,0.618
11/08/2023 21:30,0.618
11/08/2023 22:00,0.618
11/08/2023 22:30,0.618
11/08/2023 23:00,0.618
11/08/2023 23:30,0.618
11/09/2023 00:00,0.618
11/09/2023 00:30,0.618
11/09/2023 01:00,0.618
11/09/2023 01:30,0.618
11/09/2023 02:00,0.618
11/09/2023 02:30,0.618
11/09/2023 03:00,0.618
11/09/2023 03:30,0.618
11/09/2023 04:00,0.618
11/09/2023 04:30,0.618
11/09/2023 05:00,0.618
11/09/2023 05:30,0.618
11/09/2023 06:00,0.618
11/09/2023 06:30,0.618
11/09/2023 07:00,0.618
11/09/2023 07:30,0.618
11/09/2023 08:00,0.618
11/09/2023 08:30,0.618
11/09/2023 09:00,0.618
11/09/2023 09:30,0.618
11/09/2023 10:00,0.618
11/09/2023 10:30,0.618
11/09/2023 11:00,0.618
11/09/2023 11:30,0.618
11/09/2023 12:00,0.618
11/09/2023 12:30,0.618
11/09/2023 13:00,0.618
11/09/2023 13:30,0.618
11/09/2023 14:00,0.618
11/09/2023 14:30,0.618
11/09/2023 15:00,0.618
11/09/2023 15:30,0.618
11/09/2023 16:00,0.618
11/09/2023 16:30,0.618
11/09/2023 17:00,0.618
11/09/2023 17:30,0.618
11/09/2023 18:00,0.618
11/09/2023 18:30,0.618
11/09/2023 19:00,0.618
11/09/2023 19:30,0.618
11/09/2023 20:00,0.618
11/09/2023 20:30,0.618
11/09/2023 21:00,0.618
11/09/2023 21:30,0.618
11/09/2023 22:00,0.618
11/09/2023 22:30,0.618
11/09/2023 23:00,0.618
11/09/2023 23:30,0.618
11/10/2023 00:00,0.954
11/10/2023 00:30,0.954
11/10/2023 01:00,0.954
11/10/2023 01:30,0.954
11/10/2023 02:00,0.954
11/10/2023 02:30,0.954
11/10/2023 03:00,0.954
11/10/2023 03:30,0.954
11/10/2023 04:00,0.954
11/10/2023 04:30,0.954
11/10/2023 05:00,0.954
11/10/2023 05:30,0.954
11/10/2023 06:00,0.954
11/10/2023 06:30,0.954
11/10/2023 07:00,0.954
11/10/2023 07:30,0.954
11/10/2023 08:00,0.954
11/10/2023 08:30,0.954
11/10/2023 09:00,0.954
11/10/2023 09:30,0.954
11/10/2023 10:00,0.954
11/10/2023 10:30,0.954
11/10/2023 11:00,0.954
11/10/2023 11:30,0.954
11/10/2023 12:00,0.954
11/10/2023 12:30,0.954
11/10/2023 13:00,0.954
11/10/2023 13:30,0.954
11/10/2023 14:00,0.954
11/10/2023 14:30,0.954
11/10/2023 15:00,0.954
11/10/2023 15:30,0.954
11/10/2023 16:00,0.954
11/10/2023 16:30,0.954
11/10/2023 17:00,0.954
11/10/2023 17:30,0.954
11/10/2023 18:00,0.954
11/10/2023 18:30,0.954
11/10/2023 19:00,0.954
11/10/2023 19:30,0.954
11/10/2023 20:00,0.954
11/10/2023 20:30,0.954
11/10/2023 21:00,0.954
11/10/2023 21:30,0.954
11/10/2023 22:00,0.954
11/10/2023 22:30,0.954
11/10/2023 23:00,0.954
11/10/2023 23:30,0.954
11/11/2023 00:00,5.054
11/11/2023 00:30,5.054
11/11/2023 01:00,5.054
11/11/2023 01:30,5.054
11/11/2023 02:00,5.054
11/11/2023 02:30,5.054
11/11/2023 03:00,5.054
11/11/2023 03:30,5.054
11/11/2023 04:00,5.054
11/11/2023 04:30,5.054
11/11/2023 05:00,5.054
11/11/2023 05:30,5.054
11/11/2023 06:00,5.054
11/11/2023 06:30,5.054
11/11/2023 07:00,5.054
11/11/2023 07:30,5.054
11/11/2023 08:00,5.054
11/11/2023 08:30,5.054
11/11/2023 09:00,5.054
11/11/2023 09:30,5.054
11/11/2023 10:00,5.054
11/11/2023 10:30,5.054
11/11/2023 11:00,5.054
11/11/2023 11:30,5.054
11/11/2023 12:00,5.054
11/11/2023 12:30,5.054
11/11/2023 13:00,5.054
11/11/2023 13:30,5.054
11/11/2023 14:00,5.054
11/11/2023 14:30,5.054
11/11/2023 15:00,5.054
11/11/2023 15:30,5.054
11/11/2023 16:00,5.054
11/11/2023 16:30,5.054
11/11/2023 17:00,5.054
11/11/2023 17:30,5.054
11/11/2023 18:00,5.054
11/11/2023 18:30,5.054
11/11/2023 19:00,5.054
11/11/2023 19:30,5.054
11/11/2023 20:00,5.054
11/11/2023 20:30,5.054
11/11/2023 21:00,5.054
11/11/2023 21:30,5.054
11/11/2023 22:00,5.054
11/11/2023 22:30,5.054
11/11/2023 23:00,5.054
11/11/2023 23:30,5.054
11/12/2023 00:00,1.761
11/12/2023 00:30,1.761
11/12/2023 01:00,1.761
11/12/2023 01:30,1.761
11/12/2023 02:00,1.761
11/12/2023 02:30,1.761
11/12/2023 03:00,1.761
11/12/2023 03:30,1.761
11/12/2023 04:00,1.761
11/12/2023 04:30,1.761
11/12/2023 05:00,1.761
11/12/2023 05:30,1.761
11/12/2023 06:00,1.761
11/12/2023 06:30,1.761
11/12/2023 07:00,1.761
11/12/2023 07:30,1.761
11/12/2023 08:00,1.761
11/12/2023 08:30,1.761
11/12/2023 09:00,1.761
11/12/2023 09:30,1.761
11/12/2023 10:00,1.761
11/12/2023 10:30,1.761
11/12/2023 11:00,1.761
11/12/2023 11:30,1.761
11/12/2023 12:00,1.761
11/12/2023 12:30,1.761
11/12/2023 13:00,1.761
11/12/2023 13:30,1.761
11/12/2023 14:00,1.761
11/12/2023 14:30,1.761
11/12/2023 15:00,1.761
11/12/2023 15:30,1.761
11/12/2023 16:00,1.761
11/12/2023 16:30,1.761
11/12/2023 17:00,1.761
11/12/2023 17:30,1.761
11/12/2023 18:00,1.761
11/12/2023 18:30,1.761
11/12/2023 19:00,1.761
11/12/2023 19:30,1.761
11/12/2023 20:00,1.761
11/12/2023 20:30,1.761
11/12/2023 21:00,1.761
11/12/2023 21:30,1.761
11/12/2023 22:00,1.761
11/12/2023 22:30,1.761
11/12/2023 23:00,1.761
11/12/2023 23:30,1.761
11/13/2023 00:00,1.337
11/13/2023 00:30,1.337
11/13/2023 01:00,1.337
11/13/2023 01:30,1.337
11/13/2023 02:00,1.337
11/13/2023 02:30,1.337
11/13/2023 03:00,1.337
11/13/2023 03:30,1.337
11/13/2023 04:00,1.337
11/13/2023 04:30,1.337
11/13/2023 05:00,1.337
11/13/2023 05:30,1.337
11/13/2023 06:00,1.337
11/13/2023 06:30,1.337
11/13/2023 07:00,1.337
11/13/2023 07:30,1.337
11/13/2023 08:00,1.337
11/13/2023 08:30,1.337
11/13/2023 09:00,1.337
11/13/2023 09:30,1.337
11/13/2023 10:00,1.337
11/13/2023 10:30,1.337
11/13/2023 11:00,1.337
11/13/2023 11:30,1.337
11/13/2023 12:00,1.337
11/13/2023 12:30,1.337
11/13/2023 13:00,1.337
11/13/2023 13:30,1.337
11/13/2023 14:00,1.337
11/13/2023 14:30,1.337
11/13/2023 15:00,1.337
11/13/2023 15:30,1.337
11/13/2023 16:00,1.337
11/13/2023 16:30,1.337
11/13/2023 17:00,1.337
11/13/2023 17:30,1.337
11/13/2023 18:00,1.337
11/13/2023 18:30,1.337
11/13/2023 19:00,1.337
11/13/2023 19:30,1.337
11/13/2023 20:00,1.337
11/13/2023 20:30,1.337
11/13/2023 21:00,1.337
11/13/2023 21:30,1.337
11/13/2023 22:00,1.337
11/13/2023 22:30,1.337
11/13/2023 23:00,1.337
11/13/2023 23:30,1.337
11/14/2023 00:00,0.954
11/14/2023 00:30,0.954
11/14/2023 01:00,0.954
11/14/2023 01:30,0.954
11/14/2023 02:00,0.954
11/14/2023 02:30,0.954
11/14/2023 03:00,0.954
11/14/2023 03:30,0.954
11/14/2023 04:00,0.954
11/14/2023 04:30,0.954
11/14/2023 05:00,0.954
11/14/2023 05:30,0.954
11/14/2023 06:00,0.954
11/14/2023 06:30,0.954
11/14/2023 07:00,0.954
11/14/2023 07:30,0.954
11/14/2023 08:00,0.954
11/14/2023 08:30,0.954
11/14/2023 09:00,0.954
11/14/2023 09:30,0.954
11/14/2023 10:00,0.954
11/14/2023 10:30,0.954
11/14/2023 11:00,0.954
11/14/2023 11:30,0.954
11/14/2023 12:00,0.954
11/14/2023 12:30,0.954
11/14/2023 13:00,0.954
11/14/2023 13:30,0.954
11/14/2023 14:00,0.954
11/14/2023 14:30,0.954
11/14/2023 15:00,0.954
11/14/2023 15:30,0.954
11/14/2023 16:00,0.954
11/14/2023 16:30,0.954
11/14/2023 17:00,0.954
11/14/2023 17:30,0.954
11/14/2023 18:00,0.954
11/14/2023 18:30,0.954
11/14/2023 19:00,0.954
11/14/2023 19:30,0.954
11/14/2023 20:00,0.954
11/14/2023 20:30,0.954
11/14/2023 21:00,0.954
11/14/2023 21:30,0.954
11/14/2023 22:00,0.954
11/14/2023 22:30,0.954
11/14/2023 23:00,0.954
11/14/2023 23:30,0.954
11/15/2023 00:00,0.954
11/15/2023 00:30,0.954
11/15/2023 01:00,0.954
11/15/2023 01:30,0.954
11/15/2023 02:00,0.954
11/15/2023 02:30,0.954
11/15/2023 03:00,0.954
11/15/2023 03:30,0.954
11/15/2023 04:00,0.954
11/15/2023 04:30,0.954
11/15/2023 05:00,0.954
11/15/2023 05:30,0.954
11/15/2023 06:00,0.954
11/15/2023 06:30,0.954
11/15/2023 07:00,0.954
11/15/2023 07:30,0.954
11/15/2023 08:00,0.954
11/15/2023 08:30,0.954
11/15/2023 09:00,0.954
11/15/2023 09:30,0.954
11/15/2023 10:00,0.954
11/15/2023 10:30,0.954
11/15/2023 11:00,0.954
11/15/2023 11:30,0.954
11/15/2023 12:00,0.954
11/15/2023 12:30,0.954
11/15/2023 13:00,0.954
11/15/2023 13:30,0.954
11/15/2023 14:00,0.954
11/15/2023 14:30,0.954
11/15/2023 15:00,0.954
11/15/2023 15:30,0.954
11/15/2023 16:00,0.954
11/15/2023 16:30,0.954
11/15/2023 17:00,0.954
11/15/2023 17:30,0.954
11/15/2023 18:00,0.954
11/15/2023 18:30,0.954
11/15/2023 19:00,0.954
11/15/2023 19:30,0.954
11/15/2023 20:00,0.954
11/15/2023 20:30,0.954
11/15/2023 21:00,0.954
11/15/2023 21:30,0.954
11/15/2023 22:00,0.954
11/15/2023 22:30,0.954
11/15/2023 23:00,0.954
11/15/2023 23:30,0.954
11/16/2023 00:00,0.618
11/16/2023 00:30,0.618
11/16/2023 01:00,0.618
11/16/2023 01:30,0.618
11/16/2023 02:00,0.618
11/16/2023 02:30,0.618
11/16/2023 03:00,0.618
11/16/2023 03:30,0.618
11/16/2023 04:00,0.618
11/16/2023 04:30,0.618
11/16/2023 05:00,0.618
11/16/2023 05:30,0.618
11/16/2023 06:00,0.618
11/16/2023 06:30,0.618
11/16/2023 07:00,0.618
11/16/2023 07:30,0.618
11/16/2023 08:00,0.618
11/16/2023 08:30,0.618
11/16/2023 09:00,0.618
11/16/2023 09:30,0.618
11/16/2023 10:00,0.618
11/16/2023 10:30,0.618
11/16/2023 11:00,0.618
11/16/2023 11:30,0.618
11/16/2023 12:00,0.618
11/16/2023 12:30,0.618
11/16/2023 13:00,0.618
11/16/2023 13:30,0.618
11/16/2023 14:00,0.618
11/16/2023 14:30,0.618
11/16/2023 15:00,0.618
11/16/2023 15:30,0.618
11/16/2023 16:00,0.618
11/16/2023 16:30,0.618
11/16/2023 17:00,0.618
11/16/2023 17:30,0.618
11/16/2023 18:00,0.618
11/16/2023 18:30,0.618
11/16/2023 19:00,0.618
11/16/2023 19:30,0.618
11/16/2023 20:00,0.618
11/16/2023 20:30,0.618
11/16/2023 21:00,0.618
11/16/2023 21:30,0.618
11/16/2023 22:00,0.618
11/16/2023 22:30,0.618
11/16/2023 23:00,0.618
11/16/2023 23:30,0.618
11/17/2023 00:00,2.225
11/17/2023 00:30,2.225
11/17/2023 01:00,2.225
11/17/2023 01:30,2.225
11/17/2023 02:00,2.225
11/17/2023 02:30,2.225
11/17/2023 03:00,2.225
11/17/2023 03:30,2.225
11/17/2023 04:00,2.225
11/17/2023 04:30,2.225
11/17/2023 05:00,2.225
11/17/2023 05:30,2.225
11/17/2023 06:00,2.225
11/17/2023 06:30,2.225
11/17/2023 07:00,2.225
11/17/2023 07:30,2.225
11/17/2023 08:00,2.225
11/17/2023 08:30,2.225
11/17/2023 09:00,2.225
11/17/2023 09:30,2.225
11/17/2023 10:00,2.225
11/17/2023 10:30,2.225
11/17/2023 11:00,2.225
11/17/2023 11:30,2.225
11/17/2023 12:00,2.225
11/17/2023 12:30,2.225
11/17/2023 13:00,2.225
11/17/2023 13:30,2.225
11/17/2023 14:00,2.225
11/17/2023 14:30,2.225
11/17/2023 15:00,2.225
11/17/2023 15:30,2.225
11/17/2023 16:00,2.225
11/17/2023 16:30,2.225
11/17/2023 17:00,2.225
11/17/2023 17:30,2.225
11/17/2023 18:00,2.225
11/17/2023 18:30,2.225
11/17/2023 19:00,2.225
11/17/2023 19:30,2.225
11/17/2023 20:00,2.225
11/17/2023 20:30,2.225
11/17/2023 21:00,2.225
11/17/2023 21:30,2.225
11/17/2023 22:00,2.225
11/17/2023 22:30,2.225
11/17/2023 23:00,2.225
11/17/2023 23:30,2.225
11/18/2023 00:00,15.66
11/18/2023 00:30,15.66
11/18/2023 01:00,15.66
11/18/2023 01:30,15.66
11/18/2023 02:00,15.66
11/18/2023 02:30,15.66
11/18/2023 03:00,15.66
11/18/2023 03:30,15.66
11/18/2023 04:00,15.66
11/18/2023 04:30,15.66
11/18/2023 05:00,15.66
11/18/2023 05:30,15.66
11/18/2023 06:00,15.66
11/18/2023 06:30,15.66
11/18/2023 07:00,15.66
11/18/2023 07:30,15.66
11/18/2023 08:00,15.66
11/18/2023 08:30,15.66
11/18/2023 09:00,15.66
11/18/2023 09:30,15.66
11/18/2023 10:00,15.66
11/18/2023 10:30,15.66
11/18/2023 11:00,15.66
11/18/2023 11:30,15.66
11/18/2023 12:00,15.66
11/18/2023 12:30,15.66
11/18/2023 13:00,15.66
11/18/2023 13:30,15.66
11/18/2023 14:00,15.66
11/18/2023 14:30,15.66
11/18/2023 15:00,15.66
11/18/2023 15:30,15.66
11/18/2023 16:00,15.66
11/18/2023 16:30,15.66
11/18/2023 17:00,15.66
11/18/2023 17:30,15.66
11/18/2023 18:00,15.66
11/18/2023 18:30,15.66
11/18/2023 19:00,15.66
11/18/2023 19:30,15.66
11/18/2023 20:00,15.66
11/18/2023 20:30,15.66
11/18/2023 21:00,15.66
11/18/2023 21:30,15.66
11/18/2023 22:00,15.66
11/18/2023 22:30,15.66
11/18/2023 23:00,15.66
11/18/2023 23:30,15.66
11/19/2023 00:00,3.259
11/19/2023 00:30,3.259
11/19/2023 01:00,3.259
11/19/2023 01:30,3.259
11/19/2023 02:00,3.259
11/19/2023 02:30,3.259
11/19/2023 03:00,3.259
11/19/2023 03:30,3.259
11/19/2023 04:00,3.259
11/19/2023 04:30,3.259
11/19/2023 05:00,3.259
11/19/2023 05:30,3.259
11/19/2023 06:00,3.259
11/19/2023 06:30,3.259
11/19/2023 07:00,3.259
11/19/2023 07:30,3.259
11/19/2023 08:00,3.259
11/19/2023 08:30,3.259
11/19/2023 09:00,3.259
11/19/2023 09:30,3.259
11/19/2023 10:00,3.259
11/19/2023 10:30,3.259
11/19/2023 11:00,3.259
11/19/2023 11:30,3.259
11/19/2023 12:00,3.259
11/19/2023 12:30,3.259
11/19/2023 13:00,3.259
11/19/2023 13:30,3.259
11/19/2023 14:00,3.259
11/19/2023 14:30,3.259
11/19/2023 15:00,3.259
11/19/2023 15:30,3.259
11/19/2023 16:00,3.259
11/19/2023 16:30,3.259
11/19/2023 17:00,3.259
11/19/2023 17:30,3.259
11/19/2023 18:00,3.259
11/19/2023 18:30,3.259
11/19/2023 19:00,3.259
11/19/2023 19:30,3.259
11/19/2023 20:00,3.259
11/19/2023 20:30,3.259
11/19/2023 21:00,3.259
11/19/2023 21:30,3.259
11/19/2023 22:00,3.259
11/19/2023 22:30,3.259
11/19/2023 23:00,3.259
11/19/2023 23:30,3.259
11/20/2023 00:00,1.337
11/20/2023 00:30,1.337
11/20/2023 01:00,1.337
11/20/2023 01:30,1.337
11/20/2023 02:00,1.337
11/20/2023 02:30,1.337
11/20/2023 03:00,1.337
11/20/2023 03:30,1.337
11/20/2023 04:00,1.337
11/20/2023 04:30,1.337
11/20/2023 05:00,1.337
11/20/2023 05:30,1.337
11/20/2023 06:00,1.337
11/20/2023 06:30,1.337
11/20/2023 07:00,1.337
11/20/2023 07:30,1.337
11/20/2023 08:00,1.337
11/20/2023 08:30,1.337
11/20/2023 09:00,1.337
11/20/2023 09:30,1.337
11/20/2023 10:00,1.337
11/20/2023 10:30,1.337
11/20/2023 11:00,1.337
11/20/2023 11:30,1.337
11/20/2023 12:00,1.337
11/20/2023 12:30,1.337
11/20/2023 13:00,1.337
11/20/2023 13:30,1.337
11/20/2023 14:00,1.337
11/20/2023 14:30,1.337
11/20/2023 15:00,1.337
11/20/2023 15:30,1.337
11/20/2023 16:00,1.337
11/20/2023 16:30,1.337
11/20/2023 17:00,1.337
11/20/2023 17:30,1.337
11/20/2023 18:00,1.337
11/20/2023 18:30,1.337
11/20/2023 19:00,1.337
11/20/2023 19:30,1.337
11/20/2023 20:00,1.337
11/20/2023 20:30,1.337
11/20/2023 21:00,1.337
11/20/2023 21:30,1.337
11/20/2023 22:00,1.337
11/20/2023 22:30,1.337
11/20/2023 23:00,1.337
11/20/2023 23:30,1.337
11/21/2023 00:00,0.954
11/21/2023 00:30,0.954
11/21/2023 01:00,0.954
11/21/2023 01:30,0.954
11/21/2023 02:00,0.954
11/21/2023 02:30,0.954
11/21/2023 03:00,0.954
11/21/2023 03:30,0.954
11/21/2023 04:00,0.954
11/21/2023 04:30,0.954
11/21/2023 05:00,0.954
11/21/2023 05:30,0.954
11/21/2023 06:00,0.954
11/21/2023 06:30,0.954
11/21/2023 07:00,0.954
11/21/2023 07:30,0.954
11/21/2023 08:00,0.954
11/21/2023 08:30,0.954
11/21/2023 09:00,0.954
11/21/2023 09:30,0.954
11/21/2023 10:00,0.954
11/21/2023 10:30,0.954
11/21/2023 11:00,0.954
11/21/2023 11:30,0.954
11/21/2023 12:00,0.954
11/21/2023 12:30,0.954
11/21/2023 13:00,0.954
11/21/2023 13:30,0.954
11/21/2023 14:00,0.954
11/21/2023 14:30,0.954
11/21/2023 15:00,0.954
11/21/2023 15:30,0.954
11/21/2023 16:00,0.954
11/21/2023 16:30,0.954
11/21/2023 17:00,0.954
11/21/2023 17:30,0.954
11/21/2023 18:00,0.954
11/21/2023 18:30,0.954
11/21/2023 19:00,0.954
11/21/2023 19:30,0.954
11/21/2023 20:00,0.954
11/21/2023 20:30,0.954
11/21/2023 21:00,0.954
11/21/2023 21:30,0.954
11/21/2023 22:00,0.954
11/21/2023 22:30,0.954
11/21/2023 23:00,0.954
11/21/2023 23:30,0.954
11/22/2023 00:00,0.954
11/22/2023 00:30,0.954
11/22/2023 01:00,0.954
11/22/2023 01:30,0.954
11/22/2023 02:00,0.954
11/22/2023 02:30,0.954
11/22/2023 03:00,0.954
11/22/2023 03:30,0.954
11/22/2023 04:00,0.954
11/22/2023 04:30,0.954
11/22/2023 05:00,0.954
11/22/2023 05:30,0.954
11/22/2023 06:00,0.954
11/22/2023 06:30,0.954
11/22/2023 07:00,0.954
11/22/2023 07:30,0.954
11/22/2023 08:00,0.954
11/22/2023 08:30,0.954
11/22/2023 09:00,0.954
11/22/2023 09:30,0.954
11/22/2023 10:00,0.954
11/22/2023 10:30,0.954
11/22/2023 11:00,0.954
11/22/2023 11:30,0.954
11/22/2023 12:00,0.954
11/22/2023 12:30,0.954
11/22/2023 13:00,0.954
11/22/2023 13:30,0.954
11/22/2023 14:00,0.954
11/22/2023 14:30,0.954
11/22/2023 15:00,0.954
11/22/2023 15:30,0.954
11/22/2023 16:00,0.954
11/22/2023 16:30,0.954
11/22/2023 17:00,0.954
11/22/2023 17:30,0.954
11/22/2023 18:00,0.954
11/22/2023 18:30,0.954
11/22/2023 19:00,0.954
11/22/2023 19:30,0.954
11/22/2023 20:00,0.954
11/22/2023 20:30,0.954
11/22/2023 21:00,0.954
11/22/2023 21:30,0.954
11/22/2023 22:00,0.954
11/22/2023 22:30,0.954
11/22/2023 23:00,0.954
11/22/2023 23:30,0.954
11/23/2023 00:00,0.954
11/23/2023 00:30,0.954
11/23/2023 01:00,0.954
11/23/2023 01:30,0.954
11/23/2023 02:00,0.954
11/23/2023 02:30,0.954
11/23/2023 03:00,0.954
11/23/2023 03:30,0.954
11/23/2023 04:00,0.954
11/23/2023 04:30,0.954
11/23/2023 05:00,0.954
11/23/2023 05:30,0.954
11/23/2023 06:00,0.954
11/23/2023 06:30,0.954
11/23/2023 07:00,0.954
11/23/2023 07:30,0.954
11/23/2023 08:00,0.954
11/23/2023 08:30,0.954
11/23/2023 09:00,0.954
11/23/2023 09:30,0.954
11/23/2023 10:00,0.954
11/23/2023 10:30,0.954
11/23/2023 11:00,0.954
11/23/2023 11:30,0.954
11/23/2023 12:00,0.954
11/23/2023 12:30,0.954
11/23/2023 13:00,0.954
11/23/2023 13:30,0.954
11/23/2023 14:00,0.954
11/23/2023 14:30,0.954
11/23/2023 15:00,0.954
11/23/2023 15:30,0.954
11/23/2023 16:00,0.954
11/23/2023 16:30,0.954
11/23/2023 17:00,0.954
11/23/2023 17:30,0.954
11/23/2023 18:00,0.954
11/23/2023 18:30,0.954
11/23/2023 19:00,0.954
11/23/2023 19:30,0.954
11/23/2023 20:00,0.954
11/23/2023 20:30,0.954
11/23/2023 21:00,0.954
11/23/2023 21:30,0.954
11/23/2023 22:00,0.954
11/23/2023 22:30,0.954
11/23/2023 23:00,0.954
11/23/2023 23:30,0.954
11/24/2023 00:00,0.954
11/24/2023 00:30,0.954
11/24/2023 01:00,0.954
11/24/2023 01:30,0.954
11/24/2023 02:00,0.954
11/24/2023 02:30,0.954
11/24/2023 03:00,0.954
11/24/2023 03:30,0.954
11/24/2023 04:00,0.954
11/24/2023 04:30,0.954
11/24/2023 05:00,0.954
11/24/2023 05:30,0.954
11/24/2023 06:00,0.954
11/24/2023 06:30,0.954
11/24/2023 07:00,0.954
11/24/2023 07:30,0.954
11/24/2023 08:00,0.954
11/24/2023 08:30,0.954
11/24/2023 09:00,0.954
11/24/2023 09:30,0.954
11/24/2023 10:00,0.954
11/24/2023 10:30,0.954
11/24/2023 11:00,0.954
11/24/2023 11:30,0.954
11/24/2023 12:00,0.954
11/24/2023 12:30,0.954
11/24/2023 13:00,0.954
11/24/2023 13:30,0.954
11/24/2023 14:00,0.954
11/24/2023 14:30,0.954
11/24/2023 15:00,0.954
11/24/2023 15:30,0.954
11/24/2023 16:00,0.954
11/24/2023 16:30,0.954
11/24/2023 17:00,0.954
11/24/2023 17:30,0.954
11/24/2023 18:00,0.954
11/24/2023 18:30,0.954
11/24/2023 19:00,0.954
11/24/2023 19:30,0.954
11/24/2023 20:00,0.954
11/24/2023 20:30,0.954
11/24/2023 21:00,0.954
11/24/2023 21:30,0.954
11/24/2023 22:00,0.954
11/24/2023 22:30,0.954
11/24/2023 23:00,0.954
11/24/2023 23:30,0.954
11/25/2023 00:00,0.954
11/25/2023 00:30,0.954
11/25/2023 01:00,0.954
11/25/2023 01:30,0.954
11/25/2023 02:00,0.954
11/25/2023 02:30,0.954
11/25/2023 03:00,0.954
11/25/2023 03:30,0.954
11/25/2023 04:00,0.954
11/25/2023 04:30,0.954
11/25/2023 05:00,0.954
11/25/2023 05:30,0.954
11/25/2023 06:00,0.954
11/25/2023 06:30,0.954
11/25/2023 07:00,0.954
11/25/2023 07:30,0.954
11/25/2023 08:00,0.954
11/25/2023 08:30,0.954
11/25/2023 09:00,0.954
11/25/2023 09:30,0.954
11/25/2023 10:00,0.954
11/25/2023 10:30,0.954
11/25/2023 11:00,0.954
11/25/2023 11:30,0.954
11/25/2023 12:00,0.954
11/25/2023 12:30,0.954
11/25/2023 13:00,0.954
11/25/2023 13:30,0.954
11/25/2023 14:00,0.954
11/25/2023 14:30,0.954
11/25/2023 15:00,0.954
11/25/2023 15:30,0.954
11/25/2023 16:00,0.954
11/25/2023 16:30,0.954
11/25/2023 17:00,0.954
11/25/2023 17:30,0.954
11/25/2023 18:00,0.954
11/25/2023 18:30,0.954
11/25/2023 19:00,0.954
11/25/2023 19:30,0.954
11/25/2023 20:00,0.954
11/25/2023 20:30,0.954
11/25/2023 21:00,0.954
11/25/2023 21:30,0.954
11/25/2023 22:00,0.954
11/25/2023 22:30,0.954
11/25/2023 23:00,0.954
11/25/2023 23:30,0.954
11/26/2023 00:00,0.954
11/26/2023 00:30,0.954
11/26/2023 01:00,0.954
11/26/2023 01:30,0.954
11/26/2023 02:00,0.954
11/26/2023 02:30,0.954
11/26/2023 03:00,0.954
11/26/2023 03:30,0.954
11/26/2023 04:00,0.954
11/26/2023 04:30,0.954
11/26/2023 05:00,0.954
11/26/2023 05:30,0.954
11/26/2023 06:00,0.954
11/26/2023 06:30,0.954
11/26/2023 07:00,0.954
11/26/2023 07:30,0.954
11/26/2023 08:00,0.954
11/26/2023 08:30,0.954
11/26/2023 09:00,0.954
11/26/2023 09:30,0.954
11/26/2023 10:00,0.954
11/26/2023 10:30,0.954
11/26/2023 11:00,0.954
11/26/2023 11:30,0.954
11/26/2023 12:00,0.954
11/26/2023 12:30,0.954
11/26/2023 13:00,0.954
11/26/2023 13:30,0.954
11/26/2023 14:00,0.954
11/26/2023 14:30,0.954
11/26/2023 15:00,0.954
11/26/2023 15:30,0.954
11/26/2023 16:00,0.954
11/26/2023 16:30,0.954
11/26/2023 17:00,0.954
11/26/2023 17:30,0.954
11/26/2023 18:00,0.954
11/26/2023 18:30,0.954
11/26/2023 19:00,0.954
11/26/2023 19:30,0.954
11/26/2023 20:00,0.954
11/26/2023 20:30,0.954
11/26/2023 21:00,0.954
11/26/2023 21:30,0.954
11/26/2023 22:00,0.954
11/26/2023 22:30,0.954
11/26/2023 23:00,0.954
11/26/2023 23:30,0.954
11/27/2023 00:00,0.618
11/27/2023 00:30,0.618
11/27/2023 01:00,0.618
11/27/2023 01:30,0.618
11/27/2023 02:00,0.618
11/27/2023 02:30,0.618
11/27/2023 03:00,0.618
11/27/2023 03:30,0.618
11/27/2023 04:00,0.618
11/27/2023 04:30,0.618
11/27/2023 05:00,0.618
11/27/2023 05:30,0.618
11/27/2023 06:00,0.618
11/27/2023 06:30,0.618
11/27/2023 07:00,0.618
11/27/2023 07:30,0.618
11/27/2023 08:00,0.618
11/27/2023 08:30,0.618
11/27/2023 09:00,0.618
11/27/2023 09:30,0.618
11/27/2023 10:00,0.618
11/27/2023 10:30,0.618
11/27/2023 11:00,0.618
11/27/2023 11:30,0.618
11/27/2023 12:00,0.618
11/27/2023 12:30,0.618
11/27/2023 13:00,0.618
11/27/2023 13:30,0.618
11/27/2023 14:00,0.618
11/27/2023 14:30,0.618
11/27/2023 15:00,0.618
11/27/2023 15:30,0.618
11/27/2023 16:00,0.618
11/27/2023 16:30,0.618
11/27/2023 17:00,0.618
11/27/2023 17:30,0.618
11/27/2023 18:00,0.618
11/27/2023 18:30,0.618
11/27/2023 19:00,0.618
11/27/2023 19:30,0.618
11/27/2023 20:00,0.618
11/27/2023 20:30,0.618
11/27/2023 21:00,0.618
11/27/2023 21:30,0.618
11/27/2023 22:00,0.618
11/27/2023 22:30,0.618
11/27/2023 23:00,0.618
11/27/2023 23:30,0.618
11/28/2023 00:00,0.618
11/28/2023 00:30,0.618
11/28/2023 01:00,0.618
11/28/2023 01:30,0.618
11/28/2023 02:00,0.618
11/28/2023 02:30,0.618
11/28/2023 03:00,0.618
11/28/2023 03:30,0.618
11/28/2023 04:00,0.618
11/28/2023 04:30,0.618
11/28/2023 05:00,0.618
11/28/2023 05:30,0.618
11/28/2023 06:00,0.618
11/28/2023 06:30,0.618
11/28/2023 07:00,0.618
11/28/2023 07:30,0.618
11/28/2023 08:00,0.618
11/28/2023 08:30,0.618
11/28/2023 09:00,0.618
11/28/2023 09:30,0.618
11/28/2023 10:00,0.618
11/28/2023 10:30,0.618
11/28/2023 11:00,0.618
11/28/2023 11:30,0.618
11/28/2023 12:00,0.618
11/28/2023 12:30,0.618
11/28/2023 13:00,0.618
11/28/2023 13:30,0.618
11/28/2023 14:00,0.618
11/28/2023 14:30,0.618
11/28/2023 15:00,0.618
11/28/2023 15:30,0.618
11/28/2023 16:00,0.618
11/28/2023 16:30,0.618
11/28/2023 17:00,0.618
11/28/2023 17:30,0.618
11/28/2023 18:00,0.618
11/28/2023 18:30,0.618
11/28/2023 19:00,0.618
11/28/2023 19:30,0.618
11/28/2023 20:00,0.618
11/28/2023 20:30,0.618
11/28/2023 21:00,0.618
11/28/2023 21:30,0.618
11/28/2023 22:00,0.618
11/28/2023 22:30,0.618
11/28/2023 23:00,0.618
11/28/2023 23:30,0.618
11/29/2023 00:00,0.618
11/29/2023 00:30,0.618
11/29/2023 01:00,0.618
11/29/2023 01:30,0.618
11/29/2023 02:00,0.618
11/29/2023 02:30,0.618
11/29/2023 03:00,0.618
11/29/2023 03:30,0.618
11/29/2023 04:00,0.618
11/29/2023 04:30,0.618
11/29/2023 05:00,0.618
11/29/2023 05:30,0.618
11/29/2023 06:00,0.618
11/29/2023 06:30,0.618
11/29/2023 07:00,0.618
11/29/2023 07:30,0.618
11/29/2023 08:00,0.618
11/29/2023 08:30,0.618
11/29/2023 09:00,0.618
11/29/2023 09:30,0.618
11/29/2023 10:00,0.618
11/29/2023 10:30,0.618
11/29/2023 11:00,0.618
11/29/2023 11:30,0.618
11/29/2023 12:00,0.618
11/29/2023 12:30,0.618
11/29/2023 13:00,0.618
11/29/2023 13:30,0.618
11/29/2023 14:00,0.618
11/29/2023 14:30,0.618
11/29/2023 15:00,0.618
11/29/2023 15:30,0.618
11/29/2023 16:00,0.618
11/29/2023 16:30,0.618
11/29/2023 17:00,0.618
11/29/2023 17:30,0.618
11/29/2023 18:00,0.618
11/29/2023 18:30,0.618
11/29/2023 19:00,0.618
11/29/2023 19:30,0.618
11/29/2023 20:00,0.618
11/29/2023 20:30,0.618
11/29/2023 21:00,0.618
11/29/2023 21:30,0.618
11/29/2023 22:00,0.618
11/29/2023 22:30,0.618
11/29/2023 23:00,0.618
11/29/2023 23:30,0.618
11/30/2023 00:00,0.618
11/30/2023 00:30,0.618
11/30/2023 01:00,0.618
11/30/2023 01:30,0.618
11/30/2023 02:00,0.618
11/30/2023 02:30,0.618
11/30/2023 03:00,0.618
11/30/2023 03:30,0.618
11/30/2023 04:00,0.618
11/30/2023 04:30,0.618
11/30/2023 05:00,0.618
11/30/2023 05:30,0.618
11/30/2023 06:00,0.618
11/30/2023 06:30,0.618
11/30/2023 07:00,0.618
11/30/2023 07:30,0.618
11/30/2023 08:00,0.618
11/30/2023 08:30,0.618
11/30/2023 09:00,0.618
11/30/2023 09:30,0.618
11/30/2023 10:00,0.618
11/30/2023 10:30,0.618
11/30/2023 11:00,0.618
11/30/2023 11:30,0.618
11/30/2023 12:00,0.618
11/30/2023 12:30,0.618
11/30/2023 13:00,0.618
11/30/2023 13:30,0.618
11/30/2023 14:00,0.618
11/30/2023 14:30,0.618
11/30/2023 15:00,0.618
11/30/2023 15:30,0.618
11/30/2023 16:00,0.618
11/30/2023 16:30,0.618
11/30/2023 17:00,0.618
11/30/2023 17:30,0.618
11/30/2023 18:00,0.618
11/30/2023 18:30,0.618
11/30/2023 19:00,0.618
11/30/2023 19:30,0.618
11/30/2023 20:00,0.618
11/30/2023 20:30,0.618
11/30/2023 21:00,0.618
11/30/2023 21:30,0.618
11/30/2023 22:00,0.618
11/30/2023 22:30,0.618
11/30/2023 23:00,0.618
11/30/2023 23:30,0.618
12/01/2023 00:00,0.618
12/01/2023 00:30,0.618
12/01/2023 01:00,0.618
12/01/2023 01:30,0.618
12/01/2023 02:00,0.618
12/01/2023 02:30,0.618
12/01/2023 03:00,0.618
12/01/2023 03:30,0.618
12/01/2023 04:00,0.618
12/01/2023 04:30,0.618
12/01/2023 05:00,0.618
12/01/2023 05:30,0.618
12/01/2023 06:00,0.618
12/01/2023 06:30,0.618
12/01/2023 07:00,0.618
12/01/2023 07:30,0.618
12/01/2023 08:00,0.618
12/01/2023 08:30,0.618
12/01/2023 09:00,0.618
12/01/2023 09:30,0.618
12/01/2023 10:00,0.618
12/01/2023 10:30,0.618
12/01/2023 11:00,0.618
12/01/2023 11:30,0.618
12/01/2023 12:00,0.618
12/01/2023 12:30,0.618
12/01/2023 13:00,0.618
12/01/2023 13:30,0.618
12/01/2023 14:00,0.618
12/01/2023 14:30,0.618
12/01/2023 15:00,0.618
12/01/2023 15:30,0.618
12/01/2023 16:00,0.618
12/01/2023 16:30,0.618
12/01/2023 17:00,0.618
12/01/2023 17:30,0.618
12/01/2023 18:00,0.618
12/01/2023 18:30,0.618
12/01/2023 19:00,0.618
12/01/2023 19:30,0.618
12/01/2023 20:00,0.618
12/01/2023 20:30,0.618
12/01/2023 21:00,0.618
12/01/2023 21:30,0.618
12/01/2023 22:00,0.618
12/01/2023 22:30,0.618
12/01/2023 23:00,0.618
12/01/2023 23:30,0.618
12/02/2023 00:00,0.618
12/02/2023 00:30,0.618
12/02/2023 01:00,0.618
12/02/2023 01:30,0.618
12/02/2023 02:00,0.618
12/02/2023 02:30,0.618
12/02/2023 03:00,0.618
12/02/2023 03:30,0.618
12/02/2023 04:00,0.618
12/02/2023 04:30,0.618
12/02/2023 05:00,0.618
12/02/2023 05:30,0.618
12/02/2023 06:00,0.618
12/02/2023 06:30,0.618
12/02/2023 07:00,0.618
12/02/2023 07:30,0.618
12/02/2023 08:00,0.618
12/02/2023 08:30,0.618
12/02/2023 09:00,0.618
12/02/2023 09:30,0.618
12/02/2023 10:00,0.618
12/02/2023 10:30,0.618
12/02/2023 11:00,0.618
12/02/2023 11:30,0.618
12/02/2023 12:00,0.618
12/02/2023 12:30,0.618
12/02/2023 13:00,0.618
12/02/2023 13:30,0.618
12/02/2023 14:00,0.618
12/02/2023 14:30,0.618
12/02/2023 15:00,0.618
12/02/2023 15:30,0.618
12/02/2023 16:00,0.618
12/02/2023 16:30,0.618
12/02/2023 17:00,0.618
12/02/2023 17:30,0.618
12/02/2023 18:00,0.618
12/02/2023 18:30,0.618
12/02/2023 19:00,0.618
12/02/2023 19:30,0.618
12/02/2023 20:00,0.618
12/02/2023 20:30,0.618
12/02/2023 21:00,0.618
12/02/2023 21:30,0.618
12/02/2023 22:00,0.618
12/02/2023 22:30,0.618
12/02/2023 23:00,0.618
12/02/2023 23:30,0.618
12/03/2023 00:00,0.336
12/03/2023 00:30,0.336
12/03/2023 01:00,0.336
12/03/2023 01:30,0.336
12/03/2023 02:00,0.336
12/03/2023 02:30,0.336
12/03/2023 03:00,0.336
12/03/2023 03:30,0.336
12/03/2023 04:00,0.336
12/03/2023 04:30,0.336
12/03/2023 05:00,0.336
12/03/2023 05:30,0.336
12/03/2023 06:00,0.336
12/03/2023 06:30,0.336
12/03/2023 07:00,0.336
12/03/2023 07:30,0.336
12/03/2023 08:00,0.336
12/03/2023 08:30,0.336
12/03/2023 09:00,0.336
12/03/2023 09:30,0.336
12/03/2023 10:00,0.336
12/03/2023 10:30,0.336
12/03/2023 11:00,0.336
12/03/2023 11:30,0.336
12/03/2023 12:00,0.336
12/03/2023 12:30,0.336
12/03/2023 13:00,0.336
12/03/2023 13:30,0.336
12/03/2023 14:00,0.336
12/03/2023 14:30,0.336
12/03/2023 15:00,0.336
12/03/2023 15:30,0.336
12/03/2023 16:00,0.336
12/03/2023 16:30,0.336
12/03/2023 17:00,0.336
12/03/2023 17:30,0.336
12/03/2023 18:00,0.336
12/03/2023 18:30,0.336
12/03/2023 19:00,0.336
12/03/2023 19:30,0.336
12/03/2023 20:00,0.336
12/03/2023 20:30,0.336
12/03/2023 21:00,0.336
12/03/2023 21:30,0.336
12/03/2023 22:00,0.336
12/03/2023 22:30,0.336
12/03/2023 23:00,0.336
12/03/2023 23:30,0.336
12/04/2023 00:00,0.618
12/04/2023 00:30,0.618
12/04/2023 01:00,0.618
12/04/2023 01:30,0.618
12/04/2023 02:00,0.618
12/04/2023 02:30,0.618
12/04/2023 03:00,0.618
12/04/2023 03:30,0.618
12/04/2023 04:00,0.618
12/04/2023 04:30,0.618
12/04/2023 05:00,0.618
12/04/2023 05:30,0.618
12/04/2023 06:00,0.618
12/04/2023 06:30,0.618
12/04/2023 07:00,0.618
12/04/2023 07:30,0.618
12/04/2023 08:00,0.618
12/04/2023 08:30,0.618
12/04/2023 09:00,0.618
12/04/2023 09:30,0.618
12/04/2023 10:00,0.618
12/04/2023 10:30,0.618
12/04/2023 11:00,0.618
12/04/2023 11:30,0.618
12/04/2023 12:00,0.618
12/04/2023 12:30,0.618
12/04/2023 13:00,0.618
12/04/2023 13:30,0.618
12/04/2023 14:00,0.618
12/04/2023 14:30,0.618
12/04/2023 15:00,0.618
12/04/2023 15:30,0.618
12/04/2023 16:00,0.618
12/04/2023 16:30,0.618
12/04/2023 17:00,0.618
12/04/2023 17:30,0.618
12/04/2023 18:00,0.618
12/04/2023 18:30,0.618
12/04/2023 19:00,0.618
12/04/2023 19:30,0.618
12/04/2023 20:00,0.618
12/04/2023 20:30,0.618
12/04/2023 21:00,0.618
12/04/2023 21:30,0.618
12/04/2023 22:00,0.618
12/04/2023 22:30,0.618
12/04/2023 23:00,0.618
12/04/2023 23:30,0.618
12/05/2023 00:00,0.618
12/05/2023 00:30,0.618
12/05/2023 01:00,0.618
12/05/2023 01:30,0.618
12/05/2023 02:00,0.618
12/05/2023 02:30,0.618
12/05/2023 03:00,0.618
12/05/2023 03:30,0.618
12/05/2023 04:00,0.618
12/05/2023 04:30,0.618
12/05/2023 05:00,0.618
12/05/2023 05:30,0.618
12/05/2023 06:00,0.618
12/05/2023 06:30,0.618
12/05/2023 07:00,0.618
12/05/2023 07:30,0.618
12/05/2023 08:00,0.618
12/05/2023 08:30,0.618
12/05/2023 09:00,0.618
12/05/2023 09:30,0.618
12/05/2023 10:00,0.618
12/05/2023 10:30,0.618
12/05/2023 11:00,0.618
12/05/2023 11:30,0.618
12/05/2023 12:00,0.618
12/05/2023 12:30,0.618
12/05/2023 13:00,0.618
12/05/2023 13:30,0.618
12/05/2023 14:00,0.618
12/05/2023 14:30,0.618
12/05/2023 15:00,0.618
12/05/2023 15:30,0.618
12/05/2023 16:00,0.618
12/05/2023 16:30,0.618
12/05/2023 17:00,0.618
12/05/2023 17:30,0.618
12/05/2023 18:00,0.618
12/05/2023 18:30,0.618
12/05/2023 19:00,0.618
12/05/2023 19:30,0.618
12/05/2023 20:00,0.618
12/05/2023 20:30,0.618
12/05/2023 21:00,0.618
12/05/2023 21:30,0.618
12/05/2023 22:00,0.618
12/05/2023 22:30,0.618
12/05/2023 23:00,0.618
12/05/2023 23:30,0.618
12/06/2023 00:00,0.618
12/06/2023 00:30,0.618
12/06/2023 01:00,0.618
12/06/2023 01:30,0.618
12/06/2023 02:00,0.618
12/06/2023 02:30,0.618
12/06/2023 03:00,0.618
12/06/2023 03:30,0.618
12/06/2023 04:00,0.618
12/06/2023 04:30,0.618
12/06/2023 05:00,0.618
12/06/2023 05:30,0.618
12/06/2023 06:00,0.618
12/06/2023 06:30,0.618
12/06/2023 07:00,0.618
12/06/2023 07:30,0.618
12/06/2023 08:00,0.618
12/06/2023 08:30,0.618
12/06/2023 09:00,0.618
12/06/2023 09:30,0.618
12/06/2023 10:00,0.618
12/06/2023 10:30,0.618
12/06/2023 11:00,0.618
12/06/2023 11:30,0.618
12/06/2023 12:00,0.618
12/06/2023 12:30,0.618
12/06/2023 13:00,0.618
12/06/2023 13:30,0.618
12/06/2023 14:00,0.618
12/06/2023 14:30,0.618
12/06/2023 15:00,0.618
12/06/2023 15:30,0.618
12/06/2023 16:00,0.618
12/06/2023 16:30,0.618
12/06/2023 17:00,0.618
12/06/2023 17:30,0.618
12/06/2023 18:00,0.618
12/06/2023 18:30,0.618
12/06/2023 19:00,0.618
12/06/2023 19:30,0.618
12/06/2023 20:00,0.618
12/06/2023 20:30,0.618
12/06/2023 21:00,0.618
12/06/2023 21:30,0.618
12/06/2023 22:00,0.618
12/06/2023 22:30,0.618
12/06/2023 23:00,0.618
12/06/2023 23:30,0.618
12/07/2023 00:00,0.618
12/07/2023 00:30,0.618
12/07/2023 01:00,0.618
12/07/2023 01:30,0.618
12/07/2023 02:00,0.618
12/07/2023 02:30,0.618
12/07/2023 03:00,0.618
12/07/2023 03:30,0.618
12/07/2023 04:00,0.618
12/07/2023 04:30,0.618
12/07/2023 05:00,0.618
12/07/2023 05:30,0.618
12/07/2023 06:00,0.618
12/07/2023 06:30,0.618
12/07/2023 07:00,0.618
12/07/2023 07:30,0.618
12/07/2023 08:00,0.618
12/07/2023 08:30,0.618
12/07/2023 09:00,0.618
12/07/2023 09:30,0.618
12/07/2023 10:00,0.618
12/07/2023 10:30,0.618
12/07/2023 11:00,0.618
12/07/2023 11:30,0.618
12/07/2023 12:00,0.618
12/07/2023 12:30,0.618
12/07/2023 13:00,0.618
12/07/2023 13:30,0.618
12/07/2023 14:00,0.618
12/07/2023 14:30,0.618
12/07/2023 15:00,0.618
12/07/2023 15:30,0.618
12/07/2023 16:00,0.618
12/07/2023 16:30,0.618
12/07/2023 17:00,0.618
12/07/2023 17:30,0.618
12/07/2023 18:00,0.618
12/07/2023 18:30,0.618
12/07/2023 19:00,0.618
12/07/2023 19:30,0.618
12/07/2023 20:00,0.618
12/07/2023 20:30,0.618
12/07/2023 21:00,0.618
12/07/2023 21:30,0.618
12/07/2023 22:00,0.618
12/07/2023 22:30,0.618
12/07/2023 23:00,0.618
12/07/2023 23:30,0.618
12/08/2023 00:00,0.118
12/08/2023 00:30,0.118
12/08/2023 01:00,0.118
12/08/2023 01:30,0.118
12/08/2023 02:00,0.118
12/08/2023 02:30,0.118
12/08/2023 03:00,0.118
12/08/2023 03:30,0.118
12/08/2023 04:00,0.118
12/08/2023 04:30,0.118
12/08/2023 05:00,0.118
12/08/2023 05:30,0.118
12/08/2023 06:00,0.118
12/08/2023 06:30,0.118
12/08/2023 07:00,0.118
12/08/2023 07:30,0.118
12/08/2023 08:00,0.118
12/08/2023 08:30,0.118
12/08/2023 09:00,0.118
12/08/2023 09:30,0.118
12/08/2023 10:00,0.118
12/08/2023 10:30,0.118
12/08/2023 11:00,0.118
12/08/2023 11:30,0.118
12/08/2023 12:00,0.118
12/08/2023 12:30,0.118
12/08/2023 13:00,0.118
12/08/2023 13:30,0.118
12/08/2023 14:00,0.118
12/08/2023 14:30,0.118
12/08/2023 15:00,0.118
12/08/2023 15:30,0.118
12/08/2023 16:00,0.118
12/08/2023 16:30,0.118
12/08/2023 17:00,0.118
12/08/2023 17:30,0.118
12/08/2023 18:00,0.118
12/08/2023 18:30,0.118
12/08/2023 19:00,0.118
12/08/2023 19:30,0.118
12/08/2023 20:00,0.118
12/08/2023 20:30,0.118
12/08/2023 21:00,0.118
12/08/2023 21:30,0.118
12/08/2023 22:00,0.118
12/08/2023 22:30,0.118
12/08/2023 23:00,0.118
12/08/2023 23:30,0.118
12/09/2023 00:00,0.336
12/09/2023 00:30,0.336
12/09/2023 01:00,0.336
12/09/2023 01:30,0.336
12/09/2023 02:00,0.336
12/09/2023 02:30,0.336
12/09/2023 03:00,0.336
12/09/2023 03:30,0.336
12/09/2023 04:00,0.336
12/09/2023 04:30,0.336
12/09/2023 05:00,0.336
12/09/2023 05:30,0.336
12/09/2023 06:00,0.336
12/09/2023 06:30,0.336
12/09/2023 07:00,0.336
12/09/2023 07:30,0.336
12/09/2023 08:00,0.336
12/09/2023 08:30,0.336
12/09/2023 09:00,0.336
12/09/2023 09:30,0.336
12/09/2023 10:00,0.336
12/09/2023 10:30,0.336
12/09/2023 11:00,0.336
12/09/2023 11:30,0.336
12/09/2023 12:00,0.336
12/09/2023 12:30,0.336
12/09/2023 13:00,0.336
12/09/2023 13:30,0.336
12/09/2023 14:00,0.336
12/09/2023 14:30,0.336
12/09/2023 15:00,0.336
12/09/2023 15:30,0.336
12/09/2023 16:00,0.336
12/09/2023 16:30,0.336
12/09/2023 17:00,0.336
12/09/2023 17:30,0.336
12/09/2023 18:00,0.336
12/09/2023 18:30,0.336
12/09/2023 19:00,0.336
12/09/2023 19:30,0.336
12/09/2023 20:00,0.336
12/09/2023 20:30,0.336
12/09/2023 21:00,0.336
12/09/2023 21:30,0.336
12/09/2023 22:00,0.336
12/09/2023 22:30,0.336
12/09/2023 23:00,0.336
12/09/2023 23:30,0.336
12/10/2023 00:00,0.336
12/10/2023 00:30,0.336
12/10/2023 01:00,0.336
12/10/2023 01:30,0.336
12/10/2023 02:00,0.336
12/10/2023 02:30,0.336
12/10/2023 03:00,0.336
12/10/2023 03:30,0.336
12/10/2023 04:00,0.336
12/10/2023 04:30,0.336
12/10/2023 05:00,0.336
12/10/2023 05:30,0.336
12/10/2023 06:00,0.336
12/10/2023 06:30,0.336
12/10/2023 07:00,0.336
12/10/2023 07:30,0.336
12/10/2023 08:00,0.336
12/10/2023 08:30,0.336
12/10/2023 09:00,0.336
12/10/2023 09:30,0.336
12/10/2023 10:00,0.336
12/10/2023 10:30,0.336
12/10/2023 11:00,0.336
12/10/2023 11:30,0.336
12/10/2023 12:00,0.336
12/10/2023 12:30,0.336
12/10/2023 13:00,0.336
12/10/2023 13:30,0.336
12/10/2023 14:00,0.336
12/10/2023 14:30,0.336
12/10/2023 15:00,0.336
12/10/2023 15:30,0.336
12/10/2023 16:00,0.336
12/10/2023 16:30,0.336
12/10/2023 17:00,0.336
12/10/2023 17:30,0.336
12/10/2023 18:00,0.336
12/10/2023 18:30,0.336
12/10/2023 19:00,0.336
12/10/2023 19:30,0.336
12/10/2023 20:00,0.336
12/10/2023 20:30,0.336
12/10/2023 21:00,0.336
12/10/2023 21:30,0.336
12/10/2023 22:00,0.336
12/10/2023 22:30,0.336
12/10/2023 23:00,0.336
12/10/2023 23:30,0.336
12/11/2023 00:00,0.336
12/11/2023 00:30,0.336
12/11/2023 01:00,0.336
12/11/2023 01:30,0.336
12/11/2023 02:00,0.336
12/11/2023 02:30,0.336
12/11/2023 03:00,0.336
12/11/2023 03:30,0.336
12/11/2023 04:00,0.336
12/11/2023 04:30,0.336
12/11/2023 05:00,0.336
12/11/2023 05:30,0.336
12/11/2023 06:00,0.336
12/11/2023 06:30,0.336
12/11/2023 07:00,0.336
12/11/2023 07:30,0.336
12/11/2023 08:00,0.336
12/11/2023 08:30,0.336
12/11/2023 09:00,0.336
12/11/2023 09:30,0.336
12/11/2023 10:00,0.336
12/11/2023 10:30,0.336
12/11/2023 11:00,0.336
12/11/2023 11:30,0.336
12/11/2023 12:00,0.336
12/11/2023 12:30,0.336
12/11/2023 13:00,0.336
12/11/2023 13:30,0.336
12/11/2023 14:00,0.336
12/11/2023 14:30,0.336
12/11/2023 15:00,0.336
12/11/2023 15:30,0.336
12/11/2023 16:00,0.336
12/11/2023 16:30,0.336
12/11/2023 17:00,0.336
12/11/2023 17:30,0.336
12/11/2023 18:00,0.336
12/11/2023 18:30,0.336
12/11/2023 19:00,0.336
12/11/2023 19:30,0.336
12/11/2023 20:00,0.336
12/11/2023 20:30,0.336
12/11/2023 21:00,0.336
12/11/2023 21:30,0.336
12/11/2023 22:00,0.336
12/11/2023 22:30,0.336
12/11/2023 23:00,0.336
12/11/2023 23:30,0.336
12/12/2023 00:00,0.336
12/12/2023 00:30,0.336
12/12/2023 01:00,0.336
12/12/2023 01:30,0.336
12/12/2023 02:00,0.336
12/12/2023 02:30,0.336
12/12/2023 03:00,0.336
12/12/2023 03:30,0.336
12/12/2023 04:00,0.336
12/12/2023 04:30,0.336
12/12/2023 05:00,0.336
12/12/2023 05:30,0.336
12/12/2023 06:00,0.336
12/12/2023 06:30,0.336
12/12/2023 07:00,0.336
12/12/2023 07:30,0.336
12/12/2023 08:00,0.336
12/12/2023 08:30,0.336
12/12/2023 09:00,0.336
12/12/2023 09:30,0.336
12/12/2023 10:00,0.336
12/12/2023 10:30,0.336
12/12/2023 11:00,0.336
12/12/2023 11:30,0.336
12/12/2023 12:00,0.336
12/12/2023 12:30,0.336
12/12/2023 13:00,0.336
12/12/2023 13:30,0.336
12/12/2023 14:00,0.336
12/12/2023 14:30,0.336
12/12/2023 15:00,0.336
12/12/2023 15:30,0.336
12/12/2023 16:00,0.336
12/12/2023 16:30,0.336
12/12/2023 17:00,0.336
12/12/2023 17:30,0.336
12/12/2023 18:00,0.336
12/12/2023 18:30,0.336
12/12/2023 19:00,0.336
12/12/2023 19:30,0.336
12/12/2023 20:00,0.336
12/12/2023 20:30,0.336
12/12/2023 21:00,0.336
12/12/2023 21:30,0.336
12/12/2023 22:00,0.336
12/12/2023 22:30,0.336
12/12/2023 23:00,0.336
12/12/2023 23:30,0.336
12/13/2023 00:00,0.954
12/13/2023 00:30,0.954
12/13/2023 01:00,0.954
12/13/2023 01:30,0.954
12/13/2023 02:00,0.954
12/13/2023 02:30,0.954
12/13/2023 03:00,0.954
12/13/2023 03:30,0.954
12/13/2023 04:00,0.954
12/13/2023 04:30,0.954
12/13/2023 05:00,0.954
12/13/2023 05:30,0.954
12/13/2023 06:00,0.954
12/13/2023 06:30,0.954
12/13/2023 07:00,0.954
12/13/2023 07:30,0.954
12/13/2023 08:00,0.954
12/13/2023 08:30,0.954
12/13/2023 09:00,0.954
12/13/2023 09:30,0.954
12/13/2023 10:00,0.954
12/13/2023 10:30,0.954
12/13/2023 11:00,0.954
12/13/2023 11:30,0.954
12/13/2023 12:00,0.954
12/13/2023 12:30,0.954
12/13/2023 13:00,0.954
12/13/2023 13:30,0.954
12/13/2023 14:00,0.954
12/13/2023 14:30,0.954
12/13/2023 15:00,0.954
12/13/2023 15:30,0.954
12/13/2023 16:00,0.954
12/13/2023 16:30,0.954
12/13/2023 17:00,0.954
12/13/2023 17:30,0.954
12/13/2023 18:00,0.954
12/13/2023 18:30,0.954
12/13/2023 19:00,0.954
12/13/2023 19:30,0.954
12/13/2023 20:00,0.954
12/13/2023 20:30,0.954
12/13/2023 21:00,0.954
12/13/2023 21:30,0.954
12/13/2023 22:00,0.954
12/13/2023 22:30,0.954
12/13/2023 23:00,0.954
12/13/2023 23:30,0.954
12/14/2023 00:00,0.954
12/14/2023 00:30,0.954
12/14/2023 01:00,0.954
12/14/2023 01:30,0.954
12/14/2023 02:00,0.954
12/14/2023 02:30,0.954
12/14/2023 03:00,0.954
12/14/2023 03:30,0.954
12/14/2023 04:00,0.954
12/14/2023 04:30,0.954
12/14/2023 05:00,0.954
12/14/2023 05:30,0.954
12/14/2023 06:00,0.954
12/14/2023 06:30,0.954
12/14/2023 07:00,0.954
12/14/2023 07:30,0.954
12/14/2023 08:00,0.954
12/14/2023 08:30,0.954
12/14/2023 09:00,0.954
12/14/2023 09:30,0.954
12/14/2023 10:00,0.954
12/14/2023 10:30,0.954
12/14/2023 11:00,0.954
12/14/2023 11:30,0.954
12/14/2023 12:00,0.954
12/14/2023 12:30,0.954
12/14/2023 13:00,0.954
12/14/2023 13:30,0.954
12/14/2023 14:00,0.954
12/14/2023 14:30,0.954
12/14/2023 15:00,0.954
12/14/2023 15:30,0.954
12/14/2023 16:00,0.954
12/14/2023 16:30,0.954
12/14/2023 17:00,0.954
12/14/2023 17:30,0.954
12/14/2023 18:00,0.954
12/14/2023 18:30,0.954
12/14/2023 19:00,0.954
12/14/2023 19:30,0.954
12/14/2023 20:00,0.954
12/14/2023 20:30,0.954
12/14/2023 21:00,0.954
12/14/2023 21:30,0.954
12/14/2023 22:00,0.954
12/14/2023 22:30,0.954
12/14/2023 23:00,0.954
12/14/2023 23:30,0.954
12/15/2023 00:00,0.954
12/15/2023 00:30,0.954
12/15/2023 01:00,0.954
12/15/2023 01:30,0.954
12/15/2023 02:00,0.954
12/15/2023 02:30,0.954
12/15/2023 03:00,0.954
12/15/2023 03:30,0.954
12/15/2023 04:00,0.954
12/15/2023 04:30,0.954
12/15/2023 05:00,0.954
12/15/2023 05:30,0.954
12/15/2023 06:00,0.954
12/15/2023 06:30,0.954
12/15/2023 07:00,0.954
12/15/2023 07:30,0.954
12/15/2023 08:00,0.954
12/15/2023 08:30,0.954
12/15/2023 09:00,0.954
12/15/2023 09:30,0.954
12/15/2023 10:00,0.954
12/15/2023 10:30,0.954
12/15/2023 11:00,0.954
12/15/2023 11:30,0.954
12/15/2023 12:00,0.954
12/15/2023 12:30,0.954
12/15/2023 13:00,0.954
12/15/2023 13:30,0.954
12/15/2023 14:00,0.954
12/15/2023 14:30,0.954
12/15/2023 15:00,0.954
12/15/2023 15:30,0.954
12/15/2023 16:00,0.954
12/15/2023 16:30,0.954
12/15/2023 17:00,0.954
12/15/2023 17:30,0.954
12/15/2023 18:00,0.954
12/15/2023 18:30,0.954
12/15/2023 19:00,0.954
12/15/2023 19:30,0.954
12/15/2023 20:00,0.954
12/15/2023 20:30,0.954
12/15/2023 21:00,0.954
12/15/2023 21:30,0.954
12/15/2023 22:00,0.954
12/15/2023 22:30,0.954
12/15/2023 23:00,0.954
12/15/2023 23:30,0.954
12/16/2023 00:00,0.954
12/16/2023 00:00,0.954
12/16/2023 00:00,0.954
12/16/2023 00:30,0.954
12/16/2023 00:30,0.954
12/16/2023 00:30,0.954
12/16/2023 01:00,0.954
12/16/2023 01:00,0.954
12/16/2023 01:00,0.954
12/16/2023 01:30,0.954
12/16/2023 01:30,0.954
12/16/2023 01:30,0.954
12/16/2023 02:00,0.954
12/16/2023 02:00,0.954
12/16/2023 02:00,0.954
12/16/2023 02:30,0.954
12/16/2023 02:30,0.954
12/16/2023 02:30,0.954
12/16/2023 03:00,0.954
12/16/2023 03:00,0.954
12/16/2023 03:00,0.954
12/16/2023 03:30,0.954
12/16/2023 03:30,0.954
12/16/2023 03:30,0.954
12/16/2023 04:00,0.954
12/16/2023 04:00,0.954
12/16/2023 04:00,0.954
12/16/2023 04:30,0.954
12/16/2023 04:30,0.954
12/16/2023 04:30,0.954
12/16/2023 05:00,0.954
12/16/2023 05:00,0.954
12/16/2023 05:00,0.954
12/16/2023 05:30,0.954
12/16/2023 05:30,0.954
12/16/2023 05:30,0.954
12/16/2023 06:00,0.954
12/16/2023 06:00,0.954
12/16/2023 06:00,0.954
12/16/2023 06:30,0.954
12/16/2023 06:30,0.954
12/16/2023 06:30,0.954
12/16/2023 07:00,0.954
12/16/2023 07:00,0.954
12/16/2023 07:00,0.954
12/16/2023 07:30,0.954
12/16/2023 07:30,0.954
12/16/2023 07:30,0.954
12/16/2023 08:00,0.954
12/16/2023 08:00,0.954
12/16/2023 08:00,0.954
12/16/2023 08:30,0.954
12/16/2023 08:30,0.954
12/16/2023 08:30,0.954
12/16/2023 09:00,0.954
12/16/2023 09:00,0.954
12/16/2023 09:00,0.954
12/16/2023 09:30,0.954
12/16/2023 09:30,0.954
12/16/2023 09:30,0.954
12/16/2023 10:00,0.954
12/16/2023 10:00,0.954
12/16/2023 10:00,0.954
12/16/2023 10:30,0.954
12/16/2023 10:30,0.954
12/16/2023 10:30,0.954
12/16/2023 11:00,0.954
12/16/2023 11:00,0.954
12/16/2023 11:00,0.954
12/16/2023 11:30,0.954
12/16/2023 11:30,0.954
12/16/2023 11:30,0.954
12/16/2023 12:00,0.954
12/16/2023 12:00,0.954
12/16/2023 12:00,0.954
12/16/2023 12:30,0.954
12/16/2023 12:30,0.954
12/16/2023 12:30,0.954
12/16/2023 13:00,0.954
12/16/2023 13:00,0.954
12/16/2023 13:00,0.954
12/16/2023 13:30,0.954
12/16/2023 13:30,0.954
12/16/2023 13:30,0.954
12/16/2023 14:00,0.954
12/16/2023 14:00,0.954
12/16/2023 14:00,0.954
12/16/2023 14:30,0.954
12/16/2023 14:30,0.954
12/16/2023 14:30,0.954
12/16/2023 15:00,0.954
12/16/2023 15:00,0.954
12/16/2023 15:00,0.954
12/16/2023 15:30,0.954
12/16/2023 15:30,0.954
12/16/2023 15:30,0.954
12/16/2023 16:00,0.954
12/16/2023 16:00,0.954
12/16/2023 16:00,0.954
12/16/2023 16:30,0.954
12/16/2023 16:30,0.954
12/16/2023 16:30,0.954
12/16/2023 17:00,0.954
12/16/2023 17:00,0.954
12/16/2023 17:00,0.954
12/16/2023 17:30,0.954
12/16/2023 17:30,0.954
12/16/2023 17:30,0.954
12/16/2023 18:00,0.954
12/16/2023 18:00,0.954
12/16/2023 18:00,0.954
12/16/2023 18:30,0.954
12/16/2023 18:30,0.954
12/16/2023 18:30,0.954
12/16/2023 19:00,0.954
12/16/2023 19:00,0.954
12/16/2023 19:00,0.954
12/16/2023 19:30,0.954
12/16/2023 19:30,0.954
12/16/2023 19:30,0.954
12/16/2023 20:00,0.954
12/16/2023 20:00,0.954
12/16/2023 20:00,0.954
12/16/2023 20:30,0.954
12/16/2023 20:30,0.954
12/16/2023 20:30,0.954
12/16/2023 21:00,0.954
12/16/2023 21:00,0.954
12/16/2023 21:00,0.954
12/16/2023 21:30,0.954
12/16/2023 21:30,0.954
12/16/2023 21:30,0.954
12/16/2023 22:00,0.954
12/16/2023 22:00,0.954
12/16/2023 22:00,0.954
12/16/2023 22:30,0.954
12/16/2023 22:30,0.954
12/16/2023 22:30,0.954
12/16/2023 23:00,0.954
12/16/2023 23:00,0.954
12/16/2023 23:00,0.954
12/16/2023 23:30,0.954
12/16/2023 23:30,0.954
12/16/2023 23:30,0.954
12/17/2023 00:00,0.954
12/17/2023 00:00,2.225
12/17/2023 00:00,0.954
12/17/2023 00:00,5.054
12/17/2023 00:00,5.054
12/17/2023 00:00,2.725
12/17/2023 00:00,0.954
12/17/2023 00:30,0.954
12/17/2023 00:30,5.054
12/17/2023 00:30,2.225
12/17/2023 00:30,0.954
12/17/2023 00:30,0.954
12/17/2023 00:30,2.725
12/17/2023 00:30,5.054
12/17/2023 01:00,0.954
12/17/2023 01:00,0.954
12/17/2023 01:00,0.954
12/17/2023 01:00,5.054
12/17/2023 01:00,2.725
12/17/2023 01:00,5.054
12/17/2023 01:00,2.225
12/17/2023 01:30,2.225
12/17/2023 01:30,5.054
12/17/2023 01:30,0.954
12/17/2023 01:30,0.954
12/17/2023 01:30,5.054
12/17/2023 01:30,2.725
12/17/2023 01:30,0.954
12/17/2023 02:00,5.054
12/17/2023 02:00,0.954
12/17/2023 02:00,0.954
12/17/2023 02:00,2.225
12/17/2023 02:00,5.054
12/17/2023 02:00,0.954
12/17/2023 02:00,2.725
12/17/2023 02:30,2.225
12/17/2023 02:30,0.954
12/17/2023 02:30,5.054
12/17/2023 02:30,0.954
12/17/2023 02:30,0.954
12/17/2023 02:30,2.725
12/17/2023 02:30,5.054
12/17/2023 03:00,0.954
12/17/2023 03:00,0.954
12/17/2023 03:00,5.054
12/17/2023 03:00,2.225
12/17/2023 03:00,0.954
12/17/2023 03:00,2.725
12/17/2023 03:00,5.054
12/17/2023 03:30,0.954
12/17/2023 03:30,0.954
12/17/2023 03:30,2.725
12/17/2023 03:30,2.225
12/17/2023 03:30,5.054
12/17/2023 03:30,0.954
12/17/2023 03:30,5.054
12/17/2023 04:00,0.954
12/17/2023 04:00,2.225
12/17/2023 04:00,0.954
12/17/2023 04:00,0.954
12/17/2023 04:00,2.725
12/17/2023 04:00,5.054
12/17/2023 04:00,5.054
12/17/2023 04:30,0.954
12/17/2023 04:30,0.954
12/17/2023 04:30,2.225
12/17/2023 04:30,5.054
12/17/2023 04:30,0.954
12/17/2023 04:30,2.725
12/17/2023 04:30,5.054
12/17/2023 05:00,5.054
12/17/2023 05:00,0.954
12/17/2023 05:00,2.225
12/17/2023 05:00,5.054
12/17/2023 05:00,2.725
12/17/2023 05:00,0.954
12/17/2023 05:00,0.954
12/17/2023 05:30,0.954
12/17/2023 05:30,2.225
12/17/2023 05:30,5.054
12/17/2023 05:30,5.054
12/17/2023 05:30,0.954
12/17/2023 05:30,0.954
12/17/2023 05:30,2.725
12/17/2023 06:00,2.725
12/17/2023 06:00,0.954
12/17/2023 06:00,5.054
12/17/2023 06:00,0.954
12/17/2023 06:00,5.054
12/17/2023 06:00,0.954
12/17/2023 06:00,2.225
12/17/2023 06:30,2.225
12/17/2023 06:30,5.054
12/17/2023 06:30,0.954
12/17/2023 06:30,0.954
12/17/2023 06:30,2.725
12/17/2023 06:30,0.954
12/17/2023 06:30,5.054
12/17/2023 07:00,0.954
12/17/2023 07:00,2.225
12/17/2023 07:00,5.054
12/17/2023 07:00,0.954
12/17/2023 07:00,0.954
12/17/2023 07:00,5.054
12/17/2023 07:00,2.725
12/17/2023 07:30,0.954
12/17/2023 07:30,5.054
12/17/2023 07:30,2.725
12/17/2023 07:30,5.054
12/17/2023 07:30,0.954
12/17/2023 07:30,2.225
12/17/2023 07:30,0.954
12/17/2023 08:00,0.954
12/17/2023 08:00,2.225
12/17/2023 08:00,2.725
12/17/2023 08:00,5.054
12/17/2023 08:00,0.954
12/17/2023 08:00,0.954
12/17/2023 08:00,5.054
12/17/2023 08:30,0.954
12/17/2023 08:30,0.954
12/17/2023 08:30,2.225
12/17/2023 08:30,5.054
12/17/2023 08:30,5.054
12/17/2023 08:30,0.954
12/17/2023 08:30,2.725
12/17/2023 09:00,5.054
12/17/2023 09:00,0.954
12/17/2023 09:00,0.954
12/17/2023 09:00,0.954
12/17/2023 09:00,5.054
12/17/2023 09:00,2.225
12/17/2023 09:00,2.725
12/17/2023 09:30,5.054
12/17/2023 09:30,2.225
12/17/2023 09:30,5.054
12/17/2023 09:30,2.725
12/17/2023 09:30,0.954
12/17/2023 09:30,0.954
12/17/2023 09:30,0.954
12/17/2023 10:00,2.225
12/17/2023 10:00,5.054
12/17/2023 10:00,2.725
12/17/2023 10:00,5.054
12/17/2023 10:00,0.954
12/17/2023 10:00,0.954
12/17/2023 10:00,0.954
12/17/2023 10:30,2.725
12/17/2023 10:30,0.954
12/17/2023 10:30,0.954
12/17/2023 10:30,5.054
12/17/2023 10:30,5.054
12/17/2023 10:30,0.954
12/17/2023 10:30,2.225
12/17/2023 11:00,5.054
12/17/2023 11:00,0.954
12/17/2023 11:00,2.225
12/17/2023 11:00,2.725
12/17/2023 11:00,0.954
12/17/2023 11:00,0.954
12/17/2023 11:00,5.054
12/17/2023 11:30,5.054
12/17/2023 11:30,2.725
12/17/2023 11:30,5.054
12/17/2023 11:30,0.954
12/17/2023 11:30,2.225
12/17/2023 11:30,0.954
12/17/2023 11:30,0.954
12/17/2023 12:00,5.054
12/17/2023 12:00,5.054
12/17/2023 12:00,0.954
12/17/2023 12:00,0.954
12/17/2023 12:00,0.954
12/17/2023 12:00,2.225
12/17/2023 12:00,2.725
12/17/2023 12:30,2.225
12/17/2023 12:30,5.054
12/17/2023 12:30,2.725
12/17/2023 12:30,0.954
12/17/2023 12:30,0.954
12/17/2023 12:30,5.054
12/17/2023 12:30,0.954
12/17/2023 13:00,5.054
12/17/2023 13:00,2.225
12/17/2023 13:00,0.954
12/17/2023 13:00,0.954
12/17/2023 13:00,0.954
12/17/2023 13:00,2.725
12/17/2023 13:00,5.054
12/17/2023 13:30,2.225
12/17/2023 13:30,0.954
12/17/2023 13:30,0.954
12/17/2023 13:30,0.954
12/17/2023 13:30,2.725
12/17/2023 13:30,5.054
12/17/2023 13:30,5.054
12/17/2023 14:00,2.225
12/17/2023 14:00,0.954
12/17/2023 14:00,0.954
12/17/2023 14:00,5.054
12/17/2023 14:00,5.054
12/17/2023 14:00,0.954
12/17/2023 14:00,2.725
12/17/2023 14:30,0.954
12/17/2023 14:30,5.054
12/17/2023 14:30,2.225
12/17/2023 14:30,5.054
12/17/2023 14:30,0.954
12/17/2023 14:30,2.725
12/17/2023 14:30,0.954
12/17/2023 15:00,2.725
12/17/2023 15:00,0.954
12/17/2023 15:00,0.954
12/17/2023 15:00,2.225
12/17/2023 15:00,5.054
12/17/2023 15:00,5.054
12/17/2023 15:00,0.954
12/17/2023 15:30,0.954
12/17/2023 15:30,5.054
12/17/2023 15:30,0.954
12/17/2023 15:30,5.054
12/17/2023 15:30,2.225
12/17/2023 15:30,0.954
12/17/2023 15:30,2.725
12/17/2023 16:00,2.725
12/17/2023 16:00,5.054
12/17/2023 16:00,5.054
12/17/2023 16:00,0.954
12/17/2023 16:00,0.954
12/17/2023 16:00,2.225
12/17/2023 16:00,0.954
12/17/2023 16:30,0.954
12/17/2023 16:30,5.054
12/17/2023 16:30,0.954
12/17/2023 16:30,2.225
12/17/2023 16:30,2.725
12/17/2023 16:30,5.054
12/17/2023 16:30,0.954
12/17/2023 17:00,2.225
12/17/2023 17:00,5.054
12/17/2023 17:00,2.725
12/17/2023 17:00,0.954
12/17/2023 17:00,0.954
12/17/2023 17:00,0.954
12/17/2023 17:00,5.054
12/17/2023 17:30,0.954
12/17/2023 17:30,5.054
12/17/2023 17:30,5.054
12/17/2023 17:30,2.725
12/17/2023 17:30,0.954
12/17/2023 17:30,2.225
12/17/2023 17:30,0.954
12/17/2023 18:00,5.054
12/17/2023 18:00,0.954
12/17/2023 18:00,2.725
12/17/2023 18:00,2.225
12/17/2023 18:00,0.954
12/17/2023 18:00,5.054
12/17/2023 18:00,0.954
12/17/2023 18:30,2.225
12/17/2023 18:30,5.054
12/17/2023 18:30,0.954
12/17/2023 18:30,0.954
12/17/2023 18:30,5.054
12/17/2023 18:30,0.954
12/17/2023 18:30,2.725
12/17/2023 19:00,5.054
12/17/2023 19:00,5.054
12/17/2023 19:00,0.954
12/17/2023 19:00,0.954
12/17/2023 19:00,0.954
12/17/2023 19:00,2.725
12/17/2023 19:00,2.225
12/17/2023 19:30,2.225
12/17/2023 19:30,2.725
12/17/2023 19:30,0.954
12/17/2023 19:30,0.954
12/17/2023 19:30,0.954
12/17/2023 19:30,5.054
12/17/2023 19:30,5.054
12/17/2023 20:00,0.954
12/17/2023 20:00,5.054
12/17/2023 20:00,2.225
12/17/2023 20:00,0.954
12/17/2023 20:00,2.725
12/17/2023 20:00,5.054
12/17/2023 20:00,0.954
12/17/2023 20:30,5.054
12/17/2023 20:30,0.954
12/17/2023 20:30,0.954
12/17/2023 20:30,2.725
12/17/2023 20:30,5.054
12/17/2023 20:30,0.954
12/17/2023 20:30,2.225
12/17/2023 21:00,2.725
12/17/2023 21:00,2.225
12/17/2023 21:00,5.054
12/17/2023 21:00,0.954
12/17/2023 21:00,0.954
12/17/2023 21:00,0.954
12/17/2023 21:00,5.054
12/17/2023 21:30,0.954
12/17/2023 21:30,5.054
12/17/2023 21:30,2.225
12/17/2023 21:30,0.954
12/17/2023 21:30,5.054
12/17/2023 21:30,2.725
12/17/2023 21:30,0.954
12/17/2023 22:00,2.725
12/17/2023 22:00,0.954
12/17/2023 22:00,0.954
12/17/2023 22:00,5.054
12/17/2023 22:00,0.954
12/17/2023 22:00,5.054
12/17/2023 22:00,2.225
12/17/2023 22:30,2.225
12/17/2023 22:30,0.954
12/17/2023 22:30,5.054
12/17/2023 22:30,0.954
12/17/2023 22:30,0.954
12/17/2023 22:30,2.725
12/17/2023 22:30,5.054
12/17/2023 23:00,5.054
12/17/2023 23:00,0.954
12/17/2023 23:00,5.054
12/17/2023 23:00,0.954
12/17/2023 23:00,2.725
12/17/2023 23:00,0.954
12/17/2023 23:00,2.225
12/17/2023 23:30,5.054
12/17/2023 23:30,0.954
12/17/2023 23:30,2.225
12/17/2023 23:30,5.054
12/17/2023 23:30,2.725
12/17/2023 23:30,0.954
12/17/2023 23:30,0.954
12/18/2023 00:00,15.66
12/18/2023 00:30,15.66
12/18/2023 01:00,15.66
12/18/2023 01:30,15.66
12/18/2023 02:00,15.66
12/18/2023 02:30,15.66
12/18/2023 03:00,15.66
12/18/2023 03:30,15.66
12/18/2023 04:00,15.66
12/18/2023 04:30,15.66
12/18/2023 05:00,15.66
12/18/2023 05:30,15.66
12/18/2023 06:00,15.66
12/18/2023 06:30,15.66
12/18/2023 07:00,15.66
12/18/2023 07:30,15.66
12/18/2023 08:00,15.66
12/18/2023 08:30,15.66
12/18/2023 09:00,15.66
12/18/2023 09:30,15.66
12/18/2023 10:00,15.66
12/18/2023 10:30,15.66
12/18/2023 11:00,15.66
12/18/2023 11:30,15.66
12/18/2023 12:00,15.66
12/18/2023 12:30,15.66
12/18/2023 13:00,15.66
12/18/2023 13:30,15.66
12/18/2023 14:00,15.66
12/18/2023 14:30,15.66
12/18/2023 15:00,15.66
12/18/2023 15:30,15.66
12/18/2023 16:00,15.66
12/18/2023 16:30,15.66
12/18/2023 17:00,15.66
12/18/2023 17:30,15.66
12/18/2023 18:00,15.66
12/18/2023 18:30,15.66
12/18/2023 19:00,15.66
12/18/2023 19:30,15.66
12/18/2023 20:00,15.66
12/18/2023 20:30,15.66
12/18/2023 21:00,15.66
12/18/2023 21:30,15.66
12/18/2023 22:00,15.66
12/18/2023 22:30,15.66
12/18/2023 23:00,15.66
12/18/2023 23:30,15.66
12/19/2023 00:00,1.337
12/19/2023 00:30,1.337
12/19/2023 01:00,1.337
12/19/2023 01:30,1.337
12/19/2023 02:00,1.337
12/19/2023 02:30,1.337
12/19/2023 03:00,1.337
12/19/2023 03:30,1.337
12/19/2023 04:00,1.337
12/19/2023 04:30,1.337
12/19/2023 05:00,1.337
12/19/2023 05:30,1.337
12/19/2023 06:00,1.337
12/19/2023 06:30,1.337
12/19/2023 07:00,1.337
12/19/2023 07:30,1.337
12/19/2023 08:00,1.337
12/19/2023 08:30,1.337
12/19/2023 09:00,1.337
12/19/2023 09:30,1.337
12/19/2023 10:00,1.337
12/19/2023 10:30,1.337
12/19/2023 11:00,1.337
12/19/2023 11:30,1.337
12/19/2023 12:00,1.337
12/19/2023 12:30,1.337
12/19/2023 13:00,1.337
12/19/2023 13:30,1.337
12/19/2023 14:00,1.337
12/19/2023 14:30,1.337
12/19/2023 15:00,1.337
12/19/2023 15:30,1.337
12/19/2023 16:00,1.337
12/19/2023 16:30,1.337
12/19/2023 17:00,1.337
12/19/2023 17:30,1.337
12/19/2023 18:00,1.337
12/19/2023 18:30,1.337
12/19/2023 19:00,1.337
12/19/2023 19:30,1.337
12/19/2023 20:00,1.337
12/19/2023 20:30,1.337
12/19/2023 21:00,1.337
12/19/2023 21:30,1.337
12/19/2023 22:00,1.337
12/19/2023 22:30,1.337
12/19/2023 23:00,1.337
12/19/2023 23:30,1.337
12/20/2023 00:00,1.337
12/20/2023 00:30,1.337
12/20/2023 01:00,1.337
12/20/2023 01:30,1.337
12/20/2023 02:00,1.337
12/20/2023 02:30,1.337
12/20/2023 03:00,1.337
12/20/2023 03:30,1.337
12/20/2023 04:00,1.337
12/20/2023 04:30,1.337
12/20/2023 05:00,1.337
12/20/2023 05:30,1.337
12/20/2023 06:00,1.337
12/20/2023 06:30,1.337
12/20/2023 07:00,1.337
12/20/2023 07:30,1.337
12/20/2023 08:00,1.337
12/20/2023 08:30,1.337
12/20/2023 09:00,1.337
12/20/2023 09:30,1.337
12/20/2023 10:00,1.337
12/20/2023 10:30,1.337
12/20/2023 11:00,1.337
12/20/2023 11:30,1.337
12/20/2023 12:00,1.337
12/20/2023 12:30,1.337
12/20/2023 13:00,1.337
12/20/2023 13:30,1.337
12/20/2023 14:00,1.337
12/20/2023 14:30,1.337
12/20/2023 15:00,1.337
12/20/2023 15:30,1.337
12/20/2023 16:00,1.337
12/20/2023 16:30,1.337
12/20/2023 17:00,1.337
12/20/2023 17:30,1.337
12/20/2023 18:00,1.337
12/20/2023 18:30,1.337
12/20/2023 19:00,1.337
12/20/2023 19:30,1.337
12/20/2023 20:00,1.337
12/20/2023 20:30,1.337
12/20/2023 21:00,1.337
12/20/2023 21:30,1.337
12/20/2023 22:00,1.337
12/20/2023 22:30,1.337
12/20/2023 23:00,1.337
12/20/2023 23:30,1.337
12/21/2023 00:00,0.954
12/21/2023 00:30,0.954
12/21/2023 01:00,0.954
12/21/2023 01:30,0.954
12/21/2023 02:00,0.954
12/21/2023 02:30,0.954
12/21/2023 03:00,0.954
12/21/2023 03:30,0.954
12/21/2023 04:00,0.954
12/21/2023 04:30,0.954
12/21/2023 05:00,0.954
12/21/2023 05:30,0.954
12/21/2023 06:00,0.954
12/21/2023 06:30,0.954
12/21/2023 07:00,0.954
12/21/2023 07:30,0.954
12/21/2023 08:00,0.954
12/21/2023 08:30,0.954
12/21/2023 09:00,0.954
12/21/2023 09:30,0.954
12/21/2023 10:00,0.954
12/21/2023 10:30,0.954
12/21/2023 11:00,0.954
12/21/2023 11:30,0.954
12/21/2023 12:00,0.954
12/21/2023 12:30,0.954
12/21/2023 13:00,0.954
12/21/2023 13:30,0.954
12/21/2023 14:00,0.954
12/21/2023 14:30,0.954
12/21/2023 15:00,0.954
12/21/2023 15:30,0.954
12/21/2023 16:00,0.954
12/21/2023 16:30,0.954
12/21/2023 17:00,0.954
12/21/2023 17:30,0.954
12/21/2023 18:00,0.954
12/21/2023 18:30,0.954
12/21/2023 19:00,0.954
12/21/2023 19:30,0.954
12/21/2023 20:00,0.954
12/21/2023 20:30,0.954
12/21/2023 21:00,0.954
12/21/2023 21:30,0.954
12/21/2023 22:00,0.954
12/21/2023 22:30,0.954
12/21/2023 23:00,0.954
12/21/2023 23:30,0.954
12/22/2023 00:00,0.954
12/22/2023 00:30,0.954
12/22/2023 01:00,0.954
12/22/2023 01:30,0.954
12/22/2023 02:00,0.954
12/22/2023 02:30,0.954
12/22/2023 03:00,0.954
12/22/2023 03:30,0.954
12/22/2023 04:00,0.954
12/22/2023 04:30,0.954
12/22/2023 05:00,0.954
12/22/2023 05:30,0.954
12/22/2023 06:00,0.954
12/22/2023 06:30,0.954
12/22/2023 07:00,0.954
12/22/2023 07:30,0.954
12/22/2023 08:00,0.954
12/22/2023 08:30,0.954
12/22/2023 09:00,0.954
12/22/2023 09:30,0.954
12/22/2023 10:00,0.954
12/22/2023 10:30,0.954
12/22/2023 11:00,0.954
12/22/2023 11:30,0.954
12/22/2023 12:00,0.954
12/22/2023 12:30,0.954
12/22/2023 13:00,0.954
12/22/2023 13:30,0.954
12/22/2023 14:00,0.954
12/22/2023 14:30,0.954
12/22/2023 15:00,0.954
12/22/2023 15:30,0.954
12/22/2023 16:00,0.954
12/22/2023 16:30,0.954
12/22/2023 17:00,0.954
12/22/2023 17:30,0.954
12/22/2023 18:00,0.954
12/22/2023 18:30,0.954
12/22/2023 19:00,0.954
12/22/2023 19:30,0.954
12/22/2023 20:00,0.954
12/22/2023 20:30,0.954
12/22/2023 21:00,0.954
12/22/2023 21:30,0.954
12/22/2023 22:00,0.954
12/22/2023 22:30,0.954
12/22/2023 23:00,0.954
12/22/2023 23:30,0.954
12/23/2023 00:00,1.337
12/23/2023 00:30,1.337
12/23/2023 01:00,1.337
12/23/2023 01:30,1.337
12/23/2023 02:00,1.337
12/23/2023 02:30,1.337
12/23/2023 03:00,1.337
12/23/2023 03:30,1.337
12/23/2023 04:00,1.337
12/23/2023 04:30,1.337
12/23/2023 05:00,1.337
12/23/2023 05:30,1.337
12/23/2023 06:00,1.337
12/23/2023 06:30,1.337
12/23/2023 07:00,1.337
12/23/2023 07:30,1.337
12/23/2023 08:00,1.337
12/23/2023 08:30,1.337
12/23/2023 09:00,1.337
12/23/2023 09:30,1.337
12/23/2023 10:00,1.337
12/23/2023 10:30,1.337
12/23/2023 11:00,1.337
12/23/2023 11:30,1.337
12/23/2023 12:00,1.337
12/23/2023 12:30,1.337
12/23/2023 13:00,1.337
12/23/2023 13:30,1.337
12/23/2023 14:00,1.337
12/23/2023 14:30,1.337
12/23/2023 15:00,1.337
12/23/2023 15:30,1.337
12/23/2023 16:00,1.337
12/23/2023 16:30,1.337
12/23/2023 17:00,1.337
12/23/2023 17:30,1.337
12/23/2023 18:00,1.337
12/23/2023 18:30,1.337
12/23/2023 19:00,1.337
12/23/2023 19:30,1.337
12/23/2023 20:00,1.337
12/23/2023 20:30,1.337
12/23/2023 21:00,1.337
12/23/2023 21:30,1.337
12/23/2023 22:00,1.337
12/23/2023 22:30,1.337
12/23/2023 23:00,1.337
12/23/2023 23:30,1.337
12/24/2023 00:00,0.954
12/24/2023 00:30,0.954
12/24/2023 01:00,0.954
12/24/2023 01:30,0.954
12/24/2023 02:00,0.954
12/24/2023 02:30,0.954
12/24/2023 03:00,0.954
12/24/2023 03:30,0.954
12/24/2023 04:00,0.954
12/24/2023 04:30,0.954
12/24/2023 05:00,0.954
12/24/2023 05:30,0.954
12/24/2023 06:00,0.954
12/24/2023 06:30,0.954
12/24/2023 07:00,0.954
12/24/2023 07:30,0.954
12/24/2023 08:00,0.954
12/24/2023 08:30,0.954
12/24/2023 09:00,0.954
12/24/2023 09:30,0.954
12/24/2023 10:00,0.954
12/24/2023 10:30,0.954
12/24/2023 11:00,0.954
12/24/2023 11:30,0.954
12/24/2023 12:00,0.954
12/24/2023 12:30,0.954
12/24/2023 13:00,0.954
12/24/2023 13:30,0.954
12/24/2023 14:00,0.954
12/24/2023 14:30,0.954
12/24/2023 15:00,0.954
12/24/2023 15:30,0.954
12/24/2023 16:00,0.954
12/24/2023 16:30,0.954
12/24/2023 17:00,0.954
12/24/2023 17:30,0.954
12/24/2023 18:00,0.954
12/24/2023 18:30,0.954
12/24/2023 19:00,0.954
12/24/2023 19:30,0.954
12/24/2023 20:00,0.954
12/24/2023 20:30,0.954
12/24/2023 21:00,0.954
12/24/2023 21:30,0.954
12/24/2023 22:00,0.954
12/24/2023 22:30,0.954
12/24/2023 23:00,0.954
12/24/2023 23:30,0.954
12/25/2023 00:00,0.954
12/25/2023 00:30,0.954
12/25/2023 01:00,0.954
12/25/2023 01:30,0.954
12/25/2023 02:00,0.954
12/25/2023 02:30,0.954
12/25/2023 03:00,0.954
12/25/2023 03:30,0.954
12/25/2023 04:00,0.954
12/25/2023 04:30,0.954
12/25/2023 05:00,0.954
12/25/2023 05:30,0.954
12/25/2023 06:00,0.954
12/25/2023 06:30,0.954
12/25/2023 07:00,0.954
12/25/2023 07:30,0.954
12/25/2023 08:00,0.954
12/25/2023 08:30,0.954
12/25/2023 09:00,0.954
12/25/2023 09:30,0.954
12/25/2023 10:00,0.954
12/25/2023 10:30,0.954
12/25/2023 11:00,0.954
12/25/2023 11:30,0.954
12/25/2023 12:00,0.954
12/25/2023 12:30,0.954
12/25/2023 13:00,0.954
12/25/2023 13:30,0.954
12/25/2023 14:00,0.954
12/25/2023 14:30,0.954
12/25/2023 15:00,0.954
12/25/2023 15:30,0.954
12/25/2023 16:00,0.954
12/25/2023 16:30,0.954
12/25/2023 17:00,0.954
12/25/2023 17:30,0.954
12/25/2023 18:00,0.954
12/25/2023 18:30,0.954
12/25/2023 19:00,0.954
12/25/2023 19:30,0.954
12/25/2023 20:00,0.954
12/25/2023 20:30,0.954
12/25/2023 21:00,0.954
12/25/2023 21:30,0.954
12/25/2023 22:00,0.954
12/25/2023 22:30,0.954
12/25/2023 23:00,0.954
12/25/2023 23:30,0.954
12/26/2023 00:00,0.954
12/26/2023 00:30,0.954
12/26/2023 01:00,0.954
12/26/2023 01:30,0.954
12/26/2023 02:00,0.954
12/26/2023 02:30,0.954
12/26/2023 03:00,0.954
12/26/2023 03:30,0.954
12/26/2023 04:00,0.954
12/26/2023 04:30,0.954
12/26/2023 05:00,0.954
12/26/2023 05:30,0.954
12/26/2023 06:00,0.954
12/26/2023 06:30,0.954
12/26/2023 07:00,0.954
12/26/2023 07:30,0.954
12/26/2023 08:00,0.954
12/26/2023 08:30,0.954
12/26/2023 09:00,0.954
12/26/2023 09:30,0.954
12/26/2023 10:00,0.954
12/26/2023 10:30,0.954
12/26/2023 11:00,0.954
12/26/2023 11:30,0.954
12/26/2023 12:00,0.954
12/26/2023 12:30,0.954
12/26/2023 13:00,0.954
12/26/2023 13:30,0.954
12/26/2023 14:00,0.954
12/26/2023 14:30,0.954
12/26/2023 15:00,0.954
12/26/2023 15:30,0.954
12/26/2023 16:00,0.954
12/26/2023 16:30,0.954
12/26/2023 17:00,0.954
12/26/2023 17:30,0.954
12/26/2023 18:00,0.954
12/26/2023 18:30,0.954
12/26/2023 19:00,0.954
12/26/2023 19:30,0.954
12/26/2023 20:00,0.954
12/26/2023 20:30,0.954
12/26/2023 21:00,0.954
12/26/2023 21:30,0.954
12/26/2023 22:00,0.954
12/26/2023 22:30,0.954
12/26/2023 23:00,0.954
12/26/2023 23:30,0.954
12/27/2023 00:00,0.954
12/27/2023 00:30,0.954
12/27/2023 01:00,0.954
12/27/2023 01:30,0.954
12/27/2023 02:00,0.954
12/27/2023 02:30,0.954
12/27/2023 03:00,0.954
12/27/2023 03:30,0.954
12/27/2023 04:00,0.954
12/27/2023 04:30,0.954
12/27/2023 05:00,0.954
12/27/2023 05:30,0.954
12/27/2023 06:00,0.954
12/27/2023 06:30,0.954
12/27/2023 07:00,0.954
12/27/2023 07:30,0.954
12/27/2023 08:00,0.954
12/27/2023 08:30,0.954
12/27/2023 09:00,0.954
12/27/2023 09:30,0.954
12/27/2023 10:00,0.954
12/27/2023 10:30,0.954
12/27/2023 11:00,0.954
12/27/2023 11:30,0.954
12/27/2023 12:00,0.954
12/27/2023 12:30,0.954
12/27/2023 13:00,0.954
12/27/2023 13:30,0.954
12/27/2023 14:00,0.954
12/27/2023 14:30,0.954
12/27/2023 15:00,0.954
12/27/2023 15:30,0.954
12/27/2023 16:00,0.954
12/27/2023 16:30,0.954
12/27/2023 17:00,0.954
12/27/2023 17:30,0.954
12/27/2023 18:00,0.954
12/27/2023 18:30,0.954
12/27/2023 19:00,0.954
12/27/2023 19:30,0.954
12/27/2023 20:00,0.954
12/27/2023 20:30,0.954
12/27/2023 21:00,0.954
12/27/2023 21:30,0.954
12/27/2023 22:00,0.954
12/27/2023 22:30,0.954
12/27/2023 23:00,0.954
12/27/2023 23:30,0.954
12/28/2023 00:00,0.954
12/28/2023 00:30,0.954
12/28/2023 01:00,0.954
12/28/2023 01:30,0.954
12/28/2023 02:00,0.954
12/28/2023 02:30,0.954
12/28/2023 03:00,0.954
12/28/2023 03:30,0.954
12/28/2023 04:00,0.954
12/28/2023 04:30,0.954
12/28/2023 05:00,0.954
12/28/2023 05:30,0.954
12/28/2023 06:00,0.954
12/28/2023 06:30,0.954
12/28/2023 07:00,0.954
12/28/2023 07:30,0.954
12/28/2023 08:00,0.954
12/28/2023 08:30,0.954
12/28/2023 09:00,0.954
12/28/2023 09:30,0.954
12/28/2023 10:00,0.954
12/28/2023 10:30,0.954
12/28/2023 11:00,0.954
12/28/2023 11:30,0.954
12/28/2023 12:00,0.954
12/28/2023 12:30,0.954
12/28/2023 13:00,0.954
12/28/2023 13:30,0.954
12/28/2023 14:00,0.954
12/28/2023 14:30,0.954
12/28/2023 15:00,0.954
12/28/2023 15:30,0.954
12/28/2023 16:00,0.954
12/28/2023 16:30,0.954
12/28/2023 17:00,0.954
12/28/2023 17:30,0.954
12/28/2023 18:00,0.954
12/28/2023 18:30,0.954
12/28/2023 19:00,0.954
12/28/2023 19:30,0.954
12/28/2023 20:00,0.954
12/28/2023 20:30,0.954
12/28/2023 21:00,0.954
12/28/2023 21:30,0.954
12/28/2023 22:00,0.954
12/28/2023 22:30,0.954
12/28/2023 23:00,0.954
12/28/2023 23:30,0.954
12/29/2023 00:00,1.337
12/29/2023 00:30,1.337
12/29/2023 01:00,1.337
12/29/2023 01:30,1.337
12/29/2023 02:00,1.337
12/29/2023 02:30,1.337
12/29/2023 03:00,1.337
12/29/2023 03:30,1.337
12/29/2023 04:00,1.337
12/29/2023 04:30,1.337
12/29/2023 05:00,1.337
12/29/2023 05:30,1.337
12/29/2023 06:00,1.337
12/29/2023 06:30,1.337
12/29/2023 07:00,1.337
12/29/2023 07:30,1.337
12/29/2023 08:00,1.337
12/29/2023 08:30,1.337
12/29/2023 09:00,1.337
12/29/2023 09:30,1.337
12/29/2023 10:00,1.337
12/29/2023 10:30,1.337
12/29/2023 11:00,1.337
12/29/2023 11:30,1.337
12/29/2023 12:00,1.337
12/29/2023 12:30,1.337
12/29/2023 13:00,1.337
12/29/2023 13:30,1.337
12/29/2023 14:00,1.337
12/29/2023 14:30,1.337
12/29/2023 15:00,1.337
12/29/2023 15:30,1.337
12/29/2023 16:00,1.337
12/29/2023 16:30,1.337
12/29/2023 17:00,1.337
12/29/2023 17:30,1.337
12/29/2023 18:00,1.337
12/29/2023 18:30,1.337
12/29/2023 19:00,1.337
12/29/2023 19:30,1.337
12/29/2023 20:00,1.337
12/29/2023 20:30,1.337
12/29/2023 21:00,1.337
12/29/2023 21:30,1.337
12/29/2023 22:00,1.337
12/29/2023 22:30,1.337
12/29/2023 23:00,1.337
12/29/2023 23:30,1.337
12/30/2023 00:00,1.337
12/30/2023 00:30,1.337
12/30/2023 01:00,1.337
12/30/2023 01:30,1.337
12/30/2023 02:00,1.337
12/30/2023 02:30,1.337
12/30/2023 03:00,1.337
12/30/2023 03:30,1.337
12/30/2023 04:00,1.337
12/30/2023 04:30,1.337
12/30/2023 05:00,1.337
12/30/2023 05:30,1.337
12/30/2023 06:00,1.337
12/30/2023 06:30,1.337
12/30/2023 07:00,1.337
12/30/2023 07:30,1.337
12/30/2023 08:00,1.337
12/30/2023 08:30,1.337
12/30/2023 09:00,1.337
12/30/2023 09:30,1.337
12/30/2023 10:00,1.337
12/30/2023 10:30,1.337
12/30/2023 11:00,1.337
12/30/2023 11:30,1.337
12/30/2023 12:00,1.337
12/30/2023 12:30,1.337
12/30/2023 13:00,1.337
12/30/2023 13:30,1.337
12/30/2023 14:00,1.337
12/30/2023 14:30,1.337
12/30/2023 15:00,1.337
12/30/2023 15:30,1.337
12/30/2023 16:00,1.337
12/30/2023 16:30,1.337
12/30/2023 17:00,1.337
12/30/2023 17:30,1.337
12/30/2023 18:00,1.337
12/30/2023 18:30,1.337
12/30/2023 19:00,1.337
12/30/2023 19:30,1.337
12/30/2023 20:00,1.337
12/30/2023 20:30,1.337
12/30/2023 21:00,1.337
12/30/2023 21:30,1.337
12/30/2023 22:00,1.337
12/30/2023 22:30,1.337
12/30/2023 23:00,1.337
12/30/2023 23:30,1.337
12/31/2023 00:00,1.761
12/31/2023 00:30,1.761
12/31/2023 01:00,1.761
12/31/2023 01:30,1.761
12/31/2023 02:00,1.761
12/31/2023 02:30,1.761
12/31/2023 03:00,1.761
12/31/2023 03:30,1.761
12/31/2023 04:00,1.761
12/31/2023 04:30,1.761
12/31/2023 05:00,1.761
12/31/2023 05:30,1.761
12/31/2023 06:00,1.761
12/31/2023 06:30,1.761
12/31/2023 07:00,1.761
12/31/2023 07:30,1.761
12/31/2023 08:00,1.761
12/31/2023 08:30,1.761
12/31/2023 09:00,1.761
12/31/2023 09:30,1.761
12/31/2023 10:00,1.761
12/31/2023 10:30,1.761
12/31/2023 11:00,1.761
12/31/2023 11:30,1.761
12/31/2023 12:00,1.761
12/31/2023 12:30,1.761
12/31/2023 13:00,1.761
12/31/2023 13:30,1.761
12/31/2023 14:00,1.761
12/31/2023 14:30,1.761
12/31/2023 15:00,1.761
12/31/2023 15:30,1.761
12/31/2023 16:00,1.761
12/31/2023 16:30,1.761
12/31/2023 17:00,1.761
12/31/2023 17:30,1.761
12/31/2023 18:00,1.761
12/31/2023 18:30,1.761
12/31/2023 19:00,1.761
12/31/2023 19:30,1.761
12/31/2023 20:00,1.761
12/31/2023 20:30,1.761
12/31/2023 21:00,1.761
12/31/2023 21:30,1.761
12/31/2023 22:00,1.761
12/31/2023 22:30,1.761
12/31/2023 23:00,1.761
12/31/2023 23:30,1.761
