01/01/2023 00:00,0.0
01/01/2023 00:30,0.0
01/01/2023 01:00,0.0
01/01/2023 01:30,0.0
01/01/2023 02:00,0.0
01/01/2023 02:30,0.0
01/01/2023 03:00,0.0
01/01/2023 03:30,0.0
01/01/2023 04:00,0.0
01/01/2023 04:30,0.0
01/01/2023 05:00,0.0
01/01/2023 05:30,0.0
01/01/2023 06:00,0.0
01/01/2023 06:30,0.0
01/01/2023 07:00,0.0
01/01/2023 07:30,0.0
01/01/2023 08:00,0.0
01/01/2023 08:30,0.0
01/01/2023 09:00,0.0
01/01/2023 09:30,0.0
01/01/2023 10:00,0.0
01/01/2023 10:30,0.0
01/01/2023 11:00,0.0
01/01/2023 11:30,0.0
01/01/2023 12:00,0.0
01/01/2023 12:30,0.0
01/01/2023 13:00,0.0
01/01/2023 13:30,0.0
01/01/2023 14:00,0.0
01/01/2023 14:30,0.0
01/01/2023 15:00,0.0
01/01/2023 15:30,0.0
01/01/2023 16:00,0.0
01/01/2023 16:30,0.0
01/01/2023 17:00,0.0
01/01/2023 17:30,0.0
01/01/2023 18:00,0.0
01/01/2023 18:30,0.0
01/01/2023 19:00,0.0
01/01/2023 19:30,0.0
01/01/2023 20:00,0.0
01/01/2023 20:30,0.0
01/01/2023 21:00,0.0
01/01/2023 21:30,0.0
01/01/2023 22:00,0.0
01/01/2023 22:30,0.0
01/01/2023 23:00,0.0
01/01/2023 23:30,0.0
01/02/2023 00:00,0.0
01/02/2023 00:30,0.0
01/02/2023 01:00,0.0
01/02/2023 01:30,0.0
01/02/2023 02:00,0.0
01/02/2023 02:30,0.0
01/02/2023 03:00,0.0
01/02/2023 03:30,0.0
01/02/2023 04:00,0.0
01/02/2023 04:30,0.0
01/02/2023 05:00,0.0
01/02/2023 05:30,0.0
01/02/2023 06:00,0.0
01/02/2023 06:30,0.0
01/02/2023 07:00,0.0
01/02/2023 07:30,0.0
01/02/2023 08:00,0.0
01/02/2023 08:30,0.0
01/02/2023 09:00,0.0
01/02/2023 09:30,0.0
01/02/2023 10:00,0.0
01/02/2023 10:30,0.0
01/02/2023 11:00,0.0
01/02/2023 11:30,0.0
01/02/2023 12:00,0.0
01/02/2023 12:30,0.0
01/02/2023 13:00,0.0
01/02/2023 13:30,0.0
01/02/2023 14:00,0.0
01/02/2023 14:30,0.0
01/02/2023 15:00,0.0
01/02/2023 15:30,0.0
01/02/2023 16:00,0.0
01/02/2023 16:30,0.0
01/02/2023 17:00,0.0
01/02/2023 17:30,0.0
01/02/2023 18:00,0.0
01/02/2023 18:30,0.0
01/02/2023 19:00,0.0
01/02/2023 19:30,0.0
01/02/2023 20:00,0.0
01/02/2023 20:30,0.0
01/02/2023 21:00,0.0
01/02/2023 21:30,0.0
01/02/2023 22:00,0.0
01/02/2023 22:30,0.0
01/02/2023 23:00,0.0
01/02/2023 23:30,0.0
01/03/2023 00:00,0.0
01/03/2023 00:30,0.0
01/03/2023 01:00,0.0
01/03/2023 01:30,0.0
01/03/2023 02:00,0.0
01/03/2023 02:30,0.0
01/03/2023 03:00,0.0
01/03/2023 03:30,0.0
01/03/2023 04:00,0.0
01/03/2023 04:30,0.0
01/03/2023 05:00,0.0
01/03/2023 05:30,0.0
01/03/2023 06:00,0.0
01/03/2023 06:30,0.0
01/03/2023 07:00,0.0
01/03/2023 07:30,0.0
01/03/2023 08:00,0.0
01/03/2023 08:30,0.0
01/03/2023 09:00,0.0
01/03/2023 09:30,0.0
01/03/2023 10:00,0.0
01/03/2023 10:30,0.0
01/03/2023 11:00,0.0
01/03/2023 11:30,0.0
01/03/2023 12:00,0.0
01/03/2023 12:30,0.0
01/03/2023 13:00,0.0
01/03/2023 13:30,0.0
01/03/2023 14:00,0.0
01/03/2023 14:30,0.0
01/03/2023 15:00,0.0
01/03/2023 15:30,0.0
01/03/2023 16:00,0.0
01/03/2023 16:30,0.0
01/03/2023 17:00,0.0
01/03/2023 17:30,0.0
01/03/2023 18:00,0.0
01/03/2023 18:30,0.0
01/03/2023 19:00,0.0
01/03/2023 19:30,0.0
01/03/2023 20:00,0.0
01/03/2023 20:30,0.0
01/03/2023 21:00,0.0
01/03/2023 21:30,0.0
01/03/2023 22:00,0.0
01/03/2023 22:30,0.0
01/03/2023 23:00,0.0
01/03/2023 23:30,0.0
01/04/2023 00:00,0.0
01/04/2023 00:30,0.0
01/04/2023 01:00,0.0
01/04/2023 01:30,0.0
01/04/2023 02:00,0.0
01/04/2023 02:30,0.0
01/04/2023 03:00,0.0
01/04/2023 03:30,0.0
01/04/2023 04:00,0.0
01/04/2023 04:30,0.0
01/04/2023 05:00,0.0
01/04/2023 05:30,0.0
01/04/2023 06:00,0.0
01/04/2023 06:30,0.0
01/04/2023 07:00,0.0
01/04/2023 07:30,0.0
01/04/2023 08:00,0.0
01/04/2023 08:30,0.0
01/04/2023 09:00,0.0
01/04/2023 09:30,0.0
01/04/2023 10:00,0.0
01/04/2023 10:30,0.0
01/04/2023 11:00,0.0
01/04/2023 11:30,0.0
01/04/2023 12:00,0.0
01/04/2023 12:30,0.0
01/04/2023 13:00,0.0
01/04/2023 13:30,0.0
01/04/2023 14:00,0.0
01/04/2023 14:30,0.0
01/04/2023 15:00,0.0
01/04/2023 15:30,0.0
01/04/2023 16:00,0.0
01/04/2023 16:30,0.0
01/04/2023 17:00,0.0
01/04/2023 17:30,0.0
01/04/2023 18:00,0.0
01/04/2023 18:30,0.0
01/04/2023 19:00,0.0
01/04/2023 19:30,0.0
01/04/2023 20:00,0.0
01/04/2023 20:30,0.0
01/04/2023 21:00,0.0
01/04/2023 21:30,0.0
01/04/2023 22:00,0.0
01/04/2023 22:30,0.0
01/04/2023 23:00,0.0
01/04/2023 23:30,0.0
01/05/2023 00:00,0.0
01/05/2023 00:30,0.0
01/05/2023 01:00,0.0
01/05/2023 01:30,0.0
01/05/2023 02:00,0.0
01/05/2023 02:30,0.0
01/05/2023 03:00,0.0
01/05/2023 03:30,0.0
01/05/2023 04:00,0.0
01/05/2023 04:30,0.0
01/05/2023 05:00,0.0
01/05/2023 05:30,0.0
01/05/2023 06:00,0.0
01/05/2023 06:30,0.0
01/05/2023 07:00,0.0
01/05/2023 07:30,0.0
01/05/2023 08:00,0.0
01/05/2023 08:30,0.0
01/05/2023 09:00,0.0
01/05/2023 09:30,0.0
01/05/2023 10:00,0.0
01/05/2023 10:30,0.0
01/05/2023 11:00,0.0
01/05/2023 11:30,0.0
01/05/2023 12:00,0.0
01/05/2023 12:30,0.0
01/05/2023 13:00,0.0
01/05/2023 13:30,0.0
01/05/2023 14:00,0.0
01/05/2023 14:30,0.0
01/05/2023 15:00,0.0
01/05/2023 15:30,0.0
01/05/2023 16:00,0.0
01/05/2023 16:30,0.0
01/05/2023 17:00,0.0
01/05/2023 17:30,0.0
01/05/2023 18:00,0.0
01/05/2023 18:30,0.0
01/05/2023 19:00,0.0
01/05/2023 19:30,0.0
01/05/2023 20:00,0.0
01/05/2023 20:30,0.0
01/05/2023 21:00,0.0
01/05/2023 21:30,0.0
01/05/2023 22:00,0.0
01/05/2023 22:30,0.0
01/05/2023 23:00,0.0
01/05/2023 23:30,0.0
01/06/2023 00:00,0.0
01/06/2023 00:30,0.0
01/06/2023 01:00,0.0
01/06/2023 01:30,0.0
01/06/2023 02:00,0.0
01/06/2023 02:30,0.0
01/06/2023 03:00,0.0
01/06/2023 03:30,0.0
01/06/2023 04:00,0.0
01/06/2023 04:30,0.0
01/06/2023 05:00,0.0
01/06/2023 05:30,0.0
01/06/2023 06:00,0.0
01/06/2023 06:30,0.0
01/06/2023 07:00,0.0
01/06/2023 07:30,0.0
01/06/2023 08:00,0.0
01/06/2023 08:30,0.0
01/06/2023 09:00,0.0
01/06/2023 09:30,0.0
01/06/2023 10:00,0.0
01/06/2023 10:30,0.0
01/06/2023 11:00,0.0
01/06/2023 11:30,0.0
01/06/2023 12:00,0.0
01/06/2023 12:30,0.0
01/06/2023 13:00,0.0
01/06/2023 13:30,0.0
01/06/2023 14:00,0.0
01/06/2023 14:30,0.0
01/06/2023 15:00,0.0
01/06/2023 15:30,0.0
01/06/2023 16:00,0.0
01/06/2023 16:30,0.0
01/06/2023 17:00,0.0
01/06/2023 17:30,0.0
01/06/2023 18:00,0.0
01/06/2023 18:30,0.0
01/06/2023 19:00,0.0
01/06/2023 19:30,0.0
01/06/2023 20:00,0.0
01/06/2023 20:30,0.0
01/06/2023 21:00,0.0
01/06/2023 21:30,0.0
01/06/2023 22:00,0.0
01/06/2023 22:30,0.0
01/06/2023 23:00,0.0
01/06/2023 23:30,0.0
01/07/2023 00:00,0.0
01/07/2023 00:30,0.0
01/07/2023 01:00,0.0
01/07/2023 01:30,0.0
01/07/2023 02:00,0.0
01/07/2023 02:30,0.0
01/07/2023 03:00,0.0
01/07/2023 03:30,0.0
01/07/2023 04:00,0.0
01/07/2023 04:30,0.0
01/07/2023 05:00,0.0
01/07/2023 05:30,0.0
01/07/2023 06:00,0.0
01/07/2023 06:30,0.0
01/07/2023 07:00,0.0
01/07/2023 07:30,0.0
01/07/2023 08:00,0.0
01/07/2023 08:30,0.0
01/07/2023 09:00,0.0
01/07/2023 09:30,0.0
01/07/2023 10:00,0.0
01/07/2023 10:30,0.0
01/07/2023 11:00,0.0
01/07/2023 11:30,0.0
01/07/2023 12:00,0.0
01/07/2023 12:30,0.0
01/07/2023 13:00,0.0
01/07/2023 13:30,0.0
01/07/2023 14:00,0.0
01/07/2023 14:30,0.0
01/07/2023 15:00,0.0
01/07/2023 15:30,0.0
01/07/2023 16:00,0.0
01/07/2023 16:30,0.0
01/07/2023 17:00,0.0
01/07/2023 17:30,0.0
01/07/2023 18:00,0.0
01/07/2023 18:30,0.0
01/07/2023 19:00,0.0
01/07/2023 19:30,0.0
01/07/2023 20:00,0.0
01/07/2023 20:30,0.0
01/07/2023 21:00,0.0
01/07/2023 21:30,0.0
01/07/2023 22:00,0.0
01/07/2023 22:30,0.0
01/07/2023 23:00,0.0
01/07/2023 23:30,0.0
01/08/2023 00:00,0.0
01/08/2023 00:30,0.0
01/08/2023 01:00,0.0
01/08/2023 01:30,0.0
01/08/2023 02:00,0.0
01/08/2023 02:30,0.0
01/08/2023 03:00,0.0
01/08/2023 03:30,0.0
01/08/2023 04:00,0.0
01/08/2023 04:30,0.0
01/08/2023 05:00,0.0
01/08/2023 05:30,0.0
01/08/2023 06:00,0.0
01/08/2023 06:30,0.0
01/08/2023 07:00,0.0
01/08/2023 07:30,0.0
01/08/2023 08:00,0.0
01/08/2023 08:30,0.0
01/08/2023 09:00,0.0
01/08/2023 09:30,0.0
01/08/2023 10:00,0.0
01/08/2023 10:30,0.0
01/08/2023 11:00,0.0
01/08/2023 11:30,0.0
01/08/2023 12:00,0.0
01/08/2023 12:30,0.0
01/08/2023 13:00,0.0
01/08/2023 13:30,0.0
01/08/2023 14:00,0.0
01/08/2023 14:30,0.0
01/08/2023 15:00,0.0
01/08/2023 15:30,0.0
01/08/2023 16:00,0.0
01/08/2023 16:30,0.0
01/08/2023 17:00,0.0
01/08/2023 17:30,0.0
01/08/2023 18:00,0.0
01/08/2023 18:30,0.0
01/08/2023 19:00,0.0
01/08/2023 19:30,0.0
01/08/2023 20:00,0.0
01/08/2023 20:30,0.0
01/08/2023 21:00,0.0
01/08/2023 21:30,0.0
01/08/2023 22:00,0.0
01/08/2023 22:30,0.0
01/08/2023 23:00,0.0
01/08/2023 23:30,0.0
01/09/2023 00:00,0.0
01/09/2023 00:30,0.0
01/09/2023 01:00,0.0
01/09/2023 01:30,0.0
01/09/2023 02:00,0.0
01/09/2023 02:30,0.0
01/09/2023 03:00,0.0
01/09/2023 03:30,0.0
01/09/2023 04:00,0.0
01/09/2023 04:30,0.0
01/09/2023 05:00,0.0
01/09/2023 05:30,0.0
01/09/2023 06:00,0.0
01/09/2023 06:30,0.0
01/09/2023 07:00,0.0
01/09/2023 07:30,0.0
01/09/2023 08:00,0.0
01/09/2023 08:30,0.0
01/09/2023 09:00,0.0
01/09/2023 09:30,0.0
01/09/2023 10:00,0.0
01/09/2023 10:30,0.0
01/09/2023 11:00,0.0
01/09/2023 11:30,0.0
01/09/2023 12:00,0.0
01/09/2023 12:30,0.0
01/09/2023 13:00,0.0
01/09/2023 13:30,0.0
01/09/2023 14:00,0.0
01/09/2023 14:30,0.0
01/09/2023 15:00,0.0
01/09/2023 15:30,0.0
01/09/2023 16:00,0.0
01/09/2023 16:30,0.0
01/09/2023 17:00,0.0
01/09/2023 17:30,0.0
01/09/2023 18:00,0.0
01/09/2023 18:30,0.0
01/09/2023 19:00,0.0
01/09/2023 19:30,0.0
01/09/2023 20:00,0.0
01/09/2023 20:30,0.0
01/09/2023 21:00,0.0
01/09/2023 21:30,0.0
01/09/2023 22:00,0.0
01/09/2023 22:30,0.0
01/09/2023 23:00,0.0
01/09/2023 23:30,0.0
01/10/2023 00:00,0.0
01/10/2023 00:30,0.0
01/10/2023 01:00,0.0
01/10/2023 01:30,0.0
01/10/2023 02:00,0.0
01/10/2023 02:30,0.0
01/10/2023 03:00,0.0
01/10/2023 03:30,0.0
01/10/2023 04:00,0.0
01/10/2023 04:30,0.0
01/10/2023 05:00,0.0
01/10/2023 05:30,0.0
01/10/2023 06:00,0.0
01/10/2023 06:30,0.0
01/10/2023 07:00,0.0
01/10/2023 07:30,0.0
01/10/2023 08:00,0.0
01/10/2023 08:30,0.0
01/10/2023 09:00,0.0
01/10/2023 09:30,0.0
01/10/2023 10:00,0.0
01/10/2023 10:30,0.0
01/10/2023 11:00,0.0
01/10/2023 11:30,0.0
01/10/2023 12:00,0.0
01/10/2023 12:30,0.0
01/10/2023 13:00,0.0
01/10/2023 13:30,0.0
01/10/2023 14:00,0.0
01/10/2023 14:30,0.0
01/10/2023 15:00,0.0
01/10/2023 15:30,0.0
01/10/2023 16:00,0.0
01/10/2023 16:30,0.0
01/10/2023 17:00,0.0
01/10/2023 17:30,0.0
01/10/2023 18:00,0.0
01/10/2023 18:30,0.0
01/10/2023 19:00,0.0
01/10/2023 19:30,0.0
01/10/2023 20:00,0.0
01/10/2023 20:30,0.0
01/10/2023 21:00,0.0
01/10/2023 21:30,0.0
01/10/2023 22:00,0.0
01/10/2023 22:30,0.0
01/10/2023 23:00,0.0
01/10/2023 23:30,0.0
01/11/2023 00:00,0.0
01/11/2023 00:30,0.0
01/11/2023 01:00,0.0
01/11/2023 01:30,0.0
01/11/2023 02:00,0.0
01/11/2023 02:30,0.0
01/11/2023 03:00,0.0
01/11/2023 03:30,0.0
01/11/2023 04:00,0.0
01/11/2023 04:30,0.0
01/11/2023 05:00,0.0
01/11/2023 05:30,0.0
01/11/2023 06:00,0.0
01/11/2023 06:30,0.0
01/11/2023 07:00,0.0
01/11/2023 07:30,0.0
01/11/2023 08:00,0.0
01/11/2023 08:30,0.0
01/11/2023 09:00,0.0
01/11/2023 09:30,0.0
01/11/2023 10:00,0.0
01/11/2023 10:30,0.0
01/11/2023 11:00,0.0
01/11/2023 11:30,0.0
01/11/2023 12:00,0.0
01/11/2023 12:30,0.0
01/11/2023 13:00,0.0
01/11/2023 13:30,0.0
01/11/2023 14:00,0.0
01/11/2023 14:30,0.0
01/11/2023 15:00,0.0
01/11/2023 15:30,0.0
01/11/2023 16:00,0.0
01/11/2023 16:30,0.0
01/11/2023 17:00,0.0
01/11/2023 17:30,0.0
01/11/2023 18:00,0.0
01/11/2023 18:30,0.0
01/11/2023 19:00,0.0
01/11/2023 19:30,0.0
01/11/2023 20:00,0.0
01/11/2023 20:30,0.0
01/11/2023 21:00,0.0
01/11/2023 21:30,0.0
01/11/2023 22:00,0.0
01/11/2023 22:30,0.0
01/11/2023 23:00,0.0
01/11/2023 23:30,0.0
01/12/2023 00:00,0.0
01/12/2023 00:30,0.0
01/12/2023 01:00,0.0
01/12/2023 01:30,0.0
01/12/2023 02:00,0.0
01/12/2023 02:30,0.0
01/12/2023 03:00,0.0
01/12/2023 03:30,0.0
01/12/2023 04:00,0.0
01/12/2023 04:30,0.0
01/12/2023 05:00,0.0
01/12/2023 05:30,0.0
01/12/2023 06:00,0.0
01/12/2023 06:30,0.0
01/12/2023 07:00,0.0
01/12/2023 07:30,0.0
01/12/2023 08:00,0.0
01/12/2023 08:30,0.0
01/12/2023 09:00,0.0
01/12/2023 09:30,0.0
01/12/2023 10:00,0.0
01/12/2023 10:30,0.0
01/12/2023 11:00,0.0
01/12/2023 11:30,0.0
01/12/2023 12:00,0.0
01/12/2023 12:30,0.0
01/12/2023 13:00,0.0
01/12/2023 13:30,0.0
01/12/2023 14:00,0.0
01/12/2023 14:30,0.0
01/12/2023 15:00,0.0
01/12/2023 15:30,0.0
01/12/2023 16:00,0.0
01/12/2023 16:30,0.0
01/12/2023 17:00,0.0
01/12/2023 17:30,0.0
01/12/2023 18:00,0.0
01/12/2023 18:30,0.0
01/12/2023 19:00,0.0
01/12/2023 19:30,0.0
01/12/2023 20:00,0.0
01/12/2023 20:30,0.0
01/12/2023 21:00,0.0
01/12/2023 21:30,0.0
01/12/2023 22:00,0.0
01/12/2023 22:30,0.0
01/12/2023 23:00,0.0
01/12/2023 23:30,0.0
01/13/2023 00:00,0.0
01/13/2023 00:30,0.0
01/13/2023 01:00,0.0
01/13/2023 01:30,0.0
01/13/2023 02:00,0.0
01/13/2023 02:30,0.0
01/13/2023 03:00,0.0
01/13/2023 03:30,0.0
01/13/2023 04:00,0.0
01/13/2023 04:30,0.0
01/13/2023 05:00,0.0
01/13/2023 05:30,0.0
01/13/2023 06:00,0.0
01/13/2023 06:30,0.0
01/13/2023 07:00,0.0
01/13/2023 07:30,0.0
01/13/2023 08:00,0.0
01/13/2023 08:30,0.0
01/13/2023 09:00,0.0
01/13/2023 09:30,0.0
01/13/2023 10:00,0.0
01/13/2023 10:30,0.0
01/13/2023 11:00,0.0
01/13/2023 11:30,0.0
01/13/2023 12:00,0.0
01/13/2023 12:30,0.0
01/13/2023 13:00,0.0
01/13/2023 13:30,0.0
01/13/2023 14:00,0.0
01/13/2023 14:30,0.0
01/13/2023 15:00,0.0
01/13/2023 15:30,0.0
01/13/2023 16:00,0.0
01/13/2023 16:30,0.0
01/13/2023 17:00,0.0
01/13/2023 17:30,0.0
01/13/2023 18:00,0.0
01/13/2023 18:30,0.0
01/13/2023 19:00,0.0
01/13/2023 19:30,0.0
01/13/2023 20:00,0.0
01/13/2023 20:30,0.0
01/13/2023 21:00,0.0
01/13/2023 21:30,0.0
01/13/2023 22:00,0.0
01/13/2023 22:30,0.0
01/13/2023 23:00,0.0
01/13/2023 23:30,0.0
01/14/2023 00:00,0.0
01/14/2023 00:30,0.0
01/14/2023 01:00,0.0
01/14/2023 01:30,0.0
01/14/2023 02:00,0.0
01/14/2023 02:30,0.0
01/14/2023 03:00,0.0
01/14/2023 03:30,0.0
01/14/2023 04:00,0.0
01/14/2023 04:30,0.0
01/14/2023 05:00,0.0
01/14/2023 05:30,0.0
01/14/2023 06:00,0.0
01/14/2023 06:30,0.0
01/14/2023 07:00,0.0
01/14/2023 07:30,0.0
01/14/2023 08:00,0.0
01/14/2023 08:30,0.0
01/14/2023 09:00,0.0
01/14/2023 09:30,0.0
01/14/2023 10:00,0.0
01/14/2023 10:30,0.0
01/14/2023 11:00,0.0
01/14/2023 11:30,0.0
01/14/2023 12:00,0.0
01/14/2023 12:30,0.0
01/14/2023 13:00,0.0
01/14/2023 13:30,0.0
01/14/2023 14:00,0.0
01/14/2023 14:30,0.0
01/14/2023 15:00,0.0
01/14/2023 15:30,0.0
01/14/2023 16:00,0.0
01/14/2023 16:30,0.0
01/14/2023 17:00,0.0
01/14/2023 17:30,0.0
01/14/2023 18:00,0.0
01/14/2023 18:30,0.0
01/14/2023 19:00,0.0
01/14/2023 19:30,0.0
01/14/2023 20:00,0.0
01/14/2023 20:30,0.0
01/14/2023 21:00,0.0
01/14/2023 21:30,0.0
01/14/2023 22:00,0.0
01/14/2023 22:30,0.0
01/14/2023 23:00,0.0
01/14/2023 23:30,0.0
01/15/2023 00:00,0.0
01/15/2023 00:30,0.0
01/15/2023 01:00,0.0
01/15/2023 01:30,0.0
01/15/2023 02:00,0.0
01/15/2023 02:30,0.0
01/15/2023 03:00,0.0
01/15/2023 03:30,0.0
01/15/2023 04:00,0.0
01/15/2023 04:30,0.0
01/15/2023 05:00,0.0
01/15/2023 05:30,0.0
01/15/2023 06:00,0.0
01/15/2023 06:30,0.0
01/15/2023 07:00,0.0
01/15/2023 07:30,0.0
01/15/2023 08:00,0.0
01/15/2023 08:30,0.0
01/15/2023 09:00,0.0
01/15/2023 09:30,0.0
01/15/2023 10:00,0.0
01/15/2023 10:30,0.0
01/15/2023 11:00,0.0
01/15/2023 11:30,0.0
01/15/2023 12:00,0.0
01/15/2023 12:30,0.0
01/15/2023 13:00,0.0
01/15/2023 13:30,0.0
01/15/2023 14:00,0.0
01/15/2023 14:30,0.0
01/15/2023 15:00,0.0
01/15/2023 15:30,0.0
01/15/2023 16:00,0.0
01/15/2023 16:30,0.0
01/15/2023 17:00,0.0
01/15/2023 17:30,0.0
01/15/2023 18:00,0.0
01/15/2023 18:30,0.0
01/15/2023 19:00,0.0
01/15/2023 19:30,0.0
01/15/2023 20:00,0.0
01/15/2023 20:30,0.0
01/15/2023 21:00,0.0
01/15/2023 21:30,0.0
01/15/2023 22:00,0.0
01/15/2023 22:30,0.0
01/15/2023 23:00,0.0
01/15/2023 23:30,0.0
01/16/2023 00:00,0.0
01/16/2023 00:30,0.0
01/16/2023 01:00,0.0
01/16/2023 01:30,0.0
01/16/2023 02:00,0.0
01/16/2023 02:30,0.0
01/16/2023 03:00,0.0
01/16/2023 03:30,0.0
01/16/2023 04:00,0.0
01/16/2023 04:30,0.0
01/16/2023 05:00,0.0
01/16/2023 05:30,0.0
01/16/2023 06:00,0.0
01/16/2023 06:30,0.0
01/16/2023 07:00,0.0
01/16/2023 07:30,0.0
01/16/2023 08:00,0.0
01/16/2023 08:30,0.0
01/16/2023 09:00,0.0
01/16/2023 09:30,0.0
01/16/2023 10:00,0.0
01/16/2023 10:30,0.0
01/16/2023 11:00,0.0
01/16/2023 11:30,0.0
01/16/2023 12:00,0.0
01/16/2023 12:30,0.0
01/16/2023 13:00,0.0
01/16/2023 13:30,0.0
01/16/2023 14:00,0.0
01/16/2023 14:30,0.0
01/16/2023 15:00,0.0
01/16/2023 15:30,0.0
01/16/2023 16:00,0.0
01/16/2023 16:30,0.0
01/16/2023 17:00,0.0
01/16/2023 17:30,0.0
01/16/2023 18:00,0.0
01/16/2023 18:30,0.0
01/16/2023 19:00,0.0
01/16/2023 19:30,0.0
01/16/2023 20:00,0.0
01/16/2023 20:30,0.0
01/16/2023 21:00,0.0
01/16/2023 21:30,0.0
01/16/2023 22:00,0.0
01/16/2023 22:30,0.0
01/16/2023 23:00,0.0
01/16/2023 23:30,0.0
01/17/2023 00:00,0.0
01/17/2023 00:30,0.0
01/17/2023 01:00,0.0
01/17/2023 01:30,0.0
01/17/2023 02:00,0.0
01/17/2023 02:30,0.0
01/17/2023 03:00,0.0
01/17/2023 03:30,0.0
01/17/2023 04:00,0.0
01/17/2023 04:30,0.0
01/17/2023 05:00,0.0
01/17/2023 05:30,0.0
01/17/2023 06:00,0.0
01/17/2023 06:30,0.0
01/17/2023 07:00,0.0
01/17/2023 07:30,0.0
01/17/2023 08:00,0.0
01/17/2023 08:30,0.0
01/17/2023 09:00,0.0
01/17/2023 09:30,0.0
01/17/2023 10:00,0.0
01/17/2023 10:30,0.0
01/17/2023 11:00,0.0
01/17/2023 11:30,0.0
01/17/2023 12:00,0.0
01/17/2023 12:30,0.0
01/17/2023 13:00,0.0
01/17/2023 13:30,0.0
01/17/2023 14:00,0.0
01/17/2023 14:30,0.0
01/17/2023 15:00,0.0
01/17/2023 15:30,0.0
01/17/2023 16:00,0.0
01/17/2023 16:30,0.0
01/17/2023 17:00,0.0
01/17/2023 17:30,0.0
01/17/2023 18:00,0.0
01/17/2023 18:30,0.0
01/17/2023 19:00,0.0
01/17/2023 19:30,0.0
01/17/2023 20:00,0.0
01/17/2023 20:30,0.0
01/17/2023 21:00,0.0
01/17/2023 21:30,0.0
01/17/2023 22:00,0.0
01/17/2023 22:30,0.0
01/17/2023 23:00,0.0
01/17/2023 23:30,0.0
01/18/2023 00:00,0.0
01/18/2023 00:30,0.0
01/18/2023 01:00,0.0
01/18/2023 01:30,0.0
01/18/2023 02:00,0.0
01/18/2023 02:30,0.0
01/18/2023 03:00,0.0
01/18/2023 03:30,0.0
01/18/2023 04:00,0.0
01/18/2023 04:30,0.0
01/18/2023 05:00,0.0
01/18/2023 05:30,0.0
01/18/2023 06:00,0.0
01/18/2023 06:30,0.0
01/18/2023 07:00,0.0
01/18/2023 07:30,0.0
01/18/2023 08:00,0.0
01/18/2023 08:30,0.0
01/18/2023 09:00,0.0
01/18/2023 09:30,0.0
01/18/2023 10:00,0.0
01/18/2023 10:30,0.0
01/18/2023 11:00,0.0
01/18/2023 11:30,0.0
01/18/2023 12:00,0.0
01/18/2023 12:30,0.0
01/18/2023 13:00,0.0
01/18/2023 13:30,0.0
01/18/2023 14:00,0.0
01/18/2023 14:30,0.0
01/18/2023 15:00,0.0
01/18/2023 15:30,0.0
01/18/2023 16:00,0.0
01/18/2023 16:30,0.0
01/18/2023 17:00,0.0
01/18/2023 17:30,0.0
01/18/2023 18:00,0.0
01/18/2023 18:30,0.0
01/18/2023 19:00,0.0
01/18/2023 19:30,0.0
01/18/2023 20:00,0.0
01/18/2023 20:30,0.0
01/18/2023 21:00,0.0
01/18/2023 21:30,0.0
01/18/2023 22:00,0.0
01/18/2023 22:30,0.0
01/18/2023 23:00,0.0
01/18/2023 23:30,0.0
01/19/2023 00:00,0.0
01/19/2023 00:30,0.0
01/19/2023 01:00,0.0
01/19/2023 01:30,0.0
01/19/2023 02:00,0.0
01/19/2023 02:30,0.0
01/19/2023 03:00,0.0
01/19/2023 03:30,0.0
01/19/2023 04:00,0.0
01/19/2023 04:30,0.0
01/19/2023 05:00,0.0
01/19/2023 05:30,0.0
01/19/2023 06:00,0.0
01/19/2023 06:30,0.0
01/19/2023 07:00,0.0
01/19/2023 07:30,0.0
01/19/2023 08:00,0.0
01/19/2023 08:30,0.0
01/19/2023 09:00,0.0
01/19/2023 09:30,0.0
01/19/2023 10:00,0.0
01/19/2023 10:30,0.0
01/19/2023 11:00,0.0
01/19/2023 11:30,0.0
01/19/2023 12:00,0.0
01/19/2023 12:30,0.0
01/19/2023 13:00,0.0
01/19/2023 13:30,0.0
01/19/2023 14:00,0.0
01/19/2023 14:30,0.0
01/19/2023 15:00,0.0
01/19/2023 15:30,0.0
01/19/2023 16:00,0.0
01/19/2023 16:30,0.0
01/19/2023 17:00,0.0
01/19/2023 17:30,0.0
01/19/2023 18:00,0.0
01/19/2023 18:30,0.0
01/19/2023 19:00,0.0
01/19/2023 19:30,0.0
01/19/2023 20:00,0.0
01/19/2023 20:30,0.0
01/19/2023 21:00,0.0
01/19/2023 21:30,0.0
01/19/2023 22:00,0.0
01/19/2023 22:30,0.0
01/19/2023 23:00,0.0
01/19/2023 23:30,0.0
01/20/2023 00:00,0.0
01/20/2023 00:30,0.0
01/20/2023 01:00,0.0
01/20/2023 01:30,0.0
01/20/2023 02:00,0.0
01/20/2023 02:30,0.0
01/20/2023 03:00,0.0
01/20/2023 03:30,0.0
01/20/2023 04:00,0.0
01/20/2023 04:30,0.0
01/20/2023 05:00,0.0
01/20/2023 05:30,0.0
01/20/2023 06:00,0.0
01/20/2023 06:30,0.0
01/20/2023 07:00,0.0
01/20/2023 07:30,0.0
01/20/2023 08:00,0.0
01/20/2023 08:30,0.0
01/20/2023 09:00,0.0
01/20/2023 09:30,0.0
01/20/2023 10:00,0.0
01/20/2023 10:30,0.0
01/20/2023 11:00,0.0
01/20/2023 11:30,0.0
01/20/2023 12:00,0.0
01/20/2023 12:30,0.0
01/20/2023 13:00,0.0
01/20/2023 13:30,0.0
01/20/2023 14:00,0.0
01/20/2023 14:30,0.0
01/20/2023 15:00,0.0
01/20/2023 15:30,0.0
01/20/2023 16:00,0.0
01/20/2023 16:30,0.0
01/20/2023 17:00,0.0
01/20/2023 17:30,0.0
01/20/2023 18:00,0.0
01/20/2023 18:30,0.0
01/20/2023 19:00,0.0
01/20/2023 19:30,0.0
01/20/2023 20:00,0.0
01/20/2023 20:30,0.0
01/20/2023 21:00,0.0
01/20/2023 21:30,0.0
01/20/2023 22:00,0.0
01/20/2023 22:30,0.0
01/20/2023 23:00,0.0
01/20/2023 23:30,0.0
01/21/2023 00:00,0.0
01/21/2023 00:30,0.0
01/21/2023 01:00,0.0
01/21/2023 01:30,0.0
01/21/2023 02:00,0.0
01/21/2023 02:30,0.0
01/21/2023 03:00,0.0
01/21/2023 03:30,0.0
01/21/2023 04:00,0.0
01/21/2023 04:30,0.0
01/21/2023 05:00,0.0
01/21/2023 05:30,0.0
01/21/2023 06:00,0.0
01/21/2023 06:30,0.0
01/21/2023 07:00,0.0
01/21/2023 07:30,0.0
01/21/2023 08:00,0.0
01/21/2023 08:30,0.0
01/21/2023 09:00,0.0
01/21/2023 09:30,0.0
01/21/2023 10:00,0.0
01/21/2023 10:30,0.0
01/21/2023 11:00,0.0
01/21/2023 11:30,0.0
01/21/2023 12:00,0.0
01/21/2023 12:30,0.0
01/21/2023 13:00,0.0
01/21/2023 13:30,0.0
01/21/2023 14:00,0.0
01/21/2023 14:30,0.0
01/21/2023 15:00,0.0
01/21/2023 15:30,0.0
01/21/2023 16:00,0.0
01/21/2023 16:30,0.0
01/21/2023 17:00,0.0
01/21/2023 17:30,0.0
01/21/2023 18:00,0.0
01/21/2023 18:30,0.0
01/21/2023 19:00,0.0
01/21/2023 19:30,0.0
01/21/2023 20:00,0.0
01/21/2023 20:30,0.0
01/21/2023 21:00,0.0
01/21/2023 21:30,0.0
01/21/2023 22:00,0.0
01/21/2023 22:30,0.0
01/21/2023 23:00,0.0
01/21/2023 23:30,0.0
01/22/2023 00:00,0.0
01/22/2023 00:30,0.0
01/22/2023 01:00,0.0
01/22/2023 01:30,0.0
01/22/2023 02:00,0.0
01/22/2023 02:30,0.0
01/22/2023 03:00,0.0
01/22/2023 03:30,0.0
01/22/2023 04:00,0.0
01/22/2023 04:30,0.0
01/22/2023 05:00,0.0
01/22/2023 05:30,0.0
01/22/2023 06:00,0.0
01/22/2023 06:30,0.0
01/22/2023 07:00,0.0
01/22/2023 07:30,0.0
01/22/2023 08:00,0.0
01/22/2023 08:30,0.0
01/22/2023 09:00,0.0
01/22/2023 09:30,0.0
01/22/2023 10:00,0.0
01/22/2023 10:30,0.0
01/22/2023 11:00,0.0
01/22/2023 11:30,0.0
01/22/2023 12:00,0.0
01/22/2023 12:30,0.0
01/22/2023 13:00,0.0
01/22/2023 13:30,0.0
01/22/2023 14:00,0.0
01/22/2023 14:30,0.0
01/22/2023 15:00,0.0
01/22/2023 15:30,0.0
01/22/2023 16:00,0.0
01/22/2023 16:30,0.0
01/22/2023 17:00,0.0
01/22/2023 17:30,0.0
01/22/2023 18:00,0.0
01/22/2023 18:30,0.0
01/22/2023 19:00,0.0
01/22/2023 19:30,0.0
01/22/2023 20:00,0.0
01/22/2023 20:30,0.0
01/22/2023 21:00,0.0
01/22/2023 21:30,0.0
01/22/2023 22:00,0.0
01/22/2023 22:30,0.0
01/22/2023 23:00,0.0
01/22/2023 23:30,0.0
01/23/2023 00:00,0.0
01/23/2023 00:30,0.0
01/23/2023 01:00,0.0
01/23/2023 01:30,0.0
01/23/2023 02:00,0.0
01/23/2023 02:30,0.0
01/23/2023 03:00,0.0
01/23/2023 03:30,0.0
01/23/2023 04:00,0.0
01/23/2023 04:30,0.0
01/23/2023 05:00,0.0
01/23/2023 05:30,0.0
01/23/2023 06:00,0.0
01/23/2023 06:30,0.0
01/23/2023 07:00,0.0
01/23/2023 07:30,0.0
01/23/2023 08:00,0.0
01/23/2023 08:30,0.0
01/23/2023 09:00,0.0
01/23/2023 09:30,0.0
01/23/2023 10:00,0.0
01/23/2023 10:30,0.0
01/23/2023 11:00,0.0
01/23/2023 11:30,0.0
01/23/2023 12:00,0.0
01/23/2023 12:30,0.0
01/23/2023 13:00,0.0
01/23/2023 13:30,0.0
01/23/2023 14:00,0.0
01/23/2023 14:30,0.0
01/23/2023 15:00,0.0
01/23/2023 15:30,0.0
01/23/2023 16:00,0.0
01/23/2023 16:30,0.0
01/23/2023 17:00,0.0
01/23/2023 17:30,0.0
01/23/2023 18:00,0.0
01/23/2023 18:30,0.0
01/23/2023 19:00,0.0
01/23/2023 19:30,0.0
01/23/2023 20:00,0.0
01/23/2023 20:30,0.0
01/23/2023 21:00,0.0
01/23/2023 21:30,0.0
01/23/2023 22:00,0.0
01/23/2023 22:30,0.0
01/23/2023 23:00,0.0
01/23/2023 23:30,0.0
01/24/2023 00:00,0.0
01/24/2023 00:30,0.0
01/24/2023 01:00,0.0
01/24/2023 01:30,0.0
01/24/2023 02:00,0.0
01/24/2023 02:30,0.0
01/24/2023 03:00,0.0
01/24/2023 03:30,0.0
01/24/2023 04:00,0.0
01/24/2023 04:30,0.0
01/24/2023 05:00,0.0
01/24/2023 05:30,0.0
01/24/2023 06:00,0.0
01/24/2023 06:30,0.0
01/24/2023 07:00,0.0
01/24/2023 07:30,0.0
01/24/2023 08:00,0.0
01/24/2023 08:30,0.0
01/24/2023 09:00,0.0
01/24/2023 09:30,0.0
01/24/2023 10:00,0.0
01/24/2023 10:30,0.0
01/24/2023 11:00,0.0
01/24/2023 11:30,0.0
01/24/2023 12:00,0.0
01/24/2023 12:30,0.0
01/24/2023 13:00,0.0
01/24/2023 13:30,0.0
01/24/2023 14:00,0.0
01/24/2023 14:30,0.0
01/24/2023 15:00,0.0
01/24/2023 15:30,0.0
01/24/2023 16:00,0.0
01/24/2023 16:30,0.0
01/24/2023 17:00,0.0
01/24/2023 17:30,0.0
01/24/2023 18:00,0.0
01/24/2023 18:30,0.0
01/24/2023 19:00,0.0
01/24/2023 19:30,0.0
01/24/2023 20:00,0.0
01/24/2023 20:30,0.0
01/24/2023 21:00,0.0
01/24/2023 21:30,0.0
01/24/2023 22:00,0.0
01/24/2023 22:30,0.0
01/24/2023 23:00,0.0
01/24/2023 23:30,0.0
01/25/2023 00:00,0.0
01/25/2023 00:30,0.0
01/25/2023 01:00,0.0
01/25/2023 01:30,0.0
01/25/2023 02:00,0.0
01/25/2023 02:30,0.0
01/25/2023 03:00,0.0
01/25/2023 03:30,0.0
01/25/2023 04:00,0.0
01/25/2023 04:30,0.0
01/25/2023 05:00,0.0
01/25/2023 05:30,0.0
01/25/2023 06:00,0.0
01/25/2023 06:30,0.0
01/25/2023 07:00,0.0
01/25/2023 07:30,0.0
01/25/2023 08:00,0.0
01/25/2023 08:30,0.0
01/25/2023 09:00,0.0
01/25/2023 09:30,0.0
01/25/2023 10:00,0.0
01/25/2023 10:30,0.0
01/25/2023 11:00,0.0
01/25/2023 11:30,0.0
01/25/2023 12:00,0.0
01/25/2023 12:30,0.0
01/25/2023 13:00,0.0
01/25/2023 13:30,0.0
01/25/2023 14:00,0.0
01/25/2023 14:30,0.0
01/25/2023 15:00,0.0
01/25/2023 15:30,0.0
01/25/2023 16:00,0.0
01/25/2023 16:30,0.0
01/25/2023 17:00,0.0
01/25/2023 17:30,0.0
01/25/2023 18:00,0.0
01/25/2023 18:30,0.0
01/25/2023 19:00,0.0
01/25/2023 19:30,0.0
01/25/2023 20:00,0.0
01/25/2023 20:30,0.0
01/25/2023 21:00,0.0
01/25/2023 21:30,0.0
01/25/2023 22:00,0.0
01/25/2023 22:30,0.0
01/25/2023 23:00,0.0
01/25/2023 23:30,0.0
01/26/2023 00:00,0.0
01/26/2023 00:30,0.0
01/26/2023 01:00,0.0
01/26/2023 01:30,0.0
01/26/2023 02:00,0.0
01/26/2023 02:30,0.0
01/26/2023 03:00,0.0
01/26/2023 03:30,0.0
01/26/2023 04:00,0.0
01/26/2023 04:30,0.0
01/26/2023 05:00,0.0
01/26/2023 05:30,0.0
01/26/2023 06:00,0.0
01/26/2023 06:30,0.0
01/26/2023 07:00,0.0
01/26/2023 07:30,0.0
01/26/2023 08:00,0.0
01/26/2023 08:30,0.0
01/26/2023 09:00,0.0
01/26/2023 09:30,0.0
01/26/2023 10:00,0.0
01/26/2023 10:30,0.0
01/26/2023 11:00,0.0
01/26/2023 11:30,0.0
01/26/2023 12:00,0.0
01/26/2023 12:30,0.0
01/26/2023 13:00,0.0
01/26/2023 13:30,0.0
01/26/2023 14:00,0.0
01/26/2023 14:30,0.0
01/26/2023 15:00,0.0
01/26/2023 15:30,0.0
01/26/2023 16:00,0.0
01/26/2023 16:30,0.0
01/26/2023 17:00,0.0
01/26/2023 17:30,0.0
01/26/2023 18:00,0.0
01/26/2023 18:30,0.0
01/26/2023 19:00,0.0
01/26/2023 19:30,0.0
01/26/2023 20:00,0.0
01/26/2023 20:30,0.0
01/26/2023 21:00,0.0
01/26/2023 21:30,0.0
01/26/2023 22:00,0.0
01/26/2023 22:30,0.0
01/26/2023 23:00,0.0
01/26/2023 23:30,0.0
01/27/2023 00:00,0.0
01/27/2023 00:30,0.0
01/27/2023 01:00,0.0
01/27/2023 01:30,0.0
01/27/2023 02:00,0.0
01/27/2023 02:30,0.0
01/27/2023 03:00,0.0
01/27/2023 03:30,0.0
01/27/2023 04:00,0.0
01/27/2023 04:30,0.0
01/27/2023 05:00,0.0
01/27/2023 05:30,0.0
01/27/2023 06:00,0.0
01/27/2023 06:30,0.0
01/27/2023 07:00,0.0
01/27/2023 07:30,0.0
01/27/2023 08:00,0.0
01/27/2023 08:30,0.0
01/27/2023 09:00,0.0
01/27/2023 09:30,0.0
01/27/2023 10:00,0.0
01/27/2023 10:30,0.0
01/27/2023 11:00,0.0
01/27/2023 11:30,0.0
01/27/2023 12:00,0.0
01/27/2023 12:30,0.0
01/27/2023 13:00,0.0
01/27/2023 13:30,0.0
01/27/2023 14:00,0.0
01/27/2023 14:30,0.0
01/27/2023 15:00,0.0
01/27/2023 15:30,0.0
01/27/2023 16:00,0.0
01/27/2023 16:30,0.0
01/27/2023 17:00,0.0
01/27/2023 17:30,0.0
01/27/2023 18:00,0.0
01/27/2023 18:30,0.0
01/27/2023 19:00,0.0
01/27/2023 19:30,0.0
01/27/2023 20:00,0.0
01/27/2023 20:30,0.0
01/27/2023 21:00,0.0
01/27/2023 21:30,0.0
01/27/2023 22:00,0.0
01/27/2023 22:30,0.0
01/27/2023 23:00,0.0
01/27/2023 23:30,0.0
01/28/2023 00:00,0.0
01/28/2023 00:30,0.0
01/28/2023 01:00,0.0
01/28/2023 01:30,0.0
01/28/2023 02:00,0.0
01/28/2023 02:30,0.0
01/28/2023 03:00,0.0
01/28/2023 03:30,0.0
01/28/2023 04:00,0.0
01/28/2023 04:30,0.0
01/28/2023 05:00,0.0
01/28/2023 05:30,0.0
01/28/2023 06:00,0.0
01/28/2023 06:30,0.0
01/28/2023 07:00,0.0
01/28/2023 07:30,0.0
01/28/2023 08:00,0.0
01/28/2023 08:30,0.0
01/28/2023 09:00,0.0
01/28/2023 09:30,0.0
01/28/2023 10:00,0.0
01/28/2023 10:30,0.0
01/28/2023 11:00,0.0
01/28/2023 11:30,0.0
01/28/2023 12:00,0.0
01/28/2023 12:30,0.0
01/28/2023 13:00,0.0
01/28/2023 13:30,0.0
01/28/2023 14:00,0.0
01/28/2023 14:30,0.0
01/28/2023 15:00,0.0
01/28/2023 15:30,0.0
01/28/2023 16:00,0.0
01/28/2023 16:30,0.0
01/28/2023 17:00,0.0
01/28/2023 17:30,0.0
01/28/2023 18:00,0.0
01/28/2023 18:30,0.0
01/28/2023 19:00,0.0
01/28/2023 19:30,0.0
01/28/2023 20:00,0.0
01/28/2023 20:30,0.0
01/28/2023 21:00,0.0
01/28/2023 21:30,0.0
01/28/2023 22:00,0.0
01/28/2023 22:30,0.0
01/28/2023 23:00,0.0
01/28/2023 23:30,0.0
01/29/2023 00:00,0.0
01/29/2023 00:30,0.0
01/29/2023 01:00,0.0
01/29/2023 01:30,0.0
01/29/2023 02:00,0.0
01/29/2023 02:30,0.0
01/29/2023 03:00,0.0
01/29/2023 03:30,0.0
01/29/2023 04:00,0.0
01/29/2023 04:30,0.0
01/29/2023 05:00,0.0
01/29/2023 05:30,0.0
01/29/2023 06:00,0.0
01/29/2023 06:30,0.0
01/29/2023 07:00,0.0
01/29/2023 07:30,0.0
01/29/2023 08:00,0.0
01/29/2023 08:30,0.0
01/29/2023 09:00,0.0
01/29/2023 09:30,0.0
01/29/2023 10:00,0.0
01/29/2023 10:30,0.0
01/29/2023 11:00,0.0
01/29/2023 11:30,0.0
01/29/2023 12:00,0.0
01/29/2023 12:30,0.0
01/29/2023 13:00,0.0
01/29/2023 13:30,0.0
01/29/2023 14:00,0.0
01/29/2023 14:30,0.0
01/29/2023 15:00,0.0
01/29/2023 15:30,0.0
01/29/2023 16:00,0.0
01/29/2023 16:30,0.0
01/29/2023 17:00,0.0
01/29/2023 17:30,0.0
01/29/2023 18:00,0.0
01/29/2023 18:30,0.0
01/29/2023 19:00,0.0
01/29/2023 19:30,0.0
01/29/2023 20:00,0.0
01/29/2023 20:30,0.0
01/29/2023 21:00,0.0
01/29/2023 21:30,0.0
01/29/2023 22:00,0.0
01/29/2023 22:30,0.0
01/29/2023 23:00,0.0
01/29/2023 23:30,0.0
01/30/2023 00:00,0.0
01/30/2023 00:30,0.0
01/30/2023 01:00,0.0
01/30/2023 01:30,0.0
01/30/2023 02:00,0.0
01/30/2023 02:30,0.0
01/30/2023 03:00,0.0
01/30/2023 03:30,0.0
01/30/2023 04:00,0.0
01/30/2023 04:30,0.0
01/30/2023 05:00,0.0
01/30/2023 05:30,0.0
01/30/2023 06:00,0.0
01/30/2023 06:30,0.0
01/30/2023 07:00,0.0
01/30/2023 07:30,0.0
01/30/2023 08:00,0.0
01/30/2023 08:30,0.0
01/30/2023 09:00,0.0
01/30/2023 09:30,0.0
01/30/2023 10:00,0.0
01/30/2023 10:30,0.0
01/30/2023 11:00,0.0
01/30/2023 11:30,0.0
01/30/2023 12:00,0.0
01/30/2023 12:30,0.0
01/30/2023 13:00,0.0
01/30/2023 13:30,0.0
01/30/2023 14:00,0.0
01/30/2023 14:30,0.0
01/30/2023 15:00,0.0
01/30/2023 15:30,0.0
01/30/2023 16:00,0.0
01/30/2023 16:30,0.0
01/30/2023 17:00,0.0
01/30/2023 17:30,0.0
01/30/2023 18:00,0.0
01/30/2023 18:30,0.0
01/30/2023 19:00,0.0
01/30/2023 19:30,0.0
01/30/2023 20:00,0.0
01/30/2023 20:30,0.0
01/30/2023 21:00,0.0
01/30/2023 21:30,0.0
01/30/2023 22:00,0.0
01/30/2023 22:30,0.0
01/30/2023 23:00,0.0
01/30/2023 23:30,0.0
01/31/2023 00:00,0.0
01/31/2023 00:30,0.0
01/31/2023 01:00,0.0
01/31/2023 01:30,0.0
01/31/2023 02:00,0.0
01/31/2023 02:30,0.0
01/31/2023 03:00,0.0
01/31/2023 03:30,0.0
01/31/2023 04:00,0.0
01/31/2023 04:30,0.0
01/31/2023 05:00,0.0
01/31/2023 05:30,0.0
01/31/2023 06:00,0.0
01/31/2023 06:30,0.0
01/31/2023 07:00,0.0
01/31/2023 07:30,0.0
01/31/2023 08:00,0.0
01/31/2023 08:30,0.0
01/31/2023 09:00,0.0
01/31/2023 09:30,0.0
01/31/2023 10:00,0.0
01/31/2023 10:30,0.0
01/31/2023 11:00,0.0
01/31/2023 11:30,0.0
01/31/2023 12:00,0.0
01/31/2023 12:30,0.0
01/31/2023 13:00,0.0
01/31/2023 13:30,0.0
01/31/2023 14:00,0.0
01/31/2023 14:30,0.0
01/31/2023 15:00,0.0
01/31/2023 15:30,0.0
01/31/2023 16:00,0.0
01/31/2023 16:30,0.0
01/31/2023 17:00,0.0
01/31/2023 17:30,0.0
01/31/2023 18:00,0.0
01/31/2023 18:30,0.0
01/31/2023 19:00,0.0
01/31/2023 19:30,0.0
01/31/2023 20:00,0.0
01/31/2023 20:30,0.0
01/31/2023 21:00,0.0
01/31/2023 21:30,0.0
01/31/2023 22:00,0.0
01/31/2023 22:30,0.0
01/31/2023 23:00,0.0
01/31/2023 23:30,0.0
02/01/2023 00:00,0.0
02/01/2023 00:30,0.0
02/01/2023 01:00,0.0
02/01/2023 01:30,0.0
02/01/2023 02:00,0.0
02/01/2023 02:30,0.0
02/01/2023 03:00,0.0
02/01/2023 03:30,0.0
02/01/2023 04:00,0.0
02/01/2023 04:30,0.0
02/01/2023 05:00,0.0
02/01/2023 05:30,0.0
02/01/2023 06:00,0.0
02/01/2023 06:30,0.0
02/01/2023 07:00,0.0
02/01/2023 07:30,0.0
02/01/2023 08:00,0.0
02/01/2023 08:30,0.0
02/01/2023 09:00,0.0
02/01/2023 09:30,0.0
02/01/2023 10:00,0.0
02/01/2023 10:30,0.0
02/01/2023 11:00,0.0
02/01/2023 11:30,0.0
02/01/2023 12:00,0.0
02/01/2023 12:30,0.0
02/01/2023 13:00,0.0
02/01/2023 13:30,0.0
02/01/2023 14:00,0.0
02/01/2023 14:30,0.0
02/01/2023 15:00,0.0
02/01/2023 15:30,0.0
02/01/2023 16:00,0.0
02/01/2023 16:30,0.0
02/01/2023 17:00,0.0
02/01/2023 17:30,0.0
02/01/2023 18:00,0.0
02/01/2023 18:30,0.0
02/01/2023 19:00,0.0
02/01/2023 19:30,0.0
02/01/2023 20:00,0.0
02/01/2023 20:30,0.0
02/01/2023 21:00,0.0
02/01/2023 21:30,0.0
02/01/2023 22:00,0.0
02/01/2023 22:30,0.0
02/01/2023 23:00,0.0
02/01/2023 23:30,0.0
02/02/2023 00:00,0.0
02/02/2023 00:30,0.0
02/02/2023 01:00,0.0
02/02/2023 01:30,0.0
02/02/2023 02:00,0.0
02/02/2023 02:30,0.0
02/02/2023 03:00,0.0
02/02/2023 03:30,0.0
02/02/2023 04:00,0.0
02/02/2023 04:30,0.0
02/02/2023 05:00,0.0
02/02/2023 05:30,0.0
02/02/2023 06:00,0.0
02/02/2023 06:30,0.0
02/02/2023 07:00,0.0
02/02/2023 07:30,0.0
02/02/2023 08:00,0.0
02/02/2023 08:30,0.0
02/02/2023 09:00,0.0
02/02/2023 09:30,0.0
02/02/2023 10:00,0.0
02/02/2023 10:30,0.0
02/02/2023 11:00,0.0
02/02/2023 11:30,0.0
02/02/2023 12:00,0.0
02/02/2023 12:30,0.0
02/02/2023 13:00,0.0
02/02/2023 13:30,0.0
02/02/2023 14:00,0.0
02/02/2023 14:30,0.0
02/02/2023 15:00,0.0
02/02/2023 15:30,0.0
02/02/2023 16:00,0.0
02/02/2023 16:30,0.0
02/02/2023 17:00,0.0
02/02/2023 17:30,0.0
02/02/2023 18:00,0.0
02/02/2023 18:30,0.0
02/02/2023 19:00,0.0
02/02/2023 19:30,0.0
02/02/2023 20:00,0.0
02/02/2023 20:30,0.0
02/02/2023 21:00,0.0
02/02/2023 21:30,0.0
02/02/2023 22:00,0.0
02/02/2023 22:30,0.0
02/02/2023 23:00,0.0
02/02/2023 23:30,0.0
02/03/2023 00:00,0.0
02/03/2023 00:30,0.0
02/03/2023 01:00,0.0
02/03/2023 01:30,0.0
02/03/2023 02:00,0.0
02/03/2023 02:30,0.0
02/03/2023 03:00,0.0
02/03/2023 03:30,0.0
02/03/2023 04:00,0.0
02/03/2023 04:30,0.0
02/03/2023 05:00,0.0
02/03/2023 05:30,0.0
02/03/2023 06:00,0.0
02/03/2023 06:30,0.0
02/03/2023 07:00,0.0
02/03/2023 07:30,0.0
02/03/2023 08:00,0.0
02/03/2023 08:30,0.0
02/03/2023 09:00,0.0
02/03/2023 09:30,0.0
02/03/2023 10:00,0.0
02/03/2023 10:30,0.0
02/03/2023 11:00,0.0
02/03/2023 11:30,0.0
02/03/2023 12:00,0.0
02/03/2023 12:30,0.0
02/03/2023 13:00,0.0
02/03/2023 13:30,0.0
02/03/2023 14:00,0.0
02/03/2023 14:30,0.0
02/03/2023 15:00,0.0
02/03/2023 15:30,0.0
02/03/2023 16:00,0.0
02/03/2023 16:30,0.0
02/03/2023 17:00,0.0
02/03/2023 17:30,0.0
02/03/2023 18:00,0.0
02/03/2023 18:30,0.0
02/03/2023 19:00,0.0
02/03/2023 19:30,0.0
02/03/2023 20:00,0.0
02/03/2023 20:30,0.0
02/03/2023 21:00,0.0
02/03/2023 21:30,0.0
02/03/2023 22:00,0.0
02/03/2023 22:30,0.0
02/03/2023 23:00,0.0
02/03/2023 23:30,0.0
02/04/2023 00:00,0.0
02/04/2023 00:30,0.0
02/04/2023 01:00,0.0
02/04/2023 01:30,0.0
02/04/2023 02:00,0.0
02/04/2023 02:30,0.0
02/04/2023 03:00,0.0
02/04/2023 03:30,0.0
02/04/2023 04:00,0.0
02/04/2023 04:30,0.0
02/04/2023 05:00,0.0
02/04/2023 05:30,0.0
02/04/2023 06:00,0.0
02/04/2023 06:30,0.0
02/04/2023 07:00,0.0
02/04/2023 07:30,0.0
02/04/2023 08:00,0.0
02/04/2023 08:30,0.0
02/04/2023 09:00,0.0
02/04/2023 09:30,0.0
02/04/2023 10:00,0.0
02/04/2023 10:30,0.0
02/04/2023 11:00,0.0
02/04/2023 11:30,0.0
02/04/2023 12:00,0.0
02/04/2023 12:30,0.0
02/04/2023 13:00,0.0
02/04/2023 13:30,0.0
02/04/2023 14:00,0.0
02/04/2023 14:30,0.0
02/04/2023 15:00,0.0
02/04/2023 15:30,0.0
02/04/2023 16:00,0.0
02/04/2023 16:30,0.0
02/04/2023 17:00,0.0
02/04/2023 17:30,0.0
02/04/2023 18:00,0.0
02/04/2023 18:30,0.0
02/04/2023 19:00,0.0
02/04/2023 19:30,0.0
02/04/2023 20:00,0.0
02/04/2023 20:30,0.0
02/04/2023 21:00,0.0
02/04/2023 21:30,0.0
02/04/2023 22:00,0.0
02/04/2023 22:30,0.0
02/04/2023 23:00,0.0
02/04/2023 23:30,0.0
02/05/2023 00:00,0.0
02/05/2023 00:30,0.0
02/05/2023 01:00,0.0
02/05/2023 01:30,0.0
02/05/2023 02:00,0.0
02/05/2023 02:30,0.0
02/05/2023 03:00,0.0
02/05/2023 03:30,0.0
02/05/2023 04:00,0.0
02/05/2023 04:30,0.0
02/05/2023 05:00,0.0
02/05/2023 05:30,0.0
02/05/2023 06:00,0.0
02/05/2023 06:30,0.0
02/05/2023 07:00,0.0
02/05/2023 07:30,0.0
02/05/2023 08:00,0.0
02/05/2023 08:30,0.0
02/05/2023 09:00,0.0
02/05/2023 09:30,0.0
02/05/2023 10:00,0.0
02/05/2023 10:30,0.0
02/05/2023 11:00,0.0
02/05/2023 11:30,0.0
02/05/2023 12:00,0.0
02/05/2023 12:30,0.0
02/05/2023 13:00,0.0
02/05/2023 13:30,0.0
02/05/2023 14:00,0.0
02/05/2023 14:30,0.0
02/05/2023 15:00,0.0
02/05/2023 15:30,0.0
02/05/2023 16:00,0.0
02/05/2023 16:30,0.0
02/05/2023 17:00,0.0
02/05/2023 17:30,0.0
02/05/2023 18:00,0.0
02/05/2023 18:30,0.0
02/05/2023 19:00,0.0
02/05/2023 19:30,0.0
02/05/2023 20:00,0.0
02/05/2023 20:30,0.0
02/05/2023 21:00,0.0
02/05/2023 21:30,0.0
02/05/2023 22:00,0.0
02/05/2023 22:30,0.0
02/05/2023 23:00,0.0
02/05/2023 23:30,0.0
02/06/2023 00:00,0.0
02/06/2023 00:30,0.0
02/06/2023 01:00,0.0
02/06/2023 01:30,0.0
02/06/2023 02:00,0.0
02/06/2023 02:30,0.0
02/06/2023 03:00,0.0
02/06/2023 03:30,0.0
02/06/2023 04:00,0.0
02/06/2023 04:30,0.0
02/06/2023 05:00,0.0
02/06/2023 05:30,0.0
02/06/2023 06:00,0.0
02/06/2023 06:30,0.0
02/06/2023 07:00,0.0
02/06/2023 07:30,0.0
02/06/2023 08:00,0.0
02/06/2023 08:30,0.0
02/06/2023 09:00,0.0
02/06/2023 09:30,0.0
02/06/2023 10:00,0.0
02/06/2023 10:30,0.0
02/06/2023 11:00,0.0
02/06/2023 11:30,0.0
02/06/2023 12:00,0.0
02/06/2023 12:30,0.0
02/06/2023 13:00,0.0
02/06/2023 13:30,0.0
02/06/2023 14:00,0.0
02/06/2023 14:30,0.0
02/06/2023 15:00,0.0
02/06/2023 15:30,0.0
02/06/2023 16:00,0.0
02/06/2023 16:30,0.0
02/06/2023 17:00,0.0
02/06/2023 17:30,0.0
02/06/2023 18:00,0.0
02/06/2023 18:30,0.0
02/06/2023 19:00,0.0
02/06/2023 19:30,0.0
02/06/2023 20:00,0.0
02/06/2023 20:30,0.0
02/06/2023 21:00,0.0
02/06/2023 21:30,0.0
02/06/2023 22:00,0.0
02/06/2023 22:30,0.0
02/06/2023 23:00,0.0
02/06/2023 23:30,0.0
02/07/2023 00:00,0.0
02/07/2023 00:30,0.0
02/07/2023 01:00,0.0
02/07/2023 01:30,0.0
02/07/2023 02:00,0.0
02/07/2023 02:30,0.0
02/07/2023 03:00,0.0
02/07/2023 03:30,0.0
02/07/2023 04:00,0.0
02/07/2023 04:30,0.0
02/07/2023 05:00,0.0
02/07/2023 05:30,0.0
02/07/2023 06:00,0.0
02/07/2023 06:30,0.0
02/07/2023 07:00,0.0
02/07/2023 07:30,0.0
02/07/2023 08:00,0.0
02/07/2023 08:30,0.0
02/07/2023 09:00,0.0
02/07/2023 09:30,0.0
02/07/2023 10:00,0.0
02/07/2023 10:30,0.0
02/07/2023 11:00,0.0
02/07/2023 11:30,0.0
02/07/2023 12:00,0.0
02/07/2023 12:30,0.0
02/07/2023 13:00,0.0
02/07/2023 13:30,0.0
02/07/2023 14:00,0.0
02/07/2023 14:30,0.0
02/07/2023 15:00,0.0
02/07/2023 15:30,0.0
02/07/2023 16:00,0.0
02/07/2023 16:30,0.0
02/07/2023 17:00,0.0
02/07/2023 17:30,0.0
02/07/2023 18:00,0.0
02/07/2023 18:30,0.0
02/07/2023 19:00,0.0
02/07/2023 19:30,0.0
02/07/2023 20:00,0.0
02/07/2023 20:30,0.0
02/07/2023 21:00,0.0
02/07/2023 21:30,0.0
02/07/2023 22:00,0.0
02/07/2023 22:30,0.0
02/07/2023 23:00,0.0
02/07/2023 23:30,0.0
02/08/2023 00:00,0.0
02/08/2023 00:30,0.0
02/08/2023 01:00,0.0
02/08/2023 01:30,0.0
02/08/2023 02:00,0.0
02/08/2023 02:30,0.0
02/08/2023 03:00,0.0
02/08/2023 03:30,0.0
02/08/2023 04:00,0.0
02/08/2023 04:30,0.0
02/08/2023 05:00,0.0
02/08/2023 05:30,0.0
02/08/2023 06:00,0.0
02/08/2023 06:30,0.0
02/08/2023 07:00,0.0
02/08/2023 07:30,0.0
02/08/2023 08:00,0.0
02/08/2023 08:30,0.0
02/08/2023 09:00,0.0
02/08/2023 09:30,0.0
02/08/2023 10:00,0.0
02/08/2023 10:30,0.0
02/08/2023 11:00,0.0
02/08/2023 11:30,0.0
02/08/2023 12:00,0.0
02/08/2023 12:30,0.0
02/08/2023 13:00,0.0
02/08/2023 13:30,0.0
02/08/2023 14:00,0.0
02/08/2023 14:30,0.0
02/08/2023 15:00,0.0
02/08/2023 15:30,0.0
02/08/2023 16:00,0.0
02/08/2023 16:30,0.0
02/08/2023 17:00,0.0
02/08/2023 17:30,0.0
02/08/2023 18:00,0.0
02/08/2023 18:30,0.0
02/08/2023 19:00,0.0
02/08/2023 19:30,0.0
02/08/2023 20:00,0.0
02/08/2023 20:30,0.0
02/08/2023 21:00,0.0
02/08/2023 21:30,0.0
02/08/2023 22:00,0.0
02/08/2023 22:30,0.0
02/08/2023 23:00,0.0
02/08/2023 23:30,0.0
02/09/2023 00:00,0.0
02/09/2023 00:30,0.0
02/09/2023 01:00,0.0
02/09/2023 01:30,0.0
02/09/2023 02:00,0.0
02/09/2023 02:30,0.0
02/09/2023 03:00,0.0
02/09/2023 03:30,0.0
02/09/2023 04:00,0.0
02/09/2023 04:30,0.0
02/09/2023 05:00,0.0
02/09/2023 05:30,0.0
02/09/2023 06:00,0.0
02/09/2023 06:30,0.0
02/09/2023 07:00,0.0
02/09/2023 07:30,0.0
02/09/2023 08:00,0.0
02/09/2023 08:30,0.0
02/09/2023 09:00,0.0
02/09/2023 09:30,0.0
02/09/2023 10:00,0.0
02/09/2023 10:30,0.0
02/09/2023 11:00,0.0
02/09/2023 11:30,0.0
02/09/2023 12:00,0.0
02/09/2023 12:30,0.0
02/09/2023 13:00,0.0
02/09/2023 13:30,0.0
02/09/2023 14:00,0.0
02/09/2023 14:30,0.0
02/09/2023 15:00,0.0
02/09/2023 15:30,0.0
02/09/2023 16:00,0.0
02/09/2023 16:30,0.0
02/09/2023 17:00,0.0
02/09/2023 17:30,0.0
02/09/2023 18:00,0.0
02/09/2023 18:30,0.0
02/09/2023 19:00,0.0
02/09/2023 19:30,0.0
02/09/2023 20:00,0.0
02/09/2023 20:30,0.0
02/09/2023 21:00,0.0
02/09/2023 21:30,0.0
02/09/2023 22:00,0.0
02/09/2023 22:30,0.0
02/09/2023 23:00,0.0
02/09/2023 23:30,0.0
02/10/2023 00:00,0.0
02/10/2023 00:30,0.0
02/10/2023 01:00,0.0
02/10/2023 01:30,0.0
02/10/2023 02:00,0.0
02/10/2023 02:30,0.0
02/10/2023 03:00,0.0
02/10/2023 03:30,0.0
02/10/2023 04:00,0.0
02/10/2023 04:30,0.0
02/10/2023 05:00,0.0
02/10/2023 05:30,0.0
02/10/2023 06:00,0.0
02/10/2023 06:30,0.0
02/10/2023 07:00,0.0
02/10/2023 07:30,0.0
02/10/2023 08:00,0.0
02/10/2023 08:30,0.0
02/10/2023 09:00,0.0
02/10/2023 09:30,0.0
02/10/2023 10:00,0.0
02/10/2023 10:30,0.0
02/10/2023 11:00,0.0
02/10/2023 11:30,0.0
02/10/2023 12:00,0.0
02/10/2023 12:30,0.0
02/10/2023 13:00,0.0
02/10/2023 13:30,0.0
02/10/2023 14:00,0.0
02/10/2023 14:30,0.0
02/10/2023 15:00,0.0
02/10/2023 15:30,0.0
02/10/2023 16:00,0.0
02/10/2023 16:30,0.0
02/10/2023 17:00,0.0
02/10/2023 17:30,0.0
02/10/2023 18:00,0.0
02/10/2023 18:30,0.0
02/10/2023 19:00,0.0
02/10/2023 19:30,0.0
02/10/2023 20:00,0.0
02/10/2023 20:30,0.0
02/10/2023 21:00,0.0
02/10/2023 21:30,0.0
02/10/2023 22:00,0.0
02/10/2023 22:30,0.0
02/10/2023 23:00,0.0
02/10/2023 23:30,0.0
02/11/2023 00:00,0.0
02/11/2023 00:30,0.0
02/11/2023 01:00,0.0
02/11/2023 01:30,0.0
02/11/2023 02:00,0.0
02/11/2023 02:30,0.0
02/11/2023 03:00,0.0
02/11/2023 03:30,0.0
02/11/2023 04:00,0.0
02/11/2023 04:30,0.0
02/11/2023 05:00,0.0
02/11/2023 05:30,0.0
02/11/2023 06:00,0.0
02/11/2023 06:30,0.0
02/11/2023 07:00,0.0
02/11/2023 07:30,0.0
02/11/2023 08:00,0.0
02/11/2023 08:30,0.0
02/11/2023 09:00,0.0
02/11/2023 09:30,0.0
02/11/2023 10:00,0.0
02/11/2023 10:30,0.0
02/11/2023 11:00,0.0
02/11/2023 11:30,0.0
02/11/2023 12:00,0.0
02/11/2023 12:30,0.0
02/11/2023 13:00,0.0
02/11/2023 13:30,0.0
02/11/2023 14:00,0.0
02/11/2023 14:30,0.0
02/11/2023 15:00,0.0
02/11/2023 15:30,0.0
02/11/2023 16:00,0.0
02/11/2023 16:30,0.0
02/11/2023 17:00,0.0
02/11/2023 17:30,0.0
02/11/2023 18:00,0.0
02/11/2023 18:30,0.0
02/11/2023 19:00,0.0
02/11/2023 19:30,0.0
02/11/2023 20:00,0.0
02/11/2023 20:30,0.0
02/11/2023 21:00,0.0
02/11/2023 21:30,0.0
02/11/2023 22:00,0.0
02/11/2023 22:30,0.0
02/11/2023 23:00,0.0
02/11/2023 23:30,0.0
02/12/2023 00:00,0.0
02/12/2023 00:30,0.0
02/12/2023 01:00,0.0
02/12/2023 01:30,0.0
02/12/2023 02:00,0.0
02/12/2023 02:30,0.0
02/12/2023 03:00,0.0
02/12/2023 03:30,0.0
02/12/2023 04:00,0.0
02/12/2023 04:30,0.0
02/12/2023 05:00,0.0
02/12/2023 05:30,0.0
02/12/2023 06:00,0.0
02/12/2023 06:30,0.0
02/12/2023 07:00,0.0
02/12/2023 07:30,0.0
02/12/2023 08:00,0.0
02/12/2023 08:30,0.0
02/12/2023 09:00,0.0
02/12/2023 09:30,0.0
02/12/2023 10:00,0.0
02/12/2023 10:30,0.0
02/12/2023 11:00,0.0
02/12/2023 11:30,0.0
02/12/2023 12:00,0.0
02/12/2023 12:30,0.0
02/12/2023 13:00,0.0
02/12/2023 13:30,0.0
02/12/2023 14:00,0.0
02/12/2023 14:30,0.0
02/12/2023 15:00,0.0
02/12/2023 15:30,0.0
02/12/2023 16:00,0.0
02/12/2023 16:30,0.0
02/12/2023 17:00,0.0
02/12/2023 17:30,0.0
02/12/2023 18:00,0.0
02/12/2023 18:30,0.0
02/12/2023 19:00,0.0
02/12/2023 19:30,0.0
02/12/2023 20:00,0.0
02/12/2023 20:30,0.0
02/12/2023 21:00,0.0
02/12/2023 21:30,0.0
02/12/2023 22:00,0.0
02/12/2023 22:30,0.0
02/12/2023 23:00,0.0
02/12/2023 23:30,0.0
02/13/2023 00:00,0.0
02/13/2023 00:30,0.0
02/13/2023 01:00,0.0
02/13/2023 01:30,0.0
02/13/2023 02:00,0.0
02/13/2023 02:30,0.0
02/13/2023 03:00,0.0
02/13/2023 03:30,0.0
02/13/2023 04:00,0.0
02/13/2023 04:30,0.0
02/13/2023 05:00,0.0
02/13/2023 05:30,0.0
02/13/2023 06:00,0.0
02/13/2023 06:30,0.0
02/13/2023 07:00,0.0
02/13/2023 07:30,0.0
02/13/2023 08:00,0.0
02/13/2023 08:30,0.0
02/13/2023 09:00,0.0
02/13/2023 09:30,0.0
02/13/2023 10:00,0.0
02/13/2023 10:30,0.0
02/13/2023 11:00,0.0
02/13/2023 11:30,0.0
02/13/2023 12:00,0.0
02/13/2023 12:30,0.0
02/13/2023 13:00,0.0
02/13/2023 13:30,0.0
02/13/2023 14:00,0.0
02/13/2023 14:30,0.0
02/13/2023 15:00,0.0
02/13/2023 15:30,0.0
02/13/2023 16:00,0.0
02/13/2023 16:30,0.0
02/13/2023 17:00,0.0
02/13/2023 17:30,0.0
02/13/2023 18:00,0.0
02/13/2023 18:30,0.0
02/13/2023 19:00,0.0
02/13/2023 19:30,0.0
02/13/2023 20:00,0.0
02/13/2023 20:30,0.0
02/13/2023 21:00,0.0
02/13/2023 21:30,0.0
02/13/2023 22:00,0.0
02/13/2023 22:30,0.0
02/13/2023 23:00,0.0
02/13/2023 23:30,0.0
02/14/2023 00:00,0.0
02/14/2023 00:30,0.0
02/14/2023 01:00,0.0
02/14/2023 01:30,0.0
02/14/2023 02:00,0.0
02/14/2023 02:30,0.0
02/14/2023 03:00,0.0
02/14/2023 03:30,0.0
02/14/2023 04:00,0.0
02/14/2023 04:30,0.0
02/14/2023 05:00,0.0
02/14/2023 05:30,0.0
02/14/2023 06:00,0.0
02/14/2023 06:30,0.0
02/14/2023 07:00,0.0
02/14/2023 07:30,0.0
02/14/2023 08:00,0.0
02/14/2023 08:30,0.0
02/14/2023 09:00,0.0
02/14/2023 09:30,0.0
02/14/2023 10:00,0.0
02/14/2023 10:30,0.0
02/14/2023 11:00,0.0
02/14/2023 11:30,0.0
02/14/2023 12:00,0.0
02/14/2023 12:30,0.0
02/14/2023 13:00,0.0
02/14/2023 13:30,0.0
02/14/2023 14:00,0.0
02/14/2023 14:30,0.0
02/14/2023 15:00,0.0
02/14/2023 15:30,0.0
02/14/2023 16:00,0.0
02/14/2023 16:30,0.0
02/14/2023 17:00,0.0
02/14/2023 17:30,0.0
02/14/2023 18:00,0.0
02/14/2023 18:30,0.0
02/14/2023 19:00,0.0
02/14/2023 19:30,0.0
02/14/2023 20:00,0.0
02/14/2023 20:30,0.0
02/14/2023 21:00,0.0
02/14/2023 21:30,0.0
02/14/2023 22:00,0.0
02/14/2023 22:30,0.0
02/14/2023 23:00,0.0
02/14/2023 23:30,0.0
02/15/2023 00:00,0.0
02/15/2023 00:30,0.0
02/15/2023 01:00,0.0
02/15/2023 01:30,0.0
02/15/2023 02:00,0.0
02/15/2023 02:30,0.0
02/15/2023 03:00,0.0
02/15/2023 03:30,0.0
02/15/2023 04:00,0.0
02/15/2023 04:30,0.0
02/15/2023 05:00,0.0
02/15/2023 05:30,0.0
02/15/2023 06:00,0.0
02/15/2023 06:30,0.0
02/15/2023 07:00,0.0
02/15/2023 07:30,0.0
02/15/2023 08:00,0.0
02/15/2023 08:30,0.0
02/15/2023 09:00,0.0
02/15/2023 09:30,0.0
02/15/2023 10:00,0.0
02/15/2023 10:30,0.0
02/15/2023 11:00,0.0
02/15/2023 11:30,0.0
02/15/2023 12:00,0.0
02/15/2023 12:30,0.0
02/15/2023 13:00,0.0
02/15/2023 13:30,0.0
02/15/2023 14:00,0.0
02/15/2023 14:30,0.0
02/15/2023 15:00,0.0
02/15/2023 15:30,0.0
02/15/2023 16:00,0.0
02/15/2023 16:30,0.0
02/15/2023 17:00,0.0
02/15/2023 17:30,0.0
02/15/2023 18:00,0.0
02/15/2023 18:30,0.0
02/15/2023 19:00,0.0
02/15/2023 19:30,0.0
02/15/2023 20:00,0.0
02/15/2023 20:30,0.0
02/15/2023 21:00,0.0
02/15/2023 21:30,0.0
02/15/2023 22:00,0.0
02/15/2023 22:30,0.0
02/15/2023 23:00,0.0
02/15/2023 23:30,0.0
02/16/2023 00:00,0.0
02/16/2023 00:30,0.0
02/16/2023 01:00,0.0
02/16/2023 01:30,0.0
02/16/2023 02:00,0.0
02/16/2023 02:30,0.0
02/16/2023 03:00,0.0
02/16/2023 03:30,0.0
02/16/2023 04:00,0.0
02/16/2023 04:30,0.0
02/16/2023 05:00,0.0
02/16/2023 05:30,0.0
02/16/2023 06:00,0.0
02/16/2023 06:30,0.0
02/16/2023 07:00,0.0
02/16/2023 07:30,0.0
02/16/2023 08:00,0.0
02/16/2023 08:30,0.0
02/16/2023 09:00,0.0
02/16/2023 09:30,0.0
02/16/2023 10:00,0.0
02/16/2023 10:30,0.0
02/16/2023 11:00,0.0
02/16/2023 11:30,0.0
02/16/2023 12:00,0.0
02/16/2023 12:30,0.0
02/16/2023 13:00,0.0
02/16/2023 13:30,0.0
02/16/2023 14:00,0.0
02/16/2023 14:30,0.0
02/16/2023 15:00,0.0
02/16/2023 15:30,0.0
02/16/2023 16:00,0.0
02/16/2023 16:30,0.0
02/16/2023 17:00,0.0
02/16/2023 17:30,0.0
02/16/2023 18:00,0.0
02/16/2023 18:30,0.0
02/16/2023 19:00,0.0
02/16/2023 19:30,0.0
02/16/2023 20:00,0.0
02/16/2023 20:30,0.0
02/16/2023 21:00,0.0
02/16/2023 21:30,0.0
02/16/2023 22:00,0.0
02/16/2023 22:30,0.0
02/16/2023 23:00,0.0
02/16/2023 23:30,0.0
02/17/2023 00:00,0.0
02/17/2023 00:30,0.0
02/17/2023 01:00,0.0
02/17/2023 01:30,0.0
02/17/2023 02:00,0.0
02/17/2023 02:30,0.0
02/17/2023 03:00,0.0
02/17/2023 03:30,0.0
02/17/2023 04:00,0.0
02/17/2023 04:30,0.0
02/17/2023 05:00,0.0
02/17/2023 05:30,0.0
02/17/2023 06:00,0.0
02/17/2023 06:30,0.0
02/17/2023 07:00,0.0
02/17/2023 07:30,0.0
02/17/2023 08:00,0.0
02/17/2023 08:30,0.0
02/17/2023 09:00,0.0
02/17/2023 09:30,0.0
02/17/2023 10:00,0.0
02/17/2023 10:30,0.0
02/17/2023 11:00,0.0
02/17/2023 11:30,0.0
02/17/2023 12:00,0.0
02/17/2023 12:30,0.0
02/17/2023 13:00,0.0
02/17/2023 13:30,0.0
02/17/2023 14:00,0.0
02/17/2023 14:30,0.0
02/17/2023 15:00,0.0
02/17/2023 15:30,0.0
02/17/2023 16:00,0.0
02/17/2023 16:30,0.0
02/17/2023 17:00,0.0
02/17/2023 17:30,0.0
02/17/2023 18:00,0.0
02/17/2023 18:30,0.0
02/17/2023 19:00,0.0
02/17/2023 19:30,0.0
02/17/2023 20:00,0.0
02/17/2023 20:30,0.0
02/17/2023 21:00,0.0
02/17/2023 21:30,0.0
02/17/2023 22:00,0.0
02/17/2023 22:30,0.0
02/17/2023 23:00,0.0
02/17/2023 23:30,0.0
02/18/2023 00:00,0.0
02/18/2023 00:30,0.0
02/18/2023 01:00,0.0
02/18/2023 01:30,0.0
02/18/2023 02:00,0.0
02/18/2023 02:30,0.0
02/18/2023 03:00,0.0
02/18/2023 03:30,0.0
02/18/2023 04:00,0.0
02/18/2023 04:30,0.0
02/18/2023 05:00,0.0
02/18/2023 05:30,0.0
02/18/2023 06:00,0.0
02/18/2023 06:30,0.0
02/18/2023 07:00,0.0
02/18/2023 07:30,0.0
02/18/2023 08:00,0.0
02/18/2023 08:30,0.0
02/18/2023 09:00,0.0
02/18/2023 09:30,0.0
02/18/2023 10:00,0.0
02/18/2023 10:30,0.0
02/18/2023 11:00,0.0
02/18/2023 11:30,0.0
02/18/2023 12:00,0.0
02/18/2023 12:30,0.0
02/18/2023 13:00,0.0
02/18/2023 13:30,0.0
02/18/2023 14:00,0.0
02/18/2023 14:30,0.0
02/18/2023 15:00,0.0
02/18/2023 15:30,0.0
02/18/2023 16:00,0.0
02/18/2023 16:30,0.0
02/18/2023 17:00,0.0
02/18/2023 17:30,0.0
02/18/2023 18:00,0.0
02/18/2023 18:30,0.0
02/18/2023 19:00,0.0
02/18/2023 19:30,0.0
02/18/2023 20:00,0.0
02/18/2023 20:30,0.0
02/18/2023 21:00,0.0
02/18/2023 21:30,0.0
02/18/2023 22:00,0.0
02/18/2023 22:30,0.0
02/18/2023 23:00,0.0
02/18/2023 23:30,0.0
02/19/2023 00:00,0.0
02/19/2023 00:30,0.0
02/19/2023 01:00,0.0
02/19/2023 01:30,0.0
02/19/2023 02:00,0.0
02/19/2023 02:30,0.0
02/19/2023 03:00,0.0
02/19/2023 03:30,0.0
02/19/2023 04:00,0.0
02/19/2023 04:30,0.0
02/19/2023 05:00,0.0
02/19/2023 05:30,0.0
02/19/2023 06:00,0.0
02/19/2023 06:30,0.0
02/19/2023 07:00,0.0
02/19/2023 07:30,0.0
02/19/2023 08:00,0.0
02/19/2023 08:30,0.0
02/19/2023 09:00,0.0
02/19/2023 09:30,0.0
02/19/2023 10:00,0.0
02/19/2023 10:30,0.0
02/19/2023 11:00,0.0
02/19/2023 11:30,0.0
02/19/2023 12:00,0.0
02/19/2023 12:30,0.0
02/19/2023 13:00,0.0
02/19/2023 13:30,0.0
02/19/2023 14:00,0.0
02/19/2023 14:30,0.0
02/19/2023 15:00,0.0
02/19/2023 15:30,0.0
02/19/2023 16:00,0.0
02/19/2023 16:30,0.0
02/19/2023 17:00,0.0
02/19/2023 17:30,0.0
02/19/2023 18:00,0.0
02/19/2023 18:30,0.0
02/19/2023 19:00,0.0
02/19/2023 19:30,0.0
02/19/2023 20:00,0.0
02/19/2023 20:30,0.0
02/19/2023 21:00,0.0
02/19/2023 21:30,0.0
02/19/2023 22:00,0.0
02/19/2023 22:30,0.0
02/19/2023 23:00,0.0
02/19/2023 23:30,0.0
02/20/2023 00:00,0.0
02/20/2023 00:30,0.0
02/20/2023 01:00,0.0
02/20/2023 01:30,0.0
02/20/2023 02:00,0.0
02/20/2023 02:30,0.0
02/20/2023 03:00,0.0
02/20/2023 03:30,0.0
02/20/2023 04:00,0.0
02/20/2023 04:30,0.0
02/20/2023 05:00,0.0
02/20/2023 05:30,0.0
02/20/2023 06:00,0.0
02/20/2023 06:30,0.0
02/20/2023 07:00,0.0
02/20/2023 07:30,0.0
02/20/2023 08:00,0.0
02/20/2023 08:30,0.0
02/20/2023 09:00,0.0
02/20/2023 09:30,0.0
02/20/2023 10:00,0.0
02/20/2023 10:30,0.0
02/20/2023 11:00,0.0
02/20/2023 11:30,0.0
02/20/2023 12:00,0.0
02/20/2023 12:30,0.0
02/20/2023 13:00,0.0
02/20/2023 13:30,0.0
02/20/2023 14:00,0.0
02/20/2023 14:30,0.0
02/20/2023 15:00,0.0
02/20/2023 15:30,0.0
02/20/2023 16:00,0.0
02/20/2023 16:30,0.0
02/20/2023 17:00,0.0
02/20/2023 17:30,0.0
02/20/2023 18:00,0.0
02/20/2023 18:30,0.0
02/20/2023 19:00,0.0
02/20/2023 19:30,0.0
02/20/2023 20:00,0.0
02/20/2023 20:30,0.0
02/20/2023 21:00,0.0
02/20/2023 21:30,0.0
02/20/2023 22:00,0.0
02/20/2023 22:30,0.0
02/20/2023 23:00,0.0
02/20/2023 23:30,0.0
02/21/2023 00:00,0.0
02/21/2023 00:30,0.0
02/21/2023 01:00,0.0
02/21/2023 01:30,0.0
02/21/2023 02:00,0.0
02/21/2023 02:30,0.0
02/21/2023 03:00,0.0
02/21/2023 03:30,0.0
02/21/2023 04:00,0.0
02/21/2023 04:30,0.0
02/21/2023 05:00,0.0
02/21/2023 05:30,0.0
02/21/2023 06:00,0.0
02/21/2023 06:30,0.0
02/21/2023 07:00,0.0
02/21/2023 07:30,0.0
02/21/2023 08:00,0.0
02/21/2023 08:30,0.0
02/21/2023 09:00,0.0
02/21/2023 09:30,0.0
02/21/2023 10:00,0.0
02/21/2023 10:30,0.0
02/21/2023 11:00,0.0
02/21/2023 11:30,0.0
02/21/2023 12:00,0.0
02/21/2023 12:30,0.0
02/21/2023 13:00,0.0
02/21/2023 13:30,0.0
02/21/2023 14:00,0.0
02/21/2023 14:30,0.0
02/21/2023 15:00,0.0
02/21/2023 15:30,0.0
02/21/2023 16:00,0.0
02/21/2023 16:30,0.0
02/21/2023 17:00,0.0
02/21/2023 17:30,0.0
02/21/2023 18:00,0.0
02/21/2023 18:30,0.0
02/21/2023 19:00,0.0
02/21/2023 19:30,0.0
02/21/2023 20:00,0.0
02/21/2023 20:30,0.0
02/21/2023 21:00,0.0
02/21/2023 21:30,0.0
02/21/2023 22:00,0.0
02/21/2023 22:30,0.0
02/21/2023 23:00,0.0
02/21/2023 23:30,0.0
02/22/2023 00:00,0.0
02/22/2023 00:30,0.0
02/22/2023 01:00,0.0
02/22/2023 01:30,0.0
02/22/2023 02:00,0.0
02/22/2023 02:30,0.0
02/22/2023 03:00,0.0
02/22/2023 03:30,0.0
02/22/2023 04:00,0.0
02/22/2023 04:30,0.0
02/22/2023 05:00,0.0
02/22/2023 05:30,0.0
02/22/2023 06:00,0.0
02/22/2023 06:30,0.0
02/22/2023 07:00,0.0
02/22/2023 07:30,0.0
02/22/2023 08:00,0.0
02/22/2023 08:30,0.0
02/22/2023 09:00,0.0
02/22/2023 09:30,0.0
02/22/2023 10:00,0.0
02/22/2023 10:30,0.0
02/22/2023 11:00,0.0
02/22/2023 11:30,0.0
02/22/2023 12:00,0.0
02/22/2023 12:30,0.0
02/22/2023 13:00,0.0
02/22/2023 13:30,0.0
02/22/2023 14:00,0.0
02/22/2023 14:30,0.0
02/22/2023 15:00,0.0
02/22/2023 15:30,0.0
02/22/2023 16:00,0.0
02/22/2023 16:30,0.0
02/22/2023 17:00,0.0
02/22/2023 17:30,0.0
02/22/2023 18:00,0.0
02/22/2023 18:30,0.0
02/22/2023 19:00,0.0
02/22/2023 19:30,0.0
02/22/2023 20:00,0.0
02/22/2023 20:30,0.0
02/22/2023 21:00,0.0
02/22/2023 21:30,0.0
02/22/2023 22:00,0.0
02/22/2023 22:30,0.0
02/22/2023 23:00,0.0
02/22/2023 23:30,0.0
02/23/2023 00:00,0.0
02/23/2023 00:30,0.0
02/23/2023 01:00,0.0
02/23/2023 01:30,0.0
02/23/2023 02:00,0.0
02/23/2023 02:30,0.0
02/23/2023 03:00,0.0
02/23/2023 03:30,0.0
02/23/2023 04:00,0.0
02/23/2023 04:30,0.0
02/23/2023 05:00,0.0
02/23/2023 05:30,0.0
02/23/2023 06:00,0.0
02/23/2023 06:30,0.0
02/23/2023 07:00,0.0
02/23/2023 07:30,0.0
02/23/2023 08:00,0.0
02/23/2023 08:30,0.0
02/23/2023 09:00,0.0
02/23/2023 09:30,0.0
02/23/2023 10:00,0.0
02/23/2023 10:30,0.0
02/23/2023 11:00,0.0
02/23/2023 11:30,0.0
02/23/2023 12:00,0.0
02/23/2023 12:30,0.0
02/23/2023 13:00,0.0
02/23/2023 13:30,0.0
02/23/2023 14:00,0.0
02/23/2023 14:30,0.0
02/23/2023 15:00,0.0
02/23/2023 15:30,0.0
02/23/2023 16:00,0.0
02/23/2023 16:30,0.0
02/23/2023 17:00,0.0
02/23/2023 17:30,0.0
02/23/2023 18:00,0.0
02/23/2023 18:30,0.0
02/23/2023 19:00,0.0
02/23/2023 19:30,0.0
02/23/2023 20:00,0.0
02/23/2023 20:30,0.0
02/23/2023 21:00,0.0
02/23/2023 21:30,0.0
02/23/2023 22:00,0.0
02/23/2023 22:30,0.0
02/23/2023 23:00,0.0
02/23/2023 23:30,0.0
02/24/2023 00:00,0.0
02/24/2023 00:30,0.0
02/24/2023 01:00,0.0
02/24/2023 01:30,0.0
02/24/2023 02:00,0.0
02/24/2023 02:30,0.0
02/24/2023 03:00,0.0
02/24/2023 03:30,0.0
02/24/2023 04:00,0.0
02/24/2023 04:30,0.0
02/24/2023 05:00,0.0
02/24/2023 05:30,0.0
02/24/2023 06:00,0.0
02/24/2023 06:30,0.0
02/24/2023 07:00,0.0
02/24/2023 07:30,0.0
02/24/2023 08:00,0.0
02/24/2023 08:30,0.0
02/24/2023 09:00,0.0
02/24/2023 09:30,0.0
02/24/2023 10:00,0.0
02/24/2023 10:30,0.0
02/24/2023 11:00,0.0
02/24/2023 11:30,0.0
02/24/2023 12:00,0.0
02/24/2023 12:30,0.0
02/24/2023 13:00,0.0
02/24/2023 13:30,0.0
02/24/2023 14:00,0.0
02/24/2023 14:30,0.0
02/24/2023 15:00,0.0
02/24/2023 15:30,0.0
02/24/2023 16:00,0.0
02/24/2023 16:30,0.0
02/24/2023 17:00,0.0
02/24/2023 17:30,0.0
02/24/2023 18:00,0.0
02/24/2023 18:30,0.0
02/24/2023 19:00,0.0
02/24/2023 19:30,0.0
02/24/2023 20:00,0.0
02/24/2023 20:30,0.0
02/24/2023 21:00,0.0
02/24/2023 21:30,0.0
02/24/2023 22:00,0.0
02/24/2023 22:30,0.0
02/24/2023 23:00,0.0
02/24/2023 23:30,0.0
02/25/2023 00:00,0.0
02/25/2023 00:30,0.0
02/25/2023 01:00,0.0
02/25/2023 01:30,0.0
02/25/2023 02:00,0.0
02/25/2023 02:30,0.0
02/25/2023 03:00,0.0
02/25/2023 03:30,0.0
02/25/2023 04:00,0.0
02/25/2023 04:30,0.0
02/25/2023 05:00,0.0
02/25/2023 05:30,0.0
02/25/2023 06:00,0.0
02/25/2023 06:30,0.0
02/25/2023 07:00,0.0
02/25/2023 07:30,0.0
02/25/2023 08:00,0.0
02/25/2023 08:30,0.0
02/25/2023 09:00,0.0
02/25/2023 09:30,0.0
02/25/2023 10:00,0.0
02/25/2023 10:30,0.0
02/25/2023 11:00,0.0
02/25/2023 11:30,0.0
02/25/2023 12:00,0.0
02/25/2023 12:30,0.0
02/25/2023 13:00,0.0
02/25/2023 13:30,0.0
02/25/2023 14:00,0.0
02/25/2023 14:30,0.0
02/25/2023 15:00,0.0
02/25/2023 15:30,0.0
02/25/2023 16:00,0.0
02/25/2023 16:30,0.0
02/25/2023 17:00,0.0
02/25/2023 17:30,0.0
02/25/2023 18:00,0.0
02/25/2023 18:30,0.0
02/25/2023 19:00,0.0
02/25/2023 19:30,0.0
02/25/2023 20:00,0.0
02/25/2023 20:30,0.0
02/25/2023 21:00,0.0
02/25/2023 21:30,0.0
02/25/2023 22:00,0.0
02/25/2023 22:30,0.0
02/25/2023 23:00,0.0
02/25/2023 23:30,0.0
02/26/2023 00:00,0.0
02/26/2023 00:30,0.0
02/26/2023 01:00,0.0
02/26/2023 01:30,0.0
02/26/2023 02:00,0.0
02/26/2023 02:30,0.0
02/26/2023 03:00,0.0
02/26/2023 03:30,0.0
02/26/2023 04:00,0.0
02/26/2023 04:30,0.0
02/26/2023 05:00,0.0
02/26/2023 05:30,0.0
02/26/2023 06:00,0.0
02/26/2023 06:30,0.0
02/26/2023 07:00,0.0
02/26/2023 07:30,0.0
02/26/2023 08:00,0.0
02/26/2023 08:30,0.0
02/26/2023 09:00,0.0
02/26/2023 09:30,0.0
02/26/2023 10:00,0.0
02/26/2023 10:30,0.0
02/26/2023 11:00,0.0
02/26/2023 11:30,0.0
02/26/2023 12:00,0.0
02/26/2023 12:30,0.0
02/26/2023 13:00,0.0
02/26/2023 13:30,0.0
02/26/2023 14:00,0.0
02/26/2023 14:30,0.0
02/26/2023 15:00,0.0
02/26/2023 15:30,0.0
02/26/2023 16:00,0.0
02/26/2023 16:30,0.0
02/26/2023 17:00,0.0
02/26/2023 17:30,0.0
02/26/2023 18:00,0.0
02/26/2023 18:30,0.0
02/26/2023 19:00,0.0
02/26/2023 19:30,0.0
02/26/2023 20:00,0.0
02/26/2023 20:30,0.0
02/26/2023 21:00,0.0
02/26/2023 21:30,0.0
02/26/2023 22:00,0.0
02/26/2023 22:30,0.0
02/26/2023 23:00,0.0
02/26/2023 23:30,0.0
02/27/2023 00:00,0.0
02/27/2023 00:30,0.0
02/27/2023 01:00,0.0
02/27/2023 01:30,0.0
02/27/2023 02:00,0.0
02/27/2023 02:30,0.0
02/27/2023 03:00,0.0
02/27/2023 03:30,0.0
02/27/2023 04:00,0.0
02/27/2023 04:30,0.0
02/27/2023 05:00,0.0
02/27/2023 05:30,0.0
02/27/2023 06:00,0.0
02/27/2023 06:30,0.0
02/27/2023 07:00,0.0
02/27/2023 07:30,0.0
02/27/2023 08:00,0.0
02/27/2023 08:30,0.0
02/27/2023 09:00,0.0
02/27/2023 09:30,0.0
02/27/2023 10:00,0.0
02/27/2023 10:30,0.0
02/27/2023 11:00,0.0
02/27/2023 11:30,0.0
02/27/2023 12:00,0.0
02/27/2023 12:30,0.0
02/27/2023 13:00,0.0
02/27/2023 13:30,0.0
02/27/2023 14:00,0.0
02/27/2023 14:30,0.0
02/27/2023 15:00,0.0
02/27/2023 15:30,0.0
02/27/2023 16:00,0.0
02/27/2023 16:30,0.0
02/27/2023 17:00,0.0
02/27/2023 17:30,0.0
02/27/2023 18:00,0.0
02/27/2023 18:30,0.0
02/27/2023 19:00,0.0
02/27/2023 19:30,0.0
02/27/2023 20:00,0.0
02/27/2023 20:30,0.0
02/27/2023 21:00,0.0
02/27/2023 21:30,0.0
02/27/2023 22:00,0.0
02/27/2023 22:30,0.0
02/27/2023 23:00,0.0
02/27/2023 23:30,0.0
02/28/2023 00:00,0.0
02/28/2023 00:30,0.0
02/28/2023 01:00,0.0
02/28/2023 01:30,0.0
02/28/2023 02:00,0.0
02/28/2023 02:30,0.0
02/28/2023 03:00,0.0
02/28/2023 03:30,0.0
02/28/2023 04:00,0.0
02/28/2023 04:30,0.0
02/28/2023 05:00,0.0
02/28/2023 05:30,0.0
02/28/2023 06:00,0.0
02/28/2023 06:30,0.0
02/28/2023 07:00,0.0
02/28/2023 07:30,0.0
02/28/2023 08:00,0.0
02/28/2023 08:30,0.0
02/28/2023 09:00,0.0
02/28/2023 09:30,0.0
02/28/2023 10:00,0.0
02/28/2023 10:30,0.0
02/28/2023 11:00,0.0
02/28/2023 11:30,0.0
02/28/2023 12:00,0.0
02/28/2023 12:30,0.0
02/28/2023 13:00,0.0
02/28/2023 13:30,0.0
02/28/2023 14:00,0.0
02/28/2023 14:30,0.0
02/28/2023 15:00,0.0
02/28/2023 15:30,0.0
02/28/2023 16:00,0.0
02/28/2023 16:30,0.0
02/28/2023 17:00,0.0
02/28/2023 17:30,0.0
02/28/2023 18:00,0.0
02/28/2023 18:30,0.0
02/28/2023 19:00,0.0
02/28/2023 19:30,0.0
02/28/2023 20:00,0.0
02/28/2023 20:30,0.0
02/28/2023 21:00,0.0
02/28/2023 21:30,0.0
02/28/2023 22:00,0.0
02/28/2023 22:30,0.0
02/28/2023 23:00,0.0
02/28/2023 23:30,0.0
03/01/2023 00:00,0.0
03/01/2023 00:30,0.0
03/01/2023 01:00,0.0
03/01/2023 01:30,0.0
03/01/2023 02:00,0.0
03/01/2023 02:30,0.0
03/01/2023 03:00,0.0
03/01/2023 03:30,0.0
03/01/2023 04:00,0.0
03/01/2023 04:30,0.0
03/01/2023 05:00,0.0
03/01/2023 05:30,0.0
03/01/2023 06:00,0.0
03/01/2023 06:30,0.0
03/01/2023 07:00,0.0
03/01/2023 07:30,0.0
03/01/2023 08:00,0.0
03/01/2023 08:30,0.0
03/01/2023 09:00,0.0
03/01/2023 09:30,0.0
03/01/2023 10:00,0.0
03/01/2023 10:30,0.0
03/01/2023 11:00,0.0
03/01/2023 11:30,0.0
03/01/2023 12:00,0.0
03/01/2023 12:30,0.0
03/01/2023 13:00,0.0
03/01/2023 13:30,0.0
03/01/2023 14:00,0.0
03/01/2023 14:30,0.0
03/01/2023 15:00,0.0
03/01/2023 15:30,0.0
03/01/2023 16:00,0.0
03/01/2023 16:30,0.0
03/01/2023 17:00,0.0
03/01/2023 17:30,0.0
03/01/2023 18:00,0.0
03/01/2023 18:30,0.0
03/01/2023 19:00,0.0
03/01/2023 19:30,0.0
03/01/2023 20:00,0.0
03/01/2023 20:30,0.0
03/01/2023 21:00,0.0
03/01/2023 21:30,0.0
03/01/2023 22:00,0.0
03/01/2023 22:30,0.0
03/01/2023 23:00,0.0
03/01/2023 23:30,0.0
03/02/2023 00:00,0.0
03/02/2023 00:30,0.0
03/02/2023 01:00,0.0
03/02/2023 01:30,0.0
03/02/2023 02:00,0.0
03/02/2023 02:30,0.0
03/02/2023 03:00,0.0
03/02/2023 03:30,0.0
03/02/2023 04:00,0.0
03/02/2023 04:30,0.0
03/02/2023 05:00,0.0
03/02/2023 05:30,0.0
03/02/2023 06:00,0.0
03/02/2023 06:30,0.0
03/02/2023 07:00,0.0
03/02/2023 07:30,0.0
03/02/2023 08:00,0.0
03/02/2023 08:30,0.0
03/02/2023 09:00,0.0
03/02/2023 09:30,0.0
03/02/2023 10:00,0.0
03/02/2023 10:30,0.0
03/02/2023 11:00,0.0
03/02/2023 11:30,0.0
03/02/2023 12:00,0.0
03/02/2023 12:30,0.0
03/02/2023 13:00,0.0
03/02/2023 13:30,0.0
03/02/2023 14:00,0.0
03/02/2023 14:30,0.0
03/02/2023 15:00,0.0
03/02/2023 15:30,0.0
03/02/2023 16:00,0.0
03/02/2023 16:30,0.0
03/02/2023 17:00,0.0
03/02/2023 17:30,0.0
03/02/2023 18:00,0.0
03/02/2023 18:30,0.0
03/02/2023 19:00,0.0
03/02/2023 19:30,0.0
03/02/2023 20:00,0.0
03/02/2023 20:30,0.0
03/02/2023 21:00,0.0
03/02/2023 21:30,0.0
03/02/2023 22:00,0.0
03/02/2023 22:30,0.0
03/02/2023 23:00,0.0
03/02/2023 23:30,0.0
03/03/2023 00:00,0.0
03/03/2023 00:30,0.0
03/03/2023 01:00,0.0
03/03/2023 01:30,0.0
03/03/2023 02:00,0.0
03/03/2023 02:30,0.0
03/03/2023 03:00,0.0
03/03/2023 03:30,0.0
03/03/2023 04:00,0.0
03/03/2023 04:30,0.0
03/03/2023 05:00,0.0
03/03/2023 05:30,0.0
03/03/2023 06:00,0.0
03/03/2023 06:30,0.0
03/03/2023 07:00,0.0
03/03/2023 07:30,0.0
03/03/2023 08:00,0.0
03/03/2023 08:30,0.0
03/03/2023 09:00,0.0
03/03/2023 09:30,0.0
03/03/2023 10:00,0.0
03/03/2023 10:30,0.0
03/03/2023 11:00,0.0
03/03/2023 11:30,0.0
03/03/2023 12:00,0.0
03/03/2023 12:30,0.0
03/03/2023 13:00,0.0
03/03/2023 13:30,0.0
03/03/2023 14:00,0.0
03/03/2023 14:30,0.0
03/03/2023 15:00,0.0
03/03/2023 15:30,0.0
03/03/2023 16:00,0.0
03/03/2023 16:30,0.0
03/03/2023 17:00,0.0
03/03/2023 17:30,0.0
03/03/2023 18:00,0.0
03/03/2023 18:30,0.0
03/03/2023 19:00,0.0
03/03/2023 19:30,0.0
03/03/2023 20:00,0.0
03/03/2023 20:30,0.0
03/03/2023 21:00,0.0
03/03/2023 21:30,0.0
03/03/2023 22:00,0.0
03/03/2023 22:30,0.0
03/03/2023 23:00,0.0
03/03/2023 23:30,0.0
03/04/2023 00:00,0.0
03/04/2023 00:30,0.0
03/04/2023 01:00,0.0
03/04/2023 01:30,0.0
03/04/2023 02:00,0.0
03/04/2023 02:30,0.0
03/04/2023 03:00,0.0
03/04/2023 03:30,0.0
03/04/2023 04:00,0.0
03/04/2023 04:30,0.0
03/04/2023 05:00,0.0
03/04/2023 05:30,0.0
03/04/2023 06:00,0.0
03/04/2023 06:30,0.0
03/04/2023 07:00,0.0
03/04/2023 07:30,0.0
03/04/2023 08:00,0.0
03/04/2023 08:30,0.0
03/04/2023 09:00,0.0
03/04/2023 09:30,0.0
03/04/2023 10:00,0.0
03/04/2023 10:30,0.0
03/04/2023 11:00,0.0
03/04/2023 11:30,0.0
03/04/2023 12:00,0.0
03/04/2023 12:30,0.0
03/04/2023 13:00,0.0
03/04/2023 13:30,0.0
03/04/2023 14:00,0.0
03/04/2023 14:30,0.0
03/04/2023 15:00,0.0
03/04/2023 15:30,0.0
03/04/2023 16:00,0.0
03/04/2023 16:30,0.0
03/04/2023 17:00,0.0
03/04/2023 17:30,0.0
03/04/2023 18:00,0.0
03/04/2023 18:30,0.0
03/04/2023 19:00,0.0
03/04/2023 19:30,0.0
03/04/2023 20:00,0.0
03/04/2023 20:30,0.0
03/04/2023 21:00,0.0
03/04/2023 21:30,0.0
03/04/2023 22:00,0.0
03/04/2023 22:30,0.0
03/04/2023 23:00,0.0
03/04/2023 23:30,0.0
03/05/2023 00:00,0.0
03/05/2023 00:30,0.0
03/05/2023 01:00,0.0
03/05/2023 01:30,0.0
03/05/2023 02:00,0.0
03/05/2023 02:30,0.0
03/05/2023 03:00,0.0
03/05/2023 03:30,0.0
03/05/2023 04:00,0.0
03/05/2023 04:30,0.0
03/05/2023 05:00,0.0
03/05/2023 05:30,0.0
03/05/2023 06:00,0.0
03/05/2023 06:30,0.0
03/05/2023 07:00,0.0
03/05/2023 07:30,0.0
03/05/2023 08:00,0.0
03/05/2023 08:30,0.0
03/05/2023 09:00,0.0
03/05/2023 09:30,0.0
03/05/2023 10:00,0.0
03/05/2023 10:30,0.0
03/05/2023 11:00,0.0
03/05/2023 11:30,0.0
03/05/2023 12:00,0.0
03/05/2023 12:30,0.0
03/05/2023 13:00,0.0
03/05/2023 13:30,0.0
03/05/2023 14:00,0.0
03/05/2023 14:30,0.0
03/05/2023 15:00,0.0
03/05/2023 15:30,0.0
03/05/2023 16:00,0.0
03/05/2023 16:30,0.0
03/05/2023 17:00,0.0
03/05/2023 17:30,0.0
03/05/2023 18:00,0.0
03/05/2023 18:30,0.0
03/05/2023 19:00,0.0
03/05/2023 19:30,0.0
03/05/2023 20:00,0.0
03/05/2023 20:30,0.0
03/05/2023 21:00,0.0
03/05/2023 21:30,0.0
03/05/2023 22:00,0.0
03/05/2023 22:30,0.0
03/05/2023 23:00,0.0
03/05/2023 23:30,0.0
03/06/2023 00:00,0.0
03/06/2023 00:30,0.0
03/06/2023 01:00,0.0
03/06/2023 01:30,0.0
03/06/2023 02:00,0.0
03/06/2023 02:30,0.0
03/06/2023 03:00,0.0
03/06/2023 03:30,0.0
03/06/2023 04:00,0.0
03/06/2023 04:30,0.0
03/06/2023 05:00,0.0
03/06/2023 05:30,0.0
03/06/2023 06:00,0.0
03/06/2023 06:30,0.0
03/06/2023 07:00,0.0
03/06/2023 07:30,0.0
03/06/2023 08:00,0.0
03/06/2023 08:30,0.0
03/06/2023 09:00,0.0
03/06/2023 09:30,0.0
03/06/2023 10:00,0.0
03/06/2023 10:30,0.0
03/06/2023 11:00,0.0
03/06/2023 11:30,0.0
03/06/2023 12:00,0.0
03/06/2023 12:30,0.0
03/06/2023 13:00,0.0
03/06/2023 13:30,0.0
03/06/2023 14:00,0.0
03/06/2023 14:30,0.0
03/06/2023 15:00,0.0
03/06/2023 15:30,0.0
03/06/2023 16:00,0.0
03/06/2023 16:30,0.0
03/06/2023 17:00,0.0
03/06/2023 17:30,0.0
03/06/2023 18:00,0.0
03/06/2023 18:30,0.0
03/06/2023 19:00,0.0
03/06/2023 19:30,0.0
03/06/2023 20:00,0.0
03/06/2023 20:30,0.0
03/06/2023 21:00,0.0
03/06/2023 21:30,0.0
03/06/2023 22:00,0.0
03/06/2023 22:30,0.0
03/06/2023 23:00,0.0
03/06/2023 23:30,0.0
03/07/2023 00:00,0.0
03/07/2023 00:30,0.0
03/07/2023 01:00,0.0
03/07/2023 01:30,0.0
03/07/2023 02:00,0.0
03/07/2023 02:30,0.0
03/07/2023 03:00,0.0
03/07/2023 03:30,0.0
03/07/2023 04:00,0.0
03/07/2023 04:30,0.0
03/07/2023 05:00,0.0
03/07/2023 05:30,0.0
03/07/2023 06:00,0.0
03/07/2023 06:30,0.0
03/07/2023 07:00,0.0
03/07/2023 07:30,0.0
03/07/2023 08:00,0.0
03/07/2023 08:30,0.0
03/07/2023 09:00,0.0
03/07/2023 09:30,0.0
03/07/2023 10:00,0.0
03/07/2023 10:30,0.0
03/07/2023 11:00,0.0
03/07/2023 11:30,0.0
03/07/2023 12:00,0.0
03/07/2023 12:30,0.0
03/07/2023 13:00,0.0
03/07/2023 13:30,0.0
03/07/2023 14:00,0.0
03/07/2023 14:30,0.0
03/07/2023 15:00,0.0
03/07/2023 15:30,0.0
03/07/2023 16:00,0.0
03/07/2023 16:30,0.0
03/07/2023 17:00,0.0
03/07/2023 17:30,0.0
03/07/2023 18:00,0.0
03/07/2023 18:30,0.0
03/07/2023 19:00,0.0
03/07/2023 19:30,0.0
03/07/2023 20:00,0.0
03/07/2023 20:30,0.0
03/07/2023 21:00,0.0
03/07/2023 21:30,0.0
03/07/2023 22:00,0.0
03/07/2023 22:30,0.0
03/07/2023 23:00,0.0
03/07/2023 23:30,0.0
03/08/2023 00:00,0.0
03/08/2023 00:30,0.0
03/08/2023 01:00,0.0
03/08/2023 01:30,0.0
03/08/2023 02:00,0.0
03/08/2023 02:30,0.0
03/08/2023 03:00,0.0
03/08/2023 03:30,0.0
03/08/2023 04:00,0.0
03/08/2023 04:30,0.0
03/08/2023 05:00,0.0
03/08/2023 05:30,0.0
03/08/2023 06:00,0.0
03/08/2023 06:30,0.0
03/08/2023 07:00,0.0
03/08/2023 07:30,0.0
03/08/2023 08:00,0.0
03/08/2023 08:30,0.0
03/08/2023 09:00,0.0
03/08/2023 09:30,0.0
03/08/2023 10:00,0.0
03/08/2023 10:30,0.0
03/08/2023 11:00,0.0
03/08/2023 11:30,0.0
03/08/2023 12:00,0.0
03/08/2023 12:30,0.0
03/08/2023 13:00,0.0
03/08/2023 13:30,0.0
03/08/2023 14:00,0.0
03/08/2023 14:30,0.0
03/08/2023 15:00,0.0
03/08/2023 15:30,0.0
03/08/2023 16:00,0.0
03/08/2023 16:30,0.0
03/08/2023 17:00,0.0
03/08/2023 17:30,0.0
03/08/2023 18:00,0.0
03/08/2023 18:30,0.0
03/08/2023 19:00,0.0
03/08/2023 19:30,0.0
03/08/2023 20:00,0.0
03/08/2023 20:30,0.0
03/08/2023 21:00,0.0
03/08/2023 21:30,0.0
03/08/2023 22:00,0.0
03/08/2023 22:30,0.0
03/08/2023 23:00,0.0
03/08/2023 23:30,0.0
03/09/2023 00:00,0.0
03/09/2023 00:30,0.0
03/09/2023 01:00,0.0
03/09/2023 01:30,0.0
03/09/2023 02:00,0.0
03/09/2023 02:30,0.0
03/09/2023 03:00,0.0
03/09/2023 03:30,0.0
03/09/2023 04:00,0.0
03/09/2023 04:30,0.0
03/09/2023 05:00,0.0
03/09/2023 05:30,0.0
03/09/2023 06:00,0.0
03/09/2023 06:30,0.0
03/09/2023 07:00,0.0
03/09/2023 07:30,0.0
03/09/2023 08:00,0.0
03/09/2023 08:30,0.0
03/09/2023 09:00,0.0
03/09/2023 09:30,0.0
03/09/2023 10:00,0.0
03/09/2023 10:30,0.0
03/09/2023 11:00,0.0
03/09/2023 11:30,0.0
03/09/2023 12:00,0.0
03/09/2023 12:30,0.0
03/09/2023 13:00,0.0
03/09/2023 13:30,0.0
03/09/2023 14:00,0.0
03/09/2023 14:30,0.0
03/09/2023 15:00,0.0
03/09/2023 15:30,0.0
03/09/2023 16:00,0.0
03/09/2023 16:30,0.0
03/09/2023 17:00,0.0
03/09/2023 17:30,0.0
03/09/2023 18:00,0.0
03/09/2023 18:30,0.0
03/09/2023 19:00,0.0
03/09/2023 19:30,0.0
03/09/2023 20:00,0.0
03/09/2023 20:30,0.0
03/09/2023 21:00,0.0
03/09/2023 21:30,0.0
03/09/2023 22:00,0.0
03/09/2023 22:30,0.0
03/09/2023 23:00,0.0
03/09/2023 23:30,0.0
03/10/2023 00:00,0.0
03/10/2023 00:30,0.0
03/10/2023 01:00,0.0
03/10/2023 01:30,0.0
03/10/2023 02:00,0.0
03/10/2023 02:30,0.0
03/10/2023 03:00,0.0
03/10/2023 03:30,0.0
03/10/2023 04:00,0.0
03/10/2023 04:30,0.0
03/10/2023 05:00,0.0
03/10/2023 05:30,0.0
03/10/2023 06:00,0.0
03/10/2023 06:30,0.0
03/10/2023 07:00,0.0
03/10/2023 07:30,0.0
03/10/2023 08:00,0.0
03/10/2023 08:30,0.0
03/10/2023 09:00,0.0
03/10/2023 09:30,0.0
03/10/2023 10:00,0.0
03/10/2023 10:30,0.0
03/10/2023 11:00,0.0
03/10/2023 11:30,0.0
03/10/2023 12:00,0.0
03/10/2023 12:30,0.0
03/10/2023 13:00,0.0
03/10/2023 13:30,0.0
03/10/2023 14:00,0.0
03/10/2023 14:30,0.0
03/10/2023 15:00,0.0
03/10/2023 15:30,0.0
03/10/2023 16:00,0.0
03/10/2023 16:30,0.0
03/10/2023 17:00,0.0
03/10/2023 17:30,0.0
03/10/2023 18:00,0.0
03/10/2023 18:30,0.0
03/10/2023 19:00,0.0
03/10/2023 19:30,0.0
03/10/2023 20:00,0.0
03/10/2023 20:30,0.0
03/10/2023 21:00,0.0
03/10/2023 21:30,0.0
03/10/2023 22:00,0.0
03/10/2023 22:30,0.0
03/10/2023 23:00,0.0
03/10/2023 23:30,0.0
03/11/2023 00:00,0.0
03/11/2023 00:30,0.0
03/11/2023 01:00,0.0
03/11/2023 01:30,0.0
03/11/2023 02:00,0.0
03/11/2023 02:30,0.0
03/11/2023 03:00,0.0
03/11/2023 03:30,0.0
03/11/2023 04:00,0.0
03/11/2023 04:30,0.0
03/11/2023 05:00,0.0
03/11/2023 05:30,0.0
03/11/2023 06:00,0.0
03/11/2023 06:30,0.0
03/11/2023 07:00,0.0
03/11/2023 07:30,0.0
03/11/2023 08:00,0.0
03/11/2023 08:30,0.0
03/11/2023 09:00,0.0
03/11/2023 09:30,0.0
03/11/2023 10:00,0.0
03/11/2023 10:30,0.0
03/11/2023 11:00,0.0
03/11/2023 11:30,0.0
03/11/2023 12:00,0.0
03/11/2023 12:30,0.0
03/11/2023 13:00,0.0
03/11/2023 13:30,0.0
03/11/2023 14:00,0.0
03/11/2023 14:30,0.0
03/11/2023 15:00,0.0
03/11/2023 15:30,0.0
03/11/2023 16:00,0.0
03/11/2023 16:30,0.0
03/11/2023 17:00,0.0
03/11/2023 17:30,0.0
03/11/2023 18:00,0.0
03/11/2023 18:30,0.0
03/11/2023 19:00,0.0
03/11/2023 19:30,0.0
03/11/2023 20:00,0.0
03/11/2023 20:30,0.0
03/11/2023 21:00,0.0
03/11/2023 21:30,0.0
03/11/2023 22:00,0.0
03/11/2023 22:30,0.0
03/11/2023 23:00,0.0
03/11/2023 23:30,0.0
03/12/2023 00:00,0.0
03/12/2023 00:30,0.0
03/12/2023 01:00,0.0
03/12/2023 01:30,0.0
03/12/2023 02:00,0.0
03/12/2023 02:30,0.0
03/12/2023 03:00,0.0
03/12/2023 03:30,0.0
03/12/2023 04:00,0.0
03/12/2023 04:30,0.0
03/12/2023 05:00,0.0
03/12/2023 05:30,0.0
03/12/2023 06:00,0.0
03/12/2023 06:30,0.0
03/12/2023 07:00,0.0
03/12/2023 07:30,0.0
03/12/2023 08:00,0.0
03/12/2023 08:30,0.0
03/12/2023 09:00,0.0
03/12/2023 09:30,0.0
03/12/2023 10:00,0.0
03/12/2023 10:30,0.0
03/12/2023 11:00,0.0
03/12/2023 11:30,0.0
03/12/2023 12:00,0.0
03/12/2023 12:30,0.0
03/12/2023 13:00,0.0
03/12/2023 13:30,0.0
03/12/2023 14:00,0.0
03/12/2023 14:30,0.0
03/12/2023 15:00,0.0
03/12/2023 15:30,0.0
03/12/2023 16:00,0.0
03/12/2023 16:30,0.0
03/12/2023 17:00,0.0
03/12/2023 17:30,0.0
03/12/2023 18:00,0.0
03/12/2023 18:30,0.0
03/12/2023 19:00,0.0
03/12/2023 19:30,0.0
03/12/2023 20:00,0.0
03/12/2023 20:30,0.0
03/12/2023 21:00,0.0
03/12/2023 21:30,0.0
03/12/2023 22:00,0.0
03/12/2023 22:30,0.0
03/12/2023 23:00,0.0
03/12/2023 23:30,0.0
03/13/2023 00:00,0.0
03/13/2023 00:30,0.0
03/13/2023 01:00,0.0
03/13/2023 01:30,0.0
03/13/2023 02:00,0.0
03/13/2023 02:30,0.0
03/13/2023 03:00,0.0
03/13/2023 03:30,0.0
03/13/2023 04:00,0.0
03/13/2023 04:30,0.0
03/13/2023 05:00,0.0
03/13/2023 05:30,0.0
03/13/2023 06:00,0.0
03/13/2023 06:30,0.0
03/13/2023 07:00,0.0
03/13/2023 07:30,0.0
03/13/2023 08:00,0.0
03/13/2023 08:30,0.0
03/13/2023 09:00,0.0
03/13/2023 09:30,0.0
03/13/2023 10:00,0.0
03/13/2023 10:30,0.0
03/13/2023 11:00,0.0
03/13/2023 11:30,0.0
03/13/2023 12:00,0.0
03/13/2023 12:30,0.0
03/13/2023 13:00,0.0
03/13/2023 13:30,0.0
03/13/2023 14:00,0.0
03/13/2023 14:30,0.0
03/13/2023 15:00,0.0
03/13/2023 15:30,0.0
03/13/2023 16:00,0.0
03/13/2023 16:30,0.0
03/13/2023 17:00,0.0
03/13/2023 17:30,0.0
03/13/2023 18:00,0.0
03/13/2023 18:30,0.0
03/13/2023 19:00,0.0
03/13/2023 19:30,0.0
03/13/2023 20:00,0.0
03/13/2023 20:30,0.0
03/13/2023 21:00,0.0
03/13/2023 21:30,0.0
03/13/2023 22:00,0.0
03/13/2023 22:30,0.0
03/13/2023 23:00,0.0
03/13/2023 23:30,0.0
03/14/2023 00:00,0.0
03/14/2023 00:30,0.0
03/14/2023 01:00,0.0
03/14/2023 01:30,0.0
03/14/2023 02:00,0.0
03/14/2023 02:30,0.0
03/14/2023 03:00,0.0
03/14/2023 03:30,0.0
03/14/2023 04:00,0.0
03/14/2023 04:30,0.0
03/14/2023 05:00,0.0
03/14/2023 05:30,0.0
03/14/2023 06:00,0.0
03/14/2023 06:30,0.0
03/14/2023 07:00,0.0
03/14/2023 07:30,0.0
03/14/2023 08:00,0.0
03/14/2023 08:30,0.0
03/14/2023 09:00,0.0
03/14/2023 09:30,0.0
03/14/2023 10:00,0.0
03/14/2023 10:30,0.0
03/14/2023 11:00,0.0
03/14/2023 11:30,0.0
03/14/2023 12:00,0.0
03/14/2023 12:30,0.0
03/14/2023 13:00,0.0
03/14/2023 13:30,0.0
03/14/2023 14:00,0.0
03/14/2023 14:30,0.0
03/14/2023 15:00,0.0
03/14/2023 15:30,0.0
03/14/2023 16:00,0.0
03/14/2023 16:30,0.0
03/14/2023 17:00,0.0
03/14/2023 17:30,0.0
03/14/2023 18:00,0.0
03/14/2023 18:30,0.0
03/14/2023 19:00,0.0
03/14/2023 19:30,0.0
03/14/2023 20:00,0.0
03/14/2023 20:30,0.0
03/14/2023 21:00,0.0
03/14/2023 21:30,0.0
03/14/2023 22:00,0.0
03/14/2023 22:30,0.0
03/14/2023 23:00,0.0
03/14/2023 23:30,0.0
03/15/2023 00:00,0.0
03/15/2023 00:30,0.0
03/15/2023 01:00,0.0
03/15/2023 01:30,0.0
03/15/2023 02:00,0.0
03/15/2023 02:30,0.0
03/15/2023 03:00,0.0
03/15/2023 03:30,0.0
03/15/2023 04:00,0.0
03/15/2023 04:30,0.0
03/15/2023 05:00,0.0
03/15/2023 05:30,0.0
03/15/2023 06:00,0.0
03/15/2023 06:30,0.0
03/15/2023 07:00,0.0
03/15/2023 07:30,0.0
03/15/2023 08:00,0.0
03/15/2023 08:30,0.0
03/15/2023 09:00,0.0
03/15/2023 09:30,0.0
03/15/2023 10:00,0.0
03/15/2023 10:30,0.0
03/15/2023 11:00,0.0
03/15/2023 11:30,0.0
03/15/2023 12:00,0.0
03/15/2023 12:30,0.0
03/15/2023 13:00,0.0
03/15/2023 13:30,0.0
03/15/2023 14:00,0.0
03/15/2023 14:30,0.0
03/15/2023 15:00,0.0
03/15/2023 15:30,0.0
03/15/2023 16:00,0.0
03/15/2023 16:30,0.0
03/15/2023 17:00,0.0
03/15/2023 17:30,0.0
03/15/2023 18:00,0.0
03/15/2023 18:30,0.0
03/15/2023 19:00,0.0
03/15/2023 19:30,0.0
03/15/2023 20:00,0.0
03/15/2023 20:30,0.0
03/15/2023 21:00,0.0
03/15/2023 21:30,0.0
03/15/2023 22:00,0.0
03/15/2023 22:30,0.0
03/15/2023 23:00,0.0
03/15/2023 23:30,0.0
03/16/2023 00:00,0.0
03/16/2023 00:30,0.0
03/16/2023 01:00,0.0
03/16/2023 01:30,0.0
03/16/2023 02:00,0.0
03/16/2023 02:30,0.0
03/16/2023 03:00,0.0
03/16/2023 03:30,0.0
03/16/2023 04:00,0.0
03/16/2023 04:30,0.0
03/16/2023 05:00,0.0
03/16/2023 05:30,0.0
03/16/2023 06:00,0.0
03/16/2023 06:30,0.0
03/16/2023 07:00,0.0
03/16/2023 07:30,0.0
03/16/2023 08:00,0.0
03/16/2023 08:30,0.0
03/16/2023 09:00,0.0
03/16/2023 09:30,0.0
03/16/2023 10:00,0.0
03/16/2023 10:30,0.0
03/16/2023 11:00,0.0
03/16/2023 11:30,0.0
03/16/2023 12:00,0.0
03/16/2023 12:30,0.0
03/16/2023 13:00,0.0
03/16/2023 13:30,0.0
03/16/2023 14:00,0.0
03/16/2023 14:30,0.0
03/16/2023 15:00,0.0
03/16/2023 15:30,0.0
03/16/2023 16:00,0.0
03/16/2023 16:30,0.0
03/16/2023 17:00,0.0
03/16/2023 17:30,0.0
03/16/2023 18:00,0.0
03/16/2023 18:30,0.0
03/16/2023 19:00,0.0
03/16/2023 19:30,0.0
03/16/2023 20:00,0.0
03/16/2023 20:30,0.0
03/16/2023 21:00,0.0
03/16/2023 21:30,0.0
03/16/2023 22:00,0.0
03/16/2023 22:30,0.0
03/16/2023 23:00,0.0
03/16/2023 23:30,0.0
03/17/2023 00:00,0.0
03/17/2023 00:30,0.0
03/17/2023 01:00,0.0
03/17/2023 01:30,0.0
03/17/2023 02:00,0.0
03/17/2023 02:30,0.0
03/17/2023 03:00,0.0
03/17/2023 03:30,0.0
03/17/2023 04:00,0.0
03/17/2023 04:30,0.0
03/17/2023 05:00,0.0
03/17/2023 05:30,0.0
03/17/2023 06:00,0.0
03/17/2023 06:30,0.0
03/17/2023 07:00,0.0
03/17/2023 07:30,0.0
03/17/2023 08:00,0.0
03/17/2023 08:30,0.0
03/17/2023 09:00,0.0
03/17/2023 09:30,0.0
03/17/2023 10:00,0.0
03/17/2023 10:30,0.0
03/17/2023 11:00,0.0
03/17/2023 11:30,0.0
03/17/2023 12:00,0.0
03/17/2023 12:30,0.0
03/17/2023 13:00,0.0
03/17/2023 13:30,0.0
03/17/2023 14:00,0.0
03/17/2023 14:30,0.0
03/17/2023 15:00,0.0
03/17/2023 15:30,0.0
03/17/2023 16:00,0.0
03/17/2023 16:30,0.0
03/17/2023 17:00,0.0
03/17/2023 17:30,0.0
03/17/2023 18:00,0.0
03/17/2023 18:30,0.0
03/17/2023 19:00,0.0
03/17/2023 19:30,0.0
03/17/2023 20:00,0.0
03/17/2023 20:30,0.0
03/17/2023 21:00,0.0
03/17/2023 21:30,0.0
03/17/2023 22:00,0.0
03/17/2023 22:30,0.0
03/17/2023 23:00,0.0
03/17/2023 23:30,0.0
03/18/2023 00:00,0.0
03/18/2023 00:30,0.0
03/18/2023 01:00,0.0
03/18/2023 01:30,0.0
03/18/2023 02:00,0.0
03/18/2023 02:30,0.0
03/18/2023 03:00,0.0
03/18/2023 03:30,0.0
03/18/2023 04:00,0.0
03/18/2023 04:30,0.0
03/18/2023 05:00,0.0
03/18/2023 05:30,0.0
03/18/2023 06:00,0.0
03/18/2023 06:30,0.0
03/18/2023 07:00,0.0
03/18/2023 07:30,0.0
03/18/2023 08:00,0.0
03/18/2023 08:30,0.0
03/18/2023 09:00,0.0
03/18/2023 09:30,0.0
03/18/2023 10:00,0.0
03/18/2023 10:30,0.0
03/18/2023 11:00,0.0
03/18/2023 11:30,0.0
03/18/2023 12:00,0.0
03/18/2023 12:30,0.0
03/18/2023 13:00,0.0
03/18/2023 13:30,0.0
03/18/2023 14:00,0.0
03/18/2023 14:30,0.0
03/18/2023 15:00,0.0
03/18/2023 15:30,0.0
03/18/2023 16:00,0.0
03/18/2023 16:30,0.0
03/18/2023 17:00,0.0
03/18/2023 17:30,0.0
03/18/2023 18:00,0.0
03/18/2023 18:30,0.0
03/18/2023 19:00,0.0
03/18/2023 19:30,0.0
03/18/2023 20:00,0.0
03/18/2023 20:30,0.0
03/18/2023 21:00,0.0
03/18/2023 21:30,0.0
03/18/2023 22:00,0.0
03/18/2023 22:30,0.0
03/18/2023 23:00,0.0
03/18/2023 23:30,0.0
03/19/2023 00:00,0.0
03/19/2023 00:30,0.0
03/19/2023 01:00,0.0
03/19/2023 01:30,0.0
03/19/2023 02:00,0.0
03/19/2023 02:30,0.0
03/19/2023 03:00,0.0
03/19/2023 03:30,0.0
03/19/2023 04:00,0.0
03/19/2023 04:30,0.0
03/19/2023 05:00,0.0
03/19/2023 05:30,0.0
03/19/2023 06:00,0.0
03/19/2023 06:30,0.0
03/19/2023 07:00,0.0
03/19/2023 07:30,0.0
03/19/2023 08:00,0.0
03/19/2023 08:30,0.0
03/19/2023 09:00,0.0
03/19/2023 09:30,0.0
03/19/2023 10:00,0.0
03/19/2023 10:30,0.0
03/19/2023 11:00,0.0
03/19/2023 11:30,0.0
03/19/2023 12:00,0.0
03/19/2023 12:30,0.0
03/19/2023 13:00,0.0
03/19/2023 13:30,0.0
03/19/2023 14:00,0.0
03/19/2023 14:30,0.0
03/19/2023 15:00,0.0
03/19/2023 15:30,0.0
03/19/2023 16:00,0.0
03/19/2023 16:30,0.0
03/19/2023 17:00,0.0
03/19/2023 17:30,0.0
03/19/2023 18:00,0.0
03/19/2023 18:30,0.0
03/19/2023 19:00,0.0
03/19/2023 19:30,0.0
03/19/2023 20:00,0.0
03/19/2023 20:30,0.0
03/19/2023 21:00,0.0
03/19/2023 21:30,0.0
03/19/2023 22:00,0.0
03/19/2023 22:30,0.0
03/19/2023 23:00,0.0
03/19/2023 23:30,0.0
03/20/2023 00:00,0.0
03/20/2023 00:30,0.0
03/20/2023 01:00,0.0
03/20/2023 01:30,0.0
03/20/2023 02:00,0.0
03/20/2023 02:30,0.0
03/20/2023 03:00,0.0
03/20/2023 03:30,0.0
03/20/2023 04:00,0.0
03/20/2023 04:30,0.0
03/20/2023 05:00,0.0
03/20/2023 05:30,0.0
03/20/2023 06:00,0.0
03/20/2023 06:30,0.0
03/20/2023 07:00,0.0
03/20/2023 07:30,0.0
03/20/2023 08:00,0.0
03/20/2023 08:30,0.0
03/20/2023 09:00,0.0
03/20/2023 09:30,0.0
03/20/2023 10:00,0.0
03/20/2023 10:30,0.0
03/20/2023 11:00,0.0
03/20/2023 11:30,0.0
03/20/2023 12:00,0.0
03/20/2023 12:30,0.0
03/20/2023 13:00,0.0
03/20/2023 13:30,0.0
03/20/2023 14:00,0.0
03/20/2023 14:30,0.0
03/20/2023 15:00,0.0
03/20/2023 15:30,0.0
03/20/2023 16:00,0.0
03/20/2023 16:30,0.0
03/20/2023 17:00,0.0
03/20/2023 17:30,0.0
03/20/2023 18:00,0.0
03/20/2023 18:30,0.0
03/20/2023 19:00,0.0
03/20/2023 19:30,0.0
03/20/2023 20:00,0.0
03/20/2023 20:30,0.0
03/20/2023 21:00,0.0
03/20/2023 21:30,0.0
03/20/2023 22:00,0.0
03/20/2023 22:30,0.0
03/20/2023 23:00,0.0
03/20/2023 23:30,0.0
03/21/2023 00:00,0.0
03/21/2023 00:30,0.0
03/21/2023 01:00,0.0
03/21/2023 01:30,0.0
03/21/2023 02:00,0.0
03/21/2023 02:30,0.0
03/21/2023 03:00,0.0
03/21/2023 03:30,0.0
03/21/2023 04:00,0.0
03/21/2023 04:30,0.0
03/21/2023 05:00,0.0
03/21/2023 05:30,0.0
03/21/2023 06:00,0.0
03/21/2023 06:30,0.0
03/21/2023 07:00,0.0
03/21/2023 07:30,0.0
03/21/2023 08:00,0.0
03/21/2023 08:30,0.0
03/21/2023 09:00,0.0
03/21/2023 09:30,0.0
03/21/2023 10:00,0.0
03/21/2023 10:30,0.0
03/21/2023 11:00,0.0
03/21/2023 11:30,0.0
03/21/2023 12:00,0.0
03/21/2023 12:30,0.0
03/21/2023 13:00,0.0
03/21/2023 13:30,0.0
03/21/2023 14:00,0.0
03/21/2023 14:30,0.0
03/21/2023 15:00,0.0
03/21/2023 15:30,0.0
03/21/2023 16:00,0.0
03/21/2023 16:30,0.0
03/21/2023 17:00,0.0
03/21/2023 17:30,0.0
03/21/2023 18:00,0.0
03/21/2023 18:30,0.0
03/21/2023 19:00,0.0
03/21/2023 19:30,0.0
03/21/2023 20:00,0.0
03/21/2023 20:30,0.0
03/21/2023 21:00,0.0
03/21/2023 21:30,0.0
03/21/2023 22:00,0.0
03/21/2023 22:30,0.0
03/21/2023 23:00,0.0
03/21/2023 23:30,0.0
03/22/2023 00:00,0.0
03/22/2023 00:30,0.0
03/22/2023 01:00,0.0
03/22/2023 01:30,0.0
03/22/2023 02:00,0.0
03/22/2023 02:30,0.0
03/22/2023 03:00,0.0
03/22/2023 03:30,0.0
03/22/2023 04:00,0.0
03/22/2023 04:30,0.0
03/22/2023 05:00,0.0
03/22/2023 05:30,0.0
03/22/2023 06:00,0.0
03/22/2023 06:30,0.0
03/22/2023 07:00,0.0
03/22/2023 07:30,0.0
03/22/2023 08:00,0.0
03/22/2023 08:30,0.0
03/22/2023 09:00,0.0
03/22/2023 09:30,0.0
03/22/2023 10:00,0.0
03/22/2023 10:30,0.0
03/22/2023 11:00,0.0
03/22/2023 11:30,0.0
03/22/2023 12:00,0.0
03/22/2023 12:30,0.0
03/22/2023 13:00,0.0
03/22/2023 13:30,0.0
03/22/2023 14:00,0.0
03/22/2023 14:30,0.0
03/22/2023 15:00,0.0
03/22/2023 15:30,0.0
03/22/2023 16:00,0.0
03/22/2023 16:30,0.0
03/22/2023 17:00,0.0
03/22/2023 17:30,0.0
03/22/2023 18:00,0.0
03/22/2023 18:30,0.0
03/22/2023 19:00,0.0
03/22/2023 19:30,0.0
03/22/2023 20:00,0.0
03/22/2023 20:30,0.0
03/22/2023 21:00,0.0
03/22/2023 21:30,0.0
03/22/2023 22:00,0.0
03/22/2023 22:30,0.0
03/22/2023 23:00,0.0
03/22/2023 23:30,0.0
03/23/2023 00:00,0.0
03/23/2023 00:30,0.0
03/23/2023 01:00,0.0
03/23/2023 01:30,0.0
03/23/2023 02:00,0.0
03/23/2023 02:30,0.0
03/23/2023 03:00,0.0
03/23/2023 03:30,0.0
03/23/2023 04:00,0.0
03/23/2023 04:30,0.0
03/23/2023 05:00,0.0
03/23/2023 05:30,0.0
03/23/2023 06:00,0.0
03/23/2023 06:30,0.0
03/23/2023 07:00,0.0
03/23/2023 07:30,0.0
03/23/2023 08:00,0.0
03/23/2023 08:30,0.0
03/23/2023 09:00,0.0
03/23/2023 09:30,0.0
03/23/2023 10:00,0.0
03/23/2023 10:30,0.0
03/23/2023 11:00,0.0
03/23/2023 11:30,0.0
03/23/2023 12:00,0.0
03/23/2023 12:30,0.0
03/23/2023 13:00,0.0
03/23/2023 13:30,0.0
03/23/2023 14:00,0.0
03/23/2023 14:30,0.0
03/23/2023 15:00,0.0
03/23/2023 15:30,0.0
03/23/2023 16:00,0.0
03/23/2023 16:30,0.0
03/23/2023 17:00,0.0
03/23/2023 17:30,0.0
03/23/2023 18:00,0.0
03/23/2023 18:30,0.0
03/23/2023 19:00,0.0
03/23/2023 19:30,0.0
03/23/2023 20:00,0.0
03/23/2023 20:30,0.0
03/23/2023 21:00,0.0
03/23/2023 21:30,0.0
03/23/2023 22:00,0.0
03/23/2023 22:30,0.0
03/23/2023 23:00,0.0
03/23/2023 23:30,0.0
03/24/2023 00:00,0.0
03/24/2023 00:30,0.0
03/24/2023 01:00,0.0
03/24/2023 01:30,0.0
03/24/2023 02:00,0.0
03/24/2023 02:30,0.0
03/24/2023 03:00,0.0
03/24/2023 03:30,0.0
03/24/2023 04:00,0.0
03/24/2023 04:30,0.0
03/24/2023 05:00,0.0
03/24/2023 05:30,0.0
03/24/2023 06:00,0.0
03/24/2023 06:30,0.0
03/24/2023 07:00,0.0
03/24/2023 07:30,0.0
03/24/2023 08:00,0.0
03/24/2023 08:30,0.0
03/24/2023 09:00,0.0
03/24/2023 09:30,0.0
03/24/2023 10:00,0.0
03/24/2023 10:30,0.0
03/24/2023 11:00,0.0
03/24/2023 11:30,0.0
03/24/2023 12:00,0.0
03/24/2023 12:30,0.0
03/24/2023 13:00,0.0
03/24/2023 13:30,0.0
03/24/2023 14:00,0.0
03/24/2023 14:30,0.0
03/24/2023 15:00,0.0
03/24/2023 15:30,0.0
03/24/2023 16:00,0.0
03/24/2023 16:30,0.0
03/24/2023 17:00,0.0
03/24/2023 17:30,0.0
03/24/2023 18:00,0.0
03/24/2023 18:30,0.0
03/24/2023 19:00,0.0
03/24/2023 19:30,0.0
03/24/2023 20:00,0.0
03/24/2023 20:30,0.0
03/24/2023 21:00,0.0
03/24/2023 21:30,0.0
03/24/2023 22:00,0.0
03/24/2023 22:30,0.0
03/24/2023 23:00,0.0
03/24/2023 23:30,0.0
03/25/2023 00:00,0.0
03/25/2023 00:30,0.0
03/25/2023 01:00,0.0
03/25/2023 01:30,0.0
03/25/2023 02:00,0.0
03/25/2023 02:30,0.0
03/25/2023 03:00,0.0
03/25/2023 03:30,0.0
03/25/2023 04:00,0.0
03/25/2023 04:30,0.0
03/25/2023 05:00,0.0
03/25/2023 05:30,0.0
03/25/2023 06:00,0.0
03/25/2023 06:30,0.0
03/25/2023 07:00,0.0
03/25/2023 07:30,0.0
03/25/2023 08:00,0.0
03/25/2023 08:30,0.0
03/25/2023 09:00,0.0
03/25/2023 09:30,0.0
03/25/2023 10:00,0.0
03/25/2023 10:30,0.0
03/25/2023 11:00,0.0
03/25/2023 11:30,0.0
03/25/2023 12:00,0.0
03/25/2023 12:30,0.0
03/25/2023 13:00,0.0
03/25/2023 13:30,0.0
03/25/2023 14:00,0.0
03/25/2023 14:30,0.0
03/25/2023 15:00,0.0
03/25/2023 15:30,0.0
03/25/2023 16:00,0.0
03/25/2023 16:30,0.0
03/25/2023 17:00,0.0
03/25/2023 17:30,0.0
03/25/2023 18:00,0.0
03/25/2023 18:30,0.0
03/25/2023 19:00,0.0
03/25/2023 19:30,0.0
03/25/2023 20:00,0.0
03/25/2023 20:30,0.0
03/25/2023 21:00,0.0
03/25/2023 21:30,0.0
03/25/2023 22:00,0.0
03/25/2023 22:30,0.0
03/25/2023 23:00,0.0
03/25/2023 23:30,0.0
03/26/2023 00:00,0.0
03/26/2023 00:30,0.0
03/26/2023 01:00,0.0
03/26/2023 01:30,0.0
03/26/2023 02:00,0.0
03/26/2023 02:30,0.0
03/26/2023 03:00,0.0
03/26/2023 03:30,0.0
03/26/2023 04:00,0.0
03/26/2023 04:30,0.0
03/26/2023 05:00,0.0
03/26/2023 05:30,0.0
03/26/2023 06:00,0.0
03/26/2023 06:30,0.0
03/26/2023 07:00,0.0
03/26/2023 07:30,0.0
03/26/2023 08:00,0.0
03/26/2023 08:30,0.0
03/26/2023 09:00,0.0
03/26/2023 09:30,0.0
03/26/2023 10:00,0.0
03/26/2023 10:30,0.0
03/26/2023 11:00,0.0
03/26/2023 11:30,0.0
03/26/2023 12:00,0.0
03/26/2023 12:30,0.0
03/26/2023 13:00,0.0
03/26/2023 13:30,0.0
03/26/2023 14:00,0.0
03/26/2023 14:30,0.0
03/26/2023 15:00,0.0
03/26/2023 15:30,0.0
03/26/2023 16:00,0.0
03/26/2023 16:30,0.0
03/26/2023 17:00,0.0
03/26/2023 17:30,0.0
03/26/2023 18:00,0.0
03/26/2023 18:30,0.0
03/26/2023 19:00,0.0
03/26/2023 19:30,0.0
03/26/2023 20:00,0.0
03/26/2023 20:30,0.0
03/26/2023 21:00,0.0
03/26/2023 21:30,0.0
03/26/2023 22:00,0.0
03/26/2023 22:30,0.0
03/26/2023 23:00,0.0
03/26/2023 23:30,0.0
03/27/2023 00:00,0.0
03/27/2023 00:30,0.0
03/27/2023 01:00,0.0
03/27/2023 01:30,0.0
03/27/2023 02:00,0.0
03/27/2023 02:30,0.0
03/27/2023 03:00,0.0
03/27/2023 03:30,0.0
03/27/2023 04:00,0.0
03/27/2023 04:30,0.0
03/27/2023 05:00,0.0
03/27/2023 05:30,0.0
03/27/2023 06:00,0.0
03/27/2023 06:30,0.0
03/27/2023 07:00,0.0
03/27/2023 07:30,0.0
03/27/2023 08:00,0.0
03/27/2023 08:30,0.0
03/27/2023 09:00,0.0
03/27/2023 09:30,0.0
03/27/2023 10:00,0.0
03/27/2023 10:30,0.0
03/27/2023 11:00,0.0
03/27/2023 11:30,0.0
03/27/2023 12:00,0.0
03/27/2023 12:30,0.0
03/27/2023 13:00,0.0
03/27/2023 13:30,0.0
03/27/2023 14:00,0.0
03/27/2023 14:30,0.0
03/27/2023 15:00,0.0
03/27/2023 15:30,0.0
03/27/2023 16:00,0.0
03/27/2023 16:30,0.0
03/27/2023 17:00,0.0
03/27/2023 17:30,0.0
03/27/2023 18:00,0.0
03/27/2023 18:30,0.0
03/27/2023 19:00,0.0
03/27/2023 19:30,0.0
03/27/2023 20:00,0.0
03/27/2023 20:30,0.0
03/27/2023 21:00,0.0
03/27/2023 21:30,0.0
03/27/2023 22:00,0.0
03/27/2023 22:30,0.0
03/27/2023 23:00,0.0
03/27/2023 23:30,0.0
03/28/2023 00:00,0.0
03/28/2023 00:30,0.0
03/28/2023 01:00,0.0
03/28/2023 01:30,0.0
03/28/2023 02:00,0.0
03/28/2023 02:30,0.0
03/28/2023 03:00,0.0
03/28/2023 03:30,0.0
03/28/2023 04:00,0.0
03/28/2023 04:30,0.0
03/28/2023 05:00,0.0
03/28/2023 05:30,0.0
03/28/2023 06:00,0.0
03/28/2023 06:30,0.0
03/28/2023 07:00,0.0
03/28/2023 07:30,0.0
03/28/2023 08:00,0.0
03/28/2023 08:30,0.0
03/28/2023 09:00,0.0
03/28/2023 09:30,0.0
03/28/2023 10:00,0.0
03/28/2023 10:30,0.0
03/28/2023 11:00,0.0
03/28/2023 11:30,0.0
03/28/2023 12:00,0.0
03/28/2023 12:30,0.0
03/28/2023 13:00,0.0
03/28/2023 13:30,0.0
03/28/2023 14:00,0.0
03/28/2023 14:30,0.0
03/28/2023 15:00,0.0
03/28/2023 15:30,0.0
03/28/2023 16:00,0.0
03/28/2023 16:30,0.0
03/28/2023 17:00,0.0
03/28/2023 17:30,0.0
03/28/2023 18:00,0.0
03/28/2023 18:30,0.0
03/28/2023 19:00,0.0
03/28/2023 19:30,0.0
03/28/2023 20:00,0.0
03/28/2023 20:30,0.0
03/28/2023 21:00,0.0
03/28/2023 21:30,0.0
03/28/2023 22:00,0.0
03/28/2023 22:30,0.0
03/28/2023 23:00,0.0
03/28/2023 23:30,0.0
03/29/2023 00:00,0.0
03/29/2023 00:30,0.0
03/29/2023 01:00,0.0
03/29/2023 01:30,0.0
03/29/2023 02:00,0.0
03/29/2023 02:30,0.0
03/29/2023 03:00,0.0
03/29/2023 03:30,0.0
03/29/2023 04:00,0.0
03/29/2023 04:30,0.0
03/29/2023 05:00,0.0
03/29/2023 05:30,0.0
03/29/2023 06:00,0.0
03/29/2023 06:30,0.0
03/29/2023 07:00,0.0
03/29/2023 07:30,0.0
03/29/2023 08:00,0.0
03/29/2023 08:30,0.0
03/29/2023 09:00,0.0
03/29/2023 09:30,0.0
03/29/2023 10:00,0.0
03/29/2023 10:30,0.0
03/29/2023 11:00,0.0
03/29/2023 11:30,0.0
03/29/2023 12:00,0.0
03/29/2023 12:30,0.0
03/29/2023 13:00,0.0
03/29/2023 13:30,0.0
03/29/2023 14:00,0.0
03/29/2023 14:30,0.0
03/29/2023 15:00,0.0
03/29/2023 15:30,0.0
03/29/2023 16:00,0.0
03/29/2023 16:30,0.0
03/29/2023 17:00,0.0
03/29/2023 17:30,0.0
03/29/2023 18:00,0.0
03/29/2023 18:30,0.0
03/29/2023 19:00,0.0
03/29/2023 19:30,0.0
03/29/2023 20:00,0.0
03/29/2023 20:30,0.0
03/29/2023 21:00,0.0
03/29/2023 21:30,0.0
03/29/2023 22:00,0.0
03/29/2023 22:30,0.0
03/29/2023 23:00,0.0
03/29/2023 23:30,0.0
03/30/2023 00:00,0.0
03/30/2023 00:30,0.0
03/30/2023 01:00,0.0
03/30/2023 01:30,0.0
03/30/2023 02:00,0.0
03/30/2023 02:30,0.0
03/30/2023 03:00,0.0
03/30/2023 03:30,0.0
03/30/2023 04:00,0.0
03/30/2023 04:30,0.0
03/30/2023 05:00,0.0
03/30/2023 05:30,0.0
03/30/2023 06:00,0.0
03/30/2023 06:30,0.0
03/30/2023 07:00,0.0
03/30/2023 07:30,0.0
03/30/2023 08:00,0.0
03/30/2023 08:30,0.0
03/30/2023 09:00,0.0
03/30/2023 09:30,0.0
03/30/2023 10:00,0.0
03/30/2023 10:30,0.0
03/30/2023 11:00,0.0
03/30/2023 11:30,0.0
03/30/2023 12:00,0.0
03/30/2023 12:30,0.0
03/30/2023 13:00,0.0
03/30/2023 13:30,0.0
03/30/2023 14:00,0.0
03/30/2023 14:30,0.0
03/30/2023 15:00,0.0
03/30/2023 15:30,0.0
03/30/2023 16:00,0.0
03/30/2023 16:30,0.0
03/30/2023 17:00,0.0
03/30/2023 17:30,0.0
03/30/2023 18:00,0.0
03/30/2023 18:30,0.0
03/30/2023 19:00,0.0
03/30/2023 19:30,0.0
03/30/2023 20:00,0.0
03/30/2023 20:30,0.0
03/30/2023 21:00,0.0
03/30/2023 21:30,0.0
03/30/2023 22:00,0.0
03/30/2023 22:30,0.0
03/30/2023 23:00,0.0
03/30/2023 23:30,0.0
03/31/2023 00:00,0.0
03/31/2023 00:30,0.0
03/31/2023 01:00,0.0
03/31/2023 01:30,0.0
03/31/2023 02:00,0.0
03/31/2023 02:30,0.0
03/31/2023 03:00,0.0
03/31/2023 03:30,0.0
03/31/2023 04:00,0.0
03/31/2023 04:30,0.0
03/31/2023 05:00,0.0
03/31/2023 05:30,0.0
03/31/2023 06:00,0.0
03/31/2023 06:30,0.0
03/31/2023 07:00,0.0
03/31/2023 07:30,0.0
03/31/2023 08:00,0.0
03/31/2023 08:30,0.0
03/31/2023 09:00,0.0
03/31/2023 09:30,0.0
03/31/2023 10:00,0.0
03/31/2023 10:30,0.0
03/31/2023 11:00,0.0
03/31/2023 11:30,0.0
03/31/2023 12:00,0.0
03/31/2023 12:30,0.0
03/31/2023 13:00,0.0
03/31/2023 13:30,0.0
03/31/2023 14:00,0.0
03/31/2023 14:30,0.0
03/31/2023 15:00,0.0
03/31/2023 15:30,0.0
03/31/2023 16:00,0.0
03/31/2023 16:30,0.0
03/31/2023 17:00,0.0
03/31/2023 17:30,0.0
03/31/2023 18:00,0.0
03/31/2023 18:30,0.0
03/31/2023 19:00,0.0
03/31/2023 19:30,0.0
03/31/2023 20:00,0.0
03/31/2023 20:30,0.0
03/31/2023 21:00,0.0
03/31/2023 21:30,0.0
03/31/2023 22:00,0.0
03/31/2023 22:30,0.0
03/31/2023 23:00,0.0
03/31/2023 23:30,0.0
04/01/2023 00:00,0.0
04/01/2023 00:30,0.0
04/01/2023 01:00,0.0
04/01/2023 01:30,0.0
04/01/2023 02:00,0.0
04/01/2023 02:30,0.0
04/01/2023 03:00,0.0
04/01/2023 03:30,0.0
04/01/2023 04:00,0.0
04/01/2023 04:30,0.0
04/01/2023 05:00,0.0
04/01/2023 05:30,0.0
04/01/2023 06:00,0.0
04/01/2023 06:30,0.0
04/01/2023 07:00,0.0
04/01/2023 07:30,0.0
04/01/2023 08:00,0.0
04/01/2023 08:30,0.0
04/01/2023 09:00,0.0
04/01/2023 09:30,0.0
04/01/2023 10:00,0.0
04/01/2023 10:30,0.0
04/01/2023 11:00,0.0
04/01/2023 11:30,0.0
04/01/2023 12:00,0.0
04/01/2023 12:30,0.0
04/01/2023 13:00,0.0
04/01/2023 13:30,0.0
04/01/2023 14:00,0.0
04/01/2023 14:30,0.0
04/01/2023 15:00,0.0
04/01/2023 15:30,0.0
04/01/2023 16:00,0.0
04/01/2023 16:30,0.0
04/01/2023 17:00,0.0
04/01/2023 17:30,0.0
04/01/2023 18:00,0.0
04/01/2023 18:30,0.0
04/01/2023 19:00,0.0
04/01/2023 19:30,0.0
04/01/2023 20:00,0.0
04/01/2023 20:30,0.0
04/01/2023 21:00,0.0
04/01/2023 21:30,0.0
04/01/2023 22:00,0.0
04/01/2023 22:30,0.0
04/01/2023 23:00,0.0
04/01/2023 23:30,0.0
04/02/2023 00:00,0.0
04/02/2023 00:30,0.0
04/02/2023 01:00,0.0
04/02/2023 01:30,0.0
04/02/2023 02:00,0.0
04/02/2023 02:30,0.0
04/02/2023 03:00,0.0
04/02/2023 03:30,0.0
04/02/2023 04:00,0.0
04/02/2023 04:30,0.0
04/02/2023 05:00,0.0
04/02/2023 05:30,0.0
04/02/2023 06:00,0.0
04/02/2023 06:30,0.0
04/02/2023 07:00,0.0
04/02/2023 07:30,0.0
04/02/2023 08:00,0.0
04/02/2023 08:30,0.0
04/02/2023 09:00,0.0
04/02/2023 09:30,0.0
04/02/2023 10:00,0.0
04/02/2023 10:30,0.0
04/02/2023 11:00,0.0
04/02/2023 11:30,0.0
04/02/2023 12:00,0.0
04/02/2023 12:30,0.0
04/02/2023 13:00,0.0
04/02/2023 13:30,0.0
04/02/2023 14:00,0.0
04/02/2023 14:30,0.0
04/02/2023 15:00,0.0
04/02/2023 15:30,0.0
04/02/2023 16:00,0.0
04/02/2023 16:30,0.0
04/02/2023 17:00,0.0
04/02/2023 17:30,0.0
04/02/2023 18:00,0.0
04/02/2023 18:30,0.0
04/02/2023 19:00,0.0
04/02/2023 19:30,0.0
04/02/2023 20:00,0.0
04/02/2023 20:30,0.0
04/02/2023 21:00,0.0
04/02/2023 21:30,0.0
04/02/2023 22:00,0.0
04/02/2023 22:30,0.0
04/02/2023 23:00,0.0
04/02/2023 23:30,0.0
04/03/2023 00:00,0.0
04/03/2023 00:30,0.0
04/03/2023 01:00,0.0
04/03/2023 01:30,0.0
04/03/2023 02:00,0.0
04/03/2023 02:30,0.0
04/03/2023 03:00,0.0
04/03/2023 03:30,0.0
04/03/2023 04:00,0.0
04/03/2023 04:30,0.0
04/03/2023 05:00,0.0
04/03/2023 05:30,0.0
04/03/2023 06:00,0.0
04/03/2023 06:30,0.0
04/03/2023 07:00,0.0
04/03/2023 07:30,0.0
04/03/2023 08:00,0.0
04/03/2023 08:30,0.0
04/03/2023 09:00,0.0
04/03/2023 09:30,0.0
04/03/2023 10:00,0.0
04/03/2023 10:30,0.0
04/03/2023 11:00,0.0
04/03/2023 11:30,0.0
04/03/2023 12:00,0.0
04/03/2023 12:30,0.0
04/03/2023 13:00,0.0
04/03/2023 13:30,0.0
04/03/2023 14:00,0.0
04/03/2023 14:30,0.0
04/03/2023 15:00,0.0
04/03/2023 15:30,0.0
04/03/2023 16:00,0.0
04/03/2023 16:30,0.0
04/03/2023 17:00,0.0
04/03/2023 17:30,0.0
04/03/2023 18:00,0.0
04/03/2023 18:30,0.0
04/03/2023 19:00,0.0
04/03/2023 19:30,0.0
04/03/2023 20:00,0.0
04/03/2023 20:30,0.0
04/03/2023 21:00,0.0
04/03/2023 21:30,0.0
04/03/2023 22:00,0.0
04/03/2023 22:30,0.0
04/03/2023 23:00,0.0
04/03/2023 23:30,0.0
04/04/2023 00:00,0.0
04/04/2023 00:30,0.0
04/04/2023 01:00,0.0
04/04/2023 01:30,0.0
04/04/2023 02:00,0.0
04/04/2023 02:30,0.0
04/04/2023 03:00,0.0
04/04/2023 03:30,0.0
04/04/2023 04:00,0.0
04/04/2023 04:30,0.0
04/04/2023 05:00,0.0
04/04/2023 05:30,0.0
04/04/2023 06:00,0.0
04/04/2023 06:30,0.0
04/04/2023 07:00,0.0
04/04/2023 07:30,0.0
04/04/2023 08:00,0.0
04/04/2023 08:30,0.0
04/04/2023 09:00,0.0
04/04/2023 09:30,0.0
04/04/2023 10:00,0.0
04/04/2023 10:30,0.0
04/04/2023 11:00,0.0
04/04/2023 11:30,0.0
04/04/2023 12:00,0.0
04/04/2023 12:30,0.0
04/04/2023 13:00,0.0
04/04/2023 13:30,0.0
04/04/2023 14:00,0.0
04/04/2023 14:30,0.0
04/04/2023 15:00,0.0
04/04/2023 15:30,0.0
04/04/2023 16:00,0.0
04/04/2023 16:30,0.0
04/04/2023 17:00,0.0
04/04/2023 17:30,0.0
04/04/2023 18:00,0.0
04/04/2023 18:30,0.0
04/04/2023 19:00,0.0
04/04/2023 19:30,0.0
04/04/2023 20:00,0.0
04/04/2023 20:30,0.0
04/04/2023 21:00,0.0
04/04/2023 21:30,0.0
04/04/2023 22:00,0.0
04/04/2023 22:30,0.0
04/04/2023 23:00,0.0
04/04/2023 23:30,0.0
04/05/2023 00:00,0.0
04/05/2023 00:30,0.0
04/05/2023 01:00,0.0
04/05/2023 01:30,0.0
04/05/2023 02:00,0.0
04/05/2023 02:30,0.0
04/05/2023 03:00,0.0
04/05/2023 03:30,0.0
04/05/2023 04:00,0.0
04/05/2023 04:30,0.0
04/05/2023 05:00,0.0
04/05/2023 05:30,0.0
04/05/2023 06:00,0.0
04/05/2023 06:30,0.0
04/05/2023 07:00,0.0
04/05/2023 07:30,0.0
04/05/2023 08:00,0.0
04/05/2023 08:30,0.0
04/05/2023 09:00,0.0
04/05/2023 09:30,0.0
04/05/2023 10:00,0.0
04/05/2023 10:30,0.0
04/05/2023 11:00,0.0
04/05/2023 11:30,0.0
04/05/2023 12:00,0.0
04/05/2023 12:30,0.0
04/05/2023 13:00,0.0
04/05/2023 13:30,0.0
04/05/2023 14:00,0.0
04/05/2023 14:30,0.0
04/05/2023 15:00,0.0
04/05/2023 15:30,0.0
04/05/2023 16:00,0.0
04/05/2023 16:30,0.0
04/05/2023 17:00,0.0
04/05/2023 17:30,0.0
04/05/2023 18:00,0.0
04/05/2023 18:30,0.0
04/05/2023 19:00,0.0
04/05/2023 19:30,0.0
04/05/2023 20:00,0.0
04/05/2023 20:30,0.0
04/05/2023 21:00,0.0
04/05/2023 21:30,0.0
04/05/2023 22:00,0.0
04/05/2023 22:30,0.0
04/05/2023 23:00,0.0
04/05/2023 23:30,0.0
04/06/2023 00:00,0.0
04/06/2023 00:30,0.0
04/06/2023 01:00,0.0
04/06/2023 01:30,0.0
04/06/2023 02:00,0.0
04/06/2023 02:30,0.0
04/06/2023 03:00,0.0
04/06/2023 03:30,0.0
04/06/2023 04:00,0.0
04/06/2023 04:30,0.0
04/06/2023 05:00,0.0
04/06/2023 05:30,0.0
04/06/2023 06:00,0.0
04/06/2023 06:30,0.0
04/06/2023 07:00,0.0
04/06/2023 07:30,0.0
04/06/2023 08:00,0.0
04/06/2023 08:30,0.0
04/06/2023 09:00,0.0
04/06/2023 09:30,0.0
04/06/2023 10:00,0.0
04/06/2023 10:30,0.0
04/06/2023 11:00,0.0
04/06/2023 11:30,0.0
04/06/2023 12:00,0.0
04/06/2023 12:30,0.0
04/06/2023 13:00,0.0
04/06/2023 13:30,0.0
04/06/2023 14:00,0.0
04/06/2023 14:30,0.0
04/06/2023 15:00,0.0
04/06/2023 15:30,0.0
04/06/2023 16:00,0.0
04/06/2023 16:30,0.0
04/06/2023 17:00,0.0
04/06/2023 17:30,0.0
04/06/2023 18:00,0.0
04/06/2023 18:30,0.0
04/06/2023 19:00,0.0
04/06/2023 19:30,0.0
04/06/2023 20:00,0.0
04/06/2023 20:30,0.0
04/06/2023 21:00,0.0
04/06/2023 21:30,0.0
04/06/2023 22:00,0.0
04/06/2023 22:30,0.0
04/06/2023 23:00,0.0
04/06/2023 23:30,0.0
04/07/2023 00:00,0.0
04/07/2023 00:30,0.0
04/07/2023 01:00,0.0
04/07/2023 01:30,0.0
04/07/2023 02:00,0.0
04/07/2023 02:30,0.0
04/07/2023 03:00,0.0
04/07/2023 03:30,0.0
04/07/2023 04:00,0.0
04/07/2023 04:30,0.0
04/07/2023 05:00,0.0
04/07/2023 05:30,0.0
04/07/2023 06:00,0.0
04/07/2023 06:30,0.0
04/07/2023 07:00,0.0
04/07/2023 07:30,0.0
04/07/2023 08:00,0.0
04/07/2023 08:30,0.0
04/07/2023 09:00,0.0
04/07/2023 09:30,0.0
04/07/2023 10:00,0.0
04/07/2023 10:30,0.0
04/07/2023 11:00,0.0
04/07/2023 11:30,0.0
04/07/2023 12:00,0.0
04/07/2023 12:30,0.0
04/07/2023 13:00,0.0
04/07/2023 13:30,0.0
04/07/2023 14:00,0.0
04/07/2023 14:30,0.0
04/07/2023 15:00,0.0
04/07/2023 15:30,0.0
04/07/2023 16:00,0.0
04/07/2023 16:30,0.0
04/07/2023 17:00,0.0
04/07/2023 17:30,0.0
04/07/2023 18:00,0.0
04/07/2023 18:30,0.0
04/07/2023 19:00,0.0
04/07/2023 19:30,0.0
04/07/2023 20:00,0.0
04/07/2023 20:30,0.0
04/07/2023 21:00,0.0
04/07/2023 21:30,0.0
04/07/2023 22:00,0.0
04/07/2023 22:30,0.0
04/07/2023 23:00,0.0
04/07/2023 23:30,0.0
04/08/2023 00:00,0.0
04/08/2023 00:30,0.0
04/08/2023 01:00,0.0
04/08/2023 01:30,0.0
04/08/2023 02:00,0.0
04/08/2023 02:30,0.0
04/08/2023 03:00,0.0
04/08/2023 03:30,0.0
04/08/2023 04:00,0.0
04/08/2023 04:30,0.0
04/08/2023 05:00,0.0
04/08/2023 05:30,0.0
04/08/2023 06:00,0.0
04/08/2023 06:30,0.0
04/08/2023 07:00,0.0
04/08/2023 07:30,0.0
04/08/2023 08:00,0.0
04/08/2023 08:30,0.0
04/08/2023 09:00,0.0
04/08/2023 09:30,0.0
04/08/2023 10:00,0.0
04/08/2023 10:30,0.0
04/08/2023 11:00,0.0
04/08/2023 11:30,0.0
04/08/2023 12:00,0.0
04/08/2023 12:30,0.0
04/08/2023 13:00,0.0
04/08/2023 13:30,0.0
04/08/2023 14:00,0.0
04/08/2023 14:30,0.0
04/08/2023 15:00,0.0
04/08/2023 15:30,0.0
04/08/2023 16:00,0.0
04/08/2023 16:30,0.0
04/08/2023 17:00,0.0
04/08/2023 17:30,0.0
04/08/2023 18:00,0.0
04/08/2023 18:30,0.0
04/08/2023 19:00,0.0
04/08/2023 19:30,0.0
04/08/2023 20:00,0.0
04/08/2023 20:30,0.0
04/08/2023 21:00,0.0
04/08/2023 21:30,0.0
04/08/2023 22:00,0.0
04/08/2023 22:30,0.0
04/08/2023 23:00,0.0
04/08/2023 23:30,0.0
04/09/2023 00:00,0.0
04/09/2023 00:30,0.0
04/09/2023 01:00,0.0
04/09/2023 01:30,0.0
04/09/2023 02:00,0.0
04/09/2023 02:30,0.0
04/09/2023 03:00,0.0
04/09/2023 03:30,0.0
04/09/2023 04:00,0.0
04/09/2023 04:30,0.0
04/09/2023 05:00,0.0
04/09/2023 05:30,0.0
04/09/2023 06:00,0.0
04/09/2023 06:30,0.0
04/09/2023 07:00,0.0
04/09/2023 07:30,0.0
04/09/2023 08:00,0.0
04/09/2023 08:30,0.0
04/09/2023 09:00,0.0
04/09/2023 09:30,0.0
04/09/2023 10:00,0.0
04/09/2023 10:30,0.0
04/09/2023 11:00,0.0
04/09/2023 11:30,0.0
04/09/2023 12:00,0.0
04/09/2023 12:30,0.0
04/09/2023 13:00,0.0
04/09/2023 13:30,0.0
04/09/2023 14:00,0.0
04/09/2023 14:30,0.0
04/09/2023 15:00,0.0
04/09/2023 15:30,0.0
04/09/2023 16:00,0.0
04/09/2023 16:30,0.0
04/09/2023 17:00,0.0
04/09/2023 17:30,0.0
04/09/2023 18:00,0.0
04/09/2023 18:30,0.0
04/09/2023 19:00,0.0
04/09/2023 19:30,0.0
04/09/2023 20:00,0.0
04/09/2023 20:30,0.0
04/09/2023 21:00,0.0
04/09/2023 21:30,0.0
04/09/2023 22:00,0.0
04/09/2023 22:30,0.0
04/09/2023 23:00,0.0
04/09/2023 23:30,0.0
04/10/2023 00:00,0.0
04/10/2023 00:30,0.0
04/10/2023 01:00,0.0
04/10/2023 01:30,0.0
04/10/2023 02:00,0.0
04/10/2023 02:30,0.0
04/10/2023 03:00,0.0
04/10/2023 03:30,0.0
04/10/2023 04:00,0.0
04/10/2023 04:30,0.0
04/10/2023 05:00,0.0
04/10/2023 05:30,0.0
04/10/2023 06:00,0.0
04/10/2023 06:30,0.0
04/10/2023 07:00,0.0
04/10/2023 07:30,0.0
04/10/2023 08:00,0.0
04/10/2023 08:30,0.0
04/10/2023 09:00,0.0
04/10/2023 09:30,0.0
04/10/2023 10:00,0.0
04/10/2023 10:30,0.0
04/10/2023 11:00,0.0
04/10/2023 11:30,0.0
04/10/2023 12:00,0.0
04/10/2023 12:30,0.0
04/10/2023 13:00,0.0
04/10/2023 13:30,0.0
04/10/2023 14:00,0.0
04/10/2023 14:30,0.0
04/10/2023 15:00,0.0
04/10/2023 15:30,0.0
04/10/2023 16:00,0.0
04/10/2023 16:30,0.0
04/10/2023 17:00,0.0
04/10/2023 17:30,0.0
04/10/2023 18:00,0.0
04/10/2023 18:30,0.0
04/10/2023 19:00,0.0
04/10/2023 19:30,0.0
04/10/2023 20:00,0.0
04/10/2023 20:30,0.0
04/10/2023 21:00,0.0
04/10/2023 21:30,0.0
04/10/2023 22:00,0.0
04/10/2023 22:30,0.0
04/10/2023 23:00,0.0
04/10/2023 23:30,0.0
04/11/2023 00:00,0.0
04/11/2023 00:30,0.0
04/11/2023 01:00,0.0
04/11/2023 01:30,0.0
04/11/2023 02:00,0.0
04/11/2023 02:30,0.0
04/11/2023 03:00,0.0
04/11/2023 03:30,0.0
04/11/2023 04:00,0.0
04/11/2023 04:30,0.0
04/11/2023 05:00,0.0
04/11/2023 05:30,0.0
04/11/2023 06:00,0.0
04/11/2023 06:30,0.0
04/11/2023 07:00,0.0
04/11/2023 07:30,0.0
04/11/2023 08:00,0.0
04/11/2023 08:30,0.0
04/11/2023 09:00,0.0
04/11/2023 09:30,0.0
04/11/2023 10:00,0.0
04/11/2023 10:30,0.0
04/11/2023 11:00,0.0
04/11/2023 11:30,0.0
04/11/2023 12:00,0.0
04/11/2023 12:30,0.0
04/11/2023 13:00,0.0
04/11/2023 13:30,0.0
04/11/2023 14:00,0.0
04/11/2023 14:30,0.0
04/11/2023 15:00,0.0
04/11/2023 15:30,0.0
04/11/2023 16:00,0.0
04/11/2023 16:30,0.0
04/11/2023 17:00,0.0
04/11/2023 17:30,0.0
04/11/2023 18:00,0.0
04/11/2023 18:30,0.0
04/11/2023 19:00,0.0
04/11/2023 19:30,0.0
04/11/2023 20:00,0.0
04/11/2023 20:30,0.0
04/11/2023 21:00,0.0
04/11/2023 21:30,0.0
04/11/2023 22:00,0.0
04/11/2023 22:30,0.0
04/11/2023 23:00,0.0
04/11/2023 23:30,0.0
04/12/2023 00:00,0.0
04/12/2023 00:30,0.0
04/12/2023 01:00,0.0
04/12/2023 01:30,0.0
04/12/2023 02:00,0.0
04/12/2023 02:30,0.0
04/12/2023 03:00,0.0
04/12/2023 03:30,0.0
04/12/2023 04:00,0.0
04/12/2023 04:30,0.0
04/12/2023 05:00,0.0
04/12/2023 05:30,0.0
04/12/2023 06:00,0.0
04/12/2023 06:30,0.0
04/12/2023 07:00,0.0
04/12/2023 07:30,0.0
04/12/2023 08:00,0.0
04/12/2023 08:30,0.0
04/12/2023 09:00,0.0
04/12/2023 09:30,0.0
04/12/2023 10:00,0.0
04/12/2023 10:30,0.0
04/12/2023 11:00,0.0
04/12/2023 11:30,0.0
04/12/2023 12:00,0.0
04/12/2023 12:30,0.0
04/12/2023 13:00,0.0
04/12/2023 13:30,0.0
04/12/2023 14:00,0.0
04/12/2023 14:30,0.0
04/12/2023 15:00,0.0
04/12/2023 15:30,0.0
04/12/2023 16:00,0.0
04/12/2023 16:30,0.0
04/12/2023 17:00,0.0
04/12/2023 17:30,0.0
04/12/2023 18:00,0.0
04/12/2023 18:30,0.0
04/12/2023 19:00,0.0
04/12/2023 19:30,0.0
04/12/2023 20:00,0.0
04/12/2023 20:30,0.0
04/12/2023 21:00,0.0
04/12/2023 21:30,0.0
04/12/2023 22:00,0.0
04/12/2023 22:30,0.0
04/12/2023 23:00,0.0
04/12/2023 23:30,0.0
04/13/2023 00:00,0.0
04/13/2023 00:30,0.0
04/13/2023 01:00,0.0
04/13/2023 01:30,0.0
04/13/2023 02:00,0.0
04/13/2023 02:30,0.0
04/13/2023 03:00,0.0
04/13/2023 03:30,0.0
04/13/2023 04:00,0.0
04/13/2023 04:30,0.0
04/13/2023 05:00,0.0
04/13/2023 05:30,0.0
04/13/2023 06:00,0.0
04/13/2023 06:30,0.0
04/13/2023 07:00,0.0
04/13/2023 07:30,0.0
04/13/2023 08:00,0.0
04/13/2023 08:30,0.0
04/13/2023 09:00,0.0
04/13/2023 09:30,0.0
04/13/2023 10:00,0.0
04/13/2023 10:30,0.0
04/13/2023 11:00,0.0
04/13/2023 11:30,0.0
04/13/2023 12:00,0.0
04/13/2023 12:30,0.0
04/13/2023 13:00,0.0
04/13/2023 13:30,0.0
04/13/2023 14:00,0.0
04/13/2023 14:30,0.0
04/13/2023 15:00,0.0
04/13/2023 15:30,0.0
04/13/2023 16:00,0.0
04/13/2023 16:30,0.0
04/13/2023 17:00,0.0
04/13/2023 17:30,0.0
04/13/2023 18:00,0.0
04/13/2023 18:30,0.0
04/13/2023 19:00,0.0
04/13/2023 19:30,0.0
04/13/2023 20:00,0.0
04/13/2023 20:30,0.0
04/13/2023 21:00,0.0
04/13/2023 21:30,0.0
04/13/2023 22:00,0.0
04/13/2023 22:30,0.0
04/13/2023 23:00,0.0
04/13/2023 23:30,0.0
04/14/2023 00:00,0.0
04/14/2023 00:30,0.0
04/14/2023 01:00,0.0
04/14/2023 01:30,0.0
04/14/2023 02:00,0.0
04/14/2023 02:30,0.0
04/14/2023 03:00,0.0
04/14/2023 03:30,0.0
04/14/2023 04:00,0.0
04/14/2023 04:30,0.0
04/14/2023 05:00,0.0
04/14/2023 05:30,0.0
04/14/2023 06:00,0.0
04/14/2023 06:30,0.0
04/14/2023 07:00,0.0
04/14/2023 07:30,0.0
04/14/2023 08:00,0.0
04/14/2023 08:30,0.0
04/14/2023 09:00,0.0
04/14/2023 09:30,0.0
04/14/2023 10:00,0.0
04/14/2023 10:30,0.0
04/14/2023 11:00,0.0
04/14/2023 11:30,0.0
04/14/2023 12:00,0.0
04/14/2023 12:30,0.0
04/14/2023 13:00,0.0
04/14/2023 13:30,0.0
04/14/2023 14:00,0.0
04/14/2023 14:30,0.0
04/14/2023 15:00,0.0
04/14/2023 15:30,0.0
04/14/2023 16:00,0.0
04/14/2023 16:30,0.0
04/14/2023 17:00,0.0
04/14/2023 17:30,0.0
04/14/2023 18:00,0.0
04/14/2023 18:30,0.0
04/14/2023 19:00,0.0
04/14/2023 19:30,0.0
04/14/2023 20:00,0.0
04/14/2023 20:30,0.0
04/14/2023 21:00,0.0
04/14/2023 21:30,0.0
04/14/2023 22:00,0.0
04/14/2023 22:30,0.0
04/14/2023 23:00,0.0
04/14/2023 23:30,0.0
04/15/2023 00:00,0.0
04/15/2023 00:30,0.0
04/15/2023 01:00,0.0
04/15/2023 01:30,0.0
04/15/2023 02:00,0.0
04/15/2023 02:30,0.0
04/15/2023 03:00,0.0
04/15/2023 03:30,0.0
04/15/2023 04:00,0.0
04/15/2023 04:30,0.0
04/15/2023 05:00,0.0
04/15/2023 05:30,0.0
04/15/2023 06:00,0.0
04/15/2023 06:30,0.0
04/15/2023 07:00,0.0
04/15/2023 07:30,0.0
04/15/2023 08:00,0.0
04/15/2023 08:30,0.0
04/15/2023 09:00,0.0
04/15/2023 09:30,0.0
04/15/2023 10:00,0.0
04/15/2023 10:30,0.0
04/15/2023 11:00,0.0
04/15/2023 11:30,0.0
04/15/2023 12:00,0.0
04/15/2023 12:30,0.0
04/15/2023 13:00,0.0
04/15/2023 13:30,0.0
04/15/2023 14:00,0.0
04/15/2023 14:30,0.0
04/15/2023 15:00,0.0
04/15/2023 15:30,0.0
04/15/2023 16:00,0.0
04/15/2023 16:30,0.0
04/15/2023 17:00,0.0
04/15/2023 17:30,0.0
04/15/2023 18:00,0.0
04/15/2023 18:30,0.0
04/15/2023 19:00,0.0
04/15/2023 19:30,0.0
04/15/2023 20:00,0.0
04/15/2023 20:30,0.0
04/15/2023 21:00,0.0
04/15/2023 21:30,0.0
04/15/2023 22:00,0.0
04/15/2023 22:30,0.0
04/15/2023 23:00,0.0
04/15/2023 23:30,0.0
04/16/2023 00:00,0.0
04/16/2023 00:30,0.0
04/16/2023 01:00,0.0
04/16/2023 01:30,0.0
04/16/2023 02:00,0.0
04/16/2023 02:30,0.0
04/16/2023 03:00,0.0
04/16/2023 03:30,0.0
04/16/2023 04:00,0.0
04/16/2023 04:30,0.0
04/16/2023 05:00,0.0
04/16/2023 05:30,0.0
04/16/2023 06:00,0.0
04/16/2023 06:30,0.0
04/16/2023 07:00,0.0
04/16/2023 07:30,0.0
04/16/2023 08:00,0.0
04/16/2023 08:30,0.0
04/16/2023 09:00,0.0
04/16/2023 09:30,0.0
04/16/2023 10:00,0.0
04/16/2023 10:30,0.0
04/16/2023 11:00,0.0
04/16/2023 11:30,0.0
04/16/2023 12:00,0.0
04/16/2023 12:30,0.0
04/16/2023 13:00,0.0
04/16/2023 13:30,0.0
04/16/2023 14:00,0.0
04/16/2023 14:30,0.0
04/16/2023 15:00,0.0
04/16/2023 15:30,0.0
04/16/2023 16:00,0.0
04/16/2023 16:30,0.0
04/16/2023 17:00,0.0
04/16/2023 17:30,0.0
04/16/2023 18:00,0.0
04/16/2023 18:30,0.0
04/16/2023 19:00,0.0
04/16/2023 19:30,0.0
04/16/2023 20:00,0.0
04/16/2023 20:30,0.0
04/16/2023 21:00,0.0
04/16/2023 21:30,0.0
04/16/2023 22:00,0.0
04/16/2023 22:30,0.0
04/16/2023 23:00,0.0
04/16/2023 23:30,0.0
04/17/2023 00:00,0.0
04/17/2023 00:30,0.0
04/17/2023 01:00,0.0
04/17/2023 01:30,0.0
04/17/2023 02:00,0.0
04/17/2023 02:30,0.0
04/17/2023 03:00,0.0
04/17/2023 03:30,0.0
04/17/2023 04:00,0.0
04/17/2023 04:30,0.0
04/17/2023 05:00,0.0
04/17/2023 05:30,0.0
04/17/2023 06:00,0.0
04/17/2023 06:30,0.0
04/17/2023 07:00,0.0
04/17/2023 07:30,0.0
04/17/2023 08:00,0.0
04/17/2023 08:30,0.0
04/17/2023 09:00,0.0
04/17/2023 09:30,0.0
04/17/2023 10:00,0.0
04/17/2023 10:30,0.0
04/17/2023 11:00,0.0
04/17/2023 11:30,0.0
04/17/2023 12:00,0.0
04/17/2023 12:30,0.0
04/17/2023 13:00,0.0
04/17/2023 13:30,0.0
04/17/2023 14:00,0.0
04/17/2023 14:30,0.0
04/17/2023 15:00,0.0
04/17/2023 15:30,0.0
04/17/2023 16:00,0.0
04/17/2023 16:30,0.0
04/17/2023 17:00,0.0
04/17/2023 17:30,0.0
04/17/2023 18:00,0.0
04/17/2023 18:30,0.0
04/17/2023 19:00,0.0
04/17/2023 19:30,0.0
04/17/2023 20:00,0.0
04/17/2023 20:30,0.0
04/17/2023 21:00,0.0
04/17/2023 21:30,0.0
04/17/2023 22:00,0.0
04/17/2023 22:30,0.0
04/17/2023 23:00,0.0
04/17/2023 23:30,0.0
04/18/2023 00:00,0.0
04/18/2023 00:30,0.0
04/18/2023 01:00,0.0
04/18/2023 01:30,0.0
04/18/2023 02:00,0.0
04/18/2023 02:30,0.0
04/18/2023 03:00,0.0
04/18/2023 03:30,0.0
04/18/2023 04:00,0.0
04/18/2023 04:30,0.0
04/18/2023 05:00,0.0
04/18/2023 05:30,0.0
04/18/2023 06:00,0.0
04/18/2023 06:30,0.0
04/18/2023 07:00,0.0
04/18/2023 07:30,0.0
04/18/2023 08:00,0.0
04/18/2023 08:30,0.0
04/18/2023 09:00,0.0
04/18/2023 09:30,0.0
04/18/2023 10:00,0.0
04/18/2023 10:30,0.0
04/18/2023 11:00,0.0
04/18/2023 11:30,0.0
04/18/2023 12:00,0.0
04/18/2023 12:30,0.0
04/18/2023 13:00,0.0
04/18/2023 13:30,0.0
04/18/2023 14:00,0.0
04/18/2023 14:30,0.0
04/18/2023 15:00,0.0
04/18/2023 15:30,0.0
04/18/2023 16:00,0.0
04/18/2023 16:30,0.0
04/18/2023 17:00,0.0
04/18/2023 17:30,0.0
04/18/2023 18:00,0.0
04/18/2023 18:30,0.0
04/18/2023 19:00,0.0
04/18/2023 19:30,0.0
04/18/2023 20:00,0.0
04/18/2023 20:30,0.0
04/18/2023 21:00,0.0
04/18/2023 21:30,0.0
04/18/2023 22:00,0.0
04/18/2023 22:30,0.0
04/18/2023 23:00,0.0
04/18/2023 23:30,0.0
04/19/2023 00:00,0.0
04/19/2023 00:30,0.0
04/19/2023 01:00,0.0
04/19/2023 01:30,0.0
04/19/2023 02:00,0.0
04/19/2023 02:30,0.0
04/19/2023 03:00,0.0
04/19/2023 03:30,0.0
04/19/2023 04:00,0.0
04/19/2023 04:30,0.0
04/19/2023 05:00,0.0
04/19/2023 05:30,0.0
04/19/2023 06:00,0.0
04/19/2023 06:30,0.0
04/19/2023 07:00,0.0
04/19/2023 07:30,0.0
04/19/2023 08:00,0.0
04/19/2023 08:30,0.0
04/19/2023 09:00,0.0
04/19/2023 09:30,0.0
04/19/2023 10:00,0.0
04/19/2023 10:30,0.0
04/19/2023 11:00,0.0
04/19/2023 11:30,0.0
04/19/2023 12:00,0.0
04/19/2023 12:30,0.0
04/19/2023 13:00,0.0
04/19/2023 13:30,0.0
04/19/2023 14:00,0.0
04/19/2023 14:30,0.0
04/19/2023 15:00,0.0
04/19/2023 15:30,0.0
04/19/2023 16:00,0.0
04/19/2023 16:30,0.0
04/19/2023 17:00,0.0
04/19/2023 17:30,0.0
04/19/2023 18:00,0.0
04/19/2023 18:30,0.0
04/19/2023 19:00,0.0
04/19/2023 19:30,0.0
04/19/2023 20:00,0.0
04/19/2023 20:30,0.0
04/19/2023 21:00,0.0
04/19/2023 21:30,0.0
04/19/2023 22:00,0.0
04/19/2023 22:30,0.0
04/19/2023 23:00,0.0
04/19/2023 23:30,0.0
04/20/2023 00:00,0.0
04/20/2023 00:30,0.0
04/20/2023 01:00,0.0
04/20/2023 01:30,0.0
04/20/2023 02:00,0.0
04/20/2023 02:30,0.0
04/20/2023 03:00,0.0
04/20/2023 03:30,0.0
04/20/2023 04:00,0.0
04/20/2023 04:30,0.0
04/20/2023 05:00,0.0
04/20/2023 05:30,0.0
04/20/2023 06:00,0.0
04/20/2023 06:30,0.0
04/20/2023 07:00,0.0
04/20/2023 07:30,0.0
04/20/2023 08:00,0.0
04/20/2023 08:30,0.0
04/20/2023 09:00,0.0
04/20/2023 09:30,0.0
04/20/2023 10:00,0.0
04/20/2023 10:30,0.0
04/20/2023 11:00,0.0
04/20/2023 11:30,0.0
04/20/2023 12:00,0.0
04/20/2023 12:30,0.0
04/20/2023 13:00,0.0
04/20/2023 13:30,0.0
04/20/2023 14:00,0.0
04/20/2023 14:30,0.0
04/20/2023 15:00,0.0
04/20/2023 15:30,0.0
04/20/2023 16:00,0.0
04/20/2023 16:30,0.0
04/20/2023 17:00,0.0
04/20/2023 17:30,0.0
04/20/2023 18:00,0.0
04/20/2023 18:30,0.0
04/20/2023 19:00,0.0
04/20/2023 19:30,0.0
04/20/2023 20:00,0.0
04/20/2023 20:30,0.0
04/20/2023 21:00,0.0
04/20/2023 21:30,0.0
04/20/2023 22:00,0.0
04/20/2023 22:30,0.0
04/20/2023 23:00,0.0
04/20/2023 23:30,0.0
04/21/2023 00:00,0.0
04/21/2023 00:30,0.0
04/21/2023 01:00,0.0
04/21/2023 01:30,0.0
04/21/2023 02:00,0.0
04/21/2023 02:30,0.0
04/21/2023 03:00,0.0
04/21/2023 03:30,0.0
04/21/2023 04:00,0.0
04/21/2023 04:30,0.0
04/21/2023 05:00,0.0
04/21/2023 05:30,0.0
04/21/2023 06:00,0.0
04/21/2023 06:30,0.0
04/21/2023 07:00,0.0
04/21/2023 07:30,0.0
04/21/2023 08:00,0.0
04/21/2023 08:30,0.0
04/21/2023 09:00,0.0
04/21/2023 09:30,0.0
04/21/2023 10:00,0.0
04/21/2023 10:30,0.0
04/21/2023 11:00,0.0
04/21/2023 11:30,0.0
04/21/2023 12:00,0.0
04/21/2023 12:30,0.0
04/21/2023 13:00,0.0
04/21/2023 13:30,0.0
04/21/2023 14:00,0.0
04/21/2023 14:30,0.0
04/21/2023 15:00,0.0
04/21/2023 15:30,0.0
04/21/2023 16:00,0.0
04/21/2023 16:30,0.0
04/21/2023 17:00,0.0
04/21/2023 17:30,0.0
04/21/2023 18:00,0.0
04/21/2023 18:30,0.0
04/21/2023 19:00,0.0
04/21/2023 19:30,0.0
04/21/2023 20:00,0.0
04/21/2023 20:30,0.0
04/21/2023 21:00,0.0
04/21/2023 21:30,0.0
04/21/2023 22:00,0.0
04/21/2023 22:30,0.0
04/21/2023 23:00,0.0
04/21/2023 23:30,0.0
04/22/2023 00:00,0.0
04/22/2023 00:30,0.0
04/22/2023 01:00,0.0
04/22/2023 01:30,0.0
04/22/2023 02:00,0.0
04/22/2023 02:30,0.0
04/22/2023 03:00,0.0
04/22/2023 03:30,0.0
04/22/2023 04:00,0.0
04/22/2023 04:30,0.0
04/22/2023 05:00,0.0
04/22/2023 05:30,0.0
04/22/2023 06:00,0.0
04/22/2023 06:30,0.0
04/22/2023 07:00,0.0
04/22/2023 07:30,0.0
04/22/2023 08:00,0.0
04/22/2023 08:30,0.0
04/22/2023 09:00,0.0
04/22/2023 09:30,0.0
04/22/2023 10:00,0.0
04/22/2023 10:30,0.0
04/22/2023 11:00,0.0
04/22/2023 11:30,0.0
04/22/2023 12:00,0.0
04/22/2023 12:30,0.0
04/22/2023 13:00,0.0
04/22/2023 13:30,0.0
04/22/2023 14:00,0.0
04/22/2023 14:30,0.0
04/22/2023 15:00,0.0
04/22/2023 15:30,0.0
04/22/2023 16:00,0.0
04/22/2023 16:30,0.0
04/22/2023 17:00,0.0
04/22/2023 17:30,0.0
04/22/2023 18:00,0.0
04/22/2023 18:30,0.0
04/22/2023 19:00,0.0
04/22/2023 19:30,0.0
04/22/2023 20:00,0.0
04/22/2023 20:30,0.0
04/22/2023 21:00,0.0
04/22/2023 21:30,0.0
04/22/2023 22:00,0.0
04/22/2023 22:30,0.0
04/22/2023 23:00,0.0
04/22/2023 23:30,0.0
04/23/2023 00:00,0.0
04/23/2023 00:30,0.0
04/23/2023 01:00,0.0
04/23/2023 01:30,0.0
04/23/2023 02:00,0.0
04/23/2023 02:30,0.0
04/23/2023 03:00,0.0
04/23/2023 03:30,0.0
04/23/2023 04:00,0.0
04/23/2023 04:30,0.0
04/23/2023 05:00,0.0
04/23/2023 05:30,0.0
04/23/2023 06:00,0.0
04/23/2023 06:30,0.0
04/23/2023 07:00,0.0
04/23/2023 07:30,0.0
04/23/2023 08:00,0.0
04/23/2023 08:30,0.0
04/23/2023 09:00,0.0
04/23/2023 09:30,0.0
04/23/2023 10:00,0.0
04/23/2023 10:30,0.0
04/23/2023 11:00,0.0
04/23/2023 11:30,0.0
04/23/2023 12:00,0.0
04/23/2023 12:30,0.0
04/23/2023 13:00,0.0
04/23/2023 13:30,0.0
04/23/2023 14:00,0.0
04/23/2023 14:30,0.0
04/23/2023 15:00,0.0
04/23/2023 15:30,0.0
04/23/2023 16:00,0.0
04/23/2023 16:30,0.0
04/23/2023 17:00,0.0
04/23/2023 17:30,0.0
04/23/2023 18:00,0.0
04/23/2023 18:30,0.0
04/23/2023 19:00,0.0
04/23/2023 19:30,0.0
04/23/2023 20:00,0.0
04/23/2023 20:30,0.0
04/23/2023 21:00,0.0
04/23/2023 21:30,0.0
04/23/2023 22:00,0.0
04/23/2023 22:30,0.0
04/23/2023 23:00,0.0
04/23/2023 23:30,0.0
04/24/2023 00:00,0.0
04/24/2023 00:30,0.0
04/24/2023 01:00,0.0
04/24/2023 01:30,0.0
04/24/2023 02:00,0.0
04/24/2023 02:30,0.0
04/24/2023 03:00,0.0
04/24/2023 03:30,0.0
04/24/2023 04:00,0.0
04/24/2023 04:30,0.0
04/24/2023 05:00,0.0
04/24/2023 05:30,0.0
04/24/2023 06:00,0.0
04/24/2023 06:30,0.0
04/24/2023 07:00,0.0
04/24/2023 07:30,0.0
04/24/2023 08:00,0.0
04/24/2023 08:30,0.0
04/24/2023 09:00,0.0
04/24/2023 09:30,0.0
04/24/2023 10:00,0.0
04/24/2023 10:30,0.0
04/24/2023 11:00,0.0
04/24/2023 11:30,0.0
04/24/2023 12:00,0.0
04/24/2023 12:30,0.0
04/24/2023 13:00,0.0
04/24/2023 13:30,0.0
04/24/2023 14:00,0.0
04/24/2023 14:30,0.0
04/24/2023 15:00,0.0
04/24/2023 15:30,0.0
04/24/2023 16:00,0.0
04/24/2023 16:30,0.0
04/24/2023 17:00,0.0
04/24/2023 17:30,0.0
04/24/2023 18:00,0.0
04/24/2023 18:30,0.0
04/24/2023 19:00,0.0
04/24/2023 19:30,0.0
04/24/2023 20:00,0.0
04/24/2023 20:30,0.0
04/24/2023 21:00,0.0
04/24/2023 21:30,0.0
04/24/2023 22:00,0.0
04/24/2023 22:30,0.0
04/24/2023 23:00,0.0
04/24/2023 23:30,0.0
04/25/2023 00:00,0.0
04/25/2023 00:30,0.0
04/25/2023 01:00,0.0
04/25/2023 01:30,0.0
04/25/2023 02:00,0.0
04/25/2023 02:30,0.0
04/25/2023 03:00,0.0
04/25/2023 03:30,0.0
04/25/2023 04:00,0.0
04/25/2023 04:30,0.0
04/25/2023 05:00,0.0
04/25/2023 05:30,0.0
04/25/2023 06:00,0.0
04/25/2023 06:30,0.0
04/25/2023 07:00,0.0
04/25/2023 07:30,0.0
04/25/2023 08:00,0.0
04/25/2023 08:30,0.0
04/25/2023 09:00,0.0
04/25/2023 09:30,0.0
04/25/2023 10:00,0.0
04/25/2023 10:30,0.0
04/25/2023 11:00,0.0
04/25/2023 11:30,0.0
04/25/2023 12:00,0.0
04/25/2023 12:30,0.0
04/25/2023 13:00,0.0
04/25/2023 13:30,0.0
04/25/2023 14:00,0.0
04/25/2023 14:30,0.0
04/25/2023 15:00,0.0
04/25/2023 15:30,0.0
04/25/2023 16:00,0.0
04/25/2023 16:30,0.0
04/25/2023 17:00,0.0
04/25/2023 17:30,0.0
04/25/2023 18:00,0.0
04/25/2023 18:30,0.0
04/25/2023 19:00,0.0
04/25/2023 19:30,0.0
04/25/2023 20:00,0.0
04/25/2023 20:30,0.0
04/25/2023 21:00,0.0
04/25/2023 21:30,0.0
04/25/2023 22:00,0.0
04/25/2023 22:30,0.0
04/25/2023 23:00,0.0
04/25/2023 23:30,0.0
04/26/2023 00:00,0.0
04/26/2023 00:30,0.0
04/26/2023 01:00,0.0
04/26/2023 01:30,0.0
04/26/2023 02:00,0.0
04/26/2023 02:30,0.0
04/26/2023 03:00,0.0
04/26/2023 03:30,0.0
04/26/2023 04:00,0.0
04/26/2023 04:30,0.0
04/26/2023 05:00,0.0
04/26/2023 05:30,0.0
04/26/2023 06:00,0.0
04/26/2023 06:30,0.0
04/26/2023 07:00,0.0
04/26/2023 07:30,0.0
04/26/2023 08:00,0.0
04/26/2023 08:30,0.0
04/26/2023 09:00,0.0
04/26/2023 09:30,0.0
04/26/2023 10:00,0.0
04/26/2023 10:30,0.0
04/26/2023 11:00,0.0
04/26/2023 11:30,0.0
04/26/2023 12:00,0.0
04/26/2023 12:30,0.0
04/26/2023 13:00,0.0
04/26/2023 13:30,0.0
04/26/2023 14:00,0.0
04/26/2023 14:30,0.0
04/26/2023 15:00,0.0
04/26/2023 15:30,0.0
04/26/2023 16:00,0.0
04/26/2023 16:30,0.0
04/26/2023 17:00,0.0
04/26/2023 17:30,0.0
04/26/2023 18:00,0.0
04/26/2023 18:30,0.0
04/26/2023 19:00,0.0
04/26/2023 19:30,0.0
04/26/2023 20:00,0.0
04/26/2023 20:30,0.0
04/26/2023 21:00,0.0
04/26/2023 21:30,0.0
04/26/2023 22:00,0.0
04/26/2023 22:30,0.0
04/26/2023 23:00,0.0
04/26/2023 23:30,0.0
04/27/2023 00:00,0.0
04/27/2023 00:30,0.0
04/27/2023 01:00,0.0
04/27/2023 01:30,0.0
04/27/2023 02:00,0.0
04/27/2023 02:30,0.0
04/27/2023 03:00,0.0
04/27/2023 03:30,0.0
04/27/2023 04:00,0.0
04/27/2023 04:30,0.0
04/27/2023 05:00,0.0
04/27/2023 05:30,0.0
04/27/2023 06:00,0.0
04/27/2023 06:30,0.0
04/27/2023 07:00,0.0
04/27/2023 07:30,0.0
04/27/2023 08:00,0.0
04/27/2023 08:30,0.0
04/27/2023 09:00,0.0
04/27/2023 09:30,0.0
04/27/2023 10:00,0.0
04/27/2023 10:30,0.0
04/27/2023 11:00,0.0
04/27/2023 11:30,0.0
04/27/2023 12:00,0.0
04/27/2023 12:30,0.0
04/27/2023 13:00,0.0
04/27/2023 13:30,0.0
04/27/2023 14:00,0.0
04/27/2023 14:30,0.0
04/27/2023 15:00,0.0
04/27/2023 15:30,0.0
04/27/2023 16:00,0.0
04/27/2023 16:30,0.0
04/27/2023 17:00,0.0
04/27/2023 17:30,0.0
04/27/2023 18:00,0.0
04/27/2023 18:30,0.0
04/27/2023 19:00,0.0
04/27/2023 19:30,0.0
04/27/2023 20:00,0.0
04/27/2023 20:30,0.0
04/27/2023 21:00,0.0
04/27/2023 21:30,0.0
04/27/2023 22:00,0.0
04/27/2023 22:30,0.0
04/27/2023 23:00,0.0
04/27/2023 23:30,0.0
04/28/2023 00:00,0.0
04/28/2023 00:30,0.0
04/28/2023 01:00,0.0
04/28/2023 01:30,0.0
04/28/2023 02:00,0.0
04/28/2023 02:30,0.0
04/28/2023 03:00,0.0
04/28/2023 03:30,0.0
04/28/2023 04:00,0.0
04/28/2023 04:30,0.0
04/28/2023 05:00,0.0
04/28/2023 05:30,0.0
04/28/2023 06:00,0.0
04/28/2023 06:30,0.0
04/28/2023 07:00,0.0
04/28/2023 07:30,0.0
04/28/2023 08:00,0.0
04/28/2023 08:30,0.0
04/28/2023 09:00,0.0
04/28/2023 09:30,0.0
04/28/2023 10:00,0.0
04/28/2023 10:30,0.0
04/28/2023 11:00,0.0
04/28/2023 11:30,0.0
04/28/2023 12:00,0.0
04/28/2023 12:30,0.0
04/28/2023 13:00,0.0
04/28/2023 13:30,0.0
04/28/2023 14:00,0.0
04/28/2023 14:30,0.0
04/28/2023 15:00,0.0
04/28/2023 15:30,0.0
04/28/2023 16:00,0.0
04/28/2023 16:30,0.0
04/28/2023 17:00,0.0
04/28/2023 17:30,0.0
04/28/2023 18:00,0.0
04/28/2023 18:30,0.0
04/28/2023 19:00,0.0
04/28/2023 19:30,0.0
04/28/2023 20:00,0.0
04/28/2023 20:30,0.0
04/28/2023 21:00,0.0
04/28/2023 21:30,0.0
04/28/2023 22:00,0.0
04/28/2023 22:30,0.0
04/28/2023 23:00,0.0
04/28/2023 23:30,0.0
04/29/2023 00:00,0.0
04/29/2023 00:30,0.0
04/29/2023 01:00,0.0
04/29/2023 01:30,0.0
04/29/2023 02:00,0.0
04/29/2023 02:30,0.0
04/29/2023 03:00,0.0
04/29/2023 03:30,0.0
04/29/2023 04:00,0.0
04/29/2023 04:30,0.0
04/29/2023 05:00,0.0
04/29/2023 05:30,0.0
04/29/2023 06:00,0.0
04/29/2023 06:30,0.0
04/29/2023 07:00,0.0
04/29/2023 07:30,0.0
04/29/2023 08:00,0.0
04/29/2023 08:30,0.0
04/29/2023 09:00,0.0
04/29/2023 09:30,0.0
04/29/2023 10:00,0.0
04/29/2023 10:30,0.0
04/29/2023 11:00,0.0
04/29/2023 11:30,0.0
04/29/2023 12:00,0.0
04/29/2023 12:30,0.0
04/29/2023 13:00,0.0
04/29/2023 13:30,0.0
04/29/2023 14:00,0.0
04/29/2023 14:30,0.0
04/29/2023 15:00,0.0
04/29/2023 15:30,0.0
04/29/2023 16:00,0.0
04/29/2023 16:30,0.0
04/29/2023 17:00,0.0
04/29/2023 17:30,0.0
04/29/2023 18:00,0.0
04/29/2023 18:30,0.0
04/29/2023 19:00,0.0
04/29/2023 19:30,0.0
04/29/2023 20:00,0.0
04/29/2023 20:30,0.0
04/29/2023 21:00,0.0
04/29/2023 21:30,0.0
04/29/2023 22:00,0.0
04/29/2023 22:30,0.0
04/29/2023 23:00,0.0
04/29/2023 23:30,0.0
04/30/2023 00:00,0.0
04/30/2023 00:30,0.0
04/30/2023 01:00,0.0
04/30/2023 01:30,0.0
04/30/2023 02:00,0.0
04/30/2023 02:30,0.0
04/30/2023 03:00,0.0
04/30/2023 03:30,0.0
04/30/2023 04:00,0.0
04/30/2023 04:30,0.0
04/30/2023 05:00,0.0
04/30/2023 05:30,0.0
04/30/2023 06:00,0.0
04/30/2023 06:30,0.0
04/30/2023 07:00,0.0
04/30/2023 07:30,0.0
04/30/2023 08:00,0.0
04/30/2023 08:30,0.0
04/30/2023 09:00,0.0
04/30/2023 09:30,0.0
04/30/2023 10:00,0.0
04/30/2023 10:30,0.0
04/30/2023 11:00,0.0
04/30/2023 11:30,0.0
04/30/2023 12:00,0.0
04/30/2023 12:30,0.0
04/30/2023 13:00,0.0
04/30/2023 13:30,0.0
04/30/2023 14:00,0.0
04/30/2023 14:30,0.0
04/30/2023 15:00,0.0
04/30/2023 15:30,0.0
04/30/2023 16:00,0.0
04/30/2023 16:30,0.0
04/30/2023 17:00,0.0
04/30/2023 17:30,0.0
04/30/2023 18:00,0.0
04/30/2023 18:30,0.0
04/30/2023 19:00,0.0
04/30/2023 19:30,0.0
04/30/2023 20:00,0.0
04/30/2023 20:30,0.0
04/30/2023 21:00,0.0
04/30/2023 21:30,0.0
04/30/2023 22:00,0.0
04/30/2023 22:30,0.0
04/30/2023 23:00,0.0
04/30/2023 23:30,0.0
05/01/2023 00:00,0.0
05/01/2023 00:30,0.0
05/01/2023 01:00,0.0
05/01/2023 01:30,0.0
05/01/2023 02:00,0.0
05/01/2023 02:30,0.0
05/01/2023 03:00,0.0
05/01/2023 03:30,0.0
05/01/2023 04:00,0.0
05/01/2023 04:30,0.0
05/01/2023 05:00,0.0
05/01/2023 05:30,0.0
05/01/2023 06:00,0.0
05/01/2023 06:30,0.0
05/01/2023 07:00,0.0
05/01/2023 07:30,0.0
05/01/2023 08:00,0.0
05/01/2023 08:30,0.0
05/01/2023 09:00,0.0
05/01/2023 09:30,0.0
05/01/2023 10:00,0.0
05/01/2023 10:30,0.0
05/01/2023 11:00,0.0
05/01/2023 11:30,0.0
05/01/2023 12:00,0.0
05/01/2023 12:30,0.0
05/01/2023 13:00,0.0
05/01/2023 13:30,0.0
05/01/2023 14:00,0.0
05/01/2023 14:30,0.0
05/01/2023 15:00,0.0
05/01/2023 15:30,0.0
05/01/2023 16:00,0.0
05/01/2023 16:30,0.0
05/01/2023 17:00,0.0
05/01/2023 17:30,0.0
05/01/2023 18:00,0.0
05/01/2023 18:30,0.0
05/01/2023 19:00,0.0
05/01/2023 19:30,0.0
05/01/2023 20:00,0.0
05/01/2023 20:30,0.0
05/01/2023 21:00,0.0
05/01/2023 21:30,0.0
05/01/2023 22:00,0.0
05/01/2023 22:30,0.0
05/01/2023 23:00,0.0
05/01/2023 23:30,0.0
05/02/2023 00:00,0.0
05/02/2023 00:30,0.0
05/02/2023 01:00,0.0
05/02/2023 01:30,0.0
05/02/2023 02:00,0.0
05/02/2023 02:30,0.0
05/02/2023 03:00,0.0
05/02/2023 03:30,0.0
05/02/2023 04:00,0.0
05/02/2023 04:30,0.0
05/02/2023 05:00,0.0
05/02/2023 05:30,0.0
05/02/2023 06:00,0.0
05/02/2023 06:30,0.0
05/02/2023 07:00,0.0
05/02/2023 07:30,0.0
05/02/2023 08:00,0.0
05/02/2023 08:30,0.0
05/02/2023 09:00,0.0
05/02/2023 09:30,0.0
05/02/2023 10:00,0.0
05/02/2023 10:30,0.0
05/02/2023 11:00,0.0
05/02/2023 11:30,0.0
05/02/2023 12:00,0.0
05/02/2023 12:30,0.0
05/02/2023 13:00,0.0
05/02/2023 13:30,0.0
05/02/2023 14:00,0.0
05/02/2023 14:30,0.0
05/02/2023 15:00,0.0
05/02/2023 15:30,0.0
05/02/2023 16:00,0.0
05/02/2023 16:30,0.0
05/02/2023 17:00,0.0
05/02/2023 17:30,0.0
05/02/2023 18:00,0.0
05/02/2023 18:30,0.0
05/02/2023 19:00,0.0
05/02/2023 19:30,0.0
05/02/2023 20:00,0.0
05/02/2023 20:30,0.0
05/02/2023 21:00,0.0
05/02/2023 21:30,0.0
05/02/2023 22:00,0.0
05/02/2023 22:30,0.0
05/02/2023 23:00,0.0
05/02/2023 23:30,0.0
05/03/2023 00:00,0.0
05/03/2023 00:30,0.0
05/03/2023 01:00,0.0
05/03/2023 01:30,0.0
05/03/2023 02:00,0.0
05/03/2023 02:30,0.0
05/03/2023 03:00,0.0
05/03/2023 03:30,0.0
05/03/2023 04:00,0.0
05/03/2023 04:30,0.0
05/03/2023 05:00,0.0
05/03/2023 05:30,0.0
05/03/2023 06:00,0.0
05/03/2023 06:30,0.0
05/03/2023 07:00,0.0
05/03/2023 07:30,0.0
05/03/2023 08:00,0.0
05/03/2023 08:30,0.0
05/03/2023 09:00,0.0
05/03/2023 09:30,0.0
05/03/2023 10:00,0.0
05/03/2023 10:30,0.0
05/03/2023 11:00,0.0
05/03/2023 11:30,0.0
05/03/2023 12:00,0.0
05/03/2023 12:30,0.0
05/03/2023 13:00,0.0
05/03/2023 13:30,0.0
05/03/2023 14:00,0.0
05/03/2023 14:30,0.0
05/03/2023 15:00,0.0
05/03/2023 15:30,0.0
05/03/2023 16:00,0.0
05/03/2023 16:30,0.0
05/03/2023 17:00,0.0
05/03/2023 17:30,0.0
05/03/2023 18:00,0.0
05/03/2023 18:30,0.0
05/03/2023 19:00,0.0
05/03/2023 19:30,0.0
05/03/2023 20:00,0.0
05/03/2023 20:30,0.0
05/03/2023 21:00,0.0
05/03/2023 21:30,0.0
05/03/2023 22:00,0.0
05/03/2023 22:30,0.0
05/03/2023 23:00,0.0
05/03/2023 23:30,0.0
05/04/2023 00:00,0.0
05/04/2023 00:30,0.0
05/04/2023 01:00,0.0
05/04/2023 01:30,0.0
05/04/2023 02:00,0.0
05/04/2023 02:30,0.0
05/04/2023 03:00,0.0
05/04/2023 03:30,0.0
05/04/2023 04:00,0.0
05/04/2023 04:30,0.0
05/04/2023 05:00,0.0
05/04/2023 05:30,0.0
05/04/2023 06:00,0.0
05/04/2023 06:30,0.0
05/04/2023 07:00,0.0
05/04/2023 07:30,0.0
05/04/2023 08:00,0.0
05/04/2023 08:30,0.0
05/04/2023 09:00,0.0
05/04/2023 09:30,0.0
05/04/2023 10:00,0.0
05/04/2023 10:30,0.0
05/04/2023 11:00,0.0
05/04/2023 11:30,0.0
05/04/2023 12:00,0.0
05/04/2023 12:30,0.0
05/04/2023 13:00,0.0
05/04/2023 13:30,0.0
05/04/2023 14:00,0.0
05/04/2023 14:30,0.0
05/04/2023 15:00,0.0
05/04/2023 15:30,0.0
05/04/2023 16:00,0.0
05/04/2023 16:30,0.0
05/04/2023 17:00,0.0
05/04/2023 17:30,0.0
05/04/2023 18:00,0.0
05/04/2023 18:30,0.0
05/04/2023 19:00,0.0
05/04/2023 19:30,0.0
05/04/2023 20:00,0.0
05/04/2023 20:30,0.0
05/04/2023 21:00,0.0
05/04/2023 21:30,0.0
05/04/2023 22:00,0.0
05/04/2023 22:30,0.0
05/04/2023 23:00,0.0
05/04/2023 23:30,0.0
05/05/2023 00:00,0.0
05/05/2023 00:30,0.0
05/05/2023 01:00,0.0
05/05/2023 01:30,0.0
05/05/2023 02:00,0.0
05/05/2023 02:30,0.0
05/05/2023 03:00,0.0
05/05/2023 03:30,0.0
05/05/2023 04:00,0.0
05/05/2023 04:30,0.0
05/05/2023 05:00,0.0
05/05/2023 05:30,0.0
05/05/2023 06:00,0.0
05/05/2023 06:30,0.0
05/05/2023 07:00,0.0
05/05/2023 07:30,0.0
05/05/2023 08:00,0.0
05/05/2023 08:30,0.0
05/05/2023 09:00,0.0
05/05/2023 09:30,0.0
05/05/2023 10:00,0.0
05/05/2023 10:30,0.0
05/05/2023 11:00,0.0
05/05/2023 11:30,0.0
05/05/2023 12:00,0.0
05/05/2023 12:30,0.0
05/05/2023 13:00,0.0
05/05/2023 13:30,0.0
05/05/2023 14:00,0.0
05/05/2023 14:30,0.0
05/05/2023 15:00,0.0
05/05/2023 15:30,0.0
05/05/2023 16:00,0.0
05/05/2023 16:30,0.0
05/05/2023 17:00,0.0
05/05/2023 17:30,0.0
05/05/2023 18:00,0.0
05/05/2023 18:30,0.0
05/05/2023 19:00,0.0
05/05/2023 19:30,0.0
05/05/2023 20:00,0.0
05/05/2023 20:30,0.0
05/05/2023 21:00,0.0
05/05/2023 21:30,0.0
05/05/2023 22:00,0.0
05/05/2023 22:30,0.0
05/05/2023 23:00,0.0
05/05/2023 23:30,0.0
05/06/2023 00:00,0.0
05/06/2023 00:30,0.0
05/06/2023 01:00,0.0
05/06/2023 01:30,0.0
05/06/2023 02:00,0.0
05/06/2023 02:30,0.0
05/06/2023 03:00,0.0
05/06/2023 03:30,0.0
05/06/2023 04:00,0.0
05/06/2023 04:30,0.0
05/06/2023 05:00,0.0
05/06/2023 05:30,0.0
05/06/2023 06:00,0.0
05/06/2023 06:30,0.0
05/06/2023 07:00,0.0
05/06/2023 07:30,0.0
05/06/2023 08:00,0.0
05/06/2023 08:30,0.0
05/06/2023 09:00,0.0
05/06/2023 09:30,0.0
05/06/2023 10:00,0.0
05/06/2023 10:30,0.0
05/06/2023 11:00,0.0
05/06/2023 11:30,0.0
05/06/2023 12:00,0.0
05/06/2023 12:30,0.0
05/06/2023 13:00,0.0
05/06/2023 13:30,0.0
05/06/2023 14:00,0.0
05/06/2023 14:30,0.0
05/06/2023 15:00,0.0
05/06/2023 15:30,0.0
05/06/2023 16:00,0.0
05/06/2023 16:30,0.0
05/06/2023 17:00,0.0
05/06/2023 17:30,0.0
05/06/2023 18:00,0.0
05/06/2023 18:30,0.0
05/06/2023 19:00,0.0
05/06/2023 19:30,0.0
05/06/2023 20:00,0.0
05/06/2023 20:30,0.0
05/06/2023 21:00,0.0
05/06/2023 21:30,0.0
05/06/2023 22:00,0.0
05/06/2023 22:30,0.0
05/06/2023 23:00,0.0
05/06/2023 23:30,0.0
05/07/2023 00:00,0.0
05/07/2023 00:30,0.0
05/07/2023 01:00,0.0
05/07/2023 01:30,0.0
05/07/2023 02:00,0.0
05/07/2023 02:30,0.0
05/07/2023 03:00,0.0
05/07/2023 03:30,0.0
05/07/2023 04:00,0.0
05/07/2023 04:30,0.0
05/07/2023 05:00,0.0
05/07/2023 05:30,0.0
05/07/2023 06:00,0.0
05/07/2023 06:30,0.0
05/07/2023 07:00,0.0
05/07/2023 07:30,0.0
05/07/2023 08:00,0.0
05/07/2023 08:30,0.0
05/07/2023 09:00,0.0
05/07/2023 09:30,0.0
05/07/2023 10:00,0.0
05/07/2023 10:30,0.0
05/07/2023 11:00,0.0
05/07/2023 11:30,0.0
05/07/2023 12:00,0.0
05/07/2023 12:30,0.0
05/07/2023 13:00,0.0
05/07/2023 13:30,0.0
05/07/2023 14:00,0.0
05/07/2023 14:30,0.0
05/07/2023 15:00,0.0
05/07/2023 15:30,0.0
05/07/2023 16:00,0.0
05/07/2023 16:30,0.0
05/07/2023 17:00,0.0
05/07/2023 17:30,0.0
05/07/2023 18:00,0.0
05/07/2023 18:30,0.0
05/07/2023 19:00,0.0
05/07/2023 19:30,0.0
05/07/2023 20:00,0.0
05/07/2023 20:30,0.0
05/07/2023 21:00,0.0
05/07/2023 21:30,0.0
05/07/2023 22:00,0.0
05/07/2023 22:30,0.0
05/07/2023 23:00,0.0
05/07/2023 23:30,0.0
05/08/2023 00:00,0.0
05/08/2023 00:30,0.0
05/08/2023 01:00,0.0
05/08/2023 01:30,0.0
05/08/2023 02:00,0.0
05/08/2023 02:30,0.0
05/08/2023 03:00,0.0
05/08/2023 03:30,0.0
05/08/2023 04:00,0.0
05/08/2023 04:30,0.0
05/08/2023 05:00,0.0
05/08/2023 05:30,0.0
05/08/2023 06:00,0.0
05/08/2023 06:30,0.0
05/08/2023 07:00,0.0
05/08/2023 07:30,0.0
05/08/2023 08:00,0.0
05/08/2023 08:30,0.0
05/08/2023 09:00,0.0
05/08/2023 09:30,0.0
05/08/2023 10:00,0.0
05/08/2023 10:30,0.0
05/08/2023 11:00,0.0
05/08/2023 11:30,0.0
05/08/2023 12:00,0.0
05/08/2023 12:30,0.0
05/08/2023 13:00,0.0
05/08/2023 13:30,0.0
05/08/2023 14:00,0.0
05/08/2023 14:30,0.0
05/08/2023 15:00,0.0
05/08/2023 15:30,0.0
05/08/2023 16:00,0.0
05/08/2023 16:30,0.0
05/08/2023 17:00,0.0
05/08/2023 17:30,0.0
05/08/2023 18:00,0.0
05/08/2023 18:30,0.0
05/08/2023 19:00,0.0
05/08/2023 19:30,0.0
05/08/2023 20:00,0.0
05/08/2023 20:30,0.0
05/08/2023 21:00,0.0
05/08/2023 21:30,0.0
05/08/2023 22:00,0.0
05/08/2023 22:30,0.0
05/08/2023 23:00,0.0
05/08/2023 23:30,0.0
05/09/2023 00:00,0.0
05/09/2023 00:30,0.0
05/09/2023 01:00,0.0
05/09/2023 01:30,0.0
05/09/2023 02:00,0.0
05/09/2023 02:30,0.0
05/09/2023 03:00,0.0
05/09/2023 03:30,0.0
05/09/2023 04:00,0.0
05/09/2023 04:30,0.0
05/09/2023 05:00,0.0
05/09/2023 05:30,0.0
05/09/2023 06:00,0.0
05/09/2023 06:30,0.0
05/09/2023 07:00,0.0
05/09/2023 07:30,0.0
05/09/2023 08:00,0.0
05/09/2023 08:30,0.0
05/09/2023 09:00,0.0
05/09/2023 09:30,0.0
05/09/2023 10:00,0.0
05/09/2023 10:30,0.0
05/09/2023 11:00,0.0
05/09/2023 11:30,0.0
05/09/2023 12:00,0.0
05/09/2023 12:30,0.0
05/09/2023 13:00,0.0
05/09/2023 13:30,0.0
05/09/2023 14:00,0.0
05/09/2023 14:30,0.0
05/09/2023 15:00,0.0
05/09/2023 15:30,0.0
05/09/2023 16:00,0.0
05/09/2023 16:30,0.0
05/09/2023 17:00,0.0
05/09/2023 17:30,0.0
05/09/2023 18:00,0.0
05/09/2023 18:30,0.0
05/09/2023 19:00,0.0
05/09/2023 19:30,0.0
05/09/2023 20:00,0.0
05/09/2023 20:30,0.0
05/09/2023 21:00,0.0
05/09/2023 21:30,0.0
05/09/2023 22:00,0.0
05/09/2023 22:30,0.0
05/09/2023 23:00,0.0
05/09/2023 23:30,0.0
05/10/2023 00:00,0.0
05/10/2023 00:30,0.0
05/10/2023 01:00,0.0
05/10/2023 01:30,0.0
05/10/2023 02:00,0.0
05/10/2023 02:30,0.0
05/10/2023 03:00,0.0
05/10/2023 03:30,0.0
05/10/2023 04:00,0.0
05/10/2023 04:30,0.0
05/10/2023 05:00,0.0
05/10/2023 05:30,0.0
05/10/2023 06:00,0.0
05/10/2023 06:30,0.0
05/10/2023 07:00,0.0
05/10/2023 07:30,0.0
05/10/2023 08:00,0.0
05/10/2023 08:30,0.0
05/10/2023 09:00,0.0
05/10/2023 09:30,0.0
05/10/2023 10:00,0.0
05/10/2023 10:30,0.0
05/10/2023 11:00,0.0
05/10/2023 11:30,0.0
05/10/2023 12:00,0.0
05/10/2023 12:30,0.0
05/10/2023 13:00,0.0
05/10/2023 13:30,0.0
05/10/2023 14:00,0.0
05/10/2023 14:30,0.0
05/10/2023 15:00,0.0
05/10/2023 15:30,0.0
05/10/2023 16:00,0.0
05/10/2023 16:30,0.0
05/10/2023 17:00,0.0
05/10/2023 17:30,0.0
05/10/2023 18:00,0.0
05/10/2023 18:30,0.0
05/10/2023 19:00,0.0
05/10/2023 19:30,0.0
05/10/2023 20:00,0.0
05/10/2023 20:30,0.0
05/10/2023 21:00,0.0
05/10/2023 21:30,0.0
05/10/2023 22:00,0.0
05/10/2023 22:30,0.0
05/10/2023 23:00,0.0
05/10/2023 23:30,0.0
05/11/2023 00:00,0.0
05/11/2023 00:30,0.0
05/11/2023 01:00,0.0
05/11/2023 01:30,0.0
05/11/2023 02:00,0.0
05/11/2023 02:30,0.0
05/11/2023 03:00,0.0
05/11/2023 03:30,0.0
05/11/2023 04:00,0.0
05/11/2023 04:30,0.0
05/11/2023 05:00,0.0
05/11/2023 05:30,0.0
05/11/2023 06:00,0.0
05/11/2023 06:30,0.0
05/11/2023 07:00,0.0
05/11/2023 07:30,0.0
05/11/2023 08:00,0.0
05/11/2023 08:30,0.0
05/11/2023 09:00,0.0
05/11/2023 09:30,0.0
05/11/2023 10:00,0.0
05/11/2023 10:30,0.0
05/11/2023 11:00,0.0
05/11/2023 11:30,0.0
05/11/2023 12:00,0.0
05/11/2023 12:30,0.0
05/11/2023 13:00,0.0
05/11/2023 13:30,0.0
05/11/2023 14:00,0.0
05/11/2023 14:30,0.0
05/11/2023 15:00,0.0
05/11/2023 15:30,0.0
05/11/2023 16:00,0.0
05/11/2023 16:30,0.0
05/11/2023 17:00,0.0
05/11/2023 17:30,0.0
05/11/2023 18:00,0.0
05/11/2023 18:30,0.0
05/11/2023 19:00,0.0
05/11/2023 19:30,0.0
05/11/2023 20:00,0.0
05/11/2023 20:30,0.0
05/11/2023 21:00,0.0
05/11/2023 21:30,0.0
05/11/2023 22:00,0.0
05/11/2023 22:30,0.0
05/11/2023 23:00,0.0
05/11/2023 23:30,0.0
05/12/2023 00:00,0.0
05/12/2023 00:30,0.0
05/12/2023 01:00,0.0
05/12/2023 01:30,0.0
05/12/2023 02:00,0.0
05/12/2023 02:30,0.0
05/12/2023 03:00,0.0
05/12/2023 03:30,0.0
05/12/2023 04:00,0.0
05/12/2023 04:30,0.0
05/12/2023 05:00,0.0
05/12/2023 05:30,0.0
05/12/2023 06:00,0.0
05/12/2023 06:30,0.0
05/12/2023 07:00,0.0
05/12/2023 07:30,0.0
05/12/2023 08:00,0.0
05/12/2023 08:30,0.0
05/12/2023 09:00,0.0
05/12/2023 09:30,0.0
05/12/2023 10:00,0.0
05/12/2023 10:30,0.0
05/12/2023 11:00,0.0
05/12/2023 11:30,0.0
05/12/2023 12:00,0.0
05/12/2023 12:30,0.0
05/12/2023 13:00,0.0
05/12/2023 13:30,0.0
05/12/2023 14:00,0.0
05/12/2023 14:30,0.0
05/12/2023 15:00,0.0
05/12/2023 15:30,0.0
05/12/2023 16:00,0.0
05/12/2023 16:30,0.0
05/12/2023 17:00,0.0
05/12/2023 17:30,0.0
05/12/2023 18:00,0.0
05/12/2023 18:30,0.0
05/12/2023 19:00,0.0
05/12/2023 19:30,0.0
05/12/2023 20:00,0.0
05/12/2023 20:30,0.0
05/12/2023 21:00,0.0
05/12/2023 21:30,0.0
05/12/2023 22:00,0.0
05/12/2023 22:30,0.0
05/12/2023 23:00,0.0
05/12/2023 23:30,0.0
05/13/2023 00:00,0.0
05/13/2023 00:30,0.0
05/13/2023 01:00,0.0
05/13/2023 01:30,0.0
05/13/2023 02:00,0.0
05/13/2023 02:30,0.0
05/13/2023 03:00,0.0
05/13/2023 03:30,0.0
05/13/2023 04:00,0.0
05/13/2023 04:30,0.0
05/13/2023 05:00,0.0
05/13/2023 05:30,0.0
05/13/2023 06:00,0.0
05/13/2023 06:30,0.0
05/13/2023 07:00,0.0
05/13/2023 07:30,0.0
05/13/2023 08:00,0.0
05/13/2023 08:30,0.0
05/13/2023 09:00,0.0
05/13/2023 09:30,0.0
05/13/2023 10:00,0.0
05/13/2023 10:30,0.0
05/13/2023 11:00,0.0
05/13/2023 11:30,0.0
05/13/2023 12:00,0.0
05/13/2023 12:30,0.0
05/13/2023 13:00,0.0
05/13/2023 13:30,0.0
05/13/2023 14:00,0.0
05/13/2023 14:30,0.0
05/13/2023 15:00,0.0
05/13/2023 15:30,0.0
05/13/2023 16:00,0.0
05/13/2023 16:30,0.0
05/13/2023 17:00,0.0
05/13/2023 17:30,0.0
05/13/2023 18:00,0.0
05/13/2023 18:30,0.0
05/13/2023 19:00,0.0
05/13/2023 19:30,0.0
05/13/2023 20:00,0.0
05/13/2023 20:30,0.0
05/13/2023 21:00,0.0
05/13/2023 21:30,0.0
05/13/2023 22:00,0.0
05/13/2023 22:30,0.0
05/13/2023 23:00,0.0
05/13/2023 23:30,0.0
05/14/2023 00:00,0.0
05/14/2023 00:30,0.0
05/14/2023 01:00,0.0
05/14/2023 01:30,0.0
05/14/2023 02:00,0.0
05/14/2023 02:30,0.0
05/14/2023 03:00,0.0
05/14/2023 03:30,0.0
05/14/2023 04:00,0.0
05/14/2023 04:30,0.0
05/14/2023 05:00,0.0
05/14/2023 05:30,0.0
05/14/2023 06:00,0.0
05/14/2023 06:30,0.0
05/14/2023 07:00,0.0
05/14/2023 07:30,0.0
05/14/2023 08:00,0.0
05/14/2023 08:30,0.0
05/14/2023 09:00,0.0
05/14/2023 09:30,0.0
05/14/2023 10:00,0.0
05/14/2023 10:30,0.0
05/14/2023 11:00,0.0
05/14/2023 11:30,0.0
05/14/2023 12:00,0.0
05/14/2023 12:30,0.0
05/14/2023 13:00,0.0
05/14/2023 13:30,0.0
05/14/2023 14:00,0.0
05/14/2023 14:30,0.0
05/14/2023 15:00,0.0
05/14/2023 15:30,0.0
05/14/2023 16:00,0.0
05/14/2023 16:30,0.0
05/14/2023 17:00,0.0
05/14/2023 17:30,0.0
05/14/2023 18:00,0.0
05/14/2023 18:30,0.0
05/14/2023 19:00,0.0
05/14/2023 19:30,0.0
05/14/2023 20:00,0.0
05/14/2023 20:30,0.0
05/14/2023 21:00,0.0
05/14/2023 21:30,0.0
05/14/2023 22:00,0.0
05/14/2023 22:30,0.0
05/14/2023 23:00,0.0
05/14/2023 23:30,0.0
05/15/2023 00:00,0.0
05/15/2023 00:30,0.0
05/15/2023 01:00,0.0
05/15/2023 01:30,0.0
05/15/2023 02:00,0.0
05/15/2023 02:30,0.0
05/15/2023 03:00,0.0
05/15/2023 03:30,0.0
05/15/2023 04:00,0.0
05/15/2023 04:30,0.0
05/15/2023 05:00,0.0
05/15/2023 05:30,0.0
05/15/2023 06:00,0.0
05/15/2023 06:30,0.0
05/15/2023 07:00,0.0
05/15/2023 07:30,0.0
05/15/2023 08:00,0.0
05/15/2023 08:30,0.0
05/15/2023 09:00,0.0
05/15/2023 09:30,0.0
05/15/2023 10:00,0.0
05/15/2023 10:30,0.0
05/15/2023 11:00,0.0
05/15/2023 11:30,0.0
05/15/2023 12:00,0.0
05/15/2023 12:30,0.0
05/15/2023 13:00,0.0
05/15/2023 13:30,0.0
05/15/2023 14:00,0.0
05/15/2023 14:30,0.0
05/15/2023 15:00,0.0
05/15/2023 15:30,0.0
05/15/2023 16:00,0.0
05/15/2023 16:30,0.0
05/15/2023 17:00,0.0
05/15/2023 17:30,0.0
05/15/2023 18:00,0.0
05/15/2023 18:30,0.0
05/15/2023 19:00,0.0
05/15/2023 19:30,0.0
05/15/2023 20:00,0.0
05/15/2023 20:30,0.0
05/15/2023 21:00,0.0
05/15/2023 21:30,0.0
05/15/2023 22:00,0.0
05/15/2023 22:30,0.0
05/15/2023 23:00,0.0
05/15/2023 23:30,0.0
05/16/2023 00:00,0.0
05/16/2023 00:30,0.0
05/16/2023 01:00,0.0
05/16/2023 01:30,0.0
05/16/2023 02:00,0.0
05/16/2023 02:30,0.0
05/16/2023 03:00,0.0
05/16/2023 03:30,0.0
05/16/2023 04:00,0.0
05/16/2023 04:30,0.0
05/16/2023 05:00,0.0
05/16/2023 05:30,0.0
05/16/2023 06:00,0.0
05/16/2023 06:30,0.0
05/16/2023 07:00,0.0
05/16/2023 07:30,0.0
05/16/2023 08:00,0.0
05/16/2023 08:30,0.0
05/16/2023 09:00,0.0
05/16/2023 09:30,0.0
05/16/2023 10:00,0.0
05/16/2023 10:30,0.0
05/16/2023 11:00,0.0
05/16/2023 11:30,0.0
05/16/2023 12:00,0.0
05/16/2023 12:30,0.0
05/16/2023 13:00,0.0
05/16/2023 13:30,0.0
05/16/2023 14:00,0.0
05/16/2023 14:30,0.0
05/16/2023 15:00,0.0
05/16/2023 15:30,0.0
05/16/2023 16:00,0.0
05/16/2023 16:30,0.0
05/16/2023 17:00,0.0
05/16/2023 17:30,0.0
05/16/2023 18:00,0.0
05/16/2023 18:30,0.0
05/16/2023 19:00,0.0
05/16/2023 19:30,0.0
05/16/2023 20:00,0.0
05/16/2023 20:30,0.0
05/16/2023 21:00,0.0
05/16/2023 21:30,0.0
05/16/2023 22:00,0.0
05/16/2023 22:30,0.0
05/16/2023 23:00,0.0
05/16/2023 23:30,0.0
05/17/2023 00:00,0.0
05/17/2023 00:30,0.0
05/17/2023 01:00,0.0
05/17/2023 01:30,0.0
05/17/2023 02:00,0.0
05/17/2023 02:30,0.0
05/17/2023 03:00,0.0
05/17/2023 03:30,0.0
05/17/2023 04:00,0.0
05/17/2023 04:30,0.0
05/17/2023 05:00,0.0
05/17/2023 05:30,0.0
05/17/2023 06:00,0.0
05/17/2023 06:30,0.0
05/17/2023 07:00,0.0
05/17/2023 07:30,0.0
05/17/2023 08:00,0.0
05/17/2023 08:30,0.0
05/17/2023 09:00,0.0
05/17/2023 09:30,0.0
05/17/2023 10:00,0.0
05/17/2023 10:30,0.0
05/17/2023 11:00,0.0
05/17/2023 11:30,0.0
05/17/2023 12:00,0.0
05/17/2023 12:30,0.0
05/17/2023 13:00,0.0
05/17/2023 13:30,0.0
05/17/2023 14:00,0.0
05/17/2023 14:30,0.0
05/17/2023 15:00,0.0
05/17/2023 15:30,0.0
05/17/2023 16:00,0.0
05/17/2023 16:30,0.0
05/17/2023 17:00,0.0
05/17/2023 17:30,0.0
05/17/2023 18:00,0.0
05/17/2023 18:30,0.0
05/17/2023 19:00,0.0
05/17/2023 19:30,0.0
05/17/2023 20:00,0.0
05/17/2023 20:30,0.0
05/17/2023 21:00,0.0
05/17/2023 21:30,0.0
05/17/2023 22:00,0.0
05/17/2023 22:30,0.0
05/17/2023 23:00,0.0
05/17/2023 23:30,0.0
05/18/2023 00:00,0.0
05/18/2023 00:30,0.0
05/18/2023 01:00,0.0
05/18/2023 01:30,0.0
05/18/2023 02:00,0.0
05/18/2023 02:30,0.0
05/18/2023 03:00,0.0
05/18/2023 03:30,0.0
05/18/2023 04:00,0.0
05/18/2023 04:30,0.0
05/18/2023 05:00,0.0
05/18/2023 05:30,0.0
05/18/2023 06:00,0.0
05/18/2023 06:30,0.0
05/18/2023 07:00,0.0
05/18/2023 07:30,0.0
05/18/2023 08:00,0.0
05/18/2023 08:30,0.0
05/18/2023 09:00,0.0
05/18/2023 09:30,0.0
05/18/2023 10:00,0.0
05/18/2023 10:30,0.0
05/18/2023 11:00,0.0
05/18/2023 11:30,0.0
05/18/2023 12:00,0.0
05/18/2023 12:30,0.0
05/18/2023 13:00,0.0
05/18/2023 13:30,0.0
05/18/2023 14:00,0.0
05/18/2023 14:30,0.0
05/18/2023 15:00,0.0
05/18/2023 15:30,0.0
05/18/2023 16:00,0.0
05/18/2023 16:30,0.0
05/18/2023 17:00,0.0
05/18/2023 17:30,0.0
05/18/2023 18:00,0.0
05/18/2023 18:30,0.0
05/18/2023 19:00,0.0
05/18/2023 19:30,0.0
05/18/2023 20:00,0.0
05/18/2023 20:30,0.0
05/18/2023 21:00,0.0
05/18/2023 21:30,0.0
05/18/2023 22:00,0.0
05/18/2023 22:30,0.0
05/18/2023 23:00,0.0
05/18/2023 23:30,0.0
05/19/2023 00:00,0.0
05/19/2023 00:30,0.0
05/19/2023 01:00,0.0
05/19/2023 01:30,0.0
05/19/2023 02:00,0.0
05/19/2023 02:30,0.0
05/19/2023 03:00,0.0
05/19/2023 03:30,0.0
05/19/2023 04:00,0.0
05/19/2023 04:30,0.0
05/19/2023 05:00,0.0
05/19/2023 05:30,0.0
05/19/2023 06:00,0.0
05/19/2023 06:30,0.0
05/19/2023 07:00,0.0
05/19/2023 07:30,0.0
05/19/2023 08:00,0.0
05/19/2023 08:30,0.0
05/19/2023 09:00,0.0
05/19/2023 09:30,0.0
05/19/2023 10:00,0.0
05/19/2023 10:30,0.0
05/19/2023 11:00,0.0
05/19/2023 11:30,0.0
05/19/2023 12:00,0.0
05/19/2023 12:30,0.0
05/19/2023 13:00,0.0
05/19/2023 13:30,0.0
05/19/2023 14:00,0.0
05/19/2023 14:30,0.0
05/19/2023 15:00,0.0
05/19/2023 15:30,0.0
05/19/2023 16:00,0.0
05/19/2023 16:30,0.0
05/19/2023 17:00,0.0
05/19/2023 17:30,0.0
05/19/2023 18:00,0.0
05/19/2023 18:30,0.0
05/19/2023 19:00,0.0
05/19/2023 19:30,0.0
05/19/2023 20:00,0.0
05/19/2023 20:30,0.0
05/19/2023 21:00,0.0
05/19/2023 21:30,0.0
05/19/2023 22:00,0.0
05/19/2023 22:30,0.0
05/19/2023 23:00,0.0
05/19/2023 23:30,0.0
05/20/2023 00:00,0.0
05/20/2023 00:30,0.0
05/20/2023 01:00,0.0
05/20/2023 01:30,0.0
05/20/2023 02:00,0.0
05/20/2023 02:30,0.0
05/20/2023 03:00,0.0
05/20/2023 03:30,0.0
05/20/2023 04:00,0.0
05/20/2023 04:30,0.0
05/20/2023 05:00,0.0
05/20/2023 05:30,0.0
05/20/2023 06:00,0.0
05/20/2023 06:30,0.0
05/20/2023 07:00,0.0
05/20/2023 07:30,0.0
05/20/2023 08:00,0.0
05/20/2023 08:30,0.0
05/20/2023 09:00,0.0
05/20/2023 09:30,0.0
05/20/2023 10:00,0.0
05/20/2023 10:30,0.0
05/20/2023 11:00,0.0
05/20/2023 11:30,0.0
05/20/2023 12:00,0.0
05/20/2023 12:30,0.0
05/20/2023 13:00,0.0
05/20/2023 13:30,0.0
05/20/2023 14:00,0.0
05/20/2023 14:30,0.0
05/20/2023 15:00,0.0
05/20/2023 15:30,0.0
05/20/2023 16:00,0.0
05/20/2023 16:30,0.0
05/20/2023 17:00,0.0
05/20/2023 17:30,0.0
05/20/2023 18:00,0.0
05/20/2023 18:30,0.0
05/20/2023 19:00,0.0
05/20/2023 19:30,0.0
05/20/2023 20:00,0.0
05/20/2023 20:30,0.0
05/20/2023 21:00,0.0
05/20/2023 21:30,0.0
05/20/2023 22:00,0.0
05/20/2023 22:30,0.0
05/20/2023 23:00,0.0
05/20/2023 23:30,0.0
05/21/2023 00:00,0.0
05/21/2023 00:30,0.0
05/21/2023 01:00,0.0
05/21/2023 01:30,0.0
05/21/2023 02:00,0.0
05/21/2023 02:30,0.0
05/21/2023 03:00,0.0
05/21/2023 03:30,0.0
05/21/2023 04:00,0.0
05/21/2023 04:30,0.0
05/21/2023 05:00,0.0
05/21/2023 05:30,0.0
05/21/2023 06:00,0.0
05/21/2023 06:30,0.0
05/21/2023 07:00,0.0
05/21/2023 07:30,0.0
05/21/2023 08:00,0.0
05/21/2023 08:30,0.0
05/21/2023 09:00,0.0
05/21/2023 09:30,0.0
05/21/2023 10:00,0.0
05/21/2023 10:30,0.0
05/21/2023 11:00,0.0
05/21/2023 11:30,0.0
05/21/2023 12:00,0.0
05/21/2023 12:30,0.0
05/21/2023 13:00,0.0
05/21/2023 13:30,0.0
05/21/2023 14:00,0.0
05/21/2023 14:30,0.0
05/21/2023 15:00,0.0
05/21/2023 15:30,0.0
05/21/2023 16:00,0.0
05/21/2023 16:30,0.0
05/21/2023 17:00,0.0
05/21/2023 17:30,0.0
05/21/2023 18:00,0.0
05/21/2023 18:30,0.0
05/21/2023 19:00,0.0
05/21/2023 19:30,0.0
05/21/2023 20:00,0.0
05/21/2023 20:30,0.0
05/21/2023 21:00,0.0
05/21/2023 21:30,0.0
05/21/2023 22:00,0.0
05/21/2023 22:30,0.0
05/21/2023 23:00,0.0
05/21/2023 23:30,0.0
05/22/2023 00:00,0.0
05/22/2023 00:30,0.0
05/22/2023 01:00,0.0
05/22/2023 01:30,0.0
05/22/2023 02:00,0.0
05/22/2023 02:30,0.0
05/22/2023 03:00,0.0
05/22/2023 03:30,0.0
05/22/2023 04:00,0.0
05/22/2023 04:30,0.0
05/22/2023 05:00,0.0
05/22/2023 05:30,0.0
05/22/2023 06:00,0.0
05/22/2023 06:30,0.0
05/22/2023 07:00,0.0
05/22/2023 07:30,0.0
05/22/2023 08:00,0.0
05/22/2023 08:30,0.0
05/22/2023 09:00,0.0
05/22/2023 09:30,0.0
05/22/2023 10:00,0.0
05/22/2023 10:30,0.0
05/22/2023 11:00,0.0
05/22/2023 11:30,0.0
05/22/2023 12:00,0.0
05/22/2023 12:30,0.0
05/22/2023 13:00,0.0
05/22/2023 13:30,0.0
05/22/2023 14:00,0.0
05/22/2023 14:30,0.0
05/22/2023 15:00,0.0
05/22/2023 15:30,0.0
05/22/2023 16:00,0.0
05/22/2023 16:30,0.0
05/22/2023 17:00,0.0
05/22/2023 17:30,0.0
05/22/2023 18:00,0.0
05/22/2023 18:30,0.0
05/22/2023 19:00,0.0
05/22/2023 19:30,0.0
05/22/2023 20:00,0.0
05/22/2023 20:30,0.0
05/22/2023 21:00,0.0
05/22/2023 21:30,0.0
05/22/2023 22:00,0.0
05/22/2023 22:30,0.0
05/22/2023 23:00,0.0
05/22/2023 23:30,0.0
05/23/2023 00:00,0.0
05/23/2023 00:30,0.0
05/23/2023 01:00,0.0
05/23/2023 01:30,0.0
05/23/2023 02:00,0.0
05/23/2023 02:30,0.0
05/23/2023 03:00,0.0
05/23/2023 03:30,0.0
05/23/2023 04:00,0.0
05/23/2023 04:30,0.0
05/23/2023 05:00,0.0
05/23/2023 05:30,0.0
05/23/2023 06:00,0.0
05/23/2023 06:30,0.0
05/23/2023 07:00,0.0
05/23/2023 07:30,0.0
05/23/2023 08:00,0.0
05/23/2023 08:30,0.0
05/23/2023 09:00,0.0
05/23/2023 09:30,0.0
05/23/2023 10:00,0.0
05/23/2023 10:30,0.0
05/23/2023 11:00,0.0
05/23/2023 11:30,0.0
05/23/2023 12:00,0.0
05/23/2023 12:30,0.0
05/23/2023 13:00,0.0
05/23/2023 13:30,0.0
05/23/2023 14:00,0.0
05/23/2023 14:30,0.0
05/23/2023 15:00,0.0
05/23/2023 15:30,0.0
05/23/2023 16:00,0.0
05/23/2023 16:30,0.0
05/23/2023 17:00,0.0
05/23/2023 17:30,0.0
05/23/2023 18:00,0.0
05/23/2023 18:30,0.0
05/23/2023 19:00,0.0
05/23/2023 19:30,0.0
05/23/2023 20:00,0.0
05/23/2023 20:30,0.0
05/23/2023 21:00,0.0
05/23/2023 21:30,0.0
05/23/2023 22:00,0.0
05/23/2023 22:30,0.0
05/23/2023 23:00,0.0
05/23/2023 23:30,0.0
05/24/2023 00:00,0.0
05/24/2023 00:30,0.0
05/24/2023 01:00,0.0
05/24/2023 01:30,0.0
05/24/2023 02:00,0.0
05/24/2023 02:30,0.0
05/24/2023 03:00,0.0
05/24/2023 03:30,0.0
05/24/2023 04:00,0.0
05/24/2023 04:30,0.0
05/24/2023 05:00,0.0
05/24/2023 05:30,0.0
05/24/2023 06:00,0.0
05/24/2023 06:30,0.0
05/24/2023 07:00,0.0
05/24/2023 07:30,0.0
05/24/2023 08:00,0.0
05/24/2023 08:30,0.0
05/24/2023 09:00,0.0
05/24/2023 09:30,0.0
05/24/2023 10:00,0.0
05/24/2023 10:30,0.0
05/24/2023 11:00,0.0
05/24/2023 11:30,0.0
05/24/2023 12:00,0.0
05/24/2023 12:30,0.0
05/24/2023 13:00,0.0
05/24/2023 13:30,0.0
05/24/2023 14:00,0.0
05/24/2023 14:30,0.0
05/24/2023 15:00,0.0
05/24/2023 15:30,0.0
05/24/2023 16:00,0.0
05/24/2023 16:30,0.0
05/24/2023 17:00,0.0
05/24/2023 17:30,0.0
05/24/2023 18:00,0.0
05/24/2023 18:30,0.0
05/24/2023 19:00,0.0
05/24/2023 19:30,0.0
05/24/2023 20:00,0.0
05/24/2023 20:30,0.0
05/24/2023 21:00,0.0
05/24/2023 21:30,0.0
05/24/2023 22:00,0.0
05/24/2023 22:30,0.0
05/24/2023 23:00,0.0
05/24/2023 23:30,0.0
05/25/2023 00:00,0.0
05/25/2023 00:30,0.0
05/25/2023 01:00,0.0
05/25/2023 01:30,0.0
05/25/2023 02:00,0.0
05/25/2023 02:30,0.0
05/25/2023 03:00,0.0
05/25/2023 03:30,0.0
05/25/2023 04:00,0.0
05/25/2023 04:30,0.0
05/25/2023 05:00,0.0
05/25/2023 05:30,0.0
05/25/2023 06:00,0.0
05/25/2023 06:30,0.0
05/25/2023 07:00,0.0
05/25/2023 07:30,0.0
05/25/2023 08:00,0.0
05/25/2023 08:30,0.0
05/25/2023 09:00,0.0
05/25/2023 09:30,0.0
05/25/2023 10:00,0.0
05/25/2023 10:30,0.0
05/25/2023 11:00,0.0
05/25/2023 11:30,0.0
05/25/2023 12:00,0.0
05/25/2023 12:30,0.0
05/25/2023 13:00,0.0
05/25/2023 13:30,0.0
05/25/2023 14:00,0.0
05/25/2023 14:30,0.0
05/25/2023 15:00,0.0
05/25/2023 15:30,0.0
05/25/2023 16:00,0.0
05/25/2023 16:30,0.0
05/25/2023 17:00,0.0
05/25/2023 17:30,0.0
05/25/2023 18:00,0.0
05/25/2023 18:30,0.0
05/25/2023 19:00,0.0
05/25/2023 19:30,0.0
05/25/2023 20:00,0.0
05/25/2023 20:30,0.0
05/25/2023 21:00,0.0
05/25/2023 21:30,0.0
05/25/2023 22:00,0.0
05/25/2023 22:30,0.0
05/25/2023 23:00,0.0
05/25/2023 23:30,0.0
05/26/2023 00:00,0.0
05/26/2023 00:30,0.0
05/26/2023 01:00,0.0
05/26/2023 01:30,0.0
05/26/2023 02:00,0.0
05/26/2023 02:30,0.0
05/26/2023 03:00,0.0
05/26/2023 03:30,0.0
05/26/2023 04:00,0.0
05/26/2023 04:30,0.0
05/26/2023 05:00,0.0
05/26/2023 05:30,0.0
05/26/2023 06:00,0.0
05/26/2023 06:30,0.0
05/26/2023 07:00,0.0
05/26/2023 07:30,0.0
05/26/2023 08:00,0.0
05/26/2023 08:30,0.0
05/26/2023 09:00,0.0
05/26/2023 09:30,0.0
05/26/2023 10:00,0.0
05/26/2023 10:30,0.0
05/26/2023 11:00,0.0
05/26/2023 11:30,0.0
05/26/2023 12:00,0.0
05/26/2023 12:30,0.0
05/26/2023 13:00,0.0
05/26/2023 13:30,0.0
05/26/2023 14:00,0.0
05/26/2023 14:30,0.0
05/26/2023 15:00,0.0
05/26/2023 15:30,0.0
05/26/2023 16:00,0.0
05/26/2023 16:30,0.0
05/26/2023 17:00,0.0
05/26/2023 17:30,0.0
05/26/2023 18:00,0.0
05/26/2023 18:30,0.0
05/26/2023 19:00,0.0
05/26/2023 19:30,0.0
05/26/2023 20:00,0.0
05/26/2023 20:30,0.0
05/26/2023 21:00,0.0
05/26/2023 21:30,0.0
05/26/2023 22:00,0.0
05/26/2023 22:30,0.0
05/26/2023 23:00,0.0
05/26/2023 23:30,0.0
05/27/2023 00:00,0.0
05/27/2023 00:30,0.0
05/27/2023 01:00,0.0
05/27/2023 01:30,0.0
05/27/2023 02:00,0.0
05/27/2023 02:30,0.0
05/27/2023 03:00,0.0
05/27/2023 03:30,0.0
05/27/2023 04:00,0.0
05/27/2023 04:30,0.0
05/27/2023 05:00,0.0
05/27/2023 05:30,0.0
05/27/2023 06:00,0.0
05/27/2023 06:30,0.0
05/27/2023 07:00,0.0
05/27/2023 07:30,0.0
05/27/2023 08:00,0.0
05/27/2023 08:30,0.0
05/27/2023 09:00,0.0
05/27/2023 09:30,0.0
05/27/2023 10:00,0.0
05/27/2023 10:30,0.0
05/27/2023 11:00,0.0
05/27/2023 11:30,0.0
05/27/2023 12:00,0.0
05/27/2023 12:30,0.0
05/27/2023 13:00,0.0
05/27/2023 13:30,0.0
05/27/2023 14:00,0.0
05/27/2023 14:30,0.0
05/27/2023 15:00,0.0
05/27/2023 15:30,0.0
05/27/2023 16:00,0.0
05/27/2023 16:30,0.0
05/27/2023 17:00,0.0
05/27/2023 17:30,0.0
05/27/2023 18:00,0.0
05/27/2023 18:30,0.0
05/27/2023 19:00,0.0
05/27/2023 19:30,0.0
05/27/2023 20:00,0.0
05/27/2023 20:30,0.0
05/27/2023 21:00,0.0
05/27/2023 21:30,0.0
05/27/2023 22:00,0.0
05/27/2023 22:30,0.0
05/27/2023 23:00,0.0
05/27/2023 23:30,0.0
05/28/2023 00:00,0.0
05/28/2023 00:30,0.0
05/28/2023 01:00,0.0
05/28/2023 01:30,0.0
05/28/2023 02:00,0.0
05/28/2023 02:30,0.0
05/28/2023 03:00,0.0
05/28/2023 03:30,0.0
05/28/2023 04:00,0.0
05/28/2023 04:30,0.0
05/28/2023 05:00,0.0
05/28/2023 05:30,0.0
05/28/2023 06:00,0.0
05/28/2023 06:30,0.0
05/28/2023 07:00,0.0
05/28/2023 07:30,0.0
05/28/2023 08:00,0.0
05/28/2023 08:30,0.0
05/28/2023 09:00,0.0
05/28/2023 09:30,0.0
05/28/2023 10:00,0.0
05/28/2023 10:30,0.0
05/28/2023 11:00,0.0
05/28/2023 11:30,0.0
05/28/2023 12:00,0.0
05/28/2023 12:30,0.0
05/28/2023 13:00,0.0
05/28/2023 13:30,0.0
05/28/2023 14:00,0.0
05/28/2023 14:30,0.0
05/28/2023 15:00,0.0
05/28/2023 15:30,0.0
05/28/2023 16:00,0.0
05/28/2023 16:30,0.0
05/28/2023 17:00,0.0
05/28/2023 17:30,0.0
05/28/2023 18:00,0.0
05/28/2023 18:30,0.0
05/28/2023 19:00,0.0
05/28/2023 19:30,0.0
05/28/2023 20:00,0.0
05/28/2023 20:30,0.0
05/28/2023 21:00,0.0
05/28/2023 21:30,0.0
05/28/2023 22:00,0.0
05/28/2023 22:30,0.0
05/28/2023 23:00,0.0
05/28/2023 23:30,0.0
05/29/2023 00:00,0.0
05/29/2023 00:30,0.0
05/29/2023 01:00,0.0
05/29/2023 01:30,0.0
05/29/2023 02:00,0.0
05/29/2023 02:30,0.0
05/29/2023 03:00,0.0
05/29/2023 03:30,0.0
05/29/2023 04:00,0.0
05/29/2023 04:30,0.0
05/29/2023 05:00,0.0
05/29/2023 05:30,0.0
05/29/2023 06:00,0.0
05/29/2023 06:30,0.0
05/29/2023 07:00,0.0
05/29/2023 07:30,0.0
05/29/2023 08:00,0.0
05/29/2023 08:30,0.0
05/29/2023 09:00,0.0
05/29/2023 09:30,0.0
05/29/2023 10:00,0.0
05/29/2023 10:30,0.0
05/29/2023 11:00,0.0
05/29/2023 11:30,0.0
05/29/2023 12:00,0.0
05/29/2023 12:30,0.0
05/29/2023 13:00,0.0
05/29/2023 13:30,0.0
05/29/2023 14:00,0.0
05/29/2023 14:30,0.0
05/29/2023 15:00,0.0
05/29/2023 15:30,0.0
05/29/2023 16:00,0.0
05/29/2023 16:30,0.0
05/29/2023 17:00,0.0
05/29/2023 17:30,0.0
05/29/2023 18:00,0.0
05/29/2023 18:30,0.0
05/29/2023 19:00,0.0
05/29/2023 19:30,0.0
05/29/2023 20:00,0.0
05/29/2023 20:30,0.0
05/29/2023 21:00,0.0
05/29/2023 21:30,0.0
05/29/2023 22:00,0.0
05/29/2023 22:30,0.0
05/29/2023 23:00,0.0
05/29/2023 23:30,0.0
05/30/2023 00:00,0.0
05/30/2023 00:30,0.0
05/30/2023 01:00,0.0
05/30/2023 01:30,0.0
05/30/2023 02:00,0.0
05/30/2023 02:30,0.0
05/30/2023 03:00,0.0
05/30/2023 03:30,0.0
05/30/2023 04:00,0.0
05/30/2023 04:30,0.0
05/30/2023 05:00,0.0
05/30/2023 05:30,0.0
05/30/2023 06:00,0.0
05/30/2023 06:30,0.0
05/30/2023 07:00,0.0
05/30/2023 07:30,0.0
05/30/2023 08:00,0.0
05/30/2023 08:30,0.0
05/30/2023 09:00,0.0
05/30/2023 09:30,0.0
05/30/2023 10:00,0.0
05/30/2023 10:30,0.0
05/30/2023 11:00,0.0
05/30/2023 11:30,0.0
05/30/2023 12:00,0.0
05/30/2023 12:30,0.0
05/30/2023 13:00,0.0
05/30/2023 13:30,0.0
05/30/2023 14:00,0.0
05/30/2023 14:30,0.0
05/30/2023 15:00,0.0
05/30/2023 15:30,0.0
05/30/2023 16:00,0.0
05/30/2023 16:30,0.0
05/30/2023 17:00,0.0
05/30/2023 17:30,0.0
05/30/2023 18:00,0.0
05/30/2023 18:30,0.0
05/30/2023 19:00,0.0
05/30/2023 19:30,0.0
05/30/2023 20:00,0.0
05/30/2023 20:30,0.0
05/30/2023 21:00,0.0
05/30/2023 21:30,0.0
05/30/2023 22:00,0.0
05/30/2023 22:30,0.0
05/30/2023 23:00,0.0
05/30/2023 23:30,0.0
05/31/2023 00:00,0.0
05/31/2023 00:30,0.0
05/31/2023 01:00,0.0
05/31/2023 01:30,0.0
05/31/2023 02:00,0.0
05/31/2023 02:30,0.0
05/31/2023 03:00,0.0
05/31/2023 03:30,0.0
05/31/2023 04:00,0.0
05/31/2023 04:30,0.0
05/31/2023 05:00,0.0
05/31/2023 05:30,0.0
05/31/2023 06:00,0.0
05/31/2023 06:30,0.0
05/31/2023 07:00,0.0
05/31/2023 07:30,0.0
05/31/2023 08:00,0.0
05/31/2023 08:30,0.0
05/31/2023 09:00,0.0
05/31/2023 09:30,0.0
05/31/2023 10:00,0.0
05/31/2023 10:30,0.0
05/31/2023 11:00,0.0
05/31/2023 11:30,0.0
05/31/2023 12:00,0.0
05/31/2023 12:30,0.0
05/31/2023 13:00,0.0
05/31/2023 13:30,0.0
05/31/2023 14:00,0.0
05/31/2023 14:30,0.0
05/31/2023 15:00,0.0
05/31/2023 15:30,0.0
05/31/2023 16:00,0.0
05/31/2023 16:30,0.0
05/31/2023 17:00,0.0
05/31/2023 17:30,0.0
05/31/2023 18:00,0.0
05/31/2023 18:30,0.0
05/31/2023 19:00,0.0
05/31/2023 19:30,0.0
05/31/2023 20:00,0.0
05/31/2023 20:30,0.0
05/31/2023 21:00,0.0
05/31/2023 21:30,0.0
05/31/2023 22:00,0.0
05/31/2023 22:30,0.0
05/31/2023 23:00,0.0
05/31/2023 23:30,0.0
06/01/2023 00:00,0.0
06/01/2023 00:30,0.0
06/01/2023 01:00,0.0
06/01/2023 01:30,0.0
06/01/2023 02:00,0.0
06/01/2023 02:30,0.0
06/01/2023 03:00,0.0
06/01/2023 03:30,0.0
06/01/2023 04:00,0.0
06/01/2023 04:30,0.0
06/01/2023 05:00,0.0
06/01/2023 05:30,0.0
06/01/2023 06:00,0.0
06/01/2023 06:30,0.0
06/01/2023 07:00,0.0
06/01/2023 07:30,0.0
06/01/2023 08:00,0.0
06/01/2023 08:30,0.0
06/01/2023 09:00,0.0
06/01/2023 09:30,0.0
06/01/2023 10:00,0.0
06/01/2023 10:30,0.0
06/01/2023 11:00,0.0
06/01/2023 11:30,0.0
06/01/2023 12:00,0.0
06/01/2023 12:30,0.0
06/01/2023 13:00,0.0
06/01/2023 13:30,0.0
06/01/2023 14:00,0.0
06/01/2023 14:30,0.0
06/01/2023 15:00,0.0
06/01/2023 15:30,0.0
06/01/2023 16:00,0.0
06/01/2023 16:30,0.0
06/01/2023 17:00,0.0
06/01/2023 17:30,0.0
06/01/2023 18:00,0.0
06/01/2023 18:30,0.0
06/01/2023 19:00,0.0
06/01/2023 19:30,0.0
06/01/2023 20:00,0.0
06/01/2023 20:30,0.0
06/01/2023 21:00,0.0
06/01/2023 21:30,0.0
06/01/2023 22:00,0.0
06/01/2023 22:30,0.0
06/01/2023 23:00,0.0
06/01/2023 23:30,0.0
06/02/2023 00:00,0.0
06/02/2023 00:30,0.0
06/02/2023 01:00,0.0
06/02/2023 01:30,0.0
06/02/2023 02:00,0.0
06/02/2023 02:30,0.0
06/02/2023 03:00,0.0
06/02/2023 03:30,0.0
06/02/2023 04:00,0.0
06/02/2023 04:30,0.0
06/02/2023 05:00,0.0
06/02/2023 05:30,0.0
06/02/2023 06:00,0.0
06/02/2023 06:30,0.0
06/02/2023 07:00,0.0
06/02/2023 07:30,0.0
06/02/2023 08:00,0.0
06/02/2023 08:30,0.0
06/02/2023 09:00,0.0
06/02/2023 09:30,0.0
06/02/2023 10:00,0.0
06/02/2023 10:30,0.0
06/02/2023 11:00,0.0
06/02/2023 11:30,0.0
06/02/2023 12:00,0.0
06/02/2023 12:30,0.0
06/02/2023 13:00,0.0
06/02/2023 13:30,0.0
06/02/2023 14:00,0.0
06/02/2023 14:30,0.0
06/02/2023 15:00,0.0
06/02/2023 15:30,0.0
06/02/2023 16:00,0.0
06/02/2023 16:30,0.0
06/02/2023 17:00,0.0
06/02/2023 17:30,0.0
06/02/2023 18:00,0.0
06/02/2023 18:30,0.0
06/02/2023 19:00,0.0
06/02/2023 19:30,0.0
06/02/2023 20:00,0.0
06/02/2023 20:30,0.0
06/02/2023 21:00,0.0
06/02/2023 21:30,0.0
06/02/2023 22:00,0.0
06/02/2023 22:30,0.0
06/02/2023 23:00,0.0
06/02/2023 23:30,0.0
06/03/2023 00:00,0.0
06/03/2023 00:30,0.0
06/03/2023 01:00,0.0
06/03/2023 01:30,0.0
06/03/2023 02:00,0.0
06/03/2023 02:30,0.0
06/03/2023 03:00,0.0
06/03/2023 03:30,0.0
06/03/2023 04:00,0.0
06/03/2023 04:30,0.0
06/03/2023 05:00,0.0
06/03/2023 05:30,0.0
06/03/2023 06:00,0.0
06/03/2023 06:30,0.0
06/03/2023 07:00,0.0
06/03/2023 07:30,0.0
06/03/2023 08:00,0.0
06/03/2023 08:30,0.0
06/03/2023 09:00,0.0
06/03/2023 09:30,0.0
06/03/2023 10:00,0.0
06/03/2023 10:30,0.0
06/03/2023 11:00,0.0
06/03/2023 11:30,0.0
06/03/2023 12:00,0.0
06/03/2023 12:30,0.0
06/03/2023 13:00,0.0
06/03/2023 13:30,0.0
06/03/2023 14:00,0.0
06/03/2023 14:30,0.0
06/03/2023 15:00,0.0
06/03/2023 15:30,0.0
06/03/2023 16:00,0.0
06/03/2023 16:30,0.0
06/03/2023 17:00,0.0
06/03/2023 17:30,0.0
06/03/2023 18:00,0.0
06/03/2023 18:30,0.0
06/03/2023 19:00,0.0
06/03/2023 19:30,0.0
06/03/2023 20:00,0.0
06/03/2023 20:30,0.0
06/03/2023 21:00,0.0
06/03/2023 21:30,0.0
06/03/2023 22:00,0.0
06/03/2023 22:30,0.0
06/03/2023 23:00,0.0
06/03/2023 23:30,0.0
06/04/2023 00:00,0.0
06/04/2023 00:30,0.0
06/04/2023 01:00,0.0
06/04/2023 01:30,0.0
06/04/2023 02:00,0.0
06/04/2023 02:30,0.0
06/04/2023 03:00,0.0
06/04/2023 03:30,0.0
06/04/2023 04:00,0.0
06/04/2023 04:30,0.0
06/04/2023 05:00,0.0
06/04/2023 05:30,0.0
06/04/2023 06:00,0.0
06/04/2023 06:30,0.0
06/04/2023 07:00,0.0
06/04/2023 07:30,0.0
06/04/2023 08:00,0.0
06/04/2023 08:30,0.0
06/04/2023 09:00,0.0
06/04/2023 09:30,0.0
06/04/2023 10:00,0.0
06/04/2023 10:30,0.0
06/04/2023 11:00,0.0
06/04/2023 11:30,0.0
06/04/2023 12:00,0.0
06/04/2023 12:30,0.0
06/04/2023 13:00,0.0
06/04/2023 13:30,0.0
06/04/2023 14:00,0.0
06/04/2023 14:30,0.0
06/04/2023 15:00,0.0
06/04/2023 15:30,0.0
06/04/2023 16:00,0.0
06/04/2023 16:30,0.0
06/04/2023 17:00,0.0
06/04/2023 17:30,0.0
06/04/2023 18:00,0.0
06/04/2023 18:30,0.0
06/04/2023 19:00,0.0
06/04/2023 19:30,0.0
06/04/2023 20:00,0.0
06/04/2023 20:30,0.0
06/04/2023 21:00,0.0
06/04/2023 21:30,0.0
06/04/2023 22:00,0.0
06/04/2023 22:30,0.0
06/04/2023 23:00,0.0
06/04/2023 23:30,0.0
06/05/2023 00:00,0.0
06/05/2023 00:30,0.0
06/05/2023 01:00,0.0
06/05/2023 01:30,0.0
06/05/2023 02:00,0.0
06/05/2023 02:30,0.0
06/05/2023 03:00,0.0
06/05/2023 03:30,0.0
06/05/2023 04:00,0.0
06/05/2023 04:30,0.0
06/05/2023 05:00,0.0
06/05/2023 05:30,0.0
06/05/2023 06:00,0.0
06/05/2023 06:30,0.0
06/05/2023 07:00,0.0
06/05/2023 07:30,0.0
06/05/2023 08:00,0.0
06/05/2023 08:30,0.0
06/05/2023 09:00,0.0
06/05/2023 09:30,0.0
06/05/2023 10:00,0.0
06/05/2023 10:30,0.0
06/05/2023 11:00,0.0
06/05/2023 11:30,0.0
06/05/2023 12:00,0.0
06/05/2023 12:30,0.0
06/05/2023 13:00,0.0
06/05/2023 13:30,0.0
06/05/2023 14:00,0.0
06/05/2023 14:30,0.0
06/05/2023 15:00,0.0
06/05/2023 15:30,0.0
06/05/2023 16:00,0.0
06/05/2023 16:30,0.0
06/05/2023 17:00,0.0
06/05/2023 17:30,0.0
06/05/2023 18:00,0.0
06/05/2023 18:30,0.0
06/05/2023 19:00,0.0
06/05/2023 19:30,0.0
06/05/2023 20:00,0.0
06/05/2023 20:30,0.0
06/05/2023 21:00,0.0
06/05/2023 21:30,0.0
06/05/2023 22:00,0.0
06/05/2023 22:30,0.0
06/05/2023 23:00,0.0
06/05/2023 23:30,0.0
06/06/2023 00:00,0.0
06/06/2023 00:30,0.0
06/06/2023 01:00,0.0
06/06/2023 01:30,0.0
06/06/2023 02:00,0.0
06/06/2023 02:30,0.0
06/06/2023 03:00,0.0
06/06/2023 03:30,0.0
06/06/2023 04:00,0.0
06/06/2023 04:30,0.0
06/06/2023 05:00,0.0
06/06/2023 05:30,0.0
06/06/2023 06:00,0.0
06/06/2023 06:30,0.0
06/06/2023 07:00,0.0
06/06/2023 07:30,0.0
06/06/2023 08:00,0.0
06/06/2023 08:30,0.0
06/06/2023 09:00,0.0
06/06/2023 09:30,0.0
06/06/2023 10:00,0.0
06/06/2023 10:30,0.0
06/06/2023 11:00,0.0
06/06/2023 11:30,0.0
06/06/2023 12:00,0.0
06/06/2023 12:30,0.0
06/06/2023 13:00,0.0
06/06/2023 13:30,0.0
06/06/2023 14:00,0.0
06/06/2023 14:30,0.0
06/06/2023 15:00,0.0
06/06/2023 15:30,0.0
06/06/2023 16:00,0.0
06/06/2023 16:30,0.0
06/06/2023 17:00,0.0
06/06/2023 17:30,0.0
06/06/2023 18:00,0.0
06/06/2023 18:30,0.0
06/06/2023 19:00,0.0
06/06/2023 19:30,0.0
06/06/2023 20:00,0.0
06/06/2023 20:30,0.0
06/06/2023 21:00,0.0
06/06/2023 21:30,0.0
06/06/2023 22:00,0.0
06/06/2023 22:30,0.0
06/06/2023 23:00,0.0
06/06/2023 23:30,0.0
06/07/2023 00:00,0.0
06/07/2023 00:30,0.0
06/07/2023 01:00,0.0
06/07/2023 01:30,0.0
06/07/2023 02:00,0.0
06/07/2023 02:30,0.0
06/07/2023 03:00,0.0
06/07/2023 03:30,0.0
06/07/2023 04:00,0.0
06/07/2023 04:30,0.0
06/07/2023 05:00,0.0
06/07/2023 05:30,0.0
06/07/2023 06:00,0.0
06/07/2023 06:30,0.0
06/07/2023 07:00,0.0
06/07/2023 07:30,0.0
06/07/2023 08:00,0.0
06/07/2023 08:30,0.0
06/07/2023 09:00,0.0
06/07/2023 09:30,0.0
06/07/2023 10:00,0.0
06/07/2023 10:30,0.0
06/07/2023 11:00,0.0
06/07/2023 11:30,0.0
06/07/2023 12:00,0.0
06/07/2023 12:30,0.0
06/07/2023 13:00,0.0
06/07/2023 13:30,0.0
06/07/2023 14:00,0.0
06/07/2023 14:30,0.0
06/07/2023 15:00,0.0
06/07/2023 15:30,0.0
06/07/2023 16:00,0.0
06/07/2023 16:30,0.0
06/07/2023 17:00,0.0
06/07/2023 17:30,0.0
06/07/2023 18:00,0.0
06/07/2023 18:30,0.0
06/07/2023 19:00,0.0
06/07/2023 19:30,0.0
06/07/2023 20:00,0.0
06/07/2023 20:30,0.0
06/07/2023 21:00,0.0
06/07/2023 21:30,0.0
06/07/2023 22:00,0.0
06/07/2023 22:30,0.0
06/07/2023 23:00,0.0
06/07/2023 23:30,0.0
06/08/2023 00:00,0.0
06/08/2023 00:00,0.0
06/08/2023 00:30,0.0
06/08/2023 00:30,0.0
06/08/2023 01:00,0.0
06/08/2023 01:00,0.0
06/08/2023 01:30,0.0
06/08/2023 01:30,0.0
06/08/2023 02:00,0.0
06/08/2023 02:00,0.0
06/08/2023 02:30,0.0
06/08/2023 02:30,0.0
06/08/2023 03:00,0.0
06/08/2023 03:00,0.0
06/08/2023 03:30,0.0
06/08/2023 03:30,0.0
06/08/2023 04:00,0.0
06/08/2023 04:00,0.0
06/08/2023 04:30,0.0
06/08/2023 04:30,0.0
06/08/2023 05:00,0.0
06/08/2023 05:00,0.0
06/08/2023 05:30,0.0
06/08/2023 05:30,0.0
06/08/2023 06:00,0.0
06/08/2023 06:00,0.0
06/08/2023 06:30,0.0
06/08/2023 06:30,0.0
06/08/2023 07:00,0.0
06/08/2023 07:00,0.0
06/08/2023 07:30,0.0
06/08/2023 07:30,0.0
06/08/2023 08:00,0.0
06/08/2023 08:00,0.0
06/08/2023 08:30,0.0
06/08/2023 08:30,0.0
06/08/2023 09:00,0.0
06/08/2023 09:00,0.0
06/08/2023 09:30,0.0
06/08/2023 09:30,0.0
06/08/2023 10:00,0.0
06/08/2023 10:00,0.0
06/08/2023 10:30,0.0
06/08/2023 10:30,0.0
06/08/2023 11:00,0.0
06/08/2023 11:00,0.0
06/08/2023 11:30,0.0
06/08/2023 11:30,0.0
06/08/2023 12:00,0.0
06/08/2023 12:00,0.0
06/08/2023 12:30,0.0
06/08/2023 12:30,0.0
06/08/2023 13:00,0.0
06/08/2023 13:00,0.0
06/08/2023 13:30,0.0
06/08/2023 13:30,0.0
06/08/2023 14:00,0.0
06/08/2023 14:00,0.0
06/08/2023 14:30,0.0
06/08/2023 14:30,0.0
06/08/2023 15:00,0.0
06/08/2023 15:00,0.0
06/08/2023 15:30,0.0
06/08/2023 15:30,0.0
06/08/2023 16:00,0.0
06/08/2023 16:00,0.0
06/08/2023 16:30,0.0
06/08/2023 16:30,0.0
06/08/2023 17:00,0.0
06/08/2023 17:00,0.0
06/08/2023 17:30,0.0
06/08/2023 17:30,0.0
06/08/2023 18:00,0.0
06/08/2023 18:00,0.0
06/08/2023 18:30,0.0
06/08/2023 18:30,0.0
06/08/2023 19:00,0.0
06/08/2023 19:00,0.0
06/08/2023 19:30,0.0
06/08/2023 19:30,0.0
06/08/2023 20:00,0.0
06/08/2023 20:00,0.0
06/08/2023 20:30,0.0
06/08/2023 20:30,0.0
06/08/2023 21:00,0.0
06/08/2023 21:00,0.0
06/08/2023 21:30,0.0
06/08/2023 21:30,0.0
06/08/2023 22:00,0.0
06/08/2023 22:00,0.0
06/08/2023 22:30,0.0
06/08/2023 22:30,0.0
06/08/2023 23:00,0.0
06/08/2023 23:00,0.0
06/08/2023 23:30,0.0
06/08/2023 23:30,0.0
06/09/2023 00:00,0.0
06/09/2023 00:00,0.0
06/09/2023 00:00,0.0
06/09/2023 00:00,0.0
06/09/2023 00:00,0.0
06/09/2023 00:00,0.0
06/09/2023 00:00,0.0
06/09/2023 00:30,0.0
06/09/2023 00:30,0.0
06/09/2023 00:30,0.0
06/09/2023 00:30,0.0
06/09/2023 00:30,0.0
06/09/2023 00:30,0.0
06/09/2023 00:30,0.0
06/09/2023 01:00,0.0
06/09/2023 01:00,0.0
06/09/2023 01:00,0.0
06/09/2023 01:00,0.0
06/09/2023 01:00,0.0
06/09/2023 01:00,0.0
06/09/2023 01:00,0.0
06/09/2023 01:30,0.0
06/09/2023 01:30,0.0
06/09/2023 01:30,0.0
06/09/2023 01:30,0.0
06/09/2023 01:30,0.0
06/09/2023 01:30,0.0
06/09/2023 01:30,0.0
06/09/2023 02:00,0.0
06/09/2023 02:00,0.0
06/09/2023 02:00,0.0
06/09/2023 02:00,0.0
06/09/2023 02:00,0.0
06/09/2023 02:00,0.0
06/09/2023 02:00,0.0
06/09/2023 02:30,0.0
06/09/2023 02:30,0.0
06/09/2023 02:30,0.0
06/09/2023 02:30,0.0
06/09/2023 02:30,0.0
06/09/2023 02:30,0.0
06/09/2023 02:30,0.0
06/09/2023 03:00,0.0
06/09/2023 03:00,0.0
06/09/2023 03:00,0.0
06/09/2023 03:00,0.0
06/09/2023 03:00,0.0
06/09/2023 03:00,0.0
06/09/2023 03:00,0.0
06/09/2023 03:30,0.0
06/09/2023 03:30,0.0
06/09/2023 03:30,0.0
06/09/2023 03:30,0.0
06/09/2023 03:30,0.0
06/09/2023 03:30,0.0
06/09/2023 03:30,0.0
06/09/2023 04:00,0.0
06/09/2023 04:00,0.0
06/09/2023 04:00,0.0
06/09/2023 04:00,0.0
06/09/2023 04:00,0.0
06/09/2023 04:00,0.0
06/09/2023 04:00,0.0
06/09/2023 04:30,0.0
06/09/2023 04:30,0.0
06/09/2023 04:30,0.0
06/09/2023 04:30,0.0
06/09/2023 04:30,0.0
06/09/2023 04:30,0.0
06/09/2023 04:30,0.0
06/09/2023 05:00,0.0
06/09/2023 05:00,0.0
06/09/2023 05:00,0.0
06/09/2023 05:00,0.0
06/09/2023 05:00,0.0
06/09/2023 05:00,0.0
06/09/2023 05:00,0.0
06/09/2023 05:30,0.0
06/09/2023 05:30,0.0
06/09/2023 05:30,0.0
06/09/2023 05:30,0.0
06/09/2023 05:30,0.0
06/09/2023 05:30,0.0
06/09/2023 05:30,0.0
06/09/2023 06:00,0.0
06/09/2023 06:00,0.0
06/09/2023 06:00,0.0
06/09/2023 06:00,0.0
06/09/2023 06:00,0.0
06/09/2023 06:00,0.0
06/09/2023 06:00,0.0
06/09/2023 06:30,0.0
06/09/2023 06:30,0.0
06/09/2023 06:30,0.0
06/09/2023 06:30,0.0
06/09/2023 06:30,0.0
06/09/2023 06:30,0.0
06/09/2023 06:30,0.0
06/09/2023 07:00,0.0
06/09/2023 07:00,0.0
06/09/2023 07:00,0.0
06/09/2023 07:00,0.0
06/09/2023 07:00,0.0
06/09/2023 07:00,0.0
06/09/2023 07:00,0.0
06/09/2023 07:30,0.0
06/09/2023 07:30,0.0
06/09/2023 07:30,0.0
06/09/2023 07:30,0.0
06/09/2023 07:30,0.0
06/09/2023 07:30,0.0
06/09/2023 07:30,0.0
06/09/2023 08:00,0.0
06/09/2023 08:00,0.0
06/09/2023 08:00,0.0
06/09/2023 08:00,0.0
06/09/2023 08:00,0.0
06/09/2023 08:00,0.0
06/09/2023 08:00,0.0
06/09/2023 08:30,0.0
06/09/2023 08:30,0.0
06/09/2023 08:30,0.0
06/09/2023 08:30,0.0
06/09/2023 08:30,0.0
06/09/2023 08:30,0.0
06/09/2023 08:30,0.0
06/09/2023 09:00,0.0
06/09/2023 09:00,0.0
06/09/2023 09:00,0.0
06/09/2023 09:00,0.0
06/09/2023 09:00,0.0
06/09/2023 09:00,0.0
06/09/2023 09:00,0.0
06/09/2023 09:30,0.0
06/09/2023 09:30,0.0
06/09/2023 09:30,0.0
06/09/2023 09:30,0.0
06/09/2023 09:30,0.0
06/09/2023 09:30,0.0
06/09/2023 09:30,0.0
06/09/2023 10:00,0.0
06/09/2023 10:00,0.0
06/09/2023 10:00,0.0
06/09/2023 10:00,0.0
06/09/2023 10:00,0.0
06/09/2023 10:00,0.0
06/09/2023 10:00,0.0
06/09/2023 10:30,0.0
06/09/2023 10:30,0.0
06/09/2023 10:30,0.0
06/09/2023 10:30,0.0
06/09/2023 10:30,0.0
06/09/2023 10:30,0.0
06/09/2023 10:30,0.0
06/09/2023 11:00,0.0
06/09/2023 11:00,0.0
06/09/2023 11:00,0.0
06/09/2023 11:00,0.0
06/09/2023 11:00,0.0
06/09/2023 11:00,0.0
06/09/2023 11:00,0.0
06/09/2023 11:30,0.0
06/09/2023 11:30,0.0
06/09/2023 11:30,0.0
06/09/2023 11:30,0.0
06/09/2023 11:30,0.0
06/09/2023 11:30,0.0
06/09/2023 11:30,0.0
06/09/2023 12:00,0.0
06/09/2023 12:00,0.0
06/09/2023 12:00,0.0
06/09/2023 12:00,0.0
06/09/2023 12:00,0.0
06/09/2023 12:00,0.0
06/09/2023 12:00,0.0
06/09/2023 12:30,0.0
06/09/2023 12:30,0.0
06/09/2023 12:30,0.0
06/09/2023 12:30,0.0
06/09/2023 12:30,0.0
06/09/2023 12:30,0.0
06/09/2023 12:30,0.0
06/09/2023 13:00,0.0
06/09/2023 13:00,0.0
06/09/2023 13:00,0.0
06/09/2023 13:00,0.0
06/09/2023 13:00,0.0
06/09/2023 13:00,0.0
06/09/2023 13:00,0.0
06/09/2023 13:30,0.0
06/09/2023 13:30,0.0
06/09/2023 13:30,0.0
06/09/2023 13:30,0.0
06/09/2023 13:30,0.0
06/09/2023 13:30,0.0
06/09/2023 13:30,0.0
06/09/2023 14:00,0.0
06/09/2023 14:00,0.0
06/09/2023 14:00,0.0
06/09/2023 14:00,0.0
06/09/2023 14:00,0.0
06/09/2023 14:00,0.0
06/09/2023 14:00,0.0
06/09/2023 14:30,0.0
06/09/2023 14:30,0.0
06/09/2023 14:30,0.0
06/09/2023 14:30,0.0
06/09/2023 14:30,0.0
06/09/2023 14:30,0.0
06/09/2023 14:30,0.0
06/09/2023 15:00,0.0
06/09/2023 15:00,0.0
06/09/2023 15:00,0.0
06/09/2023 15:00,0.0
06/09/2023 15:00,0.0
06/09/2023 15:00,0.0
06/09/2023 15:00,0.0
06/09/2023 15:30,0.0
06/09/2023 15:30,0.0
06/09/2023 15:30,0.0
06/09/2023 15:30,0.0
06/09/2023 15:30,0.0
06/09/2023 15:30,0.0
06/09/2023 15:30,0.0
06/09/2023 16:00,0.0
06/09/2023 16:00,0.0
06/09/2023 16:00,0.0
06/09/2023 16:00,0.0
06/09/2023 16:00,0.0
06/09/2023 16:00,0.0
06/09/2023 16:00,0.0
06/09/2023 16:30,0.0
06/09/2023 16:30,0.0
06/09/2023 16:30,0.0
06/09/2023 16:30,0.0
06/09/2023 16:30,0.0
06/09/2023 16:30,0.0
06/09/2023 16:30,0.0
06/09/2023 17:00,0.0
06/09/2023 17:00,0.0
06/09/2023 17:00,0.0
06/09/2023 17:00,0.0
06/09/2023 17:00,0.0
06/09/2023 17:00,0.0
06/09/2023 17:00,0.0
06/09/2023 17:30,0.0
06/09/2023 17:30,0.0
06/09/2023 17:30,0.0
06/09/2023 17:30,0.0
06/09/2023 17:30,0.0
06/09/2023 17:30,0.0
06/09/2023 17:30,0.0
06/09/2023 18:00,0.0
06/09/2023 18:00,0.0
06/09/2023 18:00,0.0
06/09/2023 18:00,0.0
06/09/2023 18:00,0.0
06/09/2023 18:00,0.0
06/09/2023 18:00,0.0
06/09/2023 18:30,0.0
06/09/2023 18:30,0.0
06/09/2023 18:30,0.0
06/09/2023 18:30,0.0
06/09/2023 18:30,0.0
06/09/2023 18:30,0.0
06/09/2023 18:30,0.0
06/09/2023 19:00,0.0
06/09/2023 19:00,0.0
06/09/2023 19:00,0.0
06/09/2023 19:00,0.0
06/09/2023 19:00,0.0
06/09/2023 19:00,0.0
06/09/2023 19:00,0.0
06/09/2023 19:30,0.0
06/09/2023 19:30,0.0
06/09/2023 19:30,0.0
06/09/2023 19:30,0.0
06/09/2023 19:30,0.0
06/09/2023 19:30,0.0
06/09/2023 19:30,0.0
06/09/2023 20:00,0.0
06/09/2023 20:00,0.0
06/09/2023 20:00,0.0
06/09/2023 20:00,0.0
06/09/2023 20:00,0.0
06/09/2023 20:00,0.0
06/09/2023 20:00,0.0
06/09/2023 20:30,0.0
06/09/2023 20:30,0.0
06/09/2023 20:30,0.0
06/09/2023 20:30,0.0
06/09/2023 20:30,0.0
06/09/2023 20:30,0.0
06/09/2023 20:30,0.0
06/09/2023 21:00,0.0
06/09/2023 21:00,0.0
06/09/2023 21:00,0.0
06/09/2023 21:00,0.0
06/09/2023 21:00,0.0
06/09/2023 21:00,0.0
06/09/2023 21:00,0.0
06/09/2023 21:30,0.0
06/09/2023 21:30,0.0
06/09/2023 21:30,0.0
06/09/2023 21:30,0.0
06/09/2023 21:30,0.0
06/09/2023 21:30,0.0
06/09/2023 21:30,0.0
06/09/2023 22:00,0.0
06/09/2023 22:00,0.0
06/09/2023 22:00,0.0
06/09/2023 22:00,0.0
06/09/2023 22:00,0.0
06/09/2023 22:00,0.0
06/09/2023 22:00,0.0
06/09/2023 22:30,0.0
06/09/2023 22:30,0.0
06/09/2023 22:30,0.0
06/09/2023 22:30,0.0
06/09/2023 22:30,0.0
06/09/2023 22:30,0.0
06/09/2023 22:30,0.0
06/09/2023 23:00,0.0
06/09/2023 23:00,0.0
06/09/2023 23:00,0.0
06/09/2023 23:00,0.0
06/09/2023 23:00,0.0
06/09/2023 23:00,0.0
06/09/2023 23:00,0.0
06/09/2023 23:30,0.0
06/09/2023 23:30,0.0
06/09/2023 23:30,0.0
06/09/2023 23:30,0.0
06/09/2023 23:30,0.0
06/09/2023 23:30,0.0
06/09/2023 23:30,0.0
06/10/2023 00:00,1.587
06/10/2023 00:00,0.0
06/10/2023 00:00,3.872
06/10/2023 00:00,0.0
06/10/2023 00:00,3.872
06/10/2023 00:00,0.0
06/10/2023 00:30,3.872
06/10/2023 00:30,0.0
06/10/2023 00:30,1.587
06/10/2023 00:30,3.872
06/10/2023 00:30,0.0
06/10/2023 00:30,0.0
06/10/2023 01:00,0.0
06/10/2023 01:00,0.0
06/10/2023 01:00,3.872
06/10/2023 01:00,0.0
06/10/2023 01:00,1.587
06/10/2023 01:00,3.872
06/10/2023 01:30,0.0
06/10/2023 01:30,0.0
06/10/2023 01:30,3.872
06/10/2023 01:30,1.587
06/10/2023 01:30,3.872
06/10/2023 01:30,0.0
06/10/2023 02:00,0.0
06/10/2023 02:00,3.872
06/10/2023 02:00,0.0
06/10/2023 02:00,1.587
06/10/2023 02:00,3.872
06/10/2023 02:00,0.0
06/10/2023 02:30,0.0
06/10/2023 02:30,3.872
06/10/2023 02:30,3.872
06/10/2023 02:30,0.0
06/10/2023 02:30,1.587
06/10/2023 02:30,0.0
06/10/2023 03:00,0.0
06/10/2023 03:00,3.872
06/10/2023 03:00,0.0
06/10/2023 03:00,3.872
06/10/2023 03:00,1.587
06/10/2023 03:00,0.0
06/10/2023 03:30,0.0
06/10/2023 03:30,0.0
06/10/2023 03:30,3.872
06/10/2023 03:30,0.0
06/10/2023 03:30,3.872
06/10/2023 03:30,1.587
06/10/2023 04:00,3.872
06/10/2023 04:00,1.587
06/10/2023 04:00,0.0
06/10/2023 04:00,0.0
06/10/2023 04:00,3.872
06/10/2023 04:00,0.0
06/10/2023 04:30,1.587
06/10/2023 04:30,0.0
06/10/2023 04:30,3.872
06/10/2023 04:30,3.872
06/10/2023 04:30,0.0
06/10/2023 04:30,0.0
06/10/2023 05:00,1.587
06/10/2023 05:00,0.0
06/10/2023 05:00,3.872
06/10/2023 05:00,3.872
06/10/2023 05:00,0.0
06/10/2023 05:00,0.0
06/10/2023 05:30,0.0
06/10/2023 05:30,0.0
06/10/2023 05:30,1.587
06/10/2023 05:30,3.872
06/10/2023 05:30,0.0
06/10/2023 05:30,3.872
06/10/2023 06:00,0.0
06/10/2023 06:00,0.0
06/10/2023 06:00,0.0
06/10/2023 06:00,3.872
06/10/2023 06:00,3.872
06/10/2023 06:00,1.587
06/10/2023 06:30,1.587
06/10/2023 06:30,0.0
06/10/2023 06:30,3.872
06/10/2023 06:30,0.0
06/10/2023 06:30,0.0
06/10/2023 06:30,3.872
06/10/2023 07:00,0.0
06/10/2023 07:00,3.872
06/10/2023 07:00,0.0
06/10/2023 07:00,3.872
06/10/2023 07:00,0.0
06/10/2023 07:00,1.587
06/10/2023 07:30,3.872
06/10/2023 07:30,0.0
06/10/2023 07:30,0.0
06/10/2023 07:30,3.872
06/10/2023 07:30,0.0
06/10/2023 07:30,1.587
06/10/2023 08:00,1.587
06/10/2023 08:00,3.872
06/10/2023 08:00,0.0
06/10/2023 08:00,0.0
06/10/2023 08:00,0.0
06/10/2023 08:00,3.872
06/10/2023 08:30,3.872
06/10/2023 08:30,0.0
06/10/2023 08:30,1.587
06/10/2023 08:30,0.0
06/10/2023 08:30,3.872
06/10/2023 08:30,0.0
06/10/2023 09:00,3.872
06/10/2023 09:00,0.0
06/10/2023 09:00,3.872
06/10/2023 09:00,0.0
06/10/2023 09:00,0.0
06/10/2023 09:00,1.587
06/10/2023 09:30,1.587
06/10/2023 09:30,3.872
06/10/2023 09:30,0.0
06/10/2023 09:30,3.872
06/10/2023 09:30,0.0
06/10/2023 09:30,0.0
06/10/2023 10:00,0.0
06/10/2023 10:00,0.0
06/10/2023 10:00,1.587
06/10/2023 10:00,3.872
06/10/2023 10:00,0.0
06/10/2023 10:00,3.872
06/10/2023 10:30,3.872
06/10/2023 10:30,1.587
06/10/2023 10:30,3.872
06/10/2023 10:30,0.0
06/10/2023 10:30,0.0
06/10/2023 10:30,0.0
06/10/2023 11:00,1.587
06/10/2023 11:00,3.872
06/10/2023 11:00,0.0
06/10/2023 11:00,0.0
06/10/2023 11:00,3.872
06/10/2023 11:00,0.0
06/10/2023 11:30,1.587
06/10/2023 11:30,0.0
06/10/2023 11:30,3.872
06/10/2023 11:30,3.872
06/10/2023 11:30,0.0
06/10/2023 11:30,0.0
06/10/2023 12:00,0.0
06/10/2023 12:00,1.587
06/10/2023 12:00,0.0
06/10/2023 12:00,3.872
06/10/2023 12:00,3.872
06/10/2023 12:00,0.0
06/10/2023 12:30,3.872
06/10/2023 12:30,3.872
06/10/2023 12:30,0.0
06/10/2023 12:30,1.587
06/10/2023 12:30,0.0
06/10/2023 12:30,0.0
06/10/2023 13:00,0.0
06/10/2023 13:00,1.587
06/10/2023 13:00,0.0
06/10/2023 13:00,0.0
06/10/2023 13:00,3.872
06/10/2023 13:00,3.872
06/10/2023 13:30,0.0
06/10/2023 13:30,1.587
06/10/2023 13:30,3.872
06/10/2023 13:30,0.0
06/10/2023 13:30,0.0
06/10/2023 13:30,3.872
06/10/2023 14:00,3.872
06/10/2023 14:00,0.0
06/10/2023 14:00,0.0
06/10/2023 14:00,1.587
06/10/2023 14:00,3.872
06/10/2023 14:00,0.0
06/10/2023 14:30,3.872
06/10/2023 14:30,3.872
06/10/2023 14:30,1.587
06/10/2023 14:30,0.0
06/10/2023 14:30,0.0
06/10/2023 14:30,0.0
06/10/2023 15:00,1.587
06/10/2023 15:00,3.872
06/10/2023 15:00,0.0
06/10/2023 15:00,0.0
06/10/2023 15:00,0.0
06/10/2023 15:00,3.872
06/10/2023 15:30,0.0
06/10/2023 15:30,3.872
06/10/2023 15:30,0.0
06/10/2023 15:30,3.872
06/10/2023 15:30,1.587
06/10/2023 15:30,0.0
06/10/2023 16:00,0.0
06/10/2023 16:00,0.0
06/10/2023 16:00,3.872
06/10/2023 16:00,3.872
06/10/2023 16:00,0.0
06/10/2023 16:00,1.587
06/10/2023 16:30,1.587
06/10/2023 16:30,3.872
06/10/2023 16:30,3.872
06/10/2023 16:30,0.0
06/10/2023 16:30,0.0
06/10/2023 16:30,0.0
06/10/2023 17:00,0.0
06/10/2023 17:00,1.587
06/10/2023 17:00,3.872
06/10/2023 17:00,0.0
06/10/2023 17:00,3.872
06/10/2023 17:00,0.0
06/10/2023 17:30,0.0
06/10/2023 17:30,3.872
06/10/2023 17:30,0.0
06/10/2023 17:30,1.587
06/10/2023 17:30,3.872
06/10/2023 17:30,0.0
06/10/2023 18:00,0.0
06/10/2023 18:00,3.872
06/10/2023 18:00,1.587
06/10/2023 18:00,3.872
06/10/2023 18:00,0.0
06/10/2023 18:00,0.0
06/10/2023 18:30,0.0
06/10/2023 18:30,0.0
06/10/2023 18:30,1.587
06/10/2023 18:30,3.872
06/10/2023 18:30,0.0
06/10/2023 18:30,3.872
06/10/2023 19:00,3.872
06/10/2023 19:00,0.0
06/10/2023 19:00,0.0
06/10/2023 19:00,0.0
06/10/2023 19:00,1.587
06/10/2023 19:00,3.872
06/10/2023 19:30,3.872
06/10/2023 19:30,3.872
06/10/2023 19:30,0.0
06/10/2023 19:30,0.0
06/10/2023 19:30,1.587
06/10/2023 19:30,0.0
06/10/2023 20:00,1.587
06/10/2023 20:00,0.0
06/10/2023 20:00,0.0
06/10/2023 20:00,3.872
06/10/2023 20:00,0.0
06/10/2023 20:00,3.872
06/10/2023 20:30,0.0
06/10/2023 20:30,3.872
06/10/2023 20:30,3.872
06/10/2023 20:30,1.587
06/10/2023 20:30,0.0
06/10/2023 20:30,0.0
06/10/2023 21:00,0.0
06/10/2023 21:00,1.587
06/10/2023 21:00,3.872
06/10/2023 21:00,3.872
06/10/2023 21:00,0.0
06/10/2023 21:00,0.0
06/10/2023 21:30,3.872
06/10/2023 21:30,3.872
06/10/2023 21:30,0.0
06/10/2023 21:30,1.587
06/10/2023 21:30,0.0
06/10/2023 21:30,0.0
06/10/2023 22:00,0.0
06/10/2023 22:00,3.872
06/10/2023 22:00,0.0
06/10/2023 22:00,1.587
06/10/2023 22:00,0.0
06/10/2023 22:00,3.872
06/10/2023 22:30,0.0
06/10/2023 22:30,3.872
06/10/2023 22:30,0.0
06/10/2023 22:30,3.872
06/10/2023 22:30,0.0
06/10/2023 22:30,1.587
06/10/2023 23:00,3.872
06/10/2023 23:00,3.872
06/10/2023 23:00,0.0
06/10/2023 23:00,0.0
06/10/2023 23:00,0.0
06/10/2023 23:00,1.587
06/10/2023 23:30,1.587
06/10/2023 23:30,0.0
06/10/2023 23:30,3.872
06/10/2023 23:30,0.0
06/10/2023 23:30,0.0
06/10/2023 23:30,3.872
06/11/2023 00:00,4.7
06/11/2023 00:00,4.7
06/11/2023 00:00,4.7
06/11/2023 00:00,3.872
06/11/2023 00:30,4.7
06/11/2023 00:30,4.7
06/11/2023 00:30,3.872
06/11/2023 00:30,4.7
06/11/2023 01:00,3.872
06/11/2023 01:00,4.7
06/11/2023 01:00,4.7
06/11/2023 01:00,4.7
06/11/2023 01:30,4.7
06/11/2023 01:30,4.7
06/11/2023 01:30,3.872
06/11/2023 01:30,4.7
06/11/2023 02:00,4.7
06/11/2023 02:00,4.7
06/11/2023 02:00,3.872
06/11/2023 02:00,4.7
06/11/2023 02:30,4.7
06/11/2023 02:30,4.7
06/11/2023 02:30,3.872
06/11/2023 02:30,4.7
06/11/2023 03:00,4.7
06/11/2023 03:00,4.7
06/11/2023 03:00,3.872
06/11/2023 03:00,4.7
06/11/2023 03:30,4.7
06/11/2023 03:30,4.7
06/11/2023 03:30,4.7
06/11/2023 03:30,3.872
06/11/2023 04:00,4.7
06/11/2023 04:00,4.7
06/11/2023 04:00,4.7
06/11/2023 04:00,3.872
06/11/2023 04:30,4.7
06/11/2023 04:30,4.7
06/11/2023 04:30,4.7
06/11/2023 04:30,3.872
06/11/2023 05:00,4.7
06/11/2023 05:00,3.872
06/11/2023 05:00,4.7
06/11/2023 05:00,4.7
06/11/2023 05:30,4.7
06/11/2023 05:30,3.872
06/11/2023 05:30,4.7
06/11/2023 05:30,4.7
06/11/2023 06:00,4.7
06/11/2023 06:00,3.872
06/11/2023 06:00,4.7
06/11/2023 06:00,4.7
06/11/2023 06:30,3.872
06/11/2023 06:30,4.7
06/11/2023 06:30,4.7
06/11/2023 06:30,4.7
06/11/2023 07:00,4.7
06/11/2023 07:00,4.7
06/11/2023 07:00,4.7
06/11/2023 07:00,3.872
06/11/2023 07:30,4.7
06/11/2023 07:30,3.872
06/11/2023 07:30,4.7
06/11/2023 07:30,4.7
06/11/2023 08:00,3.872
06/11/2023 08:00,4.7
06/11/2023 08:00,4.7
06/11/2023 08:00,4.7
06/11/2023 08:30,4.7
06/11/2023 08:30,4.7
06/11/2023 08:30,4.7
06/11/2023 08:30,3.872
06/11/2023 09:00,4.7
06/11/2023 09:00,4.7
06/11/2023 09:00,4.7
06/11/2023 09:00,3.872
06/11/2023 09:30,4.7
06/11/2023 09:30,3.872
06/11/2023 09:30,4.7
06/11/2023 09:30,4.7
06/11/2023 10:00,4.7
06/11/2023 10:00,3.872
06/11/2023 10:00,4.7
06/11/2023 10:00,4.7
06/11/2023 10:30,4.7
06/11/2023 10:30,4.7
06/11/2023 10:30,3.872
06/11/2023 10:30,4.7
06/11/2023 11:00,3.872
06/11/2023 11:00,4.7
06/11/2023 11:00,4.7
06/11/2023 11:00,4.7
06/11/2023 11:30,4.7
06/11/2023 11:30,3.872
06/11/2023 11:30,4.7
06/11/2023 11:30,4.7
06/11/2023 12:00,4.7
06/11/2023 12:00,4.7
06/11/2023 12:00,4.7
06/11/2023 12:00,3.872
06/11/2023 12:30,4.7
06/11/2023 12:30,4.7
06/11/2023 12:30,4.7
06/11/2023 12:30,3.872
06/11/2023 13:00,4.7
06/11/2023 13:00,4.7
06/11/2023 13:00,4.7
06/11/2023 13:00,3.872
06/11/2023 13:30,4.7
06/11/2023 13:30,4.7
06/11/2023 13:30,4.7
06/11/2023 13:30,3.872
06/11/2023 14:00,4.7
06/11/2023 14:00,3.872
06/11/2023 14:00,4.7
06/11/2023 14:00,4.7
06/11/2023 14:30,4.7
06/11/2023 14:30,4.7
06/11/2023 14:30,4.7
06/11/2023 14:30,3.872
06/11/2023 15:00,4.7
06/11/2023 15:00,3.872
06/11/2023 15:00,4.7
06/11/2023 15:00,4.7
06/11/2023 15:30,3.872
06/11/2023 15:30,4.7
06/11/2023 15:30,4.7
06/11/2023 15:30,4.7
06/11/2023 16:00,3.872
06/11/2023 16:00,4.7
06/11/2023 16:00,4.7
06/11/2023 16:00,4.7
06/11/2023 16:30,4.7
06/11/2023 16:30,4.7
06/11/2023 16:30,4.7
06/11/2023 16:30,3.872
06/11/2023 17:00,4.7
06/11/2023 17:00,3.872
06/11/2023 17:00,4.7
06/11/2023 17:00,4.7
06/11/2023 17:30,4.7
06/11/2023 17:30,3.872
06/11/2023 17:30,4.7
06/11/2023 17:30,4.7
06/11/2023 18:00,4.7
06/11/2023 18:00,3.872
06/11/2023 18:00,4.7
06/11/2023 18:00,4.7
06/11/2023 18:30,3.872
06/11/2023 18:30,4.7
06/11/2023 18:30,4.7
06/11/2023 18:30,4.7
06/11/2023 19:00,4.7
06/11/2023 19:00,3.872
06/11/2023 19:00,4.7
06/11/2023 19:00,4.7
06/11/2023 19:30,4.7
06/11/2023 19:30,3.872
06/11/2023 19:30,4.7
06/11/2023 19:30,4.7
06/11/2023 20:00,3.872
06/11/2023 20:00,4.7
06/11/2023 20:00,4.7
06/11/2023 20:00,4.7
06/11/2023 20:30,4.7
06/11/2023 20:30,4.7
06/11/2023 20:30,3.872
06/11/2023 20:30,4.7
06/11/2023 21:00,3.872
06/11/2023 21:00,4.7
06/11/2023 21:00,4.7
06/11/2023 21:00,4.7
06/11/2023 21:30,4.7
06/11/2023 21:30,3.872
06/11/2023 21:30,4.7
06/11/2023 21:30,4.7
06/11/2023 22:00,4.7
06/11/2023 22:00,3.872
06/11/2023 22:00,4.7
06/11/2023 22:00,4.7
06/11/2023 22:30,4.7
06/11/2023 22:30,4.7
06/11/2023 22:30,3.872
06/11/2023 22:30,4.7
06/11/2023 23:00,3.872
06/11/2023 23:00,4.7
06/11/2023 23:00,4.7
06/11/2023 23:00,4.7
06/11/2023 23:30,4.7
06/11/2023 23:30,4.7
06/11/2023 23:30,3.872
06/11/2023 23:30,4.7
06/12/2023 00:00,4.074
06/12/2023 00:30,4.074
06/12/2023 01:00,4.074
06/12/2023 01:30,4.074
06/12/2023 02:00,4.074
06/12/2023 02:30,4.074
06/12/2023 03:00,4.074
06/12/2023 03:30,4.074
06/12/2023 04:00,4.074
06/12/2023 04:30,4.074
06/12/2023 05:00,4.074
06/12/2023 05:30,4.074
06/12/2023 06:00,4.074
06/12/2023 06:30,4.074
06/12/2023 07:00,4.074
06/12/2023 07:30,4.074
06/12/2023 08:00,4.074
06/12/2023 08:30,4.074
06/12/2023 09:00,4.074
06/12/2023 09:30,4.074
06/12/2023 10:00,4.074
06/12/2023 10:30,4.074
06/12/2023 11:00,4.074
06/12/2023 11:30,4.074
06/12/2023 12:00,4.074
06/12/2023 12:30,4.074
06/12/2023 13:00,4.074
06/12/2023 13:30,4.074
06/12/2023 14:00,4.074
06/12/2023 14:30,4.074
06/12/2023 15:00,4.074
06/12/2023 15:30,4.074
06/12/2023 16:00,4.074
06/12/2023 16:30,4.074
06/12/2023 17:00,4.074
06/12/2023 17:30,4.074
06/12/2023 18:00,4.074
06/12/2023 18:30,4.074
06/12/2023 19:00,4.074
06/12/2023 19:30,4.074
06/12/2023 20:00,4.074
06/12/2023 20:30,4.074
06/12/2023 21:00,4.074
06/12/2023 21:30,4.074
06/12/2023 22:00,4.074
06/12/2023 22:30,4.074
06/12/2023 23:00,4.074
06/12/2023 23:30,4.074
06/13/2023 00:00,4.074
06/13/2023 00:30,4.074
06/13/2023 01:00,4.074
06/13/2023 01:30,4.074
06/13/2023 02:00,4.074
06/13/2023 02:30,4.074
06/13/2023 03:00,4.074
06/13/2023 03:30,4.074
06/13/2023 04:00,4.074
06/13/2023 04:30,4.074
06/13/2023 05:00,4.074
06/13/2023 05:30,4.074
06/13/2023 06:00,4.074
06/13/2023 06:30,4.074
06/13/2023 07:00,4.074
06/13/2023 07:30,4.074
06/13/2023 08:00,4.074
06/13/2023 08:30,4.074
06/13/2023 09:00,4.074
06/13/2023 09:30,4.074
06/13/2023 10:00,4.074
06/13/2023 10:30,4.074
06/13/2023 11:00,4.074
06/13/2023 11:30,4.074
06/13/2023 12:00,4.074
06/13/2023 12:30,4.074
06/13/2023 13:00,4.074
06/13/2023 13:30,4.074
06/13/2023 14:00,4.074
06/13/2023 14:30,4.074
06/13/2023 15:00,4.074
06/13/2023 15:30,4.074
06/13/2023 16:00,4.074
06/13/2023 16:30,4.074
06/13/2023 17:00,4.074
06/13/2023 17:30,4.074
06/13/2023 18:00,4.074
06/13/2023 18:30,4.074
06/13/2023 19:00,4.074
06/13/2023 19:30,4.074
06/13/2023 20:00,4.074
06/13/2023 20:30,4.074
06/13/2023 21:00,4.074
06/13/2023 21:30,4.074
06/13/2023 22:00,4.074
06/13/2023 22:30,4.074
06/13/2023 23:00,4.074
06/13/2023 23:30,4.074
06/14/2023 00:00,4.074
06/14/2023 00:30,4.074
06/14/2023 01:00,4.074
06/14/2023 01:30,4.074
06/14/2023 02:00,4.074
06/14/2023 02:30,4.074
06/14/2023 03:00,4.074
06/14/2023 03:30,4.074
06/14/2023 04:00,4.074
06/14/2023 04:30,4.074
06/14/2023 05:00,4.074
06/14/2023 05:30,4.074
06/14/2023 06:00,4.074
06/14/2023 06:30,4.074
06/14/2023 07:00,4.074
06/14/2023 07:30,4.074
06/14/2023 08:00,4.074
06/14/2023 08:30,4.074
06/14/2023 09:00,4.074
06/14/2023 09:30,4.074
06/14/2023 10:00,4.074
06/14/2023 10:30,4.074
06/14/2023 11:00,4.074
06/14/2023 11:30,4.074
06/14/2023 12:00,4.074
06/14/2023 12:30,4.074
06/14/2023 13:00,4.074
06/14/2023 13:30,4.074
06/14/2023 14:00,4.074
06/14/2023 14:30,4.074
06/14/2023 15:00,4.074
06/14/2023 15:30,4.074
06/14/2023 16:00,4.074
06/14/2023 16:30,4.074
06/14/2023 17:00,4.074
06/14/2023 17:30,4.074
06/14/2023 18:00,4.074
06/14/2023 18:30,4.074
06/14/2023 19:00,4.074
06/14/2023 19:30,4.074
06/14/2023 20:00,4.074
06/14/2023 20:30,4.074
06/14/2023 21:00,4.074
06/14/2023 21:30,4.074
06/14/2023 22:00,4.074
06/14/2023 22:30,4.074
06/14/2023 23:00,4.074
06/14/2023 23:30,4.074
06/15/2023 00:00,3.872
06/15/2023 00:30,3.872
06/15/2023 01:00,3.872
06/15/2023 01:30,3.872
06/15/2023 02:00,3.872
06/15/2023 02:30,3.872
06/15/2023 03:00,3.872
06/15/2023 03:30,3.872
06/15/2023 04:00,3.872
06/15/2023 04:30,3.872
06/15/2023 05:00,3.872
06/15/2023 05:30,3.872
06/15/2023 06:00,3.872
06/15/2023 06:30,3.872
06/15/2023 07:00,3.872
06/15/2023 07:30,3.872
06/15/2023 08:00,3.872
06/15/2023 08:30,3.872
06/15/2023 09:00,3.872
06/15/2023 09:30,3.872
06/15/2023 10:00,3.872
06/15/2023 10:30,3.872
06/15/2023 11:00,3.872
06/15/2023 11:30,3.872
06/15/2023 12:00,3.872
06/15/2023 12:30,3.872
06/15/2023 13:00,3.872
06/15/2023 13:30,3.872
06/15/2023 14:00,3.872
06/15/2023 14:30,3.872
06/15/2023 15:00,3.872
06/15/2023 15:30,3.872
06/15/2023 16:00,3.872
06/15/2023 16:30,3.872
06/15/2023 17:00,3.872
06/15/2023 17:30,3.872
06/15/2023 18:00,3.872
06/15/2023 18:30,3.872
06/15/2023 19:00,3.872
06/15/2023 19:30,3.872
06/15/2023 20:00,3.872
06/15/2023 20:30,3.872
06/15/2023 21:00,3.872
06/15/2023 21:30,3.872
06/15/2023 22:00,3.872
06/15/2023 22:30,3.872
06/15/2023 23:00,3.872
06/15/2023 23:30,3.872
06/16/2023 00:00,3.872
06/16/2023 00:30,3.872
06/16/2023 01:00,3.872
06/16/2023 01:30,3.872
06/16/2023 02:00,3.872
06/16/2023 02:30,3.872
06/16/2023 03:00,3.872
06/16/2023 03:30,3.872
06/16/2023 04:00,3.872
06/16/2023 04:30,3.872
06/16/2023 05:00,3.872
06/16/2023 05:30,3.872
06/16/2023 06:00,3.872
06/16/2023 06:30,3.872
06/16/2023 07:00,3.872
06/16/2023 07:30,3.872
06/16/2023 08:00,3.872
06/16/2023 08:30,3.872
06/16/2023 09:00,3.872
06/16/2023 09:30,3.872
06/16/2023 10:00,3.872
06/16/2023 10:30,3.872
06/16/2023 11:00,3.872
06/16/2023 11:30,3.872
06/16/2023 12:00,3.872
06/16/2023 12:30,3.872
06/16/2023 13:00,3.872
06/16/2023 13:30,3.872
06/16/2023 14:00,3.872
06/16/2023 14:30,3.872
06/16/2023 15:00,3.872
06/16/2023 15:30,3.872
06/16/2023 16:00,3.872
06/16/2023 16:30,3.872
06/16/2023 17:00,3.872
06/16/2023 17:30,3.872
06/16/2023 18:00,3.872
06/16/2023 18:30,3.872
06/16/2023 19:00,3.872
06/16/2023 19:30,3.872
06/16/2023 20:00,3.872
06/16/2023 20:30,3.872
06/16/2023 21:00,3.872
06/16/2023 21:30,3.872
06/16/2023 22:00,3.872
06/16/2023 22:30,3.872
06/16/2023 23:00,3.872
06/16/2023 23:30,3.872
06/17/2023 00:00,3.872
06/17/2023 00:30,3.872
06/17/2023 01:00,3.872
06/17/2023 01:30,3.872
06/17/2023 02:00,3.872
06/17/2023 02:30,3.872
06/17/2023 03:00,3.872
06/17/2023 03:30,3.872
06/17/2023 04:00,3.872
06/17/2023 04:30,3.872
06/17/2023 05:00,3.872
06/17/2023 05:30,3.872
06/17/2023 06:00,3.872
06/17/2023 06:30,3.872
06/17/2023 07:00,3.872
06/17/2023 07:30,3.872
06/17/2023 08:00,3.872
06/17/2023 08:30,3.872
06/17/2023 09:00,3.872
06/17/2023 09:30,3.872
06/17/2023 10:00,3.872
06/17/2023 10:30,3.872
06/17/2023 11:00,3.872
06/17/2023 11:30,3.872
06/17/2023 12:00,3.872
06/17/2023 12:30,3.872
06/17/2023 13:00,3.872
06/17/2023 13:30,3.872
06/17/2023 14:00,3.872
06/17/2023 14:30,3.872
06/17/2023 15:00,3.872
06/17/2023 15:30,3.872
06/17/2023 16:00,3.872
06/17/2023 16:30,3.872
06/17/2023 17:00,3.872
06/17/2023 17:30,3.872
06/17/2023 18:00,3.872
06/17/2023 18:30,3.872
06/17/2023 19:00,3.872
06/17/2023 19:30,3.872
06/17/2023 20:00,3.872
06/17/2023 20:30,3.872
06/17/2023 21:00,3.872
06/17/2023 21:30,3.872
06/17/2023 22:00,3.872
06/17/2023 22:30,3.872
06/17/2023 23:00,3.872
06/17/2023 23:30,3.872
06/18/2023 00:00,3.673
06/18/2023 00:30,3.673
06/18/2023 01:00,3.673
06/18/2023 01:30,3.673
06/18/2023 02:00,3.673
06/18/2023 02:30,3.673
06/18/2023 03:00,3.673
06/18/2023 03:30,3.673
06/18/2023 04:00,3.673
06/18/2023 04:30,3.673
06/18/2023 05:00,3.673
06/18/2023 05:30,3.673
06/18/2023 06:00,3.673
06/18/2023 06:30,3.673
06/18/2023 07:00,3.673
06/18/2023 07:30,3.673
06/18/2023 08:00,3.673
06/18/2023 08:30,3.673
06/18/2023 09:00,3.673
06/18/2023 09:30,3.673
06/18/2023 10:00,3.673
06/18/2023 10:30,3.673
06/18/2023 11:00,3.673
06/18/2023 11:30,3.673
06/18/2023 12:00,3.673
06/18/2023 12:30,3.673
06/18/2023 13:00,3.673
06/18/2023 13:30,3.673
06/18/2023 14:00,3.673
06/18/2023 14:30,3.673
06/18/2023 15:00,3.673
06/18/2023 15:30,3.673
06/18/2023 16:00,3.673
06/18/2023 16:30,3.673
06/18/2023 17:00,3.673
06/18/2023 17:30,3.673
06/18/2023 18:00,3.673
06/18/2023 18:30,3.673
06/18/2023 19:00,3.673
06/18/2023 19:30,3.673
06/18/2023 20:00,3.673
06/18/2023 20:30,3.673
06/18/2023 21:00,3.673
06/18/2023 21:30,3.673
06/18/2023 22:00,3.673
06/18/2023 22:30,3.673
06/18/2023 23:00,3.673
06/18/2023 23:30,3.673
06/19/2023 00:00,3.673
06/19/2023 00:30,3.673
06/19/2023 01:00,3.673
06/19/2023 01:30,3.673
06/19/2023 02:00,3.673
06/19/2023 02:30,3.673
06/19/2023 03:00,3.673
06/19/2023 03:30,3.673
06/19/2023 04:00,3.673
06/19/2023 04:30,3.673
06/19/2023 05:00,3.673
06/19/2023 05:30,3.673
06/19/2023 06:00,3.673
06/19/2023 06:30,3.673
06/19/2023 07:00,3.673
06/19/2023 07:30,3.673
06/19/2023 08:00,3.673
06/19/2023 08:30,3.673
06/19/2023 09:00,3.673
06/19/2023 09:30,3.673
06/19/2023 10:00,3.673
06/19/2023 10:30,3.673
06/19/2023 11:00,3.673
06/19/2023 11:30,3.673
06/19/2023 12:00,3.673
06/19/2023 12:30,3.673
06/19/2023 13:00,3.673
06/19/2023 13:30,3.673
06/19/2023 14:00,3.673
06/19/2023 14:30,3.673
06/19/2023 15:00,3.673
06/19/2023 15:30,3.673
06/19/2023 16:00,3.673
06/19/2023 16:30,3.673
06/19/2023 17:00,3.673
06/19/2023 17:30,3.673
06/19/2023 18:00,3.673
06/19/2023 18:30,3.673
06/19/2023 19:00,3.673
06/19/2023 19:30,3.673
06/19/2023 20:00,3.673
06/19/2023 20:30,3.673
06/19/2023 21:00,3.673
06/19/2023 21:30,3.673
06/19/2023 22:00,3.673
06/19/2023 22:30,3.673
06/19/2023 23:00,3.673
06/19/2023 23:30,3.673
06/20/2023 00:00,3.673
06/20/2023 00:30,3.673
06/20/2023 01:00,3.673
06/20/2023 01:30,3.673
06/20/2023 02:00,3.673
06/20/2023 02:30,3.673
06/20/2023 03:00,3.673
06/20/2023 03:30,3.673
06/20/2023 04:00,3.673
06/20/2023 04:30,3.673
06/20/2023 05:00,3.673
06/20/2023 05:30,3.673
06/20/2023 06:00,3.673
06/20/2023 06:30,3.673
06/20/2023 07:00,3.673
06/20/2023 07:30,3.673
06/20/2023 08:00,3.673
06/20/2023 08:30,3.673
06/20/2023 09:00,3.673
06/20/2023 09:30,3.673
06/20/2023 10:00,3.673
06/20/2023 10:30,3.673
06/20/2023 11:00,3.673
06/20/2023 11:30,3.673
06/20/2023 12:00,3.673
06/20/2023 12:30,3.673
06/20/2023 13:00,3.673
06/20/2023 13:30,3.673
06/20/2023 14:00,3.673
06/20/2023 14:30,3.673
06/20/2023 15:00,3.673
06/20/2023 15:30,3.673
06/20/2023 16:00,3.673
06/20/2023 16:30,3.673
06/20/2023 17:00,3.673
06/20/2023 17:30,3.673
06/20/2023 18:00,3.673
06/20/2023 18:30,3.673
06/20/2023 19:00,3.673
06/20/2023 19:30,3.673
06/20/2023 20:00,3.673
06/20/2023 20:30,3.673
06/20/2023 21:00,3.673
06/20/2023 21:30,3.673
06/20/2023 22:00,3.673
06/20/2023 22:30,3.673
06/20/2023 23:00,3.673
06/20/2023 23:30,3.673
06/21/2023 00:00,3.287
06/21/2023 00:30,3.287
06/21/2023 01:00,3.287
06/21/2023 01:30,3.287
06/21/2023 02:00,3.287
06/21/2023 02:30,3.287
06/21/2023 03:00,3.287
06/21/2023 03:30,3.287
06/21/2023 04:00,3.287
06/21/2023 04:30,3.287
06/21/2023 05:00,3.287
06/21/2023 05:30,3.287
06/21/2023 06:00,3.287
06/21/2023 06:30,3.287
06/21/2023 07:00,3.287
06/21/2023 07:30,3.287
06/21/2023 08:00,3.287
06/21/2023 08:30,3.287
06/21/2023 09:00,3.287
06/21/2023 09:30,3.287
06/21/2023 10:00,3.287
06/21/2023 10:30,3.287
06/21/2023 11:00,3.287
06/21/2023 11:30,3.287
06/21/2023 12:00,3.287
06/21/2023 12:30,3.287
06/21/2023 13:00,3.287
06/21/2023 13:30,3.287
06/21/2023 14:00,3.287
06/21/2023 14:30,3.287
06/21/2023 15:00,3.287
06/21/2023 15:30,3.287
06/21/2023 16:00,3.287
06/21/2023 16:30,3.287
06/21/2023 17:00,3.287
06/21/2023 17:30,3.287
06/21/2023 18:00,3.287
06/21/2023 18:30,3.287
06/21/2023 19:00,3.287
06/21/2023 19:30,3.287
06/21/2023 20:00,3.287
06/21/2023 20:30,3.287
06/21/2023 21:00,3.287
06/21/2023 21:30,3.287
06/21/2023 22:00,3.287
06/21/2023 22:30,3.287
06/21/2023 23:00,3.287
06/21/2023 23:30,3.287
06/22/2023 00:00,3.099
06/22/2023 00:30,3.099
06/22/2023 01:00,3.099
06/22/2023 01:30,3.099
06/22/2023 02:00,3.099
06/22/2023 02:30,3.099
06/22/2023 03:00,3.099
06/22/2023 03:30,3.099
06/22/2023 04:00,3.099
06/22/2023 04:30,3.099
06/22/2023 05:00,3.099
06/22/2023 05:30,3.099
06/22/2023 06:00,3.099
06/22/2023 06:30,3.099
06/22/2023 07:00,3.099
06/22/2023 07:30,3.099
06/22/2023 08:00,3.099
06/22/2023 08:30,3.099
06/22/2023 09:00,3.099
06/22/2023 09:30,3.099
06/22/2023 10:00,3.099
06/22/2023 10:30,3.099
06/22/2023 11:00,3.099
06/22/2023 11:30,3.099
06/22/2023 12:00,3.099
06/22/2023 12:30,3.099
06/22/2023 13:00,3.099
06/22/2023 13:30,3.099
06/22/2023 14:00,3.099
06/22/2023 14:30,3.099
06/22/2023 15:00,3.099
06/22/2023 15:30,3.099
06/22/2023 16:00,3.099
06/22/2023 16:30,3.099
06/22/2023 17:00,3.099
06/22/2023 17:30,3.099
06/22/2023 18:00,3.099
06/22/2023 18:30,3.099
06/22/2023 19:00,3.099
06/22/2023 19:30,3.099
06/22/2023 20:00,3.099
06/22/2023 20:30,3.099
06/22/2023 21:00,3.099
06/22/2023 21:30,3.099
06/22/2023 22:00,3.099
06/22/2023 22:30,3.099
06/22/2023 23:00,3.099
06/22/2023 23:30,3.099
06/23/2023 00:00,3.099
06/23/2023 00:30,3.099
06/23/2023 01:00,3.099
06/23/2023 01:30,3.099
06/23/2023 02:00,3.099
06/23/2023 02:30,3.099
06/23/2023 03:00,3.099
06/23/2023 03:30,3.099
06/23/2023 04:00,3.099
06/23/2023 04:30,3.099
06/23/2023 05:00,3.099
06/23/2023 05:30,3.099
06/23/2023 06:00,3.099
06/23/2023 06:30,3.099
06/23/2023 07:00,3.099
06/23/2023 07:30,3.099
06/23/2023 08:00,3.099
06/23/2023 08:30,3.099
06/23/2023 09:00,3.099
06/23/2023 09:30,3.099
06/23/2023 10:00,3.099
06/23/2023 10:30,3.099
06/23/2023 11:00,3.099
06/23/2023 11:30,3.099
06/23/2023 12:00,3.099
06/23/2023 12:30,3.099
06/23/2023 13:00,3.099
06/23/2023 13:30,3.099
06/23/2023 14:00,3.099
06/23/2023 14:30,3.099
06/23/2023 15:00,3.099
06/23/2023 15:30,3.099
06/23/2023 16:00,3.099
06/23/2023 16:30,3.099
06/23/2023 17:00,3.099
06/23/2023 17:30,3.099
06/23/2023 18:00,3.099
06/23/2023 18:30,3.099
06/23/2023 19:00,3.099
06/23/2023 19:30,3.099
06/23/2023 20:00,3.099
06/23/2023 20:30,3.099
06/23/2023 21:00,3.099
06/23/2023 21:30,3.099
06/23/2023 22:00,3.099
06/23/2023 22:30,3.099
06/23/2023 23:00,3.099
06/23/2023 23:30,3.099
06/24/2023 00:00,2.915
06/24/2023 00:30,2.915
06/24/2023 01:00,2.915
06/24/2023 01:30,2.915
06/24/2023 02:00,2.915
06/24/2023 02:30,2.915
06/24/2023 03:00,2.915
06/24/2023 03:30,2.915
06/24/2023 04:00,2.915
06/24/2023 04:30,2.915
06/24/2023 05:00,2.915
06/24/2023 05:30,2.915
06/24/2023 06:00,2.915
06/24/2023 06:30,2.915
06/24/2023 07:00,2.915
06/24/2023 07:30,2.915
06/24/2023 08:00,2.915
06/24/2023 08:30,2.915
06/24/2023 09:00,2.915
06/24/2023 09:30,2.915
06/24/2023 10:00,2.915
06/24/2023 10:30,2.915
06/24/2023 11:00,2.915
06/24/2023 11:30,2.915
06/24/2023 12:00,2.915
06/24/2023 12:30,2.915
06/24/2023 13:00,2.915
06/24/2023 13:30,2.915
06/24/2023 14:00,2.915
06/24/2023 14:30,2.915
06/24/2023 15:00,2.915
06/24/2023 15:30,2.915
06/24/2023 16:00,2.915
06/24/2023 16:30,2.915
06/24/2023 17:00,2.915
06/24/2023 17:30,2.915
06/24/2023 18:00,2.915
06/24/2023 18:30,2.915
06/24/2023 19:00,2.915
06/24/2023 19:30,2.915
06/24/2023 20:00,2.915
06/24/2023 20:30,2.915
06/24/2023 21:00,2.915
06/24/2023 21:30,2.915
06/24/2023 22:00,2.915
06/24/2023 22:30,2.915
06/24/2023 23:00,2.915
06/24/2023 23:30,2.915
06/25/2023 00:00,0.0
06/25/2023 00:30,0.0
06/25/2023 01:00,0.0
06/25/2023 01:30,0.0
06/25/2023 02:00,0.0
06/25/2023 02:30,0.0
06/25/2023 03:00,0.0
06/25/2023 03:30,0.0
06/25/2023 04:00,0.0
06/25/2023 04:30,0.0
06/25/2023 05:00,0.0
06/25/2023 05:30,0.0
06/25/2023 06:00,0.0
06/25/2023 06:30,0.0
06/25/2023 07:00,0.0
06/25/2023 07:30,0.0
06/25/2023 08:00,0.0
06/25/2023 08:30,0.0
06/25/2023 09:00,0.0
06/25/2023 09:30,0.0
06/25/2023 10:00,0.0
06/25/2023 10:30,0.0
06/25/2023 11:00,0.0
06/25/2023 11:30,0.0
06/25/2023 12:00,0.0
06/25/2023 12:30,0.0
06/25/2023 13:00,0.0
06/25/2023 13:30,0.0
06/25/2023 14:00,0.0
06/25/2023 14:30,0.0
06/25/2023 15:00,0.0
06/25/2023 15:30,0.0
06/25/2023 16:00,0.0
06/25/2023 16:30,0.0
06/25/2023 17:00,0.0
06/25/2023 17:30,0.0
06/25/2023 18:00,0.0
06/25/2023 18:30,0.0
06/25/2023 19:00,0.0
06/25/2023 19:30,0.0
06/25/2023 20:00,0.0
06/25/2023 20:30,0.0
06/25/2023 21:00,0.0
06/25/2023 21:30,0.0
06/25/2023 22:00,0.0
06/25/2023 22:30,0.0
06/25/2023 23:00,0.0
06/25/2023 23:30,0.0
06/26/2023 00:00,2.558
06/26/2023 00:30,2.558
06/26/2023 01:00,2.558
06/26/2023 01:30,2.558
06/26/2023 02:00,2.558
06/26/2023 02:30,2.558
06/26/2023 03:00,2.558
06/26/2023 03:30,2.558
06/26/2023 04:00,2.558
06/26/2023 04:30,2.558
06/26/2023 05:00,2.558
06/26/2023 05:30,2.558
06/26/2023 06:00,2.558
06/26/2023 06:30,2.558
06/26/2023 07:00,2.558
06/26/2023 07:30,2.558
06/26/2023 08:00,2.558
06/26/2023 08:30,2.558
06/26/2023 09:00,2.558
06/26/2023 09:30,2.558
06/26/2023 10:00,2.558
06/26/2023 10:30,2.558
06/26/2023 11:00,2.558
06/26/2023 11:30,2.558
06/26/2023 12:00,2.558
06/26/2023 12:30,2.558
06/26/2023 13:00,2.558
06/26/2023 13:30,2.558
06/26/2023 14:00,2.558
06/26/2023 14:30,2.558
06/26/2023 15:00,2.558
06/26/2023 15:30,2.558
06/26/2023 16:00,2.558
06/26/2023 16:30,2.558
06/26/2023 17:00,2.558
06/26/2023 17:30,2.558
06/26/2023 18:00,2.558
06/26/2023 18:30,2.558
06/26/2023 19:00,2.558
06/26/2023 19:30,2.558
06/26/2023 20:00,2.558
06/26/2023 20:30,2.558
06/26/2023 21:00,2.558
06/26/2023 21:30,2.558
06/26/2023 22:00,2.558
06/26/2023 22:30,2.558
06/26/2023 23:00,2.558
06/26/2023 23:30,2.558
06/27/2023 00:00,2.558
06/27/2023 00:30,2.558
06/27/2023 01:00,2.558
06/27/2023 01:30,2.558
06/27/2023 02:00,2.558
06/27/2023 02:30,2.558
06/27/2023 03:00,2.558
06/27/2023 03:30,2.558
06/27/2023 04:00,2.558
06/27/2023 04:30,2.558
06/27/2023 05:00,2.558
06/27/2023 05:30,2.558
06/27/2023 06:00,2.558
06/27/2023 06:30,2.558
06/27/2023 07:00,2.558
06/27/2023 07:30,2.558
06/27/2023 08:00,2.558
06/27/2023 08:30,2.558
06/27/2023 09:00,2.558
06/27/2023 09:30,2.558
06/27/2023 10:00,2.558
06/27/2023 10:30,2.558
06/27/2023 11:00,2.558
06/27/2023 11:30,2.558
06/27/2023 12:00,2.558
06/27/2023 12:30,2.558
06/27/2023 13:00,2.558
06/27/2023 13:30,2.558
06/27/2023 14:00,2.558
06/27/2023 14:30,2.558
06/27/2023 15:00,2.558
06/27/2023 15:30,2.558
06/27/2023 16:00,2.558
06/27/2023 16:30,2.558
06/27/2023 17:00,2.558
06/27/2023 17:30,2.558
06/27/2023 18:00,2.558
06/27/2023 18:30,2.558
06/27/2023 19:00,2.558
06/27/2023 19:30,2.558
06/27/2023 20:00,2.558
06/27/2023 20:30,2.558
06/27/2023 21:00,2.558
06/27/2023 21:30,2.558
06/27/2023 22:00,2.558
06/27/2023 22:30,2.558
06/27/2023 23:00,2.558
06/27/2023 23:30,2.558
06/28/2023 00:00,2.217
06/28/2023 00:30,2.217
06/28/2023 01:00,2.217
06/28/2023 01:30,2.217
06/28/2023 02:00,2.217
06/28/2023 02:30,2.217
06/28/2023 03:00,2.217
06/28/2023 03:30,2.217
06/28/2023 04:00,2.217
06/28/2023 04:30,2.217
06/28/2023 05:00,2.217
06/28/2023 05:30,2.217
06/28/2023 06:00,2.217
06/28/2023 06:30,2.217
06/28/2023 07:00,2.217
06/28/2023 07:30,2.217
06/28/2023 08:00,2.217
06/28/2023 08:30,2.217
06/28/2023 09:00,2.217
06/28/2023 09:30,2.217
06/28/2023 10:00,2.217
06/28/2023 10:30,2.217
06/28/2023 11:00,2.217
06/28/2023 11:30,2.217
06/28/2023 12:00,2.217
06/28/2023 12:30,2.217
06/28/2023 13:00,2.217
06/28/2023 13:30,2.217
06/28/2023 14:00,2.217
06/28/2023 14:30,2.217
06/28/2023 15:00,2.217
06/28/2023 15:30,2.217
06/28/2023 16:00,2.217
06/28/2023 16:30,2.217
06/28/2023 17:00,2.217
06/28/2023 17:30,2.217
06/28/2023 18:00,2.217
06/28/2023 18:30,2.217
06/28/2023 19:00,2.217
06/28/2023 19:30,2.217
06/28/2023 20:00,2.217
06/28/2023 20:30,2.217
06/28/2023 21:00,2.217
06/28/2023 21:30,2.217
06/28/2023 22:00,2.217
06/28/2023 22:30,2.217
06/28/2023 23:00,2.217
06/28/2023 23:30,2.217
06/29/2023 00:00,2.217
06/29/2023 00:30,2.217
06/29/2023 01:00,2.217
06/29/2023 01:30,2.217
06/29/2023 02:00,2.217
06/29/2023 02:30,2.217
06/29/2023 03:00,2.217
06/29/2023 03:30,2.217
06/29/2023 04:00,2.217
06/29/2023 04:30,2.217
06/29/2023 05:00,2.217
06/29/2023 05:30,2.217
06/29/2023 06:00,2.217
06/29/2023 06:30,2.217
06/29/2023 07:00,2.217
06/29/2023 07:30,2.217
06/29/2023 08:00,2.217
06/29/2023 08:30,2.217
06/29/2023 09:00,2.217
06/29/2023 09:30,2.217
06/29/2023 10:00,2.217
06/29/2023 10:30,2.217
06/29/2023 11:00,2.217
06/29/2023 11:30,2.217
06/29/2023 12:00,2.217
06/29/2023 12:30,2.217
06/29/2023 13:00,2.217
06/29/2023 13:30,2.217
06/29/2023 14:00,2.217
06/29/2023 14:30,2.217
06/29/2023 15:00,2.217
06/29/2023 15:30,2.217
06/29/2023 16:00,2.217
06/29/2023 16:30,2.217
06/29/2023 17:00,2.217
06/29/2023 17:30,2.217
06/29/2023 18:00,2.217
06/29/2023 18:30,2.217
06/29/2023 19:00,2.217
06/29/2023 19:30,2.217
06/29/2023 20:00,2.217
06/29/2023 20:30,2.217
06/29/2023 21:00,2.217
06/29/2023 21:30,2.217
06/29/2023 22:00,2.217
06/29/2023 22:30,2.217
06/29/2023 23:00,2.217
06/29/2023 23:30,2.217
06/30/2023 00:00,2.053
06/30/2023 00:30,2.053
06/30/2023 01:00,2.053
06/30/2023 01:30,2.053
06/30/2023 02:00,2.053
06/30/2023 02:30,2.053
06/30/2023 03:00,2.053
06/30/2023 03:30,2.053
06/30/2023 04:00,2.053
06/30/2023 04:30,2.053
06/30/2023 05:00,2.053
06/30/2023 05:30,2.053
06/30/2023 06:00,2.053
06/30/2023 06:30,2.053
06/30/2023 07:00,2.053
06/30/2023 07:30,2.053
06/30/2023 08:00,2.053
06/30/2023 08:30,2.053
06/30/2023 09:00,2.053
06/30/2023 09:30,2.053
06/30/2023 10:00,2.053
06/30/2023 10:30,2.053
06/30/2023 11:00,2.053
06/30/2023 11:30,2.053
06/30/2023 12:00,2.053
06/30/2023 12:30,2.053
06/30/2023 13:00,2.053
06/30/2023 13:30,2.053
06/30/2023 14:00,2.053
06/30/2023 14:30,2.053
06/30/2023 15:00,2.053
06/30/2023 15:30,2.053
06/30/2023 16:00,2.053
06/30/2023 16:30,2.053
06/30/2023 17:00,2.053
06/30/2023 17:30,2.053
06/30/2023 18:00,2.053
06/30/2023 18:30,2.053
06/30/2023 19:00,2.053
06/30/2023 19:30,2.053
06/30/2023 20:00,2.053
06/30/2023 20:30,2.053
06/30/2023 21:00,2.053
06/30/2023 21:30,2.053
06/30/2023 22:00,2.053
06/30/2023 22:30,2.053
06/30/2023 23:00,2.053
06/30/2023 23:30,2.053
07/01/2023 00:00,1.738
07/01/2023 00:30,1.738
07/01/2023 01:00,1.738
07/01/2023 01:30,1.738
07/01/2023 02:00,1.738
07/01/2023 02:30,1.738
07/01/2023 03:00,1.738
07/01/2023 03:30,1.738
07/01/2023 04:00,1.738
07/01/2023 04:30,1.738
07/01/2023 05:00,1.738
07/01/2023 05:30,1.738
07/01/2023 06:00,1.738
07/01/2023 06:30,1.738
07/01/2023 07:00,1.738
07/01/2023 07:30,1.738
07/01/2023 08:00,1.738
07/01/2023 08:30,1.738
07/01/2023 09:00,1.738
07/01/2023 09:30,1.738
07/01/2023 10:00,1.738
07/01/2023 10:30,1.738
07/01/2023 11:00,1.738
07/01/2023 11:30,1.738
07/01/2023 12:00,1.738
07/01/2023 12:30,1.738
07/01/2023 13:00,1.738
07/01/2023 13:30,1.738
07/01/2023 14:00,1.738
07/01/2023 14:30,1.738
07/01/2023 15:00,1.738
07/01/2023 15:30,1.738
07/01/2023 16:00,1.738
07/01/2023 16:30,1.738
07/01/2023 17:00,1.738
07/01/2023 17:30,1.738
07/01/2023 18:00,1.738
07/01/2023 18:30,1.738
07/01/2023 19:00,1.738
07/01/2023 19:30,1.738
07/01/2023 20:00,1.738
07/01/2023 20:30,1.738
07/01/2023 21:00,1.738
07/01/2023 21:30,1.738
07/01/2023 22:00,1.738
07/01/2023 22:30,1.738
07/01/2023 23:00,1.738
07/01/2023 23:30,1.738
07/02/2023 00:00,1.738
07/02/2023 00:30,1.738
07/02/2023 01:00,1.738
07/02/2023 01:30,1.738
07/02/2023 02:00,1.738
07/02/2023 02:30,1.738
07/02/2023 03:00,1.738
07/02/2023 03:30,1.738
07/02/2023 04:00,1.738
07/02/2023 04:30,1.738
07/02/2023 05:00,1.738
07/02/2023 05:30,1.738
07/02/2023 06:00,1.738
07/02/2023 06:30,1.738
07/02/2023 07:00,1.738
07/02/2023 07:30,1.738
07/02/2023 08:00,1.738
07/02/2023 08:30,1.738
07/02/2023 09:00,1.738
07/02/2023 09:30,1.738
07/02/2023 10:00,1.738
07/02/2023 10:30,1.738
07/02/2023 11:00,1.738
07/02/2023 11:30,1.738
07/02/2023 12:00,1.738
07/02/2023 12:30,1.738
07/02/2023 13:00,1.738
07/02/2023 13:30,1.738
07/02/2023 14:00,1.738
07/02/2023 14:30,1.738
07/02/2023 15:00,1.738
07/02/2023 15:30,1.738
07/02/2023 16:00,1.738
07/02/2023 16:30,1.738
07/02/2023 17:00,1.738
07/02/2023 17:30,1.738
07/02/2023 18:00,1.738
07/02/2023 18:30,1.738
07/02/2023 19:00,1.738
07/02/2023 19:30,1.738
07/02/2023 20:00,1.738
07/02/2023 20:30,1.738
07/02/2023 21:00,1.738
07/02/2023 21:30,1.738
07/02/2023 22:00,1.738
07/02/2023 22:30,1.738
07/02/2023 23:00,1.738
07/02/2023 23:30,1.738
07/03/2023 00:00,1.587
07/03/2023 00:30,1.587
07/03/2023 01:00,1.587
07/03/2023 01:30,1.587
07/03/2023 02:00,1.587
07/03/2023 02:30,1.587
07/03/2023 03:00,1.587
07/03/2023 03:30,1.587
07/03/2023 04:00,1.587
07/03/2023 04:30,1.587
07/03/2023 05:00,1.587
07/03/2023 05:30,1.587
07/03/2023 06:00,1.587
07/03/2023 06:30,1.587
07/03/2023 07:00,1.587
07/03/2023 07:30,1.587
07/03/2023 08:00,1.587
07/03/2023 08:30,1.587
07/03/2023 09:00,1.587
07/03/2023 09:30,1.587
07/03/2023 10:00,1.587
07/03/2023 10:30,1.587
07/03/2023 11:00,1.587
07/03/2023 11:30,1.587
07/03/2023 12:00,1.587
07/03/2023 12:30,1.587
07/03/2023 13:00,1.587
07/03/2023 13:30,1.587
07/03/2023 14:00,1.587
07/03/2023 14:30,1.587
07/03/2023 15:00,1.587
07/03/2023 15:30,1.587
07/03/2023 16:00,1.587
07/03/2023 16:30,1.587
07/03/2023 17:00,1.587
07/03/2023 17:30,1.587
07/03/2023 18:00,1.587
07/03/2023 18:30,1.587
07/03/2023 19:00,1.587
07/03/2023 19:30,1.587
07/03/2023 20:00,1.587
07/03/2023 20:30,1.587
07/03/2023 21:00,1.587
07/03/2023 21:30,1.587
07/03/2023 22:00,1.587
07/03/2023 22:30,1.587
07/03/2023 23:00,1.587
07/03/2023 23:30,1.587
07/04/2023 00:00,1.893
07/04/2023 00:30,1.893
07/04/2023 01:00,1.893
07/04/2023 01:30,1.893
07/04/2023 02:00,1.893
07/04/2023 02:30,1.893
07/04/2023 03:00,1.893
07/04/2023 03:30,1.893
07/04/2023 04:00,1.893
07/04/2023 04:30,1.893
07/04/2023 05:00,1.893
07/04/2023 05:30,1.893
07/04/2023 06:00,1.893
07/04/2023 06:30,1.893
07/04/2023 07:00,1.893
07/04/2023 07:30,1.893
07/04/2023 08:00,1.893
07/04/2023 08:30,1.893
07/04/2023 09:00,1.893
07/04/2023 09:30,1.893
07/04/2023 10:00,1.893
07/04/2023 10:30,1.893
07/04/2023 11:00,1.893
07/04/2023 11:30,1.893
07/04/2023 12:00,1.893
07/04/2023 12:30,1.893
07/04/2023 13:00,1.893
07/04/2023 13:30,1.893
07/04/2023 14:00,1.893
07/04/2023 14:30,1.893
07/04/2023 15:00,1.893
07/04/2023 15:30,1.893
07/04/2023 16:00,1.893
07/04/2023 16:30,1.893
07/04/2023 17:00,1.893
07/04/2023 17:30,1.893
07/04/2023 18:00,1.893
07/04/2023 18:30,1.893
07/04/2023 19:00,1.893
07/04/2023 19:30,1.893
07/04/2023 20:00,1.893
07/04/2023 20:30,1.893
07/04/2023 21:00,1.893
07/04/2023 21:30,1.893
07/04/2023 22:00,1.893
07/04/2023 22:30,1.893
07/04/2023 23:00,1.893
07/04/2023 23:30,1.893
07/05/2023 00:00,1.893
07/05/2023 00:30,1.893
07/05/2023 01:00,1.893
07/05/2023 01:30,1.893
07/05/2023 02:00,1.893
07/05/2023 02:30,1.893
07/05/2023 03:00,1.893
07/05/2023 03:30,1.893
07/05/2023 04:00,1.893
07/05/2023 04:30,1.893
07/05/2023 05:00,1.893
07/05/2023 05:30,1.893
07/05/2023 06:00,1.893
07/05/2023 06:30,1.893
07/05/2023 07:00,1.893
07/05/2023 07:30,1.893
07/05/2023 08:00,1.893
07/05/2023 08:30,1.893
07/05/2023 09:00,1.893
07/05/2023 09:30,1.893
07/05/2023 10:00,1.893
07/05/2023 10:30,1.893
07/05/2023 11:00,1.893
07/05/2023 11:30,1.893
07/05/2023 12:00,1.893
07/05/2023 12:30,1.893
07/05/2023 13:00,1.893
07/05/2023 13:30,1.893
07/05/2023 14:00,1.893
07/05/2023 14:30,1.893
07/05/2023 15:00,1.893
07/05/2023 15:30,1.893
07/05/2023 16:00,1.893
07/05/2023 16:30,1.893
07/05/2023 17:00,1.893
07/05/2023 17:30,1.893
07/05/2023 18:00,1.893
07/05/2023 18:30,1.893
07/05/2023 19:00,1.893
07/05/2023 19:30,1.893
07/05/2023 20:00,1.893
07/05/2023 20:30,1.893
07/05/2023 21:00,1.893
07/05/2023 21:30,1.893
07/05/2023 22:00,1.893
07/05/2023 22:30,1.893
07/05/2023 23:00,1.893
07/05/2023 23:30,1.893
07/06/2023 00:00,1.738
07/06/2023 00:30,1.738
07/06/2023 01:00,1.738
07/06/2023 01:30,1.738
07/06/2023 02:00,1.738
07/06/2023 02:30,1.738
07/06/2023 03:00,1.738
07/06/2023 03:30,1.738
07/06/2023 04:00,1.738
07/06/2023 04:30,1.738
07/06/2023 05:00,1.738
07/06/2023 05:30,1.738
07/06/2023 06:00,1.738
07/06/2023 06:30,1.738
07/06/2023 07:00,1.738
07/06/2023 07:30,1.738
07/06/2023 08:00,1.738
07/06/2023 08:30,1.738
07/06/2023 09:00,1.738
07/06/2023 09:30,1.738
07/06/2023 10:00,1.738
07/06/2023 10:30,1.738
07/06/2023 11:00,1.738
07/06/2023 11:30,1.738
07/06/2023 12:00,1.738
07/06/2023 12:30,1.738
07/06/2023 13:00,1.738
07/06/2023 13:30,1.738
07/06/2023 14:00,1.738
07/06/2023 14:30,1.738
07/06/2023 15:00,1.738
07/06/2023 15:30,1.738
07/06/2023 16:00,1.738
07/06/2023 16:30,1.738
07/06/2023 17:00,1.738
07/06/2023 17:30,1.738
07/06/2023 18:00,1.738
07/06/2023 18:30,1.738
07/06/2023 19:00,1.738
07/06/2023 19:30,1.738
07/06/2023 20:00,1.738
07/06/2023 20:30,1.738
07/06/2023 21:00,1.738
07/06/2023 21:30,1.738
07/06/2023 22:00,1.738
07/06/2023 22:30,1.738
07/06/2023 23:00,1.738
07/06/2023 23:30,1.738
07/07/2023 00:00,1.738
07/07/2023 00:30,1.738
07/07/2023 01:00,1.738
07/07/2023 01:30,1.738
07/07/2023 02:00,1.738
07/07/2023 02:30,1.738
07/07/2023 03:00,1.738
07/07/2023 03:30,1.738
07/07/2023 04:00,1.738
07/07/2023 04:30,1.738
07/07/2023 05:00,1.738
07/07/2023 05:30,1.738
07/07/2023 06:00,1.738
07/07/2023 06:30,1.738
07/07/2023 07:00,1.738
07/07/2023 07:30,1.738
07/07/2023 08:00,1.738
07/07/2023 08:30,1.738
07/07/2023 09:00,1.738
07/07/2023 09:30,1.738
07/07/2023 10:00,1.738
07/07/2023 10:30,1.738
07/07/2023 11:00,1.738
07/07/2023 11:30,1.738
07/07/2023 12:00,1.738
07/07/2023 12:30,1.738
07/07/2023 13:00,1.738
07/07/2023 13:30,1.738
07/07/2023 14:00,1.738
07/07/2023 14:30,1.738
07/07/2023 15:00,1.738
07/07/2023 15:30,1.738
07/07/2023 16:00,1.738
07/07/2023 16:30,1.738
07/07/2023 17:00,1.738
07/07/2023 17:30,1.738
07/07/2023 18:00,1.738
07/07/2023 18:30,1.738
07/07/2023 19:00,1.738
07/07/2023 19:30,1.738
07/07/2023 20:00,1.738
07/07/2023 20:30,1.738
07/07/2023 21:00,1.738
07/07/2023 21:30,1.738
07/07/2023 22:00,1.738
07/07/2023 22:30,1.738
07/07/2023 23:00,1.738
07/07/2023 23:30,1.738
07/08/2023 00:00,1.738
07/08/2023 00:30,1.738
07/08/2023 01:00,1.738
07/08/2023 01:30,1.738
07/08/2023 02:00,1.738
07/08/2023 02:30,1.738
07/08/2023 03:00,1.738
07/08/2023 03:30,1.738
07/08/2023 04:00,1.738
07/08/2023 04:30,1.738
07/08/2023 05:00,1.738
07/08/2023 05:30,1.738
07/08/2023 06:00,1.738
07/08/2023 06:30,1.738
07/08/2023 07:00,1.738
07/08/2023 07:30,1.738
07/08/2023 08:00,1.738
07/08/2023 08:30,1.738
07/08/2023 09:00,1.738
07/08/2023 09:30,1.738
07/08/2023 10:00,1.738
07/08/2023 10:30,1.738
07/08/2023 11:00,1.738
07/08/2023 11:30,1.738
07/08/2023 12:00,1.738
07/08/2023 12:30,1.738
07/08/2023 13:00,1.738
07/08/2023 13:30,1.738
07/08/2023 14:00,1.738
07/08/2023 14:30,1.738
07/08/2023 15:00,1.738
07/08/2023 15:30,1.738
07/08/2023 16:00,1.738
07/08/2023 16:30,1.738
07/08/2023 17:00,1.738
07/08/2023 17:30,1.738
07/08/2023 18:00,1.738
07/08/2023 18:30,1.738
07/08/2023 19:00,1.738
07/08/2023 19:30,1.738
07/08/2023 20:00,1.738
07/08/2023 20:30,1.738
07/08/2023 21:00,1.738
07/08/2023 21:30,1.738
07/08/2023 22:00,1.738
07/08/2023 22:30,1.738
07/08/2023 23:00,1.738
07/08/2023 23:30,1.738
07/09/2023 00:00,1.587
07/09/2023 00:30,1.587
07/09/2023 01:00,1.587
07/09/2023 01:30,1.587
07/09/2023 02:00,1.587
07/09/2023 02:30,1.587
07/09/2023 03:00,1.587
07/09/2023 03:30,1.587
07/09/2023 04:00,1.587
07/09/2023 04:30,1.587
07/09/2023 05:00,1.587
07/09/2023 05:30,1.587
07/09/2023 06:00,1.587
07/09/2023 06:30,1.587
07/09/2023 07:00,1.587
07/09/2023 07:30,1.587
07/09/2023 08:00,1.587
07/09/2023 08:30,1.587
07/09/2023 09:00,1.587
07/09/2023 09:30,1.587
07/09/2023 10:00,1.587
07/09/2023 10:30,1.587
07/09/2023 11:00,1.587
07/09/2023 11:30,1.587
07/09/2023 12:00,1.587
07/09/2023 12:30,1.587
07/09/2023 13:00,1.587
07/09/2023 13:30,1.587
07/09/2023 14:00,1.587
07/09/2023 14:30,1.587
07/09/2023 15:00,1.587
07/09/2023 15:30,1.587
07/09/2023 16:00,1.587
07/09/2023 16:30,1.587
07/09/2023 17:00,1.587
07/09/2023 17:30,1.587
07/09/2023 18:00,1.587
07/09/2023 18:30,1.587
07/09/2023 19:00,1.587
07/09/2023 19:30,1.587
07/09/2023 20:00,1.587
07/09/2023 20:30,1.587
07/09/2023 21:00,1.587
07/09/2023 21:30,1.587
07/09/2023 22:00,1.587
07/09/2023 22:30,1.587
07/09/2023 23:00,1.587
07/09/2023 23:30,1.587
07/10/2023 00:00,1.44
07/10/2023 00:30,1.44
07/10/2023 01:00,1.44
07/10/2023 01:30,1.44
07/10/2023 02:00,1.44
07/10/2023 02:30,1.44
07/10/2023 03:00,1.44
07/10/2023 03:30,1.44
07/10/2023 04:00,1.44
07/10/2023 04:30,1.44
07/10/2023 05:00,1.44
07/10/2023 05:30,1.44
07/10/2023 06:00,1.44
07/10/2023 06:30,1.44
07/10/2023 07:00,1.44
07/10/2023 07:30,1.44
07/10/2023 08:00,1.44
07/10/2023 08:30,1.44
07/10/2023 09:00,1.44
07/10/2023 09:30,1.44
07/10/2023 10:00,1.44
07/10/2023 10:30,1.44
07/10/2023 11:00,1.44
07/10/2023 11:30,1.44
07/10/2023 12:00,1.44
07/10/2023 12:30,1.44
07/10/2023 13:00,1.44
07/10/2023 13:30,1.44
07/10/2023 14:00,1.44
07/10/2023 14:30,1.44
07/10/2023 15:00,1.44
07/10/2023 15:30,1.44
07/10/2023 16:00,1.44
07/10/2023 16:30,1.44
07/10/2023 17:00,1.44
07/10/2023 17:30,1.44
07/10/2023 18:00,1.44
07/10/2023 18:30,1.44
07/10/2023 19:00,1.44
07/10/2023 19:30,1.44
07/10/2023 20:00,1.44
07/10/2023 20:30,1.44
07/10/2023 21:00,1.44
07/10/2023 21:30,1.44
07/10/2023 22:00,1.44
07/10/2023 22:30,1.44
07/10/2023 23:00,1.44
07/10/2023 23:30,1.44
07/11/2023 00:00,1.299
07/11/2023 00:30,1.299
07/11/2023 01:00,1.299
07/11/2023 01:30,1.299
07/11/2023 02:00,1.299
07/11/2023 02:30,1.299
07/11/2023 03:00,1.299
07/11/2023 03:30,1.299
07/11/2023 04:00,1.299
07/11/2023 04:30,1.299
07/11/2023 05:00,1.299
07/11/2023 05:30,1.299
07/11/2023 06:00,1.299
07/11/2023 06:30,1.299
07/11/2023 07:00,1.299
07/11/2023 07:30,1.299
07/11/2023 08:00,1.299
07/11/2023 08:30,1.299
07/11/2023 09:00,1.299
07/11/2023 09:30,1.299
07/11/2023 10:00,1.299
07/11/2023 10:30,1.299
07/11/2023 11:00,1.299
07/11/2023 11:30,1.299
07/11/2023 12:00,1.299
07/11/2023 12:30,1.299
07/11/2023 13:00,1.299
07/11/2023 13:30,1.299
07/11/2023 14:00,1.299
07/11/2023 14:30,1.299
07/11/2023 15:00,1.299
07/11/2023 15:30,1.299
07/11/2023 16:00,1.299
07/11/2023 16:30,1.299
07/11/2023 17:00,1.299
07/11/2023 17:30,1.299
07/11/2023 18:00,1.299
07/11/2023 18:30,1.299
07/11/2023 19:00,1.299
07/11/2023 19:30,1.299
07/11/2023 20:00,1.299
07/11/2023 20:30,1.299
07/11/2023 21:00,1.299
07/11/2023 21:30,1.299
07/11/2023 22:00,1.299
07/11/2023 22:30,1.299
07/11/2023 23:00,1.299
07/11/2023 23:30,1.299
07/12/2023 00:00,1.299
07/12/2023 00:30,1.299
07/12/2023 01:00,1.299
07/12/2023 01:30,1.299
07/12/2023 02:00,1.299
07/12/2023 02:30,1.299
07/12/2023 03:00,1.299
07/12/2023 03:30,1.299
07/12/2023 04:00,1.299
07/12/2023 04:30,1.299
07/12/2023 05:00,1.299
07/12/2023 05:30,1.299
07/12/2023 06:00,1.299
07/12/2023 06:30,1.299
07/12/2023 07:00,1.299
07/12/2023 07:30,1.299
07/12/2023 08:00,1.299
07/12/2023 08:30,1.299
07/12/2023 09:00,1.299
07/12/2023 09:30,1.299
07/12/2023 10:00,1.299
07/12/2023 10:30,1.299
07/12/2023 11:00,1.299
07/12/2023 11:30,1.299
07/12/2023 12:00,1.299
07/12/2023 12:30,1.299
07/12/2023 13:00,1.299
07/12/2023 13:30,1.299
07/12/2023 14:00,1.299
07/12/2023 14:30,1.299
07/12/2023 15:00,1.299
07/12/2023 15:30,1.299
07/12/2023 16:00,1.299
07/12/2023 16:30,1.299
07/12/2023 17:00,1.299
07/12/2023 17:30,1.299
07/12/2023 18:00,1.299
07/12/2023 18:30,1.299
07/12/2023 19:00,1.299
07/12/2023 19:30,1.299
07/12/2023 20:00,1.299
07/12/2023 20:30,1.299
07/12/2023 21:00,1.299
07/12/2023 21:30,1.299
07/12/2023 22:00,1.299
07/12/2023 22:30,1.299
07/12/2023 23:00,1.299
07/12/2023 23:30,1.299
07/13/2023 00:00,0.0
07/13/2023 00:30,0.0
07/13/2023 01:00,0.0
07/13/2023 01:30,0.0
07/13/2023 02:00,0.0
07/13/2023 02:30,0.0
07/13/2023 03:00,0.0
07/13/2023 03:30,0.0
07/13/2023 04:00,0.0
07/13/2023 04:30,0.0
07/13/2023 05:00,0.0
07/13/2023 05:30,0.0
07/13/2023 06:00,0.0
07/13/2023 06:30,0.0
07/13/2023 07:00,0.0
07/13/2023 07:30,0.0
07/13/2023 08:00,0.0
07/13/2023 08:30,0.0
07/13/2023 09:00,0.0
07/13/2023 09:30,0.0
07/13/2023 10:00,0.0
07/13/2023 10:30,0.0
07/13/2023 11:00,0.0
07/13/2023 11:30,0.0
07/13/2023 12:00,0.0
07/13/2023 12:30,0.0
07/13/2023 13:00,0.0
07/13/2023 13:30,0.0
07/13/2023 14:00,0.0
07/13/2023 14:30,0.0
07/13/2023 15:00,0.0
07/13/2023 15:30,0.0
07/13/2023 16:00,0.0
07/13/2023 16:30,0.0
07/13/2023 17:00,0.0
07/13/2023 17:30,0.0
07/13/2023 18:00,0.0
07/13/2023 18:30,0.0
07/13/2023 19:00,0.0
07/13/2023 19:30,0.0
07/13/2023 20:00,0.0
07/13/2023 20:30,0.0
07/13/2023 21:00,0.0
07/13/2023 21:30,0.0
07/13/2023 22:00,0.0
07/13/2023 22:30,0.0
07/13/2023 23:00,0.0
07/13/2023 23:30,0.0
07/14/2023 00:00,1.162
07/14/2023 00:30,1.162
07/14/2023 01:00,1.162
07/14/2023 01:30,1.162
07/14/2023 02:00,1.162
07/14/2023 02:30,1.162
07/14/2023 03:00,1.162
07/14/2023 03:30,1.162
07/14/2023 04:00,1.162
07/14/2023 04:30,1.162
07/14/2023 05:00,1.162
07/14/2023 05:30,1.162
07/14/2023 06:00,1.162
07/14/2023 06:30,1.162
07/14/2023 07:00,1.162
07/14/2023 07:30,1.162
07/14/2023 08:00,1.162
07/14/2023 08:30,1.162
07/14/2023 09:00,1.162
07/14/2023 09:30,1.162
07/14/2023 10:00,1.162
07/14/2023 10:30,1.162
07/14/2023 11:00,1.162
07/14/2023 11:30,1.162
07/14/2023 12:00,1.162
07/14/2023 12:30,1.162
07/14/2023 13:00,1.162
07/14/2023 13:30,1.162
07/14/2023 14:00,1.162
07/14/2023 14:30,1.162
07/14/2023 15:00,1.162
07/14/2023 15:30,1.162
07/14/2023 16:00,1.162
07/14/2023 16:30,1.162
07/14/2023 17:00,1.162
07/14/2023 17:30,1.162
07/14/2023 18:00,1.162
07/14/2023 18:30,1.162
07/14/2023 19:00,1.162
07/14/2023 19:30,1.162
07/14/2023 20:00,1.162
07/14/2023 20:30,1.162
07/14/2023 21:00,1.162
07/14/2023 21:30,1.162
07/14/2023 22:00,1.162
07/14/2023 22:30,1.162
07/14/2023 23:00,1.162
07/14/2023 23:30,1.162
07/15/2023 00:00,1.162
07/15/2023 00:30,1.162
07/15/2023 01:00,1.162
07/15/2023 01:30,1.162
07/15/2023 02:00,1.162
07/15/2023 02:30,1.162
07/15/2023 03:00,1.162
07/15/2023 03:30,1.162
07/15/2023 04:00,1.162
07/15/2023 04:30,1.162
07/15/2023 05:00,1.162
07/15/2023 05:30,1.162
07/15/2023 06:00,1.162
07/15/2023 06:30,1.162
07/15/2023 07:00,1.162
07/15/2023 07:30,1.162
07/15/2023 08:00,1.162
07/15/2023 08:30,1.162
07/15/2023 09:00,1.162
07/15/2023 09:30,1.162
07/15/2023 10:00,1.162
07/15/2023 10:30,1.162
07/15/2023 11:00,1.162
07/15/2023 11:30,1.162
07/15/2023 12:00,1.162
07/15/2023 12:30,1.162
07/15/2023 13:00,1.162
07/15/2023 13:30,1.162
07/15/2023 14:00,1.162
07/15/2023 14:30,1.162
07/15/2023 15:00,1.162
07/15/2023 15:30,1.162
07/15/2023 16:00,1.162
07/15/2023 16:30,1.162
07/15/2023 17:00,1.162
07/15/2023 17:30,1.162
07/15/2023 18:00,1.162
07/15/2023 18:30,1.162
07/15/2023 19:00,1.162
07/15/2023 19:30,1.162
07/15/2023 20:00,1.162
07/15/2023 20:30,1.162
07/15/2023 21:00,1.162
07/15/2023 21:30,1.162
07/15/2023 22:00,1.162
07/15/2023 22:30,1.162
07/15/2023 23:00,1.162
07/15/2023 23:30,1.162
07/16/2023 00:00,0.904
07/16/2023 00:30,0.904
07/16/2023 01:00,0.904
07/16/2023 01:30,0.904
07/16/2023 02:00,0.904
07/16/2023 02:30,0.904
07/16/2023 03:00,0.904
07/16/2023 03:30,0.904
07/16/2023 04:00,0.904
07/16/2023 04:30,0.904
07/16/2023 05:00,0.904
07/16/2023 05:30,0.904
07/16/2023 06:00,0.904
07/16/2023 06:30,0.904
07/16/2023 07:00,0.904
07/16/2023 07:30,0.904
07/16/2023 08:00,0.904
07/16/2023 08:30,0.904
07/16/2023 09:00,0.904
07/16/2023 09:30,0.904
07/16/2023 10:00,0.904
07/16/2023 10:30,0.904
07/16/2023 11:00,0.904
07/16/2023 11:30,0.904
07/16/2023 12:00,0.904
07/16/2023 12:30,0.904
07/16/2023 13:00,0.904
07/16/2023 13:30,0.904
07/16/2023 14:00,0.904
07/16/2023 14:30,0.904
07/16/2023 15:00,0.904
07/16/2023 15:30,0.904
07/16/2023 16:00,0.904
07/16/2023 16:30,0.904
07/16/2023 17:00,0.904
07/16/2023 17:30,0.904
07/16/2023 18:00,0.904
07/16/2023 18:30,0.904
07/16/2023 19:00,0.904
07/16/2023 19:30,0.904
07/16/2023 20:00,0.904
07/16/2023 20:30,0.904
07/16/2023 21:00,0.904
07/16/2023 21:30,0.904
07/16/2023 22:00,0.904
07/16/2023 22:30,0.904
07/16/2023 23:00,0.904
07/16/2023 23:30,0.904
07/17/2023 00:00,0.784
07/17/2023 00:30,0.784
07/17/2023 01:00,0.784
07/17/2023 01:30,0.784
07/17/2023 02:00,0.784
07/17/2023 02:30,0.784
07/17/2023 03:00,0.784
07/17/2023 03:30,0.784
07/17/2023 04:00,0.784
07/17/2023 04:30,0.784
07/17/2023 05:00,0.784
07/17/2023 05:30,0.784
07/17/2023 06:00,0.784
07/17/2023 06:30,0.784
07/17/2023 07:00,0.784
07/17/2023 07:30,0.784
07/17/2023 08:00,0.784
07/17/2023 08:30,0.784
07/17/2023 09:00,0.784
07/17/2023 09:30,0.784
07/17/2023 10:00,0.784
07/17/2023 10:30,0.784
07/17/2023 11:00,0.784
07/17/2023 11:30,0.784
07/17/2023 12:00,0.784
07/17/2023 12:30,0.784
07/17/2023 13:00,0.784
07/17/2023 13:30,0.784
07/17/2023 14:00,0.784
07/17/2023 14:30,0.784
07/17/2023 15:00,0.784
07/17/2023 15:30,0.784
07/17/2023 16:00,0.784
07/17/2023 16:30,0.784
07/17/2023 17:00,0.784
07/17/2023 17:30,0.784
07/17/2023 18:00,0.784
07/17/2023 18:30,0.784
07/17/2023 19:00,0.784
07/17/2023 19:30,0.784
07/17/2023 20:00,0.784
07/17/2023 20:30,0.784
07/17/2023 21:00,0.784
07/17/2023 21:30,0.784
07/17/2023 22:00,0.784
07/17/2023 22:30,0.784
07/17/2023 23:00,0.784
07/17/2023 23:30,0.784
07/18/2023 00:00,0.789
07/18/2023 00:30,0.789
07/18/2023 01:00,0.789
07/18/2023 01:30,0.789
07/18/2023 02:00,0.789
07/18/2023 02:30,0.789
07/18/2023 03:00,0.789
07/18/2023 03:30,0.789
07/18/2023 04:00,0.789
07/18/2023 04:30,0.789
07/18/2023 05:00,0.789
07/18/2023 05:30,0.789
07/18/2023 06:00,0.789
07/18/2023 06:30,0.789
07/18/2023 07:00,0.789
07/18/2023 07:30,0.789
07/18/2023 08:00,0.789
07/18/2023 08:30,0.789
07/18/2023 09:00,0.789
07/18/2023 09:30,0.789
07/18/2023 10:00,0.789
07/18/2023 10:30,0.789
07/18/2023 11:00,0.789
07/18/2023 11:30,0.789
07/18/2023 12:00,0.789
07/18/2023 12:30,0.789
07/18/2023 13:00,0.789
07/18/2023 13:30,0.789
07/18/2023 14:00,0.789
07/18/2023 14:30,0.789
07/18/2023 15:00,0.789
07/18/2023 15:30,0.789
07/18/2023 16:00,0.789
07/18/2023 16:30,0.789
07/18/2023 17:00,0.789
07/18/2023 17:30,0.789
07/18/2023 18:00,0.789
07/18/2023 18:30,0.789
07/18/2023 19:00,0.789
07/18/2023 19:30,0.789
07/18/2023 20:00,0.789
07/18/2023 20:30,0.789
07/18/2023 21:00,0.789
07/18/2023 21:30,0.789
07/18/2023 22:00,0.789
07/18/2023 22:30,0.789
07/18/2023 23:00,0.789
07/18/2023 23:30,0.789
07/19/2023 00:00,0.784
07/19/2023 00:30,0.784
07/19/2023 01:00,0.784
07/19/2023 01:30,0.784
07/19/2023 02:00,0.784
07/19/2023 02:30,0.784
07/19/2023 03:00,0.784
07/19/2023 03:30,0.784
07/19/2023 04:00,0.784
07/19/2023 04:30,0.784
07/19/2023 05:00,0.784
07/19/2023 05:30,0.784
07/19/2023 06:00,0.784
07/19/2023 06:30,0.784
07/19/2023 07:00,0.784
07/19/2023 07:30,0.784
07/19/2023 08:00,0.784
07/19/2023 08:30,0.784
07/19/2023 09:00,0.784
07/19/2023 09:30,0.784
07/19/2023 10:00,0.784
07/19/2023 10:30,0.784
07/19/2023 11:00,0.784
07/19/2023 11:30,0.784
07/19/2023 12:00,0.784
07/19/2023 12:30,0.784
07/19/2023 13:00,0.784
07/19/2023 13:30,0.784
07/19/2023 14:00,0.784
07/19/2023 14:30,0.784
07/19/2023 15:00,0.784
07/19/2023 15:30,0.784
07/19/2023 16:00,0.784
07/19/2023 16:30,0.784
07/19/2023 17:00,0.784
07/19/2023 17:30,0.784
07/19/2023 18:00,0.784
07/19/2023 18:30,0.784
07/19/2023 19:00,0.784
07/19/2023 19:30,0.784
07/19/2023 20:00,0.784
07/19/2023 20:30,0.784
07/19/2023 21:00,0.784
07/19/2023 21:30,0.784
07/19/2023 22:00,0.784
07/19/2023 22:30,0.784
07/19/2023 23:00,0.784
07/19/2023 23:30,0.784
07/20/2023 00:00,0.78
07/20/2023 00:30,0.78
07/20/2023 01:00,0.78
07/20/2023 01:30,0.78
07/20/2023 02:00,0.78
07/20/2023 02:30,0.78
07/20/2023 03:00,0.78
07/20/2023 03:30,0.78
07/20/2023 04:00,0.78
07/20/2023 04:30,0.78
07/20/2023 05:00,0.78
07/20/2023 05:30,0.78
07/20/2023 06:00,0.78
07/20/2023 06:30,0.78
07/20/2023 07:00,0.78
07/20/2023 07:30,0.78
07/20/2023 08:00,0.78
07/20/2023 08:30,0.78
07/20/2023 09:00,0.78
07/20/2023 09:30,0.78
07/20/2023 10:00,0.78
07/20/2023 10:30,0.78
07/20/2023 11:00,0.78
07/20/2023 11:30,0.78
07/20/2023 12:00,0.78
07/20/2023 12:30,0.78
07/20/2023 13:00,0.78
07/20/2023 13:30,0.78
07/20/2023 14:00,0.78
07/20/2023 14:30,0.78
07/20/2023 15:00,0.78
07/20/2023 15:30,0.78
07/20/2023 16:00,0.78
07/20/2023 16:30,0.78
07/20/2023 17:00,0.78
07/20/2023 17:30,0.78
07/20/2023 18:00,0.78
07/20/2023 18:30,0.78
07/20/2023 19:00,0.78
07/20/2023 19:30,0.78
07/20/2023 20:00,0.78
07/20/2023 20:30,0.78
07/20/2023 21:00,0.78
07/20/2023 21:30,0.78
07/20/2023 22:00,0.78
07/20/2023 22:30,0.78
07/20/2023 23:00,0.78
07/20/2023 23:30,0.78
07/21/2023 00:00,0.669
07/21/2023 00:30,0.669
07/21/2023 01:00,0.669
07/21/2023 01:30,0.669
07/21/2023 02:00,0.669
07/21/2023 02:30,0.669
07/21/2023 03:00,0.669
07/21/2023 03:30,0.669
07/21/2023 04:00,0.669
07/21/2023 04:30,0.669
07/21/2023 05:00,0.669
07/21/2023 05:30,0.669
07/21/2023 06:00,0.669
07/21/2023 06:30,0.669
07/21/2023 07:00,0.669
07/21/2023 07:30,0.669
07/21/2023 08:00,0.669
07/21/2023 08:30,0.669
07/21/2023 09:00,0.669
07/21/2023 09:30,0.669
07/21/2023 10:00,0.669
07/21/2023 10:30,0.669
07/21/2023 11:00,0.669
07/21/2023 11:30,0.669
07/21/2023 12:00,0.669
07/21/2023 12:30,0.669
07/21/2023 13:00,0.669
07/21/2023 13:30,0.669
07/21/2023 14:00,0.669
07/21/2023 14:30,0.669
07/21/2023 15:00,0.669
07/21/2023 15:30,0.669
07/21/2023 16:00,0.669
07/21/2023 16:30,0.669
07/21/2023 17:00,0.669
07/21/2023 17:30,0.669
07/21/2023 18:00,0.669
07/21/2023 18:30,0.669
07/21/2023 19:00,0.669
07/21/2023 19:30,0.669
07/21/2023 20:00,0.669
07/21/2023 20:30,0.669
07/21/2023 21:00,0.669
07/21/2023 21:30,0.669
07/21/2023 22:00,0.669
07/21/2023 22:30,0.669
07/21/2023 23:00,0.669
07/21/2023 23:30,0.669
07/22/2023 00:00,0.669
07/22/2023 00:30,0.669
07/22/2023 01:00,0.669
07/22/2023 01:30,0.669
07/22/2023 02:00,0.669
07/22/2023 02:30,0.669
07/22/2023 03:00,0.669
07/22/2023 03:30,0.669
07/22/2023 04:00,0.669
07/22/2023 04:30,0.669
07/22/2023 05:00,0.669
07/22/2023 05:30,0.669
07/22/2023 06:00,0.669
07/22/2023 06:30,0.669
07/22/2023 07:00,0.669
07/22/2023 07:30,0.669
07/22/2023 08:00,0.669
07/22/2023 08:30,0.669
07/22/2023 09:00,0.669
07/22/2023 09:30,0.669
07/22/2023 10:00,0.669
07/22/2023 10:30,0.669
07/22/2023 11:00,0.669
07/22/2023 11:30,0.669
07/22/2023 12:00,0.669
07/22/2023 12:30,0.669
07/22/2023 13:00,0.669
07/22/2023 13:30,0.669
07/22/2023 14:00,0.669
07/22/2023 14:30,0.669
07/22/2023 15:00,0.669
07/22/2023 15:30,0.669
07/22/2023 16:00,0.669
07/22/2023 16:30,0.669
07/22/2023 17:00,0.669
07/22/2023 17:30,0.669
07/22/2023 18:00,0.669
07/22/2023 18:30,0.669
07/22/2023 19:00,0.669
07/22/2023 19:30,0.669
07/22/2023 20:00,0.669
07/22/2023 20:30,0.669
07/22/2023 21:00,0.669
07/22/2023 21:30,0.669
07/22/2023 22:00,0.669
07/22/2023 22:30,0.669
07/22/2023 23:00,0.669
07/22/2023 23:30,0.669
07/23/2023 00:00,0.561
07/23/2023 00:30,0.561
07/23/2023 01:00,0.561
07/23/2023 01:30,0.561
07/23/2023 02:00,0.561
07/23/2023 02:30,0.561
07/23/2023 03:00,0.561
07/23/2023 03:30,0.561
07/23/2023 04:00,0.561
07/23/2023 04:30,0.561
07/23/2023 05:00,0.561
07/23/2023 05:30,0.561
07/23/2023 06:00,0.561
07/23/2023 06:30,0.561
07/23/2023 07:00,0.561
07/23/2023 07:30,0.561
07/23/2023 08:00,0.561
07/23/2023 08:30,0.561
07/23/2023 09:00,0.561
07/23/2023 09:30,0.561
07/23/2023 10:00,0.561
07/23/2023 10:30,0.561
07/23/2023 11:00,0.561
07/23/2023 11:30,0.561
07/23/2023 12:00,0.561
07/23/2023 12:30,0.561
07/23/2023 13:00,0.561
07/23/2023 13:30,0.561
07/23/2023 14:00,0.561
07/23/2023 14:30,0.561
07/23/2023 15:00,0.561
07/23/2023 15:30,0.561
07/23/2023 16:00,0.561
07/23/2023 16:30,0.561
07/23/2023 17:00,0.561
07/23/2023 17:30,0.561
07/23/2023 18:00,0.561
07/23/2023 18:30,0.561
07/23/2023 19:00,0.561
07/23/2023 19:30,0.561
07/23/2023 20:00,0.561
07/23/2023 20:30,0.561
07/23/2023 21:00,0.561
07/23/2023 21:30,0.561
07/23/2023 22:00,0.561
07/23/2023 22:30,0.561
07/23/2023 23:00,0.561
07/23/2023 23:30,0.561
07/24/2023 00:00,0.561
07/24/2023 00:30,0.561
07/24/2023 01:00,0.561
07/24/2023 01:30,0.561
07/24/2023 02:00,0.561
07/24/2023 02:30,0.561
07/24/2023 03:00,0.561
07/24/2023 03:30,0.561
07/24/2023 04:00,0.561
07/24/2023 04:30,0.561
07/24/2023 05:00,0.561
07/24/2023 05:30,0.561
07/24/2023 06:00,0.561
07/24/2023 06:30,0.561
07/24/2023 07:00,0.561
07/24/2023 07:30,0.561
07/24/2023 08:00,0.561
07/24/2023 08:30,0.561
07/24/2023 09:00,0.561
07/24/2023 09:30,0.561
07/24/2023 10:00,0.561
07/24/2023 10:30,0.561
07/24/2023 11:00,0.561
07/24/2023 11:30,0.561
07/24/2023 12:00,0.561
07/24/2023 12:30,0.561
07/24/2023 13:00,0.561
07/24/2023 13:30,0.561
07/24/2023 14:00,0.561
07/24/2023 14:30,0.561
07/24/2023 15:00,0.561
07/24/2023 15:30,0.561
07/24/2023 16:00,0.561
07/24/2023 16:30,0.561
07/24/2023 17:00,0.561
07/24/2023 17:30,0.561
07/24/2023 18:00,0.561
07/24/2023 18:30,0.561
07/24/2023 19:00,0.561
07/24/2023 19:30,0.561
07/24/2023 20:00,0.561
07/24/2023 20:30,0.561
07/24/2023 21:00,0.561
07/24/2023 21:30,0.561
07/24/2023 22:00,0.561
07/24/2023 22:30,0.561
07/24/2023 23:00,0.561
07/24/2023 23:30,0.561
07/25/2023 00:00,0.561
07/25/2023 00:30,0.561
07/25/2023 01:00,0.561
07/25/2023 01:30,0.561
07/25/2023 02:00,0.561
07/25/2023 02:30,0.561
07/25/2023 03:00,0.561
07/25/2023 03:30,0.561
07/25/2023 04:00,0.561
07/25/2023 04:30,0.561
07/25/2023 05:00,0.561
07/25/2023 05:30,0.561
07/25/2023 06:00,0.561
07/25/2023 06:30,0.561
07/25/2023 07:00,0.561
07/25/2023 07:30,0.561
07/25/2023 08:00,0.561
07/25/2023 08:30,0.561
07/25/2023 09:00,0.561
07/25/2023 09:30,0.561
07/25/2023 10:00,0.561
07/25/2023 10:30,0.561
07/25/2023 11:00,0.561
07/25/2023 11:30,0.561
07/25/2023 12:00,0.561
07/25/2023 12:30,0.561
07/25/2023 13:00,0.561
07/25/2023 13:30,0.561
07/25/2023 14:00,0.561
07/25/2023 14:30,0.561
07/25/2023 15:00,0.561
07/25/2023 15:30,0.561
07/25/2023 16:00,0.561
07/25/2023 16:30,0.561
07/25/2023 17:00,0.561
07/25/2023 17:30,0.561
07/25/2023 18:00,0.561
07/25/2023 18:30,0.561
07/25/2023 19:00,0.561
07/25/2023 19:30,0.561
07/25/2023 20:00,0.561
07/25/2023 20:30,0.561
07/25/2023 21:00,0.561
07/25/2023 21:30,0.561
07/25/2023 22:00,0.561
07/25/2023 22:30,0.561
07/25/2023 23:00,0.561
07/25/2023 23:30,0.561
07/26/2023 00:00,0.459
07/26/2023 00:30,0.459
07/26/2023 01:00,0.459
07/26/2023 01:30,0.459
07/26/2023 02:00,0.459
07/26/2023 02:30,0.459
07/26/2023 03:00,0.459
07/26/2023 03:30,0.459
07/26/2023 04:00,0.459
07/26/2023 04:30,0.459
07/26/2023 05:00,0.459
07/26/2023 05:30,0.459
07/26/2023 06:00,0.459
07/26/2023 06:30,0.459
07/26/2023 07:00,0.459
07/26/2023 07:30,0.459
07/26/2023 08:00,0.459
07/26/2023 08:30,0.459
07/26/2023 09:00,0.459
07/26/2023 09:30,0.459
07/26/2023 10:00,0.459
07/26/2023 10:30,0.459
07/26/2023 11:00,0.459
07/26/2023 11:30,0.459
07/26/2023 12:00,0.459
07/26/2023 12:30,0.459
07/26/2023 13:00,0.459
07/26/2023 13:30,0.459
07/26/2023 14:00,0.459
07/26/2023 14:30,0.459
07/26/2023 15:00,0.459
07/26/2023 15:30,0.459
07/26/2023 16:00,0.459
07/26/2023 16:30,0.459
07/26/2023 17:00,0.459
07/26/2023 17:30,0.459
07/26/2023 18:00,0.459
07/26/2023 18:30,0.459
07/26/2023 19:00,0.459
07/26/2023 19:30,0.459
07/26/2023 20:00,0.459
07/26/2023 20:30,0.459
07/26/2023 21:00,0.459
07/26/2023 21:30,0.459
07/26/2023 22:00,0.459
07/26/2023 22:30,0.459
07/26/2023 23:00,0.459
07/26/2023 23:30,0.459
07/27/2023 00:00,0.364
07/27/2023 00:30,0.364
07/27/2023 01:00,0.364
07/27/2023 01:30,0.364
07/27/2023 02:00,0.364
07/27/2023 02:30,0.364
07/27/2023 03:00,0.364
07/27/2023 03:30,0.364
07/27/2023 04:00,0.364
07/27/2023 04:30,0.364
07/27/2023 05:00,0.364
07/27/2023 05:30,0.364
07/27/2023 06:00,0.364
07/27/2023 06:30,0.364
07/27/2023 07:00,0.364
07/27/2023 07:30,0.364
07/27/2023 08:00,0.364
07/27/2023 08:30,0.364
07/27/2023 09:00,0.364
07/27/2023 09:30,0.364
07/27/2023 10:00,0.364
07/27/2023 10:30,0.364
07/27/2023 11:00,0.364
07/27/2023 11:30,0.364
07/27/2023 12:00,0.364
07/27/2023 12:30,0.364
07/27/2023 13:00,0.364
07/27/2023 13:30,0.364
07/27/2023 14:00,0.364
07/27/2023 14:30,0.364
07/27/2023 15:00,0.364
07/27/2023 15:30,0.364
07/27/2023 16:00,0.364
07/27/2023 16:30,0.364
07/27/2023 17:00,0.364
07/27/2023 17:30,0.364
07/27/2023 18:00,0.364
07/27/2023 18:30,0.364
07/27/2023 19:00,0.364
07/27/2023 19:30,0.364
07/27/2023 20:00,0.364
07/27/2023 20:30,0.364
07/27/2023 21:00,0.364
07/27/2023 21:30,0.364
07/27/2023 22:00,0.364
07/27/2023 22:30,0.364
07/27/2023 23:00,0.364
07/27/2023 23:30,0.364
07/28/2023 00:00,0.364
07/28/2023 00:30,0.364
07/28/2023 01:00,0.364
07/28/2023 01:30,0.364
07/28/2023 02:00,0.364
07/28/2023 02:30,0.364
07/28/2023 03:00,0.364
07/28/2023 03:30,0.364
07/28/2023 04:00,0.364
07/28/2023 04:30,0.364
07/28/2023 05:00,0.364
07/28/2023 05:30,0.364
07/28/2023 06:00,0.364
07/28/2023 06:30,0.364
07/28/2023 07:00,0.364
07/28/2023 07:30,0.364
07/28/2023 08:00,0.364
07/28/2023 08:30,0.364
07/28/2023 09:00,0.364
07/28/2023 09:30,0.364
07/28/2023 10:00,0.364
07/28/2023 10:30,0.364
07/28/2023 11:00,0.364
07/28/2023 11:30,0.364
07/28/2023 12:00,0.364
07/28/2023 12:30,0.364
07/28/2023 13:00,0.364
07/28/2023 13:30,0.364
07/28/2023 14:00,0.364
07/28/2023 14:30,0.364
07/28/2023 15:00,0.364
07/28/2023 15:30,0.364
07/28/2023 16:00,0.364
07/28/2023 16:30,0.364
07/28/2023 17:00,0.364
07/28/2023 17:30,0.364
07/28/2023 18:00,0.364
07/28/2023 18:30,0.364
07/28/2023 19:00,0.364
07/28/2023 19:30,0.364
07/28/2023 20:00,0.364
07/28/2023 20:30,0.364
07/28/2023 21:00,0.364
07/28/2023 21:30,0.364
07/28/2023 22:00,0.364
07/28/2023 22:30,0.364
07/28/2023 23:00,0.364
07/28/2023 23:30,0.364
07/29/2023 00:00,0.277
07/29/2023 00:30,0.277
07/29/2023 01:00,0.277
07/29/2023 01:30,0.277
07/29/2023 02:00,0.277
07/29/2023 02:30,0.277
07/29/2023 03:00,0.277
07/29/2023 03:30,0.277
07/29/2023 04:00,0.277
07/29/2023 04:30,0.277
07/29/2023 05:00,0.277
07/29/2023 05:30,0.277
07/29/2023 06:00,0.277
07/29/2023 06:30,0.277
07/29/2023 07:00,0.277
07/29/2023 07:30,0.277
07/29/2023 08:00,0.277
07/29/2023 08:30,0.277
07/29/2023 09:00,0.277
07/29/2023 09:30,0.277
07/29/2023 10:00,0.277
07/29/2023 10:30,0.277
07/29/2023 11:00,0.277
07/29/2023 11:30,0.277
07/29/2023 12:00,0.277
07/29/2023 12:30,0.277
07/29/2023 13:00,0.277
07/29/2023 13:30,0.277
07/29/2023 14:00,0.277
07/29/2023 14:30,0.277
07/29/2023 15:00,0.277
07/29/2023 15:30,0.277
07/29/2023 16:00,0.277
07/29/2023 16:30,0.277
07/29/2023 17:00,0.277
07/29/2023 17:30,0.277
07/29/2023 18:00,0.277
07/29/2023 18:30,0.277
07/29/2023 19:00,0.277
07/29/2023 19:30,0.277
07/29/2023 20:00,0.277
07/29/2023 20:30,0.277
07/29/2023 21:00,0.277
07/29/2023 21:30,0.277
07/29/2023 22:00,0.277
07/29/2023 22:30,0.277
07/29/2023 23:00,0.277
07/29/2023 23:30,0.277
07/30/2023 00:00,0.277
07/30/2023 00:30,0.277
07/30/2023 01:00,0.277
07/30/2023 01:30,0.277
07/30/2023 02:00,0.277
07/30/2023 02:30,0.277
07/30/2023 03:00,0.277
07/30/2023 03:30,0.277
07/30/2023 04:00,0.277
07/30/2023 04:30,0.277
07/30/2023 05:00,0.277
07/30/2023 05:30,0.277
07/30/2023 06:00,0.277
07/30/2023 06:30,0.277
07/30/2023 07:00,0.277
07/30/2023 07:30,0.277
07/30/2023 08:00,0.277
07/30/2023 08:30,0.277
07/30/2023 09:00,0.277
07/30/2023 09:30,0.277
07/30/2023 10:00,0.277
07/30/2023 10:30,0.277
07/30/2023 11:00,0.277
07/30/2023 11:30,0.277
07/30/2023 12:00,0.277
07/30/2023 12:30,0.277
07/30/2023 13:00,0.277
07/30/2023 13:30,0.277
07/30/2023 14:00,0.277
07/30/2023 14:30,0.277
07/30/2023 15:00,0.277
07/30/2023 15:30,0.277
07/30/2023 16:00,0.277
07/30/2023 16:30,0.277
07/30/2023 17:00,0.277
07/30/2023 17:30,0.277
07/30/2023 18:00,0.277
07/30/2023 18:30,0.277
07/30/2023 19:00,0.277
07/30/2023 19:30,0.277
07/30/2023 20:00,0.277
07/30/2023 20:30,0.277
07/30/2023 21:00,0.277
07/30/2023 21:30,0.277
07/30/2023 22:00,0.277
07/30/2023 22:30,0.277
07/30/2023 23:00,0.277
07/30/2023 23:30,0.277
07/31/2023 00:00,0.198
07/31/2023 00:30,0.198
07/31/2023 01:00,0.198
07/31/2023 01:30,0.198
07/31/2023 02:00,0.198
07/31/2023 02:30,0.198
07/31/2023 03:00,0.198
07/31/2023 03:30,0.198
07/31/2023 04:00,0.198
07/31/2023 04:30,0.198
07/31/2023 05:00,0.198
07/31/2023 05:30,0.198
07/31/2023 06:00,0.198
07/31/2023 06:30,0.198
07/31/2023 07:00,0.198
07/31/2023 07:30,0.198
07/31/2023 08:00,0.198
07/31/2023 08:30,0.198
07/31/2023 09:00,0.198
07/31/2023 09:30,0.198
07/31/2023 10:00,0.198
07/31/2023 10:30,0.198
07/31/2023 11:00,0.198
07/31/2023 11:30,0.198
07/31/2023 12:00,0.198
07/31/2023 12:30,0.198
07/31/2023 13:00,0.198
07/31/2023 13:30,0.198
07/31/2023 14:00,0.198
07/31/2023 14:30,0.198
07/31/2023 15:00,0.198
07/31/2023 15:30,0.198
07/31/2023 16:00,0.198
07/31/2023 16:30,0.198
07/31/2023 17:00,0.198
07/31/2023 17:30,0.198
07/31/2023 18:00,0.198
07/31/2023 18:30,0.198
07/31/2023 19:00,0.198
07/31/2023 19:30,0.198
07/31/2023 20:00,0.198
07/31/2023 20:30,0.198
07/31/2023 21:00,0.198
07/31/2023 21:30,0.198
07/31/2023 22:00,0.198
07/31/2023 22:30,0.198
07/31/2023 23:00,0.198
07/31/2023 23:30,0.198
08/01/2023 00:00,0.129
08/01/2023 00:30,0.129
08/01/2023 01:00,0.129
08/01/2023 01:30,0.129
08/01/2023 02:00,0.129
08/01/2023 02:30,0.129
08/01/2023 03:00,0.129
08/01/2023 03:30,0.129
08/01/2023 04:00,0.129
08/01/2023 04:30,0.129
08/01/2023 05:00,0.129
08/01/2023 05:30,0.129
08/01/2023 06:00,0.129
08/01/2023 06:30,0.129
08/01/2023 07:00,0.129
08/01/2023 07:30,0.129
08/01/2023 08:00,0.129
08/01/2023 08:30,0.129
08/01/2023 09:00,0.129
08/01/2023 09:30,0.129
08/01/2023 10:00,0.129
08/01/2023 10:30,0.129
08/01/2023 11:00,0.129
08/01/2023 11:30,0.129
08/01/2023 12:00,0.129
08/01/2023 12:30,0.129
08/01/2023 13:00,0.129
08/01/2023 13:30,0.129
08/01/2023 14:00,0.129
08/01/2023 14:30,0.129
08/01/2023 15:00,0.129
08/01/2023 15:30,0.129
08/01/2023 16:00,0.129
08/01/2023 16:30,0.129
08/01/2023 17:00,0.129
08/01/2023 17:30,0.129
08/01/2023 18:00,0.129
08/01/2023 18:30,0.129
08/01/2023 19:00,0.129
08/01/2023 19:30,0.129
08/01/2023 20:00,0.129
08/01/2023 20:30,0.129
08/01/2023 21:00,0.129
08/01/2023 21:30,0.129
08/01/2023 22:00,0.129
08/01/2023 22:30,0.129
08/01/2023 23:00,0.129
08/01/2023 23:30,0.129
08/02/2023 00:00,0.129
08/02/2023 00:30,0.129
08/02/2023 01:00,0.129
08/02/2023 01:30,0.129
08/02/2023 02:00,0.129
08/02/2023 02:30,0.129
08/02/2023 03:00,0.129
08/02/2023 03:30,0.129
08/02/2023 04:00,0.129
08/02/2023 04:30,0.129
08/02/2023 05:00,0.129
08/02/2023 05:30,0.129
08/02/2023 06:00,0.129
08/02/2023 06:30,0.129
08/02/2023 07:00,0.129
08/02/2023 07:30,0.129
08/02/2023 08:00,0.129
08/02/2023 08:30,0.129
08/02/2023 09:00,0.129
08/02/2023 09:30,0.129
08/02/2023 10:00,0.129
08/02/2023 10:30,0.129
08/02/2023 11:00,0.129
08/02/2023 11:30,0.129
08/02/2023 12:00,0.129
08/02/2023 12:30,0.129
08/02/2023 13:00,0.129
08/02/2023 13:30,0.129
08/02/2023 14:00,0.129
08/02/2023 14:30,0.129
08/02/2023 15:00,0.129
08/02/2023 15:30,0.129
08/02/2023 16:00,0.129
08/02/2023 16:30,0.129
08/02/2023 17:00,0.129
08/02/2023 17:30,0.129
08/02/2023 18:00,0.129
08/02/2023 18:30,0.129
08/02/2023 19:00,0.129
08/02/2023 19:30,0.129
08/02/2023 20:00,0.129
08/02/2023 20:30,0.129
08/02/2023 21:00,0.129
08/02/2023 21:30,0.129
08/02/2023 22:00,0.129
08/02/2023 22:30,0.129
08/02/2023 23:00,0.129
08/02/2023 23:30,0.129
08/03/2023 00:00,0.07
08/03/2023 00:30,0.07
08/03/2023 01:00,0.07
08/03/2023 01:30,0.07
08/03/2023 02:00,0.07
08/03/2023 02:30,0.07
08/03/2023 03:00,0.07
08/03/2023 03:30,0.07
08/03/2023 04:00,0.07
08/03/2023 04:30,0.07
08/03/2023 05:00,0.07
08/03/2023 05:30,0.07
08/03/2023 06:00,0.07
08/03/2023 06:30,0.07
08/03/2023 07:00,0.07
08/03/2023 07:30,0.07
08/03/2023 08:00,0.07
08/03/2023 08:30,0.07
08/03/2023 09:00,0.07
08/03/2023 09:30,0.07
08/03/2023 10:00,0.07
08/03/2023 10:30,0.07
08/03/2023 11:00,0.07
08/03/2023 11:30,0.07
08/03/2023 12:00,0.07
08/03/2023 12:30,0.07
08/03/2023 13:00,0.07
08/03/2023 13:30,0.07
08/03/2023 14:00,0.07
08/03/2023 14:30,0.07
08/03/2023 15:00,0.07
08/03/2023 15:30,0.07
08/03/2023 16:00,0.07
08/03/2023 16:30,0.07
08/03/2023 17:00,0.07
08/03/2023 17:30,0.07
08/03/2023 18:00,0.07
08/03/2023 18:30,0.07
08/03/2023 19:00,0.07
08/03/2023 19:30,0.07
08/03/2023 20:00,0.07
08/03/2023 20:30,0.07
08/03/2023 21:00,0.07
08/03/2023 21:30,0.07
08/03/2023 22:00,0.07
08/03/2023 22:30,0.07
08/03/2023 23:00,0.07
08/03/2023 23:30,0.07
08/04/2023 00:00,0.07
08/04/2023 00:30,0.07
08/04/2023 01:00,0.07
08/04/2023 01:30,0.07
08/04/2023 02:00,0.07
08/04/2023 02:30,0.07
08/04/2023 03:00,0.07
08/04/2023 03:30,0.07
08/04/2023 04:00,0.07
08/04/2023 04:30,0.07
08/04/2023 05:00,0.07
08/04/2023 05:30,0.07
08/04/2023 06:00,0.07
08/04/2023 06:30,0.07
08/04/2023 07:00,0.07
08/04/2023 07:30,0.07
08/04/2023 08:00,0.07
08/04/2023 08:30,0.07
08/04/2023 09:00,0.07
08/04/2023 09:30,0.07
08/04/2023 10:00,0.07
08/04/2023 10:30,0.07
08/04/2023 11:00,0.07
08/04/2023 11:30,0.07
08/04/2023 12:00,0.07
08/04/2023 12:30,0.07
08/04/2023 13:00,0.07
08/04/2023 13:30,0.07
08/04/2023 14:00,0.07
08/04/2023 14:30,0.07
08/04/2023 15:00,0.07
08/04/2023 15:30,0.07
08/04/2023 16:00,0.07
08/04/2023 16:30,0.07
08/04/2023 17:00,0.07
08/04/2023 17:30,0.07
08/04/2023 18:00,0.07
08/04/2023 18:30,0.07
08/04/2023 19:00,0.07
08/04/2023 19:30,0.07
08/04/2023 20:00,0.07
08/04/2023 20:30,0.07
08/04/2023 21:00,0.07
08/04/2023 21:30,0.07
08/04/2023 22:00,0.07
08/04/2023 22:30,0.07
08/04/2023 23:00,0.07
08/04/2023 23:30,0.07
08/05/2023 00:00,0.025
08/05/2023 00:30,0.025
08/05/2023 01:00,0.025
08/05/2023 01:30,0.025
08/05/2023 02:00,0.025
08/05/2023 02:30,0.025
08/05/2023 03:00,0.025
08/05/2023 03:30,0.025
08/05/2023 04:00,0.025
08/05/2023 04:30,0.025
08/05/2023 05:00,0.025
08/05/2023 05:30,0.025
08/05/2023 06:00,0.025
08/05/2023 06:30,0.025
08/05/2023 07:00,0.025
08/05/2023 07:30,0.025
08/05/2023 08:00,0.025
08/05/2023 08:30,0.025
08/05/2023 09:00,0.025
08/05/2023 09:30,0.025
08/05/2023 10:00,0.025
08/05/2023 10:30,0.025
08/05/2023 11:00,0.025
08/05/2023 11:30,0.025
08/05/2023 12:00,0.025
08/05/2023 12:30,0.025
08/05/2023 13:00,0.025
08/05/2023 13:30,0.025
08/05/2023 14:00,0.025
08/05/2023 14:30,0.025
08/05/2023 15:00,0.025
08/05/2023 15:30,0.025
08/05/2023 16:00,0.025
08/05/2023 16:30,0.025
08/05/2023 17:00,0.025
08/05/2023 17:30,0.025
08/05/2023 18:00,0.025
08/05/2023 18:30,0.025
08/05/2023 19:00,0.025
08/05/2023 19:30,0.025
08/05/2023 20:00,0.025
08/05/2023 20:30,0.025
08/05/2023 21:00,0.025
08/05/2023 21:30,0.025
08/05/2023 22:00,0.025
08/05/2023 22:30,0.025
08/05/2023 23:00,0.025
08/05/2023 23:30,0.025
08/06/2023 00:00,0.025
08/06/2023 00:30,0.025
08/06/2023 01:00,0.025
08/06/2023 01:30,0.025
08/06/2023 02:00,0.025
08/06/2023 02:30,0.025
08/06/2023 03:00,0.025
08/06/2023 03:30,0.025
08/06/2023 04:00,0.025
08/06/2023 04:30,0.025
08/06/2023 05:00,0.025
08/06/2023 05:30,0.025
08/06/2023 06:00,0.025
08/06/2023 06:30,0.025
08/06/2023 07:00,0.025
08/06/2023 07:30,0.025
08/06/2023 08:00,0.025
08/06/2023 08:30,0.025
08/06/2023 09:00,0.025
08/06/2023 09:30,0.025
08/06/2023 10:00,0.025
08/06/2023 10:30,0.025
08/06/2023 11:00,0.025
08/06/2023 11:30,0.025
08/06/2023 12:00,0.025
08/06/2023 12:30,0.025
08/06/2023 13:00,0.025
08/06/2023 13:30,0.025
08/06/2023 14:00,0.025
08/06/2023 14:30,0.025
08/06/2023 15:00,0.025
08/06/2023 15:30,0.025
08/06/2023 16:00,0.025
08/06/2023 16:30,0.025
08/06/2023 17:00,0.025
08/06/2023 17:30,0.025
08/06/2023 18:00,0.025
08/06/2023 18:30,0.025
08/06/2023 19:00,0.025
08/06/2023 19:30,0.025
08/06/2023 20:00,0.025
08/06/2023 20:30,0.025
08/06/2023 21:00,0.025
08/06/2023 21:30,0.025
08/06/2023 22:00,0.025
08/06/2023 22:30,0.025
08/06/2023 23:00,0.025
08/06/2023 23:30,0.025
08/07/2023 00:00,0.025
08/07/2023 00:30,0.025
08/07/2023 01:00,0.025
08/07/2023 01:30,0.025
08/07/2023 02:00,0.025
08/07/2023 02:30,0.025
08/07/2023 03:00,0.025
08/07/2023 03:30,0.025
08/07/2023 04:00,0.025
08/07/2023 04:30,0.025
08/07/2023 05:00,0.025
08/07/2023 05:30,0.025
08/07/2023 06:00,0.025
08/07/2023 06:30,0.025
08/07/2023 07:00,0.025
08/07/2023 07:30,0.025
08/07/2023 08:00,0.025
08/07/2023 08:30,0.025
08/07/2023 09:00,0.025
08/07/2023 09:30,0.025
08/07/2023 10:00,0.025
08/07/2023 10:30,0.025
08/07/2023 11:00,0.025
08/07/2023 11:30,0.025
08/07/2023 12:00,0.025
08/07/2023 12:30,0.025
08/07/2023 13:00,0.025
08/07/2023 13:30,0.025
08/07/2023 14:00,0.025
08/07/2023 14:30,0.025
08/07/2023 15:00,0.025
08/07/2023 15:30,0.025
08/07/2023 16:00,0.025
08/07/2023 16:30,0.025
08/07/2023 17:00,0.025
08/07/2023 17:30,0.025
08/07/2023 18:00,0.025
08/07/2023 18:30,0.025
08/07/2023 19:00,0.025
08/07/2023 19:30,0.025
08/07/2023 20:00,0.025
08/07/2023 20:30,0.025
08/07/2023 21:00,0.025
08/07/2023 21:30,0.025
08/07/2023 22:00,0.025
08/07/2023 22:30,0.025
08/07/2023 23:00,0.025
08/07/2023 23:30,0.025
08/08/2023 00:00,0.0
08/08/2023 00:30,0.0
08/08/2023 01:00,0.0
08/08/2023 01:30,0.0
08/08/2023 02:00,0.0
08/08/2023 02:30,0.0
08/08/2023 03:00,0.0
08/08/2023 03:30,0.0
08/08/2023 04:00,0.0
08/08/2023 04:30,0.0
08/08/2023 05:00,0.0
08/08/2023 05:30,0.0
08/08/2023 06:00,0.0
08/08/2023 06:30,0.0
08/08/2023 07:00,0.0
08/08/2023 07:30,0.0
08/08/2023 08:00,0.0
08/08/2023 08:30,0.0
08/08/2023 09:00,0.0
08/08/2023 09:30,0.0
08/08/2023 10:00,0.0
08/08/2023 10:30,0.0
08/08/2023 11:00,0.0
08/08/2023 11:30,0.0
08/08/2023 12:00,0.0
08/08/2023 12:30,0.0
08/08/2023 13:00,0.0
08/08/2023 13:30,0.0
08/08/2023 14:00,0.0
08/08/2023 14:30,0.0
08/08/2023 15:00,0.0
08/08/2023 15:30,0.0
08/08/2023 16:00,0.0
08/08/2023 16:30,0.0
08/08/2023 17:00,0.0
08/08/2023 17:30,0.0
08/08/2023 18:00,0.0
08/08/2023 18:30,0.0
08/08/2023 19:00,0.0
08/08/2023 19:30,0.0
08/08/2023 20:00,0.0
08/08/2023 20:30,0.0
08/08/2023 21:00,0.0
08/08/2023 21:30,0.0
08/08/2023 22:00,0.0
08/08/2023 22:30,0.0
08/08/2023 23:00,0.0
08/08/2023 23:30,0.0
08/09/2023 00:00,0.0
08/09/2023 00:30,0.0
08/09/2023 01:00,0.0
08/09/2023 01:30,0.0
08/09/2023 02:00,0.0
08/09/2023 02:30,0.0
08/09/2023 03:00,0.0
08/09/2023 03:30,0.0
08/09/2023 04:00,0.0
08/09/2023 04:30,0.0
08/09/2023 05:00,0.0
08/09/2023 05:30,0.0
08/09/2023 06:00,0.0
08/09/2023 06:30,0.0
08/09/2023 07:00,0.0
08/09/2023 07:30,0.0
08/09/2023 08:00,0.0
08/09/2023 08:30,0.0
08/09/2023 09:00,0.0
08/09/2023 09:30,0.0
08/09/2023 10:00,0.0
08/09/2023 10:30,0.0
08/09/2023 11:00,0.0
08/09/2023 11:30,0.0
08/09/2023 12:00,0.0
08/09/2023 12:30,0.0
08/09/2023 13:00,0.0
08/09/2023 13:30,0.0
08/09/2023 14:00,0.0
08/09/2023 14:30,0.0
08/09/2023 15:00,0.0
08/09/2023 15:30,0.0
08/09/2023 16:00,0.0
08/09/2023 16:30,0.0
08/09/2023 17:00,0.0
08/09/2023 17:30,0.0
08/09/2023 18:00,0.0
08/09/2023 18:30,0.0
08/09/2023 19:00,0.0
08/09/2023 19:30,0.0
08/09/2023 20:00,0.0
08/09/2023 20:30,0.0
08/09/2023 21:00,0.0
08/09/2023 21:30,0.0
08/09/2023 22:00,0.0
08/09/2023 22:30,0.0
08/09/2023 23:00,0.0
08/09/2023 23:30,0.0
08/10/2023 00:00,0.0
08/10/2023 00:30,0.0
08/10/2023 01:00,0.0
08/10/2023 01:30,0.0
08/10/2023 02:00,0.0
08/10/2023 02:30,0.0
08/10/2023 03:00,0.0
08/10/2023 03:30,0.0
08/10/2023 04:00,0.0
08/10/2023 04:30,0.0
08/10/2023 05:00,0.0
08/10/2023 05:30,0.0
08/10/2023 06:00,0.0
08/10/2023 06:30,0.0
08/10/2023 07:00,0.0
08/10/2023 07:30,0.0
08/10/2023 08:00,0.0
08/10/2023 08:30,0.0
08/10/2023 09:00,0.0
08/10/2023 09:30,0.0
08/10/2023 10:00,0.0
08/10/2023 10:30,0.0
08/10/2023 11:00,0.0
08/10/2023 11:30,0.0
08/10/2023 12:00,0.0
08/10/2023 12:30,0.0
08/10/2023 13:00,0.0
08/10/2023 13:30,0.0
08/10/2023 14:00,0.0
08/10/2023 14:30,0.0
08/10/2023 15:00,0.0
08/10/2023 15:30,0.0
08/10/2023 16:00,0.0
08/10/2023 16:30,0.0
08/10/2023 17:00,0.0
08/10/2023 17:30,0.0
08/10/2023 18:00,0.0
08/10/2023 18:30,0.0
08/10/2023 19:00,0.0
08/10/2023 19:30,0.0
08/10/2023 20:00,0.0
08/10/2023 20:30,0.0
08/10/2023 21:00,0.0
08/10/2023 21:30,0.0
08/10/2023 22:00,0.0
08/10/2023 22:30,0.0
08/10/2023 23:00,0.0
08/10/2023 23:30,0.0
08/11/2023 00:00,0.0
08/11/2023 00:30,0.0
08/11/2023 01:00,0.0
08/11/2023 01:30,0.0
08/11/2023 02:00,0.0
08/11/2023 02:30,0.0
08/11/2023 03:00,0.0
08/11/2023 03:30,0.0
08/11/2023 04:00,0.0
08/11/2023 04:30,0.0
08/11/2023 05:00,0.0
08/11/2023 05:30,0.0
08/11/2023 06:00,0.0
08/11/2023 06:30,0.0
08/11/2023 07:00,0.0
08/11/2023 07:30,0.0
08/11/2023 08:00,0.0
08/11/2023 08:30,0.0
08/11/2023 09:00,0.0
08/11/2023 09:30,0.0
08/11/2023 10:00,0.0
08/11/2023 10:30,0.0
08/11/2023 11:00,0.0
08/11/2023 11:30,0.0
08/11/2023 12:00,0.0
08/11/2023 12:30,0.0
08/11/2023 13:00,0.0
08/11/2023 13:30,0.0
08/11/2023 14:00,0.0
08/11/2023 14:30,0.0
08/11/2023 15:00,0.0
08/11/2023 15:30,0.0
08/11/2023 16:00,0.0
08/11/2023 16:30,0.0
08/11/2023 17:00,0.0
08/11/2023 17:30,0.0
08/11/2023 18:00,0.0
08/11/2023 18:30,0.0
08/11/2023 19:00,0.0
08/11/2023 19:30,0.0
08/11/2023 20:00,0.0
08/11/2023 20:30,0.0
08/11/2023 21:00,0.0
08/11/2023 21:30,0.0
08/11/2023 22:00,0.0
08/11/2023 22:30,0.0
08/11/2023 23:00,0.0
08/11/2023 23:30,0.0
08/12/2023 00:00,0.0
08/12/2023 00:30,0.0
08/12/2023 01:00,0.0
08/12/2023 01:30,0.0
08/12/2023 02:00,0.0
08/12/2023 02:30,0.0
08/12/2023 03:00,0.0
08/12/2023 03:30,0.0
08/12/2023 04:00,0.0
08/12/2023 04:30,0.0
08/12/2023 05:00,0.0
08/12/2023 05:30,0.0
08/12/2023 06:00,0.0
08/12/2023 06:30,0.0
08/12/2023 07:00,0.0
08/12/2023 07:30,0.0
08/12/2023 08:00,0.0
08/12/2023 08:30,0.0
08/12/2023 09:00,0.0
08/12/2023 09:30,0.0
08/12/2023 10:00,0.0
08/12/2023 10:30,0.0
08/12/2023 11:00,0.0
08/12/2023 11:30,0.0
08/12/2023 12:00,0.0
08/12/2023 12:30,0.0
08/12/2023 13:00,0.0
08/12/2023 13:30,0.0
08/12/2023 14:00,0.0
08/12/2023 14:30,0.0
08/12/2023 15:00,0.0
08/12/2023 15:30,0.0
08/12/2023 16:00,0.0
08/12/2023 16:30,0.0
08/12/2023 17:00,0.0
08/12/2023 17:30,0.0
08/12/2023 18:00,0.0
08/12/2023 18:30,0.0
08/12/2023 19:00,0.0
08/12/2023 19:30,0.0
08/12/2023 20:00,0.0
08/12/2023 20:30,0.0
08/12/2023 21:00,0.0
08/12/2023 21:30,0.0
08/12/2023 22:00,0.0
08/12/2023 22:30,0.0
08/12/2023 23:00,0.0
08/12/2023 23:30,0.0
08/13/2023 00:00,0.0
08/13/2023 00:30,0.0
08/13/2023 01:00,0.0
08/13/2023 01:30,0.0
08/13/2023 02:00,0.0
08/13/2023 02:30,0.0
08/13/2023 03:00,0.0
08/13/2023 03:30,0.0
08/13/2023 04:00,0.0
08/13/2023 04:30,0.0
08/13/2023 05:00,0.0
08/13/2023 05:30,0.0
08/13/2023 06:00,0.0
08/13/2023 06:30,0.0
08/13/2023 07:00,0.0
08/13/2023 07:30,0.0
08/13/2023 08:00,0.0
08/13/2023 08:30,0.0
08/13/2023 09:00,0.0
08/13/2023 09:30,0.0
08/13/2023 10:00,0.0
08/13/2023 10:30,0.0
08/13/2023 11:00,0.0
08/13/2023 11:30,0.0
08/13/2023 12:00,0.0
08/13/2023 12:30,0.0
08/13/2023 13:00,0.0
08/13/2023 13:30,0.0
08/13/2023 14:00,0.0
08/13/2023 14:30,0.0
08/13/2023 15:00,0.0
08/13/2023 15:30,0.0
08/13/2023 16:00,0.0
08/13/2023 16:30,0.0
08/13/2023 17:00,0.0
08/13/2023 17:30,0.0
08/13/2023 18:00,0.0
08/13/2023 18:30,0.0
08/13/2023 19:00,0.0
08/13/2023 19:30,0.0
08/13/2023 20:00,0.0
08/13/2023 20:30,0.0
08/13/2023 21:00,0.0
08/13/2023 21:30,0.0
08/13/2023 22:00,0.0
08/13/2023 22:30,0.0
08/13/2023 23:00,0.0
08/13/2023 23:30,0.0
08/14/2023 00:00,0.0
08/14/2023 00:30,0.0
08/14/2023 01:00,0.0
08/14/2023 01:30,0.0
08/14/2023 02:00,0.0
08/14/2023 02:30,0.0
08/14/2023 03:00,0.0
08/14/2023 03:30,0.0
08/14/2023 04:00,0.0
08/14/2023 04:30,0.0
08/14/2023 05:00,0.0
08/14/2023 05:30,0.0
08/14/2023 06:00,0.0
08/14/2023 06:30,0.0
08/14/2023 07:00,0.0
08/14/2023 07:30,0.0
08/14/2023 08:00,0.0
08/14/2023 08:30,0.0
08/14/2023 09:00,0.0
08/14/2023 09:30,0.0
08/14/2023 10:00,0.0
08/14/2023 10:30,0.0
08/14/2023 11:00,0.0
08/14/2023 11:30,0.0
08/14/2023 12:00,0.0
08/14/2023 12:30,0.0
08/14/2023 13:00,0.0
08/14/2023 13:30,0.0
08/14/2023 14:00,0.0
08/14/2023 14:30,0.0
08/14/2023 15:00,0.0
08/14/2023 15:30,0.0
08/14/2023 16:00,0.0
08/14/2023 16:30,0.0
08/14/2023 17:00,0.0
08/14/2023 17:30,0.0
08/14/2023 18:00,0.0
08/14/2023 18:30,0.0
08/14/2023 19:00,0.0
08/14/2023 19:30,0.0
08/14/2023 20:00,0.0
08/14/2023 20:30,0.0
08/14/2023 21:00,0.0
08/14/2023 21:30,0.0
08/14/2023 22:00,0.0
08/14/2023 22:30,0.0
08/14/2023 23:00,0.0
08/14/2023 23:30,0.0
08/15/2023 00:00,0.0
08/15/2023 00:30,0.0
08/15/2023 01:00,0.0
08/15/2023 01:30,0.0
08/15/2023 02:00,0.0
08/15/2023 02:30,0.0
08/15/2023 03:00,0.0
08/15/2023 03:30,0.0
08/15/2023 04:00,0.0
08/15/2023 04:30,0.0
08/15/2023 05:00,0.0
08/15/2023 05:30,0.0
08/15/2023 06:00,0.0
08/15/2023 06:30,0.0
08/15/2023 07:00,0.0
08/15/2023 07:30,0.0
08/15/2023 08:00,0.0
08/15/2023 08:30,0.0
08/15/2023 09:00,0.0
08/15/2023 09:30,0.0
08/15/2023 10:00,0.0
08/15/2023 10:30,0.0
08/15/2023 11:00,0.0
08/15/2023 11:30,0.0
08/15/2023 12:00,0.0
08/15/2023 12:30,0.0
08/15/2023 13:00,0.0
08/15/2023 13:30,0.0
08/15/2023 14:00,0.0
08/15/2023 14:30,0.0
08/15/2023 15:00,0.0
08/15/2023 15:30,0.0
08/15/2023 16:00,0.0
08/15/2023 16:30,0.0
08/15/2023 17:00,0.0
08/15/2023 17:30,0.0
08/15/2023 18:00,0.0
08/15/2023 18:30,0.0
08/15/2023 19:00,0.0
08/15/2023 19:30,0.0
08/15/2023 20:00,0.0
08/15/2023 20:30,0.0
08/15/2023 21:00,0.0
08/15/2023 21:30,0.0
08/15/2023 22:00,0.0
08/15/2023 22:30,0.0
08/15/2023 23:00,0.0
08/15/2023 23:30,0.0
08/16/2023 00:00,0.0
08/16/2023 00:30,0.0
08/16/2023 01:00,0.0
08/16/2023 01:30,0.0
08/16/2023 02:00,0.0
08/16/2023 02:30,0.0
08/16/2023 03:00,0.0
08/16/2023 03:30,0.0
08/16/2023 04:00,0.0
08/16/2023 04:30,0.0
08/16/2023 05:00,0.0
08/16/2023 05:30,0.0
08/16/2023 06:00,0.0
08/16/2023 06:30,0.0
08/16/2023 07:00,0.0
08/16/2023 07:30,0.0
08/16/2023 08:00,0.0
08/16/2023 08:30,0.0
08/16/2023 09:00,0.0
08/16/2023 09:30,0.0
08/16/2023 10:00,0.0
08/16/2023 10:30,0.0
08/16/2023 11:00,0.0
08/16/2023 11:30,0.0
08/16/2023 12:00,0.0
08/16/2023 12:30,0.0
08/16/2023 13:00,0.0
08/16/2023 13:30,0.0
08/16/2023 14:00,0.0
08/16/2023 14:30,0.0
08/16/2023 15:00,0.0
08/16/2023 15:30,0.0
08/16/2023 16:00,0.0
08/16/2023 16:30,0.0
08/16/2023 17:00,0.0
08/16/2023 17:30,0.0
08/16/2023 18:00,0.0
08/16/2023 18:30,0.0
08/16/2023 19:00,0.0
08/16/2023 19:30,0.0
08/16/2023 20:00,0.0
08/16/2023 20:30,0.0
08/16/2023 21:00,0.0
08/16/2023 21:30,0.0
08/16/2023 22:00,0.0
08/16/2023 22:30,0.0
08/16/2023 23:00,0.0
08/16/2023 23:30,0.0
08/17/2023 00:00,0.0
08/17/2023 00:30,0.0
08/17/2023 01:00,0.0
08/17/2023 01:30,0.0
08/17/2023 02:00,0.0
08/17/2023 02:30,0.0
08/17/2023 03:00,0.0
08/17/2023 03:30,0.0
08/17/2023 04:00,0.0
08/17/2023 04:30,0.0
08/17/2023 05:00,0.0
08/17/2023 05:30,0.0
08/17/2023 06:00,0.0
08/17/2023 06:30,0.0
08/17/2023 07:00,0.0
08/17/2023 07:30,0.0
08/17/2023 08:00,0.0
08/17/2023 08:30,0.0
08/17/2023 09:00,0.0
08/17/2023 09:30,0.0
08/17/2023 10:00,0.0
08/17/2023 10:30,0.0
08/17/2023 11:00,0.0
08/17/2023 11:30,0.0
08/17/2023 12:00,0.0
08/17/2023 12:30,0.0
08/17/2023 13:00,0.0
08/17/2023 13:30,0.0
08/17/2023 14:00,0.0
08/17/2023 14:30,0.0
08/17/2023 15:00,0.0
08/17/2023 15:30,0.0
08/17/2023 16:00,0.0
08/17/2023 16:30,0.0
08/17/2023 17:00,0.0
08/17/2023 17:30,0.0
08/17/2023 18:00,0.0
08/17/2023 18:30,0.0
08/17/2023 19:00,0.0
08/17/2023 19:30,0.0
08/17/2023 20:00,0.0
08/17/2023 20:30,0.0
08/17/2023 21:00,0.0
08/17/2023 21:30,0.0
08/17/2023 22:00,0.0
08/17/2023 22:30,0.0
08/17/2023 23:00,0.0
08/17/2023 23:30,0.0
08/18/2023 00:00,0.0
08/18/2023 00:30,0.0
08/18/2023 01:00,0.0
08/18/2023 01:30,0.0
08/18/2023 02:00,0.0
08/18/2023 02:30,0.0
08/18/2023 03:00,0.0
08/18/2023 03:30,0.0
08/18/2023 04:00,0.0
08/18/2023 04:30,0.0
08/18/2023 05:00,0.0
08/18/2023 05:30,0.0
08/18/2023 06:00,0.0
08/18/2023 06:30,0.0
08/18/2023 07:00,0.0
08/18/2023 07:30,0.0
08/18/2023 08:00,0.0
08/18/2023 08:30,0.0
08/18/2023 09:00,0.0
08/18/2023 09:30,0.0
08/18/2023 10:00,0.0
08/18/2023 10:30,0.0
08/18/2023 11:00,0.0
08/18/2023 11:30,0.0
08/18/2023 12:00,0.0
08/18/2023 12:30,0.0
08/18/2023 13:00,0.0
08/18/2023 13:30,0.0
08/18/2023 14:00,0.0
08/18/2023 14:30,0.0
08/18/2023 15:00,0.0
08/18/2023 15:30,0.0
08/18/2023 16:00,0.0
08/18/2023 16:30,0.0
08/18/2023 17:00,0.0
08/18/2023 17:30,0.0
08/18/2023 18:00,0.0
08/18/2023 18:30,0.0
08/18/2023 19:00,0.0
08/18/2023 19:30,0.0
08/18/2023 20:00,0.0
08/18/2023 20:30,0.0
08/18/2023 21:00,0.0
08/18/2023 21:30,0.0
08/18/2023 22:00,0.0
08/18/2023 22:30,0.0
08/18/2023 23:00,0.0
08/18/2023 23:30,0.0
08/19/2023 00:00,0.0
08/19/2023 00:30,0.0
08/19/2023 01:00,0.0
08/19/2023 01:30,0.0
08/19/2023 02:00,0.0
08/19/2023 02:30,0.0
08/19/2023 03:00,0.0
08/19/2023 03:30,0.0
08/19/2023 04:00,0.0
08/19/2023 04:30,0.0
08/19/2023 05:00,0.0
08/19/2023 05:30,0.0
08/19/2023 06:00,0.0
08/19/2023 06:30,0.0
08/19/2023 07:00,0.0
08/19/2023 07:30,0.0
08/19/2023 08:00,0.0
08/19/2023 08:30,0.0
08/19/2023 09:00,0.0
08/19/2023 09:30,0.0
08/19/2023 10:00,0.0
08/19/2023 10:30,0.0
08/19/2023 11:00,0.0
08/19/2023 11:30,0.0
08/19/2023 12:00,0.0
08/19/2023 12:30,0.0
08/19/2023 13:00,0.0
08/19/2023 13:30,0.0
08/19/2023 14:00,0.0
08/19/2023 14:30,0.0
08/19/2023 15:00,0.0
08/19/2023 15:30,0.0
08/19/2023 16:00,0.0
08/19/2023 16:30,0.0
08/19/2023 17:00,0.0
08/19/2023 17:30,0.0
08/19/2023 18:00,0.0
08/19/2023 18:30,0.0
08/19/2023 19:00,0.0
08/19/2023 19:30,0.0
08/19/2023 20:00,0.0
08/19/2023 20:30,0.0
08/19/2023 21:00,0.0
08/19/2023 21:30,0.0
08/19/2023 22:00,0.0
08/19/2023 22:30,0.0
08/19/2023 23:00,0.0
08/19/2023 23:30,0.0
08/20/2023 00:00,0.0
08/20/2023 00:30,0.0
08/20/2023 01:00,0.0
08/20/2023 01:30,0.0
08/20/2023 02:00,0.0
08/20/2023 02:30,0.0
08/20/2023 03:00,0.0
08/20/2023 03:30,0.0
08/20/2023 04:00,0.0
08/20/2023 04:30,0.0
08/20/2023 05:00,0.0
08/20/2023 05:30,0.0
08/20/2023 06:00,0.0
08/20/2023 06:30,0.0
08/20/2023 07:00,0.0
08/20/2023 07:30,0.0
08/20/2023 08:00,0.0
08/20/2023 08:30,0.0
08/20/2023 09:00,0.0
08/20/2023 09:30,0.0
08/20/2023 10:00,0.0
08/20/2023 10:30,0.0
08/20/2023 11:00,0.0
08/20/2023 11:30,0.0
08/20/2023 12:00,0.0
08/20/2023 12:30,0.0
08/20/2023 13:00,0.0
08/20/2023 13:30,0.0
08/20/2023 14:00,0.0
08/20/2023 14:30,0.0
08/20/2023 15:00,0.0
08/20/2023 15:30,0.0
08/20/2023 16:00,0.0
08/20/2023 16:30,0.0
08/20/2023 17:00,0.0
08/20/2023 17:30,0.0
08/20/2023 18:00,0.0
08/20/2023 18:30,0.0
08/20/2023 19:00,0.0
08/20/2023 19:30,0.0
08/20/2023 20:00,0.0
08/20/2023 20:30,0.0
08/20/2023 21:00,0.0
08/20/2023 21:30,0.0
08/20/2023 22:00,0.0
08/20/2023 22:30,0.0
08/20/2023 23:00,0.0
08/20/2023 23:30,0.0
08/21/2023 00:00,0.0
08/21/2023 00:30,0.0
08/21/2023 01:00,0.0
08/21/2023 01:30,0.0
08/21/2023 02:00,0.0
08/21/2023 02:30,0.0
08/21/2023 03:00,0.0
08/21/2023 03:30,0.0
08/21/2023 04:00,0.0
08/21/2023 04:30,0.0
08/21/2023 05:00,0.0
08/21/2023 05:30,0.0
08/21/2023 06:00,0.0
08/21/2023 06:30,0.0
08/21/2023 07:00,0.0
08/21/2023 07:30,0.0
08/21/2023 08:00,0.0
08/21/2023 08:30,0.0
08/21/2023 09:00,0.0
08/21/2023 09:30,0.0
08/21/2023 10:00,0.0
08/21/2023 10:30,0.0
08/21/2023 11:00,0.0
08/21/2023 11:30,0.0
08/21/2023 12:00,0.0
08/21/2023 12:30,0.0
08/21/2023 13:00,0.0
08/21/2023 13:30,0.0
08/21/2023 14:00,0.0
08/21/2023 14:30,0.0
08/21/2023 15:00,0.0
08/21/2023 15:30,0.0
08/21/2023 16:00,0.0
08/21/2023 16:30,0.0
08/21/2023 17:00,0.0
08/21/2023 17:30,0.0
08/21/2023 18:00,0.0
08/21/2023 18:30,0.0
08/21/2023 19:00,0.0
08/21/2023 19:30,0.0
08/21/2023 20:00,0.0
08/21/2023 20:30,0.0
08/21/2023 21:00,0.0
08/21/2023 21:30,0.0
08/21/2023 22:00,0.0
08/21/2023 22:30,0.0
08/21/2023 23:00,0.0
08/21/2023 23:30,0.0
08/22/2023 00:00,0.0
08/22/2023 00:30,0.0
08/22/2023 01:00,0.0
08/22/2023 01:30,0.0
08/22/2023 02:00,0.0
08/22/2023 02:30,0.0
08/22/2023 03:00,0.0
08/22/2023 03:30,0.0
08/22/2023 04:00,0.0
08/22/2023 04:30,0.0
08/22/2023 05:00,0.0
08/22/2023 05:30,0.0
08/22/2023 06:00,0.0
08/22/2023 06:30,0.0
08/22/2023 07:00,0.0
08/22/2023 07:30,0.0
08/22/2023 08:00,0.0
08/22/2023 08:30,0.0
08/22/2023 09:00,0.0
08/22/2023 09:30,0.0
08/22/2023 10:00,0.0
08/22/2023 10:30,0.0
08/22/2023 11:00,0.0
08/22/2023 11:30,0.0
08/22/2023 12:00,0.0
08/22/2023 12:30,0.0
08/22/2023 13:00,0.0
08/22/2023 13:30,0.0
08/22/2023 14:00,0.0
08/22/2023 14:30,0.0
08/22/2023 15:00,0.0
08/22/2023 15:30,0.0
08/22/2023 16:00,0.0
08/22/2023 16:30,0.0
08/22/2023 17:00,0.0
08/22/2023 17:30,0.0
08/22/2023 18:00,0.0
08/22/2023 18:30,0.0
08/22/2023 19:00,0.0
08/22/2023 19:30,0.0
08/22/2023 20:00,0.0
08/22/2023 20:30,0.0
08/22/2023 21:00,0.0
08/22/2023 21:30,0.0
08/22/2023 22:00,0.0
08/22/2023 22:30,0.0
08/22/2023 23:00,0.0
08/22/2023 23:30,0.0
08/23/2023 00:00,0.0
08/23/2023 00:30,0.0
08/23/2023 01:00,0.0
08/23/2023 01:30,0.0
08/23/2023 02:00,0.0
08/23/2023 02:30,0.0
08/23/2023 03:00,0.0
08/23/2023 03:30,0.0
08/23/2023 04:00,0.0
08/23/2023 04:30,0.0
08/23/2023 05:00,0.0
08/23/2023 05:30,0.0
08/23/2023 06:00,0.0
08/23/2023 06:30,0.0
08/23/2023 07:00,0.0
08/23/2023 07:30,0.0
08/23/2023 08:00,0.0
08/23/2023 08:30,0.0
08/23/2023 09:00,0.0
08/23/2023 09:30,0.0
08/23/2023 10:00,0.0
08/23/2023 10:30,0.0
08/23/2023 11:00,0.0
08/23/2023 11:30,0.0
08/23/2023 12:00,0.0
08/23/2023 12:30,0.0
08/23/2023 13:00,0.0
08/23/2023 13:30,0.0
08/23/2023 14:00,0.0
08/23/2023 14:30,0.0
08/23/2023 15:00,0.0
08/23/2023 15:30,0.0
08/23/2023 16:00,0.0
08/23/2023 16:30,0.0
08/23/2023 17:00,0.0
08/23/2023 17:30,0.0
08/23/2023 18:00,0.0
08/23/2023 18:30,0.0
08/23/2023 19:00,0.0
08/23/2023 19:30,0.0
08/23/2023 20:00,0.0
08/23/2023 20:30,0.0
08/23/2023 21:00,0.0
08/23/2023 21:30,0.0
08/23/2023 22:00,0.0
08/23/2023 22:30,0.0
08/23/2023 23:00,0.0
08/23/2023 23:30,0.0
08/24/2023 00:00,0.0
08/24/2023 00:30,0.0
08/24/2023 01:00,0.0
08/24/2023 01:30,0.0
08/24/2023 02:00,0.0
08/24/2023 02:30,0.0
08/24/2023 03:00,0.0
08/24/2023 03:30,0.0
08/24/2023 04:00,0.0
08/24/2023 04:30,0.0
08/24/2023 05:00,0.0
08/24/2023 05:30,0.0
08/24/2023 06:00,0.0
08/24/2023 06:30,0.0
08/24/2023 07:00,0.0
08/24/2023 07:30,0.0
08/24/2023 08:00,0.0
08/24/2023 08:30,0.0
08/24/2023 09:00,0.0
08/24/2023 09:30,0.0
08/24/2023 10:00,0.0
08/24/2023 10:30,0.0
08/24/2023 11:00,0.0
08/24/2023 11:30,0.0
08/24/2023 12:00,0.0
08/24/2023 12:30,0.0
08/24/2023 13:00,0.0
08/24/2023 13:30,0.0
08/24/2023 14:00,0.0
08/24/2023 14:30,0.0
08/24/2023 15:00,0.0
08/24/2023 15:30,0.0
08/24/2023 16:00,0.0
08/24/2023 16:30,0.0
08/24/2023 17:00,0.0
08/24/2023 17:30,0.0
08/24/2023 18:00,0.0
08/24/2023 18:30,0.0
08/24/2023 19:00,0.0
08/24/2023 19:30,0.0
08/24/2023 20:00,0.0
08/24/2023 20:30,0.0
08/24/2023 21:00,0.0
08/24/2023 21:30,0.0
08/24/2023 22:00,0.0
08/24/2023 22:30,0.0
08/24/2023 23:00,0.0
08/24/2023 23:30,0.0
08/25/2023 00:00,0.0
08/25/2023 00:30,0.0
08/25/2023 01:00,0.0
08/25/2023 01:30,0.0
08/25/2023 02:00,0.0
08/25/2023 02:30,0.0
08/25/2023 03:00,0.0
08/25/2023 03:30,0.0
08/25/2023 04:00,0.0
08/25/2023 04:30,0.0
08/25/2023 05:00,0.0
08/25/2023 05:30,0.0
08/25/2023 06:00,0.0
08/25/2023 06:30,0.0
08/25/2023 07:00,0.0
08/25/2023 07:30,0.0
08/25/2023 08:00,0.0
08/25/2023 08:30,0.0
08/25/2023 09:00,0.0
08/25/2023 09:30,0.0
08/25/2023 10:00,0.0
08/25/2023 10:30,0.0
08/25/2023 11:00,0.0
08/25/2023 11:30,0.0
08/25/2023 12:00,0.0
08/25/2023 12:30,0.0
08/25/2023 13:00,0.0
08/25/2023 13:30,0.0
08/25/2023 14:00,0.0
08/25/2023 14:30,0.0
08/25/2023 15:00,0.0
08/25/2023 15:30,0.0
08/25/2023 16:00,0.0
08/25/2023 16:30,0.0
08/25/2023 17:00,0.0
08/25/2023 17:30,0.0
08/25/2023 18:00,0.0
08/25/2023 18:30,0.0
08/25/2023 19:00,0.0
08/25/2023 19:30,0.0
08/25/2023 20:00,0.0
08/25/2023 20:30,0.0
08/25/2023 21:00,0.0
08/25/2023 21:30,0.0
08/25/2023 22:00,0.0
08/25/2023 22:30,0.0
08/25/2023 23:00,0.0
08/25/2023 23:30,0.0
08/26/2023 00:00,0.0
08/26/2023 00:30,0.0
08/26/2023 01:00,0.0
08/26/2023 01:30,0.0
08/26/2023 02:00,0.0
08/26/2023 02:30,0.0
08/26/2023 03:00,0.0
08/26/2023 03:30,0.0
08/26/2023 04:00,0.0
08/26/2023 04:30,0.0
08/26/2023 05:00,0.0
08/26/2023 05:30,0.0
08/26/2023 06:00,0.0
08/26/2023 06:30,0.0
08/26/2023 07:00,0.0
08/26/2023 07:30,0.0
08/26/2023 08:00,0.0
08/26/2023 08:30,0.0
08/26/2023 09:00,0.0
08/26/2023 09:30,0.0
08/26/2023 10:00,0.0
08/26/2023 10:30,0.0
08/26/2023 11:00,0.0
08/26/2023 11:30,0.0
08/26/2023 12:00,0.0
08/26/2023 12:30,0.0
08/26/2023 13:00,0.0
08/26/2023 13:30,0.0
08/26/2023 14:00,0.0
08/26/2023 14:30,0.0
08/26/2023 15:00,0.0
08/26/2023 15:30,0.0
08/26/2023 16:00,0.0
08/26/2023 16:30,0.0
08/26/2023 17:00,0.0
08/26/2023 17:30,0.0
08/26/2023 18:00,0.0
08/26/2023 18:30,0.0
08/26/2023 19:00,0.0
08/26/2023 19:30,0.0
08/26/2023 20:00,0.0
08/26/2023 20:30,0.0
08/26/2023 21:00,0.0
08/26/2023 21:30,0.0
08/26/2023 22:00,0.0
08/26/2023 22:30,0.0
08/26/2023 23:00,0.0
08/26/2023 23:30,0.0
08/27/2023 00:00,0.0
08/27/2023 00:30,0.0
08/27/2023 01:00,0.0
08/27/2023 01:30,0.0
08/27/2023 02:00,0.0
08/27/2023 02:30,0.0
08/27/2023 03:00,0.0
08/27/2023 03:30,0.0
08/27/2023 04:00,0.0
08/27/2023 04:30,0.0
08/27/2023 05:00,0.0
08/27/2023 05:30,0.0
08/27/2023 06:00,0.0
08/27/2023 06:30,0.0
08/27/2023 07:00,0.0
08/27/2023 07:30,0.0
08/27/2023 08:00,0.0
08/27/2023 08:30,0.0
08/27/2023 09:00,0.0
08/27/2023 09:30,0.0
08/27/2023 10:00,0.0
08/27/2023 10:30,0.0
08/27/2023 11:00,0.0
08/27/2023 11:30,0.0
08/27/2023 12:00,0.0
08/27/2023 12:30,0.0
08/27/2023 13:00,0.0
08/27/2023 13:30,0.0
08/27/2023 14:00,0.0
08/27/2023 14:30,0.0
08/27/2023 15:00,0.0
08/27/2023 15:30,0.0
08/27/2023 16:00,0.0
08/27/2023 16:30,0.0
08/27/2023 17:00,0.0
08/27/2023 17:30,0.0
08/27/2023 18:00,0.0
08/27/2023 18:30,0.0
08/27/2023 19:00,0.0
08/27/2023 19:30,0.0
08/27/2023 20:00,0.0
08/27/2023 20:30,0.0
08/27/2023 21:00,0.0
08/27/2023 21:30,0.0
08/27/2023 22:00,0.0
08/27/2023 22:30,0.0
08/27/2023 23:00,0.0
08/27/2023 23:30,0.0
08/28/2023 00:00,0.0
08/28/2023 00:30,0.0
08/28/2023 01:00,0.0
08/28/2023 01:30,0.0
08/28/2023 02:00,0.0
08/28/2023 02:30,0.0
08/28/2023 03:00,0.0
08/28/2023 03:30,0.0
08/28/2023 04:00,0.0
08/28/2023 04:30,0.0
08/28/2023 05:00,0.0
08/28/2023 05:30,0.0
08/28/2023 06:00,0.0
08/28/2023 06:30,0.0
08/28/2023 07:00,0.0
08/28/2023 07:30,0.0
08/28/2023 08:00,0.0
08/28/2023 08:30,0.0
08/28/2023 09:00,0.0
08/28/2023 09:30,0.0
08/28/2023 10:00,0.0
08/28/2023 10:30,0.0
08/28/2023 11:00,0.0
08/28/2023 11:30,0.0
08/28/2023 12:00,0.0
08/28/2023 12:30,0.0
08/28/2023 13:00,0.0
08/28/2023 13:30,0.0
08/28/2023 14:00,0.0
08/28/2023 14:30,0.0
08/28/2023 15:00,0.0
08/28/2023 15:30,0.0
08/28/2023 16:00,0.0
08/28/2023 16:30,0.0
08/28/2023 17:00,0.0
08/28/2023 17:30,0.0
08/28/2023 18:00,0.0
08/28/2023 18:30,0.0
08/28/2023 19:00,0.0
08/28/2023 19:30,0.0
08/28/2023 20:00,0.0
08/28/2023 20:30,0.0
08/28/2023 21:00,0.0
08/28/2023 21:30,0.0
08/28/2023 22:00,0.0
08/28/2023 22:30,0.0
08/28/2023 23:00,0.0
08/28/2023 23:30,0.0
08/29/2023 00:00,1.738
08/29/2023 00:30,1.738
08/29/2023 01:00,1.738
08/29/2023 01:30,1.738
08/29/2023 02:00,1.738
08/29/2023 02:30,1.738
08/29/2023 03:00,1.738
08/29/2023 03:30,1.738
08/29/2023 04:00,1.738
08/29/2023 04:30,1.738
08/29/2023 05:00,1.738
08/29/2023 05:30,1.738
08/29/2023 06:00,1.738
08/29/2023 06:30,1.738
08/29/2023 07:00,1.738
08/29/2023 07:30,1.738
08/29/2023 08:00,1.738
08/29/2023 08:30,1.738
08/29/2023 09:00,1.738
08/29/2023 09:30,1.738
08/29/2023 10:00,1.738
08/29/2023 10:30,1.738
08/29/2023 11:00,1.738
08/29/2023 11:30,1.738
08/29/2023 12:00,1.738
08/29/2023 12:30,1.738
08/29/2023 13:00,1.738
08/29/2023 13:30,1.738
08/29/2023 14:00,1.738
08/29/2023 14:30,1.738
08/29/2023 15:00,1.738
08/29/2023 15:30,1.738
08/29/2023 16:00,1.738
08/29/2023 16:30,1.738
08/29/2023 17:00,1.738
08/29/2023 17:30,1.738
08/29/2023 18:00,1.738
08/29/2023 18:30,1.738
08/29/2023 19:00,1.738
08/29/2023 19:30,1.738
08/29/2023 20:00,1.738
08/29/2023 20:30,1.738
08/29/2023 21:00,1.738
08/29/2023 21:30,1.738
08/29/2023 22:00,1.738
08/29/2023 22:30,1.738
08/29/2023 23:00,1.738
08/29/2023 23:30,1.738
08/30/2023 00:00,1.738
08/30/2023 00:30,1.738
08/30/2023 01:00,1.738
08/30/2023 01:30,1.738
08/30/2023 02:00,1.738
08/30/2023 02:30,1.738
08/30/2023 03:00,1.738
08/30/2023 03:30,1.738
08/30/2023 04:00,1.738
08/30/2023 04:30,1.738
08/30/2023 05:00,1.738
08/30/2023 05:30,1.738
08/30/2023 06:00,1.738
08/30/2023 06:30,1.738
08/30/2023 07:00,1.738
08/30/2023 07:30,1.738
08/30/2023 08:00,1.738
08/30/2023 08:30,1.738
08/30/2023 09:00,1.738
08/30/2023 09:30,1.738
08/30/2023 10:00,1.738
08/30/2023 10:30,1.738
08/30/2023 11:00,1.738
08/30/2023 11:30,1.738
08/30/2023 12:00,1.738
08/30/2023 12:30,1.738
08/30/2023 13:00,1.738
08/30/2023 13:30,1.738
08/30/2023 14:00,1.738
08/30/2023 14:30,1.738
08/30/2023 15:00,1.738
08/30/2023 15:30,1.738
08/30/2023 16:00,1.738
08/30/2023 16:30,1.738
08/30/2023 17:00,1.738
08/30/2023 17:30,1.738
08/30/2023 18:00,1.738
08/30/2023 18:30,1.738
08/30/2023 19:00,1.738
08/30/2023 19:30,1.738
08/30/2023 20:00,1.738
08/30/2023 20:30,1.738
08/30/2023 21:00,1.738
08/30/2023 21:30,1.738
08/30/2023 22:00,1.738
08/30/2023 22:30,1.738
08/30/2023 23:00,1.738
08/30/2023 23:30,1.738
08/31/2023 00:00,1.587
08/31/2023 00:30,1.587
08/31/2023 01:00,1.587
08/31/2023 01:30,1.587
08/31/2023 02:00,1.587
08/31/2023 02:30,1.587
08/31/2023 03:00,1.587
08/31/2023 03:30,1.587
08/31/2023 04:00,1.587
08/31/2023 04:30,1.587
08/31/2023 05:00,1.587
08/31/2023 05:30,1.587
08/31/2023 06:00,1.587
08/31/2023 06:30,1.587
08/31/2023 07:00,1.587
08/31/2023 07:30,1.587
08/31/2023 08:00,1.587
08/31/2023 08:30,1.587
08/31/2023 09:00,1.587
08/31/2023 09:30,1.587
08/31/2023 10:00,1.587
08/31/2023 10:30,1.587
08/31/2023 11:00,1.587
08/31/2023 11:30,1.587
08/31/2023 12:00,1.587
08/31/2023 12:30,1.587
08/31/2023 13:00,1.587
08/31/2023 13:30,1.587
08/31/2023 14:00,1.587
08/31/2023 14:30,1.587
08/31/2023 15:00,1.587
08/31/2023 15:30,1.587
08/31/2023 16:00,1.587
08/31/2023 16:30,1.587
08/31/2023 17:00,1.587
08/31/2023 17:30,1.587
08/31/2023 18:00,1.587
08/31/2023 18:30,1.587
08/31/2023 19:00,1.587
08/31/2023 19:30,1.587
08/31/2023 20:00,1.587
08/31/2023 20:30,1.587
08/31/2023 21:00,1.587
08/31/2023 21:30,1.587
08/31/2023 22:00,1.587
08/31/2023 22:30,1.587
08/31/2023 23:00,1.587
08/31/2023 23:30,1.587
09/01/2023 00:00,1.587
09/01/2023 00:30,1.587
09/01/2023 01:00,1.587
09/01/2023 01:30,1.587
09/01/2023 02:00,1.587
09/01/2023 02:30,1.587
09/01/2023 03:00,1.587
09/01/2023 03:30,1.587
09/01/2023 04:00,1.587
09/01/2023 04:30,1.587
09/01/2023 05:00,1.587
09/01/2023 05:30,1.587
09/01/2023 06:00,1.587
09/01/2023 06:30,1.587
09/01/2023 07:00,1.587
09/01/2023 07:30,1.587
09/01/2023 08:00,1.587
09/01/2023 08:30,1.587
09/01/2023 09:00,1.587
09/01/2023 09:30,1.587
09/01/2023 10:00,1.587
09/01/2023 10:30,1.587
09/01/2023 11:00,1.587
09/01/2023 11:30,1.587
09/01/2023 12:00,1.587
09/01/2023 12:30,1.587
09/01/2023 13:00,1.587
09/01/2023 13:30,1.587
09/01/2023 14:00,1.587
09/01/2023 14:30,1.587
09/01/2023 15:00,1.587
09/01/2023 15:30,1.587
09/01/2023 16:00,1.587
09/01/2023 16:30,1.587
09/01/2023 17:00,1.587
09/01/2023 17:30,1.587
09/01/2023 18:00,1.587
09/01/2023 18:30,1.587
09/01/2023 19:00,1.587
09/01/2023 19:30,1.587
09/01/2023 20:00,1.587
09/01/2023 20:30,1.587
09/01/2023 21:00,1.587
09/01/2023 21:30,1.587
09/01/2023 22:00,1.587
09/01/2023 22:30,1.587
09/01/2023 23:00,1.587
09/01/2023 23:30,1.587
09/02/2023 00:00,1.587
09/02/2023 00:30,1.587
09/02/2023 01:00,1.587
09/02/2023 01:30,1.587
09/02/2023 02:00,1.587
09/02/2023 02:30,1.587
09/02/2023 03:00,1.587
09/02/2023 03:30,1.587
09/02/2023 04:00,1.587
09/02/2023 04:30,1.587
09/02/2023 05:00,1.587
09/02/2023 05:30,1.587
09/02/2023 06:00,1.587
09/02/2023 06:30,1.587
09/02/2023 07:00,1.587
09/02/2023 07:30,1.587
09/02/2023 08:00,1.587
09/02/2023 08:30,1.587
09/02/2023 09:00,1.587
09/02/2023 09:30,1.587
09/02/2023 10:00,1.587
09/02/2023 10:30,1.587
09/02/2023 11:00,1.587
09/02/2023 11:30,1.587
09/02/2023 12:00,1.587
09/02/2023 12:30,1.587
09/02/2023 13:00,1.587
09/02/2023 13:30,1.587
09/02/2023 14:00,1.587
09/02/2023 14:30,1.587
09/02/2023 15:00,1.587
09/02/2023 15:30,1.587
09/02/2023 16:00,1.587
09/02/2023 16:30,1.587
09/02/2023 17:00,1.587
09/02/2023 17:30,1.587
09/02/2023 18:00,1.587
09/02/2023 18:30,1.587
09/02/2023 19:00,1.587
09/02/2023 19:30,1.587
09/02/2023 20:00,1.587
09/02/2023 20:30,1.587
09/02/2023 21:00,1.587
09/02/2023 21:30,1.587
09/02/2023 22:00,1.587
09/02/2023 22:30,1.587
09/02/2023 23:00,1.587
09/02/2023 23:30,1.587
09/03/2023 00:00,1.44
09/03/2023 00:30,1.44
09/03/2023 01:00,1.44
09/03/2023 01:30,1.44
09/03/2023 02:00,1.44
09/03/2023 02:30,1.44
09/03/2023 03:00,1.44
09/03/2023 03:30,1.44
09/03/2023 04:00,1.44
09/03/2023 04:30,1.44
09/03/2023 05:00,1.44
09/03/2023 05:30,1.44
09/03/2023 06:00,1.44
09/03/2023 06:30,1.44
09/03/2023 07:00,1.44
09/03/2023 07:30,1.44
09/03/2023 08:00,1.44
09/03/2023 08:30,1.44
09/03/2023 09:00,1.44
09/03/2023 09:30,1.44
09/03/2023 10:00,1.44
09/03/2023 10:30,1.44
09/03/2023 11:00,1.44
09/03/2023 11:30,1.44
09/03/2023 12:00,1.44
09/03/2023 12:30,1.44
09/03/2023 13:00,1.44
09/03/2023 13:30,1.44
09/03/2023 14:00,1.44
09/03/2023 14:30,1.44
09/03/2023 15:00,1.44
09/03/2023 15:30,1.44
09/03/2023 16:00,1.44
09/03/2023 16:30,1.44
09/03/2023 17:00,1.44
09/03/2023 17:30,1.44
09/03/2023 18:00,1.44
09/03/2023 18:30,1.44
09/03/2023 19:00,1.44
09/03/2023 19:30,1.44
09/03/2023 20:00,1.44
09/03/2023 20:30,1.44
09/03/2023 21:00,1.44
09/03/2023 21:30,1.44
09/03/2023 22:00,1.44
09/03/2023 22:30,1.44
09/03/2023 23:00,1.44
09/03/2023 23:30,1.44
09/04/2023 00:00,1.44
09/04/2023 00:30,1.44
09/04/2023 01:00,1.44
09/04/2023 01:30,1.44
09/04/2023 02:00,1.44
09/04/2023 02:30,1.44
09/04/2023 03:00,1.44
09/04/2023 03:30,1.44
09/04/2023 04:00,1.44
09/04/2023 04:30,1.44
09/04/2023 05:00,1.44
09/04/2023 05:30,1.44
09/04/2023 06:00,1.44
09/04/2023 06:30,1.44
09/04/2023 07:00,1.44
09/04/2023 07:30,1.44
09/04/2023 08:00,1.44
09/04/2023 08:30,1.44
09/04/2023 09:00,1.44
09/04/2023 09:30,1.44
09/04/2023 10:00,1.44
09/04/2023 10:30,1.44
09/04/2023 11:00,1.44
09/04/2023 11:30,1.44
09/04/2023 12:00,1.44
09/04/2023 12:30,1.44
09/04/2023 13:00,1.44
09/04/2023 13:30,1.44
09/04/2023 14:00,1.44
09/04/2023 14:30,1.44
09/04/2023 15:00,1.44
09/04/2023 15:30,1.44
09/04/2023 16:00,1.44
09/04/2023 16:30,1.44
09/04/2023 17:00,1.44
09/04/2023 17:30,1.44
09/04/2023 18:00,1.44
09/04/2023 18:30,1.44
09/04/2023 19:00,1.44
09/04/2023 19:30,1.44
09/04/2023 20:00,1.44
09/04/2023 20:30,1.44
09/04/2023 21:00,1.44
09/04/2023 21:30,1.44
09/04/2023 22:00,1.44
09/04/2023 22:30,1.44
09/04/2023 23:00,1.44
09/04/2023 23:30,1.44
09/05/2023 00:00,1.299
09/05/2023 00:30,1.299
09/05/2023 01:00,1.299
09/05/2023 01:30,1.299
09/05/2023 02:00,1.299
09/05/2023 02:30,1.299
09/05/2023 03:00,1.299
09/05/2023 03:30,1.299
09/05/2023 04:00,1.299
09/05/2023 04:30,1.299
09/05/2023 05:00,1.299
09/05/2023 05:30,1.299
09/05/2023 06:00,1.299
09/05/2023 06:30,1.299
09/05/2023 07:00,1.299
09/05/2023 07:30,1.299
09/05/2023 08:00,1.299
09/05/2023 08:30,1.299
09/05/2023 09:00,1.299
09/05/2023 09:30,1.299
09/05/2023 10:00,1.299
09/05/2023 10:30,1.299
09/05/2023 11:00,1.299
09/05/2023 11:30,1.299
09/05/2023 12:00,1.299
09/05/2023 12:30,1.299
09/05/2023 13:00,1.299
09/05/2023 13:30,1.299
09/05/2023 14:00,1.299
09/05/2023 14:30,1.299
09/05/2023 15:00,1.299
09/05/2023 15:30,1.299
09/05/2023 16:00,1.299
09/05/2023 16:30,1.299
09/05/2023 17:00,1.299
09/05/2023 17:30,1.299
09/05/2023 18:00,1.299
09/05/2023 18:30,1.299
09/05/2023 19:00,1.299
09/05/2023 19:30,1.299
09/05/2023 20:00,1.299
09/05/2023 20:30,1.299
09/05/2023 21:00,1.299
09/05/2023 21:30,1.299
09/05/2023 22:00,1.299
09/05/2023 22:30,1.299
09/05/2023 23:00,1.299
09/05/2023 23:30,1.299
09/06/2023 00:00,1.299
09/06/2023 00:30,1.299
09/06/2023 01:00,1.299
09/06/2023 01:30,1.299
09/06/2023 02:00,1.299
09/06/2023 02:30,1.299
09/06/2023 03:00,1.299
09/06/2023 03:30,1.299
09/06/2023 04:00,1.299
09/06/2023 04:30,1.299
09/06/2023 05:00,1.299
09/06/2023 05:30,1.299
09/06/2023 06:00,1.299
09/06/2023 06:30,1.299
09/06/2023 07:00,1.299
09/06/2023 07:30,1.299
09/06/2023 08:00,1.299
09/06/2023 08:30,1.299
09/06/2023 09:00,1.299
09/06/2023 09:30,1.299
09/06/2023 10:00,1.299
09/06/2023 10:30,1.299
09/06/2023 11:00,1.299
09/06/2023 11:30,1.299
09/06/2023 12:00,1.299
09/06/2023 12:30,1.299
09/06/2023 13:00,1.299
09/06/2023 13:30,1.299
09/06/2023 14:00,1.299
09/06/2023 14:30,1.299
09/06/2023 15:00,1.299
09/06/2023 15:30,1.299
09/06/2023 16:00,1.299
09/06/2023 16:30,1.299
09/06/2023 17:00,1.299
09/06/2023 17:30,1.299
09/06/2023 18:00,1.299
09/06/2023 18:30,1.299
09/06/2023 19:00,1.299
09/06/2023 19:30,1.299
09/06/2023 20:00,1.299
09/06/2023 20:30,1.299
09/06/2023 21:00,1.299
09/06/2023 21:30,1.299
09/06/2023 22:00,1.299
09/06/2023 22:30,1.299
09/06/2023 23:00,1.299
09/06/2023 23:30,1.299
09/07/2023 00:00,1.162
09/07/2023 00:30,1.162
09/07/2023 01:00,1.162
09/07/2023 01:30,1.162
09/07/2023 02:00,1.162
09/07/2023 02:30,1.162
09/07/2023 03:00,1.162
09/07/2023 03:30,1.162
09/07/2023 04:00,1.162
09/07/2023 04:30,1.162
09/07/2023 05:00,1.162
09/07/2023 05:30,1.162
09/07/2023 06:00,1.162
09/07/2023 06:30,1.162
09/07/2023 07:00,1.162
09/07/2023 07:30,1.162
09/07/2023 08:00,1.162
09/07/2023 08:30,1.162
09/07/2023 09:00,1.162
09/07/2023 09:30,1.162
09/07/2023 10:00,1.162
09/07/2023 10:30,1.162
09/07/2023 11:00,1.162
09/07/2023 11:30,1.162
09/07/2023 12:00,1.162
09/07/2023 12:30,1.162
09/07/2023 13:00,1.162
09/07/2023 13:30,1.162
09/07/2023 14:00,1.162
09/07/2023 14:30,1.162
09/07/2023 15:00,1.162
09/07/2023 15:30,1.162
09/07/2023 16:00,1.162
09/07/2023 16:30,1.162
09/07/2023 17:00,1.162
09/07/2023 17:30,1.162
09/07/2023 18:00,1.162
09/07/2023 18:30,1.162
09/07/2023 19:00,1.162
09/07/2023 19:30,1.162
09/07/2023 20:00,1.162
09/07/2023 20:30,1.162
09/07/2023 21:00,1.162
09/07/2023 21:30,1.162
09/07/2023 22:00,1.162
09/07/2023 22:30,1.162
09/07/2023 23:00,1.162
09/07/2023 23:30,1.162
09/08/2023 00:00,1.162
09/08/2023 00:30,1.162
09/08/2023 01:00,1.162
09/08/2023 01:30,1.162
09/08/2023 02:00,1.162
09/08/2023 02:30,1.162
09/08/2023 03:00,1.162
09/08/2023 03:30,1.162
09/08/2023 04:00,1.162
09/08/2023 04:30,1.162
09/08/2023 05:00,1.162
09/08/2023 05:30,1.162
09/08/2023 06:00,1.162
09/08/2023 06:30,1.162
09/08/2023 07:00,1.162
09/08/2023 07:30,1.162
09/08/2023 08:00,1.162
09/08/2023 08:30,1.162
09/08/2023 09:00,1.162
09/08/2023 09:30,1.162
09/08/2023 10:00,1.162
09/08/2023 10:30,1.162
09/08/2023 11:00,1.162
09/08/2023 11:30,1.162
09/08/2023 12:00,1.162
09/08/2023 12:30,1.162
09/08/2023 13:00,1.162
09/08/2023 13:30,1.162
09/08/2023 14:00,1.162
09/08/2023 14:30,1.162
09/08/2023 15:00,1.162
09/08/2023 15:30,1.162
09/08/2023 16:00,1.162
09/08/2023 16:30,1.162
09/08/2023 17:00,1.162
09/08/2023 17:30,1.162
09/08/2023 18:00,1.162
09/08/2023 18:30,1.162
09/08/2023 19:00,1.162
09/08/2023 19:30,1.162
09/08/2023 20:00,1.162
09/08/2023 20:30,1.162
09/08/2023 21:00,1.162
09/08/2023 21:30,1.162
09/08/2023 22:00,1.162
09/08/2023 22:30,1.162
09/08/2023 23:00,1.162
09/08/2023 23:30,1.162
09/09/2023 00:00,1.162
09/09/2023 00:30,1.162
09/09/2023 01:00,1.162
09/09/2023 01:30,1.162
09/09/2023 02:00,1.162
09/09/2023 02:30,1.162
09/09/2023 03:00,1.162
09/09/2023 03:30,1.162
09/09/2023 04:00,1.162
09/09/2023 04:30,1.162
09/09/2023 05:00,1.162
09/09/2023 05:30,1.162
09/09/2023 06:00,1.162
09/09/2023 06:30,1.162
09/09/2023 07:00,1.162
09/09/2023 07:30,1.162
09/09/2023 08:00,1.162
09/09/2023 08:30,1.162
09/09/2023 09:00,1.162
09/09/2023 09:30,1.162
09/09/2023 10:00,1.162
09/09/2023 10:30,1.162
09/09/2023 11:00,1.162
09/09/2023 11:30,1.162
09/09/2023 12:00,1.162
09/09/2023 12:30,1.162
09/09/2023 13:00,1.162
09/09/2023 13:30,1.162
09/09/2023 14:00,1.162
09/09/2023 14:30,1.162
09/09/2023 15:00,1.162
09/09/2023 15:30,1.162
09/09/2023 16:00,1.162
09/09/2023 16:30,1.162
09/09/2023 17:00,1.162
09/09/2023 17:30,1.162
09/09/2023 18:00,1.162
09/09/2023 18:30,1.162
09/09/2023 19:00,1.162
09/09/2023 19:30,1.162
09/09/2023 20:00,1.162
09/09/2023 20:30,1.162
09/09/2023 21:00,1.162
09/09/2023 21:30,1.162
09/09/2023 22:00,1.162
09/09/2023 22:30,1.162
09/09/2023 23:00,1.162
09/09/2023 23:30,1.162
09/10/2023 00:00,1.031
09/10/2023 00:30,1.031
09/10/2023 01:00,1.031
09/10/2023 01:30,1.031
09/10/2023 02:00,1.031
09/10/2023 02:30,1.031
09/10/2023 03:00,1.031
09/10/2023 03:30,1.031
09/10/2023 04:00,1.031
09/10/2023 04:30,1.031
09/10/2023 05:00,1.031
09/10/2023 05:30,1.031
09/10/2023 06:00,1.031
09/10/2023 06:30,1.031
09/10/2023 07:00,1.031
09/10/2023 07:30,1.031
09/10/2023 08:00,1.031
09/10/2023 08:30,1.031
09/10/2023 09:00,1.031
09/10/2023 09:30,1.031
09/10/2023 10:00,1.031
09/10/2023 10:30,1.031
09/10/2023 11:00,1.031
09/10/2023 11:30,1.031
09/10/2023 12:00,1.031
09/10/2023 12:30,1.031
09/10/2023 13:00,1.031
09/10/2023 13:30,1.031
09/10/2023 14:00,1.031
09/10/2023 14:30,1.031
09/10/2023 15:00,1.031
09/10/2023 15:30,1.031
09/10/2023 16:00,1.031
09/10/2023 16:30,1.031
09/10/2023 17:00,1.031
09/10/2023 17:30,1.031
09/10/2023 18:00,1.031
09/10/2023 18:30,1.031
09/10/2023 19:00,1.031
09/10/2023 19:30,1.031
09/10/2023 20:00,1.031
09/10/2023 20:30,1.031
09/10/2023 21:00,1.031
09/10/2023 21:30,1.031
09/10/2023 22:00,1.031
09/10/2023 22:30,1.031
09/10/2023 23:00,1.031
09/10/2023 23:30,1.031
09/11/2023 00:00,1.031
09/11/2023 00:30,1.031
09/11/2023 01:00,1.031
09/11/2023 01:30,1.031
09/11/2023 02:00,1.031
09/11/2023 02:30,1.031
09/11/2023 03:00,1.031
09/11/2023 03:30,1.031
09/11/2023 04:00,1.031
09/11/2023 04:30,1.031
09/11/2023 05:00,1.031
09/11/2023 05:30,1.031
09/11/2023 06:00,1.031
09/11/2023 06:30,1.031
09/11/2023 07:00,1.031
09/11/2023 07:30,1.031
09/11/2023 08:00,1.031
09/11/2023 08:30,1.031
09/11/2023 09:00,1.031
09/11/2023 09:30,1.031
09/11/2023 10:00,1.031
09/11/2023 10:30,1.031
09/11/2023 11:00,1.031
09/11/2023 11:30,1.031
09/11/2023 12:00,1.031
09/11/2023 12:30,1.031
09/11/2023 13:00,1.031
09/11/2023 13:30,1.031
09/11/2023 14:00,1.031
09/11/2023 14:30,1.031
09/11/2023 15:00,1.031
09/11/2023 15:30,1.031
09/11/2023 16:00,1.031
09/11/2023 16:30,1.031
09/11/2023 17:00,1.031
09/11/2023 17:30,1.031
09/11/2023 18:00,1.031
09/11/2023 18:30,1.031
09/11/2023 19:00,1.031
09/11/2023 19:30,1.031
09/11/2023 20:00,1.031
09/11/2023 20:30,1.031
09/11/2023 21:00,1.031
09/11/2023 21:30,1.031
09/11/2023 22:00,1.031
09/11/2023 22:30,1.031
09/11/2023 23:00,1.031
09/11/2023 23:30,1.031
09/12/2023 00:00,0.904
09/12/2023 00:30,0.904
09/12/2023 01:00,0.904
09/12/2023 01:30,0.904
09/12/2023 02:00,0.904
09/12/2023 02:30,0.904
09/12/2023 03:00,0.904
09/12/2023 03:30,0.904
09/12/2023 04:00,0.904
09/12/2023 04:30,0.904
09/12/2023 05:00,0.904
09/12/2023 05:30,0.904
09/12/2023 06:00,0.904
09/12/2023 06:30,0.904
09/12/2023 07:00,0.904
09/12/2023 07:30,0.904
09/12/2023 08:00,0.904
09/12/2023 08:30,0.904
09/12/2023 09:00,0.904
09/12/2023 09:30,0.904
09/12/2023 10:00,0.904
09/12/2023 10:30,0.904
09/12/2023 11:00,0.904
09/12/2023 11:30,0.904
09/12/2023 12:00,0.904
09/12/2023 12:30,0.904
09/12/2023 13:00,0.904
09/12/2023 13:30,0.904
09/12/2023 14:00,0.904
09/12/2023 14:30,0.904
09/12/2023 15:00,0.904
09/12/2023 15:30,0.904
09/12/2023 16:00,0.904
09/12/2023 16:30,0.904
09/12/2023 17:00,0.904
09/12/2023 17:30,0.904
09/12/2023 18:00,0.904
09/12/2023 18:30,0.904
09/12/2023 19:00,0.904
09/12/2023 19:30,0.904
09/12/2023 20:00,0.904
09/12/2023 20:30,0.904
09/12/2023 21:00,0.904
09/12/2023 21:30,0.904
09/12/2023 22:00,0.904
09/12/2023 22:30,0.904
09/12/2023 23:00,0.904
09/12/2023 23:30,0.904
09/13/2023 00:00,0.784
09/13/2023 00:30,0.784
09/13/2023 01:00,0.784
09/13/2023 01:30,0.784
09/13/2023 02:00,0.784
09/13/2023 02:30,0.784
09/13/2023 03:00,0.784
09/13/2023 03:30,0.784
09/13/2023 04:00,0.784
09/13/2023 04:30,0.784
09/13/2023 05:00,0.784
09/13/2023 05:30,0.784
09/13/2023 06:00,0.784
09/13/2023 06:30,0.784
09/13/2023 07:00,0.784
09/13/2023 07:30,0.784
09/13/2023 08:00,0.784
09/13/2023 08:30,0.784
09/13/2023 09:00,0.784
09/13/2023 09:30,0.784
09/13/2023 10:00,0.784
09/13/2023 10:30,0.784
09/13/2023 11:00,0.784
09/13/2023 11:30,0.784
09/13/2023 12:00,0.784
09/13/2023 12:30,0.784
09/13/2023 13:00,0.784
09/13/2023 13:30,0.784
09/13/2023 14:00,0.784
09/13/2023 14:30,0.784
09/13/2023 15:00,0.784
09/13/2023 15:30,0.784
09/13/2023 16:00,0.784
09/13/2023 16:30,0.784
09/13/2023 17:00,0.784
09/13/2023 17:30,0.784
09/13/2023 18:00,0.784
09/13/2023 18:30,0.784
09/13/2023 19:00,0.784
09/13/2023 19:30,0.784
09/13/2023 20:00,0.784
09/13/2023 20:30,0.784
09/13/2023 21:00,0.784
09/13/2023 21:30,0.784
09/13/2023 22:00,0.784
09/13/2023 22:30,0.784
09/13/2023 23:00,0.784
09/13/2023 23:30,0.784
09/14/2023 00:00,0.784
09/14/2023 00:30,0.784
09/14/2023 01:00,0.784
09/14/2023 01:30,0.784
09/14/2023 02:00,0.784
09/14/2023 02:30,0.784
09/14/2023 03:00,0.784
09/14/2023 03:30,0.784
09/14/2023 04:00,0.784
09/14/2023 04:30,0.784
09/14/2023 05:00,0.784
09/14/2023 05:30,0.784
09/14/2023 06:00,0.784
09/14/2023 06:30,0.784
09/14/2023 07:00,0.784
09/14/2023 07:30,0.784
09/14/2023 08:00,0.784
09/14/2023 08:30,0.784
09/14/2023 09:00,0.784
09/14/2023 09:30,0.784
09/14/2023 10:00,0.784
09/14/2023 10:30,0.784
09/14/2023 11:00,0.784
09/14/2023 11:30,0.784
09/14/2023 12:00,0.784
09/14/2023 12:30,0.784
09/14/2023 13:00,0.784
09/14/2023 13:30,0.784
09/14/2023 14:00,0.784
09/14/2023 14:30,0.784
09/14/2023 15:00,0.784
09/14/2023 15:30,0.784
09/14/2023 16:00,0.784
09/14/2023 16:30,0.784
09/14/2023 17:00,0.784
09/14/2023 17:30,0.784
09/14/2023 18:00,0.784
09/14/2023 18:30,0.784
09/14/2023 19:00,0.784
09/14/2023 19:30,0.784
09/14/2023 20:00,0.784
09/14/2023 20:30,0.784
09/14/2023 21:00,0.784
09/14/2023 21:30,0.784
09/14/2023 22:00,0.784
09/14/2023 22:30,0.784
09/14/2023 23:00,0.784
09/14/2023 23:30,0.784
09/15/2023 00:00,0.784
09/15/2023 00:30,0.784
09/15/2023 01:00,0.784
09/15/2023 01:30,0.784
09/15/2023 02:00,0.784
09/15/2023 02:30,0.784
09/15/2023 03:00,0.784
09/15/2023 03:30,0.784
09/15/2023 04:00,0.784
09/15/2023 04:30,0.784
09/15/2023 05:00,0.784
09/15/2023 05:30,0.784
09/15/2023 06:00,0.784
09/15/2023 06:30,0.784
09/15/2023 07:00,0.784
09/15/2023 07:30,0.784
09/15/2023 08:00,0.784
09/15/2023 08:30,0.784
09/15/2023 09:00,0.784
09/15/2023 09:30,0.784
09/15/2023 10:00,0.784
09/15/2023 10:30,0.784
09/15/2023 11:00,0.784
09/15/2023 11:30,0.784
09/15/2023 12:00,0.784
09/15/2023 12:30,0.784
09/15/2023 13:00,0.784
09/15/2023 13:30,0.784
09/15/2023 14:00,0.784
09/15/2023 14:30,0.784
09/15/2023 15:00,0.784
09/15/2023 15:30,0.784
09/15/2023 16:00,0.784
09/15/2023 16:30,0.784
09/15/2023 17:00,0.784
09/15/2023 17:30,0.784
09/15/2023 18:00,0.784
09/15/2023 18:30,0.784
09/15/2023 19:00,0.784
09/15/2023 19:30,0.784
09/15/2023 20:00,0.784
09/15/2023 20:30,0.784
09/15/2023 21:00,0.784
09/15/2023 21:30,0.784
09/15/2023 22:00,0.784
09/15/2023 22:30,0.784
09/15/2023 23:00,0.784
09/15/2023 23:30,0.784
09/16/2023 00:00,0.784
09/16/2023 00:30,0.784
09/16/2023 01:00,0.784
09/16/2023 01:30,0.784
09/16/2023 02:00,0.784
09/16/2023 02:30,0.784
09/16/2023 03:00,0.784
09/16/2023 03:30,0.784
09/16/2023 04:00,0.784
09/16/2023 04:30,0.784
09/16/2023 05:00,0.784
09/16/2023 05:30,0.784
09/16/2023 06:00,0.784
09/16/2023 06:30,0.784
09/16/2023 07:00,0.784
09/16/2023 07:30,0.784
09/16/2023 08:00,0.784
09/16/2023 08:30,0.784
09/16/2023 09:00,0.784
09/16/2023 09:30,0.784
09/16/2023 10:00,0.784
09/16/2023 10:30,0.784
09/16/2023 11:00,0.784
09/16/2023 11:30,0.784
09/16/2023 12:00,0.784
09/16/2023 12:30,0.784
09/16/2023 13:00,0.784
09/16/2023 13:30,0.784
09/16/2023 14:00,0.784
09/16/2023 14:30,0.784
09/16/2023 15:00,0.784
09/16/2023 15:30,0.784
09/16/2023 16:00,0.784
09/16/2023 16:30,0.784
09/16/2023 17:00,0.784
09/16/2023 17:30,0.784
09/16/2023 18:00,0.784
09/16/2023 18:30,0.784
09/16/2023 19:00,0.784
09/16/2023 19:30,0.784
09/16/2023 20:00,0.784
09/16/2023 20:30,0.784
09/16/2023 21:00,0.784
09/16/2023 21:30,0.784
09/16/2023 22:00,0.784
09/16/2023 22:30,0.784
09/16/2023 23:00,0.784
09/16/2023 23:30,0.784
09/17/2023 00:00,0.784
09/17/2023 00:30,0.784
09/17/2023 01:00,0.784
09/17/2023 01:30,0.784
09/17/2023 02:00,0.784
09/17/2023 02:30,0.784
09/17/2023 03:00,0.784
09/17/2023 03:30,0.784
09/17/2023 04:00,0.784
09/17/2023 04:30,0.784
09/17/2023 05:00,0.784
09/17/2023 05:30,0.784
09/17/2023 06:00,0.784
09/17/2023 06:30,0.784
09/17/2023 07:00,0.784
09/17/2023 07:30,0.784
09/17/2023 08:00,0.784
09/17/2023 08:30,0.784
09/17/2023 09:00,0.784
09/17/2023 09:30,0.784
09/17/2023 10:00,0.784
09/17/2023 10:30,0.784
09/17/2023 11:00,0.784
09/17/2023 11:30,0.784
09/17/2023 12:00,0.784
09/17/2023 12:30,0.784
09/17/2023 13:00,0.784
09/17/2023 13:30,0.784
09/17/2023 14:00,0.784
09/17/2023 14:30,0.784
09/17/2023 15:00,0.784
09/17/2023 15:30,0.784
09/17/2023 16:00,0.784
09/17/2023 16:30,0.784
09/17/2023 17:00,0.784
09/17/2023 17:30,0.784
09/17/2023 18:00,0.784
09/17/2023 18:30,0.784
09/17/2023 19:00,0.784
09/17/2023 19:30,0.784
09/17/2023 20:00,0.784
09/17/2023 20:30,0.784
09/17/2023 21:00,0.784
09/17/2023 21:30,0.784
09/17/2023 22:00,0.784
09/17/2023 22:30,0.784
09/17/2023 23:00,0.784
09/17/2023 23:30,0.784
09/18/2023 00:00,0.784
09/18/2023 00:30,0.784
09/18/2023 01:00,0.784
09/18/2023 01:30,0.784
09/18/2023 02:00,0.784
09/18/2023 02:30,0.784
09/18/2023 03:00,0.784
09/18/2023 03:30,0.784
09/18/2023 04:00,0.784
09/18/2023 04:30,0.784
09/18/2023 05:00,0.784
09/18/2023 05:30,0.784
09/18/2023 06:00,0.784
09/18/2023 06:30,0.784
09/18/2023 07:00,0.784
09/18/2023 07:30,0.784
09/18/2023 08:00,0.784
09/18/2023 08:30,0.784
09/18/2023 09:00,0.784
09/18/2023 09:30,0.784
09/18/2023 10:00,0.784
09/18/2023 10:30,0.784
09/18/2023 11:00,0.784
09/18/2023 11:30,0.784
09/18/2023 12:00,0.784
09/18/2023 12:30,0.784
09/18/2023 13:00,0.784
09/18/2023 13:30,0.784
09/18/2023 14:00,0.784
09/18/2023 14:30,0.784
09/18/2023 15:00,0.784
09/18/2023 15:30,0.784
09/18/2023 16:00,0.784
09/18/2023 16:30,0.784
09/18/2023 17:00,0.784
09/18/2023 17:30,0.784
09/18/2023 18:00,0.784
09/18/2023 18:30,0.784
09/18/2023 19:00,0.784
09/18/2023 19:30,0.784
09/18/2023 20:00,0.784
09/18/2023 20:30,0.784
09/18/2023 21:00,0.784
09/18/2023 21:30,0.784
09/18/2023 22:00,0.784
09/18/2023 22:30,0.784
09/18/2023 23:00,0.784
09/18/2023 23:30,0.784
09/19/2023 00:00,0.784
09/19/2023 00:30,0.784
09/19/2023 01:00,0.784
09/19/2023 01:30,0.784
09/19/2023 02:00,0.784
09/19/2023 02:30,0.784
09/19/2023 03:00,0.784
09/19/2023 03:30,0.784
09/19/2023 04:00,0.784
09/19/2023 04:30,0.784
09/19/2023 05:00,0.784
09/19/2023 05:30,0.784
09/19/2023 06:00,0.784
09/19/2023 06:30,0.784
09/19/2023 07:00,0.784
09/19/2023 07:30,0.784
09/19/2023 08:00,0.784
09/19/2023 08:30,0.784
09/19/2023 09:00,0.784
09/19/2023 09:30,0.784
09/19/2023 10:00,0.784
09/19/2023 10:30,0.784
09/19/2023 11:00,0.784
09/19/2023 11:30,0.784
09/19/2023 12:00,0.784
09/19/2023 12:30,0.784
09/19/2023 13:00,0.784
09/19/2023 13:30,0.784
09/19/2023 14:00,0.784
09/19/2023 14:30,0.784
09/19/2023 15:00,0.784
09/19/2023 15:30,0.784
09/19/2023 16:00,0.784
09/19/2023 16:30,0.784
09/19/2023 17:00,0.784
09/19/2023 17:30,0.784
09/19/2023 18:00,0.784
09/19/2023 18:30,0.784
09/19/2023 19:00,0.784
09/19/2023 19:30,0.784
09/19/2023 20:00,0.784
09/19/2023 20:30,0.784
09/19/2023 21:00,0.784
09/19/2023 21:30,0.784
09/19/2023 22:00,0.784
09/19/2023 22:30,0.784
09/19/2023 23:00,0.784
09/19/2023 23:30,0.784
09/20/2023 00:00,0.669
09/20/2023 00:30,0.669
09/20/2023 01:00,0.669
09/20/2023 01:30,0.669
09/20/2023 02:00,0.669
09/20/2023 02:30,0.669
09/20/2023 03:00,0.669
09/20/2023 03:30,0.669
09/20/2023 04:00,0.669
09/20/2023 04:30,0.669
09/20/2023 05:00,0.669
09/20/2023 05:30,0.669
09/20/2023 06:00,0.669
09/20/2023 06:30,0.669
09/20/2023 07:00,0.669
09/20/2023 07:30,0.669
09/20/2023 08:00,0.669
09/20/2023 08:30,0.669
09/20/2023 09:00,0.669
09/20/2023 09:30,0.669
09/20/2023 10:00,0.669
09/20/2023 10:30,0.669
09/20/2023 11:00,0.669
09/20/2023 11:30,0.669
09/20/2023 12:00,0.669
09/20/2023 12:30,0.669
09/20/2023 13:00,0.669
09/20/2023 13:30,0.669
09/20/2023 14:00,0.669
09/20/2023 14:30,0.669
09/20/2023 15:00,0.669
09/20/2023 15:30,0.669
09/20/2023 16:00,0.669
09/20/2023 16:30,0.669
09/20/2023 17:00,0.669
09/20/2023 17:30,0.669
09/20/2023 18:00,0.669
09/20/2023 18:30,0.669
09/20/2023 19:00,0.669
09/20/2023 19:30,0.669
09/20/2023 20:00,0.669
09/20/2023 20:30,0.669
09/20/2023 21:00,0.669
09/20/2023 21:30,0.669
09/20/2023 22:00,0.669
09/20/2023 22:30,0.669
09/20/2023 23:00,0.669
09/20/2023 23:30,0.669
09/21/2023 00:00,0.561
09/21/2023 00:30,0.561
09/21/2023 01:00,0.561
09/21/2023 01:30,0.561
09/21/2023 02:00,0.561
09/21/2023 02:30,0.561
09/21/2023 03:00,0.561
09/21/2023 03:30,0.561
09/21/2023 04:00,0.561
09/21/2023 04:30,0.561
09/21/2023 05:00,0.561
09/21/2023 05:30,0.561
09/21/2023 06:00,0.561
09/21/2023 06:30,0.561
09/21/2023 07:00,0.561
09/21/2023 07:30,0.561
09/21/2023 08:00,0.561
09/21/2023 08:30,0.561
09/21/2023 09:00,0.561
09/21/2023 09:30,0.561
09/21/2023 10:00,0.561
09/21/2023 10:30,0.561
09/21/2023 11:00,0.561
09/21/2023 11:30,0.561
09/21/2023 12:00,0.561
09/21/2023 12:30,0.561
09/21/2023 13:00,0.561
09/21/2023 13:30,0.561
09/21/2023 14:00,0.561
09/21/2023 14:30,0.561
09/21/2023 15:00,0.561
09/21/2023 15:30,0.561
09/21/2023 16:00,0.561
09/21/2023 16:30,0.561
09/21/2023 17:00,0.561
09/21/2023 17:30,0.561
09/21/2023 18:00,0.561
09/21/2023 18:30,0.561
09/21/2023 19:00,0.561
09/21/2023 19:30,0.561
09/21/2023 20:00,0.561
09/21/2023 20:30,0.561
09/21/2023 21:00,0.561
09/21/2023 21:30,0.561
09/21/2023 22:00,0.561
09/21/2023 22:30,0.561
09/21/2023 23:00,0.561
09/21/2023 23:30,0.561
09/22/2023 00:00,0.561
09/22/2023 00:30,0.561
09/22/2023 01:00,0.561
09/22/2023 01:30,0.561
09/22/2023 02:00,0.561
09/22/2023 02:30,0.561
09/22/2023 03:00,0.561
09/22/2023 03:30,0.561
09/22/2023 04:00,0.561
09/22/2023 04:30,0.561
09/22/2023 05:00,0.561
09/22/2023 05:30,0.561
09/22/2023 06:00,0.561
09/22/2023 06:30,0.561
09/22/2023 07:00,0.561
09/22/2023 07:30,0.561
09/22/2023 08:00,0.561
09/22/2023 08:30,0.561
09/22/2023 09:00,0.561
09/22/2023 09:30,0.561
09/22/2023 10:00,0.561
09/22/2023 10:30,0.561
09/22/2023 11:00,0.561
09/22/2023 11:30,0.561
09/22/2023 12:00,0.561
09/22/2023 12:30,0.561
09/22/2023 13:00,0.561
09/22/2023 13:30,0.561
09/22/2023 14:00,0.561
09/22/2023 14:30,0.561
09/22/2023 15:00,0.561
09/22/2023 15:30,0.561
09/22/2023 16:00,0.561
09/22/2023 16:30,0.561
09/22/2023 17:00,0.561
09/22/2023 17:30,0.561
09/22/2023 18:00,0.561
09/22/2023 18:30,0.561
09/22/2023 19:00,0.561
09/22/2023 19:30,0.561
09/22/2023 20:00,0.561
09/22/2023 20:30,0.561
09/22/2023 21:00,0.561
09/22/2023 21:30,0.561
09/22/2023 22:00,0.561
09/22/2023 22:30,0.561
09/22/2023 23:00,0.561
09/22/2023 23:30,0.561
09/23/2023 00:00,0.459
09/23/2023 00:30,0.459
09/23/2023 01:00,0.459
09/23/2023 01:30,0.459
09/23/2023 02:00,0.459
09/23/2023 02:30,0.459
09/23/2023 03:00,0.459
09/23/2023 03:30,0.459
09/23/2023 04:00,0.459
09/23/2023 04:30,0.459
09/23/2023 05:00,0.459
09/23/2023 05:30,0.459
09/23/2023 06:00,0.459
09/23/2023 06:30,0.459
09/23/2023 07:00,0.459
09/23/2023 07:30,0.459
09/23/2023 08:00,0.459
09/23/2023 08:30,0.459
09/23/2023 09:00,0.459
09/23/2023 09:30,0.459
09/23/2023 10:00,0.459
09/23/2023 10:30,0.459
09/23/2023 11:00,0.459
09/23/2023 11:30,0.459
09/23/2023 12:00,0.459
09/23/2023 12:30,0.459
09/23/2023 13:00,0.459
09/23/2023 13:30,0.459
09/23/2023 14:00,0.459
09/23/2023 14:30,0.459
09/23/2023 15:00,0.459
09/23/2023 15:30,0.459
09/23/2023 16:00,0.459
09/23/2023 16:30,0.459
09/23/2023 17:00,0.459
09/23/2023 17:30,0.459
09/23/2023 18:00,0.459
09/23/2023 18:30,0.459
09/23/2023 19:00,0.459
09/23/2023 19:30,0.459
09/23/2023 20:00,0.459
09/23/2023 20:30,0.459
09/23/2023 21:00,0.459
09/23/2023 21:30,0.459
09/23/2023 22:00,0.459
09/23/2023 22:30,0.459
09/23/2023 23:00,0.459
09/23/2023 23:30,0.459
09/24/2023 00:00,0.459
09/24/2023 00:30,0.459
09/24/2023 01:00,0.459
09/24/2023 01:30,0.459
09/24/2023 02:00,0.459
09/24/2023 02:30,0.459
09/24/2023 03:00,0.459
09/24/2023 03:30,0.459
09/24/2023 04:00,0.459
09/24/2023 04:30,0.459
09/24/2023 05:00,0.459
09/24/2023 05:30,0.459
09/24/2023 06:00,0.459
09/24/2023 06:30,0.459
09/24/2023 07:00,0.459
09/24/2023 07:30,0.459
09/24/2023 08:00,0.459
09/24/2023 08:30,0.459
09/24/2023 09:00,0.459
09/24/2023 09:30,0.459
09/24/2023 10:00,0.459
09/24/2023 10:30,0.459
09/24/2023 11:00,0.459
09/24/2023 11:30,0.459
09/24/2023 12:00,0.459
09/24/2023 12:30,0.459
09/24/2023 13:00,0.459
09/24/2023 13:30,0.459
09/24/2023 14:00,0.459
09/24/2023 14:30,0.459
09/24/2023 15:00,0.459
09/24/2023 15:30,0.459
09/24/2023 16:00,0.459
09/24/2023 16:30,0.459
09/24/2023 17:00,0.459
09/24/2023 17:30,0.459
09/24/2023 18:00,0.459
09/24/2023 18:30,0.459
09/24/2023 19:00,0.459
09/24/2023 19:30,0.459
09/24/2023 20:00,0.459
09/24/2023 20:30,0.459
09/24/2023 21:00,0.459
09/24/2023 21:30,0.459
09/24/2023 22:00,0.459
09/24/2023 22:30,0.459
09/24/2023 23:00,0.459
09/24/2023 23:30,0.459
09/25/2023 00:00,0.364
09/25/2023 00:30,0.364
09/25/2023 01:00,0.364
09/25/2023 01:30,0.364
09/25/2023 02:00,0.364
09/25/2023 02:30,0.364
09/25/2023 03:00,0.364
09/25/2023 03:30,0.364
09/25/2023 04:00,0.364
09/25/2023 04:30,0.364
09/25/2023 05:00,0.364
09/25/2023 05:30,0.364
09/25/2023 06:00,0.364
09/25/2023 06:30,0.364
09/25/2023 07:00,0.364
09/25/2023 07:30,0.364
09/25/2023 08:00,0.364
09/25/2023 08:30,0.364
09/25/2023 09:00,0.364
09/25/2023 09:30,0.364
09/25/2023 10:00,0.364
09/25/2023 10:30,0.364
09/25/2023 11:00,0.364
09/25/2023 11:30,0.364
09/25/2023 12:00,0.364
09/25/2023 12:30,0.364
09/25/2023 13:00,0.364
09/25/2023 13:30,0.364
09/25/2023 14:00,0.364
09/25/2023 14:30,0.364
09/25/2023 15:00,0.364
09/25/2023 15:30,0.364
09/25/2023 16:00,0.364
09/25/2023 16:30,0.364
09/25/2023 17:00,0.364
09/25/2023 17:30,0.364
09/25/2023 18:00,0.364
09/25/2023 18:30,0.364
09/25/2023 19:00,0.364
09/25/2023 19:30,0.364
09/25/2023 20:00,0.364
09/25/2023 20:30,0.364
09/25/2023 21:00,0.364
09/25/2023 21:30,0.364
09/25/2023 22:00,0.364
09/25/2023 22:30,0.364
09/25/2023 23:00,0.364
09/25/2023 23:30,0.364
09/26/2023 00:00,0.364
09/26/2023 00:30,0.364
09/26/2023 01:00,0.364
09/26/2023 01:30,0.364
09/26/2023 02:00,0.364
09/26/2023 02:30,0.364
09/26/2023 03:00,0.364
09/26/2023 03:30,0.364
09/26/2023 04:00,0.364
09/26/2023 04:30,0.364
09/26/2023 05:00,0.364
09/26/2023 05:30,0.364
09/26/2023 06:00,0.364
09/26/2023 06:30,0.364
09/26/2023 07:00,0.364
09/26/2023 07:30,0.364
09/26/2023 08:00,0.364
09/26/2023 08:30,0.364
09/26/2023 09:00,0.364
09/26/2023 09:30,0.364
09/26/2023 10:00,0.364
09/26/2023 10:30,0.364
09/26/2023 11:00,0.364
09/26/2023 11:30,0.364
09/26/2023 12:00,0.364
09/26/2023 12:30,0.364
09/26/2023 13:00,0.364
09/26/2023 13:30,0.364
09/26/2023 14:00,0.364
09/26/2023 14:30,0.364
09/26/2023 15:00,0.364
09/26/2023 15:30,0.364
09/26/2023 16:00,0.364
09/26/2023 16:30,0.364
09/26/2023 17:00,0.364
09/26/2023 17:30,0.364
09/26/2023 18:00,0.364
09/26/2023 18:30,0.364
09/26/2023 19:00,0.364
09/26/2023 19:30,0.364
09/26/2023 20:00,0.364
09/26/2023 20:30,0.364
09/26/2023 21:00,0.364
09/26/2023 21:30,0.364
09/26/2023 22:00,0.364
09/26/2023 22:30,0.364
09/26/2023 23:00,0.364
09/26/2023 23:30,0.364
09/27/2023 00:00,0.364
09/27/2023 00:30,0.364
09/27/2023 01:00,0.364
09/27/2023 01:30,0.364
09/27/2023 02:00,0.364
09/27/2023 02:30,0.364
09/27/2023 03:00,0.364
09/27/2023 03:30,0.364
09/27/2023 04:00,0.364
09/27/2023 04:30,0.364
09/27/2023 05:00,0.364
09/27/2023 05:30,0.364
09/27/2023 06:00,0.364
09/27/2023 06:30,0.364
09/27/2023 07:00,0.364
09/27/2023 07:30,0.364
09/27/2023 08:00,0.364
09/27/2023 08:30,0.364
09/27/2023 09:00,0.364
09/27/2023 09:30,0.364
09/27/2023 10:00,0.364
09/27/2023 10:30,0.364
09/27/2023 11:00,0.364
09/27/2023 11:30,0.364
09/27/2023 12:00,0.364
09/27/2023 12:30,0.364
09/27/2023 13:00,0.364
09/27/2023 13:30,0.364
09/27/2023 14:00,0.364
09/27/2023 14:30,0.364
09/27/2023 15:00,0.364
09/27/2023 15:30,0.364
09/27/2023 16:00,0.364
09/27/2023 16:30,0.364
09/27/2023 17:00,0.364
09/27/2023 17:30,0.364
09/27/2023 18:00,0.364
09/27/2023 18:30,0.364
09/27/2023 19:00,0.364
09/27/2023 19:30,0.364
09/27/2023 20:00,0.364
09/27/2023 20:30,0.364
09/27/2023 21:00,0.364
09/27/2023 21:30,0.364
09/27/2023 22:00,0.364
09/27/2023 22:30,0.364
09/27/2023 23:00,0.364
09/27/2023 23:30,0.364
09/28/2023 00:00,0.364
09/28/2023 00:30,0.364
09/28/2023 01:00,0.364
09/28/2023 01:30,0.364
09/28/2023 02:00,0.364
09/28/2023 02:30,0.364
09/28/2023 03:00,0.364
09/28/2023 03:30,0.364
09/28/2023 04:00,0.364
09/28/2023 04:30,0.364
09/28/2023 05:00,0.364
09/28/2023 05:30,0.364
09/28/2023 06:00,0.364
09/28/2023 06:30,0.364
09/28/2023 07:00,0.364
09/28/2023 07:30,0.364
09/28/2023 08:00,0.364
09/28/2023 08:30,0.364
09/28/2023 09:00,0.364
09/28/2023 09:30,0.364
09/28/2023 10:00,0.364
09/28/2023 10:30,0.364
09/28/2023 11:00,0.364
09/28/2023 11:30,0.364
09/28/2023 12:00,0.364
09/28/2023 12:30,0.364
09/28/2023 13:00,0.364
09/28/2023 13:30,0.364
09/28/2023 14:00,0.364
09/28/2023 14:30,0.364
09/28/2023 15:00,0.364
09/28/2023 15:30,0.364
09/28/2023 16:00,0.364
09/28/2023 16:30,0.364
09/28/2023 17:00,0.364
09/28/2023 17:30,0.364
09/28/2023 18:00,0.364
09/28/2023 18:30,0.364
09/28/2023 19:00,0.364
09/28/2023 19:30,0.364
09/28/2023 20:00,0.364
09/28/2023 20:30,0.364
09/28/2023 21:00,0.364
09/28/2023 21:30,0.364
09/28/2023 22:00,0.364
09/28/2023 22:30,0.364
09/28/2023 23:00,0.364
09/28/2023 23:30,0.364
09/29/2023 00:00,0.277
09/29/2023 00:30,0.277
09/29/2023 01:00,0.277
09/29/2023 01:30,0.277
09/29/2023 02:00,0.277
09/29/2023 02:30,0.277
09/29/2023 03:00,0.277
09/29/2023 03:30,0.277
09/29/2023 04:00,0.277
09/29/2023 04:30,0.277
09/29/2023 05:00,0.277
09/29/2023 05:30,0.277
09/29/2023 06:00,0.277
09/29/2023 06:30,0.277
09/29/2023 07:00,0.277
09/29/2023 07:30,0.277
09/29/2023 08:00,0.277
09/29/2023 08:30,0.277
09/29/2023 09:00,0.277
09/29/2023 09:30,0.277
09/29/2023 10:00,0.277
09/29/2023 10:30,0.277
09/29/2023 11:00,0.277
09/29/2023 11:30,0.277
09/29/2023 12:00,0.277
09/29/2023 12:30,0.277
09/29/2023 13:00,0.277
09/29/2023 13:30,0.277
09/29/2023 14:00,0.277
09/29/2023 14:30,0.277
09/29/2023 15:00,0.277
09/29/2023 15:30,0.277
09/29/2023 16:00,0.277
09/29/2023 16:30,0.277
09/29/2023 17:00,0.277
09/29/2023 17:30,0.277
09/29/2023 18:00,0.277
09/29/2023 18:30,0.277
09/29/2023 19:00,0.277
09/29/2023 19:30,0.277
09/29/2023 20:00,0.277
09/29/2023 20:30,0.277
09/29/2023 21:00,0.277
09/29/2023 21:30,0.277
09/29/2023 22:00,0.277
09/29/2023 22:30,0.277
09/29/2023 23:00,0.277
09/29/2023 23:30,0.277
09/30/2023 00:00,0.198
09/30/2023 00:30,0.198
09/30/2023 01:00,0.198
09/30/2023 01:30,0.198
09/30/2023 02:00,0.198
09/30/2023 02:30,0.198
09/30/2023 03:00,0.198
09/30/2023 03:30,0.198
09/30/2023 04:00,0.198
09/30/2023 04:30,0.198
09/30/2023 05:00,0.198
09/30/2023 05:30,0.198
09/30/2023 06:00,0.198
09/30/2023 06:30,0.198
09/30/2023 07:00,0.198
09/30/2023 07:30,0.198
09/30/2023 08:00,0.198
09/30/2023 08:30,0.198
09/30/2023 09:00,0.198
09/30/2023 09:30,0.198
09/30/2023 10:00,0.198
09/30/2023 10:30,0.198
09/30/2023 11:00,0.198
09/30/2023 11:30,0.198
09/30/2023 12:00,0.198
09/30/2023 12:30,0.198
09/30/2023 13:00,0.198
09/30/2023 13:30,0.198
09/30/2023 14:00,0.198
09/30/2023 14:30,0.198
09/30/2023 15:00,0.198
09/30/2023 15:30,0.198
09/30/2023 16:00,0.198
09/30/2023 16:30,0.198
09/30/2023 17:00,0.198
09/30/2023 17:30,0.198
09/30/2023 18:00,0.198
09/30/2023 18:30,0.198
09/30/2023 19:00,0.198
09/30/2023 19:30,0.198
09/30/2023 20:00,0.198
09/30/2023 20:30,0.198
09/30/2023 21:00,0.198
09/30/2023 21:30,0.198
09/30/2023 22:00,0.198
09/30/2023 22:30,0.198
09/30/2023 23:00,0.198
09/30/2023 23:30,0.198
10/01/2023 00:00,0.198
10/01/2023 00:30,0.198
10/01/2023 01:00,0.198
10/01/2023 01:30,0.198
10/01/2023 02:00,0.198
10/01/2023 02:30,0.198
10/01/2023 03:00,0.198
10/01/2023 03:30,0.198
10/01/2023 04:00,0.198
10/01/2023 04:30,0.198
10/01/2023 05:00,0.198
10/01/2023 05:30,0.198
10/01/2023 06:00,0.198
10/01/2023 06:30,0.198
10/01/2023 07:00,0.198
10/01/2023 07:30,0.198
10/01/2023 08:00,0.198
10/01/2023 08:30,0.198
10/01/2023 09:00,0.198
10/01/2023 09:30,0.198
10/01/2023 10:00,0.198
10/01/2023 10:30,0.198
10/01/2023 11:00,0.198
10/01/2023 11:30,0.198
10/01/2023 12:00,0.198
10/01/2023 12:30,0.198
10/01/2023 13:00,0.198
10/01/2023 13:30,0.198
10/01/2023 14:00,0.198
10/01/2023 14:30,0.198
10/01/2023 15:00,0.198
10/01/2023 15:30,0.198
10/01/2023 16:00,0.198
10/01/2023 16:30,0.198
10/01/2023 17:00,0.198
10/01/2023 17:30,0.198
10/01/2023 18:00,0.198
10/01/2023 18:30,0.198
10/01/2023 19:00,0.198
10/01/2023 19:30,0.198
10/01/2023 20:00,0.198
10/01/2023 20:30,0.198
10/01/2023 21:00,0.198
10/01/2023 21:30,0.198
10/01/2023 22:00,0.198
10/01/2023 22:30,0.198
10/01/2023 23:00,0.198
10/01/2023 23:30,0.198
10/02/2023 00:00,0.129
10/02/2023 00:30,0.129
10/02/2023 01:00,0.129
10/02/2023 01:30,0.129
10/02/2023 02:00,0.129
10/02/2023 02:30,0.129
10/02/2023 03:00,0.129
10/02/2023 03:30,0.129
10/02/2023 04:00,0.129
10/02/2023 04:30,0.129
10/02/2023 05:00,0.129
10/02/2023 05:30,0.129
10/02/2023 06:00,0.129
10/02/2023 06:30,0.129
10/02/2023 07:00,0.129
10/02/2023 07:30,0.129
10/02/2023 08:00,0.129
10/02/2023 08:30,0.129
10/02/2023 09:00,0.129
10/02/2023 09:30,0.129
10/02/2023 10:00,0.129
10/02/2023 10:30,0.129
10/02/2023 11:00,0.129
10/02/2023 11:30,0.129
10/02/2023 12:00,0.129
10/02/2023 12:30,0.129
10/02/2023 13:00,0.129
10/02/2023 13:30,0.129
10/02/2023 14:00,0.129
10/02/2023 14:30,0.129
10/02/2023 15:00,0.129
10/02/2023 15:30,0.129
10/02/2023 16:00,0.129
10/02/2023 16:30,0.129
10/02/2023 17:00,0.129
10/02/2023 17:30,0.129
10/02/2023 18:00,0.129
10/02/2023 18:30,0.129
10/02/2023 19:00,0.129
10/02/2023 19:30,0.129
10/02/2023 20:00,0.129
10/02/2023 20:30,0.129
10/02/2023 21:00,0.129
10/02/2023 21:30,0.129
10/02/2023 22:00,0.129
10/02/2023 22:30,0.129
10/02/2023 23:00,0.129
10/02/2023 23:30,0.129
10/03/2023 00:00,0.129
10/03/2023 00:30,0.129
10/03/2023 01:00,0.129
10/03/2023 01:30,0.129
10/03/2023 02:00,0.129
10/03/2023 02:30,0.129
10/03/2023 03:00,0.129
10/03/2023 03:30,0.129
10/03/2023 04:00,0.129
10/03/2023 04:30,0.129
10/03/2023 05:00,0.129
10/03/2023 05:30,0.129
10/03/2023 06:00,0.129
10/03/2023 06:30,0.129
10/03/2023 07:00,0.129
10/03/2023 07:30,0.129
10/03/2023 08:00,0.129
10/03/2023 08:30,0.129
10/03/2023 09:00,0.129
10/03/2023 09:30,0.129
10/03/2023 10:00,0.129
10/03/2023 10:30,0.129
10/03/2023 11:00,0.129
10/03/2023 11:30,0.129
10/03/2023 12:00,0.129
10/03/2023 12:30,0.129
10/03/2023 13:00,0.129
10/03/2023 13:30,0.129
10/03/2023 14:00,0.129
10/03/2023 14:30,0.129
10/03/2023 15:00,0.129
10/03/2023 15:30,0.129
10/03/2023 16:00,0.129
10/03/2023 16:30,0.129
10/03/2023 17:00,0.129
10/03/2023 17:30,0.129
10/03/2023 18:00,0.129
10/03/2023 18:30,0.129
10/03/2023 19:00,0.129
10/03/2023 19:30,0.129
10/03/2023 20:00,0.129
10/03/2023 20:30,0.129
10/03/2023 21:00,0.129
10/03/2023 21:30,0.129
10/03/2023 22:00,0.129
10/03/2023 22:30,0.129
10/03/2023 23:00,0.129
10/03/2023 23:30,0.129
10/04/2023 00:00,0.07
10/04/2023 00:30,0.07
10/04/2023 01:00,0.07
10/04/2023 01:30,0.07
10/04/2023 02:00,0.07
10/04/2023 02:30,0.07
10/04/2023 03:00,0.07
10/04/2023 03:30,0.07
10/04/2023 04:00,0.07
10/04/2023 04:30,0.07
10/04/2023 05:00,0.07
10/04/2023 05:30,0.07
10/04/2023 06:00,0.07
10/04/2023 06:30,0.07
10/04/2023 07:00,0.07
10/04/2023 07:30,0.07
10/04/2023 08:00,0.07
10/04/2023 08:30,0.07
10/04/2023 09:00,0.07
10/04/2023 09:30,0.07
10/04/2023 10:00,0.07
10/04/2023 10:30,0.07
10/04/2023 11:00,0.07
10/04/2023 11:30,0.07
10/04/2023 12:00,0.07
10/04/2023 12:30,0.07
10/04/2023 13:00,0.07
10/04/2023 13:30,0.07
10/04/2023 14:00,0.07
10/04/2023 14:30,0.07
10/04/2023 15:00,0.07
10/04/2023 15:30,0.07
10/04/2023 16:00,0.07
10/04/2023 16:30,0.07
10/04/2023 17:00,0.07
10/04/2023 17:30,0.07
10/04/2023 18:00,0.07
10/04/2023 18:30,0.07
10/04/2023 19:00,0.07
10/04/2023 19:30,0.07
10/04/2023 20:00,0.07
10/04/2023 20:30,0.07
10/04/2023 21:00,0.07
10/04/2023 21:30,0.07
10/04/2023 22:00,0.07
10/04/2023 22:30,0.07
10/04/2023 23:00,0.07
10/04/2023 23:30,0.07
10/05/2023 00:00,0.07
10/05/2023 00:30,0.07
10/05/2023 01:00,0.07
10/05/2023 01:30,0.07
10/05/2023 02:00,0.07
10/05/2023 02:30,0.07
10/05/2023 03:00,0.07
10/05/2023 03:30,0.07
10/05/2023 04:00,0.07
10/05/2023 04:30,0.07
10/05/2023 05:00,0.07
10/05/2023 05:30,0.07
10/05/2023 06:00,0.07
10/05/2023 06:30,0.07
10/05/2023 07:00,0.07
10/05/2023 07:30,0.07
10/05/2023 08:00,0.07
10/05/2023 08:30,0.07
10/05/2023 09:00,0.07
10/05/2023 09:30,0.07
10/05/2023 10:00,0.07
10/05/2023 10:30,0.07
10/05/2023 11:00,0.07
10/05/2023 11:30,0.07
10/05/2023 12:00,0.07
10/05/2023 12:30,0.07
10/05/2023 13:00,0.07
10/05/2023 13:30,0.07
10/05/2023 14:00,0.07
10/05/2023 14:30,0.07
10/05/2023 15:00,0.07
10/05/2023 15:30,0.07
10/05/2023 16:00,0.07
10/05/2023 16:30,0.07
10/05/2023 17:00,0.07
10/05/2023 17:30,0.07
10/05/2023 18:00,0.07
10/05/2023 18:30,0.07
10/05/2023 19:00,0.07
10/05/2023 19:30,0.07
10/05/2023 20:00,0.07
10/05/2023 20:30,0.07
10/05/2023 21:00,0.07
10/05/2023 21:30,0.07
10/05/2023 22:00,0.07
10/05/2023 22:30,0.07
10/05/2023 23:00,0.07
10/05/2023 23:30,0.07
10/06/2023 00:00,0.025
10/06/2023 00:30,0.025
10/06/2023 01:00,0.025
10/06/2023 01:30,0.025
10/06/2023 02:00,0.025
10/06/2023 02:30,0.025
10/06/2023 03:00,0.025
10/06/2023 03:30,0.025
10/06/2023 04:00,0.025
10/06/2023 04:30,0.025
10/06/2023 05:00,0.025
10/06/2023 05:30,0.025
10/06/2023 06:00,0.025
10/06/2023 06:30,0.025
10/06/2023 07:00,0.025
10/06/2023 07:30,0.025
10/06/2023 08:00,0.025
10/06/2023 08:30,0.025
10/06/2023 09:00,0.025
10/06/2023 09:30,0.025
10/06/2023 10:00,0.025
10/06/2023 10:30,0.025
10/06/2023 11:00,0.025
10/06/2023 11:30,0.025
10/06/2023 12:00,0.025
10/06/2023 12:30,0.025
10/06/2023 13:00,0.025
10/06/2023 13:30,0.025
10/06/2023 14:00,0.025
10/06/2023 14:30,0.025
10/06/2023 15:00,0.025
10/06/2023 15:30,0.025
10/06/2023 16:00,0.025
10/06/2023 16:30,0.025
10/06/2023 17:00,0.025
10/06/2023 17:30,0.025
10/06/2023 18:00,0.025
10/06/2023 18:30,0.025
10/06/2023 19:00,0.025
10/06/2023 19:30,0.025
10/06/2023 20:00,0.025
10/06/2023 20:30,0.025
10/06/2023 21:00,0.025
10/06/2023 21:30,0.025
10/06/2023 22:00,0.025
10/06/2023 22:30,0.025
10/06/2023 23:00,0.025
10/06/2023 23:30,0.025
10/07/2023 00:00,0.025
10/07/2023 00:30,0.025
10/07/2023 01:00,0.025
10/07/2023 01:30,0.025
10/07/2023 02:00,0.025
10/07/2023 02:30,0.025
10/07/2023 03:00,0.025
10/07/2023 03:30,0.025
10/07/2023 04:00,0.025
10/07/2023 04:30,0.025
10/07/2023 05:00,0.025
10/07/2023 05:30,0.025
10/07/2023 06:00,0.025
10/07/2023 06:30,0.025
10/07/2023 07:00,0.025
10/07/2023 07:30,0.025
10/07/2023 08:00,0.025
10/07/2023 08:30,0.025
10/07/2023 09:00,0.025
10/07/2023 09:30,0.025
10/07/2023 10:00,0.025
10/07/2023 10:30,0.025
10/07/2023 11:00,0.025
10/07/2023 11:30,0.025
10/07/2023 12:00,0.025
10/07/2023 12:30,0.025
10/07/2023 13:00,0.025
10/07/2023 13:30,0.025
10/07/2023 14:00,0.025
10/07/2023 14:30,0.025
10/07/2023 15:00,0.025
10/07/2023 15:30,0.025
10/07/2023 16:00,0.025
10/07/2023 16:30,0.025
10/07/2023 17:00,0.025
10/07/2023 17:30,0.025
10/07/2023 18:00,0.025
10/07/2023 18:30,0.025
10/07/2023 19:00,0.025
10/07/2023 19:30,0.025
10/07/2023 20:00,0.025
10/07/2023 20:30,0.025
10/07/2023 21:00,0.025
10/07/2023 21:30,0.025
10/07/2023 22:00,0.025
10/07/2023 22:30,0.025
10/07/2023 23:00,0.025
10/07/2023 23:30,0.025
10/08/2023 00:00,0.025
10/08/2023 00:30,0.025
10/08/2023 01:00,0.025
10/08/2023 01:30,0.025
10/08/2023 02:00,0.025
10/08/2023 02:30,0.025
10/08/2023 03:00,0.025
10/08/2023 03:30,0.025
10/08/2023 04:00,0.025
10/08/2023 04:30,0.025
10/08/2023 05:00,0.025
10/08/2023 05:30,0.025
10/08/2023 06:00,0.025
10/08/2023 06:30,0.025
10/08/2023 07:00,0.025
10/08/2023 07:30,0.025
10/08/2023 08:00,0.025
10/08/2023 08:30,0.025
10/08/2023 09:00,0.025
10/08/2023 09:30,0.025
10/08/2023 10:00,0.025
10/08/2023 10:30,0.025
10/08/2023 11:00,0.025
10/08/2023 11:30,0.025
10/08/2023 12:00,0.025
10/08/2023 12:30,0.025
10/08/2023 13:00,0.025
10/08/2023 13:30,0.025
10/08/2023 14:00,0.025
10/08/2023 14:30,0.025
10/08/2023 15:00,0.025
10/08/2023 15:30,0.025
10/08/2023 16:00,0.025
10/08/2023 16:30,0.025
10/08/2023 17:00,0.025
10/08/2023 17:30,0.025
10/08/2023 18:00,0.025
10/08/2023 18:30,0.025
10/08/2023 19:00,0.025
10/08/2023 19:30,0.025
10/08/2023 20:00,0.025
10/08/2023 20:30,0.025
10/08/2023 21:00,0.025
10/08/2023 21:30,0.025
10/08/2023 22:00,0.025
10/08/2023 22:30,0.025
10/08/2023 23:00,0.025
10/08/2023 23:30,0.025
10/09/2023 00:00,0.0
10/09/2023 00:30,0.0
10/09/2023 01:00,0.0
10/09/2023 01:30,0.0
10/09/2023 02:00,0.0
10/09/2023 02:30,0.0
10/09/2023 03:00,0.0
10/09/2023 03:30,0.0
10/09/2023 04:00,0.0
10/09/2023 04:30,0.0
10/09/2023 05:00,0.0
10/09/2023 05:30,0.0
10/09/2023 06:00,0.0
10/09/2023 06:30,0.0
10/09/2023 07:00,0.0
10/09/2023 07:30,0.0
10/09/2023 08:00,0.0
10/09/2023 08:30,0.0
10/09/2023 09:00,0.0
10/09/2023 09:30,0.0
10/09/2023 10:00,0.0
10/09/2023 10:30,0.0
10/09/2023 11:00,0.0
10/09/2023 11:30,0.0
10/09/2023 12:00,0.0
10/09/2023 12:30,0.0
10/09/2023 13:00,0.0
10/09/2023 13:30,0.0
10/09/2023 14:00,0.0
10/09/2023 14:30,0.0
10/09/2023 15:00,0.0
10/09/2023 15:30,0.0
10/09/2023 16:00,0.0
10/09/2023 16:30,0.0
10/09/2023 17:00,0.0
10/09/2023 17:30,0.0
10/09/2023 18:00,0.0
10/09/2023 18:30,0.0
10/09/2023 19:00,0.0
10/09/2023 19:30,0.0
10/09/2023 20:00,0.0
10/09/2023 20:30,0.0
10/09/2023 21:00,0.0
10/09/2023 21:30,0.0
10/09/2023 22:00,0.0
10/09/2023 22:30,0.0
10/09/2023 23:00,0.0
10/09/2023 23:30,0.0
10/10/2023 00:00,0.0
10/10/2023 00:30,0.0
10/10/2023 01:00,0.0
10/10/2023 01:30,0.0
10/10/2023 02:00,0.0
10/10/2023 02:30,0.0
10/10/2023 03:00,0.0
10/10/2023 03:30,0.0
10/10/2023 04:00,0.0
10/10/2023 04:30,0.0
10/10/2023 05:00,0.0
10/10/2023 05:30,0.0
10/10/2023 06:00,0.0
10/10/2023 06:30,0.0
10/10/2023 07:00,0.0
10/10/2023 07:30,0.0
10/10/2023 08:00,0.0
10/10/2023 08:30,0.0
10/10/2023 09:00,0.0
10/10/2023 09:30,0.0
10/10/2023 10:00,0.0
10/10/2023 10:30,0.0
10/10/2023 11:00,0.0
10/10/2023 11:30,0.0
10/10/2023 12:00,0.0
10/10/2023 12:30,0.0
10/10/2023 13:00,0.0
10/10/2023 13:30,0.0
10/10/2023 14:00,0.0
10/10/2023 14:30,0.0
10/10/2023 15:00,0.0
10/10/2023 15:30,0.0
10/10/2023 16:00,0.0
10/10/2023 16:30,0.0
10/10/2023 17:00,0.0
10/10/2023 17:30,0.0
10/10/2023 18:00,0.0
10/10/2023 18:30,0.0
10/10/2023 19:00,0.0
10/10/2023 19:30,0.0
10/10/2023 20:00,0.0
10/10/2023 20:30,0.0
10/10/2023 21:00,0.0
10/10/2023 21:30,0.0
10/10/2023 22:00,0.0
10/10/2023 22:30,0.0
10/10/2023 23:00,0.0
10/10/2023 23:30,0.0
10/11/2023 00:00,0.0
10/11/2023 00:30,0.0
10/11/2023 01:00,0.0
10/11/2023 01:30,0.0
10/11/2023 02:00,0.0
10/11/2023 02:30,0.0
10/11/2023 03:00,0.0
10/11/2023 03:30,0.0
10/11/2023 04:00,0.0
10/11/2023 04:30,0.0
10/11/2023 05:00,0.0
10/11/2023 05:30,0.0
10/11/2023 06:00,0.0
10/11/2023 06:30,0.0
10/11/2023 07:00,0.0
10/11/2023 07:30,0.0
10/11/2023 08:00,0.0
10/11/2023 08:30,0.0
10/11/2023 09:00,0.0
10/11/2023 09:30,0.0
10/11/2023 10:00,0.0
10/11/2023 10:30,0.0
10/11/2023 11:00,0.0
10/11/2023 11:30,0.0
10/11/2023 12:00,0.0
10/11/2023 12:30,0.0
10/11/2023 13:00,0.0
10/11/2023 13:30,0.0
10/11/2023 14:00,0.0
10/11/2023 14:30,0.0
10/11/2023 15:00,0.0
10/11/2023 15:30,0.0
10/11/2023 16:00,0.0
10/11/2023 16:30,0.0
10/11/2023 17:00,0.0
10/11/2023 17:30,0.0
10/11/2023 18:00,0.0
10/11/2023 18:30,0.0
10/11/2023 19:00,0.0
10/11/2023 19:30,0.0
10/11/2023 20:00,0.0
10/11/2023 20:30,0.0
10/11/2023 21:00,0.0
10/11/2023 21:30,0.0
10/11/2023 22:00,0.0
10/11/2023 22:30,0.0
10/11/2023 23:00,0.0
10/11/2023 23:30,0.0
10/12/2023 00:00,0.0
10/12/2023 00:30,0.0
10/12/2023 01:00,0.0
10/12/2023 01:30,0.0
10/12/2023 02:00,0.0
10/12/2023 02:30,0.0
10/12/2023 03:00,0.0
10/12/2023 03:30,0.0
10/12/2023 04:00,0.0
10/12/2023 04:30,0.0
10/12/2023 05:00,0.0
10/12/2023 05:30,0.0
10/12/2023 06:00,0.0
10/12/2023 06:30,0.0
10/12/2023 07:00,0.0
10/12/2023 07:30,0.0
10/12/2023 08:00,0.0
10/12/2023 08:30,0.0
10/12/2023 09:00,0.0
10/12/2023 09:30,0.0
10/12/2023 10:00,0.0
10/12/2023 10:30,0.0
10/12/2023 11:00,0.0
10/12/2023 11:30,0.0
10/12/2023 12:00,0.0
10/12/2023 12:30,0.0
10/12/2023 13:00,0.0
10/12/2023 13:30,0.0
10/12/2023 14:00,0.0
10/12/2023 14:30,0.0
10/12/2023 15:00,0.0
10/12/2023 15:30,0.0
10/12/2023 16:00,0.0
10/12/2023 16:30,0.0
10/12/2023 17:00,0.0
10/12/2023 17:30,0.0
10/12/2023 18:00,0.0
10/12/2023 18:30,0.0
10/12/2023 19:00,0.0
10/12/2023 19:30,0.0
10/12/2023 20:00,0.0
10/12/2023 20:30,0.0
10/12/2023 21:00,0.0
10/12/2023 21:30,0.0
10/12/2023 22:00,0.0
10/12/2023 22:30,0.0
10/12/2023 23:00,0.0
10/12/2023 23:30,0.0
10/13/2023 00:00,0.0
10/13/2023 00:30,0.0
10/13/2023 01:00,0.0
10/13/2023 01:30,0.0
10/13/2023 02:00,0.0
10/13/2023 02:30,0.0
10/13/2023 03:00,0.0
10/13/2023 03:30,0.0
10/13/2023 04:00,0.0
10/13/2023 04:30,0.0
10/13/2023 05:00,0.0
10/13/2023 05:30,0.0
10/13/2023 06:00,0.0
10/13/2023 06:30,0.0
10/13/2023 07:00,0.0
10/13/2023 07:30,0.0
10/13/2023 08:00,0.0
10/13/2023 08:30,0.0
10/13/2023 09:00,0.0
10/13/2023 09:30,0.0
10/13/2023 10:00,0.0
10/13/2023 10:30,0.0
10/13/2023 11:00,0.0
10/13/2023 11:30,0.0
10/13/2023 12:00,0.0
10/13/2023 12:30,0.0
10/13/2023 13:00,0.0
10/13/2023 13:30,0.0
10/13/2023 14:00,0.0
10/13/2023 14:30,0.0
10/13/2023 15:00,0.0
10/13/2023 15:30,0.0
10/13/2023 16:00,0.0
10/13/2023 16:30,0.0
10/13/2023 17:00,0.0
10/13/2023 17:30,0.0
10/13/2023 18:00,0.0
10/13/2023 18:30,0.0
10/13/2023 19:00,0.0
10/13/2023 19:30,0.0
10/13/2023 20:00,0.0
10/13/2023 20:30,0.0
10/13/2023 21:00,0.0
10/13/2023 21:30,0.0
10/13/2023 22:00,0.0
10/13/2023 22:30,0.0
10/13/2023 23:00,0.0
10/13/2023 23:30,0.0
10/14/2023 00:00,0.0
10/14/2023 00:30,0.0
10/14/2023 01:00,0.0
10/14/2023 01:30,0.0
10/14/2023 02:00,0.0
10/14/2023 02:30,0.0
10/14/2023 03:00,0.0
10/14/2023 03:30,0.0
10/14/2023 04:00,0.0
10/14/2023 04:30,0.0
10/14/2023 05:00,0.0
10/14/2023 05:30,0.0
10/14/2023 06:00,0.0
10/14/2023 06:30,0.0
10/14/2023 07:00,0.0
10/14/2023 07:30,0.0
10/14/2023 08:00,0.0
10/14/2023 08:30,0.0
10/14/2023 09:00,0.0
10/14/2023 09:30,0.0
10/14/2023 10:00,0.0
10/14/2023 10:30,0.0
10/14/2023 11:00,0.0
10/14/2023 11:30,0.0
10/14/2023 12:00,0.0
10/14/2023 12:30,0.0
10/14/2023 13:00,0.0
10/14/2023 13:30,0.0
10/14/2023 14:00,0.0
10/14/2023 14:30,0.0
10/14/2023 15:00,0.0
10/14/2023 15:30,0.0
10/14/2023 16:00,0.0
10/14/2023 16:30,0.0
10/14/2023 17:00,0.0
10/14/2023 17:30,0.0
10/14/2023 18:00,0.0
10/14/2023 18:30,0.0
10/14/2023 19:00,0.0
10/14/2023 19:30,0.0
10/14/2023 20:00,0.0
10/14/2023 20:30,0.0
10/14/2023 21:00,0.0
10/14/2023 21:30,0.0
10/14/2023 22:00,0.0
10/14/2023 22:30,0.0
10/14/2023 23:00,0.0
10/14/2023 23:30,0.0
10/15/2023 00:00,0.0
10/15/2023 00:30,0.0
10/15/2023 01:00,0.0
10/15/2023 01:30,0.0
10/15/2023 02:00,0.0
10/15/2023 02:30,0.0
10/15/2023 03:00,0.0
10/15/2023 03:30,0.0
10/15/2023 04:00,0.0
10/15/2023 04:30,0.0
10/15/2023 05:00,0.0
10/15/2023 05:30,0.0
10/15/2023 06:00,0.0
10/15/2023 06:30,0.0
10/15/2023 07:00,0.0
10/15/2023 07:30,0.0
10/15/2023 08:00,0.0
10/15/2023 08:30,0.0
10/15/2023 09:00,0.0
10/15/2023 09:30,0.0
10/15/2023 10:00,0.0
10/15/2023 10:30,0.0
10/15/2023 11:00,0.0
10/15/2023 11:30,0.0
10/15/2023 12:00,0.0
10/15/2023 12:30,0.0
10/15/2023 13:00,0.0
10/15/2023 13:30,0.0
10/15/2023 14:00,0.0
10/15/2023 14:30,0.0
10/15/2023 15:00,0.0
10/15/2023 15:30,0.0
10/15/2023 16:00,0.0
10/15/2023 16:30,0.0
10/15/2023 17:00,0.0
10/15/2023 17:30,0.0
10/15/2023 18:00,0.0
10/15/2023 18:30,0.0
10/15/2023 19:00,0.0
10/15/2023 19:30,0.0
10/15/2023 20:00,0.0
10/15/2023 20:30,0.0
10/15/2023 21:00,0.0
10/15/2023 21:30,0.0
10/15/2023 22:00,0.0
10/15/2023 22:30,0.0
10/15/2023 23:00,0.0
10/15/2023 23:30,0.0
10/16/2023 00:00,0.0
10/16/2023 00:30,0.0
10/16/2023 01:00,0.0
10/16/2023 01:30,0.0
10/16/2023 02:00,0.0
10/16/2023 02:30,0.0
10/16/2023 03:00,0.0
10/16/2023 03:30,0.0
10/16/2023 04:00,0.0
10/16/2023 04:30,0.0
10/16/2023 05:00,0.0
10/16/2023 05:30,0.0
10/16/2023 06:00,0.0
10/16/2023 06:30,0.0
10/16/2023 07:00,0.0
10/16/2023 07:30,0.0
10/16/2023 08:00,0.0
10/16/2023 08:30,0.0
10/16/2023 09:00,0.0
10/16/2023 09:30,0.0
10/16/2023 10:00,0.0
10/16/2023 10:30,0.0
10/16/2023 11:00,0.0
10/16/2023 11:30,0.0
10/16/2023 12:00,0.0
10/16/2023 12:30,0.0
10/16/2023 13:00,0.0
10/16/2023 13:30,0.0
10/16/2023 14:00,0.0
10/16/2023 14:30,0.0
10/16/2023 15:00,0.0
10/16/2023 15:30,0.0
10/16/2023 16:00,0.0
10/16/2023 16:30,0.0
10/16/2023 17:00,0.0
10/16/2023 17:30,0.0
10/16/2023 18:00,0.0
10/16/2023 18:30,0.0
10/16/2023 19:00,0.0
10/16/2023 19:30,0.0
10/16/2023 20:00,0.0
10/16/2023 20:30,0.0
10/16/2023 21:00,0.0
10/16/2023 21:30,0.0
10/16/2023 22:00,0.0
10/16/2023 22:30,0.0
10/16/2023 23:00,0.0
10/16/2023 23:30,0.0
10/17/2023 00:00,0.0
10/17/2023 00:30,0.0
10/17/2023 01:00,0.0
10/17/2023 01:30,0.0
10/17/2023 02:00,0.0
10/17/2023 02:30,0.0
10/17/2023 03:00,0.0
10/17/2023 03:30,0.0
10/17/2023 04:00,0.0
10/17/2023 04:30,0.0
10/17/2023 05:00,0.0
10/17/2023 05:30,0.0
10/17/2023 06:00,0.0
10/17/2023 06:30,0.0
10/17/2023 07:00,0.0
10/17/2023 07:30,0.0
10/17/2023 08:00,0.0
10/17/2023 08:30,0.0
10/17/2023 09:00,0.0
10/17/2023 09:30,0.0
10/17/2023 10:00,0.0
10/17/2023 10:30,0.0
10/17/2023 11:00,0.0
10/17/2023 11:30,0.0
10/17/2023 12:00,0.0
10/17/2023 12:30,0.0
10/17/2023 13:00,0.0
10/17/2023 13:30,0.0
10/17/2023 14:00,0.0
10/17/2023 14:30,0.0
10/17/2023 15:00,0.0
10/17/2023 15:30,0.0
10/17/2023 16:00,0.0
10/17/2023 16:30,0.0
10/17/2023 17:00,0.0
10/17/2023 17:30,0.0
10/17/2023 18:00,0.0
10/17/2023 18:30,0.0
10/17/2023 19:00,0.0
10/17/2023 19:30,0.0
10/17/2023 20:00,0.0
10/17/2023 20:30,0.0
10/17/2023 21:00,0.0
10/17/2023 21:30,0.0
10/17/2023 22:00,0.0
10/17/2023 22:30,0.0
10/17/2023 23:00,0.0
10/17/2023 23:30,0.0
10/18/2023 00:00,0.0
10/18/2023 00:30,0.0
10/18/2023 01:00,0.0
10/18/2023 01:30,0.0
10/18/2023 02:00,0.0
10/18/2023 02:30,0.0
10/18/2023 03:00,0.0
10/18/2023 03:30,0.0
10/18/2023 04:00,0.0
10/18/2023 04:30,0.0
10/18/2023 05:00,0.0
10/18/2023 05:30,0.0
10/18/2023 06:00,0.0
10/18/2023 06:30,0.0
10/18/2023 07:00,0.0
10/18/2023 07:30,0.0
10/18/2023 08:00,0.0
10/18/2023 08:30,0.0
10/18/2023 09:00,0.0
10/18/2023 09:30,0.0
10/18/2023 10:00,0.0
10/18/2023 10:30,0.0
10/18/2023 11:00,0.0
10/18/2023 11:30,0.0
10/18/2023 12:00,0.0
10/18/2023 12:30,0.0
10/18/2023 13:00,0.0
10/18/2023 13:30,0.0
10/18/2023 14:00,0.0
10/18/2023 14:30,0.0
10/18/2023 15:00,0.0
10/18/2023 15:30,0.0
10/18/2023 16:00,0.0
10/18/2023 16:30,0.0
10/18/2023 17:00,0.0
10/18/2023 17:30,0.0
10/18/2023 18:00,0.0
10/18/2023 18:30,0.0
10/18/2023 19:00,0.0
10/18/2023 19:30,0.0
10/18/2023 20:00,0.0
10/18/2023 20:30,0.0
10/18/2023 21:00,0.0
10/18/2023 21:30,0.0
10/18/2023 22:00,0.0
10/18/2023 22:30,0.0
10/18/2023 23:00,0.0
10/18/2023 23:30,0.0
10/19/2023 00:00,0.0
10/19/2023 00:30,0.0
10/19/2023 01:00,0.0
10/19/2023 01:30,0.0
10/19/2023 02:00,0.0
10/19/2023 02:30,0.0
10/19/2023 03:00,0.0
10/19/2023 03:30,0.0
10/19/2023 04:00,0.0
10/19/2023 04:30,0.0
10/19/2023 05:00,0.0
10/19/2023 05:30,0.0
10/19/2023 06:00,0.0
10/19/2023 06:30,0.0
10/19/2023 07:00,0.0
10/19/2023 07:30,0.0
10/19/2023 08:00,0.0
10/19/2023 08:30,0.0
10/19/2023 09:00,0.0
10/19/2023 09:30,0.0
10/19/2023 10:00,0.0
10/19/2023 10:30,0.0
10/19/2023 11:00,0.0
10/19/2023 11:30,0.0
10/19/2023 12:00,0.0
10/19/2023 12:30,0.0
10/19/2023 13:00,0.0
10/19/2023 13:30,0.0
10/19/2023 14:00,0.0
10/19/2023 14:30,0.0
10/19/2023 15:00,0.0
10/19/2023 15:30,0.0
10/19/2023 16:00,0.0
10/19/2023 16:30,0.0
10/19/2023 17:00,0.0
10/19/2023 17:30,0.0
10/19/2023 18:00,0.0
10/19/2023 18:30,0.0
10/19/2023 19:00,0.0
10/19/2023 19:30,0.0
10/19/2023 20:00,0.0
10/19/2023 20:30,0.0
10/19/2023 21:00,0.0
10/19/2023 21:30,0.0
10/19/2023 22:00,0.0
10/19/2023 22:30,0.0
10/19/2023 23:00,0.0
10/19/2023 23:30,0.0
10/20/2023 00:00,0.0
10/20/2023 00:30,0.0
10/20/2023 01:00,0.0
10/20/2023 01:30,0.0
10/20/2023 02:00,0.0
10/20/2023 02:30,0.0
10/20/2023 03:00,0.0
10/20/2023 03:30,0.0
10/20/2023 04:00,0.0
10/20/2023 04:30,0.0
10/20/2023 05:00,0.0
10/20/2023 05:30,0.0
10/20/2023 06:00,0.0
10/20/2023 06:30,0.0
10/20/2023 07:00,0.0
10/20/2023 07:30,0.0
10/20/2023 08:00,0.0
10/20/2023 08:30,0.0
10/20/2023 09:00,0.0
10/20/2023 09:30,0.0
10/20/2023 10:00,0.0
10/20/2023 10:30,0.0
10/20/2023 11:00,0.0
10/20/2023 11:30,0.0
10/20/2023 12:00,0.0
10/20/2023 12:30,0.0
10/20/2023 13:00,0.0
10/20/2023 13:30,0.0
10/20/2023 14:00,0.0
10/20/2023 14:30,0.0
10/20/2023 15:00,0.0
10/20/2023 15:30,0.0
10/20/2023 16:00,0.0
10/20/2023 16:30,0.0
10/20/2023 17:00,0.0
10/20/2023 17:30,0.0
10/20/2023 18:00,0.0
10/20/2023 18:30,0.0
10/20/2023 19:00,0.0
10/20/2023 19:30,0.0
10/20/2023 20:00,0.0
10/20/2023 20:30,0.0
10/20/2023 21:00,0.0
10/20/2023 21:30,0.0
10/20/2023 22:00,0.0
10/20/2023 22:30,0.0
10/20/2023 23:00,0.0
10/20/2023 23:30,0.0
10/21/2023 00:00,0.0
10/21/2023 00:30,0.0
10/21/2023 01:00,0.0
10/21/2023 01:30,0.0
10/21/2023 02:00,0.0
10/21/2023 02:30,0.0
10/21/2023 03:00,0.0
10/21/2023 03:30,0.0
10/21/2023 04:00,0.0
10/21/2023 04:30,0.0
10/21/2023 05:00,0.0
10/21/2023 05:30,0.0
10/21/2023 06:00,0.0
10/21/2023 06:30,0.0
10/21/2023 07:00,0.0
10/21/2023 07:30,0.0
10/21/2023 08:00,0.0
10/21/2023 08:30,0.0
10/21/2023 09:00,0.0
10/21/2023 09:30,0.0
10/21/2023 10:00,0.0
10/21/2023 10:30,0.0
10/21/2023 11:00,0.0
10/21/2023 11:30,0.0
10/21/2023 12:00,0.0
10/21/2023 12:30,0.0
10/21/2023 13:00,0.0
10/21/2023 13:30,0.0
10/21/2023 14:00,0.0
10/21/2023 14:30,0.0
10/21/2023 15:00,0.0
10/21/2023 15:30,0.0
10/21/2023 16:00,0.0
10/21/2023 16:30,0.0
10/21/2023 17:00,0.0
10/21/2023 17:30,0.0
10/21/2023 18:00,0.0
10/21/2023 18:30,0.0
10/21/2023 19:00,0.0
10/21/2023 19:30,0.0
10/21/2023 20:00,0.0
10/21/2023 20:30,0.0
10/21/2023 21:00,0.0
10/21/2023 21:30,0.0
10/21/2023 22:00,0.0
10/21/2023 22:30,0.0
10/21/2023 23:00,0.0
10/21/2023 23:30,0.0
10/22/2023 00:00,0.0
10/22/2023 00:30,0.0
10/22/2023 01:00,0.0
10/22/2023 01:30,0.0
10/22/2023 02:00,0.0
10/22/2023 02:30,0.0
10/22/2023 03:00,0.0
10/22/2023 03:30,0.0
10/22/2023 04:00,0.0
10/22/2023 04:30,0.0
10/22/2023 05:00,0.0
10/22/2023 05:30,0.0
10/22/2023 06:00,0.0
10/22/2023 06:30,0.0
10/22/2023 07:00,0.0
10/22/2023 07:30,0.0
10/22/2023 08:00,0.0
10/22/2023 08:30,0.0
10/22/2023 09:00,0.0
10/22/2023 09:30,0.0
10/22/2023 10:00,0.0
10/22/2023 10:30,0.0
10/22/2023 11:00,0.0
10/22/2023 11:30,0.0
10/22/2023 12:00,0.0
10/22/2023 12:30,0.0
10/22/2023 13:00,0.0
10/22/2023 13:30,0.0
10/22/2023 14:00,0.0
10/22/2023 14:30,0.0
10/22/2023 15:00,0.0
10/22/2023 15:30,0.0
10/22/2023 16:00,0.0
10/22/2023 16:30,0.0
10/22/2023 17:00,0.0
10/22/2023 17:30,0.0
10/22/2023 18:00,0.0
10/22/2023 18:30,0.0
10/22/2023 19:00,0.0
10/22/2023 19:30,0.0
10/22/2023 20:00,0.0
10/22/2023 20:30,0.0
10/22/2023 21:00,0.0
10/22/2023 21:30,0.0
10/22/2023 22:00,0.0
10/22/2023 22:30,0.0
10/22/2023 23:00,0.0
10/22/2023 23:30,0.0
10/23/2023 00:00,0.0
10/23/2023 00:30,0.0
10/23/2023 01:00,0.0
10/23/2023 01:30,0.0
10/23/2023 02:00,0.0
10/23/2023 02:30,0.0
10/23/2023 03:00,0.0
10/23/2023 03:30,0.0
10/23/2023 04:00,0.0
10/23/2023 04:30,0.0
10/23/2023 05:00,0.0
10/23/2023 05:30,0.0
10/23/2023 06:00,0.0
10/23/2023 06:30,0.0
10/23/2023 07:00,0.0
10/23/2023 07:30,0.0
10/23/2023 08:00,0.0
10/23/2023 08:30,0.0
10/23/2023 09:00,0.0
10/23/2023 09:30,0.0
10/23/2023 10:00,0.0
10/23/2023 10:30,0.0
10/23/2023 11:00,0.0
10/23/2023 11:30,0.0
10/23/2023 12:00,0.0
10/23/2023 12:30,0.0
10/23/2023 13:00,0.0
10/23/2023 13:30,0.0
10/23/2023 14:00,0.0
10/23/2023 14:30,0.0
10/23/2023 15:00,0.0
10/23/2023 15:30,0.0
10/23/2023 16:00,0.0
10/23/2023 16:30,0.0
10/23/2023 17:00,0.0
10/23/2023 17:30,0.0
10/23/2023 18:00,0.0
10/23/2023 18:30,0.0
10/23/2023 19:00,0.0
10/23/2023 19:30,0.0
10/23/2023 20:00,0.0
10/23/2023 20:30,0.0
10/23/2023 21:00,0.0
10/23/2023 21:30,0.0
10/23/2023 22:00,0.0
10/23/2023 22:30,0.0
10/23/2023 23:00,0.0
10/23/2023 23:30,0.0
10/24/2023 00:00,0.0
10/24/2023 00:30,0.0
10/24/2023 01:00,0.0
10/24/2023 01:30,0.0
10/24/2023 02:00,0.0
10/24/2023 02:30,0.0
10/24/2023 03:00,0.0
10/24/2023 03:30,0.0
10/24/2023 04:00,0.0
10/24/2023 04:30,0.0
10/24/2023 05:00,0.0
10/24/2023 05:30,0.0
10/24/2023 06:00,0.0
10/24/2023 06:30,0.0
10/24/2023 07:00,0.0
10/24/2023 07:30,0.0
10/24/2023 08:00,0.0
10/24/2023 08:30,0.0
10/24/2023 09:00,0.0
10/24/2023 09:30,0.0
10/24/2023 10:00,0.0
10/24/2023 10:30,0.0
10/24/2023 11:00,0.0
10/24/2023 11:30,0.0
10/24/2023 12:00,0.0
10/24/2023 12:30,0.0
10/24/2023 13:00,0.0
10/24/2023 13:30,0.0
10/24/2023 14:00,0.0
10/24/2023 14:30,0.0
10/24/2023 15:00,0.0
10/24/2023 15:30,0.0
10/24/2023 16:00,0.0
10/24/2023 16:30,0.0
10/24/2023 17:00,0.0
10/24/2023 17:30,0.0
10/24/2023 18:00,0.0
10/24/2023 18:30,0.0
10/24/2023 19:00,0.0
10/24/2023 19:30,0.0
10/24/2023 20:00,0.0
10/24/2023 20:30,0.0
10/24/2023 21:00,0.0
10/24/2023 21:30,0.0
10/24/2023 22:00,0.0
10/24/2023 22:30,0.0
10/24/2023 23:00,0.0
10/24/2023 23:30,0.0
10/25/2023 00:00,0.0
10/25/2023 00:30,0.0
10/25/2023 01:00,0.0
10/25/2023 01:30,0.0
10/25/2023 02:00,0.0
10/25/2023 02:30,0.0
10/25/2023 03:00,0.0
10/25/2023 03:30,0.0
10/25/2023 04:00,0.0
10/25/2023 04:30,0.0
10/25/2023 05:00,0.0
10/25/2023 05:30,0.0
10/25/2023 06:00,0.0
10/25/2023 06:30,0.0
10/25/2023 07:00,0.0
10/25/2023 07:30,0.0
10/25/2023 08:00,0.0
10/25/2023 08:30,0.0
10/25/2023 09:00,0.0
10/25/2023 09:30,0.0
10/25/2023 10:00,0.0
10/25/2023 10:30,0.0
10/25/2023 11:00,0.0
10/25/2023 11:30,0.0
10/25/2023 12:00,0.0
10/25/2023 12:30,0.0
10/25/2023 13:00,0.0
10/25/2023 13:30,0.0
10/25/2023 14:00,0.0
10/25/2023 14:30,0.0
10/25/2023 15:00,0.0
10/25/2023 15:30,0.0
10/25/2023 16:00,0.0
10/25/2023 16:30,0.0
10/25/2023 17:00,0.0
10/25/2023 17:30,0.0
10/25/2023 18:00,0.0
10/25/2023 18:30,0.0
10/25/2023 19:00,0.0
10/25/2023 19:30,0.0
10/25/2023 20:00,0.0
10/25/2023 20:30,0.0
10/25/2023 21:00,0.0
10/25/2023 21:30,0.0
10/25/2023 22:00,0.0
10/25/2023 22:30,0.0
10/25/2023 23:00,0.0
10/25/2023 23:30,0.0
10/26/2023 00:00,0.0
10/26/2023 00:30,0.0
10/26/2023 01:00,0.0
10/26/2023 01:30,0.0
10/26/2023 02:00,0.0
10/26/2023 02:30,0.0
10/26/2023 03:00,0.0
10/26/2023 03:30,0.0
10/26/2023 04:00,0.0
10/26/2023 04:30,0.0
10/26/2023 05:00,0.0
10/26/2023 05:30,0.0
10/26/2023 06:00,0.0
10/26/2023 06:30,0.0
10/26/2023 07:00,0.0
10/26/2023 07:30,0.0
10/26/2023 08:00,0.0
10/26/2023 08:30,0.0
10/26/2023 09:00,0.0
10/26/2023 09:30,0.0
10/26/2023 10:00,0.0
10/26/2023 10:30,0.0
10/26/2023 11:00,0.0
10/26/2023 11:30,0.0
10/26/2023 12:00,0.0
10/26/2023 12:30,0.0
10/26/2023 13:00,0.0
10/26/2023 13:30,0.0
10/26/2023 14:00,0.0
10/26/2023 14:30,0.0
10/26/2023 15:00,0.0
10/26/2023 15:30,0.0
10/26/2023 16:00,0.0
10/26/2023 16:30,0.0
10/26/2023 17:00,0.0
10/26/2023 17:30,0.0
10/26/2023 18:00,0.0
10/26/2023 18:30,0.0
10/26/2023 19:00,0.0
10/26/2023 19:30,0.0
10/26/2023 20:00,0.0
10/26/2023 20:30,0.0
10/26/2023 21:00,0.0
10/26/2023 21:30,0.0
10/26/2023 22:00,0.0
10/26/2023 22:30,0.0
10/26/2023 23:00,0.0
10/26/2023 23:30,0.0
10/27/2023 00:00,0.0
10/27/2023 00:30,0.0
10/27/2023 01:00,0.0
10/27/2023 01:30,0.0
10/27/2023 02:00,0.0
10/27/2023 02:30,0.0
10/27/2023 03:00,0.0
10/27/2023 03:30,0.0
10/27/2023 04:00,0.0
10/27/2023 04:30,0.0
10/27/2023 05:00,0.0
10/27/2023 05:30,0.0
10/27/2023 06:00,0.0
10/27/2023 06:30,0.0
10/27/2023 07:00,0.0
10/27/2023 07:30,0.0
10/27/2023 08:00,0.0
10/27/2023 08:30,0.0
10/27/2023 09:00,0.0
10/27/2023 09:30,0.0
10/27/2023 10:00,0.0
10/27/2023 10:30,0.0
10/27/2023 11:00,0.0
10/27/2023 11:30,0.0
10/27/2023 12:00,0.0
10/27/2023 12:30,0.0
10/27/2023 13:00,0.0
10/27/2023 13:30,0.0
10/27/2023 14:00,0.0
10/27/2023 14:30,0.0
10/27/2023 15:00,0.0
10/27/2023 15:30,0.0
10/27/2023 16:00,0.0
10/27/2023 16:30,0.0
10/27/2023 17:00,0.0
10/27/2023 17:30,0.0
10/27/2023 18:00,0.0
10/27/2023 18:30,0.0
10/27/2023 19:00,0.0
10/27/2023 19:30,0.0
10/27/2023 20:00,0.0
10/27/2023 20:30,0.0
10/27/2023 21:00,0.0
10/27/2023 21:30,0.0
10/27/2023 22:00,0.0
10/27/2023 22:30,0.0
10/27/2023 23:00,0.0
10/27/2023 23:30,0.0
10/28/2023 00:00,0.0
10/28/2023 00:30,0.0
10/28/2023 01:00,0.0
10/28/2023 01:30,0.0
10/28/2023 02:00,0.0
10/28/2023 02:30,0.0
10/28/2023 03:00,0.0
10/28/2023 03:30,0.0
10/28/2023 04:00,0.0
10/28/2023 04:30,0.0
10/28/2023 05:00,0.0
10/28/2023 05:30,0.0
10/28/2023 06:00,0.0
10/28/2023 06:30,0.0
10/28/2023 07:00,0.0
10/28/2023 07:30,0.0
10/28/2023 08:00,0.0
10/28/2023 08:30,0.0
10/28/2023 09:00,0.0
10/28/2023 09:30,0.0
10/28/2023 10:00,0.0
10/28/2023 10:30,0.0
10/28/2023 11:00,0.0
10/28/2023 11:30,0.0
10/28/2023 12:00,0.0
10/28/2023 12:30,0.0
10/28/2023 13:00,0.0
10/28/2023 13:30,0.0
10/28/2023 14:00,0.0
10/28/2023 14:30,0.0
10/28/2023 15:00,0.0
10/28/2023 15:30,0.0
10/28/2023 16:00,0.0
10/28/2023 16:30,0.0
10/28/2023 17:00,0.0
10/28/2023 17:30,0.0
10/28/2023 18:00,0.0
10/28/2023 18:30,0.0
10/28/2023 19:00,0.0
10/28/2023 19:30,0.0
10/28/2023 20:00,0.0
10/28/2023 20:30,0.0
10/28/2023 21:00,0.0
10/28/2023 21:30,0.0
10/28/2023 22:00,0.0
10/28/2023 22:30,0.0
10/28/2023 23:00,0.0
10/28/2023 23:30,0.0
10/29/2023 00:00,0.0
10/29/2023 00:30,0.0
10/29/2023 01:00,0.0
10/29/2023 01:30,0.0
10/29/2023 02:00,0.0
10/29/2023 02:30,0.0
10/29/2023 03:00,0.0
10/29/2023 03:30,0.0
10/29/2023 04:00,0.0
10/29/2023 04:30,0.0
10/29/2023 05:00,0.0
10/29/2023 05:30,0.0
10/29/2023 06:00,0.0
10/29/2023 06:30,0.0
10/29/2023 07:00,0.0
10/29/2023 07:30,0.0
10/29/2023 08:00,0.0
10/29/2023 08:30,0.0
10/29/2023 09:00,0.0
10/29/2023 09:30,0.0
10/29/2023 10:00,0.0
10/29/2023 10:30,0.0
10/29/2023 11:00,0.0
10/29/2023 11:30,0.0
10/29/2023 12:00,0.0
10/29/2023 12:30,0.0
10/29/2023 13:00,0.0
10/29/2023 13:30,0.0
10/29/2023 14:00,0.0
10/29/2023 14:30,0.0
10/29/2023 15:00,0.0
10/29/2023 15:30,0.0
10/29/2023 16:00,0.0
10/29/2023 16:30,0.0
10/29/2023 17:00,0.0
10/29/2023 17:30,0.0
10/29/2023 18:00,0.0
10/29/2023 18:30,0.0
10/29/2023 19:00,0.0
10/29/2023 19:30,0.0
10/29/2023 20:00,0.0
10/29/2023 20:30,0.0
10/29/2023 21:00,0.0
10/29/2023 21:30,0.0
10/29/2023 22:00,0.0
10/29/2023 22:30,0.0
10/29/2023 23:00,0.0
10/29/2023 23:30,0.0
10/30/2023 00:00,0.0
10/30/2023 00:30,0.0
10/30/2023 01:00,0.0
10/30/2023 01:30,0.0
10/30/2023 02:00,0.0
10/30/2023 02:30,0.0
10/30/2023 03:00,0.0
10/30/2023 03:30,0.0
10/30/2023 04:00,0.0
10/30/2023 04:30,0.0
10/30/2023 05:00,0.0
10/30/2023 05:30,0.0
10/30/2023 06:00,0.0
10/30/2023 06:30,0.0
10/30/2023 07:00,0.0
10/30/2023 07:30,0.0
10/30/2023 08:00,0.0
10/30/2023 08:30,0.0
10/30/2023 09:00,0.0
10/30/2023 09:30,0.0
10/30/2023 10:00,0.0
10/30/2023 10:30,0.0
10/30/2023 11:00,0.0
10/30/2023 11:30,0.0
10/30/2023 12:00,0.0
10/30/2023 12:30,0.0
10/30/2023 13:00,0.0
10/30/2023 13:30,0.0
10/30/2023 14:00,0.0
10/30/2023 14:30,0.0
10/30/2023 15:00,0.0
10/30/2023 15:30,0.0
10/30/2023 16:00,0.0
10/30/2023 16:30,0.0
10/30/2023 17:00,0.0
10/30/2023 17:30,0.0
10/30/2023 18:00,0.0
10/30/2023 18:30,0.0
10/30/2023 19:00,0.0
10/30/2023 19:30,0.0
10/30/2023 20:00,0.0
10/30/2023 20:30,0.0
10/30/2023 21:00,0.0
10/30/2023 21:30,0.0
10/30/2023 22:00,0.0
10/30/2023 22:30,0.0
10/30/2023 23:00,0.0
10/30/2023 23:30,0.0
10/31/2023 00:00,0.0
10/31/2023 00:30,0.0
10/31/2023 01:00,0.0
10/31/2023 01:30,0.0
10/31/2023 02:00,0.0
10/31/2023 02:30,0.0
10/31/2023 03:00,0.0
10/31/2023 03:30,0.0
10/31/2023 04:00,0.0
10/31/2023 04:30,0.0
10/31/2023 05:00,0.0
10/31/2023 05:30,0.0
10/31/2023 06:00,0.0
10/31/2023 06:30,0.0
10/31/2023 07:00,0.0
10/31/2023 07:30,0.0
10/31/2023 08:00,0.0
10/31/2023 08:30,0.0
10/31/2023 09:00,0.0
10/31/2023 09:30,0.0
10/31/2023 10:00,0.0
10/31/2023 10:30,0.0
10/31/2023 11:00,0.0
10/31/2023 11:30,0.0
10/31/2023 12:00,0.0
10/31/2023 12:30,0.0
10/31/2023 13:00,0.0
10/31/2023 13:30,0.0
10/31/2023 14:00,0.0
10/31/2023 14:30,0.0
10/31/2023 15:00,0.0
10/31/2023 15:30,0.0
10/31/2023 16:00,0.0
10/31/2023 16:30,0.0
10/31/2023 17:00,0.0
10/31/2023 17:30,0.0
10/31/2023 18:00,0.0
10/31/2023 18:30,0.0
10/31/2023 19:00,0.0
10/31/2023 19:30,0.0
10/31/2023 20:00,0.0
10/31/2023 20:30,0.0
10/31/2023 21:00,0.0
10/31/2023 21:30,0.0
10/31/2023 22:00,0.0
10/31/2023 22:30,0.0
10/31/2023 23:00,0.0
10/31/2023 23:30,0.0
11/01/2023 00:00,0.0
11/01/2023 00:30,0.0
11/01/2023 01:00,0.0
11/01/2023 01:30,0.0
11/01/2023 02:00,0.0
11/01/2023 02:30,0.0
11/01/2023 03:00,0.0
11/01/2023 03:30,0.0
11/01/2023 04:00,0.0
11/01/2023 04:30,0.0
11/01/2023 05:00,0.0
11/01/2023 05:30,0.0
11/01/2023 06:00,0.0
11/01/2023 06:30,0.0
11/01/2023 07:00,0.0
11/01/2023 07:30,0.0
11/01/2023 08:00,0.0
11/01/2023 08:30,0.0
11/01/2023 09:00,0.0
11/01/2023 09:30,0.0
11/01/2023 10:00,0.0
11/01/2023 10:30,0.0
11/01/2023 11:00,0.0
11/01/2023 11:30,0.0
11/01/2023 12:00,0.0
11/01/2023 12:30,0.0
11/01/2023 13:00,0.0
11/01/2023 13:30,0.0
11/01/2023 14:00,0.0
11/01/2023 14:30,0.0
11/01/2023 15:00,0.0
11/01/2023 15:30,0.0
11/01/2023 16:00,0.0
11/01/2023 16:30,0.0
11/01/2023 17:00,0.0
11/01/2023 17:30,0.0
11/01/2023 18:00,0.0
11/01/2023 18:30,0.0
11/01/2023 19:00,0.0
11/01/2023 19:30,0.0
11/01/2023 20:00,0.0
11/01/2023 20:30,0.0
11/01/2023 21:00,0.0
11/01/2023 21:30,0.0
11/01/2023 22:00,0.0
11/01/2023 22:30,0.0
11/01/2023 23:00,0.0
11/01/2023 23:30,0.0
11/02/2023 00:00,0.0
11/02/2023 00:00,0.0
11/02/2023 00:30,0.0
11/02/2023 00:30,0.0
11/02/2023 01:00,0.0
11/02/2023 01:00,0.0
11/02/2023 01:30,0.0
11/02/2023 01:30,0.0
11/02/2023 02:00,0.0
11/02/2023 02:00,0.0
11/02/2023 02:30,0.0
11/02/2023 02:30,0.0
11/02/2023 03:00,0.0
11/02/2023 03:00,0.0
11/02/2023 03:30,0.0
11/02/2023 03:30,0.0
11/02/2023 04:00,0.0
11/02/2023 04:00,0.0
11/02/2023 04:30,0.0
11/02/2023 04:30,0.0
11/02/2023 05:00,0.0
11/02/2023 05:00,0.0
11/02/2023 05:30,0.0
11/02/2023 05:30,0.0
11/02/2023 06:00,0.0
11/02/2023 06:00,0.0
11/02/2023 06:30,0.0
11/02/2023 06:30,0.0
11/02/2023 07:00,0.0
11/02/2023 07:00,0.0
11/02/2023 07:30,0.0
11/02/2023 07:30,0.0
11/02/2023 08:00,0.0
11/02/2023 08:00,0.0
11/02/2023 08:30,0.0
11/02/2023 08:30,0.0
11/02/2023 09:00,0.0
11/02/2023 09:00,0.0
11/02/2023 09:30,0.0
11/02/2023 09:30,0.0
11/02/2023 10:00,0.0
11/02/2023 10:00,0.0
11/02/2023 10:30,0.0
11/02/2023 10:30,0.0
11/02/2023 11:00,0.0
11/02/2023 11:00,0.0
11/02/2023 11:30,0.0
11/02/2023 11:30,0.0
11/02/2023 12:00,0.0
11/02/2023 12:00,0.0
11/02/2023 12:30,0.0
11/02/2023 12:30,0.0
11/02/2023 13:00,0.0
11/02/2023 13:00,0.0
11/02/2023 13:30,0.0
11/02/2023 13:30,0.0
11/02/2023 14:00,0.0
11/02/2023 14:00,0.0
11/02/2023 14:30,0.0
11/02/2023 14:30,0.0
11/02/2023 15:00,0.0
11/02/2023 15:00,0.0
11/02/2023 15:30,0.0
11/02/2023 15:30,0.0
11/02/2023 16:00,0.0
11/02/2023 16:00,0.0
11/02/2023 16:30,0.0
11/02/2023 16:30,0.0
11/02/2023 17:00,0.0
11/02/2023 17:00,0.0
11/02/2023 17:30,0.0
11/02/2023 17:30,0.0
11/02/2023 18:00,0.0
11/02/2023 18:00,0.0
11/02/2023 18:30,0.0
11/02/2023 18:30,0.0
11/02/2023 19:00,0.0
11/02/2023 19:00,0.0
11/02/2023 19:30,0.0
11/02/2023 19:30,0.0
11/02/2023 20:00,0.0
11/02/2023 20:00,0.0
11/02/2023 20:30,0.0
11/02/2023 20:30,0.0
11/02/2023 21:00,0.0
11/02/2023 21:00,0.0
11/02/2023 21:30,0.0
11/02/2023 21:30,0.0
11/02/2023 22:00,0.0
11/02/2023 22:00,0.0
11/02/2023 22:30,0.0
11/02/2023 22:30,0.0
11/02/2023 23:00,0.0
11/02/2023 23:00,0.0
11/02/2023 23:30,0.0
11/02/2023 23:30,0.0
11/03/2023 00:00,0.0
11/03/2023 00:30,0.0
11/03/2023 01:00,0.0
11/03/2023 01:30,0.0
11/03/2023 02:00,0.0
11/03/2023 02:30,0.0
11/03/2023 03:00,0.0
11/03/2023 03:30,0.0
11/03/2023 04:00,0.0
11/03/2023 04:30,0.0
11/03/2023 05:00,0.0
11/03/2023 05:30,0.0
11/03/2023 06:00,0.0
11/03/2023 06:30,0.0
11/03/2023 07:00,0.0
11/03/2023 07:30,0.0
11/03/2023 08:00,0.0
11/03/2023 08:30,0.0
11/03/2023 09:00,0.0
11/03/2023 09:30,0.0
11/03/2023 10:00,0.0
11/03/2023 10:30,0.0
11/03/2023 11:00,0.0
11/03/2023 11:30,0.0
11/03/2023 12:00,0.0
11/03/2023 12:30,0.0
11/03/2023 13:00,0.0
11/03/2023 13:30,0.0
11/03/2023 14:00,0.0
11/03/2023 14:30,0.0
11/03/2023 15:00,0.0
11/03/2023 15:30,0.0
11/03/2023 16:00,0.0
11/03/2023 16:30,0.0
11/03/2023 17:00,0.0
11/03/2023 17:30,0.0
11/03/2023 18:00,0.0
11/03/2023 18:30,0.0
11/03/2023 19:00,0.0
11/03/2023 19:30,0.0
11/03/2023 20:00,0.0
11/03/2023 20:30,0.0
11/03/2023 21:00,0.0
11/03/2023 21:30,0.0
11/03/2023 22:00,0.0
11/03/2023 22:30,0.0
11/03/2023 23:00,0.0
11/03/2023 23:30,0.0
11/04/2023 00:00,0.0
11/04/2023 00:30,0.0
11/04/2023 01:00,0.0
11/04/2023 01:30,0.0
11/04/2023 02:00,0.0
11/04/2023 02:30,0.0
11/04/2023 03:00,0.0
11/04/2023 03:30,0.0
11/04/2023 04:00,0.0
11/04/2023 04:30,0.0
11/04/2023 05:00,0.0
11/04/2023 05:30,0.0
11/04/2023 06:00,0.0
11/04/2023 06:30,0.0
11/04/2023 07:00,0.0
11/04/2023 07:30,0.0
11/04/2023 08:00,0.0
11/04/2023 08:30,0.0
11/04/2023 09:00,0.0
11/04/2023 09:30,0.0
11/04/2023 10:00,0.0
11/04/2023 10:30,0.0
11/04/2023 11:00,0.0
11/04/2023 11:30,0.0
11/04/2023 12:00,0.0
11/04/2023 12:30,0.0
11/04/2023 13:00,0.0
11/04/2023 13:30,0.0
11/04/2023 14:00,0.0
11/04/2023 14:30,0.0
11/04/2023 15:00,0.0
11/04/2023 15:30,0.0
11/04/2023 16:00,0.0
11/04/2023 16:30,0.0
11/04/2023 17:00,0.0
11/04/2023 17:30,0.0
11/04/2023 18:00,0.0
11/04/2023 18:30,0.0
11/04/2023 19:00,0.0
11/04/2023 19:30,0.0
11/04/2023 20:00,0.0
11/04/2023 20:30,0.0
11/04/2023 21:00,0.0
11/04/2023 21:30,0.0
11/04/2023 22:00,0.0
11/04/2023 22:30,0.0
11/04/2023 23:00,0.0
11/04/2023 23:30,0.0
11/05/2023 00:00,0.0
11/05/2023 00:30,0.0
11/05/2023 01:00,0.0
11/05/2023 01:30,0.0
11/05/2023 02:00,0.0
11/05/2023 02:30,0.0
11/05/2023 03:00,0.0
11/05/2023 03:30,0.0
11/05/2023 04:00,0.0
11/05/2023 04:30,0.0
11/05/2023 05:00,0.0
11/05/2023 05:30,0.0
11/05/2023 06:00,0.0
11/05/2023 06:30,0.0
11/05/2023 07:00,0.0
11/05/2023 07:30,0.0
11/05/2023 08:00,0.0
11/05/2023 08:30,0.0
11/05/2023 09:00,0.0
11/05/2023 09:30,0.0
11/05/2023 10:00,0.0
11/05/2023 10:30,0.0
11/05/2023 11:00,0.0
11/05/2023 11:30,0.0
11/05/2023 12:00,0.0
11/05/2023 12:30,0.0
11/05/2023 13:00,0.0
11/05/2023 13:30,0.0
11/05/2023 14:00,0.0
11/05/2023 14:30,0.0
11/05/2023 15:00,0.0
11/05/2023 15:30,0.0
11/05/2023 16:00,0.0
11/05/2023 16:30,0.0
11/05/2023 17:00,0.0
11/05/2023 17:30,0.0
11/05/2023 18:00,0.0
11/05/2023 18:30,0.0
11/05/2023 19:00,0.0
11/05/2023 19:30,0.0
11/05/2023 20:00,0.0
11/05/2023 20:30,0.0
11/05/2023 21:00,0.0
11/05/2023 21:30,0.0
11/05/2023 22:00,0.0
11/05/2023 22:30,0.0
11/05/2023 23:00,0.0
11/05/2023 23:30,0.0
11/06/2023 00:00,0.0
11/06/2023 00:30,0.0
11/06/2023 01:00,0.0
11/06/2023 01:30,0.0
11/06/2023 02:00,0.0
11/06/2023 02:30,0.0
11/06/2023 03:00,0.0
11/06/2023 03:30,0.0
11/06/2023 04:00,0.0
11/06/2023 04:30,0.0
11/06/2023 05:00,0.0
11/06/2023 05:30,0.0
11/06/2023 06:00,0.0
11/06/2023 06:30,0.0
11/06/2023 07:00,0.0
11/06/2023 07:30,0.0
11/06/2023 08:00,0.0
11/06/2023 08:30,0.0
11/06/2023 09:00,0.0
11/06/2023 09:30,0.0
11/06/2023 10:00,0.0
11/06/2023 10:30,0.0
11/06/2023 11:00,0.0
11/06/2023 11:30,0.0
11/06/2023 12:00,0.0
11/06/2023 12:30,0.0
11/06/2023 13:00,0.0
11/06/2023 13:30,0.0
11/06/2023 14:00,0.0
11/06/2023 14:30,0.0
11/06/2023 15:00,0.0
11/06/2023 15:30,0.0
11/06/2023 16:00,0.0
11/06/2023 16:30,0.0
11/06/2023 17:00,0.0
11/06/2023 17:30,0.0
11/06/2023 18:00,0.0
11/06/2023 18:30,0.0
11/06/2023 19:00,0.0
11/06/2023 19:30,0.0
11/06/2023 20:00,0.0
11/06/2023 20:30,0.0
11/06/2023 21:00,0.0
11/06/2023 21:30,0.0
11/06/2023 22:00,0.0
11/06/2023 22:30,0.0
11/06/2023 23:00,0.0
11/06/2023 23:30,0.0
11/07/2023 00:00,0.0
11/07/2023 00:30,0.0
11/07/2023 01:00,0.0
11/07/2023 01:30,0.0
11/07/2023 02:00,0.0
11/07/2023 02:30,0.0
11/07/2023 03:00,0.0
11/07/2023 03:30,0.0
11/07/2023 04:00,0.0
11/07/2023 04:30,0.0
11/07/2023 05:00,0.0
11/07/2023 05:30,0.0
11/07/2023 06:00,0.0
11/07/2023 06:30,0.0
11/07/2023 07:00,0.0
11/07/2023 07:30,0.0
11/07/2023 08:00,0.0
11/07/2023 08:30,0.0
11/07/2023 09:00,0.0
11/07/2023 09:30,0.0
11/07/2023 10:00,0.0
11/07/2023 10:30,0.0
11/07/2023 11:00,0.0
11/07/2023 11:30,0.0
11/07/2023 12:00,0.0
11/07/2023 12:30,0.0
11/07/2023 13:00,0.0
11/07/2023 13:30,0.0
11/07/2023 14:00,0.0
11/07/2023 14:30,0.0
11/07/2023 15:00,0.0
11/07/2023 15:30,0.0
11/07/2023 16:00,0.0
11/07/2023 16:30,0.0
11/07/2023 17:00,0.0
11/07/2023 17:30,0.0
11/07/2023 18:00,0.0
11/07/2023 18:30,0.0
11/07/2023 19:00,0.0
11/07/2023 19:30,0.0
11/07/2023 20:00,0.0
11/07/2023 20:30,0.0
11/07/2023 21:00,0.0
11/07/2023 21:30,0.0
11/07/2023 22:00,0.0
11/07/2023 22:30,0.0
11/07/2023 23:00,0.0
11/07/2023 23:30,0.0
11/08/2023 00:00,0.0
11/08/2023 00:30,0.0
11/08/2023 01:00,0.0
11/08/2023 01:30,0.0
11/08/2023 02:00,0.0
11/08/2023 02:30,0.0
11/08/2023 03:00,0.0
11/08/2023 03:30,0.0
11/08/2023 04:00,0.0
11/08/2023 04:30,0.0
11/08/2023 05:00,0.0
11/08/2023 05:30,0.0
11/08/2023 06:00,0.0
11/08/2023 06:30,0.0
11/08/2023 07:00,0.0
11/08/2023 07:30,0.0
11/08/2023 08:00,0.0
11/08/2023 08:30,0.0
11/08/2023 09:00,0.0
11/08/2023 09:30,0.0
11/08/2023 10:00,0.0
11/08/2023 10:30,0.0
11/08/2023 11:00,0.0
11/08/2023 11:30,0.0
11/08/2023 12:00,0.0
11/08/2023 12:30,0.0
11/08/2023 13:00,0.0
11/08/2023 13:30,0.0
11/08/2023 14:00,0.0
11/08/2023 14:30,0.0
11/08/2023 15:00,0.0
11/08/2023 15:30,0.0
11/08/2023 16:00,0.0
11/08/2023 16:30,0.0
11/08/2023 17:00,0.0
11/08/2023 17:30,0.0
11/08/2023 18:00,0.0
11/08/2023 18:30,0.0
11/08/2023 19:00,0.0
11/08/2023 19:30,0.0
11/08/2023 20:00,0.0
11/08/2023 20:30,0.0
11/08/2023 21:00,0.0
11/08/2023 21:30,0.0
11/08/2023 22:00,0.0
11/08/2023 22:30,0.0
11/08/2023 23:00,0.0
11/08/2023 23:30,0.0
11/09/2023 00:00,0.0
11/09/2023 00:30,0.0
11/09/2023 01:00,0.0
11/09/2023 01:30,0.0
11/09/2023 02:00,0.0
11/09/2023 02:30,0.0
11/09/2023 03:00,0.0
11/09/2023 03:30,0.0
11/09/2023 04:00,0.0
11/09/2023 04:30,0.0
11/09/2023 05:00,0.0
11/09/2023 05:30,0.0
11/09/2023 06:00,0.0
11/09/2023 06:30,0.0
11/09/2023 07:00,0.0
11/09/2023 07:30,0.0
11/09/2023 08:00,0.0
11/09/2023 08:30,0.0
11/09/2023 09:00,0.0
11/09/2023 09:30,0.0
11/09/2023 10:00,0.0
11/09/2023 10:30,0.0
11/09/2023 11:00,0.0
11/09/2023 11:30,0.0
11/09/2023 12:00,0.0
11/09/2023 12:30,0.0
11/09/2023 13:00,0.0
11/09/2023 13:30,0.0
11/09/2023 14:00,0.0
11/09/2023 14:30,0.0
11/09/2023 15:00,0.0
11/09/2023 15:30,0.0
11/09/2023 16:00,0.0
11/09/2023 16:30,0.0
11/09/2023 17:00,0.0
11/09/2023 17:30,0.0
11/09/2023 18:00,0.0
11/09/2023 18:30,0.0
11/09/2023 19:00,0.0
11/09/2023 19:30,0.0
11/09/2023 20:00,0.0
11/09/2023 20:30,0.0
11/09/2023 21:00,0.0
11/09/2023 21:30,0.0
11/09/2023 22:00,0.0
11/09/2023 22:30,0.0
11/09/2023 23:00,0.0
11/09/2023 23:30,0.0
11/10/2023 00:00,0.0
11/10/2023 00:30,0.0
11/10/2023 01:00,0.0
11/10/2023 01:30,0.0
11/10/2023 02:00,0.0
11/10/2023 02:30,0.0
11/10/2023 03:00,0.0
11/10/2023 03:30,0.0
11/10/2023 04:00,0.0
11/10/2023 04:30,0.0
11/10/2023 05:00,0.0
11/10/2023 05:30,0.0
11/10/2023 06:00,0.0
11/10/2023 06:30,0.0
11/10/2023 07:00,0.0
11/10/2023 07:30,0.0
11/10/2023 08:00,0.0
11/10/2023 08:30,0.0
11/10/2023 09:00,0.0
11/10/2023 09:30,0.0
11/10/2023 10:00,0.0
11/10/2023 10:30,0.0
11/10/2023 11:00,0.0
11/10/2023 11:30,0.0
11/10/2023 12:00,0.0
11/10/2023 12:30,0.0
11/10/2023 13:00,0.0
11/10/2023 13:30,0.0
11/10/2023 14:00,0.0
11/10/2023 14:30,0.0
11/10/2023 15:00,0.0
11/10/2023 15:30,0.0
11/10/2023 16:00,0.0
11/10/2023 16:30,0.0
11/10/2023 17:00,0.0
11/10/2023 17:30,0.0
11/10/2023 18:00,0.0
11/10/2023 18:30,0.0
11/10/2023 19:00,0.0
11/10/2023 19:30,0.0
11/10/2023 20:00,0.0
11/10/2023 20:30,0.0
11/10/2023 21:00,0.0
11/10/2023 21:30,0.0
11/10/2023 22:00,0.0
11/10/2023 22:30,0.0
11/10/2023 23:00,0.0
11/10/2023 23:30,0.0
11/11/2023 00:00,0.0
11/11/2023 00:30,0.0
11/11/2023 01:00,0.0
11/11/2023 01:30,0.0
11/11/2023 02:00,0.0
11/11/2023 02:30,0.0
11/11/2023 03:00,0.0
11/11/2023 03:30,0.0
11/11/2023 04:00,0.0
11/11/2023 04:30,0.0
11/11/2023 05:00,0.0
11/11/2023 05:30,0.0
11/11/2023 06:00,0.0
11/11/2023 06:30,0.0
11/11/2023 07:00,0.0
11/11/2023 07:30,0.0
11/11/2023 08:00,0.0
11/11/2023 08:30,0.0
11/11/2023 09:00,0.0
11/11/2023 09:30,0.0
11/11/2023 10:00,0.0
11/11/2023 10:30,0.0
11/11/2023 11:00,0.0
11/11/2023 11:30,0.0
11/11/2023 12:00,0.0
11/11/2023 12:30,0.0
11/11/2023 13:00,0.0
11/11/2023 13:30,0.0
11/11/2023 14:00,0.0
11/11/2023 14:30,0.0
11/11/2023 15:00,0.0
11/11/2023 15:30,0.0
11/11/2023 16:00,0.0
11/11/2023 16:30,0.0
11/11/2023 17:00,0.0
11/11/2023 17:30,0.0
11/11/2023 18:00,0.0
11/11/2023 18:30,0.0
11/11/2023 19:00,0.0
11/11/2023 19:30,0.0
11/11/2023 20:00,0.0
11/11/2023 20:30,0.0
11/11/2023 21:00,0.0
11/11/2023 21:30,0.0
11/11/2023 22:00,0.0
11/11/2023 22:30,0.0
11/11/2023 23:00,0.0
11/11/2023 23:30,0.0
11/12/2023 00:00,0.0
11/12/2023 00:30,0.0
11/12/2023 01:00,0.0
11/12/2023 01:30,0.0
11/12/2023 02:00,0.0
11/12/2023 02:30,0.0
11/12/2023 03:00,0.0
11/12/2023 03:30,0.0
11/12/2023 04:00,0.0
11/12/2023 04:30,0.0
11/12/2023 05:00,0.0
11/12/2023 05:30,0.0
11/12/2023 06:00,0.0
11/12/2023 06:30,0.0
11/12/2023 07:00,0.0
11/12/2023 07:30,0.0
11/12/2023 08:00,0.0
11/12/2023 08:30,0.0
11/12/2023 09:00,0.0
11/12/2023 09:30,0.0
11/12/2023 10:00,0.0
11/12/2023 10:30,0.0
11/12/2023 11:00,0.0
11/12/2023 11:30,0.0
11/12/2023 12:00,0.0
11/12/2023 12:30,0.0
11/12/2023 13:00,0.0
11/12/2023 13:30,0.0
11/12/2023 14:00,0.0
11/12/2023 14:30,0.0
11/12/2023 15:00,0.0
11/12/2023 15:30,0.0
11/12/2023 16:00,0.0
11/12/2023 16:30,0.0
11/12/2023 17:00,0.0
11/12/2023 17:30,0.0
11/12/2023 18:00,0.0
11/12/2023 18:30,0.0
11/12/2023 19:00,0.0
11/12/2023 19:30,0.0
11/12/2023 20:00,0.0
11/12/2023 20:30,0.0
11/12/2023 21:00,0.0
11/12/2023 21:30,0.0
11/12/2023 22:00,0.0
11/12/2023 22:30,0.0
11/12/2023 23:00,0.0
11/12/2023 23:30,0.0
11/13/2023 00:00,0.0
11/13/2023 00:30,0.0
11/13/2023 01:00,0.0
11/13/2023 01:30,0.0
11/13/2023 02:00,0.0
11/13/2023 02:30,0.0
11/13/2023 03:00,0.0
11/13/2023 03:30,0.0
11/13/2023 04:00,0.0
11/13/2023 04:30,0.0
11/13/2023 05:00,0.0
11/13/2023 05:30,0.0
11/13/2023 06:00,0.0
11/13/2023 06:30,0.0
11/13/2023 07:00,0.0
11/13/2023 07:30,0.0
11/13/2023 08:00,0.0
11/13/2023 08:30,0.0
11/13/2023 09:00,0.0
11/13/2023 09:30,0.0
11/13/2023 10:00,0.0
11/13/2023 10:30,0.0
11/13/2023 11:00,0.0
11/13/2023 11:30,0.0
11/13/2023 12:00,0.0
11/13/2023 12:30,0.0
11/13/2023 13:00,0.0
11/13/2023 13:30,0.0
11/13/2023 14:00,0.0
11/13/2023 14:30,0.0
11/13/2023 15:00,0.0
11/13/2023 15:30,0.0
11/13/2023 16:00,0.0
11/13/2023 16:30,0.0
11/13/2023 17:00,0.0
11/13/2023 17:30,0.0
11/13/2023 18:00,0.0
11/13/2023 18:30,0.0
11/13/2023 19:00,0.0
11/13/2023 19:30,0.0
11/13/2023 20:00,0.0
11/13/2023 20:30,0.0
11/13/2023 21:00,0.0
11/13/2023 21:30,0.0
11/13/2023 22:00,0.0
11/13/2023 22:30,0.0
11/13/2023 23:00,0.0
11/13/2023 23:30,0.0
11/14/2023 00:00,0.0
11/14/2023 00:30,0.0
11/14/2023 01:00,0.0
11/14/2023 01:30,0.0
11/14/2023 02:00,0.0
11/14/2023 02:30,0.0
11/14/2023 03:00,0.0
11/14/2023 03:30,0.0
11/14/2023 04:00,0.0
11/14/2023 04:30,0.0
11/14/2023 05:00,0.0
11/14/2023 05:30,0.0
11/14/2023 06:00,0.0
11/14/2023 06:30,0.0
11/14/2023 07:00,0.0
11/14/2023 07:30,0.0
11/14/2023 08:00,0.0
11/14/2023 08:30,0.0
11/14/2023 09:00,0.0
11/14/2023 09:30,0.0
11/14/2023 10:00,0.0
11/14/2023 10:30,0.0
11/14/2023 11:00,0.0
11/14/2023 11:30,0.0
11/14/2023 12:00,0.0
11/14/2023 12:30,0.0
11/14/2023 13:00,0.0
11/14/2023 13:30,0.0
11/14/2023 14:00,0.0
11/14/2023 14:30,0.0
11/14/2023 15:00,0.0
11/14/2023 15:30,0.0
11/14/2023 16:00,0.0
11/14/2023 16:30,0.0
11/14/2023 17:00,0.0
11/14/2023 17:30,0.0
11/14/2023 18:00,0.0
11/14/2023 18:30,0.0
11/14/2023 19:00,0.0
11/14/2023 19:30,0.0
11/14/2023 20:00,0.0
11/14/2023 20:30,0.0
11/14/2023 21:00,0.0
11/14/2023 21:30,0.0
11/14/2023 22:00,0.0
11/14/2023 22:30,0.0
11/14/2023 23:00,0.0
11/14/2023 23:30,0.0
11/15/2023 00:00,0.0
11/15/2023 00:00,0.0
11/15/2023 00:30,0.0
11/15/2023 00:30,0.0
11/15/2023 01:00,0.0
11/15/2023 01:00,0.0
11/15/2023 01:30,0.0
11/15/2023 01:30,0.0
11/15/2023 02:00,0.0
11/15/2023 02:00,0.0
11/15/2023 02:30,0.0
11/15/2023 02:30,0.0
11/15/2023 03:00,0.0
11/15/2023 03:00,0.0
11/15/2023 03:30,0.0
11/15/2023 03:30,0.0
11/15/2023 04:00,0.0
11/15/2023 04:00,0.0
11/15/2023 04:30,0.0
11/15/2023 04:30,0.0
11/15/2023 05:00,0.0
11/15/2023 05:00,0.0
11/15/2023 05:30,0.0
11/15/2023 05:30,0.0
11/15/2023 06:00,0.0
11/15/2023 06:00,0.0
11/15/2023 06:30,0.0
11/15/2023 06:30,0.0
11/15/2023 07:00,0.0
11/15/2023 07:00,0.0
11/15/2023 07:30,0.0
11/15/2023 07:30,0.0
11/15/2023 08:00,0.0
11/15/2023 08:00,0.0
11/15/2023 08:30,0.0
11/15/2023 08:30,0.0
11/15/2023 09:00,0.0
11/15/2023 09:00,0.0
11/15/2023 09:30,0.0
11/15/2023 09:30,0.0
11/15/2023 10:00,0.0
11/15/2023 10:00,0.0
11/15/2023 10:30,0.0
11/15/2023 10:30,0.0
11/15/2023 11:00,0.0
11/15/2023 11:00,0.0
11/15/2023 11:30,0.0
11/15/2023 11:30,0.0
11/15/2023 12:00,0.0
11/15/2023 12:00,0.0
11/15/2023 12:30,0.0
11/15/2023 12:30,0.0
11/15/2023 13:00,0.0
11/15/2023 13:00,0.0
11/15/2023 13:30,0.0
11/15/2023 13:30,0.0
11/15/2023 14:00,0.0
11/15/2023 14:00,0.0
11/15/2023 14:30,0.0
11/15/2023 14:30,0.0
11/15/2023 15:00,0.0
11/15/2023 15:00,0.0
11/15/2023 15:30,0.0
11/15/2023 15:30,0.0
11/15/2023 16:00,0.0
11/15/2023 16:00,0.0
11/15/2023 16:30,0.0
11/15/2023 16:30,0.0
11/15/2023 17:00,0.0
11/15/2023 17:00,0.0
11/15/2023 17:30,0.0
11/15/2023 17:30,0.0
11/15/2023 18:00,0.0
11/15/2023 18:00,0.0
11/15/2023 18:30,0.0
11/15/2023 18:30,0.0
11/15/2023 19:00,0.0
11/15/2023 19:00,0.0
11/15/2023 19:30,0.0
11/15/2023 19:30,0.0
11/15/2023 20:00,0.0
11/15/2023 20:00,0.0
11/15/2023 20:30,0.0
11/15/2023 20:30,0.0
11/15/2023 21:00,0.0
11/15/2023 21:00,0.0
11/15/2023 21:30,0.0
11/15/2023 21:30,0.0
11/15/2023 22:00,0.0
11/15/2023 22:00,0.0
11/15/2023 22:30,0.0
11/15/2023 22:30,0.0
11/15/2023 23:00,0.0
11/15/2023 23:00,0.0
11/15/2023 23:30,0.0
11/15/2023 23:30,0.0
11/16/2023 00:00,0.0
11/16/2023 00:00,0.0
11/16/2023 00:30,0.0
11/16/2023 00:30,0.0
11/16/2023 01:00,0.0
11/16/2023 01:00,0.0
11/16/2023 01:30,0.0
11/16/2023 01:30,0.0
11/16/2023 02:00,0.0
11/16/2023 02:00,0.0
11/16/2023 02:30,0.0
11/16/2023 02:30,0.0
11/16/2023 03:00,0.0
11/16/2023 03:00,0.0
11/16/2023 03:30,0.0
11/16/2023 03:30,0.0
11/16/2023 04:00,0.0
11/16/2023 04:00,0.0
11/16/2023 04:30,0.0
11/16/2023 04:30,0.0
11/16/2023 05:00,0.0
11/16/2023 05:00,0.0
11/16/2023 05:30,0.0
11/16/2023 05:30,0.0
11/16/2023 06:00,0.0
11/16/2023 06:00,0.0
11/16/2023 06:30,0.0
11/16/2023 06:30,0.0
11/16/2023 07:00,0.0
11/16/2023 07:00,0.0
11/16/2023 07:30,0.0
11/16/2023 07:30,0.0
11/16/2023 08:00,0.0
11/16/2023 08:00,0.0
11/16/2023 08:30,0.0
11/16/2023 08:30,0.0
11/16/2023 09:00,0.0
11/16/2023 09:00,0.0
11/16/2023 09:30,0.0
11/16/2023 09:30,0.0
11/16/2023 10:00,0.0
11/16/2023 10:00,0.0
11/16/2023 10:30,0.0
11/16/2023 10:30,0.0
11/16/2023 11:00,0.0
11/16/2023 11:00,0.0
11/16/2023 11:30,0.0
11/16/2023 11:30,0.0
11/16/2023 12:00,0.0
11/16/2023 12:00,0.0
11/16/2023 12:30,0.0
11/16/2023 12:30,0.0
11/16/2023 13:00,0.0
11/16/2023 13:00,0.0
11/16/2023 13:30,0.0
11/16/2023 13:30,0.0
11/16/2023 14:00,0.0
11/16/2023 14:00,0.0
11/16/2023 14:30,0.0
11/16/2023 14:30,0.0
11/16/2023 15:00,0.0
11/16/2023 15:00,0.0
11/16/2023 15:30,0.0
11/16/2023 15:30,0.0
11/16/2023 16:00,0.0
11/16/2023 16:00,0.0
11/16/2023 16:30,0.0
11/16/2023 16:30,0.0
11/16/2023 17:00,0.0
11/16/2023 17:00,0.0
11/16/2023 17:30,0.0
11/16/2023 17:30,0.0
11/16/2023 18:00,0.0
11/16/2023 18:00,0.0
11/16/2023 18:30,0.0
11/16/2023 18:30,0.0
11/16/2023 19:00,0.0
11/16/2023 19:00,0.0
11/16/2023 19:30,0.0
11/16/2023 19:30,0.0
11/16/2023 20:00,0.0
11/16/2023 20:00,0.0
11/16/2023 20:30,0.0
11/16/2023 20:30,0.0
11/16/2023 21:00,0.0
11/16/2023 21:00,0.0
11/16/2023 21:30,0.0
11/16/2023 21:30,0.0
11/16/2023 22:00,0.0
11/16/2023 22:00,0.0
11/16/2023 22:30,0.0
11/16/2023 22:30,0.0
11/16/2023 23:00,0.0
11/16/2023 23:00,0.0
11/16/2023 23:30,0.0
11/16/2023 23:30,0.0
11/17/2023 00:00,0.0
11/17/2023 00:00,0.0
11/17/2023 00:00,0.0
11/17/2023 00:00,0.0
11/17/2023 00:00,0.0
11/17/2023 00:30,0.0
11/17/2023 00:30,0.0
11/17/2023 00:30,0.0
11/17/2023 00:30,0.0
11/17/2023 00:30,0.0
11/17/2023 01:00,0.0
11/17/2023 01:00,0.0
11/17/2023 01:00,0.0
11/17/2023 01:00,0.0
11/17/2023 01:00,0.0
11/17/2023 01:30,0.0
11/17/2023 01:30,0.0
11/17/2023 01:30,0.0
11/17/2023 01:30,0.0
11/17/2023 01:30,0.0
11/17/2023 02:00,0.0
11/17/2023 02:00,0.0
11/17/2023 02:00,0.0
11/17/2023 02:00,0.0
11/17/2023 02:00,0.0
11/17/2023 02:30,0.0
11/17/2023 02:30,0.0
11/17/2023 02:30,0.0
11/17/2023 02:30,0.0
11/17/2023 02:30,0.0
11/17/2023 03:00,0.0
11/17/2023 03:00,0.0
11/17/2023 03:00,0.0
11/17/2023 03:00,0.0
11/17/2023 03:00,0.0
11/17/2023 03:30,0.0
11/17/2023 03:30,0.0
11/17/2023 03:30,0.0
11/17/2023 03:30,0.0
11/17/2023 03:30,0.0
11/17/2023 04:00,0.0
11/17/2023 04:00,0.0
11/17/2023 04:00,0.0
11/17/2023 04:00,0.0
11/17/2023 04:00,0.0
11/17/2023 04:30,0.0
11/17/2023 04:30,0.0
11/17/2023 04:30,0.0
11/17/2023 04:30,0.0
11/17/2023 04:30,0.0
11/17/2023 05:00,0.0
11/17/2023 05:00,0.0
11/17/2023 05:00,0.0
11/17/2023 05:00,0.0
11/17/2023 05:00,0.0
11/17/2023 05:30,0.0
11/17/2023 05:30,0.0
11/17/2023 05:30,0.0
11/17/2023 05:30,0.0
11/17/2023 05:30,0.0
11/17/2023 06:00,0.0
11/17/2023 06:00,0.0
11/17/2023 06:00,0.0
11/17/2023 06:00,0.0
11/17/2023 06:00,0.0
11/17/2023 06:30,0.0
11/17/2023 06:30,0.0
11/17/2023 06:30,0.0
11/17/2023 06:30,0.0
11/17/2023 06:30,0.0
11/17/2023 07:00,0.0
11/17/2023 07:00,0.0
11/17/2023 07:00,0.0
11/17/2023 07:00,0.0
11/17/2023 07:00,0.0
11/17/2023 07:30,0.0
11/17/2023 07:30,0.0
11/17/2023 07:30,0.0
11/17/2023 07:30,0.0
11/17/2023 07:30,0.0
11/17/2023 08:00,0.0
11/17/2023 08:00,0.0
11/17/2023 08:00,0.0
11/17/2023 08:00,0.0
11/17/2023 08:00,0.0
11/17/2023 08:30,0.0
11/17/2023 08:30,0.0
11/17/2023 08:30,0.0
11/17/2023 08:30,0.0
11/17/2023 08:30,0.0
11/17/2023 09:00,0.0
11/17/2023 09:00,0.0
11/17/2023 09:00,0.0
11/17/2023 09:00,0.0
11/17/2023 09:00,0.0
11/17/2023 09:30,0.0
11/17/2023 09:30,0.0
11/17/2023 09:30,0.0
11/17/2023 09:30,0.0
11/17/2023 09:30,0.0
11/17/2023 10:00,0.0
11/17/2023 10:00,0.0
11/17/2023 10:00,0.0
11/17/2023 10:00,0.0
11/17/2023 10:00,0.0
11/17/2023 10:30,0.0
11/17/2023 10:30,0.0
11/17/2023 10:30,0.0
11/17/2023 10:30,0.0
11/17/2023 10:30,0.0
11/17/2023 11:00,0.0
11/17/2023 11:00,0.0
11/17/2023 11:00,0.0
11/17/2023 11:00,0.0
11/17/2023 11:00,0.0
11/17/2023 11:30,0.0
11/17/2023 11:30,0.0
11/17/2023 11:30,0.0
11/17/2023 11:30,0.0
11/17/2023 11:30,0.0
11/17/2023 12:00,0.0
11/17/2023 12:00,0.0
11/17/2023 12:00,0.0
11/17/2023 12:00,0.0
11/17/2023 12:00,0.0
11/17/2023 12:30,0.0
11/17/2023 12:30,0.0
11/17/2023 12:30,0.0
11/17/2023 12:30,0.0
11/17/2023 12:30,0.0
11/17/2023 13:00,0.0
11/17/2023 13:00,0.0
11/17/2023 13:00,0.0
11/17/2023 13:00,0.0
11/17/2023 13:00,0.0
11/17/2023 13:30,0.0
11/17/2023 13:30,0.0
11/17/2023 13:30,0.0
11/17/2023 13:30,0.0
11/17/2023 13:30,0.0
11/17/2023 14:00,0.0
11/17/2023 14:00,0.0
11/17/2023 14:00,0.0
11/17/2023 14:00,0.0
11/17/2023 14:00,0.0
11/17/2023 14:30,0.0
11/17/2023 14:30,0.0
11/17/2023 14:30,0.0
11/17/2023 14:30,0.0
11/17/2023 14:30,0.0
11/17/2023 15:00,0.0
11/17/2023 15:00,0.0
11/17/2023 15:00,0.0
11/17/2023 15:00,0.0
11/17/2023 15:00,0.0
11/17/2023 15:30,0.0
11/17/2023 15:30,0.0
11/17/2023 15:30,0.0
11/17/2023 15:30,0.0
11/17/2023 15:30,0.0
11/17/2023 16:00,0.0
11/17/2023 16:00,0.0
11/17/2023 16:00,0.0
11/17/2023 16:00,0.0
11/17/2023 16:00,0.0
11/17/2023 16:30,0.0
11/17/2023 16:30,0.0
11/17/2023 16:30,0.0
11/17/2023 16:30,0.0
11/17/2023 16:30,0.0
11/17/2023 17:00,0.0
11/17/2023 17:00,0.0
11/17/2023 17:00,0.0
11/17/2023 17:00,0.0
11/17/2023 17:00,0.0
11/17/2023 17:30,0.0
11/17/2023 17:30,0.0
11/17/2023 17:30,0.0
11/17/2023 17:30,0.0
11/17/2023 17:30,0.0
11/17/2023 18:00,0.0
11/17/2023 18:00,0.0
11/17/2023 18:00,0.0
11/17/2023 18:00,0.0
11/17/2023 18:00,0.0
11/17/2023 18:30,0.0
11/17/2023 18:30,0.0
11/17/2023 18:30,0.0
11/17/2023 18:30,0.0
11/17/2023 18:30,0.0
11/17/2023 19:00,0.0
11/17/2023 19:00,0.0
11/17/2023 19:00,0.0
11/17/2023 19:00,0.0
11/17/2023 19:00,0.0
11/17/2023 19:30,0.0
11/17/2023 19:30,0.0
11/17/2023 19:30,0.0
11/17/2023 19:30,0.0
11/17/2023 19:30,0.0
11/17/2023 20:00,0.0
11/17/2023 20:00,0.0
11/17/2023 20:00,0.0
11/17/2023 20:00,0.0
11/17/2023 20:00,0.0
11/17/2023 20:30,0.0
11/17/2023 20:30,0.0
11/17/2023 20:30,0.0
11/17/2023 20:30,0.0
11/17/2023 20:30,0.0
11/17/2023 21:00,0.0
11/17/2023 21:00,0.0
11/17/2023 21:00,0.0
11/17/2023 21:00,0.0
11/17/2023 21:00,0.0
11/17/2023 21:30,0.0
11/17/2023 21:30,0.0
11/17/2023 21:30,0.0
11/17/2023 21:30,0.0
11/17/2023 21:30,0.0
11/17/2023 22:00,0.0
11/17/2023 22:00,0.0
11/17/2023 22:00,0.0
11/17/2023 22:00,0.0
11/17/2023 22:00,0.0
11/17/2023 22:30,0.0
11/17/2023 22:30,0.0
11/17/2023 22:30,0.0
11/17/2023 22:30,0.0
11/17/2023 22:30,0.0
11/17/2023 23:00,0.0
11/17/2023 23:00,0.0
11/17/2023 23:00,0.0
11/17/2023 23:00,0.0
11/17/2023 23:00,0.0
11/17/2023 23:30,0.0
11/17/2023 23:30,0.0
11/17/2023 23:30,0.0
11/17/2023 23:30,0.0
11/17/2023 23:30,0.0
11/18/2023 00:00,0.0
11/18/2023 00:00,0.0
11/18/2023 00:00,0.0
11/18/2023 00:00,0.0
11/18/2023 00:30,0.0
11/18/2023 00:30,0.0
11/18/2023 00:30,0.0
11/18/2023 00:30,0.0
11/18/2023 01:00,0.0
11/18/2023 01:00,0.0
11/18/2023 01:00,0.0
11/18/2023 01:00,0.0
11/18/2023 01:30,0.0
11/18/2023 01:30,0.0
11/18/2023 01:30,0.0
11/18/2023 01:30,0.0
11/18/2023 02:00,0.0
11/18/2023 02:00,0.0
11/18/2023 02:00,0.0
11/18/2023 02:00,0.0
11/18/2023 02:30,0.0
11/18/2023 02:30,0.0
11/18/2023 02:30,0.0
11/18/2023 02:30,0.0
11/18/2023 03:00,0.0
11/18/2023 03:00,0.0
11/18/2023 03:00,0.0
11/18/2023 03:00,0.0
11/18/2023 03:30,0.0
11/18/2023 03:30,0.0
11/18/2023 03:30,0.0
11/18/2023 03:30,0.0
11/18/2023 04:00,0.0
11/18/2023 04:00,0.0
11/18/2023 04:00,0.0
11/18/2023 04:00,0.0
11/18/2023 04:30,0.0
11/18/2023 04:30,0.0
11/18/2023 04:30,0.0
11/18/2023 04:30,0.0
11/18/2023 05:00,0.0
11/18/2023 05:00,0.0
11/18/2023 05:00,0.0
11/18/2023 05:00,0.0
11/18/2023 05:30,0.0
11/18/2023 05:30,0.0
11/18/2023 05:30,0.0
11/18/2023 05:30,0.0
11/18/2023 06:00,0.0
11/18/2023 06:00,0.0
11/18/2023 06:00,0.0
11/18/2023 06:00,0.0
11/18/2023 06:30,0.0
11/18/2023 06:30,0.0
11/18/2023 06:30,0.0
11/18/2023 06:30,0.0
11/18/2023 07:00,0.0
11/18/2023 07:00,0.0
11/18/2023 07:00,0.0
11/18/2023 07:00,0.0
11/18/2023 07:30,0.0
11/18/2023 07:30,0.0
11/18/2023 07:30,0.0
11/18/2023 07:30,0.0
11/18/2023 08:00,0.0
11/18/2023 08:00,0.0
11/18/2023 08:00,0.0
11/18/2023 08:00,0.0
11/18/2023 08:30,0.0
11/18/2023 08:30,0.0
11/18/2023 08:30,0.0
11/18/2023 08:30,0.0
11/18/2023 09:00,0.0
11/18/2023 09:00,0.0
11/18/2023 09:00,0.0
11/18/2023 09:00,0.0
11/18/2023 09:30,0.0
11/18/2023 09:30,0.0
11/18/2023 09:30,0.0
11/18/2023 09:30,0.0
11/18/2023 10:00,0.0
11/18/2023 10:00,0.0
11/18/2023 10:00,0.0
11/18/2023 10:00,0.0
11/18/2023 10:30,0.0
11/18/2023 10:30,0.0
11/18/2023 10:30,0.0
11/18/2023 10:30,0.0
11/18/2023 11:00,0.0
11/18/2023 11:00,0.0
11/18/2023 11:00,0.0
11/18/2023 11:00,0.0
11/18/2023 11:30,0.0
11/18/2023 11:30,0.0
11/18/2023 11:30,0.0
11/18/2023 11:30,0.0
11/18/2023 12:00,0.0
11/18/2023 12:00,0.0
11/18/2023 12:00,0.0
11/18/2023 12:00,0.0
11/18/2023 12:30,0.0
11/18/2023 12:30,0.0
11/18/2023 12:30,0.0
11/18/2023 12:30,0.0
11/18/2023 13:00,0.0
11/18/2023 13:00,0.0
11/18/2023 13:00,0.0
11/18/2023 13:00,0.0
11/18/2023 13:30,0.0
11/18/2023 13:30,0.0
11/18/2023 13:30,0.0
11/18/2023 13:30,0.0
11/18/2023 14:00,0.0
11/18/2023 14:00,0.0
11/18/2023 14:00,0.0
11/18/2023 14:00,0.0
11/18/2023 14:30,0.0
11/18/2023 14:30,0.0
11/18/2023 14:30,0.0
11/18/2023 14:30,0.0
11/18/2023 15:00,0.0
11/18/2023 15:00,0.0
11/18/2023 15:00,0.0
11/18/2023 15:00,0.0
11/18/2023 15:30,0.0
11/18/2023 15:30,0.0
11/18/2023 15:30,0.0
11/18/2023 15:30,0.0
11/18/2023 16:00,0.0
11/18/2023 16:00,0.0
11/18/2023 16:00,0.0
11/18/2023 16:00,0.0
11/18/2023 16:30,0.0
11/18/2023 16:30,0.0
11/18/2023 16:30,0.0
11/18/2023 16:30,0.0
11/18/2023 17:00,0.0
11/18/2023 17:00,0.0
11/18/2023 17:00,0.0
11/18/2023 17:00,0.0
11/18/2023 17:30,0.0
11/18/2023 17:30,0.0
11/18/2023 17:30,0.0
11/18/2023 17:30,0.0
11/18/2023 18:00,0.0
11/18/2023 18:00,0.0
11/18/2023 18:00,0.0
11/18/2023 18:00,0.0
11/18/2023 18:30,0.0
11/18/2023 18:30,0.0
11/18/2023 18:30,0.0
11/18/2023 18:30,0.0
11/18/2023 19:00,0.0
11/18/2023 19:00,0.0
11/18/2023 19:00,0.0
11/18/2023 19:00,0.0
11/18/2023 19:30,0.0
11/18/2023 19:30,0.0
11/18/2023 19:30,0.0
11/18/2023 19:30,0.0
11/18/2023 20:00,0.0
11/18/2023 20:00,0.0
11/18/2023 20:00,0.0
11/18/2023 20:00,0.0
11/18/2023 20:30,0.0
11/18/2023 20:30,0.0
11/18/2023 20:30,0.0
11/18/2023 20:30,0.0
11/18/2023 21:00,0.0
11/18/2023 21:00,0.0
11/18/2023 21:00,0.0
11/18/2023 21:00,0.0
11/18/2023 21:30,0.0
11/18/2023 21:30,0.0
11/18/2023 21:30,0.0
11/18/2023 21:30,0.0
11/18/2023 22:00,0.0
11/18/2023 22:00,0.0
11/18/2023 22:00,0.0
11/18/2023 22:00,0.0
11/18/2023 22:30,0.0
11/18/2023 22:30,0.0
11/18/2023 22:30,0.0
11/18/2023 22:30,0.0
11/18/2023 23:00,0.0
11/18/2023 23:00,0.0
11/18/2023 23:00,0.0
11/18/2023 23:00,0.0
11/18/2023 23:30,0.0
11/18/2023 23:30,0.0
11/18/2023 23:30,0.0
11/18/2023 23:30,0.0
11/19/2023 00:00,0.0
11/19/2023 00:30,0.0
11/19/2023 01:00,0.0
11/19/2023 01:30,0.0
11/19/2023 02:00,0.0
11/19/2023 02:30,0.0
11/19/2023 03:00,0.0
11/19/2023 03:30,0.0
11/19/2023 04:00,0.0
11/19/2023 04:30,0.0
11/19/2023 05:00,0.0
11/19/2023 05:30,0.0
11/19/2023 06:00,0.0
11/19/2023 06:30,0.0
11/19/2023 07:00,0.0
11/19/2023 07:30,0.0
11/19/2023 08:00,0.0
11/19/2023 08:30,0.0
11/19/2023 09:00,0.0
11/19/2023 09:30,0.0
11/19/2023 10:00,0.0
11/19/2023 10:30,0.0
11/19/2023 11:00,0.0
11/19/2023 11:30,0.0
11/19/2023 12:00,0.0
11/19/2023 12:30,0.0
11/19/2023 13:00,0.0
11/19/2023 13:30,0.0
11/19/2023 14:00,0.0
11/19/2023 14:30,0.0
11/19/2023 15:00,0.0
11/19/2023 15:30,0.0
11/19/2023 16:00,0.0
11/19/2023 16:30,0.0
11/19/2023 17:00,0.0
11/19/2023 17:30,0.0
11/19/2023 18:00,0.0
11/19/2023 18:30,0.0
11/19/2023 19:00,0.0
11/19/2023 19:30,0.0
11/19/2023 20:00,0.0
11/19/2023 20:30,0.0
11/19/2023 21:00,0.0
11/19/2023 21:30,0.0
11/19/2023 22:00,0.0
11/19/2023 22:30,0.0
11/19/2023 23:00,0.0
11/19/2023 23:30,0.0
11/20/2023 00:00,0.0
11/20/2023 00:30,0.0
11/20/2023 01:00,0.0
11/20/2023 01:30,0.0
11/20/2023 02:00,0.0
11/20/2023 02:30,0.0
11/20/2023 03:00,0.0
11/20/2023 03:30,0.0
11/20/2023 04:00,0.0
11/20/2023 04:30,0.0
11/20/2023 05:00,0.0
11/20/2023 05:30,0.0
11/20/2023 06:00,0.0
11/20/2023 06:30,0.0
11/20/2023 07:00,0.0
11/20/2023 07:30,0.0
11/20/2023 08:00,0.0
11/20/2023 08:30,0.0
11/20/2023 09:00,0.0
11/20/2023 09:30,0.0
11/20/2023 10:00,0.0
11/20/2023 10:30,0.0
11/20/2023 11:00,0.0
11/20/2023 11:30,0.0
11/20/2023 12:00,0.0
11/20/2023 12:30,0.0
11/20/2023 13:00,0.0
11/20/2023 13:30,0.0
11/20/2023 14:00,0.0
11/20/2023 14:30,0.0
11/20/2023 15:00,0.0
11/20/2023 15:30,0.0
11/20/2023 16:00,0.0
11/20/2023 16:30,0.0
11/20/2023 17:00,0.0
11/20/2023 17:30,0.0
11/20/2023 18:00,0.0
11/20/2023 18:30,0.0
11/20/2023 19:00,0.0
11/20/2023 19:30,0.0
11/20/2023 20:00,0.0
11/20/2023 20:30,0.0
11/20/2023 21:00,0.0
11/20/2023 21:30,0.0
11/20/2023 22:00,0.0
11/20/2023 22:30,0.0
11/20/2023 23:00,0.0
11/20/2023 23:30,0.0
11/21/2023 00:00,0.0
11/21/2023 00:30,0.0
11/21/2023 01:00,0.0
11/21/2023 01:30,0.0
11/21/2023 02:00,0.0
11/21/2023 02:30,0.0
11/21/2023 03:00,0.0
11/21/2023 03:30,0.0
11/21/2023 04:00,0.0
11/21/2023 04:30,0.0
11/21/2023 05:00,0.0
11/21/2023 05:30,0.0
11/21/2023 06:00,0.0
11/21/2023 06:30,0.0
11/21/2023 07:00,0.0
11/21/2023 07:30,0.0
11/21/2023 08:00,0.0
11/21/2023 08:30,0.0
11/21/2023 09:00,0.0
11/21/2023 09:30,0.0
11/21/2023 10:00,0.0
11/21/2023 10:30,0.0
11/21/2023 11:00,0.0
11/21/2023 11:30,0.0
11/21/2023 12:00,0.0
11/21/2023 12:30,0.0
11/21/2023 13:00,0.0
11/21/2023 13:30,0.0
11/21/2023 14:00,0.0
11/21/2023 14:30,0.0
11/21/2023 15:00,0.0
11/21/2023 15:30,0.0
11/21/2023 16:00,0.0
11/21/2023 16:30,0.0
11/21/2023 17:00,0.0
11/21/2023 17:30,0.0
11/21/2023 18:00,0.0
11/21/2023 18:30,0.0
11/21/2023 19:00,0.0
11/21/2023 19:30,0.0
11/21/2023 20:00,0.0
11/21/2023 20:30,0.0
11/21/2023 21:00,0.0
11/21/2023 21:30,0.0
11/21/2023 22:00,0.0
11/21/2023 22:30,0.0
11/21/2023 23:00,0.0
11/21/2023 23:30,0.0
11/22/2023 00:00,0.0
11/22/2023 00:30,0.0
11/22/2023 01:00,0.0
11/22/2023 01:30,0.0
11/22/2023 02:00,0.0
11/22/2023 02:30,0.0
11/22/2023 03:00,0.0
11/22/2023 03:30,0.0
11/22/2023 04:00,0.0
11/22/2023 04:30,0.0
11/22/2023 05:00,0.0
11/22/2023 05:30,0.0
11/22/2023 06:00,0.0
11/22/2023 06:30,0.0
11/22/2023 07:00,0.0
11/22/2023 07:30,0.0
11/22/2023 08:00,0.0
11/22/2023 08:30,0.0
11/22/2023 09:00,0.0
11/22/2023 09:30,0.0
11/22/2023 10:00,0.0
11/22/2023 10:30,0.0
11/22/2023 11:00,0.0
11/22/2023 11:30,0.0
11/22/2023 12:00,0.0
11/22/2023 12:30,0.0
11/22/2023 13:00,0.0
11/22/2023 13:30,0.0
11/22/2023 14:00,0.0
11/22/2023 14:30,0.0
11/22/2023 15:00,0.0
11/22/2023 15:30,0.0
11/22/2023 16:00,0.0
11/22/2023 16:30,0.0
11/22/2023 17:00,0.0
11/22/2023 17:30,0.0
11/22/2023 18:00,0.0
11/22/2023 18:30,0.0
11/22/2023 19:00,0.0
11/22/2023 19:30,0.0
11/22/2023 20:00,0.0
11/22/2023 20:30,0.0
11/22/2023 21:00,0.0
11/22/2023 21:30,0.0
11/22/2023 22:00,0.0
11/22/2023 22:30,0.0
11/22/2023 23:00,0.0
11/22/2023 23:30,0.0
11/23/2023 00:00,0.0
11/23/2023 00:30,0.0
11/23/2023 01:00,0.0
11/23/2023 01:30,0.0
11/23/2023 02:00,0.0
11/23/2023 02:30,0.0
11/23/2023 03:00,0.0
11/23/2023 03:30,0.0
11/23/2023 04:00,0.0
11/23/2023 04:30,0.0
11/23/2023 05:00,0.0
11/23/2023 05:30,0.0
11/23/2023 06:00,0.0
11/23/2023 06:30,0.0
11/23/2023 07:00,0.0
11/23/2023 07:30,0.0
11/23/2023 08:00,0.0
11/23/2023 08:30,0.0
11/23/2023 09:00,0.0
11/23/2023 09:30,0.0
11/23/2023 10:00,0.0
11/23/2023 10:30,0.0
11/23/2023 11:00,0.0
11/23/2023 11:30,0.0
11/23/2023 12:00,0.0
11/23/2023 12:30,0.0
11/23/2023 13:00,0.0
11/23/2023 13:30,0.0
11/23/2023 14:00,0.0
11/23/2023 14:30,0.0
11/23/2023 15:00,0.0
11/23/2023 15:30,0.0
11/23/2023 16:00,0.0
11/23/2023 16:30,0.0
11/23/2023 17:00,0.0
11/23/2023 17:30,0.0
11/23/2023 18:00,0.0
11/23/2023 18:30,0.0
11/23/2023 19:00,0.0
11/23/2023 19:30,0.0
11/23/2023 20:00,0.0
11/23/2023 20:30,0.0
11/23/2023 21:00,0.0
11/23/2023 21:30,0.0
11/23/2023 22:00,0.0
11/23/2023 22:30,0.0
11/23/2023 23:00,0.0
11/23/2023 23:30,0.0
11/24/2023 00:00,0.0
11/24/2023 00:30,0.0
11/24/2023 01:00,0.0
11/24/2023 01:30,0.0
11/24/2023 02:00,0.0
11/24/2023 02:30,0.0
11/24/2023 03:00,0.0
11/24/2023 03:30,0.0
11/24/2023 04:00,0.0
11/24/2023 04:30,0.0
11/24/2023 05:00,0.0
11/24/2023 05:30,0.0
11/24/2023 06:00,0.0
11/24/2023 06:30,0.0
11/24/2023 07:00,0.0
11/24/2023 07:30,0.0
11/24/2023 08:00,0.0
11/24/2023 08:30,0.0
11/24/2023 09:00,0.0
11/24/2023 09:30,0.0
11/24/2023 10:00,0.0
11/24/2023 10:30,0.0
11/24/2023 11:00,0.0
11/24/2023 11:30,0.0
11/24/2023 12:00,0.0
11/24/2023 12:30,0.0
11/24/2023 13:00,0.0
11/24/2023 13:30,0.0
11/24/2023 14:00,0.0
11/24/2023 14:30,0.0
11/24/2023 15:00,0.0
11/24/2023 15:30,0.0
11/24/2023 16:00,0.0
11/24/2023 16:30,0.0
11/24/2023 17:00,0.0
11/24/2023 17:30,0.0
11/24/2023 18:00,0.0
11/24/2023 18:30,0.0
11/24/2023 19:00,0.0
11/24/2023 19:30,0.0
11/24/2023 20:00,0.0
11/24/2023 20:30,0.0
11/24/2023 21:00,0.0
11/24/2023 21:30,0.0
11/24/2023 22:00,0.0
11/24/2023 22:30,0.0
11/24/2023 23:00,0.0
11/24/2023 23:30,0.0
11/25/2023 00:00,0.0
11/25/2023 00:30,0.0
11/25/2023 01:00,0.0
11/25/2023 01:30,0.0
11/25/2023 02:00,0.0
11/25/2023 02:30,0.0
11/25/2023 03:00,0.0
11/25/2023 03:30,0.0
11/25/2023 04:00,0.0
11/25/2023 04:30,0.0
11/25/2023 05:00,0.0
11/25/2023 05:30,0.0
11/25/2023 06:00,0.0
11/25/2023 06:30,0.0
11/25/2023 07:00,0.0
11/25/2023 07:30,0.0
11/25/2023 08:00,0.0
11/25/2023 08:30,0.0
11/25/2023 09:00,0.0
11/25/2023 09:30,0.0
11/25/2023 10:00,0.0
11/25/2023 10:30,0.0
11/25/2023 11:00,0.0
11/25/2023 11:30,0.0
11/25/2023 12:00,0.0
11/25/2023 12:30,0.0
11/25/2023 13:00,0.0
11/25/2023 13:30,0.0
11/25/2023 14:00,0.0
11/25/2023 14:30,0.0
11/25/2023 15:00,0.0
11/25/2023 15:30,0.0
11/25/2023 16:00,0.0
11/25/2023 16:30,0.0
11/25/2023 17:00,0.0
11/25/2023 17:30,0.0
11/25/2023 18:00,0.0
11/25/2023 18:30,0.0
11/25/2023 19:00,0.0
11/25/2023 19:30,0.0
11/25/2023 20:00,0.0
11/25/2023 20:30,0.0
11/25/2023 21:00,0.0
11/25/2023 21:30,0.0
11/25/2023 22:00,0.0
11/25/2023 22:30,0.0
11/25/2023 23:00,0.0
11/25/2023 23:30,0.0
11/26/2023 00:00,0.0
11/26/2023 00:30,0.0
11/26/2023 01:00,0.0
11/26/2023 01:30,0.0
11/26/2023 02:00,0.0
11/26/2023 02:30,0.0
11/26/2023 03:00,0.0
11/26/2023 03:30,0.0
11/26/2023 04:00,0.0
11/26/2023 04:30,0.0
11/26/2023 05:00,0.0
11/26/2023 05:30,0.0
11/26/2023 06:00,0.0
11/26/2023 06:30,0.0
11/26/2023 07:00,0.0
11/26/2023 07:30,0.0
11/26/2023 08:00,0.0
11/26/2023 08:30,0.0
11/26/2023 09:00,0.0
11/26/2023 09:30,0.0
11/26/2023 10:00,0.0
11/26/2023 10:30,0.0
11/26/2023 11:00,0.0
11/26/2023 11:30,0.0
11/26/2023 12:00,0.0
11/26/2023 12:30,0.0
11/26/2023 13:00,0.0
11/26/2023 13:30,0.0
11/26/2023 14:00,0.0
11/26/2023 14:30,0.0
11/26/2023 15:00,0.0
11/26/2023 15:30,0.0
11/26/2023 16:00,0.0
11/26/2023 16:30,0.0
11/26/2023 17:00,0.0
11/26/2023 17:30,0.0
11/26/2023 18:00,0.0
11/26/2023 18:30,0.0
11/26/2023 19:00,0.0
11/26/2023 19:30,0.0
11/26/2023 20:00,0.0
11/26/2023 20:30,0.0
11/26/2023 21:00,0.0
11/26/2023 21:30,0.0
11/26/2023 22:00,0.0
11/26/2023 22:30,0.0
11/26/2023 23:00,0.0
11/26/2023 23:30,0.0
11/27/2023 00:00,0.0
11/27/2023 00:30,0.0
11/27/2023 01:00,0.0
11/27/2023 01:30,0.0
11/27/2023 02:00,0.0
11/27/2023 02:30,0.0
11/27/2023 03:00,0.0
11/27/2023 03:30,0.0
11/27/2023 04:00,0.0
11/27/2023 04:30,0.0
11/27/2023 05:00,0.0
11/27/2023 05:30,0.0
11/27/2023 06:00,0.0
11/27/2023 06:30,0.0
11/27/2023 07:00,0.0
11/27/2023 07:30,0.0
11/27/2023 08:00,0.0
11/27/2023 08:30,0.0
11/27/2023 09:00,0.0
11/27/2023 09:30,0.0
11/27/2023 10:00,0.0
11/27/2023 10:30,0.0
11/27/2023 11:00,0.0
11/27/2023 11:30,0.0
11/27/2023 12:00,0.0
11/27/2023 12:30,0.0
11/27/2023 13:00,0.0
11/27/2023 13:30,0.0
11/27/2023 14:00,0.0
11/27/2023 14:30,0.0
11/27/2023 15:00,0.0
11/27/2023 15:30,0.0
11/27/2023 16:00,0.0
11/27/2023 16:30,0.0
11/27/2023 17:00,0.0
11/27/2023 17:30,0.0
11/27/2023 18:00,0.0
11/27/2023 18:30,0.0
11/27/2023 19:00,0.0
11/27/2023 19:30,0.0
11/27/2023 20:00,0.0
11/27/2023 20:30,0.0
11/27/2023 21:00,0.0
11/27/2023 21:30,0.0
11/27/2023 22:00,0.0
11/27/2023 22:30,0.0
11/27/2023 23:00,0.0
11/27/2023 23:30,0.0
11/28/2023 00:00,0.0
11/28/2023 00:30,0.0
11/28/2023 01:00,0.0
11/28/2023 01:30,0.0
11/28/2023 02:00,0.0
11/28/2023 02:30,0.0
11/28/2023 03:00,0.0
11/28/2023 03:30,0.0
11/28/2023 04:00,0.0
11/28/2023 04:30,0.0
11/28/2023 05:00,0.0
11/28/2023 05:30,0.0
11/28/2023 06:00,0.0
11/28/2023 06:30,0.0
11/28/2023 07:00,0.0
11/28/2023 07:30,0.0
11/28/2023 08:00,0.0
11/28/2023 08:30,0.0
11/28/2023 09:00,0.0
11/28/2023 09:30,0.0
11/28/2023 10:00,0.0
11/28/2023 10:30,0.0
11/28/2023 11:00,0.0
11/28/2023 11:30,0.0
11/28/2023 12:00,0.0
11/28/2023 12:30,0.0
11/28/2023 13:00,0.0
11/28/2023 13:30,0.0
11/28/2023 14:00,0.0
11/28/2023 14:30,0.0
11/28/2023 15:00,0.0
11/28/2023 15:30,0.0
11/28/2023 16:00,0.0
11/28/2023 16:30,0.0
11/28/2023 17:00,0.0
11/28/2023 17:30,0.0
11/28/2023 18:00,0.0
11/28/2023 18:30,0.0
11/28/2023 19:00,0.0
11/28/2023 19:30,0.0
11/28/2023 20:00,0.0
11/28/2023 20:30,0.0
11/28/2023 21:00,0.0
11/28/2023 21:30,0.0
11/28/2023 22:00,0.0
11/28/2023 22:30,0.0
11/28/2023 23:00,0.0
11/28/2023 23:30,0.0
11/29/2023 00:00,0.0
11/29/2023 00:30,0.0
11/29/2023 01:00,0.0
11/29/2023 01:30,0.0
11/29/2023 02:00,0.0
11/29/2023 02:30,0.0
11/29/2023 03:00,0.0
11/29/2023 03:30,0.0
11/29/2023 04:00,0.0
11/29/2023 04:30,0.0
11/29/2023 05:00,0.0
11/29/2023 05:30,0.0
11/29/2023 06:00,0.0
11/29/2023 06:30,0.0
11/29/2023 07:00,0.0
11/29/2023 07:30,0.0
11/29/2023 08:00,0.0
11/29/2023 08:30,0.0
11/29/2023 09:00,0.0
11/29/2023 09:30,0.0
11/29/2023 10:00,0.0
11/29/2023 10:30,0.0
11/29/2023 11:00,0.0
11/29/2023 11:30,0.0
11/29/2023 12:00,0.0
11/29/2023 12:30,0.0
11/29/2023 13:00,0.0
11/29/2023 13:30,0.0
11/29/2023 14:00,0.0
11/29/2023 14:30,0.0
11/29/2023 15:00,0.0
11/29/2023 15:30,0.0
11/29/2023 16:00,0.0
11/29/2023 16:30,0.0
11/29/2023 17:00,0.0
11/29/2023 17:30,0.0
11/29/2023 18:00,0.0
11/29/2023 18:30,0.0
11/29/2023 19:00,0.0
11/29/2023 19:30,0.0
11/29/2023 20:00,0.0
11/29/2023 20:30,0.0
11/29/2023 21:00,0.0
11/29/2023 21:30,0.0
11/29/2023 22:00,0.0
11/29/2023 22:30,0.0
11/29/2023 23:00,0.0
11/29/2023 23:30,0.0
11/30/2023 00:00,0.0
11/30/2023 00:30,0.0
11/30/2023 01:00,0.0
11/30/2023 01:30,0.0
11/30/2023 02:00,0.0
11/30/2023 02:30,0.0
11/30/2023 03:00,0.0
11/30/2023 03:30,0.0
11/30/2023 04:00,0.0
11/30/2023 04:30,0.0
11/30/2023 05:00,0.0
11/30/2023 05:30,0.0
11/30/2023 06:00,0.0
11/30/2023 06:30,0.0
11/30/2023 07:00,0.0
11/30/2023 07:30,0.0
11/30/2023 08:00,0.0
11/30/2023 08:30,0.0
11/30/2023 09:00,0.0
11/30/2023 09:30,0.0
11/30/2023 10:00,0.0
11/30/2023 10:30,0.0
11/30/2023 11:00,0.0
11/30/2023 11:30,0.0
11/30/2023 12:00,0.0
11/30/2023 12:30,0.0
11/30/2023 13:00,0.0
11/30/2023 13:30,0.0
11/30/2023 14:00,0.0
11/30/2023 14:30,0.0
11/30/2023 15:00,0.0
11/30/2023 15:30,0.0
11/30/2023 16:00,0.0
11/30/2023 16:30,0.0
11/30/2023 17:00,0.0
11/30/2023 17:30,0.0
11/30/2023 18:00,0.0
11/30/2023 18:30,0.0
11/30/2023 19:00,0.0
11/30/2023 19:30,0.0
11/30/2023 20:00,0.0
11/30/2023 20:30,0.0
11/30/2023 21:00,0.0
11/30/2023 21:30,0.0
11/30/2023 22:00,0.0
11/30/2023 22:30,0.0
11/30/2023 23:00,0.0
11/30/2023 23:30,0.0
12/01/2023 00:00,0.0
12/01/2023 00:30,0.0
12/01/2023 01:00,0.0
12/01/2023 01:30,0.0
12/01/2023 02:00,0.0
12/01/2023 02:30,0.0
12/01/2023 03:00,0.0
12/01/2023 03:30,0.0
12/01/2023 04:00,0.0
12/01/2023 04:30,0.0
12/01/2023 05:00,0.0
12/01/2023 05:30,0.0
12/01/2023 06:00,0.0
12/01/2023 06:30,0.0
12/01/2023 07:00,0.0
12/01/2023 07:30,0.0
12/01/2023 08:00,0.0
12/01/2023 08:30,0.0
12/01/2023 09:00,0.0
12/01/2023 09:30,0.0
12/01/2023 10:00,0.0
12/01/2023 10:30,0.0
12/01/2023 11:00,0.0
12/01/2023 11:30,0.0
12/01/2023 12:00,0.0
12/01/2023 12:30,0.0
12/01/2023 13:00,0.0
12/01/2023 13:30,0.0
12/01/2023 14:00,0.0
12/01/2023 14:30,0.0
12/01/2023 15:00,0.0
12/01/2023 15:30,0.0
12/01/2023 16:00,0.0
12/01/2023 16:30,0.0
12/01/2023 17:00,0.0
12/01/2023 17:30,0.0
12/01/2023 18:00,0.0
12/01/2023 18:30,0.0
12/01/2023 19:00,0.0
12/01/2023 19:30,0.0
12/01/2023 20:00,0.0
12/01/2023 20:30,0.0
12/01/2023 21:00,0.0
12/01/2023 21:30,0.0
12/01/2023 22:00,0.0
12/01/2023 22:30,0.0
12/01/2023 23:00,0.0
12/01/2023 23:30,0.0
12/02/2023 00:00,0.0
12/02/2023 00:30,0.0
12/02/2023 01:00,0.0
12/02/2023 01:30,0.0
12/02/2023 02:00,0.0
12/02/2023 02:30,0.0
12/02/2023 03:00,0.0
12/02/2023 03:30,0.0
12/02/2023 04:00,0.0
12/02/2023 04:30,0.0
12/02/2023 05:00,0.0
12/02/2023 05:30,0.0
12/02/2023 06:00,0.0
12/02/2023 06:30,0.0
12/02/2023 07:00,0.0
12/02/2023 07:30,0.0
12/02/2023 08:00,0.0
12/02/2023 08:30,0.0
12/02/2023 09:00,0.0
12/02/2023 09:30,0.0
12/02/2023 10:00,0.0
12/02/2023 10:30,0.0
12/02/2023 11:00,0.0
12/02/2023 11:30,0.0
12/02/2023 12:00,0.0
12/02/2023 12:30,0.0
12/02/2023 13:00,0.0
12/02/2023 13:30,0.0
12/02/2023 14:00,0.0
12/02/2023 14:30,0.0
12/02/2023 15:00,0.0
12/02/2023 15:30,0.0
12/02/2023 16:00,0.0
12/02/2023 16:30,0.0
12/02/2023 17:00,0.0
12/02/2023 17:30,0.0
12/02/2023 18:00,0.0
12/02/2023 18:30,0.0
12/02/2023 19:00,0.0
12/02/2023 19:30,0.0
12/02/2023 20:00,0.0
12/02/2023 20:30,0.0
12/02/2023 21:00,0.0
12/02/2023 21:30,0.0
12/02/2023 22:00,0.0
12/02/2023 22:30,0.0
12/02/2023 23:00,0.0
12/02/2023 23:30,0.0
12/03/2023 00:00,0.0
12/03/2023 00:30,0.0
12/03/2023 01:00,0.0
12/03/2023 01:30,0.0
12/03/2023 02:00,0.0
12/03/2023 02:30,0.0
12/03/2023 03:00,0.0
12/03/2023 03:30,0.0
12/03/2023 04:00,0.0
12/03/2023 04:30,0.0
12/03/2023 05:00,0.0
12/03/2023 05:30,0.0
12/03/2023 06:00,0.0
12/03/2023 06:30,0.0
12/03/2023 07:00,0.0
12/03/2023 07:30,0.0
12/03/2023 08:00,0.0
12/03/2023 08:30,0.0
12/03/2023 09:00,0.0
12/03/2023 09:30,0.0
12/03/2023 10:00,0.0
12/03/2023 10:30,0.0
12/03/2023 11:00,0.0
12/03/2023 11:30,0.0
12/03/2023 12:00,0.0
12/03/2023 12:30,0.0
12/03/2023 13:00,0.0
12/03/2023 13:30,0.0
12/03/2023 14:00,0.0
12/03/2023 14:30,0.0
12/03/2023 15:00,0.0
12/03/2023 15:30,0.0
12/03/2023 16:00,0.0
12/03/2023 16:30,0.0
12/03/2023 17:00,0.0
12/03/2023 17:30,0.0
12/03/2023 18:00,0.0
12/03/2023 18:30,0.0
12/03/2023 19:00,0.0
12/03/2023 19:30,0.0
12/03/2023 20:00,0.0
12/03/2023 20:30,0.0
12/03/2023 21:00,0.0
12/03/2023 21:30,0.0
12/03/2023 22:00,0.0
12/03/2023 22:30,0.0
12/03/2023 23:00,0.0
12/03/2023 23:30,0.0
12/04/2023 00:00,0.0
12/04/2023 00:30,0.0
12/04/2023 01:00,0.0
12/04/2023 01:30,0.0
12/04/2023 02:00,0.0
12/04/2023 02:30,0.0
12/04/2023 03:00,0.0
12/04/2023 03:30,0.0
12/04/2023 04:00,0.0
12/04/2023 04:30,0.0
12/04/2023 05:00,0.0
12/04/2023 05:30,0.0
12/04/2023 06:00,0.0
12/04/2023 06:30,0.0
12/04/2023 07:00,0.0
12/04/2023 07:30,0.0
12/04/2023 08:00,0.0
12/04/2023 08:30,0.0
12/04/2023 09:00,0.0
12/04/2023 09:30,0.0
12/04/2023 10:00,0.0
12/04/2023 10:30,0.0
12/04/2023 11:00,0.0
12/04/2023 11:30,0.0
12/04/2023 12:00,0.0
12/04/2023 12:30,0.0
12/04/2023 13:00,0.0
12/04/2023 13:30,0.0
12/04/2023 14:00,0.0
12/04/2023 14:30,0.0
12/04/2023 15:00,0.0
12/04/2023 15:30,0.0
12/04/2023 16:00,0.0
12/04/2023 16:30,0.0
12/04/2023 17:00,0.0
12/04/2023 17:30,0.0
12/04/2023 18:00,0.0
12/04/2023 18:30,0.0
12/04/2023 19:00,0.0
12/04/2023 19:30,0.0
12/04/2023 20:00,0.0
12/04/2023 20:30,0.0
12/04/2023 21:00,0.0
12/04/2023 21:30,0.0
12/04/2023 22:00,0.0
12/04/2023 22:30,0.0
12/04/2023 23:00,0.0
12/04/2023 23:30,0.0
12/05/2023 00:00,0.0
12/05/2023 00:30,0.0
12/05/2023 01:00,0.0
12/05/2023 01:30,0.0
12/05/2023 02:00,0.0
12/05/2023 02:30,0.0
12/05/2023 03:00,0.0
12/05/2023 03:30,0.0
12/05/2023 04:00,0.0
12/05/2023 04:30,0.0
12/05/2023 05:00,0.0
12/05/2023 05:30,0.0
12/05/2023 06:00,0.0
12/05/2023 06:30,0.0
12/05/2023 07:00,0.0
12/05/2023 07:30,0.0
12/05/2023 08:00,0.0
12/05/2023 08:30,0.0
12/05/2023 09:00,0.0
12/05/2023 09:30,0.0
12/05/2023 10:00,0.0
12/05/2023 10:30,0.0
12/05/2023 11:00,0.0
12/05/2023 11:30,0.0
12/05/2023 12:00,0.0
12/05/2023 12:30,0.0
12/05/2023 13:00,0.0
12/05/2023 13:30,0.0
12/05/2023 14:00,0.0
12/05/2023 14:30,0.0
12/05/2023 15:00,0.0
12/05/2023 15:30,0.0
12/05/2023 16:00,0.0
12/05/2023 16:30,0.0
12/05/2023 17:00,0.0
12/05/2023 17:30,0.0
12/05/2023 18:00,0.0
12/05/2023 18:30,0.0
12/05/2023 19:00,0.0
12/05/2023 19:30,0.0
12/05/2023 20:00,0.0
12/05/2023 20:30,0.0
12/05/2023 21:00,0.0
12/05/2023 21:30,0.0
12/05/2023 22:00,0.0
12/05/2023 22:30,0.0
12/05/2023 23:00,0.0
12/05/2023 23:30,0.0
12/06/2023 00:00,0.0
12/06/2023 00:30,0.0
12/06/2023 01:00,0.0
12/06/2023 01:30,0.0
12/06/2023 02:00,0.0
12/06/2023 02:30,0.0
12/06/2023 03:00,0.0
12/06/2023 03:30,0.0
12/06/2023 04:00,0.0
12/06/2023 04:30,0.0
12/06/2023 05:00,0.0
12/06/2023 05:30,0.0
12/06/2023 06:00,0.0
12/06/2023 06:30,0.0
12/06/2023 07:00,0.0
12/06/2023 07:30,0.0
12/06/2023 08:00,0.0
12/06/2023 08:30,0.0
12/06/2023 09:00,0.0
12/06/2023 09:30,0.0
12/06/2023 10:00,0.0
12/06/2023 10:30,0.0
12/06/2023 11:00,0.0
12/06/2023 11:30,0.0
12/06/2023 12:00,0.0
12/06/2023 12:30,0.0
12/06/2023 13:00,0.0
12/06/2023 13:30,0.0
12/06/2023 14:00,0.0
12/06/2023 14:30,0.0
12/06/2023 15:00,0.0
12/06/2023 15:30,0.0
12/06/2023 16:00,0.0
12/06/2023 16:30,0.0
12/06/2023 17:00,0.0
12/06/2023 17:30,0.0
12/06/2023 18:00,0.0
12/06/2023 18:30,0.0
12/06/2023 19:00,0.0
12/06/2023 19:30,0.0
12/06/2023 20:00,0.0
12/06/2023 20:30,0.0
12/06/2023 21:00,0.0
12/06/2023 21:30,0.0
12/06/2023 22:00,0.0
12/06/2023 22:30,0.0
12/06/2023 23:00,0.0
12/06/2023 23:30,0.0
12/07/2023 00:00,0.0
12/07/2023 00:30,0.0
12/07/2023 01:00,0.0
12/07/2023 01:30,0.0
12/07/2023 02:00,0.0
12/07/2023 02:30,0.0
12/07/2023 03:00,0.0
12/07/2023 03:30,0.0
12/07/2023 04:00,0.0
12/07/2023 04:30,0.0
12/07/2023 05:00,0.0
12/07/2023 05:30,0.0
12/07/2023 06:00,0.0
12/07/2023 06:30,0.0
12/07/2023 07:00,0.0
12/07/2023 07:30,0.0
12/07/2023 08:00,0.0
12/07/2023 08:30,0.0
12/07/2023 09:00,0.0
12/07/2023 09:30,0.0
12/07/2023 10:00,0.0
12/07/2023 10:30,0.0
12/07/2023 11:00,0.0
12/07/2023 11:30,0.0
12/07/2023 12:00,0.0
12/07/2023 12:30,0.0
12/07/2023 13:00,0.0
12/07/2023 13:30,0.0
12/07/2023 14:00,0.0
12/07/2023 14:30,0.0
12/07/2023 15:00,0.0
12/07/2023 15:30,0.0
12/07/2023 16:00,0.0
12/07/2023 16:30,0.0
12/07/2023 17:00,0.0
12/07/2023 17:30,0.0
12/07/2023 18:00,0.0
12/07/2023 18:30,0.0
12/07/2023 19:00,0.0
12/07/2023 19:30,0.0
12/07/2023 20:00,0.0
12/07/2023 20:30,0.0
12/07/2023 21:00,0.0
12/07/2023 21:30,0.0
12/07/2023 22:00,0.0
12/07/2023 22:30,0.0
12/07/2023 23:00,0.0
12/07/2023 23:30,0.0
12/08/2023 00:00,0.0
12/08/2023 00:30,0.0
12/08/2023 01:00,0.0
12/08/2023 01:30,0.0
12/08/2023 02:00,0.0
12/08/2023 02:30,0.0
12/08/2023 03:00,0.0
12/08/2023 03:30,0.0
12/08/2023 04:00,0.0
12/08/2023 04:30,0.0
12/08/2023 05:00,0.0
12/08/2023 05:30,0.0
12/08/2023 06:00,0.0
12/08/2023 06:30,0.0
12/08/2023 07:00,0.0
12/08/2023 07:30,0.0
12/08/2023 08:00,0.0
12/08/2023 08:30,0.0
12/08/2023 09:00,0.0
12/08/2023 09:30,0.0
12/08/2023 10:00,0.0
12/08/2023 10:30,0.0
12/08/2023 11:00,0.0
12/08/2023 11:30,0.0
12/08/2023 12:00,0.0
12/08/2023 12:30,0.0
12/08/2023 13:00,0.0
12/08/2023 13:30,0.0
12/08/2023 14:00,0.0
12/08/2023 14:30,0.0
12/08/2023 15:00,0.0
12/08/2023 15:30,0.0
12/08/2023 16:00,0.0
12/08/2023 16:30,0.0
12/08/2023 17:00,0.0
12/08/2023 17:30,0.0
12/08/2023 18:00,0.0
12/08/2023 18:30,0.0
12/08/2023 19:00,0.0
12/08/2023 19:30,0.0
12/08/2023 20:00,0.0
12/08/2023 20:30,0.0
12/08/2023 21:00,0.0
12/08/2023 21:30,0.0
12/08/2023 22:00,0.0
12/08/2023 22:30,0.0
12/08/2023 23:00,0.0
12/08/2023 23:30,0.0
12/09/2023 00:00,0.0
12/09/2023 00:30,0.0
12/09/2023 01:00,0.0
12/09/2023 01:30,0.0
12/09/2023 02:00,0.0
12/09/2023 02:30,0.0
12/09/2023 03:00,0.0
12/09/2023 03:30,0.0
12/09/2023 04:00,0.0
12/09/2023 04:30,0.0
12/09/2023 05:00,0.0
12/09/2023 05:30,0.0
12/09/2023 06:00,0.0
12/09/2023 06:30,0.0
12/09/2023 07:00,0.0
12/09/2023 07:30,0.0
12/09/2023 08:00,0.0
12/09/2023 08:30,0.0
12/09/2023 09:00,0.0
12/09/2023 09:30,0.0
12/09/2023 10:00,0.0
12/09/2023 10:30,0.0
12/09/2023 11:00,0.0
12/09/2023 11:30,0.0
12/09/2023 12:00,0.0
12/09/2023 12:30,0.0
12/09/2023 13:00,0.0
12/09/2023 13:30,0.0
12/09/2023 14:00,0.0
12/09/2023 14:30,0.0
12/09/2023 15:00,0.0
12/09/2023 15:30,0.0
12/09/2023 16:00,0.0
12/09/2023 16:30,0.0
12/09/2023 17:00,0.0
12/09/2023 17:30,0.0
12/09/2023 18:00,0.0
12/09/2023 18:30,0.0
12/09/2023 19:00,0.0
12/09/2023 19:30,0.0
12/09/2023 20:00,0.0
12/09/2023 20:30,0.0
12/09/2023 21:00,0.0
12/09/2023 21:30,0.0
12/09/2023 22:00,0.0
12/09/2023 22:30,0.0
12/09/2023 23:00,0.0
12/09/2023 23:30,0.0
12/10/2023 00:00,0.0
12/10/2023 00:30,0.0
12/10/2023 01:00,0.0
12/10/2023 01:30,0.0
12/10/2023 02:00,0.0
12/10/2023 02:30,0.0
12/10/2023 03:00,0.0
12/10/2023 03:30,0.0
12/10/2023 04:00,0.0
12/10/2023 04:30,0.0
12/10/2023 05:00,0.0
12/10/2023 05:30,0.0
12/10/2023 06:00,0.0
12/10/2023 06:30,0.0
12/10/2023 07:00,0.0
12/10/2023 07:30,0.0
12/10/2023 08:00,0.0
12/10/2023 08:30,0.0
12/10/2023 09:00,0.0
12/10/2023 09:30,0.0
12/10/2023 10:00,0.0
12/10/2023 10:30,0.0
12/10/2023 11:00,0.0
12/10/2023 11:30,0.0
12/10/2023 12:00,0.0
12/10/2023 12:30,0.0
12/10/2023 13:00,0.0
12/10/2023 13:30,0.0
12/10/2023 14:00,0.0
12/10/2023 14:30,0.0
12/10/2023 15:00,0.0
12/10/2023 15:30,0.0
12/10/2023 16:00,0.0
12/10/2023 16:30,0.0
12/10/2023 17:00,0.0
12/10/2023 17:30,0.0
12/10/2023 18:00,0.0
12/10/2023 18:30,0.0
12/10/2023 19:00,0.0
12/10/2023 19:30,0.0
12/10/2023 20:00,0.0
12/10/2023 20:30,0.0
12/10/2023 21:00,0.0
12/10/2023 21:30,0.0
12/10/2023 22:00,0.0
12/10/2023 22:30,0.0
12/10/2023 23:00,0.0
12/10/2023 23:30,0.0
12/11/2023 00:00,0.0
12/11/2023 00:30,0.0
12/11/2023 01:00,0.0
12/11/2023 01:30,0.0
12/11/2023 02:00,0.0
12/11/2023 02:30,0.0
12/11/2023 03:00,0.0
12/11/2023 03:30,0.0
12/11/2023 04:00,0.0
12/11/2023 04:30,0.0
12/11/2023 05:00,0.0
12/11/2023 05:30,0.0
12/11/2023 06:00,0.0
12/11/2023 06:30,0.0
12/11/2023 07:00,0.0
12/11/2023 07:30,0.0
12/11/2023 08:00,0.0
12/11/2023 08:30,0.0
12/11/2023 09:00,0.0
12/11/2023 09:30,0.0
12/11/2023 10:00,0.0
12/11/2023 10:30,0.0
12/11/2023 11:00,0.0
12/11/2023 11:30,0.0
12/11/2023 12:00,0.0
12/11/2023 12:30,0.0
12/11/2023 13:00,0.0
12/11/2023 13:30,0.0
12/11/2023 14:00,0.0
12/11/2023 14:30,0.0
12/11/2023 15:00,0.0
12/11/2023 15:30,0.0
12/11/2023 16:00,0.0
12/11/2023 16:30,0.0
12/11/2023 17:00,0.0
12/11/2023 17:30,0.0
12/11/2023 18:00,0.0
12/11/2023 18:30,0.0
12/11/2023 19:00,0.0
12/11/2023 19:30,0.0
12/11/2023 20:00,0.0
12/11/2023 20:30,0.0
12/11/2023 21:00,0.0
12/11/2023 21:30,0.0
12/11/2023 22:00,0.0
12/11/2023 22:30,0.0
12/11/2023 23:00,0.0
12/11/2023 23:30,0.0
12/12/2023 00:00,0.0
12/12/2023 00:30,0.0
12/12/2023 01:00,0.0
12/12/2023 01:30,0.0
12/12/2023 02:00,0.0
12/12/2023 02:30,0.0
12/12/2023 03:00,0.0
12/12/2023 03:30,0.0
12/12/2023 04:00,0.0
12/12/2023 04:30,0.0
12/12/2023 05:00,0.0
12/12/2023 05:30,0.0
12/12/2023 06:00,0.0
12/12/2023 06:30,0.0
12/12/2023 07:00,0.0
12/12/2023 07:30,0.0
12/12/2023 08:00,0.0
12/12/2023 08:30,0.0
12/12/2023 09:00,0.0
12/12/2023 09:30,0.0
12/12/2023 10:00,0.0
12/12/2023 10:30,0.0
12/12/2023 11:00,0.0
12/12/2023 11:30,0.0
12/12/2023 12:00,0.0
12/12/2023 12:30,0.0
12/12/2023 13:00,0.0
12/12/2023 13:30,0.0
12/12/2023 14:00,0.0
12/12/2023 14:30,0.0
12/12/2023 15:00,0.0
12/12/2023 15:30,0.0
12/12/2023 16:00,0.0
12/12/2023 16:30,0.0
12/12/2023 17:00,0.0
12/12/2023 17:30,0.0
12/12/2023 18:00,0.0
12/12/2023 18:30,0.0
12/12/2023 19:00,0.0
12/12/2023 19:30,0.0
12/12/2023 20:00,0.0
12/12/2023 20:30,0.0
12/12/2023 21:00,0.0
12/12/2023 21:30,0.0
12/12/2023 22:00,0.0
12/12/2023 22:30,0.0
12/12/2023 23:00,0.0
12/12/2023 23:30,0.0
12/13/2023 00:00,0.0
12/13/2023 00:30,0.0
12/13/2023 01:00,0.0
12/13/2023 01:30,0.0
12/13/2023 02:00,0.0
12/13/2023 02:30,0.0
12/13/2023 03:00,0.0
12/13/2023 03:30,0.0
12/13/2023 04:00,0.0
12/13/2023 04:30,0.0
12/13/2023 05:00,0.0
12/13/2023 05:30,0.0
12/13/2023 06:00,0.0
12/13/2023 06:30,0.0
12/13/2023 07:00,0.0
12/13/2023 07:30,0.0
12/13/2023 08:00,0.0
12/13/2023 08:30,0.0
12/13/2023 09:00,0.0
12/13/2023 09:30,0.0
12/13/2023 10:00,0.0
12/13/2023 10:30,0.0
12/13/2023 11:00,0.0
12/13/2023 11:30,0.0
12/13/2023 12:00,0.0
12/13/2023 12:30,0.0
12/13/2023 13:00,0.0
12/13/2023 13:30,0.0
12/13/2023 14:00,0.0
12/13/2023 14:30,0.0
12/13/2023 15:00,0.0
12/13/2023 15:30,0.0
12/13/2023 16:00,0.0
12/13/2023 16:30,0.0
12/13/2023 17:00,0.0
12/13/2023 17:30,0.0
12/13/2023 18:00,0.0
12/13/2023 18:30,0.0
12/13/2023 19:00,0.0
12/13/2023 19:30,0.0
12/13/2023 20:00,0.0
12/13/2023 20:30,0.0
12/13/2023 21:00,0.0
12/13/2023 21:30,0.0
12/13/2023 22:00,0.0
12/13/2023 22:30,0.0
12/13/2023 23:00,0.0
12/13/2023 23:30,0.0
12/14/2023 00:00,0.0
12/14/2023 00:30,0.0
12/14/2023 01:00,0.0
12/14/2023 01:30,0.0
12/14/2023 02:00,0.0
12/14/2023 02:30,0.0
12/14/2023 03:00,0.0
12/14/2023 03:30,0.0
12/14/2023 04:00,0.0
12/14/2023 04:30,0.0
12/14/2023 05:00,0.0
12/14/2023 05:30,0.0
12/14/2023 06:00,0.0
12/14/2023 06:30,0.0
12/14/2023 07:00,0.0
12/14/2023 07:30,0.0
12/14/2023 08:00,0.0
12/14/2023 08:30,0.0
12/14/2023 09:00,0.0
12/14/2023 09:30,0.0
12/14/2023 10:00,0.0
12/14/2023 10:30,0.0
12/14/2023 11:00,0.0
12/14/2023 11:30,0.0
12/14/2023 12:00,0.0
12/14/2023 12:30,0.0
12/14/2023 13:00,0.0
12/14/2023 13:30,0.0
12/14/2023 14:00,0.0
12/14/2023 14:30,0.0
12/14/2023 15:00,0.0
12/14/2023 15:30,0.0
12/14/2023 16:00,0.0
12/14/2023 16:30,0.0
12/14/2023 17:00,0.0
12/14/2023 17:30,0.0
12/14/2023 18:00,0.0
12/14/2023 18:30,0.0
12/14/2023 19:00,0.0
12/14/2023 19:30,0.0
12/14/2023 20:00,0.0
12/14/2023 20:30,0.0
12/14/2023 21:00,0.0
12/14/2023 21:30,0.0
12/14/2023 22:00,0.0
12/14/2023 22:30,0.0
12/14/2023 23:00,0.0
12/14/2023 23:30,0.0
12/15/2023 00:00,0.0
12/15/2023 00:30,0.0
12/15/2023 01:00,0.0
12/15/2023 01:30,0.0
12/15/2023 02:00,0.0
12/15/2023 02:30,0.0
12/15/2023 03:00,0.0
12/15/2023 03:30,0.0
12/15/2023 04:00,0.0
12/15/2023 04:30,0.0
12/15/2023 05:00,0.0
12/15/2023 05:30,0.0
12/15/2023 06:00,0.0
12/15/2023 06:30,0.0
12/15/2023 07:00,0.0
12/15/2023 07:30,0.0
12/15/2023 08:00,0.0
12/15/2023 08:30,0.0
12/15/2023 09:00,0.0
12/15/2023 09:30,0.0
12/15/2023 10:00,0.0
12/15/2023 10:30,0.0
12/15/2023 11:00,0.0
12/15/2023 11:30,0.0
12/15/2023 12:00,0.0
12/15/2023 12:30,0.0
12/15/2023 13:00,0.0
12/15/2023 13:30,0.0
12/15/2023 14:00,0.0
12/15/2023 14:30,0.0
12/15/2023 15:00,0.0
12/15/2023 15:30,0.0
12/15/2023 16:00,0.0
12/15/2023 16:30,0.0
12/15/2023 17:00,0.0
12/15/2023 17:30,0.0
12/15/2023 18:00,0.0
12/15/2023 18:30,0.0
12/15/2023 19:00,0.0
12/15/2023 19:30,0.0
12/15/2023 20:00,0.0
12/15/2023 20:30,0.0
12/15/2023 21:00,0.0
12/15/2023 21:30,0.0
12/15/2023 22:00,0.0
12/15/2023 22:30,0.0
12/15/2023 23:00,0.0
12/15/2023 23:30,0.0
12/16/2023 00:00,0.0
12/16/2023 00:30,0.0
12/16/2023 01:00,0.0
12/16/2023 01:30,0.0
12/16/2023 02:00,0.0
12/16/2023 02:30,0.0
12/16/2023 03:00,0.0
12/16/2023 03:30,0.0
12/16/2023 04:00,0.0
12/16/2023 04:30,0.0
12/16/2023 05:00,0.0
12/16/2023 05:30,0.0
12/16/2023 06:00,0.0
12/16/2023 06:30,0.0
12/16/2023 07:00,0.0
12/16/2023 07:30,0.0
12/16/2023 08:00,0.0
12/16/2023 08:30,0.0
12/16/2023 09:00,0.0
12/16/2023 09:30,0.0
12/16/2023 10:00,0.0
12/16/2023 10:30,0.0
12/16/2023 11:00,0.0
12/16/2023 11:30,0.0
12/16/2023 12:00,0.0
12/16/2023 12:30,0.0
12/16/2023 13:00,0.0
12/16/2023 13:30,0.0
12/16/2023 14:00,0.0
12/16/2023 14:30,0.0
12/16/2023 15:00,0.0
12/16/2023 15:30,0.0
12/16/2023 16:00,0.0
12/16/2023 16:30,0.0
12/16/2023 17:00,0.0
12/16/2023 17:30,0.0
12/16/2023 18:00,0.0
12/16/2023 18:30,0.0
12/16/2023 19:00,0.0
12/16/2023 19:30,0.0
12/16/2023 20:00,0.0
12/16/2023 20:30,0.0
12/16/2023 21:00,0.0
12/16/2023 21:30,0.0
12/16/2023 22:00,0.0
12/16/2023 22:30,0.0
12/16/2023 23:00,0.0
12/16/2023 23:30,0.0
12/17/2023 00:00,0.0
12/17/2023 00:30,0.0
12/17/2023 01:00,0.0
12/17/2023 01:30,0.0
12/17/2023 02:00,0.0
12/17/2023 02:30,0.0
12/17/2023 03:00,0.0
12/17/2023 03:30,0.0
12/17/2023 04:00,0.0
12/17/2023 04:30,0.0
12/17/2023 05:00,0.0
12/17/2023 05:30,0.0
12/17/2023 06:00,0.0
12/17/2023 06:30,0.0
12/17/2023 07:00,0.0
12/17/2023 07:30,0.0
12/17/2023 08:00,0.0
12/17/2023 08:30,0.0
12/17/2023 09:00,0.0
12/17/2023 09:30,0.0
12/17/2023 10:00,0.0
12/17/2023 10:30,0.0
12/17/2023 11:00,0.0
12/17/2023 11:30,0.0
12/17/2023 12:00,0.0
12/17/2023 12:30,0.0
12/17/2023 13:00,0.0
12/17/2023 13:30,0.0
12/17/2023 14:00,0.0
12/17/2023 14:30,0.0
12/17/2023 15:00,0.0
12/17/2023 15:30,0.0
12/17/2023 16:00,0.0
12/17/2023 16:30,0.0
12/17/2023 17:00,0.0
12/17/2023 17:30,0.0
12/17/2023 18:00,0.0
12/17/2023 18:30,0.0
12/17/2023 19:00,0.0
12/17/2023 19:30,0.0
12/17/2023 20:00,0.0
12/17/2023 20:30,0.0
12/17/2023 21:00,0.0
12/17/2023 21:30,0.0
12/17/2023 22:00,0.0
12/17/2023 22:30,0.0
12/17/2023 23:00,0.0
12/17/2023 23:30,0.0
12/18/2023 00:00,0.0
12/18/2023 00:30,0.0
12/18/2023 01:00,0.0
12/18/2023 01:30,0.0
12/18/2023 02:00,0.0
12/18/2023 02:30,0.0
12/18/2023 03:00,0.0
12/18/2023 03:30,0.0
12/18/2023 04:00,0.0
12/18/2023 04:30,0.0
12/18/2023 05:00,0.0
12/18/2023 05:30,0.0
12/18/2023 06:00,0.0
12/18/2023 06:30,0.0
12/18/2023 07:00,0.0
12/18/2023 07:30,0.0
12/18/2023 08:00,0.0
12/18/2023 08:30,0.0
12/18/2023 09:00,0.0
12/18/2023 09:30,0.0
12/18/2023 10:00,0.0
12/18/2023 10:30,0.0
12/18/2023 11:00,0.0
12/18/2023 11:30,0.0
12/18/2023 12:00,0.0
12/18/2023 12:30,0.0
12/18/2023 13:00,0.0
12/18/2023 13:30,0.0
12/18/2023 14:00,0.0
12/18/2023 14:30,0.0
12/18/2023 15:00,0.0
12/18/2023 15:30,0.0
12/18/2023 16:00,0.0
12/18/2023 16:30,0.0
12/18/2023 17:00,0.0
12/18/2023 17:30,0.0
12/18/2023 18:00,0.0
12/18/2023 18:30,0.0
12/18/2023 19:00,0.0
12/18/2023 19:30,0.0
12/18/2023 20:00,0.0
12/18/2023 20:30,0.0
12/18/2023 21:00,0.0
12/18/2023 21:30,0.0
12/18/2023 22:00,0.0
12/18/2023 22:30,0.0
12/18/2023 23:00,0.0
12/18/2023 23:30,0.0
12/19/2023 00:00,0.0
12/19/2023 00:30,0.0
12/19/2023 01:00,0.0
12/19/2023 01:30,0.0
12/19/2023 02:00,0.0
12/19/2023 02:30,0.0
12/19/2023 03:00,0.0
12/19/2023 03:30,0.0
12/19/2023 04:00,0.0
12/19/2023 04:30,0.0
12/19/2023 05:00,0.0
12/19/2023 05:30,0.0
12/19/2023 06:00,0.0
12/19/2023 06:30,0.0
12/19/2023 07:00,0.0
12/19/2023 07:30,0.0
12/19/2023 08:00,0.0
12/19/2023 08:30,0.0
12/19/2023 09:00,0.0
12/19/2023 09:30,0.0
12/19/2023 10:00,0.0
12/19/2023 10:30,0.0
12/19/2023 11:00,0.0
12/19/2023 11:30,0.0
12/19/2023 12:00,0.0
12/19/2023 12:30,0.0
12/19/2023 13:00,0.0
12/19/2023 13:30,0.0
12/19/2023 14:00,0.0
12/19/2023 14:30,0.0
12/19/2023 15:00,0.0
12/19/2023 15:30,0.0
12/19/2023 16:00,0.0
12/19/2023 16:30,0.0
12/19/2023 17:00,0.0
12/19/2023 17:30,0.0
12/19/2023 18:00,0.0
12/19/2023 18:30,0.0
12/19/2023 19:00,0.0
12/19/2023 19:30,0.0
12/19/2023 20:00,0.0
12/19/2023 20:30,0.0
12/19/2023 21:00,0.0
12/19/2023 21:30,0.0
12/19/2023 22:00,0.0
12/19/2023 22:30,0.0
12/19/2023 23:00,0.0
12/19/2023 23:30,0.0
12/20/2023 00:00,0.0
12/20/2023 00:30,0.0
12/20/2023 01:00,0.0
12/20/2023 01:30,0.0
12/20/2023 02:00,0.0
12/20/2023 02:30,0.0
12/20/2023 03:00,0.0
12/20/2023 03:30,0.0
12/20/2023 04:00,0.0
12/20/2023 04:30,0.0
12/20/2023 05:00,0.0
12/20/2023 05:30,0.0
12/20/2023 06:00,0.0
12/20/2023 06:30,0.0
12/20/2023 07:00,0.0
12/20/2023 07:30,0.0
12/20/2023 08:00,0.0
12/20/2023 08:30,0.0
12/20/2023 09:00,0.0
12/20/2023 09:30,0.0
12/20/2023 10:00,0.0
12/20/2023 10:30,0.0
12/20/2023 11:00,0.0
12/20/2023 11:30,0.0
12/20/2023 12:00,0.0
12/20/2023 12:30,0.0
12/20/2023 13:00,0.0
12/20/2023 13:30,0.0
12/20/2023 14:00,0.0
12/20/2023 14:30,0.0
12/20/2023 15:00,0.0
12/20/2023 15:30,0.0
12/20/2023 16:00,0.0
12/20/2023 16:30,0.0
12/20/2023 17:00,0.0
12/20/2023 17:30,0.0
12/20/2023 18:00,0.0
12/20/2023 18:30,0.0
12/20/2023 19:00,0.0
12/20/2023 19:30,0.0
12/20/2023 20:00,0.0
12/20/2023 20:30,0.0
12/20/2023 21:00,0.0
12/20/2023 21:30,0.0
12/20/2023 22:00,0.0
12/20/2023 22:30,0.0
12/20/2023 23:00,0.0
12/20/2023 23:30,0.0
12/21/2023 00:00,0.0
12/21/2023 00:30,0.0
12/21/2023 01:00,0.0
12/21/2023 01:30,0.0
12/21/2023 02:00,0.0
12/21/2023 02:30,0.0
12/21/2023 03:00,0.0
12/21/2023 03:30,0.0
12/21/2023 04:00,0.0
12/21/2023 04:30,0.0
12/21/2023 05:00,0.0
12/21/2023 05:30,0.0
12/21/2023 06:00,0.0
12/21/2023 06:30,0.0
12/21/2023 07:00,0.0
12/21/2023 07:30,0.0
12/21/2023 08:00,0.0
12/21/2023 08:30,0.0
12/21/2023 09:00,0.0
12/21/2023 09:30,0.0
12/21/2023 10:00,0.0
12/21/2023 10:30,0.0
12/21/2023 11:00,0.0
12/21/2023 11:30,0.0
12/21/2023 12:00,0.0
12/21/2023 12:30,0.0
12/21/2023 13:00,0.0
12/21/2023 13:30,0.0
12/21/2023 14:00,0.0
12/21/2023 14:30,0.0
12/21/2023 15:00,0.0
12/21/2023 15:30,0.0
12/21/2023 16:00,0.0
12/21/2023 16:30,0.0
12/21/2023 17:00,0.0
12/21/2023 17:30,0.0
12/21/2023 18:00,0.0
12/21/2023 18:30,0.0
12/21/2023 19:00,0.0
12/21/2023 19:30,0.0
12/21/2023 20:00,0.0
12/21/2023 20:30,0.0
12/21/2023 21:00,0.0
12/21/2023 21:30,0.0
12/21/2023 22:00,0.0
12/21/2023 22:30,0.0
12/21/2023 23:00,0.0
12/21/2023 23:30,0.0
12/22/2023 00:00,0.0
12/22/2023 00:30,0.0
12/22/2023 01:00,0.0
12/22/2023 01:30,0.0
12/22/2023 02:00,0.0
12/22/2023 02:30,0.0
12/22/2023 03:00,0.0
12/22/2023 03:30,0.0
12/22/2023 04:00,0.0
12/22/2023 04:30,0.0
12/22/2023 05:00,0.0
12/22/2023 05:30,0.0
12/22/2023 06:00,0.0
12/22/2023 06:30,0.0
12/22/2023 07:00,0.0
12/22/2023 07:30,0.0
12/22/2023 08:00,0.0
12/22/2023 08:30,0.0
12/22/2023 09:00,0.0
12/22/2023 09:30,0.0
12/22/2023 10:00,0.0
12/22/2023 10:30,0.0
12/22/2023 11:00,0.0
12/22/2023 11:30,0.0
12/22/2023 12:00,0.0
12/22/2023 12:30,0.0
12/22/2023 13:00,0.0
12/22/2023 13:30,0.0
12/22/2023 14:00,0.0
12/22/2023 14:30,0.0
12/22/2023 15:00,0.0
12/22/2023 15:30,0.0
12/22/2023 16:00,0.0
12/22/2023 16:30,0.0
12/22/2023 17:00,0.0
12/22/2023 17:30,0.0
12/22/2023 18:00,0.0
12/22/2023 18:30,0.0
12/22/2023 19:00,0.0
12/22/2023 19:30,0.0
12/22/2023 20:00,0.0
12/22/2023 20:30,0.0
12/22/2023 21:00,0.0
12/22/2023 21:30,0.0
12/22/2023 22:00,0.0
12/22/2023 22:30,0.0
12/22/2023 23:00,0.0
12/22/2023 23:30,0.0
12/23/2023 00:00,0.0
12/23/2023 00:30,0.0
12/23/2023 01:00,0.0
12/23/2023 01:30,0.0
12/23/2023 02:00,0.0
12/23/2023 02:30,0.0
12/23/2023 03:00,0.0
12/23/2023 03:30,0.0
12/23/2023 04:00,0.0
12/23/2023 04:30,0.0
12/23/2023 05:00,0.0
12/23/2023 05:30,0.0
12/23/2023 06:00,0.0
12/23/2023 06:30,0.0
12/23/2023 07:00,0.0
12/23/2023 07:30,0.0
12/23/2023 08:00,0.0
12/23/2023 08:30,0.0
12/23/2023 09:00,0.0
12/23/2023 09:30,0.0
12/23/2023 10:00,0.0
12/23/2023 10:30,0.0
12/23/2023 11:00,0.0
12/23/2023 11:30,0.0
12/23/2023 12:00,0.0
12/23/2023 12:30,0.0
12/23/2023 13:00,0.0
12/23/2023 13:30,0.0
12/23/2023 14:00,0.0
12/23/2023 14:30,0.0
12/23/2023 15:00,0.0
12/23/2023 15:30,0.0
12/23/2023 16:00,0.0
12/23/2023 16:30,0.0
12/23/2023 17:00,0.0
12/23/2023 17:30,0.0
12/23/2023 18:00,0.0
12/23/2023 18:30,0.0
12/23/2023 19:00,0.0
12/23/2023 19:30,0.0
12/23/2023 20:00,0.0
12/23/2023 20:30,0.0
12/23/2023 21:00,0.0
12/23/2023 21:30,0.0
12/23/2023 22:00,0.0
12/23/2023 22:30,0.0
12/23/2023 23:00,0.0
12/23/2023 23:30,0.0
12/24/2023 00:00,0.0
12/24/2023 00:30,0.0
12/24/2023 01:00,0.0
12/24/2023 01:30,0.0
12/24/2023 02:00,0.0
12/24/2023 02:30,0.0
12/24/2023 03:00,0.0
12/24/2023 03:30,0.0
12/24/2023 04:00,0.0
12/24/2023 04:30,0.0
12/24/2023 05:00,0.0
12/24/2023 05:30,0.0
12/24/2023 06:00,0.0
12/24/2023 06:30,0.0
12/24/2023 07:00,0.0
12/24/2023 07:30,0.0
12/24/2023 08:00,0.0
12/24/2023 08:30,0.0
12/24/2023 09:00,0.0
12/24/2023 09:30,0.0
12/24/2023 10:00,0.0
12/24/2023 10:30,0.0
12/24/2023 11:00,0.0
12/24/2023 11:30,0.0
12/24/2023 12:00,0.0
12/24/2023 12:30,0.0
12/24/2023 13:00,0.0
12/24/2023 13:30,0.0
12/24/2023 14:00,0.0
12/24/2023 14:30,0.0
12/24/2023 15:00,0.0
12/24/2023 15:30,0.0
12/24/2023 16:00,0.0
12/24/2023 16:30,0.0
12/24/2023 17:00,0.0
12/24/2023 17:30,0.0
12/24/2023 18:00,0.0
12/24/2023 18:30,0.0
12/24/2023 19:00,0.0
12/24/2023 19:30,0.0
12/24/2023 20:00,0.0
12/24/2023 20:30,0.0
12/24/2023 21:00,0.0
12/24/2023 21:30,0.0
12/24/2023 22:00,0.0
12/24/2023 22:30,0.0
12/24/2023 23:00,0.0
12/24/2023 23:30,0.0
12/25/2023 00:00,0.0
12/25/2023 00:30,0.0
12/25/2023 01:00,0.0
12/25/2023 01:30,0.0
12/25/2023 02:00,0.0
12/25/2023 02:30,0.0
12/25/2023 03:00,0.0
12/25/2023 03:30,0.0
12/25/2023 04:00,0.0
12/25/2023 04:30,0.0
12/25/2023 05:00,0.0
12/25/2023 05:30,0.0
12/25/2023 06:00,0.0
12/25/2023 06:30,0.0
12/25/2023 07:00,0.0
12/25/2023 07:30,0.0
12/25/2023 08:00,0.0
12/25/2023 08:30,0.0
12/25/2023 09:00,0.0
12/25/2023 09:30,0.0
12/25/2023 10:00,0.0
12/25/2023 10:30,0.0
12/25/2023 11:00,0.0
12/25/2023 11:30,0.0
12/25/2023 12:00,0.0
12/25/2023 12:30,0.0
12/25/2023 13:00,0.0
12/25/2023 13:30,0.0
12/25/2023 14:00,0.0
12/25/2023 14:30,0.0
12/25/2023 15:00,0.0
12/25/2023 15:30,0.0
12/25/2023 16:00,0.0
12/25/2023 16:30,0.0
12/25/2023 17:00,0.0
12/25/2023 17:30,0.0
12/25/2023 18:00,0.0
12/25/2023 18:30,0.0
12/25/2023 19:00,0.0
12/25/2023 19:30,0.0
12/25/2023 20:00,0.0
12/25/2023 20:30,0.0
12/25/2023 21:00,0.0
12/25/2023 21:30,0.0
12/25/2023 22:00,0.0
12/25/2023 22:30,0.0
12/25/2023 23:00,0.0
12/25/2023 23:30,0.0
12/26/2023 00:00,0.0
12/26/2023 00:30,0.0
12/26/2023 01:00,0.0
12/26/2023 01:30,0.0
12/26/2023 02:00,0.0
12/26/2023 02:30,0.0
12/26/2023 03:00,0.0
12/26/2023 03:30,0.0
12/26/2023 04:00,0.0
12/26/2023 04:30,0.0
12/26/2023 05:00,0.0
12/26/2023 05:30,0.0
12/26/2023 06:00,0.0
12/26/2023 06:30,0.0
12/26/2023 07:00,0.0
12/26/2023 07:30,0.0
12/26/2023 08:00,0.0
12/26/2023 08:30,0.0
12/26/2023 09:00,0.0
12/26/2023 09:30,0.0
12/26/2023 10:00,0.0
12/26/2023 10:30,0.0
12/26/2023 11:00,0.0
12/26/2023 11:30,0.0
12/26/2023 12:00,0.0
12/26/2023 12:30,0.0
12/26/2023 13:00,0.0
12/26/2023 13:30,0.0
12/26/2023 14:00,0.0
12/26/2023 14:30,0.0
12/26/2023 15:00,0.0
12/26/2023 15:30,0.0
12/26/2023 16:00,0.0
12/26/2023 16:30,0.0
12/26/2023 17:00,0.0
12/26/2023 17:30,0.0
12/26/2023 18:00,0.0
12/26/2023 18:30,0.0
12/26/2023 19:00,0.0
12/26/2023 19:30,0.0
12/26/2023 20:00,0.0
12/26/2023 20:30,0.0
12/26/2023 21:00,0.0
12/26/2023 21:30,0.0
12/26/2023 22:00,0.0
12/26/2023 22:30,0.0
12/26/2023 23:00,0.0
12/26/2023 23:30,0.0
12/27/2023 00:00,0.0
12/27/2023 00:30,0.0
12/27/2023 01:00,0.0
12/27/2023 01:30,0.0
12/27/2023 02:00,0.0
12/27/2023 02:30,0.0
12/27/2023 03:00,0.0
12/27/2023 03:30,0.0
12/27/2023 04:00,0.0
12/27/2023 04:30,0.0
12/27/2023 05:00,0.0
12/27/2023 05:30,0.0
12/27/2023 06:00,0.0
12/27/2023 06:30,0.0
12/27/2023 07:00,0.0
12/27/2023 07:30,0.0
12/27/2023 08:00,0.0
12/27/2023 08:30,0.0
12/27/2023 09:00,0.0
12/27/2023 09:30,0.0
12/27/2023 10:00,0.0
12/27/2023 10:30,0.0
12/27/2023 11:00,0.0
12/27/2023 11:30,0.0
12/27/2023 12:00,0.0
12/27/2023 12:30,0.0
12/27/2023 13:00,0.0
12/27/2023 13:30,0.0
12/27/2023 14:00,0.0
12/27/2023 14:30,0.0
12/27/2023 15:00,0.0
12/27/2023 15:30,0.0
12/27/2023 16:00,0.0
12/27/2023 16:30,0.0
12/27/2023 17:00,0.0
12/27/2023 17:30,0.0
12/27/2023 18:00,0.0
12/27/2023 18:30,0.0
12/27/2023 19:00,0.0
12/27/2023 19:30,0.0
12/27/2023 20:00,0.0
12/27/2023 20:30,0.0
12/27/2023 21:00,0.0
12/27/2023 21:30,0.0
12/27/2023 22:00,0.0
12/27/2023 22:30,0.0
12/27/2023 23:00,0.0
12/27/2023 23:30,0.0
12/28/2023 00:00,0.0
12/28/2023 00:30,0.0
12/28/2023 01:00,0.0
12/28/2023 01:30,0.0
12/28/2023 02:00,0.0
12/28/2023 02:30,0.0
12/28/2023 03:00,0.0
12/28/2023 03:30,0.0
12/28/2023 04:00,0.0
12/28/2023 04:30,0.0
12/28/2023 05:00,0.0
12/28/2023 05:30,0.0
12/28/2023 06:00,0.0
12/28/2023 06:30,0.0
12/28/2023 07:00,0.0
12/28/2023 07:30,0.0
12/28/2023 08:00,0.0
12/28/2023 08:30,0.0
12/28/2023 09:00,0.0
12/28/2023 09:30,0.0
12/28/2023 10:00,0.0
12/28/2023 10:30,0.0
12/28/2023 11:00,0.0
12/28/2023 11:30,0.0
12/28/2023 12:00,0.0
12/28/2023 12:30,0.0
12/28/2023 13:00,0.0
12/28/2023 13:30,0.0
12/28/2023 14:00,0.0
12/28/2023 14:30,0.0
12/28/2023 15:00,0.0
12/28/2023 15:30,0.0
12/28/2023 16:00,0.0
12/28/2023 16:30,0.0
12/28/2023 17:00,0.0
12/28/2023 17:30,0.0
12/28/2023 18:00,0.0
12/28/2023 18:30,0.0
12/28/2023 19:00,0.0
12/28/2023 19:30,0.0
12/28/2023 20:00,0.0
12/28/2023 20:30,0.0
12/28/2023 21:00,0.0
12/28/2023 21:30,0.0
12/28/2023 22:00,0.0
12/28/2023 22:30,0.0
12/28/2023 23:00,0.0
12/28/2023 23:30,0.0
12/29/2023 00:00,0.0
12/29/2023 00:30,0.0
12/29/2023 01:00,0.0
12/29/2023 01:30,0.0
12/29/2023 02:00,0.0
12/29/2023 02:30,0.0
12/29/2023 03:00,0.0
12/29/2023 03:30,0.0
12/29/2023 04:00,0.0
12/29/2023 04:30,0.0
12/29/2023 05:00,0.0
12/29/2023 05:30,0.0
12/29/2023 06:00,0.0
12/29/2023 06:30,0.0
12/29/2023 07:00,0.0
12/29/2023 07:30,0.0
12/29/2023 08:00,0.0
12/29/2023 08:30,0.0
12/29/2023 09:00,0.0
12/29/2023 09:30,0.0
12/29/2023 10:00,0.0
12/29/2023 10:30,0.0
12/29/2023 11:00,0.0
12/29/2023 11:30,0.0
12/29/2023 12:00,0.0
12/29/2023 12:30,0.0
12/29/2023 13:00,0.0
12/29/2023 13:30,0.0
12/29/2023 14:00,0.0
12/29/2023 14:30,0.0
12/29/2023 15:00,0.0
12/29/2023 15:30,0.0
12/29/2023 16:00,0.0
12/29/2023 16:30,0.0
12/29/2023 17:00,0.0
12/29/2023 17:30,0.0
12/29/2023 18:00,0.0
12/29/2023 18:30,0.0
12/29/2023 19:00,0.0
12/29/2023 19:30,0.0
12/29/2023 20:00,0.0
12/29/2023 20:30,0.0
12/29/2023 21:00,0.0
12/29/2023 21:30,0.0
12/29/2023 22:00,0.0
12/29/2023 22:30,0.0
12/29/2023 23:00,0.0
12/29/2023 23:30,0.0
12/30/2023 00:00,0.0
12/30/2023 00:30,0.0
12/30/2023 01:00,0.0
12/30/2023 01:30,0.0
12/30/2023 02:00,0.0
12/30/2023 02:30,0.0
12/30/2023 03:00,0.0
12/30/2023 03:30,0.0
12/30/2023 04:00,0.0
12/30/2023 04:30,0.0
12/30/2023 05:00,0.0
12/30/2023 05:30,0.0
12/30/2023 06:00,0.0
12/30/2023 06:30,0.0
12/30/2023 07:00,0.0
12/30/2023 07:30,0.0
12/30/2023 08:00,0.0
12/30/2023 08:30,0.0
12/30/2023 09:00,0.0
12/30/2023 09:30,0.0
12/30/2023 10:00,0.0
12/30/2023 10:30,0.0
12/30/2023 11:00,0.0
12/30/2023 11:30,0.0
12/30/2023 12:00,0.0
12/30/2023 12:30,0.0
12/30/2023 13:00,0.0
12/30/2023 13:30,0.0
12/30/2023 14:00,0.0
12/30/2023 14:30,0.0
12/30/2023 15:00,0.0
12/30/2023 15:30,0.0
12/30/2023 16:00,0.0
12/30/2023 16:30,0.0
12/30/2023 17:00,0.0
12/30/2023 17:30,0.0
12/30/2023 18:00,0.0
12/30/2023 18:30,0.0
12/30/2023 19:00,0.0
12/30/2023 19:30,0.0
12/30/2023 20:00,0.0
12/30/2023 20:30,0.0
12/30/2023 21:00,0.0
12/30/2023 21:30,0.0
12/30/2023 22:00,0.0
12/30/2023 22:30,0.0
12/30/2023 23:00,0.0
12/30/2023 23:30,0.0
12/31/2023 00:00,0.0
12/31/2023 00:30,0.0
12/31/2023 01:00,0.0
12/31/2023 01:30,0.0
12/31/2023 02:00,0.0
12/31/2023 02:30,0.0
12/31/2023 03:00,0.0
12/31/2023 03:30,0.0
12/31/2023 04:00,0.0
12/31/2023 04:30,0.0
12/31/2023 05:00,0.0
12/31/2023 05:30,0.0
12/31/2023 06:00,0.0
12/31/2023 06:30,0.0
12/31/2023 07:00,0.0
12/31/2023 07:30,0.0
12/31/2023 08:00,0.0
12/31/2023 08:30,0.0
12/31/2023 09:00,0.0
12/31/2023 09:30,0.0
12/31/2023 10:00,0.0
12/31/2023 10:30,0.0
12/31/2023 11:00,0.0
12/31/2023 11:30,0.0
12/31/2023 12:00,0.0
12/31/2023 12:30,0.0
12/31/2023 13:00,0.0
12/31/2023 13:30,0.0
12/31/2023 14:00,0.0
12/31/2023 14:30,0.0
12/31/2023 15:00,0.0
12/31/2023 15:30,0.0
12/31/2023 16:00,0.0
12/31/2023 16:30,0.0
12/31/2023 17:00,0.0
12/31/2023 17:30,0.0
12/31/2023 18:00,0.0
12/31/2023 18:30,0.0
12/31/2023 19:00,0.0
12/31/2023 19:30,0.0
12/31/2023 20:00,0.0
12/31/2023 20:30,0.0
12/31/2023 21:00,0.0
12/31/2023 21:30,0.0
12/31/2023 22:00,0.0
12/31/2023 22:30,0.0
12/31/2023 23:00,0.0
12/31/2023 23:30,0.0
