01/01/2023 00:00,0.0
01/01/2023 00:30,0.0
01/01/2023 01:00,0.0
01/01/2023 01:30,0.0
01/01/2023 02:00,0.0
01/01/2023 02:30,0.0
01/01/2023 03:00,0.0
01/01/2023 03:30,0.0
01/01/2023 04:00,0.0
01/01/2023 04:30,0.0
01/01/2023 05:00,0.0
01/01/2023 05:30,0.0
01/01/2023 06:00,0.0
01/01/2023 06:30,0.0
01/01/2023 07:00,0.0
01/01/2023 07:30,0.0
01/01/2023 08:00,0.0
01/01/2023 08:30,0.0
01/01/2023 09:00,0.0
01/01/2023 09:30,0.0
01/01/2023 10:00,0.0
01/01/2023 10:30,0.0
01/01/2023 11:00,0.0
01/01/2023 11:30,0.0
01/01/2023 12:00,0.0
01/01/2023 12:30,0.0
01/01/2023 13:00,0.0
01/01/2023 13:30,0.0
01/01/2023 14:00,0.0
01/01/2023 14:30,0.0
01/01/2023 15:00,0.0
01/01/2023 15:30,0.0
01/01/2023 16:00,0.0
01/01/2023 16:30,0.0
01/01/2023 17:00,0.0
01/01/2023 17:30,0.0
01/01/2023 18:00,0.0
01/01/2023 18:30,0.0
01/01/2023 19:00,0.0
01/01/2023 19:30,0.0
01/01/2023 20:00,0.0
01/01/2023 20:30,0.0
01/01/2023 21:00,0.0
01/01/2023 21:30,0.0
01/01/2023 22:00,0.0
01/01/2023 22:30,0.0
01/01/2023 23:00,0.0
01/01/2023 23:30,0.0
01/02/2023 00:00,0.0
01/02/2023 00:30,0.0
01/02/2023 01:00,0.0
01/02/2023 01:30,0.0
01/02/2023 02:00,0.0
01/02/2023 02:30,0.0
01/02/2023 03:00,0.0
01/02/2023 03:30,0.0
01/02/2023 04:00,0.0
01/02/2023 04:30,0.0
01/02/2023 05:00,0.0
01/02/2023 05:30,0.0
01/02/2023 06:00,0.0
01/02/2023 06:30,0.0
01/02/2023 07:00,0.0
01/02/2023 07:30,0.0
01/02/2023 08:00,0.0
01/02/2023 08:30,0.0
01/02/2023 09:00,0.0
01/02/2023 09:30,0.0
01/02/2023 10:00,0.0
01/02/2023 10:30,0.0
01/02/2023 11:00,0.0
01/02/2023 11:30,0.0
01/02/2023 12:00,0.0
01/02/2023 12:30,0.0
01/02/2023 13:00,0.0
01/02/2023 13:30,0.0
01/02/2023 14:00,0.0
01/02/2023 14:30,0.0
01/02/2023 15:00,0.0
01/02/2023 15:30,0.0
01/02/2023 16:00,0.0
01/02/2023 16:30,0.0
01/02/2023 17:00,0.0
01/02/2023 17:30,0.0
01/02/2023 18:00,0.0
01/02/2023 18:30,0.0
01/02/2023 19:00,0.0
01/02/2023 19:30,0.0
01/02/2023 20:00,0.0
01/02/2023 20:30,0.0
01/02/2023 21:00,0.0
01/02/2023 21:30,0.0
01/02/2023 22:00,0.0
01/02/2023 22:30,0.0
01/02/2023 23:00,0.0
01/02/2023 23:30,0.0
01/03/2023 00:00,0.0
01/03/2023 00:30,0.0
01/03/2023 01:00,0.0
01/03/2023 01:30,0.0
01/03/2023 02:00,0.0
01/03/2023 02:30,0.0
01/03/2023 03:00,0.0
01/03/2023 03:30,0.0
01/03/2023 04:00,0.0
01/03/2023 04:30,0.0
01/03/2023 05:00,0.0
01/03/2023 05:30,0.0
01/03/2023 06:00,0.0
01/03/2023 06:30,0.0
01/03/2023 07:00,0.0
01/03/2023 07:30,0.0
01/03/2023 08:00,0.0
01/03/2023 08:30,0.0
01/03/2023 09:00,0.0
01/03/2023 09:30,0.0
01/03/2023 10:00,0.0
01/03/2023 10:30,0.0
01/03/2023 11:00,0.0
01/03/2023 11:30,0.0
01/03/2023 12:00,0.0
01/03/2023 12:30,0.0
01/03/2023 13:00,0.0
01/03/2023 13:30,0.0
01/03/2023 14:00,0.0
01/03/2023 14:30,0.0
01/03/2023 15:00,0.0
01/03/2023 15:30,0.0
01/03/2023 16:00,0.0
01/03/2023 16:30,0.0
01/03/2023 17:00,0.0
01/03/2023 17:30,0.0
01/03/2023 18:00,0.0
01/03/2023 18:30,0.0
01/03/2023 19:00,0.0
01/03/2023 19:30,0.0
01/03/2023 20:00,0.0
01/03/2023 20:30,0.0
01/03/2023 21:00,0.0
01/03/2023 21:30,0.0
01/03/2023 22:00,0.0
01/03/2023 22:30,0.0
01/03/2023 23:00,0.0
01/03/2023 23:30,0.0
01/04/2023 00:00,0.0
01/04/2023 00:30,0.0
01/04/2023 01:00,0.0
01/04/2023 01:30,0.0
01/04/2023 02:00,0.0
01/04/2023 02:30,0.0
01/04/2023 03:00,0.0
01/04/2023 03:30,0.0
01/04/2023 04:00,0.0
01/04/2023 04:30,0.0
01/04/2023 05:00,0.0
01/04/2023 05:30,0.0
01/04/2023 06:00,0.0
01/04/2023 06:30,0.0
01/04/2023 07:00,0.0
01/04/2023 07:30,0.0
01/04/2023 08:00,0.0
01/04/2023 08:30,0.0
01/04/2023 09:00,0.0
01/04/2023 09:30,0.0
01/04/2023 10:00,0.0
01/04/2023 10:30,0.0
01/04/2023 11:00,0.0
01/04/2023 11:30,0.0
01/04/2023 12:00,0.0
01/04/2023 12:30,0.0
01/04/2023 13:00,0.0
01/04/2023 13:30,0.0
01/04/2023 14:00,0.0
01/04/2023 14:30,0.0
01/04/2023 15:00,0.0
01/04/2023 15:30,0.0
01/04/2023 16:00,0.0
01/04/2023 16:30,0.0
01/04/2023 17:00,0.0
01/04/2023 17:30,0.0
01/04/2023 18:00,0.0
01/04/2023 18:30,0.0
01/04/2023 19:00,0.0
01/04/2023 19:30,0.0
01/04/2023 20:00,0.0
01/04/2023 20:30,0.0
01/04/2023 21:00,0.0
01/04/2023 21:30,0.0
01/04/2023 22:00,0.0
01/04/2023 22:30,0.0
01/04/2023 23:00,0.0
01/04/2023 23:30,0.0
01/05/2023 00:00,0.0
01/05/2023 00:30,0.0
01/05/2023 01:00,0.0
01/05/2023 01:30,0.0
01/05/2023 02:00,0.0
01/05/2023 02:30,0.0
01/05/2023 03:00,0.0
01/05/2023 03:30,0.0
01/05/2023 04:00,0.0
01/05/2023 04:30,0.0
01/05/2023 05:00,0.0
01/05/2023 05:30,0.0
01/05/2023 06:00,0.0
01/05/2023 06:30,0.0
01/05/2023 07:00,0.0
01/05/2023 07:30,0.0
01/05/2023 08:00,0.0
01/05/2023 08:30,0.0
01/05/2023 09:00,0.0
01/05/2023 09:30,0.0
01/05/2023 10:00,0.0
01/05/2023 10:30,0.0
01/05/2023 11:00,0.0
01/05/2023 11:30,0.0
01/05/2023 12:00,0.0
01/05/2023 12:30,0.0
01/05/2023 13:00,0.0
01/05/2023 13:30,0.0
01/05/2023 14:00,0.0
01/05/2023 14:30,0.0
01/05/2023 15:00,0.0
01/05/2023 15:30,0.0
01/05/2023 16:00,0.0
01/05/2023 16:30,0.0
01/05/2023 17:00,0.0
01/05/2023 17:30,0.0
01/05/2023 18:00,0.0
01/05/2023 18:30,0.0
01/05/2023 19:00,0.0
01/05/2023 19:30,0.0
01/05/2023 20:00,0.0
01/05/2023 20:30,0.0
01/05/2023 21:00,0.0
01/05/2023 21:30,0.0
01/05/2023 22:00,0.0
01/05/2023 22:30,0.0
01/05/2023 23:00,0.0
01/05/2023 23:30,0.0
01/06/2023 00:00,0.0
01/06/2023 00:30,0.0
01/06/2023 01:00,0.0
01/06/2023 01:30,0.0
01/06/2023 02:00,0.0
01/06/2023 02:30,0.0
01/06/2023 03:00,0.0
01/06/2023 03:30,0.0
01/06/2023 04:00,0.0
01/06/2023 04:30,0.0
01/06/2023 05:00,0.0
01/06/2023 05:30,0.0
01/06/2023 06:00,0.0
01/06/2023 06:30,0.0
01/06/2023 07:00,0.0
01/06/2023 07:30,0.0
01/06/2023 08:00,0.0
01/06/2023 08:30,0.0
01/06/2023 09:00,0.0
01/06/2023 09:30,0.0
01/06/2023 10:00,0.0
01/06/2023 10:30,0.0
01/06/2023 11:00,0.0
01/06/2023 11:30,0.0
01/06/2023 12:00,0.0
01/06/2023 12:30,0.0
01/06/2023 13:00,0.0
01/06/2023 13:30,0.0
01/06/2023 14:00,0.0
01/06/2023 14:30,0.0
01/06/2023 15:00,0.0
01/06/2023 15:30,0.0
01/06/2023 16:00,0.0
01/06/2023 16:30,0.0
01/06/2023 17:00,0.0
01/06/2023 17:30,0.0
01/06/2023 18:00,0.0
01/06/2023 18:30,0.0
01/06/2023 19:00,0.0
01/06/2023 19:30,0.0
01/06/2023 20:00,0.0
01/06/2023 20:30,0.0
01/06/2023 21:00,0.0
01/06/2023 21:30,0.0
01/06/2023 22:00,0.0
01/06/2023 22:30,0.0
01/06/2023 23:00,0.0
01/06/2023 23:30,0.0
01/07/2023 00:00,0.0
01/07/2023 00:30,0.0
01/07/2023 01:00,0.0
01/07/2023 01:30,0.0
01/07/2023 02:00,0.0
01/07/2023 02:30,0.0
01/07/2023 03:00,0.0
01/07/2023 03:30,0.0
01/07/2023 04:00,0.0
01/07/2023 04:30,0.0
01/07/2023 05:00,0.0
01/07/2023 05:30,0.0
01/07/2023 06:00,0.0
01/07/2023 06:30,0.0
01/07/2023 07:00,0.0
01/07/2023 07:30,0.0
01/07/2023 08:00,0.0
01/07/2023 08:30,0.0
01/07/2023 09:00,0.0
01/07/2023 09:30,0.0
01/07/2023 10:00,0.0
01/07/2023 10:30,0.0
01/07/2023 11:00,0.0
01/07/2023 11:30,0.0
01/07/2023 12:00,0.0
01/07/2023 12:30,0.0
01/07/2023 13:00,0.0
01/07/2023 13:30,0.0
01/07/2023 14:00,0.0
01/07/2023 14:30,0.0
01/07/2023 15:00,0.0
01/07/2023 15:30,0.0
01/07/2023 16:00,0.0
01/07/2023 16:30,0.0
01/07/2023 17:00,0.0
01/07/2023 17:30,0.0
01/07/2023 18:00,0.0
01/07/2023 18:30,0.0
01/07/2023 19:00,0.0
01/07/2023 19:30,0.0
01/07/2023 20:00,0.0
01/07/2023 20:30,0.0
01/07/2023 21:00,0.0
01/07/2023 21:30,0.0
01/07/2023 22:00,0.0
01/07/2023 22:30,0.0
01/07/2023 23:00,0.0
01/07/2023 23:30,0.0
01/08/2023 00:00,0.0
01/08/2023 00:30,0.0
01/08/2023 01:00,0.0
01/08/2023 01:30,0.0
01/08/2023 02:00,0.0
01/08/2023 02:30,0.0
01/08/2023 03:00,0.0
01/08/2023 03:30,0.0
01/08/2023 04:00,0.0
01/08/2023 04:30,0.0
01/08/2023 05:00,0.0
01/08/2023 05:30,0.0
01/08/2023 06:00,0.0
01/08/2023 06:30,0.0
01/08/2023 07:00,0.0
01/08/2023 07:30,0.0
01/08/2023 08:00,0.0
01/08/2023 08:30,0.0
01/08/2023 09:00,0.0
01/08/2023 09:30,0.0
01/08/2023 10:00,0.0
01/08/2023 10:30,0.0
01/08/2023 11:00,0.0
01/08/2023 11:30,0.0
01/08/2023 12:00,0.0
01/08/2023 12:30,0.0
01/08/2023 13:00,0.0
01/08/2023 13:30,0.0
01/08/2023 14:00,0.0
01/08/2023 14:30,0.0
01/08/2023 15:00,0.0
01/08/2023 15:30,0.0
01/08/2023 16:00,0.0
01/08/2023 16:30,0.0
01/08/2023 17:00,0.0
01/08/2023 17:30,0.0
01/08/2023 18:00,0.0
01/08/2023 18:30,0.0
01/08/2023 19:00,0.0
01/08/2023 19:30,0.0
01/08/2023 20:00,0.0
01/08/2023 20:30,0.0
01/08/2023 21:00,0.0
01/08/2023 21:30,0.0
01/08/2023 22:00,0.0
01/08/2023 22:30,0.0
01/08/2023 23:00,0.0
01/08/2023 23:30,0.0
01/09/2023 00:00,0.0
01/09/2023 00:30,0.0
01/09/2023 01:00,0.0
01/09/2023 01:30,0.0
01/09/2023 02:00,0.0
01/09/2023 02:30,0.0
01/09/2023 03:00,0.0
01/09/2023 03:30,0.0
01/09/2023 04:00,0.0
01/09/2023 04:30,0.0
01/09/2023 05:00,0.0
01/09/2023 05:30,0.0
01/09/2023 06:00,0.0
01/09/2023 06:30,0.0
01/09/2023 07:00,0.0
01/09/2023 07:30,0.0
01/09/2023 08:00,0.0
01/09/2023 08:30,0.0
01/09/2023 09:00,0.0
01/09/2023 09:30,0.0
01/09/2023 10:00,0.0
01/09/2023 10:30,0.0
01/09/2023 11:00,0.0
01/09/2023 11:30,0.0
01/09/2023 12:00,0.0
01/09/2023 12:30,0.0
01/09/2023 13:00,0.0
01/09/2023 13:30,0.0
01/09/2023 14:00,0.0
01/09/2023 14:30,0.0
01/09/2023 15:00,0.0
01/09/2023 15:30,0.0
01/09/2023 16:00,0.0
01/09/2023 16:30,0.0
01/09/2023 17:00,0.0
01/09/2023 17:30,0.0
01/09/2023 18:00,0.0
01/09/2023 18:30,0.0
01/09/2023 19:00,0.0
01/09/2023 19:30,0.0
01/09/2023 20:00,0.0
01/09/2023 20:30,0.0
01/09/2023 21:00,0.0
01/09/2023 21:30,0.0
01/09/2023 22:00,0.0
01/09/2023 22:30,0.0
01/09/2023 23:00,0.0
01/09/2023 23:30,0.0
01/10/2023 00:00,0.0
01/10/2023 00:30,0.0
01/10/2023 01:00,0.0
01/10/2023 01:30,0.0
01/10/2023 02:00,0.0
01/10/2023 02:30,0.0
01/10/2023 03:00,0.0
01/10/2023 03:30,0.0
01/10/2023 04:00,0.0
01/10/2023 04:30,0.0
01/10/2023 05:00,0.0
01/10/2023 05:30,0.0
01/10/2023 06:00,0.0
01/10/2023 06:30,0.0
01/10/2023 07:00,0.0
01/10/2023 07:30,0.0
01/10/2023 08:00,0.0
01/10/2023 08:30,0.0
01/10/2023 09:00,0.0
01/10/2023 09:30,0.0
01/10/2023 10:00,0.0
01/10/2023 10:30,0.0
01/10/2023 11:00,0.0
01/10/2023 11:30,0.0
01/10/2023 12:00,0.0
01/10/2023 12:30,0.0
01/10/2023 13:00,0.0
01/10/2023 13:30,0.0
01/10/2023 14:00,0.0
01/10/2023 14:30,0.0
01/10/2023 15:00,0.0
01/10/2023 15:30,0.0
01/10/2023 16:00,0.0
01/10/2023 16:30,0.0
01/10/2023 17:00,0.0
01/10/2023 17:30,0.0
01/10/2023 18:00,0.0
01/10/2023 18:30,0.0
01/10/2023 19:00,0.0
01/10/2023 19:30,0.0
01/10/2023 20:00,0.0
01/10/2023 20:30,0.0
01/10/2023 21:00,0.0
01/10/2023 21:30,0.0
01/10/2023 22:00,0.0
01/10/2023 22:30,0.0
01/10/2023 23:00,0.0
01/10/2023 23:30,0.0
01/11/2023 00:00,0.0
01/11/2023 00:30,0.0
01/11/2023 01:00,0.0
01/11/2023 01:30,0.0
01/11/2023 02:00,0.0
01/11/2023 02:30,0.0
01/11/2023 03:00,0.0
01/11/2023 03:30,0.0
01/11/2023 04:00,0.0
01/11/2023 04:30,0.0
01/11/2023 05:00,0.0
01/11/2023 05:30,0.0
01/11/2023 06:00,0.0
01/11/2023 06:30,0.0
01/11/2023 07:00,0.0
01/11/2023 07:30,0.0
01/11/2023 08:00,0.0
01/11/2023 08:30,0.0
01/11/2023 09:00,0.0
01/11/2023 09:30,0.0
01/11/2023 10:00,0.0
01/11/2023 10:30,0.0
01/11/2023 11:00,0.0
01/11/2023 11:30,0.0
01/11/2023 12:00,0.0
01/11/2023 12:30,0.0
01/11/2023 13:00,0.0
01/11/2023 13:30,0.0
01/11/2023 14:00,0.0
01/11/2023 14:30,0.0
01/11/2023 15:00,0.0
01/11/2023 15:30,0.0
01/11/2023 16:00,0.0
01/11/2023 16:30,0.0
01/11/2023 17:00,0.0
01/11/2023 17:30,0.0
01/11/2023 18:00,0.0
01/11/2023 18:30,0.0
01/11/2023 19:00,0.0
01/11/2023 19:30,0.0
01/11/2023 20:00,0.0
01/11/2023 20:30,0.0
01/11/2023 21:00,0.0
01/11/2023 21:30,0.0
01/11/2023 22:00,0.0
01/11/2023 22:30,0.0
01/11/2023 23:00,0.0
01/11/2023 23:30,0.0
01/12/2023 00:00,0.0
01/12/2023 00:30,0.0
01/12/2023 01:00,0.0
01/12/2023 01:30,0.0
01/12/2023 02:00,0.0
01/12/2023 02:30,0.0
01/12/2023 03:00,0.0
01/12/2023 03:30,0.0
01/12/2023 04:00,0.0
01/12/2023 04:30,0.0
01/12/2023 05:00,0.0
01/12/2023 05:30,0.0
01/12/2023 06:00,0.0
01/12/2023 06:30,0.0
01/12/2023 07:00,0.0
01/12/2023 07:30,0.0
01/12/2023 08:00,0.0
01/12/2023 08:30,0.0
01/12/2023 09:00,0.0
01/12/2023 09:30,0.0
01/12/2023 10:00,0.0
01/12/2023 10:30,0.0
01/12/2023 11:00,0.0
01/12/2023 11:30,0.0
01/12/2023 12:00,0.0
01/12/2023 12:30,0.0
01/12/2023 13:00,0.0
01/12/2023 13:30,0.0
01/12/2023 14:00,0.0
01/12/2023 14:30,0.0
01/12/2023 15:00,0.0
01/12/2023 15:30,0.0
01/12/2023 16:00,0.0
01/12/2023 16:30,0.0
01/12/2023 17:00,0.0
01/12/2023 17:30,0.0
01/12/2023 18:00,0.0
01/12/2023 18:30,0.0
01/12/2023 19:00,0.0
01/12/2023 19:30,0.0
01/12/2023 20:00,0.0
01/12/2023 20:30,0.0
01/12/2023 21:00,0.0
01/12/2023 21:30,0.0
01/12/2023 22:00,0.0
01/12/2023 22:30,0.0
01/12/2023 23:00,0.0
01/12/2023 23:30,0.0
01/13/2023 00:00,0.0
01/13/2023 00:30,0.0
01/13/2023 01:00,0.0
01/13/2023 01:30,0.0
01/13/2023 02:00,0.0
01/13/2023 02:30,0.0
01/13/2023 03:00,0.0
01/13/2023 03:30,0.0
01/13/2023 04:00,0.0
01/13/2023 04:30,0.0
01/13/2023 05:00,0.0
01/13/2023 05:30,0.0
01/13/2023 06:00,0.0
01/13/2023 06:30,0.0
01/13/2023 07:00,0.0
01/13/2023 07:30,0.0
01/13/2023 08:00,0.0
01/13/2023 08:30,0.0
01/13/2023 09:00,0.0
01/13/2023 09:30,0.0
01/13/2023 10:00,0.0
01/13/2023 10:30,0.0
01/13/2023 11:00,0.0
01/13/2023 11:30,0.0
01/13/2023 12:00,0.0
01/13/2023 12:30,0.0
01/13/2023 13:00,0.0
01/13/2023 13:30,0.0
01/13/2023 14:00,0.0
01/13/2023 14:30,0.0
01/13/2023 15:00,0.0
01/13/2023 15:30,0.0
01/13/2023 16:00,0.0
01/13/2023 16:30,0.0
01/13/2023 17:00,0.0
01/13/2023 17:30,0.0
01/13/2023 18:00,0.0
01/13/2023 18:30,0.0
01/13/2023 19:00,0.0
01/13/2023 19:30,0.0
01/13/2023 20:00,0.0
01/13/2023 20:30,0.0
01/13/2023 21:00,0.0
01/13/2023 21:30,0.0
01/13/2023 22:00,0.0
01/13/2023 22:30,0.0
01/13/2023 23:00,0.0
01/13/2023 23:30,0.0
01/14/2023 00:00,0.0
01/14/2023 00:30,0.0
01/14/2023 01:00,0.0
01/14/2023 01:30,0.0
01/14/2023 02:00,0.0
01/14/2023 02:30,0.0
01/14/2023 03:00,0.0
01/14/2023 03:30,0.0
01/14/2023 04:00,0.0
01/14/2023 04:30,0.0
01/14/2023 05:00,0.0
01/14/2023 05:30,0.0
01/14/2023 06:00,0.0
01/14/2023 06:30,0.0
01/14/2023 07:00,0.0
01/14/2023 07:30,0.0
01/14/2023 08:00,0.0
01/14/2023 08:30,0.0
01/14/2023 09:00,0.0
01/14/2023 09:30,0.0
01/14/2023 10:00,0.0
01/14/2023 10:30,0.0
01/14/2023 11:00,0.0
01/14/2023 11:30,0.0
01/14/2023 12:00,0.0
01/14/2023 12:30,0.0
01/14/2023 13:00,0.0
01/14/2023 13:30,0.0
01/14/2023 14:00,0.0
01/14/2023 14:30,0.0
01/14/2023 15:00,0.0
01/14/2023 15:30,0.0
01/14/2023 16:00,0.0
01/14/2023 16:30,0.0
01/14/2023 17:00,0.0
01/14/2023 17:30,0.0
01/14/2023 18:00,0.0
01/14/2023 18:30,0.0
01/14/2023 19:00,0.0
01/14/2023 19:30,0.0
01/14/2023 20:00,0.0
01/14/2023 20:30,0.0
01/14/2023 21:00,0.0
01/14/2023 21:30,0.0
01/14/2023 22:00,0.0
01/14/2023 22:30,0.0
01/14/2023 23:00,0.0
01/14/2023 23:30,0.0
01/15/2023 00:00,0.0
01/15/2023 00:30,0.0
01/15/2023 01:00,0.0
01/15/2023 01:30,0.0
01/15/2023 02:00,0.0
01/15/2023 02:30,0.0
01/15/2023 03:00,0.0
01/15/2023 03:30,0.0
01/15/2023 04:00,0.0
01/15/2023 04:30,0.0
01/15/2023 05:00,0.0
01/15/2023 05:30,0.0
01/15/2023 06:00,0.0
01/15/2023 06:30,0.0
01/15/2023 07:00,0.0
01/15/2023 07:30,0.0
01/15/2023 08:00,0.0
01/15/2023 08:30,0.0
01/15/2023 09:00,0.0
01/15/2023 09:30,0.0
01/15/2023 10:00,0.0
01/15/2023 10:30,0.0
01/15/2023 11:00,0.0
01/15/2023 11:30,0.0
01/15/2023 12:00,0.0
01/15/2023 12:30,0.0
01/15/2023 13:00,0.0
01/15/2023 13:30,0.0
01/15/2023 14:00,0.0
01/15/2023 14:30,0.0
01/15/2023 15:00,0.0
01/15/2023 15:30,0.0
01/15/2023 16:00,0.0
01/15/2023 16:30,0.0
01/15/2023 17:00,0.0
01/15/2023 17:30,0.0
01/15/2023 18:00,0.0
01/15/2023 18:30,0.0
01/15/2023 19:00,0.0
01/15/2023 19:30,0.0
01/15/2023 20:00,0.0
01/15/2023 20:30,0.0
01/15/2023 21:00,0.0
01/15/2023 21:30,0.0
01/15/2023 22:00,0.0
01/15/2023 22:30,0.0
01/15/2023 23:00,0.0
01/15/2023 23:30,0.0
01/16/2023 00:00,0.0
01/16/2023 00:30,0.0
01/16/2023 01:00,0.0
01/16/2023 01:30,0.0
01/16/2023 02:00,0.0
01/16/2023 02:30,0.0
01/16/2023 03:00,0.0
01/16/2023 03:30,0.0
01/16/2023 04:00,0.0
01/16/2023 04:30,0.0
01/16/2023 05:00,0.0
01/16/2023 05:30,0.0
01/16/2023 06:00,0.0
01/16/2023 06:30,0.0
01/16/2023 07:00,0.0
01/16/2023 07:30,0.0
01/16/2023 08:00,0.0
01/16/2023 08:30,0.0
01/16/2023 09:00,0.0
01/16/2023 09:30,0.0
01/16/2023 10:00,0.0
01/16/2023 10:30,0.0
01/16/2023 11:00,0.0
01/16/2023 11:30,0.0
01/16/2023 12:00,0.0
01/16/2023 12:30,0.0
01/16/2023 13:00,0.0
01/16/2023 13:30,0.0
01/16/2023 14:00,0.0
01/16/2023 14:30,0.0
01/16/2023 15:00,0.0
01/16/2023 15:30,0.0
01/16/2023 16:00,0.0
01/16/2023 16:30,0.0
01/16/2023 17:00,0.0
01/16/2023 17:30,0.0
01/16/2023 18:00,0.0
01/16/2023 18:30,0.0
01/16/2023 19:00,0.0
01/16/2023 19:30,0.0
01/16/2023 20:00,0.0
01/16/2023 20:30,0.0
01/16/2023 21:00,0.0
01/16/2023 21:30,0.0
01/16/2023 22:00,0.0
01/16/2023 22:30,0.0
01/16/2023 23:00,0.0
01/16/2023 23:30,0.0
01/17/2023 00:00,0.0
01/17/2023 00:30,0.0
01/17/2023 01:00,0.0
01/17/2023 01:30,0.0
01/17/2023 02:00,0.0
01/17/2023 02:30,0.0
01/17/2023 03:00,0.0
01/17/2023 03:30,0.0
01/17/2023 04:00,0.0
01/17/2023 04:30,0.0
01/17/2023 05:00,0.0
01/17/2023 05:30,0.0
01/17/2023 06:00,0.0
01/17/2023 06:30,0.0
01/17/2023 07:00,0.0
01/17/2023 07:30,0.0
01/17/2023 08:00,0.0
01/17/2023 08:30,0.0
01/17/2023 09:00,0.0
01/17/2023 09:30,0.0
01/17/2023 10:00,0.0
01/17/2023 10:30,0.0
01/17/2023 11:00,0.0
01/17/2023 11:30,0.0
01/17/2023 12:00,0.0
01/17/2023 12:30,0.0
01/17/2023 13:00,0.0
01/17/2023 13:30,0.0
01/17/2023 14:00,0.0
01/17/2023 14:30,0.0
01/17/2023 15:00,0.0
01/17/2023 15:30,0.0
01/17/2023 16:00,0.0
01/17/2023 16:30,0.0
01/17/2023 17:00,0.0
01/17/2023 17:30,0.0
01/17/2023 18:00,0.0
01/17/2023 18:30,0.0
01/17/2023 19:00,0.0
01/17/2023 19:30,0.0
01/17/2023 20:00,0.0
01/17/2023 20:30,0.0
01/17/2023 21:00,0.0
01/17/2023 21:30,0.0
01/17/2023 22:00,0.0
01/17/2023 22:30,0.0
01/17/2023 23:00,0.0
01/17/2023 23:30,0.0
01/18/2023 00:00,0.0
01/18/2023 00:30,0.0
01/18/2023 01:00,0.0
01/18/2023 01:30,0.0
01/18/2023 02:00,0.0
01/18/2023 02:30,0.0
01/18/2023 03:00,0.0
01/18/2023 03:30,0.0
01/18/2023 04:00,0.0
01/18/2023 04:30,0.0
01/18/2023 05:00,0.0
01/18/2023 05:30,0.0
01/18/2023 06:00,0.0
01/18/2023 06:30,0.0
01/18/2023 07:00,0.0
01/18/2023 07:30,0.0
01/18/2023 08:00,0.0
01/18/2023 08:30,0.0
01/18/2023 09:00,0.0
01/18/2023 09:30,0.0
01/18/2023 10:00,0.0
01/18/2023 10:30,0.0
01/18/2023 11:00,0.0
01/18/2023 11:30,0.0
01/18/2023 12:00,0.0
01/18/2023 12:30,0.0
01/18/2023 13:00,0.0
01/18/2023 13:30,0.0
01/18/2023 14:00,0.0
01/18/2023 14:30,0.0
01/18/2023 15:00,0.0
01/18/2023 15:30,0.0
01/18/2023 16:00,0.0
01/18/2023 16:30,0.0
01/18/2023 17:00,0.0
01/18/2023 17:30,0.0
01/18/2023 18:00,0.0
01/18/2023 18:30,0.0
01/18/2023 19:00,0.0
01/18/2023 19:30,0.0
01/18/2023 20:00,0.0
01/18/2023 20:30,0.0
01/18/2023 21:00,0.0
01/18/2023 21:30,0.0
01/18/2023 22:00,0.0
01/18/2023 22:30,0.0
01/18/2023 23:00,0.0
01/18/2023 23:30,0.0
01/19/2023 00:00,0.0
01/19/2023 00:30,0.0
01/19/2023 01:00,0.0
01/19/2023 01:30,0.0
01/19/2023 02:00,0.0
01/19/2023 02:30,0.0
01/19/2023 03:00,0.0
01/19/2023 03:30,0.0
01/19/2023 04:00,0.0
01/19/2023 04:30,0.0
01/19/2023 05:00,0.0
01/19/2023 05:30,0.0
01/19/2023 06:00,0.0
01/19/2023 06:30,0.0
01/19/2023 07:00,0.0
01/19/2023 07:30,0.0
01/19/2023 08:00,0.0
01/19/2023 08:30,0.0
01/19/2023 09:00,0.0
01/19/2023 09:30,0.0
01/19/2023 10:00,0.0
01/19/2023 10:30,0.0
01/19/2023 11:00,0.0
01/19/2023 11:30,0.0
01/19/2023 12:00,0.0
01/19/2023 12:30,0.0
01/19/2023 13:00,0.0
01/19/2023 13:30,0.0
01/19/2023 14:00,0.0
01/19/2023 14:30,0.0
01/19/2023 15:00,0.0
01/19/2023 15:30,0.0
01/19/2023 16:00,0.0
01/19/2023 16:30,0.0
01/19/2023 17:00,0.0
01/19/2023 17:30,0.0
01/19/2023 18:00,0.0
01/19/2023 18:30,0.0
01/19/2023 19:00,0.0
01/19/2023 19:30,0.0
01/19/2023 20:00,0.0
01/19/2023 20:30,0.0
01/19/2023 21:00,0.0
01/19/2023 21:30,0.0
01/19/2023 22:00,0.0
01/19/2023 22:30,0.0
01/19/2023 23:00,0.0
01/19/2023 23:30,0.0
01/20/2023 00:00,0.0
01/20/2023 00:30,0.0
01/20/2023 01:00,0.0
01/20/2023 01:30,0.0
01/20/2023 02:00,0.0
01/20/2023 02:30,0.0
01/20/2023 03:00,0.0
01/20/2023 03:30,0.0
01/20/2023 04:00,0.0
01/20/2023 04:30,0.0
01/20/2023 05:00,0.0
01/20/2023 05:30,0.0
01/20/2023 06:00,0.0
01/20/2023 06:30,0.0
01/20/2023 07:00,0.0
01/20/2023 07:30,0.0
01/20/2023 08:00,0.0
01/20/2023 08:30,0.0
01/20/2023 09:00,0.0
01/20/2023 09:30,0.0
01/20/2023 10:00,0.0
01/20/2023 10:30,0.0
01/20/2023 11:00,0.0
01/20/2023 11:30,0.0
01/20/2023 12:00,0.0
01/20/2023 12:30,0.0
01/20/2023 13:00,0.0
01/20/2023 13:30,0.0
01/20/2023 14:00,0.0
01/20/2023 14:30,0.0
01/20/2023 15:00,0.0
01/20/2023 15:30,0.0
01/20/2023 16:00,0.0
01/20/2023 16:30,0.0
01/20/2023 17:00,0.0
01/20/2023 17:30,0.0
01/20/2023 18:00,0.0
01/20/2023 18:30,0.0
01/20/2023 19:00,0.0
01/20/2023 19:30,0.0
01/20/2023 20:00,0.0
01/20/2023 20:30,0.0
01/20/2023 21:00,0.0
01/20/2023 21:30,0.0
01/20/2023 22:00,0.0
01/20/2023 22:30,0.0
01/20/2023 23:00,0.0
01/20/2023 23:30,0.0
01/21/2023 00:00,0.0
01/21/2023 00:30,0.0
01/21/2023 01:00,0.0
01/21/2023 01:30,0.0
01/21/2023 02:00,0.0
01/21/2023 02:30,0.0
01/21/2023 03:00,0.0
01/21/2023 03:30,0.0
01/21/2023 04:00,0.0
01/21/2023 04:30,0.0
01/21/2023 05:00,0.0
01/21/2023 05:30,0.0
01/21/2023 06:00,0.0
01/21/2023 06:30,0.0
01/21/2023 07:00,0.0
01/21/2023 07:30,0.0
01/21/2023 08:00,0.0
01/21/2023 08:30,0.0
01/21/2023 09:00,0.0
01/21/2023 09:30,0.0
01/21/2023 10:00,0.0
01/21/2023 10:30,0.0
01/21/2023 11:00,0.0
01/21/2023 11:30,0.0
01/21/2023 12:00,0.0
01/21/2023 12:30,0.0
01/21/2023 13:00,0.0
01/21/2023 13:30,0.0
01/21/2023 14:00,0.0
01/21/2023 14:30,0.0
01/21/2023 15:00,0.0
01/21/2023 15:30,0.0
01/21/2023 16:00,0.0
01/21/2023 16:30,0.0
01/21/2023 17:00,0.0
01/21/2023 17:30,0.0
01/21/2023 18:00,0.0
01/21/2023 18:30,0.0
01/21/2023 19:00,0.0
01/21/2023 19:30,0.0
01/21/2023 20:00,0.0
01/21/2023 20:30,0.0
01/21/2023 21:00,0.0
01/21/2023 21:30,0.0
01/21/2023 22:00,0.0
01/21/2023 22:30,0.0
01/21/2023 23:00,0.0
01/21/2023 23:30,0.0
01/22/2023 00:00,0.0
01/22/2023 00:30,0.0
01/22/2023 01:00,0.0
01/22/2023 01:30,0.0
01/22/2023 02:00,0.0
01/22/2023 02:30,0.0
01/22/2023 03:00,0.0
01/22/2023 03:30,0.0
01/22/2023 04:00,0.0
01/22/2023 04:30,0.0
01/22/2023 05:00,0.0
01/22/2023 05:30,0.0
01/22/2023 06:00,0.0
01/22/2023 06:30,0.0
01/22/2023 07:00,0.0
01/22/2023 07:30,0.0
01/22/2023 08:00,0.0
01/22/2023 08:30,0.0
01/22/2023 09:00,0.0
01/22/2023 09:30,0.0
01/22/2023 10:00,0.0
01/22/2023 10:30,0.0
01/22/2023 11:00,0.0
01/22/2023 11:30,0.0
01/22/2023 12:00,0.0
01/22/2023 12:30,0.0
01/22/2023 13:00,0.0
01/22/2023 13:30,0.0
01/22/2023 14:00,0.0
01/22/2023 14:30,0.0
01/22/2023 15:00,0.0
01/22/2023 15:30,0.0
01/22/2023 16:00,0.0
01/22/2023 16:30,0.0
01/22/2023 17:00,0.0
01/22/2023 17:30,0.0
01/22/2023 18:00,0.0
01/22/2023 18:30,0.0
01/22/2023 19:00,0.0
01/22/2023 19:30,0.0
01/22/2023 20:00,0.0
01/22/2023 20:30,0.0
01/22/2023 21:00,0.0
01/22/2023 21:30,0.0
01/22/2023 22:00,0.0
01/22/2023 22:30,0.0
01/22/2023 23:00,0.0
01/22/2023 23:30,0.0
01/23/2023 00:00,0.0
01/23/2023 00:30,0.0
01/23/2023 01:00,0.0
01/23/2023 01:30,0.0
01/23/2023 02:00,0.0
01/23/2023 02:30,0.0
01/23/2023 03:00,0.0
01/23/2023 03:30,0.0
01/23/2023 04:00,0.0
01/23/2023 04:30,0.0
01/23/2023 05:00,0.0
01/23/2023 05:30,0.0
01/23/2023 06:00,0.0
01/23/2023 06:30,0.0
01/23/2023 07:00,0.0
01/23/2023 07:30,0.0
01/23/2023 08:00,0.0
01/23/2023 08:30,0.0
01/23/2023 09:00,0.0
01/23/2023 09:30,0.0
01/23/2023 10:00,0.0
01/23/2023 10:30,0.0
01/23/2023 11:00,0.0
01/23/2023 11:30,0.0
01/23/2023 12:00,0.0
01/23/2023 12:30,0.0
01/23/2023 13:00,0.0
01/23/2023 13:30,0.0
01/23/2023 14:00,0.0
01/23/2023 14:30,0.0
01/23/2023 15:00,0.0
01/23/2023 15:30,0.0
01/23/2023 16:00,0.0
01/23/2023 16:30,0.0
01/23/2023 17:00,0.0
01/23/2023 17:30,0.0
01/23/2023 18:00,0.0
01/23/2023 18:30,0.0
01/23/2023 19:00,0.0
01/23/2023 19:30,0.0
01/23/2023 20:00,0.0
01/23/2023 20:30,0.0
01/23/2023 21:00,0.0
01/23/2023 21:30,0.0
01/23/2023 22:00,0.0
01/23/2023 22:30,0.0
01/23/2023 23:00,0.0
01/23/2023 23:30,0.0
01/24/2023 00:00,0.0
01/24/2023 00:30,0.0
01/24/2023 01:00,0.0
01/24/2023 01:30,0.0
01/24/2023 02:00,0.0
01/24/2023 02:30,0.0
01/24/2023 03:00,0.0
01/24/2023 03:30,0.0
01/24/2023 04:00,0.0
01/24/2023 04:30,0.0
01/24/2023 05:00,0.0
01/24/2023 05:30,0.0
01/24/2023 06:00,0.0
01/24/2023 06:30,0.0
01/24/2023 07:00,0.0
01/24/2023 07:30,0.0
01/24/2023 08:00,0.0
01/24/2023 08:30,0.0
01/24/2023 09:00,0.0
01/24/2023 09:30,0.0
01/24/2023 10:00,0.0
01/24/2023 10:30,0.0
01/24/2023 11:00,0.0
01/24/2023 11:30,0.0
01/24/2023 12:00,0.0
01/24/2023 12:30,0.0
01/24/2023 13:00,0.0
01/24/2023 13:30,0.0
01/24/2023 14:00,0.0
01/24/2023 14:30,0.0
01/24/2023 15:00,0.0
01/24/2023 15:30,0.0
01/24/2023 16:00,0.0
01/24/2023 16:30,0.0
01/24/2023 17:00,0.0
01/24/2023 17:30,0.0
01/24/2023 18:00,0.0
01/24/2023 18:30,0.0
01/24/2023 19:00,0.0
01/24/2023 19:30,0.0
01/24/2023 20:00,0.0
01/24/2023 20:30,0.0
01/24/2023 21:00,0.0
01/24/2023 21:30,0.0
01/24/2023 22:00,0.0
01/24/2023 22:30,0.0
01/24/2023 23:00,0.0
01/24/2023 23:30,0.0
01/25/2023 00:00,0.0
01/25/2023 00:30,0.0
01/25/2023 01:00,0.0
01/25/2023 01:30,0.0
01/25/2023 02:00,0.0
01/25/2023 02:30,0.0
01/25/2023 03:00,0.0
01/25/2023 03:30,0.0
01/25/2023 04:00,0.0
01/25/2023 04:30,0.0
01/25/2023 05:00,0.0
01/25/2023 05:30,0.0
01/25/2023 06:00,0.0
01/25/2023 06:30,0.0
01/25/2023 07:00,0.0
01/25/2023 07:30,0.0
01/25/2023 08:00,0.0
01/25/2023 08:30,0.0
01/25/2023 09:00,0.0
01/25/2023 09:30,0.0
01/25/2023 10:00,0.0
01/25/2023 10:30,0.0
01/25/2023 11:00,0.0
01/25/2023 11:30,0.0
01/25/2023 12:00,0.0
01/25/2023 12:30,0.0
01/25/2023 13:00,0.0
01/25/2023 13:30,0.0
01/25/2023 14:00,0.0
01/25/2023 14:30,0.0
01/25/2023 15:00,0.0
01/25/2023 15:30,0.0
01/25/2023 16:00,0.0
01/25/2023 16:30,0.0
01/25/2023 17:00,0.0
01/25/2023 17:30,0.0
01/25/2023 18:00,0.0
01/25/2023 18:30,0.0
01/25/2023 19:00,0.0
01/25/2023 19:30,0.0
01/25/2023 20:00,0.0
01/25/2023 20:30,0.0
01/25/2023 21:00,0.0
01/25/2023 21:30,0.0
01/25/2023 22:00,0.0
01/25/2023 22:30,0.0
01/25/2023 23:00,0.0
01/25/2023 23:30,0.0
01/26/2023 00:00,0.0
01/26/2023 00:30,0.0
01/26/2023 01:00,0.0
01/26/2023 01:30,0.0
01/26/2023 02:00,0.0
01/26/2023 02:30,0.0
01/26/2023 03:00,0.0
01/26/2023 03:30,0.0
01/26/2023 04:00,0.0
01/26/2023 04:30,0.0
01/26/2023 05:00,0.0
01/26/2023 05:30,0.0
01/26/2023 06:00,0.0
01/26/2023 06:30,0.0
01/26/2023 07:00,0.0
01/26/2023 07:30,0.0
01/26/2023 08:00,0.0
01/26/2023 08:30,0.0
01/26/2023 09:00,0.0
01/26/2023 09:30,0.0
01/26/2023 10:00,0.0
01/26/2023 10:30,0.0
01/26/2023 11:00,0.0
01/26/2023 11:30,0.0
01/26/2023 12:00,0.0
01/26/2023 12:30,0.0
01/26/2023 13:00,0.0
01/26/2023 13:30,0.0
01/26/2023 14:00,0.0
01/26/2023 14:30,0.0
01/26/2023 15:00,0.0
01/26/2023 15:30,0.0
01/26/2023 16:00,0.0
01/26/2023 16:30,0.0
01/26/2023 17:00,0.0
01/26/2023 17:30,0.0
01/26/2023 18:00,0.0
01/26/2023 18:30,0.0
01/26/2023 19:00,0.0
01/26/2023 19:30,0.0
01/26/2023 20:00,0.0
01/26/2023 20:30,0.0
01/26/2023 21:00,0.0
01/26/2023 21:30,0.0
01/26/2023 22:00,0.0
01/26/2023 22:30,0.0
01/26/2023 23:00,0.0
01/26/2023 23:30,0.0
01/27/2023 00:00,0.0
01/27/2023 00:30,0.0
01/27/2023 01:00,0.0
01/27/2023 01:30,0.0
01/27/2023 02:00,0.0
01/27/2023 02:30,0.0
01/27/2023 03:00,0.0
01/27/2023 03:30,0.0
01/27/2023 04:00,0.0
01/27/2023 04:30,0.0
01/27/2023 05:00,0.0
01/27/2023 05:30,0.0
01/27/2023 06:00,0.0
01/27/2023 06:30,0.0
01/27/2023 07:00,0.0
01/27/2023 07:30,0.0
01/27/2023 08:00,0.0
01/27/2023 08:30,0.0
01/27/2023 09:00,0.0
01/27/2023 09:30,0.0
01/27/2023 10:00,0.0
01/27/2023 10:30,0.0
01/27/2023 11:00,0.0
01/27/2023 11:30,0.0
01/27/2023 12:00,0.0
01/27/2023 12:30,0.0
01/27/2023 13:00,0.0
01/27/2023 13:30,0.0
01/27/2023 14:00,0.0
01/27/2023 14:30,0.0
01/27/2023 15:00,0.0
01/27/2023 15:30,0.0
01/27/2023 16:00,0.0
01/27/2023 16:30,0.0
01/27/2023 17:00,0.0
01/27/2023 17:30,0.0
01/27/2023 18:00,0.0
01/27/2023 18:30,0.0
01/27/2023 19:00,0.0
01/27/2023 19:30,0.0
01/27/2023 20:00,0.0
01/27/2023 20:30,0.0
01/27/2023 21:00,0.0
01/27/2023 21:30,0.0
01/27/2023 22:00,0.0
01/27/2023 22:30,0.0
01/27/2023 23:00,0.0
01/27/2023 23:30,0.0
01/28/2023 00:00,0.0
01/28/2023 00:30,0.0
01/28/2023 01:00,0.0
01/28/2023 01:30,0.0
01/28/2023 02:00,0.0
01/28/2023 02:30,0.0
01/28/2023 03:00,0.0
01/28/2023 03:30,0.0
01/28/2023 04:00,0.0
01/28/2023 04:30,0.0
01/28/2023 05:00,0.0
01/28/2023 05:30,0.0
01/28/2023 06:00,0.0
01/28/2023 06:30,0.0
01/28/2023 07:00,0.0
01/28/2023 07:30,0.0
01/28/2023 08:00,0.0
01/28/2023 08:30,0.0
01/28/2023 09:00,0.0
01/28/2023 09:30,0.0
01/28/2023 10:00,0.0
01/28/2023 10:30,0.0
01/28/2023 11:00,0.0
01/28/2023 11:30,0.0
01/28/2023 12:00,0.0
01/28/2023 12:30,0.0
01/28/2023 13:00,0.0
01/28/2023 13:30,0.0
01/28/2023 14:00,0.0
01/28/2023 14:30,0.0
01/28/2023 15:00,0.0
01/28/2023 15:30,0.0
01/28/2023 16:00,0.0
01/28/2023 16:30,0.0
01/28/2023 17:00,0.0
01/28/2023 17:30,0.0
01/28/2023 18:00,0.0
01/28/2023 18:30,0.0
01/28/2023 19:00,0.0
01/28/2023 19:30,0.0
01/28/2023 20:00,0.0
01/28/2023 20:30,0.0
01/28/2023 21:00,0.0
01/28/2023 21:30,0.0
01/28/2023 22:00,0.0
01/28/2023 22:30,0.0
01/28/2023 23:00,0.0
01/28/2023 23:30,0.0
01/29/2023 00:00,0.0
01/29/2023 00:30,0.0
01/29/2023 01:00,0.0
01/29/2023 01:30,0.0
01/29/2023 02:00,0.0
01/29/2023 02:30,0.0
01/29/2023 03:00,0.0
01/29/2023 03:30,0.0
01/29/2023 04:00,0.0
01/29/2023 04:30,0.0
01/29/2023 05:00,0.0
01/29/2023 05:30,0.0
01/29/2023 06:00,0.0
01/29/2023 06:30,0.0
01/29/2023 07:00,0.0
01/29/2023 07:30,0.0
01/29/2023 08:00,0.0
01/29/2023 08:30,0.0
01/29/2023 09:00,0.0
01/29/2023 09:30,0.0
01/29/2023 10:00,0.0
01/29/2023 10:30,0.0
01/29/2023 11:00,0.0
01/29/2023 11:30,0.0
01/29/2023 12:00,0.0
01/29/2023 12:30,0.0
01/29/2023 13:00,0.0
01/29/2023 13:30,0.0
01/29/2023 14:00,0.0
01/29/2023 14:30,0.0
01/29/2023 15:00,0.0
01/29/2023 15:30,0.0
01/29/2023 16:00,0.0
01/29/2023 16:30,0.0
01/29/2023 17:00,0.0
01/29/2023 17:30,0.0
01/29/2023 18:00,0.0
01/29/2023 18:30,0.0
01/29/2023 19:00,0.0
01/29/2023 19:30,0.0
01/29/2023 20:00,0.0
01/29/2023 20:30,0.0
01/29/2023 21:00,0.0
01/29/2023 21:30,0.0
01/29/2023 22:00,0.0
01/29/2023 22:30,0.0
01/29/2023 23:00,0.0
01/29/2023 23:30,0.0
01/30/2023 00:00,0.0
01/30/2023 00:30,0.0
01/30/2023 01:00,0.0
01/30/2023 01:30,0.0
01/30/2023 02:00,0.0
01/30/2023 02:30,0.0
01/30/2023 03:00,0.0
01/30/2023 03:30,0.0
01/30/2023 04:00,0.0
01/30/2023 04:30,0.0
01/30/2023 05:00,0.0
01/30/2023 05:30,0.0
01/30/2023 06:00,0.0
01/30/2023 06:30,0.0
01/30/2023 07:00,0.0
01/30/2023 07:30,0.0
01/30/2023 08:00,0.0
01/30/2023 08:30,0.0
01/30/2023 09:00,0.0
01/30/2023 09:30,0.0
01/30/2023 10:00,0.0
01/30/2023 10:30,0.0
01/30/2023 11:00,0.0
01/30/2023 11:30,0.0
01/30/2023 12:00,0.0
01/30/2023 12:30,0.0
01/30/2023 13:00,0.0
01/30/2023 13:30,0.0
01/30/2023 14:00,0.0
01/30/2023 14:30,0.0
01/30/2023 15:00,0.0
01/30/2023 15:30,0.0
01/30/2023 16:00,0.0
01/30/2023 16:30,0.0
01/30/2023 17:00,0.0
01/30/2023 17:30,0.0
01/30/2023 18:00,0.0
01/30/2023 18:30,0.0
01/30/2023 19:00,0.0
01/30/2023 19:30,0.0
01/30/2023 20:00,0.0
01/30/2023 20:30,0.0
01/30/2023 21:00,0.0
01/30/2023 21:30,0.0
01/30/2023 22:00,0.0
01/30/2023 22:30,0.0
01/30/2023 23:00,0.0
01/30/2023 23:30,0.0
01/31/2023 00:00,0.0
01/31/2023 00:30,0.0
01/31/2023 01:00,0.0
01/31/2023 01:30,0.0
01/31/2023 02:00,0.0
01/31/2023 02:30,0.0
01/31/2023 03:00,0.0
01/31/2023 03:30,0.0
01/31/2023 04:00,0.0
01/31/2023 04:30,0.0
01/31/2023 05:00,0.0
01/31/2023 05:30,0.0
01/31/2023 06:00,0.0
01/31/2023 06:30,0.0
01/31/2023 07:00,0.0
01/31/2023 07:30,0.0
01/31/2023 08:00,0.0
01/31/2023 08:30,0.0
01/31/2023 09:00,0.0
01/31/2023 09:30,0.0
01/31/2023 10:00,0.0
01/31/2023 10:30,0.0
01/31/2023 11:00,0.0
01/31/2023 11:30,0.0
01/31/2023 12:00,0.0
01/31/2023 12:30,0.0
01/31/2023 13:00,0.0
01/31/2023 13:30,0.0
01/31/2023 14:00,0.0
01/31/2023 14:30,0.0
01/31/2023 15:00,0.0
01/31/2023 15:30,0.0
01/31/2023 16:00,0.0
01/31/2023 16:30,0.0
01/31/2023 17:00,0.0
01/31/2023 17:30,0.0
01/31/2023 18:00,0.0
01/31/2023 18:30,0.0
01/31/2023 19:00,0.0
01/31/2023 19:30,0.0
01/31/2023 20:00,0.0
01/31/2023 20:30,0.0
01/31/2023 21:00,0.0
01/31/2023 21:30,0.0
01/31/2023 22:00,0.0
01/31/2023 22:30,0.0
01/31/2023 23:00,0.0
01/31/2023 23:30,0.0
02/01/2023 00:00,0.0
02/01/2023 00:30,0.0
02/01/2023 01:00,0.0
02/01/2023 01:30,0.0
02/01/2023 02:00,0.0
02/01/2023 02:30,0.0
02/01/2023 03:00,0.0
02/01/2023 03:30,0.0
02/01/2023 04:00,0.0
02/01/2023 04:30,0.0
02/01/2023 05:00,0.0
02/01/2023 05:30,0.0
02/01/2023 06:00,0.0
02/01/2023 06:30,0.0
02/01/2023 07:00,0.0
02/01/2023 07:30,0.0
02/01/2023 08:00,0.0
02/01/2023 08:30,0.0
02/01/2023 09:00,0.0
02/01/2023 09:30,0.0
02/01/2023 10:00,0.0
02/01/2023 10:30,0.0
02/01/2023 11:00,0.0
02/01/2023 11:30,0.0
02/01/2023 12:00,0.0
02/01/2023 12:30,0.0
02/01/2023 13:00,0.0
02/01/2023 13:30,0.0
02/01/2023 14:00,0.0
02/01/2023 14:30,0.0
02/01/2023 15:00,0.0
02/01/2023 15:30,0.0
02/01/2023 16:00,0.0
02/01/2023 16:30,0.0
02/01/2023 17:00,0.0
02/01/2023 17:30,0.0
02/01/2023 18:00,0.0
02/01/2023 18:30,0.0
02/01/2023 19:00,0.0
02/01/2023 19:30,0.0
02/01/2023 20:00,0.0
02/01/2023 20:30,0.0
02/01/2023 21:00,0.0
02/01/2023 21:30,0.0
02/01/2023 22:00,0.0
02/01/2023 22:30,0.0
02/01/2023 23:00,0.0
02/01/2023 23:30,0.0
02/02/2023 00:00,0.0
02/02/2023 00:30,0.0
02/02/2023 01:00,0.0
02/02/2023 01:30,0.0
02/02/2023 02:00,0.0
02/02/2023 02:30,0.0
02/02/2023 03:00,0.0
02/02/2023 03:30,0.0
02/02/2023 04:00,0.0
02/02/2023 04:30,0.0
02/02/2023 05:00,0.0
02/02/2023 05:30,0.0
02/02/2023 06:00,0.0
02/02/2023 06:30,0.0
02/02/2023 07:00,0.0
02/02/2023 07:30,0.0
02/02/2023 08:00,0.0
02/02/2023 08:30,0.0
02/02/2023 09:00,0.0
02/02/2023 09:30,0.0
02/02/2023 10:00,0.0
02/02/2023 10:30,0.0
02/02/2023 11:00,0.0
02/02/2023 11:30,0.0
02/02/2023 12:00,0.0
02/02/2023 12:30,0.0
02/02/2023 13:00,0.0
02/02/2023 13:30,0.0
02/02/2023 14:00,0.0
02/02/2023 14:30,0.0
02/02/2023 15:00,0.0
02/02/2023 15:30,0.0
02/02/2023 16:00,0.0
02/02/2023 16:30,0.0
02/02/2023 17:00,0.0
02/02/2023 17:30,0.0
02/02/2023 18:00,0.0
02/02/2023 18:30,0.0
02/02/2023 19:00,0.0
02/02/2023 19:30,0.0
02/02/2023 20:00,0.0
02/02/2023 20:30,0.0
02/02/2023 21:00,0.0
02/02/2023 21:30,0.0
02/02/2023 22:00,0.0
02/02/2023 22:30,0.0
02/02/2023 23:00,0.0
02/02/2023 23:30,0.0
02/03/2023 00:00,0.0
02/03/2023 00:30,0.0
02/03/2023 01:00,0.0
02/03/2023 01:30,0.0
02/03/2023 02:00,0.0
02/03/2023 02:30,0.0
02/03/2023 03:00,0.0
02/03/2023 03:30,0.0
02/03/2023 04:00,0.0
02/03/2023 04:30,0.0
02/03/2023 05:00,0.0
02/03/2023 05:30,0.0
02/03/2023 06:00,0.0
02/03/2023 06:30,0.0
02/03/2023 07:00,0.0
02/03/2023 07:30,0.0
02/03/2023 08:00,0.0
02/03/2023 08:30,0.0
02/03/2023 09:00,0.0
02/03/2023 09:30,0.0
02/03/2023 10:00,0.0
02/03/2023 10:30,0.0
02/03/2023 11:00,0.0
02/03/2023 11:30,0.0
02/03/2023 12:00,0.0
02/03/2023 12:30,0.0
02/03/2023 13:00,0.0
02/03/2023 13:30,0.0
02/03/2023 14:00,0.0
02/03/2023 14:30,0.0
02/03/2023 15:00,0.0
02/03/2023 15:30,0.0
02/03/2023 16:00,0.0
02/03/2023 16:30,0.0
02/03/2023 17:00,0.0
02/03/2023 17:30,0.0
02/03/2023 18:00,0.0
02/03/2023 18:30,0.0
02/03/2023 19:00,0.0
02/03/2023 19:30,0.0
02/03/2023 20:00,0.0
02/03/2023 20:30,0.0
02/03/2023 21:00,0.0
02/03/2023 21:30,0.0
02/03/2023 22:00,0.0
02/03/2023 22:30,0.0
02/03/2023 23:00,0.0
02/03/2023 23:30,0.0
02/04/2023 00:00,0.0
02/04/2023 00:30,0.0
02/04/2023 01:00,0.0
02/04/2023 01:30,0.0
02/04/2023 02:00,0.0
02/04/2023 02:30,0.0
02/04/2023 03:00,0.0
02/04/2023 03:30,0.0
02/04/2023 04:00,0.0
02/04/2023 04:30,0.0
02/04/2023 05:00,0.0
02/04/2023 05:30,0.0
02/04/2023 06:00,0.0
02/04/2023 06:30,0.0
02/04/2023 07:00,0.0
02/04/2023 07:30,0.0
02/04/2023 08:00,0.0
02/04/2023 08:30,0.0
02/04/2023 09:00,0.0
02/04/2023 09:30,0.0
02/04/2023 10:00,0.0
02/04/2023 10:30,0.0
02/04/2023 11:00,0.0
02/04/2023 11:30,0.0
02/04/2023 12:00,0.0
02/04/2023 12:30,0.0
02/04/2023 13:00,0.0
02/04/2023 13:30,0.0
02/04/2023 14:00,0.0
02/04/2023 14:30,0.0
02/04/2023 15:00,0.0
02/04/2023 15:30,0.0
02/04/2023 16:00,0.0
02/04/2023 16:30,0.0
02/04/2023 17:00,0.0
02/04/2023 17:30,0.0
02/04/2023 18:00,0.0
02/04/2023 18:30,0.0
02/04/2023 19:00,0.0
02/04/2023 19:30,0.0
02/04/2023 20:00,0.0
02/04/2023 20:30,0.0
02/04/2023 21:00,0.0
02/04/2023 21:30,0.0
02/04/2023 22:00,0.0
02/04/2023 22:30,0.0
02/04/2023 23:00,0.0
02/04/2023 23:30,0.0
02/05/2023 00:00,0.0
02/05/2023 00:30,0.0
02/05/2023 01:00,0.0
02/05/2023 01:30,0.0
02/05/2023 02:00,0.0
02/05/2023 02:30,0.0
02/05/2023 03:00,0.0
02/05/2023 03:30,0.0
02/05/2023 04:00,0.0
02/05/2023 04:30,0.0
02/05/2023 05:00,0.0
02/05/2023 05:30,0.0
02/05/2023 06:00,0.0
02/05/2023 06:30,0.0
02/05/2023 07:00,0.0
02/05/2023 07:30,0.0
02/05/2023 08:00,0.0
02/05/2023 08:30,0.0
02/05/2023 09:00,0.0
02/05/2023 09:30,0.0
02/05/2023 10:00,0.0
02/05/2023 10:30,0.0
02/05/2023 11:00,0.0
02/05/2023 11:30,0.0
02/05/2023 12:00,0.0
02/05/2023 12:30,0.0
02/05/2023 13:00,0.0
02/05/2023 13:30,0.0
02/05/2023 14:00,0.0
02/05/2023 14:30,0.0
02/05/2023 15:00,0.0
02/05/2023 15:30,0.0
02/05/2023 16:00,0.0
02/05/2023 16:30,0.0
02/05/2023 17:00,0.0
02/05/2023 17:30,0.0
02/05/2023 18:00,0.0
02/05/2023 18:30,0.0
02/05/2023 19:00,0.0
02/05/2023 19:30,0.0
02/05/2023 20:00,0.0
02/05/2023 20:30,0.0
02/05/2023 21:00,0.0
02/05/2023 21:30,0.0
02/05/2023 22:00,0.0
02/05/2023 22:30,0.0
02/05/2023 23:00,0.0
02/05/2023 23:30,0.0
02/06/2023 00:00,0.0
02/06/2023 00:30,0.0
02/06/2023 01:00,0.0
02/06/2023 01:30,0.0
02/06/2023 02:00,0.0
02/06/2023 02:30,0.0
02/06/2023 03:00,0.0
02/06/2023 03:30,0.0
02/06/2023 04:00,0.0
02/06/2023 04:30,0.0
02/06/2023 05:00,0.0
02/06/2023 05:30,0.0
02/06/2023 06:00,0.0
02/06/2023 06:30,0.0
02/06/2023 07:00,0.0
02/06/2023 07:30,0.0
02/06/2023 08:00,0.0
02/06/2023 08:30,0.0
02/06/2023 09:00,0.0
02/06/2023 09:30,0.0
02/06/2023 10:00,0.0
02/06/2023 10:30,0.0
02/06/2023 11:00,0.0
02/06/2023 11:30,0.0
02/06/2023 12:00,0.0
02/06/2023 12:30,0.0
02/06/2023 13:00,0.0
02/06/2023 13:30,0.0
02/06/2023 14:00,0.0
02/06/2023 14:30,0.0
02/06/2023 15:00,0.0
02/06/2023 15:30,0.0
02/06/2023 16:00,0.0
02/06/2023 16:30,0.0
02/06/2023 17:00,0.0
02/06/2023 17:30,0.0
02/06/2023 18:00,0.0
02/06/2023 18:30,0.0
02/06/2023 19:00,0.0
02/06/2023 19:30,0.0
02/06/2023 20:00,0.0
02/06/2023 20:30,0.0
02/06/2023 21:00,0.0
02/06/2023 21:30,0.0
02/06/2023 22:00,0.0
02/06/2023 22:30,0.0
02/06/2023 23:00,0.0
02/06/2023 23:30,0.0
02/07/2023 00:00,0.0
02/07/2023 00:30,0.0
02/07/2023 01:00,0.0
02/07/2023 01:30,0.0
02/07/2023 02:00,0.0
02/07/2023 02:30,0.0
02/07/2023 03:00,0.0
02/07/2023 03:30,0.0
02/07/2023 04:00,0.0
02/07/2023 04:30,0.0
02/07/2023 05:00,0.0
02/07/2023 05:30,0.0
02/07/2023 06:00,0.0
02/07/2023 06:30,0.0
02/07/2023 07:00,0.0
02/07/2023 07:30,0.0
02/07/2023 08:00,0.0
02/07/2023 08:30,0.0
02/07/2023 09:00,0.0
02/07/2023 09:30,0.0
02/07/2023 10:00,0.0
02/07/2023 10:30,0.0
02/07/2023 11:00,0.0
02/07/2023 11:30,0.0
02/07/2023 12:00,0.0
02/07/2023 12:30,0.0
02/07/2023 13:00,0.0
02/07/2023 13:30,0.0
02/07/2023 14:00,0.0
02/07/2023 14:30,0.0
02/07/2023 15:00,0.0
02/07/2023 15:30,0.0
02/07/2023 16:00,0.0
02/07/2023 16:30,0.0
02/07/2023 17:00,0.0
02/07/2023 17:30,0.0
02/07/2023 18:00,0.0
02/07/2023 18:30,0.0
02/07/2023 19:00,0.0
02/07/2023 19:30,0.0
02/07/2023 20:00,0.0
02/07/2023 20:30,0.0
02/07/2023 21:00,0.0
02/07/2023 21:30,0.0
02/07/2023 22:00,0.0
02/07/2023 22:30,0.0
02/07/2023 23:00,0.0
02/07/2023 23:30,0.0
02/08/2023 00:00,0.0
02/08/2023 00:30,0.0
02/08/2023 01:00,0.0
02/08/2023 01:30,0.0
02/08/2023 02:00,0.0
02/08/2023 02:30,0.0
02/08/2023 03:00,0.0
02/08/2023 03:30,0.0
02/08/2023 04:00,0.0
02/08/2023 04:30,0.0
02/08/2023 05:00,0.0
02/08/2023 05:30,0.0
02/08/2023 06:00,0.0
02/08/2023 06:30,0.0
02/08/2023 07:00,0.0
02/08/2023 07:30,0.0
02/08/2023 08:00,0.0
02/08/2023 08:30,0.0
02/08/2023 09:00,0.0
02/08/2023 09:30,0.0
02/08/2023 10:00,0.0
02/08/2023 10:30,0.0
02/08/2023 11:00,0.0
02/08/2023 11:30,0.0
02/08/2023 12:00,0.0
02/08/2023 12:30,0.0
02/08/2023 13:00,0.0
02/08/2023 13:30,0.0
02/08/2023 14:00,0.0
02/08/2023 14:30,0.0
02/08/2023 15:00,0.0
02/08/2023 15:30,0.0
02/08/2023 16:00,0.0
02/08/2023 16:30,0.0
02/08/2023 17:00,0.0
02/08/2023 17:30,0.0
02/08/2023 18:00,0.0
02/08/2023 18:30,0.0
02/08/2023 19:00,0.0
02/08/2023 19:30,0.0
02/08/2023 20:00,0.0
02/08/2023 20:30,0.0
02/08/2023 21:00,0.0
02/08/2023 21:30,0.0
02/08/2023 22:00,0.0
02/08/2023 22:30,0.0
02/08/2023 23:00,0.0
02/08/2023 23:30,0.0
02/09/2023 00:00,0.0
02/09/2023 00:30,0.0
02/09/2023 01:00,0.0
02/09/2023 01:30,0.0
02/09/2023 02:00,0.0
02/09/2023 02:30,0.0
02/09/2023 03:00,0.0
02/09/2023 03:30,0.0
02/09/2023 04:00,0.0
02/09/2023 04:30,0.0
02/09/2023 05:00,0.0
02/09/2023 05:30,0.0
02/09/2023 06:00,0.0
02/09/2023 06:30,0.0
02/09/2023 07:00,0.0
02/09/2023 07:30,0.0
02/09/2023 08:00,0.0
02/09/2023 08:30,0.0
02/09/2023 09:00,0.0
02/09/2023 09:30,0.0
02/09/2023 10:00,0.0
02/09/2023 10:30,0.0
02/09/2023 11:00,0.0
02/09/2023 11:30,0.0
02/09/2023 12:00,0.0
02/09/2023 12:30,0.0
02/09/2023 13:00,0.0
02/09/2023 13:30,0.0
02/09/2023 14:00,0.0
02/09/2023 14:30,0.0
02/09/2023 15:00,0.0
02/09/2023 15:30,0.0
02/09/2023 16:00,0.0
02/09/2023 16:30,0.0
02/09/2023 17:00,0.0
02/09/2023 17:30,0.0
02/09/2023 18:00,0.0
02/09/2023 18:30,0.0
02/09/2023 19:00,0.0
02/09/2023 19:30,0.0
02/09/2023 20:00,0.0
02/09/2023 20:30,0.0
02/09/2023 21:00,0.0
02/09/2023 21:30,0.0
02/09/2023 22:00,0.0
02/09/2023 22:30,0.0
02/09/2023 23:00,0.0
02/09/2023 23:30,0.0
02/10/2023 00:00,0.0
02/10/2023 00:30,0.0
02/10/2023 01:00,0.0
02/10/2023 01:30,0.0
02/10/2023 02:00,0.0
02/10/2023 02:30,0.0
02/10/2023 03:00,0.0
02/10/2023 03:30,0.0
02/10/2023 04:00,0.0
02/10/2023 04:30,0.0
02/10/2023 05:00,0.0
02/10/2023 05:30,0.0
02/10/2023 06:00,0.0
02/10/2023 06:30,0.0
02/10/2023 07:00,0.0
02/10/2023 07:30,0.0
02/10/2023 08:00,0.0
02/10/2023 08:30,0.0
02/10/2023 09:00,0.0
02/10/2023 09:30,0.0
02/10/2023 10:00,0.0
02/10/2023 10:30,0.0
02/10/2023 11:00,0.0
02/10/2023 11:30,0.0
02/10/2023 12:00,0.0
02/10/2023 12:30,0.0
02/10/2023 13:00,0.0
02/10/2023 13:30,0.0
02/10/2023 14:00,0.0
02/10/2023 14:30,0.0
02/10/2023 15:00,0.0
02/10/2023 15:30,0.0
02/10/2023 16:00,0.0
02/10/2023 16:30,0.0
02/10/2023 17:00,0.0
02/10/2023 17:30,0.0
02/10/2023 18:00,0.0
02/10/2023 18:30,0.0
02/10/2023 19:00,0.0
02/10/2023 19:30,0.0
02/10/2023 20:00,0.0
02/10/2023 20:30,0.0
02/10/2023 21:00,0.0
02/10/2023 21:30,0.0
02/10/2023 22:00,0.0
02/10/2023 22:30,0.0
02/10/2023 23:00,0.0
02/10/2023 23:30,0.0
02/11/2023 00:00,0.0
02/11/2023 00:30,0.0
02/11/2023 01:00,0.0
02/11/2023 01:30,0.0
02/11/2023 02:00,0.0
02/11/2023 02:30,0.0
02/11/2023 03:00,0.0
02/11/2023 03:30,0.0
02/11/2023 04:00,0.0
02/11/2023 04:30,0.0
02/11/2023 05:00,0.0
02/11/2023 05:30,0.0
02/11/2023 06:00,0.0
02/11/2023 06:30,0.0
02/11/2023 07:00,0.0
02/11/2023 07:30,0.0
02/11/2023 08:00,0.0
02/11/2023 08:30,0.0
02/11/2023 09:00,0.0
02/11/2023 09:30,0.0
02/11/2023 10:00,0.0
02/11/2023 10:30,0.0
02/11/2023 11:00,0.0
02/11/2023 11:30,0.0
02/11/2023 12:00,0.0
02/11/2023 12:30,0.0
02/11/2023 13:00,0.0
02/11/2023 13:30,0.0
02/11/2023 14:00,0.0
02/11/2023 14:30,0.0
02/11/2023 15:00,0.0
02/11/2023 15:30,0.0
02/11/2023 16:00,0.0
02/11/2023 16:30,0.0
02/11/2023 17:00,0.0
02/11/2023 17:30,0.0
02/11/2023 18:00,0.0
02/11/2023 18:30,0.0
02/11/2023 19:00,0.0
02/11/2023 19:30,0.0
02/11/2023 20:00,0.0
02/11/2023 20:30,0.0
02/11/2023 21:00,0.0
02/11/2023 21:30,0.0
02/11/2023 22:00,0.0
02/11/2023 22:30,0.0
02/11/2023 23:00,0.0
02/11/2023 23:30,0.0
02/12/2023 00:00,0.0
02/12/2023 00:30,0.0
02/12/2023 01:00,0.0
02/12/2023 01:30,0.0
02/12/2023 02:00,0.0
02/12/2023 02:30,0.0
02/12/2023 03:00,0.0
02/12/2023 03:30,0.0
02/12/2023 04:00,0.0
02/12/2023 04:30,0.0
02/12/2023 05:00,0.0
02/12/2023 05:30,0.0
02/12/2023 06:00,0.0
02/12/2023 06:30,0.0
02/12/2023 07:00,0.0
02/12/2023 07:30,0.0
02/12/2023 08:00,0.0
02/12/2023 08:30,0.0
02/12/2023 09:00,0.0
02/12/2023 09:30,0.0
02/12/2023 10:00,0.0
02/12/2023 10:30,0.0
02/12/2023 11:00,0.0
02/12/2023 11:30,0.0
02/12/2023 12:00,0.0
02/12/2023 12:30,0.0
02/12/2023 13:00,0.0
02/12/2023 13:30,0.0
02/12/2023 14:00,0.0
02/12/2023 14:30,0.0
02/12/2023 15:00,0.0
02/12/2023 15:30,0.0
02/12/2023 16:00,0.0
02/12/2023 16:30,0.0
02/12/2023 17:00,0.0
02/12/2023 17:30,0.0
02/12/2023 18:00,0.0
02/12/2023 18:30,0.0
02/12/2023 19:00,0.0
02/12/2023 19:30,0.0
02/12/2023 20:00,0.0
02/12/2023 20:30,0.0
02/12/2023 21:00,0.0
02/12/2023 21:30,0.0
02/12/2023 22:00,0.0
02/12/2023 22:30,0.0
02/12/2023 23:00,0.0
02/12/2023 23:30,0.0
02/13/2023 00:00,0.0
02/13/2023 00:30,0.0
02/13/2023 01:00,0.0
02/13/2023 01:30,0.0
02/13/2023 02:00,0.0
02/13/2023 02:30,0.0
02/13/2023 03:00,0.0
02/13/2023 03:30,0.0
02/13/2023 04:00,0.0
02/13/2023 04:30,0.0
02/13/2023 05:00,0.0
02/13/2023 05:30,0.0
02/13/2023 06:00,0.0
02/13/2023 06:30,0.0
02/13/2023 07:00,0.0
02/13/2023 07:30,0.0
02/13/2023 08:00,0.0
02/13/2023 08:30,0.0
02/13/2023 09:00,0.0
02/13/2023 09:30,0.0
02/13/2023 10:00,0.0
02/13/2023 10:30,0.0
02/13/2023 11:00,0.0
02/13/2023 11:30,0.0
02/13/2023 12:00,0.0
02/13/2023 12:30,0.0
02/13/2023 13:00,0.0
02/13/2023 13:30,0.0
02/13/2023 14:00,0.0
02/13/2023 14:30,0.0
02/13/2023 15:00,0.0
02/13/2023 15:30,0.0
02/13/2023 16:00,0.0
02/13/2023 16:30,0.0
02/13/2023 17:00,0.0
02/13/2023 17:30,0.0
02/13/2023 18:00,0.0
02/13/2023 18:30,0.0
02/13/2023 19:00,0.0
02/13/2023 19:30,0.0
02/13/2023 20:00,0.0
02/13/2023 20:30,0.0
02/13/2023 21:00,0.0
02/13/2023 21:30,0.0
02/13/2023 22:00,0.0
02/13/2023 22:30,0.0
02/13/2023 23:00,0.0
02/13/2023 23:30,0.0
02/14/2023 00:00,0.0
02/14/2023 00:30,0.0
02/14/2023 01:00,0.0
02/14/2023 01:30,0.0
02/14/2023 02:00,0.0
02/14/2023 02:30,0.0
02/14/2023 03:00,0.0
02/14/2023 03:30,0.0
02/14/2023 04:00,0.0
02/14/2023 04:30,0.0
02/14/2023 05:00,0.0
02/14/2023 05:30,0.0
02/14/2023 06:00,0.0
02/14/2023 06:30,0.0
02/14/2023 07:00,0.0
02/14/2023 07:30,0.0
02/14/2023 08:00,0.0
02/14/2023 08:30,0.0
02/14/2023 09:00,0.0
02/14/2023 09:30,0.0
02/14/2023 10:00,0.0
02/14/2023 10:30,0.0
02/14/2023 11:00,0.0
02/14/2023 11:30,0.0
02/14/2023 12:00,0.0
02/14/2023 12:30,0.0
02/14/2023 13:00,0.0
02/14/2023 13:30,0.0
02/14/2023 14:00,0.0
02/14/2023 14:30,0.0
02/14/2023 15:00,0.0
02/14/2023 15:30,0.0
02/14/2023 16:00,0.0
02/14/2023 16:30,0.0
02/14/2023 17:00,0.0
02/14/2023 17:30,0.0
02/14/2023 18:00,0.0
02/14/2023 18:30,0.0
02/14/2023 19:00,0.0
02/14/2023 19:30,0.0
02/14/2023 20:00,0.0
02/14/2023 20:30,0.0
02/14/2023 21:00,0.0
02/14/2023 21:30,0.0
02/14/2023 22:00,0.0
02/14/2023 22:30,0.0
02/14/2023 23:00,0.0
02/14/2023 23:30,0.0
02/15/2023 00:00,0.0
02/15/2023 00:30,0.0
02/15/2023 01:00,0.0
02/15/2023 01:30,0.0
02/15/2023 02:00,0.0
02/15/2023 02:30,0.0
02/15/2023 03:00,0.0
02/15/2023 03:30,0.0
02/15/2023 04:00,0.0
02/15/2023 04:30,0.0
02/15/2023 05:00,0.0
02/15/2023 05:30,0.0
02/15/2023 06:00,0.0
02/15/2023 06:30,0.0
02/15/2023 07:00,0.0
02/15/2023 07:30,0.0
02/15/2023 08:00,0.0
02/15/2023 08:30,0.0
02/15/2023 09:00,0.0
02/15/2023 09:30,0.0
02/15/2023 10:00,0.0
02/15/2023 10:30,0.0
02/15/2023 11:00,0.0
02/15/2023 11:30,0.0
02/15/2023 12:00,0.0
02/15/2023 12:30,0.0
02/15/2023 13:00,0.0
02/15/2023 13:30,0.0
02/15/2023 14:00,0.0
02/15/2023 14:30,0.0
02/15/2023 15:00,0.0
02/15/2023 15:30,0.0
02/15/2023 16:00,0.0
02/15/2023 16:30,0.0
02/15/2023 17:00,0.0
02/15/2023 17:30,0.0
02/15/2023 18:00,0.0
02/15/2023 18:30,0.0
02/15/2023 19:00,0.0
02/15/2023 19:30,0.0
02/15/2023 20:00,0.0
02/15/2023 20:30,0.0
02/15/2023 21:00,0.0
02/15/2023 21:30,0.0
02/15/2023 22:00,0.0
02/15/2023 22:30,0.0
02/15/2023 23:00,0.0
02/15/2023 23:30,0.0
02/16/2023 00:00,0.0
02/16/2023 00:30,0.0
02/16/2023 01:00,0.0
02/16/2023 01:30,0.0
02/16/2023 02:00,0.0
02/16/2023 02:30,0.0
02/16/2023 03:00,0.0
02/16/2023 03:30,0.0
02/16/2023 04:00,0.0
02/16/2023 04:30,0.0
02/16/2023 05:00,0.0
02/16/2023 05:30,0.0
02/16/2023 06:00,0.0
02/16/2023 06:30,0.0
02/16/2023 07:00,0.0
02/16/2023 07:30,0.0
02/16/2023 08:00,0.0
02/16/2023 08:30,0.0
02/16/2023 09:00,0.0
02/16/2023 09:30,0.0
02/16/2023 10:00,0.0
02/16/2023 10:30,0.0
02/16/2023 11:00,0.0
02/16/2023 11:30,0.0
02/16/2023 12:00,0.0
02/16/2023 12:30,0.0
02/16/2023 13:00,0.0
02/16/2023 13:30,0.0
02/16/2023 14:00,0.0
02/16/2023 14:30,0.0
02/16/2023 15:00,0.0
02/16/2023 15:30,0.0
02/16/2023 16:00,0.0
02/16/2023 16:30,0.0
02/16/2023 17:00,0.0
02/16/2023 17:30,0.0
02/16/2023 18:00,0.0
02/16/2023 18:30,0.0
02/16/2023 19:00,0.0
02/16/2023 19:30,0.0
02/16/2023 20:00,0.0
02/16/2023 20:30,0.0
02/16/2023 21:00,0.0
02/16/2023 21:30,0.0
02/16/2023 22:00,0.0
02/16/2023 22:30,0.0
02/16/2023 23:00,0.0
02/16/2023 23:30,0.0
02/17/2023 00:00,0.0
02/17/2023 00:30,0.0
02/17/2023 01:00,0.0
02/17/2023 01:30,0.0
02/17/2023 02:00,0.0
02/17/2023 02:30,0.0
02/17/2023 03:00,0.0
02/17/2023 03:30,0.0
02/17/2023 04:00,0.0
02/17/2023 04:30,0.0
02/17/2023 05:00,0.0
02/17/2023 05:30,0.0
02/17/2023 06:00,0.0
02/17/2023 06:30,0.0
02/17/2023 07:00,0.0
02/17/2023 07:30,0.0
02/17/2023 08:00,0.0
02/17/2023 08:30,0.0
02/17/2023 09:00,0.0
02/17/2023 09:30,0.0
02/17/2023 10:00,0.0
02/17/2023 10:30,0.0
02/17/2023 11:00,0.0
02/17/2023 11:30,0.0
02/17/2023 12:00,0.0
02/17/2023 12:30,0.0
02/17/2023 13:00,0.0
02/17/2023 13:30,0.0
02/17/2023 14:00,0.0
02/17/2023 14:30,0.0
02/17/2023 15:00,0.0
02/17/2023 15:30,0.0
02/17/2023 16:00,0.0
02/17/2023 16:30,0.0
02/17/2023 17:00,0.0
02/17/2023 17:30,0.0
02/17/2023 18:00,0.0
02/17/2023 18:30,0.0
02/17/2023 19:00,0.0
02/17/2023 19:30,0.0
02/17/2023 20:00,0.0
02/17/2023 20:30,0.0
02/17/2023 21:00,0.0
02/17/2023 21:30,0.0
02/17/2023 22:00,0.0
02/17/2023 22:30,0.0
02/17/2023 23:00,0.0
02/17/2023 23:30,0.0
02/18/2023 00:00,0.0
02/18/2023 00:30,0.0
02/18/2023 01:00,0.0
02/18/2023 01:30,0.0
02/18/2023 02:00,0.0
02/18/2023 02:30,0.0
02/18/2023 03:00,0.0
02/18/2023 03:30,0.0
02/18/2023 04:00,0.0
02/18/2023 04:30,0.0
02/18/2023 05:00,0.0
02/18/2023 05:30,0.0
02/18/2023 06:00,0.0
02/18/2023 06:30,0.0
02/18/2023 07:00,0.0
02/18/2023 07:30,0.0
02/18/2023 08:00,0.0
02/18/2023 08:30,0.0
02/18/2023 09:00,0.0
02/18/2023 09:30,0.0
02/18/2023 10:00,0.0
02/18/2023 10:30,0.0
02/18/2023 11:00,0.0
02/18/2023 11:30,0.0
02/18/2023 12:00,0.0
02/18/2023 12:30,0.0
02/18/2023 13:00,0.0
02/18/2023 13:30,0.0
02/18/2023 14:00,0.0
02/18/2023 14:30,0.0
02/18/2023 15:00,0.0
02/18/2023 15:30,0.0
02/18/2023 16:00,0.0
02/18/2023 16:30,0.0
02/18/2023 17:00,0.0
02/18/2023 17:30,0.0
02/18/2023 18:00,0.0
02/18/2023 18:30,0.0
02/18/2023 19:00,0.0
02/18/2023 19:30,0.0
02/18/2023 20:00,0.0
02/18/2023 20:30,0.0
02/18/2023 21:00,0.0
02/18/2023 21:30,0.0
02/18/2023 22:00,0.0
02/18/2023 22:30,0.0
02/18/2023 23:00,0.0
02/18/2023 23:30,0.0
02/19/2023 00:00,0.0
02/19/2023 00:30,0.0
02/19/2023 01:00,0.0
02/19/2023 01:30,0.0
02/19/2023 02:00,0.0
02/19/2023 02:30,0.0
02/19/2023 03:00,0.0
02/19/2023 03:30,0.0
02/19/2023 04:00,0.0
02/19/2023 04:30,0.0
02/19/2023 05:00,0.0
02/19/2023 05:30,0.0
02/19/2023 06:00,0.0
02/19/2023 06:30,0.0
02/19/2023 07:00,0.0
02/19/2023 07:30,0.0
02/19/2023 08:00,0.0
02/19/2023 08:30,0.0
02/19/2023 09:00,0.0
02/19/2023 09:30,0.0
02/19/2023 10:00,0.0
02/19/2023 10:30,0.0
02/19/2023 11:00,0.0
02/19/2023 11:30,0.0
02/19/2023 12:00,0.0
02/19/2023 12:30,0.0
02/19/2023 13:00,0.0
02/19/2023 13:30,0.0
02/19/2023 14:00,0.0
02/19/2023 14:30,0.0
02/19/2023 15:00,0.0
02/19/2023 15:30,0.0
02/19/2023 16:00,0.0
02/19/2023 16:30,0.0
02/19/2023 17:00,0.0
02/19/2023 17:30,0.0
02/19/2023 18:00,0.0
02/19/2023 18:30,0.0
02/19/2023 19:00,0.0
02/19/2023 19:30,0.0
02/19/2023 20:00,0.0
02/19/2023 20:30,0.0
02/19/2023 21:00,0.0
02/19/2023 21:30,0.0
02/19/2023 22:00,0.0
02/19/2023 22:30,0.0
02/19/2023 23:00,0.0
02/19/2023 23:30,0.0
02/20/2023 00:00,0.0
02/20/2023 00:30,0.0
02/20/2023 01:00,0.0
02/20/2023 01:30,0.0
02/20/2023 02:00,0.0
02/20/2023 02:30,0.0
02/20/2023 03:00,0.0
02/20/2023 03:30,0.0
02/20/2023 04:00,0.0
02/20/2023 04:30,0.0
02/20/2023 05:00,0.0
02/20/2023 05:30,0.0
02/20/2023 06:00,0.0
02/20/2023 06:30,0.0
02/20/2023 07:00,0.0
02/20/2023 07:30,0.0
02/20/2023 08:00,0.0
02/20/2023 08:30,0.0
02/20/2023 09:00,0.0
02/20/2023 09:30,0.0
02/20/2023 10:00,0.0
02/20/2023 10:30,0.0
02/20/2023 11:00,0.0
02/20/2023 11:30,0.0
02/20/2023 12:00,0.0
02/20/2023 12:30,0.0
02/20/2023 13:00,0.0
02/20/2023 13:30,0.0
02/20/2023 14:00,0.0
02/20/2023 14:30,0.0
02/20/2023 15:00,0.0
02/20/2023 15:30,0.0
02/20/2023 16:00,0.0
02/20/2023 16:30,0.0
02/20/2023 17:00,0.0
02/20/2023 17:30,0.0
02/20/2023 18:00,0.0
02/20/2023 18:30,0.0
02/20/2023 19:00,0.0
02/20/2023 19:30,0.0
02/20/2023 20:00,0.0
02/20/2023 20:30,0.0
02/20/2023 21:00,0.0
02/20/2023 21:30,0.0
02/20/2023 22:00,0.0
02/20/2023 22:30,0.0
02/20/2023 23:00,0.0
02/20/2023 23:30,0.0
02/21/2023 00:00,0.0
02/21/2023 00:30,0.0
02/21/2023 01:00,0.0
02/21/2023 01:30,0.0
02/21/2023 02:00,0.0
02/21/2023 02:30,0.0
02/21/2023 03:00,0.0
02/21/2023 03:30,0.0
02/21/2023 04:00,0.0
02/21/2023 04:30,0.0
02/21/2023 05:00,0.0
02/21/2023 05:30,0.0
02/21/2023 06:00,0.0
02/21/2023 06:30,0.0
02/21/2023 07:00,0.0
02/21/2023 07:30,0.0
02/21/2023 08:00,0.0
02/21/2023 08:30,0.0
02/21/2023 09:00,0.0
02/21/2023 09:30,0.0
02/21/2023 10:00,0.0
02/21/2023 10:30,0.0
02/21/2023 11:00,0.0
02/21/2023 11:30,0.0
02/21/2023 12:00,0.0
02/21/2023 12:30,0.0
02/21/2023 13:00,0.0
02/21/2023 13:30,0.0
02/21/2023 14:00,0.0
02/21/2023 14:30,0.0
02/21/2023 15:00,0.0
02/21/2023 15:30,0.0
02/21/2023 16:00,0.0
02/21/2023 16:30,0.0
02/21/2023 17:00,0.0
02/21/2023 17:30,0.0
02/21/2023 18:00,0.0
02/21/2023 18:30,0.0
02/21/2023 19:00,0.0
02/21/2023 19:30,0.0
02/21/2023 20:00,0.0
02/21/2023 20:30,0.0
02/21/2023 21:00,0.0
02/21/2023 21:30,0.0
02/21/2023 22:00,0.0
02/21/2023 22:30,0.0
02/21/2023 23:00,0.0
02/21/2023 23:30,0.0
02/22/2023 00:00,0.0
02/22/2023 00:30,0.0
02/22/2023 01:00,0.0
02/22/2023 01:30,0.0
02/22/2023 02:00,0.0
02/22/2023 02:30,0.0
02/22/2023 03:00,0.0
02/22/2023 03:30,0.0
02/22/2023 04:00,0.0
02/22/2023 04:30,0.0
02/22/2023 05:00,0.0
02/22/2023 05:30,0.0
02/22/2023 06:00,0.0
02/22/2023 06:30,0.0
02/22/2023 07:00,0.0
02/22/2023 07:30,0.0
02/22/2023 08:00,0.0
02/22/2023 08:30,0.0
02/22/2023 09:00,0.0
02/22/2023 09:30,0.0
02/22/2023 10:00,0.0
02/22/2023 10:30,0.0
02/22/2023 11:00,0.0
02/22/2023 11:30,0.0
02/22/2023 12:00,0.0
02/22/2023 12:30,0.0
02/22/2023 13:00,0.0
02/22/2023 13:30,0.0
02/22/2023 14:00,0.0
02/22/2023 14:30,0.0
02/22/2023 15:00,0.0
02/22/2023 15:30,0.0
02/22/2023 16:00,0.0
02/22/2023 16:30,0.0
02/22/2023 17:00,0.0
02/22/2023 17:30,0.0
02/22/2023 18:00,0.0
02/22/2023 18:30,0.0
02/22/2023 19:00,0.0
02/22/2023 19:30,0.0
02/22/2023 20:00,0.0
02/22/2023 20:30,0.0
02/22/2023 21:00,0.0
02/22/2023 21:30,0.0
02/22/2023 22:00,0.0
02/22/2023 22:30,0.0
02/22/2023 23:00,0.0
02/22/2023 23:30,0.0
02/23/2023 00:00,0.0
02/23/2023 00:30,0.0
02/23/2023 01:00,0.0
02/23/2023 01:30,0.0
02/23/2023 02:00,0.0
02/23/2023 02:30,0.0
02/23/2023 03:00,0.0
02/23/2023 03:30,0.0
02/23/2023 04:00,0.0
02/23/2023 04:30,0.0
02/23/2023 05:00,0.0
02/23/2023 05:30,0.0
02/23/2023 06:00,0.0
02/23/2023 06:30,0.0
02/23/2023 07:00,0.0
02/23/2023 07:30,0.0
02/23/2023 08:00,0.0
02/23/2023 08:30,0.0
02/23/2023 09:00,0.0
02/23/2023 09:30,0.0
02/23/2023 10:00,0.0
02/23/2023 10:30,0.0
02/23/2023 11:00,0.0
02/23/2023 11:30,0.0
02/23/2023 12:00,0.0
02/23/2023 12:30,0.0
02/23/2023 13:00,0.0
02/23/2023 13:30,0.0
02/23/2023 14:00,0.0
02/23/2023 14:30,0.0
02/23/2023 15:00,0.0
02/23/2023 15:30,0.0
02/23/2023 16:00,0.0
02/23/2023 16:30,0.0
02/23/2023 17:00,0.0
02/23/2023 17:30,0.0
02/23/2023 18:00,0.0
02/23/2023 18:30,0.0
02/23/2023 19:00,0.0
02/23/2023 19:30,0.0
02/23/2023 20:00,0.0
02/23/2023 20:30,0.0
02/23/2023 21:00,0.0
02/23/2023 21:30,0.0
02/23/2023 22:00,0.0
02/23/2023 22:30,0.0
02/23/2023 23:00,0.0
02/23/2023 23:30,0.0
02/24/2023 00:00,0.0
02/24/2023 00:30,0.0
02/24/2023 01:00,0.0
02/24/2023 01:30,0.0
02/24/2023 02:00,0.0
02/24/2023 02:30,0.0
02/24/2023 03:00,0.0
02/24/2023 03:30,0.0
02/24/2023 04:00,0.0
02/24/2023 04:30,0.0
02/24/2023 05:00,0.0
02/24/2023 05:30,0.0
02/24/2023 06:00,0.0
02/24/2023 06:30,0.0
02/24/2023 07:00,0.0
02/24/2023 07:30,0.0
02/24/2023 08:00,0.0
02/24/2023 08:30,0.0
02/24/2023 09:00,0.0
02/24/2023 09:30,0.0
02/24/2023 10:00,0.0
02/24/2023 10:30,0.0
02/24/2023 11:00,0.0
02/24/2023 11:30,0.0
02/24/2023 12:00,0.0
02/24/2023 12:30,0.0
02/24/2023 13:00,0.0
02/24/2023 13:30,0.0
02/24/2023 14:00,0.0
02/24/2023 14:30,0.0
02/24/2023 15:00,0.0
02/24/2023 15:30,0.0
02/24/2023 16:00,0.0
02/24/2023 16:30,0.0
02/24/2023 17:00,0.0
02/24/2023 17:30,0.0
02/24/2023 18:00,0.0
02/24/2023 18:30,0.0
02/24/2023 19:00,0.0
02/24/2023 19:30,0.0
02/24/2023 20:00,0.0
02/24/2023 20:30,0.0
02/24/2023 21:00,0.0
02/24/2023 21:30,0.0
02/24/2023 22:00,0.0
02/24/2023 22:30,0.0
02/24/2023 23:00,0.0
02/24/2023 23:30,0.0
02/25/2023 00:00,0.0
02/25/2023 00:30,0.0
02/25/2023 01:00,0.0
02/25/2023 01:30,0.0
02/25/2023 02:00,0.0
02/25/2023 02:30,0.0
02/25/2023 03:00,0.0
02/25/2023 03:30,0.0
02/25/2023 04:00,0.0
02/25/2023 04:30,0.0
02/25/2023 05:00,0.0
02/25/2023 05:30,0.0
02/25/2023 06:00,0.0
02/25/2023 06:30,0.0
02/25/2023 07:00,0.0
02/25/2023 07:30,0.0
02/25/2023 08:00,0.0
02/25/2023 08:30,0.0
02/25/2023 09:00,0.0
02/25/2023 09:30,0.0
02/25/2023 10:00,0.0
02/25/2023 10:30,0.0
02/25/2023 11:00,0.0
02/25/2023 11:30,0.0
02/25/2023 12:00,0.0
02/25/2023 12:30,0.0
02/25/2023 13:00,0.0
02/25/2023 13:30,0.0
02/25/2023 14:00,0.0
02/25/2023 14:30,0.0
02/25/2023 15:00,0.0
02/25/2023 15:30,0.0
02/25/2023 16:00,0.0
02/25/2023 16:30,0.0
02/25/2023 17:00,0.0
02/25/2023 17:30,0.0
02/25/2023 18:00,0.0
02/25/2023 18:30,0.0
02/25/2023 19:00,0.0
02/25/2023 19:30,0.0
02/25/2023 20:00,0.0
02/25/2023 20:30,0.0
02/25/2023 21:00,0.0
02/25/2023 21:30,0.0
02/25/2023 22:00,0.0
02/25/2023 22:30,0.0
02/25/2023 23:00,0.0
02/25/2023 23:30,0.0
02/26/2023 00:00,0.0
02/26/2023 00:30,0.0
02/26/2023 01:00,0.0
02/26/2023 01:30,0.0
02/26/2023 02:00,0.0
02/26/2023 02:30,0.0
02/26/2023 03:00,0.0
02/26/2023 03:30,0.0
02/26/2023 04:00,0.0
02/26/2023 04:30,0.0
02/26/2023 05:00,0.0
02/26/2023 05:30,0.0
02/26/2023 06:00,0.0
02/26/2023 06:30,0.0
02/26/2023 07:00,0.0
02/26/2023 07:30,0.0
02/26/2023 08:00,0.0
02/26/2023 08:30,0.0
02/26/2023 09:00,0.0
02/26/2023 09:30,0.0
02/26/2023 10:00,0.0
02/26/2023 10:30,0.0
02/26/2023 11:00,0.0
02/26/2023 11:30,0.0
02/26/2023 12:00,0.0
02/26/2023 12:30,0.0
02/26/2023 13:00,0.0
02/26/2023 13:30,0.0
02/26/2023 14:00,0.0
02/26/2023 14:30,0.0
02/26/2023 15:00,0.0
02/26/2023 15:30,0.0
02/26/2023 16:00,0.0
02/26/2023 16:30,0.0
02/26/2023 17:00,0.0
02/26/2023 17:30,0.0
02/26/2023 18:00,0.0
02/26/2023 18:30,0.0
02/26/2023 19:00,0.0
02/26/2023 19:30,0.0
02/26/2023 20:00,0.0
02/26/2023 20:30,0.0
02/26/2023 21:00,0.0
02/26/2023 21:30,0.0
02/26/2023 22:00,0.0
02/26/2023 22:30,0.0
02/26/2023 23:00,0.0
02/26/2023 23:30,0.0
02/27/2023 00:00,0.0
02/27/2023 00:30,0.0
02/27/2023 01:00,0.0
02/27/2023 01:30,0.0
02/27/2023 02:00,0.0
02/27/2023 02:30,0.0
02/27/2023 03:00,0.0
02/27/2023 03:30,0.0
02/27/2023 04:00,0.0
02/27/2023 04:30,0.0
02/27/2023 05:00,0.0
02/27/2023 05:30,0.0
02/27/2023 06:00,0.0
02/27/2023 06:30,0.0
02/27/2023 07:00,0.0
02/27/2023 07:30,0.0
02/27/2023 08:00,0.0
02/27/2023 08:30,0.0
02/27/2023 09:00,0.0
02/27/2023 09:30,0.0
02/27/2023 10:00,0.0
02/27/2023 10:30,0.0
02/27/2023 11:00,0.0
02/27/2023 11:30,0.0
02/27/2023 12:00,0.0
02/27/2023 12:30,0.0
02/27/2023 13:00,0.0
02/27/2023 13:30,0.0
02/27/2023 14:00,0.0
02/27/2023 14:30,0.0
02/27/2023 15:00,0.0
02/27/2023 15:30,0.0
02/27/2023 16:00,0.0
02/27/2023 16:30,0.0
02/27/2023 17:00,0.0
02/27/2023 17:30,0.0
02/27/2023 18:00,0.0
02/27/2023 18:30,0.0
02/27/2023 19:00,0.0
02/27/2023 19:30,0.0
02/27/2023 20:00,0.0
02/27/2023 20:30,0.0
02/27/2023 21:00,0.0
02/27/2023 21:30,0.0
02/27/2023 22:00,0.0
02/27/2023 22:30,0.0
02/27/2023 23:00,0.0
02/27/2023 23:30,0.0
02/28/2023 00:00,0.0
02/28/2023 00:30,0.0
02/28/2023 01:00,0.0
02/28/2023 01:30,0.0
02/28/2023 02:00,0.0
02/28/2023 02:30,0.0
02/28/2023 03:00,0.0
02/28/2023 03:30,0.0
02/28/2023 04:00,0.0
02/28/2023 04:30,0.0
02/28/2023 05:00,0.0
02/28/2023 05:30,0.0
02/28/2023 06:00,0.0
02/28/2023 06:30,0.0
02/28/2023 07:00,0.0
02/28/2023 07:30,0.0
02/28/2023 08:00,0.0
02/28/2023 08:30,0.0
02/28/2023 09:00,0.0
02/28/2023 09:30,0.0
02/28/2023 10:00,0.0
02/28/2023 10:30,0.0
02/28/2023 11:00,0.0
02/28/2023 11:30,0.0
02/28/2023 12:00,0.0
02/28/2023 12:30,0.0
02/28/2023 13:00,0.0
02/28/2023 13:30,0.0
02/28/2023 14:00,0.0
02/28/2023 14:30,0.0
02/28/2023 15:00,0.0
02/28/2023 15:30,0.0
02/28/2023 16:00,0.0
02/28/2023 16:30,0.0
02/28/2023 17:00,0.0
02/28/2023 17:30,0.0
02/28/2023 18:00,0.0
02/28/2023 18:30,0.0
02/28/2023 19:00,0.0
02/28/2023 19:30,0.0
02/28/2023 20:00,0.0
02/28/2023 20:30,0.0
02/28/2023 21:00,0.0
02/28/2023 21:30,0.0
02/28/2023 22:00,0.0
02/28/2023 22:30,0.0
02/28/2023 23:00,0.0
02/28/2023 23:30,0.0
03/01/2023 00:00,0.0
03/01/2023 00:30,0.0
03/01/2023 01:00,0.0
03/01/2023 01:30,0.0
03/01/2023 02:00,0.0
03/01/2023 02:30,0.0
03/01/2023 03:00,0.0
03/01/2023 03:30,0.0
03/01/2023 04:00,0.0
03/01/2023 04:30,0.0
03/01/2023 05:00,0.0
03/01/2023 05:30,0.0
03/01/2023 06:00,0.0
03/01/2023 06:30,0.0
03/01/2023 07:00,0.0
03/01/2023 07:30,0.0
03/01/2023 08:00,0.0
03/01/2023 08:30,0.0
03/01/2023 09:00,0.0
03/01/2023 09:30,0.0
03/01/2023 10:00,0.0
03/01/2023 10:30,0.0
03/01/2023 11:00,0.0
03/01/2023 11:30,0.0
03/01/2023 12:00,0.0
03/01/2023 12:30,0.0
03/01/2023 13:00,0.0
03/01/2023 13:30,0.0
03/01/2023 14:00,0.0
03/01/2023 14:30,0.0
03/01/2023 15:00,0.0
03/01/2023 15:30,0.0
03/01/2023 16:00,0.0
03/01/2023 16:30,0.0
03/01/2023 17:00,0.0
03/01/2023 17:30,0.0
03/01/2023 18:00,0.0
03/01/2023 18:30,0.0
03/01/2023 19:00,0.0
03/01/2023 19:30,0.0
03/01/2023 20:00,0.0
03/01/2023 20:30,0.0
03/01/2023 21:00,0.0
03/01/2023 21:30,0.0
03/01/2023 22:00,0.0
03/01/2023 22:30,0.0
03/01/2023 23:00,0.0
03/01/2023 23:30,0.0
03/02/2023 00:00,0.0
03/02/2023 00:30,0.0
03/02/2023 01:00,0.0
03/02/2023 01:30,0.0
03/02/2023 02:00,0.0
03/02/2023 02:30,0.0
03/02/2023 03:00,0.0
03/02/2023 03:30,0.0
03/02/2023 04:00,0.0
03/02/2023 04:30,0.0
03/02/2023 05:00,0.0
03/02/2023 05:30,0.0
03/02/2023 06:00,0.0
03/02/2023 06:30,0.0
03/02/2023 07:00,0.0
03/02/2023 07:30,0.0
03/02/2023 08:00,0.0
03/02/2023 08:30,0.0
03/02/2023 09:00,0.0
03/02/2023 09:30,0.0
03/02/2023 10:00,0.0
03/02/2023 10:30,0.0
03/02/2023 11:00,0.0
03/02/2023 11:30,0.0
03/02/2023 12:00,0.0
03/02/2023 12:30,0.0
03/02/2023 13:00,0.0
03/02/2023 13:30,0.0
03/02/2023 14:00,0.0
03/02/2023 14:30,0.0
03/02/2023 15:00,0.0
03/02/2023 15:30,0.0
03/02/2023 16:00,0.0
03/02/2023 16:30,0.0
03/02/2023 17:00,0.0
03/02/2023 17:30,0.0
03/02/2023 18:00,0.0
03/02/2023 18:30,0.0
03/02/2023 19:00,0.0
03/02/2023 19:30,0.0
03/02/2023 20:00,0.0
03/02/2023 20:30,0.0
03/02/2023 21:00,0.0
03/02/2023 21:30,0.0
03/02/2023 22:00,0.0
03/02/2023 22:30,0.0
03/02/2023 23:00,0.0
03/02/2023 23:30,0.0
03/03/2023 00:00,0.0
03/03/2023 00:30,0.0
03/03/2023 01:00,0.0
03/03/2023 01:30,0.0
03/03/2023 02:00,0.0
03/03/2023 02:30,0.0
03/03/2023 03:00,0.0
03/03/2023 03:30,0.0
03/03/2023 04:00,0.0
03/03/2023 04:30,0.0
03/03/2023 05:00,0.0
03/03/2023 05:30,0.0
03/03/2023 06:00,0.0
03/03/2023 06:30,0.0
03/03/2023 07:00,0.0
03/03/2023 07:30,0.0
03/03/2023 08:00,0.0
03/03/2023 08:30,0.0
03/03/2023 09:00,0.0
03/03/2023 09:30,0.0
03/03/2023 10:00,0.0
03/03/2023 10:30,0.0
03/03/2023 11:00,0.0
03/03/2023 11:30,0.0
03/03/2023 12:00,0.0
03/03/2023 12:30,0.0
03/03/2023 13:00,0.0
03/03/2023 13:30,0.0
03/03/2023 14:00,0.0
03/03/2023 14:30,0.0
03/03/2023 15:00,0.0
03/03/2023 15:30,0.0
03/03/2023 16:00,0.0
03/03/2023 16:30,0.0
03/03/2023 17:00,0.0
03/03/2023 17:30,0.0
03/03/2023 18:00,0.0
03/03/2023 18:30,0.0
03/03/2023 19:00,0.0
03/03/2023 19:30,0.0
03/03/2023 20:00,0.0
03/03/2023 20:30,0.0
03/03/2023 21:00,0.0
03/03/2023 21:30,0.0
03/03/2023 22:00,0.0
03/03/2023 22:30,0.0
03/03/2023 23:00,0.0
03/03/2023 23:30,0.0
03/04/2023 00:00,0.0
03/04/2023 00:30,0.0
03/04/2023 01:00,0.0
03/04/2023 01:30,0.0
03/04/2023 02:00,0.0
03/04/2023 02:30,0.0
03/04/2023 03:00,0.0
03/04/2023 03:30,0.0
03/04/2023 04:00,0.0
03/04/2023 04:30,0.0
03/04/2023 05:00,0.0
03/04/2023 05:30,0.0
03/04/2023 06:00,0.0
03/04/2023 06:30,0.0
03/04/2023 07:00,0.0
03/04/2023 07:30,0.0
03/04/2023 08:00,0.0
03/04/2023 08:30,0.0
03/04/2023 09:00,0.0
03/04/2023 09:30,0.0
03/04/2023 10:00,0.0
03/04/2023 10:30,0.0
03/04/2023 11:00,0.0
03/04/2023 11:30,0.0
03/04/2023 12:00,0.0
03/04/2023 12:30,0.0
03/04/2023 13:00,0.0
03/04/2023 13:30,0.0
03/04/2023 14:00,0.0
03/04/2023 14:30,0.0
03/04/2023 15:00,0.0
03/04/2023 15:30,0.0
03/04/2023 16:00,0.0
03/04/2023 16:30,0.0
03/04/2023 17:00,0.0
03/04/2023 17:30,0.0
03/04/2023 18:00,0.0
03/04/2023 18:30,0.0
03/04/2023 19:00,0.0
03/04/2023 19:30,0.0
03/04/2023 20:00,0.0
03/04/2023 20:30,0.0
03/04/2023 21:00,0.0
03/04/2023 21:30,0.0
03/04/2023 22:00,0.0
03/04/2023 22:30,0.0
03/04/2023 23:00,0.0
03/04/2023 23:30,0.0
03/05/2023 00:00,0.0
03/05/2023 00:30,0.0
03/05/2023 01:00,0.0
03/05/2023 01:30,0.0
03/05/2023 02:00,0.0
03/05/2023 02:30,0.0
03/05/2023 03:00,0.0
03/05/2023 03:30,0.0
03/05/2023 04:00,0.0
03/05/2023 04:30,0.0
03/05/2023 05:00,0.0
03/05/2023 05:30,0.0
03/05/2023 06:00,0.0
03/05/2023 06:30,0.0
03/05/2023 07:00,0.0
03/05/2023 07:30,0.0
03/05/2023 08:00,0.0
03/05/2023 08:30,0.0
03/05/2023 09:00,0.0
03/05/2023 09:30,0.0
03/05/2023 10:00,0.0
03/05/2023 10:30,0.0
03/05/2023 11:00,0.0
03/05/2023 11:30,0.0
03/05/2023 12:00,0.0
03/05/2023 12:30,0.0
03/05/2023 13:00,0.0
03/05/2023 13:30,0.0
03/05/2023 14:00,0.0
03/05/2023 14:30,0.0
03/05/2023 15:00,0.0
03/05/2023 15:30,0.0
03/05/2023 16:00,0.0
03/05/2023 16:30,0.0
03/05/2023 17:00,0.0
03/05/2023 17:30,0.0
03/05/2023 18:00,0.0
03/05/2023 18:30,0.0
03/05/2023 19:00,0.0
03/05/2023 19:30,0.0
03/05/2023 20:00,0.0
03/05/2023 20:30,0.0
03/05/2023 21:00,0.0
03/05/2023 21:30,0.0
03/05/2023 22:00,0.0
03/05/2023 22:30,0.0
03/05/2023 23:00,0.0
03/05/2023 23:30,0.0
03/06/2023 00:00,0.0
03/06/2023 00:30,0.0
03/06/2023 01:00,0.0
03/06/2023 01:30,0.0
03/06/2023 02:00,0.0
03/06/2023 02:30,0.0
03/06/2023 03:00,0.0
03/06/2023 03:30,0.0
03/06/2023 04:00,0.0
03/06/2023 04:30,0.0
03/06/2023 05:00,0.0
03/06/2023 05:30,0.0
03/06/2023 06:00,0.0
03/06/2023 06:30,0.0
03/06/2023 07:00,0.0
03/06/2023 07:30,0.0
03/06/2023 08:00,0.0
03/06/2023 08:30,0.0
03/06/2023 09:00,0.0
03/06/2023 09:30,0.0
03/06/2023 10:00,0.0
03/06/2023 10:30,0.0
03/06/2023 11:00,0.0
03/06/2023 11:30,0.0
03/06/2023 12:00,0.0
03/06/2023 12:30,0.0
03/06/2023 13:00,0.0
03/06/2023 13:30,0.0
03/06/2023 14:00,0.0
03/06/2023 14:30,0.0
03/06/2023 15:00,0.0
03/06/2023 15:30,0.0
03/06/2023 16:00,0.0
03/06/2023 16:30,0.0
03/06/2023 17:00,0.0
03/06/2023 17:30,0.0
03/06/2023 18:00,0.0
03/06/2023 18:30,0.0
03/06/2023 19:00,0.0
03/06/2023 19:30,0.0
03/06/2023 20:00,0.0
03/06/2023 20:30,0.0
03/06/2023 21:00,0.0
03/06/2023 21:30,0.0
03/06/2023 22:00,0.0
03/06/2023 22:30,0.0
03/06/2023 23:00,0.0
03/06/2023 23:30,0.0
03/07/2023 00:00,0.0
03/07/2023 00:30,0.0
03/07/2023 01:00,0.0
03/07/2023 01:30,0.0
03/07/2023 02:00,0.0
03/07/2023 02:30,0.0
03/07/2023 03:00,0.0
03/07/2023 03:30,0.0
03/07/2023 04:00,0.0
03/07/2023 04:30,0.0
03/07/2023 05:00,0.0
03/07/2023 05:30,0.0
03/07/2023 06:00,0.0
03/07/2023 06:30,0.0
03/07/2023 07:00,0.0
03/07/2023 07:30,0.0
03/07/2023 08:00,0.0
03/07/2023 08:30,0.0
03/07/2023 09:00,0.0
03/07/2023 09:30,0.0
03/07/2023 10:00,0.0
03/07/2023 10:30,0.0
03/07/2023 11:00,0.0
03/07/2023 11:30,0.0
03/07/2023 12:00,0.0
03/07/2023 12:30,0.0
03/07/2023 13:00,0.0
03/07/2023 13:30,0.0
03/07/2023 14:00,0.0
03/07/2023 14:30,0.0
03/07/2023 15:00,0.0
03/07/2023 15:30,0.0
03/07/2023 16:00,0.0
03/07/2023 16:30,0.0
03/07/2023 17:00,0.0
03/07/2023 17:30,0.0
03/07/2023 18:00,0.0
03/07/2023 18:30,0.0
03/07/2023 19:00,0.0
03/07/2023 19:30,0.0
03/07/2023 20:00,0.0
03/07/2023 20:30,0.0
03/07/2023 21:00,0.0
03/07/2023 21:30,0.0
03/07/2023 22:00,0.0
03/07/2023 22:30,0.0
03/07/2023 23:00,0.0
03/07/2023 23:30,0.0
03/08/2023 00:00,0.0
03/08/2023 00:30,0.0
03/08/2023 01:00,0.0
03/08/2023 01:30,0.0
03/08/2023 02:00,0.0
03/08/2023 02:30,0.0
03/08/2023 03:00,0.0
03/08/2023 03:30,0.0
03/08/2023 04:00,0.0
03/08/2023 04:30,0.0
03/08/2023 05:00,0.0
03/08/2023 05:30,0.0
03/08/2023 06:00,0.0
03/08/2023 06:30,0.0
03/08/2023 07:00,0.0
03/08/2023 07:30,0.0
03/08/2023 08:00,0.0
03/08/2023 08:30,0.0
03/08/2023 09:00,0.0
03/08/2023 09:30,0.0
03/08/2023 10:00,0.0
03/08/2023 10:30,0.0
03/08/2023 11:00,0.0
03/08/2023 11:30,0.0
03/08/2023 12:00,0.0
03/08/2023 12:30,0.0
03/08/2023 13:00,0.0
03/08/2023 13:30,0.0
03/08/2023 14:00,0.0
03/08/2023 14:30,0.0
03/08/2023 15:00,0.0
03/08/2023 15:30,0.0
03/08/2023 16:00,0.0
03/08/2023 16:30,0.0
03/08/2023 17:00,0.0
03/08/2023 17:30,0.0
03/08/2023 18:00,0.0
03/08/2023 18:30,0.0
03/08/2023 19:00,0.0
03/08/2023 19:30,0.0
03/08/2023 20:00,0.0
03/08/2023 20:30,0.0
03/08/2023 21:00,0.0
03/08/2023 21:30,0.0
03/08/2023 22:00,0.0
03/08/2023 22:30,0.0
03/08/2023 23:00,0.0
03/08/2023 23:30,0.0
03/09/2023 00:00,0.0
03/09/2023 00:30,0.0
03/09/2023 01:00,0.0
03/09/2023 01:30,0.0
03/09/2023 02:00,0.0
03/09/2023 02:30,0.0
03/09/2023 03:00,0.0
03/09/2023 03:30,0.0
03/09/2023 04:00,0.0
03/09/2023 04:30,0.0
03/09/2023 05:00,0.0
03/09/2023 05:30,0.0
03/09/2023 06:00,0.0
03/09/2023 06:30,0.0
03/09/2023 07:00,0.0
03/09/2023 07:30,0.0
03/09/2023 08:00,0.0
03/09/2023 08:30,0.0
03/09/2023 09:00,0.0
03/09/2023 09:30,0.0
03/09/2023 10:00,0.0
03/09/2023 10:30,0.0
03/09/2023 11:00,0.0
03/09/2023 11:30,0.0
03/09/2023 12:00,0.0
03/09/2023 12:30,0.0
03/09/2023 13:00,0.0
03/09/2023 13:30,0.0
03/09/2023 14:00,0.0
03/09/2023 14:30,0.0
03/09/2023 15:00,0.0
03/09/2023 15:30,0.0
03/09/2023 16:00,0.0
03/09/2023 16:30,0.0
03/09/2023 17:00,0.0
03/09/2023 17:30,0.0
03/09/2023 18:00,0.0
03/09/2023 18:30,0.0
03/09/2023 19:00,0.0
03/09/2023 19:30,0.0
03/09/2023 20:00,0.0
03/09/2023 20:30,0.0
03/09/2023 21:00,0.0
03/09/2023 21:30,0.0
03/09/2023 22:00,0.0
03/09/2023 22:30,0.0
03/09/2023 23:00,0.0
03/09/2023 23:30,0.0
03/10/2023 00:00,0.0
03/10/2023 00:30,0.0
03/10/2023 01:00,0.0
03/10/2023 01:30,0.0
03/10/2023 02:00,0.0
03/10/2023 02:30,0.0
03/10/2023 03:00,0.0
03/10/2023 03:30,0.0
03/10/2023 04:00,0.0
03/10/2023 04:30,0.0
03/10/2023 05:00,0.0
03/10/2023 05:30,0.0
03/10/2023 06:00,0.0
03/10/2023 06:30,0.0
03/10/2023 07:00,0.0
03/10/2023 07:30,0.0
03/10/2023 08:00,0.0
03/10/2023 08:30,0.0
03/10/2023 09:00,0.0
03/10/2023 09:30,0.0
03/10/2023 10:00,0.0
03/10/2023 10:30,0.0
03/10/2023 11:00,0.0
03/10/2023 11:30,0.0
03/10/2023 12:00,0.0
03/10/2023 12:30,0.0
03/10/2023 13:00,0.0
03/10/2023 13:30,0.0
03/10/2023 14:00,0.0
03/10/2023 14:30,0.0
03/10/2023 15:00,0.0
03/10/2023 15:30,0.0
03/10/2023 16:00,0.0
03/10/2023 16:30,0.0
03/10/2023 17:00,0.0
03/10/2023 17:30,0.0
03/10/2023 18:00,0.0
03/10/2023 18:30,0.0
03/10/2023 19:00,0.0
03/10/2023 19:30,0.0
03/10/2023 20:00,0.0
03/10/2023 20:30,0.0
03/10/2023 21:00,0.0
03/10/2023 21:30,0.0
03/10/2023 22:00,0.0
03/10/2023 22:30,0.0
03/10/2023 23:00,0.0
03/10/2023 23:30,0.0
03/11/2023 00:00,0.0
03/11/2023 00:30,0.0
03/11/2023 01:00,0.0
03/11/2023 01:30,0.0
03/11/2023 02:00,0.0
03/11/2023 02:30,0.0
03/11/2023 03:00,0.0
03/11/2023 03:30,0.0
03/11/2023 04:00,0.0
03/11/2023 04:30,0.0
03/11/2023 05:00,0.0
03/11/2023 05:30,0.0
03/11/2023 06:00,0.0
03/11/2023 06:30,0.0
03/11/2023 07:00,0.0
03/11/2023 07:30,0.0
03/11/2023 08:00,0.0
03/11/2023 08:30,0.0
03/11/2023 09:00,0.0
03/11/2023 09:30,0.0
03/11/2023 10:00,0.0
03/11/2023 10:30,0.0
03/11/2023 11:00,0.0
03/11/2023 11:30,0.0
03/11/2023 12:00,0.0
03/11/2023 12:30,0.0
03/11/2023 13:00,0.0
03/11/2023 13:30,0.0
03/11/2023 14:00,0.0
03/11/2023 14:30,0.0
03/11/2023 15:00,0.0
03/11/2023 15:30,0.0
03/11/2023 16:00,0.0
03/11/2023 16:30,0.0
03/11/2023 17:00,0.0
03/11/2023 17:30,0.0
03/11/2023 18:00,0.0
03/11/2023 18:30,0.0
03/11/2023 19:00,0.0
03/11/2023 19:30,0.0
03/11/2023 20:00,0.0
03/11/2023 20:30,0.0
03/11/2023 21:00,0.0
03/11/2023 21:30,0.0
03/11/2023 22:00,0.0
03/11/2023 22:30,0.0
03/11/2023 23:00,0.0
03/11/2023 23:30,0.0
03/12/2023 00:00,0.0
03/12/2023 00:30,0.0
03/12/2023 01:00,0.0
03/12/2023 01:30,0.0
03/12/2023 02:00,0.0
03/12/2023 02:30,0.0
03/12/2023 03:00,0.0
03/12/2023 03:30,0.0
03/12/2023 04:00,0.0
03/12/2023 04:30,0.0
03/12/2023 05:00,0.0
03/12/2023 05:30,0.0
03/12/2023 06:00,0.0
03/12/2023 06:30,0.0
03/12/2023 07:00,0.0
03/12/2023 07:30,0.0
03/12/2023 08:00,0.0
03/12/2023 08:30,0.0
03/12/2023 09:00,0.0
03/12/2023 09:30,0.0
03/12/2023 10:00,0.0
03/12/2023 10:30,0.0
03/12/2023 11:00,0.0
03/12/2023 11:30,0.0
03/12/2023 12:00,0.0
03/12/2023 12:30,0.0
03/12/2023 13:00,0.0
03/12/2023 13:30,0.0
03/12/2023 14:00,0.0
03/12/2023 14:30,0.0
03/12/2023 15:00,0.0
03/12/2023 15:30,0.0
03/12/2023 16:00,0.0
03/12/2023 16:30,0.0
03/12/2023 17:00,0.0
03/12/2023 17:30,0.0
03/12/2023 18:00,0.0
03/12/2023 18:30,0.0
03/12/2023 19:00,0.0
03/12/2023 19:30,0.0
03/12/2023 20:00,0.0
03/12/2023 20:30,0.0
03/12/2023 21:00,0.0
03/12/2023 21:30,0.0
03/12/2023 22:00,0.0
03/12/2023 22:30,0.0
03/12/2023 23:00,0.0
03/12/2023 23:30,0.0
03/13/2023 00:00,0.0
03/13/2023 00:30,0.0
03/13/2023 01:00,0.0
03/13/2023 01:30,0.0
03/13/2023 02:00,0.0
03/13/2023 02:30,0.0
03/13/2023 03:00,0.0
03/13/2023 03:30,0.0
03/13/2023 04:00,0.0
03/13/2023 04:30,0.0
03/13/2023 05:00,0.0
03/13/2023 05:30,0.0
03/13/2023 06:00,0.0
03/13/2023 06:30,0.0
03/13/2023 07:00,0.0
03/13/2023 07:30,0.0
03/13/2023 08:00,0.0
03/13/2023 08:30,0.0
03/13/2023 09:00,0.0
03/13/2023 09:30,0.0
03/13/2023 10:00,0.0
03/13/2023 10:30,0.0
03/13/2023 11:00,0.0
03/13/2023 11:30,0.0
03/13/2023 12:00,0.0
03/13/2023 12:30,0.0
03/13/2023 13:00,0.0
03/13/2023 13:30,0.0
03/13/2023 14:00,0.0
03/13/2023 14:30,0.0
03/13/2023 15:00,0.0
03/13/2023 15:30,0.0
03/13/2023 16:00,0.0
03/13/2023 16:30,0.0
03/13/2023 17:00,0.0
03/13/2023 17:30,0.0
03/13/2023 18:00,0.0
03/13/2023 18:30,0.0
03/13/2023 19:00,0.0
03/13/2023 19:30,0.0
03/13/2023 20:00,0.0
03/13/2023 20:30,0.0
03/13/2023 21:00,0.0
03/13/2023 21:30,0.0
03/13/2023 22:00,0.0
03/13/2023 22:30,0.0
03/13/2023 23:00,0.0
03/13/2023 23:30,0.0
03/14/2023 00:00,0.0
03/14/2023 00:30,0.0
03/14/2023 01:00,0.0
03/14/2023 01:30,0.0
03/14/2023 02:00,0.0
03/14/2023 02:30,0.0
03/14/2023 03:00,0.0
03/14/2023 03:30,0.0
03/14/2023 04:00,0.0
03/14/2023 04:30,0.0
03/14/2023 05:00,0.0
03/14/2023 05:30,0.0
03/14/2023 06:00,0.0
03/14/2023 06:30,0.0
03/14/2023 07:00,0.0
03/14/2023 07:30,0.0
03/14/2023 08:00,0.0
03/14/2023 08:30,0.0
03/14/2023 09:00,0.0
03/14/2023 09:30,0.0
03/14/2023 10:00,0.0
03/14/2023 10:30,0.0
03/14/2023 11:00,0.0
03/14/2023 11:30,0.0
03/14/2023 12:00,0.0
03/14/2023 12:30,0.0
03/14/2023 13:00,0.0
03/14/2023 13:30,0.0
03/14/2023 14:00,0.0
03/14/2023 14:30,0.0
03/14/2023 15:00,0.0
03/14/2023 15:30,0.0
03/14/2023 16:00,0.0
03/14/2023 16:30,0.0
03/14/2023 17:00,0.0
03/14/2023 17:30,0.0
03/14/2023 18:00,0.0
03/14/2023 18:30,0.0
03/14/2023 19:00,0.0
03/14/2023 19:30,0.0
03/14/2023 20:00,0.0
03/14/2023 20:30,0.0
03/14/2023 21:00,0.0
03/14/2023 21:30,0.0
03/14/2023 22:00,0.0
03/14/2023 22:30,0.0
03/14/2023 23:00,0.0
03/14/2023 23:30,0.0
03/15/2023 00:00,0.0
03/15/2023 00:30,0.0
03/15/2023 01:00,0.0
03/15/2023 01:30,0.0
03/15/2023 02:00,0.0
03/15/2023 02:30,0.0
03/15/2023 03:00,0.0
03/15/2023 03:30,0.0
03/15/2023 04:00,0.0
03/15/2023 04:30,0.0
03/15/2023 05:00,0.0
03/15/2023 05:30,0.0
03/15/2023 06:00,0.0
03/15/2023 06:30,0.0
03/15/2023 07:00,0.0
03/15/2023 07:30,0.0
03/15/2023 08:00,0.0
03/15/2023 08:30,0.0
03/15/2023 09:00,0.0
03/15/2023 09:30,0.0
03/15/2023 10:00,0.0
03/15/2023 10:30,0.0
03/15/2023 11:00,0.0
03/15/2023 11:30,0.0
03/15/2023 12:00,0.0
03/15/2023 12:30,0.0
03/15/2023 13:00,0.0
03/15/2023 13:30,0.0
03/15/2023 14:00,0.0
03/15/2023 14:30,0.0
03/15/2023 15:00,0.0
03/15/2023 15:30,0.0
03/15/2023 16:00,0.0
03/15/2023 16:30,0.0
03/15/2023 17:00,0.0
03/15/2023 17:30,0.0
03/15/2023 18:00,0.0
03/15/2023 18:30,0.0
03/15/2023 19:00,0.0
03/15/2023 19:30,0.0
03/15/2023 20:00,0.0
03/15/2023 20:30,0.0
03/15/2023 21:00,0.0
03/15/2023 21:30,0.0
03/15/2023 22:00,0.0
03/15/2023 22:30,0.0
03/15/2023 23:00,0.0
03/15/2023 23:30,0.0
03/16/2023 00:00,0.0
03/16/2023 00:30,0.0
03/16/2023 01:00,0.0
03/16/2023 01:30,0.0
03/16/2023 02:00,0.0
03/16/2023 02:30,0.0
03/16/2023 03:00,0.0
03/16/2023 03:30,0.0
03/16/2023 04:00,0.0
03/16/2023 04:30,0.0
03/16/2023 05:00,0.0
03/16/2023 05:30,0.0
03/16/2023 06:00,0.0
03/16/2023 06:30,0.0
03/16/2023 07:00,0.0
03/16/2023 07:30,0.0
03/16/2023 08:00,0.0
03/16/2023 08:30,0.0
03/16/2023 09:00,0.0
03/16/2023 09:30,0.0
03/16/2023 10:00,0.0
03/16/2023 10:30,0.0
03/16/2023 11:00,0.0
03/16/2023 11:30,0.0
03/16/2023 12:00,0.0
03/16/2023 12:30,0.0
03/16/2023 13:00,0.0
03/16/2023 13:30,0.0
03/16/2023 14:00,0.0
03/16/2023 14:30,0.0
03/16/2023 15:00,0.0
03/16/2023 15:30,0.0
03/16/2023 16:00,0.0
03/16/2023 16:30,0.0
03/16/2023 17:00,0.0
03/16/2023 17:30,0.0
03/16/2023 18:00,0.0
03/16/2023 18:30,0.0
03/16/2023 19:00,0.0
03/16/2023 19:30,0.0
03/16/2023 20:00,0.0
03/16/2023 20:30,0.0
03/16/2023 21:00,0.0
03/16/2023 21:30,0.0
03/16/2023 22:00,0.0
03/16/2023 22:30,0.0
03/16/2023 23:00,0.0
03/16/2023 23:30,0.0
03/17/2023 00:00,0.0
03/17/2023 00:30,0.0
03/17/2023 01:00,0.0
03/17/2023 01:30,0.0
03/17/2023 02:00,0.0
03/17/2023 02:30,0.0
03/17/2023 03:00,0.0
03/17/2023 03:30,0.0
03/17/2023 04:00,0.0
03/17/2023 04:30,0.0
03/17/2023 05:00,0.0
03/17/2023 05:30,0.0
03/17/2023 06:00,0.0
03/17/2023 06:30,0.0
03/17/2023 07:00,0.0
03/17/2023 07:30,0.0
03/17/2023 08:00,0.0
03/17/2023 08:30,0.0
03/17/2023 09:00,0.0
03/17/2023 09:30,0.0
03/17/2023 10:00,0.0
03/17/2023 10:30,0.0
03/17/2023 11:00,0.0
03/17/2023 11:30,0.0
03/17/2023 12:00,0.0
03/17/2023 12:30,0.0
03/17/2023 13:00,0.0
03/17/2023 13:30,0.0
03/17/2023 14:00,0.0
03/17/2023 14:30,0.0
03/17/2023 15:00,0.0
03/17/2023 15:30,0.0
03/17/2023 16:00,0.0
03/17/2023 16:30,0.0
03/17/2023 17:00,0.0
03/17/2023 17:30,0.0
03/17/2023 18:00,0.0
03/17/2023 18:30,0.0
03/17/2023 19:00,0.0
03/17/2023 19:30,0.0
03/17/2023 20:00,0.0
03/17/2023 20:30,0.0
03/17/2023 21:00,0.0
03/17/2023 21:30,0.0
03/17/2023 22:00,0.0
03/17/2023 22:30,0.0
03/17/2023 23:00,0.0
03/17/2023 23:30,0.0
03/18/2023 00:00,0.0
03/18/2023 00:30,0.0
03/18/2023 01:00,0.0
03/18/2023 01:30,0.0
03/18/2023 02:00,0.0
03/18/2023 02:30,0.0
03/18/2023 03:00,0.0
03/18/2023 03:30,0.0
03/18/2023 04:00,0.0
03/18/2023 04:30,0.0
03/18/2023 05:00,0.0
03/18/2023 05:30,0.0
03/18/2023 06:00,0.0
03/18/2023 06:30,0.0
03/18/2023 07:00,0.0
03/18/2023 07:30,0.0
03/18/2023 08:00,0.0
03/18/2023 08:30,0.0
03/18/2023 09:00,0.0
03/18/2023 09:30,0.0
03/18/2023 10:00,0.0
03/18/2023 10:30,0.0
03/18/2023 11:00,0.0
03/18/2023 11:30,0.0
03/18/2023 12:00,0.0
03/18/2023 12:30,0.0
03/18/2023 13:00,0.0
03/18/2023 13:30,0.0
03/18/2023 14:00,0.0
03/18/2023 14:30,0.0
03/18/2023 15:00,0.0
03/18/2023 15:30,0.0
03/18/2023 16:00,0.0
03/18/2023 16:30,0.0
03/18/2023 17:00,0.0
03/18/2023 17:30,0.0
03/18/2023 18:00,0.0
03/18/2023 18:30,0.0
03/18/2023 19:00,0.0
03/18/2023 19:30,0.0
03/18/2023 20:00,0.0
03/18/2023 20:30,0.0
03/18/2023 21:00,0.0
03/18/2023 21:30,0.0
03/18/2023 22:00,0.0
03/18/2023 22:30,0.0
03/18/2023 23:00,0.0
03/18/2023 23:30,0.0
03/19/2023 00:00,0.0
03/19/2023 00:30,0.0
03/19/2023 01:00,0.0
03/19/2023 01:30,0.0
03/19/2023 02:00,0.0
03/19/2023 02:30,0.0
03/19/2023 03:00,0.0
03/19/2023 03:30,0.0
03/19/2023 04:00,0.0
03/19/2023 04:30,0.0
03/19/2023 05:00,0.0
03/19/2023 05:30,0.0
03/19/2023 06:00,0.0
03/19/2023 06:30,0.0
03/19/2023 07:00,0.0
03/19/2023 07:30,0.0
03/19/2023 08:00,0.0
03/19/2023 08:30,0.0
03/19/2023 09:00,0.0
03/19/2023 09:30,0.0
03/19/2023 10:00,0.0
03/19/2023 10:30,0.0
03/19/2023 11:00,0.0
03/19/2023 11:30,0.0
03/19/2023 12:00,0.0
03/19/2023 12:30,0.0
03/19/2023 13:00,0.0
03/19/2023 13:30,0.0
03/19/2023 14:00,0.0
03/19/2023 14:30,0.0
03/19/2023 15:00,0.0
03/19/2023 15:30,0.0
03/19/2023 16:00,0.0
03/19/2023 16:30,0.0
03/19/2023 17:00,0.0
03/19/2023 17:30,0.0
03/19/2023 18:00,0.0
03/19/2023 18:30,0.0
03/19/2023 19:00,0.0
03/19/2023 19:30,0.0
03/19/2023 20:00,0.0
03/19/2023 20:30,0.0
03/19/2023 21:00,0.0
03/19/2023 21:30,0.0
03/19/2023 22:00,0.0
03/19/2023 22:30,0.0
03/19/2023 23:00,0.0
03/19/2023 23:30,0.0
03/20/2023 00:00,0.0
03/20/2023 00:30,0.0
03/20/2023 01:00,0.0
03/20/2023 01:30,0.0
03/20/2023 02:00,0.0
03/20/2023 02:30,0.0
03/20/2023 03:00,0.0
03/20/2023 03:30,0.0
03/20/2023 04:00,0.0
03/20/2023 04:30,0.0
03/20/2023 05:00,0.0
03/20/2023 05:30,0.0
03/20/2023 06:00,0.0
03/20/2023 06:30,0.0
03/20/2023 07:00,0.0
03/20/2023 07:30,0.0
03/20/2023 08:00,0.0
03/20/2023 08:30,0.0
03/20/2023 09:00,0.0
03/20/2023 09:30,0.0
03/20/2023 10:00,0.0
03/20/2023 10:30,0.0
03/20/2023 11:00,0.0
03/20/2023 11:30,0.0
03/20/2023 12:00,0.0
03/20/2023 12:30,0.0
03/20/2023 13:00,0.0
03/20/2023 13:30,0.0
03/20/2023 14:00,0.0
03/20/2023 14:30,0.0
03/20/2023 15:00,0.0
03/20/2023 15:30,0.0
03/20/2023 16:00,0.0
03/20/2023 16:30,0.0
03/20/2023 17:00,0.0
03/20/2023 17:30,0.0
03/20/2023 18:00,0.0
03/20/2023 18:30,0.0
03/20/2023 19:00,0.0
03/20/2023 19:30,0.0
03/20/2023 20:00,0.0
03/20/2023 20:30,0.0
03/20/2023 21:00,0.0
03/20/2023 21:30,0.0
03/20/2023 22:00,0.0
03/20/2023 22:30,0.0
03/20/2023 23:00,0.0
03/20/2023 23:30,0.0
03/21/2023 00:00,0.0
03/21/2023 00:30,0.0
03/21/2023 01:00,0.0
03/21/2023 01:30,0.0
03/21/2023 02:00,0.0
03/21/2023 02:30,0.0
03/21/2023 03:00,0.0
03/21/2023 03:30,0.0
03/21/2023 04:00,0.0
03/21/2023 04:30,0.0
03/21/2023 05:00,0.0
03/21/2023 05:30,0.0
03/21/2023 06:00,0.0
03/21/2023 06:30,0.0
03/21/2023 07:00,0.0
03/21/2023 07:30,0.0
03/21/2023 08:00,0.0
03/21/2023 08:30,0.0
03/21/2023 09:00,0.0
03/21/2023 09:30,0.0
03/21/2023 10:00,0.0
03/21/2023 10:30,0.0
03/21/2023 11:00,0.0
03/21/2023 11:30,0.0
03/21/2023 12:00,0.0
03/21/2023 12:30,0.0
03/21/2023 13:00,0.0
03/21/2023 13:30,0.0
03/21/2023 14:00,0.0
03/21/2023 14:30,0.0
03/21/2023 15:00,0.0
03/21/2023 15:30,0.0
03/21/2023 16:00,0.0
03/21/2023 16:30,0.0
03/21/2023 17:00,0.0
03/21/2023 17:30,0.0
03/21/2023 18:00,0.0
03/21/2023 18:30,0.0
03/21/2023 19:00,0.0
03/21/2023 19:30,0.0
03/21/2023 20:00,0.0
03/21/2023 20:30,0.0
03/21/2023 21:00,0.0
03/21/2023 21:30,0.0
03/21/2023 22:00,0.0
03/21/2023 22:30,0.0
03/21/2023 23:00,0.0
03/21/2023 23:30,0.0
03/22/2023 00:00,0.0
03/22/2023 00:30,0.0
03/22/2023 01:00,0.0
03/22/2023 01:30,0.0
03/22/2023 02:00,0.0
03/22/2023 02:30,0.0
03/22/2023 03:00,0.0
03/22/2023 03:30,0.0
03/22/2023 04:00,0.0
03/22/2023 04:30,0.0
03/22/2023 05:00,0.0
03/22/2023 05:30,0.0
03/22/2023 06:00,0.0
03/22/2023 06:30,0.0
03/22/2023 07:00,0.0
03/22/2023 07:30,0.0
03/22/2023 08:00,0.0
03/22/2023 08:30,0.0
03/22/2023 09:00,0.0
03/22/2023 09:30,0.0
03/22/2023 10:00,0.0
03/22/2023 10:30,0.0
03/22/2023 11:00,0.0
03/22/2023 11:30,0.0
03/22/2023 12:00,0.0
03/22/2023 12:30,0.0
03/22/2023 13:00,0.0
03/22/2023 13:30,0.0
03/22/2023 14:00,0.0
03/22/2023 14:30,0.0
03/22/2023 15:00,0.0
03/22/2023 15:30,0.0
03/22/2023 16:00,0.0
03/22/2023 16:30,0.0
03/22/2023 17:00,0.0
03/22/2023 17:30,0.0
03/22/2023 18:00,0.0
03/22/2023 18:30,0.0
03/22/2023 19:00,0.0
03/22/2023 19:30,0.0
03/22/2023 20:00,0.0
03/22/2023 20:30,0.0
03/22/2023 21:00,0.0
03/22/2023 21:30,0.0
03/22/2023 22:00,0.0
03/22/2023 22:30,0.0
03/22/2023 23:00,0.0
03/22/2023 23:30,0.0
03/23/2023 00:00,0.0
03/23/2023 00:30,0.0
03/23/2023 01:00,0.0
03/23/2023 01:30,0.0
03/23/2023 02:00,0.0
03/23/2023 02:30,0.0
03/23/2023 03:00,0.0
03/23/2023 03:30,0.0
03/23/2023 04:00,0.0
03/23/2023 04:30,0.0
03/23/2023 05:00,0.0
03/23/2023 05:30,0.0
03/23/2023 06:00,0.0
03/23/2023 06:30,0.0
03/23/2023 07:00,0.0
03/23/2023 07:30,0.0
03/23/2023 08:00,0.0
03/23/2023 08:30,0.0
03/23/2023 09:00,0.0
03/23/2023 09:30,0.0
03/23/2023 10:00,0.0
03/23/2023 10:30,0.0
03/23/2023 11:00,0.0
03/23/2023 11:30,0.0
03/23/2023 12:00,0.0
03/23/2023 12:30,0.0
03/23/2023 13:00,0.0
03/23/2023 13:30,0.0
03/23/2023 14:00,0.0
03/23/2023 14:30,0.0
03/23/2023 15:00,0.0
03/23/2023 15:30,0.0
03/23/2023 16:00,0.0
03/23/2023 16:30,0.0
03/23/2023 17:00,0.0
03/23/2023 17:30,0.0
03/23/2023 18:00,0.0
03/23/2023 18:30,0.0
03/23/2023 19:00,0.0
03/23/2023 19:30,0.0
03/23/2023 20:00,0.0
03/23/2023 20:30,0.0
03/23/2023 21:00,0.0
03/23/2023 21:30,0.0
03/23/2023 22:00,0.0
03/23/2023 22:30,0.0
03/23/2023 23:00,0.0
03/23/2023 23:30,0.0
03/24/2023 00:00,0.0
03/24/2023 00:30,0.0
03/24/2023 01:00,0.0
03/24/2023 01:30,0.0
03/24/2023 02:00,0.0
03/24/2023 02:30,0.0
03/24/2023 03:00,0.0
03/24/2023 03:30,0.0
03/24/2023 04:00,0.0
03/24/2023 04:30,0.0
03/24/2023 05:00,0.0
03/24/2023 05:30,0.0
03/24/2023 06:00,0.0
03/24/2023 06:30,0.0
03/24/2023 07:00,0.0
03/24/2023 07:30,0.0
03/24/2023 08:00,0.0
03/24/2023 08:30,0.0
03/24/2023 09:00,0.0
03/24/2023 09:30,0.0
03/24/2023 10:00,0.0
03/24/2023 10:30,0.0
03/24/2023 11:00,0.0
03/24/2023 11:30,0.0
03/24/2023 12:00,0.0
03/24/2023 12:30,0.0
03/24/2023 13:00,0.0
03/24/2023 13:30,0.0
03/24/2023 14:00,0.0
03/24/2023 14:30,0.0
03/24/2023 15:00,0.0
03/24/2023 15:30,0.0
03/24/2023 16:00,0.0
03/24/2023 16:30,0.0
03/24/2023 17:00,0.0
03/24/2023 17:30,0.0
03/24/2023 18:00,0.0
03/24/2023 18:30,0.0
03/24/2023 19:00,0.0
03/24/2023 19:30,0.0
03/24/2023 20:00,0.0
03/24/2023 20:30,0.0
03/24/2023 21:00,0.0
03/24/2023 21:30,0.0
03/24/2023 22:00,0.0
03/24/2023 22:30,0.0
03/24/2023 23:00,0.0
03/24/2023 23:30,0.0
03/25/2023 00:00,0.0
03/25/2023 00:30,0.0
03/25/2023 01:00,0.0
03/25/2023 01:30,0.0
03/25/2023 02:00,0.0
03/25/2023 02:30,0.0
03/25/2023 03:00,0.0
03/25/2023 03:30,0.0
03/25/2023 04:00,0.0
03/25/2023 04:30,0.0
03/25/2023 05:00,0.0
03/25/2023 05:30,0.0
03/25/2023 06:00,0.0
03/25/2023 06:30,0.0
03/25/2023 07:00,0.0
03/25/2023 07:30,0.0
03/25/2023 08:00,0.0
03/25/2023 08:30,0.0
03/25/2023 09:00,0.0
03/25/2023 09:30,0.0
03/25/2023 10:00,0.0
03/25/2023 10:30,0.0
03/25/2023 11:00,0.0
03/25/2023 11:30,0.0
03/25/2023 12:00,0.0
03/25/2023 12:30,0.0
03/25/2023 13:00,0.0
03/25/2023 13:30,0.0
03/25/2023 14:00,0.0
03/25/2023 14:30,0.0
03/25/2023 15:00,0.0
03/25/2023 15:30,0.0
03/25/2023 16:00,0.0
03/25/2023 16:30,0.0
03/25/2023 17:00,0.0
03/25/2023 17:30,0.0
03/25/2023 18:00,0.0
03/25/2023 18:30,0.0
03/25/2023 19:00,0.0
03/25/2023 19:30,0.0
03/25/2023 20:00,0.0
03/25/2023 20:30,0.0
03/25/2023 21:00,0.0
03/25/2023 21:30,0.0
03/25/2023 22:00,0.0
03/25/2023 22:30,0.0
03/25/2023 23:00,0.0
03/25/2023 23:30,0.0
03/26/2023 00:00,0.0
03/26/2023 00:30,0.0
03/26/2023 01:00,0.0
03/26/2023 01:30,0.0
03/26/2023 02:00,0.0
03/26/2023 02:30,0.0
03/26/2023 03:00,0.0
03/26/2023 03:30,0.0
03/26/2023 04:00,0.0
03/26/2023 04:30,0.0
03/26/2023 05:00,0.0
03/26/2023 05:30,0.0
03/26/2023 06:00,0.0
03/26/2023 06:30,0.0
03/26/2023 07:00,0.0
03/26/2023 07:30,0.0
03/26/2023 08:00,0.0
03/26/2023 08:30,0.0
03/26/2023 09:00,0.0
03/26/2023 09:30,0.0
03/26/2023 10:00,0.0
03/26/2023 10:30,0.0
03/26/2023 11:00,0.0
03/26/2023 11:30,0.0
03/26/2023 12:00,0.0
03/26/2023 12:30,0.0
03/26/2023 13:00,0.0
03/26/2023 13:30,0.0
03/26/2023 14:00,0.0
03/26/2023 14:30,0.0
03/26/2023 15:00,0.0
03/26/2023 15:30,0.0
03/26/2023 16:00,0.0
03/26/2023 16:30,0.0
03/26/2023 17:00,0.0
03/26/2023 17:30,0.0
03/26/2023 18:00,0.0
03/26/2023 18:30,0.0
03/26/2023 19:00,0.0
03/26/2023 19:30,0.0
03/26/2023 20:00,0.0
03/26/2023 20:30,0.0
03/26/2023 21:00,0.0
03/26/2023 21:30,0.0
03/26/2023 22:00,0.0
03/26/2023 22:30,0.0
03/26/2023 23:00,0.0
03/26/2023 23:30,0.0
03/27/2023 00:00,0.0
03/27/2023 00:30,0.0
03/27/2023 01:00,0.0
03/27/2023 01:30,0.0
03/27/2023 02:00,0.0
03/27/2023 02:30,0.0
03/27/2023 03:00,0.0
03/27/2023 03:30,0.0
03/27/2023 04:00,0.0
03/27/2023 04:30,0.0
03/27/2023 05:00,0.0
03/27/2023 05:30,0.0
03/27/2023 06:00,0.0
03/27/2023 06:30,0.0
03/27/2023 07:00,0.0
03/27/2023 07:30,0.0
03/27/2023 08:00,0.0
03/27/2023 08:30,0.0
03/27/2023 09:00,0.0
03/27/2023 09:30,0.0
03/27/2023 10:00,0.0
03/27/2023 10:30,0.0
03/27/2023 11:00,0.0
03/27/2023 11:30,0.0
03/27/2023 12:00,0.0
03/27/2023 12:30,0.0
03/27/2023 13:00,0.0
03/27/2023 13:30,0.0
03/27/2023 14:00,0.0
03/27/2023 14:30,0.0
03/27/2023 15:00,0.0
03/27/2023 15:30,0.0
03/27/2023 16:00,0.0
03/27/2023 16:30,0.0
03/27/2023 17:00,0.0
03/27/2023 17:30,0.0
03/27/2023 18:00,0.0
03/27/2023 18:30,0.0
03/27/2023 19:00,0.0
03/27/2023 19:30,0.0
03/27/2023 20:00,0.0
03/27/2023 20:30,0.0
03/27/2023 21:00,0.0
03/27/2023 21:30,0.0
03/27/2023 22:00,0.0
03/27/2023 22:30,0.0
03/27/2023 23:00,0.0
03/27/2023 23:30,0.0
03/28/2023 00:00,0.0
03/28/2023 00:30,0.0
03/28/2023 01:00,0.0
03/28/2023 01:30,0.0
03/28/2023 02:00,0.0
03/28/2023 02:30,0.0
03/28/2023 03:00,0.0
03/28/2023 03:30,0.0
03/28/2023 04:00,0.0
03/28/2023 04:30,0.0
03/28/2023 05:00,0.0
03/28/2023 05:30,0.0
03/28/2023 06:00,0.0
03/28/2023 06:30,0.0
03/28/2023 07:00,0.0
03/28/2023 07:30,0.0
03/28/2023 08:00,0.0
03/28/2023 08:30,0.0
03/28/2023 09:00,0.0
03/28/2023 09:30,0.0
03/28/2023 10:00,0.0
03/28/2023 10:30,0.0
03/28/2023 11:00,0.0
03/28/2023 11:30,0.0
03/28/2023 12:00,0.0
03/28/2023 12:30,0.0
03/28/2023 13:00,0.0
03/28/2023 13:30,0.0
03/28/2023 14:00,0.0
03/28/2023 14:30,0.0
03/28/2023 15:00,0.0
03/28/2023 15:30,0.0
03/28/2023 16:00,0.0
03/28/2023 16:30,0.0
03/28/2023 17:00,0.0
03/28/2023 17:30,0.0
03/28/2023 18:00,0.0
03/28/2023 18:30,0.0
03/28/2023 19:00,0.0
03/28/2023 19:30,0.0
03/28/2023 20:00,0.0
03/28/2023 20:30,0.0
03/28/2023 21:00,0.0
03/28/2023 21:30,0.0
03/28/2023 22:00,0.0
03/28/2023 22:30,0.0
03/28/2023 23:00,0.0
03/28/2023 23:30,0.0
03/29/2023 00:00,0.0
03/29/2023 00:30,0.0
03/29/2023 01:00,0.0
03/29/2023 01:30,0.0
03/29/2023 02:00,0.0
03/29/2023 02:30,0.0
03/29/2023 03:00,0.0
03/29/2023 03:30,0.0
03/29/2023 04:00,0.0
03/29/2023 04:30,0.0
03/29/2023 05:00,0.0
03/29/2023 05:30,0.0
03/29/2023 06:00,0.0
03/29/2023 06:30,0.0
03/29/2023 07:00,0.0
03/29/2023 07:30,0.0
03/29/2023 08:00,0.0
03/29/2023 08:30,0.0
03/29/2023 09:00,0.0
03/29/2023 09:30,0.0
03/29/2023 10:00,0.0
03/29/2023 10:30,0.0
03/29/2023 11:00,0.0
03/29/2023 11:30,0.0
03/29/2023 12:00,0.0
03/29/2023 12:30,0.0
03/29/2023 13:00,0.0
03/29/2023 13:30,0.0
03/29/2023 14:00,0.0
03/29/2023 14:30,0.0
03/29/2023 15:00,0.0
03/29/2023 15:30,0.0
03/29/2023 16:00,0.0
03/29/2023 16:30,0.0
03/29/2023 17:00,0.0
03/29/2023 17:30,0.0
03/29/2023 18:00,0.0
03/29/2023 18:30,0.0
03/29/2023 19:00,0.0
03/29/2023 19:30,0.0
03/29/2023 20:00,0.0
03/29/2023 20:30,0.0
03/29/2023 21:00,0.0
03/29/2023 21:30,0.0
03/29/2023 22:00,0.0
03/29/2023 22:30,0.0
03/29/2023 23:00,0.0
03/29/2023 23:30,0.0
03/30/2023 00:00,0.0
03/30/2023 00:30,0.0
03/30/2023 01:00,0.0
03/30/2023 01:30,0.0
03/30/2023 02:00,0.0
03/30/2023 02:30,0.0
03/30/2023 03:00,0.0
03/30/2023 03:30,0.0
03/30/2023 04:00,0.0
03/30/2023 04:30,0.0
03/30/2023 05:00,0.0
03/30/2023 05:30,0.0
03/30/2023 06:00,0.0
03/30/2023 06:30,0.0
03/30/2023 07:00,0.0
03/30/2023 07:30,0.0
03/30/2023 08:00,0.0
03/30/2023 08:30,0.0
03/30/2023 09:00,0.0
03/30/2023 09:30,0.0
03/30/2023 10:00,0.0
03/30/2023 10:30,0.0
03/30/2023 11:00,0.0
03/30/2023 11:30,0.0
03/30/2023 12:00,0.0
03/30/2023 12:30,0.0
03/30/2023 13:00,0.0
03/30/2023 13:30,0.0
03/30/2023 14:00,0.0
03/30/2023 14:30,0.0
03/30/2023 15:00,0.0
03/30/2023 15:30,0.0
03/30/2023 16:00,0.0
03/30/2023 16:30,0.0
03/30/2023 17:00,0.0
03/30/2023 17:30,0.0
03/30/2023 18:00,0.0
03/30/2023 18:30,0.0
03/30/2023 19:00,0.0
03/30/2023 19:30,0.0
03/30/2023 20:00,0.0
03/30/2023 20:30,0.0
03/30/2023 21:00,0.0
03/30/2023 21:30,0.0
03/30/2023 22:00,0.0
03/30/2023 22:30,0.0
03/30/2023 23:00,0.0
03/30/2023 23:30,0.0
03/31/2023 00:00,0.0
03/31/2023 00:30,0.0
03/31/2023 01:00,0.0
03/31/2023 01:30,0.0
03/31/2023 02:00,0.0
03/31/2023 02:30,0.0
03/31/2023 03:00,0.0
03/31/2023 03:30,0.0
03/31/2023 04:00,0.0
03/31/2023 04:30,0.0
03/31/2023 05:00,0.0
03/31/2023 05:30,0.0
03/31/2023 06:00,0.0
03/31/2023 06:30,0.0
03/31/2023 07:00,0.0
03/31/2023 07:30,0.0
03/31/2023 08:00,0.0
03/31/2023 08:30,0.0
03/31/2023 09:00,0.0
03/31/2023 09:30,0.0
03/31/2023 10:00,0.0
03/31/2023 10:30,0.0
03/31/2023 11:00,0.0
03/31/2023 11:30,0.0
03/31/2023 12:00,0.0
03/31/2023 12:30,0.0
03/31/2023 13:00,0.0
03/31/2023 13:30,0.0
03/31/2023 14:00,0.0
03/31/2023 14:30,0.0
03/31/2023 15:00,0.0
03/31/2023 15:30,0.0
03/31/2023 16:00,0.0
03/31/2023 16:30,0.0
03/31/2023 17:00,0.0
03/31/2023 17:30,0.0
03/31/2023 18:00,0.0
03/31/2023 18:30,0.0
03/31/2023 19:00,0.0
03/31/2023 19:30,0.0
03/31/2023 20:00,0.0
03/31/2023 20:30,0.0
03/31/2023 21:00,0.0
03/31/2023 21:30,0.0
03/31/2023 22:00,0.0
03/31/2023 22:30,0.0
03/31/2023 23:00,0.0
03/31/2023 23:30,0.0
04/01/2023 00:00,0.0
04/01/2023 00:30,0.0
04/01/2023 01:00,0.0
04/01/2023 01:30,0.0
04/01/2023 02:00,0.0
04/01/2023 02:30,0.0
04/01/2023 03:00,0.0
04/01/2023 03:30,0.0
04/01/2023 04:00,0.0
04/01/2023 04:30,0.0
04/01/2023 05:00,0.0
04/01/2023 05:30,0.0
04/01/2023 06:00,0.0
04/01/2023 06:30,0.0
04/01/2023 07:00,0.0
04/01/2023 07:30,0.0
04/01/2023 08:00,0.0
04/01/2023 08:30,0.0
04/01/2023 09:00,0.0
04/01/2023 09:30,0.0
04/01/2023 10:00,0.0
04/01/2023 10:30,0.0
04/01/2023 11:00,0.0
04/01/2023 11:30,0.0
04/01/2023 12:00,0.0
04/01/2023 12:30,0.0
04/01/2023 13:00,0.0
04/01/2023 13:30,0.0
04/01/2023 14:00,0.0
04/01/2023 14:30,0.0
04/01/2023 15:00,0.0
04/01/2023 15:30,0.0
04/01/2023 16:00,0.0
04/01/2023 16:30,0.0
04/01/2023 17:00,0.0
04/01/2023 17:30,0.0
04/01/2023 18:00,0.0
04/01/2023 18:30,0.0
04/01/2023 19:00,0.0
04/01/2023 19:30,0.0
04/01/2023 20:00,0.0
04/01/2023 20:30,0.0
04/01/2023 21:00,0.0
04/01/2023 21:30,0.0
04/01/2023 22:00,0.0
04/01/2023 22:30,0.0
04/01/2023 23:00,0.0
04/01/2023 23:30,0.0
04/02/2023 00:00,0.0
04/02/2023 00:30,0.0
04/02/2023 01:00,0.0
04/02/2023 01:30,0.0
04/02/2023 02:00,0.0
04/02/2023 02:30,0.0
04/02/2023 03:00,0.0
04/02/2023 03:30,0.0
04/02/2023 04:00,0.0
04/02/2023 04:30,0.0
04/02/2023 05:00,0.0
04/02/2023 05:30,0.0
04/02/2023 06:00,0.0
04/02/2023 06:30,0.0
04/02/2023 07:00,0.0
04/02/2023 07:30,0.0
04/02/2023 08:00,0.0
04/02/2023 08:30,0.0
04/02/2023 09:00,0.0
04/02/2023 09:30,0.0
04/02/2023 10:00,0.0
04/02/2023 10:30,0.0
04/02/2023 11:00,0.0
04/02/2023 11:30,0.0
04/02/2023 12:00,0.0
04/02/2023 12:30,0.0
04/02/2023 13:00,0.0
04/02/2023 13:30,0.0
04/02/2023 14:00,0.0
04/02/2023 14:30,0.0
04/02/2023 15:00,0.0
04/02/2023 15:30,0.0
04/02/2023 16:00,0.0
04/02/2023 16:30,0.0
04/02/2023 17:00,0.0
04/02/2023 17:30,0.0
04/02/2023 18:00,0.0
04/02/2023 18:30,0.0
04/02/2023 19:00,0.0
04/02/2023 19:30,0.0
04/02/2023 20:00,0.0
04/02/2023 20:30,0.0
04/02/2023 21:00,0.0
04/02/2023 21:30,0.0
04/02/2023 22:00,0.0
04/02/2023 22:30,0.0
04/02/2023 23:00,0.0
04/02/2023 23:30,0.0
04/03/2023 00:00,0.0
04/03/2023 00:30,0.0
04/03/2023 01:00,0.0
04/03/2023 01:30,0.0
04/03/2023 02:00,0.0
04/03/2023 02:30,0.0
04/03/2023 03:00,0.0
04/03/2023 03:30,0.0
04/03/2023 04:00,0.0
04/03/2023 04:30,0.0
04/03/2023 05:00,0.0
04/03/2023 05:30,0.0
04/03/2023 06:00,0.0
04/03/2023 06:30,0.0
04/03/2023 07:00,0.0
04/03/2023 07:30,0.0
04/03/2023 08:00,0.0
04/03/2023 08:30,0.0
04/03/2023 09:00,0.0
04/03/2023 09:30,0.0
04/03/2023 10:00,0.0
04/03/2023 10:30,0.0
04/03/2023 11:00,0.0
04/03/2023 11:30,0.0
04/03/2023 12:00,0.0
04/03/2023 12:30,0.0
04/03/2023 13:00,0.0
04/03/2023 13:30,0.0
04/03/2023 14:00,0.0
04/03/2023 14:30,0.0
04/03/2023 15:00,0.0
04/03/2023 15:30,0.0
04/03/2023 16:00,0.0
04/03/2023 16:30,0.0
04/03/2023 17:00,0.0
04/03/2023 17:30,0.0
04/03/2023 18:00,0.0
04/03/2023 18:30,0.0
04/03/2023 19:00,0.0
04/03/2023 19:30,0.0
04/03/2023 20:00,0.0
04/03/2023 20:30,0.0
04/03/2023 21:00,0.0
04/03/2023 21:30,0.0
04/03/2023 22:00,0.0
04/03/2023 22:30,0.0
04/03/2023 23:00,0.0
04/03/2023 23:30,0.0
04/04/2023 00:00,0.0
04/04/2023 00:30,0.0
04/04/2023 01:00,0.0
04/04/2023 01:30,0.0
04/04/2023 02:00,0.0
04/04/2023 02:30,0.0
04/04/2023 03:00,0.0
04/04/2023 03:30,0.0
04/04/2023 04:00,0.0
04/04/2023 04:30,0.0
04/04/2023 05:00,0.0
04/04/2023 05:30,0.0
04/04/2023 06:00,0.0
04/04/2023 06:30,0.0
04/04/2023 07:00,0.0
04/04/2023 07:30,0.0
04/04/2023 08:00,0.0
04/04/2023 08:30,0.0
04/04/2023 09:00,0.0
04/04/2023 09:30,0.0
04/04/2023 10:00,0.0
04/04/2023 10:30,0.0
04/04/2023 11:00,0.0
04/04/2023 11:30,0.0
04/04/2023 12:00,0.0
04/04/2023 12:30,0.0
04/04/2023 13:00,0.0
04/04/2023 13:30,0.0
04/04/2023 14:00,0.0
04/04/2023 14:30,0.0
04/04/2023 15:00,0.0
04/04/2023 15:30,0.0
04/04/2023 16:00,0.0
04/04/2023 16:30,0.0
04/04/2023 17:00,0.0
04/04/2023 17:30,0.0
04/04/2023 18:00,0.0
04/04/2023 18:30,0.0
04/04/2023 19:00,0.0
04/04/2023 19:30,0.0
04/04/2023 20:00,0.0
04/04/2023 20:30,0.0
04/04/2023 21:00,0.0
04/04/2023 21:30,0.0
04/04/2023 22:00,0.0
04/04/2023 22:30,0.0
04/04/2023 23:00,0.0
04/04/2023 23:30,0.0
04/05/2023 00:00,0.0
04/05/2023 00:30,0.0
04/05/2023 01:00,0.0
04/05/2023 01:30,0.0
04/05/2023 02:00,0.0
04/05/2023 02:30,0.0
04/05/2023 03:00,0.0
04/05/2023 03:30,0.0
04/05/2023 04:00,0.0
04/05/2023 04:30,0.0
04/05/2023 05:00,0.0
04/05/2023 05:30,0.0
04/05/2023 06:00,0.0
04/05/2023 06:30,0.0
04/05/2023 07:00,0.0
04/05/2023 07:30,0.0
04/05/2023 08:00,0.0
04/05/2023 08:30,0.0
04/05/2023 09:00,0.0
04/05/2023 09:30,0.0
04/05/2023 10:00,0.0
04/05/2023 10:30,0.0
04/05/2023 11:00,0.0
04/05/2023 11:30,0.0
04/05/2023 12:00,0.0
04/05/2023 12:30,0.0
04/05/2023 13:00,0.0
04/05/2023 13:30,0.0
04/05/2023 14:00,0.0
04/05/2023 14:30,0.0
04/05/2023 15:00,0.0
04/05/2023 15:30,0.0
04/05/2023 16:00,0.0
04/05/2023 16:30,0.0
04/05/2023 17:00,0.0
04/05/2023 17:30,0.0
04/05/2023 18:00,0.0
04/05/2023 18:30,0.0
04/05/2023 19:00,0.0
04/05/2023 19:30,0.0
04/05/2023 20:00,0.0
04/05/2023 20:30,0.0
04/05/2023 21:00,0.0
04/05/2023 21:30,0.0
04/05/2023 22:00,0.0
04/05/2023 22:30,0.0
04/05/2023 23:00,0.0
04/05/2023 23:30,0.0
04/06/2023 00:00,0.0
04/06/2023 00:30,0.0
04/06/2023 01:00,0.0
04/06/2023 01:30,0.0
04/06/2023 02:00,0.0
04/06/2023 02:30,0.0
04/06/2023 03:00,0.0
04/06/2023 03:30,0.0
04/06/2023 04:00,0.0
04/06/2023 04:30,0.0
04/06/2023 05:00,0.0
04/06/2023 05:30,0.0
04/06/2023 06:00,0.0
04/06/2023 06:30,0.0
04/06/2023 07:00,0.0
04/06/2023 07:30,0.0
04/06/2023 08:00,0.0
04/06/2023 08:30,0.0
04/06/2023 09:00,0.0
04/06/2023 09:30,0.0
04/06/2023 10:00,0.0
04/06/2023 10:30,0.0
04/06/2023 11:00,0.0
04/06/2023 11:30,0.0
04/06/2023 12:00,0.0
04/06/2023 12:30,0.0
04/06/2023 13:00,0.0
04/06/2023 13:30,0.0
04/06/2023 14:00,0.0
04/06/2023 14:30,0.0
04/06/2023 15:00,0.0
04/06/2023 15:30,0.0
04/06/2023 16:00,0.0
04/06/2023 16:30,0.0
04/06/2023 17:00,0.0
04/06/2023 17:30,0.0
04/06/2023 18:00,0.0
04/06/2023 18:30,0.0
04/06/2023 19:00,0.0
04/06/2023 19:30,0.0
04/06/2023 20:00,0.0
04/06/2023 20:30,0.0
04/06/2023 21:00,0.0
04/06/2023 21:30,0.0
04/06/2023 22:00,0.0
04/06/2023 22:30,0.0
04/06/2023 23:00,0.0
04/06/2023 23:30,0.0
04/07/2023 00:00,0.0
04/07/2023 00:30,0.0
04/07/2023 01:00,0.0
04/07/2023 01:30,0.0
04/07/2023 02:00,0.0
04/07/2023 02:30,0.0
04/07/2023 03:00,0.0
04/07/2023 03:30,0.0
04/07/2023 04:00,0.0
04/07/2023 04:30,0.0
04/07/2023 05:00,0.0
04/07/2023 05:30,0.0
04/07/2023 06:00,0.0
04/07/2023 06:30,0.0
04/07/2023 07:00,0.0
04/07/2023 07:30,0.0
04/07/2023 08:00,0.0
04/07/2023 08:30,0.0
04/07/2023 09:00,0.0
04/07/2023 09:30,0.0
04/07/2023 10:00,0.0
04/07/2023 10:30,0.0
04/07/2023 11:00,0.0
04/07/2023 11:30,0.0
04/07/2023 12:00,0.0
04/07/2023 12:30,0.0
04/07/2023 13:00,0.0
04/07/2023 13:30,0.0
04/07/2023 14:00,0.0
04/07/2023 14:30,0.0
04/07/2023 15:00,0.0
04/07/2023 15:30,0.0
04/07/2023 16:00,0.0
04/07/2023 16:30,0.0
04/07/2023 17:00,0.0
04/07/2023 17:30,0.0
04/07/2023 18:00,0.0
04/07/2023 18:30,0.0
04/07/2023 19:00,0.0
04/07/2023 19:30,0.0
04/07/2023 20:00,0.0
04/07/2023 20:30,0.0
04/07/2023 21:00,0.0
04/07/2023 21:30,0.0
04/07/2023 22:00,0.0
04/07/2023 22:30,0.0
04/07/2023 23:00,0.0
04/07/2023 23:30,0.0
04/08/2023 00:00,0.0
04/08/2023 00:30,0.0
04/08/2023 01:00,0.0
04/08/2023 01:30,0.0
04/08/2023 02:00,0.0
04/08/2023 02:30,0.0
04/08/2023 03:00,0.0
04/08/2023 03:30,0.0
04/08/2023 04:00,0.0
04/08/2023 04:30,0.0
04/08/2023 05:00,0.0
04/08/2023 05:30,0.0
04/08/2023 06:00,0.0
04/08/2023 06:30,0.0
04/08/2023 07:00,0.0
04/08/2023 07:30,0.0
04/08/2023 08:00,0.0
04/08/2023 08:30,0.0
04/08/2023 09:00,0.0
04/08/2023 09:30,0.0
04/08/2023 10:00,0.0
04/08/2023 10:30,0.0
04/08/2023 11:00,0.0
04/08/2023 11:30,0.0
04/08/2023 12:00,0.0
04/08/2023 12:30,0.0
04/08/2023 13:00,0.0
04/08/2023 13:30,0.0
04/08/2023 14:00,0.0
04/08/2023 14:30,0.0
04/08/2023 15:00,0.0
04/08/2023 15:30,0.0
04/08/2023 16:00,0.0
04/08/2023 16:30,0.0
04/08/2023 17:00,0.0
04/08/2023 17:30,0.0
04/08/2023 18:00,0.0
04/08/2023 18:30,0.0
04/08/2023 19:00,0.0
04/08/2023 19:30,0.0
04/08/2023 20:00,0.0
04/08/2023 20:30,0.0
04/08/2023 21:00,0.0
04/08/2023 21:30,0.0
04/08/2023 22:00,0.0
04/08/2023 22:30,0.0
04/08/2023 23:00,0.0
04/08/2023 23:30,0.0
04/09/2023 00:00,0.0
04/09/2023 00:30,0.0
04/09/2023 01:00,0.0
04/09/2023 01:30,0.0
04/09/2023 02:00,0.0
04/09/2023 02:30,0.0
04/09/2023 03:00,0.0
04/09/2023 03:30,0.0
04/09/2023 04:00,0.0
04/09/2023 04:30,0.0
04/09/2023 05:00,0.0
04/09/2023 05:30,0.0
04/09/2023 06:00,0.0
04/09/2023 06:30,0.0
04/09/2023 07:00,0.0
04/09/2023 07:30,0.0
04/09/2023 08:00,0.0
04/09/2023 08:30,0.0
04/09/2023 09:00,0.0
04/09/2023 09:30,0.0
04/09/2023 10:00,0.0
04/09/2023 10:30,0.0
04/09/2023 11:00,0.0
04/09/2023 11:30,0.0
04/09/2023 12:00,0.0
04/09/2023 12:30,0.0
04/09/2023 13:00,0.0
04/09/2023 13:30,0.0
04/09/2023 14:00,0.0
04/09/2023 14:30,0.0
04/09/2023 15:00,0.0
04/09/2023 15:30,0.0
04/09/2023 16:00,0.0
04/09/2023 16:30,0.0
04/09/2023 17:00,0.0
04/09/2023 17:30,0.0
04/09/2023 18:00,0.0
04/09/2023 18:30,0.0
04/09/2023 19:00,0.0
04/09/2023 19:30,0.0
04/09/2023 20:00,0.0
04/09/2023 20:30,0.0
04/09/2023 21:00,0.0
04/09/2023 21:30,0.0
04/09/2023 22:00,0.0
04/09/2023 22:30,0.0
04/09/2023 23:00,0.0
04/09/2023 23:30,0.0
04/10/2023 00:00,0.0
04/10/2023 00:30,0.0
04/10/2023 01:00,0.0
04/10/2023 01:30,0.0
04/10/2023 02:00,0.0
04/10/2023 02:30,0.0
04/10/2023 03:00,0.0
04/10/2023 03:30,0.0
04/10/2023 04:00,0.0
04/10/2023 04:30,0.0
04/10/2023 05:00,0.0
04/10/2023 05:30,0.0
04/10/2023 06:00,0.0
04/10/2023 06:30,0.0
04/10/2023 07:00,0.0
04/10/2023 07:30,0.0
04/10/2023 08:00,0.0
04/10/2023 08:30,0.0
04/10/2023 09:00,0.0
04/10/2023 09:30,0.0
04/10/2023 10:00,0.0
04/10/2023 10:30,0.0
04/10/2023 11:00,0.0
04/10/2023 11:30,0.0
04/10/2023 12:00,0.0
04/10/2023 12:30,0.0
04/10/2023 13:00,0.0
04/10/2023 13:30,0.0
04/10/2023 14:00,0.0
04/10/2023 14:30,0.0
04/10/2023 15:00,0.0
04/10/2023 15:30,0.0
04/10/2023 16:00,0.0
04/10/2023 16:30,0.0
04/10/2023 17:00,0.0
04/10/2023 17:30,0.0
04/10/2023 18:00,0.0
04/10/2023 18:30,0.0
04/10/2023 19:00,0.0
04/10/2023 19:30,0.0
04/10/2023 20:00,0.0
04/10/2023 20:30,0.0
04/10/2023 21:00,0.0
04/10/2023 21:30,0.0
04/10/2023 22:00,0.0
04/10/2023 22:30,0.0
04/10/2023 23:00,0.0
04/10/2023 23:30,0.0
04/11/2023 00:00,0.0
04/11/2023 00:30,0.0
04/11/2023 01:00,0.0
04/11/2023 01:30,0.0
04/11/2023 02:00,0.0
04/11/2023 02:30,0.0
04/11/2023 03:00,0.0
04/11/2023 03:30,0.0
04/11/2023 04:00,0.0
04/11/2023 04:30,0.0
04/11/2023 05:00,0.0
04/11/2023 05:30,0.0
04/11/2023 06:00,0.0
04/11/2023 06:30,0.0
04/11/2023 07:00,0.0
04/11/2023 07:30,0.0
04/11/2023 08:00,0.0
04/11/2023 08:30,0.0
04/11/2023 09:00,0.0
04/11/2023 09:30,0.0
04/11/2023 10:00,0.0
04/11/2023 10:30,0.0
04/11/2023 11:00,0.0
04/11/2023 11:30,0.0
04/11/2023 12:00,0.0
04/11/2023 12:30,0.0
04/11/2023 13:00,0.0
04/11/2023 13:30,0.0
04/11/2023 14:00,0.0
04/11/2023 14:30,0.0
04/11/2023 15:00,0.0
04/11/2023 15:30,0.0
04/11/2023 16:00,0.0
04/11/2023 16:30,0.0
04/11/2023 17:00,0.0
04/11/2023 17:30,0.0
04/11/2023 18:00,0.0
04/11/2023 18:30,0.0
04/11/2023 19:00,0.0
04/11/2023 19:30,0.0
04/11/2023 20:00,0.0
04/11/2023 20:30,0.0
04/11/2023 21:00,0.0
04/11/2023 21:30,0.0
04/11/2023 22:00,0.0
04/11/2023 22:30,0.0
04/11/2023 23:00,0.0
04/11/2023 23:30,0.0
04/12/2023 00:00,0.0
04/12/2023 00:30,0.0
04/12/2023 01:00,0.0
04/12/2023 01:30,0.0
04/12/2023 02:00,0.0
04/12/2023 02:30,0.0
04/12/2023 03:00,0.0
04/12/2023 03:30,0.0
04/12/2023 04:00,0.0
04/12/2023 04:30,0.0
04/12/2023 05:00,0.0
04/12/2023 05:30,0.0
04/12/2023 06:00,0.0
04/12/2023 06:30,0.0
04/12/2023 07:00,0.0
04/12/2023 07:30,0.0
04/12/2023 08:00,0.0
04/12/2023 08:30,0.0
04/12/2023 09:00,0.0
04/12/2023 09:30,0.0
04/12/2023 10:00,0.0
04/12/2023 10:30,0.0
04/12/2023 11:00,0.0
04/12/2023 11:30,0.0
04/12/2023 12:00,0.0
04/12/2023 12:30,0.0
04/12/2023 13:00,0.0
04/12/2023 13:30,0.0
04/12/2023 14:00,0.0
04/12/2023 14:30,0.0
04/12/2023 15:00,0.0
04/12/2023 15:30,0.0
04/12/2023 16:00,0.0
04/12/2023 16:30,0.0
04/12/2023 17:00,0.0
04/12/2023 17:30,0.0
04/12/2023 18:00,0.0
04/12/2023 18:30,0.0
04/12/2023 19:00,0.0
04/12/2023 19:30,0.0
04/12/2023 20:00,0.0
04/12/2023 20:30,0.0
04/12/2023 21:00,0.0
04/12/2023 21:30,0.0
04/12/2023 22:00,0.0
04/12/2023 22:30,0.0
04/12/2023 23:00,0.0
04/12/2023 23:30,0.0
04/13/2023 00:00,0.0
04/13/2023 00:30,0.0
04/13/2023 01:00,0.0
04/13/2023 01:30,0.0
04/13/2023 02:00,0.0
04/13/2023 02:30,0.0
04/13/2023 03:00,0.0
04/13/2023 03:30,0.0
04/13/2023 04:00,0.0
04/13/2023 04:30,0.0
04/13/2023 05:00,0.0
04/13/2023 05:30,0.0
04/13/2023 06:00,0.0
04/13/2023 06:30,0.0
04/13/2023 07:00,0.0
04/13/2023 07:30,0.0
04/13/2023 08:00,0.0
04/13/2023 08:30,0.0
04/13/2023 09:00,0.0
04/13/2023 09:30,0.0
04/13/2023 10:00,0.0
04/13/2023 10:30,0.0
04/13/2023 11:00,0.0
04/13/2023 11:30,0.0
04/13/2023 12:00,0.0
04/13/2023 12:30,0.0
04/13/2023 13:00,0.0
04/13/2023 13:30,0.0
04/13/2023 14:00,0.0
04/13/2023 14:30,0.0
04/13/2023 15:00,0.0
04/13/2023 15:30,0.0
04/13/2023 16:00,0.0
04/13/2023 16:30,0.0
04/13/2023 17:00,0.0
04/13/2023 17:30,0.0
04/13/2023 18:00,0.0
04/13/2023 18:30,0.0
04/13/2023 19:00,0.0
04/13/2023 19:30,0.0
04/13/2023 20:00,0.0
04/13/2023 20:30,0.0
04/13/2023 21:00,0.0
04/13/2023 21:30,0.0
04/13/2023 22:00,0.0
04/13/2023 22:30,0.0
04/13/2023 23:00,0.0
04/13/2023 23:30,0.0
04/14/2023 00:00,0.0
04/14/2023 00:30,0.0
04/14/2023 01:00,0.0
04/14/2023 01:30,0.0
04/14/2023 02:00,0.0
04/14/2023 02:30,0.0
04/14/2023 03:00,0.0
04/14/2023 03:30,0.0
04/14/2023 04:00,0.0
04/14/2023 04:30,0.0
04/14/2023 05:00,0.0
04/14/2023 05:30,0.0
04/14/2023 06:00,0.0
04/14/2023 06:30,0.0
04/14/2023 07:00,0.0
04/14/2023 07:30,0.0
04/14/2023 08:00,0.0
04/14/2023 08:30,0.0
04/14/2023 09:00,0.0
04/14/2023 09:30,0.0
04/14/2023 10:00,0.0
04/14/2023 10:30,0.0
04/14/2023 11:00,0.0
04/14/2023 11:30,0.0
04/14/2023 12:00,0.0
04/14/2023 12:30,0.0
04/14/2023 13:00,0.0
04/14/2023 13:30,0.0
04/14/2023 14:00,0.0
04/14/2023 14:30,0.0
04/14/2023 15:00,0.0
04/14/2023 15:30,0.0
04/14/2023 16:00,0.0
04/14/2023 16:30,0.0
04/14/2023 17:00,0.0
04/14/2023 17:30,0.0
04/14/2023 18:00,0.0
04/14/2023 18:30,0.0
04/14/2023 19:00,0.0
04/14/2023 19:30,0.0
04/14/2023 20:00,0.0
04/14/2023 20:30,0.0
04/14/2023 21:00,0.0
04/14/2023 21:30,0.0
04/14/2023 22:00,0.0
04/14/2023 22:30,0.0
04/14/2023 23:00,0.0
04/14/2023 23:30,0.0
04/15/2023 00:00,0.0
04/15/2023 00:30,0.0
04/15/2023 01:00,0.0
04/15/2023 01:30,0.0
04/15/2023 02:00,0.0
04/15/2023 02:30,0.0
04/15/2023 03:00,0.0
04/15/2023 03:30,0.0
04/15/2023 04:00,0.0
04/15/2023 04:30,0.0
04/15/2023 05:00,0.0
04/15/2023 05:30,0.0
04/15/2023 06:00,0.0
04/15/2023 06:30,0.0
04/15/2023 07:00,0.0
04/15/2023 07:30,0.0
04/15/2023 08:00,0.0
04/15/2023 08:30,0.0
04/15/2023 09:00,0.0
04/15/2023 09:30,0.0
04/15/2023 10:00,0.0
04/15/2023 10:30,0.0
04/15/2023 11:00,0.0
04/15/2023 11:30,0.0
04/15/2023 12:00,0.0
04/15/2023 12:30,0.0
04/15/2023 13:00,0.0
04/15/2023 13:30,0.0
04/15/2023 14:00,0.0
04/15/2023 14:30,0.0
04/15/2023 15:00,0.0
04/15/2023 15:30,0.0
04/15/2023 16:00,0.0
04/15/2023 16:30,0.0
04/15/2023 17:00,0.0
04/15/2023 17:30,0.0
04/15/2023 18:00,0.0
04/15/2023 18:30,0.0
04/15/2023 19:00,0.0
04/15/2023 19:30,0.0
04/15/2023 20:00,0.0
04/15/2023 20:30,0.0
04/15/2023 21:00,0.0
04/15/2023 21:30,0.0
04/15/2023 22:00,0.0
04/15/2023 22:30,0.0
04/15/2023 23:00,0.0
04/15/2023 23:30,0.0
04/16/2023 00:00,0.0
04/16/2023 00:30,0.0
04/16/2023 01:00,0.0
04/16/2023 01:30,0.0
04/16/2023 02:00,0.0
04/16/2023 02:30,0.0
04/16/2023 03:00,0.0
04/16/2023 03:30,0.0
04/16/2023 04:00,0.0
04/16/2023 04:30,0.0
04/16/2023 05:00,0.0
04/16/2023 05:30,0.0
04/16/2023 06:00,0.0
04/16/2023 06:30,0.0
04/16/2023 07:00,0.0
04/16/2023 07:30,0.0
04/16/2023 08:00,0.0
04/16/2023 08:30,0.0
04/16/2023 09:00,0.0
04/16/2023 09:30,0.0
04/16/2023 10:00,0.0
04/16/2023 10:30,0.0
04/16/2023 11:00,0.0
04/16/2023 11:30,0.0
04/16/2023 12:00,0.0
04/16/2023 12:30,0.0
04/16/2023 13:00,0.0
04/16/2023 13:30,0.0
04/16/2023 14:00,0.0
04/16/2023 14:30,0.0
04/16/2023 15:00,0.0
04/16/2023 15:30,0.0
04/16/2023 16:00,0.0
04/16/2023 16:30,0.0
04/16/2023 17:00,0.0
04/16/2023 17:30,0.0
04/16/2023 18:00,0.0
04/16/2023 18:30,0.0
04/16/2023 19:00,0.0
04/16/2023 19:30,0.0
04/16/2023 20:00,0.0
04/16/2023 20:30,0.0
04/16/2023 21:00,0.0
04/16/2023 21:30,0.0
04/16/2023 22:00,0.0
04/16/2023 22:30,0.0
04/16/2023 23:00,0.0
04/16/2023 23:30,0.0
04/17/2023 00:00,0.0
04/17/2023 00:30,0.0
04/17/2023 01:00,0.0
04/17/2023 01:30,0.0
04/17/2023 02:00,0.0
04/17/2023 02:30,0.0
04/17/2023 03:00,0.0
04/17/2023 03:30,0.0
04/17/2023 04:00,0.0
04/17/2023 04:30,0.0
04/17/2023 05:00,0.0
04/17/2023 05:30,0.0
04/17/2023 06:00,0.0
04/17/2023 06:30,0.0
04/17/2023 07:00,0.0
04/17/2023 07:30,0.0
04/17/2023 08:00,0.0
04/17/2023 08:30,0.0
04/17/2023 09:00,0.0
04/17/2023 09:30,0.0
04/17/2023 10:00,0.0
04/17/2023 10:30,0.0
04/17/2023 11:00,0.0
04/17/2023 11:30,0.0
04/17/2023 12:00,0.0
04/17/2023 12:30,0.0
04/17/2023 13:00,0.0
04/17/2023 13:30,0.0
04/17/2023 14:00,0.0
04/17/2023 14:30,0.0
04/17/2023 15:00,0.0
04/17/2023 15:30,0.0
04/17/2023 16:00,0.0
04/17/2023 16:30,0.0
04/17/2023 17:00,0.0
04/17/2023 17:30,0.0
04/17/2023 18:00,0.0
04/17/2023 18:30,0.0
04/17/2023 19:00,0.0
04/17/2023 19:30,0.0
04/17/2023 20:00,0.0
04/17/2023 20:30,0.0
04/17/2023 21:00,0.0
04/17/2023 21:30,0.0
04/17/2023 22:00,0.0
04/17/2023 22:30,0.0
04/17/2023 23:00,0.0
04/17/2023 23:30,0.0
04/18/2023 00:00,0.0
04/18/2023 00:30,0.0
04/18/2023 01:00,0.0
04/18/2023 01:30,0.0
04/18/2023 02:00,0.0
04/18/2023 02:30,0.0
04/18/2023 03:00,0.0
04/18/2023 03:30,0.0
04/18/2023 04:00,0.0
04/18/2023 04:30,0.0
04/18/2023 05:00,0.0
04/18/2023 05:30,0.0
04/18/2023 06:00,0.0
04/18/2023 06:30,0.0
04/18/2023 07:00,0.0
04/18/2023 07:30,0.0
04/18/2023 08:00,0.0
04/18/2023 08:30,0.0
04/18/2023 09:00,0.0
04/18/2023 09:30,0.0
04/18/2023 10:00,0.0
04/18/2023 10:30,0.0
04/18/2023 11:00,0.0
04/18/2023 11:30,0.0
04/18/2023 12:00,0.0
04/18/2023 12:30,0.0
04/18/2023 13:00,0.0
04/18/2023 13:30,0.0
04/18/2023 14:00,0.0
04/18/2023 14:30,0.0
04/18/2023 15:00,0.0
04/18/2023 15:30,0.0
04/18/2023 16:00,0.0
04/18/2023 16:30,0.0
04/18/2023 17:00,0.0
04/18/2023 17:30,0.0
04/18/2023 18:00,0.0
04/18/2023 18:30,0.0
04/18/2023 19:00,0.0
04/18/2023 19:30,0.0
04/18/2023 20:00,0.0
04/18/2023 20:30,0.0
04/18/2023 21:00,0.0
04/18/2023 21:30,0.0
04/18/2023 22:00,0.0
04/18/2023 22:30,0.0
04/18/2023 23:00,0.0
04/18/2023 23:30,0.0
04/19/2023 00:00,0.0
04/19/2023 00:30,0.0
04/19/2023 01:00,0.0
04/19/2023 01:30,0.0
04/19/2023 02:00,0.0
04/19/2023 02:30,0.0
04/19/2023 03:00,0.0
04/19/2023 03:30,0.0
04/19/2023 04:00,0.0
04/19/2023 04:30,0.0
04/19/2023 05:00,0.0
04/19/2023 05:30,0.0
04/19/2023 06:00,0.0
04/19/2023 06:30,0.0
04/19/2023 07:00,0.0
04/19/2023 07:30,0.0
04/19/2023 08:00,0.0
04/19/2023 08:30,0.0
04/19/2023 09:00,0.0
04/19/2023 09:30,0.0
04/19/2023 10:00,0.0
04/19/2023 10:30,0.0
04/19/2023 11:00,0.0
04/19/2023 11:30,0.0
04/19/2023 12:00,0.0
04/19/2023 12:30,0.0
04/19/2023 13:00,0.0
04/19/2023 13:30,0.0
04/19/2023 14:00,0.0
04/19/2023 14:30,0.0
04/19/2023 15:00,0.0
04/19/2023 15:30,0.0
04/19/2023 16:00,0.0
04/19/2023 16:30,0.0
04/19/2023 17:00,0.0
04/19/2023 17:30,0.0
04/19/2023 18:00,0.0
04/19/2023 18:30,0.0
04/19/2023 19:00,0.0
04/19/2023 19:30,0.0
04/19/2023 20:00,0.0
04/19/2023 20:30,0.0
04/19/2023 21:00,0.0
04/19/2023 21:30,0.0
04/19/2023 22:00,0.0
04/19/2023 22:30,0.0
04/19/2023 23:00,0.0
04/19/2023 23:30,0.0
04/20/2023 00:00,0.495
04/20/2023 00:30,0.495
04/20/2023 01:00,0.495
04/20/2023 01:30,0.495
04/20/2023 02:00,0.495
04/20/2023 02:30,0.495
04/20/2023 03:00,0.495
04/20/2023 03:30,0.495
04/20/2023 04:00,0.495
04/20/2023 04:30,0.495
04/20/2023 05:00,0.495
04/20/2023 05:30,0.495
04/20/2023 06:00,0.495
04/20/2023 06:30,0.495
04/20/2023 07:00,0.495
04/20/2023 07:30,0.495
04/20/2023 08:00,0.495
04/20/2023 08:30,0.495
04/20/2023 09:00,0.495
04/20/2023 09:30,0.495
04/20/2023 10:00,0.495
04/20/2023 10:30,0.495
04/20/2023 11:00,0.495
04/20/2023 11:30,0.495
04/20/2023 12:00,0.495
04/20/2023 12:30,0.495
04/20/2023 13:00,0.495
04/20/2023 13:30,0.495
04/20/2023 14:00,0.495
04/20/2023 14:30,0.495
04/20/2023 15:00,0.495
04/20/2023 15:30,0.495
04/20/2023 16:00,0.495
04/20/2023 16:30,0.495
04/20/2023 17:00,0.495
04/20/2023 17:30,0.495
04/20/2023 18:00,0.495
04/20/2023 18:30,0.495
04/20/2023 19:00,0.495
04/20/2023 19:30,0.495
04/20/2023 20:00,0.495
04/20/2023 20:30,0.495
04/20/2023 21:00,0.495
04/20/2023 21:30,0.495
04/20/2023 22:00,0.495
04/20/2023 22:30,0.495
04/20/2023 23:00,0.495
04/20/2023 23:30,0.495
04/21/2023 00:00,0.0
04/21/2023 00:30,0.0
04/21/2023 01:00,0.0
04/21/2023 01:30,0.0
04/21/2023 02:00,0.0
04/21/2023 02:30,0.0
04/21/2023 03:00,0.0
04/21/2023 03:30,0.0
04/21/2023 04:00,0.0
04/21/2023 04:30,0.0
04/21/2023 05:00,0.0
04/21/2023 05:30,0.0
04/21/2023 06:00,0.0
04/21/2023 06:30,0.0
04/21/2023 07:00,0.0
04/21/2023 07:30,0.0
04/21/2023 08:00,0.0
04/21/2023 08:30,0.0
04/21/2023 09:00,0.0
04/21/2023 09:30,0.0
04/21/2023 10:00,0.0
04/21/2023 10:30,0.0
04/21/2023 11:00,0.0
04/21/2023 11:30,0.0
04/21/2023 12:00,0.0
04/21/2023 12:30,0.0
04/21/2023 13:00,0.0
04/21/2023 13:30,0.0
04/21/2023 14:00,0.0
04/21/2023 14:30,0.0
04/21/2023 15:00,0.0
04/21/2023 15:30,0.0
04/21/2023 16:00,0.0
04/21/2023 16:30,0.0
04/21/2023 17:00,0.0
04/21/2023 17:30,0.0
04/21/2023 18:00,0.0
04/21/2023 18:30,0.0
04/21/2023 19:00,0.0
04/21/2023 19:30,0.0
04/21/2023 20:00,0.0
04/21/2023 20:30,0.0
04/21/2023 21:00,0.0
04/21/2023 21:30,0.0
04/21/2023 22:00,0.0
04/21/2023 22:30,0.0
04/21/2023 23:00,0.0
04/21/2023 23:30,0.0
04/22/2023 00:00,0.0
04/22/2023 00:30,0.0
04/22/2023 01:00,0.0
04/22/2023 01:30,0.0
04/22/2023 02:00,0.0
04/22/2023 02:30,0.0
04/22/2023 03:00,0.0
04/22/2023 03:30,0.0
04/22/2023 04:00,0.0
04/22/2023 04:30,0.0
04/22/2023 05:00,0.0
04/22/2023 05:30,0.0
04/22/2023 06:00,0.0
04/22/2023 06:30,0.0
04/22/2023 07:00,0.0
04/22/2023 07:30,0.0
04/22/2023 08:00,0.0
04/22/2023 08:30,0.0
04/22/2023 09:00,0.0
04/22/2023 09:30,0.0
04/22/2023 10:00,0.0
04/22/2023 10:30,0.0
04/22/2023 11:00,0.0
04/22/2023 11:30,0.0
04/22/2023 12:00,0.0
04/22/2023 12:30,0.0
04/22/2023 13:00,0.0
04/22/2023 13:30,0.0
04/22/2023 14:00,0.0
04/22/2023 14:30,0.0
04/22/2023 15:00,0.0
04/22/2023 15:30,0.0
04/22/2023 16:00,0.0
04/22/2023 16:30,0.0
04/22/2023 17:00,0.0
04/22/2023 17:30,0.0
04/22/2023 18:00,0.0
04/22/2023 18:30,0.0
04/22/2023 19:00,0.0
04/22/2023 19:30,0.0
04/22/2023 20:00,0.0
04/22/2023 20:30,0.0
04/22/2023 21:00,0.0
04/22/2023 21:30,0.0
04/22/2023 22:00,0.0
04/22/2023 22:30,0.0
04/22/2023 23:00,0.0
04/22/2023 23:30,0.0
04/23/2023 00:00,0.0
04/23/2023 00:30,0.0
04/23/2023 01:00,0.0
04/23/2023 01:30,0.0
04/23/2023 02:00,0.0
04/23/2023 02:30,0.0
04/23/2023 03:00,0.0
04/23/2023 03:30,0.0
04/23/2023 04:00,0.0
04/23/2023 04:30,0.0
04/23/2023 05:00,0.0
04/23/2023 05:30,0.0
04/23/2023 06:00,0.0
04/23/2023 06:30,0.0
04/23/2023 07:00,0.0
04/23/2023 07:30,0.0
04/23/2023 08:00,0.0
04/23/2023 08:30,0.0
04/23/2023 09:00,0.0
04/23/2023 09:30,0.0
04/23/2023 10:00,0.0
04/23/2023 10:30,0.0
04/23/2023 11:00,0.0
04/23/2023 11:30,0.0
04/23/2023 12:00,0.0
04/23/2023 12:30,0.0
04/23/2023 13:00,0.0
04/23/2023 13:30,0.0
04/23/2023 14:00,0.0
04/23/2023 14:30,0.0
04/23/2023 15:00,0.0
04/23/2023 15:30,0.0
04/23/2023 16:00,0.0
04/23/2023 16:30,0.0
04/23/2023 17:00,0.0
04/23/2023 17:30,0.0
04/23/2023 18:00,0.0
04/23/2023 18:30,0.0
04/23/2023 19:00,0.0
04/23/2023 19:30,0.0
04/23/2023 20:00,0.0
04/23/2023 20:30,0.0
04/23/2023 21:00,0.0
04/23/2023 21:30,0.0
04/23/2023 22:00,0.0
04/23/2023 22:30,0.0
04/23/2023 23:00,0.0
04/23/2023 23:30,0.0
04/24/2023 00:00,0.0
04/24/2023 00:30,0.0
04/24/2023 01:00,0.0
04/24/2023 01:30,0.0
04/24/2023 02:00,0.0
04/24/2023 02:30,0.0
04/24/2023 03:00,0.0
04/24/2023 03:30,0.0
04/24/2023 04:00,0.0
04/24/2023 04:30,0.0
04/24/2023 05:00,0.0
04/24/2023 05:30,0.0
04/24/2023 06:00,0.0
04/24/2023 06:30,0.0
04/24/2023 07:00,0.0
04/24/2023 07:30,0.0
04/24/2023 08:00,0.0
04/24/2023 08:30,0.0
04/24/2023 09:00,0.0
04/24/2023 09:30,0.0
04/24/2023 10:00,0.0
04/24/2023 10:30,0.0
04/24/2023 11:00,0.0
04/24/2023 11:30,0.0
04/24/2023 12:00,0.0
04/24/2023 12:30,0.0
04/24/2023 13:00,0.0
04/24/2023 13:30,0.0
04/24/2023 14:00,0.0
04/24/2023 14:30,0.0
04/24/2023 15:00,0.0
04/24/2023 15:30,0.0
04/24/2023 16:00,0.0
04/24/2023 16:30,0.0
04/24/2023 17:00,0.0
04/24/2023 17:30,0.0
04/24/2023 18:00,0.0
04/24/2023 18:30,0.0
04/24/2023 19:00,0.0
04/24/2023 19:30,0.0
04/24/2023 20:00,0.0
04/24/2023 20:30,0.0
04/24/2023 21:00,0.0
04/24/2023 21:30,0.0
04/24/2023 22:00,0.0
04/24/2023 22:30,0.0
04/24/2023 23:00,0.0
04/24/2023 23:30,0.0
04/25/2023 00:00,0.0
04/25/2023 00:30,0.0
04/25/2023 01:00,0.0
04/25/2023 01:30,0.0
04/25/2023 02:00,0.0
04/25/2023 02:30,0.0
04/25/2023 03:00,0.0
04/25/2023 03:30,0.0
04/25/2023 04:00,0.0
04/25/2023 04:30,0.0
04/25/2023 05:00,0.0
04/25/2023 05:30,0.0
04/25/2023 06:00,0.0
04/25/2023 06:30,0.0
04/25/2023 07:00,0.0
04/25/2023 07:30,0.0
04/25/2023 08:00,0.0
04/25/2023 08:30,0.0
04/25/2023 09:00,0.0
04/25/2023 09:30,0.0
04/25/2023 10:00,0.0
04/25/2023 10:30,0.0
04/25/2023 11:00,0.0
04/25/2023 11:30,0.0
04/25/2023 12:00,0.0
04/25/2023 12:30,0.0
04/25/2023 13:00,0.0
04/25/2023 13:30,0.0
04/25/2023 14:00,0.0
04/25/2023 14:30,0.0
04/25/2023 15:00,0.0
04/25/2023 15:30,0.0
04/25/2023 16:00,0.0
04/25/2023 16:30,0.0
04/25/2023 17:00,0.0
04/25/2023 17:30,0.0
04/25/2023 18:00,0.0
04/25/2023 18:30,0.0
04/25/2023 19:00,0.0
04/25/2023 19:30,0.0
04/25/2023 20:00,0.0
04/25/2023 20:30,0.0
04/25/2023 21:00,0.0
04/25/2023 21:30,0.0
04/25/2023 22:00,0.0
04/25/2023 22:30,0.0
04/25/2023 23:00,0.0
04/25/2023 23:30,0.0
04/26/2023 00:00,0.0
04/26/2023 00:30,0.0
04/26/2023 01:00,0.0
04/26/2023 01:30,0.0
04/26/2023 02:00,0.0
04/26/2023 02:30,0.0
04/26/2023 03:00,0.0
04/26/2023 03:30,0.0
04/26/2023 04:00,0.0
04/26/2023 04:30,0.0
04/26/2023 05:00,0.0
04/26/2023 05:30,0.0
04/26/2023 06:00,0.0
04/26/2023 06:30,0.0
04/26/2023 07:00,0.0
04/26/2023 07:30,0.0
04/26/2023 08:00,0.0
04/26/2023 08:30,0.0
04/26/2023 09:00,0.0
04/26/2023 09:30,0.0
04/26/2023 10:00,0.0
04/26/2023 10:30,0.0
04/26/2023 11:00,0.0
04/26/2023 11:30,0.0
04/26/2023 12:00,0.0
04/26/2023 12:30,0.0
04/26/2023 13:00,0.0
04/26/2023 13:30,0.0
04/26/2023 14:00,0.0
04/26/2023 14:30,0.0
04/26/2023 15:00,0.0
04/26/2023 15:30,0.0
04/26/2023 16:00,0.0
04/26/2023 16:30,0.0
04/26/2023 17:00,0.0
04/26/2023 17:30,0.0
04/26/2023 18:00,0.0
04/26/2023 18:30,0.0
04/26/2023 19:00,0.0
04/26/2023 19:30,0.0
04/26/2023 20:00,0.0
04/26/2023 20:30,0.0
04/26/2023 21:00,0.0
04/26/2023 21:30,0.0
04/26/2023 22:00,0.0
04/26/2023 22:30,0.0
04/26/2023 23:00,0.0
04/26/2023 23:30,0.0
04/27/2023 00:00,0.0
04/27/2023 00:30,0.0
04/27/2023 01:00,0.0
04/27/2023 01:30,0.0
04/27/2023 02:00,0.0
04/27/2023 02:30,0.0
04/27/2023 03:00,0.0
04/27/2023 03:30,0.0
04/27/2023 04:00,0.0
04/27/2023 04:30,0.0
04/27/2023 05:00,0.0
04/27/2023 05:30,0.0
04/27/2023 06:00,0.0
04/27/2023 06:30,0.0
04/27/2023 07:00,0.0
04/27/2023 07:30,0.0
04/27/2023 08:00,0.0
04/27/2023 08:30,0.0
04/27/2023 09:00,0.0
04/27/2023 09:30,0.0
04/27/2023 10:00,0.0
04/27/2023 10:30,0.0
04/27/2023 11:00,0.0
04/27/2023 11:30,0.0
04/27/2023 12:00,0.0
04/27/2023 12:30,0.0
04/27/2023 13:00,0.0
04/27/2023 13:30,0.0
04/27/2023 14:00,0.0
04/27/2023 14:30,0.0
04/27/2023 15:00,0.0
04/27/2023 15:30,0.0
04/27/2023 16:00,0.0
04/27/2023 16:30,0.0
04/27/2023 17:00,0.0
04/27/2023 17:30,0.0
04/27/2023 18:00,0.0
04/27/2023 18:30,0.0
04/27/2023 19:00,0.0
04/27/2023 19:30,0.0
04/27/2023 20:00,0.0
04/27/2023 20:30,0.0
04/27/2023 21:00,0.0
04/27/2023 21:30,0.0
04/27/2023 22:00,0.0
04/27/2023 22:30,0.0
04/27/2023 23:00,0.0
04/27/2023 23:30,0.0
04/28/2023 00:00,0.0
04/28/2023 00:30,0.0
04/28/2023 01:00,0.0
04/28/2023 01:30,0.0
04/28/2023 02:00,0.0
04/28/2023 02:30,0.0
04/28/2023 03:00,0.0
04/28/2023 03:30,0.0
04/28/2023 04:00,0.0
04/28/2023 04:30,0.0
04/28/2023 05:00,0.0
04/28/2023 05:30,0.0
04/28/2023 06:00,0.0
04/28/2023 06:30,0.0
04/28/2023 07:00,0.0
04/28/2023 07:30,0.0
04/28/2023 08:00,0.0
04/28/2023 08:30,0.0
04/28/2023 09:00,0.0
04/28/2023 09:30,0.0
04/28/2023 10:00,0.0
04/28/2023 10:30,0.0
04/28/2023 11:00,0.0
04/28/2023 11:30,0.0
04/28/2023 12:00,0.0
04/28/2023 12:30,0.0
04/28/2023 13:00,0.0
04/28/2023 13:30,0.0
04/28/2023 14:00,0.0
04/28/2023 14:30,0.0
04/28/2023 15:00,0.0
04/28/2023 15:30,0.0
04/28/2023 16:00,0.0
04/28/2023 16:30,0.0
04/28/2023 17:00,0.0
04/28/2023 17:30,0.0
04/28/2023 18:00,0.0
04/28/2023 18:30,0.0
04/28/2023 19:00,0.0
04/28/2023 19:30,0.0
04/28/2023 20:00,0.0
04/28/2023 20:30,0.0
04/28/2023 21:00,0.0
04/28/2023 21:30,0.0
04/28/2023 22:00,0.0
04/28/2023 22:30,0.0
04/28/2023 23:00,0.0
04/28/2023 23:30,0.0
04/29/2023 00:00,0.0
04/29/2023 00:30,0.0
04/29/2023 01:00,0.0
04/29/2023 01:30,0.0
04/29/2023 02:00,0.0
04/29/2023 02:30,0.0
04/29/2023 03:00,0.0
04/29/2023 03:30,0.0
04/29/2023 04:00,0.0
04/29/2023 04:30,0.0
04/29/2023 05:00,0.0
04/29/2023 05:30,0.0
04/29/2023 06:00,0.0
04/29/2023 06:30,0.0
04/29/2023 07:00,0.0
04/29/2023 07:30,0.0
04/29/2023 08:00,0.0
04/29/2023 08:30,0.0
04/29/2023 09:00,0.0
04/29/2023 09:30,0.0
04/29/2023 10:00,0.0
04/29/2023 10:30,0.0
04/29/2023 11:00,0.0
04/29/2023 11:30,0.0
04/29/2023 12:00,0.0
04/29/2023 12:30,0.0
04/29/2023 13:00,0.0
04/29/2023 13:30,0.0
04/29/2023 14:00,0.0
04/29/2023 14:30,0.0
04/29/2023 15:00,0.0
04/29/2023 15:30,0.0
04/29/2023 16:00,0.0
04/29/2023 16:30,0.0
04/29/2023 17:00,0.0
04/29/2023 17:30,0.0
04/29/2023 18:00,0.0
04/29/2023 18:30,0.0
04/29/2023 19:00,0.0
04/29/2023 19:30,0.0
04/29/2023 20:00,0.0
04/29/2023 20:30,0.0
04/29/2023 21:00,0.0
04/29/2023 21:30,0.0
04/29/2023 22:00,0.0
04/29/2023 22:30,0.0
04/29/2023 23:00,0.0
04/29/2023 23:30,0.0
04/30/2023 00:00,0.0
04/30/2023 00:30,0.0
04/30/2023 01:00,0.0
04/30/2023 01:30,0.0
04/30/2023 02:00,0.0
04/30/2023 02:30,0.0
04/30/2023 03:00,0.0
04/30/2023 03:30,0.0
04/30/2023 04:00,0.0
04/30/2023 04:30,0.0
04/30/2023 05:00,0.0
04/30/2023 05:30,0.0
04/30/2023 06:00,0.0
04/30/2023 06:30,0.0
04/30/2023 07:00,0.0
04/30/2023 07:30,0.0
04/30/2023 08:00,0.0
04/30/2023 08:30,0.0
04/30/2023 09:00,0.0
04/30/2023 09:30,0.0
04/30/2023 10:00,0.0
04/30/2023 10:30,0.0
04/30/2023 11:00,0.0
04/30/2023 11:30,0.0
04/30/2023 12:00,0.0
04/30/2023 12:30,0.0
04/30/2023 13:00,0.0
04/30/2023 13:30,0.0
04/30/2023 14:00,0.0
04/30/2023 14:30,0.0
04/30/2023 15:00,0.0
04/30/2023 15:30,0.0
04/30/2023 16:00,0.0
04/30/2023 16:30,0.0
04/30/2023 17:00,0.0
04/30/2023 17:30,0.0
04/30/2023 18:00,0.0
04/30/2023 18:30,0.0
04/30/2023 19:00,0.0
04/30/2023 19:30,0.0
04/30/2023 20:00,0.0
04/30/2023 20:30,0.0
04/30/2023 21:00,0.0
04/30/2023 21:30,0.0
04/30/2023 22:00,0.0
04/30/2023 22:30,0.0
04/30/2023 23:00,0.0
04/30/2023 23:30,0.0
05/01/2023 00:00,0.0
05/01/2023 00:30,0.0
05/01/2023 01:00,0.0
05/01/2023 01:30,0.0
05/01/2023 02:00,0.0
05/01/2023 02:30,0.0
05/01/2023 03:00,0.0
05/01/2023 03:30,0.0
05/01/2023 04:00,0.0
05/01/2023 04:30,0.0
05/01/2023 05:00,0.0
05/01/2023 05:30,0.0
05/01/2023 06:00,0.0
05/01/2023 06:30,0.0
05/01/2023 07:00,0.0
05/01/2023 07:30,0.0
05/01/2023 08:00,0.0
05/01/2023 08:30,0.0
05/01/2023 09:00,0.0
05/01/2023 09:30,0.0
05/01/2023 10:00,0.0
05/01/2023 10:30,0.0
05/01/2023 11:00,0.0
05/01/2023 11:30,0.0
05/01/2023 12:00,0.0
05/01/2023 12:30,0.0
05/01/2023 13:00,0.0
05/01/2023 13:30,0.0
05/01/2023 14:00,0.0
05/01/2023 14:30,0.0
05/01/2023 15:00,0.0
05/01/2023 15:30,0.0
05/01/2023 16:00,0.0
05/01/2023 16:30,0.0
05/01/2023 17:00,0.0
05/01/2023 17:30,0.0
05/01/2023 18:00,0.0
05/01/2023 18:30,0.0
05/01/2023 19:00,0.0
05/01/2023 19:30,0.0
05/01/2023 20:00,0.0
05/01/2023 20:30,0.0
05/01/2023 21:00,0.0
05/01/2023 21:30,0.0
05/01/2023 22:00,0.0
05/01/2023 22:30,0.0
05/01/2023 23:00,0.0
05/01/2023 23:30,0.0
05/02/2023 00:00,0.0
05/02/2023 00:30,0.0
05/02/2023 01:00,0.0
05/02/2023 01:30,0.0
05/02/2023 02:00,0.0
05/02/2023 02:30,0.0
05/02/2023 03:00,0.0
05/02/2023 03:30,0.0
05/02/2023 04:00,0.0
05/02/2023 04:30,0.0
05/02/2023 05:00,0.0
05/02/2023 05:30,0.0
05/02/2023 06:00,0.0
05/02/2023 06:30,0.0
05/02/2023 07:00,0.0
05/02/2023 07:30,0.0
05/02/2023 08:00,0.0
05/02/2023 08:30,0.0
05/02/2023 09:00,0.0
05/02/2023 09:30,0.0
05/02/2023 10:00,0.0
05/02/2023 10:30,0.0
05/02/2023 11:00,0.0
05/02/2023 11:30,0.0
05/02/2023 12:00,0.0
05/02/2023 12:30,0.0
05/02/2023 13:00,0.0
05/02/2023 13:30,0.0
05/02/2023 14:00,0.0
05/02/2023 14:30,0.0
05/02/2023 15:00,0.0
05/02/2023 15:30,0.0
05/02/2023 16:00,0.0
05/02/2023 16:30,0.0
05/02/2023 17:00,0.0
05/02/2023 17:30,0.0
05/02/2023 18:00,0.0
05/02/2023 18:30,0.0
05/02/2023 19:00,0.0
05/02/2023 19:30,0.0
05/02/2023 20:00,0.0
05/02/2023 20:30,0.0
05/02/2023 21:00,0.0
05/02/2023 21:30,0.0
05/02/2023 22:00,0.0
05/02/2023 22:30,0.0
05/02/2023 23:00,0.0
05/02/2023 23:30,0.0
05/03/2023 00:00,0.0
05/03/2023 00:30,0.0
05/03/2023 01:00,0.0
05/03/2023 01:30,0.0
05/03/2023 02:00,0.0
05/03/2023 02:30,0.0
05/03/2023 03:00,0.0
05/03/2023 03:30,0.0
05/03/2023 04:00,0.0
05/03/2023 04:30,0.0
05/03/2023 05:00,0.0
05/03/2023 05:30,0.0
05/03/2023 06:00,0.0
05/03/2023 06:30,0.0
05/03/2023 07:00,0.0
05/03/2023 07:30,0.0
05/03/2023 08:00,0.0
05/03/2023 08:30,0.0
05/03/2023 09:00,0.0
05/03/2023 09:30,0.0
05/03/2023 10:00,0.0
05/03/2023 10:30,0.0
05/03/2023 11:00,0.0
05/03/2023 11:30,0.0
05/03/2023 12:00,0.0
05/03/2023 12:30,0.0
05/03/2023 13:00,0.0
05/03/2023 13:30,0.0
05/03/2023 14:00,0.0
05/03/2023 14:30,0.0
05/03/2023 15:00,0.0
05/03/2023 15:30,0.0
05/03/2023 16:00,0.0
05/03/2023 16:30,0.0
05/03/2023 17:00,0.0
05/03/2023 17:30,0.0
05/03/2023 18:00,0.0
05/03/2023 18:30,0.0
05/03/2023 19:00,0.0
05/03/2023 19:30,0.0
05/03/2023 20:00,0.0
05/03/2023 20:30,0.0
05/03/2023 21:00,0.0
05/03/2023 21:30,0.0
05/03/2023 22:00,0.0
05/03/2023 22:30,0.0
05/03/2023 23:00,0.0
05/03/2023 23:30,0.0
05/04/2023 00:00,0.0
05/04/2023 00:30,0.0
05/04/2023 01:00,0.0
05/04/2023 01:30,0.0
05/04/2023 02:00,0.0
05/04/2023 02:30,0.0
05/04/2023 03:00,0.0
05/04/2023 03:30,0.0
05/04/2023 04:00,0.0
05/04/2023 04:30,0.0
05/04/2023 05:00,0.0
05/04/2023 05:30,0.0
05/04/2023 06:00,0.0
05/04/2023 06:30,0.0
05/04/2023 07:00,0.0
05/04/2023 07:30,0.0
05/04/2023 08:00,0.0
05/04/2023 08:30,0.0
05/04/2023 09:00,0.0
05/04/2023 09:30,0.0
05/04/2023 10:00,0.0
05/04/2023 10:30,0.0
05/04/2023 11:00,0.0
05/04/2023 11:30,0.0
05/04/2023 12:00,0.0
05/04/2023 12:30,0.0
05/04/2023 13:00,0.0
05/04/2023 13:30,0.0
05/04/2023 14:00,0.0
05/04/2023 14:30,0.0
05/04/2023 15:00,0.0
05/04/2023 15:30,0.0
05/04/2023 16:00,0.0
05/04/2023 16:30,0.0
05/04/2023 17:00,0.0
05/04/2023 17:30,0.0
05/04/2023 18:00,0.0
05/04/2023 18:30,0.0
05/04/2023 19:00,0.0
05/04/2023 19:30,0.0
05/04/2023 20:00,0.0
05/04/2023 20:30,0.0
05/04/2023 21:00,0.0
05/04/2023 21:30,0.0
05/04/2023 22:00,0.0
05/04/2023 22:30,0.0
05/04/2023 23:00,0.0
05/04/2023 23:30,0.0
05/05/2023 00:00,0.0
05/05/2023 00:30,0.0
05/05/2023 01:00,0.0
05/05/2023 01:30,0.0
05/05/2023 02:00,0.0
05/05/2023 02:30,0.0
05/05/2023 03:00,0.0
05/05/2023 03:30,0.0
05/05/2023 04:00,0.0
05/05/2023 04:30,0.0
05/05/2023 05:00,0.0
05/05/2023 05:30,0.0
05/05/2023 06:00,0.0
05/05/2023 06:30,0.0
05/05/2023 07:00,0.0
05/05/2023 07:30,0.0
05/05/2023 08:00,0.0
05/05/2023 08:30,0.0
05/05/2023 09:00,0.0
05/05/2023 09:30,0.0
05/05/2023 10:00,0.0
05/05/2023 10:30,0.0
05/05/2023 11:00,0.0
05/05/2023 11:30,0.0
05/05/2023 12:00,0.0
05/05/2023 12:30,0.0
05/05/2023 13:00,0.0
05/05/2023 13:30,0.0
05/05/2023 14:00,0.0
05/05/2023 14:30,0.0
05/05/2023 15:00,0.0
05/05/2023 15:30,0.0
05/05/2023 16:00,0.0
05/05/2023 16:30,0.0
05/05/2023 17:00,0.0
05/05/2023 17:30,0.0
05/05/2023 18:00,0.0
05/05/2023 18:30,0.0
05/05/2023 19:00,0.0
05/05/2023 19:30,0.0
05/05/2023 20:00,0.0
05/05/2023 20:30,0.0
05/05/2023 21:00,0.0
05/05/2023 21:30,0.0
05/05/2023 22:00,0.0
05/05/2023 22:30,0.0
05/05/2023 23:00,0.0
05/05/2023 23:30,0.0
05/06/2023 00:00,0.0
05/06/2023 00:30,0.0
05/06/2023 01:00,0.0
05/06/2023 01:30,0.0
05/06/2023 02:00,0.0
05/06/2023 02:30,0.0
05/06/2023 03:00,0.0
05/06/2023 03:30,0.0
05/06/2023 04:00,0.0
05/06/2023 04:30,0.0
05/06/2023 05:00,0.0
05/06/2023 05:30,0.0
05/06/2023 06:00,0.0
05/06/2023 06:30,0.0
05/06/2023 07:00,0.0
05/06/2023 07:30,0.0
05/06/2023 08:00,0.0
05/06/2023 08:30,0.0
05/06/2023 09:00,0.0
05/06/2023 09:30,0.0
05/06/2023 10:00,0.0
05/06/2023 10:30,0.0
05/06/2023 11:00,0.0
05/06/2023 11:30,0.0
05/06/2023 12:00,0.0
05/06/2023 12:30,0.0
05/06/2023 13:00,0.0
05/06/2023 13:30,0.0
05/06/2023 14:00,0.0
05/06/2023 14:30,0.0
05/06/2023 15:00,0.0
05/06/2023 15:30,0.0
05/06/2023 16:00,0.0
05/06/2023 16:30,0.0
05/06/2023 17:00,0.0
05/06/2023 17:30,0.0
05/06/2023 18:00,0.0
05/06/2023 18:30,0.0
05/06/2023 19:00,0.0
05/06/2023 19:30,0.0
05/06/2023 20:00,0.0
05/06/2023 20:30,0.0
05/06/2023 21:00,0.0
05/06/2023 21:30,0.0
05/06/2023 22:00,0.0
05/06/2023 22:30,0.0
05/06/2023 23:00,0.0
05/06/2023 23:30,0.0
05/07/2023 00:00,0.0
05/07/2023 00:30,0.0
05/07/2023 01:00,0.0
05/07/2023 01:30,0.0
05/07/2023 02:00,0.0
05/07/2023 02:30,0.0
05/07/2023 03:00,0.0
05/07/2023 03:30,0.0
05/07/2023 04:00,0.0
05/07/2023 04:30,0.0
05/07/2023 05:00,0.0
05/07/2023 05:30,0.0
05/07/2023 06:00,0.0
05/07/2023 06:30,0.0
05/07/2023 07:00,0.0
05/07/2023 07:30,0.0
05/07/2023 08:00,0.0
05/07/2023 08:30,0.0
05/07/2023 09:00,0.0
05/07/2023 09:30,0.0
05/07/2023 10:00,0.0
05/07/2023 10:30,0.0
05/07/2023 11:00,0.0
05/07/2023 11:30,0.0
05/07/2023 12:00,0.0
05/07/2023 12:30,0.0
05/07/2023 13:00,0.0
05/07/2023 13:30,0.0
05/07/2023 14:00,0.0
05/07/2023 14:30,0.0
05/07/2023 15:00,0.0
05/07/2023 15:30,0.0
05/07/2023 16:00,0.0
05/07/2023 16:30,0.0
05/07/2023 17:00,0.0
05/07/2023 17:30,0.0
05/07/2023 18:00,0.0
05/07/2023 18:30,0.0
05/07/2023 19:00,0.0
05/07/2023 19:30,0.0
05/07/2023 20:00,0.0
05/07/2023 20:30,0.0
05/07/2023 21:00,0.0
05/07/2023 21:30,0.0
05/07/2023 22:00,0.0
05/07/2023 22:30,0.0
05/07/2023 23:00,0.0
05/07/2023 23:30,0.0
05/08/2023 00:00,0.0
05/08/2023 00:30,0.0
05/08/2023 01:00,0.0
05/08/2023 01:30,0.0
05/08/2023 02:00,0.0
05/08/2023 02:30,0.0
05/08/2023 03:00,0.0
05/08/2023 03:30,0.0
05/08/2023 04:00,0.0
05/08/2023 04:30,0.0
05/08/2023 05:00,0.0
05/08/2023 05:30,0.0
05/08/2023 06:00,0.0
05/08/2023 06:30,0.0
05/08/2023 07:00,0.0
05/08/2023 07:30,0.0
05/08/2023 08:00,0.0
05/08/2023 08:30,0.0
05/08/2023 09:00,0.0
05/08/2023 09:30,0.0
05/08/2023 10:00,0.0
05/08/2023 10:30,0.0
05/08/2023 11:00,0.0
05/08/2023 11:30,0.0
05/08/2023 12:00,0.0
05/08/2023 12:30,0.0
05/08/2023 13:00,0.0
05/08/2023 13:30,0.0
05/08/2023 14:00,0.0
05/08/2023 14:30,0.0
05/08/2023 15:00,0.0
05/08/2023 15:30,0.0
05/08/2023 16:00,0.0
05/08/2023 16:30,0.0
05/08/2023 17:00,0.0
05/08/2023 17:30,0.0
05/08/2023 18:00,0.0
05/08/2023 18:30,0.0
05/08/2023 19:00,0.0
05/08/2023 19:30,0.0
05/08/2023 20:00,0.0
05/08/2023 20:30,0.0
05/08/2023 21:00,0.0
05/08/2023 21:30,0.0
05/08/2023 22:00,0.0
05/08/2023 22:30,0.0
05/08/2023 23:00,0.0
05/08/2023 23:30,0.0
05/09/2023 00:00,0.0
05/09/2023 00:30,0.0
05/09/2023 01:00,0.0
05/09/2023 01:30,0.0
05/09/2023 02:00,0.0
05/09/2023 02:30,0.0
05/09/2023 03:00,0.0
05/09/2023 03:30,0.0
05/09/2023 04:00,0.0
05/09/2023 04:30,0.0
05/09/2023 05:00,0.0
05/09/2023 05:30,0.0
05/09/2023 06:00,0.0
05/09/2023 06:30,0.0
05/09/2023 07:00,0.0
05/09/2023 07:30,0.0
05/09/2023 08:00,0.0
05/09/2023 08:30,0.0
05/09/2023 09:00,0.0
05/09/2023 09:30,0.0
05/09/2023 10:00,0.0
05/09/2023 10:30,0.0
05/09/2023 11:00,0.0
05/09/2023 11:30,0.0
05/09/2023 12:00,0.0
05/09/2023 12:30,0.0
05/09/2023 13:00,0.0
05/09/2023 13:30,0.0
05/09/2023 14:00,0.0
05/09/2023 14:30,0.0
05/09/2023 15:00,0.0
05/09/2023 15:30,0.0
05/09/2023 16:00,0.0
05/09/2023 16:30,0.0
05/09/2023 17:00,0.0
05/09/2023 17:30,0.0
05/09/2023 18:00,0.0
05/09/2023 18:30,0.0
05/09/2023 19:00,0.0
05/09/2023 19:30,0.0
05/09/2023 20:00,0.0
05/09/2023 20:30,0.0
05/09/2023 21:00,0.0
05/09/2023 21:30,0.0
05/09/2023 22:00,0.0
05/09/2023 22:30,0.0
05/09/2023 23:00,0.0
05/09/2023 23:30,0.0
05/10/2023 00:00,0.0
05/10/2023 00:30,0.0
05/10/2023 01:00,0.0
05/10/2023 01:30,0.0
05/10/2023 02:00,0.0
05/10/2023 02:30,0.0
05/10/2023 03:00,0.0
05/10/2023 03:30,0.0
05/10/2023 04:00,0.0
05/10/2023 04:30,0.0
05/10/2023 05:00,0.0
05/10/2023 05:30,0.0
05/10/2023 06:00,0.0
05/10/2023 06:30,0.0
05/10/2023 07:00,0.0
05/10/2023 07:30,0.0
05/10/2023 08:00,0.0
05/10/2023 08:30,0.0
05/10/2023 09:00,0.0
05/10/2023 09:30,0.0
05/10/2023 10:00,0.0
05/10/2023 10:30,0.0
05/10/2023 11:00,0.0
05/10/2023 11:30,0.0
05/10/2023 12:00,0.0
05/10/2023 12:30,0.0
05/10/2023 13:00,0.0
05/10/2023 13:30,0.0
05/10/2023 14:00,0.0
05/10/2023 14:30,0.0
05/10/2023 15:00,0.0
05/10/2023 15:30,0.0
05/10/2023 16:00,0.0
05/10/2023 16:30,0.0
05/10/2023 17:00,0.0
05/10/2023 17:30,0.0
05/10/2023 18:00,0.0
05/10/2023 18:30,0.0
05/10/2023 19:00,0.0
05/10/2023 19:30,0.0
05/10/2023 20:00,0.0
05/10/2023 20:30,0.0
05/10/2023 21:00,0.0
05/10/2023 21:30,0.0
05/10/2023 22:00,0.0
05/10/2023 22:30,0.0
05/10/2023 23:00,0.0
05/10/2023 23:30,0.0
05/11/2023 00:00,0.0
05/11/2023 00:30,0.0
05/11/2023 01:00,0.0
05/11/2023 01:30,0.0
05/11/2023 02:00,0.0
05/11/2023 02:30,0.0
05/11/2023 03:00,0.0
05/11/2023 03:30,0.0
05/11/2023 04:00,0.0
05/11/2023 04:30,0.0
05/11/2023 05:00,0.0
05/11/2023 05:30,0.0
05/11/2023 06:00,0.0
05/11/2023 06:30,0.0
05/11/2023 07:00,0.0
05/11/2023 07:30,0.0
05/11/2023 08:00,0.0
05/11/2023 08:30,0.0
05/11/2023 09:00,0.0
05/11/2023 09:30,0.0
05/11/2023 10:00,0.0
05/11/2023 10:30,0.0
05/11/2023 11:00,0.0
05/11/2023 11:30,0.0
05/11/2023 12:00,0.0
05/11/2023 12:30,0.0
05/11/2023 13:00,0.0
05/11/2023 13:30,0.0
05/11/2023 14:00,0.0
05/11/2023 14:30,0.0
05/11/2023 15:00,0.0
05/11/2023 15:30,0.0
05/11/2023 16:00,0.0
05/11/2023 16:30,0.0
05/11/2023 17:00,0.0
05/11/2023 17:30,0.0
05/11/2023 18:00,0.0
05/11/2023 18:30,0.0
05/11/2023 19:00,0.0
05/11/2023 19:30,0.0
05/11/2023 20:00,0.0
05/11/2023 20:30,0.0
05/11/2023 21:00,0.0
05/11/2023 21:30,0.0
05/11/2023 22:00,0.0
05/11/2023 22:30,0.0
05/11/2023 23:00,0.0
05/11/2023 23:30,0.0
05/12/2023 00:00,0.0
05/12/2023 00:30,0.0
05/12/2023 01:00,0.0
05/12/2023 01:30,0.0
05/12/2023 02:00,0.0
05/12/2023 02:30,0.0
05/12/2023 03:00,0.0
05/12/2023 03:30,0.0
05/12/2023 04:00,0.0
05/12/2023 04:30,0.0
05/12/2023 05:00,0.0
05/12/2023 05:30,0.0
05/12/2023 06:00,0.0
05/12/2023 06:30,0.0
05/12/2023 07:00,0.0
05/12/2023 07:30,0.0
05/12/2023 08:00,0.0
05/12/2023 08:30,0.0
05/12/2023 09:00,0.0
05/12/2023 09:30,0.0
05/12/2023 10:00,0.0
05/12/2023 10:30,0.0
05/12/2023 11:00,0.0
05/12/2023 11:30,0.0
05/12/2023 12:00,0.0
05/12/2023 12:30,0.0
05/12/2023 13:00,0.0
05/12/2023 13:30,0.0
05/12/2023 14:00,0.0
05/12/2023 14:30,0.0
05/12/2023 15:00,0.0
05/12/2023 15:30,0.0
05/12/2023 16:00,0.0
05/12/2023 16:30,0.0
05/12/2023 17:00,0.0
05/12/2023 17:30,0.0
05/12/2023 18:00,0.0
05/12/2023 18:30,0.0
05/12/2023 19:00,0.0
05/12/2023 19:30,0.0
05/12/2023 20:00,0.0
05/12/2023 20:30,0.0
05/12/2023 21:00,0.0
05/12/2023 21:30,0.0
05/12/2023 22:00,0.0
05/12/2023 22:30,0.0
05/12/2023 23:00,0.0
05/12/2023 23:30,0.0
05/13/2023 00:00,0.0
05/13/2023 00:30,0.0
05/13/2023 01:00,0.0
05/13/2023 01:30,0.0
05/13/2023 02:00,0.0
05/13/2023 02:30,0.0
05/13/2023 03:00,0.0
05/13/2023 03:30,0.0
05/13/2023 04:00,0.0
05/13/2023 04:30,0.0
05/13/2023 05:00,0.0
05/13/2023 05:30,0.0
05/13/2023 06:00,0.0
05/13/2023 06:30,0.0
05/13/2023 07:00,0.0
05/13/2023 07:30,0.0
05/13/2023 08:00,0.0
05/13/2023 08:30,0.0
05/13/2023 09:00,0.0
05/13/2023 09:30,0.0
05/13/2023 10:00,0.0
05/13/2023 10:30,0.0
05/13/2023 11:00,0.0
05/13/2023 11:30,0.0
05/13/2023 12:00,0.0
05/13/2023 12:30,0.0
05/13/2023 13:00,0.0
05/13/2023 13:30,0.0
05/13/2023 14:00,0.0
05/13/2023 14:30,0.0
05/13/2023 15:00,0.0
05/13/2023 15:30,0.0
05/13/2023 16:00,0.0
05/13/2023 16:30,0.0
05/13/2023 17:00,0.0
05/13/2023 17:30,0.0
05/13/2023 18:00,0.0
05/13/2023 18:30,0.0
05/13/2023 19:00,0.0
05/13/2023 19:30,0.0
05/13/2023 20:00,0.0
05/13/2023 20:30,0.0
05/13/2023 21:00,0.0
05/13/2023 21:30,0.0
05/13/2023 22:00,0.0
05/13/2023 22:30,0.0
05/13/2023 23:00,0.0
05/13/2023 23:30,0.0
05/14/2023 00:00,0.0
05/14/2023 00:30,0.0
05/14/2023 01:00,0.0
05/14/2023 01:30,0.0
05/14/2023 02:00,0.0
05/14/2023 02:30,0.0
05/14/2023 03:00,0.0
05/14/2023 03:30,0.0
05/14/2023 04:00,0.0
05/14/2023 04:30,0.0
05/14/2023 05:00,0.0
05/14/2023 05:30,0.0
05/14/2023 06:00,0.0
05/14/2023 06:30,0.0
05/14/2023 07:00,0.0
05/14/2023 07:30,0.0
05/14/2023 08:00,0.0
05/14/2023 08:30,0.0
05/14/2023 09:00,0.0
05/14/2023 09:30,0.0
05/14/2023 10:00,0.0
05/14/2023 10:30,0.0
05/14/2023 11:00,0.0
05/14/2023 11:30,0.0
05/14/2023 12:00,0.0
05/14/2023 12:30,0.0
05/14/2023 13:00,0.0
05/14/2023 13:30,0.0
05/14/2023 14:00,0.0
05/14/2023 14:30,0.0
05/14/2023 15:00,0.0
05/14/2023 15:30,0.0
05/14/2023 16:00,0.0
05/14/2023 16:30,0.0
05/14/2023 17:00,0.0
05/14/2023 17:30,0.0
05/14/2023 18:00,0.0
05/14/2023 18:30,0.0
05/14/2023 19:00,0.0
05/14/2023 19:30,0.0
05/14/2023 20:00,0.0
05/14/2023 20:30,0.0
05/14/2023 21:00,0.0
05/14/2023 21:30,0.0
05/14/2023 22:00,0.0
05/14/2023 22:30,0.0
05/14/2023 23:00,0.0
05/14/2023 23:30,0.0
05/15/2023 00:00,0.0
05/15/2023 00:30,0.0
05/15/2023 01:00,0.0
05/15/2023 01:30,0.0
05/15/2023 02:00,0.0
05/15/2023 02:30,0.0
05/15/2023 03:00,0.0
05/15/2023 03:30,0.0
05/15/2023 04:00,0.0
05/15/2023 04:30,0.0
05/15/2023 05:00,0.0
05/15/2023 05:30,0.0
05/15/2023 06:00,0.0
05/15/2023 06:30,0.0
05/15/2023 07:00,0.0
05/15/2023 07:30,0.0
05/15/2023 08:00,0.0
05/15/2023 08:30,0.0
05/15/2023 09:00,0.0
05/15/2023 09:30,0.0
05/15/2023 10:00,0.0
05/15/2023 10:30,0.0
05/15/2023 11:00,0.0
05/15/2023 11:30,0.0
05/15/2023 12:00,0.0
05/15/2023 12:30,0.0
05/15/2023 13:00,0.0
05/15/2023 13:30,0.0
05/15/2023 14:00,0.0
05/15/2023 14:30,0.0
05/15/2023 15:00,0.0
05/15/2023 15:30,0.0
05/15/2023 16:00,0.0
05/15/2023 16:30,0.0
05/15/2023 17:00,0.0
05/15/2023 17:30,0.0
05/15/2023 18:00,0.0
05/15/2023 18:30,0.0
05/15/2023 19:00,0.0
05/15/2023 19:30,0.0
05/15/2023 20:00,0.0
05/15/2023 20:30,0.0
05/15/2023 21:00,0.0
05/15/2023 21:30,0.0
05/15/2023 22:00,0.0
05/15/2023 22:30,0.0
05/15/2023 23:00,0.0
05/15/2023 23:30,0.0
05/16/2023 00:00,0.0
05/16/2023 00:30,0.0
05/16/2023 01:00,0.0
05/16/2023 01:30,0.0
05/16/2023 02:00,0.0
05/16/2023 02:30,0.0
05/16/2023 03:00,0.0
05/16/2023 03:30,0.0
05/16/2023 04:00,0.0
05/16/2023 04:30,0.0
05/16/2023 05:00,0.0
05/16/2023 05:30,0.0
05/16/2023 06:00,0.0
05/16/2023 06:30,0.0
05/16/2023 07:00,0.0
05/16/2023 07:30,0.0
05/16/2023 08:00,0.0
05/16/2023 08:30,0.0
05/16/2023 09:00,0.0
05/16/2023 09:30,0.0
05/16/2023 10:00,0.0
05/16/2023 10:30,0.0
05/16/2023 11:00,0.0
05/16/2023 11:30,0.0
05/16/2023 12:00,0.0
05/16/2023 12:30,0.0
05/16/2023 13:00,0.0
05/16/2023 13:30,0.0
05/16/2023 14:00,0.0
05/16/2023 14:30,0.0
05/16/2023 15:00,0.0
05/16/2023 15:30,0.0
05/16/2023 16:00,0.0
05/16/2023 16:30,0.0
05/16/2023 17:00,0.0
05/16/2023 17:30,0.0
05/16/2023 18:00,0.0
05/16/2023 18:30,0.0
05/16/2023 19:00,0.0
05/16/2023 19:30,0.0
05/16/2023 20:00,0.0
05/16/2023 20:30,0.0
05/16/2023 21:00,0.0
05/16/2023 21:30,0.0
05/16/2023 22:00,0.0
05/16/2023 22:30,0.0
05/16/2023 23:00,0.0
05/16/2023 23:30,0.0
05/17/2023 00:00,0.0
05/17/2023 00:30,0.0
05/17/2023 01:00,0.0
05/17/2023 01:30,0.0
05/17/2023 02:00,0.0
05/17/2023 02:30,0.0
05/17/2023 03:00,0.0
05/17/2023 03:30,0.0
05/17/2023 04:00,0.0
05/17/2023 04:30,0.0
05/17/2023 05:00,0.0
05/17/2023 05:30,0.0
05/17/2023 06:00,0.0
05/17/2023 06:30,0.0
05/17/2023 07:00,0.0
05/17/2023 07:30,0.0
05/17/2023 08:00,0.0
05/17/2023 08:30,0.0
05/17/2023 09:00,0.0
05/17/2023 09:30,0.0
05/17/2023 10:00,0.0
05/17/2023 10:30,0.0
05/17/2023 11:00,0.0
05/17/2023 11:30,0.0
05/17/2023 12:00,0.0
05/17/2023 12:30,0.0
05/17/2023 13:00,0.0
05/17/2023 13:30,0.0
05/17/2023 14:00,0.0
05/17/2023 14:30,0.0
05/17/2023 15:00,0.0
05/17/2023 15:30,0.0
05/17/2023 16:00,0.0
05/17/2023 16:30,0.0
05/17/2023 17:00,0.0
05/17/2023 17:30,0.0
05/17/2023 18:00,0.0
05/17/2023 18:30,0.0
05/17/2023 19:00,0.0
05/17/2023 19:30,0.0
05/17/2023 20:00,0.0
05/17/2023 20:30,0.0
05/17/2023 21:00,0.0
05/17/2023 21:30,0.0
05/17/2023 22:00,0.0
05/17/2023 22:30,0.0
05/17/2023 23:00,0.0
05/17/2023 23:30,0.0
05/18/2023 00:00,0.0
05/18/2023 00:30,0.0
05/18/2023 01:00,0.0
05/18/2023 01:30,0.0
05/18/2023 02:00,0.0
05/18/2023 02:30,0.0
05/18/2023 03:00,0.0
05/18/2023 03:30,0.0
05/18/2023 04:00,0.0
05/18/2023 04:30,0.0
05/18/2023 05:00,0.0
05/18/2023 05:30,0.0
05/18/2023 06:00,0.0
05/18/2023 06:30,0.0
05/18/2023 07:00,0.0
05/18/2023 07:30,0.0
05/18/2023 08:00,0.0
05/18/2023 08:30,0.0
05/18/2023 09:00,0.0
05/18/2023 09:30,0.0
05/18/2023 10:00,0.0
05/18/2023 10:30,0.0
05/18/2023 11:00,0.0
05/18/2023 11:30,0.0
05/18/2023 12:00,0.0
05/18/2023 12:30,0.0
05/18/2023 13:00,0.0
05/18/2023 13:30,0.0
05/18/2023 14:00,0.0
05/18/2023 14:30,0.0
05/18/2023 15:00,0.0
05/18/2023 15:30,0.0
05/18/2023 16:00,0.0
05/18/2023 16:30,0.0
05/18/2023 17:00,0.0
05/18/2023 17:30,0.0
05/18/2023 18:00,0.0
05/18/2023 18:30,0.0
05/18/2023 19:00,0.0
05/18/2023 19:30,0.0
05/18/2023 20:00,0.0
05/18/2023 20:30,0.0
05/18/2023 21:00,0.0
05/18/2023 21:30,0.0
05/18/2023 22:00,0.0
05/18/2023 22:30,0.0
05/18/2023 23:00,0.0
05/18/2023 23:30,0.0
05/19/2023 00:00,0.0
05/19/2023 00:30,0.0
05/19/2023 01:00,0.0
05/19/2023 01:30,0.0
05/19/2023 02:00,0.0
05/19/2023 02:30,0.0
05/19/2023 03:00,0.0
05/19/2023 03:30,0.0
05/19/2023 04:00,0.0
05/19/2023 04:30,0.0
05/19/2023 05:00,0.0
05/19/2023 05:30,0.0
05/19/2023 06:00,0.0
05/19/2023 06:30,0.0
05/19/2023 07:00,0.0
05/19/2023 07:30,0.0
05/19/2023 08:00,0.0
05/19/2023 08:30,0.0
05/19/2023 09:00,0.0
05/19/2023 09:30,0.0
05/19/2023 10:00,0.0
05/19/2023 10:30,0.0
05/19/2023 11:00,0.0
05/19/2023 11:30,0.0
05/19/2023 12:00,0.0
05/19/2023 12:30,0.0
05/19/2023 13:00,0.0
05/19/2023 13:30,0.0
05/19/2023 14:00,0.0
05/19/2023 14:30,0.0
05/19/2023 15:00,0.0
05/19/2023 15:30,0.0
05/19/2023 16:00,0.0
05/19/2023 16:30,0.0
05/19/2023 17:00,0.0
05/19/2023 17:30,0.0
05/19/2023 18:00,0.0
05/19/2023 18:30,0.0
05/19/2023 19:00,0.0
05/19/2023 19:30,0.0
05/19/2023 20:00,0.0
05/19/2023 20:30,0.0
05/19/2023 21:00,0.0
05/19/2023 21:30,0.0
05/19/2023 22:00,0.0
05/19/2023 22:30,0.0
05/19/2023 23:00,0.0
05/19/2023 23:30,0.0
05/20/2023 00:00,0.0
05/20/2023 00:30,0.0
05/20/2023 01:00,0.0
05/20/2023 01:30,0.0
05/20/2023 02:00,0.0
05/20/2023 02:30,0.0
05/20/2023 03:00,0.0
05/20/2023 03:30,0.0
05/20/2023 04:00,0.0
05/20/2023 04:30,0.0
05/20/2023 05:00,0.0
05/20/2023 05:30,0.0
05/20/2023 06:00,0.0
05/20/2023 06:30,0.0
05/20/2023 07:00,0.0
05/20/2023 07:30,0.0
05/20/2023 08:00,0.0
05/20/2023 08:30,0.0
05/20/2023 09:00,0.0
05/20/2023 09:30,0.0
05/20/2023 10:00,0.0
05/20/2023 10:30,0.0
05/20/2023 11:00,0.0
05/20/2023 11:30,0.0
05/20/2023 12:00,0.0
05/20/2023 12:30,0.0
05/20/2023 13:00,0.0
05/20/2023 13:30,0.0
05/20/2023 14:00,0.0
05/20/2023 14:30,0.0
05/20/2023 15:00,0.0
05/20/2023 15:30,0.0
05/20/2023 16:00,0.0
05/20/2023 16:30,0.0
05/20/2023 17:00,0.0
05/20/2023 17:30,0.0
05/20/2023 18:00,0.0
05/20/2023 18:30,0.0
05/20/2023 19:00,0.0
05/20/2023 19:30,0.0
05/20/2023 20:00,0.0
05/20/2023 20:30,0.0
05/20/2023 21:00,0.0
05/20/2023 21:30,0.0
05/20/2023 22:00,0.0
05/20/2023 22:30,0.0
05/20/2023 23:00,0.0
05/20/2023 23:30,0.0
05/21/2023 00:00,0.0
05/21/2023 00:30,0.0
05/21/2023 01:00,0.0
05/21/2023 01:30,0.0
05/21/2023 02:00,0.0
05/21/2023 02:30,0.0
05/21/2023 03:00,0.0
05/21/2023 03:30,0.0
05/21/2023 04:00,0.0
05/21/2023 04:30,0.0
05/21/2023 05:00,0.0
05/21/2023 05:30,0.0
05/21/2023 06:00,0.0
05/21/2023 06:30,0.0
05/21/2023 07:00,0.0
05/21/2023 07:30,0.0
05/21/2023 08:00,0.0
05/21/2023 08:30,0.0
05/21/2023 09:00,0.0
05/21/2023 09:30,0.0
05/21/2023 10:00,0.0
05/21/2023 10:30,0.0
05/21/2023 11:00,0.0
05/21/2023 11:30,0.0
05/21/2023 12:00,0.0
05/21/2023 12:30,0.0
05/21/2023 13:00,0.0
05/21/2023 13:30,0.0
05/21/2023 14:00,0.0
05/21/2023 14:30,0.0
05/21/2023 15:00,0.0
05/21/2023 15:30,0.0
05/21/2023 16:00,0.0
05/21/2023 16:30,0.0
05/21/2023 17:00,0.0
05/21/2023 17:30,0.0
05/21/2023 18:00,0.0
05/21/2023 18:30,0.0
05/21/2023 19:00,0.0
05/21/2023 19:30,0.0
05/21/2023 20:00,0.0
05/21/2023 20:30,0.0
05/21/2023 21:00,0.0
05/21/2023 21:30,0.0
05/21/2023 22:00,0.0
05/21/2023 22:30,0.0
05/21/2023 23:00,0.0
05/21/2023 23:30,0.0
05/22/2023 00:00,0.0
05/22/2023 00:30,0.0
05/22/2023 01:00,0.0
05/22/2023 01:30,0.0
05/22/2023 02:00,0.0
05/22/2023 02:30,0.0
05/22/2023 03:00,0.0
05/22/2023 03:30,0.0
05/22/2023 04:00,0.0
05/22/2023 04:30,0.0
05/22/2023 05:00,0.0
05/22/2023 05:30,0.0
05/22/2023 06:00,0.0
05/22/2023 06:30,0.0
05/22/2023 07:00,0.0
05/22/2023 07:30,0.0
05/22/2023 08:00,0.0
05/22/2023 08:30,0.0
05/22/2023 09:00,0.0
05/22/2023 09:30,0.0
05/22/2023 10:00,0.0
05/22/2023 10:30,0.0
05/22/2023 11:00,0.0
05/22/2023 11:30,0.0
05/22/2023 12:00,0.0
05/22/2023 12:30,0.0
05/22/2023 13:00,0.0
05/22/2023 13:30,0.0
05/22/2023 14:00,0.0
05/22/2023 14:30,0.0
05/22/2023 15:00,0.0
05/22/2023 15:30,0.0
05/22/2023 16:00,0.0
05/22/2023 16:30,0.0
05/22/2023 17:00,0.0
05/22/2023 17:30,0.0
05/22/2023 18:00,0.0
05/22/2023 18:30,0.0
05/22/2023 19:00,0.0
05/22/2023 19:30,0.0
05/22/2023 20:00,0.0
05/22/2023 20:30,0.0
05/22/2023 21:00,0.0
05/22/2023 21:30,0.0
05/22/2023 22:00,0.0
05/22/2023 22:30,0.0
05/22/2023 23:00,0.0
05/22/2023 23:30,0.0
05/23/2023 00:00,0.0
05/23/2023 00:30,0.0
05/23/2023 01:00,0.0
05/23/2023 01:30,0.0
05/23/2023 02:00,0.0
05/23/2023 02:30,0.0
05/23/2023 03:00,0.0
05/23/2023 03:30,0.0
05/23/2023 04:00,0.0
05/23/2023 04:30,0.0
05/23/2023 05:00,0.0
05/23/2023 05:30,0.0
05/23/2023 06:00,0.0
05/23/2023 06:30,0.0
05/23/2023 07:00,0.0
05/23/2023 07:30,0.0
05/23/2023 08:00,0.0
05/23/2023 08:30,0.0
05/23/2023 09:00,0.0
05/23/2023 09:30,0.0
05/23/2023 10:00,0.0
05/23/2023 10:30,0.0
05/23/2023 11:00,0.0
05/23/2023 11:30,0.0
05/23/2023 12:00,0.0
05/23/2023 12:30,0.0
05/23/2023 13:00,0.0
05/23/2023 13:30,0.0
05/23/2023 14:00,0.0
05/23/2023 14:30,0.0
05/23/2023 15:00,0.0
05/23/2023 15:30,0.0
05/23/2023 16:00,0.0
05/23/2023 16:30,0.0
05/23/2023 17:00,0.0
05/23/2023 17:30,0.0
05/23/2023 18:00,0.0
05/23/2023 18:30,0.0
05/23/2023 19:00,0.0
05/23/2023 19:30,0.0
05/23/2023 20:00,0.0
05/23/2023 20:30,0.0
05/23/2023 21:00,0.0
05/23/2023 21:30,0.0
05/23/2023 22:00,0.0
05/23/2023 22:30,0.0
05/23/2023 23:00,0.0
05/23/2023 23:30,0.0
05/24/2023 00:00,0.0
05/24/2023 00:30,0.0
05/24/2023 01:00,0.0
05/24/2023 01:30,0.0
05/24/2023 02:00,0.0
05/24/2023 02:30,0.0
05/24/2023 03:00,0.0
05/24/2023 03:30,0.0
05/24/2023 04:00,0.0
05/24/2023 04:30,0.0
05/24/2023 05:00,0.0
05/24/2023 05:30,0.0
05/24/2023 06:00,0.0
05/24/2023 06:30,0.0
05/24/2023 07:00,0.0
05/24/2023 07:30,0.0
05/24/2023 08:00,0.0
05/24/2023 08:30,0.0
05/24/2023 09:00,0.0
05/24/2023 09:30,0.0
05/24/2023 10:00,0.0
05/24/2023 10:30,0.0
05/24/2023 11:00,0.0
05/24/2023 11:30,0.0
05/24/2023 12:00,0.0
05/24/2023 12:30,0.0
05/24/2023 13:00,0.0
05/24/2023 13:30,0.0
05/24/2023 14:00,0.0
05/24/2023 14:30,0.0
05/24/2023 15:00,0.0
05/24/2023 15:30,0.0
05/24/2023 16:00,0.0
05/24/2023 16:30,0.0
05/24/2023 17:00,0.0
05/24/2023 17:30,0.0
05/24/2023 18:00,0.0
05/24/2023 18:30,0.0
05/24/2023 19:00,0.0
05/24/2023 19:30,0.0
05/24/2023 20:00,0.0
05/24/2023 20:30,0.0
05/24/2023 21:00,0.0
05/24/2023 21:30,0.0
05/24/2023 22:00,0.0
05/24/2023 22:30,0.0
05/24/2023 23:00,0.0
05/24/2023 23:30,0.0
05/25/2023 00:00,0.0
05/25/2023 00:30,0.0
05/25/2023 01:00,0.0
05/25/2023 01:30,0.0
05/25/2023 02:00,0.0
05/25/2023 02:30,0.0
05/25/2023 03:00,0.0
05/25/2023 03:30,0.0
05/25/2023 04:00,0.0
05/25/2023 04:30,0.0
05/25/2023 05:00,0.0
05/25/2023 05:30,0.0
05/25/2023 06:00,0.0
05/25/2023 06:30,0.0
05/25/2023 07:00,0.0
05/25/2023 07:30,0.0
05/25/2023 08:00,0.0
05/25/2023 08:30,0.0
05/25/2023 09:00,0.0
05/25/2023 09:30,0.0
05/25/2023 10:00,0.0
05/25/2023 10:30,0.0
05/25/2023 11:00,0.0
05/25/2023 11:30,0.0
05/25/2023 12:00,0.0
05/25/2023 12:30,0.0
05/25/2023 13:00,0.0
05/25/2023 13:30,0.0
05/25/2023 14:00,0.0
05/25/2023 14:30,0.0
05/25/2023 15:00,0.0
05/25/2023 15:30,0.0
05/25/2023 16:00,0.0
05/25/2023 16:30,0.0
05/25/2023 17:00,0.0
05/25/2023 17:30,0.0
05/25/2023 18:00,0.0
05/25/2023 18:30,0.0
05/25/2023 19:00,0.0
05/25/2023 19:30,0.0
05/25/2023 20:00,0.0
05/25/2023 20:30,0.0
05/25/2023 21:00,0.0
05/25/2023 21:30,0.0
05/25/2023 22:00,0.0
05/25/2023 22:30,0.0
05/25/2023 23:00,0.0
05/25/2023 23:30,0.0
05/26/2023 00:00,0.0
05/26/2023 00:30,0.0
05/26/2023 01:00,0.0
05/26/2023 01:30,0.0
05/26/2023 02:00,0.0
05/26/2023 02:30,0.0
05/26/2023 03:00,0.0
05/26/2023 03:30,0.0
05/26/2023 04:00,0.0
05/26/2023 04:30,0.0
05/26/2023 05:00,0.0
05/26/2023 05:30,0.0
05/26/2023 06:00,0.0
05/26/2023 06:30,0.0
05/26/2023 07:00,0.0
05/26/2023 07:30,0.0
05/26/2023 08:00,0.0
05/26/2023 08:30,0.0
05/26/2023 09:00,0.0
05/26/2023 09:30,0.0
05/26/2023 10:00,0.0
05/26/2023 10:30,0.0
05/26/2023 11:00,0.0
05/26/2023 11:30,0.0
05/26/2023 12:00,0.0
05/26/2023 12:30,0.0
05/26/2023 13:00,0.0
05/26/2023 13:30,0.0
05/26/2023 14:00,0.0
05/26/2023 14:30,0.0
05/26/2023 15:00,0.0
05/26/2023 15:30,0.0
05/26/2023 16:00,0.0
05/26/2023 16:30,0.0
05/26/2023 17:00,0.0
05/26/2023 17:30,0.0
05/26/2023 18:00,0.0
05/26/2023 18:30,0.0
05/26/2023 19:00,0.0
05/26/2023 19:30,0.0
05/26/2023 20:00,0.0
05/26/2023 20:30,0.0
05/26/2023 21:00,0.0
05/26/2023 21:30,0.0
05/26/2023 22:00,0.0
05/26/2023 22:30,0.0
05/26/2023 23:00,0.0
05/26/2023 23:30,0.0
05/27/2023 00:00,0.0
05/27/2023 00:30,0.0
05/27/2023 01:00,0.0
05/27/2023 01:30,0.0
05/27/2023 02:00,0.0
05/27/2023 02:30,0.0
05/27/2023 03:00,0.0
05/27/2023 03:30,0.0
05/27/2023 04:00,0.0
05/27/2023 04:30,0.0
05/27/2023 05:00,0.0
05/27/2023 05:30,0.0
05/27/2023 06:00,0.0
05/27/2023 06:30,0.0
05/27/2023 07:00,0.0
05/27/2023 07:30,0.0
05/27/2023 08:00,0.0
05/27/2023 08:30,0.0
05/27/2023 09:00,0.0
05/27/2023 09:30,0.0
05/27/2023 10:00,0.0
05/27/2023 10:30,0.0
05/27/2023 11:00,0.0
05/27/2023 11:30,0.0
05/27/2023 12:00,0.0
05/27/2023 12:30,0.0
05/27/2023 13:00,0.0
05/27/2023 13:30,0.0
05/27/2023 14:00,0.0
05/27/2023 14:30,0.0
05/27/2023 15:00,0.0
05/27/2023 15:30,0.0
05/27/2023 16:00,0.0
05/27/2023 16:30,0.0
05/27/2023 17:00,0.0
05/27/2023 17:30,0.0
05/27/2023 18:00,0.0
05/27/2023 18:30,0.0
05/27/2023 19:00,0.0
05/27/2023 19:30,0.0
05/27/2023 20:00,0.0
05/27/2023 20:30,0.0
05/27/2023 21:00,0.0
05/27/2023 21:30,0.0
05/27/2023 22:00,0.0
05/27/2023 22:30,0.0
05/27/2023 23:00,0.0
05/27/2023 23:30,0.0
05/28/2023 00:00,0.0
05/28/2023 00:30,0.0
05/28/2023 01:00,0.0
05/28/2023 01:30,0.0
05/28/2023 02:00,0.0
05/28/2023 02:30,0.0
05/28/2023 03:00,0.0
05/28/2023 03:30,0.0
05/28/2023 04:00,0.0
05/28/2023 04:30,0.0
05/28/2023 05:00,0.0
05/28/2023 05:30,0.0
05/28/2023 06:00,0.0
05/28/2023 06:30,0.0
05/28/2023 07:00,0.0
05/28/2023 07:30,0.0
05/28/2023 08:00,0.0
05/28/2023 08:30,0.0
05/28/2023 09:00,0.0
05/28/2023 09:30,0.0
05/28/2023 10:00,0.0
05/28/2023 10:30,0.0
05/28/2023 11:00,0.0
05/28/2023 11:30,0.0
05/28/2023 12:00,0.0
05/28/2023 12:30,0.0
05/28/2023 13:00,0.0
05/28/2023 13:30,0.0
05/28/2023 14:00,0.0
05/28/2023 14:30,0.0
05/28/2023 15:00,0.0
05/28/2023 15:30,0.0
05/28/2023 16:00,0.0
05/28/2023 16:30,0.0
05/28/2023 17:00,0.0
05/28/2023 17:30,0.0
05/28/2023 18:00,0.0
05/28/2023 18:30,0.0
05/28/2023 19:00,0.0
05/28/2023 19:30,0.0
05/28/2023 20:00,0.0
05/28/2023 20:30,0.0
05/28/2023 21:00,0.0
05/28/2023 21:30,0.0
05/28/2023 22:00,0.0
05/28/2023 22:30,0.0
05/28/2023 23:00,0.0
05/28/2023 23:30,0.0
05/29/2023 00:00,0.0
05/29/2023 00:30,0.0
05/29/2023 01:00,0.0
05/29/2023 01:30,0.0
05/29/2023 02:00,0.0
05/29/2023 02:30,0.0
05/29/2023 03:00,0.0
05/29/2023 03:30,0.0
05/29/2023 04:00,0.0
05/29/2023 04:30,0.0
05/29/2023 05:00,0.0
05/29/2023 05:30,0.0
05/29/2023 06:00,0.0
05/29/2023 06:30,0.0
05/29/2023 07:00,0.0
05/29/2023 07:30,0.0
05/29/2023 08:00,0.0
05/29/2023 08:30,0.0
05/29/2023 09:00,0.0
05/29/2023 09:30,0.0
05/29/2023 10:00,0.0
05/29/2023 10:30,0.0
05/29/2023 11:00,0.0
05/29/2023 11:30,0.0
05/29/2023 12:00,0.0
05/29/2023 12:30,0.0
05/29/2023 13:00,0.0
05/29/2023 13:30,0.0
05/29/2023 14:00,0.0
05/29/2023 14:30,0.0
05/29/2023 15:00,0.0
05/29/2023 15:30,0.0
05/29/2023 16:00,0.0
05/29/2023 16:30,0.0
05/29/2023 17:00,0.0
05/29/2023 17:30,0.0
05/29/2023 18:00,0.0
05/29/2023 18:30,0.0
05/29/2023 19:00,0.0
05/29/2023 19:30,0.0
05/29/2023 20:00,0.0
05/29/2023 20:30,0.0
05/29/2023 21:00,0.0
05/29/2023 21:30,0.0
05/29/2023 22:00,0.0
05/29/2023 22:30,0.0
05/29/2023 23:00,0.0
05/29/2023 23:30,0.0
05/30/2023 00:00,0.0
05/30/2023 00:30,0.0
05/30/2023 01:00,0.0
05/30/2023 01:30,0.0
05/30/2023 02:00,0.0
05/30/2023 02:30,0.0
05/30/2023 03:00,0.0
05/30/2023 03:30,0.0
05/30/2023 04:00,0.0
05/30/2023 04:30,0.0
05/30/2023 05:00,0.0
05/30/2023 05:30,0.0
05/30/2023 06:00,0.0
05/30/2023 06:30,0.0
05/30/2023 07:00,0.0
05/30/2023 07:30,0.0
05/30/2023 08:00,0.0
05/30/2023 08:30,0.0
05/30/2023 09:00,0.0
05/30/2023 09:30,0.0
05/30/2023 10:00,0.0
05/30/2023 10:30,0.0
05/30/2023 11:00,0.0
05/30/2023 11:30,0.0
05/30/2023 12:00,0.0
05/30/2023 12:30,0.0
05/30/2023 13:00,0.0
05/30/2023 13:30,0.0
05/30/2023 14:00,0.0
05/30/2023 14:30,0.0
05/30/2023 15:00,0.0
05/30/2023 15:30,0.0
05/30/2023 16:00,0.0
05/30/2023 16:30,0.0
05/30/2023 17:00,0.0
05/30/2023 17:30,0.0
05/30/2023 18:00,0.0
05/30/2023 18:30,0.0
05/30/2023 19:00,0.0
05/30/2023 19:30,0.0
05/30/2023 20:00,0.0
05/30/2023 20:30,0.0
05/30/2023 21:00,0.0
05/30/2023 21:30,0.0
05/30/2023 22:00,0.0
05/30/2023 22:30,0.0
05/30/2023 23:00,0.0
05/30/2023 23:30,0.0
05/31/2023 00:00,0.0
05/31/2023 00:30,0.0
05/31/2023 01:00,0.0
05/31/2023 01:30,0.0
05/31/2023 02:00,0.0
05/31/2023 02:30,0.0
05/31/2023 03:00,0.0
05/31/2023 03:30,0.0
05/31/2023 04:00,0.0
05/31/2023 04:30,0.0
05/31/2023 05:00,0.0
05/31/2023 05:30,0.0
05/31/2023 06:00,0.0
05/31/2023 06:30,0.0
05/31/2023 07:00,0.0
05/31/2023 07:30,0.0
05/31/2023 08:00,0.0
05/31/2023 08:30,0.0
05/31/2023 09:00,0.0
05/31/2023 09:30,0.0
05/31/2023 10:00,0.0
05/31/2023 10:30,0.0
05/31/2023 11:00,0.0
05/31/2023 11:30,0.0
05/31/2023 12:00,0.0
05/31/2023 12:30,0.0
05/31/2023 13:00,0.0
05/31/2023 13:30,0.0
05/31/2023 14:00,0.0
05/31/2023 14:30,0.0
05/31/2023 15:00,0.0
05/31/2023 15:30,0.0
05/31/2023 16:00,0.0
05/31/2023 16:30,0.0
05/31/2023 17:00,0.0
05/31/2023 17:30,0.0
05/31/2023 18:00,0.0
05/31/2023 18:30,0.0
05/31/2023 19:00,0.0
05/31/2023 19:30,0.0
05/31/2023 20:00,0.0
05/31/2023 20:30,0.0
05/31/2023 21:00,0.0
05/31/2023 21:30,0.0
05/31/2023 22:00,0.0
05/31/2023 22:30,0.0
05/31/2023 23:00,0.0
05/31/2023 23:30,0.0
06/01/2023 00:00,0.0
06/01/2023 00:30,0.0
06/01/2023 01:00,0.0
06/01/2023 01:30,0.0
06/01/2023 02:00,0.0
06/01/2023 02:30,0.0
06/01/2023 03:00,0.0
06/01/2023 03:30,0.0
06/01/2023 04:00,0.0
06/01/2023 04:30,0.0
06/01/2023 05:00,0.0
06/01/2023 05:30,0.0
06/01/2023 06:00,0.0
06/01/2023 06:30,0.0
06/01/2023 07:00,0.0
06/01/2023 07:30,0.0
06/01/2023 08:00,0.0
06/01/2023 08:30,0.0
06/01/2023 09:00,0.0
06/01/2023 09:30,0.0
06/01/2023 10:00,0.0
06/01/2023 10:30,0.0
06/01/2023 11:00,0.0
06/01/2023 11:30,0.0
06/01/2023 12:00,0.0
06/01/2023 12:30,0.0
06/01/2023 13:00,0.0
06/01/2023 13:30,0.0
06/01/2023 14:00,0.0
06/01/2023 14:30,0.0
06/01/2023 15:00,0.0
06/01/2023 15:30,0.0
06/01/2023 16:00,0.0
06/01/2023 16:30,0.0
06/01/2023 17:00,0.0
06/01/2023 17:30,0.0
06/01/2023 18:00,0.0
06/01/2023 18:30,0.0
06/01/2023 19:00,0.0
06/01/2023 19:30,0.0
06/01/2023 20:00,0.0
06/01/2023 20:30,0.0
06/01/2023 21:00,0.0
06/01/2023 21:30,0.0
06/01/2023 22:00,0.0
06/01/2023 22:30,0.0
06/01/2023 23:00,0.0
06/01/2023 23:30,0.0
06/02/2023 00:00,0.0
06/02/2023 00:30,0.0
06/02/2023 01:00,0.0
06/02/2023 01:30,0.0
06/02/2023 02:00,0.0
06/02/2023 02:30,0.0
06/02/2023 03:00,0.0
06/02/2023 03:30,0.0
06/02/2023 04:00,0.0
06/02/2023 04:30,0.0
06/02/2023 05:00,0.0
06/02/2023 05:30,0.0
06/02/2023 06:00,0.0
06/02/2023 06:30,0.0
06/02/2023 07:00,0.0
06/02/2023 07:30,0.0
06/02/2023 08:00,0.0
06/02/2023 08:30,0.0
06/02/2023 09:00,0.0
06/02/2023 09:30,0.0
06/02/2023 10:00,0.0
06/02/2023 10:30,0.0
06/02/2023 11:00,0.0
06/02/2023 11:30,0.0
06/02/2023 12:00,0.0
06/02/2023 12:30,0.0
06/02/2023 13:00,0.0
06/02/2023 13:30,0.0
06/02/2023 14:00,0.0
06/02/2023 14:30,0.0
06/02/2023 15:00,0.0
06/02/2023 15:30,0.0
06/02/2023 16:00,0.0
06/02/2023 16:30,0.0
06/02/2023 17:00,0.0
06/02/2023 17:30,0.0
06/02/2023 18:00,0.0
06/02/2023 18:30,0.0
06/02/2023 19:00,0.0
06/02/2023 19:30,0.0
06/02/2023 20:00,0.0
06/02/2023 20:30,0.0
06/02/2023 21:00,0.0
06/02/2023 21:30,0.0
06/02/2023 22:00,0.0
06/02/2023 22:30,0.0
06/02/2023 23:00,0.0
06/02/2023 23:30,0.0
06/03/2023 00:00,0.0
06/03/2023 00:30,0.0
06/03/2023 01:00,0.0
06/03/2023 01:30,0.0
06/03/2023 02:00,0.0
06/03/2023 02:30,0.0
06/03/2023 03:00,0.0
06/03/2023 03:30,0.0
06/03/2023 04:00,0.0
06/03/2023 04:30,0.0
06/03/2023 05:00,0.0
06/03/2023 05:30,0.0
06/03/2023 06:00,0.0
06/03/2023 06:30,0.0
06/03/2023 07:00,0.0
06/03/2023 07:30,0.0
06/03/2023 08:00,0.0
06/03/2023 08:30,0.0
06/03/2023 09:00,0.0
06/03/2023 09:30,0.0
06/03/2023 10:00,0.0
06/03/2023 10:30,0.0
06/03/2023 11:00,0.0
06/03/2023 11:30,0.0
06/03/2023 12:00,0.0
06/03/2023 12:30,0.0
06/03/2023 13:00,0.0
06/03/2023 13:30,0.0
06/03/2023 14:00,0.0
06/03/2023 14:30,0.0
06/03/2023 15:00,0.0
06/03/2023 15:30,0.0
06/03/2023 16:00,0.0
06/03/2023 16:30,0.0
06/03/2023 17:00,0.0
06/03/2023 17:30,0.0
06/03/2023 18:00,0.0
06/03/2023 18:30,0.0
06/03/2023 19:00,0.0
06/03/2023 19:30,0.0
06/03/2023 20:00,0.0
06/03/2023 20:30,0.0
06/03/2023 21:00,0.0
06/03/2023 21:30,0.0
06/03/2023 22:00,0.0
06/03/2023 22:30,0.0
06/03/2023 23:00,0.0
06/03/2023 23:30,0.0
06/04/2023 00:00,0.0
06/04/2023 00:30,0.0
06/04/2023 01:00,0.0
06/04/2023 01:30,0.0
06/04/2023 02:00,0.0
06/04/2023 02:30,0.0
06/04/2023 03:00,0.0
06/04/2023 03:30,0.0
06/04/2023 04:00,0.0
06/04/2023 04:30,0.0
06/04/2023 05:00,0.0
06/04/2023 05:30,0.0
06/04/2023 06:00,0.0
06/04/2023 06:30,0.0
06/04/2023 07:00,0.0
06/04/2023 07:30,0.0
06/04/2023 08:00,0.0
06/04/2023 08:30,0.0
06/04/2023 09:00,0.0
06/04/2023 09:30,0.0
06/04/2023 10:00,0.0
06/04/2023 10:30,0.0
06/04/2023 11:00,0.0
06/04/2023 11:30,0.0
06/04/2023 12:00,0.0
06/04/2023 12:30,0.0
06/04/2023 13:00,0.0
06/04/2023 13:30,0.0
06/04/2023 14:00,0.0
06/04/2023 14:30,0.0
06/04/2023 15:00,0.0
06/04/2023 15:30,0.0
06/04/2023 16:00,0.0
06/04/2023 16:30,0.0
06/04/2023 17:00,0.0
06/04/2023 17:30,0.0
06/04/2023 18:00,0.0
06/04/2023 18:30,0.0
06/04/2023 19:00,0.0
06/04/2023 19:30,0.0
06/04/2023 20:00,0.0
06/04/2023 20:30,0.0
06/04/2023 21:00,0.0
06/04/2023 21:30,0.0
06/04/2023 22:00,0.0
06/04/2023 22:30,0.0
06/04/2023 23:00,0.0
06/04/2023 23:30,0.0
06/05/2023 00:00,0.0
06/05/2023 00:30,0.0
06/05/2023 01:00,0.0
06/05/2023 01:30,0.0
06/05/2023 02:00,0.0
06/05/2023 02:30,0.0
06/05/2023 03:00,0.0
06/05/2023 03:30,0.0
06/05/2023 04:00,0.0
06/05/2023 04:30,0.0
06/05/2023 05:00,0.0
06/05/2023 05:30,0.0
06/05/2023 06:00,0.0
06/05/2023 06:30,0.0
06/05/2023 07:00,0.0
06/05/2023 07:30,0.0
06/05/2023 08:00,0.0
06/05/2023 08:30,0.0
06/05/2023 09:00,0.0
06/05/2023 09:30,0.0
06/05/2023 10:00,0.0
06/05/2023 10:30,0.0
06/05/2023 11:00,0.0
06/05/2023 11:30,0.0
06/05/2023 12:00,0.0
06/05/2023 12:30,0.0
06/05/2023 13:00,0.0
06/05/2023 13:30,0.0
06/05/2023 14:00,0.0
06/05/2023 14:30,0.0
06/05/2023 15:00,0.0
06/05/2023 15:30,0.0
06/05/2023 16:00,0.0
06/05/2023 16:30,0.0
06/05/2023 17:00,0.0
06/05/2023 17:30,0.0
06/05/2023 18:00,0.0
06/05/2023 18:30,0.0
06/05/2023 19:00,0.0
06/05/2023 19:30,0.0
06/05/2023 20:00,0.0
06/05/2023 20:30,0.0
06/05/2023 21:00,0.0
06/05/2023 21:30,0.0
06/05/2023 22:00,0.0
06/05/2023 22:30,0.0
06/05/2023 23:00,0.0
06/05/2023 23:30,0.0
06/06/2023 00:00,0.0
06/06/2023 00:30,0.0
06/06/2023 01:00,0.0
06/06/2023 01:30,0.0
06/06/2023 02:00,0.0
06/06/2023 02:30,0.0
06/06/2023 03:00,0.0
06/06/2023 03:30,0.0
06/06/2023 04:00,0.0
06/06/2023 04:30,0.0
06/06/2023 05:00,0.0
06/06/2023 05:30,0.0
06/06/2023 06:00,0.0
06/06/2023 06:30,0.0
06/06/2023 07:00,0.0
06/06/2023 07:30,0.0
06/06/2023 08:00,0.0
06/06/2023 08:30,0.0
06/06/2023 09:00,0.0
06/06/2023 09:30,0.0
06/06/2023 10:00,0.0
06/06/2023 10:30,0.0
06/06/2023 11:00,0.0
06/06/2023 11:30,0.0
06/06/2023 12:00,0.0
06/06/2023 12:30,0.0
06/06/2023 13:00,0.0
06/06/2023 13:30,0.0
06/06/2023 14:00,0.0
06/06/2023 14:30,0.0
06/06/2023 15:00,0.0
06/06/2023 15:30,0.0
06/06/2023 16:00,0.0
06/06/2023 16:30,0.0
06/06/2023 17:00,0.0
06/06/2023 17:30,0.0
06/06/2023 18:00,0.0
06/06/2023 18:30,0.0
06/06/2023 19:00,0.0
06/06/2023 19:30,0.0
06/06/2023 20:00,0.0
06/06/2023 20:30,0.0
06/06/2023 21:00,0.0
06/06/2023 21:30,0.0
06/06/2023 22:00,0.0
06/06/2023 22:30,0.0
06/06/2023 23:00,0.0
06/06/2023 23:30,0.0
06/07/2023 00:00,0.0
06/07/2023 00:30,0.0
06/07/2023 01:00,0.0
06/07/2023 01:30,0.0
06/07/2023 02:00,0.0
06/07/2023 02:30,0.0
06/07/2023 03:00,0.0
06/07/2023 03:30,0.0
06/07/2023 04:00,0.0
06/07/2023 04:30,0.0
06/07/2023 05:00,0.0
06/07/2023 05:30,0.0
06/07/2023 06:00,0.0
06/07/2023 06:30,0.0
06/07/2023 07:00,0.0
06/07/2023 07:30,0.0
06/07/2023 08:00,0.0
06/07/2023 08:30,0.0
06/07/2023 09:00,0.0
06/07/2023 09:30,0.0
06/07/2023 10:00,0.0
06/07/2023 10:30,0.0
06/07/2023 11:00,0.0
06/07/2023 11:30,0.0
06/07/2023 12:00,0.0
06/07/2023 12:30,0.0
06/07/2023 13:00,0.0
06/07/2023 13:30,0.0
06/07/2023 14:00,0.0
06/07/2023 14:30,0.0
06/07/2023 15:00,0.0
06/07/2023 15:30,0.0
06/07/2023 16:00,0.0
06/07/2023 16:30,0.0
06/07/2023 17:00,0.0
06/07/2023 17:30,0.0
06/07/2023 18:00,0.0
06/07/2023 18:30,0.0
06/07/2023 19:00,0.0
06/07/2023 19:30,0.0
06/07/2023 20:00,0.0
06/07/2023 20:30,0.0
06/07/2023 21:00,0.0
06/07/2023 21:30,0.0
06/07/2023 22:00,0.0
06/07/2023 22:30,0.0
06/07/2023 23:00,0.0
06/07/2023 23:30,0.0
06/08/2023 00:00,0.0
06/08/2023 00:00,0.0
06/08/2023 00:30,0.0
06/08/2023 00:30,0.0
06/08/2023 01:00,0.0
06/08/2023 01:00,0.0
06/08/2023 01:30,0.0
06/08/2023 01:30,0.0
06/08/2023 02:00,0.0
06/08/2023 02:00,0.0
06/08/2023 02:30,0.0
06/08/2023 02:30,0.0
06/08/2023 03:00,0.0
06/08/2023 03:00,0.0
06/08/2023 03:30,0.0
06/08/2023 03:30,0.0
06/08/2023 04:00,0.0
06/08/2023 04:00,0.0
06/08/2023 04:30,0.0
06/08/2023 04:30,0.0
06/08/2023 05:00,0.0
06/08/2023 05:00,0.0
06/08/2023 05:30,0.0
06/08/2023 05:30,0.0
06/08/2023 06:00,0.0
06/08/2023 06:00,0.0
06/08/2023 06:30,0.0
06/08/2023 06:30,0.0
06/08/2023 07:00,0.0
06/08/2023 07:00,0.0
06/08/2023 07:30,0.0
06/08/2023 07:30,0.0
06/08/2023 08:00,0.0
06/08/2023 08:00,0.0
06/08/2023 08:30,0.0
06/08/2023 08:30,0.0
06/08/2023 09:00,0.0
06/08/2023 09:00,0.0
06/08/2023 09:30,0.0
06/08/2023 09:30,0.0
06/08/2023 10:00,0.0
06/08/2023 10:00,0.0
06/08/2023 10:30,0.0
06/08/2023 10:30,0.0
06/08/2023 11:00,0.0
06/08/2023 11:00,0.0
06/08/2023 11:30,0.0
06/08/2023 11:30,0.0
06/08/2023 12:00,0.0
06/08/2023 12:00,0.0
06/08/2023 12:30,0.0
06/08/2023 12:30,0.0
06/08/2023 13:00,0.0
06/08/2023 13:00,0.0
06/08/2023 13:30,0.0
06/08/2023 13:30,0.0
06/08/2023 14:00,0.0
06/08/2023 14:00,0.0
06/08/2023 14:30,0.0
06/08/2023 14:30,0.0
06/08/2023 15:00,0.0
06/08/2023 15:00,0.0
06/08/2023 15:30,0.0
06/08/2023 15:30,0.0
06/08/2023 16:00,0.0
06/08/2023 16:00,0.0
06/08/2023 16:30,0.0
06/08/2023 16:30,0.0
06/08/2023 17:00,0.0
06/08/2023 17:00,0.0
06/08/2023 17:30,0.0
06/08/2023 17:30,0.0
06/08/2023 18:00,0.0
06/08/2023 18:00,0.0
06/08/2023 18:30,0.0
06/08/2023 18:30,0.0
06/08/2023 19:00,0.0
06/08/2023 19:00,0.0
06/08/2023 19:30,0.0
06/08/2023 19:30,0.0
06/08/2023 20:00,0.0
06/08/2023 20:00,0.0
06/08/2023 20:30,0.0
06/08/2023 20:30,0.0
06/08/2023 21:00,0.0
06/08/2023 21:00,0.0
06/08/2023 21:30,0.0
06/08/2023 21:30,0.0
06/08/2023 22:00,0.0
06/08/2023 22:00,0.0
06/08/2023 22:30,0.0
06/08/2023 22:30,0.0
06/08/2023 23:00,0.0
06/08/2023 23:00,0.0
06/08/2023 23:30,0.0
06/08/2023 23:30,0.0
06/09/2023 00:00,85.004
06/09/2023 00:00,0.0
06/09/2023 00:00,6.58
06/09/2023 00:00,115.918
06/09/2023 00:00,128.492
06/09/2023 00:00,0.0
06/09/2023 00:30,128.492
06/09/2023 00:30,85.004
06/09/2023 00:30,0.0
06/09/2023 00:30,6.58
06/09/2023 00:30,0.0
06/09/2023 00:30,115.918
06/09/2023 01:00,6.58
06/09/2023 01:00,0.0
06/09/2023 01:00,85.004
06/09/2023 01:00,0.0
06/09/2023 01:00,115.918
06/09/2023 01:00,128.492
06/09/2023 01:30,0.0
06/09/2023 01:30,0.0
06/09/2023 01:30,115.918
06/09/2023 01:30,128.492
06/09/2023 01:30,6.58
06/09/2023 01:30,85.004
06/09/2023 02:00,115.918
06/09/2023 02:00,128.492
06/09/2023 02:00,0.0
06/09/2023 02:00,0.0
06/09/2023 02:00,6.58
06/09/2023 02:00,85.004
06/09/2023 02:30,115.918
06/09/2023 02:30,0.0
06/09/2023 02:30,6.58
06/09/2023 02:30,85.004
06/09/2023 02:30,0.0
06/09/2023 02:30,128.492
06/09/2023 03:00,85.004
06/09/2023 03:00,115.918
06/09/2023 03:00,0.0
06/09/2023 03:00,128.492
06/09/2023 03:00,6.58
06/09/2023 03:00,0.0
06/09/2023 03:30,0.0
06/09/2023 03:30,6.58
06/09/2023 03:30,128.492
06/09/2023 03:30,85.004
06/09/2023 03:30,115.918
06/09/2023 03:30,0.0
06/09/2023 04:00,0.0
06/09/2023 04:00,115.918
06/09/2023 04:00,0.0
06/09/2023 04:00,6.58
06/09/2023 04:00,128.492
06/09/2023 04:00,85.004
06/09/2023 04:30,6.58
06/09/2023 04:30,128.492
06/09/2023 04:30,0.0
06/09/2023 04:30,85.004
06/09/2023 04:30,115.918
06/09/2023 04:30,0.0
06/09/2023 05:00,6.58
06/09/2023 05:00,0.0
06/09/2023 05:00,128.492
06/09/2023 05:00,115.918
06/09/2023 05:00,85.004
06/09/2023 05:00,0.0
06/09/2023 05:30,115.918
06/09/2023 05:30,0.0
06/09/2023 05:30,85.004
06/09/2023 05:30,128.492
06/09/2023 05:30,6.58
06/09/2023 05:30,0.0
06/09/2023 06:00,0.0
06/09/2023 06:00,85.004
06/09/2023 06:00,115.918
06/09/2023 06:00,0.0
06/09/2023 06:00,128.492
06/09/2023 06:00,6.58
06/09/2023 06:30,6.58
06/09/2023 06:30,0.0
06/09/2023 06:30,115.918
06/09/2023 06:30,0.0
06/09/2023 06:30,85.004
06/09/2023 06:30,128.492
06/09/2023 07:00,0.0
06/09/2023 07:00,85.004
06/09/2023 07:00,128.492
06/09/2023 07:00,0.0
06/09/2023 07:00,6.58
06/09/2023 07:00,115.918
06/09/2023 07:30,0.0
06/09/2023 07:30,0.0
06/09/2023 07:30,6.58
06/09/2023 07:30,85.004
06/09/2023 07:30,115.918
06/09/2023 07:30,128.492
06/09/2023 08:00,0.0
06/09/2023 08:00,115.918
06/09/2023 08:00,0.0
06/09/2023 08:00,6.58
06/09/2023 08:00,85.004
06/09/2023 08:00,128.492
06/09/2023 08:30,85.004
06/09/2023 08:30,0.0
06/09/2023 08:30,115.918
06/09/2023 08:30,6.58
06/09/2023 08:30,128.492
06/09/2023 08:30,0.0
06/09/2023 09:00,85.004
06/09/2023 09:00,0.0
06/09/2023 09:00,6.58
06/09/2023 09:00,115.918
06/09/2023 09:00,0.0
06/09/2023 09:00,128.492
06/09/2023 09:30,85.004
06/09/2023 09:30,0.0
06/09/2023 09:30,128.492
06/09/2023 09:30,0.0
06/09/2023 09:30,115.918
06/09/2023 09:30,6.58
06/09/2023 10:00,0.0
06/09/2023 10:00,6.58
06/09/2023 10:00,128.492
06/09/2023 10:00,85.004
06/09/2023 10:00,0.0
06/09/2023 10:00,115.918
06/09/2023 10:30,6.58
06/09/2023 10:30,115.918
06/09/2023 10:30,0.0
06/09/2023 10:30,128.492
06/09/2023 10:30,85.004
06/09/2023 10:30,0.0
06/09/2023 11:00,0.0
06/09/2023 11:00,0.0
06/09/2023 11:00,128.492
06/09/2023 11:00,85.004
06/09/2023 11:00,115.918
06/09/2023 11:00,6.58
06/09/2023 11:30,6.58
06/09/2023 11:30,85.004
06/09/2023 11:30,0.0
06/09/2023 11:30,128.492
06/09/2023 11:30,0.0
06/09/2023 11:30,115.918
06/09/2023 12:00,0.0
06/09/2023 12:00,6.58
06/09/2023 12:00,0.0
06/09/2023 12:00,115.918
06/09/2023 12:00,128.492
06/09/2023 12:00,85.004
06/09/2023 12:30,128.492
06/09/2023 12:30,0.0
06/09/2023 12:30,6.58
06/09/2023 12:30,85.004
06/09/2023 12:30,0.0
06/09/2023 12:30,115.918
06/09/2023 13:00,0.0
06/09/2023 13:00,6.58
06/09/2023 13:00,0.0
06/09/2023 13:00,128.492
06/09/2023 13:00,115.918
06/09/2023 13:00,85.004
06/09/2023 13:30,6.58
06/09/2023 13:30,0.0
06/09/2023 13:30,115.918
06/09/2023 13:30,128.492
06/09/2023 13:30,85.004
06/09/2023 13:30,0.0
06/09/2023 14:00,0.0
06/09/2023 14:00,115.918
06/09/2023 14:00,6.58
06/09/2023 14:00,0.0
06/09/2023 14:00,128.492
06/09/2023 14:00,85.004
06/09/2023 14:30,128.492
06/09/2023 14:30,0.0
06/09/2023 14:30,6.58
06/09/2023 14:30,0.0
06/09/2023 14:30,115.918
06/09/2023 14:30,85.004
06/09/2023 15:00,6.58
06/09/2023 15:00,115.918
06/09/2023 15:00,0.0
06/09/2023 15:00,0.0
06/09/2023 15:00,128.492
06/09/2023 15:00,85.004
06/09/2023 15:30,85.004
06/09/2023 15:30,0.0
06/09/2023 15:30,0.0
06/09/2023 15:30,115.918
06/09/2023 15:30,6.58
06/09/2023 15:30,128.492
06/09/2023 16:00,6.58
06/09/2023 16:00,85.004
06/09/2023 16:00,128.492
06/09/2023 16:00,0.0
06/09/2023 16:00,115.918
06/09/2023 16:00,0.0
06/09/2023 16:30,85.004
06/09/2023 16:30,0.0
06/09/2023 16:30,6.58
06/09/2023 16:30,115.918
06/09/2023 16:30,0.0
06/09/2023 16:30,128.492
06/09/2023 17:00,0.0
06/09/2023 17:00,115.918
06/09/2023 17:00,128.492
06/09/2023 17:00,85.004
06/09/2023 17:00,0.0
06/09/2023 17:00,6.58
06/09/2023 17:30,85.004
06/09/2023 17:30,6.58
06/09/2023 17:30,115.918
06/09/2023 17:30,128.492
06/09/2023 17:30,0.0
06/09/2023 17:30,0.0
06/09/2023 18:00,85.004
06/09/2023 18:00,128.492
06/09/2023 18:00,6.58
06/09/2023 18:00,0.0
06/09/2023 18:00,115.918
06/09/2023 18:00,0.0
06/09/2023 18:30,0.0
06/09/2023 18:30,115.918
06/09/2023 18:30,128.492
06/09/2023 18:30,85.004
06/09/2023 18:30,0.0
06/09/2023 18:30,6.58
06/09/2023 19:00,0.0
06/09/2023 19:00,6.58
06/09/2023 19:00,115.918
06/09/2023 19:00,0.0
06/09/2023 19:00,85.004
06/09/2023 19:00,128.492
06/09/2023 19:30,128.492
06/09/2023 19:30,115.918
06/09/2023 19:30,0.0
06/09/2023 19:30,6.58
06/09/2023 19:30,85.004
06/09/2023 19:30,0.0
06/09/2023 20:00,115.918
06/09/2023 20:00,85.004
06/09/2023 20:00,0.0
06/09/2023 20:00,6.58
06/09/2023 20:00,128.492
06/09/2023 20:00,0.0
06/09/2023 20:30,85.004
06/09/2023 20:30,6.58
06/09/2023 20:30,128.492
06/09/2023 20:30,0.0
06/09/2023 20:30,115.918
06/09/2023 20:30,0.0
06/09/2023 21:00,115.918
06/09/2023 21:00,128.492
06/09/2023 21:00,6.58
06/09/2023 21:00,0.0
06/09/2023 21:00,85.004
06/09/2023 21:00,0.0
06/09/2023 21:30,115.918
06/09/2023 21:30,128.492
06/09/2023 21:30,0.0
06/09/2023 21:30,6.58
06/09/2023 21:30,85.004
06/09/2023 21:30,0.0
06/09/2023 22:00,0.0
06/09/2023 22:00,6.58
06/09/2023 22:00,115.918
06/09/2023 22:00,128.492
06/09/2023 22:00,85.004
06/09/2023 22:00,0.0
06/09/2023 22:30,0.0
06/09/2023 22:30,115.918
06/09/2023 22:30,6.58
06/09/2023 22:30,85.004
06/09/2023 22:30,0.0
06/09/2023 22:30,128.492
06/09/2023 23:00,0.0
06/09/2023 23:00,115.918
06/09/2023 23:00,85.004
06/09/2023 23:00,128.492
06/09/2023 23:00,6.58
06/09/2023 23:00,0.0
06/09/2023 23:30,0.0
06/09/2023 23:30,128.492
06/09/2023 23:30,6.58
06/09/2023 23:30,0.0
06/09/2023 23:30,115.918
06/09/2023 23:30,85.004
06/10/2023 00:00,96.03
06/10/2023 00:00,129.806
06/10/2023 00:00,85.004
06/10/2023 00:00,115.918
06/10/2023 00:00,128.492
06/10/2023 00:00,129.806
06/10/2023 00:00,127.178
06/10/2023 00:30,85.004
06/10/2023 00:30,128.492
06/10/2023 00:30,129.806
06/10/2023 00:30,129.806
06/10/2023 00:30,127.178
06/10/2023 00:30,115.918
06/10/2023 00:30,96.03
06/10/2023 01:00,96.03
06/10/2023 01:00,85.004
06/10/2023 01:00,127.178
06/10/2023 01:00,115.918
06/10/2023 01:00,129.806
06/10/2023 01:00,128.492
06/10/2023 01:00,129.806
06/10/2023 01:30,129.806
06/10/2023 01:30,115.918
06/10/2023 01:30,128.492
06/10/2023 01:30,127.178
06/10/2023 01:30,129.806
06/10/2023 01:30,85.004
06/10/2023 01:30,96.03
06/10/2023 02:00,115.918
06/10/2023 02:00,128.492
06/10/2023 02:00,129.806
06/10/2023 02:00,85.004
06/10/2023 02:00,127.178
06/10/2023 02:00,129.806
06/10/2023 02:00,96.03
06/10/2023 02:30,129.806
06/10/2023 02:30,85.004
06/10/2023 02:30,127.178
06/10/2023 02:30,129.806
06/10/2023 02:30,128.492
06/10/2023 02:30,115.918
06/10/2023 02:30,96.03
06/10/2023 03:00,128.492
06/10/2023 03:00,129.806
06/10/2023 03:00,129.806
06/10/2023 03:00,96.03
06/10/2023 03:00,85.004
06/10/2023 03:00,115.918
06/10/2023 03:00,127.178
06/10/2023 03:30,96.03
06/10/2023 03:30,127.178
06/10/2023 03:30,129.806
06/10/2023 03:30,85.004
06/10/2023 03:30,128.492
06/10/2023 03:30,115.918
06/10/2023 03:30,129.806
06/10/2023 04:00,129.806
06/10/2023 04:00,96.03
06/10/2023 04:00,129.806
06/10/2023 04:00,115.918
06/10/2023 04:00,85.004
06/10/2023 04:00,128.492
06/10/2023 04:00,127.178
06/10/2023 04:30,85.004
06/10/2023 04:30,128.492
06/10/2023 04:30,129.806
06/10/2023 04:30,115.918
06/10/2023 04:30,96.03
06/10/2023 04:30,127.178
06/10/2023 04:30,129.806
06/10/2023 05:00,115.918
06/10/2023 05:00,85.004
06/10/2023 05:00,129.806
06/10/2023 05:00,129.806
06/10/2023 05:00,128.492
06/10/2023 05:00,127.178
06/10/2023 05:00,96.03
06/10/2023 05:30,129.806
06/10/2023 05:30,129.806
06/10/2023 05:30,85.004
06/10/2023 05:30,128.492
06/10/2023 05:30,115.918
06/10/2023 05:30,127.178
06/10/2023 05:30,96.03
06/10/2023 06:00,128.492
06/10/2023 06:00,129.806
06/10/2023 06:00,115.918
06/10/2023 06:00,129.806
06/10/2023 06:00,127.178
06/10/2023 06:00,96.03
06/10/2023 06:00,85.004
06/10/2023 06:30,129.806
06/10/2023 06:30,115.918
06/10/2023 06:30,127.178
06/10/2023 06:30,129.806
06/10/2023 06:30,96.03
06/10/2023 06:30,85.004
06/10/2023 06:30,128.492
06/10/2023 07:00,96.03
06/10/2023 07:00,129.806
06/10/2023 07:00,127.178
06/10/2023 07:00,128.492
06/10/2023 07:00,129.806
06/10/2023 07:00,115.918
06/10/2023 07:00,85.004
06/10/2023 07:30,96.03
06/10/2023 07:30,128.492
06/10/2023 07:30,129.806
06/10/2023 07:30,85.004
06/10/2023 07:30,129.806
06/10/2023 07:30,127.178
06/10/2023 07:30,115.918
06/10/2023 08:00,128.492
06/10/2023 08:00,96.03
06/10/2023 08:00,127.178
06/10/2023 08:00,85.004
06/10/2023 08:00,129.806
06/10/2023 08:00,129.806
06/10/2023 08:00,115.918
06/10/2023 08:30,129.806
06/10/2023 08:30,85.004
06/10/2023 08:30,127.178
06/10/2023 08:30,128.492
06/10/2023 08:30,96.03
06/10/2023 08:30,115.918
06/10/2023 08:30,129.806
06/10/2023 09:00,128.492
06/10/2023 09:00,115.918
06/10/2023 09:00,129.806
06/10/2023 09:00,85.004
06/10/2023 09:00,96.03
06/10/2023 09:00,129.806
06/10/2023 09:00,127.178
06/10/2023 09:30,85.004
06/10/2023 09:30,115.918
06/10/2023 09:30,96.03
06/10/2023 09:30,129.806
06/10/2023 09:30,129.806
06/10/2023 09:30,128.492
06/10/2023 09:30,127.178
06/10/2023 10:00,96.03
06/10/2023 10:00,115.918
06/10/2023 10:00,127.178
06/10/2023 10:00,128.492
06/10/2023 10:00,85.004
06/10/2023 10:00,129.806
06/10/2023 10:00,129.806
06/10/2023 10:30,128.492
06/10/2023 10:30,127.178
06/10/2023 10:30,115.918
06/10/2023 10:30,129.806
06/10/2023 10:30,96.03
06/10/2023 10:30,85.004
06/10/2023 10:30,129.806
06/10/2023 11:00,129.806
06/10/2023 11:00,85.004
06/10/2023 11:00,127.178
06/10/2023 11:00,115.918
06/10/2023 11:00,128.492
06/10/2023 11:00,129.806
06/10/2023 11:00,96.03
06/10/2023 11:30,85.004
06/10/2023 11:30,129.806
06/10/2023 11:30,96.03
06/10/2023 11:30,129.806
06/10/2023 11:30,127.178
06/10/2023 11:30,115.918
06/10/2023 11:30,128.492
06/10/2023 12:00,96.03
06/10/2023 12:00,128.492
06/10/2023 12:00,85.004
06/10/2023 12:00,129.806
06/10/2023 12:00,127.178
06/10/2023 12:00,115.918
06/10/2023 12:00,129.806
06/10/2023 12:30,128.492
06/10/2023 12:30,129.806
06/10/2023 12:30,129.806
06/10/2023 12:30,96.03
06/10/2023 12:30,115.918
06/10/2023 12:30,85.004
06/10/2023 12:30,127.178
06/10/2023 13:00,85.004
06/10/2023 13:00,96.03
06/10/2023 13:00,127.178
06/10/2023 13:00,129.806
06/10/2023 13:00,128.492
06/10/2023 13:00,129.806
06/10/2023 13:00,115.918
06/10/2023 13:30,129.806
06/10/2023 13:30,128.492
06/10/2023 13:30,129.806
06/10/2023 13:30,115.918
06/10/2023 13:30,96.03
06/10/2023 13:30,85.004
06/10/2023 13:30,127.178
06/10/2023 14:00,128.492
06/10/2023 14:00,115.918
06/10/2023 14:00,96.03
06/10/2023 14:00,85.004
06/10/2023 14:00,129.806
06/10/2023 14:00,127.178
06/10/2023 14:00,129.806
06/10/2023 14:30,85.004
06/10/2023 14:30,128.492
06/10/2023 14:30,115.918
06/10/2023 14:30,127.178
06/10/2023 14:30,129.806
06/10/2023 14:30,129.806
06/10/2023 14:30,96.03
06/10/2023 15:00,115.918
06/10/2023 15:00,85.004
06/10/2023 15:00,129.806
06/10/2023 15:00,129.806
06/10/2023 15:00,128.492
06/10/2023 15:00,96.03
06/10/2023 15:00,127.178
06/10/2023 15:30,96.03
06/10/2023 15:30,128.492
06/10/2023 15:30,115.918
06/10/2023 15:30,129.806
06/10/2023 15:30,85.004
06/10/2023 15:30,129.806
06/10/2023 15:30,127.178
06/10/2023 16:00,85.004
06/10/2023 16:00,129.806
06/10/2023 16:00,129.806
06/10/2023 16:00,115.918
06/10/2023 16:00,127.178
06/10/2023 16:00,128.492
06/10/2023 16:00,96.03
06/10/2023 16:30,129.806
06/10/2023 16:30,115.918
06/10/2023 16:30,96.03
06/10/2023 16:30,127.178
06/10/2023 16:30,128.492
06/10/2023 16:30,129.806
06/10/2023 16:30,85.004
06/10/2023 17:00,128.492
06/10/2023 17:00,115.918
06/10/2023 17:00,129.806
06/10/2023 17:00,127.178
06/10/2023 17:00,129.806
06/10/2023 17:00,96.03
06/10/2023 17:00,85.004
06/10/2023 17:30,129.806
06/10/2023 17:30,129.806
06/10/2023 17:30,127.178
06/10/2023 17:30,96.03
06/10/2023 17:30,128.492
06/10/2023 17:30,115.918
06/10/2023 17:30,85.004
06/10/2023 18:00,129.806
06/10/2023 18:00,96.03
06/10/2023 18:00,129.806
06/10/2023 18:00,127.178
06/10/2023 18:00,128.492
06/10/2023 18:00,115.918
06/10/2023 18:00,85.004
06/10/2023 18:30,115.918
06/10/2023 18:30,129.806
06/10/2023 18:30,85.004
06/10/2023 18:30,127.178
06/10/2023 18:30,128.492
06/10/2023 18:30,96.03
06/10/2023 18:30,129.806
06/10/2023 19:00,96.03
06/10/2023 19:00,129.806
06/10/2023 19:00,129.806
06/10/2023 19:00,115.918
06/10/2023 19:00,128.492
06/10/2023 19:00,127.178
06/10/2023 19:00,85.004
06/10/2023 19:30,127.178
06/10/2023 19:30,128.492
06/10/2023 19:30,85.004
06/10/2023 19:30,129.806
06/10/2023 19:30,96.03
06/10/2023 19:30,115.918
06/10/2023 19:30,129.806
06/10/2023 20:00,127.178
06/10/2023 20:00,96.03
06/10/2023 20:00,115.918
06/10/2023 20:00,128.492
06/10/2023 20:00,85.004
06/10/2023 20:00,129.806
06/10/2023 20:00,129.806
06/10/2023 20:30,96.03
06/10/2023 20:30,128.492
06/10/2023 20:30,129.806
06/10/2023 20:30,129.806
06/10/2023 20:30,127.178
06/10/2023 20:30,115.918
06/10/2023 20:30,85.004
06/10/2023 21:00,129.806
06/10/2023 21:00,127.178
06/10/2023 21:00,96.03
06/10/2023 21:00,128.492
06/10/2023 21:00,115.918
06/10/2023 21:00,85.004
06/10/2023 21:00,129.806
06/10/2023 21:30,127.178
06/10/2023 21:30,128.492
06/10/2023 21:30,96.03
06/10/2023 21:30,129.806
06/10/2023 21:30,115.918
06/10/2023 21:30,129.806
06/10/2023 21:30,85.004
06/10/2023 22:00,129.806
06/10/2023 22:00,129.806
06/10/2023 22:00,127.178
06/10/2023 22:00,96.03
06/10/2023 22:00,128.492
06/10/2023 22:00,115.918
06/10/2023 22:00,85.004
06/10/2023 22:30,127.178
06/10/2023 22:30,128.492
06/10/2023 22:30,129.806
06/10/2023 22:30,85.004
06/10/2023 22:30,129.806
06/10/2023 22:30,115.918
06/10/2023 22:30,96.03
06/10/2023 23:00,96.03
06/10/2023 23:00,128.492
06/10/2023 23:00,115.918
06/10/2023 23:00,129.806
06/10/2023 23:00,129.806
06/10/2023 23:00,127.178
06/10/2023 23:00,85.004
06/10/2023 23:30,129.806
06/10/2023 23:30,129.806
06/10/2023 23:30,85.004
06/10/2023 23:30,115.918
06/10/2023 23:30,127.178
06/10/2023 23:30,96.03
06/10/2023 23:30,128.492
06/11/2023 00:00,91.114
06/11/2023 00:00,89.01
06/11/2023 00:00,90.08
06/11/2023 00:30,90.08
06/11/2023 00:30,91.114
06/11/2023 00:30,89.01
06/11/2023 01:00,89.01
06/11/2023 01:00,90.08
06/11/2023 01:00,91.114
06/11/2023 01:30,89.01
06/11/2023 01:30,90.08
06/11/2023 01:30,91.114
06/11/2023 02:00,90.08
06/11/2023 02:00,91.114
06/11/2023 02:00,89.01
06/11/2023 02:30,89.01
06/11/2023 02:30,91.114
06/11/2023 02:30,90.08
06/11/2023 03:00,89.01
06/11/2023 03:00,90.08
06/11/2023 03:00,91.114
06/11/2023 03:30,90.08
06/11/2023 03:30,89.01
06/11/2023 03:30,91.114
06/11/2023 04:00,90.08
06/11/2023 04:00,89.01
06/11/2023 04:00,91.114
06/11/2023 04:30,89.01
06/11/2023 04:30,90.08
06/11/2023 04:30,91.114
06/11/2023 05:00,89.01
06/11/2023 05:00,91.114
06/11/2023 05:00,90.08
06/11/2023 05:30,91.114
06/11/2023 05:30,89.01
06/11/2023 05:30,90.08
06/11/2023 06:00,90.08
06/11/2023 06:00,91.114
06/11/2023 06:00,89.01
06/11/2023 06:30,89.01
06/11/2023 06:30,91.114
06/11/2023 06:30,90.08
06/11/2023 07:00,89.01
06/11/2023 07:00,90.08
06/11/2023 07:00,91.114
06/11/2023 07:30,89.01
06/11/2023 07:30,90.08
06/11/2023 07:30,91.114
06/11/2023 08:00,90.08
06/11/2023 08:00,91.114
06/11/2023 08:00,89.01
06/11/2023 08:30,90.08
06/11/2023 08:30,91.114
06/11/2023 08:30,89.01
06/11/2023 09:00,90.08
06/11/2023 09:00,89.01
06/11/2023 09:00,91.114
06/11/2023 09:30,90.08
06/11/2023 09:30,89.01
06/11/2023 09:30,91.114
06/11/2023 10:00,91.114
06/11/2023 10:00,89.01
06/11/2023 10:00,90.08
06/11/2023 10:30,89.01
06/11/2023 10:30,91.114
06/11/2023 10:30,90.08
06/11/2023 11:00,90.08
06/11/2023 11:00,89.01
06/11/2023 11:00,91.114
06/11/2023 11:30,89.01
06/11/2023 11:30,90.08
06/11/2023 11:30,91.114
06/11/2023 12:00,90.08
06/11/2023 12:00,91.114
06/11/2023 12:00,89.01
06/11/2023 12:30,90.08
06/11/2023 12:30,89.01
06/11/2023 12:30,91.114
06/11/2023 13:00,90.08
06/11/2023 13:00,89.01
06/11/2023 13:00,91.114
06/11/2023 13:30,89.01
06/11/2023 13:30,91.114
06/11/2023 13:30,90.08
06/11/2023 14:00,90.08
06/11/2023 14:00,91.114
06/11/2023 14:00,89.01
06/11/2023 14:30,89.01
06/11/2023 14:30,90.08
06/11/2023 14:30,91.114
06/11/2023 15:00,90.08
06/11/2023 15:00,89.01
06/11/2023 15:00,91.114
06/11/2023 15:30,89.01
06/11/2023 15:30,91.114
06/11/2023 15:30,90.08
06/11/2023 16:00,91.114
06/11/2023 16:00,90.08
06/11/2023 16:00,89.01
06/11/2023 16:30,91.114
06/11/2023 16:30,90.08
06/11/2023 16:30,89.01
06/11/2023 17:00,91.114
06/11/2023 17:00,89.01
06/11/2023 17:00,90.08
06/11/2023 17:30,91.114
06/11/2023 17:30,90.08
06/11/2023 17:30,89.01
06/11/2023 18:00,90.08
06/11/2023 18:00,91.114
06/11/2023 18:00,89.01
06/11/2023 18:30,90.08
06/11/2023 18:30,91.114
06/11/2023 18:30,89.01
06/11/2023 19:00,90.08
06/11/2023 19:00,91.114
06/11/2023 19:00,89.01
06/11/2023 19:30,91.114
06/11/2023 19:30,89.01
06/11/2023 19:30,90.08
06/11/2023 20:00,90.08
06/11/2023 20:00,91.114
06/11/2023 20:00,89.01
06/11/2023 20:30,89.01
06/11/2023 20:30,90.08
06/11/2023 20:30,91.114
06/11/2023 21:00,91.114
06/11/2023 21:00,89.01
06/11/2023 21:00,90.08
06/11/2023 21:30,91.114
06/11/2023 21:30,89.01
06/11/2023 21:30,90.08
06/11/2023 22:00,90.08
06/11/2023 22:00,89.01
06/11/2023 22:00,91.114
06/11/2023 22:30,91.114
06/11/2023 22:30,90.08
06/11/2023 22:30,89.01
06/11/2023 23:00,90.08
06/11/2023 23:00,91.114
06/11/2023 23:00,89.01
06/11/2023 23:30,90.08
06/11/2023 23:30,91.114
06/11/2023 23:30,89.01
06/12/2023 00:00,45.926
06/12/2023 00:30,45.926
06/12/2023 01:00,45.926
06/12/2023 01:30,45.926
06/12/2023 02:00,45.926
06/12/2023 02:30,45.926
06/12/2023 03:00,45.926
06/12/2023 03:30,45.926
06/12/2023 04:00,45.926
06/12/2023 04:30,45.926
06/12/2023 05:00,45.926
06/12/2023 05:30,45.926
06/12/2023 06:00,45.926
06/12/2023 06:30,45.926
06/12/2023 07:00,45.926
06/12/2023 07:30,45.926
06/12/2023 08:00,45.926
06/12/2023 08:30,45.926
06/12/2023 09:00,45.926
06/12/2023 09:30,45.926
06/12/2023 10:00,45.926
06/12/2023 10:30,45.926
06/12/2023 11:00,45.926
06/12/2023 11:30,45.926
06/12/2023 12:00,45.926
06/12/2023 12:30,45.926
06/12/2023 13:00,45.926
06/12/2023 13:30,45.926
06/12/2023 14:00,45.926
06/12/2023 14:30,45.926
06/12/2023 15:00,45.926
06/12/2023 15:30,45.926
06/12/2023 16:00,45.926
06/12/2023 16:30,45.926
06/12/2023 17:00,45.926
06/12/2023 17:30,45.926
06/12/2023 18:00,45.926
06/12/2023 18:30,45.926
06/12/2023 19:00,45.926
06/12/2023 19:30,45.926
06/12/2023 20:00,45.926
06/12/2023 20:30,45.926
06/12/2023 21:00,45.926
06/12/2023 21:30,45.926
06/12/2023 22:00,45.926
06/12/2023 22:30,45.926
06/12/2023 23:00,45.926
06/12/2023 23:30,45.926
06/13/2023 00:00,32.9
06/13/2023 00:30,32.9
06/13/2023 01:00,32.9
06/13/2023 01:30,32.9
06/13/2023 02:00,32.9
06/13/2023 02:30,32.9
06/13/2023 03:00,32.9
06/13/2023 03:30,32.9
06/13/2023 04:00,32.9
06/13/2023 04:30,32.9
06/13/2023 05:00,32.9
06/13/2023 05:30,32.9
06/13/2023 06:00,32.9
06/13/2023 06:30,32.9
06/13/2023 07:00,32.9
06/13/2023 07:30,32.9
06/13/2023 08:00,32.9
06/13/2023 08:30,32.9
06/13/2023 09:00,32.9
06/13/2023 09:30,32.9
06/13/2023 10:00,32.9
06/13/2023 10:30,32.9
06/13/2023 11:00,32.9
06/13/2023 11:30,32.9
06/13/2023 12:00,32.9
06/13/2023 12:30,32.9
06/13/2023 13:00,32.9
06/13/2023 13:30,32.9
06/13/2023 14:00,32.9
06/13/2023 14:30,32.9
06/13/2023 15:00,32.9
06/13/2023 15:30,32.9
06/13/2023 16:00,32.9
06/13/2023 16:30,32.9
06/13/2023 17:00,32.9
06/13/2023 17:30,32.9
06/13/2023 18:00,32.9
06/13/2023 18:30,32.9
06/13/2023 19:00,32.9
06/13/2023 19:30,32.9
06/13/2023 20:00,32.9
06/13/2023 20:30,32.9
06/13/2023 21:00,32.9
06/13/2023 21:30,32.9
06/13/2023 22:00,32.9
06/13/2023 22:30,32.9
06/13/2023 23:00,32.9
06/13/2023 23:30,32.9
06/14/2023 00:00,19.74
06/14/2023 00:30,19.74
06/14/2023 01:00,19.74
06/14/2023 01:30,19.74
06/14/2023 02:00,19.74
06/14/2023 02:30,19.74
06/14/2023 03:00,19.74
06/14/2023 03:30,19.74
06/14/2023 04:00,19.74
06/14/2023 04:30,19.74
06/14/2023 05:00,19.74
06/14/2023 05:30,19.74
06/14/2023 06:00,19.74
06/14/2023 06:30,19.74
06/14/2023 07:00,19.74
06/14/2023 07:30,19.74
06/14/2023 08:00,19.74
06/14/2023 08:30,19.74
06/14/2023 09:00,19.74
06/14/2023 09:30,19.74
06/14/2023 10:00,19.74
06/14/2023 10:30,19.74
06/14/2023 11:00,19.74
06/14/2023 11:30,19.74
06/14/2023 12:00,19.74
06/14/2023 12:30,19.74
06/14/2023 13:00,19.74
06/14/2023 13:30,19.74
06/14/2023 14:00,19.74
06/14/2023 14:30,19.74
06/14/2023 15:00,19.74
06/14/2023 15:30,19.74
06/14/2023 16:00,19.74
06/14/2023 16:30,19.74
06/14/2023 17:00,19.74
06/14/2023 17:30,19.74
06/14/2023 18:00,19.74
06/14/2023 18:30,19.74
06/14/2023 19:00,19.74
06/14/2023 19:30,19.74
06/14/2023 20:00,19.74
06/14/2023 20:30,19.74
06/14/2023 21:00,19.74
06/14/2023 21:30,19.74
06/14/2023 22:00,19.74
06/14/2023 22:30,19.74
06/14/2023 23:00,19.74
06/14/2023 23:30,19.74
06/15/2023 00:00,13.16
06/15/2023 00:30,13.16
06/15/2023 01:00,13.16
06/15/2023 01:30,13.16
06/15/2023 02:00,13.16
06/15/2023 02:30,13.16
06/15/2023 03:00,13.16
06/15/2023 03:30,13.16
06/15/2023 04:00,13.16
06/15/2023 04:30,13.16
06/15/2023 05:00,13.16
06/15/2023 05:30,13.16
06/15/2023 06:00,13.16
06/15/2023 06:30,13.16
06/15/2023 07:00,13.16
06/15/2023 07:30,13.16
06/15/2023 08:00,13.16
06/15/2023 08:30,13.16
06/15/2023 09:00,13.16
06/15/2023 09:30,13.16
06/15/2023 10:00,13.16
06/15/2023 10:30,13.16
06/15/2023 11:00,13.16
06/15/2023 11:30,13.16
06/15/2023 12:00,13.16
06/15/2023 12:30,13.16
06/15/2023 13:00,13.16
06/15/2023 13:30,13.16
06/15/2023 14:00,13.16
06/15/2023 14:30,13.16
06/15/2023 15:00,13.16
06/15/2023 15:30,13.16
06/15/2023 16:00,13.16
06/15/2023 16:30,13.16
06/15/2023 17:00,13.16
06/15/2023 17:30,13.16
06/15/2023 18:00,13.16
06/15/2023 18:30,13.16
06/15/2023 19:00,13.16
06/15/2023 19:30,13.16
06/15/2023 20:00,13.16
06/15/2023 20:30,13.16
06/15/2023 21:00,13.16
06/15/2023 21:30,13.16
06/15/2023 22:00,13.16
06/15/2023 22:30,13.16
06/15/2023 23:00,13.16
06/15/2023 23:30,13.16
06/16/2023 00:00,21.056
06/16/2023 00:30,21.056
06/16/2023 01:00,21.056
06/16/2023 01:30,21.056
06/16/2023 02:00,21.056
06/16/2023 02:30,21.056
06/16/2023 03:00,21.056
06/16/2023 03:30,21.056
06/16/2023 04:00,21.056
06/16/2023 04:30,21.056
06/16/2023 05:00,21.056
06/16/2023 05:30,21.056
06/16/2023 06:00,21.056
06/16/2023 06:30,21.056
06/16/2023 07:00,21.056
06/16/2023 07:30,21.056
06/16/2023 08:00,21.056
06/16/2023 08:30,21.056
06/16/2023 09:00,21.056
06/16/2023 09:30,21.056
06/16/2023 10:00,21.056
06/16/2023 10:30,21.056
06/16/2023 11:00,21.056
06/16/2023 11:30,21.056
06/16/2023 12:00,21.056
06/16/2023 12:30,21.056
06/16/2023 13:00,21.056
06/16/2023 13:30,21.056
06/16/2023 14:00,21.056
06/16/2023 14:30,21.056
06/16/2023 15:00,21.056
06/16/2023 15:30,21.056
06/16/2023 16:00,21.056
06/16/2023 16:30,21.056
06/16/2023 17:00,21.056
06/16/2023 17:30,21.056
06/16/2023 18:00,21.056
06/16/2023 18:30,21.056
06/16/2023 19:00,21.056
06/16/2023 19:30,21.056
06/16/2023 20:00,21.056
06/16/2023 20:30,21.056
06/16/2023 21:00,21.056
06/16/2023 21:30,21.056
06/16/2023 22:00,21.056
06/16/2023 22:30,21.056
06/16/2023 23:00,21.056
06/16/2023 23:30,21.056
06/17/2023 00:00,18.424
06/17/2023 00:30,18.424
06/17/2023 01:00,18.424
06/17/2023 01:30,18.424
06/17/2023 02:00,18.424
06/17/2023 02:30,18.424
06/17/2023 03:00,18.424
06/17/2023 03:30,18.424
06/17/2023 04:00,18.424
06/17/2023 04:30,18.424
06/17/2023 05:00,18.424
06/17/2023 05:30,18.424
06/17/2023 06:00,18.424
06/17/2023 06:30,18.424
06/17/2023 07:00,18.424
06/17/2023 07:30,18.424
06/17/2023 08:00,18.424
06/17/2023 08:30,18.424
06/17/2023 09:00,18.424
06/17/2023 09:30,18.424
06/17/2023 10:00,18.424
06/17/2023 10:30,18.424
06/17/2023 11:00,18.424
06/17/2023 11:30,18.424
06/17/2023 12:00,18.424
06/17/2023 12:30,18.424
06/17/2023 13:00,18.424
06/17/2023 13:30,18.424
06/17/2023 14:00,18.424
06/17/2023 14:30,18.424
06/17/2023 15:00,18.424
06/17/2023 15:30,18.424
06/17/2023 16:00,18.424
06/17/2023 16:30,18.424
06/17/2023 17:00,18.424
06/17/2023 17:30,18.424
06/17/2023 18:00,18.424
06/17/2023 18:30,18.424
06/17/2023 19:00,18.424
06/17/2023 19:30,18.424
06/17/2023 20:00,18.424
06/17/2023 20:30,18.424
06/17/2023 21:00,18.424
06/17/2023 21:30,18.424
06/17/2023 22:00,18.424
06/17/2023 22:30,18.424
06/17/2023 23:00,18.424
06/17/2023 23:30,18.424
06/18/2023 00:00,14.432
06/18/2023 00:30,14.432
06/18/2023 01:00,14.432
06/18/2023 01:30,14.432
06/18/2023 02:00,14.432
06/18/2023 02:30,14.432
06/18/2023 03:00,14.432
06/18/2023 03:30,14.432
06/18/2023 04:00,14.432
06/18/2023 04:30,14.432
06/18/2023 05:00,14.432
06/18/2023 05:30,14.432
06/18/2023 06:00,14.432
06/18/2023 06:30,14.432
06/18/2023 07:00,14.432
06/18/2023 07:30,14.432
06/18/2023 08:00,14.432
06/18/2023 08:30,14.432
06/18/2023 09:00,14.432
06/18/2023 09:30,14.432
06/18/2023 10:00,14.432
06/18/2023 10:30,14.432
06/18/2023 11:00,14.432
06/18/2023 11:30,14.432
06/18/2023 12:00,14.432
06/18/2023 12:30,14.432
06/18/2023 13:00,14.432
06/18/2023 13:30,14.432
06/18/2023 14:00,14.432
06/18/2023 14:30,14.432
06/18/2023 15:00,14.432
06/18/2023 15:30,14.432
06/18/2023 16:00,14.432
06/18/2023 16:30,14.432
06/18/2023 17:00,14.432
06/18/2023 17:30,14.432
06/18/2023 18:00,14.432
06/18/2023 18:30,14.432
06/18/2023 19:00,14.432
06/18/2023 19:30,14.432
06/18/2023 20:00,14.432
06/18/2023 20:30,14.432
06/18/2023 21:00,14.432
06/18/2023 21:30,14.432
06/18/2023 22:00,14.432
06/18/2023 22:30,14.432
06/18/2023 23:00,14.432
06/18/2023 23:30,14.432
06/19/2023 00:00,14.432
06/19/2023 00:30,14.432
06/19/2023 01:00,14.432
06/19/2023 01:30,14.432
06/19/2023 02:00,14.432
06/19/2023 02:30,14.432
06/19/2023 03:00,14.432
06/19/2023 03:30,14.432
06/19/2023 04:00,14.432
06/19/2023 04:30,14.432
06/19/2023 05:00,14.432
06/19/2023 05:30,14.432
06/19/2023 06:00,14.432
06/19/2023 06:30,14.432
06/19/2023 07:00,14.432
06/19/2023 07:30,14.432
06/19/2023 08:00,14.432
06/19/2023 08:30,14.432
06/19/2023 09:00,14.432
06/19/2023 09:30,14.432
06/19/2023 10:00,14.432
06/19/2023 10:30,14.432
06/19/2023 11:00,14.432
06/19/2023 11:30,14.432
06/19/2023 12:00,14.432
06/19/2023 12:30,14.432
06/19/2023 13:00,14.432
06/19/2023 13:30,14.432
06/19/2023 14:00,14.432
06/19/2023 14:30,14.432
06/19/2023 15:00,14.432
06/19/2023 15:30,14.432
06/19/2023 16:00,14.432
06/19/2023 16:30,14.432
06/19/2023 17:00,14.432
06/19/2023 17:30,14.432
06/19/2023 18:00,14.432
06/19/2023 18:30,14.432
06/19/2023 19:00,14.432
06/19/2023 19:30,14.432
06/19/2023 20:00,14.432
06/19/2023 20:30,14.432
06/19/2023 21:00,14.432
06/19/2023 21:30,14.432
06/19/2023 22:00,14.432
06/19/2023 22:30,14.432
06/19/2023 23:00,14.432
06/19/2023 23:30,14.432
06/20/2023 00:00,14.43
06/20/2023 00:30,14.43
06/20/2023 01:00,14.43
06/20/2023 01:30,14.43
06/20/2023 02:00,14.43
06/20/2023 02:30,14.43
06/20/2023 03:00,14.43
06/20/2023 03:30,14.43
06/20/2023 04:00,14.43
06/20/2023 04:30,14.43
06/20/2023 05:00,14.43
06/20/2023 05:30,14.43
06/20/2023 06:00,14.43
06/20/2023 06:30,14.43
06/20/2023 07:00,14.43
06/20/2023 07:30,14.43
06/20/2023 08:00,14.43
06/20/2023 08:30,14.43
06/20/2023 09:00,14.43
06/20/2023 09:30,14.43
06/20/2023 10:00,14.43
06/20/2023 10:30,14.43
06/20/2023 11:00,14.43
06/20/2023 11:30,14.43
06/20/2023 12:00,14.43
06/20/2023 12:30,14.43
06/20/2023 13:00,14.43
06/20/2023 13:30,14.43
06/20/2023 14:00,14.43
06/20/2023 14:30,14.43
06/20/2023 15:00,14.43
06/20/2023 15:30,14.43
06/20/2023 16:00,14.43
06/20/2023 16:30,14.43
06/20/2023 17:00,14.43
06/20/2023 17:30,14.43
06/20/2023 18:00,14.43
06/20/2023 18:30,14.43
06/20/2023 19:00,14.43
06/20/2023 19:30,14.43
06/20/2023 20:00,14.43
06/20/2023 20:30,14.43
06/20/2023 21:00,14.43
06/20/2023 21:30,14.43
06/20/2023 22:00,14.43
06/20/2023 22:30,14.43
06/20/2023 23:00,14.43
06/20/2023 23:30,14.43
06/21/2023 00:00,14.476
06/21/2023 00:30,14.476
06/21/2023 01:00,14.476
06/21/2023 01:30,14.476
06/21/2023 02:00,14.476
06/21/2023 02:30,14.476
06/21/2023 03:00,14.476
06/21/2023 03:30,14.476
06/21/2023 04:00,14.476
06/21/2023 04:30,14.476
06/21/2023 05:00,14.476
06/21/2023 05:30,14.476
06/21/2023 06:00,14.476
06/21/2023 06:30,14.476
06/21/2023 07:00,14.476
06/21/2023 07:30,14.476
06/21/2023 08:00,14.476
06/21/2023 08:30,14.476
06/21/2023 09:00,14.476
06/21/2023 09:30,14.476
06/21/2023 10:00,14.476
06/21/2023 10:30,14.476
06/21/2023 11:00,14.476
06/21/2023 11:30,14.476
06/21/2023 12:00,14.476
06/21/2023 12:30,14.476
06/21/2023 13:00,14.476
06/21/2023 13:30,14.476
06/21/2023 14:00,14.476
06/21/2023 14:30,14.476
06/21/2023 15:00,14.476
06/21/2023 15:30,14.476
06/21/2023 16:00,14.476
06/21/2023 16:30,14.476
06/21/2023 17:00,14.476
06/21/2023 17:30,14.476
06/21/2023 18:00,14.476
06/21/2023 18:30,14.476
06/21/2023 19:00,14.476
06/21/2023 19:30,14.476
06/21/2023 20:00,14.476
06/21/2023 20:30,14.476
06/21/2023 21:00,14.476
06/21/2023 21:30,14.476
06/21/2023 22:00,14.476
06/21/2023 22:30,14.476
06/21/2023 23:00,14.476
06/21/2023 23:30,14.476
06/22/2023 00:00,14.476
06/22/2023 00:30,14.476
06/22/2023 01:00,14.476
06/22/2023 01:30,14.476
06/22/2023 02:00,14.476
06/22/2023 02:30,14.476
06/22/2023 03:00,14.476
06/22/2023 03:30,14.476
06/22/2023 04:00,14.476
06/22/2023 04:30,14.476
06/22/2023 05:00,14.476
06/22/2023 05:30,14.476
06/22/2023 06:00,14.476
06/22/2023 06:30,14.476
06/22/2023 07:00,14.476
06/22/2023 07:30,14.476
06/22/2023 08:00,14.476
06/22/2023 08:30,14.476
06/22/2023 09:00,14.476
06/22/2023 09:30,14.476
06/22/2023 10:00,14.476
06/22/2023 10:30,14.476
06/22/2023 11:00,14.476
06/22/2023 11:30,14.476
06/22/2023 12:00,14.476
06/22/2023 12:30,14.476
06/22/2023 13:00,14.476
06/22/2023 13:30,14.476
06/22/2023 14:00,14.476
06/22/2023 14:30,14.476
06/22/2023 15:00,14.476
06/22/2023 15:30,14.476
06/22/2023 16:00,14.476
06/22/2023 16:30,14.476
06/22/2023 17:00,14.476
06/22/2023 17:30,14.476
06/22/2023 18:00,14.476
06/22/2023 18:30,14.476
06/22/2023 19:00,14.476
06/22/2023 19:30,14.476
06/22/2023 20:00,14.476
06/22/2023 20:30,14.476
06/22/2023 21:00,14.476
06/22/2023 21:30,14.476
06/22/2023 22:00,14.476
06/22/2023 22:30,14.476
06/22/2023 23:00,14.476
06/22/2023 23:30,14.476
06/23/2023 00:00,14.476
06/23/2023 00:30,14.476
06/23/2023 01:00,14.476
06/23/2023 01:30,14.476
06/23/2023 02:00,14.476
06/23/2023 02:30,14.476
06/23/2023 03:00,14.476
06/23/2023 03:30,14.476
06/23/2023 04:00,14.476
06/23/2023 04:30,14.476
06/23/2023 05:00,14.476
06/23/2023 05:30,14.476
06/23/2023 06:00,14.476
06/23/2023 06:30,14.476
06/23/2023 07:00,14.476
06/23/2023 07:30,14.476
06/23/2023 08:00,14.476
06/23/2023 08:30,14.476
06/23/2023 09:00,14.476
06/23/2023 09:30,14.476
06/23/2023 10:00,14.476
06/23/2023 10:30,14.476
06/23/2023 11:00,14.476
06/23/2023 11:30,14.476
06/23/2023 12:00,14.476
06/23/2023 12:30,14.476
06/23/2023 13:00,14.476
06/23/2023 13:30,14.476
06/23/2023 14:00,14.476
06/23/2023 14:30,14.476
06/23/2023 15:00,14.476
06/23/2023 15:30,14.476
06/23/2023 16:00,14.476
06/23/2023 16:30,14.476
06/23/2023 17:00,14.476
06/23/2023 17:30,14.476
06/23/2023 18:00,14.476
06/23/2023 18:30,14.476
06/23/2023 19:00,14.476
06/23/2023 19:30,14.476
06/23/2023 20:00,14.476
06/23/2023 20:30,14.476
06/23/2023 21:00,14.476
06/23/2023 21:30,14.476
06/23/2023 22:00,14.476
06/23/2023 22:30,14.476
06/23/2023 23:00,14.476
06/23/2023 23:30,14.476
06/24/2023 00:00,13.016
06/24/2023 00:30,13.016
06/24/2023 01:00,13.016
06/24/2023 01:30,13.016
06/24/2023 02:00,13.016
06/24/2023 02:30,13.016
06/24/2023 03:00,13.016
06/24/2023 03:30,13.016
06/24/2023 04:00,13.016
06/24/2023 04:30,13.016
06/24/2023 05:00,13.016
06/24/2023 05:30,13.016
06/24/2023 06:00,13.016
06/24/2023 06:30,13.016
06/24/2023 07:00,13.016
06/24/2023 07:30,13.016
06/24/2023 08:00,13.016
06/24/2023 08:30,13.016
06/24/2023 09:00,13.016
06/24/2023 09:30,13.016
06/24/2023 10:00,13.016
06/24/2023 10:30,13.016
06/24/2023 11:00,13.016
06/24/2023 11:30,13.016
06/24/2023 12:00,13.016
06/24/2023 12:30,13.016
06/24/2023 13:00,13.016
06/24/2023 13:30,13.016
06/24/2023 14:00,13.016
06/24/2023 14:30,13.016
06/24/2023 15:00,13.016
06/24/2023 15:30,13.016
06/24/2023 16:00,13.016
06/24/2023 16:30,13.016
06/24/2023 17:00,13.016
06/24/2023 17:30,13.016
06/24/2023 18:00,13.016
06/24/2023 18:30,13.016
06/24/2023 19:00,13.016
06/24/2023 19:30,13.016
06/24/2023 20:00,13.016
06/24/2023 20:30,13.016
06/24/2023 21:00,13.016
06/24/2023 21:30,13.016
06/24/2023 22:00,13.016
06/24/2023 22:30,13.016
06/24/2023 23:00,13.016
06/24/2023 23:30,13.016
06/25/2023 00:00,13.16
06/25/2023 00:30,13.16
06/25/2023 01:00,13.16
06/25/2023 01:30,13.16
06/25/2023 02:00,13.16
06/25/2023 02:30,13.16
06/25/2023 03:00,13.16
06/25/2023 03:30,13.16
06/25/2023 04:00,13.16
06/25/2023 04:30,13.16
06/25/2023 05:00,13.16
06/25/2023 05:30,13.16
06/25/2023 06:00,13.16
06/25/2023 06:30,13.16
06/25/2023 07:00,13.16
06/25/2023 07:30,13.16
06/25/2023 08:00,13.16
06/25/2023 08:30,13.16
06/25/2023 09:00,13.16
06/25/2023 09:30,13.16
06/25/2023 10:00,13.16
06/25/2023 10:30,13.16
06/25/2023 11:00,13.16
06/25/2023 11:30,13.16
06/25/2023 12:00,13.16
06/25/2023 12:30,13.16
06/25/2023 13:00,13.16
06/25/2023 13:30,13.16
06/25/2023 14:00,13.16
06/25/2023 14:30,13.16
06/25/2023 15:00,13.16
06/25/2023 15:30,13.16
06/25/2023 16:00,13.16
06/25/2023 16:30,13.16
06/25/2023 17:00,13.16
06/25/2023 17:30,13.16
06/25/2023 18:00,13.16
06/25/2023 18:30,13.16
06/25/2023 19:00,13.16
06/25/2023 19:30,13.16
06/25/2023 20:00,13.16
06/25/2023 20:30,13.16
06/25/2023 21:00,13.16
06/25/2023 21:30,13.16
06/25/2023 22:00,13.16
06/25/2023 22:30,13.16
06/25/2023 23:00,13.16
06/25/2023 23:30,13.16
06/26/2023 00:00,13.16
06/26/2023 00:30,13.16
06/26/2023 01:00,13.16
06/26/2023 01:30,13.16
06/26/2023 02:00,13.16
06/26/2023 02:30,13.16
06/26/2023 03:00,13.16
06/26/2023 03:30,13.16
06/26/2023 04:00,13.16
06/26/2023 04:30,13.16
06/26/2023 05:00,13.16
06/26/2023 05:30,13.16
06/26/2023 06:00,13.16
06/26/2023 06:30,13.16
06/26/2023 07:00,13.16
06/26/2023 07:30,13.16
06/26/2023 08:00,13.16
06/26/2023 08:30,13.16
06/26/2023 09:00,13.16
06/26/2023 09:30,13.16
06/26/2023 10:00,13.16
06/26/2023 10:30,13.16
06/26/2023 11:00,13.16
06/26/2023 11:30,13.16
06/26/2023 12:00,13.16
06/26/2023 12:30,13.16
06/26/2023 13:00,13.16
06/26/2023 13:30,13.16
06/26/2023 14:00,13.16
06/26/2023 14:30,13.16
06/26/2023 15:00,13.16
06/26/2023 15:30,13.16
06/26/2023 16:00,13.16
06/26/2023 16:30,13.16
06/26/2023 17:00,13.16
06/26/2023 17:30,13.16
06/26/2023 18:00,13.16
06/26/2023 18:30,13.16
06/26/2023 19:00,13.16
06/26/2023 19:30,13.16
06/26/2023 20:00,13.16
06/26/2023 20:30,13.16
06/26/2023 21:00,13.16
06/26/2023 21:30,13.16
06/26/2023 22:00,13.16
06/26/2023 22:30,13.16
06/26/2023 23:00,13.16
06/26/2023 23:30,13.16
06/27/2023 00:00,13.16
06/27/2023 00:30,13.16
06/27/2023 01:00,13.16
06/27/2023 01:30,13.16
06/27/2023 02:00,13.16
06/27/2023 02:30,13.16
06/27/2023 03:00,13.16
06/27/2023 03:30,13.16
06/27/2023 04:00,13.16
06/27/2023 04:30,13.16
06/27/2023 05:00,13.16
06/27/2023 05:30,13.16
06/27/2023 06:00,13.16
06/27/2023 06:30,13.16
06/27/2023 07:00,13.16
06/27/2023 07:30,13.16
06/27/2023 08:00,13.16
06/27/2023 08:30,13.16
06/27/2023 09:00,13.16
06/27/2023 09:30,13.16
06/27/2023 10:00,13.16
06/27/2023 10:30,13.16
06/27/2023 11:00,13.16
06/27/2023 11:30,13.16
06/27/2023 12:00,13.16
06/27/2023 12:30,13.16
06/27/2023 13:00,13.16
06/27/2023 13:30,13.16
06/27/2023 14:00,13.16
06/27/2023 14:30,13.16
06/27/2023 15:00,13.16
06/27/2023 15:30,13.16
06/27/2023 16:00,13.16
06/27/2023 16:30,13.16
06/27/2023 17:00,13.16
06/27/2023 17:30,13.16
06/27/2023 18:00,13.16
06/27/2023 18:30,13.16
06/27/2023 19:00,13.16
06/27/2023 19:30,13.16
06/27/2023 20:00,13.16
06/27/2023 20:30,13.16
06/27/2023 21:00,13.16
06/27/2023 21:30,13.16
06/27/2023 22:00,13.16
06/27/2023 22:30,13.16
06/27/2023 23:00,13.16
06/27/2023 23:30,13.16
06/28/2023 00:00,13.16
06/28/2023 00:30,13.16
06/28/2023 01:00,13.16
06/28/2023 01:30,13.16
06/28/2023 02:00,13.16
06/28/2023 02:30,13.16
06/28/2023 03:00,13.16
06/28/2023 03:30,13.16
06/28/2023 04:00,13.16
06/28/2023 04:30,13.16
06/28/2023 05:00,13.16
06/28/2023 05:30,13.16
06/28/2023 06:00,13.16
06/28/2023 06:30,13.16
06/28/2023 07:00,13.16
06/28/2023 07:30,13.16
06/28/2023 08:00,13.16
06/28/2023 08:30,13.16
06/28/2023 09:00,13.16
06/28/2023 09:30,13.16
06/28/2023 10:00,13.16
06/28/2023 10:30,13.16
06/28/2023 11:00,13.16
06/28/2023 11:30,13.16
06/28/2023 12:00,13.16
06/28/2023 12:30,13.16
06/28/2023 13:00,13.16
06/28/2023 13:30,13.16
06/28/2023 14:00,13.16
06/28/2023 14:30,13.16
06/28/2023 15:00,13.16
06/28/2023 15:30,13.16
06/28/2023 16:00,13.16
06/28/2023 16:30,13.16
06/28/2023 17:00,13.16
06/28/2023 17:30,13.16
06/28/2023 18:00,13.16
06/28/2023 18:30,13.16
06/28/2023 19:00,13.16
06/28/2023 19:30,13.16
06/28/2023 20:00,13.16
06/28/2023 20:30,13.16
06/28/2023 21:00,13.16
06/28/2023 21:30,13.16
06/28/2023 22:00,13.16
06/28/2023 22:30,13.16
06/28/2023 23:00,13.16
06/28/2023 23:30,13.16
06/29/2023 00:00,11.844
06/29/2023 00:30,11.844
06/29/2023 01:00,11.844
06/29/2023 01:30,11.844
06/29/2023 02:00,11.844
06/29/2023 02:30,11.844
06/29/2023 03:00,11.844
06/29/2023 03:30,11.844
06/29/2023 04:00,11.844
06/29/2023 04:30,11.844
06/29/2023 05:00,11.844
06/29/2023 05:30,11.844
06/29/2023 06:00,11.844
06/29/2023 06:30,11.844
06/29/2023 07:00,11.844
06/29/2023 07:30,11.844
06/29/2023 08:00,11.844
06/29/2023 08:30,11.844
06/29/2023 09:00,11.844
06/29/2023 09:30,11.844
06/29/2023 10:00,11.844
06/29/2023 10:30,11.844
06/29/2023 11:00,11.844
06/29/2023 11:30,11.844
06/29/2023 12:00,11.844
06/29/2023 12:30,11.844
06/29/2023 13:00,11.844
06/29/2023 13:30,11.844
06/29/2023 14:00,11.844
06/29/2023 14:30,11.844
06/29/2023 15:00,11.844
06/29/2023 15:30,11.844
06/29/2023 16:00,11.844
06/29/2023 16:30,11.844
06/29/2023 17:00,11.844
06/29/2023 17:30,11.844
06/29/2023 18:00,11.844
06/29/2023 18:30,11.844
06/29/2023 19:00,11.844
06/29/2023 19:30,11.844
06/29/2023 20:00,11.844
06/29/2023 20:30,11.844
06/29/2023 21:00,11.844
06/29/2023 21:30,11.844
06/29/2023 22:00,11.844
06/29/2023 22:30,11.844
06/29/2023 23:00,11.844
06/29/2023 23:30,11.844
06/30/2023 00:00,11.844
06/30/2023 00:30,11.844
06/30/2023 01:00,11.844
06/30/2023 01:30,11.844
06/30/2023 02:00,11.844
06/30/2023 02:30,11.844
06/30/2023 03:00,11.844
06/30/2023 03:30,11.844
06/30/2023 04:00,11.844
06/30/2023 04:30,11.844
06/30/2023 05:00,11.844
06/30/2023 05:30,11.844
06/30/2023 06:00,11.844
06/30/2023 06:30,11.844
06/30/2023 07:00,11.844
06/30/2023 07:30,11.844
06/30/2023 08:00,11.844
06/30/2023 08:30,11.844
06/30/2023 09:00,11.844
06/30/2023 09:30,11.844
06/30/2023 10:00,11.844
06/30/2023 10:30,11.844
06/30/2023 11:00,11.844
06/30/2023 11:30,11.844
06/30/2023 12:00,11.844
06/30/2023 12:30,11.844
06/30/2023 13:00,11.844
06/30/2023 13:30,11.844
06/30/2023 14:00,11.844
06/30/2023 14:30,11.844
06/30/2023 15:00,11.844
06/30/2023 15:30,11.844
06/30/2023 16:00,11.844
06/30/2023 16:30,11.844
06/30/2023 17:00,11.844
06/30/2023 17:30,11.844
06/30/2023 18:00,11.844
06/30/2023 18:30,11.844
06/30/2023 19:00,11.844
06/30/2023 19:30,11.844
06/30/2023 20:00,11.844
06/30/2023 20:30,11.844
06/30/2023 21:00,11.844
06/30/2023 21:30,11.844
06/30/2023 22:00,11.844
06/30/2023 22:30,11.844
06/30/2023 23:00,11.844
06/30/2023 23:30,11.844
07/01/2023 00:00,11.844
07/01/2023 00:30,11.844
07/01/2023 01:00,11.844
07/01/2023 01:30,11.844
07/01/2023 02:00,11.844
07/01/2023 02:30,11.844
07/01/2023 03:00,11.844
07/01/2023 03:30,11.844
07/01/2023 04:00,11.844
07/01/2023 04:30,11.844
07/01/2023 05:00,11.844
07/01/2023 05:30,11.844
07/01/2023 06:00,11.844
07/01/2023 06:30,11.844
07/01/2023 07:00,11.844
07/01/2023 07:30,11.844
07/01/2023 08:00,11.844
07/01/2023 08:30,11.844
07/01/2023 09:00,11.844
07/01/2023 09:30,11.844
07/01/2023 10:00,11.844
07/01/2023 10:30,11.844
07/01/2023 11:00,11.844
07/01/2023 11:30,11.844
07/01/2023 12:00,11.844
07/01/2023 12:30,11.844
07/01/2023 13:00,11.844
07/01/2023 13:30,11.844
07/01/2023 14:00,11.844
07/01/2023 14:30,11.844
07/01/2023 15:00,11.844
07/01/2023 15:30,11.844
07/01/2023 16:00,11.844
07/01/2023 16:30,11.844
07/01/2023 17:00,11.844
07/01/2023 17:30,11.844
07/01/2023 18:00,11.844
07/01/2023 18:30,11.844
07/01/2023 19:00,11.844
07/01/2023 19:30,11.844
07/01/2023 20:00,11.844
07/01/2023 20:30,11.844
07/01/2023 21:00,11.844
07/01/2023 21:30,11.844
07/01/2023 22:00,11.844
07/01/2023 22:30,11.844
07/01/2023 23:00,11.844
07/01/2023 23:30,11.844
07/02/2023 00:00,11.844
07/02/2023 00:30,11.844
07/02/2023 01:00,11.844
07/02/2023 01:30,11.844
07/02/2023 02:00,11.844
07/02/2023 02:30,11.844
07/02/2023 03:00,11.844
07/02/2023 03:30,11.844
07/02/2023 04:00,11.844
07/02/2023 04:30,11.844
07/02/2023 05:00,11.844
07/02/2023 05:30,11.844
07/02/2023 06:00,11.844
07/02/2023 06:30,11.844
07/02/2023 07:00,11.844
07/02/2023 07:30,11.844
07/02/2023 08:00,11.844
07/02/2023 08:30,11.844
07/02/2023 09:00,11.844
07/02/2023 09:30,11.844
07/02/2023 10:00,11.844
07/02/2023 10:30,11.844
07/02/2023 11:00,11.844
07/02/2023 11:30,11.844
07/02/2023 12:00,11.844
07/02/2023 12:30,11.844
07/02/2023 13:00,11.844
07/02/2023 13:30,11.844
07/02/2023 14:00,11.844
07/02/2023 14:30,11.844
07/02/2023 15:00,11.844
07/02/2023 15:30,11.844
07/02/2023 16:00,11.844
07/02/2023 16:30,11.844
07/02/2023 17:00,11.844
07/02/2023 17:30,11.844
07/02/2023 18:00,11.844
07/02/2023 18:30,11.844
07/02/2023 19:00,11.844
07/02/2023 19:30,11.844
07/02/2023 20:00,11.844
07/02/2023 20:30,11.844
07/02/2023 21:00,11.844
07/02/2023 21:30,11.844
07/02/2023 22:00,11.844
07/02/2023 22:30,11.844
07/02/2023 23:00,11.844
07/02/2023 23:30,11.844
07/03/2023 00:00,13.16
07/03/2023 00:30,13.16
07/03/2023 01:00,13.16
07/03/2023 01:30,13.16
07/03/2023 02:00,13.16
07/03/2023 02:30,13.16
07/03/2023 03:00,13.16
07/03/2023 03:30,13.16
07/03/2023 04:00,13.16
07/03/2023 04:30,13.16
07/03/2023 05:00,13.16
07/03/2023 05:30,13.16
07/03/2023 06:00,13.16
07/03/2023 06:30,13.16
07/03/2023 07:00,13.16
07/03/2023 07:30,13.16
07/03/2023 08:00,13.16
07/03/2023 08:30,13.16
07/03/2023 09:00,13.16
07/03/2023 09:30,13.16
07/03/2023 10:00,13.16
07/03/2023 10:30,13.16
07/03/2023 11:00,13.16
07/03/2023 11:30,13.16
07/03/2023 12:00,13.16
07/03/2023 12:30,13.16
07/03/2023 13:00,13.16
07/03/2023 13:30,13.16
07/03/2023 14:00,13.16
07/03/2023 14:30,13.16
07/03/2023 15:00,13.16
07/03/2023 15:30,13.16
07/03/2023 16:00,13.16
07/03/2023 16:30,13.16
07/03/2023 17:00,13.16
07/03/2023 17:30,13.16
07/03/2023 18:00,13.16
07/03/2023 18:30,13.16
07/03/2023 19:00,13.16
07/03/2023 19:30,13.16
07/03/2023 20:00,13.16
07/03/2023 20:30,13.16
07/03/2023 21:00,13.16
07/03/2023 21:30,13.16
07/03/2023 22:00,13.16
07/03/2023 22:30,13.16
07/03/2023 23:00,13.16
07/03/2023 23:30,13.16
07/04/2023 00:00,13.16
07/04/2023 00:30,13.16
07/04/2023 01:00,13.16
07/04/2023 01:30,13.16
07/04/2023 02:00,13.16
07/04/2023 02:30,13.16
07/04/2023 03:00,13.16
07/04/2023 03:30,13.16
07/04/2023 04:00,13.16
07/04/2023 04:30,13.16
07/04/2023 05:00,13.16
07/04/2023 05:30,13.16
07/04/2023 06:00,13.16
07/04/2023 06:30,13.16
07/04/2023 07:00,13.16
07/04/2023 07:30,13.16
07/04/2023 08:00,13.16
07/04/2023 08:30,13.16
07/04/2023 09:00,13.16
07/04/2023 09:30,13.16
07/04/2023 10:00,13.16
07/04/2023 10:30,13.16
07/04/2023 11:00,13.16
07/04/2023 11:30,13.16
07/04/2023 12:00,13.16
07/04/2023 12:30,13.16
07/04/2023 13:00,13.16
07/04/2023 13:30,13.16
07/04/2023 14:00,13.16
07/04/2023 14:30,13.16
07/04/2023 15:00,13.16
07/04/2023 15:30,13.16
07/04/2023 16:00,13.16
07/04/2023 16:30,13.16
07/04/2023 17:00,13.16
07/04/2023 17:30,13.16
07/04/2023 18:00,13.16
07/04/2023 18:30,13.16
07/04/2023 19:00,13.16
07/04/2023 19:30,13.16
07/04/2023 20:00,13.16
07/04/2023 20:30,13.16
07/04/2023 21:00,13.16
07/04/2023 21:30,13.16
07/04/2023 22:00,13.16
07/04/2023 22:30,13.16
07/04/2023 23:00,13.16
07/04/2023 23:30,13.16
07/05/2023 00:00,11.844
07/05/2023 00:30,11.844
07/05/2023 01:00,11.844
07/05/2023 01:30,11.844
07/05/2023 02:00,11.844
07/05/2023 02:30,11.844
07/05/2023 03:00,11.844
07/05/2023 03:30,11.844
07/05/2023 04:00,11.844
07/05/2023 04:30,11.844
07/05/2023 05:00,11.844
07/05/2023 05:30,11.844
07/05/2023 06:00,11.844
07/05/2023 06:30,11.844
07/05/2023 07:00,11.844
07/05/2023 07:30,11.844
07/05/2023 08:00,11.844
07/05/2023 08:30,11.844
07/05/2023 09:00,11.844
07/05/2023 09:30,11.844
07/05/2023 10:00,11.844
07/05/2023 10:30,11.844
07/05/2023 11:00,11.844
07/05/2023 11:30,11.844
07/05/2023 12:00,11.844
07/05/2023 12:30,11.844
07/05/2023 13:00,11.844
07/05/2023 13:30,11.844
07/05/2023 14:00,11.844
07/05/2023 14:30,11.844
07/05/2023 15:00,11.844
07/05/2023 15:30,11.844
07/05/2023 16:00,11.844
07/05/2023 16:30,11.844
07/05/2023 17:00,11.844
07/05/2023 17:30,11.844
07/05/2023 18:00,11.844
07/05/2023 18:30,11.844
07/05/2023 19:00,11.844
07/05/2023 19:30,11.844
07/05/2023 20:00,11.844
07/05/2023 20:30,11.844
07/05/2023 21:00,11.844
07/05/2023 21:30,11.844
07/05/2023 22:00,11.844
07/05/2023 22:30,11.844
07/05/2023 23:00,11.844
07/05/2023 23:30,11.844
07/06/2023 00:00,11.844
07/06/2023 00:30,11.844
07/06/2023 01:00,11.844
07/06/2023 01:30,11.844
07/06/2023 02:00,11.844
07/06/2023 02:30,11.844
07/06/2023 03:00,11.844
07/06/2023 03:30,11.844
07/06/2023 04:00,11.844
07/06/2023 04:30,11.844
07/06/2023 05:00,11.844
07/06/2023 05:30,11.844
07/06/2023 06:00,11.844
07/06/2023 06:30,11.844
07/06/2023 07:00,11.844
07/06/2023 07:30,11.844
07/06/2023 08:00,11.844
07/06/2023 08:30,11.844
07/06/2023 09:00,11.844
07/06/2023 09:30,11.844
07/06/2023 10:00,11.844
07/06/2023 10:30,11.844
07/06/2023 11:00,11.844
07/06/2023 11:30,11.844
07/06/2023 12:00,11.844
07/06/2023 12:30,11.844
07/06/2023 13:00,11.844
07/06/2023 13:30,11.844
07/06/2023 14:00,11.844
07/06/2023 14:30,11.844
07/06/2023 15:00,11.844
07/06/2023 15:30,11.844
07/06/2023 16:00,11.844
07/06/2023 16:30,11.844
07/06/2023 17:00,11.844
07/06/2023 17:30,11.844
07/06/2023 18:00,11.844
07/06/2023 18:30,11.844
07/06/2023 19:00,11.844
07/06/2023 19:30,11.844
07/06/2023 20:00,11.844
07/06/2023 20:30,11.844
07/06/2023 21:00,11.844
07/06/2023 21:30,11.844
07/06/2023 22:00,11.844
07/06/2023 22:30,11.844
07/06/2023 23:00,11.844
07/06/2023 23:30,11.844
07/07/2023 00:00,9.87
07/07/2023 00:30,9.87
07/07/2023 01:00,9.87
07/07/2023 01:30,9.87
07/07/2023 02:00,9.87
07/07/2023 02:30,9.87
07/07/2023 03:00,9.87
07/07/2023 03:30,9.87
07/07/2023 04:00,9.87
07/07/2023 04:30,9.87
07/07/2023 05:00,9.87
07/07/2023 05:30,9.87
07/07/2023 06:00,9.87
07/07/2023 06:30,9.87
07/07/2023 07:00,9.87
07/07/2023 07:30,9.87
07/07/2023 08:00,9.87
07/07/2023 08:30,9.87
07/07/2023 09:00,9.87
07/07/2023 09:30,9.87
07/07/2023 10:00,9.87
07/07/2023 10:30,9.87
07/07/2023 11:00,9.87
07/07/2023 11:30,9.87
07/07/2023 12:00,9.87
07/07/2023 12:30,9.87
07/07/2023 13:00,9.87
07/07/2023 13:30,9.87
07/07/2023 14:00,9.87
07/07/2023 14:30,9.87
07/07/2023 15:00,9.87
07/07/2023 15:30,9.87
07/07/2023 16:00,9.87
07/07/2023 16:30,9.87
07/07/2023 17:00,9.87
07/07/2023 17:30,9.87
07/07/2023 18:00,9.87
07/07/2023 18:30,9.87
07/07/2023 19:00,9.87
07/07/2023 19:30,9.87
07/07/2023 20:00,9.87
07/07/2023 20:30,9.87
07/07/2023 21:00,9.87
07/07/2023 21:30,9.87
07/07/2023 22:00,9.87
07/07/2023 22:30,9.87
07/07/2023 23:00,9.87
07/07/2023 23:30,9.87
07/08/2023 00:00,9.87
07/08/2023 00:30,9.87
07/08/2023 01:00,9.87
07/08/2023 01:30,9.87
07/08/2023 02:00,9.87
07/08/2023 02:30,9.87
07/08/2023 03:00,9.87
07/08/2023 03:30,9.87
07/08/2023 04:00,9.87
07/08/2023 04:30,9.87
07/08/2023 05:00,9.87
07/08/2023 05:30,9.87
07/08/2023 06:00,9.87
07/08/2023 06:30,9.87
07/08/2023 07:00,9.87
07/08/2023 07:30,9.87
07/08/2023 08:00,9.87
07/08/2023 08:30,9.87
07/08/2023 09:00,9.87
07/08/2023 09:30,9.87
07/08/2023 10:00,9.87
07/08/2023 10:30,9.87
07/08/2023 11:00,9.87
07/08/2023 11:30,9.87
07/08/2023 12:00,9.87
07/08/2023 12:30,9.87
07/08/2023 13:00,9.87
07/08/2023 13:30,9.87
07/08/2023 14:00,9.87
07/08/2023 14:30,9.87
07/08/2023 15:00,9.87
07/08/2023 15:30,9.87
07/08/2023 16:00,9.87
07/08/2023 16:30,9.87
07/08/2023 17:00,9.87
07/08/2023 17:30,9.87
07/08/2023 18:00,9.87
07/08/2023 18:30,9.87
07/08/2023 19:00,9.87
07/08/2023 19:30,9.87
07/08/2023 20:00,9.87
07/08/2023 20:30,9.87
07/08/2023 21:00,9.87
07/08/2023 21:30,9.87
07/08/2023 22:00,9.87
07/08/2023 22:30,9.87
07/08/2023 23:00,9.87
07/08/2023 23:30,9.87
07/09/2023 00:00,9.87
07/09/2023 00:30,9.87
07/09/2023 01:00,9.87
07/09/2023 01:30,9.87
07/09/2023 02:00,9.87
07/09/2023 02:30,9.87
07/09/2023 03:00,9.87
07/09/2023 03:30,9.87
07/09/2023 04:00,9.87
07/09/2023 04:30,9.87
07/09/2023 05:00,9.87
07/09/2023 05:30,9.87
07/09/2023 06:00,9.87
07/09/2023 06:30,9.87
07/09/2023 07:00,9.87
07/09/2023 07:30,9.87
07/09/2023 08:00,9.87
07/09/2023 08:30,9.87
07/09/2023 09:00,9.87
07/09/2023 09:30,9.87
07/09/2023 10:00,9.87
07/09/2023 10:30,9.87
07/09/2023 11:00,9.87
07/09/2023 11:30,9.87
07/09/2023 12:00,9.87
07/09/2023 12:30,9.87
07/09/2023 13:00,9.87
07/09/2023 13:30,9.87
07/09/2023 14:00,9.87
07/09/2023 14:30,9.87
07/09/2023 15:00,9.87
07/09/2023 15:30,9.87
07/09/2023 16:00,9.87
07/09/2023 16:30,9.87
07/09/2023 17:00,9.87
07/09/2023 17:30,9.87
07/09/2023 18:00,9.87
07/09/2023 18:30,9.87
07/09/2023 19:00,9.87
07/09/2023 19:30,9.87
07/09/2023 20:00,9.87
07/09/2023 20:30,9.87
07/09/2023 21:00,9.87
07/09/2023 21:30,9.87
07/09/2023 22:00,9.87
07/09/2023 22:30,9.87
07/09/2023 23:00,9.87
07/09/2023 23:30,9.87
07/10/2023 00:00,9.87
07/10/2023 00:30,9.87
07/10/2023 01:00,9.87
07/10/2023 01:30,9.87
07/10/2023 02:00,9.87
07/10/2023 02:30,9.87
07/10/2023 03:00,9.87
07/10/2023 03:30,9.87
07/10/2023 04:00,9.87
07/10/2023 04:30,9.87
07/10/2023 05:00,9.87
07/10/2023 05:30,9.87
07/10/2023 06:00,9.87
07/10/2023 06:30,9.87
07/10/2023 07:00,9.87
07/10/2023 07:30,9.87
07/10/2023 08:00,9.87
07/10/2023 08:30,9.87
07/10/2023 09:00,9.87
07/10/2023 09:30,9.87
07/10/2023 10:00,9.87
07/10/2023 10:30,9.87
07/10/2023 11:00,9.87
07/10/2023 11:30,9.87
07/10/2023 12:00,9.87
07/10/2023 12:30,9.87
07/10/2023 13:00,9.87
07/10/2023 13:30,9.87
07/10/2023 14:00,9.87
07/10/2023 14:30,9.87
07/10/2023 15:00,9.87
07/10/2023 15:30,9.87
07/10/2023 16:00,9.87
07/10/2023 16:30,9.87
07/10/2023 17:00,9.87
07/10/2023 17:30,9.87
07/10/2023 18:00,9.87
07/10/2023 18:30,9.87
07/10/2023 19:00,9.87
07/10/2023 19:30,9.87
07/10/2023 20:00,9.87
07/10/2023 20:30,9.87
07/10/2023 21:00,9.87
07/10/2023 21:30,9.87
07/10/2023 22:00,9.87
07/10/2023 22:30,9.87
07/10/2023 23:00,9.87
07/10/2023 23:30,9.87
07/11/2023 00:00,8.554
07/11/2023 00:30,8.554
07/11/2023 01:00,8.554
07/11/2023 01:30,8.554
07/11/2023 02:00,8.554
07/11/2023 02:30,8.554
07/11/2023 03:00,8.554
07/11/2023 03:30,8.554
07/11/2023 04:00,8.554
07/11/2023 04:30,8.554
07/11/2023 05:00,8.554
07/11/2023 05:30,8.554
07/11/2023 06:00,8.554
07/11/2023 06:30,8.554
07/11/2023 07:00,8.554
07/11/2023 07:30,8.554
07/11/2023 08:00,8.554
07/11/2023 08:30,8.554
07/11/2023 09:00,8.554
07/11/2023 09:30,8.554
07/11/2023 10:00,8.554
07/11/2023 10:30,8.554
07/11/2023 11:00,8.554
07/11/2023 11:30,8.554
07/11/2023 12:00,8.554
07/11/2023 12:30,8.554
07/11/2023 13:00,8.554
07/11/2023 13:30,8.554
07/11/2023 14:00,8.554
07/11/2023 14:30,8.554
07/11/2023 15:00,8.554
07/11/2023 15:30,8.554
07/11/2023 16:00,8.554
07/11/2023 16:30,8.554
07/11/2023 17:00,8.554
07/11/2023 17:30,8.554
07/11/2023 18:00,8.554
07/11/2023 18:30,8.554
07/11/2023 19:00,8.554
07/11/2023 19:30,8.554
07/11/2023 20:00,8.554
07/11/2023 20:30,8.554
07/11/2023 21:00,8.554
07/11/2023 21:30,8.554
07/11/2023 22:00,8.554
07/11/2023 22:30,8.554
07/11/2023 23:00,8.554
07/11/2023 23:30,8.554
07/12/2023 00:00,5.212
07/12/2023 00:30,5.212
07/12/2023 01:00,5.212
07/12/2023 01:30,5.212
07/12/2023 02:00,5.212
07/12/2023 02:30,5.212
07/12/2023 03:00,5.212
07/12/2023 03:30,5.212
07/12/2023 04:00,5.212
07/12/2023 04:30,5.212
07/12/2023 05:00,5.212
07/12/2023 05:30,5.212
07/12/2023 06:00,5.212
07/12/2023 06:30,5.212
07/12/2023 07:00,5.212
07/12/2023 07:30,5.212
07/12/2023 08:00,5.212
07/12/2023 08:30,5.212
07/12/2023 09:00,5.212
07/12/2023 09:30,5.212
07/12/2023 10:00,5.212
07/12/2023 10:30,5.212
07/12/2023 11:00,5.212
07/12/2023 11:30,5.212
07/12/2023 12:00,5.212
07/12/2023 12:30,5.212
07/12/2023 13:00,5.212
07/12/2023 13:30,5.212
07/12/2023 14:00,5.212
07/12/2023 14:30,5.212
07/12/2023 15:00,5.212
07/12/2023 15:30,5.212
07/12/2023 16:00,5.212
07/12/2023 16:30,5.212
07/12/2023 17:00,5.212
07/12/2023 17:30,5.212
07/12/2023 18:00,5.212
07/12/2023 18:30,5.212
07/12/2023 19:00,5.212
07/12/2023 19:30,5.212
07/12/2023 20:00,5.212
07/12/2023 20:30,5.212
07/12/2023 21:00,5.212
07/12/2023 21:30,5.212
07/12/2023 22:00,5.212
07/12/2023 22:30,5.212
07/12/2023 23:00,5.212
07/12/2023 23:30,5.212
07/13/2023 00:00,5.212
07/13/2023 00:30,5.212
07/13/2023 01:00,5.212
07/13/2023 01:30,5.212
07/13/2023 02:00,5.212
07/13/2023 02:30,5.212
07/13/2023 03:00,5.212
07/13/2023 03:30,5.212
07/13/2023 04:00,5.212
07/13/2023 04:30,5.212
07/13/2023 05:00,5.212
07/13/2023 05:30,5.212
07/13/2023 06:00,5.212
07/13/2023 06:30,5.212
07/13/2023 07:00,5.212
07/13/2023 07:30,5.212
07/13/2023 08:00,5.212
07/13/2023 08:30,5.212
07/13/2023 09:00,5.212
07/13/2023 09:30,5.212
07/13/2023 10:00,5.212
07/13/2023 10:30,5.212
07/13/2023 11:00,5.212
07/13/2023 11:30,5.212
07/13/2023 12:00,5.212
07/13/2023 12:30,5.212
07/13/2023 13:00,5.212
07/13/2023 13:30,5.212
07/13/2023 14:00,5.212
07/13/2023 14:30,5.212
07/13/2023 15:00,5.212
07/13/2023 15:30,5.212
07/13/2023 16:00,5.212
07/13/2023 16:30,5.212
07/13/2023 17:00,5.212
07/13/2023 17:30,5.212
07/13/2023 18:00,5.212
07/13/2023 18:30,5.212
07/13/2023 19:00,5.212
07/13/2023 19:30,5.212
07/13/2023 20:00,5.212
07/13/2023 20:30,5.212
07/13/2023 21:00,5.212
07/13/2023 21:30,5.212
07/13/2023 22:00,5.212
07/13/2023 22:30,5.212
07/13/2023 23:00,5.212
07/13/2023 23:30,5.212
07/14/2023 00:00,5.125
07/14/2023 00:30,5.125
07/14/2023 01:00,5.125
07/14/2023 01:30,5.125
07/14/2023 02:00,5.125
07/14/2023 02:30,5.125
07/14/2023 03:00,5.125
07/14/2023 03:30,5.125
07/14/2023 04:00,5.125
07/14/2023 04:30,5.125
07/14/2023 05:00,5.125
07/14/2023 05:30,5.125
07/14/2023 06:00,5.125
07/14/2023 06:30,5.125
07/14/2023 07:00,5.125
07/14/2023 07:30,5.125
07/14/2023 08:00,5.125
07/14/2023 08:30,5.125
07/14/2023 09:00,5.125
07/14/2023 09:30,5.125
07/14/2023 10:00,5.125
07/14/2023 10:30,5.125
07/14/2023 11:00,5.125
07/14/2023 11:30,5.125
07/14/2023 12:00,5.125
07/14/2023 12:30,5.125
07/14/2023 13:00,5.125
07/14/2023 13:30,5.125
07/14/2023 14:00,5.125
07/14/2023 14:30,5.125
07/14/2023 15:00,5.125
07/14/2023 15:30,5.125
07/14/2023 16:00,5.125
07/14/2023 16:30,5.125
07/14/2023 17:00,5.125
07/14/2023 17:30,5.125
07/14/2023 18:00,5.125
07/14/2023 18:30,5.125
07/14/2023 19:00,5.125
07/14/2023 19:30,5.125
07/14/2023 20:00,5.125
07/14/2023 20:30,5.125
07/14/2023 21:00,5.125
07/14/2023 21:30,5.125
07/14/2023 22:00,5.125
07/14/2023 22:30,5.125
07/14/2023 23:00,5.125
07/14/2023 23:30,5.125
07/15/2023 00:00,5.125
07/15/2023 00:30,5.125
07/15/2023 01:00,5.125
07/15/2023 01:30,5.125
07/15/2023 02:00,5.125
07/15/2023 02:30,5.125
07/15/2023 03:00,5.125
07/15/2023 03:30,5.125
07/15/2023 04:00,5.125
07/15/2023 04:30,5.125
07/15/2023 05:00,5.125
07/15/2023 05:30,5.125
07/15/2023 06:00,5.125
07/15/2023 06:30,5.125
07/15/2023 07:00,5.125
07/15/2023 07:30,5.125
07/15/2023 08:00,5.125
07/15/2023 08:30,5.125
07/15/2023 09:00,5.125
07/15/2023 09:30,5.125
07/15/2023 10:00,5.125
07/15/2023 10:30,5.125
07/15/2023 11:00,5.125
07/15/2023 11:30,5.125
07/15/2023 12:00,5.125
07/15/2023 12:30,5.125
07/15/2023 13:00,5.125
07/15/2023 13:30,5.125
07/15/2023 14:00,5.125
07/15/2023 14:30,5.125
07/15/2023 15:00,5.125
07/15/2023 15:30,5.125
07/15/2023 16:00,5.125
07/15/2023 16:30,5.125
07/15/2023 17:00,5.125
07/15/2023 17:30,5.125
07/15/2023 18:00,5.125
07/15/2023 18:30,5.125
07/15/2023 19:00,5.125
07/15/2023 19:30,5.125
07/15/2023 20:00,5.125
07/15/2023 20:30,5.125
07/15/2023 21:00,5.125
07/15/2023 21:30,5.125
07/15/2023 22:00,5.125
07/15/2023 22:30,5.125
07/15/2023 23:00,5.125
07/15/2023 23:30,5.125
07/16/2023 00:00,5.125
07/16/2023 00:30,5.125
07/16/2023 01:00,5.125
07/16/2023 01:30,5.125
07/16/2023 02:00,5.125
07/16/2023 02:30,5.125
07/16/2023 03:00,5.125
07/16/2023 03:30,5.125
07/16/2023 04:00,5.125
07/16/2023 04:30,5.125
07/16/2023 05:00,5.125
07/16/2023 05:30,5.125
07/16/2023 06:00,5.125
07/16/2023 06:30,5.125
07/16/2023 07:00,5.125
07/16/2023 07:30,5.125
07/16/2023 08:00,5.125
07/16/2023 08:30,5.125
07/16/2023 09:00,5.125
07/16/2023 09:30,5.125
07/16/2023 10:00,5.125
07/16/2023 10:30,5.125
07/16/2023 11:00,5.125
07/16/2023 11:30,5.125
07/16/2023 12:00,5.125
07/16/2023 12:30,5.125
07/16/2023 13:00,5.125
07/16/2023 13:30,5.125
07/16/2023 14:00,5.125
07/16/2023 14:30,5.125
07/16/2023 15:00,5.125
07/16/2023 15:30,5.125
07/16/2023 16:00,5.125
07/16/2023 16:30,5.125
07/16/2023 17:00,5.125
07/16/2023 17:30,5.125
07/16/2023 18:00,5.125
07/16/2023 18:30,5.125
07/16/2023 19:00,5.125
07/16/2023 19:30,5.125
07/16/2023 20:00,5.125
07/16/2023 20:30,5.125
07/16/2023 21:00,5.125
07/16/2023 21:30,5.125
07/16/2023 22:00,5.125
07/16/2023 22:30,5.125
07/16/2023 23:00,5.125
07/16/2023 23:30,5.125
07/17/2023 00:00,7.02
07/17/2023 00:30,7.02
07/17/2023 01:00,7.02
07/17/2023 01:30,7.02
07/17/2023 02:00,7.02
07/17/2023 02:30,7.02
07/17/2023 03:00,7.02
07/17/2023 03:30,7.02
07/17/2023 04:00,7.02
07/17/2023 04:30,7.02
07/17/2023 05:00,7.02
07/17/2023 05:30,7.02
07/17/2023 06:00,7.02
07/17/2023 06:30,7.02
07/17/2023 07:00,7.02
07/17/2023 07:30,7.02
07/17/2023 08:00,7.02
07/17/2023 08:30,7.02
07/17/2023 09:00,7.02
07/17/2023 09:30,7.02
07/17/2023 10:00,7.02
07/17/2023 10:30,7.02
07/17/2023 11:00,7.02
07/17/2023 11:30,7.02
07/17/2023 12:00,7.02
07/17/2023 12:30,7.02
07/17/2023 13:00,7.02
07/17/2023 13:30,7.02
07/17/2023 14:00,7.02
07/17/2023 14:30,7.02
07/17/2023 15:00,7.02
07/17/2023 15:30,7.02
07/17/2023 16:00,7.02
07/17/2023 16:30,7.02
07/17/2023 17:00,7.02
07/17/2023 17:30,7.02
07/17/2023 18:00,7.02
07/17/2023 18:30,7.02
07/17/2023 19:00,7.02
07/17/2023 19:30,7.02
07/17/2023 20:00,7.02
07/17/2023 20:30,7.02
07/17/2023 21:00,7.02
07/17/2023 21:30,7.02
07/17/2023 22:00,7.02
07/17/2023 22:30,7.02
07/17/2023 23:00,7.02
07/17/2023 23:30,7.02
07/18/2023 00:00,7.02
07/18/2023 00:30,7.02
07/18/2023 01:00,7.02
07/18/2023 01:30,7.02
07/18/2023 02:00,7.02
07/18/2023 02:30,7.02
07/18/2023 03:00,7.02
07/18/2023 03:30,7.02
07/18/2023 04:00,7.02
07/18/2023 04:30,7.02
07/18/2023 05:00,7.02
07/18/2023 05:30,7.02
07/18/2023 06:00,7.02
07/18/2023 06:30,7.02
07/18/2023 07:00,7.02
07/18/2023 07:30,7.02
07/18/2023 08:00,7.02
07/18/2023 08:30,7.02
07/18/2023 09:00,7.02
07/18/2023 09:30,7.02
07/18/2023 10:00,7.02
07/18/2023 10:30,7.02
07/18/2023 11:00,7.02
07/18/2023 11:30,7.02
07/18/2023 12:00,7.02
07/18/2023 12:30,7.02
07/18/2023 13:00,7.02
07/18/2023 13:30,7.02
07/18/2023 14:00,7.02
07/18/2023 14:30,7.02
07/18/2023 15:00,7.02
07/18/2023 15:30,7.02
07/18/2023 16:00,7.02
07/18/2023 16:30,7.02
07/18/2023 17:00,7.02
07/18/2023 17:30,7.02
07/18/2023 18:00,7.02
07/18/2023 18:30,7.02
07/18/2023 19:00,7.02
07/18/2023 19:30,7.02
07/18/2023 20:00,7.02
07/18/2023 20:30,7.02
07/18/2023 21:00,7.02
07/18/2023 21:30,7.02
07/18/2023 22:00,7.02
07/18/2023 22:30,7.02
07/18/2023 23:00,7.02
07/18/2023 23:30,7.02
07/19/2023 00:00,7.02
07/19/2023 00:30,7.02
07/19/2023 01:00,7.02
07/19/2023 01:30,7.02
07/19/2023 02:00,7.02
07/19/2023 02:30,7.02
07/19/2023 03:00,7.02
07/19/2023 03:30,7.02
07/19/2023 04:00,7.02
07/19/2023 04:30,7.02
07/19/2023 05:00,7.02
07/19/2023 05:30,7.02
07/19/2023 06:00,7.02
07/19/2023 06:30,7.02
07/19/2023 07:00,7.02
07/19/2023 07:30,7.02
07/19/2023 08:00,7.02
07/19/2023 08:30,7.02
07/19/2023 09:00,7.02
07/19/2023 09:30,7.02
07/19/2023 10:00,7.02
07/19/2023 10:30,7.02
07/19/2023 11:00,7.02
07/19/2023 11:30,7.02
07/19/2023 12:00,7.02
07/19/2023 12:30,7.02
07/19/2023 13:00,7.02
07/19/2023 13:30,7.02
07/19/2023 14:00,7.02
07/19/2023 14:30,7.02
07/19/2023 15:00,7.02
07/19/2023 15:30,7.02
07/19/2023 16:00,7.02
07/19/2023 16:30,7.02
07/19/2023 17:00,7.02
07/19/2023 17:30,7.02
07/19/2023 18:00,7.02
07/19/2023 18:30,7.02
07/19/2023 19:00,7.02
07/19/2023 19:30,7.02
07/19/2023 20:00,7.02
07/19/2023 20:30,7.02
07/19/2023 21:00,7.02
07/19/2023 21:30,7.02
07/19/2023 22:00,7.02
07/19/2023 22:30,7.02
07/19/2023 23:00,7.02
07/19/2023 23:30,7.02
07/20/2023 00:00,7.012
07/20/2023 00:30,7.012
07/20/2023 01:00,7.012
07/20/2023 01:30,7.012
07/20/2023 02:00,7.012
07/20/2023 02:30,7.012
07/20/2023 03:00,7.012
07/20/2023 03:30,7.012
07/20/2023 04:00,7.012
07/20/2023 04:30,7.012
07/20/2023 05:00,7.012
07/20/2023 05:30,7.012
07/20/2023 06:00,7.012
07/20/2023 06:30,7.012
07/20/2023 07:00,7.012
07/20/2023 07:30,7.012
07/20/2023 08:00,7.012
07/20/2023 08:30,7.012
07/20/2023 09:00,7.012
07/20/2023 09:30,7.012
07/20/2023 10:00,7.012
07/20/2023 10:30,7.012
07/20/2023 11:00,7.012
07/20/2023 11:30,7.012
07/20/2023 12:00,7.012
07/20/2023 12:30,7.012
07/20/2023 13:00,7.012
07/20/2023 13:30,7.012
07/20/2023 14:00,7.012
07/20/2023 14:30,7.012
07/20/2023 15:00,7.012
07/20/2023 15:30,7.012
07/20/2023 16:00,7.012
07/20/2023 16:30,7.012
07/20/2023 17:00,7.012
07/20/2023 17:30,7.012
07/20/2023 18:00,7.012
07/20/2023 18:30,7.012
07/20/2023 19:00,7.012
07/20/2023 19:30,7.012
07/20/2023 20:00,7.012
07/20/2023 20:30,7.012
07/20/2023 21:00,7.012
07/20/2023 21:30,7.012
07/20/2023 22:00,7.012
07/20/2023 22:30,7.012
07/20/2023 23:00,7.012
07/20/2023 23:30,7.012
07/21/2023 00:00,0.0
07/21/2023 00:30,0.0
07/21/2023 01:00,0.0
07/21/2023 01:30,0.0
07/21/2023 02:00,0.0
07/21/2023 02:30,0.0
07/21/2023 03:00,0.0
07/21/2023 03:30,0.0
07/21/2023 04:00,0.0
07/21/2023 04:30,0.0
07/21/2023 05:00,0.0
07/21/2023 05:30,0.0
07/21/2023 06:00,0.0
07/21/2023 06:30,0.0
07/21/2023 07:00,0.0
07/21/2023 07:30,0.0
07/21/2023 08:00,0.0
07/21/2023 08:30,0.0
07/21/2023 09:00,0.0
07/21/2023 09:30,0.0
07/21/2023 10:00,0.0
07/21/2023 10:30,0.0
07/21/2023 11:00,0.0
07/21/2023 11:30,0.0
07/21/2023 12:00,0.0
07/21/2023 12:30,0.0
07/21/2023 13:00,0.0
07/21/2023 13:30,0.0
07/21/2023 14:00,0.0
07/21/2023 14:30,0.0
07/21/2023 15:00,0.0
07/21/2023 15:30,0.0
07/21/2023 16:00,0.0
07/21/2023 16:30,0.0
07/21/2023 17:00,0.0
07/21/2023 17:30,0.0
07/21/2023 18:00,0.0
07/21/2023 18:30,0.0
07/21/2023 19:00,0.0
07/21/2023 19:30,0.0
07/21/2023 20:00,0.0
07/21/2023 20:30,0.0
07/21/2023 21:00,0.0
07/21/2023 21:30,0.0
07/21/2023 22:00,0.0
07/21/2023 22:30,0.0
07/21/2023 23:00,0.0
07/21/2023 23:30,0.0
07/22/2023 00:00,0.0
07/22/2023 00:30,0.0
07/22/2023 01:00,0.0
07/22/2023 01:30,0.0
07/22/2023 02:00,0.0
07/22/2023 02:30,0.0
07/22/2023 03:00,0.0
07/22/2023 03:30,0.0
07/22/2023 04:00,0.0
07/22/2023 04:30,0.0
07/22/2023 05:00,0.0
07/22/2023 05:30,0.0
07/22/2023 06:00,0.0
07/22/2023 06:30,0.0
07/22/2023 07:00,0.0
07/22/2023 07:30,0.0
07/22/2023 08:00,0.0
07/22/2023 08:30,0.0
07/22/2023 09:00,0.0
07/22/2023 09:30,0.0
07/22/2023 10:00,0.0
07/22/2023 10:30,0.0
07/22/2023 11:00,0.0
07/22/2023 11:30,0.0
07/22/2023 12:00,0.0
07/22/2023 12:30,0.0
07/22/2023 13:00,0.0
07/22/2023 13:30,0.0
07/22/2023 14:00,0.0
07/22/2023 14:30,0.0
07/22/2023 15:00,0.0
07/22/2023 15:30,0.0
07/22/2023 16:00,0.0
07/22/2023 16:30,0.0
07/22/2023 17:00,0.0
07/22/2023 17:30,0.0
07/22/2023 18:00,0.0
07/22/2023 18:30,0.0
07/22/2023 19:00,0.0
07/22/2023 19:30,0.0
07/22/2023 20:00,0.0
07/22/2023 20:30,0.0
07/22/2023 21:00,0.0
07/22/2023 21:30,0.0
07/22/2023 22:00,0.0
07/22/2023 22:30,0.0
07/22/2023 23:00,0.0
07/22/2023 23:30,0.0
07/23/2023 00:00,0.0
07/23/2023 00:30,0.0
07/23/2023 01:00,0.0
07/23/2023 01:30,0.0
07/23/2023 02:00,0.0
07/23/2023 02:30,0.0
07/23/2023 03:00,0.0
07/23/2023 03:30,0.0
07/23/2023 04:00,0.0
07/23/2023 04:30,0.0
07/23/2023 05:00,0.0
07/23/2023 05:30,0.0
07/23/2023 06:00,0.0
07/23/2023 06:30,0.0
07/23/2023 07:00,0.0
07/23/2023 07:30,0.0
07/23/2023 08:00,0.0
07/23/2023 08:30,0.0
07/23/2023 09:00,0.0
07/23/2023 09:30,0.0
07/23/2023 10:00,0.0
07/23/2023 10:30,0.0
07/23/2023 11:00,0.0
07/23/2023 11:30,0.0
07/23/2023 12:00,0.0
07/23/2023 12:30,0.0
07/23/2023 13:00,0.0
07/23/2023 13:30,0.0
07/23/2023 14:00,0.0
07/23/2023 14:30,0.0
07/23/2023 15:00,0.0
07/23/2023 15:30,0.0
07/23/2023 16:00,0.0
07/23/2023 16:30,0.0
07/23/2023 17:00,0.0
07/23/2023 17:30,0.0
07/23/2023 18:00,0.0
07/23/2023 18:30,0.0
07/23/2023 19:00,0.0
07/23/2023 19:30,0.0
07/23/2023 20:00,0.0
07/23/2023 20:30,0.0
07/23/2023 21:00,0.0
07/23/2023 21:30,0.0
07/23/2023 22:00,0.0
07/23/2023 22:30,0.0
07/23/2023 23:00,0.0
07/23/2023 23:30,0.0
07/24/2023 00:00,0.0
07/24/2023 00:30,0.0
07/24/2023 01:00,0.0
07/24/2023 01:30,0.0
07/24/2023 02:00,0.0
07/24/2023 02:30,0.0
07/24/2023 03:00,0.0
07/24/2023 03:30,0.0
07/24/2023 04:00,0.0
07/24/2023 04:30,0.0
07/24/2023 05:00,0.0
07/24/2023 05:30,0.0
07/24/2023 06:00,0.0
07/24/2023 06:30,0.0
07/24/2023 07:00,0.0
07/24/2023 07:30,0.0
07/24/2023 08:00,0.0
07/24/2023 08:30,0.0
07/24/2023 09:00,0.0
07/24/2023 09:30,0.0
07/24/2023 10:00,0.0
07/24/2023 10:30,0.0
07/24/2023 11:00,0.0
07/24/2023 11:30,0.0
07/24/2023 12:00,0.0
07/24/2023 12:30,0.0
07/24/2023 13:00,0.0
07/24/2023 13:30,0.0
07/24/2023 14:00,0.0
07/24/2023 14:30,0.0
07/24/2023 15:00,0.0
07/24/2023 15:30,0.0
07/24/2023 16:00,0.0
07/24/2023 16:30,0.0
07/24/2023 17:00,0.0
07/24/2023 17:30,0.0
07/24/2023 18:00,0.0
07/24/2023 18:30,0.0
07/24/2023 19:00,0.0
07/24/2023 19:30,0.0
07/24/2023 20:00,0.0
07/24/2023 20:30,0.0
07/24/2023 21:00,0.0
07/24/2023 21:30,0.0
07/24/2023 22:00,0.0
07/24/2023 22:30,0.0
07/24/2023 23:00,0.0
07/24/2023 23:30,0.0
07/25/2023 00:00,0.0
07/25/2023 00:30,0.0
07/25/2023 01:00,0.0
07/25/2023 01:30,0.0
07/25/2023 02:00,0.0
07/25/2023 02:30,0.0
07/25/2023 03:00,0.0
07/25/2023 03:30,0.0
07/25/2023 04:00,0.0
07/25/2023 04:30,0.0
07/25/2023 05:00,0.0
07/25/2023 05:30,0.0
07/25/2023 06:00,0.0
07/25/2023 06:30,0.0
07/25/2023 07:00,0.0
07/25/2023 07:30,0.0
07/25/2023 08:00,0.0
07/25/2023 08:30,0.0
07/25/2023 09:00,0.0
07/25/2023 09:30,0.0
07/25/2023 10:00,0.0
07/25/2023 10:30,0.0
07/25/2023 11:00,0.0
07/25/2023 11:30,0.0
07/25/2023 12:00,0.0
07/25/2023 12:30,0.0
07/25/2023 13:00,0.0
07/25/2023 13:30,0.0
07/25/2023 14:00,0.0
07/25/2023 14:30,0.0
07/25/2023 15:00,0.0
07/25/2023 15:30,0.0
07/25/2023 16:00,0.0
07/25/2023 16:30,0.0
07/25/2023 17:00,0.0
07/25/2023 17:30,0.0
07/25/2023 18:00,0.0
07/25/2023 18:30,0.0
07/25/2023 19:00,0.0
07/25/2023 19:30,0.0
07/25/2023 20:00,0.0
07/25/2023 20:30,0.0
07/25/2023 21:00,0.0
07/25/2023 21:30,0.0
07/25/2023 22:00,0.0
07/25/2023 22:30,0.0
07/25/2023 23:00,0.0
07/25/2023 23:30,0.0
07/26/2023 00:00,0.0
07/26/2023 00:30,0.0
07/26/2023 01:00,0.0
07/26/2023 01:30,0.0
07/26/2023 02:00,0.0
07/26/2023 02:30,0.0
07/26/2023 03:00,0.0
07/26/2023 03:30,0.0
07/26/2023 04:00,0.0
07/26/2023 04:30,0.0
07/26/2023 05:00,0.0
07/26/2023 05:30,0.0
07/26/2023 06:00,0.0
07/26/2023 06:30,0.0
07/26/2023 07:00,0.0
07/26/2023 07:30,0.0
07/26/2023 08:00,0.0
07/26/2023 08:30,0.0
07/26/2023 09:00,0.0
07/26/2023 09:30,0.0
07/26/2023 10:00,0.0
07/26/2023 10:30,0.0
07/26/2023 11:00,0.0
07/26/2023 11:30,0.0
07/26/2023 12:00,0.0
07/26/2023 12:30,0.0
07/26/2023 13:00,0.0
07/26/2023 13:30,0.0
07/26/2023 14:00,0.0
07/26/2023 14:30,0.0
07/26/2023 15:00,0.0
07/26/2023 15:30,0.0
07/26/2023 16:00,0.0
07/26/2023 16:30,0.0
07/26/2023 17:00,0.0
07/26/2023 17:30,0.0
07/26/2023 18:00,0.0
07/26/2023 18:30,0.0
07/26/2023 19:00,0.0
07/26/2023 19:30,0.0
07/26/2023 20:00,0.0
07/26/2023 20:30,0.0
07/26/2023 21:00,0.0
07/26/2023 21:30,0.0
07/26/2023 22:00,0.0
07/26/2023 22:30,0.0
07/26/2023 23:00,0.0
07/26/2023 23:30,0.0
07/27/2023 00:00,0.0
07/27/2023 00:30,0.0
07/27/2023 01:00,0.0
07/27/2023 01:30,0.0
07/27/2023 02:00,0.0
07/27/2023 02:30,0.0
07/27/2023 03:00,0.0
07/27/2023 03:30,0.0
07/27/2023 04:00,0.0
07/27/2023 04:30,0.0
07/27/2023 05:00,0.0
07/27/2023 05:30,0.0
07/27/2023 06:00,0.0
07/27/2023 06:30,0.0
07/27/2023 07:00,0.0
07/27/2023 07:30,0.0
07/27/2023 08:00,0.0
07/27/2023 08:30,0.0
07/27/2023 09:00,0.0
07/27/2023 09:30,0.0
07/27/2023 10:00,0.0
07/27/2023 10:30,0.0
07/27/2023 11:00,0.0
07/27/2023 11:30,0.0
07/27/2023 12:00,0.0
07/27/2023 12:30,0.0
07/27/2023 13:00,0.0
07/27/2023 13:30,0.0
07/27/2023 14:00,0.0
07/27/2023 14:30,0.0
07/27/2023 15:00,0.0
07/27/2023 15:30,0.0
07/27/2023 16:00,0.0
07/27/2023 16:30,0.0
07/27/2023 17:00,0.0
07/27/2023 17:30,0.0
07/27/2023 18:00,0.0
07/27/2023 18:30,0.0
07/27/2023 19:00,0.0
07/27/2023 19:30,0.0
07/27/2023 20:00,0.0
07/27/2023 20:30,0.0
07/27/2023 21:00,0.0
07/27/2023 21:30,0.0
07/27/2023 22:00,0.0
07/27/2023 22:30,0.0
07/27/2023 23:00,0.0
07/27/2023 23:30,0.0
07/28/2023 00:00,0.0
07/28/2023 00:30,0.0
07/28/2023 01:00,0.0
07/28/2023 01:30,0.0
07/28/2023 02:00,0.0
07/28/2023 02:30,0.0
07/28/2023 03:00,0.0
07/28/2023 03:30,0.0
07/28/2023 04:00,0.0
07/28/2023 04:30,0.0
07/28/2023 05:00,0.0
07/28/2023 05:30,0.0
07/28/2023 06:00,0.0
07/28/2023 06:30,0.0
07/28/2023 07:00,0.0
07/28/2023 07:30,0.0
07/28/2023 08:00,0.0
07/28/2023 08:30,0.0
07/28/2023 09:00,0.0
07/28/2023 09:30,0.0
07/28/2023 10:00,0.0
07/28/2023 10:30,0.0
07/28/2023 11:00,0.0
07/28/2023 11:30,0.0
07/28/2023 12:00,0.0
07/28/2023 12:30,0.0
07/28/2023 13:00,0.0
07/28/2023 13:30,0.0
07/28/2023 14:00,0.0
07/28/2023 14:30,0.0
07/28/2023 15:00,0.0
07/28/2023 15:30,0.0
07/28/2023 16:00,0.0
07/28/2023 16:30,0.0
07/28/2023 17:00,0.0
07/28/2023 17:30,0.0
07/28/2023 18:00,0.0
07/28/2023 18:30,0.0
07/28/2023 19:00,0.0
07/28/2023 19:30,0.0
07/28/2023 20:00,0.0
07/28/2023 20:30,0.0
07/28/2023 21:00,0.0
07/28/2023 21:30,0.0
07/28/2023 22:00,0.0
07/28/2023 22:30,0.0
07/28/2023 23:00,0.0
07/28/2023 23:30,0.0
07/29/2023 00:00,0.0
07/29/2023 00:30,0.0
07/29/2023 01:00,0.0
07/29/2023 01:30,0.0
07/29/2023 02:00,0.0
07/29/2023 02:30,0.0
07/29/2023 03:00,0.0
07/29/2023 03:30,0.0
07/29/2023 04:00,0.0
07/29/2023 04:30,0.0
07/29/2023 05:00,0.0
07/29/2023 05:30,0.0
07/29/2023 06:00,0.0
07/29/2023 06:30,0.0
07/29/2023 07:00,0.0
07/29/2023 07:30,0.0
07/29/2023 08:00,0.0
07/29/2023 08:30,0.0
07/29/2023 09:00,0.0
07/29/2023 09:30,0.0
07/29/2023 10:00,0.0
07/29/2023 10:30,0.0
07/29/2023 11:00,0.0
07/29/2023 11:30,0.0
07/29/2023 12:00,0.0
07/29/2023 12:30,0.0
07/29/2023 13:00,0.0
07/29/2023 13:30,0.0
07/29/2023 14:00,0.0
07/29/2023 14:30,0.0
07/29/2023 15:00,0.0
07/29/2023 15:30,0.0
07/29/2023 16:00,0.0
07/29/2023 16:30,0.0
07/29/2023 17:00,0.0
07/29/2023 17:30,0.0
07/29/2023 18:00,0.0
07/29/2023 18:30,0.0
07/29/2023 19:00,0.0
07/29/2023 19:30,0.0
07/29/2023 20:00,0.0
07/29/2023 20:30,0.0
07/29/2023 21:00,0.0
07/29/2023 21:30,0.0
07/29/2023 22:00,0.0
07/29/2023 22:30,0.0
07/29/2023 23:00,0.0
07/29/2023 23:30,0.0
07/30/2023 00:00,0.0
07/30/2023 00:30,0.0
07/30/2023 01:00,0.0
07/30/2023 01:30,0.0
07/30/2023 02:00,0.0
07/30/2023 02:30,0.0
07/30/2023 03:00,0.0
07/30/2023 03:30,0.0
07/30/2023 04:00,0.0
07/30/2023 04:30,0.0
07/30/2023 05:00,0.0
07/30/2023 05:30,0.0
07/30/2023 06:00,0.0
07/30/2023 06:30,0.0
07/30/2023 07:00,0.0
07/30/2023 07:30,0.0
07/30/2023 08:00,0.0
07/30/2023 08:30,0.0
07/30/2023 09:00,0.0
07/30/2023 09:30,0.0
07/30/2023 10:00,0.0
07/30/2023 10:30,0.0
07/30/2023 11:00,0.0
07/30/2023 11:30,0.0
07/30/2023 12:00,0.0
07/30/2023 12:30,0.0
07/30/2023 13:00,0.0
07/30/2023 13:30,0.0
07/30/2023 14:00,0.0
07/30/2023 14:30,0.0
07/30/2023 15:00,0.0
07/30/2023 15:30,0.0
07/30/2023 16:00,0.0
07/30/2023 16:30,0.0
07/30/2023 17:00,0.0
07/30/2023 17:30,0.0
07/30/2023 18:00,0.0
07/30/2023 18:30,0.0
07/30/2023 19:00,0.0
07/30/2023 19:30,0.0
07/30/2023 20:00,0.0
07/30/2023 20:30,0.0
07/30/2023 21:00,0.0
07/30/2023 21:30,0.0
07/30/2023 22:00,0.0
07/30/2023 22:30,0.0
07/30/2023 23:00,0.0
07/30/2023 23:30,0.0
07/31/2023 00:00,0.0
07/31/2023 00:30,0.0
07/31/2023 01:00,0.0
07/31/2023 01:30,0.0
07/31/2023 02:00,0.0
07/31/2023 02:30,0.0
07/31/2023 03:00,0.0
07/31/2023 03:30,0.0
07/31/2023 04:00,0.0
07/31/2023 04:30,0.0
07/31/2023 05:00,0.0
07/31/2023 05:30,0.0
07/31/2023 06:00,0.0
07/31/2023 06:30,0.0
07/31/2023 07:00,0.0
07/31/2023 07:30,0.0
07/31/2023 08:00,0.0
07/31/2023 08:30,0.0
07/31/2023 09:00,0.0
07/31/2023 09:30,0.0
07/31/2023 10:00,0.0
07/31/2023 10:30,0.0
07/31/2023 11:00,0.0
07/31/2023 11:30,0.0
07/31/2023 12:00,0.0
07/31/2023 12:30,0.0
07/31/2023 13:00,0.0
07/31/2023 13:30,0.0
07/31/2023 14:00,0.0
07/31/2023 14:30,0.0
07/31/2023 15:00,0.0
07/31/2023 15:30,0.0
07/31/2023 16:00,0.0
07/31/2023 16:30,0.0
07/31/2023 17:00,0.0
07/31/2023 17:30,0.0
07/31/2023 18:00,0.0
07/31/2023 18:30,0.0
07/31/2023 19:00,0.0
07/31/2023 19:30,0.0
07/31/2023 20:00,0.0
07/31/2023 20:30,0.0
07/31/2023 21:00,0.0
07/31/2023 21:30,0.0
07/31/2023 22:00,0.0
07/31/2023 22:30,0.0
07/31/2023 23:00,0.0
07/31/2023 23:30,0.0
08/01/2023 00:00,0.0
08/01/2023 00:30,0.0
08/01/2023 01:00,0.0
08/01/2023 01:30,0.0
08/01/2023 02:00,0.0
08/01/2023 02:30,0.0
08/01/2023 03:00,0.0
08/01/2023 03:30,0.0
08/01/2023 04:00,0.0
08/01/2023 04:30,0.0
08/01/2023 05:00,0.0
08/01/2023 05:30,0.0
08/01/2023 06:00,0.0
08/01/2023 06:30,0.0
08/01/2023 07:00,0.0
08/01/2023 07:30,0.0
08/01/2023 08:00,0.0
08/01/2023 08:30,0.0
08/01/2023 09:00,0.0
08/01/2023 09:30,0.0
08/01/2023 10:00,0.0
08/01/2023 10:30,0.0
08/01/2023 11:00,0.0
08/01/2023 11:30,0.0
08/01/2023 12:00,0.0
08/01/2023 12:30,0.0
08/01/2023 13:00,0.0
08/01/2023 13:30,0.0
08/01/2023 14:00,0.0
08/01/2023 14:30,0.0
08/01/2023 15:00,0.0
08/01/2023 15:30,0.0
08/01/2023 16:00,0.0
08/01/2023 16:30,0.0
08/01/2023 17:00,0.0
08/01/2023 17:30,0.0
08/01/2023 18:00,0.0
08/01/2023 18:30,0.0
08/01/2023 19:00,0.0
08/01/2023 19:30,0.0
08/01/2023 20:00,0.0
08/01/2023 20:30,0.0
08/01/2023 21:00,0.0
08/01/2023 21:30,0.0
08/01/2023 22:00,0.0
08/01/2023 22:30,0.0
08/01/2023 23:00,0.0
08/01/2023 23:30,0.0
08/02/2023 00:00,0.0
08/02/2023 00:30,0.0
08/02/2023 01:00,0.0
08/02/2023 01:30,0.0
08/02/2023 02:00,0.0
08/02/2023 02:30,0.0
08/02/2023 03:00,0.0
08/02/2023 03:30,0.0
08/02/2023 04:00,0.0
08/02/2023 04:30,0.0
08/02/2023 05:00,0.0
08/02/2023 05:30,0.0
08/02/2023 06:00,0.0
08/02/2023 06:30,0.0
08/02/2023 07:00,0.0
08/02/2023 07:30,0.0
08/02/2023 08:00,0.0
08/02/2023 08:30,0.0
08/02/2023 09:00,0.0
08/02/2023 09:30,0.0
08/02/2023 10:00,0.0
08/02/2023 10:30,0.0
08/02/2023 11:00,0.0
08/02/2023 11:30,0.0
08/02/2023 12:00,0.0
08/02/2023 12:30,0.0
08/02/2023 13:00,0.0
08/02/2023 13:30,0.0
08/02/2023 14:00,0.0
08/02/2023 14:30,0.0
08/02/2023 15:00,0.0
08/02/2023 15:30,0.0
08/02/2023 16:00,0.0
08/02/2023 16:30,0.0
08/02/2023 17:00,0.0
08/02/2023 17:30,0.0
08/02/2023 18:00,0.0
08/02/2023 18:30,0.0
08/02/2023 19:00,0.0
08/02/2023 19:30,0.0
08/02/2023 20:00,0.0
08/02/2023 20:30,0.0
08/02/2023 21:00,0.0
08/02/2023 21:30,0.0
08/02/2023 22:00,0.0
08/02/2023 22:30,0.0
08/02/2023 23:00,0.0
08/02/2023 23:30,0.0
08/03/2023 00:00,0.0
08/03/2023 00:30,0.0
08/03/2023 01:00,0.0
08/03/2023 01:30,0.0
08/03/2023 02:00,0.0
08/03/2023 02:30,0.0
08/03/2023 03:00,0.0
08/03/2023 03:30,0.0
08/03/2023 04:00,0.0
08/03/2023 04:30,0.0
08/03/2023 05:00,0.0
08/03/2023 05:30,0.0
08/03/2023 06:00,0.0
08/03/2023 06:30,0.0
08/03/2023 07:00,0.0
08/03/2023 07:30,0.0
08/03/2023 08:00,0.0
08/03/2023 08:30,0.0
08/03/2023 09:00,0.0
08/03/2023 09:30,0.0
08/03/2023 10:00,0.0
08/03/2023 10:30,0.0
08/03/2023 11:00,0.0
08/03/2023 11:30,0.0
08/03/2023 12:00,0.0
08/03/2023 12:30,0.0
08/03/2023 13:00,0.0
08/03/2023 13:30,0.0
08/03/2023 14:00,0.0
08/03/2023 14:30,0.0
08/03/2023 15:00,0.0
08/03/2023 15:30,0.0
08/03/2023 16:00,0.0
08/03/2023 16:30,0.0
08/03/2023 17:00,0.0
08/03/2023 17:30,0.0
08/03/2023 18:00,0.0
08/03/2023 18:30,0.0
08/03/2023 19:00,0.0
08/03/2023 19:30,0.0
08/03/2023 20:00,0.0
08/03/2023 20:30,0.0
08/03/2023 21:00,0.0
08/03/2023 21:30,0.0
08/03/2023 22:00,0.0
08/03/2023 22:30,0.0
08/03/2023 23:00,0.0
08/03/2023 23:30,0.0
08/04/2023 00:00,0.0
08/04/2023 00:30,0.0
08/04/2023 01:00,0.0
08/04/2023 01:30,0.0
08/04/2023 02:00,0.0
08/04/2023 02:30,0.0
08/04/2023 03:00,0.0
08/04/2023 03:30,0.0
08/04/2023 04:00,0.0
08/04/2023 04:30,0.0
08/04/2023 05:00,0.0
08/04/2023 05:30,0.0
08/04/2023 06:00,0.0
08/04/2023 06:30,0.0
08/04/2023 07:00,0.0
08/04/2023 07:30,0.0
08/04/2023 08:00,0.0
08/04/2023 08:30,0.0
08/04/2023 09:00,0.0
08/04/2023 09:30,0.0
08/04/2023 10:00,0.0
08/04/2023 10:30,0.0
08/04/2023 11:00,0.0
08/04/2023 11:30,0.0
08/04/2023 12:00,0.0
08/04/2023 12:30,0.0
08/04/2023 13:00,0.0
08/04/2023 13:30,0.0
08/04/2023 14:00,0.0
08/04/2023 14:30,0.0
08/04/2023 15:00,0.0
08/04/2023 15:30,0.0
08/04/2023 16:00,0.0
08/04/2023 16:30,0.0
08/04/2023 17:00,0.0
08/04/2023 17:30,0.0
08/04/2023 18:00,0.0
08/04/2023 18:30,0.0
08/04/2023 19:00,0.0
08/04/2023 19:30,0.0
08/04/2023 20:00,0.0
08/04/2023 20:30,0.0
08/04/2023 21:00,0.0
08/04/2023 21:30,0.0
08/04/2023 22:00,0.0
08/04/2023 22:30,0.0
08/04/2023 23:00,0.0
08/04/2023 23:30,0.0
08/05/2023 00:00,0.0
08/05/2023 00:30,0.0
08/05/2023 01:00,0.0
08/05/2023 01:30,0.0
08/05/2023 02:00,0.0
08/05/2023 02:30,0.0
08/05/2023 03:00,0.0
08/05/2023 03:30,0.0
08/05/2023 04:00,0.0
08/05/2023 04:30,0.0
08/05/2023 05:00,0.0
08/05/2023 05:30,0.0
08/05/2023 06:00,0.0
08/05/2023 06:30,0.0
08/05/2023 07:00,0.0
08/05/2023 07:30,0.0
08/05/2023 08:00,0.0
08/05/2023 08:30,0.0
08/05/2023 09:00,0.0
08/05/2023 09:30,0.0
08/05/2023 10:00,0.0
08/05/2023 10:30,0.0
08/05/2023 11:00,0.0
08/05/2023 11:30,0.0
08/05/2023 12:00,0.0
08/05/2023 12:30,0.0
08/05/2023 13:00,0.0
08/05/2023 13:30,0.0
08/05/2023 14:00,0.0
08/05/2023 14:30,0.0
08/05/2023 15:00,0.0
08/05/2023 15:30,0.0
08/05/2023 16:00,0.0
08/05/2023 16:30,0.0
08/05/2023 17:00,0.0
08/05/2023 17:30,0.0
08/05/2023 18:00,0.0
08/05/2023 18:30,0.0
08/05/2023 19:00,0.0
08/05/2023 19:30,0.0
08/05/2023 20:00,0.0
08/05/2023 20:30,0.0
08/05/2023 21:00,0.0
08/05/2023 21:30,0.0
08/05/2023 22:00,0.0
08/05/2023 22:30,0.0
08/05/2023 23:00,0.0
08/05/2023 23:30,0.0
08/06/2023 00:00,0.0
08/06/2023 00:30,0.0
08/06/2023 01:00,0.0
08/06/2023 01:30,0.0
08/06/2023 02:00,0.0
08/06/2023 02:30,0.0
08/06/2023 03:00,0.0
08/06/2023 03:30,0.0
08/06/2023 04:00,0.0
08/06/2023 04:30,0.0
08/06/2023 05:00,0.0
08/06/2023 05:30,0.0
08/06/2023 06:00,0.0
08/06/2023 06:30,0.0
08/06/2023 07:00,0.0
08/06/2023 07:30,0.0
08/06/2023 08:00,0.0
08/06/2023 08:30,0.0
08/06/2023 09:00,0.0
08/06/2023 09:30,0.0
08/06/2023 10:00,0.0
08/06/2023 10:30,0.0
08/06/2023 11:00,0.0
08/06/2023 11:30,0.0
08/06/2023 12:00,0.0
08/06/2023 12:30,0.0
08/06/2023 13:00,0.0
08/06/2023 13:30,0.0
08/06/2023 14:00,0.0
08/06/2023 14:30,0.0
08/06/2023 15:00,0.0
08/06/2023 15:30,0.0
08/06/2023 16:00,0.0
08/06/2023 16:30,0.0
08/06/2023 17:00,0.0
08/06/2023 17:30,0.0
08/06/2023 18:00,0.0
08/06/2023 18:30,0.0
08/06/2023 19:00,0.0
08/06/2023 19:30,0.0
08/06/2023 20:00,0.0
08/06/2023 20:30,0.0
08/06/2023 21:00,0.0
08/06/2023 21:30,0.0
08/06/2023 22:00,0.0
08/06/2023 22:30,0.0
08/06/2023 23:00,0.0
08/06/2023 23:30,0.0
08/07/2023 00:00,0.0
08/07/2023 00:30,0.0
08/07/2023 01:00,0.0
08/07/2023 01:30,0.0
08/07/2023 02:00,0.0
08/07/2023 02:30,0.0
08/07/2023 03:00,0.0
08/07/2023 03:30,0.0
08/07/2023 04:00,0.0
08/07/2023 04:30,0.0
08/07/2023 05:00,0.0
08/07/2023 05:30,0.0
08/07/2023 06:00,0.0
08/07/2023 06:30,0.0
08/07/2023 07:00,0.0
08/07/2023 07:30,0.0
08/07/2023 08:00,0.0
08/07/2023 08:30,0.0
08/07/2023 09:00,0.0
08/07/2023 09:30,0.0
08/07/2023 10:00,0.0
08/07/2023 10:30,0.0
08/07/2023 11:00,0.0
08/07/2023 11:30,0.0
08/07/2023 12:00,0.0
08/07/2023 12:30,0.0
08/07/2023 13:00,0.0
08/07/2023 13:30,0.0
08/07/2023 14:00,0.0
08/07/2023 14:30,0.0
08/07/2023 15:00,0.0
08/07/2023 15:30,0.0
08/07/2023 16:00,0.0
08/07/2023 16:30,0.0
08/07/2023 17:00,0.0
08/07/2023 17:30,0.0
08/07/2023 18:00,0.0
08/07/2023 18:30,0.0
08/07/2023 19:00,0.0
08/07/2023 19:30,0.0
08/07/2023 20:00,0.0
08/07/2023 20:30,0.0
08/07/2023 21:00,0.0
08/07/2023 21:30,0.0
08/07/2023 22:00,0.0
08/07/2023 22:30,0.0
08/07/2023 23:00,0.0
08/07/2023 23:30,0.0
08/08/2023 00:00,0.0
08/08/2023 00:30,0.0
08/08/2023 01:00,0.0
08/08/2023 01:30,0.0
08/08/2023 02:00,0.0
08/08/2023 02:30,0.0
08/08/2023 03:00,0.0
08/08/2023 03:30,0.0
08/08/2023 04:00,0.0
08/08/2023 04:30,0.0
08/08/2023 05:00,0.0
08/08/2023 05:30,0.0
08/08/2023 06:00,0.0
08/08/2023 06:30,0.0
08/08/2023 07:00,0.0
08/08/2023 07:30,0.0
08/08/2023 08:00,0.0
08/08/2023 08:30,0.0
08/08/2023 09:00,0.0
08/08/2023 09:30,0.0
08/08/2023 10:00,0.0
08/08/2023 10:30,0.0
08/08/2023 11:00,0.0
08/08/2023 11:30,0.0
08/08/2023 12:00,0.0
08/08/2023 12:30,0.0
08/08/2023 13:00,0.0
08/08/2023 13:30,0.0
08/08/2023 14:00,0.0
08/08/2023 14:30,0.0
08/08/2023 15:00,0.0
08/08/2023 15:30,0.0
08/08/2023 16:00,0.0
08/08/2023 16:30,0.0
08/08/2023 17:00,0.0
08/08/2023 17:30,0.0
08/08/2023 18:00,0.0
08/08/2023 18:30,0.0
08/08/2023 19:00,0.0
08/08/2023 19:30,0.0
08/08/2023 20:00,0.0
08/08/2023 20:30,0.0
08/08/2023 21:00,0.0
08/08/2023 21:30,0.0
08/08/2023 22:00,0.0
08/08/2023 22:30,0.0
08/08/2023 23:00,0.0
08/08/2023 23:30,0.0
08/09/2023 00:00,0.0
08/09/2023 00:30,0.0
08/09/2023 01:00,0.0
08/09/2023 01:30,0.0
08/09/2023 02:00,0.0
08/09/2023 02:30,0.0
08/09/2023 03:00,0.0
08/09/2023 03:30,0.0
08/09/2023 04:00,0.0
08/09/2023 04:30,0.0
08/09/2023 05:00,0.0
08/09/2023 05:30,0.0
08/09/2023 06:00,0.0
08/09/2023 06:30,0.0
08/09/2023 07:00,0.0
08/09/2023 07:30,0.0
08/09/2023 08:00,0.0
08/09/2023 08:30,0.0
08/09/2023 09:00,0.0
08/09/2023 09:30,0.0
08/09/2023 10:00,0.0
08/09/2023 10:30,0.0
08/09/2023 11:00,0.0
08/09/2023 11:30,0.0
08/09/2023 12:00,0.0
08/09/2023 12:30,0.0
08/09/2023 13:00,0.0
08/09/2023 13:30,0.0
08/09/2023 14:00,0.0
08/09/2023 14:30,0.0
08/09/2023 15:00,0.0
08/09/2023 15:30,0.0
08/09/2023 16:00,0.0
08/09/2023 16:30,0.0
08/09/2023 17:00,0.0
08/09/2023 17:30,0.0
08/09/2023 18:00,0.0
08/09/2023 18:30,0.0
08/09/2023 19:00,0.0
08/09/2023 19:30,0.0
08/09/2023 20:00,0.0
08/09/2023 20:30,0.0
08/09/2023 21:00,0.0
08/09/2023 21:30,0.0
08/09/2023 22:00,0.0
08/09/2023 22:30,0.0
08/09/2023 23:00,0.0
08/09/2023 23:30,0.0
08/10/2023 00:00,0.0
08/10/2023 00:30,0.0
08/10/2023 01:00,0.0
08/10/2023 01:30,0.0
08/10/2023 02:00,0.0
08/10/2023 02:30,0.0
08/10/2023 03:00,0.0
08/10/2023 03:30,0.0
08/10/2023 04:00,0.0
08/10/2023 04:30,0.0
08/10/2023 05:00,0.0
08/10/2023 05:30,0.0
08/10/2023 06:00,0.0
08/10/2023 06:30,0.0
08/10/2023 07:00,0.0
08/10/2023 07:30,0.0
08/10/2023 08:00,0.0
08/10/2023 08:30,0.0
08/10/2023 09:00,0.0
08/10/2023 09:30,0.0
08/10/2023 10:00,0.0
08/10/2023 10:30,0.0
08/10/2023 11:00,0.0
08/10/2023 11:30,0.0
08/10/2023 12:00,0.0
08/10/2023 12:30,0.0
08/10/2023 13:00,0.0
08/10/2023 13:30,0.0
08/10/2023 14:00,0.0
08/10/2023 14:30,0.0
08/10/2023 15:00,0.0
08/10/2023 15:30,0.0
08/10/2023 16:00,0.0
08/10/2023 16:30,0.0
08/10/2023 17:00,0.0
08/10/2023 17:30,0.0
08/10/2023 18:00,0.0
08/10/2023 18:30,0.0
08/10/2023 19:00,0.0
08/10/2023 19:30,0.0
08/10/2023 20:00,0.0
08/10/2023 20:30,0.0
08/10/2023 21:00,0.0
08/10/2023 21:30,0.0
08/10/2023 22:00,0.0
08/10/2023 22:30,0.0
08/10/2023 23:00,0.0
08/10/2023 23:30,0.0
08/11/2023 00:00,0.0
08/11/2023 00:30,0.0
08/11/2023 01:00,0.0
08/11/2023 01:30,0.0
08/11/2023 02:00,0.0
08/11/2023 02:30,0.0
08/11/2023 03:00,0.0
08/11/2023 03:30,0.0
08/11/2023 04:00,0.0
08/11/2023 04:30,0.0
08/11/2023 05:00,0.0
08/11/2023 05:30,0.0
08/11/2023 06:00,0.0
08/11/2023 06:30,0.0
08/11/2023 07:00,0.0
08/11/2023 07:30,0.0
08/11/2023 08:00,0.0
08/11/2023 08:30,0.0
08/11/2023 09:00,0.0
08/11/2023 09:30,0.0
08/11/2023 10:00,0.0
08/11/2023 10:30,0.0
08/11/2023 11:00,0.0
08/11/2023 11:30,0.0
08/11/2023 12:00,0.0
08/11/2023 12:30,0.0
08/11/2023 13:00,0.0
08/11/2023 13:30,0.0
08/11/2023 14:00,0.0
08/11/2023 14:30,0.0
08/11/2023 15:00,0.0
08/11/2023 15:30,0.0
08/11/2023 16:00,0.0
08/11/2023 16:30,0.0
08/11/2023 17:00,0.0
08/11/2023 17:30,0.0
08/11/2023 18:00,0.0
08/11/2023 18:30,0.0
08/11/2023 19:00,0.0
08/11/2023 19:30,0.0
08/11/2023 20:00,0.0
08/11/2023 20:30,0.0
08/11/2023 21:00,0.0
08/11/2023 21:30,0.0
08/11/2023 22:00,0.0
08/11/2023 22:30,0.0
08/11/2023 23:00,0.0
08/11/2023 23:30,0.0
08/12/2023 00:00,0.0
08/12/2023 00:30,0.0
08/12/2023 01:00,0.0
08/12/2023 01:30,0.0
08/12/2023 02:00,0.0
08/12/2023 02:30,0.0
08/12/2023 03:00,0.0
08/12/2023 03:30,0.0
08/12/2023 04:00,0.0
08/12/2023 04:30,0.0
08/12/2023 05:00,0.0
08/12/2023 05:30,0.0
08/12/2023 06:00,0.0
08/12/2023 06:30,0.0
08/12/2023 07:00,0.0
08/12/2023 07:30,0.0
08/12/2023 08:00,0.0
08/12/2023 08:30,0.0
08/12/2023 09:00,0.0
08/12/2023 09:30,0.0
08/12/2023 10:00,0.0
08/12/2023 10:30,0.0
08/12/2023 11:00,0.0
08/12/2023 11:30,0.0
08/12/2023 12:00,0.0
08/12/2023 12:30,0.0
08/12/2023 13:00,0.0
08/12/2023 13:30,0.0
08/12/2023 14:00,0.0
08/12/2023 14:30,0.0
08/12/2023 15:00,0.0
08/12/2023 15:30,0.0
08/12/2023 16:00,0.0
08/12/2023 16:30,0.0
08/12/2023 17:00,0.0
08/12/2023 17:30,0.0
08/12/2023 18:00,0.0
08/12/2023 18:30,0.0
08/12/2023 19:00,0.0
08/12/2023 19:30,0.0
08/12/2023 20:00,0.0
08/12/2023 20:30,0.0
08/12/2023 21:00,0.0
08/12/2023 21:30,0.0
08/12/2023 22:00,0.0
08/12/2023 22:30,0.0
08/12/2023 23:00,0.0
08/12/2023 23:30,0.0
08/13/2023 00:00,0.0
08/13/2023 00:30,0.0
08/13/2023 01:00,0.0
08/13/2023 01:30,0.0
08/13/2023 02:00,0.0
08/13/2023 02:30,0.0
08/13/2023 03:00,0.0
08/13/2023 03:30,0.0
08/13/2023 04:00,0.0
08/13/2023 04:30,0.0
08/13/2023 05:00,0.0
08/13/2023 05:30,0.0
08/13/2023 06:00,0.0
08/13/2023 06:30,0.0
08/13/2023 07:00,0.0
08/13/2023 07:30,0.0
08/13/2023 08:00,0.0
08/13/2023 08:30,0.0
08/13/2023 09:00,0.0
08/13/2023 09:30,0.0
08/13/2023 10:00,0.0
08/13/2023 10:30,0.0
08/13/2023 11:00,0.0
08/13/2023 11:30,0.0
08/13/2023 12:00,0.0
08/13/2023 12:30,0.0
08/13/2023 13:00,0.0
08/13/2023 13:30,0.0
08/13/2023 14:00,0.0
08/13/2023 14:30,0.0
08/13/2023 15:00,0.0
08/13/2023 15:30,0.0
08/13/2023 16:00,0.0
08/13/2023 16:30,0.0
08/13/2023 17:00,0.0
08/13/2023 17:30,0.0
08/13/2023 18:00,0.0
08/13/2023 18:30,0.0
08/13/2023 19:00,0.0
08/13/2023 19:30,0.0
08/13/2023 20:00,0.0
08/13/2023 20:30,0.0
08/13/2023 21:00,0.0
08/13/2023 21:30,0.0
08/13/2023 22:00,0.0
08/13/2023 22:30,0.0
08/13/2023 23:00,0.0
08/13/2023 23:30,0.0
08/14/2023 00:00,0.0
08/14/2023 00:30,0.0
08/14/2023 01:00,0.0
08/14/2023 01:30,0.0
08/14/2023 02:00,0.0
08/14/2023 02:30,0.0
08/14/2023 03:00,0.0
08/14/2023 03:30,0.0
08/14/2023 04:00,0.0
08/14/2023 04:30,0.0
08/14/2023 05:00,0.0
08/14/2023 05:30,0.0
08/14/2023 06:00,0.0
08/14/2023 06:30,0.0
08/14/2023 07:00,0.0
08/14/2023 07:30,0.0
08/14/2023 08:00,0.0
08/14/2023 08:30,0.0
08/14/2023 09:00,0.0
08/14/2023 09:30,0.0
08/14/2023 10:00,0.0
08/14/2023 10:30,0.0
08/14/2023 11:00,0.0
08/14/2023 11:30,0.0
08/14/2023 12:00,0.0
08/14/2023 12:30,0.0
08/14/2023 13:00,0.0
08/14/2023 13:30,0.0
08/14/2023 14:00,0.0
08/14/2023 14:30,0.0
08/14/2023 15:00,0.0
08/14/2023 15:30,0.0
08/14/2023 16:00,0.0
08/14/2023 16:30,0.0
08/14/2023 17:00,0.0
08/14/2023 17:30,0.0
08/14/2023 18:00,0.0
08/14/2023 18:30,0.0
08/14/2023 19:00,0.0
08/14/2023 19:30,0.0
08/14/2023 20:00,0.0
08/14/2023 20:30,0.0
08/14/2023 21:00,0.0
08/14/2023 21:30,0.0
08/14/2023 22:00,0.0
08/14/2023 22:30,0.0
08/14/2023 23:00,0.0
08/14/2023 23:30,0.0
08/15/2023 00:00,0.0
08/15/2023 00:30,0.0
08/15/2023 01:00,0.0
08/15/2023 01:30,0.0
08/15/2023 02:00,0.0
08/15/2023 02:30,0.0
08/15/2023 03:00,0.0
08/15/2023 03:30,0.0
08/15/2023 04:00,0.0
08/15/2023 04:30,0.0
08/15/2023 05:00,0.0
08/15/2023 05:30,0.0
08/15/2023 06:00,0.0
08/15/2023 06:30,0.0
08/15/2023 07:00,0.0
08/15/2023 07:30,0.0
08/15/2023 08:00,0.0
08/15/2023 08:30,0.0
08/15/2023 09:00,0.0
08/15/2023 09:30,0.0
08/15/2023 10:00,0.0
08/15/2023 10:30,0.0
08/15/2023 11:00,0.0
08/15/2023 11:30,0.0
08/15/2023 12:00,0.0
08/15/2023 12:30,0.0
08/15/2023 13:00,0.0
08/15/2023 13:30,0.0
08/15/2023 14:00,0.0
08/15/2023 14:30,0.0
08/15/2023 15:00,0.0
08/15/2023 15:30,0.0
08/15/2023 16:00,0.0
08/15/2023 16:30,0.0
08/15/2023 17:00,0.0
08/15/2023 17:30,0.0
08/15/2023 18:00,0.0
08/15/2023 18:30,0.0
08/15/2023 19:00,0.0
08/15/2023 19:30,0.0
08/15/2023 20:00,0.0
08/15/2023 20:30,0.0
08/15/2023 21:00,0.0
08/15/2023 21:30,0.0
08/15/2023 22:00,0.0
08/15/2023 22:30,0.0
08/15/2023 23:00,0.0
08/15/2023 23:30,0.0
08/16/2023 00:00,0.0
08/16/2023 00:30,0.0
08/16/2023 01:00,0.0
08/16/2023 01:30,0.0
08/16/2023 02:00,0.0
08/16/2023 02:30,0.0
08/16/2023 03:00,0.0
08/16/2023 03:30,0.0
08/16/2023 04:00,0.0
08/16/2023 04:30,0.0
08/16/2023 05:00,0.0
08/16/2023 05:30,0.0
08/16/2023 06:00,0.0
08/16/2023 06:30,0.0
08/16/2023 07:00,0.0
08/16/2023 07:30,0.0
08/16/2023 08:00,0.0
08/16/2023 08:30,0.0
08/16/2023 09:00,0.0
08/16/2023 09:30,0.0
08/16/2023 10:00,0.0
08/16/2023 10:30,0.0
08/16/2023 11:00,0.0
08/16/2023 11:30,0.0
08/16/2023 12:00,0.0
08/16/2023 12:30,0.0
08/16/2023 13:00,0.0
08/16/2023 13:30,0.0
08/16/2023 14:00,0.0
08/16/2023 14:30,0.0
08/16/2023 15:00,0.0
08/16/2023 15:30,0.0
08/16/2023 16:00,0.0
08/16/2023 16:30,0.0
08/16/2023 17:00,0.0
08/16/2023 17:30,0.0
08/16/2023 18:00,0.0
08/16/2023 18:30,0.0
08/16/2023 19:00,0.0
08/16/2023 19:30,0.0
08/16/2023 20:00,0.0
08/16/2023 20:30,0.0
08/16/2023 21:00,0.0
08/16/2023 21:30,0.0
08/16/2023 22:00,0.0
08/16/2023 22:30,0.0
08/16/2023 23:00,0.0
08/16/2023 23:30,0.0
08/17/2023 00:00,0.0
08/17/2023 00:30,0.0
08/17/2023 01:00,0.0
08/17/2023 01:30,0.0
08/17/2023 02:00,0.0
08/17/2023 02:30,0.0
08/17/2023 03:00,0.0
08/17/2023 03:30,0.0
08/17/2023 04:00,0.0
08/17/2023 04:30,0.0
08/17/2023 05:00,0.0
08/17/2023 05:30,0.0
08/17/2023 06:00,0.0
08/17/2023 06:30,0.0
08/17/2023 07:00,0.0
08/17/2023 07:30,0.0
08/17/2023 08:00,0.0
08/17/2023 08:30,0.0
08/17/2023 09:00,0.0
08/17/2023 09:30,0.0
08/17/2023 10:00,0.0
08/17/2023 10:30,0.0
08/17/2023 11:00,0.0
08/17/2023 11:30,0.0
08/17/2023 12:00,0.0
08/17/2023 12:30,0.0
08/17/2023 13:00,0.0
08/17/2023 13:30,0.0
08/17/2023 14:00,0.0
08/17/2023 14:30,0.0
08/17/2023 15:00,0.0
08/17/2023 15:30,0.0
08/17/2023 16:00,0.0
08/17/2023 16:30,0.0
08/17/2023 17:00,0.0
08/17/2023 17:30,0.0
08/17/2023 18:00,0.0
08/17/2023 18:30,0.0
08/17/2023 19:00,0.0
08/17/2023 19:30,0.0
08/17/2023 20:00,0.0
08/17/2023 20:30,0.0
08/17/2023 21:00,0.0
08/17/2023 21:30,0.0
08/17/2023 22:00,0.0
08/17/2023 22:30,0.0
08/17/2023 23:00,0.0
08/17/2023 23:30,0.0
08/18/2023 00:00,0.0
08/18/2023 00:30,0.0
08/18/2023 01:00,0.0
08/18/2023 01:30,0.0
08/18/2023 02:00,0.0
08/18/2023 02:30,0.0
08/18/2023 03:00,0.0
08/18/2023 03:30,0.0
08/18/2023 04:00,0.0
08/18/2023 04:30,0.0
08/18/2023 05:00,0.0
08/18/2023 05:30,0.0
08/18/2023 06:00,0.0
08/18/2023 06:30,0.0
08/18/2023 07:00,0.0
08/18/2023 07:30,0.0
08/18/2023 08:00,0.0
08/18/2023 08:30,0.0
08/18/2023 09:00,0.0
08/18/2023 09:30,0.0
08/18/2023 10:00,0.0
08/18/2023 10:30,0.0
08/18/2023 11:00,0.0
08/18/2023 11:30,0.0
08/18/2023 12:00,0.0
08/18/2023 12:30,0.0
08/18/2023 13:00,0.0
08/18/2023 13:30,0.0
08/18/2023 14:00,0.0
08/18/2023 14:30,0.0
08/18/2023 15:00,0.0
08/18/2023 15:30,0.0
08/18/2023 16:00,0.0
08/18/2023 16:30,0.0
08/18/2023 17:00,0.0
08/18/2023 17:30,0.0
08/18/2023 18:00,0.0
08/18/2023 18:30,0.0
08/18/2023 19:00,0.0
08/18/2023 19:30,0.0
08/18/2023 20:00,0.0
08/18/2023 20:30,0.0
08/18/2023 21:00,0.0
08/18/2023 21:30,0.0
08/18/2023 22:00,0.0
08/18/2023 22:30,0.0
08/18/2023 23:00,0.0
08/18/2023 23:30,0.0
08/19/2023 00:00,0.0
08/19/2023 00:30,0.0
08/19/2023 01:00,0.0
08/19/2023 01:30,0.0
08/19/2023 02:00,0.0
08/19/2023 02:30,0.0
08/19/2023 03:00,0.0
08/19/2023 03:30,0.0
08/19/2023 04:00,0.0
08/19/2023 04:30,0.0
08/19/2023 05:00,0.0
08/19/2023 05:30,0.0
08/19/2023 06:00,0.0
08/19/2023 06:30,0.0
08/19/2023 07:00,0.0
08/19/2023 07:30,0.0
08/19/2023 08:00,0.0
08/19/2023 08:30,0.0
08/19/2023 09:00,0.0
08/19/2023 09:30,0.0
08/19/2023 10:00,0.0
08/19/2023 10:30,0.0
08/19/2023 11:00,0.0
08/19/2023 11:30,0.0
08/19/2023 12:00,0.0
08/19/2023 12:30,0.0
08/19/2023 13:00,0.0
08/19/2023 13:30,0.0
08/19/2023 14:00,0.0
08/19/2023 14:30,0.0
08/19/2023 15:00,0.0
08/19/2023 15:30,0.0
08/19/2023 16:00,0.0
08/19/2023 16:30,0.0
08/19/2023 17:00,0.0
08/19/2023 17:30,0.0
08/19/2023 18:00,0.0
08/19/2023 18:30,0.0
08/19/2023 19:00,0.0
08/19/2023 19:30,0.0
08/19/2023 20:00,0.0
08/19/2023 20:30,0.0
08/19/2023 21:00,0.0
08/19/2023 21:30,0.0
08/19/2023 22:00,0.0
08/19/2023 22:30,0.0
08/19/2023 23:00,0.0
08/19/2023 23:30,0.0
08/20/2023 00:00,0.0
08/20/2023 00:30,0.0
08/20/2023 01:00,0.0
08/20/2023 01:30,0.0
08/20/2023 02:00,0.0
08/20/2023 02:30,0.0
08/20/2023 03:00,0.0
08/20/2023 03:30,0.0
08/20/2023 04:00,0.0
08/20/2023 04:30,0.0
08/20/2023 05:00,0.0
08/20/2023 05:30,0.0
08/20/2023 06:00,0.0
08/20/2023 06:30,0.0
08/20/2023 07:00,0.0
08/20/2023 07:30,0.0
08/20/2023 08:00,0.0
08/20/2023 08:30,0.0
08/20/2023 09:00,0.0
08/20/2023 09:30,0.0
08/20/2023 10:00,0.0
08/20/2023 10:30,0.0
08/20/2023 11:00,0.0
08/20/2023 11:30,0.0
08/20/2023 12:00,0.0
08/20/2023 12:30,0.0
08/20/2023 13:00,0.0
08/20/2023 13:30,0.0
08/20/2023 14:00,0.0
08/20/2023 14:30,0.0
08/20/2023 15:00,0.0
08/20/2023 15:30,0.0
08/20/2023 16:00,0.0
08/20/2023 16:30,0.0
08/20/2023 17:00,0.0
08/20/2023 17:30,0.0
08/20/2023 18:00,0.0
08/20/2023 18:30,0.0
08/20/2023 19:00,0.0
08/20/2023 19:30,0.0
08/20/2023 20:00,0.0
08/20/2023 20:30,0.0
08/20/2023 21:00,0.0
08/20/2023 21:30,0.0
08/20/2023 22:00,0.0
08/20/2023 22:30,0.0
08/20/2023 23:00,0.0
08/20/2023 23:30,0.0
08/21/2023 00:00,0.0
08/21/2023 00:30,0.0
08/21/2023 01:00,0.0
08/21/2023 01:30,0.0
08/21/2023 02:00,0.0
08/21/2023 02:30,0.0
08/21/2023 03:00,0.0
08/21/2023 03:30,0.0
08/21/2023 04:00,0.0
08/21/2023 04:30,0.0
08/21/2023 05:00,0.0
08/21/2023 05:30,0.0
08/21/2023 06:00,0.0
08/21/2023 06:30,0.0
08/21/2023 07:00,0.0
08/21/2023 07:30,0.0
08/21/2023 08:00,0.0
08/21/2023 08:30,0.0
08/21/2023 09:00,0.0
08/21/2023 09:30,0.0
08/21/2023 10:00,0.0
08/21/2023 10:30,0.0
08/21/2023 11:00,0.0
08/21/2023 11:30,0.0
08/21/2023 12:00,0.0
08/21/2023 12:30,0.0
08/21/2023 13:00,0.0
08/21/2023 13:30,0.0
08/21/2023 14:00,0.0
08/21/2023 14:30,0.0
08/21/2023 15:00,0.0
08/21/2023 15:30,0.0
08/21/2023 16:00,0.0
08/21/2023 16:30,0.0
08/21/2023 17:00,0.0
08/21/2023 17:30,0.0
08/21/2023 18:00,0.0
08/21/2023 18:30,0.0
08/21/2023 19:00,0.0
08/21/2023 19:30,0.0
08/21/2023 20:00,0.0
08/21/2023 20:30,0.0
08/21/2023 21:00,0.0
08/21/2023 21:30,0.0
08/21/2023 22:00,0.0
08/21/2023 22:30,0.0
08/21/2023 23:00,0.0
08/21/2023 23:30,0.0
08/22/2023 00:00,0.0
08/22/2023 00:30,0.0
08/22/2023 01:00,0.0
08/22/2023 01:30,0.0
08/22/2023 02:00,0.0
08/22/2023 02:30,0.0
08/22/2023 03:00,0.0
08/22/2023 03:30,0.0
08/22/2023 04:00,0.0
08/22/2023 04:30,0.0
08/22/2023 05:00,0.0
08/22/2023 05:30,0.0
08/22/2023 06:00,0.0
08/22/2023 06:30,0.0
08/22/2023 07:00,0.0
08/22/2023 07:30,0.0
08/22/2023 08:00,0.0
08/22/2023 08:30,0.0
08/22/2023 09:00,0.0
08/22/2023 09:30,0.0
08/22/2023 10:00,0.0
08/22/2023 10:30,0.0
08/22/2023 11:00,0.0
08/22/2023 11:30,0.0
08/22/2023 12:00,0.0
08/22/2023 12:30,0.0
08/22/2023 13:00,0.0
08/22/2023 13:30,0.0
08/22/2023 14:00,0.0
08/22/2023 14:30,0.0
08/22/2023 15:00,0.0
08/22/2023 15:30,0.0
08/22/2023 16:00,0.0
08/22/2023 16:30,0.0
08/22/2023 17:00,0.0
08/22/2023 17:30,0.0
08/22/2023 18:00,0.0
08/22/2023 18:30,0.0
08/22/2023 19:00,0.0
08/22/2023 19:30,0.0
08/22/2023 20:00,0.0
08/22/2023 20:30,0.0
08/22/2023 21:00,0.0
08/22/2023 21:30,0.0
08/22/2023 22:00,0.0
08/22/2023 22:30,0.0
08/22/2023 23:00,0.0
08/22/2023 23:30,0.0
08/23/2023 00:00,0.0
08/23/2023 00:30,0.0
08/23/2023 01:00,0.0
08/23/2023 01:30,0.0
08/23/2023 02:00,0.0
08/23/2023 02:30,0.0
08/23/2023 03:00,0.0
08/23/2023 03:30,0.0
08/23/2023 04:00,0.0
08/23/2023 04:30,0.0
08/23/2023 05:00,0.0
08/23/2023 05:30,0.0
08/23/2023 06:00,0.0
08/23/2023 06:30,0.0
08/23/2023 07:00,0.0
08/23/2023 07:30,0.0
08/23/2023 08:00,0.0
08/23/2023 08:30,0.0
08/23/2023 09:00,0.0
08/23/2023 09:30,0.0
08/23/2023 10:00,0.0
08/23/2023 10:30,0.0
08/23/2023 11:00,0.0
08/23/2023 11:30,0.0
08/23/2023 12:00,0.0
08/23/2023 12:30,0.0
08/23/2023 13:00,0.0
08/23/2023 13:30,0.0
08/23/2023 14:00,0.0
08/23/2023 14:30,0.0
08/23/2023 15:00,0.0
08/23/2023 15:30,0.0
08/23/2023 16:00,0.0
08/23/2023 16:30,0.0
08/23/2023 17:00,0.0
08/23/2023 17:30,0.0
08/23/2023 18:00,0.0
08/23/2023 18:30,0.0
08/23/2023 19:00,0.0
08/23/2023 19:30,0.0
08/23/2023 20:00,0.0
08/23/2023 20:30,0.0
08/23/2023 21:00,0.0
08/23/2023 21:30,0.0
08/23/2023 22:00,0.0
08/23/2023 22:30,0.0
08/23/2023 23:00,0.0
08/23/2023 23:30,0.0
08/24/2023 00:00,0.0
08/24/2023 00:30,0.0
08/24/2023 01:00,0.0
08/24/2023 01:30,0.0
08/24/2023 02:00,0.0
08/24/2023 02:30,0.0
08/24/2023 03:00,0.0
08/24/2023 03:30,0.0
08/24/2023 04:00,0.0
08/24/2023 04:30,0.0
08/24/2023 05:00,0.0
08/24/2023 05:30,0.0
08/24/2023 06:00,0.0
08/24/2023 06:30,0.0
08/24/2023 07:00,0.0
08/24/2023 07:30,0.0
08/24/2023 08:00,0.0
08/24/2023 08:30,0.0
08/24/2023 09:00,0.0
08/24/2023 09:30,0.0
08/24/2023 10:00,0.0
08/24/2023 10:30,0.0
08/24/2023 11:00,0.0
08/24/2023 11:30,0.0
08/24/2023 12:00,0.0
08/24/2023 12:30,0.0
08/24/2023 13:00,0.0
08/24/2023 13:30,0.0
08/24/2023 14:00,0.0
08/24/2023 14:30,0.0
08/24/2023 15:00,0.0
08/24/2023 15:30,0.0
08/24/2023 16:00,0.0
08/24/2023 16:30,0.0
08/24/2023 17:00,0.0
08/24/2023 17:30,0.0
08/24/2023 18:00,0.0
08/24/2023 18:30,0.0
08/24/2023 19:00,0.0
08/24/2023 19:30,0.0
08/24/2023 20:00,0.0
08/24/2023 20:30,0.0
08/24/2023 21:00,0.0
08/24/2023 21:30,0.0
08/24/2023 22:00,0.0
08/24/2023 22:30,0.0
08/24/2023 23:00,0.0
08/24/2023 23:30,0.0
08/25/2023 00:00,0.0
08/25/2023 00:30,0.0
08/25/2023 01:00,0.0
08/25/2023 01:30,0.0
08/25/2023 02:00,0.0
08/25/2023 02:30,0.0
08/25/2023 03:00,0.0
08/25/2023 03:30,0.0
08/25/2023 04:00,0.0
08/25/2023 04:30,0.0
08/25/2023 05:00,0.0
08/25/2023 05:30,0.0
08/25/2023 06:00,0.0
08/25/2023 06:30,0.0
08/25/2023 07:00,0.0
08/25/2023 07:30,0.0
08/25/2023 08:00,0.0
08/25/2023 08:30,0.0
08/25/2023 09:00,0.0
08/25/2023 09:30,0.0
08/25/2023 10:00,0.0
08/25/2023 10:30,0.0
08/25/2023 11:00,0.0
08/25/2023 11:30,0.0
08/25/2023 12:00,0.0
08/25/2023 12:30,0.0
08/25/2023 13:00,0.0
08/25/2023 13:30,0.0
08/25/2023 14:00,0.0
08/25/2023 14:30,0.0
08/25/2023 15:00,0.0
08/25/2023 15:30,0.0
08/25/2023 16:00,0.0
08/25/2023 16:30,0.0
08/25/2023 17:00,0.0
08/25/2023 17:30,0.0
08/25/2023 18:00,0.0
08/25/2023 18:30,0.0
08/25/2023 19:00,0.0
08/25/2023 19:30,0.0
08/25/2023 20:00,0.0
08/25/2023 20:30,0.0
08/25/2023 21:00,0.0
08/25/2023 21:30,0.0
08/25/2023 22:00,0.0
08/25/2023 22:30,0.0
08/25/2023 23:00,0.0
08/25/2023 23:30,0.0
08/26/2023 00:00,0.0
08/26/2023 00:30,0.0
08/26/2023 01:00,0.0
08/26/2023 01:30,0.0
08/26/2023 02:00,0.0
08/26/2023 02:30,0.0
08/26/2023 03:00,0.0
08/26/2023 03:30,0.0
08/26/2023 04:00,0.0
08/26/2023 04:30,0.0
08/26/2023 05:00,0.0
08/26/2023 05:30,0.0
08/26/2023 06:00,0.0
08/26/2023 06:30,0.0
08/26/2023 07:00,0.0
08/26/2023 07:30,0.0
08/26/2023 08:00,0.0
08/26/2023 08:30,0.0
08/26/2023 09:00,0.0
08/26/2023 09:30,0.0
08/26/2023 10:00,0.0
08/26/2023 10:30,0.0
08/26/2023 11:00,0.0
08/26/2023 11:30,0.0
08/26/2023 12:00,0.0
08/26/2023 12:30,0.0
08/26/2023 13:00,0.0
08/26/2023 13:30,0.0
08/26/2023 14:00,0.0
08/26/2023 14:30,0.0
08/26/2023 15:00,0.0
08/26/2023 15:30,0.0
08/26/2023 16:00,0.0
08/26/2023 16:30,0.0
08/26/2023 17:00,0.0
08/26/2023 17:30,0.0
08/26/2023 18:00,0.0
08/26/2023 18:30,0.0
08/26/2023 19:00,0.0
08/26/2023 19:30,0.0
08/26/2023 20:00,0.0
08/26/2023 20:30,0.0
08/26/2023 21:00,0.0
08/26/2023 21:30,0.0
08/26/2023 22:00,0.0
08/26/2023 22:30,0.0
08/26/2023 23:00,0.0
08/26/2023 23:30,0.0
08/27/2023 00:00,0.0
08/27/2023 00:30,0.0
08/27/2023 01:00,0.0
08/27/2023 01:30,0.0
08/27/2023 02:00,0.0
08/27/2023 02:30,0.0
08/27/2023 03:00,0.0
08/27/2023 03:30,0.0
08/27/2023 04:00,0.0
08/27/2023 04:30,0.0
08/27/2023 05:00,0.0
08/27/2023 05:30,0.0
08/27/2023 06:00,0.0
08/27/2023 06:30,0.0
08/27/2023 07:00,0.0
08/27/2023 07:30,0.0
08/27/2023 08:00,0.0
08/27/2023 08:30,0.0
08/27/2023 09:00,0.0
08/27/2023 09:30,0.0
08/27/2023 10:00,0.0
08/27/2023 10:30,0.0
08/27/2023 11:00,0.0
08/27/2023 11:30,0.0
08/27/2023 12:00,0.0
08/27/2023 12:30,0.0
08/27/2023 13:00,0.0
08/27/2023 13:30,0.0
08/27/2023 14:00,0.0
08/27/2023 14:30,0.0
08/27/2023 15:00,0.0
08/27/2023 15:30,0.0
08/27/2023 16:00,0.0
08/27/2023 16:30,0.0
08/27/2023 17:00,0.0
08/27/2023 17:30,0.0
08/27/2023 18:00,0.0
08/27/2023 18:30,0.0
08/27/2023 19:00,0.0
08/27/2023 19:30,0.0
08/27/2023 20:00,0.0
08/27/2023 20:30,0.0
08/27/2023 21:00,0.0
08/27/2023 21:30,0.0
08/27/2023 22:00,0.0
08/27/2023 22:30,0.0
08/27/2023 23:00,0.0
08/27/2023 23:30,0.0
08/28/2023 00:00,0.0
08/28/2023 00:30,0.0
08/28/2023 01:00,0.0
08/28/2023 01:30,0.0
08/28/2023 02:00,0.0
08/28/2023 02:30,0.0
08/28/2023 03:00,0.0
08/28/2023 03:30,0.0
08/28/2023 04:00,0.0
08/28/2023 04:30,0.0
08/28/2023 05:00,0.0
08/28/2023 05:30,0.0
08/28/2023 06:00,0.0
08/28/2023 06:30,0.0
08/28/2023 07:00,0.0
08/28/2023 07:30,0.0
08/28/2023 08:00,0.0
08/28/2023 08:30,0.0
08/28/2023 09:00,0.0
08/28/2023 09:30,0.0
08/28/2023 10:00,0.0
08/28/2023 10:30,0.0
08/28/2023 11:00,0.0
08/28/2023 11:30,0.0
08/28/2023 12:00,0.0
08/28/2023 12:30,0.0
08/28/2023 13:00,0.0
08/28/2023 13:30,0.0
08/28/2023 14:00,0.0
08/28/2023 14:30,0.0
08/28/2023 15:00,0.0
08/28/2023 15:30,0.0
08/28/2023 16:00,0.0
08/28/2023 16:30,0.0
08/28/2023 17:00,0.0
08/28/2023 17:30,0.0
08/28/2023 18:00,0.0
08/28/2023 18:30,0.0
08/28/2023 19:00,0.0
08/28/2023 19:30,0.0
08/28/2023 20:00,0.0
08/28/2023 20:30,0.0
08/28/2023 21:00,0.0
08/28/2023 21:30,0.0
08/28/2023 22:00,0.0
08/28/2023 22:30,0.0
08/28/2023 23:00,0.0
08/28/2023 23:30,0.0
08/29/2023 00:00,0.0
08/29/2023 00:30,0.0
08/29/2023 01:00,0.0
08/29/2023 01:30,0.0
08/29/2023 02:00,0.0
08/29/2023 02:30,0.0
08/29/2023 03:00,0.0
08/29/2023 03:30,0.0
08/29/2023 04:00,0.0
08/29/2023 04:30,0.0
08/29/2023 05:00,0.0
08/29/2023 05:30,0.0
08/29/2023 06:00,0.0
08/29/2023 06:30,0.0
08/29/2023 07:00,0.0
08/29/2023 07:30,0.0
08/29/2023 08:00,0.0
08/29/2023 08:30,0.0
08/29/2023 09:00,0.0
08/29/2023 09:30,0.0
08/29/2023 10:00,0.0
08/29/2023 10:30,0.0
08/29/2023 11:00,0.0
08/29/2023 11:30,0.0
08/29/2023 12:00,0.0
08/29/2023 12:30,0.0
08/29/2023 13:00,0.0
08/29/2023 13:30,0.0
08/29/2023 14:00,0.0
08/29/2023 14:30,0.0
08/29/2023 15:00,0.0
08/29/2023 15:30,0.0
08/29/2023 16:00,0.0
08/29/2023 16:30,0.0
08/29/2023 17:00,0.0
08/29/2023 17:30,0.0
08/29/2023 18:00,0.0
08/29/2023 18:30,0.0
08/29/2023 19:00,0.0
08/29/2023 19:30,0.0
08/29/2023 20:00,0.0
08/29/2023 20:30,0.0
08/29/2023 21:00,0.0
08/29/2023 21:30,0.0
08/29/2023 22:00,0.0
08/29/2023 22:30,0.0
08/29/2023 23:00,0.0
08/29/2023 23:30,0.0
08/30/2023 00:00,0.0
08/30/2023 00:30,0.0
08/30/2023 01:00,0.0
08/30/2023 01:30,0.0
08/30/2023 02:00,0.0
08/30/2023 02:30,0.0
08/30/2023 03:00,0.0
08/30/2023 03:30,0.0
08/30/2023 04:00,0.0
08/30/2023 04:30,0.0
08/30/2023 05:00,0.0
08/30/2023 05:30,0.0
08/30/2023 06:00,0.0
08/30/2023 06:30,0.0
08/30/2023 07:00,0.0
08/30/2023 07:30,0.0
08/30/2023 08:00,0.0
08/30/2023 08:30,0.0
08/30/2023 09:00,0.0
08/30/2023 09:30,0.0
08/30/2023 10:00,0.0
08/30/2023 10:30,0.0
08/30/2023 11:00,0.0
08/30/2023 11:30,0.0
08/30/2023 12:00,0.0
08/30/2023 12:30,0.0
08/30/2023 13:00,0.0
08/30/2023 13:30,0.0
08/30/2023 14:00,0.0
08/30/2023 14:30,0.0
08/30/2023 15:00,0.0
08/30/2023 15:30,0.0
08/30/2023 16:00,0.0
08/30/2023 16:30,0.0
08/30/2023 17:00,0.0
08/30/2023 17:30,0.0
08/30/2023 18:00,0.0
08/30/2023 18:30,0.0
08/30/2023 19:00,0.0
08/30/2023 19:30,0.0
08/30/2023 20:00,0.0
08/30/2023 20:30,0.0
08/30/2023 21:00,0.0
08/30/2023 21:30,0.0
08/30/2023 22:00,0.0
08/30/2023 22:30,0.0
08/30/2023 23:00,0.0
08/30/2023 23:30,0.0
08/31/2023 00:00,0.0
08/31/2023 00:30,0.0
08/31/2023 01:00,0.0
08/31/2023 01:30,0.0
08/31/2023 02:00,0.0
08/31/2023 02:30,0.0
08/31/2023 03:00,0.0
08/31/2023 03:30,0.0
08/31/2023 04:00,0.0
08/31/2023 04:30,0.0
08/31/2023 05:00,0.0
08/31/2023 05:30,0.0
08/31/2023 06:00,0.0
08/31/2023 06:30,0.0
08/31/2023 07:00,0.0
08/31/2023 07:30,0.0
08/31/2023 08:00,0.0
08/31/2023 08:30,0.0
08/31/2023 09:00,0.0
08/31/2023 09:30,0.0
08/31/2023 10:00,0.0
08/31/2023 10:30,0.0
08/31/2023 11:00,0.0
08/31/2023 11:30,0.0
08/31/2023 12:00,0.0
08/31/2023 12:30,0.0
08/31/2023 13:00,0.0
08/31/2023 13:30,0.0
08/31/2023 14:00,0.0
08/31/2023 14:30,0.0
08/31/2023 15:00,0.0
08/31/2023 15:30,0.0
08/31/2023 16:00,0.0
08/31/2023 16:30,0.0
08/31/2023 17:00,0.0
08/31/2023 17:30,0.0
08/31/2023 18:00,0.0
08/31/2023 18:30,0.0
08/31/2023 19:00,0.0
08/31/2023 19:30,0.0
08/31/2023 20:00,0.0
08/31/2023 20:30,0.0
08/31/2023 21:00,0.0
08/31/2023 21:30,0.0
08/31/2023 22:00,0.0
08/31/2023 22:30,0.0
08/31/2023 23:00,0.0
08/31/2023 23:30,0.0
09/01/2023 00:00,0.0
09/01/2023 00:30,0.0
09/01/2023 01:00,0.0
09/01/2023 01:30,0.0
09/01/2023 02:00,0.0
09/01/2023 02:30,0.0
09/01/2023 03:00,0.0
09/01/2023 03:30,0.0
09/01/2023 04:00,0.0
09/01/2023 04:30,0.0
09/01/2023 05:00,0.0
09/01/2023 05:30,0.0
09/01/2023 06:00,0.0
09/01/2023 06:30,0.0
09/01/2023 07:00,0.0
09/01/2023 07:30,0.0
09/01/2023 08:00,0.0
09/01/2023 08:30,0.0
09/01/2023 09:00,0.0
09/01/2023 09:30,0.0
09/01/2023 10:00,0.0
09/01/2023 10:30,0.0
09/01/2023 11:00,0.0
09/01/2023 11:30,0.0
09/01/2023 12:00,0.0
09/01/2023 12:30,0.0
09/01/2023 13:00,0.0
09/01/2023 13:30,0.0
09/01/2023 14:00,0.0
09/01/2023 14:30,0.0
09/01/2023 15:00,0.0
09/01/2023 15:30,0.0
09/01/2023 16:00,0.0
09/01/2023 16:30,0.0
09/01/2023 17:00,0.0
09/01/2023 17:30,0.0
09/01/2023 18:00,0.0
09/01/2023 18:30,0.0
09/01/2023 19:00,0.0
09/01/2023 19:30,0.0
09/01/2023 20:00,0.0
09/01/2023 20:30,0.0
09/01/2023 21:00,0.0
09/01/2023 21:30,0.0
09/01/2023 22:00,0.0
09/01/2023 22:30,0.0
09/01/2023 23:00,0.0
09/01/2023 23:30,0.0
09/02/2023 00:00,0.0
09/02/2023 00:30,0.0
09/02/2023 01:00,0.0
09/02/2023 01:30,0.0
09/02/2023 02:00,0.0
09/02/2023 02:30,0.0
09/02/2023 03:00,0.0
09/02/2023 03:30,0.0
09/02/2023 04:00,0.0
09/02/2023 04:30,0.0
09/02/2023 05:00,0.0
09/02/2023 05:30,0.0
09/02/2023 06:00,0.0
09/02/2023 06:30,0.0
09/02/2023 07:00,0.0
09/02/2023 07:30,0.0
09/02/2023 08:00,0.0
09/02/2023 08:30,0.0
09/02/2023 09:00,0.0
09/02/2023 09:30,0.0
09/02/2023 10:00,0.0
09/02/2023 10:30,0.0
09/02/2023 11:00,0.0
09/02/2023 11:30,0.0
09/02/2023 12:00,0.0
09/02/2023 12:30,0.0
09/02/2023 13:00,0.0
09/02/2023 13:30,0.0
09/02/2023 14:00,0.0
09/02/2023 14:30,0.0
09/02/2023 15:00,0.0
09/02/2023 15:30,0.0
09/02/2023 16:00,0.0
09/02/2023 16:30,0.0
09/02/2023 17:00,0.0
09/02/2023 17:30,0.0
09/02/2023 18:00,0.0
09/02/2023 18:30,0.0
09/02/2023 19:00,0.0
09/02/2023 19:30,0.0
09/02/2023 20:00,0.0
09/02/2023 20:30,0.0
09/02/2023 21:00,0.0
09/02/2023 21:30,0.0
09/02/2023 22:00,0.0
09/02/2023 22:30,0.0
09/02/2023 23:00,0.0
09/02/2023 23:30,0.0
09/03/2023 00:00,0.0
09/03/2023 00:30,0.0
09/03/2023 01:00,0.0
09/03/2023 01:30,0.0
09/03/2023 02:00,0.0
09/03/2023 02:30,0.0
09/03/2023 03:00,0.0
09/03/2023 03:30,0.0
09/03/2023 04:00,0.0
09/03/2023 04:30,0.0
09/03/2023 05:00,0.0
09/03/2023 05:30,0.0
09/03/2023 06:00,0.0
09/03/2023 06:30,0.0
09/03/2023 07:00,0.0
09/03/2023 07:30,0.0
09/03/2023 08:00,0.0
09/03/2023 08:30,0.0
09/03/2023 09:00,0.0
09/03/2023 09:30,0.0
09/03/2023 10:00,0.0
09/03/2023 10:30,0.0
09/03/2023 11:00,0.0
09/03/2023 11:30,0.0
09/03/2023 12:00,0.0
09/03/2023 12:30,0.0
09/03/2023 13:00,0.0
09/03/2023 13:30,0.0
09/03/2023 14:00,0.0
09/03/2023 14:30,0.0
09/03/2023 15:00,0.0
09/03/2023 15:30,0.0
09/03/2023 16:00,0.0
09/03/2023 16:30,0.0
09/03/2023 17:00,0.0
09/03/2023 17:30,0.0
09/03/2023 18:00,0.0
09/03/2023 18:30,0.0
09/03/2023 19:00,0.0
09/03/2023 19:30,0.0
09/03/2023 20:00,0.0
09/03/2023 20:30,0.0
09/03/2023 21:00,0.0
09/03/2023 21:30,0.0
09/03/2023 22:00,0.0
09/03/2023 22:30,0.0
09/03/2023 23:00,0.0
09/03/2023 23:30,0.0
09/04/2023 00:00,0.0
09/04/2023 00:30,0.0
09/04/2023 01:00,0.0
09/04/2023 01:30,0.0
09/04/2023 02:00,0.0
09/04/2023 02:30,0.0
09/04/2023 03:00,0.0
09/04/2023 03:30,0.0
09/04/2023 04:00,0.0
09/04/2023 04:30,0.0
09/04/2023 05:00,0.0
09/04/2023 05:30,0.0
09/04/2023 06:00,0.0
09/04/2023 06:30,0.0
09/04/2023 07:00,0.0
09/04/2023 07:30,0.0
09/04/2023 08:00,0.0
09/04/2023 08:30,0.0
09/04/2023 09:00,0.0
09/04/2023 09:30,0.0
09/04/2023 10:00,0.0
09/04/2023 10:30,0.0
09/04/2023 11:00,0.0
09/04/2023 11:30,0.0
09/04/2023 12:00,0.0
09/04/2023 12:30,0.0
09/04/2023 13:00,0.0
09/04/2023 13:30,0.0
09/04/2023 14:00,0.0
09/04/2023 14:30,0.0
09/04/2023 15:00,0.0
09/04/2023 15:30,0.0
09/04/2023 16:00,0.0
09/04/2023 16:30,0.0
09/04/2023 17:00,0.0
09/04/2023 17:30,0.0
09/04/2023 18:00,0.0
09/04/2023 18:30,0.0
09/04/2023 19:00,0.0
09/04/2023 19:30,0.0
09/04/2023 20:00,0.0
09/04/2023 20:30,0.0
09/04/2023 21:00,0.0
09/04/2023 21:30,0.0
09/04/2023 22:00,0.0
09/04/2023 22:30,0.0
09/04/2023 23:00,0.0
09/04/2023 23:30,0.0
09/05/2023 00:00,0.0
09/05/2023 00:30,0.0
09/05/2023 01:00,0.0
09/05/2023 01:30,0.0
09/05/2023 02:00,0.0
09/05/2023 02:30,0.0
09/05/2023 03:00,0.0
09/05/2023 03:30,0.0
09/05/2023 04:00,0.0
09/05/2023 04:30,0.0
09/05/2023 05:00,0.0
09/05/2023 05:30,0.0
09/05/2023 06:00,0.0
09/05/2023 06:30,0.0
09/05/2023 07:00,0.0
09/05/2023 07:30,0.0
09/05/2023 08:00,0.0
09/05/2023 08:30,0.0
09/05/2023 09:00,0.0
09/05/2023 09:30,0.0
09/05/2023 10:00,0.0
09/05/2023 10:30,0.0
09/05/2023 11:00,0.0
09/05/2023 11:30,0.0
09/05/2023 12:00,0.0
09/05/2023 12:30,0.0
09/05/2023 13:00,0.0
09/05/2023 13:30,0.0
09/05/2023 14:00,0.0
09/05/2023 14:30,0.0
09/05/2023 15:00,0.0
09/05/2023 15:30,0.0
09/05/2023 16:00,0.0
09/05/2023 16:30,0.0
09/05/2023 17:00,0.0
09/05/2023 17:30,0.0
09/05/2023 18:00,0.0
09/05/2023 18:30,0.0
09/05/2023 19:00,0.0
09/05/2023 19:30,0.0
09/05/2023 20:00,0.0
09/05/2023 20:30,0.0
09/05/2023 21:00,0.0
09/05/2023 21:30,0.0
09/05/2023 22:00,0.0
09/05/2023 22:30,0.0
09/05/2023 23:00,0.0
09/05/2023 23:30,0.0
09/06/2023 00:00,0.0
09/06/2023 00:30,0.0
09/06/2023 01:00,0.0
09/06/2023 01:30,0.0
09/06/2023 02:00,0.0
09/06/2023 02:30,0.0
09/06/2023 03:00,0.0
09/06/2023 03:30,0.0
09/06/2023 04:00,0.0
09/06/2023 04:30,0.0
09/06/2023 05:00,0.0
09/06/2023 05:30,0.0
09/06/2023 06:00,0.0
09/06/2023 06:30,0.0
09/06/2023 07:00,0.0
09/06/2023 07:30,0.0
09/06/2023 08:00,0.0
09/06/2023 08:30,0.0
09/06/2023 09:00,0.0
09/06/2023 09:30,0.0
09/06/2023 10:00,0.0
09/06/2023 10:30,0.0
09/06/2023 11:00,0.0
09/06/2023 11:30,0.0
09/06/2023 12:00,0.0
09/06/2023 12:30,0.0
09/06/2023 13:00,0.0
09/06/2023 13:30,0.0
09/06/2023 14:00,0.0
09/06/2023 14:30,0.0
09/06/2023 15:00,0.0
09/06/2023 15:30,0.0
09/06/2023 16:00,0.0
09/06/2023 16:30,0.0
09/06/2023 17:00,0.0
09/06/2023 17:30,0.0
09/06/2023 18:00,0.0
09/06/2023 18:30,0.0
09/06/2023 19:00,0.0
09/06/2023 19:30,0.0
09/06/2023 20:00,0.0
09/06/2023 20:30,0.0
09/06/2023 21:00,0.0
09/06/2023 21:30,0.0
09/06/2023 22:00,0.0
09/06/2023 22:30,0.0
09/06/2023 23:00,0.0
09/06/2023 23:30,0.0
09/07/2023 00:00,0.0
09/07/2023 00:30,0.0
09/07/2023 01:00,0.0
09/07/2023 01:30,0.0
09/07/2023 02:00,0.0
09/07/2023 02:30,0.0
09/07/2023 03:00,0.0
09/07/2023 03:30,0.0
09/07/2023 04:00,0.0
09/07/2023 04:30,0.0
09/07/2023 05:00,0.0
09/07/2023 05:30,0.0
09/07/2023 06:00,0.0
09/07/2023 06:30,0.0
09/07/2023 07:00,0.0
09/07/2023 07:30,0.0
09/07/2023 08:00,0.0
09/07/2023 08:30,0.0
09/07/2023 09:00,0.0
09/07/2023 09:30,0.0
09/07/2023 10:00,0.0
09/07/2023 10:30,0.0
09/07/2023 11:00,0.0
09/07/2023 11:30,0.0
09/07/2023 12:00,0.0
09/07/2023 12:30,0.0
09/07/2023 13:00,0.0
09/07/2023 13:30,0.0
09/07/2023 14:00,0.0
09/07/2023 14:30,0.0
09/07/2023 15:00,0.0
09/07/2023 15:30,0.0
09/07/2023 16:00,0.0
09/07/2023 16:30,0.0
09/07/2023 17:00,0.0
09/07/2023 17:30,0.0
09/07/2023 18:00,0.0
09/07/2023 18:30,0.0
09/07/2023 19:00,0.0
09/07/2023 19:30,0.0
09/07/2023 20:00,0.0
09/07/2023 20:30,0.0
09/07/2023 21:00,0.0
09/07/2023 21:30,0.0
09/07/2023 22:00,0.0
09/07/2023 22:30,0.0
09/07/2023 23:00,0.0
09/07/2023 23:30,0.0
09/08/2023 00:00,0.0
09/08/2023 00:30,0.0
09/08/2023 01:00,0.0
09/08/2023 01:30,0.0
09/08/2023 02:00,0.0
09/08/2023 02:30,0.0
09/08/2023 03:00,0.0
09/08/2023 03:30,0.0
09/08/2023 04:00,0.0
09/08/2023 04:30,0.0
09/08/2023 05:00,0.0
09/08/2023 05:30,0.0
09/08/2023 06:00,0.0
09/08/2023 06:30,0.0
09/08/2023 07:00,0.0
09/08/2023 07:30,0.0
09/08/2023 08:00,0.0
09/08/2023 08:30,0.0
09/08/2023 09:00,0.0
09/08/2023 09:30,0.0
09/08/2023 10:00,0.0
09/08/2023 10:30,0.0
09/08/2023 11:00,0.0
09/08/2023 11:30,0.0
09/08/2023 12:00,0.0
09/08/2023 12:30,0.0
09/08/2023 13:00,0.0
09/08/2023 13:30,0.0
09/08/2023 14:00,0.0
09/08/2023 14:30,0.0
09/08/2023 15:00,0.0
09/08/2023 15:30,0.0
09/08/2023 16:00,0.0
09/08/2023 16:30,0.0
09/08/2023 17:00,0.0
09/08/2023 17:30,0.0
09/08/2023 18:00,0.0
09/08/2023 18:30,0.0
09/08/2023 19:00,0.0
09/08/2023 19:30,0.0
09/08/2023 20:00,0.0
09/08/2023 20:30,0.0
09/08/2023 21:00,0.0
09/08/2023 21:30,0.0
09/08/2023 22:00,0.0
09/08/2023 22:30,0.0
09/08/2023 23:00,0.0
09/08/2023 23:30,0.0
09/09/2023 00:00,15.792
09/09/2023 00:30,15.792
09/09/2023 01:00,15.792
09/09/2023 01:30,15.792
09/09/2023 02:00,15.792
09/09/2023 02:30,15.792
09/09/2023 03:00,15.792
09/09/2023 03:30,15.792
09/09/2023 04:00,15.792
09/09/2023 04:30,15.792
09/09/2023 05:00,15.792
09/09/2023 05:30,15.792
09/09/2023 06:00,15.792
09/09/2023 06:30,15.792
09/09/2023 07:00,15.792
09/09/2023 07:30,15.792
09/09/2023 08:00,15.792
09/09/2023 08:30,15.792
09/09/2023 09:00,15.792
09/09/2023 09:30,15.792
09/09/2023 10:00,15.792
09/09/2023 10:30,15.792
09/09/2023 11:00,15.792
09/09/2023 11:30,15.792
09/09/2023 12:00,15.792
09/09/2023 12:30,15.792
09/09/2023 13:00,15.792
09/09/2023 13:30,15.792
09/09/2023 14:00,15.792
09/09/2023 14:30,15.792
09/09/2023 15:00,15.792
09/09/2023 15:30,15.792
09/09/2023 16:00,15.792
09/09/2023 16:30,15.792
09/09/2023 17:00,15.792
09/09/2023 17:30,15.792
09/09/2023 18:00,15.792
09/09/2023 18:30,15.792
09/09/2023 19:00,15.792
09/09/2023 19:30,15.792
09/09/2023 20:00,15.792
09/09/2023 20:30,15.792
09/09/2023 21:00,15.792
09/09/2023 21:30,15.792
09/09/2023 22:00,15.792
09/09/2023 22:30,15.792
09/09/2023 23:00,15.792
09/09/2023 23:30,15.792
09/10/2023 00:00,14.476
09/10/2023 00:30,14.476
09/10/2023 01:00,14.476
09/10/2023 01:30,14.476
09/10/2023 02:00,14.476
09/10/2023 02:30,14.476
09/10/2023 03:00,14.476
09/10/2023 03:30,14.476
09/10/2023 04:00,14.476
09/10/2023 04:30,14.476
09/10/2023 05:00,14.476
09/10/2023 05:30,14.476
09/10/2023 06:00,14.476
09/10/2023 06:30,14.476
09/10/2023 07:00,14.476
09/10/2023 07:30,14.476
09/10/2023 08:00,14.476
09/10/2023 08:30,14.476
09/10/2023 09:00,14.476
09/10/2023 09:30,14.476
09/10/2023 10:00,14.476
09/10/2023 10:30,14.476
09/10/2023 11:00,14.476
09/10/2023 11:30,14.476
09/10/2023 12:00,14.476
09/10/2023 12:30,14.476
09/10/2023 13:00,14.476
09/10/2023 13:30,14.476
09/10/2023 14:00,14.476
09/10/2023 14:30,14.476
09/10/2023 15:00,14.476
09/10/2023 15:30,14.476
09/10/2023 16:00,14.476
09/10/2023 16:30,14.476
09/10/2023 17:00,14.476
09/10/2023 17:30,14.476
09/10/2023 18:00,14.476
09/10/2023 18:30,14.476
09/10/2023 19:00,14.476
09/10/2023 19:30,14.476
09/10/2023 20:00,14.476
09/10/2023 20:30,14.476
09/10/2023 21:00,14.476
09/10/2023 21:30,14.476
09/10/2023 22:00,14.476
09/10/2023 22:30,14.476
09/10/2023 23:00,14.476
09/10/2023 23:30,14.476
09/11/2023 00:00,13.16
09/11/2023 00:30,13.16
09/11/2023 01:00,13.16
09/11/2023 01:30,13.16
09/11/2023 02:00,13.16
09/11/2023 02:30,13.16
09/11/2023 03:00,13.16
09/11/2023 03:30,13.16
09/11/2023 04:00,13.16
09/11/2023 04:30,13.16
09/11/2023 05:00,13.16
09/11/2023 05:30,13.16
09/11/2023 06:00,13.16
09/11/2023 06:30,13.16
09/11/2023 07:00,13.16
09/11/2023 07:30,13.16
09/11/2023 08:00,13.16
09/11/2023 08:30,13.16
09/11/2023 09:00,13.16
09/11/2023 09:30,13.16
09/11/2023 10:00,13.16
09/11/2023 10:30,13.16
09/11/2023 11:00,13.16
09/11/2023 11:30,13.16
09/11/2023 12:00,13.16
09/11/2023 12:30,13.16
09/11/2023 13:00,13.16
09/11/2023 13:30,13.16
09/11/2023 14:00,13.16
09/11/2023 14:30,13.16
09/11/2023 15:00,13.16
09/11/2023 15:30,13.16
09/11/2023 16:00,13.16
09/11/2023 16:30,13.16
09/11/2023 17:00,13.16
09/11/2023 17:30,13.16
09/11/2023 18:00,13.16
09/11/2023 18:30,13.16
09/11/2023 19:00,13.16
09/11/2023 19:30,13.16
09/11/2023 20:00,13.16
09/11/2023 20:30,13.16
09/11/2023 21:00,13.16
09/11/2023 21:30,13.16
09/11/2023 22:00,13.16
09/11/2023 22:30,13.16
09/11/2023 23:00,13.16
09/11/2023 23:30,13.16
09/12/2023 00:00,11.844
09/12/2023 00:30,11.844
09/12/2023 01:00,11.844
09/12/2023 01:30,11.844
09/12/2023 02:00,11.844
09/12/2023 02:30,11.844
09/12/2023 03:00,11.844
09/12/2023 03:30,11.844
09/12/2023 04:00,11.844
09/12/2023 04:30,11.844
09/12/2023 05:00,11.844
09/12/2023 05:30,11.844
09/12/2023 06:00,11.844
09/12/2023 06:30,11.844
09/12/2023 07:00,11.844
09/12/2023 07:30,11.844
09/12/2023 08:00,11.844
09/12/2023 08:30,11.844
09/12/2023 09:00,11.844
09/12/2023 09:30,11.844
09/12/2023 10:00,11.844
09/12/2023 10:30,11.844
09/12/2023 11:00,11.844
09/12/2023 11:30,11.844
09/12/2023 12:00,11.844
09/12/2023 12:30,11.844
09/12/2023 13:00,11.844
09/12/2023 13:30,11.844
09/12/2023 14:00,11.844
09/12/2023 14:30,11.844
09/12/2023 15:00,11.844
09/12/2023 15:30,11.844
09/12/2023 16:00,11.844
09/12/2023 16:30,11.844
09/12/2023 17:00,11.844
09/12/2023 17:30,11.844
09/12/2023 18:00,11.844
09/12/2023 18:30,11.844
09/12/2023 19:00,11.844
09/12/2023 19:30,11.844
09/12/2023 20:00,11.844
09/12/2023 20:30,11.844
09/12/2023 21:00,11.844
09/12/2023 21:30,11.844
09/12/2023 22:00,11.844
09/12/2023 22:30,11.844
09/12/2023 23:00,11.844
09/12/2023 23:30,11.844
09/13/2023 00:00,10.528
09/13/2023 00:30,10.528
09/13/2023 01:00,10.528
09/13/2023 01:30,10.528
09/13/2023 02:00,10.528
09/13/2023 02:30,10.528
09/13/2023 03:00,10.528
09/13/2023 03:30,10.528
09/13/2023 04:00,10.528
09/13/2023 04:30,10.528
09/13/2023 05:00,10.528
09/13/2023 05:30,10.528
09/13/2023 06:00,10.528
09/13/2023 06:30,10.528
09/13/2023 07:00,10.528
09/13/2023 07:30,10.528
09/13/2023 08:00,10.528
09/13/2023 08:30,10.528
09/13/2023 09:00,10.528
09/13/2023 09:30,10.528
09/13/2023 10:00,10.528
09/13/2023 10:30,10.528
09/13/2023 11:00,10.528
09/13/2023 11:30,10.528
09/13/2023 12:00,10.528
09/13/2023 12:30,10.528
09/13/2023 13:00,10.528
09/13/2023 13:30,10.528
09/13/2023 14:00,10.528
09/13/2023 14:30,10.528
09/13/2023 15:00,10.528
09/13/2023 15:30,10.528
09/13/2023 16:00,10.528
09/13/2023 16:30,10.528
09/13/2023 17:00,10.528
09/13/2023 17:30,10.528
09/13/2023 18:00,10.528
09/13/2023 18:30,10.528
09/13/2023 19:00,10.528
09/13/2023 19:30,10.528
09/13/2023 20:00,10.528
09/13/2023 20:30,10.528
09/13/2023 21:00,10.528
09/13/2023 21:30,10.528
09/13/2023 22:00,10.528
09/13/2023 22:30,10.528
09/13/2023 23:00,10.528
09/13/2023 23:30,10.528
09/14/2023 00:00,9.432
09/14/2023 00:30,9.432
09/14/2023 01:00,9.432
09/14/2023 01:30,9.432
09/14/2023 02:00,9.432
09/14/2023 02:30,9.432
09/14/2023 03:00,9.432
09/14/2023 03:30,9.432
09/14/2023 04:00,9.432
09/14/2023 04:30,9.432
09/14/2023 05:00,9.432
09/14/2023 05:30,9.432
09/14/2023 06:00,9.432
09/14/2023 06:30,9.432
09/14/2023 07:00,9.432
09/14/2023 07:30,9.432
09/14/2023 08:00,9.432
09/14/2023 08:30,9.432
09/14/2023 09:00,9.432
09/14/2023 09:30,9.432
09/14/2023 10:00,9.432
09/14/2023 10:30,9.432
09/14/2023 11:00,9.432
09/14/2023 11:30,9.432
09/14/2023 12:00,9.432
09/14/2023 12:30,9.432
09/14/2023 13:00,9.432
09/14/2023 13:30,9.432
09/14/2023 14:00,9.432
09/14/2023 14:30,9.432
09/14/2023 15:00,9.432
09/14/2023 15:30,9.432
09/14/2023 16:00,9.432
09/14/2023 16:30,9.432
09/14/2023 17:00,9.432
09/14/2023 17:30,9.432
09/14/2023 18:00,9.432
09/14/2023 18:30,9.432
09/14/2023 19:00,9.432
09/14/2023 19:30,9.432
09/14/2023 20:00,9.432
09/14/2023 20:30,9.432
09/14/2023 21:00,9.432
09/14/2023 21:30,9.432
09/14/2023 22:00,9.432
09/14/2023 22:30,9.432
09/14/2023 23:00,9.432
09/14/2023 23:30,9.432
09/15/2023 00:00,9.432
09/15/2023 00:30,9.432
09/15/2023 01:00,9.432
09/15/2023 01:30,9.432
09/15/2023 02:00,9.432
09/15/2023 02:30,9.432
09/15/2023 03:00,9.432
09/15/2023 03:30,9.432
09/15/2023 04:00,9.432
09/15/2023 04:30,9.432
09/15/2023 05:00,9.432
09/15/2023 05:30,9.432
09/15/2023 06:00,9.432
09/15/2023 06:30,9.432
09/15/2023 07:00,9.432
09/15/2023 07:30,9.432
09/15/2023 08:00,9.432
09/15/2023 08:30,9.432
09/15/2023 09:00,9.432
09/15/2023 09:30,9.432
09/15/2023 10:00,9.432
09/15/2023 10:30,9.432
09/15/2023 11:00,9.432
09/15/2023 11:30,9.432
09/15/2023 12:00,9.432
09/15/2023 12:30,9.432
09/15/2023 13:00,9.432
09/15/2023 13:30,9.432
09/15/2023 14:00,9.432
09/15/2023 14:30,9.432
09/15/2023 15:00,9.432
09/15/2023 15:30,9.432
09/15/2023 16:00,9.432
09/15/2023 16:30,9.432
09/15/2023 17:00,9.432
09/15/2023 17:30,9.432
09/15/2023 18:00,9.432
09/15/2023 18:30,9.432
09/15/2023 19:00,9.432
09/15/2023 19:30,9.432
09/15/2023 20:00,9.432
09/15/2023 20:30,9.432
09/15/2023 21:00,9.432
09/15/2023 21:30,9.432
09/15/2023 22:00,9.432
09/15/2023 22:30,9.432
09/15/2023 23:00,9.432
09/15/2023 23:30,9.432
09/16/2023 00:00,8.554
09/16/2023 00:30,8.554
09/16/2023 01:00,8.554
09/16/2023 01:30,8.554
09/16/2023 02:00,8.554
09/16/2023 02:30,8.554
09/16/2023 03:00,8.554
09/16/2023 03:30,8.554
09/16/2023 04:00,8.554
09/16/2023 04:30,8.554
09/16/2023 05:00,8.554
09/16/2023 05:30,8.554
09/16/2023 06:00,8.554
09/16/2023 06:30,8.554
09/16/2023 07:00,8.554
09/16/2023 07:30,8.554
09/16/2023 08:00,8.554
09/16/2023 08:30,8.554
09/16/2023 09:00,8.554
09/16/2023 09:30,8.554
09/16/2023 10:00,8.554
09/16/2023 10:30,8.554
09/16/2023 11:00,8.554
09/16/2023 11:30,8.554
09/16/2023 12:00,8.554
09/16/2023 12:30,8.554
09/16/2023 13:00,8.554
09/16/2023 13:30,8.554
09/16/2023 14:00,8.554
09/16/2023 14:30,8.554
09/16/2023 15:00,8.554
09/16/2023 15:30,8.554
09/16/2023 16:00,8.554
09/16/2023 16:30,8.554
09/16/2023 17:00,8.554
09/16/2023 17:30,8.554
09/16/2023 18:00,8.554
09/16/2023 18:30,8.554
09/16/2023 19:00,8.554
09/16/2023 19:30,8.554
09/16/2023 20:00,8.554
09/16/2023 20:30,8.554
09/16/2023 21:00,8.554
09/16/2023 21:30,8.554
09/16/2023 22:00,8.554
09/16/2023 22:30,8.554
09/16/2023 23:00,8.554
09/16/2023 23:30,8.554
09/17/2023 00:00,8.554
09/17/2023 00:30,8.554
09/17/2023 01:00,8.554
09/17/2023 01:30,8.554
09/17/2023 02:00,8.554
09/17/2023 02:30,8.554
09/17/2023 03:00,8.554
09/17/2023 03:30,8.554
09/17/2023 04:00,8.554
09/17/2023 04:30,8.554
09/17/2023 05:00,8.554
09/17/2023 05:30,8.554
09/17/2023 06:00,8.554
09/17/2023 06:30,8.554
09/17/2023 07:00,8.554
09/17/2023 07:30,8.554
09/17/2023 08:00,8.554
09/17/2023 08:30,8.554
09/17/2023 09:00,8.554
09/17/2023 09:30,8.554
09/17/2023 10:00,8.554
09/17/2023 10:30,8.554
09/17/2023 11:00,8.554
09/17/2023 11:30,8.554
09/17/2023 12:00,8.554
09/17/2023 12:30,8.554
09/17/2023 13:00,8.554
09/17/2023 13:30,8.554
09/17/2023 14:00,8.554
09/17/2023 14:30,8.554
09/17/2023 15:00,8.554
09/17/2023 15:30,8.554
09/17/2023 16:00,8.554
09/17/2023 16:30,8.554
09/17/2023 17:00,8.554
09/17/2023 17:30,8.554
09/17/2023 18:00,8.554
09/17/2023 18:30,8.554
09/17/2023 19:00,8.554
09/17/2023 19:30,8.554
09/17/2023 20:00,8.554
09/17/2023 20:30,8.554
09/17/2023 21:00,8.554
09/17/2023 21:30,8.554
09/17/2023 22:00,8.554
09/17/2023 22:30,8.554
09/17/2023 23:00,8.554
09/17/2023 23:30,8.554
09/18/2023 00:00,0.0
09/18/2023 00:30,0.0
09/18/2023 01:00,0.0
09/18/2023 01:30,0.0
09/18/2023 02:00,0.0
09/18/2023 02:30,0.0
09/18/2023 03:00,0.0
09/18/2023 03:30,0.0
09/18/2023 04:00,0.0
09/18/2023 04:30,0.0
09/18/2023 05:00,0.0
09/18/2023 05:30,0.0
09/18/2023 06:00,0.0
09/18/2023 06:30,0.0
09/18/2023 07:00,0.0
09/18/2023 07:30,0.0
09/18/2023 08:00,0.0
09/18/2023 08:30,0.0
09/18/2023 09:00,0.0
09/18/2023 09:30,0.0
09/18/2023 10:00,0.0
09/18/2023 10:30,0.0
09/18/2023 11:00,0.0
09/18/2023 11:30,0.0
09/18/2023 12:00,0.0
09/18/2023 12:30,0.0
09/18/2023 13:00,0.0
09/18/2023 13:30,0.0
09/18/2023 14:00,0.0
09/18/2023 14:30,0.0
09/18/2023 15:00,0.0
09/18/2023 15:30,0.0
09/18/2023 16:00,0.0
09/18/2023 16:30,0.0
09/18/2023 17:00,0.0
09/18/2023 17:30,0.0
09/18/2023 18:00,0.0
09/18/2023 18:30,0.0
09/18/2023 19:00,0.0
09/18/2023 19:30,0.0
09/18/2023 20:00,0.0
09/18/2023 20:30,0.0
09/18/2023 21:00,0.0
09/18/2023 21:30,0.0
09/18/2023 22:00,0.0
09/18/2023 22:30,0.0
09/18/2023 23:00,0.0
09/18/2023 23:30,0.0
09/19/2023 00:00,0.0
09/19/2023 00:30,0.0
09/19/2023 01:00,0.0
09/19/2023 01:30,0.0
09/19/2023 02:00,0.0
09/19/2023 02:30,0.0
09/19/2023 03:00,0.0
09/19/2023 03:30,0.0
09/19/2023 04:00,0.0
09/19/2023 04:30,0.0
09/19/2023 05:00,0.0
09/19/2023 05:30,0.0
09/19/2023 06:00,0.0
09/19/2023 06:30,0.0
09/19/2023 07:00,0.0
09/19/2023 07:30,0.0
09/19/2023 08:00,0.0
09/19/2023 08:30,0.0
09/19/2023 09:00,0.0
09/19/2023 09:30,0.0
09/19/2023 10:00,0.0
09/19/2023 10:30,0.0
09/19/2023 11:00,0.0
09/19/2023 11:30,0.0
09/19/2023 12:00,0.0
09/19/2023 12:30,0.0
09/19/2023 13:00,0.0
09/19/2023 13:30,0.0
09/19/2023 14:00,0.0
09/19/2023 14:30,0.0
09/19/2023 15:00,0.0
09/19/2023 15:30,0.0
09/19/2023 16:00,0.0
09/19/2023 16:30,0.0
09/19/2023 17:00,0.0
09/19/2023 17:30,0.0
09/19/2023 18:00,0.0
09/19/2023 18:30,0.0
09/19/2023 19:00,0.0
09/19/2023 19:30,0.0
09/19/2023 20:00,0.0
09/19/2023 20:30,0.0
09/19/2023 21:00,0.0
09/19/2023 21:30,0.0
09/19/2023 22:00,0.0
09/19/2023 22:30,0.0
09/19/2023 23:00,0.0
09/19/2023 23:30,0.0
09/20/2023 00:00,0.0
09/20/2023 00:30,0.0
09/20/2023 01:00,0.0
09/20/2023 01:30,0.0
09/20/2023 02:00,0.0
09/20/2023 02:30,0.0
09/20/2023 03:00,0.0
09/20/2023 03:30,0.0
09/20/2023 04:00,0.0
09/20/2023 04:30,0.0
09/20/2023 05:00,0.0
09/20/2023 05:30,0.0
09/20/2023 06:00,0.0
09/20/2023 06:30,0.0
09/20/2023 07:00,0.0
09/20/2023 07:30,0.0
09/20/2023 08:00,0.0
09/20/2023 08:30,0.0
09/20/2023 09:00,0.0
09/20/2023 09:30,0.0
09/20/2023 10:00,0.0
09/20/2023 10:30,0.0
09/20/2023 11:00,0.0
09/20/2023 11:30,0.0
09/20/2023 12:00,0.0
09/20/2023 12:30,0.0
09/20/2023 13:00,0.0
09/20/2023 13:30,0.0
09/20/2023 14:00,0.0
09/20/2023 14:30,0.0
09/20/2023 15:00,0.0
09/20/2023 15:30,0.0
09/20/2023 16:00,0.0
09/20/2023 16:30,0.0
09/20/2023 17:00,0.0
09/20/2023 17:30,0.0
09/20/2023 18:00,0.0
09/20/2023 18:30,0.0
09/20/2023 19:00,0.0
09/20/2023 19:30,0.0
09/20/2023 20:00,0.0
09/20/2023 20:30,0.0
09/20/2023 21:00,0.0
09/20/2023 21:30,0.0
09/20/2023 22:00,0.0
09/20/2023 22:30,0.0
09/20/2023 23:00,0.0
09/20/2023 23:30,0.0
09/21/2023 00:00,0.0
09/21/2023 00:30,0.0
09/21/2023 01:00,0.0
09/21/2023 01:30,0.0
09/21/2023 02:00,0.0
09/21/2023 02:30,0.0
09/21/2023 03:00,0.0
09/21/2023 03:30,0.0
09/21/2023 04:00,0.0
09/21/2023 04:30,0.0
09/21/2023 05:00,0.0
09/21/2023 05:30,0.0
09/21/2023 06:00,0.0
09/21/2023 06:30,0.0
09/21/2023 07:00,0.0
09/21/2023 07:30,0.0
09/21/2023 08:00,0.0
09/21/2023 08:30,0.0
09/21/2023 09:00,0.0
09/21/2023 09:30,0.0
09/21/2023 10:00,0.0
09/21/2023 10:30,0.0
09/21/2023 11:00,0.0
09/21/2023 11:30,0.0
09/21/2023 12:00,0.0
09/21/2023 12:30,0.0
09/21/2023 13:00,0.0
09/21/2023 13:30,0.0
09/21/2023 14:00,0.0
09/21/2023 14:30,0.0
09/21/2023 15:00,0.0
09/21/2023 15:30,0.0
09/21/2023 16:00,0.0
09/21/2023 16:30,0.0
09/21/2023 17:00,0.0
09/21/2023 17:30,0.0
09/21/2023 18:00,0.0
09/21/2023 18:30,0.0
09/21/2023 19:00,0.0
09/21/2023 19:30,0.0
09/21/2023 20:00,0.0
09/21/2023 20:30,0.0
09/21/2023 21:00,0.0
09/21/2023 21:30,0.0
09/21/2023 22:00,0.0
09/21/2023 22:30,0.0
09/21/2023 23:00,0.0
09/21/2023 23:30,0.0
09/22/2023 00:00,6.58
09/22/2023 00:30,6.58
09/22/2023 01:00,6.58
09/22/2023 01:30,6.58
09/22/2023 02:00,6.58
09/22/2023 02:30,6.58
09/22/2023 03:00,6.58
09/22/2023 03:30,6.58
09/22/2023 04:00,6.58
09/22/2023 04:30,6.58
09/22/2023 05:00,6.58
09/22/2023 05:30,6.58
09/22/2023 06:00,6.58
09/22/2023 06:30,6.58
09/22/2023 07:00,6.58
09/22/2023 07:30,6.58
09/22/2023 08:00,6.58
09/22/2023 08:30,6.58
09/22/2023 09:00,6.58
09/22/2023 09:30,6.58
09/22/2023 10:00,6.58
09/22/2023 10:30,6.58
09/22/2023 11:00,6.58
09/22/2023 11:30,6.58
09/22/2023 12:00,6.58
09/22/2023 12:30,6.58
09/22/2023 13:00,6.58
09/22/2023 13:30,6.58
09/22/2023 14:00,6.58
09/22/2023 14:30,6.58
09/22/2023 15:00,6.58
09/22/2023 15:30,6.58
09/22/2023 16:00,6.58
09/22/2023 16:30,6.58
09/22/2023 17:00,6.58
09/22/2023 17:30,6.58
09/22/2023 18:00,6.58
09/22/2023 18:30,6.58
09/22/2023 19:00,6.58
09/22/2023 19:30,6.58
09/22/2023 20:00,6.58
09/22/2023 20:30,6.58
09/22/2023 21:00,6.58
09/22/2023 21:30,6.58
09/22/2023 22:00,6.58
09/22/2023 22:30,6.58
09/22/2023 23:00,6.58
09/22/2023 23:30,6.58
09/23/2023 00:00,1.316
09/23/2023 00:30,1.316
09/23/2023 01:00,1.316
09/23/2023 01:30,1.316
09/23/2023 02:00,1.316
09/23/2023 02:30,1.316
09/23/2023 03:00,1.316
09/23/2023 03:30,1.316
09/23/2023 04:00,1.316
09/23/2023 04:30,1.316
09/23/2023 05:00,1.316
09/23/2023 05:30,1.316
09/23/2023 06:00,1.316
09/23/2023 06:30,1.316
09/23/2023 07:00,1.316
09/23/2023 07:30,1.316
09/23/2023 08:00,1.316
09/23/2023 08:30,1.316
09/23/2023 09:00,1.316
09/23/2023 09:30,1.316
09/23/2023 10:00,1.316
09/23/2023 10:30,1.316
09/23/2023 11:00,1.316
09/23/2023 11:30,1.316
09/23/2023 12:00,1.316
09/23/2023 12:30,1.316
09/23/2023 13:00,1.316
09/23/2023 13:30,1.316
09/23/2023 14:00,1.316
09/23/2023 14:30,1.316
09/23/2023 15:00,1.316
09/23/2023 15:30,1.316
09/23/2023 16:00,1.316
09/23/2023 16:30,1.316
09/23/2023 17:00,1.316
09/23/2023 17:30,1.316
09/23/2023 18:00,1.316
09/23/2023 18:30,1.316
09/23/2023 19:00,1.316
09/23/2023 19:30,1.316
09/23/2023 20:00,1.316
09/23/2023 20:30,1.316
09/23/2023 21:00,1.316
09/23/2023 21:30,1.316
09/23/2023 22:00,1.316
09/23/2023 22:30,1.316
09/23/2023 23:00,1.316
09/23/2023 23:30,1.316
09/24/2023 00:00,1.316
09/24/2023 00:30,1.316
09/24/2023 01:00,1.316
09/24/2023 01:30,1.316
09/24/2023 02:00,1.316
09/24/2023 02:30,1.316
09/24/2023 03:00,1.316
09/24/2023 03:30,1.316
09/24/2023 04:00,1.316
09/24/2023 04:30,1.316
09/24/2023 05:00,1.316
09/24/2023 05:30,1.316
09/24/2023 06:00,1.316
09/24/2023 06:30,1.316
09/24/2023 07:00,1.316
09/24/2023 07:30,1.316
09/24/2023 08:00,1.316
09/24/2023 08:30,1.316
09/24/2023 09:00,1.316
09/24/2023 09:30,1.316
09/24/2023 10:00,1.316
09/24/2023 10:30,1.316
09/24/2023 11:00,1.316
09/24/2023 11:30,1.316
09/24/2023 12:00,1.316
09/24/2023 12:30,1.316
09/24/2023 13:00,1.316
09/24/2023 13:30,1.316
09/24/2023 14:00,1.316
09/24/2023 14:30,1.316
09/24/2023 15:00,1.316
09/24/2023 15:30,1.316
09/24/2023 16:00,1.316
09/24/2023 16:30,1.316
09/24/2023 17:00,1.316
09/24/2023 17:30,1.316
09/24/2023 18:00,1.316
09/24/2023 18:30,1.316
09/24/2023 19:00,1.316
09/24/2023 19:30,1.316
09/24/2023 20:00,1.316
09/24/2023 20:30,1.316
09/24/2023 21:00,1.316
09/24/2023 21:30,1.316
09/24/2023 22:00,1.316
09/24/2023 22:30,1.316
09/24/2023 23:00,1.316
09/24/2023 23:30,1.316
09/25/2023 00:00,1.316
09/25/2023 00:30,1.316
09/25/2023 01:00,1.316
09/25/2023 01:30,1.316
09/25/2023 02:00,1.316
09/25/2023 02:30,1.316
09/25/2023 03:00,1.316
09/25/2023 03:30,1.316
09/25/2023 04:00,1.316
09/25/2023 04:30,1.316
09/25/2023 05:00,1.316
09/25/2023 05:30,1.316
09/25/2023 06:00,1.316
09/25/2023 06:30,1.316
09/25/2023 07:00,1.316
09/25/2023 07:30,1.316
09/25/2023 08:00,1.316
09/25/2023 08:30,1.316
09/25/2023 09:00,1.316
09/25/2023 09:30,1.316
09/25/2023 10:00,1.316
09/25/2023 10:30,1.316
09/25/2023 11:00,1.316
09/25/2023 11:30,1.316
09/25/2023 12:00,1.316
09/25/2023 12:30,1.316
09/25/2023 13:00,1.316
09/25/2023 13:30,1.316
09/25/2023 14:00,1.316
09/25/2023 14:30,1.316
09/25/2023 15:00,1.316
09/25/2023 15:30,1.316
09/25/2023 16:00,1.316
09/25/2023 16:30,1.316
09/25/2023 17:00,1.316
09/25/2023 17:30,1.316
09/25/2023 18:00,1.316
09/25/2023 18:30,1.316
09/25/2023 19:00,1.316
09/25/2023 19:30,1.316
09/25/2023 20:00,1.316
09/25/2023 20:30,1.316
09/25/2023 21:00,1.316
09/25/2023 21:30,1.316
09/25/2023 22:00,1.316
09/25/2023 22:30,1.316
09/25/2023 23:00,1.316
09/25/2023 23:30,1.316
09/26/2023 00:00,1.316
09/26/2023 00:30,1.316
09/26/2023 01:00,1.316
09/26/2023 01:30,1.316
09/26/2023 02:00,1.316
09/26/2023 02:30,1.316
09/26/2023 03:00,1.316
09/26/2023 03:30,1.316
09/26/2023 04:00,1.316
09/26/2023 04:30,1.316
09/26/2023 05:00,1.316
09/26/2023 05:30,1.316
09/26/2023 06:00,1.316
09/26/2023 06:30,1.316
09/26/2023 07:00,1.316
09/26/2023 07:30,1.316
09/26/2023 08:00,1.316
09/26/2023 08:30,1.316
09/26/2023 09:00,1.316
09/26/2023 09:30,1.316
09/26/2023 10:00,1.316
09/26/2023 10:30,1.316
09/26/2023 11:00,1.316
09/26/2023 11:30,1.316
09/26/2023 12:00,1.316
09/26/2023 12:30,1.316
09/26/2023 13:00,1.316
09/26/2023 13:30,1.316
09/26/2023 14:00,1.316
09/26/2023 14:30,1.316
09/26/2023 15:00,1.316
09/26/2023 15:30,1.316
09/26/2023 16:00,1.316
09/26/2023 16:30,1.316
09/26/2023 17:00,1.316
09/26/2023 17:30,1.316
09/26/2023 18:00,1.316
09/26/2023 18:30,1.316
09/26/2023 19:00,1.316
09/26/2023 19:30,1.316
09/26/2023 20:00,1.316
09/26/2023 20:30,1.316
09/26/2023 21:00,1.316
09/26/2023 21:30,1.316
09/26/2023 22:00,1.316
09/26/2023 22:30,1.316
09/26/2023 23:00,1.316
09/26/2023 23:30,1.316
09/27/2023 00:00,0.658
09/27/2023 00:30,0.658
09/27/2023 01:00,0.658
09/27/2023 01:30,0.658
09/27/2023 02:00,0.658
09/27/2023 02:30,0.658
09/27/2023 03:00,0.658
09/27/2023 03:30,0.658
09/27/2023 04:00,0.658
09/27/2023 04:30,0.658
09/27/2023 05:00,0.658
09/27/2023 05:30,0.658
09/27/2023 06:00,0.658
09/27/2023 06:30,0.658
09/27/2023 07:00,0.658
09/27/2023 07:30,0.658
09/27/2023 08:00,0.658
09/27/2023 08:30,0.658
09/27/2023 09:00,0.658
09/27/2023 09:30,0.658
09/27/2023 10:00,0.658
09/27/2023 10:30,0.658
09/27/2023 11:00,0.658
09/27/2023 11:30,0.658
09/27/2023 12:00,0.658
09/27/2023 12:30,0.658
09/27/2023 13:00,0.658
09/27/2023 13:30,0.658
09/27/2023 14:00,0.658
09/27/2023 14:30,0.658
09/27/2023 15:00,0.658
09/27/2023 15:30,0.658
09/27/2023 16:00,0.658
09/27/2023 16:30,0.658
09/27/2023 17:00,0.658
09/27/2023 17:30,0.658
09/27/2023 18:00,0.658
09/27/2023 18:30,0.658
09/27/2023 19:00,0.658
09/27/2023 19:30,0.658
09/27/2023 20:00,0.658
09/27/2023 20:30,0.658
09/27/2023 21:00,0.658
09/27/2023 21:30,0.658
09/27/2023 22:00,0.658
09/27/2023 22:30,0.658
09/27/2023 23:00,0.658
09/27/2023 23:30,0.658
09/28/2023 00:00,0.658
09/28/2023 00:30,0.658
09/28/2023 01:00,0.658
09/28/2023 01:30,0.658
09/28/2023 02:00,0.658
09/28/2023 02:30,0.658
09/28/2023 03:00,0.658
09/28/2023 03:30,0.658
09/28/2023 04:00,0.658
09/28/2023 04:30,0.658
09/28/2023 05:00,0.658
09/28/2023 05:30,0.658
09/28/2023 06:00,0.658
09/28/2023 06:30,0.658
09/28/2023 07:00,0.658
09/28/2023 07:30,0.658
09/28/2023 08:00,0.658
09/28/2023 08:30,0.658
09/28/2023 09:00,0.658
09/28/2023 09:30,0.658
09/28/2023 10:00,0.658
09/28/2023 10:30,0.658
09/28/2023 11:00,0.658
09/28/2023 11:30,0.658
09/28/2023 12:00,0.658
09/28/2023 12:30,0.658
09/28/2023 13:00,0.658
09/28/2023 13:30,0.658
09/28/2023 14:00,0.658
09/28/2023 14:30,0.658
09/28/2023 15:00,0.658
09/28/2023 15:30,0.658
09/28/2023 16:00,0.658
09/28/2023 16:30,0.658
09/28/2023 17:00,0.658
09/28/2023 17:30,0.658
09/28/2023 18:00,0.658
09/28/2023 18:30,0.658
09/28/2023 19:00,0.658
09/28/2023 19:30,0.658
09/28/2023 20:00,0.658
09/28/2023 20:30,0.658
09/28/2023 21:00,0.658
09/28/2023 21:30,0.658
09/28/2023 22:00,0.658
09/28/2023 22:30,0.658
09/28/2023 23:00,0.658
09/28/2023 23:30,0.658
09/29/2023 00:00,0.0
09/29/2023 00:30,0.0
09/29/2023 01:00,0.0
09/29/2023 01:30,0.0
09/29/2023 02:00,0.0
09/29/2023 02:30,0.0
09/29/2023 03:00,0.0
09/29/2023 03:30,0.0
09/29/2023 04:00,0.0
09/29/2023 04:30,0.0
09/29/2023 05:00,0.0
09/29/2023 05:30,0.0
09/29/2023 06:00,0.0
09/29/2023 06:30,0.0
09/29/2023 07:00,0.0
09/29/2023 07:30,0.0
09/29/2023 08:00,0.0
09/29/2023 08:30,0.0
09/29/2023 09:00,0.0
09/29/2023 09:30,0.0
09/29/2023 10:00,0.0
09/29/2023 10:30,0.0
09/29/2023 11:00,0.0
09/29/2023 11:30,0.0
09/29/2023 12:00,0.0
09/29/2023 12:30,0.0
09/29/2023 13:00,0.0
09/29/2023 13:30,0.0
09/29/2023 14:00,0.0
09/29/2023 14:30,0.0
09/29/2023 15:00,0.0
09/29/2023 15:30,0.0
09/29/2023 16:00,0.0
09/29/2023 16:30,0.0
09/29/2023 17:00,0.0
09/29/2023 17:30,0.0
09/29/2023 18:00,0.0
09/29/2023 18:30,0.0
09/29/2023 19:00,0.0
09/29/2023 19:30,0.0
09/29/2023 20:00,0.0
09/29/2023 20:30,0.0
09/29/2023 21:00,0.0
09/29/2023 21:30,0.0
09/29/2023 22:00,0.0
09/29/2023 22:30,0.0
09/29/2023 23:00,0.0
09/29/2023 23:30,0.0
09/30/2023 00:00,3.29
09/30/2023 00:30,3.29
09/30/2023 01:00,3.29
09/30/2023 01:30,3.29
09/30/2023 02:00,3.29
09/30/2023 02:30,3.29
09/30/2023 03:00,3.29
09/30/2023 03:30,3.29
09/30/2023 04:00,3.29
09/30/2023 04:30,3.29
09/30/2023 05:00,3.29
09/30/2023 05:30,3.29
09/30/2023 06:00,3.29
09/30/2023 06:30,3.29
09/30/2023 07:00,3.29
09/30/2023 07:30,3.29
09/30/2023 08:00,3.29
09/30/2023 08:30,3.29
09/30/2023 09:00,3.29
09/30/2023 09:30,3.29
09/30/2023 10:00,3.29
09/30/2023 10:30,3.29
09/30/2023 11:00,3.29
09/30/2023 11:30,3.29
09/30/2023 12:00,3.29
09/30/2023 12:30,3.29
09/30/2023 13:00,3.29
09/30/2023 13:30,3.29
09/30/2023 14:00,3.29
09/30/2023 14:30,3.29
09/30/2023 15:00,3.29
09/30/2023 15:30,3.29
09/30/2023 16:00,3.29
09/30/2023 16:30,3.29
09/30/2023 17:00,3.29
09/30/2023 17:30,3.29
09/30/2023 18:00,3.29
09/30/2023 18:30,3.29
09/30/2023 19:00,3.29
09/30/2023 19:30,3.29
09/30/2023 20:00,3.29
09/30/2023 20:30,3.29
09/30/2023 21:00,3.29
09/30/2023 21:30,3.29
09/30/2023 22:00,3.29
09/30/2023 22:30,3.29
09/30/2023 23:00,3.29
09/30/2023 23:30,3.29
10/01/2023 00:00,3.29
10/01/2023 00:30,3.29
10/01/2023 01:00,3.29
10/01/2023 01:30,3.29
10/01/2023 02:00,3.29
10/01/2023 02:30,3.29
10/01/2023 03:00,3.29
10/01/2023 03:30,3.29
10/01/2023 04:00,3.29
10/01/2023 04:30,3.29
10/01/2023 05:00,3.29
10/01/2023 05:30,3.29
10/01/2023 06:00,3.29
10/01/2023 06:30,3.29
10/01/2023 07:00,3.29
10/01/2023 07:30,3.29
10/01/2023 08:00,3.29
10/01/2023 08:30,3.29
10/01/2023 09:00,3.29
10/01/2023 09:30,3.29
10/01/2023 10:00,3.29
10/01/2023 10:30,3.29
10/01/2023 11:00,3.29
10/01/2023 11:30,3.29
10/01/2023 12:00,3.29
10/01/2023 12:30,3.29
10/01/2023 13:00,3.29
10/01/2023 13:30,3.29
10/01/2023 14:00,3.29
10/01/2023 14:30,3.29
10/01/2023 15:00,3.29
10/01/2023 15:30,3.29
10/01/2023 16:00,3.29
10/01/2023 16:30,3.29
10/01/2023 17:00,3.29
10/01/2023 17:30,3.29
10/01/2023 18:00,3.29
10/01/2023 18:30,3.29
10/01/2023 19:00,3.29
10/01/2023 19:30,3.29
10/01/2023 20:00,3.29
10/01/2023 20:30,3.29
10/01/2023 21:00,3.29
10/01/2023 21:30,3.29
10/01/2023 22:00,3.29
10/01/2023 22:30,3.29
10/01/2023 23:00,3.29
10/01/2023 23:30,3.29
10/02/2023 00:00,13.16
10/02/2023 00:30,13.16
10/02/2023 01:00,13.16
10/02/2023 01:30,13.16
10/02/2023 02:00,13.16
10/02/2023 02:30,13.16
10/02/2023 03:00,13.16
10/02/2023 03:30,13.16
10/02/2023 04:00,13.16
10/02/2023 04:30,13.16
10/02/2023 05:00,13.16
10/02/2023 05:30,13.16
10/02/2023 06:00,13.16
10/02/2023 06:30,13.16
10/02/2023 07:00,13.16
10/02/2023 07:30,13.16
10/02/2023 08:00,13.16
10/02/2023 08:30,13.16
10/02/2023 09:00,13.16
10/02/2023 09:30,13.16
10/02/2023 10:00,13.16
10/02/2023 10:30,13.16
10/02/2023 11:00,13.16
10/02/2023 11:30,13.16
10/02/2023 12:00,13.16
10/02/2023 12:30,13.16
10/02/2023 13:00,13.16
10/02/2023 13:30,13.16
10/02/2023 14:00,13.16
10/02/2023 14:30,13.16
10/02/2023 15:00,13.16
10/02/2023 15:30,13.16
10/02/2023 16:00,13.16
10/02/2023 16:30,13.16
10/02/2023 17:00,13.16
10/02/2023 17:30,13.16
10/02/2023 18:00,13.16
10/02/2023 18:30,13.16
10/02/2023 19:00,13.16
10/02/2023 19:30,13.16
10/02/2023 20:00,13.16
10/02/2023 20:30,13.16
10/02/2023 21:00,13.16
10/02/2023 21:30,13.16
10/02/2023 22:00,13.16
10/02/2023 22:30,13.16
10/02/2023 23:00,13.16
10/02/2023 23:30,13.16
10/03/2023 00:00,16.45
10/03/2023 00:30,16.45
10/03/2023 01:00,16.45
10/03/2023 01:30,16.45
10/03/2023 02:00,16.45
10/03/2023 02:30,16.45
10/03/2023 03:00,16.45
10/03/2023 03:30,16.45
10/03/2023 04:00,16.45
10/03/2023 04:30,16.45
10/03/2023 05:00,16.45
10/03/2023 05:30,16.45
10/03/2023 06:00,16.45
10/03/2023 06:30,16.45
10/03/2023 07:00,16.45
10/03/2023 07:30,16.45
10/03/2023 08:00,16.45
10/03/2023 08:30,16.45
10/03/2023 09:00,16.45
10/03/2023 09:30,16.45
10/03/2023 10:00,16.45
10/03/2023 10:30,16.45
10/03/2023 11:00,16.45
10/03/2023 11:30,16.45
10/03/2023 12:00,16.45
10/03/2023 12:30,16.45
10/03/2023 13:00,16.45
10/03/2023 13:30,16.45
10/03/2023 14:00,16.45
10/03/2023 14:30,16.45
10/03/2023 15:00,16.45
10/03/2023 15:30,16.45
10/03/2023 16:00,16.45
10/03/2023 16:30,16.45
10/03/2023 17:00,16.45
10/03/2023 17:30,16.45
10/03/2023 18:00,16.45
10/03/2023 18:30,16.45
10/03/2023 19:00,16.45
10/03/2023 19:30,16.45
10/03/2023 20:00,16.45
10/03/2023 20:30,16.45
10/03/2023 21:00,16.45
10/03/2023 21:30,16.45
10/03/2023 22:00,16.45
10/03/2023 22:30,16.45
10/03/2023 23:00,16.45
10/03/2023 23:30,16.45
10/04/2023 00:00,17.108
10/04/2023 00:30,17.108
10/04/2023 01:00,17.108
10/04/2023 01:30,17.108
10/04/2023 02:00,17.108
10/04/2023 02:30,17.108
10/04/2023 03:00,17.108
10/04/2023 03:30,17.108
10/04/2023 04:00,17.108
10/04/2023 04:30,17.108
10/04/2023 05:00,17.108
10/04/2023 05:30,17.108
10/04/2023 06:00,17.108
10/04/2023 06:30,17.108
10/04/2023 07:00,17.108
10/04/2023 07:30,17.108
10/04/2023 08:00,17.108
10/04/2023 08:30,17.108
10/04/2023 09:00,17.108
10/04/2023 09:30,17.108
10/04/2023 10:00,17.108
10/04/2023 10:30,17.108
10/04/2023 11:00,17.108
10/04/2023 11:30,17.108
10/04/2023 12:00,17.108
10/04/2023 12:30,17.108
10/04/2023 13:00,17.108
10/04/2023 13:30,17.108
10/04/2023 14:00,17.108
10/04/2023 14:30,17.108
10/04/2023 15:00,17.108
10/04/2023 15:30,17.108
10/04/2023 16:00,17.108
10/04/2023 16:30,17.108
10/04/2023 17:00,17.108
10/04/2023 17:30,17.108
10/04/2023 18:00,17.108
10/04/2023 18:30,17.108
10/04/2023 19:00,17.108
10/04/2023 19:30,17.108
10/04/2023 20:00,17.108
10/04/2023 20:30,17.108
10/04/2023 21:00,17.108
10/04/2023 21:30,17.108
10/04/2023 22:00,17.108
10/04/2023 22:30,17.108
10/04/2023 23:00,17.108
10/04/2023 23:30,17.108
10/05/2023 00:00,17.108
10/05/2023 00:30,17.108
10/05/2023 01:00,17.108
10/05/2023 01:30,17.108
10/05/2023 02:00,17.108
10/05/2023 02:30,17.108
10/05/2023 03:00,17.108
10/05/2023 03:30,17.108
10/05/2023 04:00,17.108
10/05/2023 04:30,17.108
10/05/2023 05:00,17.108
10/05/2023 05:30,17.108
10/05/2023 06:00,17.108
10/05/2023 06:30,17.108
10/05/2023 07:00,17.108
10/05/2023 07:30,17.108
10/05/2023 08:00,17.108
10/05/2023 08:30,17.108
10/05/2023 09:00,17.108
10/05/2023 09:30,17.108
10/05/2023 10:00,17.108
10/05/2023 10:30,17.108
10/05/2023 11:00,17.108
10/05/2023 11:30,17.108
10/05/2023 12:00,17.108
10/05/2023 12:30,17.108
10/05/2023 13:00,17.108
10/05/2023 13:30,17.108
10/05/2023 14:00,17.108
10/05/2023 14:30,17.108
10/05/2023 15:00,17.108
10/05/2023 15:30,17.108
10/05/2023 16:00,17.108
10/05/2023 16:30,17.108
10/05/2023 17:00,17.108
10/05/2023 17:30,17.108
10/05/2023 18:00,17.108
10/05/2023 18:30,17.108
10/05/2023 19:00,17.108
10/05/2023 19:30,17.108
10/05/2023 20:00,17.108
10/05/2023 20:30,17.108
10/05/2023 21:00,17.108
10/05/2023 21:30,17.108
10/05/2023 22:00,17.108
10/05/2023 22:30,17.108
10/05/2023 23:00,17.108
10/05/2023 23:30,17.108
10/06/2023 00:00,17.766
10/06/2023 00:30,17.766
10/06/2023 01:00,17.766
10/06/2023 01:30,17.766
10/06/2023 02:00,17.766
10/06/2023 02:30,17.766
10/06/2023 03:00,17.766
10/06/2023 03:30,17.766
10/06/2023 04:00,17.766
10/06/2023 04:30,17.766
10/06/2023 05:00,17.766
10/06/2023 05:30,17.766
10/06/2023 06:00,17.766
10/06/2023 06:30,17.766
10/06/2023 07:00,17.766
10/06/2023 07:30,17.766
10/06/2023 08:00,17.766
10/06/2023 08:30,17.766
10/06/2023 09:00,17.766
10/06/2023 09:30,17.766
10/06/2023 10:00,17.766
10/06/2023 10:30,17.766
10/06/2023 11:00,17.766
10/06/2023 11:30,17.766
10/06/2023 12:00,17.766
10/06/2023 12:30,17.766
10/06/2023 13:00,17.766
10/06/2023 13:30,17.766
10/06/2023 14:00,17.766
10/06/2023 14:30,17.766
10/06/2023 15:00,17.766
10/06/2023 15:30,17.766
10/06/2023 16:00,17.766
10/06/2023 16:30,17.766
10/06/2023 17:00,17.766
10/06/2023 17:30,17.766
10/06/2023 18:00,17.766
10/06/2023 18:30,17.766
10/06/2023 19:00,17.766
10/06/2023 19:30,17.766
10/06/2023 20:00,17.766
10/06/2023 20:30,17.766
10/06/2023 21:00,17.766
10/06/2023 21:30,17.766
10/06/2023 22:00,17.766
10/06/2023 22:30,17.766
10/06/2023 23:00,17.766
10/06/2023 23:30,17.766
10/07/2023 00:00,31.584
10/07/2023 00:30,31.584
10/07/2023 01:00,31.584
10/07/2023 01:30,31.584
10/07/2023 02:00,31.584
10/07/2023 02:30,31.584
10/07/2023 03:00,31.584
10/07/2023 03:30,31.584
10/07/2023 04:00,31.584
10/07/2023 04:30,31.584
10/07/2023 05:00,31.584
10/07/2023 05:30,31.584
10/07/2023 06:00,31.584
10/07/2023 06:30,31.584
10/07/2023 07:00,31.584
10/07/2023 07:30,31.584
10/07/2023 08:00,31.584
10/07/2023 08:30,31.584
10/07/2023 09:00,31.584
10/07/2023 09:30,31.584
10/07/2023 10:00,31.584
10/07/2023 10:30,31.584
10/07/2023 11:00,31.584
10/07/2023 11:30,31.584
10/07/2023 12:00,31.584
10/07/2023 12:30,31.584
10/07/2023 13:00,31.584
10/07/2023 13:30,31.584
10/07/2023 14:00,31.584
10/07/2023 14:30,31.584
10/07/2023 15:00,31.584
10/07/2023 15:30,31.584
10/07/2023 16:00,31.584
10/07/2023 16:30,31.584
10/07/2023 17:00,31.584
10/07/2023 17:30,31.584
10/07/2023 18:00,31.584
10/07/2023 18:30,31.584
10/07/2023 19:00,31.584
10/07/2023 19:30,31.584
10/07/2023 20:00,31.584
10/07/2023 20:30,31.584
10/07/2023 21:00,31.584
10/07/2023 21:30,31.584
10/07/2023 22:00,31.584
10/07/2023 22:30,31.584
10/07/2023 23:00,31.584
10/07/2023 23:30,31.584
10/08/2023 00:00,39.413
10/08/2023 00:30,39.413
10/08/2023 01:00,39.413
10/08/2023 01:30,39.413
10/08/2023 02:00,39.413
10/08/2023 02:30,39.413
10/08/2023 03:00,39.413
10/08/2023 03:30,39.413
10/08/2023 04:00,39.413
10/08/2023 04:30,39.413
10/08/2023 05:00,39.413
10/08/2023 05:30,39.413
10/08/2023 06:00,39.413
10/08/2023 06:30,39.413
10/08/2023 07:00,39.413
10/08/2023 07:30,39.413
10/08/2023 08:00,39.413
10/08/2023 08:30,39.413
10/08/2023 09:00,39.413
10/08/2023 09:30,39.413
10/08/2023 10:00,39.413
10/08/2023 10:30,39.413
10/08/2023 11:00,39.413
10/08/2023 11:30,39.413
10/08/2023 12:00,39.413
10/08/2023 12:30,39.413
10/08/2023 13:00,39.413
10/08/2023 13:30,39.413
10/08/2023 14:00,39.413
10/08/2023 14:30,39.413
10/08/2023 15:00,39.413
10/08/2023 15:30,39.413
10/08/2023 16:00,39.413
10/08/2023 16:30,39.413
10/08/2023 17:00,39.413
10/08/2023 17:30,39.413
10/08/2023 18:00,39.413
10/08/2023 18:30,39.413
10/08/2023 19:00,39.413
10/08/2023 19:30,39.413
10/08/2023 20:00,39.413
10/08/2023 20:30,39.413
10/08/2023 21:00,39.413
10/08/2023 21:30,39.413
10/08/2023 22:00,39.413
10/08/2023 22:30,39.413
10/08/2023 23:00,39.413
10/08/2023 23:30,39.413
10/09/2023 00:00,23.03
10/09/2023 00:30,23.03
10/09/2023 01:00,23.03
10/09/2023 01:30,23.03
10/09/2023 02:00,23.03
10/09/2023 02:30,23.03
10/09/2023 03:00,23.03
10/09/2023 03:30,23.03
10/09/2023 04:00,23.03
10/09/2023 04:30,23.03
10/09/2023 05:00,23.03
10/09/2023 05:30,23.03
10/09/2023 06:00,23.03
10/09/2023 06:30,23.03
10/09/2023 07:00,23.03
10/09/2023 07:30,23.03
10/09/2023 08:00,23.03
10/09/2023 08:30,23.03
10/09/2023 09:00,23.03
10/09/2023 09:30,23.03
10/09/2023 10:00,23.03
10/09/2023 10:30,23.03
10/09/2023 11:00,23.03
10/09/2023 11:30,23.03
10/09/2023 12:00,23.03
10/09/2023 12:30,23.03
10/09/2023 13:00,23.03
10/09/2023 13:30,23.03
10/09/2023 14:00,23.03
10/09/2023 14:30,23.03
10/09/2023 15:00,23.03
10/09/2023 15:30,23.03
10/09/2023 16:00,23.03
10/09/2023 16:30,23.03
10/09/2023 17:00,23.03
10/09/2023 17:30,23.03
10/09/2023 18:00,23.03
10/09/2023 18:30,23.03
10/09/2023 19:00,23.03
10/09/2023 19:30,23.03
10/09/2023 20:00,23.03
10/09/2023 20:30,23.03
10/09/2023 21:00,23.03
10/09/2023 21:30,23.03
10/09/2023 22:00,23.03
10/09/2023 22:30,23.03
10/09/2023 23:00,23.03
10/09/2023 23:30,23.03
10/10/2023 00:00,23.03
10/10/2023 00:30,23.03
10/10/2023 01:00,23.03
10/10/2023 01:30,23.03
10/10/2023 02:00,23.03
10/10/2023 02:30,23.03
10/10/2023 03:00,23.03
10/10/2023 03:30,23.03
10/10/2023 04:00,23.03
10/10/2023 04:30,23.03
10/10/2023 05:00,23.03
10/10/2023 05:30,23.03
10/10/2023 06:00,23.03
10/10/2023 06:30,23.03
10/10/2023 07:00,23.03
10/10/2023 07:30,23.03
10/10/2023 08:00,23.03
10/10/2023 08:30,23.03
10/10/2023 09:00,23.03
10/10/2023 09:30,23.03
10/10/2023 10:00,23.03
10/10/2023 10:30,23.03
10/10/2023 11:00,23.03
10/10/2023 11:30,23.03
10/10/2023 12:00,23.03
10/10/2023 12:30,23.03
10/10/2023 13:00,23.03
10/10/2023 13:30,23.03
10/10/2023 14:00,23.03
10/10/2023 14:30,23.03
10/10/2023 15:00,23.03
10/10/2023 15:30,23.03
10/10/2023 16:00,23.03
10/10/2023 16:30,23.03
10/10/2023 17:00,23.03
10/10/2023 17:30,23.03
10/10/2023 18:00,23.03
10/10/2023 18:30,23.03
10/10/2023 19:00,23.03
10/10/2023 19:30,23.03
10/10/2023 20:00,23.03
10/10/2023 20:30,23.03
10/10/2023 21:00,23.03
10/10/2023 21:30,23.03
10/10/2023 22:00,23.03
10/10/2023 22:30,23.03
10/10/2023 23:00,23.03
10/10/2023 23:30,23.03
10/11/2023 00:00,22.372
10/11/2023 00:30,22.372
10/11/2023 01:00,22.372
10/11/2023 01:30,22.372
10/11/2023 02:00,22.372
10/11/2023 02:30,22.372
10/11/2023 03:00,22.372
10/11/2023 03:30,22.372
10/11/2023 04:00,22.372
10/11/2023 04:30,22.372
10/11/2023 05:00,22.372
10/11/2023 05:30,22.372
10/11/2023 06:00,22.372
10/11/2023 06:30,22.372
10/11/2023 07:00,22.372
10/11/2023 07:30,22.372
10/11/2023 08:00,22.372
10/11/2023 08:30,22.372
10/11/2023 09:00,22.372
10/11/2023 09:30,22.372
10/11/2023 10:00,22.372
10/11/2023 10:30,22.372
10/11/2023 11:00,22.372
10/11/2023 11:30,22.372
10/11/2023 12:00,22.372
10/11/2023 12:30,22.372
10/11/2023 13:00,22.372
10/11/2023 13:30,22.372
10/11/2023 14:00,22.372
10/11/2023 14:30,22.372
10/11/2023 15:00,22.372
10/11/2023 15:30,22.372
10/11/2023 16:00,22.372
10/11/2023 16:30,22.372
10/11/2023 17:00,22.372
10/11/2023 17:30,22.372
10/11/2023 18:00,22.372
10/11/2023 18:30,22.372
10/11/2023 19:00,22.372
10/11/2023 19:30,22.372
10/11/2023 20:00,22.372
10/11/2023 20:30,22.372
10/11/2023 21:00,22.372
10/11/2023 21:30,22.372
10/11/2023 22:00,22.372
10/11/2023 22:30,22.372
10/11/2023 23:00,22.372
10/11/2023 23:30,22.372
10/12/2023 00:00,16.45
10/12/2023 00:30,16.45
10/12/2023 01:00,16.45
10/12/2023 01:30,16.45
10/12/2023 02:00,16.45
10/12/2023 02:30,16.45
10/12/2023 03:00,16.45
10/12/2023 03:30,16.45
10/12/2023 04:00,16.45
10/12/2023 04:30,16.45
10/12/2023 05:00,16.45
10/12/2023 05:30,16.45
10/12/2023 06:00,16.45
10/12/2023 06:30,16.45
10/12/2023 07:00,16.45
10/12/2023 07:30,16.45
10/12/2023 08:00,16.45
10/12/2023 08:30,16.45
10/12/2023 09:00,16.45
10/12/2023 09:30,16.45
10/12/2023 10:00,16.45
10/12/2023 10:30,16.45
10/12/2023 11:00,16.45
10/12/2023 11:30,16.45
10/12/2023 12:00,16.45
10/12/2023 12:30,16.45
10/12/2023 13:00,16.45
10/12/2023 13:30,16.45
10/12/2023 14:00,16.45
10/12/2023 14:30,16.45
10/12/2023 15:00,16.45
10/12/2023 15:30,16.45
10/12/2023 16:00,16.45
10/12/2023 16:30,16.45
10/12/2023 17:00,16.45
10/12/2023 17:30,16.45
10/12/2023 18:00,16.45
10/12/2023 18:30,16.45
10/12/2023 19:00,16.45
10/12/2023 19:30,16.45
10/12/2023 20:00,16.45
10/12/2023 20:30,16.45
10/12/2023 21:00,16.45
10/12/2023 21:30,16.45
10/12/2023 22:00,16.45
10/12/2023 22:30,16.45
10/12/2023 23:00,16.45
10/12/2023 23:30,16.45
10/13/2023 00:00,14.476
10/13/2023 00:30,14.476
10/13/2023 01:00,14.476
10/13/2023 01:30,14.476
10/13/2023 02:00,14.476
10/13/2023 02:30,14.476
10/13/2023 03:00,14.476
10/13/2023 03:30,14.476
10/13/2023 04:00,14.476
10/13/2023 04:30,14.476
10/13/2023 05:00,14.476
10/13/2023 05:30,14.476
10/13/2023 06:00,14.476
10/13/2023 06:30,14.476
10/13/2023 07:00,14.476
10/13/2023 07:30,14.476
10/13/2023 08:00,14.476
10/13/2023 08:30,14.476
10/13/2023 09:00,14.476
10/13/2023 09:30,14.476
10/13/2023 10:00,14.476
10/13/2023 10:30,14.476
10/13/2023 11:00,14.476
10/13/2023 11:30,14.476
10/13/2023 12:00,14.476
10/13/2023 12:30,14.476
10/13/2023 13:00,14.476
10/13/2023 13:30,14.476
10/13/2023 14:00,14.476
10/13/2023 14:30,14.476
10/13/2023 15:00,14.476
10/13/2023 15:30,14.476
10/13/2023 16:00,14.476
10/13/2023 16:30,14.476
10/13/2023 17:00,14.476
10/13/2023 17:30,14.476
10/13/2023 18:00,14.476
10/13/2023 18:30,14.476
10/13/2023 19:00,14.476
10/13/2023 19:30,14.476
10/13/2023 20:00,14.476
10/13/2023 20:30,14.476
10/13/2023 21:00,14.476
10/13/2023 21:30,14.476
10/13/2023 22:00,14.476
10/13/2023 22:30,14.476
10/13/2023 23:00,14.476
10/13/2023 23:30,14.476
10/14/2023 00:00,13.818
10/14/2023 00:30,13.818
10/14/2023 01:00,13.818
10/14/2023 01:30,13.818
10/14/2023 02:00,13.818
10/14/2023 02:30,13.818
10/14/2023 03:00,13.818
10/14/2023 03:30,13.818
10/14/2023 04:00,13.818
10/14/2023 04:30,13.818
10/14/2023 05:00,13.818
10/14/2023 05:30,13.818
10/14/2023 06:00,13.818
10/14/2023 06:30,13.818
10/14/2023 07:00,13.818
10/14/2023 07:30,13.818
10/14/2023 08:00,13.818
10/14/2023 08:30,13.818
10/14/2023 09:00,13.818
10/14/2023 09:30,13.818
10/14/2023 10:00,13.818
10/14/2023 10:30,13.818
10/14/2023 11:00,13.818
10/14/2023 11:30,13.818
10/14/2023 12:00,13.818
10/14/2023 12:30,13.818
10/14/2023 13:00,13.818
10/14/2023 13:30,13.818
10/14/2023 14:00,13.818
10/14/2023 14:30,13.818
10/14/2023 15:00,13.818
10/14/2023 15:30,13.818
10/14/2023 16:00,13.818
10/14/2023 16:30,13.818
10/14/2023 17:00,13.818
10/14/2023 17:30,13.818
10/14/2023 18:00,13.818
10/14/2023 18:30,13.818
10/14/2023 19:00,13.818
10/14/2023 19:30,13.818
10/14/2023 20:00,13.818
10/14/2023 20:30,13.818
10/14/2023 21:00,13.818
10/14/2023 21:30,13.818
10/14/2023 22:00,13.818
10/14/2023 22:30,13.818
10/14/2023 23:00,13.818
10/14/2023 23:30,13.818
10/15/2023 00:00,13.16
10/15/2023 00:30,13.16
10/15/2023 01:00,13.16
10/15/2023 01:30,13.16
10/15/2023 02:00,13.16
10/15/2023 02:30,13.16
10/15/2023 03:00,13.16
10/15/2023 03:30,13.16
10/15/2023 04:00,13.16
10/15/2023 04:30,13.16
10/15/2023 05:00,13.16
10/15/2023 05:30,13.16
10/15/2023 06:00,13.16
10/15/2023 06:30,13.16
10/15/2023 07:00,13.16
10/15/2023 07:30,13.16
10/15/2023 08:00,13.16
10/15/2023 08:30,13.16
10/15/2023 09:00,13.16
10/15/2023 09:30,13.16
10/15/2023 10:00,13.16
10/15/2023 10:30,13.16
10/15/2023 11:00,13.16
10/15/2023 11:30,13.16
10/15/2023 12:00,13.16
10/15/2023 12:30,13.16
10/15/2023 13:00,13.16
10/15/2023 13:30,13.16
10/15/2023 14:00,13.16
10/15/2023 14:30,13.16
10/15/2023 15:00,13.16
10/15/2023 15:30,13.16
10/15/2023 16:00,13.16
10/15/2023 16:30,13.16
10/15/2023 17:00,13.16
10/15/2023 17:30,13.16
10/15/2023 18:00,13.16
10/15/2023 18:30,13.16
10/15/2023 19:00,13.16
10/15/2023 19:30,13.16
10/15/2023 20:00,13.16
10/15/2023 20:30,13.16
10/15/2023 21:00,13.16
10/15/2023 21:30,13.16
10/15/2023 22:00,13.16
10/15/2023 22:30,13.16
10/15/2023 23:00,13.16
10/15/2023 23:30,13.16
10/16/2023 00:00,13.16
10/16/2023 00:30,13.16
10/16/2023 01:00,13.16
10/16/2023 01:30,13.16
10/16/2023 02:00,13.16
10/16/2023 02:30,13.16
10/16/2023 03:00,13.16
10/16/2023 03:30,13.16
10/16/2023 04:00,13.16
10/16/2023 04:30,13.16
10/16/2023 05:00,13.16
10/16/2023 05:30,13.16
10/16/2023 06:00,13.16
10/16/2023 06:30,13.16
10/16/2023 07:00,13.16
10/16/2023 07:30,13.16
10/16/2023 08:00,13.16
10/16/2023 08:30,13.16
10/16/2023 09:00,13.16
10/16/2023 09:30,13.16
10/16/2023 10:00,13.16
10/16/2023 10:30,13.16
10/16/2023 11:00,13.16
10/16/2023 11:30,13.16
10/16/2023 12:00,13.16
10/16/2023 12:30,13.16
10/16/2023 13:00,13.16
10/16/2023 13:30,13.16
10/16/2023 14:00,13.16
10/16/2023 14:30,13.16
10/16/2023 15:00,13.16
10/16/2023 15:30,13.16
10/16/2023 16:00,13.16
10/16/2023 16:30,13.16
10/16/2023 17:00,13.16
10/16/2023 17:30,13.16
10/16/2023 18:00,13.16
10/16/2023 18:30,13.16
10/16/2023 19:00,13.16
10/16/2023 19:30,13.16
10/16/2023 20:00,13.16
10/16/2023 20:30,13.16
10/16/2023 21:00,13.16
10/16/2023 21:30,13.16
10/16/2023 22:00,13.16
10/16/2023 22:30,13.16
10/16/2023 23:00,13.16
10/16/2023 23:30,13.16
10/17/2023 00:00,11.844
10/17/2023 00:30,11.844
10/17/2023 01:00,11.844
10/17/2023 01:30,11.844
10/17/2023 02:00,11.844
10/17/2023 02:30,11.844
10/17/2023 03:00,11.844
10/17/2023 03:30,11.844
10/17/2023 04:00,11.844
10/17/2023 04:30,11.844
10/17/2023 05:00,11.844
10/17/2023 05:30,11.844
10/17/2023 06:00,11.844
10/17/2023 06:30,11.844
10/17/2023 07:00,11.844
10/17/2023 07:30,11.844
10/17/2023 08:00,11.844
10/17/2023 08:30,11.844
10/17/2023 09:00,11.844
10/17/2023 09:30,11.844
10/17/2023 10:00,11.844
10/17/2023 10:30,11.844
10/17/2023 11:00,11.844
10/17/2023 11:30,11.844
10/17/2023 12:00,11.844
10/17/2023 12:30,11.844
10/17/2023 13:00,11.844
10/17/2023 13:30,11.844
10/17/2023 14:00,11.844
10/17/2023 14:30,11.844
10/17/2023 15:00,11.844
10/17/2023 15:30,11.844
10/17/2023 16:00,11.844
10/17/2023 16:30,11.844
10/17/2023 17:00,11.844
10/17/2023 17:30,11.844
10/17/2023 18:00,11.844
10/17/2023 18:30,11.844
10/17/2023 19:00,11.844
10/17/2023 19:30,11.844
10/17/2023 20:00,11.844
10/17/2023 20:30,11.844
10/17/2023 21:00,11.844
10/17/2023 21:30,11.844
10/17/2023 22:00,11.844
10/17/2023 22:30,11.844
10/17/2023 23:00,11.844
10/17/2023 23:30,11.844
10/18/2023 00:00,11.844
10/18/2023 00:30,11.844
10/18/2023 01:00,11.844
10/18/2023 01:30,11.844
10/18/2023 02:00,11.844
10/18/2023 02:30,11.844
10/18/2023 03:00,11.844
10/18/2023 03:30,11.844
10/18/2023 04:00,11.844
10/18/2023 04:30,11.844
10/18/2023 05:00,11.844
10/18/2023 05:30,11.844
10/18/2023 06:00,11.844
10/18/2023 06:30,11.844
10/18/2023 07:00,11.844
10/18/2023 07:30,11.844
10/18/2023 08:00,11.844
10/18/2023 08:30,11.844
10/18/2023 09:00,11.844
10/18/2023 09:30,11.844
10/18/2023 10:00,11.844
10/18/2023 10:30,11.844
10/18/2023 11:00,11.844
10/18/2023 11:30,11.844
10/18/2023 12:00,11.844
10/18/2023 12:30,11.844
10/18/2023 13:00,11.844
10/18/2023 13:30,11.844
10/18/2023 14:00,11.844
10/18/2023 14:30,11.844
10/18/2023 15:00,11.844
10/18/2023 15:30,11.844
10/18/2023 16:00,11.844
10/18/2023 16:30,11.844
10/18/2023 17:00,11.844
10/18/2023 17:30,11.844
10/18/2023 18:00,11.844
10/18/2023 18:30,11.844
10/18/2023 19:00,11.844
10/18/2023 19:30,11.844
10/18/2023 20:00,11.844
10/18/2023 20:30,11.844
10/18/2023 21:00,11.844
10/18/2023 21:30,11.844
10/18/2023 22:00,11.844
10/18/2023 22:30,11.844
10/18/2023 23:00,11.844
10/18/2023 23:30,11.844
10/19/2023 00:00,11.186
10/19/2023 00:30,11.186
10/19/2023 01:00,11.186
10/19/2023 01:30,11.186
10/19/2023 02:00,11.186
10/19/2023 02:30,11.186
10/19/2023 03:00,11.186
10/19/2023 03:30,11.186
10/19/2023 04:00,11.186
10/19/2023 04:30,11.186
10/19/2023 05:00,11.186
10/19/2023 05:30,11.186
10/19/2023 06:00,11.186
10/19/2023 06:30,11.186
10/19/2023 07:00,11.186
10/19/2023 07:30,11.186
10/19/2023 08:00,11.186
10/19/2023 08:30,11.186
10/19/2023 09:00,11.186
10/19/2023 09:30,11.186
10/19/2023 10:00,11.186
10/19/2023 10:30,11.186
10/19/2023 11:00,11.186
10/19/2023 11:30,11.186
10/19/2023 12:00,11.186
10/19/2023 12:30,11.186
10/19/2023 13:00,11.186
10/19/2023 13:30,11.186
10/19/2023 14:00,11.186
10/19/2023 14:30,11.186
10/19/2023 15:00,11.186
10/19/2023 15:30,11.186
10/19/2023 16:00,11.186
10/19/2023 16:30,11.186
10/19/2023 17:00,11.186
10/19/2023 17:30,11.186
10/19/2023 18:00,11.186
10/19/2023 18:30,11.186
10/19/2023 19:00,11.186
10/19/2023 19:30,11.186
10/19/2023 20:00,11.186
10/19/2023 20:30,11.186
10/19/2023 21:00,11.186
10/19/2023 21:30,11.186
10/19/2023 22:00,11.186
10/19/2023 22:30,11.186
10/19/2023 23:00,11.186
10/19/2023 23:30,11.186
10/20/2023 00:00,11.844
10/20/2023 00:30,11.844
10/20/2023 01:00,11.844
10/20/2023 01:30,11.844
10/20/2023 02:00,11.844
10/20/2023 02:30,11.844
10/20/2023 03:00,11.844
10/20/2023 03:30,11.844
10/20/2023 04:00,11.844
10/20/2023 04:30,11.844
10/20/2023 05:00,11.844
10/20/2023 05:30,11.844
10/20/2023 06:00,11.844
10/20/2023 06:30,11.844
10/20/2023 07:00,11.844
10/20/2023 07:30,11.844
10/20/2023 08:00,11.844
10/20/2023 08:30,11.844
10/20/2023 09:00,11.844
10/20/2023 09:30,11.844
10/20/2023 10:00,11.844
10/20/2023 10:30,11.844
10/20/2023 11:00,11.844
10/20/2023 11:30,11.844
10/20/2023 12:00,11.844
10/20/2023 12:30,11.844
10/20/2023 13:00,11.844
10/20/2023 13:30,11.844
10/20/2023 14:00,11.844
10/20/2023 14:30,11.844
10/20/2023 15:00,11.844
10/20/2023 15:30,11.844
10/20/2023 16:00,11.844
10/20/2023 16:30,11.844
10/20/2023 17:00,11.844
10/20/2023 17:30,11.844
10/20/2023 18:00,11.844
10/20/2023 18:30,11.844
10/20/2023 19:00,11.844
10/20/2023 19:30,11.844
10/20/2023 20:00,11.844
10/20/2023 20:30,11.844
10/20/2023 21:00,11.844
10/20/2023 21:30,11.844
10/20/2023 22:00,11.844
10/20/2023 22:30,11.844
10/20/2023 23:00,11.844
10/20/2023 23:30,11.844
10/21/2023 00:00,10.528
10/21/2023 00:30,10.528
10/21/2023 01:00,10.528
10/21/2023 01:30,10.528
10/21/2023 02:00,10.528
10/21/2023 02:30,10.528
10/21/2023 03:00,10.528
10/21/2023 03:30,10.528
10/21/2023 04:00,10.528
10/21/2023 04:30,10.528
10/21/2023 05:00,10.528
10/21/2023 05:30,10.528
10/21/2023 06:00,10.528
10/21/2023 06:30,10.528
10/21/2023 07:00,10.528
10/21/2023 07:30,10.528
10/21/2023 08:00,10.528
10/21/2023 08:30,10.528
10/21/2023 09:00,10.528
10/21/2023 09:30,10.528
10/21/2023 10:00,10.528
10/21/2023 10:30,10.528
10/21/2023 11:00,10.528
10/21/2023 11:30,10.528
10/21/2023 12:00,10.528
10/21/2023 12:30,10.528
10/21/2023 13:00,10.528
10/21/2023 13:30,10.528
10/21/2023 14:00,10.528
10/21/2023 14:30,10.528
10/21/2023 15:00,10.528
10/21/2023 15:30,10.528
10/21/2023 16:00,10.528
10/21/2023 16:30,10.528
10/21/2023 17:00,10.528
10/21/2023 17:30,10.528
10/21/2023 18:00,10.528
10/21/2023 18:30,10.528
10/21/2023 19:00,10.528
10/21/2023 19:30,10.528
10/21/2023 20:00,10.528
10/21/2023 20:30,10.528
10/21/2023 21:00,10.528
10/21/2023 21:30,10.528
10/21/2023 22:00,10.528
10/21/2023 22:30,10.528
10/21/2023 23:00,10.528
10/21/2023 23:30,10.528
10/22/2023 00:00,10.528
10/22/2023 00:30,10.528
10/22/2023 01:00,10.528
10/22/2023 01:30,10.528
10/22/2023 02:00,10.528
10/22/2023 02:30,10.528
10/22/2023 03:00,10.528
10/22/2023 03:30,10.528
10/22/2023 04:00,10.528
10/22/2023 04:30,10.528
10/22/2023 05:00,10.528
10/22/2023 05:30,10.528
10/22/2023 06:00,10.528
10/22/2023 06:30,10.528
10/22/2023 07:00,10.528
10/22/2023 07:30,10.528
10/22/2023 08:00,10.528
10/22/2023 08:30,10.528
10/22/2023 09:00,10.528
10/22/2023 09:30,10.528
10/22/2023 10:00,10.528
10/22/2023 10:30,10.528
10/22/2023 11:00,10.528
10/22/2023 11:30,10.528
10/22/2023 12:00,10.528
10/22/2023 12:30,10.528
10/22/2023 13:00,10.528
10/22/2023 13:30,10.528
10/22/2023 14:00,10.528
10/22/2023 14:30,10.528
10/22/2023 15:00,10.528
10/22/2023 15:30,10.528
10/22/2023 16:00,10.528
10/22/2023 16:30,10.528
10/22/2023 17:00,10.528
10/22/2023 17:30,10.528
10/22/2023 18:00,10.528
10/22/2023 18:30,10.528
10/22/2023 19:00,10.528
10/22/2023 19:30,10.528
10/22/2023 20:00,10.528
10/22/2023 20:30,10.528
10/22/2023 21:00,10.528
10/22/2023 21:30,10.528
10/22/2023 22:00,10.528
10/22/2023 22:30,10.528
10/22/2023 23:00,10.528
10/22/2023 23:30,10.528
10/23/2023 00:00,11.186
10/23/2023 00:30,11.186
10/23/2023 01:00,11.186
10/23/2023 01:30,11.186
10/23/2023 02:00,11.186
10/23/2023 02:30,11.186
10/23/2023 03:00,11.186
10/23/2023 03:30,11.186
10/23/2023 04:00,11.186
10/23/2023 04:30,11.186
10/23/2023 05:00,11.186
10/23/2023 05:30,11.186
10/23/2023 06:00,11.186
10/23/2023 06:30,11.186
10/23/2023 07:00,11.186
10/23/2023 07:30,11.186
10/23/2023 08:00,11.186
10/23/2023 08:30,11.186
10/23/2023 09:00,11.186
10/23/2023 09:30,11.186
10/23/2023 10:00,11.186
10/23/2023 10:30,11.186
10/23/2023 11:00,11.186
10/23/2023 11:30,11.186
10/23/2023 12:00,11.186
10/23/2023 12:30,11.186
10/23/2023 13:00,11.186
10/23/2023 13:30,11.186
10/23/2023 14:00,11.186
10/23/2023 14:30,11.186
10/23/2023 15:00,11.186
10/23/2023 15:30,11.186
10/23/2023 16:00,11.186
10/23/2023 16:30,11.186
10/23/2023 17:00,11.186
10/23/2023 17:30,11.186
10/23/2023 18:00,11.186
10/23/2023 18:30,11.186
10/23/2023 19:00,11.186
10/23/2023 19:30,11.186
10/23/2023 20:00,11.186
10/23/2023 20:30,11.186
10/23/2023 21:00,11.186
10/23/2023 21:30,11.186
10/23/2023 22:00,11.186
10/23/2023 22:30,11.186
10/23/2023 23:00,11.186
10/23/2023 23:30,11.186
10/24/2023 00:00,11.186
10/24/2023 00:30,11.186
10/24/2023 01:00,11.186
10/24/2023 01:30,11.186
10/24/2023 02:00,11.186
10/24/2023 02:30,11.186
10/24/2023 03:00,11.186
10/24/2023 03:30,11.186
10/24/2023 04:00,11.186
10/24/2023 04:30,11.186
10/24/2023 05:00,11.186
10/24/2023 05:30,11.186
10/24/2023 06:00,11.186
10/24/2023 06:30,11.186
10/24/2023 07:00,11.186
10/24/2023 07:30,11.186
10/24/2023 08:00,11.186
10/24/2023 08:30,11.186
10/24/2023 09:00,11.186
10/24/2023 09:30,11.186
10/24/2023 10:00,11.186
10/24/2023 10:30,11.186
10/24/2023 11:00,11.186
10/24/2023 11:30,11.186
10/24/2023 12:00,11.186
10/24/2023 12:30,11.186
10/24/2023 13:00,11.186
10/24/2023 13:30,11.186
10/24/2023 14:00,11.186
10/24/2023 14:30,11.186
10/24/2023 15:00,11.186
10/24/2023 15:30,11.186
10/24/2023 16:00,11.186
10/24/2023 16:30,11.186
10/24/2023 17:00,11.186
10/24/2023 17:30,11.186
10/24/2023 18:00,11.186
10/24/2023 18:30,11.186
10/24/2023 19:00,11.186
10/24/2023 19:30,11.186
10/24/2023 20:00,11.186
10/24/2023 20:30,11.186
10/24/2023 21:00,11.186
10/24/2023 21:30,11.186
10/24/2023 22:00,11.186
10/24/2023 22:30,11.186
10/24/2023 23:00,11.186
10/24/2023 23:30,11.186
10/25/2023 00:00,10.528
10/25/2023 00:30,10.528
10/25/2023 01:00,10.528
10/25/2023 01:30,10.528
10/25/2023 02:00,10.528
10/25/2023 02:30,10.528
10/25/2023 03:00,10.528
10/25/2023 03:30,10.528
10/25/2023 04:00,10.528
10/25/2023 04:30,10.528
10/25/2023 05:00,10.528
10/25/2023 05:30,10.528
10/25/2023 06:00,10.528
10/25/2023 06:30,10.528
10/25/2023 07:00,10.528
10/25/2023 07:30,10.528
10/25/2023 08:00,10.528
10/25/2023 08:30,10.528
10/25/2023 09:00,10.528
10/25/2023 09:30,10.528
10/25/2023 10:00,10.528
10/25/2023 10:30,10.528
10/25/2023 11:00,10.528
10/25/2023 11:30,10.528
10/25/2023 12:00,10.528
10/25/2023 12:30,10.528
10/25/2023 13:00,10.528
10/25/2023 13:30,10.528
10/25/2023 14:00,10.528
10/25/2023 14:30,10.528
10/25/2023 15:00,10.528
10/25/2023 15:30,10.528
10/25/2023 16:00,10.528
10/25/2023 16:30,10.528
10/25/2023 17:00,10.528
10/25/2023 17:30,10.528
10/25/2023 18:00,10.528
10/25/2023 18:30,10.528
10/25/2023 19:00,10.528
10/25/2023 19:30,10.528
10/25/2023 20:00,10.528
10/25/2023 20:30,10.528
10/25/2023 21:00,10.528
10/25/2023 21:30,10.528
10/25/2023 22:00,10.528
10/25/2023 22:30,10.528
10/25/2023 23:00,10.528
10/25/2023 23:30,10.528
10/26/2023 00:00,10.598
10/26/2023 00:30,10.598
10/26/2023 01:00,10.598
10/26/2023 01:30,10.598
10/26/2023 02:00,10.598
10/26/2023 02:30,10.598
10/26/2023 03:00,10.598
10/26/2023 03:30,10.598
10/26/2023 04:00,10.598
10/26/2023 04:30,10.598
10/26/2023 05:00,10.598
10/26/2023 05:30,10.598
10/26/2023 06:00,10.598
10/26/2023 06:30,10.598
10/26/2023 07:00,10.598
10/26/2023 07:30,10.598
10/26/2023 08:00,10.598
10/26/2023 08:30,10.598
10/26/2023 09:00,10.598
10/26/2023 09:30,10.598
10/26/2023 10:00,10.598
10/26/2023 10:30,10.598
10/26/2023 11:00,10.598
10/26/2023 11:30,10.598
10/26/2023 12:00,10.598
10/26/2023 12:30,10.598
10/26/2023 13:00,10.598
10/26/2023 13:30,10.598
10/26/2023 14:00,10.598
10/26/2023 14:30,10.598
10/26/2023 15:00,10.598
10/26/2023 15:30,10.598
10/26/2023 16:00,10.598
10/26/2023 16:30,10.598
10/26/2023 17:00,10.598
10/26/2023 17:30,10.598
10/26/2023 18:00,10.598
10/26/2023 18:30,10.598
10/26/2023 19:00,10.598
10/26/2023 19:30,10.598
10/26/2023 20:00,10.598
10/26/2023 20:30,10.598
10/26/2023 21:00,10.598
10/26/2023 21:30,10.598
10/26/2023 22:00,10.598
10/26/2023 22:30,10.598
10/26/2023 23:00,10.598
10/26/2023 23:30,10.598
10/27/2023 00:00,9.87
10/27/2023 00:30,9.87
10/27/2023 01:00,9.87
10/27/2023 01:30,9.87
10/27/2023 02:00,9.87
10/27/2023 02:30,9.87
10/27/2023 03:00,9.87
10/27/2023 03:30,9.87
10/27/2023 04:00,9.87
10/27/2023 04:30,9.87
10/27/2023 05:00,9.87
10/27/2023 05:30,9.87
10/27/2023 06:00,9.87
10/27/2023 06:30,9.87
10/27/2023 07:00,9.87
10/27/2023 07:30,9.87
10/27/2023 08:00,9.87
10/27/2023 08:30,9.87
10/27/2023 09:00,9.87
10/27/2023 09:30,9.87
10/27/2023 10:00,9.87
10/27/2023 10:30,9.87
10/27/2023 11:00,9.87
10/27/2023 11:30,9.87
10/27/2023 12:00,9.87
10/27/2023 12:30,9.87
10/27/2023 13:00,9.87
10/27/2023 13:30,9.87
10/27/2023 14:00,9.87
10/27/2023 14:30,9.87
10/27/2023 15:00,9.87
10/27/2023 15:30,9.87
10/27/2023 16:00,9.87
10/27/2023 16:30,9.87
10/27/2023 17:00,9.87
10/27/2023 17:30,9.87
10/27/2023 18:00,9.87
10/27/2023 18:30,9.87
10/27/2023 19:00,9.87
10/27/2023 19:30,9.87
10/27/2023 20:00,9.87
10/27/2023 20:30,9.87
10/27/2023 21:00,9.87
10/27/2023 21:30,9.87
10/27/2023 22:00,9.87
10/27/2023 22:30,9.87
10/27/2023 23:00,9.87
10/27/2023 23:30,9.87
10/28/2023 00:00,9.87
10/28/2023 00:30,9.87
10/28/2023 01:00,9.87
10/28/2023 01:30,9.87
10/28/2023 02:00,9.87
10/28/2023 02:30,9.87
10/28/2023 03:00,9.87
10/28/2023 03:30,9.87
10/28/2023 04:00,9.87
10/28/2023 04:30,9.87
10/28/2023 05:00,9.87
10/28/2023 05:30,9.87
10/28/2023 06:00,9.87
10/28/2023 06:30,9.87
10/28/2023 07:00,9.87
10/28/2023 07:30,9.87
10/28/2023 08:00,9.87
10/28/2023 08:30,9.87
10/28/2023 09:00,9.87
10/28/2023 09:30,9.87
10/28/2023 10:00,9.87
10/28/2023 10:30,9.87
10/28/2023 11:00,9.87
10/28/2023 11:30,9.87
10/28/2023 12:00,9.87
10/28/2023 12:30,9.87
10/28/2023 13:00,9.87
10/28/2023 13:30,9.87
10/28/2023 14:00,9.87
10/28/2023 14:30,9.87
10/28/2023 15:00,9.87
10/28/2023 15:30,9.87
10/28/2023 16:00,9.87
10/28/2023 16:30,9.87
10/28/2023 17:00,9.87
10/28/2023 17:30,9.87
10/28/2023 18:00,9.87
10/28/2023 18:30,9.87
10/28/2023 19:00,9.87
10/28/2023 19:30,9.87
10/28/2023 20:00,9.87
10/28/2023 20:30,9.87
10/28/2023 21:00,9.87
10/28/2023 21:30,9.87
10/28/2023 22:00,9.87
10/28/2023 22:30,9.87
10/28/2023 23:00,9.87
10/28/2023 23:30,9.87
10/29/2023 00:00,9.212
10/29/2023 00:30,9.212
10/29/2023 01:00,9.212
10/29/2023 01:30,9.212
10/29/2023 02:00,9.212
10/29/2023 02:30,9.212
10/29/2023 03:00,9.212
10/29/2023 03:30,9.212
10/29/2023 04:00,9.212
10/29/2023 04:30,9.212
10/29/2023 05:00,9.212
10/29/2023 05:30,9.212
10/29/2023 06:00,9.212
10/29/2023 06:30,9.212
10/29/2023 07:00,9.212
10/29/2023 07:30,9.212
10/29/2023 08:00,9.212
10/29/2023 08:30,9.212
10/29/2023 09:00,9.212
10/29/2023 09:30,9.212
10/29/2023 10:00,9.212
10/29/2023 10:30,9.212
10/29/2023 11:00,9.212
10/29/2023 11:30,9.212
10/29/2023 12:00,9.212
10/29/2023 12:30,9.212
10/29/2023 13:00,9.212
10/29/2023 13:30,9.212
10/29/2023 14:00,9.212
10/29/2023 14:30,9.212
10/29/2023 15:00,9.212
10/29/2023 15:30,9.212
10/29/2023 16:00,9.212
10/29/2023 16:30,9.212
10/29/2023 17:00,9.212
10/29/2023 17:30,9.212
10/29/2023 18:00,9.212
10/29/2023 18:30,9.212
10/29/2023 19:00,9.212
10/29/2023 19:30,9.212
10/29/2023 20:00,9.212
10/29/2023 20:30,9.212
10/29/2023 21:00,9.212
10/29/2023 21:30,9.212
10/29/2023 22:00,9.212
10/29/2023 22:30,9.212
10/29/2023 23:00,9.212
10/29/2023 23:30,9.212
10/30/2023 00:00,9.212
10/30/2023 00:30,9.212
10/30/2023 01:00,9.212
10/30/2023 01:30,9.212
10/30/2023 02:00,9.212
10/30/2023 02:30,9.212
10/30/2023 03:00,9.212
10/30/2023 03:30,9.212
10/30/2023 04:00,9.212
10/30/2023 04:30,9.212
10/30/2023 05:00,9.212
10/30/2023 05:30,9.212
10/30/2023 06:00,9.212
10/30/2023 06:30,9.212
10/30/2023 07:00,9.212
10/30/2023 07:30,9.212
10/30/2023 08:00,9.212
10/30/2023 08:30,9.212
10/30/2023 09:00,9.212
10/30/2023 09:30,9.212
10/30/2023 10:00,9.212
10/30/2023 10:30,9.212
10/30/2023 11:00,9.212
10/30/2023 11:30,9.212
10/30/2023 12:00,9.212
10/30/2023 12:30,9.212
10/30/2023 13:00,9.212
10/30/2023 13:30,9.212
10/30/2023 14:00,9.212
10/30/2023 14:30,9.212
10/30/2023 15:00,9.212
10/30/2023 15:30,9.212
10/30/2023 16:00,9.212
10/30/2023 16:30,9.212
10/30/2023 17:00,9.212
10/30/2023 17:30,9.212
10/30/2023 18:00,9.212
10/30/2023 18:30,9.212
10/30/2023 19:00,9.212
10/30/2023 19:30,9.212
10/30/2023 20:00,9.212
10/30/2023 20:30,9.212
10/30/2023 21:00,9.212
10/30/2023 21:30,9.212
10/30/2023 22:00,9.212
10/30/2023 22:30,9.212
10/30/2023 23:00,9.212
10/30/2023 23:30,9.212
10/31/2023 00:00,9.87
10/31/2023 00:30,9.87
10/31/2023 01:00,9.87
10/31/2023 01:30,9.87
10/31/2023 02:00,9.87
10/31/2023 02:30,9.87
10/31/2023 03:00,9.87
10/31/2023 03:30,9.87
10/31/2023 04:00,9.87
10/31/2023 04:30,9.87
10/31/2023 05:00,9.87
10/31/2023 05:30,9.87
10/31/2023 06:00,9.87
10/31/2023 06:30,9.87
10/31/2023 07:00,9.87
10/31/2023 07:30,9.87
10/31/2023 08:00,9.87
10/31/2023 08:30,9.87
10/31/2023 09:00,9.87
10/31/2023 09:30,9.87
10/31/2023 10:00,9.87
10/31/2023 10:30,9.87
10/31/2023 11:00,9.87
10/31/2023 11:30,9.87
10/31/2023 12:00,9.87
10/31/2023 12:30,9.87
10/31/2023 13:00,9.87
10/31/2023 13:30,9.87
10/31/2023 14:00,9.87
10/31/2023 14:30,9.87
10/31/2023 15:00,9.87
10/31/2023 15:30,9.87
10/31/2023 16:00,9.87
10/31/2023 16:30,9.87
10/31/2023 17:00,9.87
10/31/2023 17:30,9.87
10/31/2023 18:00,9.87
10/31/2023 18:30,9.87
10/31/2023 19:00,9.87
10/31/2023 19:30,9.87
10/31/2023 20:00,9.87
10/31/2023 20:30,9.87
10/31/2023 21:00,9.87
10/31/2023 21:30,9.87
10/31/2023 22:00,9.87
10/31/2023 22:30,9.87
10/31/2023 23:00,9.87
10/31/2023 23:30,9.87
11/01/2023 00:00,9.86
11/01/2023 00:30,9.86
11/01/2023 01:00,9.86
11/01/2023 01:30,9.86
11/01/2023 02:00,9.86
11/01/2023 02:30,9.86
11/01/2023 03:00,9.86
11/01/2023 03:30,9.86
11/01/2023 04:00,9.86
11/01/2023 04:30,9.86
11/01/2023 05:00,9.86
11/01/2023 05:30,9.86
11/01/2023 06:00,9.86
11/01/2023 06:30,9.86
11/01/2023 07:00,9.86
11/01/2023 07:30,9.86
11/01/2023 08:00,9.86
11/01/2023 08:30,9.86
11/01/2023 09:00,9.86
11/01/2023 09:30,9.86
11/01/2023 10:00,9.86
11/01/2023 10:30,9.86
11/01/2023 11:00,9.86
11/01/2023 11:30,9.86
11/01/2023 12:00,9.86
11/01/2023 12:30,9.86
11/01/2023 13:00,9.86
11/01/2023 13:30,9.86
11/01/2023 14:00,9.86
11/01/2023 14:30,9.86
11/01/2023 15:00,9.86
11/01/2023 15:30,9.86
11/01/2023 16:00,9.86
11/01/2023 16:30,9.86
11/01/2023 17:00,9.86
11/01/2023 17:30,9.86
11/01/2023 18:00,9.86
11/01/2023 18:30,9.86
11/01/2023 19:00,9.86
11/01/2023 19:30,9.86
11/01/2023 20:00,9.86
11/01/2023 20:30,9.86
11/01/2023 21:00,9.86
11/01/2023 21:30,9.86
11/01/2023 22:00,9.86
11/01/2023 22:30,9.86
11/01/2023 23:00,9.86
11/01/2023 23:30,9.86
11/02/2023 00:00,25.004
11/02/2023 00:00,25.004
11/02/2023 00:30,25.004
11/02/2023 00:30,25.004
11/02/2023 01:00,25.004
11/02/2023 01:00,25.004
11/02/2023 01:30,25.004
11/02/2023 01:30,25.004
11/02/2023 02:00,25.004
11/02/2023 02:00,25.004
11/02/2023 02:30,25.004
11/02/2023 02:30,25.004
11/02/2023 03:00,25.004
11/02/2023 03:00,25.004
11/02/2023 03:30,25.004
11/02/2023 03:30,25.004
11/02/2023 04:00,25.004
11/02/2023 04:00,25.004
11/02/2023 04:30,25.004
11/02/2023 04:30,25.004
11/02/2023 05:00,25.004
11/02/2023 05:00,25.004
11/02/2023 05:30,25.004
11/02/2023 05:30,25.004
11/02/2023 06:00,25.004
11/02/2023 06:00,25.004
11/02/2023 06:30,25.004
11/02/2023 06:30,25.004
11/02/2023 07:00,25.004
11/02/2023 07:00,25.004
11/02/2023 07:30,25.004
11/02/2023 07:30,25.004
11/02/2023 08:00,25.004
11/02/2023 08:00,25.004
11/02/2023 08:30,25.004
11/02/2023 08:30,25.004
11/02/2023 09:00,25.004
11/02/2023 09:00,25.004
11/02/2023 09:30,25.004
11/02/2023 09:30,25.004
11/02/2023 10:00,25.004
11/02/2023 10:00,25.004
11/02/2023 10:30,25.004
11/02/2023 10:30,25.004
11/02/2023 11:00,25.004
11/02/2023 11:00,25.004
11/02/2023 11:30,25.004
11/02/2023 11:30,25.004
11/02/2023 12:00,25.004
11/02/2023 12:00,25.004
11/02/2023 12:30,25.004
11/02/2023 12:30,25.004
11/02/2023 13:00,25.004
11/02/2023 13:00,25.004
11/02/2023 13:30,25.004
11/02/2023 13:30,25.004
11/02/2023 14:00,25.004
11/02/2023 14:00,25.004
11/02/2023 14:30,25.004
11/02/2023 14:30,25.004
11/02/2023 15:00,25.004
11/02/2023 15:00,25.004
11/02/2023 15:30,25.004
11/02/2023 15:30,25.004
11/02/2023 16:00,25.004
11/02/2023 16:00,25.004
11/02/2023 16:30,25.004
11/02/2023 16:30,25.004
11/02/2023 17:00,25.004
11/02/2023 17:00,25.004
11/02/2023 17:30,25.004
11/02/2023 17:30,25.004
11/02/2023 18:00,25.004
11/02/2023 18:00,25.004
11/02/2023 18:30,25.004
11/02/2023 18:30,25.004
11/02/2023 19:00,25.004
11/02/2023 19:00,25.004
11/02/2023 19:30,25.004
11/02/2023 19:30,25.004
11/02/2023 20:00,25.004
11/02/2023 20:00,25.004
11/02/2023 20:30,25.004
11/02/2023 20:30,25.004
11/02/2023 21:00,25.004
11/02/2023 21:00,25.004
11/02/2023 21:30,25.004
11/02/2023 21:30,25.004
11/02/2023 22:00,25.004
11/02/2023 22:00,25.004
11/02/2023 22:30,25.004
11/02/2023 22:30,25.004
11/02/2023 23:00,25.004
11/02/2023 23:00,25.004
11/02/2023 23:30,25.004
11/02/2023 23:30,25.004
11/03/2023 00:00,25.004
11/03/2023 00:30,25.004
11/03/2023 01:00,25.004
11/03/2023 01:30,25.004
11/03/2023 02:00,25.004
11/03/2023 02:30,25.004
11/03/2023 03:00,25.004
11/03/2023 03:30,25.004
11/03/2023 04:00,25.004
11/03/2023 04:30,25.004
11/03/2023 05:00,25.004
11/03/2023 05:30,25.004
11/03/2023 06:00,25.004
11/03/2023 06:30,25.004
11/03/2023 07:00,25.004
11/03/2023 07:30,25.004
11/03/2023 08:00,25.004
11/03/2023 08:30,25.004
11/03/2023 09:00,25.004
11/03/2023 09:30,25.004
11/03/2023 10:00,25.004
11/03/2023 10:30,25.004
11/03/2023 11:00,25.004
11/03/2023 11:30,25.004
11/03/2023 12:00,25.004
11/03/2023 12:30,25.004
11/03/2023 13:00,25.004
11/03/2023 13:30,25.004
11/03/2023 14:00,25.004
11/03/2023 14:30,25.004
11/03/2023 15:00,25.004
11/03/2023 15:30,25.004
11/03/2023 16:00,25.004
11/03/2023 16:30,25.004
11/03/2023 17:00,25.004
11/03/2023 17:30,25.004
11/03/2023 18:00,25.004
11/03/2023 18:30,25.004
11/03/2023 19:00,25.004
11/03/2023 19:30,25.004
11/03/2023 20:00,25.004
11/03/2023 20:30,25.004
11/03/2023 21:00,25.004
11/03/2023 21:30,25.004
11/03/2023 22:00,25.004
11/03/2023 22:30,25.004
11/03/2023 23:00,25.004
11/03/2023 23:30,25.004
11/04/2023 00:00,23.688
11/04/2023 00:30,23.688
11/04/2023 01:00,23.688
11/04/2023 01:30,23.688
11/04/2023 02:00,23.688
11/04/2023 02:30,23.688
11/04/2023 03:00,23.688
11/04/2023 03:30,23.688
11/04/2023 04:00,23.688
11/04/2023 04:30,23.688
11/04/2023 05:00,23.688
11/04/2023 05:30,23.688
11/04/2023 06:00,23.688
11/04/2023 06:30,23.688
11/04/2023 07:00,23.688
11/04/2023 07:30,23.688
11/04/2023 08:00,23.688
11/04/2023 08:30,23.688
11/04/2023 09:00,23.688
11/04/2023 09:30,23.688
11/04/2023 10:00,23.688
11/04/2023 10:30,23.688
11/04/2023 11:00,23.688
11/04/2023 11:30,23.688
11/04/2023 12:00,23.688
11/04/2023 12:30,23.688
11/04/2023 13:00,23.688
11/04/2023 13:30,23.688
11/04/2023 14:00,23.688
11/04/2023 14:30,23.688
11/04/2023 15:00,23.688
11/04/2023 15:30,23.688
11/04/2023 16:00,23.688
11/04/2023 16:30,23.688
11/04/2023 17:00,23.688
11/04/2023 17:30,23.688
11/04/2023 18:00,23.688
11/04/2023 18:30,23.688
11/04/2023 19:00,23.688
11/04/2023 19:30,23.688
11/04/2023 20:00,23.688
11/04/2023 20:30,23.688
11/04/2023 21:00,23.688
11/04/2023 21:30,23.688
11/04/2023 22:00,23.688
11/04/2023 22:30,23.688
11/04/2023 23:00,23.688
11/04/2023 23:30,23.688
11/05/2023 00:00,23.03
11/05/2023 00:30,23.03
11/05/2023 01:00,23.03
11/05/2023 01:30,23.03
11/05/2023 02:00,23.03
11/05/2023 02:30,23.03
11/05/2023 03:00,23.03
11/05/2023 03:30,23.03
11/05/2023 04:00,23.03
11/05/2023 04:30,23.03
11/05/2023 05:00,23.03
11/05/2023 05:30,23.03
11/05/2023 06:00,23.03
11/05/2023 06:30,23.03
11/05/2023 07:00,23.03
11/05/2023 07:30,23.03
11/05/2023 08:00,23.03
11/05/2023 08:30,23.03
11/05/2023 09:00,23.03
11/05/2023 09:30,23.03
11/05/2023 10:00,23.03
11/05/2023 10:30,23.03
11/05/2023 11:00,23.03
11/05/2023 11:30,23.03
11/05/2023 12:00,23.03
11/05/2023 12:30,23.03
11/05/2023 13:00,23.03
11/05/2023 13:30,23.03
11/05/2023 14:00,23.03
11/05/2023 14:30,23.03
11/05/2023 15:00,23.03
11/05/2023 15:30,23.03
11/05/2023 16:00,23.03
11/05/2023 16:30,23.03
11/05/2023 17:00,23.03
11/05/2023 17:30,23.03
11/05/2023 18:00,23.03
11/05/2023 18:30,23.03
11/05/2023 19:00,23.03
11/05/2023 19:30,23.03
11/05/2023 20:00,23.03
11/05/2023 20:30,23.03
11/05/2023 21:00,23.03
11/05/2023 21:30,23.03
11/05/2023 22:00,23.03
11/05/2023 22:30,23.03
11/05/2023 23:00,23.03
11/05/2023 23:30,23.03
11/06/2023 00:00,21.056
11/06/2023 00:30,21.056
11/06/2023 01:00,21.056
11/06/2023 01:30,21.056
11/06/2023 02:00,21.056
11/06/2023 02:30,21.056
11/06/2023 03:00,21.056
11/06/2023 03:30,21.056
11/06/2023 04:00,21.056
11/06/2023 04:30,21.056
11/06/2023 05:00,21.056
11/06/2023 05:30,21.056
11/06/2023 06:00,21.056
11/06/2023 06:30,21.056
11/06/2023 07:00,21.056
11/06/2023 07:30,21.056
11/06/2023 08:00,21.056
11/06/2023 08:30,21.056
11/06/2023 09:00,21.056
11/06/2023 09:30,21.056
11/06/2023 10:00,21.056
11/06/2023 10:30,21.056
11/06/2023 11:00,21.056
11/06/2023 11:30,21.056
11/06/2023 12:00,21.056
11/06/2023 12:30,21.056
11/06/2023 13:00,21.056
11/06/2023 13:30,21.056
11/06/2023 14:00,21.056
11/06/2023 14:30,21.056
11/06/2023 15:00,21.056
11/06/2023 15:30,21.056
11/06/2023 16:00,21.056
11/06/2023 16:30,21.056
11/06/2023 17:00,21.056
11/06/2023 17:30,21.056
11/06/2023 18:00,21.056
11/06/2023 18:30,21.056
11/06/2023 19:00,21.056
11/06/2023 19:30,21.056
11/06/2023 20:00,21.056
11/06/2023 20:30,21.056
11/06/2023 21:00,21.056
11/06/2023 21:30,21.056
11/06/2023 22:00,21.056
11/06/2023 22:30,21.056
11/06/2023 23:00,21.056
11/06/2023 23:30,21.056
11/07/2023 00:00,19.74
11/07/2023 00:30,19.74
11/07/2023 01:00,19.74
11/07/2023 01:30,19.74
11/07/2023 02:00,19.74
11/07/2023 02:30,19.74
11/07/2023 03:00,19.74
11/07/2023 03:30,19.74
11/07/2023 04:00,19.74
11/07/2023 04:30,19.74
11/07/2023 05:00,19.74
11/07/2023 05:30,19.74
11/07/2023 06:00,19.74
11/07/2023 06:30,19.74
11/07/2023 07:00,19.74
11/07/2023 07:30,19.74
11/07/2023 08:00,19.74
11/07/2023 08:30,19.74
11/07/2023 09:00,19.74
11/07/2023 09:30,19.74
11/07/2023 10:00,19.74
11/07/2023 10:30,19.74
11/07/2023 11:00,19.74
11/07/2023 11:30,19.74
11/07/2023 12:00,19.74
11/07/2023 12:30,19.74
11/07/2023 13:00,19.74
11/07/2023 13:30,19.74
11/07/2023 14:00,19.74
11/07/2023 14:30,19.74
11/07/2023 15:00,19.74
11/07/2023 15:30,19.74
11/07/2023 16:00,19.74
11/07/2023 16:30,19.74
11/07/2023 17:00,19.74
11/07/2023 17:30,19.74
11/07/2023 18:00,19.74
11/07/2023 18:30,19.74
11/07/2023 19:00,19.74
11/07/2023 19:30,19.74
11/07/2023 20:00,19.74
11/07/2023 20:30,19.74
11/07/2023 21:00,19.74
11/07/2023 21:30,19.74
11/07/2023 22:00,19.74
11/07/2023 22:30,19.74
11/07/2023 23:00,19.74
11/07/2023 23:30,19.74
11/08/2023 00:00,18.424
11/08/2023 00:30,18.424
11/08/2023 01:00,18.424
11/08/2023 01:30,18.424
11/08/2023 02:00,18.424
11/08/2023 02:30,18.424
11/08/2023 03:00,18.424
11/08/2023 03:30,18.424
11/08/2023 04:00,18.424
11/08/2023 04:30,18.424
11/08/2023 05:00,18.424
11/08/2023 05:30,18.424
11/08/2023 06:00,18.424
11/08/2023 06:30,18.424
11/08/2023 07:00,18.424
11/08/2023 07:30,18.424
11/08/2023 08:00,18.424
11/08/2023 08:30,18.424
11/08/2023 09:00,18.424
11/08/2023 09:30,18.424
11/08/2023 10:00,18.424
11/08/2023 10:30,18.424
11/08/2023 11:00,18.424
11/08/2023 11:30,18.424
11/08/2023 12:00,18.424
11/08/2023 12:30,18.424
11/08/2023 13:00,18.424
11/08/2023 13:30,18.424
11/08/2023 14:00,18.424
11/08/2023 14:30,18.424
11/08/2023 15:00,18.424
11/08/2023 15:30,18.424
11/08/2023 16:00,18.424
11/08/2023 16:30,18.424
11/08/2023 17:00,18.424
11/08/2023 17:30,18.424
11/08/2023 18:00,18.424
11/08/2023 18:30,18.424
11/08/2023 19:00,18.424
11/08/2023 19:30,18.424
11/08/2023 20:00,18.424
11/08/2023 20:30,18.424
11/08/2023 21:00,18.424
11/08/2023 21:30,18.424
11/08/2023 22:00,18.424
11/08/2023 22:30,18.424
11/08/2023 23:00,18.424
11/08/2023 23:30,18.424
11/09/2023 00:00,18.424
11/09/2023 00:30,18.424
11/09/2023 01:00,18.424
11/09/2023 01:30,18.424
11/09/2023 02:00,18.424
11/09/2023 02:30,18.424
11/09/2023 03:00,18.424
11/09/2023 03:30,18.424
11/09/2023 04:00,18.424
11/09/2023 04:30,18.424
11/09/2023 05:00,18.424
11/09/2023 05:30,18.424
11/09/2023 06:00,18.424
11/09/2023 06:30,18.424
11/09/2023 07:00,18.424
11/09/2023 07:30,18.424
11/09/2023 08:00,18.424
11/09/2023 08:30,18.424
11/09/2023 09:00,18.424
11/09/2023 09:30,18.424
11/09/2023 10:00,18.424
11/09/2023 10:30,18.424
11/09/2023 11:00,18.424
11/09/2023 11:30,18.424
11/09/2023 12:00,18.424
11/09/2023 12:30,18.424
11/09/2023 13:00,18.424
11/09/2023 13:30,18.424
11/09/2023 14:00,18.424
11/09/2023 14:30,18.424
11/09/2023 15:00,18.424
11/09/2023 15:30,18.424
11/09/2023 16:00,18.424
11/09/2023 16:30,18.424
11/09/2023 17:00,18.424
11/09/2023 17:30,18.424
11/09/2023 18:00,18.424
11/09/2023 18:30,18.424
11/09/2023 19:00,18.424
11/09/2023 19:30,18.424
11/09/2023 20:00,18.424
11/09/2023 20:30,18.424
11/09/2023 21:00,18.424
11/09/2023 21:30,18.424
11/09/2023 22:00,18.424
11/09/2023 22:30,18.424
11/09/2023 23:00,18.424
11/09/2023 23:30,18.424
11/10/2023 00:00,16.45
11/10/2023 00:30,16.45
11/10/2023 01:00,16.45
11/10/2023 01:30,16.45
11/10/2023 02:00,16.45
11/10/2023 02:30,16.45
11/10/2023 03:00,16.45
11/10/2023 03:30,16.45
11/10/2023 04:00,16.45
11/10/2023 04:30,16.45
11/10/2023 05:00,16.45
11/10/2023 05:30,16.45
11/10/2023 06:00,16.45
11/10/2023 06:30,16.45
11/10/2023 07:00,16.45
11/10/2023 07:30,16.45
11/10/2023 08:00,16.45
11/10/2023 08:30,16.45
11/10/2023 09:00,16.45
11/10/2023 09:30,16.45
11/10/2023 10:00,16.45
11/10/2023 10:30,16.45
11/10/2023 11:00,16.45
11/10/2023 11:30,16.45
11/10/2023 12:00,16.45
11/10/2023 12:30,16.45
11/10/2023 13:00,16.45
11/10/2023 13:30,16.45
11/10/2023 14:00,16.45
11/10/2023 14:30,16.45
11/10/2023 15:00,16.45
11/10/2023 15:30,16.45
11/10/2023 16:00,16.45
11/10/2023 16:30,16.45
11/10/2023 17:00,16.45
11/10/2023 17:30,16.45
11/10/2023 18:00,16.45
11/10/2023 18:30,16.45
11/10/2023 19:00,16.45
11/10/2023 19:30,16.45
11/10/2023 20:00,16.45
11/10/2023 20:30,16.45
11/10/2023 21:00,16.45
11/10/2023 21:30,16.45
11/10/2023 22:00,16.45
11/10/2023 22:30,16.45
11/10/2023 23:00,16.45
11/10/2023 23:30,16.45
11/11/2023 00:00,16.45
11/11/2023 00:30,16.45
11/11/2023 01:00,16.45
11/11/2023 01:30,16.45
11/11/2023 02:00,16.45
11/11/2023 02:30,16.45
11/11/2023 03:00,16.45
11/11/2023 03:30,16.45
11/11/2023 04:00,16.45
11/11/2023 04:30,16.45
11/11/2023 05:00,16.45
11/11/2023 05:30,16.45
11/11/2023 06:00,16.45
11/11/2023 06:30,16.45
11/11/2023 07:00,16.45
11/11/2023 07:30,16.45
11/11/2023 08:00,16.45
11/11/2023 08:30,16.45
11/11/2023 09:00,16.45
11/11/2023 09:30,16.45
11/11/2023 10:00,16.45
11/11/2023 10:30,16.45
11/11/2023 11:00,16.45
11/11/2023 11:30,16.45
11/11/2023 12:00,16.45
11/11/2023 12:30,16.45
11/11/2023 13:00,16.45
11/11/2023 13:30,16.45
11/11/2023 14:00,16.45
11/11/2023 14:30,16.45
11/11/2023 15:00,16.45
11/11/2023 15:30,16.45
11/11/2023 16:00,16.45
11/11/2023 16:30,16.45
11/11/2023 17:00,16.45
11/11/2023 17:30,16.45
11/11/2023 18:00,16.45
11/11/2023 18:30,16.45
11/11/2023 19:00,16.45
11/11/2023 19:30,16.45
11/11/2023 20:00,16.45
11/11/2023 20:30,16.45
11/11/2023 21:00,16.45
11/11/2023 21:30,16.45
11/11/2023 22:00,16.45
11/11/2023 22:30,16.45
11/11/2023 23:00,16.45
11/11/2023 23:30,16.45
11/12/2023 00:00,15.134
11/12/2023 00:30,15.134
11/12/2023 01:00,15.134
11/12/2023 01:30,15.134
11/12/2023 02:00,15.134
11/12/2023 02:30,15.134
11/12/2023 03:00,15.134
11/12/2023 03:30,15.134
11/12/2023 04:00,15.134
11/12/2023 04:30,15.134
11/12/2023 05:00,15.134
11/12/2023 05:30,15.134
11/12/2023 06:00,15.134
11/12/2023 06:30,15.134
11/12/2023 07:00,15.134
11/12/2023 07:30,15.134
11/12/2023 08:00,15.134
11/12/2023 08:30,15.134
11/12/2023 09:00,15.134
11/12/2023 09:30,15.134
11/12/2023 10:00,15.134
11/12/2023 10:30,15.134
11/12/2023 11:00,15.134
11/12/2023 11:30,15.134
11/12/2023 12:00,15.134
11/12/2023 12:30,15.134
11/12/2023 13:00,15.134
11/12/2023 13:30,15.134
11/12/2023 14:00,15.134
11/12/2023 14:30,15.134
11/12/2023 15:00,15.134
11/12/2023 15:30,15.134
11/12/2023 16:00,15.134
11/12/2023 16:30,15.134
11/12/2023 17:00,15.134
11/12/2023 17:30,15.134
11/12/2023 18:00,15.134
11/12/2023 18:30,15.134
11/12/2023 19:00,15.134
11/12/2023 19:30,15.134
11/12/2023 20:00,15.134
11/12/2023 20:30,15.134
11/12/2023 21:00,15.134
11/12/2023 21:30,15.134
11/12/2023 22:00,15.134
11/12/2023 22:30,15.134
11/12/2023 23:00,15.134
11/12/2023 23:30,15.134
11/13/2023 00:00,15.134
11/13/2023 00:30,15.134
11/13/2023 01:00,15.134
11/13/2023 01:30,15.134
11/13/2023 02:00,15.134
11/13/2023 02:30,15.134
11/13/2023 03:00,15.134
11/13/2023 03:30,15.134
11/13/2023 04:00,15.134
11/13/2023 04:30,15.134
11/13/2023 05:00,15.134
11/13/2023 05:30,15.134
11/13/2023 06:00,15.134
11/13/2023 06:30,15.134
11/13/2023 07:00,15.134
11/13/2023 07:30,15.134
11/13/2023 08:00,15.134
11/13/2023 08:30,15.134
11/13/2023 09:00,15.134
11/13/2023 09:30,15.134
11/13/2023 10:00,15.134
11/13/2023 10:30,15.134
11/13/2023 11:00,15.134
11/13/2023 11:30,15.134
11/13/2023 12:00,15.134
11/13/2023 12:30,15.134
11/13/2023 13:00,15.134
11/13/2023 13:30,15.134
11/13/2023 14:00,15.134
11/13/2023 14:30,15.134
11/13/2023 15:00,15.134
11/13/2023 15:30,15.134
11/13/2023 16:00,15.134
11/13/2023 16:30,15.134
11/13/2023 17:00,15.134
11/13/2023 17:30,15.134
11/13/2023 18:00,15.134
11/13/2023 18:30,15.134
11/13/2023 19:00,15.134
11/13/2023 19:30,15.134
11/13/2023 20:00,15.134
11/13/2023 20:30,15.134
11/13/2023 21:00,15.134
11/13/2023 21:30,15.134
11/13/2023 22:00,15.134
11/13/2023 22:30,15.134
11/13/2023 23:00,15.134
11/13/2023 23:30,15.134
11/14/2023 00:00,13.16
11/14/2023 00:30,13.16
11/14/2023 01:00,13.16
11/14/2023 01:30,13.16
11/14/2023 02:00,13.16
11/14/2023 02:30,13.16
11/14/2023 03:00,13.16
11/14/2023 03:30,13.16
11/14/2023 04:00,13.16
11/14/2023 04:30,13.16
11/14/2023 05:00,13.16
11/14/2023 05:30,13.16
11/14/2023 06:00,13.16
11/14/2023 06:30,13.16
11/14/2023 07:00,13.16
11/14/2023 07:30,13.16
11/14/2023 08:00,13.16
11/14/2023 08:30,13.16
11/14/2023 09:00,13.16
11/14/2023 09:30,13.16
11/14/2023 10:00,13.16
11/14/2023 10:30,13.16
11/14/2023 11:00,13.16
11/14/2023 11:30,13.16
11/14/2023 12:00,13.16
11/14/2023 12:30,13.16
11/14/2023 13:00,13.16
11/14/2023 13:30,13.16
11/14/2023 14:00,13.16
11/14/2023 14:30,13.16
11/14/2023 15:00,13.16
11/14/2023 15:30,13.16
11/14/2023 16:00,13.16
11/14/2023 16:30,13.16
11/14/2023 17:00,13.16
11/14/2023 17:30,13.16
11/14/2023 18:00,13.16
11/14/2023 18:30,13.16
11/14/2023 19:00,13.16
11/14/2023 19:30,13.16
11/14/2023 20:00,13.16
11/14/2023 20:30,13.16
11/14/2023 21:00,13.16
11/14/2023 21:30,13.16
11/14/2023 22:00,13.16
11/14/2023 22:30,13.16
11/14/2023 23:00,13.16
11/14/2023 23:30,13.16
11/15/2023 00:00,15.502
11/15/2023 00:00,13.16
11/15/2023 00:30,13.16
11/15/2023 00:30,15.502
11/15/2023 01:00,13.16
11/15/2023 01:00,15.502
11/15/2023 01:30,13.16
11/15/2023 01:30,15.502
11/15/2023 02:00,13.16
11/15/2023 02:00,15.502
11/15/2023 02:30,15.502
11/15/2023 02:30,13.16
11/15/2023 03:00,15.502
11/15/2023 03:00,13.16
11/15/2023 03:30,15.502
11/15/2023 03:30,13.16
11/15/2023 04:00,15.502
11/15/2023 04:00,13.16
11/15/2023 04:30,13.16
11/15/2023 04:30,15.502
11/15/2023 05:00,15.502
11/15/2023 05:00,13.16
11/15/2023 05:30,13.16
11/15/2023 05:30,15.502
11/15/2023 06:00,15.502
11/15/2023 06:00,13.16
11/15/2023 06:30,13.16
11/15/2023 06:30,15.502
11/15/2023 07:00,15.502
11/15/2023 07:00,13.16
11/15/2023 07:30,15.502
11/15/2023 07:30,13.16
11/15/2023 08:00,13.16
11/15/2023 08:00,15.502
11/15/2023 08:30,15.502
11/15/2023 08:30,13.16
11/15/2023 09:00,13.16
11/15/2023 09:00,15.502
11/15/2023 09:30,13.16
11/15/2023 09:30,15.502
11/15/2023 10:00,13.16
11/15/2023 10:00,15.502
11/15/2023 10:30,15.502
11/15/2023 10:30,13.16
11/15/2023 11:00,15.502
11/15/2023 11:00,13.16
11/15/2023 11:30,15.502
11/15/2023 11:30,13.16
11/15/2023 12:00,15.502
11/15/2023 12:00,13.16
11/15/2023 12:30,13.16
11/15/2023 12:30,15.502
11/15/2023 13:00,15.502
11/15/2023 13:00,13.16
11/15/2023 13:30,15.502
11/15/2023 13:30,13.16
11/15/2023 14:00,13.16
11/15/2023 14:00,15.502
11/15/2023 14:30,13.16
11/15/2023 14:30,15.502
11/15/2023 15:00,13.16
11/15/2023 15:00,15.502
11/15/2023 15:30,13.16
11/15/2023 15:30,15.502
11/15/2023 16:00,15.502
11/15/2023 16:00,13.16
11/15/2023 16:30,13.16
11/15/2023 16:30,15.502
11/15/2023 17:00,13.16
11/15/2023 17:00,15.502
11/15/2023 17:30,15.502
11/15/2023 17:30,13.16
11/15/2023 18:00,13.16
11/15/2023 18:00,15.502
11/15/2023 18:30,13.16
11/15/2023 18:30,15.502
11/15/2023 19:00,13.16
11/15/2023 19:00,15.502
11/15/2023 19:30,15.502
11/15/2023 19:30,13.16
11/15/2023 20:00,13.16
11/15/2023 20:00,15.502
11/15/2023 20:30,13.16
11/15/2023 20:30,15.502
11/15/2023 21:00,13.16
11/15/2023 21:00,15.502
11/15/2023 21:30,13.16
11/15/2023 21:30,15.502
11/15/2023 22:00,15.502
11/15/2023 22:00,13.16
11/15/2023 22:30,13.16
11/15/2023 22:30,15.502
11/15/2023 23:00,13.16
11/15/2023 23:00,15.502
11/15/2023 23:30,15.502
11/15/2023 23:30,13.16
11/16/2023 00:00,15.502
11/16/2023 00:30,15.502
11/16/2023 01:00,15.502
11/16/2023 01:30,15.502
11/16/2023 02:00,15.502
11/16/2023 02:30,15.502
11/16/2023 03:00,15.502
11/16/2023 03:30,15.502
11/16/2023 04:00,15.502
11/16/2023 04:30,15.502
11/16/2023 05:00,15.502
11/16/2023 05:30,15.502
11/16/2023 06:00,15.502
11/16/2023 06:30,15.502
11/16/2023 07:00,15.502
11/16/2023 07:30,15.502
11/16/2023 08:00,15.502
11/16/2023 08:30,15.502
11/16/2023 09:00,15.502
11/16/2023 09:30,15.502
11/16/2023 10:00,15.502
11/16/2023 10:30,15.502
11/16/2023 11:00,15.502
11/16/2023 11:30,15.502
11/16/2023 12:00,15.502
11/16/2023 12:30,15.502
11/16/2023 13:00,15.502
11/16/2023 13:30,15.502
11/16/2023 14:00,15.502
11/16/2023 14:30,15.502
11/16/2023 15:00,15.502
11/16/2023 15:30,15.502
11/16/2023 16:00,15.502
11/16/2023 16:30,15.502
11/16/2023 17:00,15.502
11/16/2023 17:30,15.502
11/16/2023 18:00,15.502
11/16/2023 18:30,15.502
11/16/2023 19:00,15.502
11/16/2023 19:30,15.502
11/16/2023 20:00,15.502
11/16/2023 20:30,15.502
11/16/2023 21:00,15.502
11/16/2023 21:30,15.502
11/16/2023 22:00,15.502
11/16/2023 22:30,15.502
11/16/2023 23:00,15.502
11/16/2023 23:30,15.502
11/17/2023 00:00,17.108
11/17/2023 00:00,15.792
11/17/2023 00:00,17.108
11/17/2023 00:00,17.108
11/17/2023 00:00,14.476
11/17/2023 00:30,17.108
11/17/2023 00:30,17.108
11/17/2023 00:30,14.476
11/17/2023 00:30,15.792
11/17/2023 00:30,17.108
11/17/2023 01:00,17.108
11/17/2023 01:00,15.792
11/17/2023 01:00,17.108
11/17/2023 01:00,14.476
11/17/2023 01:00,17.108
11/17/2023 01:30,17.108
11/17/2023 01:30,14.476
11/17/2023 01:30,17.108
11/17/2023 01:30,17.108
11/17/2023 01:30,15.792
11/17/2023 02:00,17.108
11/17/2023 02:00,17.108
11/17/2023 02:00,14.476
11/17/2023 02:00,17.108
11/17/2023 02:00,15.792
11/17/2023 02:30,17.108
11/17/2023 02:30,17.108
11/17/2023 02:30,17.108
11/17/2023 02:30,14.476
11/17/2023 02:30,15.792
11/17/2023 03:00,15.792
11/17/2023 03:00,17.108
11/17/2023 03:00,17.108
11/17/2023 03:00,14.476
11/17/2023 03:00,17.108
11/17/2023 03:30,17.108
11/17/2023 03:30,15.792
11/17/2023 03:30,17.108
11/17/2023 03:30,17.108
11/17/2023 03:30,14.476
11/17/2023 04:00,15.792
11/17/2023 04:00,17.108
11/17/2023 04:00,17.108
11/17/2023 04:00,14.476
11/17/2023 04:00,17.108
11/17/2023 04:30,15.792
11/17/2023 04:30,17.108
11/17/2023 04:30,14.476
11/17/2023 04:30,17.108
11/17/2023 04:30,17.108
11/17/2023 05:00,17.108
11/17/2023 05:00,15.792
11/17/2023 05:00,17.108
11/17/2023 05:00,14.476
11/17/2023 05:00,17.108
11/17/2023 05:30,17.108
11/17/2023 05:30,14.476
11/17/2023 05:30,15.792
11/17/2023 05:30,17.108
11/17/2023 05:30,17.108
11/17/2023 06:00,15.792
11/17/2023 06:00,17.108
11/17/2023 06:00,17.108
11/17/2023 06:00,14.476
11/17/2023 06:00,17.108
11/17/2023 06:30,14.476
11/17/2023 06:30,17.108
11/17/2023 06:30,17.108
11/17/2023 06:30,17.108
11/17/2023 06:30,15.792
11/17/2023 07:00,17.108
11/17/2023 07:00,17.108
11/17/2023 07:00,15.792
11/17/2023 07:00,14.476
11/17/2023 07:00,17.108
11/17/2023 07:30,17.108
11/17/2023 07:30,14.476
11/17/2023 07:30,17.108
11/17/2023 07:30,15.792
11/17/2023 07:30,17.108
11/17/2023 08:00,17.108
11/17/2023 08:00,15.792
11/17/2023 08:00,17.108
11/17/2023 08:00,14.476
11/17/2023 08:00,17.108
11/17/2023 08:30,17.108
11/17/2023 08:30,17.108
11/17/2023 08:30,17.108
11/17/2023 08:30,15.792
11/17/2023 08:30,14.476
11/17/2023 09:00,15.792
11/17/2023 09:00,17.108
11/17/2023 09:00,17.108
11/17/2023 09:00,14.476
11/17/2023 09:00,17.108
11/17/2023 09:30,17.108
11/17/2023 09:30,17.108
11/17/2023 09:30,17.108
11/17/2023 09:30,15.792
11/17/2023 09:30,14.476
11/17/2023 10:00,17.108
11/17/2023 10:00,17.108
11/17/2023 10:00,15.792
11/17/2023 10:00,17.108
11/17/2023 10:00,14.476
11/17/2023 10:30,17.108
11/17/2023 10:30,14.476
11/17/2023 10:30,17.108
11/17/2023 10:30,17.108
11/17/2023 10:30,15.792
11/17/2023 11:00,17.108
11/17/2023 11:00,17.108
11/17/2023 11:00,15.792
11/17/2023 11:00,17.108
11/17/2023 11:00,14.476
11/17/2023 11:30,17.108
11/17/2023 11:30,14.476
11/17/2023 11:30,17.108
11/17/2023 11:30,15.792
11/17/2023 11:30,17.108
11/17/2023 12:00,17.108
11/17/2023 12:00,14.476
11/17/2023 12:00,17.108
11/17/2023 12:00,15.792
11/17/2023 12:00,17.108
11/17/2023 12:30,15.792
11/17/2023 12:30,17.108
11/17/2023 12:30,17.108
11/17/2023 12:30,14.476
11/17/2023 12:30,17.108
11/17/2023 13:00,14.476
11/17/2023 13:00,17.108
11/17/2023 13:00,17.108
11/17/2023 13:00,17.108
11/17/2023 13:00,15.792
11/17/2023 13:30,17.108
11/17/2023 13:30,17.108
11/17/2023 13:30,14.476
11/17/2023 13:30,17.108
11/17/2023 13:30,15.792
11/17/2023 14:00,14.476
11/17/2023 14:00,15.792
11/17/2023 14:00,17.108
11/17/2023 14:00,17.108
11/17/2023 14:00,17.108
11/17/2023 14:30,17.108
11/17/2023 14:30,15.792
11/17/2023 14:30,14.476
11/17/2023 14:30,17.108
11/17/2023 14:30,17.108
11/17/2023 15:00,14.476
11/17/2023 15:00,17.108
11/17/2023 15:00,17.108
11/17/2023 15:00,15.792
11/17/2023 15:00,17.108
11/17/2023 15:30,17.108
11/17/2023 15:30,17.108
11/17/2023 15:30,17.108
11/17/2023 15:30,15.792
11/17/2023 15:30,14.476
11/17/2023 16:00,14.476
11/17/2023 16:00,17.108
11/17/2023 16:00,17.108
11/17/2023 16:00,15.792
11/17/2023 16:00,17.108
11/17/2023 16:30,17.108
11/17/2023 16:30,14.476
11/17/2023 16:30,17.108
11/17/2023 16:30,17.108
11/17/2023 16:30,15.792
11/17/2023 17:00,17.108
11/17/2023 17:00,17.108
11/17/2023 17:00,14.476
11/17/2023 17:00,17.108
11/17/2023 17:00,15.792
11/17/2023 17:30,17.108
11/17/2023 17:30,17.108
11/17/2023 17:30,14.476
11/17/2023 17:30,17.108
11/17/2023 17:30,15.792
11/17/2023 18:00,17.108
11/17/2023 18:00,17.108
11/17/2023 18:00,15.792
11/17/2023 18:00,17.108
11/17/2023 18:00,14.476
11/17/2023 18:30,17.108
11/17/2023 18:30,15.792
11/17/2023 18:30,17.108
11/17/2023 18:30,14.476
11/17/2023 18:30,17.108
11/17/2023 19:00,17.108
11/17/2023 19:00,15.792
11/17/2023 19:00,17.108
11/17/2023 19:00,17.108
11/17/2023 19:00,14.476
11/17/2023 19:30,17.108
11/17/2023 19:30,17.108
11/17/2023 19:30,15.792
11/17/2023 19:30,17.108
11/17/2023 19:30,14.476
11/17/2023 20:00,17.108
11/17/2023 20:00,17.108
11/17/2023 20:00,15.792
11/17/2023 20:00,17.108
11/17/2023 20:00,14.476
11/17/2023 20:30,14.476
11/17/2023 20:30,15.792
11/17/2023 20:30,17.108
11/17/2023 20:30,17.108
11/17/2023 20:30,17.108
11/17/2023 21:00,15.792
11/17/2023 21:00,17.108
11/17/2023 21:00,17.108
11/17/2023 21:00,17.108
11/17/2023 21:00,14.476
11/17/2023 21:30,17.108
11/17/2023 21:30,17.108
11/17/2023 21:30,17.108
11/17/2023 21:30,14.476
11/17/2023 21:30,15.792
11/17/2023 22:00,17.108
11/17/2023 22:00,14.476
11/17/2023 22:00,17.108
11/17/2023 22:00,17.108
11/17/2023 22:00,15.792
11/17/2023 22:30,17.108
11/17/2023 22:30,17.108
11/17/2023 22:30,14.476
11/17/2023 22:30,15.792
11/17/2023 22:30,17.108
11/17/2023 23:00,17.108
11/17/2023 23:00,17.108
11/17/2023 23:00,14.476
11/17/2023 23:00,17.108
11/17/2023 23:00,15.792
11/17/2023 23:30,17.108
11/17/2023 23:30,14.476
11/17/2023 23:30,17.108
11/17/2023 23:30,15.792
11/17/2023 23:30,17.108
11/18/2023 00:00,17.108
11/18/2023 00:00,17.108
11/18/2023 00:00,16.45
11/18/2023 00:00,17.108
11/18/2023 00:00,17.108
11/18/2023 00:30,17.108
11/18/2023 00:30,16.45
11/18/2023 00:30,17.108
11/18/2023 00:30,17.108
11/18/2023 00:30,17.108
11/18/2023 01:00,16.45
11/18/2023 01:00,17.108
11/18/2023 01:00,17.108
11/18/2023 01:00,17.108
11/18/2023 01:00,17.108
11/18/2023 01:30,17.108
11/18/2023 01:30,17.108
11/18/2023 01:30,16.45
11/18/2023 01:30,17.108
11/18/2023 01:30,17.108
11/18/2023 02:00,17.108
11/18/2023 02:00,17.108
11/18/2023 02:00,17.108
11/18/2023 02:00,16.45
11/18/2023 02:00,17.108
11/18/2023 02:30,17.108
11/18/2023 02:30,17.108
11/18/2023 02:30,16.45
11/18/2023 02:30,17.108
11/18/2023 02:30,17.108
11/18/2023 03:00,17.108
11/18/2023 03:00,16.45
11/18/2023 03:00,17.108
11/18/2023 03:00,17.108
11/18/2023 03:00,17.108
11/18/2023 03:30,17.108
11/18/2023 03:30,17.108
11/18/2023 03:30,16.45
11/18/2023 03:30,17.108
11/18/2023 03:30,17.108
11/18/2023 04:00,17.108
11/18/2023 04:00,17.108
11/18/2023 04:00,17.108
11/18/2023 04:00,16.45
11/18/2023 04:00,17.108
11/18/2023 04:30,17.108
11/18/2023 04:30,17.108
11/18/2023 04:30,17.108
11/18/2023 04:30,17.108
11/18/2023 04:30,16.45
11/18/2023 05:00,17.108
11/18/2023 05:00,16.45
11/18/2023 05:00,17.108
11/18/2023 05:00,17.108
11/18/2023 05:00,17.108
11/18/2023 05:30,17.108
11/18/2023 05:30,16.45
11/18/2023 05:30,17.108
11/18/2023 05:30,17.108
11/18/2023 05:30,17.108
11/18/2023 06:00,17.108
11/18/2023 06:00,16.45
11/18/2023 06:00,17.108
11/18/2023 06:00,17.108
11/18/2023 06:00,17.108
11/18/2023 06:30,17.108
11/18/2023 06:30,16.45
11/18/2023 06:30,17.108
11/18/2023 06:30,17.108
11/18/2023 06:30,17.108
11/18/2023 07:00,16.45
11/18/2023 07:00,17.108
11/18/2023 07:00,17.108
11/18/2023 07:00,17.108
11/18/2023 07:00,17.108
11/18/2023 07:30,17.108
11/18/2023 07:30,17.108
11/18/2023 07:30,16.45
11/18/2023 07:30,17.108
11/18/2023 07:30,17.108
11/18/2023 08:00,17.108
11/18/2023 08:00,16.45
11/18/2023 08:00,17.108
11/18/2023 08:00,17.108
11/18/2023 08:00,17.108
11/18/2023 08:30,17.108
11/18/2023 08:30,17.108
11/18/2023 08:30,16.45
11/18/2023 08:30,17.108
11/18/2023 08:30,17.108
11/18/2023 09:00,17.108
11/18/2023 09:00,16.45
11/18/2023 09:00,17.108
11/18/2023 09:00,17.108
11/18/2023 09:00,17.108
11/18/2023 09:30,16.45
11/18/2023 09:30,17.108
11/18/2023 09:30,17.108
11/18/2023 09:30,17.108
11/18/2023 09:30,17.108
11/18/2023 10:00,17.108
11/18/2023 10:00,17.108
11/18/2023 10:00,17.108
11/18/2023 10:00,17.108
11/18/2023 10:00,16.45
11/18/2023 10:30,17.108
11/18/2023 10:30,17.108
11/18/2023 10:30,17.108
11/18/2023 10:30,17.108
11/18/2023 10:30,16.45
11/18/2023 11:00,17.108
11/18/2023 11:00,17.108
11/18/2023 11:00,17.108
11/18/2023 11:00,16.45
11/18/2023 11:00,17.108
11/18/2023 11:30,17.108
11/18/2023 11:30,17.108
11/18/2023 11:30,17.108
11/18/2023 11:30,17.108
11/18/2023 11:30,16.45
11/18/2023 12:00,17.108
11/18/2023 12:00,17.108
11/18/2023 12:00,17.108
11/18/2023 12:00,16.45
11/18/2023 12:00,17.108
11/18/2023 12:30,17.108
11/18/2023 12:30,16.45
11/18/2023 12:30,17.108
11/18/2023 12:30,17.108
11/18/2023 12:30,17.108
11/18/2023 13:00,17.108
11/18/2023 13:00,17.108
11/18/2023 13:00,17.108
11/18/2023 13:00,16.45
11/18/2023 13:00,17.108
11/18/2023 13:30,17.108
11/18/2023 13:30,16.45
11/18/2023 13:30,17.108
11/18/2023 13:30,17.108
11/18/2023 13:30,17.108
11/18/2023 14:00,17.108
11/18/2023 14:00,17.108
11/18/2023 14:00,17.108
11/18/2023 14:00,16.45
11/18/2023 14:00,17.108
11/18/2023 14:30,17.108
11/18/2023 14:30,17.108
11/18/2023 14:30,17.108
11/18/2023 14:30,16.45
11/18/2023 14:30,17.108
11/18/2023 15:00,17.108
11/18/2023 15:00,17.108
11/18/2023 15:00,16.45
11/18/2023 15:00,17.108
11/18/2023 15:00,17.108
11/18/2023 15:30,17.108
11/18/2023 15:30,17.108
11/18/2023 15:30,17.108
11/18/2023 15:30,16.45
11/18/2023 15:30,17.108
11/18/2023 16:00,17.108
11/18/2023 16:00,16.45
11/18/2023 16:00,17.108
11/18/2023 16:00,17.108
11/18/2023 16:00,17.108
11/18/2023 16:30,17.108
11/18/2023 16:30,17.108
11/18/2023 16:30,16.45
11/18/2023 16:30,17.108
11/18/2023 16:30,17.108
11/18/2023 17:00,16.45
11/18/2023 17:00,17.108
11/18/2023 17:00,17.108
11/18/2023 17:00,17.108
11/18/2023 17:00,17.108
11/18/2023 17:30,17.108
11/18/2023 17:30,17.108
11/18/2023 17:30,16.45
11/18/2023 17:30,17.108
11/18/2023 17:30,17.108
11/18/2023 18:00,17.108
11/18/2023 18:00,17.108
11/18/2023 18:00,17.108
11/18/2023 18:00,17.108
11/18/2023 18:00,16.45
11/18/2023 18:30,17.108
11/18/2023 18:30,17.108
11/18/2023 18:30,16.45
11/18/2023 18:30,17.108
11/18/2023 18:30,17.108
11/18/2023 19:00,16.45
11/18/2023 19:00,17.108
11/18/2023 19:00,17.108
11/18/2023 19:00,17.108
11/18/2023 19:00,17.108
11/18/2023 19:30,17.108
11/18/2023 19:30,17.108
11/18/2023 19:30,17.108
11/18/2023 19:30,16.45
11/18/2023 19:30,17.108
11/18/2023 20:00,17.108
11/18/2023 20:00,17.108
11/18/2023 20:00,17.108
11/18/2023 20:00,16.45
11/18/2023 20:00,17.108
11/18/2023 20:30,17.108
11/18/2023 20:30,17.108
11/18/2023 20:30,17.108
11/18/2023 20:30,16.45
11/18/2023 20:30,17.108
11/18/2023 21:00,17.108
11/18/2023 21:00,17.108
11/18/2023 21:00,17.108
11/18/2023 21:00,16.45
11/18/2023 21:00,17.108
11/18/2023 21:30,17.108
11/18/2023 21:30,17.108
11/18/2023 21:30,16.45
11/18/2023 21:30,17.108
11/18/2023 21:30,17.108
11/18/2023 22:00,17.108
11/18/2023 22:00,17.108
11/18/2023 22:00,17.108
11/18/2023 22:00,17.108
11/18/2023 22:00,16.45
11/18/2023 22:30,17.108
11/18/2023 22:30,16.45
11/18/2023 22:30,17.108
11/18/2023 22:30,17.108
11/18/2023 22:30,17.108
11/18/2023 23:00,16.45
11/18/2023 23:00,17.108
11/18/2023 23:00,17.108
11/18/2023 23:00,17.108
11/18/2023 23:00,17.108
11/18/2023 23:30,17.108
11/18/2023 23:30,17.108
11/18/2023 23:30,17.108
11/18/2023 23:30,17.108
11/18/2023 23:30,16.45
11/19/2023 00:00,16.45
11/19/2023 00:30,16.45
11/19/2023 01:00,16.45
11/19/2023 01:30,16.45
11/19/2023 02:00,16.45
11/19/2023 02:30,16.45
11/19/2023 03:00,16.45
11/19/2023 03:30,16.45
11/19/2023 04:00,16.45
11/19/2023 04:30,16.45
11/19/2023 05:00,16.45
11/19/2023 05:30,16.45
11/19/2023 06:00,16.45
11/19/2023 06:30,16.45
11/19/2023 07:00,16.45
11/19/2023 07:30,16.45
11/19/2023 08:00,16.45
11/19/2023 08:30,16.45
11/19/2023 09:00,16.45
11/19/2023 09:30,16.45
11/19/2023 10:00,16.45
11/19/2023 10:30,16.45
11/19/2023 11:00,16.45
11/19/2023 11:30,16.45
11/19/2023 12:00,16.45
11/19/2023 12:30,16.45
11/19/2023 13:00,16.45
11/19/2023 13:30,16.45
11/19/2023 14:00,16.45
11/19/2023 14:30,16.45
11/19/2023 15:00,16.45
11/19/2023 15:30,16.45
11/19/2023 16:00,16.45
11/19/2023 16:30,16.45
11/19/2023 17:00,16.45
11/19/2023 17:30,16.45
11/19/2023 18:00,16.45
11/19/2023 18:30,16.45
11/19/2023 19:00,16.45
11/19/2023 19:30,16.45
11/19/2023 20:00,16.45
11/19/2023 20:30,16.45
11/19/2023 21:00,16.45
11/19/2023 21:30,16.45
11/19/2023 22:00,16.45
11/19/2023 22:30,16.45
11/19/2023 23:00,16.45
11/19/2023 23:30,16.45
11/20/2023 00:00,15.792
11/20/2023 00:30,15.792
11/20/2023 01:00,15.792
11/20/2023 01:30,15.792
11/20/2023 02:00,15.792
11/20/2023 02:30,15.792
11/20/2023 03:00,15.792
11/20/2023 03:30,15.792
11/20/2023 04:00,15.792
11/20/2023 04:30,15.792
11/20/2023 05:00,15.792
11/20/2023 05:30,15.792
11/20/2023 06:00,15.792
11/20/2023 06:30,15.792
11/20/2023 07:00,15.792
11/20/2023 07:30,15.792
11/20/2023 08:00,15.792
11/20/2023 08:30,15.792
11/20/2023 09:00,15.792
11/20/2023 09:30,15.792
11/20/2023 10:00,15.792
11/20/2023 10:30,15.792
11/20/2023 11:00,15.792
11/20/2023 11:30,15.792
11/20/2023 12:00,15.792
11/20/2023 12:30,15.792
11/20/2023 13:00,15.792
11/20/2023 13:30,15.792
11/20/2023 14:00,15.792
11/20/2023 14:30,15.792
11/20/2023 15:00,15.792
11/20/2023 15:30,15.792
11/20/2023 16:00,15.792
11/20/2023 16:30,15.792
11/20/2023 17:00,15.792
11/20/2023 17:30,15.792
11/20/2023 18:00,15.792
11/20/2023 18:30,15.792
11/20/2023 19:00,15.792
11/20/2023 19:30,15.792
11/20/2023 20:00,15.792
11/20/2023 20:30,15.792
11/20/2023 21:00,15.792
11/20/2023 21:30,15.792
11/20/2023 22:00,15.792
11/20/2023 22:30,15.792
11/20/2023 23:00,15.792
11/20/2023 23:30,15.792
11/21/2023 00:00,14.476
11/21/2023 00:30,14.476
11/21/2023 01:00,14.476
11/21/2023 01:30,14.476
11/21/2023 02:00,14.476
11/21/2023 02:30,14.476
11/21/2023 03:00,14.476
11/21/2023 03:30,14.476
11/21/2023 04:00,14.476
11/21/2023 04:30,14.476
11/21/2023 05:00,14.476
11/21/2023 05:30,14.476
11/21/2023 06:00,14.476
11/21/2023 06:30,14.476
11/21/2023 07:00,14.476
11/21/2023 07:30,14.476
11/21/2023 08:00,14.476
11/21/2023 08:30,14.476
11/21/2023 09:00,14.476
11/21/2023 09:30,14.476
11/21/2023 10:00,14.476
11/21/2023 10:30,14.476
11/21/2023 11:00,14.476
11/21/2023 11:30,14.476
11/21/2023 12:00,14.476
11/21/2023 12:30,14.476
11/21/2023 13:00,14.476
11/21/2023 13:30,14.476
11/21/2023 14:00,14.476
11/21/2023 14:30,14.476
11/21/2023 15:00,14.476
11/21/2023 15:30,14.476
11/21/2023 16:00,14.476
11/21/2023 16:30,14.476
11/21/2023 17:00,14.476
11/21/2023 17:30,14.476
11/21/2023 18:00,14.476
11/21/2023 18:30,14.476
11/21/2023 19:00,14.476
11/21/2023 19:30,14.476
11/21/2023 20:00,14.476
11/21/2023 20:30,14.476
11/21/2023 21:00,14.476
11/21/2023 21:30,14.476
11/21/2023 22:00,14.476
11/21/2023 22:30,14.476
11/21/2023 23:00,14.476
11/21/2023 23:30,14.476
11/22/2023 00:00,13.16
11/22/2023 00:30,13.16
11/22/2023 01:00,13.16
11/22/2023 01:30,13.16
11/22/2023 02:00,13.16
11/22/2023 02:30,13.16
11/22/2023 03:00,13.16
11/22/2023 03:30,13.16
11/22/2023 04:00,13.16
11/22/2023 04:30,13.16
11/22/2023 05:00,13.16
11/22/2023 05:30,13.16
11/22/2023 06:00,13.16
11/22/2023 06:30,13.16
11/22/2023 07:00,13.16
11/22/2023 07:30,13.16
11/22/2023 08:00,13.16
11/22/2023 08:30,13.16
11/22/2023 09:00,13.16
11/22/2023 09:30,13.16
11/22/2023 10:00,13.16
11/22/2023 10:30,13.16
11/22/2023 11:00,13.16
11/22/2023 11:30,13.16
11/22/2023 12:00,13.16
11/22/2023 12:30,13.16
11/22/2023 13:00,13.16
11/22/2023 13:30,13.16
11/22/2023 14:00,13.16
11/22/2023 14:30,13.16
11/22/2023 15:00,13.16
11/22/2023 15:30,13.16
11/22/2023 16:00,13.16
11/22/2023 16:30,13.16
11/22/2023 17:00,13.16
11/22/2023 17:30,13.16
11/22/2023 18:00,13.16
11/22/2023 18:30,13.16
11/22/2023 19:00,13.16
11/22/2023 19:30,13.16
11/22/2023 20:00,13.16
11/22/2023 20:30,13.16
11/22/2023 21:00,13.16
11/22/2023 21:30,13.16
11/22/2023 22:00,13.16
11/22/2023 22:30,13.16
11/22/2023 23:00,13.16
11/22/2023 23:30,13.16
11/23/2023 00:00,11.844
11/23/2023 00:30,11.844
11/23/2023 01:00,11.844
11/23/2023 01:30,11.844
11/23/2023 02:00,11.844
11/23/2023 02:30,11.844
11/23/2023 03:00,11.844
11/23/2023 03:30,11.844
11/23/2023 04:00,11.844
11/23/2023 04:30,11.844
11/23/2023 05:00,11.844
11/23/2023 05:30,11.844
11/23/2023 06:00,11.844
11/23/2023 06:30,11.844
11/23/2023 07:00,11.844
11/23/2023 07:30,11.844
11/23/2023 08:00,11.844
11/23/2023 08:30,11.844
11/23/2023 09:00,11.844
11/23/2023 09:30,11.844
11/23/2023 10:00,11.844
11/23/2023 10:30,11.844
11/23/2023 11:00,11.844
11/23/2023 11:30,11.844
11/23/2023 12:00,11.844
11/23/2023 12:30,11.844
11/23/2023 13:00,11.844
11/23/2023 13:30,11.844
11/23/2023 14:00,11.844
11/23/2023 14:30,11.844
11/23/2023 15:00,11.844
11/23/2023 15:30,11.844
11/23/2023 16:00,11.844
11/23/2023 16:30,11.844
11/23/2023 17:00,11.844
11/23/2023 17:30,11.844
11/23/2023 18:00,11.844
11/23/2023 18:30,11.844
11/23/2023 19:00,11.844
11/23/2023 19:30,11.844
11/23/2023 20:00,11.844
11/23/2023 20:30,11.844
11/23/2023 21:00,11.844
11/23/2023 21:30,11.844
11/23/2023 22:00,11.844
11/23/2023 22:30,11.844
11/23/2023 23:00,11.844
11/23/2023 23:30,11.844
11/24/2023 00:00,11.844
11/24/2023 00:30,11.844
11/24/2023 01:00,11.844
11/24/2023 01:30,11.844
11/24/2023 02:00,11.844
11/24/2023 02:30,11.844
11/24/2023 03:00,11.844
11/24/2023 03:30,11.844
11/24/2023 04:00,11.844
11/24/2023 04:30,11.844
11/24/2023 05:00,11.844
11/24/2023 05:30,11.844
11/24/2023 06:00,11.844
11/24/2023 06:30,11.844
11/24/2023 07:00,11.844
11/24/2023 07:30,11.844
11/24/2023 08:00,11.844
11/24/2023 08:30,11.844
11/24/2023 09:00,11.844
11/24/2023 09:30,11.844
11/24/2023 10:00,11.844
11/24/2023 10:30,11.844
11/24/2023 11:00,11.844
11/24/2023 11:30,11.844
11/24/2023 12:00,11.844
11/24/2023 12:30,11.844
11/24/2023 13:00,11.844
11/24/2023 13:30,11.844
11/24/2023 14:00,11.844
11/24/2023 14:30,11.844
11/24/2023 15:00,11.844
11/24/2023 15:30,11.844
11/24/2023 16:00,11.844
11/24/2023 16:30,11.844
11/24/2023 17:00,11.844
11/24/2023 17:30,11.844
11/24/2023 18:00,11.844
11/24/2023 18:30,11.844
11/24/2023 19:00,11.844
11/24/2023 19:30,11.844
11/24/2023 20:00,11.844
11/24/2023 20:30,11.844
11/24/2023 21:00,11.844
11/24/2023 21:30,11.844
11/24/2023 22:00,11.844
11/24/2023 22:30,11.844
11/24/2023 23:00,11.844
11/24/2023 23:30,11.844
11/25/2023 00:00,11.186
11/25/2023 00:30,11.186
11/25/2023 01:00,11.186
11/25/2023 01:30,11.186
11/25/2023 02:00,11.186
11/25/2023 02:30,11.186
11/25/2023 03:00,11.186
11/25/2023 03:30,11.186
11/25/2023 04:00,11.186
11/25/2023 04:30,11.186
11/25/2023 05:00,11.186
11/25/2023 05:30,11.186
11/25/2023 06:00,11.186
11/25/2023 06:30,11.186
11/25/2023 07:00,11.186
11/25/2023 07:30,11.186
11/25/2023 08:00,11.186
11/25/2023 08:30,11.186
11/25/2023 09:00,11.186
11/25/2023 09:30,11.186
11/25/2023 10:00,11.186
11/25/2023 10:30,11.186
11/25/2023 11:00,11.186
11/25/2023 11:30,11.186
11/25/2023 12:00,11.186
11/25/2023 12:30,11.186
11/25/2023 13:00,11.186
11/25/2023 13:30,11.186
11/25/2023 14:00,11.186
11/25/2023 14:30,11.186
11/25/2023 15:00,11.186
11/25/2023 15:30,11.186
11/25/2023 16:00,11.186
11/25/2023 16:30,11.186
11/25/2023 17:00,11.186
11/25/2023 17:30,11.186
11/25/2023 18:00,11.186
11/25/2023 18:30,11.186
11/25/2023 19:00,11.186
11/25/2023 19:30,11.186
11/25/2023 20:00,11.186
11/25/2023 20:30,11.186
11/25/2023 21:00,11.186
11/25/2023 21:30,11.186
11/25/2023 22:00,11.186
11/25/2023 22:30,11.186
11/25/2023 23:00,11.186
11/25/2023 23:30,11.186
11/26/2023 00:00,11.186
11/26/2023 00:30,11.186
11/26/2023 01:00,11.186
11/26/2023 01:30,11.186
11/26/2023 02:00,11.186
11/26/2023 02:30,11.186
11/26/2023 03:00,11.186
11/26/2023 03:30,11.186
11/26/2023 04:00,11.186
11/26/2023 04:30,11.186
11/26/2023 05:00,11.186
11/26/2023 05:30,11.186
11/26/2023 06:00,11.186
11/26/2023 06:30,11.186
11/26/2023 07:00,11.186
11/26/2023 07:30,11.186
11/26/2023 08:00,11.186
11/26/2023 08:30,11.186
11/26/2023 09:00,11.186
11/26/2023 09:30,11.186
11/26/2023 10:00,11.186
11/26/2023 10:30,11.186
11/26/2023 11:00,11.186
11/26/2023 11:30,11.186
11/26/2023 12:00,11.186
11/26/2023 12:30,11.186
11/26/2023 13:00,11.186
11/26/2023 13:30,11.186
11/26/2023 14:00,11.186
11/26/2023 14:30,11.186
11/26/2023 15:00,11.186
11/26/2023 15:30,11.186
11/26/2023 16:00,11.186
11/26/2023 16:30,11.186
11/26/2023 17:00,11.186
11/26/2023 17:30,11.186
11/26/2023 18:00,11.186
11/26/2023 18:30,11.186
11/26/2023 19:00,11.186
11/26/2023 19:30,11.186
11/26/2023 20:00,11.186
11/26/2023 20:30,11.186
11/26/2023 21:00,11.186
11/26/2023 21:30,11.186
11/26/2023 22:00,11.186
11/26/2023 22:30,11.186
11/26/2023 23:00,11.186
11/26/2023 23:30,11.186
11/27/2023 00:00,11.186
11/27/2023 00:30,11.186
11/27/2023 01:00,11.186
11/27/2023 01:30,11.186
11/27/2023 02:00,11.186
11/27/2023 02:30,11.186
11/27/2023 03:00,11.186
11/27/2023 03:30,11.186
11/27/2023 04:00,11.186
11/27/2023 04:30,11.186
11/27/2023 05:00,11.186
11/27/2023 05:30,11.186
11/27/2023 06:00,11.186
11/27/2023 06:30,11.186
11/27/2023 07:00,11.186
11/27/2023 07:30,11.186
11/27/2023 08:00,11.186
11/27/2023 08:30,11.186
11/27/2023 09:00,11.186
11/27/2023 09:30,11.186
11/27/2023 10:00,11.186
11/27/2023 10:30,11.186
11/27/2023 11:00,11.186
11/27/2023 11:30,11.186
11/27/2023 12:00,11.186
11/27/2023 12:30,11.186
11/27/2023 13:00,11.186
11/27/2023 13:30,11.186
11/27/2023 14:00,11.186
11/27/2023 14:30,11.186
11/27/2023 15:00,11.186
11/27/2023 15:30,11.186
11/27/2023 16:00,11.186
11/27/2023 16:30,11.186
11/27/2023 17:00,11.186
11/27/2023 17:30,11.186
11/27/2023 18:00,11.186
11/27/2023 18:30,11.186
11/27/2023 19:00,11.186
11/27/2023 19:30,11.186
11/27/2023 20:00,11.186
11/27/2023 20:30,11.186
11/27/2023 21:00,11.186
11/27/2023 21:30,11.186
11/27/2023 22:00,11.186
11/27/2023 22:30,11.186
11/27/2023 23:00,11.186
11/27/2023 23:30,11.186
11/28/2023 00:00,10.528
11/28/2023 00:30,10.528
11/28/2023 01:00,10.528
11/28/2023 01:30,10.528
11/28/2023 02:00,10.528
11/28/2023 02:30,10.528
11/28/2023 03:00,10.528
11/28/2023 03:30,10.528
11/28/2023 04:00,10.528
11/28/2023 04:30,10.528
11/28/2023 05:00,10.528
11/28/2023 05:30,10.528
11/28/2023 06:00,10.528
11/28/2023 06:30,10.528
11/28/2023 07:00,10.528
11/28/2023 07:30,10.528
11/28/2023 08:00,10.528
11/28/2023 08:30,10.528
11/28/2023 09:00,10.528
11/28/2023 09:30,10.528
11/28/2023 10:00,10.528
11/28/2023 10:30,10.528
11/28/2023 11:00,10.528
11/28/2023 11:30,10.528
11/28/2023 12:00,10.528
11/28/2023 12:30,10.528
11/28/2023 13:00,10.528
11/28/2023 13:30,10.528
11/28/2023 14:00,10.528
11/28/2023 14:30,10.528
11/28/2023 15:00,10.528
11/28/2023 15:30,10.528
11/28/2023 16:00,10.528
11/28/2023 16:30,10.528
11/28/2023 17:00,10.528
11/28/2023 17:30,10.528
11/28/2023 18:00,10.528
11/28/2023 18:30,10.528
11/28/2023 19:00,10.528
11/28/2023 19:30,10.528
11/28/2023 20:00,10.528
11/28/2023 20:30,10.528
11/28/2023 21:00,10.528
11/28/2023 21:30,10.528
11/28/2023 22:00,10.528
11/28/2023 22:30,10.528
11/28/2023 23:00,10.528
11/28/2023 23:30,10.528
11/29/2023 00:00,10.578
11/29/2023 00:30,10.578
11/29/2023 01:00,10.578
11/29/2023 01:30,10.578
11/29/2023 02:00,10.578
11/29/2023 02:30,10.578
11/29/2023 03:00,10.578
11/29/2023 03:30,10.578
11/29/2023 04:00,10.578
11/29/2023 04:30,10.578
11/29/2023 05:00,10.578
11/29/2023 05:30,10.578
11/29/2023 06:00,10.578
11/29/2023 06:30,10.578
11/29/2023 07:00,10.578
11/29/2023 07:30,10.578
11/29/2023 08:00,10.578
11/29/2023 08:30,10.578
11/29/2023 09:00,10.578
11/29/2023 09:30,10.578
11/29/2023 10:00,10.578
11/29/2023 10:30,10.578
11/29/2023 11:00,10.578
11/29/2023 11:30,10.578
11/29/2023 12:00,10.578
11/29/2023 12:30,10.578
11/29/2023 13:00,10.578
11/29/2023 13:30,10.578
11/29/2023 14:00,10.578
11/29/2023 14:30,10.578
11/29/2023 15:00,10.578
11/29/2023 15:30,10.578
11/29/2023 16:00,10.578
11/29/2023 16:30,10.578
11/29/2023 17:00,10.578
11/29/2023 17:30,10.578
11/29/2023 18:00,10.578
11/29/2023 18:30,10.578
11/29/2023 19:00,10.578
11/29/2023 19:30,10.578
11/29/2023 20:00,10.578
11/29/2023 20:30,10.578
11/29/2023 21:00,10.578
11/29/2023 21:30,10.578
11/29/2023 22:00,10.578
11/29/2023 22:30,10.578
11/29/2023 23:00,10.578
11/29/2023 23:30,10.578
11/30/2023 00:00,12.502
11/30/2023 00:30,12.502
11/30/2023 01:00,12.502
11/30/2023 01:30,12.502
11/30/2023 02:00,12.502
11/30/2023 02:30,12.502
11/30/2023 03:00,12.502
11/30/2023 03:30,12.502
11/30/2023 04:00,12.502
11/30/2023 04:30,12.502
11/30/2023 05:00,12.502
11/30/2023 05:30,12.502
11/30/2023 06:00,12.502
11/30/2023 06:30,12.502
11/30/2023 07:00,12.502
11/30/2023 07:30,12.502
11/30/2023 08:00,12.502
11/30/2023 08:30,12.502
11/30/2023 09:00,12.502
11/30/2023 09:30,12.502
11/30/2023 10:00,12.502
11/30/2023 10:30,12.502
11/30/2023 11:00,12.502
11/30/2023 11:30,12.502
11/30/2023 12:00,12.502
11/30/2023 12:30,12.502
11/30/2023 13:00,12.502
11/30/2023 13:30,12.502
11/30/2023 14:00,12.502
11/30/2023 14:30,12.502
11/30/2023 15:00,12.502
11/30/2023 15:30,12.502
11/30/2023 16:00,12.502
11/30/2023 16:30,12.502
11/30/2023 17:00,12.502
11/30/2023 17:30,12.502
11/30/2023 18:00,12.502
11/30/2023 18:30,12.502
11/30/2023 19:00,12.502
11/30/2023 19:30,12.502
11/30/2023 20:00,12.502
11/30/2023 20:30,12.502
11/30/2023 21:00,12.502
11/30/2023 21:30,12.502
11/30/2023 22:00,12.502
11/30/2023 22:30,12.502
11/30/2023 23:00,12.502
11/30/2023 23:30,12.502
12/01/2023 00:00,12.502
12/01/2023 00:30,12.502
12/01/2023 01:00,12.502
12/01/2023 01:30,12.502
12/01/2023 02:00,12.502
12/01/2023 02:30,12.502
12/01/2023 03:00,12.502
12/01/2023 03:30,12.502
12/01/2023 04:00,12.502
12/01/2023 04:30,12.502
12/01/2023 05:00,12.502
12/01/2023 05:30,12.502
12/01/2023 06:00,12.502
12/01/2023 06:30,12.502
12/01/2023 07:00,12.502
12/01/2023 07:30,12.502
12/01/2023 08:00,12.502
12/01/2023 08:30,12.502
12/01/2023 09:00,12.502
12/01/2023 09:30,12.502
12/01/2023 10:00,12.502
12/01/2023 10:30,12.502
12/01/2023 11:00,12.502
12/01/2023 11:30,12.502
12/01/2023 12:00,12.502
12/01/2023 12:30,12.502
12/01/2023 13:00,12.502
12/01/2023 13:30,12.502
12/01/2023 14:00,12.502
12/01/2023 14:30,12.502
12/01/2023 15:00,12.502
12/01/2023 15:30,12.502
12/01/2023 16:00,12.502
12/01/2023 16:30,12.502
12/01/2023 17:00,12.502
12/01/2023 17:30,12.502
12/01/2023 18:00,12.502
12/01/2023 18:30,12.502
12/01/2023 19:00,12.502
12/01/2023 19:30,12.502
12/01/2023 20:00,12.502
12/01/2023 20:30,12.502
12/01/2023 21:00,12.502
12/01/2023 21:30,12.502
12/01/2023 22:00,12.502
12/01/2023 22:30,12.502
12/01/2023 23:00,12.502
12/01/2023 23:30,12.502
12/02/2023 00:00,11.186
12/02/2023 00:30,11.186
12/02/2023 01:00,11.186
12/02/2023 01:30,11.186
12/02/2023 02:00,11.186
12/02/2023 02:30,11.186
12/02/2023 03:00,11.186
12/02/2023 03:30,11.186
12/02/2023 04:00,11.186
12/02/2023 04:30,11.186
12/02/2023 05:00,11.186
12/02/2023 05:30,11.186
12/02/2023 06:00,11.186
12/02/2023 06:30,11.186
12/02/2023 07:00,11.186
12/02/2023 07:30,11.186
12/02/2023 08:00,11.186
12/02/2023 08:30,11.186
12/02/2023 09:00,11.186
12/02/2023 09:30,11.186
12/02/2023 10:00,11.186
12/02/2023 10:30,11.186
12/02/2023 11:00,11.186
12/02/2023 11:30,11.186
12/02/2023 12:00,11.186
12/02/2023 12:30,11.186
12/02/2023 13:00,11.186
12/02/2023 13:30,11.186
12/02/2023 14:00,11.186
12/02/2023 14:30,11.186
12/02/2023 15:00,11.186
12/02/2023 15:30,11.186
12/02/2023 16:00,11.186
12/02/2023 16:30,11.186
12/02/2023 17:00,11.186
12/02/2023 17:30,11.186
12/02/2023 18:00,11.186
12/02/2023 18:30,11.186
12/02/2023 19:00,11.186
12/02/2023 19:30,11.186
12/02/2023 20:00,11.186
12/02/2023 20:30,11.186
12/02/2023 21:00,11.186
12/02/2023 21:30,11.186
12/02/2023 22:00,11.186
12/02/2023 22:30,11.186
12/02/2023 23:00,11.186
12/02/2023 23:30,11.186
12/03/2023 00:00,10.528
12/03/2023 00:30,10.528
12/03/2023 01:00,10.528
12/03/2023 01:30,10.528
12/03/2023 02:00,10.528
12/03/2023 02:30,10.528
12/03/2023 03:00,10.528
12/03/2023 03:30,10.528
12/03/2023 04:00,10.528
12/03/2023 04:30,10.528
12/03/2023 05:00,10.528
12/03/2023 05:30,10.528
12/03/2023 06:00,10.528
12/03/2023 06:30,10.528
12/03/2023 07:00,10.528
12/03/2023 07:30,10.528
12/03/2023 08:00,10.528
12/03/2023 08:30,10.528
12/03/2023 09:00,10.528
12/03/2023 09:30,10.528
12/03/2023 10:00,10.528
12/03/2023 10:30,10.528
12/03/2023 11:00,10.528
12/03/2023 11:30,10.528
12/03/2023 12:00,10.528
12/03/2023 12:30,10.528
12/03/2023 13:00,10.528
12/03/2023 13:30,10.528
12/03/2023 14:00,10.528
12/03/2023 14:30,10.528
12/03/2023 15:00,10.528
12/03/2023 15:30,10.528
12/03/2023 16:00,10.528
12/03/2023 16:30,10.528
12/03/2023 17:00,10.528
12/03/2023 17:30,10.528
12/03/2023 18:00,10.528
12/03/2023 18:30,10.528
12/03/2023 19:00,10.528
12/03/2023 19:30,10.528
12/03/2023 20:00,10.528
12/03/2023 20:30,10.528
12/03/2023 21:00,10.528
12/03/2023 21:30,10.528
12/03/2023 22:00,10.528
12/03/2023 22:30,10.528
12/03/2023 23:00,10.528
12/03/2023 23:30,10.528
12/04/2023 00:00,9.87
12/04/2023 00:30,9.87
12/04/2023 01:00,9.87
12/04/2023 01:30,9.87
12/04/2023 02:00,9.87
12/04/2023 02:30,9.87
12/04/2023 03:00,9.87
12/04/2023 03:30,9.87
12/04/2023 04:00,9.87
12/04/2023 04:30,9.87
12/04/2023 05:00,9.87
12/04/2023 05:30,9.87
12/04/2023 06:00,9.87
12/04/2023 06:30,9.87
12/04/2023 07:00,9.87
12/04/2023 07:30,9.87
12/04/2023 08:00,9.87
12/04/2023 08:30,9.87
12/04/2023 09:00,9.87
12/04/2023 09:30,9.87
12/04/2023 10:00,9.87
12/04/2023 10:30,9.87
12/04/2023 11:00,9.87
12/04/2023 11:30,9.87
12/04/2023 12:00,9.87
12/04/2023 12:30,9.87
12/04/2023 13:00,9.87
12/04/2023 13:30,9.87
12/04/2023 14:00,9.87
12/04/2023 14:30,9.87
12/04/2023 15:00,9.87
12/04/2023 15:30,9.87
12/04/2023 16:00,9.87
12/04/2023 16:30,9.87
12/04/2023 17:00,9.87
12/04/2023 17:30,9.87
12/04/2023 18:00,9.87
12/04/2023 18:30,9.87
12/04/2023 19:00,9.87
12/04/2023 19:30,9.87
12/04/2023 20:00,9.87
12/04/2023 20:30,9.87
12/04/2023 21:00,9.87
12/04/2023 21:30,9.87
12/04/2023 22:00,9.87
12/04/2023 22:30,9.87
12/04/2023 23:00,9.87
12/04/2023 23:30,9.87
12/05/2023 00:00,9.212
12/05/2023 00:30,9.212
12/05/2023 01:00,9.212
12/05/2023 01:30,9.212
12/05/2023 02:00,9.212
12/05/2023 02:30,9.212
12/05/2023 03:00,9.212
12/05/2023 03:30,9.212
12/05/2023 04:00,9.212
12/05/2023 04:30,9.212
12/05/2023 05:00,9.212
12/05/2023 05:30,9.212
12/05/2023 06:00,9.212
12/05/2023 06:30,9.212
12/05/2023 07:00,9.212
12/05/2023 07:30,9.212
12/05/2023 08:00,9.212
12/05/2023 08:30,9.212
12/05/2023 09:00,9.212
12/05/2023 09:30,9.212
12/05/2023 10:00,9.212
12/05/2023 10:30,9.212
12/05/2023 11:00,9.212
12/05/2023 11:30,9.212
12/05/2023 12:00,9.212
12/05/2023 12:30,9.212
12/05/2023 13:00,9.212
12/05/2023 13:30,9.212
12/05/2023 14:00,9.212
12/05/2023 14:30,9.212
12/05/2023 15:00,9.212
12/05/2023 15:30,9.212
12/05/2023 16:00,9.212
12/05/2023 16:30,9.212
12/05/2023 17:00,9.212
12/05/2023 17:30,9.212
12/05/2023 18:00,9.212
12/05/2023 18:30,9.212
12/05/2023 19:00,9.212
12/05/2023 19:30,9.212
12/05/2023 20:00,9.212
12/05/2023 20:30,9.212
12/05/2023 21:00,9.212
12/05/2023 21:30,9.212
12/05/2023 22:00,9.212
12/05/2023 22:30,9.212
12/05/2023 23:00,9.212
12/05/2023 23:30,9.212
12/06/2023 00:00,8.554
12/06/2023 00:30,8.554
12/06/2023 01:00,8.554
12/06/2023 01:30,8.554
12/06/2023 02:00,8.554
12/06/2023 02:30,8.554
12/06/2023 03:00,8.554
12/06/2023 03:30,8.554
12/06/2023 04:00,8.554
12/06/2023 04:30,8.554
12/06/2023 05:00,8.554
12/06/2023 05:30,8.554
12/06/2023 06:00,8.554
12/06/2023 06:30,8.554
12/06/2023 07:00,8.554
12/06/2023 07:30,8.554
12/06/2023 08:00,8.554
12/06/2023 08:30,8.554
12/06/2023 09:00,8.554
12/06/2023 09:30,8.554
12/06/2023 10:00,8.554
12/06/2023 10:30,8.554
12/06/2023 11:00,8.554
12/06/2023 11:30,8.554
12/06/2023 12:00,8.554
12/06/2023 12:30,8.554
12/06/2023 13:00,8.554
12/06/2023 13:30,8.554
12/06/2023 14:00,8.554
12/06/2023 14:30,8.554
12/06/2023 15:00,8.554
12/06/2023 15:30,8.554
12/06/2023 16:00,8.554
12/06/2023 16:30,8.554
12/06/2023 17:00,8.554
12/06/2023 17:30,8.554
12/06/2023 18:00,8.554
12/06/2023 18:30,8.554
12/06/2023 19:00,8.554
12/06/2023 19:30,8.554
12/06/2023 20:00,8.554
12/06/2023 20:30,8.554
12/06/2023 21:00,8.554
12/06/2023 21:30,8.554
12/06/2023 22:00,8.554
12/06/2023 22:30,8.554
12/06/2023 23:00,8.554
12/06/2023 23:30,8.554
12/07/2023 00:00,7.896
12/07/2023 00:30,7.896
12/07/2023 01:00,7.896
12/07/2023 01:30,7.896
12/07/2023 02:00,7.896
12/07/2023 02:30,7.896
12/07/2023 03:00,7.896
12/07/2023 03:30,7.896
12/07/2023 04:00,7.896
12/07/2023 04:30,7.896
12/07/2023 05:00,7.896
12/07/2023 05:30,7.896
12/07/2023 06:00,7.896
12/07/2023 06:30,7.896
12/07/2023 07:00,7.896
12/07/2023 07:30,7.896
12/07/2023 08:00,7.896
12/07/2023 08:30,7.896
12/07/2023 09:00,7.896
12/07/2023 09:30,7.896
12/07/2023 10:00,7.896
12/07/2023 10:30,7.896
12/07/2023 11:00,7.896
12/07/2023 11:30,7.896
12/07/2023 12:00,7.896
12/07/2023 12:30,7.896
12/07/2023 13:00,7.896
12/07/2023 13:30,7.896
12/07/2023 14:00,7.896
12/07/2023 14:30,7.896
12/07/2023 15:00,7.896
12/07/2023 15:30,7.896
12/07/2023 16:00,7.896
12/07/2023 16:30,7.896
12/07/2023 17:00,7.896
12/07/2023 17:30,7.896
12/07/2023 18:00,7.896
12/07/2023 18:30,7.896
12/07/2023 19:00,7.896
12/07/2023 19:30,7.896
12/07/2023 20:00,7.896
12/07/2023 20:30,7.896
12/07/2023 21:00,7.896
12/07/2023 21:30,7.896
12/07/2023 22:00,7.896
12/07/2023 22:30,7.896
12/07/2023 23:00,7.896
12/07/2023 23:30,7.896
12/08/2023 00:00,7.238
12/08/2023 00:30,7.238
12/08/2023 01:00,7.238
12/08/2023 01:30,7.238
12/08/2023 02:00,7.238
12/08/2023 02:30,7.238
12/08/2023 03:00,7.238
12/08/2023 03:30,7.238
12/08/2023 04:00,7.238
12/08/2023 04:30,7.238
12/08/2023 05:00,7.238
12/08/2023 05:30,7.238
12/08/2023 06:00,7.238
12/08/2023 06:30,7.238
12/08/2023 07:00,7.238
12/08/2023 07:30,7.238
12/08/2023 08:00,7.238
12/08/2023 08:30,7.238
12/08/2023 09:00,7.238
12/08/2023 09:30,7.238
12/08/2023 10:00,7.238
12/08/2023 10:30,7.238
12/08/2023 11:00,7.238
12/08/2023 11:30,7.238
12/08/2023 12:00,7.238
12/08/2023 12:30,7.238
12/08/2023 13:00,7.238
12/08/2023 13:30,7.238
12/08/2023 14:00,7.238
12/08/2023 14:30,7.238
12/08/2023 15:00,7.238
12/08/2023 15:30,7.238
12/08/2023 16:00,7.238
12/08/2023 16:30,7.238
12/08/2023 17:00,7.238
12/08/2023 17:30,7.238
12/08/2023 18:00,7.238
12/08/2023 18:30,7.238
12/08/2023 19:00,7.238
12/08/2023 19:30,7.238
12/08/2023 20:00,7.238
12/08/2023 20:30,7.238
12/08/2023 21:00,7.238
12/08/2023 21:30,7.238
12/08/2023 22:00,7.238
12/08/2023 22:30,7.238
12/08/2023 23:00,7.238
12/08/2023 23:30,7.238
12/09/2023 00:00,6.58
12/09/2023 00:30,6.58
12/09/2023 01:00,6.58
12/09/2023 01:30,6.58
12/09/2023 02:00,6.58
12/09/2023 02:30,6.58
12/09/2023 03:00,6.58
12/09/2023 03:30,6.58
12/09/2023 04:00,6.58
12/09/2023 04:30,6.58
12/09/2023 05:00,6.58
12/09/2023 05:30,6.58
12/09/2023 06:00,6.58
12/09/2023 06:30,6.58
12/09/2023 07:00,6.58
12/09/2023 07:30,6.58
12/09/2023 08:00,6.58
12/09/2023 08:30,6.58
12/09/2023 09:00,6.58
12/09/2023 09:30,6.58
12/09/2023 10:00,6.58
12/09/2023 10:30,6.58
12/09/2023 11:00,6.58
12/09/2023 11:30,6.58
12/09/2023 12:00,6.58
12/09/2023 12:30,6.58
12/09/2023 13:00,6.58
12/09/2023 13:30,6.58
12/09/2023 14:00,6.58
12/09/2023 14:30,6.58
12/09/2023 15:00,6.58
12/09/2023 15:30,6.58
12/09/2023 16:00,6.58
12/09/2023 16:30,6.58
12/09/2023 17:00,6.58
12/09/2023 17:30,6.58
12/09/2023 18:00,6.58
12/09/2023 18:30,6.58
12/09/2023 19:00,6.58
12/09/2023 19:30,6.58
12/09/2023 20:00,6.58
12/09/2023 20:30,6.58
12/09/2023 21:00,6.58
12/09/2023 21:30,6.58
12/09/2023 22:00,6.58
12/09/2023 22:30,6.58
12/09/2023 23:00,6.58
12/09/2023 23:30,6.58
12/10/2023 00:00,5.922
12/10/2023 00:30,5.922
12/10/2023 01:00,5.922
12/10/2023 01:30,5.922
12/10/2023 02:00,5.922
12/10/2023 02:30,5.922
12/10/2023 03:00,5.922
12/10/2023 03:30,5.922
12/10/2023 04:00,5.922
12/10/2023 04:30,5.922
12/10/2023 05:00,5.922
12/10/2023 05:30,5.922
12/10/2023 06:00,5.922
12/10/2023 06:30,5.922
12/10/2023 07:00,5.922
12/10/2023 07:30,5.922
12/10/2023 08:00,5.922
12/10/2023 08:30,5.922
12/10/2023 09:00,5.922
12/10/2023 09:30,5.922
12/10/2023 10:00,5.922
12/10/2023 10:30,5.922
12/10/2023 11:00,5.922
12/10/2023 11:30,5.922
12/10/2023 12:00,5.922
12/10/2023 12:30,5.922
12/10/2023 13:00,5.922
12/10/2023 13:30,5.922
12/10/2023 14:00,5.922
12/10/2023 14:30,5.922
12/10/2023 15:00,5.922
12/10/2023 15:30,5.922
12/10/2023 16:00,5.922
12/10/2023 16:30,5.922
12/10/2023 17:00,5.922
12/10/2023 17:30,5.922
12/10/2023 18:00,5.922
12/10/2023 18:30,5.922
12/10/2023 19:00,5.922
12/10/2023 19:30,5.922
12/10/2023 20:00,5.922
12/10/2023 20:30,5.922
12/10/2023 21:00,5.922
12/10/2023 21:30,5.922
12/10/2023 22:00,5.922
12/10/2023 22:30,5.922
12/10/2023 23:00,5.922
12/10/2023 23:30,5.922
12/11/2023 00:00,5.264
12/11/2023 00:30,5.264
12/11/2023 01:00,5.264
12/11/2023 01:30,5.264
12/11/2023 02:00,5.264
12/11/2023 02:30,5.264
12/11/2023 03:00,5.264
12/11/2023 03:30,5.264
12/11/2023 04:00,5.264
12/11/2023 04:30,5.264
12/11/2023 05:00,5.264
12/11/2023 05:30,5.264
12/11/2023 06:00,5.264
12/11/2023 06:30,5.264
12/11/2023 07:00,5.264
12/11/2023 07:30,5.264
12/11/2023 08:00,5.264
12/11/2023 08:30,5.264
12/11/2023 09:00,5.264
12/11/2023 09:30,5.264
12/11/2023 10:00,5.264
12/11/2023 10:30,5.264
12/11/2023 11:00,5.264
12/11/2023 11:30,5.264
12/11/2023 12:00,5.264
12/11/2023 12:30,5.264
12/11/2023 13:00,5.264
12/11/2023 13:30,5.264
12/11/2023 14:00,5.264
12/11/2023 14:30,5.264
12/11/2023 15:00,5.264
12/11/2023 15:30,5.264
12/11/2023 16:00,5.264
12/11/2023 16:30,5.264
12/11/2023 17:00,5.264
12/11/2023 17:30,5.264
12/11/2023 18:00,5.264
12/11/2023 18:30,5.264
12/11/2023 19:00,5.264
12/11/2023 19:30,5.264
12/11/2023 20:00,5.264
12/11/2023 20:30,5.264
12/11/2023 21:00,5.264
12/11/2023 21:30,5.264
12/11/2023 22:00,5.264
12/11/2023 22:30,5.264
12/11/2023 23:00,5.264
12/11/2023 23:30,5.264
12/12/2023 00:00,4.606
12/12/2023 00:30,4.606
12/12/2023 01:00,4.606
12/12/2023 01:30,4.606
12/12/2023 02:00,4.606
12/12/2023 02:30,4.606
12/12/2023 03:00,4.606
12/12/2023 03:30,4.606
12/12/2023 04:00,4.606
12/12/2023 04:30,4.606
12/12/2023 05:00,4.606
12/12/2023 05:30,4.606
12/12/2023 06:00,4.606
12/12/2023 06:30,4.606
12/12/2023 07:00,4.606
12/12/2023 07:30,4.606
12/12/2023 08:00,4.606
12/12/2023 08:30,4.606
12/12/2023 09:00,4.606
12/12/2023 09:30,4.606
12/12/2023 10:00,4.606
12/12/2023 10:30,4.606
12/12/2023 11:00,4.606
12/12/2023 11:30,4.606
12/12/2023 12:00,4.606
12/12/2023 12:30,4.606
12/12/2023 13:00,4.606
12/12/2023 13:30,4.606
12/12/2023 14:00,4.606
12/12/2023 14:30,4.606
12/12/2023 15:00,4.606
12/12/2023 15:30,4.606
12/12/2023 16:00,4.606
12/12/2023 16:30,4.606
12/12/2023 17:00,4.606
12/12/2023 17:30,4.606
12/12/2023 18:00,4.606
12/12/2023 18:30,4.606
12/12/2023 19:00,4.606
12/12/2023 19:30,4.606
12/12/2023 20:00,4.606
12/12/2023 20:30,4.606
12/12/2023 21:00,4.606
12/12/2023 21:30,4.606
12/12/2023 22:00,4.606
12/12/2023 22:30,4.606
12/12/2023 23:00,4.606
12/12/2023 23:30,4.606
12/13/2023 00:00,3.948
12/13/2023 00:30,3.948
12/13/2023 01:00,3.948
12/13/2023 01:30,3.948
12/13/2023 02:00,3.948
12/13/2023 02:30,3.948
12/13/2023 03:00,3.948
12/13/2023 03:30,3.948
12/13/2023 04:00,3.948
12/13/2023 04:30,3.948
12/13/2023 05:00,3.948
12/13/2023 05:30,3.948
12/13/2023 06:00,3.948
12/13/2023 06:30,3.948
12/13/2023 07:00,3.948
12/13/2023 07:30,3.948
12/13/2023 08:00,3.948
12/13/2023 08:30,3.948
12/13/2023 09:00,3.948
12/13/2023 09:30,3.948
12/13/2023 10:00,3.948
12/13/2023 10:30,3.948
12/13/2023 11:00,3.948
12/13/2023 11:30,3.948
12/13/2023 12:00,3.948
12/13/2023 12:30,3.948
12/13/2023 13:00,3.948
12/13/2023 13:30,3.948
12/13/2023 14:00,3.948
12/13/2023 14:30,3.948
12/13/2023 15:00,3.948
12/13/2023 15:30,3.948
12/13/2023 16:00,3.948
12/13/2023 16:30,3.948
12/13/2023 17:00,3.948
12/13/2023 17:30,3.948
12/13/2023 18:00,3.948
12/13/2023 18:30,3.948
12/13/2023 19:00,3.948
12/13/2023 19:30,3.948
12/13/2023 20:00,3.948
12/13/2023 20:30,3.948
12/13/2023 21:00,3.948
12/13/2023 21:30,3.948
12/13/2023 22:00,3.948
12/13/2023 22:30,3.948
12/13/2023 23:00,3.948
12/13/2023 23:30,3.948
12/14/2023 00:00,3.29
12/14/2023 00:30,3.29
12/14/2023 01:00,3.29
12/14/2023 01:30,3.29
12/14/2023 02:00,3.29
12/14/2023 02:30,3.29
12/14/2023 03:00,3.29
12/14/2023 03:30,3.29
12/14/2023 04:00,3.29
12/14/2023 04:30,3.29
12/14/2023 05:00,3.29
12/14/2023 05:30,3.29
12/14/2023 06:00,3.29
12/14/2023 06:30,3.29
12/14/2023 07:00,3.29
12/14/2023 07:30,3.29
12/14/2023 08:00,3.29
12/14/2023 08:30,3.29
12/14/2023 09:00,3.29
12/14/2023 09:30,3.29
12/14/2023 10:00,3.29
12/14/2023 10:30,3.29
12/14/2023 11:00,3.29
12/14/2023 11:30,3.29
12/14/2023 12:00,3.29
12/14/2023 12:30,3.29
12/14/2023 13:00,3.29
12/14/2023 13:30,3.29
12/14/2023 14:00,3.29
12/14/2023 14:30,3.29
12/14/2023 15:00,3.29
12/14/2023 15:30,3.29
12/14/2023 16:00,3.29
12/14/2023 16:30,3.29
12/14/2023 17:00,3.29
12/14/2023 17:30,3.29
12/14/2023 18:00,3.29
12/14/2023 18:30,3.29
12/14/2023 19:00,3.29
12/14/2023 19:30,3.29
12/14/2023 20:00,3.29
12/14/2023 20:30,3.29
12/14/2023 21:00,3.29
12/14/2023 21:30,3.29
12/14/2023 22:00,3.29
12/14/2023 22:30,3.29
12/14/2023 23:00,3.29
12/14/2023 23:30,3.29
12/15/2023 00:00,2.632
12/15/2023 00:30,2.632
12/15/2023 01:00,2.632
12/15/2023 01:30,2.632
12/15/2023 02:00,2.632
12/15/2023 02:30,2.632
12/15/2023 03:00,2.632
12/15/2023 03:30,2.632
12/15/2023 04:00,2.632
12/15/2023 04:30,2.632
12/15/2023 05:00,2.632
12/15/2023 05:30,2.632
12/15/2023 06:00,2.632
12/15/2023 06:30,2.632
12/15/2023 07:00,2.632
12/15/2023 07:30,2.632
12/15/2023 08:00,2.632
12/15/2023 08:30,2.632
12/15/2023 09:00,2.632
12/15/2023 09:30,2.632
12/15/2023 10:00,2.632
12/15/2023 10:30,2.632
12/15/2023 11:00,2.632
12/15/2023 11:30,2.632
12/15/2023 12:00,2.632
12/15/2023 12:30,2.632
12/15/2023 13:00,2.632
12/15/2023 13:30,2.632
12/15/2023 14:00,2.632
12/15/2023 14:30,2.632
12/15/2023 15:00,2.632
12/15/2023 15:30,2.632
12/15/2023 16:00,2.632
12/15/2023 16:30,2.632
12/15/2023 17:00,2.632
12/15/2023 17:30,2.632
12/15/2023 18:00,2.632
12/15/2023 18:30,2.632
12/15/2023 19:00,2.632
12/15/2023 19:30,2.632
12/15/2023 20:00,2.632
12/15/2023 20:30,2.632
12/15/2023 21:00,2.632
12/15/2023 21:30,2.632
12/15/2023 22:00,2.632
12/15/2023 22:30,2.632
12/15/2023 23:00,2.632
12/15/2023 23:30,2.632
12/16/2023 00:00,1.974
12/16/2023 00:30,1.974
12/16/2023 01:00,1.974
12/16/2023 01:30,1.974
12/16/2023 02:00,1.974
12/16/2023 02:30,1.974
12/16/2023 03:00,1.974
12/16/2023 03:30,1.974
12/16/2023 04:00,1.974
12/16/2023 04:30,1.974
12/16/2023 05:00,1.974
12/16/2023 05:30,1.974
12/16/2023 06:00,1.974
12/16/2023 06:30,1.974
12/16/2023 07:00,1.974
12/16/2023 07:30,1.974
12/16/2023 08:00,1.974
12/16/2023 08:30,1.974
12/16/2023 09:00,1.974
12/16/2023 09:30,1.974
12/16/2023 10:00,1.974
12/16/2023 10:30,1.974
12/16/2023 11:00,1.974
12/16/2023 11:30,1.974
12/16/2023 12:00,1.974
12/16/2023 12:30,1.974
12/16/2023 13:00,1.974
12/16/2023 13:30,1.974
12/16/2023 14:00,1.974
12/16/2023 14:30,1.974
12/16/2023 15:00,1.974
12/16/2023 15:30,1.974
12/16/2023 16:00,1.974
12/16/2023 16:30,1.974
12/16/2023 17:00,1.974
12/16/2023 17:30,1.974
12/16/2023 18:00,1.974
12/16/2023 18:30,1.974
12/16/2023 19:00,1.974
12/16/2023 19:30,1.974
12/16/2023 20:00,1.974
12/16/2023 20:30,1.974
12/16/2023 21:00,1.974
12/16/2023 21:30,1.974
12/16/2023 22:00,1.974
12/16/2023 22:30,1.974
12/16/2023 23:00,1.974
12/16/2023 23:30,1.974
12/17/2023 00:00,1.316
12/17/2023 00:30,1.316
12/17/2023 01:00,1.316
12/17/2023 01:30,1.316
12/17/2023 02:00,1.316
12/17/2023 02:30,1.316
12/17/2023 03:00,1.316
12/17/2023 03:30,1.316
12/17/2023 04:00,1.316
12/17/2023 04:30,1.316
12/17/2023 05:00,1.316
12/17/2023 05:30,1.316
12/17/2023 06:00,1.316
12/17/2023 06:30,1.316
12/17/2023 07:00,1.316
12/17/2023 07:30,1.316
12/17/2023 08:00,1.316
12/17/2023 08:30,1.316
12/17/2023 09:00,1.316
12/17/2023 09:30,1.316
12/17/2023 10:00,1.316
12/17/2023 10:30,1.316
12/17/2023 11:00,1.316
12/17/2023 11:30,1.316
12/17/2023 12:00,1.316
12/17/2023 12:30,1.316
12/17/2023 13:00,1.316
12/17/2023 13:30,1.316
12/17/2023 14:00,1.316
12/17/2023 14:30,1.316
12/17/2023 15:00,1.316
12/17/2023 15:30,1.316
12/17/2023 16:00,1.316
12/17/2023 16:30,1.316
12/17/2023 17:00,1.316
12/17/2023 17:30,1.316
12/17/2023 18:00,1.316
12/17/2023 18:30,1.316
12/17/2023 19:00,1.316
12/17/2023 19:30,1.316
12/17/2023 20:00,1.316
12/17/2023 20:30,1.316
12/17/2023 21:00,1.316
12/17/2023 21:30,1.316
12/17/2023 22:00,1.316
12/17/2023 22:30,1.316
12/17/2023 23:00,1.316
12/17/2023 23:30,1.316
12/18/2023 00:00,2.632
12/18/2023 00:30,2.632
12/18/2023 01:00,2.632
12/18/2023 01:30,2.632
12/18/2023 02:00,2.632
12/18/2023 02:30,2.632
12/18/2023 03:00,2.632
12/18/2023 03:30,2.632
12/18/2023 04:00,2.632
12/18/2023 04:30,2.632
12/18/2023 05:00,2.632
12/18/2023 05:30,2.632
12/18/2023 06:00,2.632
12/18/2023 06:30,2.632
12/18/2023 07:00,2.632
12/18/2023 07:30,2.632
12/18/2023 08:00,2.632
12/18/2023 08:30,2.632
12/18/2023 09:00,2.632
12/18/2023 09:30,2.632
12/18/2023 10:00,2.632
12/18/2023 10:30,2.632
12/18/2023 11:00,2.632
12/18/2023 11:30,2.632
12/18/2023 12:00,2.632
12/18/2023 12:30,2.632
12/18/2023 13:00,2.632
12/18/2023 13:30,2.632
12/18/2023 14:00,2.632
12/18/2023 14:30,2.632
12/18/2023 15:00,2.632
12/18/2023 15:30,2.632
12/18/2023 16:00,2.632
12/18/2023 16:30,2.632
12/18/2023 17:00,2.632
12/18/2023 17:30,2.632
12/18/2023 18:00,2.632
12/18/2023 18:30,2.632
12/18/2023 19:00,2.632
12/18/2023 19:30,2.632
12/18/2023 20:00,2.632
12/18/2023 20:30,2.632
12/18/2023 21:00,2.632
12/18/2023 21:30,2.632
12/18/2023 22:00,2.632
12/18/2023 22:30,2.632
12/18/2023 23:00,2.632
12/18/2023 23:30,2.632
12/19/2023 00:00,2.632
12/19/2023 00:30,2.632
12/19/2023 01:00,2.632
12/19/2023 01:30,2.632
12/19/2023 02:00,2.632
12/19/2023 02:30,2.632
12/19/2023 03:00,2.632
12/19/2023 03:30,2.632
12/19/2023 04:00,2.632
12/19/2023 04:30,2.632
12/19/2023 05:00,2.632
12/19/2023 05:30,2.632
12/19/2023 06:00,2.632
12/19/2023 06:30,2.632
12/19/2023 07:00,2.632
12/19/2023 07:30,2.632
12/19/2023 08:00,2.632
12/19/2023 08:30,2.632
12/19/2023 09:00,2.632
12/19/2023 09:30,2.632
12/19/2023 10:00,2.632
12/19/2023 10:30,2.632
12/19/2023 11:00,2.632
12/19/2023 11:30,2.632
12/19/2023 12:00,2.632
12/19/2023 12:30,2.632
12/19/2023 13:00,2.632
12/19/2023 13:30,2.632
12/19/2023 14:00,2.632
12/19/2023 14:30,2.632
12/19/2023 15:00,2.632
12/19/2023 15:30,2.632
12/19/2023 16:00,2.632
12/19/2023 16:30,2.632
12/19/2023 17:00,2.632
12/19/2023 17:30,2.632
12/19/2023 18:00,2.632
12/19/2023 18:30,2.632
12/19/2023 19:00,2.632
12/19/2023 19:30,2.632
12/19/2023 20:00,2.632
12/19/2023 20:30,2.632
12/19/2023 21:00,2.632
12/19/2023 21:30,2.632
12/19/2023 22:00,2.632
12/19/2023 22:30,2.632
12/19/2023 23:00,2.632
12/19/2023 23:30,2.632
12/20/2023 00:00,2.632
12/20/2023 00:30,2.632
12/20/2023 01:00,2.632
12/20/2023 01:30,2.632
12/20/2023 02:00,2.632
12/20/2023 02:30,2.632
12/20/2023 03:00,2.632
12/20/2023 03:30,2.632
12/20/2023 04:00,2.632
12/20/2023 04:30,2.632
12/20/2023 05:00,2.632
12/20/2023 05:30,2.632
12/20/2023 06:00,2.632
12/20/2023 06:30,2.632
12/20/2023 07:00,2.632
12/20/2023 07:30,2.632
12/20/2023 08:00,2.632
12/20/2023 08:30,2.632
12/20/2023 09:00,2.632
12/20/2023 09:30,2.632
12/20/2023 10:00,2.632
12/20/2023 10:30,2.632
12/20/2023 11:00,2.632
12/20/2023 11:30,2.632
12/20/2023 12:00,2.632
12/20/2023 12:30,2.632
12/20/2023 13:00,2.632
12/20/2023 13:30,2.632
12/20/2023 14:00,2.632
12/20/2023 14:30,2.632
12/20/2023 15:00,2.632
12/20/2023 15:30,2.632
12/20/2023 16:00,2.632
12/20/2023 16:30,2.632
12/20/2023 17:00,2.632
12/20/2023 17:30,2.632
12/20/2023 18:00,2.632
12/20/2023 18:30,2.632
12/20/2023 19:00,2.632
12/20/2023 19:30,2.632
12/20/2023 20:00,2.632
12/20/2023 20:30,2.632
12/20/2023 21:00,2.632
12/20/2023 21:30,2.632
12/20/2023 22:00,2.632
12/20/2023 22:30,2.632
12/20/2023 23:00,2.632
12/20/2023 23:30,2.632
12/21/2023 00:00,3.29
12/21/2023 00:30,3.29
12/21/2023 01:00,3.29
12/21/2023 01:30,3.29
12/21/2023 02:00,3.29
12/21/2023 02:30,3.29
12/21/2023 03:00,3.29
12/21/2023 03:30,3.29
12/21/2023 04:00,3.29
12/21/2023 04:30,3.29
12/21/2023 05:00,3.29
12/21/2023 05:30,3.29
12/21/2023 06:00,3.29
12/21/2023 06:30,3.29
12/21/2023 07:00,3.29
12/21/2023 07:30,3.29
12/21/2023 08:00,3.29
12/21/2023 08:30,3.29
12/21/2023 09:00,3.29
12/21/2023 09:30,3.29
12/21/2023 10:00,3.29
12/21/2023 10:30,3.29
12/21/2023 11:00,3.29
12/21/2023 11:30,3.29
12/21/2023 12:00,3.29
12/21/2023 12:30,3.29
12/21/2023 13:00,3.29
12/21/2023 13:30,3.29
12/21/2023 14:00,3.29
12/21/2023 14:30,3.29
12/21/2023 15:00,3.29
12/21/2023 15:30,3.29
12/21/2023 16:00,3.29
12/21/2023 16:30,3.29
12/21/2023 17:00,3.29
12/21/2023 17:30,3.29
12/21/2023 18:00,3.29
12/21/2023 18:30,3.29
12/21/2023 19:00,3.29
12/21/2023 19:30,3.29
12/21/2023 20:00,3.29
12/21/2023 20:30,3.29
12/21/2023 21:00,3.29
12/21/2023 21:30,3.29
12/21/2023 22:00,3.29
12/21/2023 22:30,3.29
12/21/2023 23:00,3.29
12/21/2023 23:30,3.29
12/22/2023 00:00,2.657
12/22/2023 00:30,2.657
12/22/2023 01:00,2.657
12/22/2023 01:30,2.657
12/22/2023 02:00,2.657
12/22/2023 02:30,2.657
12/22/2023 03:00,2.657
12/22/2023 03:30,2.657
12/22/2023 04:00,2.657
12/22/2023 04:30,2.657
12/22/2023 05:00,2.657
12/22/2023 05:30,2.657
12/22/2023 06:00,2.657
12/22/2023 06:30,2.657
12/22/2023 07:00,2.657
12/22/2023 07:30,2.657
12/22/2023 08:00,2.657
12/22/2023 08:30,2.657
12/22/2023 09:00,2.657
12/22/2023 09:30,2.657
12/22/2023 10:00,2.657
12/22/2023 10:30,2.657
12/22/2023 11:00,2.657
12/22/2023 11:30,2.657
12/22/2023 12:00,2.657
12/22/2023 12:30,2.657
12/22/2023 13:00,2.657
12/22/2023 13:30,2.657
12/22/2023 14:00,2.657
12/22/2023 14:30,2.657
12/22/2023 15:00,2.657
12/22/2023 15:30,2.657
12/22/2023 16:00,2.657
12/22/2023 16:30,2.657
12/22/2023 17:00,2.657
12/22/2023 17:30,2.657
12/22/2023 18:00,2.657
12/22/2023 18:30,2.657
12/22/2023 19:00,2.657
12/22/2023 19:30,2.657
12/22/2023 20:00,2.657
12/22/2023 20:30,2.657
12/22/2023 21:00,2.657
12/22/2023 21:30,2.657
12/22/2023 22:00,2.657
12/22/2023 22:30,2.657
12/22/2023 23:00,2.657
12/22/2023 23:30,2.657
12/23/2023 00:00,2.632
12/23/2023 00:30,2.632
12/23/2023 01:00,2.632
12/23/2023 01:30,2.632
12/23/2023 02:00,2.632
12/23/2023 02:30,2.632
12/23/2023 03:00,2.632
12/23/2023 03:30,2.632
12/23/2023 04:00,2.632
12/23/2023 04:30,2.632
12/23/2023 05:00,2.632
12/23/2023 05:30,2.632
12/23/2023 06:00,2.632
12/23/2023 06:30,2.632
12/23/2023 07:00,2.632
12/23/2023 07:30,2.632
12/23/2023 08:00,2.632
12/23/2023 08:30,2.632
12/23/2023 09:00,2.632
12/23/2023 09:30,2.632
12/23/2023 10:00,2.632
12/23/2023 10:30,2.632
12/23/2023 11:00,2.632
12/23/2023 11:30,2.632
12/23/2023 12:00,2.632
12/23/2023 12:30,2.632
12/23/2023 13:00,2.632
12/23/2023 13:30,2.632
12/23/2023 14:00,2.632
12/23/2023 14:30,2.632
12/23/2023 15:00,2.632
12/23/2023 15:30,2.632
12/23/2023 16:00,2.632
12/23/2023 16:30,2.632
12/23/2023 17:00,2.632
12/23/2023 17:30,2.632
12/23/2023 18:00,2.632
12/23/2023 18:30,2.632
12/23/2023 19:00,2.632
12/23/2023 19:30,2.632
12/23/2023 20:00,2.632
12/23/2023 20:30,2.632
12/23/2023 21:00,2.632
12/23/2023 21:30,2.632
12/23/2023 22:00,2.632
12/23/2023 22:30,2.632
12/23/2023 23:00,2.632
12/23/2023 23:30,2.632
12/24/2023 00:00,3.948
12/24/2023 00:30,3.948
12/24/2023 01:00,3.948
12/24/2023 01:30,3.948
12/24/2023 02:00,3.948
12/24/2023 02:30,3.948
12/24/2023 03:00,3.948
12/24/2023 03:30,3.948
12/24/2023 04:00,3.948
12/24/2023 04:30,3.948
12/24/2023 05:00,3.948
12/24/2023 05:30,3.948
12/24/2023 06:00,3.948
12/24/2023 06:30,3.948
12/24/2023 07:00,3.948
12/24/2023 07:30,3.948
12/24/2023 08:00,3.948
12/24/2023 08:30,3.948
12/24/2023 09:00,3.948
12/24/2023 09:30,3.948
12/24/2023 10:00,3.948
12/24/2023 10:30,3.948
12/24/2023 11:00,3.948
12/24/2023 11:30,3.948
12/24/2023 12:00,3.948
12/24/2023 12:30,3.948
12/24/2023 13:00,3.948
12/24/2023 13:30,3.948
12/24/2023 14:00,3.948
12/24/2023 14:30,3.948
12/24/2023 15:00,3.948
12/24/2023 15:30,3.948
12/24/2023 16:00,3.948
12/24/2023 16:30,3.948
12/24/2023 17:00,3.948
12/24/2023 17:30,3.948
12/24/2023 18:00,3.948
12/24/2023 18:30,3.948
12/24/2023 19:00,3.948
12/24/2023 19:30,3.948
12/24/2023 20:00,3.948
12/24/2023 20:30,3.948
12/24/2023 21:00,3.948
12/24/2023 21:30,3.948
12/24/2023 22:00,3.948
12/24/2023 22:30,3.948
12/24/2023 23:00,3.948
12/24/2023 23:30,3.948
12/25/2023 00:00,3.29
12/25/2023 00:30,3.29
12/25/2023 01:00,3.29
12/25/2023 01:30,3.29
12/25/2023 02:00,3.29
12/25/2023 02:30,3.29
12/25/2023 03:00,3.29
12/25/2023 03:30,3.29
12/25/2023 04:00,3.29
12/25/2023 04:30,3.29
12/25/2023 05:00,3.29
12/25/2023 05:30,3.29
12/25/2023 06:00,3.29
12/25/2023 06:30,3.29
12/25/2023 07:00,3.29
12/25/2023 07:30,3.29
12/25/2023 08:00,3.29
12/25/2023 08:30,3.29
12/25/2023 09:00,3.29
12/25/2023 09:30,3.29
12/25/2023 10:00,3.29
12/25/2023 10:30,3.29
12/25/2023 11:00,3.29
12/25/2023 11:30,3.29
12/25/2023 12:00,3.29
12/25/2023 12:30,3.29
12/25/2023 13:00,3.29
12/25/2023 13:30,3.29
12/25/2023 14:00,3.29
12/25/2023 14:30,3.29
12/25/2023 15:00,3.29
12/25/2023 15:30,3.29
12/25/2023 16:00,3.29
12/25/2023 16:30,3.29
12/25/2023 17:00,3.29
12/25/2023 17:30,3.29
12/25/2023 18:00,3.29
12/25/2023 18:30,3.29
12/25/2023 19:00,3.29
12/25/2023 19:30,3.29
12/25/2023 20:00,3.29
12/25/2023 20:30,3.29
12/25/2023 21:00,3.29
12/25/2023 21:30,3.29
12/25/2023 22:00,3.29
12/25/2023 22:30,3.29
12/25/2023 23:00,3.29
12/25/2023 23:30,3.29
12/26/2023 00:00,3.29
12/26/2023 00:30,3.29
12/26/2023 01:00,3.29
12/26/2023 01:30,3.29
12/26/2023 02:00,3.29
12/26/2023 02:30,3.29
12/26/2023 03:00,3.29
12/26/2023 03:30,3.29
12/26/2023 04:00,3.29
12/26/2023 04:30,3.29
12/26/2023 05:00,3.29
12/26/2023 05:30,3.29
12/26/2023 06:00,3.29
12/26/2023 06:30,3.29
12/26/2023 07:00,3.29
12/26/2023 07:30,3.29
12/26/2023 08:00,3.29
12/26/2023 08:30,3.29
12/26/2023 09:00,3.29
12/26/2023 09:30,3.29
12/26/2023 10:00,3.29
12/26/2023 10:30,3.29
12/26/2023 11:00,3.29
12/26/2023 11:30,3.29
12/26/2023 12:00,3.29
12/26/2023 12:30,3.29
12/26/2023 13:00,3.29
12/26/2023 13:30,3.29
12/26/2023 14:00,3.29
12/26/2023 14:30,3.29
12/26/2023 15:00,3.29
12/26/2023 15:30,3.29
12/26/2023 16:00,3.29
12/26/2023 16:30,3.29
12/26/2023 17:00,3.29
12/26/2023 17:30,3.29
12/26/2023 18:00,3.29
12/26/2023 18:30,3.29
12/26/2023 19:00,3.29
12/26/2023 19:30,3.29
12/26/2023 20:00,3.29
12/26/2023 20:30,3.29
12/26/2023 21:00,3.29
12/26/2023 21:30,3.29
12/26/2023 22:00,3.29
12/26/2023 22:30,3.29
12/26/2023 23:00,3.29
12/26/2023 23:30,3.29
12/27/2023 00:00,3.29
12/27/2023 00:30,3.29
12/27/2023 01:00,3.29
12/27/2023 01:30,3.29
12/27/2023 02:00,3.29
12/27/2023 02:30,3.29
12/27/2023 03:00,3.29
12/27/2023 03:30,3.29
12/27/2023 04:00,3.29
12/27/2023 04:30,3.29
12/27/2023 05:00,3.29
12/27/2023 05:30,3.29
12/27/2023 06:00,3.29
12/27/2023 06:30,3.29
12/27/2023 07:00,3.29
12/27/2023 07:30,3.29
12/27/2023 08:00,3.29
12/27/2023 08:30,3.29
12/27/2023 09:00,3.29
12/27/2023 09:30,3.29
12/27/2023 10:00,3.29
12/27/2023 10:30,3.29
12/27/2023 11:00,3.29
12/27/2023 11:30,3.29
12/27/2023 12:00,3.29
12/27/2023 12:30,3.29
12/27/2023 13:00,3.29
12/27/2023 13:30,3.29
12/27/2023 14:00,3.29
12/27/2023 14:30,3.29
12/27/2023 15:00,3.29
12/27/2023 15:30,3.29
12/27/2023 16:00,3.29
12/27/2023 16:30,3.29
12/27/2023 17:00,3.29
12/27/2023 17:30,3.29
12/27/2023 18:00,3.29
12/27/2023 18:30,3.29
12/27/2023 19:00,3.29
12/27/2023 19:30,3.29
12/27/2023 20:00,3.29
12/27/2023 20:30,3.29
12/27/2023 21:00,3.29
12/27/2023 21:30,3.29
12/27/2023 22:00,3.29
12/27/2023 22:30,3.29
12/27/2023 23:00,3.29
12/27/2023 23:30,3.29
12/28/2023 00:00,2.632
12/28/2023 00:30,2.632
12/28/2023 01:00,2.632
12/28/2023 01:30,2.632
12/28/2023 02:00,2.632
12/28/2023 02:30,2.632
12/28/2023 03:00,2.632
12/28/2023 03:30,2.632
12/28/2023 04:00,2.632
12/28/2023 04:30,2.632
12/28/2023 05:00,2.632
12/28/2023 05:30,2.632
12/28/2023 06:00,2.632
12/28/2023 06:30,2.632
12/28/2023 07:00,2.632
12/28/2023 07:30,2.632
12/28/2023 08:00,2.632
12/28/2023 08:30,2.632
12/28/2023 09:00,2.632
12/28/2023 09:30,2.632
12/28/2023 10:00,2.632
12/28/2023 10:30,2.632
12/28/2023 11:00,2.632
12/28/2023 11:30,2.632
12/28/2023 12:00,2.632
12/28/2023 12:30,2.632
12/28/2023 13:00,2.632
12/28/2023 13:30,2.632
12/28/2023 14:00,2.632
12/28/2023 14:30,2.632
12/28/2023 15:00,2.632
12/28/2023 15:30,2.632
12/28/2023 16:00,2.632
12/28/2023 16:30,2.632
12/28/2023 17:00,2.632
12/28/2023 17:30,2.632
12/28/2023 18:00,2.632
12/28/2023 18:30,2.632
12/28/2023 19:00,2.632
12/28/2023 19:30,2.632
12/28/2023 20:00,2.632
12/28/2023 20:30,2.632
12/28/2023 21:00,2.632
12/28/2023 21:30,2.632
12/28/2023 22:00,2.632
12/28/2023 22:30,2.632
12/28/2023 23:00,2.632
12/28/2023 23:30,2.632
12/29/2023 00:00,2.632
12/29/2023 00:30,2.632
12/29/2023 01:00,2.632
12/29/2023 01:30,2.632
12/29/2023 02:00,2.632
12/29/2023 02:30,2.632
12/29/2023 03:00,2.632
12/29/2023 03:30,2.632
12/29/2023 04:00,2.632
12/29/2023 04:30,2.632
12/29/2023 05:00,2.632
12/29/2023 05:30,2.632
12/29/2023 06:00,2.632
12/29/2023 06:30,2.632
12/29/2023 07:00,2.632
12/29/2023 07:30,2.632
12/29/2023 08:00,2.632
12/29/2023 08:30,2.632
12/29/2023 09:00,2.632
12/29/2023 09:30,2.632
12/29/2023 10:00,2.632
12/29/2023 10:30,2.632
12/29/2023 11:00,2.632
12/29/2023 11:30,2.632
12/29/2023 12:00,2.632
12/29/2023 12:30,2.632
12/29/2023 13:00,2.632
12/29/2023 13:30,2.632
12/29/2023 14:00,2.632
12/29/2023 14:30,2.632
12/29/2023 15:00,2.632
12/29/2023 15:30,2.632
12/29/2023 16:00,2.632
12/29/2023 16:30,2.632
12/29/2023 17:00,2.632
12/29/2023 17:30,2.632
12/29/2023 18:00,2.632
12/29/2023 18:30,2.632
12/29/2023 19:00,2.632
12/29/2023 19:30,2.632
12/29/2023 20:00,2.632
12/29/2023 20:30,2.632
12/29/2023 21:00,2.632
12/29/2023 21:30,2.632
12/29/2023 22:00,2.632
12/29/2023 22:30,2.632
12/29/2023 23:00,2.632
12/29/2023 23:30,2.632
12/30/2023 00:00,2.632
12/30/2023 00:30,2.632
12/30/2023 01:00,2.632
12/30/2023 01:30,2.632
12/30/2023 02:00,2.632
12/30/2023 02:30,2.632
12/30/2023 03:00,2.632
12/30/2023 03:30,2.632
12/30/2023 04:00,2.632
12/30/2023 04:30,2.632
12/30/2023 05:00,2.632
12/30/2023 05:30,2.632
12/30/2023 06:00,2.632
12/30/2023 06:30,2.632
12/30/2023 07:00,2.632
12/30/2023 07:30,2.632
12/30/2023 08:00,2.632
12/30/2023 08:30,2.632
12/30/2023 09:00,2.632
12/30/2023 09:30,2.632
12/30/2023 10:00,2.632
12/30/2023 10:30,2.632
12/30/2023 11:00,2.632
12/30/2023 11:30,2.632
12/30/2023 12:00,2.632
12/30/2023 12:30,2.632
12/30/2023 13:00,2.632
12/30/2023 13:30,2.632
12/30/2023 14:00,2.632
12/30/2023 14:30,2.632
12/30/2023 15:00,2.632
12/30/2023 15:30,2.632
12/30/2023 16:00,2.632
12/30/2023 16:30,2.632
12/30/2023 17:00,2.632
12/30/2023 17:30,2.632
12/30/2023 18:00,2.632
12/30/2023 18:30,2.632
12/30/2023 19:00,2.632
12/30/2023 19:30,2.632
12/30/2023 20:00,2.632
12/30/2023 20:30,2.632
12/30/2023 21:00,2.632
12/30/2023 21:30,2.632
12/30/2023 22:00,2.632
12/30/2023 22:30,2.632
12/30/2023 23:00,2.632
12/30/2023 23:30,2.632
12/31/2023 00:00,2.632
12/31/2023 00:30,2.632
12/31/2023 01:00,2.632
12/31/2023 01:30,2.632
12/31/2023 02:00,2.632
12/31/2023 02:30,2.632
12/31/2023 03:00,2.632
12/31/2023 03:30,2.632
12/31/2023 04:00,2.632
12/31/2023 04:30,2.632
12/31/2023 05:00,2.632
12/31/2023 05:30,2.632
12/31/2023 06:00,2.632
12/31/2023 06:30,2.632
12/31/2023 07:00,2.632
12/31/2023 07:30,2.632
12/31/2023 08:00,2.632
12/31/2023 08:30,2.632
12/31/2023 09:00,2.632
12/31/2023 09:30,2.632
12/31/2023 10:00,2.632
12/31/2023 10:30,2.632
12/31/2023 11:00,2.632
12/31/2023 11:30,2.632
12/31/2023 12:00,2.632
12/31/2023 12:30,2.632
12/31/2023 13:00,2.632
12/31/2023 13:30,2.632
12/31/2023 14:00,2.632
12/31/2023 14:30,2.632
12/31/2023 15:00,2.632
12/31/2023 15:30,2.632
12/31/2023 16:00,2.632
12/31/2023 16:30,2.632
12/31/2023 17:00,2.632
12/31/2023 17:30,2.632
12/31/2023 18:00,2.632
12/31/2023 18:30,2.632
12/31/2023 19:00,2.632
12/31/2023 19:30,2.632
12/31/2023 20:00,2.632
12/31/2023 20:30,2.632
12/31/2023 21:00,2.632
12/31/2023 21:30,2.632
12/31/2023 22:00,2.632
12/31/2023 22:30,2.632
12/31/2023 23:00,2.632
12/31/2023 23:30,2.632
