01/01/2023 00:00,0.0
01/01/2023 00:30,0.0
01/01/2023 01:00,0.0
01/01/2023 01:30,0.0
01/01/2023 02:00,0.0
01/01/2023 02:30,0.0
01/01/2023 03:00,0.0
01/01/2023 03:30,0.0
01/01/2023 04:00,0.0
01/01/2023 04:30,0.0
01/01/2023 05:00,0.0
01/01/2023 05:30,0.0
01/01/2023 06:00,0.0
01/01/2023 06:30,0.0
01/01/2023 07:00,0.0
01/01/2023 07:30,0.0
01/01/2023 08:00,0.0
01/01/2023 08:30,0.0
01/01/2023 09:00,0.0
01/01/2023 09:30,0.0
01/01/2023 10:00,0.0
01/01/2023 10:30,0.0
01/01/2023 11:00,0.0
01/01/2023 11:30,0.0
01/01/2023 12:00,0.0
01/01/2023 12:30,0.0
01/01/2023 13:00,0.0
01/01/2023 13:30,0.0
01/01/2023 14:00,0.0
01/01/2023 14:30,0.0
01/01/2023 15:00,0.0
01/01/2023 15:30,0.0
01/01/2023 16:00,0.0
01/01/2023 16:30,0.0
01/01/2023 17:00,0.0
01/01/2023 17:30,0.0
01/01/2023 18:00,0.0
01/01/2023 18:30,0.0
01/01/2023 19:00,0.0
01/01/2023 19:30,0.0
01/01/2023 20:00,0.0
01/01/2023 20:30,0.0
01/01/2023 21:00,0.0
01/01/2023 21:30,0.0
01/01/2023 22:00,0.0
01/01/2023 22:30,0.0
01/01/2023 23:00,0.0
01/01/2023 23:30,0.0
01/02/2023 00:00,0.0
01/02/2023 00:30,0.0
01/02/2023 01:00,0.0
01/02/2023 01:30,0.0
01/02/2023 02:00,0.0
01/02/2023 02:30,0.0
01/02/2023 03:00,0.0
01/02/2023 03:30,0.0
01/02/2023 04:00,0.0
01/02/2023 04:30,0.0
01/02/2023 05:00,0.0
01/02/2023 05:30,0.0
01/02/2023 06:00,0.0
01/02/2023 06:30,0.0
01/02/2023 07:00,0.0
01/02/2023 07:30,0.0
01/02/2023 08:00,0.0
01/02/2023 08:30,0.0
01/02/2023 09:00,0.0
01/02/2023 09:30,0.0
01/02/2023 10:00,0.0
01/02/2023 10:30,0.0
01/02/2023 11:00,0.0
01/02/2023 11:30,0.0
01/02/2023 12:00,0.0
01/02/2023 12:30,0.0
01/02/2023 13:00,0.0
01/02/2023 13:30,0.0
01/02/2023 14:00,0.0
01/02/2023 14:30,0.0
01/02/2023 15:00,0.0
01/02/2023 15:30,0.0
01/02/2023 16:00,0.0
01/02/2023 16:30,0.0
01/02/2023 17:00,0.0
01/02/2023 17:30,0.0
01/02/2023 18:00,0.0
01/02/2023 18:30,0.0
01/02/2023 19:00,0.0
01/02/2023 19:30,0.0
01/02/2023 20:00,0.0
01/02/2023 20:30,0.0
01/02/2023 21:00,0.0
01/02/2023 21:30,0.0
01/02/2023 22:00,0.0
01/02/2023 22:30,0.0
01/02/2023 23:00,0.0
01/02/2023 23:30,0.0
01/03/2023 00:00,0.0
01/03/2023 00:30,0.0
01/03/2023 01:00,0.0
01/03/2023 01:30,0.0
01/03/2023 02:00,0.0
01/03/2023 02:30,0.0
01/03/2023 03:00,0.0
01/03/2023 03:30,0.0
01/03/2023 04:00,0.0
01/03/2023 04:30,0.0
01/03/2023 05:00,0.0
01/03/2023 05:30,0.0
01/03/2023 06:00,0.0
01/03/2023 06:30,0.0
01/03/2023 07:00,0.0
01/03/2023 07:30,0.0
01/03/2023 08:00,0.0
01/03/2023 08:30,0.0
01/03/2023 09:00,0.0
01/03/2023 09:30,0.0
01/03/2023 10:00,0.0
01/03/2023 10:30,0.0
01/03/2023 11:00,0.0
01/03/2023 11:30,0.0
01/03/2023 12:00,0.0
01/03/2023 12:30,0.0
01/03/2023 13:00,0.0
01/03/2023 13:30,0.0
01/03/2023 14:00,0.0
01/03/2023 14:30,0.0
01/03/2023 15:00,0.0
01/03/2023 15:30,0.0
01/03/2023 16:00,0.0
01/03/2023 16:30,0.0
01/03/2023 17:00,0.0
01/03/2023 17:30,0.0
01/03/2023 18:00,0.0
01/03/2023 18:30,0.0
01/03/2023 19:00,0.0
01/03/2023 19:30,0.0
01/03/2023 20:00,0.0
01/03/2023 20:30,0.0
01/03/2023 21:00,0.0
01/03/2023 21:30,0.0
01/03/2023 22:00,0.0
01/03/2023 22:30,0.0
01/03/2023 23:00,0.0
01/03/2023 23:30,0.0
01/04/2023 00:00,0.0
01/04/2023 00:30,0.0
01/04/2023 01:00,0.0
01/04/2023 01:30,0.0
01/04/2023 02:00,0.0
01/04/2023 02:30,0.0
01/04/2023 03:00,0.0
01/04/2023 03:30,0.0
01/04/2023 04:00,0.0
01/04/2023 04:30,0.0
01/04/2023 05:00,0.0
01/04/2023 05:30,0.0
01/04/2023 06:00,0.0
01/04/2023 06:30,0.0
01/04/2023 07:00,0.0
01/04/2023 07:30,0.0
01/04/2023 08:00,0.0
01/04/2023 08:30,0.0
01/04/2023 09:00,0.0
01/04/2023 09:30,0.0
01/04/2023 10:00,0.0
01/04/2023 10:30,0.0
01/04/2023 11:00,0.0
01/04/2023 11:30,0.0
01/04/2023 12:00,0.0
01/04/2023 12:30,0.0
01/04/2023 13:00,0.0
01/04/2023 13:30,0.0
01/04/2023 14:00,0.0
01/04/2023 14:30,0.0
01/04/2023 15:00,0.0
01/04/2023 15:30,0.0
01/04/2023 16:00,0.0
01/04/2023 16:30,0.0
01/04/2023 17:00,0.0
01/04/2023 17:30,0.0
01/04/2023 18:00,0.0
01/04/2023 18:30,0.0
01/04/2023 19:00,0.0
01/04/2023 19:30,0.0
01/04/2023 20:00,0.0
01/04/2023 20:30,0.0
01/04/2023 21:00,0.0
01/04/2023 21:30,0.0
01/04/2023 22:00,0.0
01/04/2023 22:30,0.0
01/04/2023 23:00,0.0
01/04/2023 23:30,0.0
01/05/2023 00:00,0.0
01/05/2023 00:30,0.0
01/05/2023 01:00,0.0
01/05/2023 01:30,0.0
01/05/2023 02:00,0.0
01/05/2023 02:30,0.0
01/05/2023 03:00,0.0
01/05/2023 03:30,0.0
01/05/2023 04:00,0.0
01/05/2023 04:30,0.0
01/05/2023 05:00,0.0
01/05/2023 05:30,0.0
01/05/2023 06:00,0.0
01/05/2023 06:30,0.0
01/05/2023 07:00,0.0
01/05/2023 07:30,0.0
01/05/2023 08:00,0.0
01/05/2023 08:30,0.0
01/05/2023 09:00,0.0
01/05/2023 09:30,0.0
01/05/2023 10:00,0.0
01/05/2023 10:30,0.0
01/05/2023 11:00,0.0
01/05/2023 11:30,0.0
01/05/2023 12:00,0.0
01/05/2023 12:30,0.0
01/05/2023 13:00,0.0
01/05/2023 13:30,0.0
01/05/2023 14:00,0.0
01/05/2023 14:30,0.0
01/05/2023 15:00,0.0
01/05/2023 15:30,0.0
01/05/2023 16:00,0.0
01/05/2023 16:30,0.0
01/05/2023 17:00,0.0
01/05/2023 17:30,0.0
01/05/2023 18:00,0.0
01/05/2023 18:30,0.0
01/05/2023 19:00,0.0
01/05/2023 19:30,0.0
01/05/2023 20:00,0.0
01/05/2023 20:30,0.0
01/05/2023 21:00,0.0
01/05/2023 21:30,0.0
01/05/2023 22:00,0.0
01/05/2023 22:30,0.0
01/05/2023 23:00,0.0
01/05/2023 23:30,0.0
01/06/2023 00:00,0.0
01/06/2023 00:30,0.0
01/06/2023 01:00,0.0
01/06/2023 01:30,0.0
01/06/2023 02:00,0.0
01/06/2023 02:30,0.0
01/06/2023 03:00,0.0
01/06/2023 03:30,0.0
01/06/2023 04:00,0.0
01/06/2023 04:30,0.0
01/06/2023 05:00,0.0
01/06/2023 05:30,0.0
01/06/2023 06:00,0.0
01/06/2023 06:30,0.0
01/06/2023 07:00,0.0
01/06/2023 07:30,0.0
01/06/2023 08:00,0.0
01/06/2023 08:30,0.0
01/06/2023 09:00,0.0
01/06/2023 09:30,0.0
01/06/2023 10:00,0.0
01/06/2023 10:30,0.0
01/06/2023 11:00,0.0
01/06/2023 11:30,0.0
01/06/2023 12:00,0.0
01/06/2023 12:30,0.0
01/06/2023 13:00,0.0
01/06/2023 13:30,0.0
01/06/2023 14:00,0.0
01/06/2023 14:30,0.0
01/06/2023 15:00,0.0
01/06/2023 15:30,0.0
01/06/2023 16:00,0.0
01/06/2023 16:30,0.0
01/06/2023 17:00,0.0
01/06/2023 17:30,0.0
01/06/2023 18:00,0.0
01/06/2023 18:30,0.0
01/06/2023 19:00,0.0
01/06/2023 19:30,0.0
01/06/2023 20:00,0.0
01/06/2023 20:30,0.0
01/06/2023 21:00,0.0
01/06/2023 21:30,0.0
01/06/2023 22:00,0.0
01/06/2023 22:30,0.0
01/06/2023 23:00,0.0
01/06/2023 23:30,0.0
01/07/2023 00:00,0.0
01/07/2023 00:30,0.0
01/07/2023 01:00,0.0
01/07/2023 01:30,0.0
01/07/2023 02:00,0.0
01/07/2023 02:30,0.0
01/07/2023 03:00,0.0
01/07/2023 03:30,0.0
01/07/2023 04:00,0.0
01/07/2023 04:30,0.0
01/07/2023 05:00,0.0
01/07/2023 05:30,0.0
01/07/2023 06:00,0.0
01/07/2023 06:30,0.0
01/07/2023 07:00,0.0
01/07/2023 07:30,0.0
01/07/2023 08:00,0.0
01/07/2023 08:30,0.0
01/07/2023 09:00,0.0
01/07/2023 09:30,0.0
01/07/2023 10:00,0.0
01/07/2023 10:30,0.0
01/07/2023 11:00,0.0
01/07/2023 11:30,0.0
01/07/2023 12:00,0.0
01/07/2023 12:30,0.0
01/07/2023 13:00,0.0
01/07/2023 13:30,0.0
01/07/2023 14:00,0.0
01/07/2023 14:30,0.0
01/07/2023 15:00,0.0
01/07/2023 15:30,0.0
01/07/2023 16:00,0.0
01/07/2023 16:30,0.0
01/07/2023 17:00,0.0
01/07/2023 17:30,0.0
01/07/2023 18:00,0.0
01/07/2023 18:30,0.0
01/07/2023 19:00,0.0
01/07/2023 19:30,0.0
01/07/2023 20:00,0.0
01/07/2023 20:30,0.0
01/07/2023 21:00,0.0
01/07/2023 21:30,0.0
01/07/2023 22:00,0.0
01/07/2023 22:30,0.0
01/07/2023 23:00,0.0
01/07/2023 23:30,0.0
01/08/2023 00:00,0.0
01/08/2023 00:30,0.0
01/08/2023 01:00,0.0
01/08/2023 01:30,0.0
01/08/2023 02:00,0.0
01/08/2023 02:30,0.0
01/08/2023 03:00,0.0
01/08/2023 03:30,0.0
01/08/2023 04:00,0.0
01/08/2023 04:30,0.0
01/08/2023 05:00,0.0
01/08/2023 05:30,0.0
01/08/2023 06:00,0.0
01/08/2023 06:30,0.0
01/08/2023 07:00,0.0
01/08/2023 07:30,0.0
01/08/2023 08:00,0.0
01/08/2023 08:30,0.0
01/08/2023 09:00,0.0
01/08/2023 09:30,0.0
01/08/2023 10:00,0.0
01/08/2023 10:30,0.0
01/08/2023 11:00,0.0
01/08/2023 11:30,0.0
01/08/2023 12:00,0.0
01/08/2023 12:30,0.0
01/08/2023 13:00,0.0
01/08/2023 13:30,0.0
01/08/2023 14:00,0.0
01/08/2023 14:30,0.0
01/08/2023 15:00,0.0
01/08/2023 15:30,0.0
01/08/2023 16:00,0.0
01/08/2023 16:30,0.0
01/08/2023 17:00,0.0
01/08/2023 17:30,0.0
01/08/2023 18:00,0.0
01/08/2023 18:30,0.0
01/08/2023 19:00,0.0
01/08/2023 19:30,0.0
01/08/2023 20:00,0.0
01/08/2023 20:30,0.0
01/08/2023 21:00,0.0
01/08/2023 21:30,0.0
01/08/2023 22:00,0.0
01/08/2023 22:30,0.0
01/08/2023 23:00,0.0
01/08/2023 23:30,0.0
01/09/2023 00:00,0.0
01/09/2023 00:30,0.0
01/09/2023 01:00,0.0
01/09/2023 01:30,0.0
01/09/2023 02:00,0.0
01/09/2023 02:30,0.0
01/09/2023 03:00,0.0
01/09/2023 03:30,0.0
01/09/2023 04:00,0.0
01/09/2023 04:30,0.0
01/09/2023 05:00,0.0
01/09/2023 05:30,0.0
01/09/2023 06:00,0.0
01/09/2023 06:30,0.0
01/09/2023 07:00,0.0
01/09/2023 07:30,0.0
01/09/2023 08:00,0.0
01/09/2023 08:30,0.0
01/09/2023 09:00,0.0
01/09/2023 09:30,0.0
01/09/2023 10:00,0.0
01/09/2023 10:30,0.0
01/09/2023 11:00,0.0
01/09/2023 11:30,0.0
01/09/2023 12:00,0.0
01/09/2023 12:30,0.0
01/09/2023 13:00,0.0
01/09/2023 13:30,0.0
01/09/2023 14:00,0.0
01/09/2023 14:30,0.0
01/09/2023 15:00,0.0
01/09/2023 15:30,0.0
01/09/2023 16:00,0.0
01/09/2023 16:30,0.0
01/09/2023 17:00,0.0
01/09/2023 17:30,0.0
01/09/2023 18:00,0.0
01/09/2023 18:30,0.0
01/09/2023 19:00,0.0
01/09/2023 19:30,0.0
01/09/2023 20:00,0.0
01/09/2023 20:30,0.0
01/09/2023 21:00,0.0
01/09/2023 21:30,0.0
01/09/2023 22:00,0.0
01/09/2023 22:30,0.0
01/09/2023 23:00,0.0
01/09/2023 23:30,0.0
01/10/2023 00:00,0.0
01/10/2023 00:30,0.0
01/10/2023 01:00,0.0
01/10/2023 01:30,0.0
01/10/2023 02:00,0.0
01/10/2023 02:30,0.0
01/10/2023 03:00,0.0
01/10/2023 03:30,0.0
01/10/2023 04:00,0.0
01/10/2023 04:30,0.0
01/10/2023 05:00,0.0
01/10/2023 05:30,0.0
01/10/2023 06:00,0.0
01/10/2023 06:30,0.0
01/10/2023 07:00,0.0
01/10/2023 07:30,0.0
01/10/2023 08:00,0.0
01/10/2023 08:30,0.0
01/10/2023 09:00,0.0
01/10/2023 09:30,0.0
01/10/2023 10:00,0.0
01/10/2023 10:30,0.0
01/10/2023 11:00,0.0
01/10/2023 11:30,0.0
01/10/2023 12:00,0.0
01/10/2023 12:30,0.0
01/10/2023 13:00,0.0
01/10/2023 13:30,0.0
01/10/2023 14:00,0.0
01/10/2023 14:30,0.0
01/10/2023 15:00,0.0
01/10/2023 15:30,0.0
01/10/2023 16:00,0.0
01/10/2023 16:30,0.0
01/10/2023 17:00,0.0
01/10/2023 17:30,0.0
01/10/2023 18:00,0.0
01/10/2023 18:30,0.0
01/10/2023 19:00,0.0
01/10/2023 19:30,0.0
01/10/2023 20:00,0.0
01/10/2023 20:30,0.0
01/10/2023 21:00,0.0
01/10/2023 21:30,0.0
01/10/2023 22:00,0.0
01/10/2023 22:30,0.0
01/10/2023 23:00,0.0
01/10/2023 23:30,0.0
01/11/2023 00:00,0.0
01/11/2023 00:30,0.0
01/11/2023 01:00,0.0
01/11/2023 01:30,0.0
01/11/2023 02:00,0.0
01/11/2023 02:30,0.0
01/11/2023 03:00,0.0
01/11/2023 03:30,0.0
01/11/2023 04:00,0.0
01/11/2023 04:30,0.0
01/11/2023 05:00,0.0
01/11/2023 05:30,0.0
01/11/2023 06:00,0.0
01/11/2023 06:30,0.0
01/11/2023 07:00,0.0
01/11/2023 07:30,0.0
01/11/2023 08:00,0.0
01/11/2023 08:30,0.0
01/11/2023 09:00,0.0
01/11/2023 09:30,0.0
01/11/2023 10:00,0.0
01/11/2023 10:30,0.0
01/11/2023 11:00,0.0
01/11/2023 11:30,0.0
01/11/2023 12:00,0.0
01/11/2023 12:30,0.0
01/11/2023 13:00,0.0
01/11/2023 13:30,0.0
01/11/2023 14:00,0.0
01/11/2023 14:30,0.0
01/11/2023 15:00,0.0
01/11/2023 15:30,0.0
01/11/2023 16:00,0.0
01/11/2023 16:30,0.0
01/11/2023 17:00,0.0
01/11/2023 17:30,0.0
01/11/2023 18:00,0.0
01/11/2023 18:30,0.0
01/11/2023 19:00,0.0
01/11/2023 19:30,0.0
01/11/2023 20:00,0.0
01/11/2023 20:30,0.0
01/11/2023 21:00,0.0
01/11/2023 21:30,0.0
01/11/2023 22:00,0.0
01/11/2023 22:30,0.0
01/11/2023 23:00,0.0
01/11/2023 23:30,0.0
01/12/2023 00:00,0.0
01/12/2023 00:30,0.0
01/12/2023 01:00,0.0
01/12/2023 01:30,0.0
01/12/2023 02:00,0.0
01/12/2023 02:30,0.0
01/12/2023 03:00,0.0
01/12/2023 03:30,0.0
01/12/2023 04:00,0.0
01/12/2023 04:30,0.0
01/12/2023 05:00,0.0
01/12/2023 05:30,0.0
01/12/2023 06:00,0.0
01/12/2023 06:30,0.0
01/12/2023 07:00,0.0
01/12/2023 07:30,0.0
01/12/2023 08:00,0.0
01/12/2023 08:30,0.0
01/12/2023 09:00,0.0
01/12/2023 09:30,0.0
01/12/2023 10:00,0.0
01/12/2023 10:30,0.0
01/12/2023 11:00,0.0
01/12/2023 11:30,0.0
01/12/2023 12:00,0.0
01/12/2023 12:30,0.0
01/12/2023 13:00,0.0
01/12/2023 13:30,0.0
01/12/2023 14:00,0.0
01/12/2023 14:30,0.0
01/12/2023 15:00,0.0
01/12/2023 15:30,0.0
01/12/2023 16:00,0.0
01/12/2023 16:30,0.0
01/12/2023 17:00,0.0
01/12/2023 17:30,0.0
01/12/2023 18:00,0.0
01/12/2023 18:30,0.0
01/12/2023 19:00,0.0
01/12/2023 19:30,0.0
01/12/2023 20:00,0.0
01/12/2023 20:30,0.0
01/12/2023 21:00,0.0
01/12/2023 21:30,0.0
01/12/2023 22:00,0.0
01/12/2023 22:30,0.0
01/12/2023 23:00,0.0
01/12/2023 23:30,0.0
01/13/2023 00:00,0.0
01/13/2023 00:30,0.0
01/13/2023 01:00,0.0
01/13/2023 01:30,0.0
01/13/2023 02:00,0.0
01/13/2023 02:30,0.0
01/13/2023 03:00,0.0
01/13/2023 03:30,0.0
01/13/2023 04:00,0.0
01/13/2023 04:30,0.0
01/13/2023 05:00,0.0
01/13/2023 05:30,0.0
01/13/2023 06:00,0.0
01/13/2023 06:30,0.0
01/13/2023 07:00,0.0
01/13/2023 07:30,0.0
01/13/2023 08:00,0.0
01/13/2023 08:30,0.0
01/13/2023 09:00,0.0
01/13/2023 09:30,0.0
01/13/2023 10:00,0.0
01/13/2023 10:30,0.0
01/13/2023 11:00,0.0
01/13/2023 11:30,0.0
01/13/2023 12:00,0.0
01/13/2023 12:30,0.0
01/13/2023 13:00,0.0
01/13/2023 13:30,0.0
01/13/2023 14:00,0.0
01/13/2023 14:30,0.0
01/13/2023 15:00,0.0
01/13/2023 15:30,0.0
01/13/2023 16:00,0.0
01/13/2023 16:30,0.0
01/13/2023 17:00,0.0
01/13/2023 17:30,0.0
01/13/2023 18:00,0.0
01/13/2023 18:30,0.0
01/13/2023 19:00,0.0
01/13/2023 19:30,0.0
01/13/2023 20:00,0.0
01/13/2023 20:30,0.0
01/13/2023 21:00,0.0
01/13/2023 21:30,0.0
01/13/2023 22:00,0.0
01/13/2023 22:30,0.0
01/13/2023 23:00,0.0
01/13/2023 23:30,0.0
01/14/2023 00:00,0.0
01/14/2023 00:30,0.0
01/14/2023 01:00,0.0
01/14/2023 01:30,0.0
01/14/2023 02:00,0.0
01/14/2023 02:30,0.0
01/14/2023 03:00,0.0
01/14/2023 03:30,0.0
01/14/2023 04:00,0.0
01/14/2023 04:30,0.0
01/14/2023 05:00,0.0
01/14/2023 05:30,0.0
01/14/2023 06:00,0.0
01/14/2023 06:30,0.0
01/14/2023 07:00,0.0
01/14/2023 07:30,0.0
01/14/2023 08:00,0.0
01/14/2023 08:30,0.0
01/14/2023 09:00,0.0
01/14/2023 09:30,0.0
01/14/2023 10:00,0.0
01/14/2023 10:30,0.0
01/14/2023 11:00,0.0
01/14/2023 11:30,0.0
01/14/2023 12:00,0.0
01/14/2023 12:30,0.0
01/14/2023 13:00,0.0
01/14/2023 13:30,0.0
01/14/2023 14:00,0.0
01/14/2023 14:30,0.0
01/14/2023 15:00,0.0
01/14/2023 15:30,0.0
01/14/2023 16:00,0.0
01/14/2023 16:30,0.0
01/14/2023 17:00,0.0
01/14/2023 17:30,0.0
01/14/2023 18:00,0.0
01/14/2023 18:30,0.0
01/14/2023 19:00,0.0
01/14/2023 19:30,0.0
01/14/2023 20:00,0.0
01/14/2023 20:30,0.0
01/14/2023 21:00,0.0
01/14/2023 21:30,0.0
01/14/2023 22:00,0.0
01/14/2023 22:30,0.0
01/14/2023 23:00,0.0
01/14/2023 23:30,0.0
01/15/2023 00:00,0.0
01/15/2023 00:30,0.0
01/15/2023 01:00,0.0
01/15/2023 01:30,0.0
01/15/2023 02:00,0.0
01/15/2023 02:30,0.0
01/15/2023 03:00,0.0
01/15/2023 03:30,0.0
01/15/2023 04:00,0.0
01/15/2023 04:30,0.0
01/15/2023 05:00,0.0
01/15/2023 05:30,0.0
01/15/2023 06:00,0.0
01/15/2023 06:30,0.0
01/15/2023 07:00,0.0
01/15/2023 07:30,0.0
01/15/2023 08:00,0.0
01/15/2023 08:30,0.0
01/15/2023 09:00,0.0
01/15/2023 09:30,0.0
01/15/2023 10:00,0.0
01/15/2023 10:30,0.0
01/15/2023 11:00,0.0
01/15/2023 11:30,0.0
01/15/2023 12:00,0.0
01/15/2023 12:30,0.0
01/15/2023 13:00,0.0
01/15/2023 13:30,0.0
01/15/2023 14:00,0.0
01/15/2023 14:30,0.0
01/15/2023 15:00,0.0
01/15/2023 15:30,0.0
01/15/2023 16:00,0.0
01/15/2023 16:30,0.0
01/15/2023 17:00,0.0
01/15/2023 17:30,0.0
01/15/2023 18:00,0.0
01/15/2023 18:30,0.0
01/15/2023 19:00,0.0
01/15/2023 19:30,0.0
01/15/2023 20:00,0.0
01/15/2023 20:30,0.0
01/15/2023 21:00,0.0
01/15/2023 21:30,0.0
01/15/2023 22:00,0.0
01/15/2023 22:30,0.0
01/15/2023 23:00,0.0
01/15/2023 23:30,0.0
01/16/2023 00:00,0.0
01/16/2023 00:30,0.0
01/16/2023 01:00,0.0
01/16/2023 01:30,0.0
01/16/2023 02:00,0.0
01/16/2023 02:30,0.0
01/16/2023 03:00,0.0
01/16/2023 03:30,0.0
01/16/2023 04:00,0.0
01/16/2023 04:30,0.0
01/16/2023 05:00,0.0
01/16/2023 05:30,0.0
01/16/2023 06:00,0.0
01/16/2023 06:30,0.0
01/16/2023 07:00,0.0
01/16/2023 07:30,0.0
01/16/2023 08:00,0.0
01/16/2023 08:30,0.0
01/16/2023 09:00,0.0
01/16/2023 09:30,0.0
01/16/2023 10:00,0.0
01/16/2023 10:30,0.0
01/16/2023 11:00,0.0
01/16/2023 11:30,0.0
01/16/2023 12:00,0.0
01/16/2023 12:30,0.0
01/16/2023 13:00,0.0
01/16/2023 13:30,0.0
01/16/2023 14:00,0.0
01/16/2023 14:30,0.0
01/16/2023 15:00,0.0
01/16/2023 15:30,0.0
01/16/2023 16:00,0.0
01/16/2023 16:30,0.0
01/16/2023 17:00,0.0
01/16/2023 17:30,0.0
01/16/2023 18:00,0.0
01/16/2023 18:30,0.0
01/16/2023 19:00,0.0
01/16/2023 19:30,0.0
01/16/2023 20:00,0.0
01/16/2023 20:30,0.0
01/16/2023 21:00,0.0
01/16/2023 21:30,0.0
01/16/2023 22:00,0.0
01/16/2023 22:30,0.0
01/16/2023 23:00,0.0
01/16/2023 23:30,0.0
01/17/2023 00:00,0.0
01/17/2023 00:30,0.0
01/17/2023 01:00,0.0
01/17/2023 01:30,0.0
01/17/2023 02:00,0.0
01/17/2023 02:30,0.0
01/17/2023 03:00,0.0
01/17/2023 03:30,0.0
01/17/2023 04:00,0.0
01/17/2023 04:30,0.0
01/17/2023 05:00,0.0
01/17/2023 05:30,0.0
01/17/2023 06:00,0.0
01/17/2023 06:30,0.0
01/17/2023 07:00,0.0
01/17/2023 07:30,0.0
01/17/2023 08:00,0.0
01/17/2023 08:30,0.0
01/17/2023 09:00,0.0
01/17/2023 09:30,0.0
01/17/2023 10:00,0.0
01/17/2023 10:30,0.0
01/17/2023 11:00,0.0
01/17/2023 11:30,0.0
01/17/2023 12:00,0.0
01/17/2023 12:30,0.0
01/17/2023 13:00,0.0
01/17/2023 13:30,0.0
01/17/2023 14:00,0.0
01/17/2023 14:30,0.0
01/17/2023 15:00,0.0
01/17/2023 15:30,0.0
01/17/2023 16:00,0.0
01/17/2023 16:30,0.0
01/17/2023 17:00,0.0
01/17/2023 17:30,0.0
01/17/2023 18:00,0.0
01/17/2023 18:30,0.0
01/17/2023 19:00,0.0
01/17/2023 19:30,0.0
01/17/2023 20:00,0.0
01/17/2023 20:30,0.0
01/17/2023 21:00,0.0
01/17/2023 21:30,0.0
01/17/2023 22:00,0.0
01/17/2023 22:30,0.0
01/17/2023 23:00,0.0
01/17/2023 23:30,0.0
01/18/2023 00:00,0.0
01/18/2023 00:30,0.0
01/18/2023 01:00,0.0
01/18/2023 01:30,0.0
01/18/2023 02:00,0.0
01/18/2023 02:30,0.0
01/18/2023 03:00,0.0
01/18/2023 03:30,0.0
01/18/2023 04:00,0.0
01/18/2023 04:30,0.0
01/18/2023 05:00,0.0
01/18/2023 05:30,0.0
01/18/2023 06:00,0.0
01/18/2023 06:30,0.0
01/18/2023 07:00,0.0
01/18/2023 07:30,0.0
01/18/2023 08:00,0.0
01/18/2023 08:30,0.0
01/18/2023 09:00,0.0
01/18/2023 09:30,0.0
01/18/2023 10:00,0.0
01/18/2023 10:30,0.0
01/18/2023 11:00,0.0
01/18/2023 11:30,0.0
01/18/2023 12:00,0.0
01/18/2023 12:30,0.0
01/18/2023 13:00,0.0
01/18/2023 13:30,0.0
01/18/2023 14:00,0.0
01/18/2023 14:30,0.0
01/18/2023 15:00,0.0
01/18/2023 15:30,0.0
01/18/2023 16:00,0.0
01/18/2023 16:30,0.0
01/18/2023 17:00,0.0
01/18/2023 17:30,0.0
01/18/2023 18:00,0.0
01/18/2023 18:30,0.0
01/18/2023 19:00,0.0
01/18/2023 19:30,0.0
01/18/2023 20:00,0.0
01/18/2023 20:30,0.0
01/18/2023 21:00,0.0
01/18/2023 21:30,0.0
01/18/2023 22:00,0.0
01/18/2023 22:30,0.0
01/18/2023 23:00,0.0
01/18/2023 23:30,0.0
01/19/2023 00:00,0.0
01/19/2023 00:30,0.0
01/19/2023 01:00,0.0
01/19/2023 01:30,0.0
01/19/2023 02:00,0.0
01/19/2023 02:30,0.0
01/19/2023 03:00,0.0
01/19/2023 03:30,0.0
01/19/2023 04:00,0.0
01/19/2023 04:30,0.0
01/19/2023 05:00,0.0
01/19/2023 05:30,0.0
01/19/2023 06:00,0.0
01/19/2023 06:30,0.0
01/19/2023 07:00,0.0
01/19/2023 07:30,0.0
01/19/2023 08:00,0.0
01/19/2023 08:30,0.0
01/19/2023 09:00,0.0
01/19/2023 09:30,0.0
01/19/2023 10:00,0.0
01/19/2023 10:30,0.0
01/19/2023 11:00,0.0
01/19/2023 11:30,0.0
01/19/2023 12:00,0.0
01/19/2023 12:30,0.0
01/19/2023 13:00,0.0
01/19/2023 13:30,0.0
01/19/2023 14:00,0.0
01/19/2023 14:30,0.0
01/19/2023 15:00,0.0
01/19/2023 15:30,0.0
01/19/2023 16:00,0.0
01/19/2023 16:30,0.0
01/19/2023 17:00,0.0
01/19/2023 17:30,0.0
01/19/2023 18:00,0.0
01/19/2023 18:30,0.0
01/19/2023 19:00,0.0
01/19/2023 19:30,0.0
01/19/2023 20:00,0.0
01/19/2023 20:30,0.0
01/19/2023 21:00,0.0
01/19/2023 21:30,0.0
01/19/2023 22:00,0.0
01/19/2023 22:30,0.0
01/19/2023 23:00,0.0
01/19/2023 23:30,0.0
01/20/2023 00:00,0.0
01/20/2023 00:30,0.0
01/20/2023 01:00,0.0
01/20/2023 01:30,0.0
01/20/2023 02:00,0.0
01/20/2023 02:30,0.0
01/20/2023 03:00,0.0
01/20/2023 03:30,0.0
01/20/2023 04:00,0.0
01/20/2023 04:30,0.0
01/20/2023 05:00,0.0
01/20/2023 05:30,0.0
01/20/2023 06:00,0.0
01/20/2023 06:30,0.0
01/20/2023 07:00,0.0
01/20/2023 07:30,0.0
01/20/2023 08:00,0.0
01/20/2023 08:30,0.0
01/20/2023 09:00,0.0
01/20/2023 09:30,0.0
01/20/2023 10:00,0.0
01/20/2023 10:30,0.0
01/20/2023 11:00,0.0
01/20/2023 11:30,0.0
01/20/2023 12:00,0.0
01/20/2023 12:30,0.0
01/20/2023 13:00,0.0
01/20/2023 13:30,0.0
01/20/2023 14:00,0.0
01/20/2023 14:30,0.0
01/20/2023 15:00,0.0
01/20/2023 15:30,0.0
01/20/2023 16:00,0.0
01/20/2023 16:30,0.0
01/20/2023 17:00,0.0
01/20/2023 17:30,0.0
01/20/2023 18:00,0.0
01/20/2023 18:30,0.0
01/20/2023 19:00,0.0
01/20/2023 19:30,0.0
01/20/2023 20:00,0.0
01/20/2023 20:30,0.0
01/20/2023 21:00,0.0
01/20/2023 21:30,0.0
01/20/2023 22:00,0.0
01/20/2023 22:30,0.0
01/20/2023 23:00,0.0
01/20/2023 23:30,0.0
01/21/2023 00:00,0.0
01/21/2023 00:30,0.0
01/21/2023 01:00,0.0
01/21/2023 01:30,0.0
01/21/2023 02:00,0.0
01/21/2023 02:30,0.0
01/21/2023 03:00,0.0
01/21/2023 03:30,0.0
01/21/2023 04:00,0.0
01/21/2023 04:30,0.0
01/21/2023 05:00,0.0
01/21/2023 05:30,0.0
01/21/2023 06:00,0.0
01/21/2023 06:30,0.0
01/21/2023 07:00,0.0
01/21/2023 07:30,0.0
01/21/2023 08:00,0.0
01/21/2023 08:30,0.0
01/21/2023 09:00,0.0
01/21/2023 09:30,0.0
01/21/2023 10:00,0.0
01/21/2023 10:30,0.0
01/21/2023 11:00,0.0
01/21/2023 11:30,0.0
01/21/2023 12:00,0.0
01/21/2023 12:30,0.0
01/21/2023 13:00,0.0
01/21/2023 13:30,0.0
01/21/2023 14:00,0.0
01/21/2023 14:30,0.0
01/21/2023 15:00,0.0
01/21/2023 15:30,0.0
01/21/2023 16:00,0.0
01/21/2023 16:30,0.0
01/21/2023 17:00,0.0
01/21/2023 17:30,0.0
01/21/2023 18:00,0.0
01/21/2023 18:30,0.0
01/21/2023 19:00,0.0
01/21/2023 19:30,0.0
01/21/2023 20:00,0.0
01/21/2023 20:30,0.0
01/21/2023 21:00,0.0
01/21/2023 21:30,0.0
01/21/2023 22:00,0.0
01/21/2023 22:30,0.0
01/21/2023 23:00,0.0
01/21/2023 23:30,0.0
01/22/2023 00:00,0.0
01/22/2023 00:30,0.0
01/22/2023 01:00,0.0
01/22/2023 01:30,0.0
01/22/2023 02:00,0.0
01/22/2023 02:30,0.0
01/22/2023 03:00,0.0
01/22/2023 03:30,0.0
01/22/2023 04:00,0.0
01/22/2023 04:30,0.0
01/22/2023 05:00,0.0
01/22/2023 05:30,0.0
01/22/2023 06:00,0.0
01/22/2023 06:30,0.0
01/22/2023 07:00,0.0
01/22/2023 07:30,0.0
01/22/2023 08:00,0.0
01/22/2023 08:30,0.0
01/22/2023 09:00,0.0
01/22/2023 09:30,0.0
01/22/2023 10:00,0.0
01/22/2023 10:30,0.0
01/22/2023 11:00,0.0
01/22/2023 11:30,0.0
01/22/2023 12:00,0.0
01/22/2023 12:30,0.0
01/22/2023 13:00,0.0
01/22/2023 13:30,0.0
01/22/2023 14:00,0.0
01/22/2023 14:30,0.0
01/22/2023 15:00,0.0
01/22/2023 15:30,0.0
01/22/2023 16:00,0.0
01/22/2023 16:30,0.0
01/22/2023 17:00,0.0
01/22/2023 17:30,0.0
01/22/2023 18:00,0.0
01/22/2023 18:30,0.0
01/22/2023 19:00,0.0
01/22/2023 19:30,0.0
01/22/2023 20:00,0.0
01/22/2023 20:30,0.0
01/22/2023 21:00,0.0
01/22/2023 21:30,0.0
01/22/2023 22:00,0.0
01/22/2023 22:30,0.0
01/22/2023 23:00,0.0
01/22/2023 23:30,0.0
01/23/2023 00:00,0.0
01/23/2023 00:30,0.0
01/23/2023 01:00,0.0
01/23/2023 01:30,0.0
01/23/2023 02:00,0.0
01/23/2023 02:30,0.0
01/23/2023 03:00,0.0
01/23/2023 03:30,0.0
01/23/2023 04:00,0.0
01/23/2023 04:30,0.0
01/23/2023 05:00,0.0
01/23/2023 05:30,0.0
01/23/2023 06:00,0.0
01/23/2023 06:30,0.0
01/23/2023 07:00,0.0
01/23/2023 07:30,0.0
01/23/2023 08:00,0.0
01/23/2023 08:30,0.0
01/23/2023 09:00,0.0
01/23/2023 09:30,0.0
01/23/2023 10:00,0.0
01/23/2023 10:30,0.0
01/23/2023 11:00,0.0
01/23/2023 11:30,0.0
01/23/2023 12:00,0.0
01/23/2023 12:30,0.0
01/23/2023 13:00,0.0
01/23/2023 13:30,0.0
01/23/2023 14:00,0.0
01/23/2023 14:30,0.0
01/23/2023 15:00,0.0
01/23/2023 15:30,0.0
01/23/2023 16:00,0.0
01/23/2023 16:30,0.0
01/23/2023 17:00,0.0
01/23/2023 17:30,0.0
01/23/2023 18:00,0.0
01/23/2023 18:30,0.0
01/23/2023 19:00,0.0
01/23/2023 19:30,0.0
01/23/2023 20:00,0.0
01/23/2023 20:30,0.0
01/23/2023 21:00,0.0
01/23/2023 21:30,0.0
01/23/2023 22:00,0.0
01/23/2023 22:30,0.0
01/23/2023 23:00,0.0
01/23/2023 23:30,0.0
01/24/2023 00:00,0.0
01/24/2023 00:30,0.0
01/24/2023 01:00,0.0
01/24/2023 01:30,0.0
01/24/2023 02:00,0.0
01/24/2023 02:30,0.0
01/24/2023 03:00,0.0
01/24/2023 03:30,0.0
01/24/2023 04:00,0.0
01/24/2023 04:30,0.0
01/24/2023 05:00,0.0
01/24/2023 05:30,0.0
01/24/2023 06:00,0.0
01/24/2023 06:30,0.0
01/24/2023 07:00,0.0
01/24/2023 07:30,0.0
01/24/2023 08:00,0.0
01/24/2023 08:30,0.0
01/24/2023 09:00,0.0
01/24/2023 09:30,0.0
01/24/2023 10:00,0.0
01/24/2023 10:30,0.0
01/24/2023 11:00,0.0
01/24/2023 11:30,0.0
01/24/2023 12:00,0.0
01/24/2023 12:30,0.0
01/24/2023 13:00,0.0
01/24/2023 13:30,0.0
01/24/2023 14:00,0.0
01/24/2023 14:30,0.0
01/24/2023 15:00,0.0
01/24/2023 15:30,0.0
01/24/2023 16:00,0.0
01/24/2023 16:30,0.0
01/24/2023 17:00,0.0
01/24/2023 17:30,0.0
01/24/2023 18:00,0.0
01/24/2023 18:30,0.0
01/24/2023 19:00,0.0
01/24/2023 19:30,0.0
01/24/2023 20:00,0.0
01/24/2023 20:30,0.0
01/24/2023 21:00,0.0
01/24/2023 21:30,0.0
01/24/2023 22:00,0.0
01/24/2023 22:30,0.0
01/24/2023 23:00,0.0
01/24/2023 23:30,0.0
01/25/2023 00:00,0.0
01/25/2023 00:30,0.0
01/25/2023 01:00,0.0
01/25/2023 01:30,0.0
01/25/2023 02:00,0.0
01/25/2023 02:30,0.0
01/25/2023 03:00,0.0
01/25/2023 03:30,0.0
01/25/2023 04:00,0.0
01/25/2023 04:30,0.0
01/25/2023 05:00,0.0
01/25/2023 05:30,0.0
01/25/2023 06:00,0.0
01/25/2023 06:30,0.0
01/25/2023 07:00,0.0
01/25/2023 07:30,0.0
01/25/2023 08:00,0.0
01/25/2023 08:30,0.0
01/25/2023 09:00,0.0
01/25/2023 09:30,0.0
01/25/2023 10:00,0.0
01/25/2023 10:30,0.0
01/25/2023 11:00,0.0
01/25/2023 11:30,0.0
01/25/2023 12:00,0.0
01/25/2023 12:30,0.0
01/25/2023 13:00,0.0
01/25/2023 13:30,0.0
01/25/2023 14:00,0.0
01/25/2023 14:30,0.0
01/25/2023 15:00,0.0
01/25/2023 15:30,0.0
01/25/2023 16:00,0.0
01/25/2023 16:30,0.0
01/25/2023 17:00,0.0
01/25/2023 17:30,0.0
01/25/2023 18:00,0.0
01/25/2023 18:30,0.0
01/25/2023 19:00,0.0
01/25/2023 19:30,0.0
01/25/2023 20:00,0.0
01/25/2023 20:30,0.0
01/25/2023 21:00,0.0
01/25/2023 21:30,0.0
01/25/2023 22:00,0.0
01/25/2023 22:30,0.0
01/25/2023 23:00,0.0
01/25/2023 23:30,0.0
01/26/2023 00:00,0.0
01/26/2023 00:30,0.0
01/26/2023 01:00,0.0
01/26/2023 01:30,0.0
01/26/2023 02:00,0.0
01/26/2023 02:30,0.0
01/26/2023 03:00,0.0
01/26/2023 03:30,0.0
01/26/2023 04:00,0.0
01/26/2023 04:30,0.0
01/26/2023 05:00,0.0
01/26/2023 05:30,0.0
01/26/2023 06:00,0.0
01/26/2023 06:30,0.0
01/26/2023 07:00,0.0
01/26/2023 07:30,0.0
01/26/2023 08:00,0.0
01/26/2023 08:30,0.0
01/26/2023 09:00,0.0
01/26/2023 09:30,0.0
01/26/2023 10:00,0.0
01/26/2023 10:30,0.0
01/26/2023 11:00,0.0
01/26/2023 11:30,0.0
01/26/2023 12:00,0.0
01/26/2023 12:30,0.0
01/26/2023 13:00,0.0
01/26/2023 13:30,0.0
01/26/2023 14:00,0.0
01/26/2023 14:30,0.0
01/26/2023 15:00,0.0
01/26/2023 15:30,0.0
01/26/2023 16:00,0.0
01/26/2023 16:30,0.0
01/26/2023 17:00,0.0
01/26/2023 17:30,0.0
01/26/2023 18:00,0.0
01/26/2023 18:30,0.0
01/26/2023 19:00,0.0
01/26/2023 19:30,0.0
01/26/2023 20:00,0.0
01/26/2023 20:30,0.0
01/26/2023 21:00,0.0
01/26/2023 21:30,0.0
01/26/2023 22:00,0.0
01/26/2023 22:30,0.0
01/26/2023 23:00,0.0
01/26/2023 23:30,0.0
01/27/2023 00:00,0.0
01/27/2023 00:30,0.0
01/27/2023 01:00,0.0
01/27/2023 01:30,0.0
01/27/2023 02:00,0.0
01/27/2023 02:30,0.0
01/27/2023 03:00,0.0
01/27/2023 03:30,0.0
01/27/2023 04:00,0.0
01/27/2023 04:30,0.0
01/27/2023 05:00,0.0
01/27/2023 05:30,0.0
01/27/2023 06:00,0.0
01/27/2023 06:30,0.0
01/27/2023 07:00,0.0
01/27/2023 07:30,0.0
01/27/2023 08:00,0.0
01/27/2023 08:30,0.0
01/27/2023 09:00,0.0
01/27/2023 09:30,0.0
01/27/2023 10:00,0.0
01/27/2023 10:30,0.0
01/27/2023 11:00,0.0
01/27/2023 11:30,0.0
01/27/2023 12:00,0.0
01/27/2023 12:30,0.0
01/27/2023 13:00,0.0
01/27/2023 13:30,0.0
01/27/2023 14:00,0.0
01/27/2023 14:30,0.0
01/27/2023 15:00,0.0
01/27/2023 15:30,0.0
01/27/2023 16:00,0.0
01/27/2023 16:30,0.0
01/27/2023 17:00,0.0
01/27/2023 17:30,0.0
01/27/2023 18:00,0.0
01/27/2023 18:30,0.0
01/27/2023 19:00,0.0
01/27/2023 19:30,0.0
01/27/2023 20:00,0.0
01/27/2023 20:30,0.0
01/27/2023 21:00,0.0
01/27/2023 21:30,0.0
01/27/2023 22:00,0.0
01/27/2023 22:30,0.0
01/27/2023 23:00,0.0
01/27/2023 23:30,0.0
01/28/2023 00:00,0.0
01/28/2023 00:30,0.0
01/28/2023 01:00,0.0
01/28/2023 01:30,0.0
01/28/2023 02:00,0.0
01/28/2023 02:30,0.0
01/28/2023 03:00,0.0
01/28/2023 03:30,0.0
01/28/2023 04:00,0.0
01/28/2023 04:30,0.0
01/28/2023 05:00,0.0
01/28/2023 05:30,0.0
01/28/2023 06:00,0.0
01/28/2023 06:30,0.0
01/28/2023 07:00,0.0
01/28/2023 07:30,0.0
01/28/2023 08:00,0.0
01/28/2023 08:30,0.0
01/28/2023 09:00,0.0
01/28/2023 09:30,0.0
01/28/2023 10:00,0.0
01/28/2023 10:30,0.0
01/28/2023 11:00,0.0
01/28/2023 11:30,0.0
01/28/2023 12:00,0.0
01/28/2023 12:30,0.0
01/28/2023 13:00,0.0
01/28/2023 13:30,0.0
01/28/2023 14:00,0.0
01/28/2023 14:30,0.0
01/28/2023 15:00,0.0
01/28/2023 15:30,0.0
01/28/2023 16:00,0.0
01/28/2023 16:30,0.0
01/28/2023 17:00,0.0
01/28/2023 17:30,0.0
01/28/2023 18:00,0.0
01/28/2023 18:30,0.0
01/28/2023 19:00,0.0
01/28/2023 19:30,0.0
01/28/2023 20:00,0.0
01/28/2023 20:30,0.0
01/28/2023 21:00,0.0
01/28/2023 21:30,0.0
01/28/2023 22:00,0.0
01/28/2023 22:30,0.0
01/28/2023 23:00,0.0
01/28/2023 23:30,0.0
01/29/2023 00:00,0.0
01/29/2023 00:30,0.0
01/29/2023 01:00,0.0
01/29/2023 01:30,0.0
01/29/2023 02:00,0.0
01/29/2023 02:30,0.0
01/29/2023 03:00,0.0
01/29/2023 03:30,0.0
01/29/2023 04:00,0.0
01/29/2023 04:30,0.0
01/29/2023 05:00,0.0
01/29/2023 05:30,0.0
01/29/2023 06:00,0.0
01/29/2023 06:30,0.0
01/29/2023 07:00,0.0
01/29/2023 07:30,0.0
01/29/2023 08:00,0.0
01/29/2023 08:30,0.0
01/29/2023 09:00,0.0
01/29/2023 09:30,0.0
01/29/2023 10:00,0.0
01/29/2023 10:30,0.0
01/29/2023 11:00,0.0
01/29/2023 11:30,0.0
01/29/2023 12:00,0.0
01/29/2023 12:30,0.0
01/29/2023 13:00,0.0
01/29/2023 13:30,0.0
01/29/2023 14:00,0.0
01/29/2023 14:30,0.0
01/29/2023 15:00,0.0
01/29/2023 15:30,0.0
01/29/2023 16:00,0.0
01/29/2023 16:30,0.0
01/29/2023 17:00,0.0
01/29/2023 17:30,0.0
01/29/2023 18:00,0.0
01/29/2023 18:30,0.0
01/29/2023 19:00,0.0
01/29/2023 19:30,0.0
01/29/2023 20:00,0.0
01/29/2023 20:30,0.0
01/29/2023 21:00,0.0
01/29/2023 21:30,0.0
01/29/2023 22:00,0.0
01/29/2023 22:30,0.0
01/29/2023 23:00,0.0
01/29/2023 23:30,0.0
01/30/2023 00:00,0.0
01/30/2023 00:30,0.0
01/30/2023 01:00,0.0
01/30/2023 01:30,0.0
01/30/2023 02:00,0.0
01/30/2023 02:30,0.0
01/30/2023 03:00,0.0
01/30/2023 03:30,0.0
01/30/2023 04:00,0.0
01/30/2023 04:30,0.0
01/30/2023 05:00,0.0
01/30/2023 05:30,0.0
01/30/2023 06:00,0.0
01/30/2023 06:30,0.0
01/30/2023 07:00,0.0
01/30/2023 07:30,0.0
01/30/2023 08:00,0.0
01/30/2023 08:30,0.0
01/30/2023 09:00,0.0
01/30/2023 09:30,0.0
01/30/2023 10:00,0.0
01/30/2023 10:30,0.0
01/30/2023 11:00,0.0
01/30/2023 11:30,0.0
01/30/2023 12:00,0.0
01/30/2023 12:30,0.0
01/30/2023 13:00,0.0
01/30/2023 13:30,0.0
01/30/2023 14:00,0.0
01/30/2023 14:30,0.0
01/30/2023 15:00,0.0
01/30/2023 15:30,0.0
01/30/2023 16:00,0.0
01/30/2023 16:30,0.0
01/30/2023 17:00,0.0
01/30/2023 17:30,0.0
01/30/2023 18:00,0.0
01/30/2023 18:30,0.0
01/30/2023 19:00,0.0
01/30/2023 19:30,0.0
01/30/2023 20:00,0.0
01/30/2023 20:30,0.0
01/30/2023 21:00,0.0
01/30/2023 21:30,0.0
01/30/2023 22:00,0.0
01/30/2023 22:30,0.0
01/30/2023 23:00,0.0
01/30/2023 23:30,0.0
01/31/2023 00:00,0.0
01/31/2023 00:30,0.0
01/31/2023 01:00,0.0
01/31/2023 01:30,0.0
01/31/2023 02:00,0.0
01/31/2023 02:30,0.0
01/31/2023 03:00,0.0
01/31/2023 03:30,0.0
01/31/2023 04:00,0.0
01/31/2023 04:30,0.0
01/31/2023 05:00,0.0
01/31/2023 05:30,0.0
01/31/2023 06:00,0.0
01/31/2023 06:30,0.0
01/31/2023 07:00,0.0
01/31/2023 07:30,0.0
01/31/2023 08:00,0.0
01/31/2023 08:30,0.0
01/31/2023 09:00,0.0
01/31/2023 09:30,0.0
01/31/2023 10:00,0.0
01/31/2023 10:30,0.0
01/31/2023 11:00,0.0
01/31/2023 11:30,0.0
01/31/2023 12:00,0.0
01/31/2023 12:30,0.0
01/31/2023 13:00,0.0
01/31/2023 13:30,0.0
01/31/2023 14:00,0.0
01/31/2023 14:30,0.0
01/31/2023 15:00,0.0
01/31/2023 15:30,0.0
01/31/2023 16:00,0.0
01/31/2023 16:30,0.0
01/31/2023 17:00,0.0
01/31/2023 17:30,0.0
01/31/2023 18:00,0.0
01/31/2023 18:30,0.0
01/31/2023 19:00,0.0
01/31/2023 19:30,0.0
01/31/2023 20:00,0.0
01/31/2023 20:30,0.0
01/31/2023 21:00,0.0
01/31/2023 21:30,0.0
01/31/2023 22:00,0.0
01/31/2023 22:30,0.0
01/31/2023 23:00,0.0
01/31/2023 23:30,0.0
02/01/2023 00:00,0.0
02/01/2023 00:30,0.0
02/01/2023 01:00,0.0
02/01/2023 01:30,0.0
02/01/2023 02:00,0.0
02/01/2023 02:30,0.0
02/01/2023 03:00,0.0
02/01/2023 03:30,0.0
02/01/2023 04:00,0.0
02/01/2023 04:30,0.0
02/01/2023 05:00,0.0
02/01/2023 05:30,0.0
02/01/2023 06:00,0.0
02/01/2023 06:30,0.0
02/01/2023 07:00,0.0
02/01/2023 07:30,0.0
02/01/2023 08:00,0.0
02/01/2023 08:30,0.0
02/01/2023 09:00,0.0
02/01/2023 09:30,0.0
02/01/2023 10:00,0.0
02/01/2023 10:30,0.0
02/01/2023 11:00,0.0
02/01/2023 11:30,0.0
02/01/2023 12:00,0.0
02/01/2023 12:30,0.0
02/01/2023 13:00,0.0
02/01/2023 13:30,0.0
02/01/2023 14:00,0.0
02/01/2023 14:30,0.0
02/01/2023 15:00,0.0
02/01/2023 15:30,0.0
02/01/2023 16:00,0.0
02/01/2023 16:30,0.0
02/01/2023 17:00,0.0
02/01/2023 17:30,0.0
02/01/2023 18:00,0.0
02/01/2023 18:30,0.0
02/01/2023 19:00,0.0
02/01/2023 19:30,0.0
02/01/2023 20:00,0.0
02/01/2023 20:30,0.0
02/01/2023 21:00,0.0
02/01/2023 21:30,0.0
02/01/2023 22:00,0.0
02/01/2023 22:30,0.0
02/01/2023 23:00,0.0
02/01/2023 23:30,0.0
02/02/2023 00:00,0.0
02/02/2023 00:30,0.0
02/02/2023 01:00,0.0
02/02/2023 01:30,0.0
02/02/2023 02:00,0.0
02/02/2023 02:30,0.0
02/02/2023 03:00,0.0
02/02/2023 03:30,0.0
02/02/2023 04:00,0.0
02/02/2023 04:30,0.0
02/02/2023 05:00,0.0
02/02/2023 05:30,0.0
02/02/2023 06:00,0.0
02/02/2023 06:30,0.0
02/02/2023 07:00,0.0
02/02/2023 07:30,0.0
02/02/2023 08:00,0.0
02/02/2023 08:30,0.0
02/02/2023 09:00,0.0
02/02/2023 09:30,0.0
02/02/2023 10:00,0.0
02/02/2023 10:30,0.0
02/02/2023 11:00,0.0
02/02/2023 11:30,0.0
02/02/2023 12:00,0.0
02/02/2023 12:30,0.0
02/02/2023 13:00,0.0
02/02/2023 13:30,0.0
02/02/2023 14:00,0.0
02/02/2023 14:30,0.0
02/02/2023 15:00,0.0
02/02/2023 15:30,0.0
02/02/2023 16:00,0.0
02/02/2023 16:30,0.0
02/02/2023 17:00,0.0
02/02/2023 17:30,0.0
02/02/2023 18:00,0.0
02/02/2023 18:30,0.0
02/02/2023 19:00,0.0
02/02/2023 19:30,0.0
02/02/2023 20:00,0.0
02/02/2023 20:30,0.0
02/02/2023 21:00,0.0
02/02/2023 21:30,0.0
02/02/2023 22:00,0.0
02/02/2023 22:30,0.0
02/02/2023 23:00,0.0
02/02/2023 23:30,0.0
02/03/2023 00:00,0.0
02/03/2023 00:30,0.0
02/03/2023 01:00,0.0
02/03/2023 01:30,0.0
02/03/2023 02:00,0.0
02/03/2023 02:30,0.0
02/03/2023 03:00,0.0
02/03/2023 03:30,0.0
02/03/2023 04:00,0.0
02/03/2023 04:30,0.0
02/03/2023 05:00,0.0
02/03/2023 05:30,0.0
02/03/2023 06:00,0.0
02/03/2023 06:30,0.0
02/03/2023 07:00,0.0
02/03/2023 07:30,0.0
02/03/2023 08:00,0.0
02/03/2023 08:30,0.0
02/03/2023 09:00,0.0
02/03/2023 09:30,0.0
02/03/2023 10:00,0.0
02/03/2023 10:30,0.0
02/03/2023 11:00,0.0
02/03/2023 11:30,0.0
02/03/2023 12:00,0.0
02/03/2023 12:30,0.0
02/03/2023 13:00,0.0
02/03/2023 13:30,0.0
02/03/2023 14:00,0.0
02/03/2023 14:30,0.0
02/03/2023 15:00,0.0
02/03/2023 15:30,0.0
02/03/2023 16:00,0.0
02/03/2023 16:30,0.0
02/03/2023 17:00,0.0
02/03/2023 17:30,0.0
02/03/2023 18:00,0.0
02/03/2023 18:30,0.0
02/03/2023 19:00,0.0
02/03/2023 19:30,0.0
02/03/2023 20:00,0.0
02/03/2023 20:30,0.0
02/03/2023 21:00,0.0
02/03/2023 21:30,0.0
02/03/2023 22:00,0.0
02/03/2023 22:30,0.0
02/03/2023 23:00,0.0
02/03/2023 23:30,0.0
02/04/2023 00:00,0.0
02/04/2023 00:30,0.0
02/04/2023 01:00,0.0
02/04/2023 01:30,0.0
02/04/2023 02:00,0.0
02/04/2023 02:30,0.0
02/04/2023 03:00,0.0
02/04/2023 03:30,0.0
02/04/2023 04:00,0.0
02/04/2023 04:30,0.0
02/04/2023 05:00,0.0
02/04/2023 05:30,0.0
02/04/2023 06:00,0.0
02/04/2023 06:30,0.0
02/04/2023 07:00,0.0
02/04/2023 07:30,0.0
02/04/2023 08:00,0.0
02/04/2023 08:30,0.0
02/04/2023 09:00,0.0
02/04/2023 09:30,0.0
02/04/2023 10:00,0.0
02/04/2023 10:30,0.0
02/04/2023 11:00,0.0
02/04/2023 11:30,0.0
02/04/2023 12:00,0.0
02/04/2023 12:30,0.0
02/04/2023 13:00,0.0
02/04/2023 13:30,0.0
02/04/2023 14:00,0.0
02/04/2023 14:30,0.0
02/04/2023 15:00,0.0
02/04/2023 15:30,0.0
02/04/2023 16:00,0.0
02/04/2023 16:30,0.0
02/04/2023 17:00,0.0
02/04/2023 17:30,0.0
02/04/2023 18:00,0.0
02/04/2023 18:30,0.0
02/04/2023 19:00,0.0
02/04/2023 19:30,0.0
02/04/2023 20:00,0.0
02/04/2023 20:30,0.0
02/04/2023 21:00,0.0
02/04/2023 21:30,0.0
02/04/2023 22:00,0.0
02/04/2023 22:30,0.0
02/04/2023 23:00,0.0
02/04/2023 23:30,0.0
02/05/2023 00:00,0.0
02/05/2023 00:30,0.0
02/05/2023 01:00,0.0
02/05/2023 01:30,0.0
02/05/2023 02:00,0.0
02/05/2023 02:30,0.0
02/05/2023 03:00,0.0
02/05/2023 03:30,0.0
02/05/2023 04:00,0.0
02/05/2023 04:30,0.0
02/05/2023 05:00,0.0
02/05/2023 05:30,0.0
02/05/2023 06:00,0.0
02/05/2023 06:30,0.0
02/05/2023 07:00,0.0
02/05/2023 07:30,0.0
02/05/2023 08:00,0.0
02/05/2023 08:30,0.0
02/05/2023 09:00,0.0
02/05/2023 09:30,0.0
02/05/2023 10:00,0.0
02/05/2023 10:30,0.0
02/05/2023 11:00,0.0
02/05/2023 11:30,0.0
02/05/2023 12:00,0.0
02/05/2023 12:30,0.0
02/05/2023 13:00,0.0
02/05/2023 13:30,0.0
02/05/2023 14:00,0.0
02/05/2023 14:30,0.0
02/05/2023 15:00,0.0
02/05/2023 15:30,0.0
02/05/2023 16:00,0.0
02/05/2023 16:30,0.0
02/05/2023 17:00,0.0
02/05/2023 17:30,0.0
02/05/2023 18:00,0.0
02/05/2023 18:30,0.0
02/05/2023 19:00,0.0
02/05/2023 19:30,0.0
02/05/2023 20:00,0.0
02/05/2023 20:30,0.0
02/05/2023 21:00,0.0
02/05/2023 21:30,0.0
02/05/2023 22:00,0.0
02/05/2023 22:30,0.0
02/05/2023 23:00,0.0
02/05/2023 23:30,0.0
02/06/2023 00:00,0.0
02/06/2023 00:30,0.0
02/06/2023 01:00,0.0
02/06/2023 01:30,0.0
02/06/2023 02:00,0.0
02/06/2023 02:30,0.0
02/06/2023 03:00,0.0
02/06/2023 03:30,0.0
02/06/2023 04:00,0.0
02/06/2023 04:30,0.0
02/06/2023 05:00,0.0
02/06/2023 05:30,0.0
02/06/2023 06:00,0.0
02/06/2023 06:30,0.0
02/06/2023 07:00,0.0
02/06/2023 07:30,0.0
02/06/2023 08:00,0.0
02/06/2023 08:30,0.0
02/06/2023 09:00,0.0
02/06/2023 09:30,0.0
02/06/2023 10:00,0.0
02/06/2023 10:30,0.0
02/06/2023 11:00,0.0
02/06/2023 11:30,0.0
02/06/2023 12:00,0.0
02/06/2023 12:30,0.0
02/06/2023 13:00,0.0
02/06/2023 13:30,0.0
02/06/2023 14:00,0.0
02/06/2023 14:30,0.0
02/06/2023 15:00,0.0
02/06/2023 15:30,0.0
02/06/2023 16:00,0.0
02/06/2023 16:30,0.0
02/06/2023 17:00,0.0
02/06/2023 17:30,0.0
02/06/2023 18:00,0.0
02/06/2023 18:30,0.0
02/06/2023 19:00,0.0
02/06/2023 19:30,0.0
02/06/2023 20:00,0.0
02/06/2023 20:30,0.0
02/06/2023 21:00,0.0
02/06/2023 21:30,0.0
02/06/2023 22:00,0.0
02/06/2023 22:30,0.0
02/06/2023 23:00,0.0
02/06/2023 23:30,0.0
02/07/2023 00:00,0.0
02/07/2023 00:30,0.0
02/07/2023 01:00,0.0
02/07/2023 01:30,0.0
02/07/2023 02:00,0.0
02/07/2023 02:30,0.0
02/07/2023 03:00,0.0
02/07/2023 03:30,0.0
02/07/2023 04:00,0.0
02/07/2023 04:30,0.0
02/07/2023 05:00,0.0
02/07/2023 05:30,0.0
02/07/2023 06:00,0.0
02/07/2023 06:30,0.0
02/07/2023 07:00,0.0
02/07/2023 07:30,0.0
02/07/2023 08:00,0.0
02/07/2023 08:30,0.0
02/07/2023 09:00,0.0
02/07/2023 09:30,0.0
02/07/2023 10:00,0.0
02/07/2023 10:30,0.0
02/07/2023 11:00,0.0
02/07/2023 11:30,0.0
02/07/2023 12:00,0.0
02/07/2023 12:30,0.0
02/07/2023 13:00,0.0
02/07/2023 13:30,0.0
02/07/2023 14:00,0.0
02/07/2023 14:30,0.0
02/07/2023 15:00,0.0
02/07/2023 15:30,0.0
02/07/2023 16:00,0.0
02/07/2023 16:30,0.0
02/07/2023 17:00,0.0
02/07/2023 17:30,0.0
02/07/2023 18:00,0.0
02/07/2023 18:30,0.0
02/07/2023 19:00,0.0
02/07/2023 19:30,0.0
02/07/2023 20:00,0.0
02/07/2023 20:30,0.0
02/07/2023 21:00,0.0
02/07/2023 21:30,0.0
02/07/2023 22:00,0.0
02/07/2023 22:30,0.0
02/07/2023 23:00,0.0
02/07/2023 23:30,0.0
02/08/2023 00:00,0.0
02/08/2023 00:30,0.0
02/08/2023 01:00,0.0
02/08/2023 01:30,0.0
02/08/2023 02:00,0.0
02/08/2023 02:30,0.0
02/08/2023 03:00,0.0
02/08/2023 03:30,0.0
02/08/2023 04:00,0.0
02/08/2023 04:30,0.0
02/08/2023 05:00,0.0
02/08/2023 05:30,0.0
02/08/2023 06:00,0.0
02/08/2023 06:30,0.0
02/08/2023 07:00,0.0
02/08/2023 07:30,0.0
02/08/2023 08:00,0.0
02/08/2023 08:30,0.0
02/08/2023 09:00,0.0
02/08/2023 09:30,0.0
02/08/2023 10:00,0.0
02/08/2023 10:30,0.0
02/08/2023 11:00,0.0
02/08/2023 11:30,0.0
02/08/2023 12:00,0.0
02/08/2023 12:30,0.0
02/08/2023 13:00,0.0
02/08/2023 13:30,0.0
02/08/2023 14:00,0.0
02/08/2023 14:30,0.0
02/08/2023 15:00,0.0
02/08/2023 15:30,0.0
02/08/2023 16:00,0.0
02/08/2023 16:30,0.0
02/08/2023 17:00,0.0
02/08/2023 17:30,0.0
02/08/2023 18:00,0.0
02/08/2023 18:30,0.0
02/08/2023 19:00,0.0
02/08/2023 19:30,0.0
02/08/2023 20:00,0.0
02/08/2023 20:30,0.0
02/08/2023 21:00,0.0
02/08/2023 21:30,0.0
02/08/2023 22:00,0.0
02/08/2023 22:30,0.0
02/08/2023 23:00,0.0
02/08/2023 23:30,0.0
02/09/2023 00:00,0.0
02/09/2023 00:30,0.0
02/09/2023 01:00,0.0
02/09/2023 01:30,0.0
02/09/2023 02:00,0.0
02/09/2023 02:30,0.0
02/09/2023 03:00,0.0
02/09/2023 03:30,0.0
02/09/2023 04:00,0.0
02/09/2023 04:30,0.0
02/09/2023 05:00,0.0
02/09/2023 05:30,0.0
02/09/2023 06:00,0.0
02/09/2023 06:30,0.0
02/09/2023 07:00,0.0
02/09/2023 07:30,0.0
02/09/2023 08:00,0.0
02/09/2023 08:30,0.0
02/09/2023 09:00,0.0
02/09/2023 09:30,0.0
02/09/2023 10:00,0.0
02/09/2023 10:30,0.0
02/09/2023 11:00,0.0
02/09/2023 11:30,0.0
02/09/2023 12:00,0.0
02/09/2023 12:30,0.0
02/09/2023 13:00,0.0
02/09/2023 13:30,0.0
02/09/2023 14:00,0.0
02/09/2023 14:30,0.0
02/09/2023 15:00,0.0
02/09/2023 15:30,0.0
02/09/2023 16:00,0.0
02/09/2023 16:30,0.0
02/09/2023 17:00,0.0
02/09/2023 17:30,0.0
02/09/2023 18:00,0.0
02/09/2023 18:30,0.0
02/09/2023 19:00,0.0
02/09/2023 19:30,0.0
02/09/2023 20:00,0.0
02/09/2023 20:30,0.0
02/09/2023 21:00,0.0
02/09/2023 21:30,0.0
02/09/2023 22:00,0.0
02/09/2023 22:30,0.0
02/09/2023 23:00,0.0
02/09/2023 23:30,0.0
02/10/2023 00:00,0.0
02/10/2023 00:30,0.0
02/10/2023 01:00,0.0
02/10/2023 01:30,0.0
02/10/2023 02:00,0.0
02/10/2023 02:30,0.0
02/10/2023 03:00,0.0
02/10/2023 03:30,0.0
02/10/2023 04:00,0.0
02/10/2023 04:30,0.0
02/10/2023 05:00,0.0
02/10/2023 05:30,0.0
02/10/2023 06:00,0.0
02/10/2023 06:30,0.0
02/10/2023 07:00,0.0
02/10/2023 07:30,0.0
02/10/2023 08:00,0.0
02/10/2023 08:30,0.0
02/10/2023 09:00,0.0
02/10/2023 09:30,0.0
02/10/2023 10:00,0.0
02/10/2023 10:30,0.0
02/10/2023 11:00,0.0
02/10/2023 11:30,0.0
02/10/2023 12:00,0.0
02/10/2023 12:30,0.0
02/10/2023 13:00,0.0
02/10/2023 13:30,0.0
02/10/2023 14:00,0.0
02/10/2023 14:30,0.0
02/10/2023 15:00,0.0
02/10/2023 15:30,0.0
02/10/2023 16:00,0.0
02/10/2023 16:30,0.0
02/10/2023 17:00,0.0
02/10/2023 17:30,0.0
02/10/2023 18:00,0.0
02/10/2023 18:30,0.0
02/10/2023 19:00,0.0
02/10/2023 19:30,0.0
02/10/2023 20:00,0.0
02/10/2023 20:30,0.0
02/10/2023 21:00,0.0
02/10/2023 21:30,0.0
02/10/2023 22:00,0.0
02/10/2023 22:30,0.0
02/10/2023 23:00,0.0
02/10/2023 23:30,0.0
02/11/2023 00:00,0.0
02/11/2023 00:30,0.0
02/11/2023 01:00,0.0
02/11/2023 01:30,0.0
02/11/2023 02:00,0.0
02/11/2023 02:30,0.0
02/11/2023 03:00,0.0
02/11/2023 03:30,0.0
02/11/2023 04:00,0.0
02/11/2023 04:30,0.0
02/11/2023 05:00,0.0
02/11/2023 05:30,0.0
02/11/2023 06:00,0.0
02/11/2023 06:30,0.0
02/11/2023 07:00,0.0
02/11/2023 07:30,0.0
02/11/2023 08:00,0.0
02/11/2023 08:30,0.0
02/11/2023 09:00,0.0
02/11/2023 09:30,0.0
02/11/2023 10:00,0.0
02/11/2023 10:30,0.0
02/11/2023 11:00,0.0
02/11/2023 11:30,0.0
02/11/2023 12:00,0.0
02/11/2023 12:30,0.0
02/11/2023 13:00,0.0
02/11/2023 13:30,0.0
02/11/2023 14:00,0.0
02/11/2023 14:30,0.0
02/11/2023 15:00,0.0
02/11/2023 15:30,0.0
02/11/2023 16:00,0.0
02/11/2023 16:30,0.0
02/11/2023 17:00,0.0
02/11/2023 17:30,0.0
02/11/2023 18:00,0.0
02/11/2023 18:30,0.0
02/11/2023 19:00,0.0
02/11/2023 19:30,0.0
02/11/2023 20:00,0.0
02/11/2023 20:30,0.0
02/11/2023 21:00,0.0
02/11/2023 21:30,0.0
02/11/2023 22:00,0.0
02/11/2023 22:30,0.0
02/11/2023 23:00,0.0
02/11/2023 23:30,0.0
02/12/2023 00:00,0.0
02/12/2023 00:30,0.0
02/12/2023 01:00,0.0
02/12/2023 01:30,0.0
02/12/2023 02:00,0.0
02/12/2023 02:30,0.0
02/12/2023 03:00,0.0
02/12/2023 03:30,0.0
02/12/2023 04:00,0.0
02/12/2023 04:30,0.0
02/12/2023 05:00,0.0
02/12/2023 05:30,0.0
02/12/2023 06:00,0.0
02/12/2023 06:30,0.0
02/12/2023 07:00,0.0
02/12/2023 07:30,0.0
02/12/2023 08:00,0.0
02/12/2023 08:30,0.0
02/12/2023 09:00,0.0
02/12/2023 09:30,0.0
02/12/2023 10:00,0.0
02/12/2023 10:30,0.0
02/12/2023 11:00,0.0
02/12/2023 11:30,0.0
02/12/2023 12:00,0.0
02/12/2023 12:30,0.0
02/12/2023 13:00,0.0
02/12/2023 13:30,0.0
02/12/2023 14:00,0.0
02/12/2023 14:30,0.0
02/12/2023 15:00,0.0
02/12/2023 15:30,0.0
02/12/2023 16:00,0.0
02/12/2023 16:30,0.0
02/12/2023 17:00,0.0
02/12/2023 17:30,0.0
02/12/2023 18:00,0.0
02/12/2023 18:30,0.0
02/12/2023 19:00,0.0
02/12/2023 19:30,0.0
02/12/2023 20:00,0.0
02/12/2023 20:30,0.0
02/12/2023 21:00,0.0
02/12/2023 21:30,0.0
02/12/2023 22:00,0.0
02/12/2023 22:30,0.0
02/12/2023 23:00,0.0
02/12/2023 23:30,0.0
02/13/2023 00:00,0.0
02/13/2023 00:30,0.0
02/13/2023 01:00,0.0
02/13/2023 01:30,0.0
02/13/2023 02:00,0.0
02/13/2023 02:30,0.0
02/13/2023 03:00,0.0
02/13/2023 03:30,0.0
02/13/2023 04:00,0.0
02/13/2023 04:30,0.0
02/13/2023 05:00,0.0
02/13/2023 05:30,0.0
02/13/2023 06:00,0.0
02/13/2023 06:30,0.0
02/13/2023 07:00,0.0
02/13/2023 07:30,0.0
02/13/2023 08:00,0.0
02/13/2023 08:30,0.0
02/13/2023 09:00,0.0
02/13/2023 09:30,0.0
02/13/2023 10:00,0.0
02/13/2023 10:30,0.0
02/13/2023 11:00,0.0
02/13/2023 11:30,0.0
02/13/2023 12:00,0.0
02/13/2023 12:30,0.0
02/13/2023 13:00,0.0
02/13/2023 13:30,0.0
02/13/2023 14:00,0.0
02/13/2023 14:30,0.0
02/13/2023 15:00,0.0
02/13/2023 15:30,0.0
02/13/2023 16:00,0.0
02/13/2023 16:30,0.0
02/13/2023 17:00,0.0
02/13/2023 17:30,0.0
02/13/2023 18:00,0.0
02/13/2023 18:30,0.0
02/13/2023 19:00,0.0
02/13/2023 19:30,0.0
02/13/2023 20:00,0.0
02/13/2023 20:30,0.0
02/13/2023 21:00,0.0
02/13/2023 21:30,0.0
02/13/2023 22:00,0.0
02/13/2023 22:30,0.0
02/13/2023 23:00,0.0
02/13/2023 23:30,0.0
02/14/2023 00:00,0.0
02/14/2023 00:30,0.0
02/14/2023 01:00,0.0
02/14/2023 01:30,0.0
02/14/2023 02:00,0.0
02/14/2023 02:30,0.0
02/14/2023 03:00,0.0
02/14/2023 03:30,0.0
02/14/2023 04:00,0.0
02/14/2023 04:30,0.0
02/14/2023 05:00,0.0
02/14/2023 05:30,0.0
02/14/2023 06:00,0.0
02/14/2023 06:30,0.0
02/14/2023 07:00,0.0
02/14/2023 07:30,0.0
02/14/2023 08:00,0.0
02/14/2023 08:30,0.0
02/14/2023 09:00,0.0
02/14/2023 09:30,0.0
02/14/2023 10:00,0.0
02/14/2023 10:30,0.0
02/14/2023 11:00,0.0
02/14/2023 11:30,0.0
02/14/2023 12:00,0.0
02/14/2023 12:30,0.0
02/14/2023 13:00,0.0
02/14/2023 13:30,0.0
02/14/2023 14:00,0.0
02/14/2023 14:30,0.0
02/14/2023 15:00,0.0
02/14/2023 15:30,0.0
02/14/2023 16:00,0.0
02/14/2023 16:30,0.0
02/14/2023 17:00,0.0
02/14/2023 17:30,0.0
02/14/2023 18:00,0.0
02/14/2023 18:30,0.0
02/14/2023 19:00,0.0
02/14/2023 19:30,0.0
02/14/2023 20:00,0.0
02/14/2023 20:30,0.0
02/14/2023 21:00,0.0
02/14/2023 21:30,0.0
02/14/2023 22:00,0.0
02/14/2023 22:30,0.0
02/14/2023 23:00,0.0
02/14/2023 23:30,0.0
02/15/2023 00:00,0.0
02/15/2023 00:30,0.0
02/15/2023 01:00,0.0
02/15/2023 01:30,0.0
02/15/2023 02:00,0.0
02/15/2023 02:30,0.0
02/15/2023 03:00,0.0
02/15/2023 03:30,0.0
02/15/2023 04:00,0.0
02/15/2023 04:30,0.0
02/15/2023 05:00,0.0
02/15/2023 05:30,0.0
02/15/2023 06:00,0.0
02/15/2023 06:30,0.0
02/15/2023 07:00,0.0
02/15/2023 07:30,0.0
02/15/2023 08:00,0.0
02/15/2023 08:30,0.0
02/15/2023 09:00,0.0
02/15/2023 09:30,0.0
02/15/2023 10:00,0.0
02/15/2023 10:30,0.0
02/15/2023 11:00,0.0
02/15/2023 11:30,0.0
02/15/2023 12:00,0.0
02/15/2023 12:30,0.0
02/15/2023 13:00,0.0
02/15/2023 13:30,0.0
02/15/2023 14:00,0.0
02/15/2023 14:30,0.0
02/15/2023 15:00,0.0
02/15/2023 15:30,0.0
02/15/2023 16:00,0.0
02/15/2023 16:30,0.0
02/15/2023 17:00,0.0
02/15/2023 17:30,0.0
02/15/2023 18:00,0.0
02/15/2023 18:30,0.0
02/15/2023 19:00,0.0
02/15/2023 19:30,0.0
02/15/2023 20:00,0.0
02/15/2023 20:30,0.0
02/15/2023 21:00,0.0
02/15/2023 21:30,0.0
02/15/2023 22:00,0.0
02/15/2023 22:30,0.0
02/15/2023 23:00,0.0
02/15/2023 23:30,0.0
02/16/2023 00:00,0.0
02/16/2023 00:30,0.0
02/16/2023 01:00,0.0
02/16/2023 01:30,0.0
02/16/2023 02:00,0.0
02/16/2023 02:30,0.0
02/16/2023 03:00,0.0
02/16/2023 03:30,0.0
02/16/2023 04:00,0.0
02/16/2023 04:30,0.0
02/16/2023 05:00,0.0
02/16/2023 05:30,0.0
02/16/2023 06:00,0.0
02/16/2023 06:30,0.0
02/16/2023 07:00,0.0
02/16/2023 07:30,0.0
02/16/2023 08:00,0.0
02/16/2023 08:30,0.0
02/16/2023 09:00,0.0
02/16/2023 09:30,0.0
02/16/2023 10:00,0.0
02/16/2023 10:30,0.0
02/16/2023 11:00,0.0
02/16/2023 11:30,0.0
02/16/2023 12:00,0.0
02/16/2023 12:30,0.0
02/16/2023 13:00,0.0
02/16/2023 13:30,0.0
02/16/2023 14:00,0.0
02/16/2023 14:30,0.0
02/16/2023 15:00,0.0
02/16/2023 15:30,0.0
02/16/2023 16:00,0.0
02/16/2023 16:30,0.0
02/16/2023 17:00,0.0
02/16/2023 17:30,0.0
02/16/2023 18:00,0.0
02/16/2023 18:30,0.0
02/16/2023 19:00,0.0
02/16/2023 19:30,0.0
02/16/2023 20:00,0.0
02/16/2023 20:30,0.0
02/16/2023 21:00,0.0
02/16/2023 21:30,0.0
02/16/2023 22:00,0.0
02/16/2023 22:30,0.0
02/16/2023 23:00,0.0
02/16/2023 23:30,0.0
02/17/2023 00:00,0.0
02/17/2023 00:30,0.0
02/17/2023 01:00,0.0
02/17/2023 01:30,0.0
02/17/2023 02:00,0.0
02/17/2023 02:30,0.0
02/17/2023 03:00,0.0
02/17/2023 03:30,0.0
02/17/2023 04:00,0.0
02/17/2023 04:30,0.0
02/17/2023 05:00,0.0
02/17/2023 05:30,0.0
02/17/2023 06:00,0.0
02/17/2023 06:30,0.0
02/17/2023 07:00,0.0
02/17/2023 07:30,0.0
02/17/2023 08:00,0.0
02/17/2023 08:30,0.0
02/17/2023 09:00,0.0
02/17/2023 09:30,0.0
02/17/2023 10:00,0.0
02/17/2023 10:30,0.0
02/17/2023 11:00,0.0
02/17/2023 11:30,0.0
02/17/2023 12:00,0.0
02/17/2023 12:30,0.0
02/17/2023 13:00,0.0
02/17/2023 13:30,0.0
02/17/2023 14:00,0.0
02/17/2023 14:30,0.0
02/17/2023 15:00,0.0
02/17/2023 15:30,0.0
02/17/2023 16:00,0.0
02/17/2023 16:30,0.0
02/17/2023 17:00,0.0
02/17/2023 17:30,0.0
02/17/2023 18:00,0.0
02/17/2023 18:30,0.0
02/17/2023 19:00,0.0
02/17/2023 19:30,0.0
02/17/2023 20:00,0.0
02/17/2023 20:30,0.0
02/17/2023 21:00,0.0
02/17/2023 21:30,0.0
02/17/2023 22:00,0.0
02/17/2023 22:30,0.0
02/17/2023 23:00,0.0
02/17/2023 23:30,0.0
02/18/2023 00:00,0.0
02/18/2023 00:30,0.0
02/18/2023 01:00,0.0
02/18/2023 01:30,0.0
02/18/2023 02:00,0.0
02/18/2023 02:30,0.0
02/18/2023 03:00,0.0
02/18/2023 03:30,0.0
02/18/2023 04:00,0.0
02/18/2023 04:30,0.0
02/18/2023 05:00,0.0
02/18/2023 05:30,0.0
02/18/2023 06:00,0.0
02/18/2023 06:30,0.0
02/18/2023 07:00,0.0
02/18/2023 07:30,0.0
02/18/2023 08:00,0.0
02/18/2023 08:30,0.0
02/18/2023 09:00,0.0
02/18/2023 09:30,0.0
02/18/2023 10:00,0.0
02/18/2023 10:30,0.0
02/18/2023 11:00,0.0
02/18/2023 11:30,0.0
02/18/2023 12:00,0.0
02/18/2023 12:30,0.0
02/18/2023 13:00,0.0
02/18/2023 13:30,0.0
02/18/2023 14:00,0.0
02/18/2023 14:30,0.0
02/18/2023 15:00,0.0
02/18/2023 15:30,0.0
02/18/2023 16:00,0.0
02/18/2023 16:30,0.0
02/18/2023 17:00,0.0
02/18/2023 17:30,0.0
02/18/2023 18:00,0.0
02/18/2023 18:30,0.0
02/18/2023 19:00,0.0
02/18/2023 19:30,0.0
02/18/2023 20:00,0.0
02/18/2023 20:30,0.0
02/18/2023 21:00,0.0
02/18/2023 21:30,0.0
02/18/2023 22:00,0.0
02/18/2023 22:30,0.0
02/18/2023 23:00,0.0
02/18/2023 23:30,0.0
02/19/2023 00:00,0.0
02/19/2023 00:30,0.0
02/19/2023 01:00,0.0
02/19/2023 01:30,0.0
02/19/2023 02:00,0.0
02/19/2023 02:30,0.0
02/19/2023 03:00,0.0
02/19/2023 03:30,0.0
02/19/2023 04:00,0.0
02/19/2023 04:30,0.0
02/19/2023 05:00,0.0
02/19/2023 05:30,0.0
02/19/2023 06:00,0.0
02/19/2023 06:30,0.0
02/19/2023 07:00,0.0
02/19/2023 07:30,0.0
02/19/2023 08:00,0.0
02/19/2023 08:30,0.0
02/19/2023 09:00,0.0
02/19/2023 09:30,0.0
02/19/2023 10:00,0.0
02/19/2023 10:30,0.0
02/19/2023 11:00,0.0
02/19/2023 11:30,0.0
02/19/2023 12:00,0.0
02/19/2023 12:30,0.0
02/19/2023 13:00,0.0
02/19/2023 13:30,0.0
02/19/2023 14:00,0.0
02/19/2023 14:30,0.0
02/19/2023 15:00,0.0
02/19/2023 15:30,0.0
02/19/2023 16:00,0.0
02/19/2023 16:30,0.0
02/19/2023 17:00,0.0
02/19/2023 17:30,0.0
02/19/2023 18:00,0.0
02/19/2023 18:30,0.0
02/19/2023 19:00,0.0
02/19/2023 19:30,0.0
02/19/2023 20:00,0.0
02/19/2023 20:30,0.0
02/19/2023 21:00,0.0
02/19/2023 21:30,0.0
02/19/2023 22:00,0.0
02/19/2023 22:30,0.0
02/19/2023 23:00,0.0
02/19/2023 23:30,0.0
02/20/2023 00:00,0.0
02/20/2023 00:30,0.0
02/20/2023 01:00,0.0
02/20/2023 01:30,0.0
02/20/2023 02:00,0.0
02/20/2023 02:30,0.0
02/20/2023 03:00,0.0
02/20/2023 03:30,0.0
02/20/2023 04:00,0.0
02/20/2023 04:30,0.0
02/20/2023 05:00,0.0
02/20/2023 05:30,0.0
02/20/2023 06:00,0.0
02/20/2023 06:30,0.0
02/20/2023 07:00,0.0
02/20/2023 07:30,0.0
02/20/2023 08:00,0.0
02/20/2023 08:30,0.0
02/20/2023 09:00,0.0
02/20/2023 09:30,0.0
02/20/2023 10:00,0.0
02/20/2023 10:30,0.0
02/20/2023 11:00,0.0
02/20/2023 11:30,0.0
02/20/2023 12:00,0.0
02/20/2023 12:30,0.0
02/20/2023 13:00,0.0
02/20/2023 13:30,0.0
02/20/2023 14:00,0.0
02/20/2023 14:30,0.0
02/20/2023 15:00,0.0
02/20/2023 15:30,0.0
02/20/2023 16:00,0.0
02/20/2023 16:30,0.0
02/20/2023 17:00,0.0
02/20/2023 17:30,0.0
02/20/2023 18:00,0.0
02/20/2023 18:30,0.0
02/20/2023 19:00,0.0
02/20/2023 19:30,0.0
02/20/2023 20:00,0.0
02/20/2023 20:30,0.0
02/20/2023 21:00,0.0
02/20/2023 21:30,0.0
02/20/2023 22:00,0.0
02/20/2023 22:30,0.0
02/20/2023 23:00,0.0
02/20/2023 23:30,0.0
02/21/2023 00:00,0.0
02/21/2023 00:30,0.0
02/21/2023 01:00,0.0
02/21/2023 01:30,0.0
02/21/2023 02:00,0.0
02/21/2023 02:30,0.0
02/21/2023 03:00,0.0
02/21/2023 03:30,0.0
02/21/2023 04:00,0.0
02/21/2023 04:30,0.0
02/21/2023 05:00,0.0
02/21/2023 05:30,0.0
02/21/2023 06:00,0.0
02/21/2023 06:30,0.0
02/21/2023 07:00,0.0
02/21/2023 07:30,0.0
02/21/2023 08:00,0.0
02/21/2023 08:30,0.0
02/21/2023 09:00,0.0
02/21/2023 09:30,0.0
02/21/2023 10:00,0.0
02/21/2023 10:30,0.0
02/21/2023 11:00,0.0
02/21/2023 11:30,0.0
02/21/2023 12:00,0.0
02/21/2023 12:30,0.0
02/21/2023 13:00,0.0
02/21/2023 13:30,0.0
02/21/2023 14:00,0.0
02/21/2023 14:30,0.0
02/21/2023 15:00,0.0
02/21/2023 15:30,0.0
02/21/2023 16:00,0.0
02/21/2023 16:30,0.0
02/21/2023 17:00,0.0
02/21/2023 17:30,0.0
02/21/2023 18:00,0.0
02/21/2023 18:30,0.0
02/21/2023 19:00,0.0
02/21/2023 19:30,0.0
02/21/2023 20:00,0.0
02/21/2023 20:30,0.0
02/21/2023 21:00,0.0
02/21/2023 21:30,0.0
02/21/2023 22:00,0.0
02/21/2023 22:30,0.0
02/21/2023 23:00,0.0
02/21/2023 23:30,0.0
02/22/2023 00:00,0.0
02/22/2023 00:30,0.0
02/22/2023 01:00,0.0
02/22/2023 01:30,0.0
02/22/2023 02:00,0.0
02/22/2023 02:30,0.0
02/22/2023 03:00,0.0
02/22/2023 03:30,0.0
02/22/2023 04:00,0.0
02/22/2023 04:30,0.0
02/22/2023 05:00,0.0
02/22/2023 05:30,0.0
02/22/2023 06:00,0.0
02/22/2023 06:30,0.0
02/22/2023 07:00,0.0
02/22/2023 07:30,0.0
02/22/2023 08:00,0.0
02/22/2023 08:30,0.0
02/22/2023 09:00,0.0
02/22/2023 09:30,0.0
02/22/2023 10:00,0.0
02/22/2023 10:30,0.0
02/22/2023 11:00,0.0
02/22/2023 11:30,0.0
02/22/2023 12:00,0.0
02/22/2023 12:30,0.0
02/22/2023 13:00,0.0
02/22/2023 13:30,0.0
02/22/2023 14:00,0.0
02/22/2023 14:30,0.0
02/22/2023 15:00,0.0
02/22/2023 15:30,0.0
02/22/2023 16:00,0.0
02/22/2023 16:30,0.0
02/22/2023 17:00,0.0
02/22/2023 17:30,0.0
02/22/2023 18:00,0.0
02/22/2023 18:30,0.0
02/22/2023 19:00,0.0
02/22/2023 19:30,0.0
02/22/2023 20:00,0.0
02/22/2023 20:30,0.0
02/22/2023 21:00,0.0
02/22/2023 21:30,0.0
02/22/2023 22:00,0.0
02/22/2023 22:30,0.0
02/22/2023 23:00,0.0
02/22/2023 23:30,0.0
02/23/2023 00:00,0.0
02/23/2023 00:30,0.0
02/23/2023 01:00,0.0
02/23/2023 01:30,0.0
02/23/2023 02:00,0.0
02/23/2023 02:30,0.0
02/23/2023 03:00,0.0
02/23/2023 03:30,0.0
02/23/2023 04:00,0.0
02/23/2023 04:30,0.0
02/23/2023 05:00,0.0
02/23/2023 05:30,0.0
02/23/2023 06:00,0.0
02/23/2023 06:30,0.0
02/23/2023 07:00,0.0
02/23/2023 07:30,0.0
02/23/2023 08:00,0.0
02/23/2023 08:30,0.0
02/23/2023 09:00,0.0
02/23/2023 09:30,0.0
02/23/2023 10:00,0.0
02/23/2023 10:30,0.0
02/23/2023 11:00,0.0
02/23/2023 11:30,0.0
02/23/2023 12:00,0.0
02/23/2023 12:30,0.0
02/23/2023 13:00,0.0
02/23/2023 13:30,0.0
02/23/2023 14:00,0.0
02/23/2023 14:30,0.0
02/23/2023 15:00,0.0
02/23/2023 15:30,0.0
02/23/2023 16:00,0.0
02/23/2023 16:30,0.0
02/23/2023 17:00,0.0
02/23/2023 17:30,0.0
02/23/2023 18:00,0.0
02/23/2023 18:30,0.0
02/23/2023 19:00,0.0
02/23/2023 19:30,0.0
02/23/2023 20:00,0.0
02/23/2023 20:30,0.0
02/23/2023 21:00,0.0
02/23/2023 21:30,0.0
02/23/2023 22:00,0.0
02/23/2023 22:30,0.0
02/23/2023 23:00,0.0
02/23/2023 23:30,0.0
02/24/2023 00:00,0.0
02/24/2023 00:30,0.0
02/24/2023 01:00,0.0
02/24/2023 01:30,0.0
02/24/2023 02:00,0.0
02/24/2023 02:30,0.0
02/24/2023 03:00,0.0
02/24/2023 03:30,0.0
02/24/2023 04:00,0.0
02/24/2023 04:30,0.0
02/24/2023 05:00,0.0
02/24/2023 05:30,0.0
02/24/2023 06:00,0.0
02/24/2023 06:30,0.0
02/24/2023 07:00,0.0
02/24/2023 07:30,0.0
02/24/2023 08:00,0.0
02/24/2023 08:30,0.0
02/24/2023 09:00,0.0
02/24/2023 09:30,0.0
02/24/2023 10:00,0.0
02/24/2023 10:30,0.0
02/24/2023 11:00,0.0
02/24/2023 11:30,0.0
02/24/2023 12:00,0.0
02/24/2023 12:30,0.0
02/24/2023 13:00,0.0
02/24/2023 13:30,0.0
02/24/2023 14:00,0.0
02/24/2023 14:30,0.0
02/24/2023 15:00,0.0
02/24/2023 15:30,0.0
02/24/2023 16:00,0.0
02/24/2023 16:30,0.0
02/24/2023 17:00,0.0
02/24/2023 17:30,0.0
02/24/2023 18:00,0.0
02/24/2023 18:30,0.0
02/24/2023 19:00,0.0
02/24/2023 19:30,0.0
02/24/2023 20:00,0.0
02/24/2023 20:30,0.0
02/24/2023 21:00,0.0
02/24/2023 21:30,0.0
02/24/2023 22:00,0.0
02/24/2023 22:30,0.0
02/24/2023 23:00,0.0
02/24/2023 23:30,0.0
02/25/2023 00:00,0.0
02/25/2023 00:30,0.0
02/25/2023 01:00,0.0
02/25/2023 01:30,0.0
02/25/2023 02:00,0.0
02/25/2023 02:30,0.0
02/25/2023 03:00,0.0
02/25/2023 03:30,0.0
02/25/2023 04:00,0.0
02/25/2023 04:30,0.0
02/25/2023 05:00,0.0
02/25/2023 05:30,0.0
02/25/2023 06:00,0.0
02/25/2023 06:30,0.0
02/25/2023 07:00,0.0
02/25/2023 07:30,0.0
02/25/2023 08:00,0.0
02/25/2023 08:30,0.0
02/25/2023 09:00,0.0
02/25/2023 09:30,0.0
02/25/2023 10:00,0.0
02/25/2023 10:30,0.0
02/25/2023 11:00,0.0
02/25/2023 11:30,0.0
02/25/2023 12:00,0.0
02/25/2023 12:30,0.0
02/25/2023 13:00,0.0
02/25/2023 13:30,0.0
02/25/2023 14:00,0.0
02/25/2023 14:30,0.0
02/25/2023 15:00,0.0
02/25/2023 15:30,0.0
02/25/2023 16:00,0.0
02/25/2023 16:30,0.0
02/25/2023 17:00,0.0
02/25/2023 17:30,0.0
02/25/2023 18:00,0.0
02/25/2023 18:30,0.0
02/25/2023 19:00,0.0
02/25/2023 19:30,0.0
02/25/2023 20:00,0.0
02/25/2023 20:30,0.0
02/25/2023 21:00,0.0
02/25/2023 21:30,0.0
02/25/2023 22:00,0.0
02/25/2023 22:30,0.0
02/25/2023 23:00,0.0
02/25/2023 23:30,0.0
02/26/2023 00:00,0.0
02/26/2023 00:30,0.0
02/26/2023 01:00,0.0
02/26/2023 01:30,0.0
02/26/2023 02:00,0.0
02/26/2023 02:30,0.0
02/26/2023 03:00,0.0
02/26/2023 03:30,0.0
02/26/2023 04:00,0.0
02/26/2023 04:30,0.0
02/26/2023 05:00,0.0
02/26/2023 05:30,0.0
02/26/2023 06:00,0.0
02/26/2023 06:30,0.0
02/26/2023 07:00,0.0
02/26/2023 07:30,0.0
02/26/2023 08:00,0.0
02/26/2023 08:30,0.0
02/26/2023 09:00,0.0
02/26/2023 09:30,0.0
02/26/2023 10:00,0.0
02/26/2023 10:30,0.0
02/26/2023 11:00,0.0
02/26/2023 11:30,0.0
02/26/2023 12:00,0.0
02/26/2023 12:30,0.0
02/26/2023 13:00,0.0
02/26/2023 13:30,0.0
02/26/2023 14:00,0.0
02/26/2023 14:30,0.0
02/26/2023 15:00,0.0
02/26/2023 15:30,0.0
02/26/2023 16:00,0.0
02/26/2023 16:30,0.0
02/26/2023 17:00,0.0
02/26/2023 17:30,0.0
02/26/2023 18:00,0.0
02/26/2023 18:30,0.0
02/26/2023 19:00,0.0
02/26/2023 19:30,0.0
02/26/2023 20:00,0.0
02/26/2023 20:30,0.0
02/26/2023 21:00,0.0
02/26/2023 21:30,0.0
02/26/2023 22:00,0.0
02/26/2023 22:30,0.0
02/26/2023 23:00,0.0
02/26/2023 23:30,0.0
02/27/2023 00:00,0.0
02/27/2023 00:30,0.0
02/27/2023 01:00,0.0
02/27/2023 01:30,0.0
02/27/2023 02:00,0.0
02/27/2023 02:30,0.0
02/27/2023 03:00,0.0
02/27/2023 03:30,0.0
02/27/2023 04:00,0.0
02/27/2023 04:30,0.0
02/27/2023 05:00,0.0
02/27/2023 05:30,0.0
02/27/2023 06:00,0.0
02/27/2023 06:30,0.0
02/27/2023 07:00,0.0
02/27/2023 07:30,0.0
02/27/2023 08:00,0.0
02/27/2023 08:30,0.0
02/27/2023 09:00,0.0
02/27/2023 09:30,0.0
02/27/2023 10:00,0.0
02/27/2023 10:30,0.0
02/27/2023 11:00,0.0
02/27/2023 11:30,0.0
02/27/2023 12:00,0.0
02/27/2023 12:30,0.0
02/27/2023 13:00,0.0
02/27/2023 13:30,0.0
02/27/2023 14:00,0.0
02/27/2023 14:30,0.0
02/27/2023 15:00,0.0
02/27/2023 15:30,0.0
02/27/2023 16:00,0.0
02/27/2023 16:30,0.0
02/27/2023 17:00,0.0
02/27/2023 17:30,0.0
02/27/2023 18:00,0.0
02/27/2023 18:30,0.0
02/27/2023 19:00,0.0
02/27/2023 19:30,0.0
02/27/2023 20:00,0.0
02/27/2023 20:30,0.0
02/27/2023 21:00,0.0
02/27/2023 21:30,0.0
02/27/2023 22:00,0.0
02/27/2023 22:30,0.0
02/27/2023 23:00,0.0
02/27/2023 23:30,0.0
02/28/2023 00:00,0.0
02/28/2023 00:30,0.0
02/28/2023 01:00,0.0
02/28/2023 01:30,0.0
02/28/2023 02:00,0.0
02/28/2023 02:30,0.0
02/28/2023 03:00,0.0
02/28/2023 03:30,0.0
02/28/2023 04:00,0.0
02/28/2023 04:30,0.0
02/28/2023 05:00,0.0
02/28/2023 05:30,0.0
02/28/2023 06:00,0.0
02/28/2023 06:30,0.0
02/28/2023 07:00,0.0
02/28/2023 07:30,0.0
02/28/2023 08:00,0.0
02/28/2023 08:30,0.0
02/28/2023 09:00,0.0
02/28/2023 09:30,0.0
02/28/2023 10:00,0.0
02/28/2023 10:30,0.0
02/28/2023 11:00,0.0
02/28/2023 11:30,0.0
02/28/2023 12:00,0.0
02/28/2023 12:30,0.0
02/28/2023 13:00,0.0
02/28/2023 13:30,0.0
02/28/2023 14:00,0.0
02/28/2023 14:30,0.0
02/28/2023 15:00,0.0
02/28/2023 15:30,0.0
02/28/2023 16:00,0.0
02/28/2023 16:30,0.0
02/28/2023 17:00,0.0
02/28/2023 17:30,0.0
02/28/2023 18:00,0.0
02/28/2023 18:30,0.0
02/28/2023 19:00,0.0
02/28/2023 19:30,0.0
02/28/2023 20:00,0.0
02/28/2023 20:30,0.0
02/28/2023 21:00,0.0
02/28/2023 21:30,0.0
02/28/2023 22:00,0.0
02/28/2023 22:30,0.0
02/28/2023 23:00,0.0
02/28/2023 23:30,0.0
03/01/2023 00:00,0.0
03/01/2023 00:30,0.0
03/01/2023 01:00,0.0
03/01/2023 01:30,0.0
03/01/2023 02:00,0.0
03/01/2023 02:30,0.0
03/01/2023 03:00,0.0
03/01/2023 03:30,0.0
03/01/2023 04:00,0.0
03/01/2023 04:30,0.0
03/01/2023 05:00,0.0
03/01/2023 05:30,0.0
03/01/2023 06:00,0.0
03/01/2023 06:30,0.0
03/01/2023 07:00,0.0
03/01/2023 07:30,0.0
03/01/2023 08:00,0.0
03/01/2023 08:30,0.0
03/01/2023 09:00,0.0
03/01/2023 09:30,0.0
03/01/2023 10:00,0.0
03/01/2023 10:30,0.0
03/01/2023 11:00,0.0
03/01/2023 11:30,0.0
03/01/2023 12:00,0.0
03/01/2023 12:30,0.0
03/01/2023 13:00,0.0
03/01/2023 13:30,0.0
03/01/2023 14:00,0.0
03/01/2023 14:30,0.0
03/01/2023 15:00,0.0
03/01/2023 15:30,0.0
03/01/2023 16:00,0.0
03/01/2023 16:30,0.0
03/01/2023 17:00,0.0
03/01/2023 17:30,0.0
03/01/2023 18:00,0.0
03/01/2023 18:30,0.0
03/01/2023 19:00,0.0
03/01/2023 19:30,0.0
03/01/2023 20:00,0.0
03/01/2023 20:30,0.0
03/01/2023 21:00,0.0
03/01/2023 21:30,0.0
03/01/2023 22:00,0.0
03/01/2023 22:30,0.0
03/01/2023 23:00,0.0
03/01/2023 23:30,0.0
03/02/2023 00:00,0.0
03/02/2023 00:30,0.0
03/02/2023 01:00,0.0
03/02/2023 01:30,0.0
03/02/2023 02:00,0.0
03/02/2023 02:30,0.0
03/02/2023 03:00,0.0
03/02/2023 03:30,0.0
03/02/2023 04:00,0.0
03/02/2023 04:30,0.0
03/02/2023 05:00,0.0
03/02/2023 05:30,0.0
03/02/2023 06:00,0.0
03/02/2023 06:30,0.0
03/02/2023 07:00,0.0
03/02/2023 07:30,0.0
03/02/2023 08:00,0.0
03/02/2023 08:30,0.0
03/02/2023 09:00,0.0
03/02/2023 09:30,0.0
03/02/2023 10:00,0.0
03/02/2023 10:30,0.0
03/02/2023 11:00,0.0
03/02/2023 11:30,0.0
03/02/2023 12:00,0.0
03/02/2023 12:30,0.0
03/02/2023 13:00,0.0
03/02/2023 13:30,0.0
03/02/2023 14:00,0.0
03/02/2023 14:30,0.0
03/02/2023 15:00,0.0
03/02/2023 15:30,0.0
03/02/2023 16:00,0.0
03/02/2023 16:30,0.0
03/02/2023 17:00,0.0
03/02/2023 17:30,0.0
03/02/2023 18:00,0.0
03/02/2023 18:30,0.0
03/02/2023 19:00,0.0
03/02/2023 19:30,0.0
03/02/2023 20:00,0.0
03/02/2023 20:30,0.0
03/02/2023 21:00,0.0
03/02/2023 21:30,0.0
03/02/2023 22:00,0.0
03/02/2023 22:30,0.0
03/02/2023 23:00,0.0
03/02/2023 23:30,0.0
03/03/2023 00:00,0.0
03/03/2023 00:30,0.0
03/03/2023 01:00,0.0
03/03/2023 01:30,0.0
03/03/2023 02:00,0.0
03/03/2023 02:30,0.0
03/03/2023 03:00,0.0
03/03/2023 03:30,0.0
03/03/2023 04:00,0.0
03/03/2023 04:30,0.0
03/03/2023 05:00,0.0
03/03/2023 05:30,0.0
03/03/2023 06:00,0.0
03/03/2023 06:30,0.0
03/03/2023 07:00,0.0
03/03/2023 07:30,0.0
03/03/2023 08:00,0.0
03/03/2023 08:30,0.0
03/03/2023 09:00,0.0
03/03/2023 09:30,0.0
03/03/2023 10:00,0.0
03/03/2023 10:30,0.0
03/03/2023 11:00,0.0
03/03/2023 11:30,0.0
03/03/2023 12:00,0.0
03/03/2023 12:30,0.0
03/03/2023 13:00,0.0
03/03/2023 13:30,0.0
03/03/2023 14:00,0.0
03/03/2023 14:30,0.0
03/03/2023 15:00,0.0
03/03/2023 15:30,0.0
03/03/2023 16:00,0.0
03/03/2023 16:30,0.0
03/03/2023 17:00,0.0
03/03/2023 17:30,0.0
03/03/2023 18:00,0.0
03/03/2023 18:30,0.0
03/03/2023 19:00,0.0
03/03/2023 19:30,0.0
03/03/2023 20:00,0.0
03/03/2023 20:30,0.0
03/03/2023 21:00,0.0
03/03/2023 21:30,0.0
03/03/2023 22:00,0.0
03/03/2023 22:30,0.0
03/03/2023 23:00,0.0
03/03/2023 23:30,0.0
03/04/2023 00:00,0.0
03/04/2023 00:30,0.0
03/04/2023 01:00,0.0
03/04/2023 01:30,0.0
03/04/2023 02:00,0.0
03/04/2023 02:30,0.0
03/04/2023 03:00,0.0
03/04/2023 03:30,0.0
03/04/2023 04:00,0.0
03/04/2023 04:30,0.0
03/04/2023 05:00,0.0
03/04/2023 05:30,0.0
03/04/2023 06:00,0.0
03/04/2023 06:30,0.0
03/04/2023 07:00,0.0
03/04/2023 07:30,0.0
03/04/2023 08:00,0.0
03/04/2023 08:30,0.0
03/04/2023 09:00,0.0
03/04/2023 09:30,0.0
03/04/2023 10:00,0.0
03/04/2023 10:30,0.0
03/04/2023 11:00,0.0
03/04/2023 11:30,0.0
03/04/2023 12:00,0.0
03/04/2023 12:30,0.0
03/04/2023 13:00,0.0
03/04/2023 13:30,0.0
03/04/2023 14:00,0.0
03/04/2023 14:30,0.0
03/04/2023 15:00,0.0
03/04/2023 15:30,0.0
03/04/2023 16:00,0.0
03/04/2023 16:30,0.0
03/04/2023 17:00,0.0
03/04/2023 17:30,0.0
03/04/2023 18:00,0.0
03/04/2023 18:30,0.0
03/04/2023 19:00,0.0
03/04/2023 19:30,0.0
03/04/2023 20:00,0.0
03/04/2023 20:30,0.0
03/04/2023 21:00,0.0
03/04/2023 21:30,0.0
03/04/2023 22:00,0.0
03/04/2023 22:30,0.0
03/04/2023 23:00,0.0
03/04/2023 23:30,0.0
03/05/2023 00:00,0.0
03/05/2023 00:30,0.0
03/05/2023 01:00,0.0
03/05/2023 01:30,0.0
03/05/2023 02:00,0.0
03/05/2023 02:30,0.0
03/05/2023 03:00,0.0
03/05/2023 03:30,0.0
03/05/2023 04:00,0.0
03/05/2023 04:30,0.0
03/05/2023 05:00,0.0
03/05/2023 05:30,0.0
03/05/2023 06:00,0.0
03/05/2023 06:30,0.0
03/05/2023 07:00,0.0
03/05/2023 07:30,0.0
03/05/2023 08:00,0.0
03/05/2023 08:30,0.0
03/05/2023 09:00,0.0
03/05/2023 09:30,0.0
03/05/2023 10:00,0.0
03/05/2023 10:30,0.0
03/05/2023 11:00,0.0
03/05/2023 11:30,0.0
03/05/2023 12:00,0.0
03/05/2023 12:30,0.0
03/05/2023 13:00,0.0
03/05/2023 13:30,0.0
03/05/2023 14:00,0.0
03/05/2023 14:30,0.0
03/05/2023 15:00,0.0
03/05/2023 15:30,0.0
03/05/2023 16:00,0.0
03/05/2023 16:30,0.0
03/05/2023 17:00,0.0
03/05/2023 17:30,0.0
03/05/2023 18:00,0.0
03/05/2023 18:30,0.0
03/05/2023 19:00,0.0
03/05/2023 19:30,0.0
03/05/2023 20:00,0.0
03/05/2023 20:30,0.0
03/05/2023 21:00,0.0
03/05/2023 21:30,0.0
03/05/2023 22:00,0.0
03/05/2023 22:30,0.0
03/05/2023 23:00,0.0
03/05/2023 23:30,0.0
03/06/2023 00:00,0.0
03/06/2023 00:30,0.0
03/06/2023 01:00,0.0
03/06/2023 01:30,0.0
03/06/2023 02:00,0.0
03/06/2023 02:30,0.0
03/06/2023 03:00,0.0
03/06/2023 03:30,0.0
03/06/2023 04:00,0.0
03/06/2023 04:30,0.0
03/06/2023 05:00,0.0
03/06/2023 05:30,0.0
03/06/2023 06:00,0.0
03/06/2023 06:30,0.0
03/06/2023 07:00,0.0
03/06/2023 07:30,0.0
03/06/2023 08:00,0.0
03/06/2023 08:30,0.0
03/06/2023 09:00,0.0
03/06/2023 09:30,0.0
03/06/2023 10:00,0.0
03/06/2023 10:30,0.0
03/06/2023 11:00,0.0
03/06/2023 11:30,0.0
03/06/2023 12:00,0.0
03/06/2023 12:30,0.0
03/06/2023 13:00,0.0
03/06/2023 13:30,0.0
03/06/2023 14:00,0.0
03/06/2023 14:30,0.0
03/06/2023 15:00,0.0
03/06/2023 15:30,0.0
03/06/2023 16:00,0.0
03/06/2023 16:30,0.0
03/06/2023 17:00,0.0
03/06/2023 17:30,0.0
03/06/2023 18:00,0.0
03/06/2023 18:30,0.0
03/06/2023 19:00,0.0
03/06/2023 19:30,0.0
03/06/2023 20:00,0.0
03/06/2023 20:30,0.0
03/06/2023 21:00,0.0
03/06/2023 21:30,0.0
03/06/2023 22:00,0.0
03/06/2023 22:30,0.0
03/06/2023 23:00,0.0
03/06/2023 23:30,0.0
03/07/2023 00:00,0.0
03/07/2023 00:30,0.0
03/07/2023 01:00,0.0
03/07/2023 01:30,0.0
03/07/2023 02:00,0.0
03/07/2023 02:30,0.0
03/07/2023 03:00,0.0
03/07/2023 03:30,0.0
03/07/2023 04:00,0.0
03/07/2023 04:30,0.0
03/07/2023 05:00,0.0
03/07/2023 05:30,0.0
03/07/2023 06:00,0.0
03/07/2023 06:30,0.0
03/07/2023 07:00,0.0
03/07/2023 07:30,0.0
03/07/2023 08:00,0.0
03/07/2023 08:30,0.0
03/07/2023 09:00,0.0
03/07/2023 09:30,0.0
03/07/2023 10:00,0.0
03/07/2023 10:30,0.0
03/07/2023 11:00,0.0
03/07/2023 11:30,0.0
03/07/2023 12:00,0.0
03/07/2023 12:30,0.0
03/07/2023 13:00,0.0
03/07/2023 13:30,0.0
03/07/2023 14:00,0.0
03/07/2023 14:30,0.0
03/07/2023 15:00,0.0
03/07/2023 15:30,0.0
03/07/2023 16:00,0.0
03/07/2023 16:30,0.0
03/07/2023 17:00,0.0
03/07/2023 17:30,0.0
03/07/2023 18:00,0.0
03/07/2023 18:30,0.0
03/07/2023 19:00,0.0
03/07/2023 19:30,0.0
03/07/2023 20:00,0.0
03/07/2023 20:30,0.0
03/07/2023 21:00,0.0
03/07/2023 21:30,0.0
03/07/2023 22:00,0.0
03/07/2023 22:30,0.0
03/07/2023 23:00,0.0
03/07/2023 23:30,0.0
03/08/2023 00:00,0.0
03/08/2023 00:30,0.0
03/08/2023 01:00,0.0
03/08/2023 01:30,0.0
03/08/2023 02:00,0.0
03/08/2023 02:30,0.0
03/08/2023 03:00,0.0
03/08/2023 03:30,0.0
03/08/2023 04:00,0.0
03/08/2023 04:30,0.0
03/08/2023 05:00,0.0
03/08/2023 05:30,0.0
03/08/2023 06:00,0.0
03/08/2023 06:30,0.0
03/08/2023 07:00,0.0
03/08/2023 07:30,0.0
03/08/2023 08:00,0.0
03/08/2023 08:30,0.0
03/08/2023 09:00,0.0
03/08/2023 09:30,0.0
03/08/2023 10:00,0.0
03/08/2023 10:30,0.0
03/08/2023 11:00,0.0
03/08/2023 11:30,0.0
03/08/2023 12:00,0.0
03/08/2023 12:30,0.0
03/08/2023 13:00,0.0
03/08/2023 13:30,0.0
03/08/2023 14:00,0.0
03/08/2023 14:30,0.0
03/08/2023 15:00,0.0
03/08/2023 15:30,0.0
03/08/2023 16:00,0.0
03/08/2023 16:30,0.0
03/08/2023 17:00,0.0
03/08/2023 17:30,0.0
03/08/2023 18:00,0.0
03/08/2023 18:30,0.0
03/08/2023 19:00,0.0
03/08/2023 19:30,0.0
03/08/2023 20:00,0.0
03/08/2023 20:30,0.0
03/08/2023 21:00,0.0
03/08/2023 21:30,0.0
03/08/2023 22:00,0.0
03/08/2023 22:30,0.0
03/08/2023 23:00,0.0
03/08/2023 23:30,0.0
03/09/2023 00:00,0.0
03/09/2023 00:30,0.0
03/09/2023 01:00,0.0
03/09/2023 01:30,0.0
03/09/2023 02:00,0.0
03/09/2023 02:30,0.0
03/09/2023 03:00,0.0
03/09/2023 03:30,0.0
03/09/2023 04:00,0.0
03/09/2023 04:30,0.0
03/09/2023 05:00,0.0
03/09/2023 05:30,0.0
03/09/2023 06:00,0.0
03/09/2023 06:30,0.0
03/09/2023 07:00,0.0
03/09/2023 07:30,0.0
03/09/2023 08:00,0.0
03/09/2023 08:30,0.0
03/09/2023 09:00,0.0
03/09/2023 09:30,0.0
03/09/2023 10:00,0.0
03/09/2023 10:30,0.0
03/09/2023 11:00,0.0
03/09/2023 11:30,0.0
03/09/2023 12:00,0.0
03/09/2023 12:30,0.0
03/09/2023 13:00,0.0
03/09/2023 13:30,0.0
03/09/2023 14:00,0.0
03/09/2023 14:30,0.0
03/09/2023 15:00,0.0
03/09/2023 15:30,0.0
03/09/2023 16:00,0.0
03/09/2023 16:30,0.0
03/09/2023 17:00,0.0
03/09/2023 17:30,0.0
03/09/2023 18:00,0.0
03/09/2023 18:30,0.0
03/09/2023 19:00,0.0
03/09/2023 19:30,0.0
03/09/2023 20:00,0.0
03/09/2023 20:30,0.0
03/09/2023 21:00,0.0
03/09/2023 21:30,0.0
03/09/2023 22:00,0.0
03/09/2023 22:30,0.0
03/09/2023 23:00,0.0
03/09/2023 23:30,0.0
03/10/2023 00:00,0.0
03/10/2023 00:30,0.0
03/10/2023 01:00,0.0
03/10/2023 01:30,0.0
03/10/2023 02:00,0.0
03/10/2023 02:30,0.0
03/10/2023 03:00,0.0
03/10/2023 03:30,0.0
03/10/2023 04:00,0.0
03/10/2023 04:30,0.0
03/10/2023 05:00,0.0
03/10/2023 05:30,0.0
03/10/2023 06:00,0.0
03/10/2023 06:30,0.0
03/10/2023 07:00,0.0
03/10/2023 07:30,0.0
03/10/2023 08:00,0.0
03/10/2023 08:30,0.0
03/10/2023 09:00,0.0
03/10/2023 09:30,0.0
03/10/2023 10:00,0.0
03/10/2023 10:30,0.0
03/10/2023 11:00,0.0
03/10/2023 11:30,0.0
03/10/2023 12:00,0.0
03/10/2023 12:30,0.0
03/10/2023 13:00,0.0
03/10/2023 13:30,0.0
03/10/2023 14:00,0.0
03/10/2023 14:30,0.0
03/10/2023 15:00,0.0
03/10/2023 15:30,0.0
03/10/2023 16:00,0.0
03/10/2023 16:30,0.0
03/10/2023 17:00,0.0
03/10/2023 17:30,0.0
03/10/2023 18:00,0.0
03/10/2023 18:30,0.0
03/10/2023 19:00,0.0
03/10/2023 19:30,0.0
03/10/2023 20:00,0.0
03/10/2023 20:30,0.0
03/10/2023 21:00,0.0
03/10/2023 21:30,0.0
03/10/2023 22:00,0.0
03/10/2023 22:30,0.0
03/10/2023 23:00,0.0
03/10/2023 23:30,0.0
03/11/2023 00:00,0.0
03/11/2023 00:30,0.0
03/11/2023 01:00,0.0
03/11/2023 01:30,0.0
03/11/2023 02:00,0.0
03/11/2023 02:30,0.0
03/11/2023 03:00,0.0
03/11/2023 03:30,0.0
03/11/2023 04:00,0.0
03/11/2023 04:30,0.0
03/11/2023 05:00,0.0
03/11/2023 05:30,0.0
03/11/2023 06:00,0.0
03/11/2023 06:30,0.0
03/11/2023 07:00,0.0
03/11/2023 07:30,0.0
03/11/2023 08:00,0.0
03/11/2023 08:30,0.0
03/11/2023 09:00,0.0
03/11/2023 09:30,0.0
03/11/2023 10:00,0.0
03/11/2023 10:30,0.0
03/11/2023 11:00,0.0
03/11/2023 11:30,0.0
03/11/2023 12:00,0.0
03/11/2023 12:30,0.0
03/11/2023 13:00,0.0
03/11/2023 13:30,0.0
03/11/2023 14:00,0.0
03/11/2023 14:30,0.0
03/11/2023 15:00,0.0
03/11/2023 15:30,0.0
03/11/2023 16:00,0.0
03/11/2023 16:30,0.0
03/11/2023 17:00,0.0
03/11/2023 17:30,0.0
03/11/2023 18:00,0.0
03/11/2023 18:30,0.0
03/11/2023 19:00,0.0
03/11/2023 19:30,0.0
03/11/2023 20:00,0.0
03/11/2023 20:30,0.0
03/11/2023 21:00,0.0
03/11/2023 21:30,0.0
03/11/2023 22:00,0.0
03/11/2023 22:30,0.0
03/11/2023 23:00,0.0
03/11/2023 23:30,0.0
03/12/2023 00:00,0.0
03/12/2023 00:30,0.0
03/12/2023 01:00,0.0
03/12/2023 01:30,0.0
03/12/2023 02:00,0.0
03/12/2023 02:30,0.0
03/12/2023 03:00,0.0
03/12/2023 03:30,0.0
03/12/2023 04:00,0.0
03/12/2023 04:30,0.0
03/12/2023 05:00,0.0
03/12/2023 05:30,0.0
03/12/2023 06:00,0.0
03/12/2023 06:30,0.0
03/12/2023 07:00,0.0
03/12/2023 07:30,0.0
03/12/2023 08:00,0.0
03/12/2023 08:30,0.0
03/12/2023 09:00,0.0
03/12/2023 09:30,0.0
03/12/2023 10:00,0.0
03/12/2023 10:30,0.0
03/12/2023 11:00,0.0
03/12/2023 11:30,0.0
03/12/2023 12:00,0.0
03/12/2023 12:30,0.0
03/12/2023 13:00,0.0
03/12/2023 13:30,0.0
03/12/2023 14:00,0.0
03/12/2023 14:30,0.0
03/12/2023 15:00,0.0
03/12/2023 15:30,0.0
03/12/2023 16:00,0.0
03/12/2023 16:30,0.0
03/12/2023 17:00,0.0
03/12/2023 17:30,0.0
03/12/2023 18:00,0.0
03/12/2023 18:30,0.0
03/12/2023 19:00,0.0
03/12/2023 19:30,0.0
03/12/2023 20:00,0.0
03/12/2023 20:30,0.0
03/12/2023 21:00,0.0
03/12/2023 21:30,0.0
03/12/2023 22:00,0.0
03/12/2023 22:30,0.0
03/12/2023 23:00,0.0
03/12/2023 23:30,0.0
03/13/2023 00:00,0.0
03/13/2023 00:30,0.0
03/13/2023 01:00,0.0
03/13/2023 01:30,0.0
03/13/2023 02:00,0.0
03/13/2023 02:30,0.0
03/13/2023 03:00,0.0
03/13/2023 03:30,0.0
03/13/2023 04:00,0.0
03/13/2023 04:30,0.0
03/13/2023 05:00,0.0
03/13/2023 05:30,0.0
03/13/2023 06:00,0.0
03/13/2023 06:30,0.0
03/13/2023 07:00,0.0
03/13/2023 07:30,0.0
03/13/2023 08:00,0.0
03/13/2023 08:30,0.0
03/13/2023 09:00,0.0
03/13/2023 09:30,0.0
03/13/2023 10:00,0.0
03/13/2023 10:30,0.0
03/13/2023 11:00,0.0
03/13/2023 11:30,0.0
03/13/2023 12:00,0.0
03/13/2023 12:30,0.0
03/13/2023 13:00,0.0
03/13/2023 13:30,0.0
03/13/2023 14:00,0.0
03/13/2023 14:30,0.0
03/13/2023 15:00,0.0
03/13/2023 15:30,0.0
03/13/2023 16:00,0.0
03/13/2023 16:30,0.0
03/13/2023 17:00,0.0
03/13/2023 17:30,0.0
03/13/2023 18:00,0.0
03/13/2023 18:30,0.0
03/13/2023 19:00,0.0
03/13/2023 19:30,0.0
03/13/2023 20:00,0.0
03/13/2023 20:30,0.0
03/13/2023 21:00,0.0
03/13/2023 21:30,0.0
03/13/2023 22:00,0.0
03/13/2023 22:30,0.0
03/13/2023 23:00,0.0
03/13/2023 23:30,0.0
03/14/2023 00:00,0.0
03/14/2023 00:30,0.0
03/14/2023 01:00,0.0
03/14/2023 01:30,0.0
03/14/2023 02:00,0.0
03/14/2023 02:30,0.0
03/14/2023 03:00,0.0
03/14/2023 03:30,0.0
03/14/2023 04:00,0.0
03/14/2023 04:30,0.0
03/14/2023 05:00,0.0
03/14/2023 05:30,0.0
03/14/2023 06:00,0.0
03/14/2023 06:30,0.0
03/14/2023 07:00,0.0
03/14/2023 07:30,0.0
03/14/2023 08:00,0.0
03/14/2023 08:30,0.0
03/14/2023 09:00,0.0
03/14/2023 09:30,0.0
03/14/2023 10:00,0.0
03/14/2023 10:30,0.0
03/14/2023 11:00,0.0
03/14/2023 11:30,0.0
03/14/2023 12:00,0.0
03/14/2023 12:30,0.0
03/14/2023 13:00,0.0
03/14/2023 13:30,0.0
03/14/2023 14:00,0.0
03/14/2023 14:30,0.0
03/14/2023 15:00,0.0
03/14/2023 15:30,0.0
03/14/2023 16:00,0.0
03/14/2023 16:30,0.0
03/14/2023 17:00,0.0
03/14/2023 17:30,0.0
03/14/2023 18:00,0.0
03/14/2023 18:30,0.0
03/14/2023 19:00,0.0
03/14/2023 19:30,0.0
03/14/2023 20:00,0.0
03/14/2023 20:30,0.0
03/14/2023 21:00,0.0
03/14/2023 21:30,0.0
03/14/2023 22:00,0.0
03/14/2023 22:30,0.0
03/14/2023 23:00,0.0
03/14/2023 23:30,0.0
03/15/2023 00:00,0.0
03/15/2023 00:30,0.0
03/15/2023 01:00,0.0
03/15/2023 01:30,0.0
03/15/2023 02:00,0.0
03/15/2023 02:30,0.0
03/15/2023 03:00,0.0
03/15/2023 03:30,0.0
03/15/2023 04:00,0.0
03/15/2023 04:30,0.0
03/15/2023 05:00,0.0
03/15/2023 05:30,0.0
03/15/2023 06:00,0.0
03/15/2023 06:30,0.0
03/15/2023 07:00,0.0
03/15/2023 07:30,0.0
03/15/2023 08:00,0.0
03/15/2023 08:30,0.0
03/15/2023 09:00,0.0
03/15/2023 09:30,0.0
03/15/2023 10:00,0.0
03/15/2023 10:30,0.0
03/15/2023 11:00,0.0
03/15/2023 11:30,0.0
03/15/2023 12:00,0.0
03/15/2023 12:30,0.0
03/15/2023 13:00,0.0
03/15/2023 13:30,0.0
03/15/2023 14:00,0.0
03/15/2023 14:30,0.0
03/15/2023 15:00,0.0
03/15/2023 15:30,0.0
03/15/2023 16:00,0.0
03/15/2023 16:30,0.0
03/15/2023 17:00,0.0
03/15/2023 17:30,0.0
03/15/2023 18:00,0.0
03/15/2023 18:30,0.0
03/15/2023 19:00,0.0
03/15/2023 19:30,0.0
03/15/2023 20:00,0.0
03/15/2023 20:30,0.0
03/15/2023 21:00,0.0
03/15/2023 21:30,0.0
03/15/2023 22:00,0.0
03/15/2023 22:30,0.0
03/15/2023 23:00,0.0
03/15/2023 23:30,0.0
03/16/2023 00:00,0.0
03/16/2023 00:30,0.0
03/16/2023 01:00,0.0
03/16/2023 01:30,0.0
03/16/2023 02:00,0.0
03/16/2023 02:30,0.0
03/16/2023 03:00,0.0
03/16/2023 03:30,0.0
03/16/2023 04:00,0.0
03/16/2023 04:30,0.0
03/16/2023 05:00,0.0
03/16/2023 05:30,0.0
03/16/2023 06:00,0.0
03/16/2023 06:30,0.0
03/16/2023 07:00,0.0
03/16/2023 07:30,0.0
03/16/2023 08:00,0.0
03/16/2023 08:30,0.0
03/16/2023 09:00,0.0
03/16/2023 09:30,0.0
03/16/2023 10:00,0.0
03/16/2023 10:30,0.0
03/16/2023 11:00,0.0
03/16/2023 11:30,0.0
03/16/2023 12:00,0.0
03/16/2023 12:30,0.0
03/16/2023 13:00,0.0
03/16/2023 13:30,0.0
03/16/2023 14:00,0.0
03/16/2023 14:30,0.0
03/16/2023 15:00,0.0
03/16/2023 15:30,0.0
03/16/2023 16:00,0.0
03/16/2023 16:30,0.0
03/16/2023 17:00,0.0
03/16/2023 17:30,0.0
03/16/2023 18:00,0.0
03/16/2023 18:30,0.0
03/16/2023 19:00,0.0
03/16/2023 19:30,0.0
03/16/2023 20:00,0.0
03/16/2023 20:30,0.0
03/16/2023 21:00,0.0
03/16/2023 21:30,0.0
03/16/2023 22:00,0.0
03/16/2023 22:30,0.0
03/16/2023 23:00,0.0
03/16/2023 23:30,0.0
03/17/2023 00:00,0.0
03/17/2023 00:30,0.0
03/17/2023 01:00,0.0
03/17/2023 01:30,0.0
03/17/2023 02:00,0.0
03/17/2023 02:30,0.0
03/17/2023 03:00,0.0
03/17/2023 03:30,0.0
03/17/2023 04:00,0.0
03/17/2023 04:30,0.0
03/17/2023 05:00,0.0
03/17/2023 05:30,0.0
03/17/2023 06:00,0.0
03/17/2023 06:30,0.0
03/17/2023 07:00,0.0
03/17/2023 07:30,0.0
03/17/2023 08:00,0.0
03/17/2023 08:30,0.0
03/17/2023 09:00,0.0
03/17/2023 09:30,0.0
03/17/2023 10:00,0.0
03/17/2023 10:30,0.0
03/17/2023 11:00,0.0
03/17/2023 11:30,0.0
03/17/2023 12:00,0.0
03/17/2023 12:30,0.0
03/17/2023 13:00,0.0
03/17/2023 13:30,0.0
03/17/2023 14:00,0.0
03/17/2023 14:30,0.0
03/17/2023 15:00,0.0
03/17/2023 15:30,0.0
03/17/2023 16:00,0.0
03/17/2023 16:30,0.0
03/17/2023 17:00,0.0
03/17/2023 17:30,0.0
03/17/2023 18:00,0.0
03/17/2023 18:30,0.0
03/17/2023 19:00,0.0
03/17/2023 19:30,0.0
03/17/2023 20:00,0.0
03/17/2023 20:30,0.0
03/17/2023 21:00,0.0
03/17/2023 21:30,0.0
03/17/2023 22:00,0.0
03/17/2023 22:30,0.0
03/17/2023 23:00,0.0
03/17/2023 23:30,0.0
03/18/2023 00:00,0.0
03/18/2023 00:30,0.0
03/18/2023 01:00,0.0
03/18/2023 01:30,0.0
03/18/2023 02:00,0.0
03/18/2023 02:30,0.0
03/18/2023 03:00,0.0
03/18/2023 03:30,0.0
03/18/2023 04:00,0.0
03/18/2023 04:30,0.0
03/18/2023 05:00,0.0
03/18/2023 05:30,0.0
03/18/2023 06:00,0.0
03/18/2023 06:30,0.0
03/18/2023 07:00,0.0
03/18/2023 07:30,0.0
03/18/2023 08:00,0.0
03/18/2023 08:30,0.0
03/18/2023 09:00,0.0
03/18/2023 09:30,0.0
03/18/2023 10:00,0.0
03/18/2023 10:30,0.0
03/18/2023 11:00,0.0
03/18/2023 11:30,0.0
03/18/2023 12:00,0.0
03/18/2023 12:30,0.0
03/18/2023 13:00,0.0
03/18/2023 13:30,0.0
03/18/2023 14:00,0.0
03/18/2023 14:30,0.0
03/18/2023 15:00,0.0
03/18/2023 15:30,0.0
03/18/2023 16:00,0.0
03/18/2023 16:30,0.0
03/18/2023 17:00,0.0
03/18/2023 17:30,0.0
03/18/2023 18:00,0.0
03/18/2023 18:30,0.0
03/18/2023 19:00,0.0
03/18/2023 19:30,0.0
03/18/2023 20:00,0.0
03/18/2023 20:30,0.0
03/18/2023 21:00,0.0
03/18/2023 21:30,0.0
03/18/2023 22:00,0.0
03/18/2023 22:30,0.0
03/18/2023 23:00,0.0
03/18/2023 23:30,0.0
03/19/2023 00:00,0.0
03/19/2023 00:30,0.0
03/19/2023 01:00,0.0
03/19/2023 01:30,0.0
03/19/2023 02:00,0.0
03/19/2023 02:30,0.0
03/19/2023 03:00,0.0
03/19/2023 03:30,0.0
03/19/2023 04:00,0.0
03/19/2023 04:30,0.0
03/19/2023 05:00,0.0
03/19/2023 05:30,0.0
03/19/2023 06:00,0.0
03/19/2023 06:30,0.0
03/19/2023 07:00,0.0
03/19/2023 07:30,0.0
03/19/2023 08:00,0.0
03/19/2023 08:30,0.0
03/19/2023 09:00,0.0
03/19/2023 09:30,0.0
03/19/2023 10:00,0.0
03/19/2023 10:30,0.0
03/19/2023 11:00,0.0
03/19/2023 11:30,0.0
03/19/2023 12:00,0.0
03/19/2023 12:30,0.0
03/19/2023 13:00,0.0
03/19/2023 13:30,0.0
03/19/2023 14:00,0.0
03/19/2023 14:30,0.0
03/19/2023 15:00,0.0
03/19/2023 15:30,0.0
03/19/2023 16:00,0.0
03/19/2023 16:30,0.0
03/19/2023 17:00,0.0
03/19/2023 17:30,0.0
03/19/2023 18:00,0.0
03/19/2023 18:30,0.0
03/19/2023 19:00,0.0
03/19/2023 19:30,0.0
03/19/2023 20:00,0.0
03/19/2023 20:30,0.0
03/19/2023 21:00,0.0
03/19/2023 21:30,0.0
03/19/2023 22:00,0.0
03/19/2023 22:30,0.0
03/19/2023 23:00,0.0
03/19/2023 23:30,0.0
03/20/2023 00:00,0.0
03/20/2023 00:30,0.0
03/20/2023 01:00,0.0
03/20/2023 01:30,0.0
03/20/2023 02:00,0.0
03/20/2023 02:30,0.0
03/20/2023 03:00,0.0
03/20/2023 03:30,0.0
03/20/2023 04:00,0.0
03/20/2023 04:30,0.0
03/20/2023 05:00,0.0
03/20/2023 05:30,0.0
03/20/2023 06:00,0.0
03/20/2023 06:30,0.0
03/20/2023 07:00,0.0
03/20/2023 07:30,0.0
03/20/2023 08:00,0.0
03/20/2023 08:30,0.0
03/20/2023 09:00,0.0
03/20/2023 09:30,0.0
03/20/2023 10:00,0.0
03/20/2023 10:30,0.0
03/20/2023 11:00,0.0
03/20/2023 11:30,0.0
03/20/2023 12:00,0.0
03/20/2023 12:30,0.0
03/20/2023 13:00,0.0
03/20/2023 13:30,0.0
03/20/2023 14:00,0.0
03/20/2023 14:30,0.0
03/20/2023 15:00,0.0
03/20/2023 15:30,0.0
03/20/2023 16:00,0.0
03/20/2023 16:30,0.0
03/20/2023 17:00,0.0
03/20/2023 17:30,0.0
03/20/2023 18:00,0.0
03/20/2023 18:30,0.0
03/20/2023 19:00,0.0
03/20/2023 19:30,0.0
03/20/2023 20:00,0.0
03/20/2023 20:30,0.0
03/20/2023 21:00,0.0
03/20/2023 21:30,0.0
03/20/2023 22:00,0.0
03/20/2023 22:30,0.0
03/20/2023 23:00,0.0
03/20/2023 23:30,0.0
03/21/2023 00:00,0.0
03/21/2023 00:30,0.0
03/21/2023 01:00,0.0
03/21/2023 01:30,0.0
03/21/2023 02:00,0.0
03/21/2023 02:30,0.0
03/21/2023 03:00,0.0
03/21/2023 03:30,0.0
03/21/2023 04:00,0.0
03/21/2023 04:30,0.0
03/21/2023 05:00,0.0
03/21/2023 05:30,0.0
03/21/2023 06:00,0.0
03/21/2023 06:30,0.0
03/21/2023 07:00,0.0
03/21/2023 07:30,0.0
03/21/2023 08:00,0.0
03/21/2023 08:30,0.0
03/21/2023 09:00,0.0
03/21/2023 09:30,0.0
03/21/2023 10:00,0.0
03/21/2023 10:30,0.0
03/21/2023 11:00,0.0
03/21/2023 11:30,0.0
03/21/2023 12:00,0.0
03/21/2023 12:30,0.0
03/21/2023 13:00,0.0
03/21/2023 13:30,0.0
03/21/2023 14:00,0.0
03/21/2023 14:30,0.0
03/21/2023 15:00,0.0
03/21/2023 15:30,0.0
03/21/2023 16:00,0.0
03/21/2023 16:30,0.0
03/21/2023 17:00,0.0
03/21/2023 17:30,0.0
03/21/2023 18:00,0.0
03/21/2023 18:30,0.0
03/21/2023 19:00,0.0
03/21/2023 19:30,0.0
03/21/2023 20:00,0.0
03/21/2023 20:30,0.0
03/21/2023 21:00,0.0
03/21/2023 21:30,0.0
03/21/2023 22:00,0.0
03/21/2023 22:30,0.0
03/21/2023 23:00,0.0
03/21/2023 23:30,0.0
03/22/2023 00:00,0.0
03/22/2023 00:30,0.0
03/22/2023 01:00,0.0
03/22/2023 01:30,0.0
03/22/2023 02:00,0.0
03/22/2023 02:30,0.0
03/22/2023 03:00,0.0
03/22/2023 03:30,0.0
03/22/2023 04:00,0.0
03/22/2023 04:30,0.0
03/22/2023 05:00,0.0
03/22/2023 05:30,0.0
03/22/2023 06:00,0.0
03/22/2023 06:30,0.0
03/22/2023 07:00,0.0
03/22/2023 07:30,0.0
03/22/2023 08:00,0.0
03/22/2023 08:30,0.0
03/22/2023 09:00,0.0
03/22/2023 09:30,0.0
03/22/2023 10:00,0.0
03/22/2023 10:30,0.0
03/22/2023 11:00,0.0
03/22/2023 11:30,0.0
03/22/2023 12:00,0.0
03/22/2023 12:30,0.0
03/22/2023 13:00,0.0
03/22/2023 13:30,0.0
03/22/2023 14:00,0.0
03/22/2023 14:30,0.0
03/22/2023 15:00,0.0
03/22/2023 15:30,0.0
03/22/2023 16:00,0.0
03/22/2023 16:30,0.0
03/22/2023 17:00,0.0
03/22/2023 17:30,0.0
03/22/2023 18:00,0.0
03/22/2023 18:30,0.0
03/22/2023 19:00,0.0
03/22/2023 19:30,0.0
03/22/2023 20:00,0.0
03/22/2023 20:30,0.0
03/22/2023 21:00,0.0
03/22/2023 21:30,0.0
03/22/2023 22:00,0.0
03/22/2023 22:30,0.0
03/22/2023 23:00,0.0
03/22/2023 23:30,0.0
03/23/2023 00:00,0.0
03/23/2023 00:30,0.0
03/23/2023 01:00,0.0
03/23/2023 01:30,0.0
03/23/2023 02:00,0.0
03/23/2023 02:30,0.0
03/23/2023 03:00,0.0
03/23/2023 03:30,0.0
03/23/2023 04:00,0.0
03/23/2023 04:30,0.0
03/23/2023 05:00,0.0
03/23/2023 05:30,0.0
03/23/2023 06:00,0.0
03/23/2023 06:30,0.0
03/23/2023 07:00,0.0
03/23/2023 07:30,0.0
03/23/2023 08:00,0.0
03/23/2023 08:30,0.0
03/23/2023 09:00,0.0
03/23/2023 09:30,0.0
03/23/2023 10:00,0.0
03/23/2023 10:30,0.0
03/23/2023 11:00,0.0
03/23/2023 11:30,0.0
03/23/2023 12:00,0.0
03/23/2023 12:30,0.0
03/23/2023 13:00,0.0
03/23/2023 13:30,0.0
03/23/2023 14:00,0.0
03/23/2023 14:30,0.0
03/23/2023 15:00,0.0
03/23/2023 15:30,0.0
03/23/2023 16:00,0.0
03/23/2023 16:30,0.0
03/23/2023 17:00,0.0
03/23/2023 17:30,0.0
03/23/2023 18:00,0.0
03/23/2023 18:30,0.0
03/23/2023 19:00,0.0
03/23/2023 19:30,0.0
03/23/2023 20:00,0.0
03/23/2023 20:30,0.0
03/23/2023 21:00,0.0
03/23/2023 21:30,0.0
03/23/2023 22:00,0.0
03/23/2023 22:30,0.0
03/23/2023 23:00,0.0
03/23/2023 23:30,0.0
03/24/2023 00:00,0.0
03/24/2023 00:30,0.0
03/24/2023 01:00,0.0
03/24/2023 01:30,0.0
03/24/2023 02:00,0.0
03/24/2023 02:30,0.0
03/24/2023 03:00,0.0
03/24/2023 03:30,0.0
03/24/2023 04:00,0.0
03/24/2023 04:30,0.0
03/24/2023 05:00,0.0
03/24/2023 05:30,0.0
03/24/2023 06:00,0.0
03/24/2023 06:30,0.0
03/24/2023 07:00,0.0
03/24/2023 07:30,0.0
03/24/2023 08:00,0.0
03/24/2023 08:30,0.0
03/24/2023 09:00,0.0
03/24/2023 09:30,0.0
03/24/2023 10:00,0.0
03/24/2023 10:30,0.0
03/24/2023 11:00,0.0
03/24/2023 11:30,0.0
03/24/2023 12:00,0.0
03/24/2023 12:30,0.0
03/24/2023 13:00,0.0
03/24/2023 13:30,0.0
03/24/2023 14:00,0.0
03/24/2023 14:30,0.0
03/24/2023 15:00,0.0
03/24/2023 15:30,0.0
03/24/2023 16:00,0.0
03/24/2023 16:30,0.0
03/24/2023 17:00,0.0
03/24/2023 17:30,0.0
03/24/2023 18:00,0.0
03/24/2023 18:30,0.0
03/24/2023 19:00,0.0
03/24/2023 19:30,0.0
03/24/2023 20:00,0.0
03/24/2023 20:30,0.0
03/24/2023 21:00,0.0
03/24/2023 21:30,0.0
03/24/2023 22:00,0.0
03/24/2023 22:30,0.0
03/24/2023 23:00,0.0
03/24/2023 23:30,0.0
03/25/2023 00:00,0.0
03/25/2023 00:30,0.0
03/25/2023 01:00,0.0
03/25/2023 01:30,0.0
03/25/2023 02:00,0.0
03/25/2023 02:30,0.0
03/25/2023 03:00,0.0
03/25/2023 03:30,0.0
03/25/2023 04:00,0.0
03/25/2023 04:30,0.0
03/25/2023 05:00,0.0
03/25/2023 05:30,0.0
03/25/2023 06:00,0.0
03/25/2023 06:30,0.0
03/25/2023 07:00,0.0
03/25/2023 07:30,0.0
03/25/2023 08:00,0.0
03/25/2023 08:30,0.0
03/25/2023 09:00,0.0
03/25/2023 09:30,0.0
03/25/2023 10:00,0.0
03/25/2023 10:30,0.0
03/25/2023 11:00,0.0
03/25/2023 11:30,0.0
03/25/2023 12:00,0.0
03/25/2023 12:30,0.0
03/25/2023 13:00,0.0
03/25/2023 13:30,0.0
03/25/2023 14:00,0.0
03/25/2023 14:30,0.0
03/25/2023 15:00,0.0
03/25/2023 15:30,0.0
03/25/2023 16:00,0.0
03/25/2023 16:30,0.0
03/25/2023 17:00,0.0
03/25/2023 17:30,0.0
03/25/2023 18:00,0.0
03/25/2023 18:30,0.0
03/25/2023 19:00,0.0
03/25/2023 19:30,0.0
03/25/2023 20:00,0.0
03/25/2023 20:30,0.0
03/25/2023 21:00,0.0
03/25/2023 21:30,0.0
03/25/2023 22:00,0.0
03/25/2023 22:30,0.0
03/25/2023 23:00,0.0
03/25/2023 23:30,0.0
03/26/2023 00:00,0.0
03/26/2023 00:30,0.0
03/26/2023 01:00,0.0
03/26/2023 01:30,0.0
03/26/2023 02:00,0.0
03/26/2023 02:30,0.0
03/26/2023 03:00,0.0
03/26/2023 03:30,0.0
03/26/2023 04:00,0.0
03/26/2023 04:30,0.0
03/26/2023 05:00,0.0
03/26/2023 05:30,0.0
03/26/2023 06:00,0.0
03/26/2023 06:30,0.0
03/26/2023 07:00,0.0
03/26/2023 07:30,0.0
03/26/2023 08:00,0.0
03/26/2023 08:30,0.0
03/26/2023 09:00,0.0
03/26/2023 09:30,0.0
03/26/2023 10:00,0.0
03/26/2023 10:30,0.0
03/26/2023 11:00,0.0
03/26/2023 11:30,0.0
03/26/2023 12:00,0.0
03/26/2023 12:30,0.0
03/26/2023 13:00,0.0
03/26/2023 13:30,0.0
03/26/2023 14:00,0.0
03/26/2023 14:30,0.0
03/26/2023 15:00,0.0
03/26/2023 15:30,0.0
03/26/2023 16:00,0.0
03/26/2023 16:30,0.0
03/26/2023 17:00,0.0
03/26/2023 17:30,0.0
03/26/2023 18:00,0.0
03/26/2023 18:30,0.0
03/26/2023 19:00,0.0
03/26/2023 19:30,0.0
03/26/2023 20:00,0.0
03/26/2023 20:30,0.0
03/26/2023 21:00,0.0
03/26/2023 21:30,0.0
03/26/2023 22:00,0.0
03/26/2023 22:30,0.0
03/26/2023 23:00,0.0
03/26/2023 23:30,0.0
03/27/2023 00:00,0.0
03/27/2023 00:30,0.0
03/27/2023 01:00,0.0
03/27/2023 01:30,0.0
03/27/2023 02:00,0.0
03/27/2023 02:30,0.0
03/27/2023 03:00,0.0
03/27/2023 03:30,0.0
03/27/2023 04:00,0.0
03/27/2023 04:30,0.0
03/27/2023 05:00,0.0
03/27/2023 05:30,0.0
03/27/2023 06:00,0.0
03/27/2023 06:30,0.0
03/27/2023 07:00,0.0
03/27/2023 07:30,0.0
03/27/2023 08:00,0.0
03/27/2023 08:30,0.0
03/27/2023 09:00,0.0
03/27/2023 09:30,0.0
03/27/2023 10:00,0.0
03/27/2023 10:30,0.0
03/27/2023 11:00,0.0
03/27/2023 11:30,0.0
03/27/2023 12:00,0.0
03/27/2023 12:30,0.0
03/27/2023 13:00,0.0
03/27/2023 13:30,0.0
03/27/2023 14:00,0.0
03/27/2023 14:30,0.0
03/27/2023 15:00,0.0
03/27/2023 15:30,0.0
03/27/2023 16:00,0.0
03/27/2023 16:30,0.0
03/27/2023 17:00,0.0
03/27/2023 17:30,0.0
03/27/2023 18:00,0.0
03/27/2023 18:30,0.0
03/27/2023 19:00,0.0
03/27/2023 19:30,0.0
03/27/2023 20:00,0.0
03/27/2023 20:30,0.0
03/27/2023 21:00,0.0
03/27/2023 21:30,0.0
03/27/2023 22:00,0.0
03/27/2023 22:30,0.0
03/27/2023 23:00,0.0
03/27/2023 23:30,0.0
03/28/2023 00:00,0.0
03/28/2023 00:30,0.0
03/28/2023 01:00,0.0
03/28/2023 01:30,0.0
03/28/2023 02:00,0.0
03/28/2023 02:30,0.0
03/28/2023 03:00,0.0
03/28/2023 03:30,0.0
03/28/2023 04:00,0.0
03/28/2023 04:30,0.0
03/28/2023 05:00,0.0
03/28/2023 05:30,0.0
03/28/2023 06:00,0.0
03/28/2023 06:30,0.0
03/28/2023 07:00,0.0
03/28/2023 07:30,0.0
03/28/2023 08:00,0.0
03/28/2023 08:30,0.0
03/28/2023 09:00,0.0
03/28/2023 09:30,0.0
03/28/2023 10:00,0.0
03/28/2023 10:30,0.0
03/28/2023 11:00,0.0
03/28/2023 11:30,0.0
03/28/2023 12:00,0.0
03/28/2023 12:30,0.0
03/28/2023 13:00,0.0
03/28/2023 13:30,0.0
03/28/2023 14:00,0.0
03/28/2023 14:30,0.0
03/28/2023 15:00,0.0
03/28/2023 15:30,0.0
03/28/2023 16:00,0.0
03/28/2023 16:30,0.0
03/28/2023 17:00,0.0
03/28/2023 17:30,0.0
03/28/2023 18:00,0.0
03/28/2023 18:30,0.0
03/28/2023 19:00,0.0
03/28/2023 19:30,0.0
03/28/2023 20:00,0.0
03/28/2023 20:30,0.0
03/28/2023 21:00,0.0
03/28/2023 21:30,0.0
03/28/2023 22:00,0.0
03/28/2023 22:30,0.0
03/28/2023 23:00,0.0
03/28/2023 23:30,0.0
03/29/2023 00:00,0.0
03/29/2023 00:30,0.0
03/29/2023 01:00,0.0
03/29/2023 01:30,0.0
03/29/2023 02:00,0.0
03/29/2023 02:30,0.0
03/29/2023 03:00,0.0
03/29/2023 03:30,0.0
03/29/2023 04:00,0.0
03/29/2023 04:30,0.0
03/29/2023 05:00,0.0
03/29/2023 05:30,0.0
03/29/2023 06:00,0.0
03/29/2023 06:30,0.0
03/29/2023 07:00,0.0
03/29/2023 07:30,0.0
03/29/2023 08:00,0.0
03/29/2023 08:30,0.0
03/29/2023 09:00,0.0
03/29/2023 09:30,0.0
03/29/2023 10:00,0.0
03/29/2023 10:30,0.0
03/29/2023 11:00,0.0
03/29/2023 11:30,0.0
03/29/2023 12:00,0.0
03/29/2023 12:30,0.0
03/29/2023 13:00,0.0
03/29/2023 13:30,0.0
03/29/2023 14:00,0.0
03/29/2023 14:30,0.0
03/29/2023 15:00,0.0
03/29/2023 15:30,0.0
03/29/2023 16:00,0.0
03/29/2023 16:30,0.0
03/29/2023 17:00,0.0
03/29/2023 17:30,0.0
03/29/2023 18:00,0.0
03/29/2023 18:30,0.0
03/29/2023 19:00,0.0
03/29/2023 19:30,0.0
03/29/2023 20:00,0.0
03/29/2023 20:30,0.0
03/29/2023 21:00,0.0
03/29/2023 21:30,0.0
03/29/2023 22:00,0.0
03/29/2023 22:30,0.0
03/29/2023 23:00,0.0
03/29/2023 23:30,0.0
03/30/2023 00:00,0.0
03/30/2023 00:30,0.0
03/30/2023 01:00,0.0
03/30/2023 01:30,0.0
03/30/2023 02:00,0.0
03/30/2023 02:30,0.0
03/30/2023 03:00,0.0
03/30/2023 03:30,0.0
03/30/2023 04:00,0.0
03/30/2023 04:30,0.0
03/30/2023 05:00,0.0
03/30/2023 05:30,0.0
03/30/2023 06:00,0.0
03/30/2023 06:30,0.0
03/30/2023 07:00,0.0
03/30/2023 07:30,0.0
03/30/2023 08:00,0.0
03/30/2023 08:30,0.0
03/30/2023 09:00,0.0
03/30/2023 09:30,0.0
03/30/2023 10:00,0.0
03/30/2023 10:30,0.0
03/30/2023 11:00,0.0
03/30/2023 11:30,0.0
03/30/2023 12:00,0.0
03/30/2023 12:30,0.0
03/30/2023 13:00,0.0
03/30/2023 13:30,0.0
03/30/2023 14:00,0.0
03/30/2023 14:30,0.0
03/30/2023 15:00,0.0
03/30/2023 15:30,0.0
03/30/2023 16:00,0.0
03/30/2023 16:30,0.0
03/30/2023 17:00,0.0
03/30/2023 17:30,0.0
03/30/2023 18:00,0.0
03/30/2023 18:30,0.0
03/30/2023 19:00,0.0
03/30/2023 19:30,0.0
03/30/2023 20:00,0.0
03/30/2023 20:30,0.0
03/30/2023 21:00,0.0
03/30/2023 21:30,0.0
03/30/2023 22:00,0.0
03/30/2023 22:30,0.0
03/30/2023 23:00,0.0
03/30/2023 23:30,0.0
03/31/2023 00:00,0.0
03/31/2023 00:30,0.0
03/31/2023 01:00,0.0
03/31/2023 01:30,0.0
03/31/2023 02:00,0.0
03/31/2023 02:30,0.0
03/31/2023 03:00,0.0
03/31/2023 03:30,0.0
03/31/2023 04:00,0.0
03/31/2023 04:30,0.0
03/31/2023 05:00,0.0
03/31/2023 05:30,0.0
03/31/2023 06:00,0.0
03/31/2023 06:30,0.0
03/31/2023 07:00,0.0
03/31/2023 07:30,0.0
03/31/2023 08:00,0.0
03/31/2023 08:30,0.0
03/31/2023 09:00,0.0
03/31/2023 09:30,0.0
03/31/2023 10:00,0.0
03/31/2023 10:30,0.0
03/31/2023 11:00,0.0
03/31/2023 11:30,0.0
03/31/2023 12:00,0.0
03/31/2023 12:30,0.0
03/31/2023 13:00,0.0
03/31/2023 13:30,0.0
03/31/2023 14:00,0.0
03/31/2023 14:30,0.0
03/31/2023 15:00,0.0
03/31/2023 15:30,0.0
03/31/2023 16:00,0.0
03/31/2023 16:30,0.0
03/31/2023 17:00,0.0
03/31/2023 17:30,0.0
03/31/2023 18:00,0.0
03/31/2023 18:30,0.0
03/31/2023 19:00,0.0
03/31/2023 19:30,0.0
03/31/2023 20:00,0.0
03/31/2023 20:30,0.0
03/31/2023 21:00,0.0
03/31/2023 21:30,0.0
03/31/2023 22:00,0.0
03/31/2023 22:30,0.0
03/31/2023 23:00,0.0
03/31/2023 23:30,0.0
04/01/2023 00:00,0.0
04/01/2023 00:30,0.0
04/01/2023 01:00,0.0
04/01/2023 01:30,0.0
04/01/2023 02:00,0.0
04/01/2023 02:30,0.0
04/01/2023 03:00,0.0
04/01/2023 03:30,0.0
04/01/2023 04:00,0.0
04/01/2023 04:30,0.0
04/01/2023 05:00,0.0
04/01/2023 05:30,0.0
04/01/2023 06:00,0.0
04/01/2023 06:30,0.0
04/01/2023 07:00,0.0
04/01/2023 07:30,0.0
04/01/2023 08:00,0.0
04/01/2023 08:30,0.0
04/01/2023 09:00,0.0
04/01/2023 09:30,0.0
04/01/2023 10:00,0.0
04/01/2023 10:30,0.0
04/01/2023 11:00,0.0
04/01/2023 11:30,0.0
04/01/2023 12:00,0.0
04/01/2023 12:30,0.0
04/01/2023 13:00,0.0
04/01/2023 13:30,0.0
04/01/2023 14:00,0.0
04/01/2023 14:30,0.0
04/01/2023 15:00,0.0
04/01/2023 15:30,0.0
04/01/2023 16:00,0.0
04/01/2023 16:30,0.0
04/01/2023 17:00,0.0
04/01/2023 17:30,0.0
04/01/2023 18:00,0.0
04/01/2023 18:30,0.0
04/01/2023 19:00,0.0
04/01/2023 19:30,0.0
04/01/2023 20:00,0.0
04/01/2023 20:30,0.0
04/01/2023 21:00,0.0
04/01/2023 21:30,0.0
04/01/2023 22:00,0.0
04/01/2023 22:30,0.0
04/01/2023 23:00,0.0
04/01/2023 23:30,0.0
04/02/2023 00:00,0.0
04/02/2023 00:30,0.0
04/02/2023 01:00,0.0
04/02/2023 01:30,0.0
04/02/2023 02:00,0.0
04/02/2023 02:30,0.0
04/02/2023 03:00,0.0
04/02/2023 03:30,0.0
04/02/2023 04:00,0.0
04/02/2023 04:30,0.0
04/02/2023 05:00,0.0
04/02/2023 05:30,0.0
04/02/2023 06:00,0.0
04/02/2023 06:30,0.0
04/02/2023 07:00,0.0
04/02/2023 07:30,0.0
04/02/2023 08:00,0.0
04/02/2023 08:30,0.0
04/02/2023 09:00,0.0
04/02/2023 09:30,0.0
04/02/2023 10:00,0.0
04/02/2023 10:30,0.0
04/02/2023 11:00,0.0
04/02/2023 11:30,0.0
04/02/2023 12:00,0.0
04/02/2023 12:30,0.0
04/02/2023 13:00,0.0
04/02/2023 13:30,0.0
04/02/2023 14:00,0.0
04/02/2023 14:30,0.0
04/02/2023 15:00,0.0
04/02/2023 15:30,0.0
04/02/2023 16:00,0.0
04/02/2023 16:30,0.0
04/02/2023 17:00,0.0
04/02/2023 17:30,0.0
04/02/2023 18:00,0.0
04/02/2023 18:30,0.0
04/02/2023 19:00,0.0
04/02/2023 19:30,0.0
04/02/2023 20:00,0.0
04/02/2023 20:30,0.0
04/02/2023 21:00,0.0
04/02/2023 21:30,0.0
04/02/2023 22:00,0.0
04/02/2023 22:30,0.0
04/02/2023 23:00,0.0
04/02/2023 23:30,0.0
04/03/2023 00:00,0.0
04/03/2023 00:30,0.0
04/03/2023 01:00,0.0
04/03/2023 01:30,0.0
04/03/2023 02:00,0.0
04/03/2023 02:30,0.0
04/03/2023 03:00,0.0
04/03/2023 03:30,0.0
04/03/2023 04:00,0.0
04/03/2023 04:30,0.0
04/03/2023 05:00,0.0
04/03/2023 05:30,0.0
04/03/2023 06:00,0.0
04/03/2023 06:30,0.0
04/03/2023 07:00,0.0
04/03/2023 07:30,0.0
04/03/2023 08:00,0.0
04/03/2023 08:30,0.0
04/03/2023 09:00,0.0
04/03/2023 09:30,0.0
04/03/2023 10:00,0.0
04/03/2023 10:30,0.0
04/03/2023 11:00,0.0
04/03/2023 11:30,0.0
04/03/2023 12:00,0.0
04/03/2023 12:30,0.0
04/03/2023 13:00,0.0
04/03/2023 13:30,0.0
04/03/2023 14:00,0.0
04/03/2023 14:30,0.0
04/03/2023 15:00,0.0
04/03/2023 15:30,0.0
04/03/2023 16:00,0.0
04/03/2023 16:30,0.0
04/03/2023 17:00,0.0
04/03/2023 17:30,0.0
04/03/2023 18:00,0.0
04/03/2023 18:30,0.0
04/03/2023 19:00,0.0
04/03/2023 19:30,0.0
04/03/2023 20:00,0.0
04/03/2023 20:30,0.0
04/03/2023 21:00,0.0
04/03/2023 21:30,0.0
04/03/2023 22:00,0.0
04/03/2023 22:30,0.0
04/03/2023 23:00,0.0
04/03/2023 23:30,0.0
04/04/2023 00:00,0.0
04/04/2023 00:30,0.0
04/04/2023 01:00,0.0
04/04/2023 01:30,0.0
04/04/2023 02:00,0.0
04/04/2023 02:30,0.0
04/04/2023 03:00,0.0
04/04/2023 03:30,0.0
04/04/2023 04:00,0.0
04/04/2023 04:30,0.0
04/04/2023 05:00,0.0
04/04/2023 05:30,0.0
04/04/2023 06:00,0.0
04/04/2023 06:30,0.0
04/04/2023 07:00,0.0
04/04/2023 07:30,0.0
04/04/2023 08:00,0.0
04/04/2023 08:30,0.0
04/04/2023 09:00,0.0
04/04/2023 09:30,0.0
04/04/2023 10:00,0.0
04/04/2023 10:30,0.0
04/04/2023 11:00,0.0
04/04/2023 11:30,0.0
04/04/2023 12:00,0.0
04/04/2023 12:30,0.0
04/04/2023 13:00,0.0
04/04/2023 13:30,0.0
04/04/2023 14:00,0.0
04/04/2023 14:30,0.0
04/04/2023 15:00,0.0
04/04/2023 15:30,0.0
04/04/2023 16:00,0.0
04/04/2023 16:30,0.0
04/04/2023 17:00,0.0
04/04/2023 17:30,0.0
04/04/2023 18:00,0.0
04/04/2023 18:30,0.0
04/04/2023 19:00,0.0
04/04/2023 19:30,0.0
04/04/2023 20:00,0.0
04/04/2023 20:30,0.0
04/04/2023 21:00,0.0
04/04/2023 21:30,0.0
04/04/2023 22:00,0.0
04/04/2023 22:30,0.0
04/04/2023 23:00,0.0
04/04/2023 23:30,0.0
04/05/2023 00:00,0.0
04/05/2023 00:30,0.0
04/05/2023 01:00,0.0
04/05/2023 01:30,0.0
04/05/2023 02:00,0.0
04/05/2023 02:30,0.0
04/05/2023 03:00,0.0
04/05/2023 03:30,0.0
04/05/2023 04:00,0.0
04/05/2023 04:30,0.0
04/05/2023 05:00,0.0
04/05/2023 05:30,0.0
04/05/2023 06:00,0.0
04/05/2023 06:30,0.0
04/05/2023 07:00,0.0
04/05/2023 07:30,0.0
04/05/2023 08:00,0.0
04/05/2023 08:30,0.0
04/05/2023 09:00,0.0
04/05/2023 09:30,0.0
04/05/2023 10:00,0.0
04/05/2023 10:30,0.0
04/05/2023 11:00,0.0
04/05/2023 11:30,0.0
04/05/2023 12:00,0.0
04/05/2023 12:30,0.0
04/05/2023 13:00,0.0
04/05/2023 13:30,0.0
04/05/2023 14:00,0.0
04/05/2023 14:30,0.0
04/05/2023 15:00,0.0
04/05/2023 15:30,0.0
04/05/2023 16:00,0.0
04/05/2023 16:30,0.0
04/05/2023 17:00,0.0
04/05/2023 17:30,0.0
04/05/2023 18:00,0.0
04/05/2023 18:30,0.0
04/05/2023 19:00,0.0
04/05/2023 19:30,0.0
04/05/2023 20:00,0.0
04/05/2023 20:30,0.0
04/05/2023 21:00,0.0
04/05/2023 21:30,0.0
04/05/2023 22:00,0.0
04/05/2023 22:30,0.0
04/05/2023 23:00,0.0
04/05/2023 23:30,0.0
04/06/2023 00:00,0.0
04/06/2023 00:30,0.0
04/06/2023 01:00,0.0
04/06/2023 01:30,0.0
04/06/2023 02:00,0.0
04/06/2023 02:30,0.0
04/06/2023 03:00,0.0
04/06/2023 03:30,0.0
04/06/2023 04:00,0.0
04/06/2023 04:30,0.0
04/06/2023 05:00,0.0
04/06/2023 05:30,0.0
04/06/2023 06:00,0.0
04/06/2023 06:30,0.0
04/06/2023 07:00,0.0
04/06/2023 07:30,0.0
04/06/2023 08:00,0.0
04/06/2023 08:30,0.0
04/06/2023 09:00,0.0
04/06/2023 09:30,0.0
04/06/2023 10:00,0.0
04/06/2023 10:30,0.0
04/06/2023 11:00,0.0
04/06/2023 11:30,0.0
04/06/2023 12:00,0.0
04/06/2023 12:30,0.0
04/06/2023 13:00,0.0
04/06/2023 13:30,0.0
04/06/2023 14:00,0.0
04/06/2023 14:30,0.0
04/06/2023 15:00,0.0
04/06/2023 15:30,0.0
04/06/2023 16:00,0.0
04/06/2023 16:30,0.0
04/06/2023 17:00,0.0
04/06/2023 17:30,0.0
04/06/2023 18:00,0.0
04/06/2023 18:30,0.0
04/06/2023 19:00,0.0
04/06/2023 19:30,0.0
04/06/2023 20:00,0.0
04/06/2023 20:30,0.0
04/06/2023 21:00,0.0
04/06/2023 21:30,0.0
04/06/2023 22:00,0.0
04/06/2023 22:30,0.0
04/06/2023 23:00,0.0
04/06/2023 23:30,0.0
04/07/2023 00:00,0.0
04/07/2023 00:30,0.0
04/07/2023 01:00,0.0
04/07/2023 01:30,0.0
04/07/2023 02:00,0.0
04/07/2023 02:30,0.0
04/07/2023 03:00,0.0
04/07/2023 03:30,0.0
04/07/2023 04:00,0.0
04/07/2023 04:30,0.0
04/07/2023 05:00,0.0
04/07/2023 05:30,0.0
04/07/2023 06:00,0.0
04/07/2023 06:30,0.0
04/07/2023 07:00,0.0
04/07/2023 07:30,0.0
04/07/2023 08:00,0.0
04/07/2023 08:30,0.0
04/07/2023 09:00,0.0
04/07/2023 09:30,0.0
04/07/2023 10:00,0.0
04/07/2023 10:30,0.0
04/07/2023 11:00,0.0
04/07/2023 11:30,0.0
04/07/2023 12:00,0.0
04/07/2023 12:30,0.0
04/07/2023 13:00,0.0
04/07/2023 13:30,0.0
04/07/2023 14:00,0.0
04/07/2023 14:30,0.0
04/07/2023 15:00,0.0
04/07/2023 15:30,0.0
04/07/2023 16:00,0.0
04/07/2023 16:30,0.0
04/07/2023 17:00,0.0
04/07/2023 17:30,0.0
04/07/2023 18:00,0.0
04/07/2023 18:30,0.0
04/07/2023 19:00,0.0
04/07/2023 19:30,0.0
04/07/2023 20:00,0.0
04/07/2023 20:30,0.0
04/07/2023 21:00,0.0
04/07/2023 21:30,0.0
04/07/2023 22:00,0.0
04/07/2023 22:30,0.0
04/07/2023 23:00,0.0
04/07/2023 23:30,0.0
04/08/2023 00:00,0.0
04/08/2023 00:30,0.0
04/08/2023 01:00,0.0
04/08/2023 01:30,0.0
04/08/2023 02:00,0.0
04/08/2023 02:30,0.0
04/08/2023 03:00,0.0
04/08/2023 03:30,0.0
04/08/2023 04:00,0.0
04/08/2023 04:30,0.0
04/08/2023 05:00,0.0
04/08/2023 05:30,0.0
04/08/2023 06:00,0.0
04/08/2023 06:30,0.0
04/08/2023 07:00,0.0
04/08/2023 07:30,0.0
04/08/2023 08:00,0.0
04/08/2023 08:30,0.0
04/08/2023 09:00,0.0
04/08/2023 09:30,0.0
04/08/2023 10:00,0.0
04/08/2023 10:30,0.0
04/08/2023 11:00,0.0
04/08/2023 11:30,0.0
04/08/2023 12:00,0.0
04/08/2023 12:30,0.0
04/08/2023 13:00,0.0
04/08/2023 13:30,0.0
04/08/2023 14:00,0.0
04/08/2023 14:30,0.0
04/08/2023 15:00,0.0
04/08/2023 15:30,0.0
04/08/2023 16:00,0.0
04/08/2023 16:30,0.0
04/08/2023 17:00,0.0
04/08/2023 17:30,0.0
04/08/2023 18:00,0.0
04/08/2023 18:30,0.0
04/08/2023 19:00,0.0
04/08/2023 19:30,0.0
04/08/2023 20:00,0.0
04/08/2023 20:30,0.0
04/08/2023 21:00,0.0
04/08/2023 21:30,0.0
04/08/2023 22:00,0.0
04/08/2023 22:30,0.0
04/08/2023 23:00,0.0
04/08/2023 23:30,0.0
04/09/2023 00:00,0.0
04/09/2023 00:30,0.0
04/09/2023 01:00,0.0
04/09/2023 01:30,0.0
04/09/2023 02:00,0.0
04/09/2023 02:30,0.0
04/09/2023 03:00,0.0
04/09/2023 03:30,0.0
04/09/2023 04:00,0.0
04/09/2023 04:30,0.0
04/09/2023 05:00,0.0
04/09/2023 05:30,0.0
04/09/2023 06:00,0.0
04/09/2023 06:30,0.0
04/09/2023 07:00,0.0
04/09/2023 07:30,0.0
04/09/2023 08:00,0.0
04/09/2023 08:30,0.0
04/09/2023 09:00,0.0
04/09/2023 09:30,0.0
04/09/2023 10:00,0.0
04/09/2023 10:30,0.0
04/09/2023 11:00,0.0
04/09/2023 11:30,0.0
04/09/2023 12:00,0.0
04/09/2023 12:30,0.0
04/09/2023 13:00,0.0
04/09/2023 13:30,0.0
04/09/2023 14:00,0.0
04/09/2023 14:30,0.0
04/09/2023 15:00,0.0
04/09/2023 15:30,0.0
04/09/2023 16:00,0.0
04/09/2023 16:30,0.0
04/09/2023 17:00,0.0
04/09/2023 17:30,0.0
04/09/2023 18:00,0.0
04/09/2023 18:30,0.0
04/09/2023 19:00,0.0
04/09/2023 19:30,0.0
04/09/2023 20:00,0.0
04/09/2023 20:30,0.0
04/09/2023 21:00,0.0
04/09/2023 21:30,0.0
04/09/2023 22:00,0.0
04/09/2023 22:30,0.0
04/09/2023 23:00,0.0
04/09/2023 23:30,0.0
04/10/2023 00:00,0.0
04/10/2023 00:30,0.0
04/10/2023 01:00,0.0
04/10/2023 01:30,0.0
04/10/2023 02:00,0.0
04/10/2023 02:30,0.0
04/10/2023 03:00,0.0
04/10/2023 03:30,0.0
04/10/2023 04:00,0.0
04/10/2023 04:30,0.0
04/10/2023 05:00,0.0
04/10/2023 05:30,0.0
04/10/2023 06:00,0.0
04/10/2023 06:30,0.0
04/10/2023 07:00,0.0
04/10/2023 07:30,0.0
04/10/2023 08:00,0.0
04/10/2023 08:30,0.0
04/10/2023 09:00,0.0
04/10/2023 09:30,0.0
04/10/2023 10:00,0.0
04/10/2023 10:30,0.0
04/10/2023 11:00,0.0
04/10/2023 11:30,0.0
04/10/2023 12:00,0.0
04/10/2023 12:30,0.0
04/10/2023 13:00,0.0
04/10/2023 13:30,0.0
04/10/2023 14:00,0.0
04/10/2023 14:30,0.0
04/10/2023 15:00,0.0
04/10/2023 15:30,0.0
04/10/2023 16:00,0.0
04/10/2023 16:30,0.0
04/10/2023 17:00,0.0
04/10/2023 17:30,0.0
04/10/2023 18:00,0.0
04/10/2023 18:30,0.0
04/10/2023 19:00,0.0
04/10/2023 19:30,0.0
04/10/2023 20:00,0.0
04/10/2023 20:30,0.0
04/10/2023 21:00,0.0
04/10/2023 21:30,0.0
04/10/2023 22:00,0.0
04/10/2023 22:30,0.0
04/10/2023 23:00,0.0
04/10/2023 23:30,0.0
04/11/2023 00:00,0.0
04/11/2023 00:30,0.0
04/11/2023 01:00,0.0
04/11/2023 01:30,0.0
04/11/2023 02:00,0.0
04/11/2023 02:30,0.0
04/11/2023 03:00,0.0
04/11/2023 03:30,0.0
04/11/2023 04:00,0.0
04/11/2023 04:30,0.0
04/11/2023 05:00,0.0
04/11/2023 05:30,0.0
04/11/2023 06:00,0.0
04/11/2023 06:30,0.0
04/11/2023 07:00,0.0
04/11/2023 07:30,0.0
04/11/2023 08:00,0.0
04/11/2023 08:30,0.0
04/11/2023 09:00,0.0
04/11/2023 09:30,0.0
04/11/2023 10:00,0.0
04/11/2023 10:30,0.0
04/11/2023 11:00,0.0
04/11/2023 11:30,0.0
04/11/2023 12:00,0.0
04/11/2023 12:30,0.0
04/11/2023 13:00,0.0
04/11/2023 13:30,0.0
04/11/2023 14:00,0.0
04/11/2023 14:30,0.0
04/11/2023 15:00,0.0
04/11/2023 15:30,0.0
04/11/2023 16:00,0.0
04/11/2023 16:30,0.0
04/11/2023 17:00,0.0
04/11/2023 17:30,0.0
04/11/2023 18:00,0.0
04/11/2023 18:30,0.0
04/11/2023 19:00,0.0
04/11/2023 19:30,0.0
04/11/2023 20:00,0.0
04/11/2023 20:30,0.0
04/11/2023 21:00,0.0
04/11/2023 21:30,0.0
04/11/2023 22:00,0.0
04/11/2023 22:30,0.0
04/11/2023 23:00,0.0
04/11/2023 23:30,0.0
04/12/2023 00:00,0.0
04/12/2023 00:30,0.0
04/12/2023 01:00,0.0
04/12/2023 01:30,0.0
04/12/2023 02:00,0.0
04/12/2023 02:30,0.0
04/12/2023 03:00,0.0
04/12/2023 03:30,0.0
04/12/2023 04:00,0.0
04/12/2023 04:30,0.0
04/12/2023 05:00,0.0
04/12/2023 05:30,0.0
04/12/2023 06:00,0.0
04/12/2023 06:30,0.0
04/12/2023 07:00,0.0
04/12/2023 07:30,0.0
04/12/2023 08:00,0.0
04/12/2023 08:30,0.0
04/12/2023 09:00,0.0
04/12/2023 09:30,0.0
04/12/2023 10:00,0.0
04/12/2023 10:30,0.0
04/12/2023 11:00,0.0
04/12/2023 11:30,0.0
04/12/2023 12:00,0.0
04/12/2023 12:30,0.0
04/12/2023 13:00,0.0
04/12/2023 13:30,0.0
04/12/2023 14:00,0.0
04/12/2023 14:30,0.0
04/12/2023 15:00,0.0
04/12/2023 15:30,0.0
04/12/2023 16:00,0.0
04/12/2023 16:30,0.0
04/12/2023 17:00,0.0
04/12/2023 17:30,0.0
04/12/2023 18:00,0.0
04/12/2023 18:30,0.0
04/12/2023 19:00,0.0
04/12/2023 19:30,0.0
04/12/2023 20:00,0.0
04/12/2023 20:30,0.0
04/12/2023 21:00,0.0
04/12/2023 21:30,0.0
04/12/2023 22:00,0.0
04/12/2023 22:30,0.0
04/12/2023 23:00,0.0
04/12/2023 23:30,0.0
04/13/2023 00:00,0.0
04/13/2023 00:30,0.0
04/13/2023 01:00,0.0
04/13/2023 01:30,0.0
04/13/2023 02:00,0.0
04/13/2023 02:30,0.0
04/13/2023 03:00,0.0
04/13/2023 03:30,0.0
04/13/2023 04:00,0.0
04/13/2023 04:30,0.0
04/13/2023 05:00,0.0
04/13/2023 05:30,0.0
04/13/2023 06:00,0.0
04/13/2023 06:30,0.0
04/13/2023 07:00,0.0
04/13/2023 07:30,0.0
04/13/2023 08:00,0.0
04/13/2023 08:30,0.0
04/13/2023 09:00,0.0
04/13/2023 09:30,0.0
04/13/2023 10:00,0.0
04/13/2023 10:30,0.0
04/13/2023 11:00,0.0
04/13/2023 11:30,0.0
04/13/2023 12:00,0.0
04/13/2023 12:30,0.0
04/13/2023 13:00,0.0
04/13/2023 13:30,0.0
04/13/2023 14:00,0.0
04/13/2023 14:30,0.0
04/13/2023 15:00,0.0
04/13/2023 15:30,0.0
04/13/2023 16:00,0.0
04/13/2023 16:30,0.0
04/13/2023 17:00,0.0
04/13/2023 17:30,0.0
04/13/2023 18:00,0.0
04/13/2023 18:30,0.0
04/13/2023 19:00,0.0
04/13/2023 19:30,0.0
04/13/2023 20:00,0.0
04/13/2023 20:30,0.0
04/13/2023 21:00,0.0
04/13/2023 21:30,0.0
04/13/2023 22:00,0.0
04/13/2023 22:30,0.0
04/13/2023 23:00,0.0
04/13/2023 23:30,0.0
04/14/2023 00:00,0.0
04/14/2023 00:30,0.0
04/14/2023 01:00,0.0
04/14/2023 01:30,0.0
04/14/2023 02:00,0.0
04/14/2023 02:30,0.0
04/14/2023 03:00,0.0
04/14/2023 03:30,0.0
04/14/2023 04:00,0.0
04/14/2023 04:30,0.0
04/14/2023 05:00,0.0
04/14/2023 05:30,0.0
04/14/2023 06:00,0.0
04/14/2023 06:30,0.0
04/14/2023 07:00,0.0
04/14/2023 07:30,0.0
04/14/2023 08:00,0.0
04/14/2023 08:30,0.0
04/14/2023 09:00,0.0
04/14/2023 09:30,0.0
04/14/2023 10:00,0.0
04/14/2023 10:30,0.0
04/14/2023 11:00,0.0
04/14/2023 11:30,0.0
04/14/2023 12:00,0.0
04/14/2023 12:30,0.0
04/14/2023 13:00,0.0
04/14/2023 13:30,0.0
04/14/2023 14:00,0.0
04/14/2023 14:30,0.0
04/14/2023 15:00,0.0
04/14/2023 15:30,0.0
04/14/2023 16:00,0.0
04/14/2023 16:30,0.0
04/14/2023 17:00,0.0
04/14/2023 17:30,0.0
04/14/2023 18:00,0.0
04/14/2023 18:30,0.0
04/14/2023 19:00,0.0
04/14/2023 19:30,0.0
04/14/2023 20:00,0.0
04/14/2023 20:30,0.0
04/14/2023 21:00,0.0
04/14/2023 21:30,0.0
04/14/2023 22:00,0.0
04/14/2023 22:30,0.0
04/14/2023 23:00,0.0
04/14/2023 23:30,0.0
04/15/2023 00:00,0.0
04/15/2023 00:30,0.0
04/15/2023 01:00,0.0
04/15/2023 01:30,0.0
04/15/2023 02:00,0.0
04/15/2023 02:30,0.0
04/15/2023 03:00,0.0
04/15/2023 03:30,0.0
04/15/2023 04:00,0.0
04/15/2023 04:30,0.0
04/15/2023 05:00,0.0
04/15/2023 05:30,0.0
04/15/2023 06:00,0.0
04/15/2023 06:30,0.0
04/15/2023 07:00,0.0
04/15/2023 07:30,0.0
04/15/2023 08:00,0.0
04/15/2023 08:30,0.0
04/15/2023 09:00,0.0
04/15/2023 09:30,0.0
04/15/2023 10:00,0.0
04/15/2023 10:30,0.0
04/15/2023 11:00,0.0
04/15/2023 11:30,0.0
04/15/2023 12:00,0.0
04/15/2023 12:30,0.0
04/15/2023 13:00,0.0
04/15/2023 13:30,0.0
04/15/2023 14:00,0.0
04/15/2023 14:30,0.0
04/15/2023 15:00,0.0
04/15/2023 15:30,0.0
04/15/2023 16:00,0.0
04/15/2023 16:30,0.0
04/15/2023 17:00,0.0
04/15/2023 17:30,0.0
04/15/2023 18:00,0.0
04/15/2023 18:30,0.0
04/15/2023 19:00,0.0
04/15/2023 19:30,0.0
04/15/2023 20:00,0.0
04/15/2023 20:30,0.0
04/15/2023 21:00,0.0
04/15/2023 21:30,0.0
04/15/2023 22:00,0.0
04/15/2023 22:30,0.0
04/15/2023 23:00,0.0
04/15/2023 23:30,0.0
04/16/2023 00:00,0.0
04/16/2023 00:30,0.0
04/16/2023 01:00,0.0
04/16/2023 01:30,0.0
04/16/2023 02:00,0.0
04/16/2023 02:30,0.0
04/16/2023 03:00,0.0
04/16/2023 03:30,0.0
04/16/2023 04:00,0.0
04/16/2023 04:30,0.0
04/16/2023 05:00,0.0
04/16/2023 05:30,0.0
04/16/2023 06:00,0.0
04/16/2023 06:30,0.0
04/16/2023 07:00,0.0
04/16/2023 07:30,0.0
04/16/2023 08:00,0.0
04/16/2023 08:30,0.0
04/16/2023 09:00,0.0
04/16/2023 09:30,0.0
04/16/2023 10:00,0.0
04/16/2023 10:30,0.0
04/16/2023 11:00,0.0
04/16/2023 11:30,0.0
04/16/2023 12:00,0.0
04/16/2023 12:30,0.0
04/16/2023 13:00,0.0
04/16/2023 13:30,0.0
04/16/2023 14:00,0.0
04/16/2023 14:30,0.0
04/16/2023 15:00,0.0
04/16/2023 15:30,0.0
04/16/2023 16:00,0.0
04/16/2023 16:30,0.0
04/16/2023 17:00,0.0
04/16/2023 17:30,0.0
04/16/2023 18:00,0.0
04/16/2023 18:30,0.0
04/16/2023 19:00,0.0
04/16/2023 19:30,0.0
04/16/2023 20:00,0.0
04/16/2023 20:30,0.0
04/16/2023 21:00,0.0
04/16/2023 21:30,0.0
04/16/2023 22:00,0.0
04/16/2023 22:30,0.0
04/16/2023 23:00,0.0
04/16/2023 23:30,0.0
04/17/2023 00:00,0.0
04/17/2023 00:30,0.0
04/17/2023 01:00,0.0
04/17/2023 01:30,0.0
04/17/2023 02:00,0.0
04/17/2023 02:30,0.0
04/17/2023 03:00,0.0
04/17/2023 03:30,0.0
04/17/2023 04:00,0.0
04/17/2023 04:30,0.0
04/17/2023 05:00,0.0
04/17/2023 05:30,0.0
04/17/2023 06:00,0.0
04/17/2023 06:30,0.0
04/17/2023 07:00,0.0
04/17/2023 07:30,0.0
04/17/2023 08:00,0.0
04/17/2023 08:30,0.0
04/17/2023 09:00,0.0
04/17/2023 09:30,0.0
04/17/2023 10:00,0.0
04/17/2023 10:30,0.0
04/17/2023 11:00,0.0
04/17/2023 11:30,0.0
04/17/2023 12:00,0.0
04/17/2023 12:30,0.0
04/17/2023 13:00,0.0
04/17/2023 13:30,0.0
04/17/2023 14:00,0.0
04/17/2023 14:30,0.0
04/17/2023 15:00,0.0
04/17/2023 15:30,0.0
04/17/2023 16:00,0.0
04/17/2023 16:30,0.0
04/17/2023 17:00,0.0
04/17/2023 17:30,0.0
04/17/2023 18:00,0.0
04/17/2023 18:30,0.0
04/17/2023 19:00,0.0
04/17/2023 19:30,0.0
04/17/2023 20:00,0.0
04/17/2023 20:30,0.0
04/17/2023 21:00,0.0
04/17/2023 21:30,0.0
04/17/2023 22:00,0.0
04/17/2023 22:30,0.0
04/17/2023 23:00,0.0
04/17/2023 23:30,0.0
04/18/2023 00:00,0.0
04/18/2023 00:30,0.0
04/18/2023 01:00,0.0
04/18/2023 01:30,0.0
04/18/2023 02:00,0.0
04/18/2023 02:30,0.0
04/18/2023 03:00,0.0
04/18/2023 03:30,0.0
04/18/2023 04:00,0.0
04/18/2023 04:30,0.0
04/18/2023 05:00,0.0
04/18/2023 05:30,0.0
04/18/2023 06:00,0.0
04/18/2023 06:30,0.0
04/18/2023 07:00,0.0
04/18/2023 07:30,0.0
04/18/2023 08:00,0.0
04/18/2023 08:30,0.0
04/18/2023 09:00,0.0
04/18/2023 09:30,0.0
04/18/2023 10:00,0.0
04/18/2023 10:30,0.0
04/18/2023 11:00,0.0
04/18/2023 11:30,0.0
04/18/2023 12:00,0.0
04/18/2023 12:30,0.0
04/18/2023 13:00,0.0
04/18/2023 13:30,0.0
04/18/2023 14:00,0.0
04/18/2023 14:30,0.0
04/18/2023 15:00,0.0
04/18/2023 15:30,0.0
04/18/2023 16:00,0.0
04/18/2023 16:30,0.0
04/18/2023 17:00,0.0
04/18/2023 17:30,0.0
04/18/2023 18:00,0.0
04/18/2023 18:30,0.0
04/18/2023 19:00,0.0
04/18/2023 19:30,0.0
04/18/2023 20:00,0.0
04/18/2023 20:30,0.0
04/18/2023 21:00,0.0
04/18/2023 21:30,0.0
04/18/2023 22:00,0.0
04/18/2023 22:30,0.0
04/18/2023 23:00,0.0
04/18/2023 23:30,0.0
04/19/2023 00:00,0.0
04/19/2023 00:30,0.0
04/19/2023 01:00,0.0
04/19/2023 01:30,0.0
04/19/2023 02:00,0.0
04/19/2023 02:30,0.0
04/19/2023 03:00,0.0
04/19/2023 03:30,0.0
04/19/2023 04:00,0.0
04/19/2023 04:30,0.0
04/19/2023 05:00,0.0
04/19/2023 05:30,0.0
04/19/2023 06:00,0.0
04/19/2023 06:30,0.0
04/19/2023 07:00,0.0
04/19/2023 07:30,0.0
04/19/2023 08:00,0.0
04/19/2023 08:30,0.0
04/19/2023 09:00,0.0
04/19/2023 09:30,0.0
04/19/2023 10:00,0.0
04/19/2023 10:30,0.0
04/19/2023 11:00,0.0
04/19/2023 11:30,0.0
04/19/2023 12:00,0.0
04/19/2023 12:30,0.0
04/19/2023 13:00,0.0
04/19/2023 13:30,0.0
04/19/2023 14:00,0.0
04/19/2023 14:30,0.0
04/19/2023 15:00,0.0
04/19/2023 15:30,0.0
04/19/2023 16:00,0.0
04/19/2023 16:30,0.0
04/19/2023 17:00,0.0
04/19/2023 17:30,0.0
04/19/2023 18:00,0.0
04/19/2023 18:30,0.0
04/19/2023 19:00,0.0
04/19/2023 19:30,0.0
04/19/2023 20:00,0.0
04/19/2023 20:30,0.0
04/19/2023 21:00,0.0
04/19/2023 21:30,0.0
04/19/2023 22:00,0.0
04/19/2023 22:30,0.0
04/19/2023 23:00,0.0
04/19/2023 23:30,0.0
04/20/2023 00:00,0.0
04/20/2023 00:30,0.0
04/20/2023 01:00,0.0
04/20/2023 01:30,0.0
04/20/2023 02:00,0.0
04/20/2023 02:30,0.0
04/20/2023 03:00,0.0
04/20/2023 03:30,0.0
04/20/2023 04:00,0.0
04/20/2023 04:30,0.0
04/20/2023 05:00,0.0
04/20/2023 05:30,0.0
04/20/2023 06:00,0.0
04/20/2023 06:30,0.0
04/20/2023 07:00,0.0
04/20/2023 07:30,0.0
04/20/2023 08:00,0.0
04/20/2023 08:30,0.0
04/20/2023 09:00,0.0
04/20/2023 09:30,0.0
04/20/2023 10:00,0.0
04/20/2023 10:30,0.0
04/20/2023 11:00,0.0
04/20/2023 11:30,0.0
04/20/2023 12:00,0.0
04/20/2023 12:30,0.0
04/20/2023 13:00,0.0
04/20/2023 13:30,0.0
04/20/2023 14:00,0.0
04/20/2023 14:30,0.0
04/20/2023 15:00,0.0
04/20/2023 15:30,0.0
04/20/2023 16:00,0.0
04/20/2023 16:30,0.0
04/20/2023 17:00,0.0
04/20/2023 17:30,0.0
04/20/2023 18:00,0.0
04/20/2023 18:30,0.0
04/20/2023 19:00,0.0
04/20/2023 19:30,0.0
04/20/2023 20:00,0.0
04/20/2023 20:30,0.0
04/20/2023 21:00,0.0
04/20/2023 21:30,0.0
04/20/2023 22:00,0.0
04/20/2023 22:30,0.0
04/20/2023 23:00,0.0
04/20/2023 23:30,0.0
04/21/2023 00:00,0.0
04/21/2023 00:30,0.0
04/21/2023 01:00,0.0
04/21/2023 01:30,0.0
04/21/2023 02:00,0.0
04/21/2023 02:30,0.0
04/21/2023 03:00,0.0
04/21/2023 03:30,0.0
04/21/2023 04:00,0.0
04/21/2023 04:30,0.0
04/21/2023 05:00,0.0
04/21/2023 05:30,0.0
04/21/2023 06:00,0.0
04/21/2023 06:30,0.0
04/21/2023 07:00,0.0
04/21/2023 07:30,0.0
04/21/2023 08:00,0.0
04/21/2023 08:30,0.0
04/21/2023 09:00,0.0
04/21/2023 09:30,0.0
04/21/2023 10:00,0.0
04/21/2023 10:30,0.0
04/21/2023 11:00,0.0
04/21/2023 11:30,0.0
04/21/2023 12:00,0.0
04/21/2023 12:30,0.0
04/21/2023 13:00,0.0
04/21/2023 13:30,0.0
04/21/2023 14:00,0.0
04/21/2023 14:30,0.0
04/21/2023 15:00,0.0
04/21/2023 15:30,0.0
04/21/2023 16:00,0.0
04/21/2023 16:30,0.0
04/21/2023 17:00,0.0
04/21/2023 17:30,0.0
04/21/2023 18:00,0.0
04/21/2023 18:30,0.0
04/21/2023 19:00,0.0
04/21/2023 19:30,0.0
04/21/2023 20:00,0.0
04/21/2023 20:30,0.0
04/21/2023 21:00,0.0
04/21/2023 21:30,0.0
04/21/2023 22:00,0.0
04/21/2023 22:30,0.0
04/21/2023 23:00,0.0
04/21/2023 23:30,0.0
04/22/2023 00:00,0.0
04/22/2023 00:30,0.0
04/22/2023 01:00,0.0
04/22/2023 01:30,0.0
04/22/2023 02:00,0.0
04/22/2023 02:30,0.0
04/22/2023 03:00,0.0
04/22/2023 03:30,0.0
04/22/2023 04:00,0.0
04/22/2023 04:30,0.0
04/22/2023 05:00,0.0
04/22/2023 05:30,0.0
04/22/2023 06:00,0.0
04/22/2023 06:30,0.0
04/22/2023 07:00,0.0
04/22/2023 07:30,0.0
04/22/2023 08:00,0.0
04/22/2023 08:30,0.0
04/22/2023 09:00,0.0
04/22/2023 09:30,0.0
04/22/2023 10:00,0.0
04/22/2023 10:30,0.0
04/22/2023 11:00,0.0
04/22/2023 11:30,0.0
04/22/2023 12:00,0.0
04/22/2023 12:30,0.0
04/22/2023 13:00,0.0
04/22/2023 13:30,0.0
04/22/2023 14:00,0.0
04/22/2023 14:30,0.0
04/22/2023 15:00,0.0
04/22/2023 15:30,0.0
04/22/2023 16:00,0.0
04/22/2023 16:30,0.0
04/22/2023 17:00,0.0
04/22/2023 17:30,0.0
04/22/2023 18:00,0.0
04/22/2023 18:30,0.0
04/22/2023 19:00,0.0
04/22/2023 19:30,0.0
04/22/2023 20:00,0.0
04/22/2023 20:30,0.0
04/22/2023 21:00,0.0
04/22/2023 21:30,0.0
04/22/2023 22:00,0.0
04/22/2023 22:30,0.0
04/22/2023 23:00,0.0
04/22/2023 23:30,0.0
04/23/2023 00:00,0.0
04/23/2023 00:30,0.0
04/23/2023 01:00,0.0
04/23/2023 01:30,0.0
04/23/2023 02:00,0.0
04/23/2023 02:30,0.0
04/23/2023 03:00,0.0
04/23/2023 03:30,0.0
04/23/2023 04:00,0.0
04/23/2023 04:30,0.0
04/23/2023 05:00,0.0
04/23/2023 05:30,0.0
04/23/2023 06:00,0.0
04/23/2023 06:30,0.0
04/23/2023 07:00,0.0
04/23/2023 07:30,0.0
04/23/2023 08:00,0.0
04/23/2023 08:30,0.0
04/23/2023 09:00,0.0
04/23/2023 09:30,0.0
04/23/2023 10:00,0.0
04/23/2023 10:30,0.0
04/23/2023 11:00,0.0
04/23/2023 11:30,0.0
04/23/2023 12:00,0.0
04/23/2023 12:30,0.0
04/23/2023 13:00,0.0
04/23/2023 13:30,0.0
04/23/2023 14:00,0.0
04/23/2023 14:30,0.0
04/23/2023 15:00,0.0
04/23/2023 15:30,0.0
04/23/2023 16:00,0.0
04/23/2023 16:30,0.0
04/23/2023 17:00,0.0
04/23/2023 17:30,0.0
04/23/2023 18:00,0.0
04/23/2023 18:30,0.0
04/23/2023 19:00,0.0
04/23/2023 19:30,0.0
04/23/2023 20:00,0.0
04/23/2023 20:30,0.0
04/23/2023 21:00,0.0
04/23/2023 21:30,0.0
04/23/2023 22:00,0.0
04/23/2023 22:30,0.0
04/23/2023 23:00,0.0
04/23/2023 23:30,0.0
04/24/2023 00:00,0.0
04/24/2023 00:30,0.0
04/24/2023 01:00,0.0
04/24/2023 01:30,0.0
04/24/2023 02:00,0.0
04/24/2023 02:30,0.0
04/24/2023 03:00,0.0
04/24/2023 03:30,0.0
04/24/2023 04:00,0.0
04/24/2023 04:30,0.0
04/24/2023 05:00,0.0
04/24/2023 05:30,0.0
04/24/2023 06:00,0.0
04/24/2023 06:30,0.0
04/24/2023 07:00,0.0
04/24/2023 07:30,0.0
04/24/2023 08:00,0.0
04/24/2023 08:30,0.0
04/24/2023 09:00,0.0
04/24/2023 09:30,0.0
04/24/2023 10:00,0.0
04/24/2023 10:30,0.0
04/24/2023 11:00,0.0
04/24/2023 11:30,0.0
04/24/2023 12:00,0.0
04/24/2023 12:30,0.0
04/24/2023 13:00,0.0
04/24/2023 13:30,0.0
04/24/2023 14:00,0.0
04/24/2023 14:30,0.0
04/24/2023 15:00,0.0
04/24/2023 15:30,0.0
04/24/2023 16:00,0.0
04/24/2023 16:30,0.0
04/24/2023 17:00,0.0
04/24/2023 17:30,0.0
04/24/2023 18:00,0.0
04/24/2023 18:30,0.0
04/24/2023 19:00,0.0
04/24/2023 19:30,0.0
04/24/2023 20:00,0.0
04/24/2023 20:30,0.0
04/24/2023 21:00,0.0
04/24/2023 21:30,0.0
04/24/2023 22:00,0.0
04/24/2023 22:30,0.0
04/24/2023 23:00,0.0
04/24/2023 23:30,0.0
04/25/2023 00:00,0.0
04/25/2023 00:30,0.0
04/25/2023 01:00,0.0
04/25/2023 01:30,0.0
04/25/2023 02:00,0.0
04/25/2023 02:30,0.0
04/25/2023 03:00,0.0
04/25/2023 03:30,0.0
04/25/2023 04:00,0.0
04/25/2023 04:30,0.0
04/25/2023 05:00,0.0
04/25/2023 05:30,0.0
04/25/2023 06:00,0.0
04/25/2023 06:30,0.0
04/25/2023 07:00,0.0
04/25/2023 07:30,0.0
04/25/2023 08:00,0.0
04/25/2023 08:30,0.0
04/25/2023 09:00,0.0
04/25/2023 09:30,0.0
04/25/2023 10:00,0.0
04/25/2023 10:30,0.0
04/25/2023 11:00,0.0
04/25/2023 11:30,0.0
04/25/2023 12:00,0.0
04/25/2023 12:30,0.0
04/25/2023 13:00,0.0
04/25/2023 13:30,0.0
04/25/2023 14:00,0.0
04/25/2023 14:30,0.0
04/25/2023 15:00,0.0
04/25/2023 15:30,0.0
04/25/2023 16:00,0.0
04/25/2023 16:30,0.0
04/25/2023 17:00,0.0
04/25/2023 17:30,0.0
04/25/2023 18:00,0.0
04/25/2023 18:30,0.0
04/25/2023 19:00,0.0
04/25/2023 19:30,0.0
04/25/2023 20:00,0.0
04/25/2023 20:30,0.0
04/25/2023 21:00,0.0
04/25/2023 21:30,0.0
04/25/2023 22:00,0.0
04/25/2023 22:30,0.0
04/25/2023 23:00,0.0
04/25/2023 23:30,0.0
04/26/2023 00:00,0.0
04/26/2023 00:30,0.0
04/26/2023 01:00,0.0
04/26/2023 01:30,0.0
04/26/2023 02:00,0.0
04/26/2023 02:30,0.0
04/26/2023 03:00,0.0
04/26/2023 03:30,0.0
04/26/2023 04:00,0.0
04/26/2023 04:30,0.0
04/26/2023 05:00,0.0
04/26/2023 05:30,0.0
04/26/2023 06:00,0.0
04/26/2023 06:30,0.0
04/26/2023 07:00,0.0
04/26/2023 07:30,0.0
04/26/2023 08:00,0.0
04/26/2023 08:30,0.0
04/26/2023 09:00,0.0
04/26/2023 09:30,0.0
04/26/2023 10:00,0.0
04/26/2023 10:30,0.0
04/26/2023 11:00,0.0
04/26/2023 11:30,0.0
04/26/2023 12:00,0.0
04/26/2023 12:30,0.0
04/26/2023 13:00,0.0
04/26/2023 13:30,0.0
04/26/2023 14:00,0.0
04/26/2023 14:30,0.0
04/26/2023 15:00,0.0
04/26/2023 15:30,0.0
04/26/2023 16:00,0.0
04/26/2023 16:30,0.0
04/26/2023 17:00,0.0
04/26/2023 17:30,0.0
04/26/2023 18:00,0.0
04/26/2023 18:30,0.0
04/26/2023 19:00,0.0
04/26/2023 19:30,0.0
04/26/2023 20:00,0.0
04/26/2023 20:30,0.0
04/26/2023 21:00,0.0
04/26/2023 21:30,0.0
04/26/2023 22:00,0.0
04/26/2023 22:30,0.0
04/26/2023 23:00,0.0
04/26/2023 23:30,0.0
04/27/2023 00:00,0.0
04/27/2023 00:30,0.0
04/27/2023 01:00,0.0
04/27/2023 01:30,0.0
04/27/2023 02:00,0.0
04/27/2023 02:30,0.0
04/27/2023 03:00,0.0
04/27/2023 03:30,0.0
04/27/2023 04:00,0.0
04/27/2023 04:30,0.0
04/27/2023 05:00,0.0
04/27/2023 05:30,0.0
04/27/2023 06:00,0.0
04/27/2023 06:30,0.0
04/27/2023 07:00,0.0
04/27/2023 07:30,0.0
04/27/2023 08:00,0.0
04/27/2023 08:30,0.0
04/27/2023 09:00,0.0
04/27/2023 09:30,0.0
04/27/2023 10:00,0.0
04/27/2023 10:30,0.0
04/27/2023 11:00,0.0
04/27/2023 11:30,0.0
04/27/2023 12:00,0.0
04/27/2023 12:30,0.0
04/27/2023 13:00,0.0
04/27/2023 13:30,0.0
04/27/2023 14:00,0.0
04/27/2023 14:30,0.0
04/27/2023 15:00,0.0
04/27/2023 15:30,0.0
04/27/2023 16:00,0.0
04/27/2023 16:30,0.0
04/27/2023 17:00,0.0
04/27/2023 17:30,0.0
04/27/2023 18:00,0.0
04/27/2023 18:30,0.0
04/27/2023 19:00,0.0
04/27/2023 19:30,0.0
04/27/2023 20:00,0.0
04/27/2023 20:30,0.0
04/27/2023 21:00,0.0
04/27/2023 21:30,0.0
04/27/2023 22:00,0.0
04/27/2023 22:30,0.0
04/27/2023 23:00,0.0
04/27/2023 23:30,0.0
04/28/2023 00:00,0.0
04/28/2023 00:30,0.0
04/28/2023 01:00,0.0
04/28/2023 01:30,0.0
04/28/2023 02:00,0.0
04/28/2023 02:30,0.0
04/28/2023 03:00,0.0
04/28/2023 03:30,0.0
04/28/2023 04:00,0.0
04/28/2023 04:30,0.0
04/28/2023 05:00,0.0
04/28/2023 05:30,0.0
04/28/2023 06:00,0.0
04/28/2023 06:30,0.0
04/28/2023 07:00,0.0
04/28/2023 07:30,0.0
04/28/2023 08:00,0.0
04/28/2023 08:30,0.0
04/28/2023 09:00,0.0
04/28/2023 09:30,0.0
04/28/2023 10:00,0.0
04/28/2023 10:30,0.0
04/28/2023 11:00,0.0
04/28/2023 11:30,0.0
04/28/2023 12:00,0.0
04/28/2023 12:30,0.0
04/28/2023 13:00,0.0
04/28/2023 13:30,0.0
04/28/2023 14:00,0.0
04/28/2023 14:30,0.0
04/28/2023 15:00,0.0
04/28/2023 15:30,0.0
04/28/2023 16:00,0.0
04/28/2023 16:30,0.0
04/28/2023 17:00,0.0
04/28/2023 17:30,0.0
04/28/2023 18:00,0.0
04/28/2023 18:30,0.0
04/28/2023 19:00,0.0
04/28/2023 19:30,0.0
04/28/2023 20:00,0.0
04/28/2023 20:30,0.0
04/28/2023 21:00,0.0
04/28/2023 21:30,0.0
04/28/2023 22:00,0.0
04/28/2023 22:30,0.0
04/28/2023 23:00,0.0
04/28/2023 23:30,0.0
04/29/2023 00:00,0.0
04/29/2023 00:30,0.0
04/29/2023 01:00,0.0
04/29/2023 01:30,0.0
04/29/2023 02:00,0.0
04/29/2023 02:30,0.0
04/29/2023 03:00,0.0
04/29/2023 03:30,0.0
04/29/2023 04:00,0.0
04/29/2023 04:30,0.0
04/29/2023 05:00,0.0
04/29/2023 05:30,0.0
04/29/2023 06:00,0.0
04/29/2023 06:30,0.0
04/29/2023 07:00,0.0
04/29/2023 07:30,0.0
04/29/2023 08:00,0.0
04/29/2023 08:30,0.0
04/29/2023 09:00,0.0
04/29/2023 09:30,0.0
04/29/2023 10:00,0.0
04/29/2023 10:30,0.0
04/29/2023 11:00,0.0
04/29/2023 11:30,0.0
04/29/2023 12:00,0.0
04/29/2023 12:30,0.0
04/29/2023 13:00,0.0
04/29/2023 13:30,0.0
04/29/2023 14:00,0.0
04/29/2023 14:30,0.0
04/29/2023 15:00,0.0
04/29/2023 15:30,0.0
04/29/2023 16:00,0.0
04/29/2023 16:30,0.0
04/29/2023 17:00,0.0
04/29/2023 17:30,0.0
04/29/2023 18:00,0.0
04/29/2023 18:30,0.0
04/29/2023 19:00,0.0
04/29/2023 19:30,0.0
04/29/2023 20:00,0.0
04/29/2023 20:30,0.0
04/29/2023 21:00,0.0
04/29/2023 21:30,0.0
04/29/2023 22:00,0.0
04/29/2023 22:30,0.0
04/29/2023 23:00,0.0
04/29/2023 23:30,0.0
04/30/2023 00:00,0.0
04/30/2023 00:30,0.0
04/30/2023 01:00,0.0
04/30/2023 01:30,0.0
04/30/2023 02:00,0.0
04/30/2023 02:30,0.0
04/30/2023 03:00,0.0
04/30/2023 03:30,0.0
04/30/2023 04:00,0.0
04/30/2023 04:30,0.0
04/30/2023 05:00,0.0
04/30/2023 05:30,0.0
04/30/2023 06:00,0.0
04/30/2023 06:30,0.0
04/30/2023 07:00,0.0
04/30/2023 07:30,0.0
04/30/2023 08:00,0.0
04/30/2023 08:30,0.0
04/30/2023 09:00,0.0
04/30/2023 09:30,0.0
04/30/2023 10:00,0.0
04/30/2023 10:30,0.0
04/30/2023 11:00,0.0
04/30/2023 11:30,0.0
04/30/2023 12:00,0.0
04/30/2023 12:30,0.0
04/30/2023 13:00,0.0
04/30/2023 13:30,0.0
04/30/2023 14:00,0.0
04/30/2023 14:30,0.0
04/30/2023 15:00,0.0
04/30/2023 15:30,0.0
04/30/2023 16:00,0.0
04/30/2023 16:30,0.0
04/30/2023 17:00,0.0
04/30/2023 17:30,0.0
04/30/2023 18:00,0.0
04/30/2023 18:30,0.0
04/30/2023 19:00,0.0
04/30/2023 19:30,0.0
04/30/2023 20:00,0.0
04/30/2023 20:30,0.0
04/30/2023 21:00,0.0
04/30/2023 21:30,0.0
04/30/2023 22:00,0.0
04/30/2023 22:30,0.0
04/30/2023 23:00,0.0
04/30/2023 23:30,0.0
05/01/2023 00:00,0.0
05/01/2023 00:30,0.0
05/01/2023 01:00,0.0
05/01/2023 01:30,0.0
05/01/2023 02:00,0.0
05/01/2023 02:30,0.0
05/01/2023 03:00,0.0
05/01/2023 03:30,0.0
05/01/2023 04:00,0.0
05/01/2023 04:30,0.0
05/01/2023 05:00,0.0
05/01/2023 05:30,0.0
05/01/2023 06:00,0.0
05/01/2023 06:30,0.0
05/01/2023 07:00,0.0
05/01/2023 07:30,0.0
05/01/2023 08:00,0.0
05/01/2023 08:30,0.0
05/01/2023 09:00,0.0
05/01/2023 09:30,0.0
05/01/2023 10:00,0.0
05/01/2023 10:30,0.0
05/01/2023 11:00,0.0
05/01/2023 11:30,0.0
05/01/2023 12:00,0.0
05/01/2023 12:30,0.0
05/01/2023 13:00,0.0
05/01/2023 13:30,0.0
05/01/2023 14:00,0.0
05/01/2023 14:30,0.0
05/01/2023 15:00,0.0
05/01/2023 15:30,0.0
05/01/2023 16:00,0.0
05/01/2023 16:30,0.0
05/01/2023 17:00,0.0
05/01/2023 17:30,0.0
05/01/2023 18:00,0.0
05/01/2023 18:30,0.0
05/01/2023 19:00,0.0
05/01/2023 19:30,0.0
05/01/2023 20:00,0.0
05/01/2023 20:30,0.0
05/01/2023 21:00,0.0
05/01/2023 21:30,0.0
05/01/2023 22:00,0.0
05/01/2023 22:30,0.0
05/01/2023 23:00,0.0
05/01/2023 23:30,0.0
05/02/2023 00:00,0.0
05/02/2023 00:30,0.0
05/02/2023 01:00,0.0
05/02/2023 01:30,0.0
05/02/2023 02:00,0.0
05/02/2023 02:30,0.0
05/02/2023 03:00,0.0
05/02/2023 03:30,0.0
05/02/2023 04:00,0.0
05/02/2023 04:30,0.0
05/02/2023 05:00,0.0
05/02/2023 05:30,0.0
05/02/2023 06:00,0.0
05/02/2023 06:30,0.0
05/02/2023 07:00,0.0
05/02/2023 07:30,0.0
05/02/2023 08:00,0.0
05/02/2023 08:30,0.0
05/02/2023 09:00,0.0
05/02/2023 09:30,0.0
05/02/2023 10:00,0.0
05/02/2023 10:30,0.0
05/02/2023 11:00,0.0
05/02/2023 11:30,0.0
05/02/2023 12:00,0.0
05/02/2023 12:30,0.0
05/02/2023 13:00,0.0
05/02/2023 13:30,0.0
05/02/2023 14:00,0.0
05/02/2023 14:30,0.0
05/02/2023 15:00,0.0
05/02/2023 15:30,0.0
05/02/2023 16:00,0.0
05/02/2023 16:30,0.0
05/02/2023 17:00,0.0
05/02/2023 17:30,0.0
05/02/2023 18:00,0.0
05/02/2023 18:30,0.0
05/02/2023 19:00,0.0
05/02/2023 19:30,0.0
05/02/2023 20:00,0.0
05/02/2023 20:30,0.0
05/02/2023 21:00,0.0
05/02/2023 21:30,0.0
05/02/2023 22:00,0.0
05/02/2023 22:30,0.0
05/02/2023 23:00,0.0
05/02/2023 23:30,0.0
05/03/2023 00:00,0.0
05/03/2023 00:30,0.0
05/03/2023 01:00,0.0
05/03/2023 01:30,0.0
05/03/2023 02:00,0.0
05/03/2023 02:30,0.0
05/03/2023 03:00,0.0
05/03/2023 03:30,0.0
05/03/2023 04:00,0.0
05/03/2023 04:30,0.0
05/03/2023 05:00,0.0
05/03/2023 05:30,0.0
05/03/2023 06:00,0.0
05/03/2023 06:30,0.0
05/03/2023 07:00,0.0
05/03/2023 07:30,0.0
05/03/2023 08:00,0.0
05/03/2023 08:30,0.0
05/03/2023 09:00,0.0
05/03/2023 09:30,0.0
05/03/2023 10:00,0.0
05/03/2023 10:30,0.0
05/03/2023 11:00,0.0
05/03/2023 11:30,0.0
05/03/2023 12:00,0.0
05/03/2023 12:30,0.0
05/03/2023 13:00,0.0
05/03/2023 13:30,0.0
05/03/2023 14:00,0.0
05/03/2023 14:30,0.0
05/03/2023 15:00,0.0
05/03/2023 15:30,0.0
05/03/2023 16:00,0.0
05/03/2023 16:30,0.0
05/03/2023 17:00,0.0
05/03/2023 17:30,0.0
05/03/2023 18:00,0.0
05/03/2023 18:30,0.0
05/03/2023 19:00,0.0
05/03/2023 19:30,0.0
05/03/2023 20:00,0.0
05/03/2023 20:30,0.0
05/03/2023 21:00,0.0
05/03/2023 21:30,0.0
05/03/2023 22:00,0.0
05/03/2023 22:30,0.0
05/03/2023 23:00,0.0
05/03/2023 23:30,0.0
05/04/2023 00:00,0.0
05/04/2023 00:30,0.0
05/04/2023 01:00,0.0
05/04/2023 01:30,0.0
05/04/2023 02:00,0.0
05/04/2023 02:30,0.0
05/04/2023 03:00,0.0
05/04/2023 03:30,0.0
05/04/2023 04:00,0.0
05/04/2023 04:30,0.0
05/04/2023 05:00,0.0
05/04/2023 05:30,0.0
05/04/2023 06:00,0.0
05/04/2023 06:30,0.0
05/04/2023 07:00,0.0
05/04/2023 07:30,0.0
05/04/2023 08:00,0.0
05/04/2023 08:30,0.0
05/04/2023 09:00,0.0
05/04/2023 09:30,0.0
05/04/2023 10:00,0.0
05/04/2023 10:30,0.0
05/04/2023 11:00,0.0
05/04/2023 11:30,0.0
05/04/2023 12:00,0.0
05/04/2023 12:30,0.0
05/04/2023 13:00,0.0
05/04/2023 13:30,0.0
05/04/2023 14:00,0.0
05/04/2023 14:30,0.0
05/04/2023 15:00,0.0
05/04/2023 15:30,0.0
05/04/2023 16:00,0.0
05/04/2023 16:30,0.0
05/04/2023 17:00,0.0
05/04/2023 17:30,0.0
05/04/2023 18:00,0.0
05/04/2023 18:30,0.0
05/04/2023 19:00,0.0
05/04/2023 19:30,0.0
05/04/2023 20:00,0.0
05/04/2023 20:30,0.0
05/04/2023 21:00,0.0
05/04/2023 21:30,0.0
05/04/2023 22:00,0.0
05/04/2023 22:30,0.0
05/04/2023 23:00,0.0
05/04/2023 23:30,0.0
05/05/2023 00:00,0.0
05/05/2023 00:30,0.0
05/05/2023 01:00,0.0
05/05/2023 01:30,0.0
05/05/2023 02:00,0.0
05/05/2023 02:30,0.0
05/05/2023 03:00,0.0
05/05/2023 03:30,0.0
05/05/2023 04:00,0.0
05/05/2023 04:30,0.0
05/05/2023 05:00,0.0
05/05/2023 05:30,0.0
05/05/2023 06:00,0.0
05/05/2023 06:30,0.0
05/05/2023 07:00,0.0
05/05/2023 07:30,0.0
05/05/2023 08:00,0.0
05/05/2023 08:30,0.0
05/05/2023 09:00,0.0
05/05/2023 09:30,0.0
05/05/2023 10:00,0.0
05/05/2023 10:30,0.0
05/05/2023 11:00,0.0
05/05/2023 11:30,0.0
05/05/2023 12:00,0.0
05/05/2023 12:30,0.0
05/05/2023 13:00,0.0
05/05/2023 13:30,0.0
05/05/2023 14:00,0.0
05/05/2023 14:30,0.0
05/05/2023 15:00,0.0
05/05/2023 15:30,0.0
05/05/2023 16:00,0.0
05/05/2023 16:30,0.0
05/05/2023 17:00,0.0
05/05/2023 17:30,0.0
05/05/2023 18:00,0.0
05/05/2023 18:30,0.0
05/05/2023 19:00,0.0
05/05/2023 19:30,0.0
05/05/2023 20:00,0.0
05/05/2023 20:30,0.0
05/05/2023 21:00,0.0
05/05/2023 21:30,0.0
05/05/2023 22:00,0.0
05/05/2023 22:30,0.0
05/05/2023 23:00,0.0
05/05/2023 23:30,0.0
05/06/2023 00:00,0.0
05/06/2023 00:30,0.0
05/06/2023 01:00,0.0
05/06/2023 01:30,0.0
05/06/2023 02:00,0.0
05/06/2023 02:30,0.0
05/06/2023 03:00,0.0
05/06/2023 03:30,0.0
05/06/2023 04:00,0.0
05/06/2023 04:30,0.0
05/06/2023 05:00,0.0
05/06/2023 05:30,0.0
05/06/2023 06:00,0.0
05/06/2023 06:30,0.0
05/06/2023 07:00,0.0
05/06/2023 07:30,0.0
05/06/2023 08:00,0.0
05/06/2023 08:30,0.0
05/06/2023 09:00,0.0
05/06/2023 09:30,0.0
05/06/2023 10:00,0.0
05/06/2023 10:30,0.0
05/06/2023 11:00,0.0
05/06/2023 11:30,0.0
05/06/2023 12:00,0.0
05/06/2023 12:30,0.0
05/06/2023 13:00,0.0
05/06/2023 13:30,0.0
05/06/2023 14:00,0.0
05/06/2023 14:30,0.0
05/06/2023 15:00,0.0
05/06/2023 15:30,0.0
05/06/2023 16:00,0.0
05/06/2023 16:30,0.0
05/06/2023 17:00,0.0
05/06/2023 17:30,0.0
05/06/2023 18:00,0.0
05/06/2023 18:30,0.0
05/06/2023 19:00,0.0
05/06/2023 19:30,0.0
05/06/2023 20:00,0.0
05/06/2023 20:30,0.0
05/06/2023 21:00,0.0
05/06/2023 21:30,0.0
05/06/2023 22:00,0.0
05/06/2023 22:30,0.0
05/06/2023 23:00,0.0
05/06/2023 23:30,0.0
05/07/2023 00:00,0.0
05/07/2023 00:30,0.0
05/07/2023 01:00,0.0
05/07/2023 01:30,0.0
05/07/2023 02:00,0.0
05/07/2023 02:30,0.0
05/07/2023 03:00,0.0
05/07/2023 03:30,0.0
05/07/2023 04:00,0.0
05/07/2023 04:30,0.0
05/07/2023 05:00,0.0
05/07/2023 05:30,0.0
05/07/2023 06:00,0.0
05/07/2023 06:30,0.0
05/07/2023 07:00,0.0
05/07/2023 07:30,0.0
05/07/2023 08:00,0.0
05/07/2023 08:30,0.0
05/07/2023 09:00,0.0
05/07/2023 09:30,0.0
05/07/2023 10:00,0.0
05/07/2023 10:30,0.0
05/07/2023 11:00,0.0
05/07/2023 11:30,0.0
05/07/2023 12:00,0.0
05/07/2023 12:30,0.0
05/07/2023 13:00,0.0
05/07/2023 13:30,0.0
05/07/2023 14:00,0.0
05/07/2023 14:30,0.0
05/07/2023 15:00,0.0
05/07/2023 15:30,0.0
05/07/2023 16:00,0.0
05/07/2023 16:30,0.0
05/07/2023 17:00,0.0
05/07/2023 17:30,0.0
05/07/2023 18:00,0.0
05/07/2023 18:30,0.0
05/07/2023 19:00,0.0
05/07/2023 19:30,0.0
05/07/2023 20:00,0.0
05/07/2023 20:30,0.0
05/07/2023 21:00,0.0
05/07/2023 21:30,0.0
05/07/2023 22:00,0.0
05/07/2023 22:30,0.0
05/07/2023 23:00,0.0
05/07/2023 23:30,0.0
05/08/2023 00:00,0.0
05/08/2023 00:30,0.0
05/08/2023 01:00,0.0
05/08/2023 01:30,0.0
05/08/2023 02:00,0.0
05/08/2023 02:30,0.0
05/08/2023 03:00,0.0
05/08/2023 03:30,0.0
05/08/2023 04:00,0.0
05/08/2023 04:30,0.0
05/08/2023 05:00,0.0
05/08/2023 05:30,0.0
05/08/2023 06:00,0.0
05/08/2023 06:30,0.0
05/08/2023 07:00,0.0
05/08/2023 07:30,0.0
05/08/2023 08:00,0.0
05/08/2023 08:30,0.0
05/08/2023 09:00,0.0
05/08/2023 09:30,0.0
05/08/2023 10:00,0.0
05/08/2023 10:30,0.0
05/08/2023 11:00,0.0
05/08/2023 11:30,0.0
05/08/2023 12:00,0.0
05/08/2023 12:30,0.0
05/08/2023 13:00,0.0
05/08/2023 13:30,0.0
05/08/2023 14:00,0.0
05/08/2023 14:30,0.0
05/08/2023 15:00,0.0
05/08/2023 15:30,0.0
05/08/2023 16:00,0.0
05/08/2023 16:30,0.0
05/08/2023 17:00,0.0
05/08/2023 17:30,0.0
05/08/2023 18:00,0.0
05/08/2023 18:30,0.0
05/08/2023 19:00,0.0
05/08/2023 19:30,0.0
05/08/2023 20:00,0.0
05/08/2023 20:30,0.0
05/08/2023 21:00,0.0
05/08/2023 21:30,0.0
05/08/2023 22:00,0.0
05/08/2023 22:30,0.0
05/08/2023 23:00,0.0
05/08/2023 23:30,0.0
05/09/2023 00:00,0.0
05/09/2023 00:30,0.0
05/09/2023 01:00,0.0
05/09/2023 01:30,0.0
05/09/2023 02:00,0.0
05/09/2023 02:30,0.0
05/09/2023 03:00,0.0
05/09/2023 03:30,0.0
05/09/2023 04:00,0.0
05/09/2023 04:30,0.0
05/09/2023 05:00,0.0
05/09/2023 05:30,0.0
05/09/2023 06:00,0.0
05/09/2023 06:30,0.0
05/09/2023 07:00,0.0
05/09/2023 07:30,0.0
05/09/2023 08:00,0.0
05/09/2023 08:30,0.0
05/09/2023 09:00,0.0
05/09/2023 09:30,0.0
05/09/2023 10:00,0.0
05/09/2023 10:30,0.0
05/09/2023 11:00,0.0
05/09/2023 11:30,0.0
05/09/2023 12:00,0.0
05/09/2023 12:30,0.0
05/09/2023 13:00,0.0
05/09/2023 13:30,0.0
05/09/2023 14:00,0.0
05/09/2023 14:30,0.0
05/09/2023 15:00,0.0
05/09/2023 15:30,0.0
05/09/2023 16:00,0.0
05/09/2023 16:30,0.0
05/09/2023 17:00,0.0
05/09/2023 17:30,0.0
05/09/2023 18:00,0.0
05/09/2023 18:30,0.0
05/09/2023 19:00,0.0
05/09/2023 19:30,0.0
05/09/2023 20:00,0.0
05/09/2023 20:30,0.0
05/09/2023 21:00,0.0
05/09/2023 21:30,0.0
05/09/2023 22:00,0.0
05/09/2023 22:30,0.0
05/09/2023 23:00,0.0
05/09/2023 23:30,0.0
05/10/2023 00:00,0.0
05/10/2023 00:30,0.0
05/10/2023 01:00,0.0
05/10/2023 01:30,0.0
05/10/2023 02:00,0.0
05/10/2023 02:30,0.0
05/10/2023 03:00,0.0
05/10/2023 03:30,0.0
05/10/2023 04:00,0.0
05/10/2023 04:30,0.0
05/10/2023 05:00,0.0
05/10/2023 05:30,0.0
05/10/2023 06:00,0.0
05/10/2023 06:30,0.0
05/10/2023 07:00,0.0
05/10/2023 07:30,0.0
05/10/2023 08:00,0.0
05/10/2023 08:30,0.0
05/10/2023 09:00,0.0
05/10/2023 09:30,0.0
05/10/2023 10:00,0.0
05/10/2023 10:30,0.0
05/10/2023 11:00,0.0
05/10/2023 11:30,0.0
05/10/2023 12:00,0.0
05/10/2023 12:30,0.0
05/10/2023 13:00,0.0
05/10/2023 13:30,0.0
05/10/2023 14:00,0.0
05/10/2023 14:30,0.0
05/10/2023 15:00,0.0
05/10/2023 15:30,0.0
05/10/2023 16:00,0.0
05/10/2023 16:30,0.0
05/10/2023 17:00,0.0
05/10/2023 17:30,0.0
05/10/2023 18:00,0.0
05/10/2023 18:30,0.0
05/10/2023 19:00,0.0
05/10/2023 19:30,0.0
05/10/2023 20:00,0.0
05/10/2023 20:30,0.0
05/10/2023 21:00,0.0
05/10/2023 21:30,0.0
05/10/2023 22:00,0.0
05/10/2023 22:30,0.0
05/10/2023 23:00,0.0
05/10/2023 23:30,0.0
05/11/2023 00:00,0.0
05/11/2023 00:30,0.0
05/11/2023 01:00,0.0
05/11/2023 01:30,0.0
05/11/2023 02:00,0.0
05/11/2023 02:30,0.0
05/11/2023 03:00,0.0
05/11/2023 03:30,0.0
05/11/2023 04:00,0.0
05/11/2023 04:30,0.0
05/11/2023 05:00,0.0
05/11/2023 05:30,0.0
05/11/2023 06:00,0.0
05/11/2023 06:30,0.0
05/11/2023 07:00,0.0
05/11/2023 07:30,0.0
05/11/2023 08:00,0.0
05/11/2023 08:30,0.0
05/11/2023 09:00,0.0
05/11/2023 09:30,0.0
05/11/2023 10:00,0.0
05/11/2023 10:30,0.0
05/11/2023 11:00,0.0
05/11/2023 11:30,0.0
05/11/2023 12:00,0.0
05/11/2023 12:30,0.0
05/11/2023 13:00,0.0
05/11/2023 13:30,0.0
05/11/2023 14:00,0.0
05/11/2023 14:30,0.0
05/11/2023 15:00,0.0
05/11/2023 15:30,0.0
05/11/2023 16:00,0.0
05/11/2023 16:30,0.0
05/11/2023 17:00,0.0
05/11/2023 17:30,0.0
05/11/2023 18:00,0.0
05/11/2023 18:30,0.0
05/11/2023 19:00,0.0
05/11/2023 19:30,0.0
05/11/2023 20:00,0.0
05/11/2023 20:30,0.0
05/11/2023 21:00,0.0
05/11/2023 21:30,0.0
05/11/2023 22:00,0.0
05/11/2023 22:30,0.0
05/11/2023 23:00,0.0
05/11/2023 23:30,0.0
05/12/2023 00:00,0.0
05/12/2023 00:30,0.0
05/12/2023 01:00,0.0
05/12/2023 01:30,0.0
05/12/2023 02:00,0.0
05/12/2023 02:30,0.0
05/12/2023 03:00,0.0
05/12/2023 03:30,0.0
05/12/2023 04:00,0.0
05/12/2023 04:30,0.0
05/12/2023 05:00,0.0
05/12/2023 05:30,0.0
05/12/2023 06:00,0.0
05/12/2023 06:30,0.0
05/12/2023 07:00,0.0
05/12/2023 07:30,0.0
05/12/2023 08:00,0.0
05/12/2023 08:30,0.0
05/12/2023 09:00,0.0
05/12/2023 09:30,0.0
05/12/2023 10:00,0.0
05/12/2023 10:30,0.0
05/12/2023 11:00,0.0
05/12/2023 11:30,0.0
05/12/2023 12:00,0.0
05/12/2023 12:30,0.0
05/12/2023 13:00,0.0
05/12/2023 13:30,0.0
05/12/2023 14:00,0.0
05/12/2023 14:30,0.0
05/12/2023 15:00,0.0
05/12/2023 15:30,0.0
05/12/2023 16:00,0.0
05/12/2023 16:30,0.0
05/12/2023 17:00,0.0
05/12/2023 17:30,0.0
05/12/2023 18:00,0.0
05/12/2023 18:30,0.0
05/12/2023 19:00,0.0
05/12/2023 19:30,0.0
05/12/2023 20:00,0.0
05/12/2023 20:30,0.0
05/12/2023 21:00,0.0
05/12/2023 21:30,0.0
05/12/2023 22:00,0.0
05/12/2023 22:30,0.0
05/12/2023 23:00,0.0
05/12/2023 23:30,0.0
05/13/2023 00:00,0.0
05/13/2023 00:30,0.0
05/13/2023 01:00,0.0
05/13/2023 01:30,0.0
05/13/2023 02:00,0.0
05/13/2023 02:30,0.0
05/13/2023 03:00,0.0
05/13/2023 03:30,0.0
05/13/2023 04:00,0.0
05/13/2023 04:30,0.0
05/13/2023 05:00,0.0
05/13/2023 05:30,0.0
05/13/2023 06:00,0.0
05/13/2023 06:30,0.0
05/13/2023 07:00,0.0
05/13/2023 07:30,0.0
05/13/2023 08:00,0.0
05/13/2023 08:30,0.0
05/13/2023 09:00,0.0
05/13/2023 09:30,0.0
05/13/2023 10:00,0.0
05/13/2023 10:30,0.0
05/13/2023 11:00,0.0
05/13/2023 11:30,0.0
05/13/2023 12:00,0.0
05/13/2023 12:30,0.0
05/13/2023 13:00,0.0
05/13/2023 13:30,0.0
05/13/2023 14:00,0.0
05/13/2023 14:30,0.0
05/13/2023 15:00,0.0
05/13/2023 15:30,0.0
05/13/2023 16:00,0.0
05/13/2023 16:30,0.0
05/13/2023 17:00,0.0
05/13/2023 17:30,0.0
05/13/2023 18:00,0.0
05/13/2023 18:30,0.0
05/13/2023 19:00,0.0
05/13/2023 19:30,0.0
05/13/2023 20:00,0.0
05/13/2023 20:30,0.0
05/13/2023 21:00,0.0
05/13/2023 21:30,0.0
05/13/2023 22:00,0.0
05/13/2023 22:30,0.0
05/13/2023 23:00,0.0
05/13/2023 23:30,0.0
05/14/2023 00:00,0.0
05/14/2023 00:30,0.0
05/14/2023 01:00,0.0
05/14/2023 01:30,0.0
05/14/2023 02:00,0.0
05/14/2023 02:30,0.0
05/14/2023 03:00,0.0
05/14/2023 03:30,0.0
05/14/2023 04:00,0.0
05/14/2023 04:30,0.0
05/14/2023 05:00,0.0
05/14/2023 05:30,0.0
05/14/2023 06:00,0.0
05/14/2023 06:30,0.0
05/14/2023 07:00,0.0
05/14/2023 07:30,0.0
05/14/2023 08:00,0.0
05/14/2023 08:30,0.0
05/14/2023 09:00,0.0
05/14/2023 09:30,0.0
05/14/2023 10:00,0.0
05/14/2023 10:30,0.0
05/14/2023 11:00,0.0
05/14/2023 11:30,0.0
05/14/2023 12:00,0.0
05/14/2023 12:30,0.0
05/14/2023 13:00,0.0
05/14/2023 13:30,0.0
05/14/2023 14:00,0.0
05/14/2023 14:30,0.0
05/14/2023 15:00,0.0
05/14/2023 15:30,0.0
05/14/2023 16:00,0.0
05/14/2023 16:30,0.0
05/14/2023 17:00,0.0
05/14/2023 17:30,0.0
05/14/2023 18:00,0.0
05/14/2023 18:30,0.0
05/14/2023 19:00,0.0
05/14/2023 19:30,0.0
05/14/2023 20:00,0.0
05/14/2023 20:30,0.0
05/14/2023 21:00,0.0
05/14/2023 21:30,0.0
05/14/2023 22:00,0.0
05/14/2023 22:30,0.0
05/14/2023 23:00,0.0
05/14/2023 23:30,0.0
05/15/2023 00:00,0.0
05/15/2023 00:30,0.0
05/15/2023 01:00,0.0
05/15/2023 01:30,0.0
05/15/2023 02:00,0.0
05/15/2023 02:30,0.0
05/15/2023 03:00,0.0
05/15/2023 03:30,0.0
05/15/2023 04:00,0.0
05/15/2023 04:30,0.0
05/15/2023 05:00,0.0
05/15/2023 05:30,0.0
05/15/2023 06:00,0.0
05/15/2023 06:30,0.0
05/15/2023 07:00,0.0
05/15/2023 07:30,0.0
05/15/2023 08:00,0.0
05/15/2023 08:30,0.0
05/15/2023 09:00,0.0
05/15/2023 09:30,0.0
05/15/2023 10:00,0.0
05/15/2023 10:30,0.0
05/15/2023 11:00,0.0
05/15/2023 11:30,0.0
05/15/2023 12:00,0.0
05/15/2023 12:30,0.0
05/15/2023 13:00,0.0
05/15/2023 13:30,0.0
05/15/2023 14:00,0.0
05/15/2023 14:30,0.0
05/15/2023 15:00,0.0
05/15/2023 15:30,0.0
05/15/2023 16:00,0.0
05/15/2023 16:30,0.0
05/15/2023 17:00,0.0
05/15/2023 17:30,0.0
05/15/2023 18:00,0.0
05/15/2023 18:30,0.0
05/15/2023 19:00,0.0
05/15/2023 19:30,0.0
05/15/2023 20:00,0.0
05/15/2023 20:30,0.0
05/15/2023 21:00,0.0
05/15/2023 21:30,0.0
05/15/2023 22:00,0.0
05/15/2023 22:30,0.0
05/15/2023 23:00,0.0
05/15/2023 23:30,0.0
05/16/2023 00:00,0.0
05/16/2023 00:30,0.0
05/16/2023 01:00,0.0
05/16/2023 01:30,0.0
05/16/2023 02:00,0.0
05/16/2023 02:30,0.0
05/16/2023 03:00,0.0
05/16/2023 03:30,0.0
05/16/2023 04:00,0.0
05/16/2023 04:30,0.0
05/16/2023 05:00,0.0
05/16/2023 05:30,0.0
05/16/2023 06:00,0.0
05/16/2023 06:30,0.0
05/16/2023 07:00,0.0
05/16/2023 07:30,0.0
05/16/2023 08:00,0.0
05/16/2023 08:30,0.0
05/16/2023 09:00,0.0
05/16/2023 09:30,0.0
05/16/2023 10:00,0.0
05/16/2023 10:30,0.0
05/16/2023 11:00,0.0
05/16/2023 11:30,0.0
05/16/2023 12:00,0.0
05/16/2023 12:30,0.0
05/16/2023 13:00,0.0
05/16/2023 13:30,0.0
05/16/2023 14:00,0.0
05/16/2023 14:30,0.0
05/16/2023 15:00,0.0
05/16/2023 15:30,0.0
05/16/2023 16:00,0.0
05/16/2023 16:30,0.0
05/16/2023 17:00,0.0
05/16/2023 17:30,0.0
05/16/2023 18:00,0.0
05/16/2023 18:30,0.0
05/16/2023 19:00,0.0
05/16/2023 19:30,0.0
05/16/2023 20:00,0.0
05/16/2023 20:30,0.0
05/16/2023 21:00,0.0
05/16/2023 21:30,0.0
05/16/2023 22:00,0.0
05/16/2023 22:30,0.0
05/16/2023 23:00,0.0
05/16/2023 23:30,0.0
05/17/2023 00:00,0.0
05/17/2023 00:30,0.0
05/17/2023 01:00,0.0
05/17/2023 01:30,0.0
05/17/2023 02:00,0.0
05/17/2023 02:30,0.0
05/17/2023 03:00,0.0
05/17/2023 03:30,0.0
05/17/2023 04:00,0.0
05/17/2023 04:30,0.0
05/17/2023 05:00,0.0
05/17/2023 05:30,0.0
05/17/2023 06:00,0.0
05/17/2023 06:30,0.0
05/17/2023 07:00,0.0
05/17/2023 07:30,0.0
05/17/2023 08:00,0.0
05/17/2023 08:30,0.0
05/17/2023 09:00,0.0
05/17/2023 09:30,0.0
05/17/2023 10:00,0.0
05/17/2023 10:30,0.0
05/17/2023 11:00,0.0
05/17/2023 11:30,0.0
05/17/2023 12:00,0.0
05/17/2023 12:30,0.0
05/17/2023 13:00,0.0
05/17/2023 13:30,0.0
05/17/2023 14:00,0.0
05/17/2023 14:30,0.0
05/17/2023 15:00,0.0
05/17/2023 15:30,0.0
05/17/2023 16:00,0.0
05/17/2023 16:30,0.0
05/17/2023 17:00,0.0
05/17/2023 17:30,0.0
05/17/2023 18:00,0.0
05/17/2023 18:30,0.0
05/17/2023 19:00,0.0
05/17/2023 19:30,0.0
05/17/2023 20:00,0.0
05/17/2023 20:30,0.0
05/17/2023 21:00,0.0
05/17/2023 21:30,0.0
05/17/2023 22:00,0.0
05/17/2023 22:30,0.0
05/17/2023 23:00,0.0
05/17/2023 23:30,0.0
05/18/2023 00:00,0.0
05/18/2023 00:30,0.0
05/18/2023 01:00,0.0
05/18/2023 01:30,0.0
05/18/2023 02:00,0.0
05/18/2023 02:30,0.0
05/18/2023 03:00,0.0
05/18/2023 03:30,0.0
05/18/2023 04:00,0.0
05/18/2023 04:30,0.0
05/18/2023 05:00,0.0
05/18/2023 05:30,0.0
05/18/2023 06:00,0.0
05/18/2023 06:30,0.0
05/18/2023 07:00,0.0
05/18/2023 07:30,0.0
05/18/2023 08:00,0.0
05/18/2023 08:30,0.0
05/18/2023 09:00,0.0
05/18/2023 09:30,0.0
05/18/2023 10:00,0.0
05/18/2023 10:30,0.0
05/18/2023 11:00,0.0
05/18/2023 11:30,0.0
05/18/2023 12:00,0.0
05/18/2023 12:30,0.0
05/18/2023 13:00,0.0
05/18/2023 13:30,0.0
05/18/2023 14:00,0.0
05/18/2023 14:30,0.0
05/18/2023 15:00,0.0
05/18/2023 15:30,0.0
05/18/2023 16:00,0.0
05/18/2023 16:30,0.0
05/18/2023 17:00,0.0
05/18/2023 17:30,0.0
05/18/2023 18:00,0.0
05/18/2023 18:30,0.0
05/18/2023 19:00,0.0
05/18/2023 19:30,0.0
05/18/2023 20:00,0.0
05/18/2023 20:30,0.0
05/18/2023 21:00,0.0
05/18/2023 21:30,0.0
05/18/2023 22:00,0.0
05/18/2023 22:30,0.0
05/18/2023 23:00,0.0
05/18/2023 23:30,0.0
05/19/2023 00:00,0.0
05/19/2023 00:30,0.0
05/19/2023 01:00,0.0
05/19/2023 01:30,0.0
05/19/2023 02:00,0.0
05/19/2023 02:30,0.0
05/19/2023 03:00,0.0
05/19/2023 03:30,0.0
05/19/2023 04:00,0.0
05/19/2023 04:30,0.0
05/19/2023 05:00,0.0
05/19/2023 05:30,0.0
05/19/2023 06:00,0.0
05/19/2023 06:30,0.0
05/19/2023 07:00,0.0
05/19/2023 07:30,0.0
05/19/2023 08:00,0.0
05/19/2023 08:30,0.0
05/19/2023 09:00,0.0
05/19/2023 09:30,0.0
05/19/2023 10:00,0.0
05/19/2023 10:30,0.0
05/19/2023 11:00,0.0
05/19/2023 11:30,0.0
05/19/2023 12:00,0.0
05/19/2023 12:30,0.0
05/19/2023 13:00,0.0
05/19/2023 13:30,0.0
05/19/2023 14:00,0.0
05/19/2023 14:30,0.0
05/19/2023 15:00,0.0
05/19/2023 15:30,0.0
05/19/2023 16:00,0.0
05/19/2023 16:30,0.0
05/19/2023 17:00,0.0
05/19/2023 17:30,0.0
05/19/2023 18:00,0.0
05/19/2023 18:30,0.0
05/19/2023 19:00,0.0
05/19/2023 19:30,0.0
05/19/2023 20:00,0.0
05/19/2023 20:30,0.0
05/19/2023 21:00,0.0
05/19/2023 21:30,0.0
05/19/2023 22:00,0.0
05/19/2023 22:30,0.0
05/19/2023 23:00,0.0
05/19/2023 23:30,0.0
05/20/2023 00:00,0.0
05/20/2023 00:30,0.0
05/20/2023 01:00,0.0
05/20/2023 01:30,0.0
05/20/2023 02:00,0.0
05/20/2023 02:30,0.0
05/20/2023 03:00,0.0
05/20/2023 03:30,0.0
05/20/2023 04:00,0.0
05/20/2023 04:30,0.0
05/20/2023 05:00,0.0
05/20/2023 05:30,0.0
05/20/2023 06:00,0.0
05/20/2023 06:30,0.0
05/20/2023 07:00,0.0
05/20/2023 07:30,0.0
05/20/2023 08:00,0.0
05/20/2023 08:30,0.0
05/20/2023 09:00,0.0
05/20/2023 09:30,0.0
05/20/2023 10:00,0.0
05/20/2023 10:30,0.0
05/20/2023 11:00,0.0
05/20/2023 11:30,0.0
05/20/2023 12:00,0.0
05/20/2023 12:30,0.0
05/20/2023 13:00,0.0
05/20/2023 13:30,0.0
05/20/2023 14:00,0.0
05/20/2023 14:30,0.0
05/20/2023 15:00,0.0
05/20/2023 15:30,0.0
05/20/2023 16:00,0.0
05/20/2023 16:30,0.0
05/20/2023 17:00,0.0
05/20/2023 17:30,0.0
05/20/2023 18:00,0.0
05/20/2023 18:30,0.0
05/20/2023 19:00,0.0
05/20/2023 19:30,0.0
05/20/2023 20:00,0.0
05/20/2023 20:30,0.0
05/20/2023 21:00,0.0
05/20/2023 21:30,0.0
05/20/2023 22:00,0.0
05/20/2023 22:30,0.0
05/20/2023 23:00,0.0
05/20/2023 23:30,0.0
05/21/2023 00:00,0.0
05/21/2023 00:30,0.0
05/21/2023 01:00,0.0
05/21/2023 01:30,0.0
05/21/2023 02:00,0.0
05/21/2023 02:30,0.0
05/21/2023 03:00,0.0
05/21/2023 03:30,0.0
05/21/2023 04:00,0.0
05/21/2023 04:30,0.0
05/21/2023 05:00,0.0
05/21/2023 05:30,0.0
05/21/2023 06:00,0.0
05/21/2023 06:30,0.0
05/21/2023 07:00,0.0
05/21/2023 07:30,0.0
05/21/2023 08:00,0.0
05/21/2023 08:30,0.0
05/21/2023 09:00,0.0
05/21/2023 09:30,0.0
05/21/2023 10:00,0.0
05/21/2023 10:30,0.0
05/21/2023 11:00,0.0
05/21/2023 11:30,0.0
05/21/2023 12:00,0.0
05/21/2023 12:30,0.0
05/21/2023 13:00,0.0
05/21/2023 13:30,0.0
05/21/2023 14:00,0.0
05/21/2023 14:30,0.0
05/21/2023 15:00,0.0
05/21/2023 15:30,0.0
05/21/2023 16:00,0.0
05/21/2023 16:30,0.0
05/21/2023 17:00,0.0
05/21/2023 17:30,0.0
05/21/2023 18:00,0.0
05/21/2023 18:30,0.0
05/21/2023 19:00,0.0
05/21/2023 19:30,0.0
05/21/2023 20:00,0.0
05/21/2023 20:30,0.0
05/21/2023 21:00,0.0
05/21/2023 21:30,0.0
05/21/2023 22:00,0.0
05/21/2023 22:30,0.0
05/21/2023 23:00,0.0
05/21/2023 23:30,0.0
05/22/2023 00:00,0.0
05/22/2023 00:30,0.0
05/22/2023 01:00,0.0
05/22/2023 01:30,0.0
05/22/2023 02:00,0.0
05/22/2023 02:30,0.0
05/22/2023 03:00,0.0
05/22/2023 03:30,0.0
05/22/2023 04:00,0.0
05/22/2023 04:30,0.0
05/22/2023 05:00,0.0
05/22/2023 05:30,0.0
05/22/2023 06:00,0.0
05/22/2023 06:30,0.0
05/22/2023 07:00,0.0
05/22/2023 07:30,0.0
05/22/2023 08:00,0.0
05/22/2023 08:30,0.0
05/22/2023 09:00,0.0
05/22/2023 09:30,0.0
05/22/2023 10:00,0.0
05/22/2023 10:30,0.0
05/22/2023 11:00,0.0
05/22/2023 11:30,0.0
05/22/2023 12:00,0.0
05/22/2023 12:30,0.0
05/22/2023 13:00,0.0
05/22/2023 13:30,0.0
05/22/2023 14:00,0.0
05/22/2023 14:30,0.0
05/22/2023 15:00,0.0
05/22/2023 15:30,0.0
05/22/2023 16:00,0.0
05/22/2023 16:30,0.0
05/22/2023 17:00,0.0
05/22/2023 17:30,0.0
05/22/2023 18:00,0.0
05/22/2023 18:30,0.0
05/22/2023 19:00,0.0
05/22/2023 19:30,0.0
05/22/2023 20:00,0.0
05/22/2023 20:30,0.0
05/22/2023 21:00,0.0
05/22/2023 21:30,0.0
05/22/2023 22:00,0.0
05/22/2023 22:30,0.0
05/22/2023 23:00,0.0
05/22/2023 23:30,0.0
05/23/2023 00:00,0.0
05/23/2023 00:30,0.0
05/23/2023 01:00,0.0
05/23/2023 01:30,0.0
05/23/2023 02:00,0.0
05/23/2023 02:30,0.0
05/23/2023 03:00,0.0
05/23/2023 03:30,0.0
05/23/2023 04:00,0.0
05/23/2023 04:30,0.0
05/23/2023 05:00,0.0
05/23/2023 05:30,0.0
05/23/2023 06:00,0.0
05/23/2023 06:30,0.0
05/23/2023 07:00,0.0
05/23/2023 07:30,0.0
05/23/2023 08:00,0.0
05/23/2023 08:30,0.0
05/23/2023 09:00,0.0
05/23/2023 09:30,0.0
05/23/2023 10:00,0.0
05/23/2023 10:30,0.0
05/23/2023 11:00,0.0
05/23/2023 11:30,0.0
05/23/2023 12:00,0.0
05/23/2023 12:30,0.0
05/23/2023 13:00,0.0
05/23/2023 13:30,0.0
05/23/2023 14:00,0.0
05/23/2023 14:30,0.0
05/23/2023 15:00,0.0
05/23/2023 15:30,0.0
05/23/2023 16:00,0.0
05/23/2023 16:30,0.0
05/23/2023 17:00,0.0
05/23/2023 17:30,0.0
05/23/2023 18:00,0.0
05/23/2023 18:30,0.0
05/23/2023 19:00,0.0
05/23/2023 19:30,0.0
05/23/2023 20:00,0.0
05/23/2023 20:30,0.0
05/23/2023 21:00,0.0
05/23/2023 21:30,0.0
05/23/2023 22:00,0.0
05/23/2023 22:30,0.0
05/23/2023 23:00,0.0
05/23/2023 23:30,0.0
05/24/2023 00:00,0.0
05/24/2023 00:30,0.0
05/24/2023 01:00,0.0
05/24/2023 01:30,0.0
05/24/2023 02:00,0.0
05/24/2023 02:30,0.0
05/24/2023 03:00,0.0
05/24/2023 03:30,0.0
05/24/2023 04:00,0.0
05/24/2023 04:30,0.0
05/24/2023 05:00,0.0
05/24/2023 05:30,0.0
05/24/2023 06:00,0.0
05/24/2023 06:30,0.0
05/24/2023 07:00,0.0
05/24/2023 07:30,0.0
05/24/2023 08:00,0.0
05/24/2023 08:30,0.0
05/24/2023 09:00,0.0
05/24/2023 09:30,0.0
05/24/2023 10:00,0.0
05/24/2023 10:30,0.0
05/24/2023 11:00,0.0
05/24/2023 11:30,0.0
05/24/2023 12:00,0.0
05/24/2023 12:30,0.0
05/24/2023 13:00,0.0
05/24/2023 13:30,0.0
05/24/2023 14:00,0.0
05/24/2023 14:30,0.0
05/24/2023 15:00,0.0
05/24/2023 15:30,0.0
05/24/2023 16:00,0.0
05/24/2023 16:30,0.0
05/24/2023 17:00,0.0
05/24/2023 17:30,0.0
05/24/2023 18:00,0.0
05/24/2023 18:30,0.0
05/24/2023 19:00,0.0
05/24/2023 19:30,0.0
05/24/2023 20:00,0.0
05/24/2023 20:30,0.0
05/24/2023 21:00,0.0
05/24/2023 21:30,0.0
05/24/2023 22:00,0.0
05/24/2023 22:30,0.0
05/24/2023 23:00,0.0
05/24/2023 23:30,0.0
05/25/2023 00:00,0.0
05/25/2023 00:30,0.0
05/25/2023 01:00,0.0
05/25/2023 01:30,0.0
05/25/2023 02:00,0.0
05/25/2023 02:30,0.0
05/25/2023 03:00,0.0
05/25/2023 03:30,0.0
05/25/2023 04:00,0.0
05/25/2023 04:30,0.0
05/25/2023 05:00,0.0
05/25/2023 05:30,0.0
05/25/2023 06:00,0.0
05/25/2023 06:30,0.0
05/25/2023 07:00,0.0
05/25/2023 07:30,0.0
05/25/2023 08:00,0.0
05/25/2023 08:30,0.0
05/25/2023 09:00,0.0
05/25/2023 09:30,0.0
05/25/2023 10:00,0.0
05/25/2023 10:30,0.0
05/25/2023 11:00,0.0
05/25/2023 11:30,0.0
05/25/2023 12:00,0.0
05/25/2023 12:30,0.0
05/25/2023 13:00,0.0
05/25/2023 13:30,0.0
05/25/2023 14:00,0.0
05/25/2023 14:30,0.0
05/25/2023 15:00,0.0
05/25/2023 15:30,0.0
05/25/2023 16:00,0.0
05/25/2023 16:30,0.0
05/25/2023 17:00,0.0
05/25/2023 17:30,0.0
05/25/2023 18:00,0.0
05/25/2023 18:30,0.0
05/25/2023 19:00,0.0
05/25/2023 19:30,0.0
05/25/2023 20:00,0.0
05/25/2023 20:30,0.0
05/25/2023 21:00,0.0
05/25/2023 21:30,0.0
05/25/2023 22:00,0.0
05/25/2023 22:30,0.0
05/25/2023 23:00,0.0
05/25/2023 23:30,0.0
05/26/2023 00:00,0.0
05/26/2023 00:30,0.0
05/26/2023 01:00,0.0
05/26/2023 01:30,0.0
05/26/2023 02:00,0.0
05/26/2023 02:30,0.0
05/26/2023 03:00,0.0
05/26/2023 03:30,0.0
05/26/2023 04:00,0.0
05/26/2023 04:30,0.0
05/26/2023 05:00,0.0
05/26/2023 05:30,0.0
05/26/2023 06:00,0.0
05/26/2023 06:30,0.0
05/26/2023 07:00,0.0
05/26/2023 07:30,0.0
05/26/2023 08:00,0.0
05/26/2023 08:30,0.0
05/26/2023 09:00,0.0
05/26/2023 09:30,0.0
05/26/2023 10:00,0.0
05/26/2023 10:30,0.0
05/26/2023 11:00,0.0
05/26/2023 11:30,0.0
05/26/2023 12:00,0.0
05/26/2023 12:30,0.0
05/26/2023 13:00,0.0
05/26/2023 13:30,0.0
05/26/2023 14:00,0.0
05/26/2023 14:30,0.0
05/26/2023 15:00,0.0
05/26/2023 15:30,0.0
05/26/2023 16:00,0.0
05/26/2023 16:30,0.0
05/26/2023 17:00,0.0
05/26/2023 17:30,0.0
05/26/2023 18:00,0.0
05/26/2023 18:30,0.0
05/26/2023 19:00,0.0
05/26/2023 19:30,0.0
05/26/2023 20:00,0.0
05/26/2023 20:30,0.0
05/26/2023 21:00,0.0
05/26/2023 21:30,0.0
05/26/2023 22:00,0.0
05/26/2023 22:30,0.0
05/26/2023 23:00,0.0
05/26/2023 23:30,0.0
05/27/2023 00:00,0.0
05/27/2023 00:30,0.0
05/27/2023 01:00,0.0
05/27/2023 01:30,0.0
05/27/2023 02:00,0.0
05/27/2023 02:30,0.0
05/27/2023 03:00,0.0
05/27/2023 03:30,0.0
05/27/2023 04:00,0.0
05/27/2023 04:30,0.0
05/27/2023 05:00,0.0
05/27/2023 05:30,0.0
05/27/2023 06:00,0.0
05/27/2023 06:30,0.0
05/27/2023 07:00,0.0
05/27/2023 07:30,0.0
05/27/2023 08:00,0.0
05/27/2023 08:30,0.0
05/27/2023 09:00,0.0
05/27/2023 09:30,0.0
05/27/2023 10:00,0.0
05/27/2023 10:30,0.0
05/27/2023 11:00,0.0
05/27/2023 11:30,0.0
05/27/2023 12:00,0.0
05/27/2023 12:30,0.0
05/27/2023 13:00,0.0
05/27/2023 13:30,0.0
05/27/2023 14:00,0.0
05/27/2023 14:30,0.0
05/27/2023 15:00,0.0
05/27/2023 15:30,0.0
05/27/2023 16:00,0.0
05/27/2023 16:30,0.0
05/27/2023 17:00,0.0
05/27/2023 17:30,0.0
05/27/2023 18:00,0.0
05/27/2023 18:30,0.0
05/27/2023 19:00,0.0
05/27/2023 19:30,0.0
05/27/2023 20:00,0.0
05/27/2023 20:30,0.0
05/27/2023 21:00,0.0
05/27/2023 21:30,0.0
05/27/2023 22:00,0.0
05/27/2023 22:30,0.0
05/27/2023 23:00,0.0
05/27/2023 23:30,0.0
05/28/2023 00:00,0.0
05/28/2023 00:30,0.0
05/28/2023 01:00,0.0
05/28/2023 01:30,0.0
05/28/2023 02:00,0.0
05/28/2023 02:30,0.0
05/28/2023 03:00,0.0
05/28/2023 03:30,0.0
05/28/2023 04:00,0.0
05/28/2023 04:30,0.0
05/28/2023 05:00,0.0
05/28/2023 05:30,0.0
05/28/2023 06:00,0.0
05/28/2023 06:30,0.0
05/28/2023 07:00,0.0
05/28/2023 07:30,0.0
05/28/2023 08:00,0.0
05/28/2023 08:30,0.0
05/28/2023 09:00,0.0
05/28/2023 09:30,0.0
05/28/2023 10:00,0.0
05/28/2023 10:30,0.0
05/28/2023 11:00,0.0
05/28/2023 11:30,0.0
05/28/2023 12:00,0.0
05/28/2023 12:30,0.0
05/28/2023 13:00,0.0
05/28/2023 13:30,0.0
05/28/2023 14:00,0.0
05/28/2023 14:30,0.0
05/28/2023 15:00,0.0
05/28/2023 15:30,0.0
05/28/2023 16:00,0.0
05/28/2023 16:30,0.0
05/28/2023 17:00,0.0
05/28/2023 17:30,0.0
05/28/2023 18:00,0.0
05/28/2023 18:30,0.0
05/28/2023 19:00,0.0
05/28/2023 19:30,0.0
05/28/2023 20:00,0.0
05/28/2023 20:30,0.0
05/28/2023 21:00,0.0
05/28/2023 21:30,0.0
05/28/2023 22:00,0.0
05/28/2023 22:30,0.0
05/28/2023 23:00,0.0
05/28/2023 23:30,0.0
05/29/2023 00:00,0.0
05/29/2023 00:30,0.0
05/29/2023 01:00,0.0
05/29/2023 01:30,0.0
05/29/2023 02:00,0.0
05/29/2023 02:30,0.0
05/29/2023 03:00,0.0
05/29/2023 03:30,0.0
05/29/2023 04:00,0.0
05/29/2023 04:30,0.0
05/29/2023 05:00,0.0
05/29/2023 05:30,0.0
05/29/2023 06:00,0.0
05/29/2023 06:30,0.0
05/29/2023 07:00,0.0
05/29/2023 07:30,0.0
05/29/2023 08:00,0.0
05/29/2023 08:30,0.0
05/29/2023 09:00,0.0
05/29/2023 09:30,0.0
05/29/2023 10:00,0.0
05/29/2023 10:30,0.0
05/29/2023 11:00,0.0
05/29/2023 11:30,0.0
05/29/2023 12:00,0.0
05/29/2023 12:30,0.0
05/29/2023 13:00,0.0
05/29/2023 13:30,0.0
05/29/2023 14:00,0.0
05/29/2023 14:30,0.0
05/29/2023 15:00,0.0
05/29/2023 15:30,0.0
05/29/2023 16:00,0.0
05/29/2023 16:30,0.0
05/29/2023 17:00,0.0
05/29/2023 17:30,0.0
05/29/2023 18:00,0.0
05/29/2023 18:30,0.0
05/29/2023 19:00,0.0
05/29/2023 19:30,0.0
05/29/2023 20:00,0.0
05/29/2023 20:30,0.0
05/29/2023 21:00,0.0
05/29/2023 21:30,0.0
05/29/2023 22:00,0.0
05/29/2023 22:30,0.0
05/29/2023 23:00,0.0
05/29/2023 23:30,0.0
05/30/2023 00:00,0.0
05/30/2023 00:30,0.0
05/30/2023 01:00,0.0
05/30/2023 01:30,0.0
05/30/2023 02:00,0.0
05/30/2023 02:30,0.0
05/30/2023 03:00,0.0
05/30/2023 03:30,0.0
05/30/2023 04:00,0.0
05/30/2023 04:30,0.0
05/30/2023 05:00,0.0
05/30/2023 05:30,0.0
05/30/2023 06:00,0.0
05/30/2023 06:30,0.0
05/30/2023 07:00,0.0
05/30/2023 07:30,0.0
05/30/2023 08:00,0.0
05/30/2023 08:30,0.0
05/30/2023 09:00,0.0
05/30/2023 09:30,0.0
05/30/2023 10:00,0.0
05/30/2023 10:30,0.0
05/30/2023 11:00,0.0
05/30/2023 11:30,0.0
05/30/2023 12:00,0.0
05/30/2023 12:30,0.0
05/30/2023 13:00,0.0
05/30/2023 13:30,0.0
05/30/2023 14:00,0.0
05/30/2023 14:30,0.0
05/30/2023 15:00,0.0
05/30/2023 15:30,0.0
05/30/2023 16:00,0.0
05/30/2023 16:30,0.0
05/30/2023 17:00,0.0
05/30/2023 17:30,0.0
05/30/2023 18:00,0.0
05/30/2023 18:30,0.0
05/30/2023 19:00,0.0
05/30/2023 19:30,0.0
05/30/2023 20:00,0.0
05/30/2023 20:30,0.0
05/30/2023 21:00,0.0
05/30/2023 21:30,0.0
05/30/2023 22:00,0.0
05/30/2023 22:30,0.0
05/30/2023 23:00,0.0
05/30/2023 23:30,0.0
05/31/2023 00:00,0.0
05/31/2023 00:30,0.0
05/31/2023 01:00,0.0
05/31/2023 01:30,0.0
05/31/2023 02:00,0.0
05/31/2023 02:30,0.0
05/31/2023 03:00,0.0
05/31/2023 03:30,0.0
05/31/2023 04:00,0.0
05/31/2023 04:30,0.0
05/31/2023 05:00,0.0
05/31/2023 05:30,0.0
05/31/2023 06:00,0.0
05/31/2023 06:30,0.0
05/31/2023 07:00,0.0
05/31/2023 07:30,0.0
05/31/2023 08:00,0.0
05/31/2023 08:30,0.0
05/31/2023 09:00,0.0
05/31/2023 09:30,0.0
05/31/2023 10:00,0.0
05/31/2023 10:30,0.0
05/31/2023 11:00,0.0
05/31/2023 11:30,0.0
05/31/2023 12:00,0.0
05/31/2023 12:30,0.0
05/31/2023 13:00,0.0
05/31/2023 13:30,0.0
05/31/2023 14:00,0.0
05/31/2023 14:30,0.0
05/31/2023 15:00,0.0
05/31/2023 15:30,0.0
05/31/2023 16:00,0.0
05/31/2023 16:30,0.0
05/31/2023 17:00,0.0
05/31/2023 17:30,0.0
05/31/2023 18:00,0.0
05/31/2023 18:30,0.0
05/31/2023 19:00,0.0
05/31/2023 19:30,0.0
05/31/2023 20:00,0.0
05/31/2023 20:30,0.0
05/31/2023 21:00,0.0
05/31/2023 21:30,0.0
05/31/2023 22:00,0.0
05/31/2023 22:30,0.0
05/31/2023 23:00,0.0
05/31/2023 23:30,0.0
06/01/2023 00:00,0.0
06/01/2023 00:30,0.0
06/01/2023 01:00,0.0
06/01/2023 01:30,0.0
06/01/2023 02:00,0.0
06/01/2023 02:30,0.0
06/01/2023 03:00,0.0
06/01/2023 03:30,0.0
06/01/2023 04:00,0.0
06/01/2023 04:30,0.0
06/01/2023 05:00,0.0
06/01/2023 05:30,0.0
06/01/2023 06:00,0.0
06/01/2023 06:30,0.0
06/01/2023 07:00,0.0
06/01/2023 07:30,0.0
06/01/2023 08:00,0.0
06/01/2023 08:30,0.0
06/01/2023 09:00,0.0
06/01/2023 09:30,0.0
06/01/2023 10:00,0.0
06/01/2023 10:30,0.0
06/01/2023 11:00,0.0
06/01/2023 11:30,0.0
06/01/2023 12:00,0.0
06/01/2023 12:30,0.0
06/01/2023 13:00,0.0
06/01/2023 13:30,0.0
06/01/2023 14:00,0.0
06/01/2023 14:30,0.0
06/01/2023 15:00,0.0
06/01/2023 15:30,0.0
06/01/2023 16:00,0.0
06/01/2023 16:30,0.0
06/01/2023 17:00,0.0
06/01/2023 17:30,0.0
06/01/2023 18:00,0.0
06/01/2023 18:30,0.0
06/01/2023 19:00,0.0
06/01/2023 19:30,0.0
06/01/2023 20:00,0.0
06/01/2023 20:30,0.0
06/01/2023 21:00,0.0
06/01/2023 21:30,0.0
06/01/2023 22:00,0.0
06/01/2023 22:30,0.0
06/01/2023 23:00,0.0
06/01/2023 23:30,0.0
06/02/2023 00:00,0.0
06/02/2023 00:30,0.0
06/02/2023 01:00,0.0
06/02/2023 01:30,0.0
06/02/2023 02:00,0.0
06/02/2023 02:30,0.0
06/02/2023 03:00,0.0
06/02/2023 03:30,0.0
06/02/2023 04:00,0.0
06/02/2023 04:30,0.0
06/02/2023 05:00,0.0
06/02/2023 05:30,0.0
06/02/2023 06:00,0.0
06/02/2023 06:30,0.0
06/02/2023 07:00,0.0
06/02/2023 07:30,0.0
06/02/2023 08:00,0.0
06/02/2023 08:30,0.0
06/02/2023 09:00,0.0
06/02/2023 09:30,0.0
06/02/2023 10:00,0.0
06/02/2023 10:30,0.0
06/02/2023 11:00,0.0
06/02/2023 11:30,0.0
06/02/2023 12:00,0.0
06/02/2023 12:30,0.0
06/02/2023 13:00,0.0
06/02/2023 13:30,0.0
06/02/2023 14:00,0.0
06/02/2023 14:30,0.0
06/02/2023 15:00,0.0
06/02/2023 15:30,0.0
06/02/2023 16:00,0.0
06/02/2023 16:30,0.0
06/02/2023 17:00,0.0
06/02/2023 17:30,0.0
06/02/2023 18:00,0.0
06/02/2023 18:30,0.0
06/02/2023 19:00,0.0
06/02/2023 19:30,0.0
06/02/2023 20:00,0.0
06/02/2023 20:30,0.0
06/02/2023 21:00,0.0
06/02/2023 21:30,0.0
06/02/2023 22:00,0.0
06/02/2023 22:30,0.0
06/02/2023 23:00,0.0
06/02/2023 23:30,0.0
06/03/2023 00:00,0.0
06/03/2023 00:30,0.0
06/03/2023 01:00,0.0
06/03/2023 01:30,0.0
06/03/2023 02:00,0.0
06/03/2023 02:30,0.0
06/03/2023 03:00,0.0
06/03/2023 03:30,0.0
06/03/2023 04:00,0.0
06/03/2023 04:30,0.0
06/03/2023 05:00,0.0
06/03/2023 05:30,0.0
06/03/2023 06:00,0.0
06/03/2023 06:30,0.0
06/03/2023 07:00,0.0
06/03/2023 07:30,0.0
06/03/2023 08:00,0.0
06/03/2023 08:30,0.0
06/03/2023 09:00,0.0
06/03/2023 09:30,0.0
06/03/2023 10:00,0.0
06/03/2023 10:30,0.0
06/03/2023 11:00,0.0
06/03/2023 11:30,0.0
06/03/2023 12:00,0.0
06/03/2023 12:30,0.0
06/03/2023 13:00,0.0
06/03/2023 13:30,0.0
06/03/2023 14:00,0.0
06/03/2023 14:30,0.0
06/03/2023 15:00,0.0
06/03/2023 15:30,0.0
06/03/2023 16:00,0.0
06/03/2023 16:30,0.0
06/03/2023 17:00,0.0
06/03/2023 17:30,0.0
06/03/2023 18:00,0.0
06/03/2023 18:30,0.0
06/03/2023 19:00,0.0
06/03/2023 19:30,0.0
06/03/2023 20:00,0.0
06/03/2023 20:30,0.0
06/03/2023 21:00,0.0
06/03/2023 21:30,0.0
06/03/2023 22:00,0.0
06/03/2023 22:30,0.0
06/03/2023 23:00,0.0
06/03/2023 23:30,0.0
06/04/2023 00:00,0.0
06/04/2023 00:30,0.0
06/04/2023 01:00,0.0
06/04/2023 01:30,0.0
06/04/2023 02:00,0.0
06/04/2023 02:30,0.0
06/04/2023 03:00,0.0
06/04/2023 03:30,0.0
06/04/2023 04:00,0.0
06/04/2023 04:30,0.0
06/04/2023 05:00,0.0
06/04/2023 05:30,0.0
06/04/2023 06:00,0.0
06/04/2023 06:30,0.0
06/04/2023 07:00,0.0
06/04/2023 07:30,0.0
06/04/2023 08:00,0.0
06/04/2023 08:30,0.0
06/04/2023 09:00,0.0
06/04/2023 09:30,0.0
06/04/2023 10:00,0.0
06/04/2023 10:30,0.0
06/04/2023 11:00,0.0
06/04/2023 11:30,0.0
06/04/2023 12:00,0.0
06/04/2023 12:30,0.0
06/04/2023 13:00,0.0
06/04/2023 13:30,0.0
06/04/2023 14:00,0.0
06/04/2023 14:30,0.0
06/04/2023 15:00,0.0
06/04/2023 15:30,0.0
06/04/2023 16:00,0.0
06/04/2023 16:30,0.0
06/04/2023 17:00,0.0
06/04/2023 17:30,0.0
06/04/2023 18:00,0.0
06/04/2023 18:30,0.0
06/04/2023 19:00,0.0
06/04/2023 19:30,0.0
06/04/2023 20:00,0.0
06/04/2023 20:30,0.0
06/04/2023 21:00,0.0
06/04/2023 21:30,0.0
06/04/2023 22:00,0.0
06/04/2023 22:30,0.0
06/04/2023 23:00,0.0
06/04/2023 23:30,0.0
06/05/2023 00:00,0.0
06/05/2023 00:30,0.0
06/05/2023 01:00,0.0
06/05/2023 01:30,0.0
06/05/2023 02:00,0.0
06/05/2023 02:30,0.0
06/05/2023 03:00,0.0
06/05/2023 03:30,0.0
06/05/2023 04:00,0.0
06/05/2023 04:30,0.0
06/05/2023 05:00,0.0
06/05/2023 05:30,0.0
06/05/2023 06:00,0.0
06/05/2023 06:30,0.0
06/05/2023 07:00,0.0
06/05/2023 07:30,0.0
06/05/2023 08:00,0.0
06/05/2023 08:30,0.0
06/05/2023 09:00,0.0
06/05/2023 09:30,0.0
06/05/2023 10:00,0.0
06/05/2023 10:30,0.0
06/05/2023 11:00,0.0
06/05/2023 11:30,0.0
06/05/2023 12:00,0.0
06/05/2023 12:30,0.0
06/05/2023 13:00,0.0
06/05/2023 13:30,0.0
06/05/2023 14:00,0.0
06/05/2023 14:30,0.0
06/05/2023 15:00,0.0
06/05/2023 15:30,0.0
06/05/2023 16:00,0.0
06/05/2023 16:30,0.0
06/05/2023 17:00,0.0
06/05/2023 17:30,0.0
06/05/2023 18:00,0.0
06/05/2023 18:30,0.0
06/05/2023 19:00,0.0
06/05/2023 19:30,0.0
06/05/2023 20:00,0.0
06/05/2023 20:30,0.0
06/05/2023 21:00,0.0
06/05/2023 21:30,0.0
06/05/2023 22:00,0.0
06/05/2023 22:30,0.0
06/05/2023 23:00,0.0
06/05/2023 23:30,0.0
06/06/2023 00:00,0.0
06/06/2023 00:30,0.0
06/06/2023 01:00,0.0
06/06/2023 01:30,0.0
06/06/2023 02:00,0.0
06/06/2023 02:30,0.0
06/06/2023 03:00,0.0
06/06/2023 03:30,0.0
06/06/2023 04:00,0.0
06/06/2023 04:30,0.0
06/06/2023 05:00,0.0
06/06/2023 05:30,0.0
06/06/2023 06:00,0.0
06/06/2023 06:30,0.0
06/06/2023 07:00,0.0
06/06/2023 07:30,0.0
06/06/2023 08:00,0.0
06/06/2023 08:30,0.0
06/06/2023 09:00,0.0
06/06/2023 09:30,0.0
06/06/2023 10:00,0.0
06/06/2023 10:30,0.0
06/06/2023 11:00,0.0
06/06/2023 11:30,0.0
06/06/2023 12:00,0.0
06/06/2023 12:30,0.0
06/06/2023 13:00,0.0
06/06/2023 13:30,0.0
06/06/2023 14:00,0.0
06/06/2023 14:30,0.0
06/06/2023 15:00,0.0
06/06/2023 15:30,0.0
06/06/2023 16:00,0.0
06/06/2023 16:30,0.0
06/06/2023 17:00,0.0
06/06/2023 17:30,0.0
06/06/2023 18:00,0.0
06/06/2023 18:30,0.0
06/06/2023 19:00,0.0
06/06/2023 19:30,0.0
06/06/2023 20:00,0.0
06/06/2023 20:30,0.0
06/06/2023 21:00,0.0
06/06/2023 21:30,0.0
06/06/2023 22:00,0.0
06/06/2023 22:30,0.0
06/06/2023 23:00,0.0
06/06/2023 23:30,0.0
06/07/2023 00:00,0.0
06/07/2023 00:30,0.0
06/07/2023 01:00,0.0
06/07/2023 01:30,0.0
06/07/2023 02:00,0.0
06/07/2023 02:30,0.0
06/07/2023 03:00,0.0
06/07/2023 03:30,0.0
06/07/2023 04:00,0.0
06/07/2023 04:30,0.0
06/07/2023 05:00,0.0
06/07/2023 05:30,0.0
06/07/2023 06:00,0.0
06/07/2023 06:30,0.0
06/07/2023 07:00,0.0
06/07/2023 07:30,0.0
06/07/2023 08:00,0.0
06/07/2023 08:30,0.0
06/07/2023 09:00,0.0
06/07/2023 09:30,0.0
06/07/2023 10:00,0.0
06/07/2023 10:30,0.0
06/07/2023 11:00,0.0
06/07/2023 11:30,0.0
06/07/2023 12:00,0.0
06/07/2023 12:30,0.0
06/07/2023 13:00,0.0
06/07/2023 13:30,0.0
06/07/2023 14:00,0.0
06/07/2023 14:30,0.0
06/07/2023 15:00,0.0
06/07/2023 15:30,0.0
06/07/2023 16:00,0.0
06/07/2023 16:30,0.0
06/07/2023 17:00,0.0
06/07/2023 17:30,0.0
06/07/2023 18:00,0.0
06/07/2023 18:30,0.0
06/07/2023 19:00,0.0
06/07/2023 19:30,0.0
06/07/2023 20:00,0.0
06/07/2023 20:30,0.0
06/07/2023 21:00,0.0
06/07/2023 21:30,0.0
06/07/2023 22:00,0.0
06/07/2023 22:30,0.0
06/07/2023 23:00,0.0
06/07/2023 23:30,0.0
06/08/2023 00:00,8.718
06/08/2023 00:00,0.0
06/08/2023 00:30,0.0
06/08/2023 00:30,8.718
06/08/2023 01:00,8.718
06/08/2023 01:00,0.0
06/08/2023 01:30,8.718
06/08/2023 01:30,0.0
06/08/2023 02:00,8.718
06/08/2023 02:00,0.0
06/08/2023 02:30,0.0
06/08/2023 02:30,8.718
06/08/2023 03:00,8.718
06/08/2023 03:00,0.0
06/08/2023 03:30,0.0
06/08/2023 03:30,8.718
06/08/2023 04:00,8.718
06/08/2023 04:00,0.0
06/08/2023 04:30,8.718
06/08/2023 04:30,0.0
06/08/2023 05:00,0.0
06/08/2023 05:00,8.718
06/08/2023 05:30,0.0
06/08/2023 05:30,8.718
06/08/2023 06:00,0.0
06/08/2023 06:00,8.718
06/08/2023 06:30,0.0
06/08/2023 06:30,8.718
06/08/2023 07:00,0.0
06/08/2023 07:00,8.718
06/08/2023 07:30,0.0
06/08/2023 07:30,8.718
06/08/2023 08:00,0.0
06/08/2023 08:00,8.718
06/08/2023 08:30,0.0
06/08/2023 08:30,8.718
06/08/2023 09:00,8.718
06/08/2023 09:00,0.0
06/08/2023 09:30,0.0
06/08/2023 09:30,8.718
06/08/2023 10:00,8.718
06/08/2023 10:00,0.0
06/08/2023 10:30,8.718
06/08/2023 10:30,0.0
06/08/2023 11:00,8.718
06/08/2023 11:00,0.0
06/08/2023 11:30,8.718
06/08/2023 11:30,0.0
06/08/2023 12:00,8.718
06/08/2023 12:00,0.0
06/08/2023 12:30,0.0
06/08/2023 12:30,8.718
06/08/2023 13:00,8.718
06/08/2023 13:00,0.0
06/08/2023 13:30,8.718
06/08/2023 13:30,0.0
06/08/2023 14:00,8.718
06/08/2023 14:00,0.0
06/08/2023 14:30,8.718
06/08/2023 14:30,0.0
06/08/2023 15:00,8.718
06/08/2023 15:00,0.0
06/08/2023 15:30,8.718
06/08/2023 15:30,0.0
06/08/2023 16:00,8.718
06/08/2023 16:00,0.0
06/08/2023 16:30,0.0
06/08/2023 16:30,8.718
06/08/2023 17:00,8.718
06/08/2023 17:00,0.0
06/08/2023 17:30,8.718
06/08/2023 17:30,0.0
06/08/2023 18:00,8.718
06/08/2023 18:00,0.0
06/08/2023 18:30,8.718
06/08/2023 18:30,0.0
06/08/2023 19:00,8.718
06/08/2023 19:00,0.0
06/08/2023 19:30,8.718
06/08/2023 19:30,0.0
06/08/2023 20:00,0.0
06/08/2023 20:00,8.718
06/08/2023 20:30,0.0
06/08/2023 20:30,8.718
06/08/2023 21:00,8.718
06/08/2023 21:00,0.0
06/08/2023 21:30,8.718
06/08/2023 21:30,0.0
06/08/2023 22:00,8.718
06/08/2023 22:00,0.0
06/08/2023 22:30,0.0
06/08/2023 22:30,8.718
06/08/2023 23:00,0.0
06/08/2023 23:00,8.718
06/08/2023 23:30,0.0
06/08/2023 23:30,8.718
06/09/2023 00:00,11.461
06/09/2023 00:00,11.461
06/09/2023 00:00,11.461
06/09/2023 00:00,11.461
06/09/2023 00:00,11.461
06/09/2023 00:00,34.462
06/09/2023 00:00,11.461
06/09/2023 00:30,11.461
06/09/2023 00:30,11.461
06/09/2023 00:30,34.462
06/09/2023 00:30,11.461
06/09/2023 00:30,11.461
06/09/2023 00:30,11.461
06/09/2023 00:30,11.461
06/09/2023 01:00,11.461
06/09/2023 01:00,11.461
06/09/2023 01:00,34.462
06/09/2023 01:00,11.461
06/09/2023 01:00,11.461
06/09/2023 01:00,11.461
06/09/2023 01:00,11.461
06/09/2023 01:30,11.461
06/09/2023 01:30,11.461
06/09/2023 01:30,11.461
06/09/2023 01:30,11.461
06/09/2023 01:30,34.462
06/09/2023 01:30,11.461
06/09/2023 01:30,11.461
06/09/2023 02:00,11.461
06/09/2023 02:00,11.461
06/09/2023 02:00,11.461
06/09/2023 02:00,11.461
06/09/2023 02:00,34.462
06/09/2023 02:00,11.461
06/09/2023 02:00,11.461
06/09/2023 02:30,11.461
06/09/2023 02:30,11.461
06/09/2023 02:30,11.461
06/09/2023 02:30,11.461
06/09/2023 02:30,34.462
06/09/2023 02:30,11.461
06/09/2023 02:30,11.461
06/09/2023 03:00,11.461
06/09/2023 03:00,34.462
06/09/2023 03:00,11.461
06/09/2023 03:00,11.461
06/09/2023 03:00,11.461
06/09/2023 03:00,11.461
06/09/2023 03:00,11.461
06/09/2023 03:30,11.461
06/09/2023 03:30,11.461
06/09/2023 03:30,34.462
06/09/2023 03:30,11.461
06/09/2023 03:30,11.461
06/09/2023 03:30,11.461
06/09/2023 03:30,11.461
06/09/2023 04:00,11.461
06/09/2023 04:00,11.461
06/09/2023 04:00,11.461
06/09/2023 04:00,11.461
06/09/2023 04:00,11.461
06/09/2023 04:00,11.461
06/09/2023 04:00,34.462
06/09/2023 04:30,11.461
06/09/2023 04:30,11.461
06/09/2023 04:30,11.461
06/09/2023 04:30,11.461
06/09/2023 04:30,34.462
06/09/2023 04:30,11.461
06/09/2023 04:30,11.461
06/09/2023 05:00,11.461
06/09/2023 05:00,11.461
06/09/2023 05:00,34.462
06/09/2023 05:00,11.461
06/09/2023 05:00,11.461
06/09/2023 05:00,11.461
06/09/2023 05:00,11.461
06/09/2023 05:30,11.461
06/09/2023 05:30,11.461
06/09/2023 05:30,11.461
06/09/2023 05:30,11.461
06/09/2023 05:30,34.462
06/09/2023 05:30,11.461
06/09/2023 05:30,11.461
06/09/2023 06:00,11.461
06/09/2023 06:00,11.461
06/09/2023 06:00,11.461
06/09/2023 06:00,11.461
06/09/2023 06:00,11.461
06/09/2023 06:00,34.462
06/09/2023 06:00,11.461
06/09/2023 06:30,11.461
06/09/2023 06:30,11.461
06/09/2023 06:30,11.461
06/09/2023 06:30,11.461
06/09/2023 06:30,11.461
06/09/2023 06:30,11.461
06/09/2023 06:30,34.462
06/09/2023 07:00,11.461
06/09/2023 07:00,11.461
06/09/2023 07:00,11.461
06/09/2023 07:00,11.461
06/09/2023 07:00,11.461
06/09/2023 07:00,11.461
06/09/2023 07:00,34.462
06/09/2023 07:30,11.461
06/09/2023 07:30,11.461
06/09/2023 07:30,11.461
06/09/2023 07:30,11.461
06/09/2023 07:30,11.461
06/09/2023 07:30,11.461
06/09/2023 07:30,34.462
06/09/2023 08:00,11.461
06/09/2023 08:00,11.461
06/09/2023 08:00,11.461
06/09/2023 08:00,34.462
06/09/2023 08:00,11.461
06/09/2023 08:00,11.461
06/09/2023 08:00,11.461
06/09/2023 08:30,34.462
06/09/2023 08:30,11.461
06/09/2023 08:30,11.461
06/09/2023 08:30,11.461
06/09/2023 08:30,11.461
06/09/2023 08:30,11.461
06/09/2023 08:30,11.461
06/09/2023 09:00,34.462
06/09/2023 09:00,11.461
06/09/2023 09:00,11.461
06/09/2023 09:00,11.461
06/09/2023 09:00,11.461
06/09/2023 09:00,11.461
06/09/2023 09:00,11.461
06/09/2023 09:30,11.461
06/09/2023 09:30,11.461
06/09/2023 09:30,11.461
06/09/2023 09:30,11.461
06/09/2023 09:30,34.462
06/09/2023 09:30,11.461
06/09/2023 09:30,11.461
06/09/2023 10:00,11.461
06/09/2023 10:00,11.461
06/09/2023 10:00,11.461
06/09/2023 10:00,11.461
06/09/2023 10:00,11.461
06/09/2023 10:00,34.462
06/09/2023 10:00,11.461
06/09/2023 10:30,11.461
06/09/2023 10:30,11.461
06/09/2023 10:30,11.461
06/09/2023 10:30,11.461
06/09/2023 10:30,34.462
06/09/2023 10:30,11.461
06/09/2023 10:30,11.461
06/09/2023 11:00,11.461
06/09/2023 11:00,11.461
06/09/2023 11:00,11.461
06/09/2023 11:00,11.461
06/09/2023 11:00,11.461
06/09/2023 11:00,11.461
06/09/2023 11:00,34.462
06/09/2023 11:30,34.462
06/09/2023 11:30,11.461
06/09/2023 11:30,11.461
06/09/2023 11:30,11.461
06/09/2023 11:30,11.461
06/09/2023 11:30,11.461
06/09/2023 11:30,11.461
06/09/2023 12:00,11.461
06/09/2023 12:00,11.461
06/09/2023 12:00,11.461
06/09/2023 12:00,11.461
06/09/2023 12:00,11.461
06/09/2023 12:00,34.462
06/09/2023 12:00,11.461
06/09/2023 12:30,11.461
06/09/2023 12:30,11.461
06/09/2023 12:30,11.461
06/09/2023 12:30,11.461
06/09/2023 12:30,11.461
06/09/2023 12:30,11.461
06/09/2023 12:30,34.462
06/09/2023 13:00,34.462
06/09/2023 13:00,11.461
06/09/2023 13:00,11.461
06/09/2023 13:00,11.461
06/09/2023 13:00,11.461
06/09/2023 13:00,11.461
06/09/2023 13:00,11.461
06/09/2023 13:30,11.461
06/09/2023 13:30,11.461
06/09/2023 13:30,11.461
06/09/2023 13:30,34.462
06/09/2023 13:30,11.461
06/09/2023 13:30,11.461
06/09/2023 13:30,11.461
06/09/2023 14:00,11.461
06/09/2023 14:00,11.461
06/09/2023 14:00,34.462
06/09/2023 14:00,11.461
06/09/2023 14:00,11.461
06/09/2023 14:00,11.461
06/09/2023 14:00,11.461
06/09/2023 14:30,11.461
06/09/2023 14:30,11.461
06/09/2023 14:30,11.461
06/09/2023 14:30,11.461
06/09/2023 14:30,34.462
06/09/2023 14:30,11.461
06/09/2023 14:30,11.461
06/09/2023 15:00,11.461
06/09/2023 15:00,11.461
06/09/2023 15:00,11.461
06/09/2023 15:00,34.462
06/09/2023 15:00,11.461
06/09/2023 15:00,11.461
06/09/2023 15:00,11.461
06/09/2023 15:30,11.461
06/09/2023 15:30,11.461
06/09/2023 15:30,11.461
06/09/2023 15:30,11.461
06/09/2023 15:30,34.462
06/09/2023 15:30,11.461
06/09/2023 15:30,11.461
06/09/2023 16:00,11.461
06/09/2023 16:00,11.461
06/09/2023 16:00,11.461
06/09/2023 16:00,34.462
06/09/2023 16:00,11.461
06/09/2023 16:00,11.461
06/09/2023 16:00,11.461
06/09/2023 16:30,11.461
06/09/2023 16:30,11.461
06/09/2023 16:30,11.461
06/09/2023 16:30,34.462
06/09/2023 16:30,11.461
06/09/2023 16:30,11.461
06/09/2023 16:30,11.461
06/09/2023 17:00,11.461
06/09/2023 17:00,34.462
06/09/2023 17:00,11.461
06/09/2023 17:00,11.461
06/09/2023 17:00,11.461
06/09/2023 17:00,11.461
06/09/2023 17:00,11.461
06/09/2023 17:30,11.461
06/09/2023 17:30,11.461
06/09/2023 17:30,34.462
06/09/2023 17:30,11.461
06/09/2023 17:30,11.461
06/09/2023 17:30,11.461
06/09/2023 17:30,11.461
06/09/2023 18:00,11.461
06/09/2023 18:00,11.461
06/09/2023 18:00,11.461
06/09/2023 18:00,11.461
06/09/2023 18:00,34.462
06/09/2023 18:00,11.461
06/09/2023 18:00,11.461
06/09/2023 18:30,11.461
06/09/2023 18:30,11.461
06/09/2023 18:30,11.461
06/09/2023 18:30,34.462
06/09/2023 18:30,11.461
06/09/2023 18:30,11.461
06/09/2023 18:30,11.461
06/09/2023 19:00,11.461
06/09/2023 19:00,11.461
06/09/2023 19:00,34.462
06/09/2023 19:00,11.461
06/09/2023 19:00,11.461
06/09/2023 19:00,11.461
06/09/2023 19:00,11.461
06/09/2023 19:30,34.462
06/09/2023 19:30,11.461
06/09/2023 19:30,11.461
06/09/2023 19:30,11.461
06/09/2023 19:30,11.461
06/09/2023 19:30,11.461
06/09/2023 19:30,11.461
06/09/2023 20:00,34.462
06/09/2023 20:00,11.461
06/09/2023 20:00,11.461
06/09/2023 20:00,11.461
06/09/2023 20:00,11.461
06/09/2023 20:00,11.461
06/09/2023 20:00,11.461
06/09/2023 20:30,11.461
06/09/2023 20:30,11.461
06/09/2023 20:30,11.461
06/09/2023 20:30,11.461
06/09/2023 20:30,11.461
06/09/2023 20:30,34.462
06/09/2023 20:30,11.461
06/09/2023 21:00,11.461
06/09/2023 21:00,11.461
06/09/2023 21:00,34.462
06/09/2023 21:00,11.461
06/09/2023 21:00,11.461
06/09/2023 21:00,11.461
06/09/2023 21:00,11.461
06/09/2023 21:30,11.461
06/09/2023 21:30,34.462
06/09/2023 21:30,11.461
06/09/2023 21:30,11.461
06/09/2023 21:30,11.461
06/09/2023 21:30,11.461
06/09/2023 21:30,11.461
06/09/2023 22:00,11.461
06/09/2023 22:00,11.461
06/09/2023 22:00,11.461
06/09/2023 22:00,11.461
06/09/2023 22:00,34.462
06/09/2023 22:00,11.461
06/09/2023 22:00,11.461
06/09/2023 22:30,34.462
06/09/2023 22:30,11.461
06/09/2023 22:30,11.461
06/09/2023 22:30,11.461
06/09/2023 22:30,11.461
06/09/2023 22:30,11.461
06/09/2023 22:30,11.461
06/09/2023 23:00,34.462
06/09/2023 23:00,11.461
06/09/2023 23:00,11.461
06/09/2023 23:00,11.461
06/09/2023 23:00,11.461
06/09/2023 23:00,11.461
06/09/2023 23:00,11.461
06/09/2023 23:30,11.461
06/09/2023 23:30,11.461
06/09/2023 23:30,11.461
06/09/2023 23:30,11.461
06/09/2023 23:30,11.461
06/09/2023 23:30,34.462
06/09/2023 23:30,11.461
06/10/2023 00:00,69.746
06/10/2023 00:00,284.009
06/10/2023 00:00,69.746
06/10/2023 00:00,275.697
06/10/2023 00:00,54.658
06/10/2023 00:00,75.042
06/10/2023 00:30,69.746
06/10/2023 00:30,54.658
06/10/2023 00:30,69.746
06/10/2023 00:30,284.009
06/10/2023 00:30,275.697
06/10/2023 00:30,75.042
06/10/2023 01:00,69.746
06/10/2023 01:00,69.746
06/10/2023 01:00,284.009
06/10/2023 01:00,275.697
06/10/2023 01:00,54.658
06/10/2023 01:00,75.042
06/10/2023 01:30,75.042
06/10/2023 01:30,69.746
06/10/2023 01:30,284.009
06/10/2023 01:30,275.697
06/10/2023 01:30,69.746
06/10/2023 01:30,54.658
06/10/2023 02:00,75.042
06/10/2023 02:00,284.009
06/10/2023 02:00,54.658
06/10/2023 02:00,275.697
06/10/2023 02:00,69.746
06/10/2023 02:00,69.746
06/10/2023 02:30,75.042
06/10/2023 02:30,54.658
06/10/2023 02:30,284.009
06/10/2023 02:30,275.697
06/10/2023 02:30,69.746
06/10/2023 02:30,69.746
06/10/2023 03:00,75.042
06/10/2023 03:00,54.658
06/10/2023 03:00,69.746
06/10/2023 03:00,284.009
06/10/2023 03:00,275.697
06/10/2023 03:00,69.746
06/10/2023 03:30,69.746
06/10/2023 03:30,54.658
06/10/2023 03:30,284.009
06/10/2023 03:30,75.042
06/10/2023 03:30,275.697
06/10/2023 03:30,69.746
06/10/2023 04:00,75.042
06/10/2023 04:00,284.009
06/10/2023 04:00,275.697
06/10/2023 04:00,69.746
06/10/2023 04:00,69.746
06/10/2023 04:00,54.658
06/10/2023 04:30,54.658
06/10/2023 04:30,69.746
06/10/2023 04:30,69.746
06/10/2023 04:30,75.042
06/10/2023 04:30,284.009
06/10/2023 04:30,275.697
06/10/2023 05:00,284.009
06/10/2023 05:00,69.746
06/10/2023 05:00,75.042
06/10/2023 05:00,69.746
06/10/2023 05:00,275.697
06/10/2023 05:00,54.658
06/10/2023 05:30,275.697
06/10/2023 05:30,69.746
06/10/2023 05:30,75.042
06/10/2023 05:30,284.009
06/10/2023 05:30,69.746
06/10/2023 05:30,54.658
06/10/2023 06:00,284.009
06/10/2023 06:00,275.697
06/10/2023 06:00,75.042
06/10/2023 06:00,69.746
06/10/2023 06:00,54.658
06/10/2023 06:00,69.746
06/10/2023 06:30,54.658
06/10/2023 06:30,75.042
06/10/2023 06:30,284.009
06/10/2023 06:30,69.746
06/10/2023 06:30,275.697
06/10/2023 06:30,69.746
06/10/2023 07:00,69.746
06/10/2023 07:00,275.697
06/10/2023 07:00,75.042
06/10/2023 07:00,54.658
06/10/2023 07:00,284.009
06/10/2023 07:00,69.746
06/10/2023 07:30,284.009
06/10/2023 07:30,69.746
06/10/2023 07:30,54.658
06/10/2023 07:30,275.697
06/10/2023 07:30,69.746
06/10/2023 07:30,75.042
06/10/2023 08:00,284.009
06/10/2023 08:00,69.746
06/10/2023 08:00,54.658
06/10/2023 08:00,69.746
06/10/2023 08:00,275.697
06/10/2023 08:00,75.042
06/10/2023 08:30,275.697
06/10/2023 08:30,69.746
06/10/2023 08:30,75.042
06/10/2023 08:30,284.009
06/10/2023 08:30,69.746
06/10/2023 08:30,54.658
06/10/2023 09:00,69.746
06/10/2023 09:00,75.042
06/10/2023 09:00,275.697
06/10/2023 09:00,54.658
06/10/2023 09:00,284.009
06/10/2023 09:00,69.746
06/10/2023 09:30,284.009
06/10/2023 09:30,54.658
06/10/2023 09:30,75.042
06/10/2023 09:30,69.746
06/10/2023 09:30,275.697
06/10/2023 09:30,69.746
06/10/2023 10:00,69.746
06/10/2023 10:00,284.009
06/10/2023 10:00,54.658
06/10/2023 10:00,75.042
06/10/2023 10:00,69.746
06/10/2023 10:00,275.697
06/10/2023 10:30,69.746
06/10/2023 10:30,75.042
06/10/2023 10:30,69.746
06/10/2023 10:30,54.658
06/10/2023 10:30,284.009
06/10/2023 10:30,275.697
06/10/2023 11:00,54.658
06/10/2023 11:00,69.746
06/10/2023 11:00,75.042
06/10/2023 11:00,69.746
06/10/2023 11:00,284.009
06/10/2023 11:00,275.697
06/10/2023 11:30,75.042
06/10/2023 11:30,275.697
06/10/2023 11:30,54.658
06/10/2023 11:30,284.009
06/10/2023 11:30,69.746
06/10/2023 11:30,69.746
06/10/2023 12:00,69.746
06/10/2023 12:00,69.746
06/10/2023 12:00,275.697
06/10/2023 12:00,284.009
06/10/2023 12:00,54.658
06/10/2023 12:00,75.042
06/10/2023 12:30,69.746
06/10/2023 12:30,69.746
06/10/2023 12:30,275.697
06/10/2023 12:30,284.009
06/10/2023 12:30,54.658
06/10/2023 12:30,75.042
06/10/2023 13:00,54.658
06/10/2023 13:00,275.697
06/10/2023 13:00,69.746
06/10/2023 13:00,75.042
06/10/2023 13:00,284.009
06/10/2023 13:00,69.746
06/10/2023 13:30,75.042
06/10/2023 13:30,54.658
06/10/2023 13:30,275.697
06/10/2023 13:30,69.746
06/10/2023 13:30,284.009
06/10/2023 13:30,69.746
06/10/2023 14:00,69.746
06/10/2023 14:00,75.042
06/10/2023 14:00,54.658
06/10/2023 14:00,284.009
06/10/2023 14:00,69.746
06/10/2023 14:00,275.697
06/10/2023 14:30,54.658
06/10/2023 14:30,75.042
06/10/2023 14:30,284.009
06/10/2023 14:30,69.746
06/10/2023 14:30,69.746
06/10/2023 14:30,275.697
06/10/2023 15:00,69.746
06/10/2023 15:00,54.658
06/10/2023 15:00,75.042
06/10/2023 15:00,284.009
06/10/2023 15:00,69.746
06/10/2023 15:00,275.697
06/10/2023 15:30,275.697
06/10/2023 15:30,284.009
06/10/2023 15:30,75.042
06/10/2023 15:30,54.658
06/10/2023 15:30,69.746
06/10/2023 15:30,69.746
06/10/2023 16:00,275.697
06/10/2023 16:00,75.042
06/10/2023 16:00,69.746
06/10/2023 16:00,69.746
06/10/2023 16:00,54.658
06/10/2023 16:00,284.009
06/10/2023 16:30,75.042
06/10/2023 16:30,69.746
06/10/2023 16:30,275.697
06/10/2023 16:30,69.746
06/10/2023 16:30,54.658
06/10/2023 16:30,284.009
06/10/2023 17:00,54.658
06/10/2023 17:00,75.042
06/10/2023 17:00,69.746
06/10/2023 17:00,69.746
06/10/2023 17:00,284.009
06/10/2023 17:00,275.697
06/10/2023 17:30,284.009
06/10/2023 17:30,275.697
06/10/2023 17:30,69.746
06/10/2023 17:30,69.746
06/10/2023 17:30,54.658
06/10/2023 17:30,75.042
06/10/2023 18:00,284.009
06/10/2023 18:00,54.658
06/10/2023 18:00,69.746
06/10/2023 18:00,69.746
06/10/2023 18:00,75.042
06/10/2023 18:00,275.697
06/10/2023 18:30,284.009
06/10/2023 18:30,69.746
06/10/2023 18:30,69.746
06/10/2023 18:30,275.697
06/10/2023 18:30,54.658
06/10/2023 18:30,75.042
06/10/2023 19:00,75.042
06/10/2023 19:00,54.658
06/10/2023 19:00,275.697
06/10/2023 19:00,69.746
06/10/2023 19:00,284.009
06/10/2023 19:00,69.746
06/10/2023 19:30,75.042
06/10/2023 19:30,69.746
06/10/2023 19:30,284.009
06/10/2023 19:30,54.658
06/10/2023 19:30,275.697
06/10/2023 19:30,69.746
06/10/2023 20:00,54.658
06/10/2023 20:00,69.746
06/10/2023 20:00,75.042
06/10/2023 20:00,284.009
06/10/2023 20:00,69.746
06/10/2023 20:00,275.697
06/10/2023 20:30,75.042
06/10/2023 20:30,275.697
06/10/2023 20:30,54.658
06/10/2023 20:30,284.009
06/10/2023 20:30,69.746
06/10/2023 20:30,69.746
06/10/2023 21:00,54.658
06/10/2023 21:00,275.697
06/10/2023 21:00,75.042
06/10/2023 21:00,69.746
06/10/2023 21:00,284.009
06/10/2023 21:00,69.746
06/10/2023 21:30,69.746
06/10/2023 21:30,69.746
06/10/2023 21:30,284.009
06/10/2023 21:30,75.042
06/10/2023 21:30,275.697
06/10/2023 21:30,54.658
06/10/2023 22:00,75.042
06/10/2023 22:00,69.746
06/10/2023 22:00,54.658
06/10/2023 22:00,69.746
06/10/2023 22:00,275.697
06/10/2023 22:00,284.009
06/10/2023 22:30,284.009
06/10/2023 22:30,69.746
06/10/2023 22:30,275.697
06/10/2023 22:30,75.042
06/10/2023 22:30,54.658
06/10/2023 22:30,69.746
06/10/2023 23:00,284.009
06/10/2023 23:00,75.042
06/10/2023 23:00,54.658
06/10/2023 23:00,69.746
06/10/2023 23:00,275.697
06/10/2023 23:00,69.746
06/10/2023 23:30,54.658
06/10/2023 23:30,69.746
06/10/2023 23:30,75.042
06/10/2023 23:30,275.697
06/10/2023 23:30,69.746
06/10/2023 23:30,284.009
06/11/2023 00:00,284.009
06/11/2023 00:00,284.009
06/11/2023 00:00,284.009
06/11/2023 00:00,284.009
06/11/2023 00:30,284.009
06/11/2023 00:30,284.009
06/11/2023 00:30,284.009
06/11/2023 00:30,284.009
06/11/2023 01:00,284.009
06/11/2023 01:00,284.009
06/11/2023 01:00,284.009
06/11/2023 01:00,284.009
06/11/2023 01:30,284.009
06/11/2023 01:30,284.009
06/11/2023 01:30,284.009
06/11/2023 01:30,284.009
06/11/2023 02:00,284.009
06/11/2023 02:00,284.009
06/11/2023 02:00,284.009
06/11/2023 02:00,284.009
06/11/2023 02:30,284.009
06/11/2023 02:30,284.009
06/11/2023 02:30,284.009
06/11/2023 02:30,284.009
06/11/2023 03:00,284.009
06/11/2023 03:00,284.009
06/11/2023 03:00,284.009
06/11/2023 03:00,284.009
06/11/2023 03:30,284.009
06/11/2023 03:30,284.009
06/11/2023 03:30,284.009
06/11/2023 03:30,284.009
06/11/2023 04:00,284.009
06/11/2023 04:00,284.009
06/11/2023 04:00,284.009
06/11/2023 04:00,284.009
06/11/2023 04:30,284.009
06/11/2023 04:30,284.009
06/11/2023 04:30,284.009
06/11/2023 04:30,284.009
06/11/2023 05:00,284.009
06/11/2023 05:00,284.009
06/11/2023 05:00,284.009
06/11/2023 05:00,284.009
06/11/2023 05:30,284.009
06/11/2023 05:30,284.009
06/11/2023 05:30,284.009
06/11/2023 05:30,284.009
06/11/2023 06:00,284.009
06/11/2023 06:00,284.009
06/11/2023 06:00,284.009
06/11/2023 06:00,284.009
06/11/2023 06:30,284.009
06/11/2023 06:30,284.009
06/11/2023 06:30,284.009
06/11/2023 06:30,284.009
06/11/2023 07:00,284.009
06/11/2023 07:00,284.009
06/11/2023 07:00,284.009
06/11/2023 07:00,284.009
06/11/2023 07:30,284.009
06/11/2023 07:30,284.009
06/11/2023 07:30,284.009
06/11/2023 07:30,284.009
06/11/2023 08:00,284.009
06/11/2023 08:00,284.009
06/11/2023 08:00,284.009
06/11/2023 08:00,284.009
06/11/2023 08:30,284.009
06/11/2023 08:30,284.009
06/11/2023 08:30,284.009
06/11/2023 08:30,284.009
06/11/2023 09:00,284.009
06/11/2023 09:00,284.009
06/11/2023 09:00,284.009
06/11/2023 09:00,284.009
06/11/2023 09:30,284.009
06/11/2023 09:30,284.009
06/11/2023 09:30,284.009
06/11/2023 09:30,284.009
06/11/2023 10:00,284.009
06/11/2023 10:00,284.009
06/11/2023 10:00,284.009
06/11/2023 10:00,284.009
06/11/2023 10:30,284.009
06/11/2023 10:30,284.009
06/11/2023 10:30,284.009
06/11/2023 10:30,284.009
06/11/2023 11:00,284.009
06/11/2023 11:00,284.009
06/11/2023 11:00,284.009
06/11/2023 11:00,284.009
06/11/2023 11:30,284.009
06/11/2023 11:30,284.009
06/11/2023 11:30,284.009
06/11/2023 11:30,284.009
06/11/2023 12:00,284.009
06/11/2023 12:00,284.009
06/11/2023 12:00,284.009
06/11/2023 12:00,284.009
06/11/2023 12:30,284.009
06/11/2023 12:30,284.009
06/11/2023 12:30,284.009
06/11/2023 12:30,284.009
06/11/2023 13:00,284.009
06/11/2023 13:00,284.009
06/11/2023 13:00,284.009
06/11/2023 13:00,284.009
06/11/2023 13:30,284.009
06/11/2023 13:30,284.009
06/11/2023 13:30,284.009
06/11/2023 13:30,284.009
06/11/2023 14:00,284.009
06/11/2023 14:00,284.009
06/11/2023 14:00,284.009
06/11/2023 14:00,284.009
06/11/2023 14:30,284.009
06/11/2023 14:30,284.009
06/11/2023 14:30,284.009
06/11/2023 14:30,284.009
06/11/2023 15:00,284.009
06/11/2023 15:00,284.009
06/11/2023 15:00,284.009
06/11/2023 15:00,284.009
06/11/2023 15:30,284.009
06/11/2023 15:30,284.009
06/11/2023 15:30,284.009
06/11/2023 15:30,284.009
06/11/2023 16:00,284.009
06/11/2023 16:00,284.009
06/11/2023 16:00,284.009
06/11/2023 16:00,284.009
06/11/2023 16:30,284.009
06/11/2023 16:30,284.009
06/11/2023 16:30,284.009
06/11/2023 16:30,284.009
06/11/2023 17:00,284.009
06/11/2023 17:00,284.009
06/11/2023 17:00,284.009
06/11/2023 17:00,284.009
06/11/2023 17:30,284.009
06/11/2023 17:30,284.009
06/11/2023 17:30,284.009
06/11/2023 17:30,284.009
06/11/2023 18:00,284.009
06/11/2023 18:00,284.009
06/11/2023 18:00,284.009
06/11/2023 18:00,284.009
06/11/2023 18:30,284.009
06/11/2023 18:30,284.009
06/11/2023 18:30,284.009
06/11/2023 18:30,284.009
06/11/2023 19:00,284.009
06/11/2023 19:00,284.009
06/11/2023 19:00,284.009
06/11/2023 19:00,284.009
06/11/2023 19:30,284.009
06/11/2023 19:30,284.009
06/11/2023 19:30,284.009
06/11/2023 19:30,284.009
06/11/2023 20:00,284.009
06/11/2023 20:00,284.009
06/11/2023 20:00,284.009
06/11/2023 20:00,284.009
06/11/2023 20:30,284.009
06/11/2023 20:30,284.009
06/11/2023 20:30,284.009
06/11/2023 20:30,284.009
06/11/2023 21:00,284.009
06/11/2023 21:00,284.009
06/11/2023 21:00,284.009
06/11/2023 21:00,284.009
06/11/2023 21:30,284.009
06/11/2023 21:30,284.009
06/11/2023 21:30,284.009
06/11/2023 21:30,284.009
06/11/2023 22:00,284.009
06/11/2023 22:00,284.009
06/11/2023 22:00,284.009
06/11/2023 22:00,284.009
06/11/2023 22:30,284.009
06/11/2023 22:30,284.009
06/11/2023 22:30,284.009
06/11/2023 22:30,284.009
06/11/2023 23:00,284.009
06/11/2023 23:00,284.009
06/11/2023 23:00,284.009
06/11/2023 23:00,284.009
06/11/2023 23:30,284.009
06/11/2023 23:30,284.009
06/11/2023 23:30,284.009
06/11/2023 23:30,284.009
06/12/2023 00:00,239.328
06/12/2023 00:30,239.328
06/12/2023 01:00,239.328
06/12/2023 01:30,239.328
06/12/2023 02:00,239.328
06/12/2023 02:30,239.328
06/12/2023 03:00,239.328
06/12/2023 03:30,239.328
06/12/2023 04:00,239.328
06/12/2023 04:30,239.328
06/12/2023 05:00,239.328
06/12/2023 05:30,239.328
06/12/2023 06:00,239.328
06/12/2023 06:30,239.328
06/12/2023 07:00,239.328
06/12/2023 07:30,239.328
06/12/2023 08:00,239.328
06/12/2023 08:30,239.328
06/12/2023 09:00,239.328
06/12/2023 09:30,239.328
06/12/2023 10:00,239.328
06/12/2023 10:30,239.328
06/12/2023 11:00,239.328
06/12/2023 11:30,239.328
06/12/2023 12:00,239.328
06/12/2023 12:30,239.328
06/12/2023 13:00,239.328
06/12/2023 13:30,239.328
06/12/2023 14:00,239.328
06/12/2023 14:30,239.328
06/12/2023 15:00,239.328
06/12/2023 15:30,239.328
06/12/2023 16:00,239.328
06/12/2023 16:30,239.328
06/12/2023 17:00,239.328
06/12/2023 17:30,239.328
06/12/2023 18:00,239.328
06/12/2023 18:30,239.328
06/12/2023 19:00,239.328
06/12/2023 19:30,239.328
06/12/2023 20:00,239.328
06/12/2023 20:30,239.328
06/12/2023 21:00,239.328
06/12/2023 21:30,239.328
06/12/2023 22:00,239.328
06/12/2023 22:30,239.328
06/12/2023 23:00,239.328
06/12/2023 23:30,239.328
06/13/2023 00:00,212.252
06/13/2023 00:30,212.252
06/13/2023 01:00,212.252
06/13/2023 01:30,212.252
06/13/2023 02:00,212.252
06/13/2023 02:30,212.252
06/13/2023 03:00,212.252
06/13/2023 03:30,212.252
06/13/2023 04:00,212.252
06/13/2023 04:30,212.252
06/13/2023 05:00,212.252
06/13/2023 05:30,212.252
06/13/2023 06:00,212.252
06/13/2023 06:30,212.252
06/13/2023 07:00,212.252
06/13/2023 07:30,212.252
06/13/2023 08:00,212.252
06/13/2023 08:30,212.252
06/13/2023 09:00,212.252
06/13/2023 09:30,212.252
06/13/2023 10:00,212.252
06/13/2023 10:30,212.252
06/13/2023 11:00,212.252
06/13/2023 11:30,212.252
06/13/2023 12:00,212.252
06/13/2023 12:30,212.252
06/13/2023 13:00,212.252
06/13/2023 13:30,212.252
06/13/2023 14:00,212.252
06/13/2023 14:30,212.252
06/13/2023 15:00,212.252
06/13/2023 15:30,212.252
06/13/2023 16:00,212.252
06/13/2023 16:30,212.252
06/13/2023 17:00,212.252
06/13/2023 17:30,212.252
06/13/2023 18:00,212.252
06/13/2023 18:30,212.252
06/13/2023 19:00,212.252
06/13/2023 19:30,212.252
06/13/2023 20:00,212.252
06/13/2023 20:30,212.252
06/13/2023 21:00,212.252
06/13/2023 21:30,212.252
06/13/2023 22:00,212.252
06/13/2023 22:30,212.252
06/13/2023 23:00,212.252
06/13/2023 23:30,212.252
06/14/2023 00:00,193.585
06/14/2023 00:30,193.585
06/14/2023 01:00,193.585
06/14/2023 01:30,193.585
06/14/2023 02:00,193.585
06/14/2023 02:30,193.585
06/14/2023 03:00,193.585
06/14/2023 03:30,193.585
06/14/2023 04:00,193.585
06/14/2023 04:30,193.585
06/14/2023 05:00,193.585
06/14/2023 05:30,193.585
06/14/2023 06:00,193.585
06/14/2023 06:30,193.585
06/14/2023 07:00,193.585
06/14/2023 07:30,193.585
06/14/2023 08:00,193.585
06/14/2023 08:30,193.585
06/14/2023 09:00,193.585
06/14/2023 09:30,193.585
06/14/2023 10:00,193.585
06/14/2023 10:30,193.585
06/14/2023 11:00,193.585
06/14/2023 11:30,193.585
06/14/2023 12:00,193.585
06/14/2023 12:30,193.585
06/14/2023 13:00,193.585
06/14/2023 13:30,193.585
06/14/2023 14:00,193.585
06/14/2023 14:30,193.585
06/14/2023 15:00,193.585
06/14/2023 15:30,193.585
06/14/2023 16:00,193.585
06/14/2023 16:30,193.585
06/14/2023 17:00,193.585
06/14/2023 17:30,193.585
06/14/2023 18:00,193.585
06/14/2023 18:30,193.585
06/14/2023 19:00,193.585
06/14/2023 19:30,193.585
06/14/2023 20:00,193.585
06/14/2023 20:30,193.585
06/14/2023 21:00,193.585
06/14/2023 21:30,193.585
06/14/2023 22:00,193.585
06/14/2023 22:30,193.585
06/14/2023 23:00,193.585
06/14/2023 23:30,193.585
06/15/2023 00:00,175.501
06/15/2023 00:30,175.501
06/15/2023 01:00,175.501
06/15/2023 01:30,175.501
06/15/2023 02:00,175.501
06/15/2023 02:30,175.501
06/15/2023 03:00,175.501
06/15/2023 03:30,175.501
06/15/2023 04:00,175.501
06/15/2023 04:30,175.501
06/15/2023 05:00,175.501
06/15/2023 05:30,175.501
06/15/2023 06:00,175.501
06/15/2023 06:30,175.501
06/15/2023 07:00,175.501
06/15/2023 07:30,175.501
06/15/2023 08:00,175.501
06/15/2023 08:30,175.501
06/15/2023 09:00,175.501
06/15/2023 09:30,175.501
06/15/2023 10:00,175.501
06/15/2023 10:30,175.501
06/15/2023 11:00,175.501
06/15/2023 11:30,175.501
06/15/2023 12:00,175.501
06/15/2023 12:30,175.501
06/15/2023 13:00,175.501
06/15/2023 13:30,175.501
06/15/2023 14:00,175.501
06/15/2023 14:30,175.501
06/15/2023 15:00,175.501
06/15/2023 15:30,175.501
06/15/2023 16:00,175.501
06/15/2023 16:30,175.501
06/15/2023 17:00,175.501
06/15/2023 17:30,175.501
06/15/2023 18:00,175.501
06/15/2023 18:30,175.501
06/15/2023 19:00,175.501
06/15/2023 19:30,175.501
06/15/2023 20:00,175.501
06/15/2023 20:30,175.501
06/15/2023 21:00,175.501
06/15/2023 21:30,175.501
06/15/2023 22:00,175.501
06/15/2023 22:30,175.501
06/15/2023 23:00,175.501
06/15/2023 23:30,175.501
06/16/2023 00:00,131.349
06/16/2023 00:30,131.349
06/16/2023 01:00,131.349
06/16/2023 01:30,131.349
06/16/2023 02:00,131.349
06/16/2023 02:30,131.349
06/16/2023 03:00,131.349
06/16/2023 03:30,131.349
06/16/2023 04:00,131.349
06/16/2023 04:30,131.349
06/16/2023 05:00,131.349
06/16/2023 05:30,131.349
06/16/2023 06:00,131.349
06/16/2023 06:30,131.349
06/16/2023 07:00,131.349
06/16/2023 07:30,131.349
06/16/2023 08:00,131.349
06/16/2023 08:30,131.349
06/16/2023 09:00,131.349
06/16/2023 09:30,131.349
06/16/2023 10:00,131.349
06/16/2023 10:30,131.349
06/16/2023 11:00,131.349
06/16/2023 11:30,131.349
06/16/2023 12:00,131.349
06/16/2023 12:30,131.349
06/16/2023 13:00,131.349
06/16/2023 13:30,131.349
06/16/2023 14:00,131.349
06/16/2023 14:30,131.349
06/16/2023 15:00,131.349
06/16/2023 15:30,131.349
06/16/2023 16:00,131.349
06/16/2023 16:30,131.349
06/16/2023 17:00,131.349
06/16/2023 17:30,131.349
06/16/2023 18:00,131.349
06/16/2023 18:30,131.349
06/16/2023 19:00,131.349
06/16/2023 19:30,131.349
06/16/2023 20:00,131.349
06/16/2023 20:30,131.349
06/16/2023 21:00,131.349
06/16/2023 21:30,131.349
06/16/2023 22:00,131.349
06/16/2023 22:30,131.349
06/16/2023 23:00,131.349
06/16/2023 23:30,131.349
06/17/2023 00:00,115.535
06/17/2023 00:30,115.535
06/17/2023 01:00,115.535
06/17/2023 01:30,115.535
06/17/2023 02:00,115.535
06/17/2023 02:30,115.535
06/17/2023 03:00,115.535
06/17/2023 03:30,115.535
06/17/2023 04:00,115.535
06/17/2023 04:30,115.535
06/17/2023 05:00,115.535
06/17/2023 05:30,115.535
06/17/2023 06:00,115.535
06/17/2023 06:30,115.535
06/17/2023 07:00,115.535
06/17/2023 07:30,115.535
06/17/2023 08:00,115.535
06/17/2023 08:30,115.535
06/17/2023 09:00,115.535
06/17/2023 09:30,115.535
06/17/2023 10:00,115.535
06/17/2023 10:30,115.535
06/17/2023 11:00,115.535
06/17/2023 11:30,115.535
06/17/2023 12:00,115.535
06/17/2023 12:30,115.535
06/17/2023 13:00,115.535
06/17/2023 13:30,115.535
06/17/2023 14:00,115.535
06/17/2023 14:30,115.535
06/17/2023 15:00,115.535
06/17/2023 15:30,115.535
06/17/2023 16:00,115.535
06/17/2023 16:30,115.535
06/17/2023 17:00,115.535
06/17/2023 17:30,115.535
06/17/2023 18:00,115.535
06/17/2023 18:30,115.535
06/17/2023 19:00,115.535
06/17/2023 19:30,115.535
06/17/2023 20:00,115.535
06/17/2023 20:30,115.535
06/17/2023 21:00,115.535
06/17/2023 21:30,115.535
06/17/2023 22:00,115.535
06/17/2023 22:30,115.535
06/17/2023 23:00,115.535
06/17/2023 23:30,115.535
06/18/2023 00:00,100.412
06/18/2023 00:30,100.412
06/18/2023 01:00,100.412
06/18/2023 01:30,100.412
06/18/2023 02:00,100.412
06/18/2023 02:30,100.412
06/18/2023 03:00,100.412
06/18/2023 03:30,100.412
06/18/2023 04:00,100.412
06/18/2023 04:30,100.412
06/18/2023 05:00,100.412
06/18/2023 05:30,100.412
06/18/2023 06:00,100.412
06/18/2023 06:30,100.412
06/18/2023 07:00,100.412
06/18/2023 07:30,100.412
06/18/2023 08:00,100.412
06/18/2023 08:30,100.412
06/18/2023 09:00,100.412
06/18/2023 09:30,100.412
06/18/2023 10:00,100.412
06/18/2023 10:30,100.412
06/18/2023 11:00,100.412
06/18/2023 11:30,100.412
06/18/2023 12:00,100.412
06/18/2023 12:30,100.412
06/18/2023 13:00,100.412
06/18/2023 13:30,100.412
06/18/2023 14:00,100.412
06/18/2023 14:30,100.412
06/18/2023 15:00,100.412
06/18/2023 15:30,100.412
06/18/2023 16:00,100.412
06/18/2023 16:30,100.412
06/18/2023 17:00,100.412
06/18/2023 17:30,100.412
06/18/2023 18:00,100.412
06/18/2023 18:30,100.412
06/18/2023 19:00,100.412
06/18/2023 19:30,100.412
06/18/2023 20:00,100.412
06/18/2023 20:30,100.412
06/18/2023 21:00,100.412
06/18/2023 21:30,100.412
06/18/2023 22:00,100.412
06/18/2023 22:30,100.412
06/18/2023 23:00,100.412
06/18/2023 23:30,100.412
06/19/2023 00:00,86.014
06/19/2023 00:30,86.014
06/19/2023 01:00,86.014
06/19/2023 01:30,86.014
06/19/2023 02:00,86.014
06/19/2023 02:30,86.014
06/19/2023 03:00,86.014
06/19/2023 03:30,86.014
06/19/2023 04:00,86.014
06/19/2023 04:30,86.014
06/19/2023 05:00,86.014
06/19/2023 05:30,86.014
06/19/2023 06:00,86.014
06/19/2023 06:30,86.014
06/19/2023 07:00,86.014
06/19/2023 07:30,86.014
06/19/2023 08:00,86.014
06/19/2023 08:30,86.014
06/19/2023 09:00,86.014
06/19/2023 09:30,86.014
06/19/2023 10:00,86.014
06/19/2023 10:30,86.014
06/19/2023 11:00,86.014
06/19/2023 11:30,86.014
06/19/2023 12:00,86.014
06/19/2023 12:30,86.014
06/19/2023 13:00,86.014
06/19/2023 13:30,86.014
06/19/2023 14:00,86.014
06/19/2023 14:30,86.014
06/19/2023 15:00,86.014
06/19/2023 15:30,86.014
06/19/2023 16:00,86.014
06/19/2023 16:30,86.014
06/19/2023 17:00,86.014
06/19/2023 17:30,86.014
06/19/2023 18:00,86.014
06/19/2023 18:30,86.014
06/19/2023 19:00,86.014
06/19/2023 19:30,86.014
06/19/2023 20:00,86.014
06/19/2023 20:30,86.014
06/19/2023 21:00,86.014
06/19/2023 21:30,86.014
06/19/2023 22:00,86.014
06/19/2023 22:30,86.014
06/19/2023 23:00,86.014
06/19/2023 23:30,86.014
06/20/2023 00:00,86.014
06/20/2023 00:30,86.014
06/20/2023 01:00,86.014
06/20/2023 01:30,86.014
06/20/2023 02:00,86.014
06/20/2023 02:30,86.014
06/20/2023 03:00,86.014
06/20/2023 03:30,86.014
06/20/2023 04:00,86.014
06/20/2023 04:30,86.014
06/20/2023 05:00,86.014
06/20/2023 05:30,86.014
06/20/2023 06:00,86.014
06/20/2023 06:30,86.014
06/20/2023 07:00,86.014
06/20/2023 07:30,86.014
06/20/2023 08:00,86.014
06/20/2023 08:30,86.014
06/20/2023 09:00,86.014
06/20/2023 09:30,86.014
06/20/2023 10:00,86.014
06/20/2023 10:30,86.014
06/20/2023 11:00,86.014
06/20/2023 11:30,86.014
06/20/2023 12:00,86.014
06/20/2023 12:30,86.014
06/20/2023 13:00,86.014
06/20/2023 13:30,86.014
06/20/2023 14:00,86.014
06/20/2023 14:30,86.014
06/20/2023 15:00,86.014
06/20/2023 15:30,86.014
06/20/2023 16:00,86.014
06/20/2023 16:30,86.014
06/20/2023 17:00,86.014
06/20/2023 17:30,86.014
06/20/2023 18:00,86.014
06/20/2023 18:30,86.014
06/20/2023 19:00,86.014
06/20/2023 19:30,86.014
06/20/2023 20:00,86.014
06/20/2023 20:30,86.014
06/20/2023 21:00,86.014
06/20/2023 21:30,86.014
06/20/2023 22:00,86.014
06/20/2023 22:30,86.014
06/20/2023 23:00,86.014
06/20/2023 23:30,86.014
06/21/2023 00:00,62.049
06/21/2023 00:30,62.049
06/21/2023 01:00,62.049
06/21/2023 01:30,62.049
06/21/2023 02:00,62.049
06/21/2023 02:30,62.049
06/21/2023 03:00,62.049
06/21/2023 03:30,62.049
06/21/2023 04:00,62.049
06/21/2023 04:30,62.049
06/21/2023 05:00,62.049
06/21/2023 05:30,62.049
06/21/2023 06:00,62.049
06/21/2023 06:30,62.049
06/21/2023 07:00,62.049
06/21/2023 07:30,62.049
06/21/2023 08:00,62.049
06/21/2023 08:30,62.049
06/21/2023 09:00,62.049
06/21/2023 09:30,62.049
06/21/2023 10:00,62.049
06/21/2023 10:30,62.049
06/21/2023 11:00,62.049
06/21/2023 11:30,62.049
06/21/2023 12:00,62.049
06/21/2023 12:30,62.049
06/21/2023 13:00,62.049
06/21/2023 13:30,62.049
06/21/2023 14:00,62.049
06/21/2023 14:30,62.049
06/21/2023 15:00,62.049
06/21/2023 15:30,62.049
06/21/2023 16:00,62.049
06/21/2023 16:30,62.049
06/21/2023 17:00,62.049
06/21/2023 17:30,62.049
06/21/2023 18:00,62.049
06/21/2023 18:30,62.049
06/21/2023 19:00,62.049
06/21/2023 19:30,62.049
06/21/2023 20:00,62.049
06/21/2023 20:30,62.049
06/21/2023 21:00,62.049
06/21/2023 21:30,62.049
06/21/2023 22:00,62.049
06/21/2023 22:30,62.049
06/21/2023 23:00,62.049
06/21/2023 23:30,62.049
06/22/2023 00:00,62.049
06/22/2023 00:30,62.049
06/22/2023 01:00,62.049
06/22/2023 01:30,62.049
06/22/2023 02:00,62.049
06/22/2023 02:30,62.049
06/22/2023 03:00,62.049
06/22/2023 03:30,62.049
06/22/2023 04:00,62.049
06/22/2023 04:30,62.049
06/22/2023 05:00,62.049
06/22/2023 05:30,62.049
06/22/2023 06:00,62.049
06/22/2023 06:30,62.049
06/22/2023 07:00,62.049
06/22/2023 07:30,62.049
06/22/2023 08:00,62.049
06/22/2023 08:30,62.049
06/22/2023 09:00,62.049
06/22/2023 09:30,62.049
06/22/2023 10:00,62.049
06/22/2023 10:30,62.049
06/22/2023 11:00,62.049
06/22/2023 11:30,62.049
06/22/2023 12:00,62.049
06/22/2023 12:30,62.049
06/22/2023 13:00,62.049
06/22/2023 13:30,62.049
06/22/2023 14:00,62.049
06/22/2023 14:30,62.049
06/22/2023 15:00,62.049
06/22/2023 15:30,62.049
06/22/2023 16:00,62.049
06/22/2023 16:30,62.049
06/22/2023 17:00,62.049
06/22/2023 17:30,62.049
06/22/2023 18:00,62.049
06/22/2023 18:30,62.049
06/22/2023 19:00,62.049
06/22/2023 19:30,62.049
06/22/2023 20:00,62.049
06/22/2023 20:30,62.049
06/22/2023 21:00,62.049
06/22/2023 21:30,62.049
06/22/2023 22:00,62.049
06/22/2023 22:30,62.049
06/22/2023 23:00,62.049
06/22/2023 23:30,62.049
06/23/2023 00:00,34.462
06/23/2023 00:30,34.462
06/23/2023 01:00,34.462
06/23/2023 01:30,34.462
06/23/2023 02:00,34.462
06/23/2023 02:30,34.462
06/23/2023 03:00,34.462
06/23/2023 03:30,34.462
06/23/2023 04:00,34.462
06/23/2023 04:30,34.462
06/23/2023 05:00,34.462
06/23/2023 05:30,34.462
06/23/2023 06:00,34.462
06/23/2023 06:30,34.462
06/23/2023 07:00,34.462
06/23/2023 07:30,34.462
06/23/2023 08:00,34.462
06/23/2023 08:30,34.462
06/23/2023 09:00,34.462
06/23/2023 09:30,34.462
06/23/2023 10:00,34.462
06/23/2023 10:30,34.462
06/23/2023 11:00,34.462
06/23/2023 11:30,34.462
06/23/2023 12:00,34.462
06/23/2023 12:30,34.462
06/23/2023 13:00,34.462
06/23/2023 13:30,34.462
06/23/2023 14:00,34.462
06/23/2023 14:30,34.462
06/23/2023 15:00,34.462
06/23/2023 15:30,34.462
06/23/2023 16:00,34.462
06/23/2023 16:30,34.462
06/23/2023 17:00,34.462
06/23/2023 17:30,34.462
06/23/2023 18:00,34.462
06/23/2023 18:30,34.462
06/23/2023 19:00,34.462
06/23/2023 19:30,34.462
06/23/2023 20:00,34.462
06/23/2023 20:30,34.462
06/23/2023 21:00,34.462
06/23/2023 21:30,34.462
06/23/2023 22:00,34.462
06/23/2023 22:30,34.462
06/23/2023 23:00,34.462
06/23/2023 23:30,34.462
06/24/2023 00:00,30.411
06/24/2023 00:30,30.411
06/24/2023 01:00,30.411
06/24/2023 01:30,30.411
06/24/2023 02:00,30.411
06/24/2023 02:30,30.411
06/24/2023 03:00,30.411
06/24/2023 03:30,30.411
06/24/2023 04:00,30.411
06/24/2023 04:30,30.411
06/24/2023 05:00,30.411
06/24/2023 05:30,30.411
06/24/2023 06:00,30.411
06/24/2023 06:30,30.411
06/24/2023 07:00,30.411
06/24/2023 07:30,30.411
06/24/2023 08:00,30.411
06/24/2023 08:30,30.411
06/24/2023 09:00,30.411
06/24/2023 09:30,30.411
06/24/2023 10:00,30.411
06/24/2023 10:30,30.411
06/24/2023 11:00,30.411
06/24/2023 11:30,30.411
06/24/2023 12:00,30.411
06/24/2023 12:30,30.411
06/24/2023 13:00,30.411
06/24/2023 13:30,30.411
06/24/2023 14:00,30.411
06/24/2023 14:30,30.411
06/24/2023 15:00,30.411
06/24/2023 15:30,30.411
06/24/2023 16:00,30.411
06/24/2023 16:30,30.411
06/24/2023 17:00,30.411
06/24/2023 17:30,30.411
06/24/2023 18:00,30.411
06/24/2023 18:30,30.411
06/24/2023 19:00,30.411
06/24/2023 19:30,30.411
06/24/2023 20:00,30.411
06/24/2023 20:30,30.411
06/24/2023 21:00,30.411
06/24/2023 21:30,30.411
06/24/2023 22:00,30.411
06/24/2023 22:30,30.411
06/24/2023 23:00,30.411
06/24/2023 23:30,30.411
06/25/2023 00:00,30.411
06/25/2023 00:30,30.411
06/25/2023 01:00,30.411
06/25/2023 01:30,30.411
06/25/2023 02:00,30.411
06/25/2023 02:30,30.411
06/25/2023 03:00,30.411
06/25/2023 03:30,30.411
06/25/2023 04:00,30.411
06/25/2023 04:30,30.411
06/25/2023 05:00,30.411
06/25/2023 05:30,30.411
06/25/2023 06:00,30.411
06/25/2023 06:30,30.411
06/25/2023 07:00,30.411
06/25/2023 07:30,30.411
06/25/2023 08:00,30.411
06/25/2023 08:30,30.411
06/25/2023 09:00,30.411
06/25/2023 09:30,30.411
06/25/2023 10:00,30.411
06/25/2023 10:30,30.411
06/25/2023 11:00,30.411
06/25/2023 11:30,30.411
06/25/2023 12:00,30.411
06/25/2023 12:30,30.411
06/25/2023 13:00,30.411
06/25/2023 13:30,30.411
06/25/2023 14:00,30.411
06/25/2023 14:30,30.411
06/25/2023 15:00,30.411
06/25/2023 15:30,30.411
06/25/2023 16:00,30.411
06/25/2023 16:30,30.411
06/25/2023 17:00,30.411
06/25/2023 17:30,30.411
06/25/2023 18:00,30.411
06/25/2023 18:30,30.411
06/25/2023 19:00,30.411
06/25/2023 19:30,30.411
06/25/2023 20:00,30.411
06/25/2023 20:30,30.411
06/25/2023 21:00,30.411
06/25/2023 21:30,30.411
06/25/2023 22:00,30.411
06/25/2023 22:30,30.411
06/25/2023 23:00,30.411
06/25/2023 23:30,30.411
06/26/2023 00:00,24.659
06/26/2023 00:30,24.659
06/26/2023 01:00,24.659
06/26/2023 01:30,24.659
06/26/2023 02:00,24.659
06/26/2023 02:30,24.659
06/26/2023 03:00,24.659
06/26/2023 03:30,24.659
06/26/2023 04:00,24.659
06/26/2023 04:30,24.659
06/26/2023 05:00,24.659
06/26/2023 05:30,24.659
06/26/2023 06:00,24.659
06/26/2023 06:30,24.659
06/26/2023 07:00,24.659
06/26/2023 07:30,24.659
06/26/2023 08:00,24.659
06/26/2023 08:30,24.659
06/26/2023 09:00,24.659
06/26/2023 09:30,24.659
06/26/2023 10:00,24.659
06/26/2023 10:30,24.659
06/26/2023 11:00,24.659
06/26/2023 11:30,24.659
06/26/2023 12:00,24.659
06/26/2023 12:30,24.659
06/26/2023 13:00,24.659
06/26/2023 13:30,24.659
06/26/2023 14:00,24.659
06/26/2023 14:30,24.659
06/26/2023 15:00,24.659
06/26/2023 15:30,24.659
06/26/2023 16:00,24.659
06/26/2023 16:30,24.659
06/26/2023 17:00,24.659
06/26/2023 17:30,24.659
06/26/2023 18:00,24.659
06/26/2023 18:30,24.659
06/26/2023 19:00,24.659
06/26/2023 19:30,24.659
06/26/2023 20:00,24.659
06/26/2023 20:30,24.659
06/26/2023 21:00,24.659
06/26/2023 21:30,24.659
06/26/2023 22:00,24.659
06/26/2023 22:30,24.659
06/26/2023 23:00,24.659
06/26/2023 23:30,24.659
06/27/2023 00:00,24.659
06/27/2023 00:30,24.659
06/27/2023 01:00,24.659
06/27/2023 01:30,24.659
06/27/2023 02:00,24.659
06/27/2023 02:30,24.659
06/27/2023 03:00,24.659
06/27/2023 03:30,24.659
06/27/2023 04:00,24.659
06/27/2023 04:30,24.659
06/27/2023 05:00,24.659
06/27/2023 05:30,24.659
06/27/2023 06:00,24.659
06/27/2023 06:30,24.659
06/27/2023 07:00,24.659
06/27/2023 07:30,24.659
06/27/2023 08:00,24.659
06/27/2023 08:30,24.659
06/27/2023 09:00,24.659
06/27/2023 09:30,24.659
06/27/2023 10:00,24.659
06/27/2023 10:30,24.659
06/27/2023 11:00,24.659
06/27/2023 11:30,24.659
06/27/2023 12:00,24.659
06/27/2023 12:30,24.659
06/27/2023 13:00,24.659
06/27/2023 13:30,24.659
06/27/2023 14:00,24.659
06/27/2023 14:30,24.659
06/27/2023 15:00,24.659
06/27/2023 15:30,24.659
06/27/2023 16:00,24.659
06/27/2023 16:30,24.659
06/27/2023 17:00,24.659
06/27/2023 17:30,24.659
06/27/2023 18:00,24.659
06/27/2023 18:30,24.659
06/27/2023 19:00,24.659
06/27/2023 19:30,24.659
06/27/2023 20:00,24.659
06/27/2023 20:30,24.659
06/27/2023 21:00,24.659
06/27/2023 21:30,24.659
06/27/2023 22:00,24.659
06/27/2023 22:30,24.659
06/27/2023 23:00,24.659
06/27/2023 23:30,24.659
06/28/2023 00:00,24.659
06/28/2023 00:30,24.659
06/28/2023 01:00,24.659
06/28/2023 01:30,24.659
06/28/2023 02:00,24.659
06/28/2023 02:30,24.659
06/28/2023 03:00,24.659
06/28/2023 03:30,24.659
06/28/2023 04:00,24.659
06/28/2023 04:30,24.659
06/28/2023 05:00,24.659
06/28/2023 05:30,24.659
06/28/2023 06:00,24.659
06/28/2023 06:30,24.659
06/28/2023 07:00,24.659
06/28/2023 07:30,24.659
06/28/2023 08:00,24.659
06/28/2023 08:30,24.659
06/28/2023 09:00,24.659
06/28/2023 09:30,24.659
06/28/2023 10:00,24.659
06/28/2023 10:30,24.659
06/28/2023 11:00,24.659
06/28/2023 11:30,24.659
06/28/2023 12:00,24.659
06/28/2023 12:30,24.659
06/28/2023 13:00,24.659
06/28/2023 13:30,24.659
06/28/2023 14:00,24.659
06/28/2023 14:30,24.659
06/28/2023 15:00,24.659
06/28/2023 15:30,24.659
06/28/2023 16:00,24.659
06/28/2023 16:30,24.659
06/28/2023 17:00,24.659
06/28/2023 17:30,24.659
06/28/2023 18:00,24.659
06/28/2023 18:30,24.659
06/28/2023 19:00,24.659
06/28/2023 19:30,24.659
06/28/2023 20:00,24.659
06/28/2023 20:30,24.659
06/28/2023 21:00,24.659
06/28/2023 21:30,24.659
06/28/2023 22:00,24.659
06/28/2023 22:30,24.659
06/28/2023 23:00,24.659
06/28/2023 23:30,24.659
06/29/2023 00:00,19.324
06/29/2023 00:30,19.324
06/29/2023 01:00,19.324
06/29/2023 01:30,19.324
06/29/2023 02:00,19.324
06/29/2023 02:30,19.324
06/29/2023 03:00,19.324
06/29/2023 03:30,19.324
06/29/2023 04:00,19.324
06/29/2023 04:30,19.324
06/29/2023 05:00,19.324
06/29/2023 05:30,19.324
06/29/2023 06:00,19.324
06/29/2023 06:30,19.324
06/29/2023 07:00,19.324
06/29/2023 07:30,19.324
06/29/2023 08:00,19.324
06/29/2023 08:30,19.324
06/29/2023 09:00,19.324
06/29/2023 09:30,19.324
06/29/2023 10:00,19.324
06/29/2023 10:30,19.324
06/29/2023 11:00,19.324
06/29/2023 11:30,19.324
06/29/2023 12:00,19.324
06/29/2023 12:30,19.324
06/29/2023 13:00,19.324
06/29/2023 13:30,19.324
06/29/2023 14:00,19.324
06/29/2023 14:30,19.324
06/29/2023 15:00,19.324
06/29/2023 15:30,19.324
06/29/2023 16:00,19.324
06/29/2023 16:30,19.324
06/29/2023 17:00,19.324
06/29/2023 17:30,19.324
06/29/2023 18:00,19.324
06/29/2023 18:30,19.324
06/29/2023 19:00,19.324
06/29/2023 19:30,19.324
06/29/2023 20:00,19.324
06/29/2023 20:30,19.324
06/29/2023 21:00,19.324
06/29/2023 21:30,19.324
06/29/2023 22:00,19.324
06/29/2023 22:30,19.324
06/29/2023 23:00,19.324
06/29/2023 23:30,19.324
06/30/2023 00:00,16.017
06/30/2023 00:30,16.017
06/30/2023 01:00,16.017
06/30/2023 01:30,16.017
06/30/2023 02:00,16.017
06/30/2023 02:30,16.017
06/30/2023 03:00,16.017
06/30/2023 03:30,16.017
06/30/2023 04:00,16.017
06/30/2023 04:30,16.017
06/30/2023 05:00,16.017
06/30/2023 05:30,16.017
06/30/2023 06:00,16.017
06/30/2023 06:30,16.017
06/30/2023 07:00,16.017
06/30/2023 07:30,16.017
06/30/2023 08:00,16.017
06/30/2023 08:30,16.017
06/30/2023 09:00,16.017
06/30/2023 09:30,16.017
06/30/2023 10:00,16.017
06/30/2023 10:30,16.017
06/30/2023 11:00,16.017
06/30/2023 11:30,16.017
06/30/2023 12:00,16.017
06/30/2023 12:30,16.017
06/30/2023 13:00,16.017
06/30/2023 13:30,16.017
06/30/2023 14:00,16.017
06/30/2023 14:30,16.017
06/30/2023 15:00,16.017
06/30/2023 15:30,16.017
06/30/2023 16:00,16.017
06/30/2023 16:30,16.017
06/30/2023 17:00,16.017
06/30/2023 17:30,16.017
06/30/2023 18:00,16.017
06/30/2023 18:30,16.017
06/30/2023 19:00,16.017
06/30/2023 19:30,16.017
06/30/2023 20:00,16.017
06/30/2023 20:30,16.017
06/30/2023 21:00,16.017
06/30/2023 21:30,16.017
06/30/2023 22:00,16.017
06/30/2023 22:30,16.017
06/30/2023 23:00,16.017
06/30/2023 23:30,16.017
07/01/2023 00:00,16.017
07/01/2023 00:30,16.017
07/01/2023 01:00,16.017
07/01/2023 01:30,16.017
07/01/2023 02:00,16.017
07/01/2023 02:30,16.017
07/01/2023 03:00,16.017
07/01/2023 03:30,16.017
07/01/2023 04:00,16.017
07/01/2023 04:30,16.017
07/01/2023 05:00,16.017
07/01/2023 05:30,16.017
07/01/2023 06:00,16.017
07/01/2023 06:30,16.017
07/01/2023 07:00,16.017
07/01/2023 07:30,16.017
07/01/2023 08:00,16.017
07/01/2023 08:30,16.017
07/01/2023 09:00,16.017
07/01/2023 09:30,16.017
07/01/2023 10:00,16.017
07/01/2023 10:30,16.017
07/01/2023 11:00,16.017
07/01/2023 11:30,16.017
07/01/2023 12:00,16.017
07/01/2023 12:30,16.017
07/01/2023 13:00,16.017
07/01/2023 13:30,16.017
07/01/2023 14:00,16.017
07/01/2023 14:30,16.017
07/01/2023 15:00,16.017
07/01/2023 15:30,16.017
07/01/2023 16:00,16.017
07/01/2023 16:30,16.017
07/01/2023 17:00,16.017
07/01/2023 17:30,16.017
07/01/2023 18:00,16.017
07/01/2023 18:30,16.017
07/01/2023 19:00,16.017
07/01/2023 19:30,16.017
07/01/2023 20:00,16.017
07/01/2023 20:30,16.017
07/01/2023 21:00,16.017
07/01/2023 21:30,16.017
07/01/2023 22:00,16.017
07/01/2023 22:30,16.017
07/01/2023 23:00,16.017
07/01/2023 23:30,16.017
07/02/2023 00:00,12.923
07/02/2023 00:30,12.923
07/02/2023 01:00,12.923
07/02/2023 01:30,12.923
07/02/2023 02:00,12.923
07/02/2023 02:30,12.923
07/02/2023 03:00,12.923
07/02/2023 03:30,12.923
07/02/2023 04:00,12.923
07/02/2023 04:30,12.923
07/02/2023 05:00,12.923
07/02/2023 05:30,12.923
07/02/2023 06:00,12.923
07/02/2023 06:30,12.923
07/02/2023 07:00,12.923
07/02/2023 07:30,12.923
07/02/2023 08:00,12.923
07/02/2023 08:30,12.923
07/02/2023 09:00,12.923
07/02/2023 09:30,12.923
07/02/2023 10:00,12.923
07/02/2023 10:30,12.923
07/02/2023 11:00,12.923
07/02/2023 11:30,12.923
07/02/2023 12:00,12.923
07/02/2023 12:30,12.923
07/02/2023 13:00,12.923
07/02/2023 13:30,12.923
07/02/2023 14:00,12.923
07/02/2023 14:30,12.923
07/02/2023 15:00,12.923
07/02/2023 15:30,12.923
07/02/2023 16:00,12.923
07/02/2023 16:30,12.923
07/02/2023 17:00,12.923
07/02/2023 17:30,12.923
07/02/2023 18:00,12.923
07/02/2023 18:30,12.923
07/02/2023 19:00,12.923
07/02/2023 19:30,12.923
07/02/2023 20:00,12.923
07/02/2023 20:30,12.923
07/02/2023 21:00,12.923
07/02/2023 21:30,12.923
07/02/2023 22:00,12.923
07/02/2023 22:30,12.923
07/02/2023 23:00,12.923
07/02/2023 23:30,12.923
07/03/2023 00:00,12.923
07/03/2023 00:30,12.923
07/03/2023 01:00,12.923
07/03/2023 01:30,12.923
07/03/2023 02:00,12.923
07/03/2023 02:30,12.923
07/03/2023 03:00,12.923
07/03/2023 03:30,12.923
07/03/2023 04:00,12.923
07/03/2023 04:30,12.923
07/03/2023 05:00,12.923
07/03/2023 05:30,12.923
07/03/2023 06:00,12.923
07/03/2023 06:30,12.923
07/03/2023 07:00,12.923
07/03/2023 07:30,12.923
07/03/2023 08:00,12.923
07/03/2023 08:30,12.923
07/03/2023 09:00,12.923
07/03/2023 09:30,12.923
07/03/2023 10:00,12.923
07/03/2023 10:30,12.923
07/03/2023 11:00,12.923
07/03/2023 11:30,12.923
07/03/2023 12:00,12.923
07/03/2023 12:30,12.923
07/03/2023 13:00,12.923
07/03/2023 13:30,12.923
07/03/2023 14:00,12.923
07/03/2023 14:30,12.923
07/03/2023 15:00,12.923
07/03/2023 15:30,12.923
07/03/2023 16:00,12.923
07/03/2023 16:30,12.923
07/03/2023 17:00,12.923
07/03/2023 17:30,12.923
07/03/2023 18:00,12.923
07/03/2023 18:30,12.923
07/03/2023 19:00,12.923
07/03/2023 19:30,12.923
07/03/2023 20:00,12.923
07/03/2023 20:30,12.923
07/03/2023 21:00,12.923
07/03/2023 21:30,12.923
07/03/2023 22:00,12.923
07/03/2023 22:30,12.923
07/03/2023 23:00,12.923
07/03/2023 23:30,12.923
07/04/2023 00:00,10.058
07/04/2023 00:30,10.058
07/04/2023 01:00,10.058
07/04/2023 01:30,10.058
07/04/2023 02:00,10.058
07/04/2023 02:30,10.058
07/04/2023 03:00,10.058
07/04/2023 03:30,10.058
07/04/2023 04:00,10.058
07/04/2023 04:30,10.058
07/04/2023 05:00,10.058
07/04/2023 05:30,10.058
07/04/2023 06:00,10.058
07/04/2023 06:30,10.058
07/04/2023 07:00,10.058
07/04/2023 07:30,10.058
07/04/2023 08:00,10.058
07/04/2023 08:30,10.058
07/04/2023 09:00,10.058
07/04/2023 09:30,10.058
07/04/2023 10:00,10.058
07/04/2023 10:30,10.058
07/04/2023 11:00,10.058
07/04/2023 11:30,10.058
07/04/2023 12:00,10.058
07/04/2023 12:30,10.058
07/04/2023 13:00,10.058
07/04/2023 13:30,10.058
07/04/2023 14:00,10.058
07/04/2023 14:30,10.058
07/04/2023 15:00,10.058
07/04/2023 15:30,10.058
07/04/2023 16:00,10.058
07/04/2023 16:30,10.058
07/04/2023 17:00,10.058
07/04/2023 17:30,10.058
07/04/2023 18:00,10.058
07/04/2023 18:30,10.058
07/04/2023 19:00,10.058
07/04/2023 19:30,10.058
07/04/2023 20:00,10.058
07/04/2023 20:30,10.058
07/04/2023 21:00,10.058
07/04/2023 21:30,10.058
07/04/2023 22:00,10.058
07/04/2023 22:30,10.058
07/04/2023 23:00,10.058
07/04/2023 23:30,10.058
07/05/2023 00:00,7.444
07/05/2023 00:30,7.444
07/05/2023 01:00,7.444
07/05/2023 01:30,7.444
07/05/2023 02:00,7.444
07/05/2023 02:30,7.444
07/05/2023 03:00,7.444
07/05/2023 03:30,7.444
07/05/2023 04:00,7.444
07/05/2023 04:30,7.444
07/05/2023 05:00,7.444
07/05/2023 05:30,7.444
07/05/2023 06:00,7.444
07/05/2023 06:30,7.444
07/05/2023 07:00,7.444
07/05/2023 07:30,7.444
07/05/2023 08:00,7.444
07/05/2023 08:30,7.444
07/05/2023 09:00,7.444
07/05/2023 09:30,7.444
07/05/2023 10:00,7.444
07/05/2023 10:30,7.444
07/05/2023 11:00,7.444
07/05/2023 11:30,7.444
07/05/2023 12:00,7.444
07/05/2023 12:30,7.444
07/05/2023 13:00,7.444
07/05/2023 13:30,7.444
07/05/2023 14:00,7.444
07/05/2023 14:30,7.444
07/05/2023 15:00,7.444
07/05/2023 15:30,7.444
07/05/2023 16:00,7.444
07/05/2023 16:30,7.444
07/05/2023 17:00,7.444
07/05/2023 17:30,7.444
07/05/2023 18:00,7.444
07/05/2023 18:30,7.444
07/05/2023 19:00,7.444
07/05/2023 19:30,7.444
07/05/2023 20:00,7.444
07/05/2023 20:30,7.444
07/05/2023 21:00,7.444
07/05/2023 21:30,7.444
07/05/2023 22:00,7.444
07/05/2023 22:30,7.444
07/05/2023 23:00,7.444
07/05/2023 23:30,7.444
07/06/2023 00:00,3.082
07/06/2023 00:30,3.082
07/06/2023 01:00,3.082
07/06/2023 01:30,3.082
07/06/2023 02:00,3.082
07/06/2023 02:30,3.082
07/06/2023 03:00,3.082
07/06/2023 03:30,3.082
07/06/2023 04:00,3.082
07/06/2023 04:30,3.082
07/06/2023 05:00,3.082
07/06/2023 05:30,3.082
07/06/2023 06:00,3.082
07/06/2023 06:30,3.082
07/06/2023 07:00,3.082
07/06/2023 07:30,3.082
07/06/2023 08:00,3.082
07/06/2023 08:30,3.082
07/06/2023 09:00,3.082
07/06/2023 09:30,3.082
07/06/2023 10:00,3.082
07/06/2023 10:30,3.082
07/06/2023 11:00,3.082
07/06/2023 11:30,3.082
07/06/2023 12:00,3.082
07/06/2023 12:30,3.082
07/06/2023 13:00,3.082
07/06/2023 13:30,3.082
07/06/2023 14:00,3.082
07/06/2023 14:30,3.082
07/06/2023 15:00,3.082
07/06/2023 15:30,3.082
07/06/2023 16:00,3.082
07/06/2023 16:30,3.082
07/06/2023 17:00,3.082
07/06/2023 17:30,3.082
07/06/2023 18:00,3.082
07/06/2023 18:30,3.082
07/06/2023 19:00,3.082
07/06/2023 19:30,3.082
07/06/2023 20:00,3.082
07/06/2023 20:30,3.082
07/06/2023 21:00,3.082
07/06/2023 21:30,3.082
07/06/2023 22:00,3.082
07/06/2023 22:30,3.082
07/06/2023 23:00,3.082
07/06/2023 23:30,3.082
07/07/2023 00:00,3.082
07/07/2023 00:30,3.082
07/07/2023 01:00,3.082
07/07/2023 01:30,3.082
07/07/2023 02:00,3.082
07/07/2023 02:30,3.082
07/07/2023 03:00,3.082
07/07/2023 03:30,3.082
07/07/2023 04:00,3.082
07/07/2023 04:30,3.082
07/07/2023 05:00,3.082
07/07/2023 05:30,3.082
07/07/2023 06:00,3.082
07/07/2023 06:30,3.082
07/07/2023 07:00,3.082
07/07/2023 07:30,3.082
07/07/2023 08:00,3.082
07/07/2023 08:30,3.082
07/07/2023 09:00,3.082
07/07/2023 09:30,3.082
07/07/2023 10:00,3.082
07/07/2023 10:30,3.082
07/07/2023 11:00,3.082
07/07/2023 11:30,3.082
07/07/2023 12:00,3.082
07/07/2023 12:30,3.082
07/07/2023 13:00,3.082
07/07/2023 13:30,3.082
07/07/2023 14:00,3.082
07/07/2023 14:30,3.082
07/07/2023 15:00,3.082
07/07/2023 15:30,3.082
07/07/2023 16:00,3.082
07/07/2023 16:30,3.082
07/07/2023 17:00,3.082
07/07/2023 17:30,3.082
07/07/2023 18:00,3.082
07/07/2023 18:30,3.082
07/07/2023 19:00,3.082
07/07/2023 19:30,3.082
07/07/2023 20:00,3.082
07/07/2023 20:30,3.082
07/07/2023 21:00,3.082
07/07/2023 21:30,3.082
07/07/2023 22:00,3.082
07/07/2023 22:30,3.082
07/07/2023 23:00,3.082
07/07/2023 23:30,3.082
07/08/2023 00:00,1.433
07/08/2023 00:30,1.433
07/08/2023 01:00,1.433
07/08/2023 01:30,1.433
07/08/2023 02:00,1.433
07/08/2023 02:30,1.433
07/08/2023 03:00,1.433
07/08/2023 03:30,1.433
07/08/2023 04:00,1.433
07/08/2023 04:30,1.433
07/08/2023 05:00,1.433
07/08/2023 05:30,1.433
07/08/2023 06:00,1.433
07/08/2023 06:30,1.433
07/08/2023 07:00,1.433
07/08/2023 07:30,1.433
07/08/2023 08:00,1.433
07/08/2023 08:30,1.433
07/08/2023 09:00,1.433
07/08/2023 09:30,1.433
07/08/2023 10:00,1.433
07/08/2023 10:30,1.433
07/08/2023 11:00,1.433
07/08/2023 11:30,1.433
07/08/2023 12:00,1.433
07/08/2023 12:30,1.433
07/08/2023 13:00,1.433
07/08/2023 13:30,1.433
07/08/2023 14:00,1.433
07/08/2023 14:30,1.433
07/08/2023 15:00,1.433
07/08/2023 15:30,1.433
07/08/2023 16:00,1.433
07/08/2023 16:30,1.433
07/08/2023 17:00,1.433
07/08/2023 17:30,1.433
07/08/2023 18:00,1.433
07/08/2023 18:30,1.433
07/08/2023 19:00,1.433
07/08/2023 19:30,1.433
07/08/2023 20:00,1.433
07/08/2023 20:30,1.433
07/08/2023 21:00,1.433
07/08/2023 21:30,1.433
07/08/2023 22:00,1.433
07/08/2023 22:30,1.433
07/08/2023 23:00,1.433
07/08/2023 23:30,1.433
07/09/2023 00:00,1.433
07/09/2023 00:30,1.433
07/09/2023 01:00,1.433
07/09/2023 01:30,1.433
07/09/2023 02:00,1.433
07/09/2023 02:30,1.433
07/09/2023 03:00,1.433
07/09/2023 03:30,1.433
07/09/2023 04:00,1.433
07/09/2023 04:30,1.433
07/09/2023 05:00,1.433
07/09/2023 05:30,1.433
07/09/2023 06:00,1.433
07/09/2023 06:30,1.433
07/09/2023 07:00,1.433
07/09/2023 07:30,1.433
07/09/2023 08:00,1.433
07/09/2023 08:30,1.433
07/09/2023 09:00,1.433
07/09/2023 09:30,1.433
07/09/2023 10:00,1.433
07/09/2023 10:30,1.433
07/09/2023 11:00,1.433
07/09/2023 11:30,1.433
07/09/2023 12:00,1.433
07/09/2023 12:30,1.433
07/09/2023 13:00,1.433
07/09/2023 13:30,1.433
07/09/2023 14:00,1.433
07/09/2023 14:30,1.433
07/09/2023 15:00,1.433
07/09/2023 15:30,1.433
07/09/2023 16:00,1.433
07/09/2023 16:30,1.433
07/09/2023 17:00,1.433
07/09/2023 17:30,1.433
07/09/2023 18:00,1.433
07/09/2023 18:30,1.433
07/09/2023 19:00,1.433
07/09/2023 19:30,1.433
07/09/2023 20:00,1.433
07/09/2023 20:30,1.433
07/09/2023 21:00,1.433
07/09/2023 21:30,1.433
07/09/2023 22:00,1.433
07/09/2023 22:30,1.433
07/09/2023 23:00,1.433
07/09/2023 23:30,1.433
07/10/2023 00:00,1.433
07/10/2023 00:30,1.433
07/10/2023 01:00,1.433
07/10/2023 01:30,1.433
07/10/2023 02:00,1.433
07/10/2023 02:30,1.433
07/10/2023 03:00,1.433
07/10/2023 03:30,1.433
07/10/2023 04:00,1.433
07/10/2023 04:30,1.433
07/10/2023 05:00,1.433
07/10/2023 05:30,1.433
07/10/2023 06:00,1.433
07/10/2023 06:30,1.433
07/10/2023 07:00,1.433
07/10/2023 07:30,1.433
07/10/2023 08:00,1.433
07/10/2023 08:30,1.433
07/10/2023 09:00,1.433
07/10/2023 09:30,1.433
07/10/2023 10:00,1.433
07/10/2023 10:30,1.433
07/10/2023 11:00,1.433
07/10/2023 11:30,1.433
07/10/2023 12:00,1.433
07/10/2023 12:30,1.433
07/10/2023 13:00,1.433
07/10/2023 13:30,1.433
07/10/2023 14:00,1.433
07/10/2023 14:30,1.433
07/10/2023 15:00,1.433
07/10/2023 15:30,1.433
07/10/2023 16:00,1.433
07/10/2023 16:30,1.433
07/10/2023 17:00,1.433
07/10/2023 17:30,1.433
07/10/2023 18:00,1.433
07/10/2023 18:30,1.433
07/10/2023 19:00,1.433
07/10/2023 19:30,1.433
07/10/2023 20:00,1.433
07/10/2023 20:30,1.433
07/10/2023 21:00,1.433
07/10/2023 21:30,1.433
07/10/2023 22:00,1.433
07/10/2023 22:30,1.433
07/10/2023 23:00,1.433
07/10/2023 23:30,1.433
07/11/2023 00:00,0.0
07/11/2023 00:30,0.0
07/11/2023 01:00,0.0
07/11/2023 01:30,0.0
07/11/2023 02:00,0.0
07/11/2023 02:30,0.0
07/11/2023 03:00,0.0
07/11/2023 03:30,0.0
07/11/2023 04:00,0.0
07/11/2023 04:30,0.0
07/11/2023 05:00,0.0
07/11/2023 05:30,0.0
07/11/2023 06:00,0.0
07/11/2023 06:30,0.0
07/11/2023 07:00,0.0
07/11/2023 07:30,0.0
07/11/2023 08:00,0.0
07/11/2023 08:30,0.0
07/11/2023 09:00,0.0
07/11/2023 09:30,0.0
07/11/2023 10:00,0.0
07/11/2023 10:30,0.0
07/11/2023 11:00,0.0
07/11/2023 11:30,0.0
07/11/2023 12:00,0.0
07/11/2023 12:30,0.0
07/11/2023 13:00,0.0
07/11/2023 13:30,0.0
07/11/2023 14:00,0.0
07/11/2023 14:30,0.0
07/11/2023 15:00,0.0
07/11/2023 15:30,0.0
07/11/2023 16:00,0.0
07/11/2023 16:30,0.0
07/11/2023 17:00,0.0
07/11/2023 17:30,0.0
07/11/2023 18:00,0.0
07/11/2023 18:30,0.0
07/11/2023 19:00,0.0
07/11/2023 19:30,0.0
07/11/2023 20:00,0.0
07/11/2023 20:30,0.0
07/11/2023 21:00,0.0
07/11/2023 21:30,0.0
07/11/2023 22:00,0.0
07/11/2023 22:30,0.0
07/11/2023 23:00,0.0
07/11/2023 23:30,0.0
07/12/2023 00:00,0.0
07/12/2023 00:30,0.0
07/12/2023 01:00,0.0
07/12/2023 01:30,0.0
07/12/2023 02:00,0.0
07/12/2023 02:30,0.0
07/12/2023 03:00,0.0
07/12/2023 03:30,0.0
07/12/2023 04:00,0.0
07/12/2023 04:30,0.0
07/12/2023 05:00,0.0
07/12/2023 05:30,0.0
07/12/2023 06:00,0.0
07/12/2023 06:30,0.0
07/12/2023 07:00,0.0
07/12/2023 07:30,0.0
07/12/2023 08:00,0.0
07/12/2023 08:30,0.0
07/12/2023 09:00,0.0
07/12/2023 09:30,0.0
07/12/2023 10:00,0.0
07/12/2023 10:30,0.0
07/12/2023 11:00,0.0
07/12/2023 11:30,0.0
07/12/2023 12:00,0.0
07/12/2023 12:30,0.0
07/12/2023 13:00,0.0
07/12/2023 13:30,0.0
07/12/2023 14:00,0.0
07/12/2023 14:30,0.0
07/12/2023 15:00,0.0
07/12/2023 15:30,0.0
07/12/2023 16:00,0.0
07/12/2023 16:30,0.0
07/12/2023 17:00,0.0
07/12/2023 17:30,0.0
07/12/2023 18:00,0.0
07/12/2023 18:30,0.0
07/12/2023 19:00,0.0
07/12/2023 19:30,0.0
07/12/2023 20:00,0.0
07/12/2023 20:30,0.0
07/12/2023 21:00,0.0
07/12/2023 21:30,0.0
07/12/2023 22:00,0.0
07/12/2023 22:30,0.0
07/12/2023 23:00,0.0
07/12/2023 23:30,0.0
07/13/2023 00:00,0.0
07/13/2023 00:30,0.0
07/13/2023 01:00,0.0
07/13/2023 01:30,0.0
07/13/2023 02:00,0.0
07/13/2023 02:30,0.0
07/13/2023 03:00,0.0
07/13/2023 03:30,0.0
07/13/2023 04:00,0.0
07/13/2023 04:30,0.0
07/13/2023 05:00,0.0
07/13/2023 05:30,0.0
07/13/2023 06:00,0.0
07/13/2023 06:30,0.0
07/13/2023 07:00,0.0
07/13/2023 07:30,0.0
07/13/2023 08:00,0.0
07/13/2023 08:30,0.0
07/13/2023 09:00,0.0
07/13/2023 09:30,0.0
07/13/2023 10:00,0.0
07/13/2023 10:30,0.0
07/13/2023 11:00,0.0
07/13/2023 11:30,0.0
07/13/2023 12:00,0.0
07/13/2023 12:30,0.0
07/13/2023 13:00,0.0
07/13/2023 13:30,0.0
07/13/2023 14:00,0.0
07/13/2023 14:30,0.0
07/13/2023 15:00,0.0
07/13/2023 15:30,0.0
07/13/2023 16:00,0.0
07/13/2023 16:30,0.0
07/13/2023 17:00,0.0
07/13/2023 17:30,0.0
07/13/2023 18:00,0.0
07/13/2023 18:30,0.0
07/13/2023 19:00,0.0
07/13/2023 19:30,0.0
07/13/2023 20:00,0.0
07/13/2023 20:30,0.0
07/13/2023 21:00,0.0
07/13/2023 21:30,0.0
07/13/2023 22:00,0.0
07/13/2023 22:30,0.0
07/13/2023 23:00,0.0
07/13/2023 23:30,0.0
07/14/2023 00:00,0.0
07/14/2023 00:30,0.0
07/14/2023 01:00,0.0
07/14/2023 01:30,0.0
07/14/2023 02:00,0.0
07/14/2023 02:30,0.0
07/14/2023 03:00,0.0
07/14/2023 03:30,0.0
07/14/2023 04:00,0.0
07/14/2023 04:30,0.0
07/14/2023 05:00,0.0
07/14/2023 05:30,0.0
07/14/2023 06:00,0.0
07/14/2023 06:30,0.0
07/14/2023 07:00,0.0
07/14/2023 07:30,0.0
07/14/2023 08:00,0.0
07/14/2023 08:30,0.0
07/14/2023 09:00,0.0
07/14/2023 09:30,0.0
07/14/2023 10:00,0.0
07/14/2023 10:30,0.0
07/14/2023 11:00,0.0
07/14/2023 11:30,0.0
07/14/2023 12:00,0.0
07/14/2023 12:30,0.0
07/14/2023 13:00,0.0
07/14/2023 13:30,0.0
07/14/2023 14:00,0.0
07/14/2023 14:30,0.0
07/14/2023 15:00,0.0
07/14/2023 15:30,0.0
07/14/2023 16:00,0.0
07/14/2023 16:30,0.0
07/14/2023 17:00,0.0
07/14/2023 17:30,0.0
07/14/2023 18:00,0.0
07/14/2023 18:30,0.0
07/14/2023 19:00,0.0
07/14/2023 19:30,0.0
07/14/2023 20:00,0.0
07/14/2023 20:30,0.0
07/14/2023 21:00,0.0
07/14/2023 21:30,0.0
07/14/2023 22:00,0.0
07/14/2023 22:30,0.0
07/14/2023 23:00,0.0
07/14/2023 23:30,0.0
07/15/2023 00:00,0.0
07/15/2023 00:30,0.0
07/15/2023 01:00,0.0
07/15/2023 01:30,0.0
07/15/2023 02:00,0.0
07/15/2023 02:30,0.0
07/15/2023 03:00,0.0
07/15/2023 03:30,0.0
07/15/2023 04:00,0.0
07/15/2023 04:30,0.0
07/15/2023 05:00,0.0
07/15/2023 05:30,0.0
07/15/2023 06:00,0.0
07/15/2023 06:30,0.0
07/15/2023 07:00,0.0
07/15/2023 07:30,0.0
07/15/2023 08:00,0.0
07/15/2023 08:30,0.0
07/15/2023 09:00,0.0
07/15/2023 09:30,0.0
07/15/2023 10:00,0.0
07/15/2023 10:30,0.0
07/15/2023 11:00,0.0
07/15/2023 11:30,0.0
07/15/2023 12:00,0.0
07/15/2023 12:30,0.0
07/15/2023 13:00,0.0
07/15/2023 13:30,0.0
07/15/2023 14:00,0.0
07/15/2023 14:30,0.0
07/15/2023 15:00,0.0
07/15/2023 15:30,0.0
07/15/2023 16:00,0.0
07/15/2023 16:30,0.0
07/15/2023 17:00,0.0
07/15/2023 17:30,0.0
07/15/2023 18:00,0.0
07/15/2023 18:30,0.0
07/15/2023 19:00,0.0
07/15/2023 19:30,0.0
07/15/2023 20:00,0.0
07/15/2023 20:30,0.0
07/15/2023 21:00,0.0
07/15/2023 21:30,0.0
07/15/2023 22:00,0.0
07/15/2023 22:30,0.0
07/15/2023 23:00,0.0
07/15/2023 23:30,0.0
07/16/2023 00:00,0.0
07/16/2023 00:30,0.0
07/16/2023 01:00,0.0
07/16/2023 01:30,0.0
07/16/2023 02:00,0.0
07/16/2023 02:30,0.0
07/16/2023 03:00,0.0
07/16/2023 03:30,0.0
07/16/2023 04:00,0.0
07/16/2023 04:30,0.0
07/16/2023 05:00,0.0
07/16/2023 05:30,0.0
07/16/2023 06:00,0.0
07/16/2023 06:30,0.0
07/16/2023 07:00,0.0
07/16/2023 07:30,0.0
07/16/2023 08:00,0.0
07/16/2023 08:30,0.0
07/16/2023 09:00,0.0
07/16/2023 09:30,0.0
07/16/2023 10:00,0.0
07/16/2023 10:30,0.0
07/16/2023 11:00,0.0
07/16/2023 11:30,0.0
07/16/2023 12:00,0.0
07/16/2023 12:30,0.0
07/16/2023 13:00,0.0
07/16/2023 13:30,0.0
07/16/2023 14:00,0.0
07/16/2023 14:30,0.0
07/16/2023 15:00,0.0
07/16/2023 15:30,0.0
07/16/2023 16:00,0.0
07/16/2023 16:30,0.0
07/16/2023 17:00,0.0
07/16/2023 17:30,0.0
07/16/2023 18:00,0.0
07/16/2023 18:30,0.0
07/16/2023 19:00,0.0
07/16/2023 19:30,0.0
07/16/2023 20:00,0.0
07/16/2023 20:30,0.0
07/16/2023 21:00,0.0
07/16/2023 21:30,0.0
07/16/2023 22:00,0.0
07/16/2023 22:30,0.0
07/16/2023 23:00,0.0
07/16/2023 23:30,0.0
07/17/2023 00:00,0.0
07/17/2023 00:30,0.0
07/17/2023 01:00,0.0
07/17/2023 01:30,0.0
07/17/2023 02:00,0.0
07/17/2023 02:30,0.0
07/17/2023 03:00,0.0
07/17/2023 03:30,0.0
07/17/2023 04:00,0.0
07/17/2023 04:30,0.0
07/17/2023 05:00,0.0
07/17/2023 05:30,0.0
07/17/2023 06:00,0.0
07/17/2023 06:30,0.0
07/17/2023 07:00,0.0
07/17/2023 07:30,0.0
07/17/2023 08:00,0.0
07/17/2023 08:30,0.0
07/17/2023 09:00,0.0
07/17/2023 09:30,0.0
07/17/2023 10:00,0.0
07/17/2023 10:30,0.0
07/17/2023 11:00,0.0
07/17/2023 11:30,0.0
07/17/2023 12:00,0.0
07/17/2023 12:30,0.0
07/17/2023 13:00,0.0
07/17/2023 13:30,0.0
07/17/2023 14:00,0.0
07/17/2023 14:30,0.0
07/17/2023 15:00,0.0
07/17/2023 15:30,0.0
07/17/2023 16:00,0.0
07/17/2023 16:30,0.0
07/17/2023 17:00,0.0
07/17/2023 17:30,0.0
07/17/2023 18:00,0.0
07/17/2023 18:30,0.0
07/17/2023 19:00,0.0
07/17/2023 19:30,0.0
07/17/2023 20:00,0.0
07/17/2023 20:30,0.0
07/17/2023 21:00,0.0
07/17/2023 21:30,0.0
07/17/2023 22:00,0.0
07/17/2023 22:30,0.0
07/17/2023 23:00,0.0
07/17/2023 23:30,0.0
07/18/2023 00:00,0.0
07/18/2023 00:30,0.0
07/18/2023 01:00,0.0
07/18/2023 01:30,0.0
07/18/2023 02:00,0.0
07/18/2023 02:30,0.0
07/18/2023 03:00,0.0
07/18/2023 03:30,0.0
07/18/2023 04:00,0.0
07/18/2023 04:30,0.0
07/18/2023 05:00,0.0
07/18/2023 05:30,0.0
07/18/2023 06:00,0.0
07/18/2023 06:30,0.0
07/18/2023 07:00,0.0
07/18/2023 07:30,0.0
07/18/2023 08:00,0.0
07/18/2023 08:30,0.0
07/18/2023 09:00,0.0
07/18/2023 09:30,0.0
07/18/2023 10:00,0.0
07/18/2023 10:30,0.0
07/18/2023 11:00,0.0
07/18/2023 11:30,0.0
07/18/2023 12:00,0.0
07/18/2023 12:30,0.0
07/18/2023 13:00,0.0
07/18/2023 13:30,0.0
07/18/2023 14:00,0.0
07/18/2023 14:30,0.0
07/18/2023 15:00,0.0
07/18/2023 15:30,0.0
07/18/2023 16:00,0.0
07/18/2023 16:30,0.0
07/18/2023 17:00,0.0
07/18/2023 17:30,0.0
07/18/2023 18:00,0.0
07/18/2023 18:30,0.0
07/18/2023 19:00,0.0
07/18/2023 19:30,0.0
07/18/2023 20:00,0.0
07/18/2023 20:30,0.0
07/18/2023 21:00,0.0
07/18/2023 21:30,0.0
07/18/2023 22:00,0.0
07/18/2023 22:30,0.0
07/18/2023 23:00,0.0
07/18/2023 23:30,0.0
07/19/2023 00:00,0.0
07/19/2023 00:30,0.0
07/19/2023 01:00,0.0
07/19/2023 01:30,0.0
07/19/2023 02:00,0.0
07/19/2023 02:30,0.0
07/19/2023 03:00,0.0
07/19/2023 03:30,0.0
07/19/2023 04:00,0.0
07/19/2023 04:30,0.0
07/19/2023 05:00,0.0
07/19/2023 05:30,0.0
07/19/2023 06:00,0.0
07/19/2023 06:30,0.0
07/19/2023 07:00,0.0
07/19/2023 07:30,0.0
07/19/2023 08:00,0.0
07/19/2023 08:30,0.0
07/19/2023 09:00,0.0
07/19/2023 09:30,0.0
07/19/2023 10:00,0.0
07/19/2023 10:30,0.0
07/19/2023 11:00,0.0
07/19/2023 11:30,0.0
07/19/2023 12:00,0.0
07/19/2023 12:30,0.0
07/19/2023 13:00,0.0
07/19/2023 13:30,0.0
07/19/2023 14:00,0.0
07/19/2023 14:30,0.0
07/19/2023 15:00,0.0
07/19/2023 15:30,0.0
07/19/2023 16:00,0.0
07/19/2023 16:30,0.0
07/19/2023 17:00,0.0
07/19/2023 17:30,0.0
07/19/2023 18:00,0.0
07/19/2023 18:30,0.0
07/19/2023 19:00,0.0
07/19/2023 19:30,0.0
07/19/2023 20:00,0.0
07/19/2023 20:30,0.0
07/19/2023 21:00,0.0
07/19/2023 21:30,0.0
07/19/2023 22:00,0.0
07/19/2023 22:30,0.0
07/19/2023 23:00,0.0
07/19/2023 23:30,0.0
07/20/2023 00:00,0.0
07/20/2023 00:30,0.0
07/20/2023 01:00,0.0
07/20/2023 01:30,0.0
07/20/2023 02:00,0.0
07/20/2023 02:30,0.0
07/20/2023 03:00,0.0
07/20/2023 03:30,0.0
07/20/2023 04:00,0.0
07/20/2023 04:30,0.0
07/20/2023 05:00,0.0
07/20/2023 05:30,0.0
07/20/2023 06:00,0.0
07/20/2023 06:30,0.0
07/20/2023 07:00,0.0
07/20/2023 07:30,0.0
07/20/2023 08:00,0.0
07/20/2023 08:30,0.0
07/20/2023 09:00,0.0
07/20/2023 09:30,0.0
07/20/2023 10:00,0.0
07/20/2023 10:30,0.0
07/20/2023 11:00,0.0
07/20/2023 11:30,0.0
07/20/2023 12:00,0.0
07/20/2023 12:30,0.0
07/20/2023 13:00,0.0
07/20/2023 13:30,0.0
07/20/2023 14:00,0.0
07/20/2023 14:30,0.0
07/20/2023 15:00,0.0
07/20/2023 15:30,0.0
07/20/2023 16:00,0.0
07/20/2023 16:30,0.0
07/20/2023 17:00,0.0
07/20/2023 17:30,0.0
07/20/2023 18:00,0.0
07/20/2023 18:30,0.0
07/20/2023 19:00,0.0
07/20/2023 19:30,0.0
07/20/2023 20:00,0.0
07/20/2023 20:30,0.0
07/20/2023 21:00,0.0
07/20/2023 21:30,0.0
07/20/2023 22:00,0.0
07/20/2023 22:30,0.0
07/20/2023 23:00,0.0
07/20/2023 23:30,0.0
07/21/2023 00:00,0.0
07/21/2023 00:30,0.0
07/21/2023 01:00,0.0
07/21/2023 01:30,0.0
07/21/2023 02:00,0.0
07/21/2023 02:30,0.0
07/21/2023 03:00,0.0
07/21/2023 03:30,0.0
07/21/2023 04:00,0.0
07/21/2023 04:30,0.0
07/21/2023 05:00,0.0
07/21/2023 05:30,0.0
07/21/2023 06:00,0.0
07/21/2023 06:30,0.0
07/21/2023 07:00,0.0
07/21/2023 07:30,0.0
07/21/2023 08:00,0.0
07/21/2023 08:30,0.0
07/21/2023 09:00,0.0
07/21/2023 09:30,0.0
07/21/2023 10:00,0.0
07/21/2023 10:30,0.0
07/21/2023 11:00,0.0
07/21/2023 11:30,0.0
07/21/2023 12:00,0.0
07/21/2023 12:30,0.0
07/21/2023 13:00,0.0
07/21/2023 13:30,0.0
07/21/2023 14:00,0.0
07/21/2023 14:30,0.0
07/21/2023 15:00,0.0
07/21/2023 15:30,0.0
07/21/2023 16:00,0.0
07/21/2023 16:30,0.0
07/21/2023 17:00,0.0
07/21/2023 17:30,0.0
07/21/2023 18:00,0.0
07/21/2023 18:30,0.0
07/21/2023 19:00,0.0
07/21/2023 19:30,0.0
07/21/2023 20:00,0.0
07/21/2023 20:30,0.0
07/21/2023 21:00,0.0
07/21/2023 21:30,0.0
07/21/2023 22:00,0.0
07/21/2023 22:30,0.0
07/21/2023 23:00,0.0
07/21/2023 23:30,0.0
07/22/2023 00:00,0.0
07/22/2023 00:30,0.0
07/22/2023 01:00,0.0
07/22/2023 01:30,0.0
07/22/2023 02:00,0.0
07/22/2023 02:30,0.0
07/22/2023 03:00,0.0
07/22/2023 03:30,0.0
07/22/2023 04:00,0.0
07/22/2023 04:30,0.0
07/22/2023 05:00,0.0
07/22/2023 05:30,0.0
07/22/2023 06:00,0.0
07/22/2023 06:30,0.0
07/22/2023 07:00,0.0
07/22/2023 07:30,0.0
07/22/2023 08:00,0.0
07/22/2023 08:30,0.0
07/22/2023 09:00,0.0
07/22/2023 09:30,0.0
07/22/2023 10:00,0.0
07/22/2023 10:30,0.0
07/22/2023 11:00,0.0
07/22/2023 11:30,0.0
07/22/2023 12:00,0.0
07/22/2023 12:30,0.0
07/22/2023 13:00,0.0
07/22/2023 13:30,0.0
07/22/2023 14:00,0.0
07/22/2023 14:30,0.0
07/22/2023 15:00,0.0
07/22/2023 15:30,0.0
07/22/2023 16:00,0.0
07/22/2023 16:30,0.0
07/22/2023 17:00,0.0
07/22/2023 17:30,0.0
07/22/2023 18:00,0.0
07/22/2023 18:30,0.0
07/22/2023 19:00,0.0
07/22/2023 19:30,0.0
07/22/2023 20:00,0.0
07/22/2023 20:30,0.0
07/22/2023 21:00,0.0
07/22/2023 21:30,0.0
07/22/2023 22:00,0.0
07/22/2023 22:30,0.0
07/22/2023 23:00,0.0
07/22/2023 23:30,0.0
07/23/2023 00:00,0.0
07/23/2023 00:30,0.0
07/23/2023 01:00,0.0
07/23/2023 01:30,0.0
07/23/2023 02:00,0.0
07/23/2023 02:30,0.0
07/23/2023 03:00,0.0
07/23/2023 03:30,0.0
07/23/2023 04:00,0.0
07/23/2023 04:30,0.0
07/23/2023 05:00,0.0
07/23/2023 05:30,0.0
07/23/2023 06:00,0.0
07/23/2023 06:30,0.0
07/23/2023 07:00,0.0
07/23/2023 07:30,0.0
07/23/2023 08:00,0.0
07/23/2023 08:30,0.0
07/23/2023 09:00,0.0
07/23/2023 09:30,0.0
07/23/2023 10:00,0.0
07/23/2023 10:30,0.0
07/23/2023 11:00,0.0
07/23/2023 11:30,0.0
07/23/2023 12:00,0.0
07/23/2023 12:30,0.0
07/23/2023 13:00,0.0
07/23/2023 13:30,0.0
07/23/2023 14:00,0.0
07/23/2023 14:30,0.0
07/23/2023 15:00,0.0
07/23/2023 15:30,0.0
07/23/2023 16:00,0.0
07/23/2023 16:30,0.0
07/23/2023 17:00,0.0
07/23/2023 17:30,0.0
07/23/2023 18:00,0.0
07/23/2023 18:30,0.0
07/23/2023 19:00,0.0
07/23/2023 19:30,0.0
07/23/2023 20:00,0.0
07/23/2023 20:30,0.0
07/23/2023 21:00,0.0
07/23/2023 21:30,0.0
07/23/2023 22:00,0.0
07/23/2023 22:30,0.0
07/23/2023 23:00,0.0
07/23/2023 23:30,0.0
07/24/2023 00:00,0.0
07/24/2023 00:30,0.0
07/24/2023 01:00,0.0
07/24/2023 01:30,0.0
07/24/2023 02:00,0.0
07/24/2023 02:30,0.0
07/24/2023 03:00,0.0
07/24/2023 03:30,0.0
07/24/2023 04:00,0.0
07/24/2023 04:30,0.0
07/24/2023 05:00,0.0
07/24/2023 05:30,0.0
07/24/2023 06:00,0.0
07/24/2023 06:30,0.0
07/24/2023 07:00,0.0
07/24/2023 07:30,0.0
07/24/2023 08:00,0.0
07/24/2023 08:30,0.0
07/24/2023 09:00,0.0
07/24/2023 09:30,0.0
07/24/2023 10:00,0.0
07/24/2023 10:30,0.0
07/24/2023 11:00,0.0
07/24/2023 11:30,0.0
07/24/2023 12:00,0.0
07/24/2023 12:30,0.0
07/24/2023 13:00,0.0
07/24/2023 13:30,0.0
07/24/2023 14:00,0.0
07/24/2023 14:30,0.0
07/24/2023 15:00,0.0
07/24/2023 15:30,0.0
07/24/2023 16:00,0.0
07/24/2023 16:30,0.0
07/24/2023 17:00,0.0
07/24/2023 17:30,0.0
07/24/2023 18:00,0.0
07/24/2023 18:30,0.0
07/24/2023 19:00,0.0
07/24/2023 19:30,0.0
07/24/2023 20:00,0.0
07/24/2023 20:30,0.0
07/24/2023 21:00,0.0
07/24/2023 21:30,0.0
07/24/2023 22:00,0.0
07/24/2023 22:30,0.0
07/24/2023 23:00,0.0
07/24/2023 23:30,0.0
07/25/2023 00:00,0.0
07/25/2023 00:30,0.0
07/25/2023 01:00,0.0
07/25/2023 01:30,0.0
07/25/2023 02:00,0.0
07/25/2023 02:30,0.0
07/25/2023 03:00,0.0
07/25/2023 03:30,0.0
07/25/2023 04:00,0.0
07/25/2023 04:30,0.0
07/25/2023 05:00,0.0
07/25/2023 05:30,0.0
07/25/2023 06:00,0.0
07/25/2023 06:30,0.0
07/25/2023 07:00,0.0
07/25/2023 07:30,0.0
07/25/2023 08:00,0.0
07/25/2023 08:30,0.0
07/25/2023 09:00,0.0
07/25/2023 09:30,0.0
07/25/2023 10:00,0.0
07/25/2023 10:30,0.0
07/25/2023 11:00,0.0
07/25/2023 11:30,0.0
07/25/2023 12:00,0.0
07/25/2023 12:30,0.0
07/25/2023 13:00,0.0
07/25/2023 13:30,0.0
07/25/2023 14:00,0.0
07/25/2023 14:30,0.0
07/25/2023 15:00,0.0
07/25/2023 15:30,0.0
07/25/2023 16:00,0.0
07/25/2023 16:30,0.0
07/25/2023 17:00,0.0
07/25/2023 17:30,0.0
07/25/2023 18:00,0.0
07/25/2023 18:30,0.0
07/25/2023 19:00,0.0
07/25/2023 19:30,0.0
07/25/2023 20:00,0.0
07/25/2023 20:30,0.0
07/25/2023 21:00,0.0
07/25/2023 21:30,0.0
07/25/2023 22:00,0.0
07/25/2023 22:30,0.0
07/25/2023 23:00,0.0
07/25/2023 23:30,0.0
07/26/2023 00:00,0.0
07/26/2023 00:30,0.0
07/26/2023 01:00,0.0
07/26/2023 01:30,0.0
07/26/2023 02:00,0.0
07/26/2023 02:30,0.0
07/26/2023 03:00,0.0
07/26/2023 03:30,0.0
07/26/2023 04:00,0.0
07/26/2023 04:30,0.0
07/26/2023 05:00,0.0
07/26/2023 05:30,0.0
07/26/2023 06:00,0.0
07/26/2023 06:30,0.0
07/26/2023 07:00,0.0
07/26/2023 07:30,0.0
07/26/2023 08:00,0.0
07/26/2023 08:30,0.0
07/26/2023 09:00,0.0
07/26/2023 09:30,0.0
07/26/2023 10:00,0.0
07/26/2023 10:30,0.0
07/26/2023 11:00,0.0
07/26/2023 11:30,0.0
07/26/2023 12:00,0.0
07/26/2023 12:30,0.0
07/26/2023 13:00,0.0
07/26/2023 13:30,0.0
07/26/2023 14:00,0.0
07/26/2023 14:30,0.0
07/26/2023 15:00,0.0
07/26/2023 15:30,0.0
07/26/2023 16:00,0.0
07/26/2023 16:30,0.0
07/26/2023 17:00,0.0
07/26/2023 17:30,0.0
07/26/2023 18:00,0.0
07/26/2023 18:30,0.0
07/26/2023 19:00,0.0
07/26/2023 19:30,0.0
07/26/2023 20:00,0.0
07/26/2023 20:30,0.0
07/26/2023 21:00,0.0
07/26/2023 21:30,0.0
07/26/2023 22:00,0.0
07/26/2023 22:30,0.0
07/26/2023 23:00,0.0
07/26/2023 23:30,0.0
07/27/2023 00:00,0.0
07/27/2023 00:30,0.0
07/27/2023 01:00,0.0
07/27/2023 01:30,0.0
07/27/2023 02:00,0.0
07/27/2023 02:30,0.0
07/27/2023 03:00,0.0
07/27/2023 03:30,0.0
07/27/2023 04:00,0.0
07/27/2023 04:30,0.0
07/27/2023 05:00,0.0
07/27/2023 05:30,0.0
07/27/2023 06:00,0.0
07/27/2023 06:30,0.0
07/27/2023 07:00,0.0
07/27/2023 07:30,0.0
07/27/2023 08:00,0.0
07/27/2023 08:30,0.0
07/27/2023 09:00,0.0
07/27/2023 09:30,0.0
07/27/2023 10:00,0.0
07/27/2023 10:30,0.0
07/27/2023 11:00,0.0
07/27/2023 11:30,0.0
07/27/2023 12:00,0.0
07/27/2023 12:30,0.0
07/27/2023 13:00,0.0
07/27/2023 13:30,0.0
07/27/2023 14:00,0.0
07/27/2023 14:30,0.0
07/27/2023 15:00,0.0
07/27/2023 15:30,0.0
07/27/2023 16:00,0.0
07/27/2023 16:30,0.0
07/27/2023 17:00,0.0
07/27/2023 17:30,0.0
07/27/2023 18:00,0.0
07/27/2023 18:30,0.0
07/27/2023 19:00,0.0
07/27/2023 19:30,0.0
07/27/2023 20:00,0.0
07/27/2023 20:30,0.0
07/27/2023 21:00,0.0
07/27/2023 21:30,0.0
07/27/2023 22:00,0.0
07/27/2023 22:30,0.0
07/27/2023 23:00,0.0
07/27/2023 23:30,0.0
07/28/2023 00:00,0.0
07/28/2023 00:30,0.0
07/28/2023 01:00,0.0
07/28/2023 01:30,0.0
07/28/2023 02:00,0.0
07/28/2023 02:30,0.0
07/28/2023 03:00,0.0
07/28/2023 03:30,0.0
07/28/2023 04:00,0.0
07/28/2023 04:30,0.0
07/28/2023 05:00,0.0
07/28/2023 05:30,0.0
07/28/2023 06:00,0.0
07/28/2023 06:30,0.0
07/28/2023 07:00,0.0
07/28/2023 07:30,0.0
07/28/2023 08:00,0.0
07/28/2023 08:30,0.0
07/28/2023 09:00,0.0
07/28/2023 09:30,0.0
07/28/2023 10:00,0.0
07/28/2023 10:30,0.0
07/28/2023 11:00,0.0
07/28/2023 11:30,0.0
07/28/2023 12:00,0.0
07/28/2023 12:30,0.0
07/28/2023 13:00,0.0
07/28/2023 13:30,0.0
07/28/2023 14:00,0.0
07/28/2023 14:30,0.0
07/28/2023 15:00,0.0
07/28/2023 15:30,0.0
07/28/2023 16:00,0.0
07/28/2023 16:30,0.0
07/28/2023 17:00,0.0
07/28/2023 17:30,0.0
07/28/2023 18:00,0.0
07/28/2023 18:30,0.0
07/28/2023 19:00,0.0
07/28/2023 19:30,0.0
07/28/2023 20:00,0.0
07/28/2023 20:30,0.0
07/28/2023 21:00,0.0
07/28/2023 21:30,0.0
07/28/2023 22:00,0.0
07/28/2023 22:30,0.0
07/28/2023 23:00,0.0
07/28/2023 23:30,0.0
07/29/2023 00:00,0.0
07/29/2023 00:30,0.0
07/29/2023 01:00,0.0
07/29/2023 01:30,0.0
07/29/2023 02:00,0.0
07/29/2023 02:30,0.0
07/29/2023 03:00,0.0
07/29/2023 03:30,0.0
07/29/2023 04:00,0.0
07/29/2023 04:30,0.0
07/29/2023 05:00,0.0
07/29/2023 05:30,0.0
07/29/2023 06:00,0.0
07/29/2023 06:30,0.0
07/29/2023 07:00,0.0
07/29/2023 07:30,0.0
07/29/2023 08:00,0.0
07/29/2023 08:30,0.0
07/29/2023 09:00,0.0
07/29/2023 09:30,0.0
07/29/2023 10:00,0.0
07/29/2023 10:30,0.0
07/29/2023 11:00,0.0
07/29/2023 11:30,0.0
07/29/2023 12:00,0.0
07/29/2023 12:30,0.0
07/29/2023 13:00,0.0
07/29/2023 13:30,0.0
07/29/2023 14:00,0.0
07/29/2023 14:30,0.0
07/29/2023 15:00,0.0
07/29/2023 15:30,0.0
07/29/2023 16:00,0.0
07/29/2023 16:30,0.0
07/29/2023 17:00,0.0
07/29/2023 17:30,0.0
07/29/2023 18:00,0.0
07/29/2023 18:30,0.0
07/29/2023 19:00,0.0
07/29/2023 19:30,0.0
07/29/2023 20:00,0.0
07/29/2023 20:30,0.0
07/29/2023 21:00,0.0
07/29/2023 21:30,0.0
07/29/2023 22:00,0.0
07/29/2023 22:30,0.0
07/29/2023 23:00,0.0
07/29/2023 23:30,0.0
07/30/2023 00:00,0.0
07/30/2023 00:30,0.0
07/30/2023 01:00,0.0
07/30/2023 01:30,0.0
07/30/2023 02:00,0.0
07/30/2023 02:30,0.0
07/30/2023 03:00,0.0
07/30/2023 03:30,0.0
07/30/2023 04:00,0.0
07/30/2023 04:30,0.0
07/30/2023 05:00,0.0
07/30/2023 05:30,0.0
07/30/2023 06:00,0.0
07/30/2023 06:30,0.0
07/30/2023 07:00,0.0
07/30/2023 07:30,0.0
07/30/2023 08:00,0.0
07/30/2023 08:30,0.0
07/30/2023 09:00,0.0
07/30/2023 09:30,0.0
07/30/2023 10:00,0.0
07/30/2023 10:30,0.0
07/30/2023 11:00,0.0
07/30/2023 11:30,0.0
07/30/2023 12:00,0.0
07/30/2023 12:30,0.0
07/30/2023 13:00,0.0
07/30/2023 13:30,0.0
07/30/2023 14:00,0.0
07/30/2023 14:30,0.0
07/30/2023 15:00,0.0
07/30/2023 15:30,0.0
07/30/2023 16:00,0.0
07/30/2023 16:30,0.0
07/30/2023 17:00,0.0
07/30/2023 17:30,0.0
07/30/2023 18:00,0.0
07/30/2023 18:30,0.0
07/30/2023 19:00,0.0
07/30/2023 19:30,0.0
07/30/2023 20:00,0.0
07/30/2023 20:30,0.0
07/30/2023 21:00,0.0
07/30/2023 21:30,0.0
07/30/2023 22:00,0.0
07/30/2023 22:30,0.0
07/30/2023 23:00,0.0
07/30/2023 23:30,0.0
07/31/2023 00:00,0.0
07/31/2023 00:30,0.0
07/31/2023 01:00,0.0
07/31/2023 01:30,0.0
07/31/2023 02:00,0.0
07/31/2023 02:30,0.0
07/31/2023 03:00,0.0
07/31/2023 03:30,0.0
07/31/2023 04:00,0.0
07/31/2023 04:30,0.0
07/31/2023 05:00,0.0
07/31/2023 05:30,0.0
07/31/2023 06:00,0.0
07/31/2023 06:30,0.0
07/31/2023 07:00,0.0
07/31/2023 07:30,0.0
07/31/2023 08:00,0.0
07/31/2023 08:30,0.0
07/31/2023 09:00,0.0
07/31/2023 09:30,0.0
07/31/2023 10:00,0.0
07/31/2023 10:30,0.0
07/31/2023 11:00,0.0
07/31/2023 11:30,0.0
07/31/2023 12:00,0.0
07/31/2023 12:30,0.0
07/31/2023 13:00,0.0
07/31/2023 13:30,0.0
07/31/2023 14:00,0.0
07/31/2023 14:30,0.0
07/31/2023 15:00,0.0
07/31/2023 15:30,0.0
07/31/2023 16:00,0.0
07/31/2023 16:30,0.0
07/31/2023 17:00,0.0
07/31/2023 17:30,0.0
07/31/2023 18:00,0.0
07/31/2023 18:30,0.0
07/31/2023 19:00,0.0
07/31/2023 19:30,0.0
07/31/2023 20:00,0.0
07/31/2023 20:30,0.0
07/31/2023 21:00,0.0
07/31/2023 21:30,0.0
07/31/2023 22:00,0.0
07/31/2023 22:30,0.0
07/31/2023 23:00,0.0
07/31/2023 23:30,0.0
08/01/2023 00:00,0.0
08/01/2023 00:30,0.0
08/01/2023 01:00,0.0
08/01/2023 01:30,0.0
08/01/2023 02:00,0.0
08/01/2023 02:30,0.0
08/01/2023 03:00,0.0
08/01/2023 03:30,0.0
08/01/2023 04:00,0.0
08/01/2023 04:30,0.0
08/01/2023 05:00,0.0
08/01/2023 05:30,0.0
08/01/2023 06:00,0.0
08/01/2023 06:30,0.0
08/01/2023 07:00,0.0
08/01/2023 07:30,0.0
08/01/2023 08:00,0.0
08/01/2023 08:30,0.0
08/01/2023 09:00,0.0
08/01/2023 09:30,0.0
08/01/2023 10:00,0.0
08/01/2023 10:30,0.0
08/01/2023 11:00,0.0
08/01/2023 11:30,0.0
08/01/2023 12:00,0.0
08/01/2023 12:30,0.0
08/01/2023 13:00,0.0
08/01/2023 13:30,0.0
08/01/2023 14:00,0.0
08/01/2023 14:30,0.0
08/01/2023 15:00,0.0
08/01/2023 15:30,0.0
08/01/2023 16:00,0.0
08/01/2023 16:30,0.0
08/01/2023 17:00,0.0
08/01/2023 17:30,0.0
08/01/2023 18:00,0.0
08/01/2023 18:30,0.0
08/01/2023 19:00,0.0
08/01/2023 19:30,0.0
08/01/2023 20:00,0.0
08/01/2023 20:30,0.0
08/01/2023 21:00,0.0
08/01/2023 21:30,0.0
08/01/2023 22:00,0.0
08/01/2023 22:30,0.0
08/01/2023 23:00,0.0
08/01/2023 23:30,0.0
08/02/2023 00:00,0.0
08/02/2023 00:30,0.0
08/02/2023 01:00,0.0
08/02/2023 01:30,0.0
08/02/2023 02:00,0.0
08/02/2023 02:30,0.0
08/02/2023 03:00,0.0
08/02/2023 03:30,0.0
08/02/2023 04:00,0.0
08/02/2023 04:30,0.0
08/02/2023 05:00,0.0
08/02/2023 05:30,0.0
08/02/2023 06:00,0.0
08/02/2023 06:30,0.0
08/02/2023 07:00,0.0
08/02/2023 07:30,0.0
08/02/2023 08:00,0.0
08/02/2023 08:30,0.0
08/02/2023 09:00,0.0
08/02/2023 09:30,0.0
08/02/2023 10:00,0.0
08/02/2023 10:30,0.0
08/02/2023 11:00,0.0
08/02/2023 11:30,0.0
08/02/2023 12:00,0.0
08/02/2023 12:30,0.0
08/02/2023 13:00,0.0
08/02/2023 13:30,0.0
08/02/2023 14:00,0.0
08/02/2023 14:30,0.0
08/02/2023 15:00,0.0
08/02/2023 15:30,0.0
08/02/2023 16:00,0.0
08/02/2023 16:30,0.0
08/02/2023 17:00,0.0
08/02/2023 17:30,0.0
08/02/2023 18:00,0.0
08/02/2023 18:30,0.0
08/02/2023 19:00,0.0
08/02/2023 19:30,0.0
08/02/2023 20:00,0.0
08/02/2023 20:30,0.0
08/02/2023 21:00,0.0
08/02/2023 21:30,0.0
08/02/2023 22:00,0.0
08/02/2023 22:30,0.0
08/02/2023 23:00,0.0
08/02/2023 23:30,0.0
08/03/2023 00:00,0.0
08/03/2023 00:30,0.0
08/03/2023 01:00,0.0
08/03/2023 01:30,0.0
08/03/2023 02:00,0.0
08/03/2023 02:30,0.0
08/03/2023 03:00,0.0
08/03/2023 03:30,0.0
08/03/2023 04:00,0.0
08/03/2023 04:30,0.0
08/03/2023 05:00,0.0
08/03/2023 05:30,0.0
08/03/2023 06:00,0.0
08/03/2023 06:30,0.0
08/03/2023 07:00,0.0
08/03/2023 07:30,0.0
08/03/2023 08:00,0.0
08/03/2023 08:30,0.0
08/03/2023 09:00,0.0
08/03/2023 09:30,0.0
08/03/2023 10:00,0.0
08/03/2023 10:30,0.0
08/03/2023 11:00,0.0
08/03/2023 11:30,0.0
08/03/2023 12:00,0.0
08/03/2023 12:30,0.0
08/03/2023 13:00,0.0
08/03/2023 13:30,0.0
08/03/2023 14:00,0.0
08/03/2023 14:30,0.0
08/03/2023 15:00,0.0
08/03/2023 15:30,0.0
08/03/2023 16:00,0.0
08/03/2023 16:30,0.0
08/03/2023 17:00,0.0
08/03/2023 17:30,0.0
08/03/2023 18:00,0.0
08/03/2023 18:30,0.0
08/03/2023 19:00,0.0
08/03/2023 19:30,0.0
08/03/2023 20:00,0.0
08/03/2023 20:30,0.0
08/03/2023 21:00,0.0
08/03/2023 21:30,0.0
08/03/2023 22:00,0.0
08/03/2023 22:30,0.0
08/03/2023 23:00,0.0
08/03/2023 23:30,0.0
08/04/2023 00:00,0.0
08/04/2023 00:30,0.0
08/04/2023 01:00,0.0
08/04/2023 01:30,0.0
08/04/2023 02:00,0.0
08/04/2023 02:30,0.0
08/04/2023 03:00,0.0
08/04/2023 03:30,0.0
08/04/2023 04:00,0.0
08/04/2023 04:30,0.0
08/04/2023 05:00,0.0
08/04/2023 05:30,0.0
08/04/2023 06:00,0.0
08/04/2023 06:30,0.0
08/04/2023 07:00,0.0
08/04/2023 07:30,0.0
08/04/2023 08:00,0.0
08/04/2023 08:30,0.0
08/04/2023 09:00,0.0
08/04/2023 09:30,0.0
08/04/2023 10:00,0.0
08/04/2023 10:30,0.0
08/04/2023 11:00,0.0
08/04/2023 11:30,0.0
08/04/2023 12:00,0.0
08/04/2023 12:30,0.0
08/04/2023 13:00,0.0
08/04/2023 13:30,0.0
08/04/2023 14:00,0.0
08/04/2023 14:30,0.0
08/04/2023 15:00,0.0
08/04/2023 15:30,0.0
08/04/2023 16:00,0.0
08/04/2023 16:30,0.0
08/04/2023 17:00,0.0
08/04/2023 17:30,0.0
08/04/2023 18:00,0.0
08/04/2023 18:30,0.0
08/04/2023 19:00,0.0
08/04/2023 19:30,0.0
08/04/2023 20:00,0.0
08/04/2023 20:30,0.0
08/04/2023 21:00,0.0
08/04/2023 21:30,0.0
08/04/2023 22:00,0.0
08/04/2023 22:30,0.0
08/04/2023 23:00,0.0
08/04/2023 23:30,0.0
08/05/2023 00:00,0.0
08/05/2023 00:30,0.0
08/05/2023 01:00,0.0
08/05/2023 01:30,0.0
08/05/2023 02:00,0.0
08/05/2023 02:30,0.0
08/05/2023 03:00,0.0
08/05/2023 03:30,0.0
08/05/2023 04:00,0.0
08/05/2023 04:30,0.0
08/05/2023 05:00,0.0
08/05/2023 05:30,0.0
08/05/2023 06:00,0.0
08/05/2023 06:30,0.0
08/05/2023 07:00,0.0
08/05/2023 07:30,0.0
08/05/2023 08:00,0.0
08/05/2023 08:30,0.0
08/05/2023 09:00,0.0
08/05/2023 09:30,0.0
08/05/2023 10:00,0.0
08/05/2023 10:30,0.0
08/05/2023 11:00,0.0
08/05/2023 11:30,0.0
08/05/2023 12:00,0.0
08/05/2023 12:30,0.0
08/05/2023 13:00,0.0
08/05/2023 13:30,0.0
08/05/2023 14:00,0.0
08/05/2023 14:30,0.0
08/05/2023 15:00,0.0
08/05/2023 15:30,0.0
08/05/2023 16:00,0.0
08/05/2023 16:30,0.0
08/05/2023 17:00,0.0
08/05/2023 17:30,0.0
08/05/2023 18:00,0.0
08/05/2023 18:30,0.0
08/05/2023 19:00,0.0
08/05/2023 19:30,0.0
08/05/2023 20:00,0.0
08/05/2023 20:30,0.0
08/05/2023 21:00,0.0
08/05/2023 21:30,0.0
08/05/2023 22:00,0.0
08/05/2023 22:30,0.0
08/05/2023 23:00,0.0
08/05/2023 23:30,0.0
08/06/2023 00:00,0.0
08/06/2023 00:30,0.0
08/06/2023 01:00,0.0
08/06/2023 01:30,0.0
08/06/2023 02:00,0.0
08/06/2023 02:30,0.0
08/06/2023 03:00,0.0
08/06/2023 03:30,0.0
08/06/2023 04:00,0.0
08/06/2023 04:30,0.0
08/06/2023 05:00,0.0
08/06/2023 05:30,0.0
08/06/2023 06:00,0.0
08/06/2023 06:30,0.0
08/06/2023 07:00,0.0
08/06/2023 07:30,0.0
08/06/2023 08:00,0.0
08/06/2023 08:30,0.0
08/06/2023 09:00,0.0
08/06/2023 09:30,0.0
08/06/2023 10:00,0.0
08/06/2023 10:30,0.0
08/06/2023 11:00,0.0
08/06/2023 11:30,0.0
08/06/2023 12:00,0.0
08/06/2023 12:30,0.0
08/06/2023 13:00,0.0
08/06/2023 13:30,0.0
08/06/2023 14:00,0.0
08/06/2023 14:30,0.0
08/06/2023 15:00,0.0
08/06/2023 15:30,0.0
08/06/2023 16:00,0.0
08/06/2023 16:30,0.0
08/06/2023 17:00,0.0
08/06/2023 17:30,0.0
08/06/2023 18:00,0.0
08/06/2023 18:30,0.0
08/06/2023 19:00,0.0
08/06/2023 19:30,0.0
08/06/2023 20:00,0.0
08/06/2023 20:30,0.0
08/06/2023 21:00,0.0
08/06/2023 21:30,0.0
08/06/2023 22:00,0.0
08/06/2023 22:30,0.0
08/06/2023 23:00,0.0
08/06/2023 23:30,0.0
08/07/2023 00:00,0.0
08/07/2023 00:30,0.0
08/07/2023 01:00,0.0
08/07/2023 01:30,0.0
08/07/2023 02:00,0.0
08/07/2023 02:30,0.0
08/07/2023 03:00,0.0
08/07/2023 03:30,0.0
08/07/2023 04:00,0.0
08/07/2023 04:30,0.0
08/07/2023 05:00,0.0
08/07/2023 05:30,0.0
08/07/2023 06:00,0.0
08/07/2023 06:30,0.0
08/07/2023 07:00,0.0
08/07/2023 07:30,0.0
08/07/2023 08:00,0.0
08/07/2023 08:30,0.0
08/07/2023 09:00,0.0
08/07/2023 09:30,0.0
08/07/2023 10:00,0.0
08/07/2023 10:30,0.0
08/07/2023 11:00,0.0
08/07/2023 11:30,0.0
08/07/2023 12:00,0.0
08/07/2023 12:30,0.0
08/07/2023 13:00,0.0
08/07/2023 13:30,0.0
08/07/2023 14:00,0.0
08/07/2023 14:30,0.0
08/07/2023 15:00,0.0
08/07/2023 15:30,0.0
08/07/2023 16:00,0.0
08/07/2023 16:30,0.0
08/07/2023 17:00,0.0
08/07/2023 17:30,0.0
08/07/2023 18:00,0.0
08/07/2023 18:30,0.0
08/07/2023 19:00,0.0
08/07/2023 19:30,0.0
08/07/2023 20:00,0.0
08/07/2023 20:30,0.0
08/07/2023 21:00,0.0
08/07/2023 21:30,0.0
08/07/2023 22:00,0.0
08/07/2023 22:30,0.0
08/07/2023 23:00,0.0
08/07/2023 23:30,0.0
08/08/2023 00:00,0.0
08/08/2023 00:30,0.0
08/08/2023 01:00,0.0
08/08/2023 01:30,0.0
08/08/2023 02:00,0.0
08/08/2023 02:30,0.0
08/08/2023 03:00,0.0
08/08/2023 03:30,0.0
08/08/2023 04:00,0.0
08/08/2023 04:30,0.0
08/08/2023 05:00,0.0
08/08/2023 05:30,0.0
08/08/2023 06:00,0.0
08/08/2023 06:30,0.0
08/08/2023 07:00,0.0
08/08/2023 07:30,0.0
08/08/2023 08:00,0.0
08/08/2023 08:30,0.0
08/08/2023 09:00,0.0
08/08/2023 09:30,0.0
08/08/2023 10:00,0.0
08/08/2023 10:30,0.0
08/08/2023 11:00,0.0
08/08/2023 11:30,0.0
08/08/2023 12:00,0.0
08/08/2023 12:30,0.0
08/08/2023 13:00,0.0
08/08/2023 13:30,0.0
08/08/2023 14:00,0.0
08/08/2023 14:30,0.0
08/08/2023 15:00,0.0
08/08/2023 15:30,0.0
08/08/2023 16:00,0.0
08/08/2023 16:30,0.0
08/08/2023 17:00,0.0
08/08/2023 17:30,0.0
08/08/2023 18:00,0.0
08/08/2023 18:30,0.0
08/08/2023 19:00,0.0
08/08/2023 19:30,0.0
08/08/2023 20:00,0.0
08/08/2023 20:30,0.0
08/08/2023 21:00,0.0
08/08/2023 21:30,0.0
08/08/2023 22:00,0.0
08/08/2023 22:30,0.0
08/08/2023 23:00,0.0
08/08/2023 23:30,0.0
08/09/2023 00:00,0.0
08/09/2023 00:30,0.0
08/09/2023 01:00,0.0
08/09/2023 01:30,0.0
08/09/2023 02:00,0.0
08/09/2023 02:30,0.0
08/09/2023 03:00,0.0
08/09/2023 03:30,0.0
08/09/2023 04:00,0.0
08/09/2023 04:30,0.0
08/09/2023 05:00,0.0
08/09/2023 05:30,0.0
08/09/2023 06:00,0.0
08/09/2023 06:30,0.0
08/09/2023 07:00,0.0
08/09/2023 07:30,0.0
08/09/2023 08:00,0.0
08/09/2023 08:30,0.0
08/09/2023 09:00,0.0
08/09/2023 09:30,0.0
08/09/2023 10:00,0.0
08/09/2023 10:30,0.0
08/09/2023 11:00,0.0
08/09/2023 11:30,0.0
08/09/2023 12:00,0.0
08/09/2023 12:30,0.0
08/09/2023 13:00,0.0
08/09/2023 13:30,0.0
08/09/2023 14:00,0.0
08/09/2023 14:30,0.0
08/09/2023 15:00,0.0
08/09/2023 15:30,0.0
08/09/2023 16:00,0.0
08/09/2023 16:30,0.0
08/09/2023 17:00,0.0
08/09/2023 17:30,0.0
08/09/2023 18:00,0.0
08/09/2023 18:30,0.0
08/09/2023 19:00,0.0
08/09/2023 19:30,0.0
08/09/2023 20:00,0.0
08/09/2023 20:30,0.0
08/09/2023 21:00,0.0
08/09/2023 21:30,0.0
08/09/2023 22:00,0.0
08/09/2023 22:30,0.0
08/09/2023 23:00,0.0
08/09/2023 23:30,0.0
08/10/2023 00:00,0.0
08/10/2023 00:30,0.0
08/10/2023 01:00,0.0
08/10/2023 01:30,0.0
08/10/2023 02:00,0.0
08/10/2023 02:30,0.0
08/10/2023 03:00,0.0
08/10/2023 03:30,0.0
08/10/2023 04:00,0.0
08/10/2023 04:30,0.0
08/10/2023 05:00,0.0
08/10/2023 05:30,0.0
08/10/2023 06:00,0.0
08/10/2023 06:30,0.0
08/10/2023 07:00,0.0
08/10/2023 07:30,0.0
08/10/2023 08:00,0.0
08/10/2023 08:30,0.0
08/10/2023 09:00,0.0
08/10/2023 09:30,0.0
08/10/2023 10:00,0.0
08/10/2023 10:30,0.0
08/10/2023 11:00,0.0
08/10/2023 11:30,0.0
08/10/2023 12:00,0.0
08/10/2023 12:30,0.0
08/10/2023 13:00,0.0
08/10/2023 13:30,0.0
08/10/2023 14:00,0.0
08/10/2023 14:30,0.0
08/10/2023 15:00,0.0
08/10/2023 15:30,0.0
08/10/2023 16:00,0.0
08/10/2023 16:30,0.0
08/10/2023 17:00,0.0
08/10/2023 17:30,0.0
08/10/2023 18:00,0.0
08/10/2023 18:30,0.0
08/10/2023 19:00,0.0
08/10/2023 19:30,0.0
08/10/2023 20:00,0.0
08/10/2023 20:30,0.0
08/10/2023 21:00,0.0
08/10/2023 21:30,0.0
08/10/2023 22:00,0.0
08/10/2023 22:30,0.0
08/10/2023 23:00,0.0
08/10/2023 23:30,0.0
08/11/2023 00:00,0.0
08/11/2023 00:30,0.0
08/11/2023 01:00,0.0
08/11/2023 01:30,0.0
08/11/2023 02:00,0.0
08/11/2023 02:30,0.0
08/11/2023 03:00,0.0
08/11/2023 03:30,0.0
08/11/2023 04:00,0.0
08/11/2023 04:30,0.0
08/11/2023 05:00,0.0
08/11/2023 05:30,0.0
08/11/2023 06:00,0.0
08/11/2023 06:30,0.0
08/11/2023 07:00,0.0
08/11/2023 07:30,0.0
08/11/2023 08:00,0.0
08/11/2023 08:30,0.0
08/11/2023 09:00,0.0
08/11/2023 09:30,0.0
08/11/2023 10:00,0.0
08/11/2023 10:30,0.0
08/11/2023 11:00,0.0
08/11/2023 11:30,0.0
08/11/2023 12:00,0.0
08/11/2023 12:30,0.0
08/11/2023 13:00,0.0
08/11/2023 13:30,0.0
08/11/2023 14:00,0.0
08/11/2023 14:30,0.0
08/11/2023 15:00,0.0
08/11/2023 15:30,0.0
08/11/2023 16:00,0.0
08/11/2023 16:30,0.0
08/11/2023 17:00,0.0
08/11/2023 17:30,0.0
08/11/2023 18:00,0.0
08/11/2023 18:30,0.0
08/11/2023 19:00,0.0
08/11/2023 19:30,0.0
08/11/2023 20:00,0.0
08/11/2023 20:30,0.0
08/11/2023 21:00,0.0
08/11/2023 21:30,0.0
08/11/2023 22:00,0.0
08/11/2023 22:30,0.0
08/11/2023 23:00,0.0
08/11/2023 23:30,0.0
08/12/2023 00:00,0.0
08/12/2023 00:30,0.0
08/12/2023 01:00,0.0
08/12/2023 01:30,0.0
08/12/2023 02:00,0.0
08/12/2023 02:30,0.0
08/12/2023 03:00,0.0
08/12/2023 03:30,0.0
08/12/2023 04:00,0.0
08/12/2023 04:30,0.0
08/12/2023 05:00,0.0
08/12/2023 05:30,0.0
08/12/2023 06:00,0.0
08/12/2023 06:30,0.0
08/12/2023 07:00,0.0
08/12/2023 07:30,0.0
08/12/2023 08:00,0.0
08/12/2023 08:30,0.0
08/12/2023 09:00,0.0
08/12/2023 09:30,0.0
08/12/2023 10:00,0.0
08/12/2023 10:30,0.0
08/12/2023 11:00,0.0
08/12/2023 11:30,0.0
08/12/2023 12:00,0.0
08/12/2023 12:30,0.0
08/12/2023 13:00,0.0
08/12/2023 13:30,0.0
08/12/2023 14:00,0.0
08/12/2023 14:30,0.0
08/12/2023 15:00,0.0
08/12/2023 15:30,0.0
08/12/2023 16:00,0.0
08/12/2023 16:30,0.0
08/12/2023 17:00,0.0
08/12/2023 17:30,0.0
08/12/2023 18:00,0.0
08/12/2023 18:30,0.0
08/12/2023 19:00,0.0
08/12/2023 19:30,0.0
08/12/2023 20:00,0.0
08/12/2023 20:30,0.0
08/12/2023 21:00,0.0
08/12/2023 21:30,0.0
08/12/2023 22:00,0.0
08/12/2023 22:30,0.0
08/12/2023 23:00,0.0
08/12/2023 23:30,0.0
08/13/2023 00:00,0.0
08/13/2023 00:30,0.0
08/13/2023 01:00,0.0
08/13/2023 01:30,0.0
08/13/2023 02:00,0.0
08/13/2023 02:30,0.0
08/13/2023 03:00,0.0
08/13/2023 03:30,0.0
08/13/2023 04:00,0.0
08/13/2023 04:30,0.0
08/13/2023 05:00,0.0
08/13/2023 05:30,0.0
08/13/2023 06:00,0.0
08/13/2023 06:30,0.0
08/13/2023 07:00,0.0
08/13/2023 07:30,0.0
08/13/2023 08:00,0.0
08/13/2023 08:30,0.0
08/13/2023 09:00,0.0
08/13/2023 09:30,0.0
08/13/2023 10:00,0.0
08/13/2023 10:30,0.0
08/13/2023 11:00,0.0
08/13/2023 11:30,0.0
08/13/2023 12:00,0.0
08/13/2023 12:30,0.0
08/13/2023 13:00,0.0
08/13/2023 13:30,0.0
08/13/2023 14:00,0.0
08/13/2023 14:30,0.0
08/13/2023 15:00,0.0
08/13/2023 15:30,0.0
08/13/2023 16:00,0.0
08/13/2023 16:30,0.0
08/13/2023 17:00,0.0
08/13/2023 17:30,0.0
08/13/2023 18:00,0.0
08/13/2023 18:30,0.0
08/13/2023 19:00,0.0
08/13/2023 19:30,0.0
08/13/2023 20:00,0.0
08/13/2023 20:30,0.0
08/13/2023 21:00,0.0
08/13/2023 21:30,0.0
08/13/2023 22:00,0.0
08/13/2023 22:30,0.0
08/13/2023 23:00,0.0
08/13/2023 23:30,0.0
08/14/2023 00:00,0.0
08/14/2023 00:30,0.0
08/14/2023 01:00,0.0
08/14/2023 01:30,0.0
08/14/2023 02:00,0.0
08/14/2023 02:30,0.0
08/14/2023 03:00,0.0
08/14/2023 03:30,0.0
08/14/2023 04:00,0.0
08/14/2023 04:30,0.0
08/14/2023 05:00,0.0
08/14/2023 05:30,0.0
08/14/2023 06:00,0.0
08/14/2023 06:30,0.0
08/14/2023 07:00,0.0
08/14/2023 07:30,0.0
08/14/2023 08:00,0.0
08/14/2023 08:30,0.0
08/14/2023 09:00,0.0
08/14/2023 09:30,0.0
08/14/2023 10:00,0.0
08/14/2023 10:30,0.0
08/14/2023 11:00,0.0
08/14/2023 11:30,0.0
08/14/2023 12:00,0.0
08/14/2023 12:30,0.0
08/14/2023 13:00,0.0
08/14/2023 13:30,0.0
08/14/2023 14:00,0.0
08/14/2023 14:30,0.0
08/14/2023 15:00,0.0
08/14/2023 15:30,0.0
08/14/2023 16:00,0.0
08/14/2023 16:30,0.0
08/14/2023 17:00,0.0
08/14/2023 17:30,0.0
08/14/2023 18:00,0.0
08/14/2023 18:30,0.0
08/14/2023 19:00,0.0
08/14/2023 19:30,0.0
08/14/2023 20:00,0.0
08/14/2023 20:30,0.0
08/14/2023 21:00,0.0
08/14/2023 21:30,0.0
08/14/2023 22:00,0.0
08/14/2023 22:30,0.0
08/14/2023 23:00,0.0
08/14/2023 23:30,0.0
08/15/2023 00:00,0.0
08/15/2023 00:30,0.0
08/15/2023 01:00,0.0
08/15/2023 01:30,0.0
08/15/2023 02:00,0.0
08/15/2023 02:30,0.0
08/15/2023 03:00,0.0
08/15/2023 03:30,0.0
08/15/2023 04:00,0.0
08/15/2023 04:30,0.0
08/15/2023 05:00,0.0
08/15/2023 05:30,0.0
08/15/2023 06:00,0.0
08/15/2023 06:30,0.0
08/15/2023 07:00,0.0
08/15/2023 07:30,0.0
08/15/2023 08:00,0.0
08/15/2023 08:30,0.0
08/15/2023 09:00,0.0
08/15/2023 09:30,0.0
08/15/2023 10:00,0.0
08/15/2023 10:30,0.0
08/15/2023 11:00,0.0
08/15/2023 11:30,0.0
08/15/2023 12:00,0.0
08/15/2023 12:30,0.0
08/15/2023 13:00,0.0
08/15/2023 13:30,0.0
08/15/2023 14:00,0.0
08/15/2023 14:30,0.0
08/15/2023 15:00,0.0
08/15/2023 15:30,0.0
08/15/2023 16:00,0.0
08/15/2023 16:30,0.0
08/15/2023 17:00,0.0
08/15/2023 17:30,0.0
08/15/2023 18:00,0.0
08/15/2023 18:30,0.0
08/15/2023 19:00,0.0
08/15/2023 19:30,0.0
08/15/2023 20:00,0.0
08/15/2023 20:30,0.0
08/15/2023 21:00,0.0
08/15/2023 21:30,0.0
08/15/2023 22:00,0.0
08/15/2023 22:30,0.0
08/15/2023 23:00,0.0
08/15/2023 23:30,0.0
08/16/2023 00:00,0.0
08/16/2023 00:30,0.0
08/16/2023 01:00,0.0
08/16/2023 01:30,0.0
08/16/2023 02:00,0.0
08/16/2023 02:30,0.0
08/16/2023 03:00,0.0
08/16/2023 03:30,0.0
08/16/2023 04:00,0.0
08/16/2023 04:30,0.0
08/16/2023 05:00,0.0
08/16/2023 05:30,0.0
08/16/2023 06:00,0.0
08/16/2023 06:30,0.0
08/16/2023 07:00,0.0
08/16/2023 07:30,0.0
08/16/2023 08:00,0.0
08/16/2023 08:30,0.0
08/16/2023 09:00,0.0
08/16/2023 09:30,0.0
08/16/2023 10:00,0.0
08/16/2023 10:30,0.0
08/16/2023 11:00,0.0
08/16/2023 11:30,0.0
08/16/2023 12:00,0.0
08/16/2023 12:30,0.0
08/16/2023 13:00,0.0
08/16/2023 13:30,0.0
08/16/2023 14:00,0.0
08/16/2023 14:30,0.0
08/16/2023 15:00,0.0
08/16/2023 15:30,0.0
08/16/2023 16:00,0.0
08/16/2023 16:30,0.0
08/16/2023 17:00,0.0
08/16/2023 17:30,0.0
08/16/2023 18:00,0.0
08/16/2023 18:30,0.0
08/16/2023 19:00,0.0
08/16/2023 19:30,0.0
08/16/2023 20:00,0.0
08/16/2023 20:30,0.0
08/16/2023 21:00,0.0
08/16/2023 21:30,0.0
08/16/2023 22:00,0.0
08/16/2023 22:30,0.0
08/16/2023 23:00,0.0
08/16/2023 23:30,0.0
08/17/2023 00:00,0.0
08/17/2023 00:30,0.0
08/17/2023 01:00,0.0
08/17/2023 01:30,0.0
08/17/2023 02:00,0.0
08/17/2023 02:30,0.0
08/17/2023 03:00,0.0
08/17/2023 03:30,0.0
08/17/2023 04:00,0.0
08/17/2023 04:30,0.0
08/17/2023 05:00,0.0
08/17/2023 05:30,0.0
08/17/2023 06:00,0.0
08/17/2023 06:30,0.0
08/17/2023 07:00,0.0
08/17/2023 07:30,0.0
08/17/2023 08:00,0.0
08/17/2023 08:30,0.0
08/17/2023 09:00,0.0
08/17/2023 09:30,0.0
08/17/2023 10:00,0.0
08/17/2023 10:30,0.0
08/17/2023 11:00,0.0
08/17/2023 11:30,0.0
08/17/2023 12:00,0.0
08/17/2023 12:30,0.0
08/17/2023 13:00,0.0
08/17/2023 13:30,0.0
08/17/2023 14:00,0.0
08/17/2023 14:30,0.0
08/17/2023 15:00,0.0
08/17/2023 15:30,0.0
08/17/2023 16:00,0.0
08/17/2023 16:30,0.0
08/17/2023 17:00,0.0
08/17/2023 17:30,0.0
08/17/2023 18:00,0.0
08/17/2023 18:30,0.0
08/17/2023 19:00,0.0
08/17/2023 19:30,0.0
08/17/2023 20:00,0.0
08/17/2023 20:30,0.0
08/17/2023 21:00,0.0
08/17/2023 21:30,0.0
08/17/2023 22:00,0.0
08/17/2023 22:30,0.0
08/17/2023 23:00,0.0
08/17/2023 23:30,0.0
08/18/2023 00:00,0.0
08/18/2023 00:30,0.0
08/18/2023 01:00,0.0
08/18/2023 01:30,0.0
08/18/2023 02:00,0.0
08/18/2023 02:30,0.0
08/18/2023 03:00,0.0
08/18/2023 03:30,0.0
08/18/2023 04:00,0.0
08/18/2023 04:30,0.0
08/18/2023 05:00,0.0
08/18/2023 05:30,0.0
08/18/2023 06:00,0.0
08/18/2023 06:30,0.0
08/18/2023 07:00,0.0
08/18/2023 07:30,0.0
08/18/2023 08:00,0.0
08/18/2023 08:30,0.0
08/18/2023 09:00,0.0
08/18/2023 09:30,0.0
08/18/2023 10:00,0.0
08/18/2023 10:30,0.0
08/18/2023 11:00,0.0
08/18/2023 11:30,0.0
08/18/2023 12:00,0.0
08/18/2023 12:30,0.0
08/18/2023 13:00,0.0
08/18/2023 13:30,0.0
08/18/2023 14:00,0.0
08/18/2023 14:30,0.0
08/18/2023 15:00,0.0
08/18/2023 15:30,0.0
08/18/2023 16:00,0.0
08/18/2023 16:30,0.0
08/18/2023 17:00,0.0
08/18/2023 17:30,0.0
08/18/2023 18:00,0.0
08/18/2023 18:30,0.0
08/18/2023 19:00,0.0
08/18/2023 19:30,0.0
08/18/2023 20:00,0.0
08/18/2023 20:30,0.0
08/18/2023 21:00,0.0
08/18/2023 21:30,0.0
08/18/2023 22:00,0.0
08/18/2023 22:30,0.0
08/18/2023 23:00,0.0
08/18/2023 23:30,0.0
08/19/2023 00:00,0.0
08/19/2023 00:30,0.0
08/19/2023 01:00,0.0
08/19/2023 01:30,0.0
08/19/2023 02:00,0.0
08/19/2023 02:30,0.0
08/19/2023 03:00,0.0
08/19/2023 03:30,0.0
08/19/2023 04:00,0.0
08/19/2023 04:30,0.0
08/19/2023 05:00,0.0
08/19/2023 05:30,0.0
08/19/2023 06:00,0.0
08/19/2023 06:30,0.0
08/19/2023 07:00,0.0
08/19/2023 07:30,0.0
08/19/2023 08:00,0.0
08/19/2023 08:30,0.0
08/19/2023 09:00,0.0
08/19/2023 09:30,0.0
08/19/2023 10:00,0.0
08/19/2023 10:30,0.0
08/19/2023 11:00,0.0
08/19/2023 11:30,0.0
08/19/2023 12:00,0.0
08/19/2023 12:30,0.0
08/19/2023 13:00,0.0
08/19/2023 13:30,0.0
08/19/2023 14:00,0.0
08/19/2023 14:30,0.0
08/19/2023 15:00,0.0
08/19/2023 15:30,0.0
08/19/2023 16:00,0.0
08/19/2023 16:30,0.0
08/19/2023 17:00,0.0
08/19/2023 17:30,0.0
08/19/2023 18:00,0.0
08/19/2023 18:30,0.0
08/19/2023 19:00,0.0
08/19/2023 19:30,0.0
08/19/2023 20:00,0.0
08/19/2023 20:30,0.0
08/19/2023 21:00,0.0
08/19/2023 21:30,0.0
08/19/2023 22:00,0.0
08/19/2023 22:30,0.0
08/19/2023 23:00,0.0
08/19/2023 23:30,0.0
08/20/2023 00:00,0.0
08/20/2023 00:30,0.0
08/20/2023 01:00,0.0
08/20/2023 01:30,0.0
08/20/2023 02:00,0.0
08/20/2023 02:30,0.0
08/20/2023 03:00,0.0
08/20/2023 03:30,0.0
08/20/2023 04:00,0.0
08/20/2023 04:30,0.0
08/20/2023 05:00,0.0
08/20/2023 05:30,0.0
08/20/2023 06:00,0.0
08/20/2023 06:30,0.0
08/20/2023 07:00,0.0
08/20/2023 07:30,0.0
08/20/2023 08:00,0.0
08/20/2023 08:30,0.0
08/20/2023 09:00,0.0
08/20/2023 09:30,0.0
08/20/2023 10:00,0.0
08/20/2023 10:30,0.0
08/20/2023 11:00,0.0
08/20/2023 11:30,0.0
08/20/2023 12:00,0.0
08/20/2023 12:30,0.0
08/20/2023 13:00,0.0
08/20/2023 13:30,0.0
08/20/2023 14:00,0.0
08/20/2023 14:30,0.0
08/20/2023 15:00,0.0
08/20/2023 15:30,0.0
08/20/2023 16:00,0.0
08/20/2023 16:30,0.0
08/20/2023 17:00,0.0
08/20/2023 17:30,0.0
08/20/2023 18:00,0.0
08/20/2023 18:30,0.0
08/20/2023 19:00,0.0
08/20/2023 19:30,0.0
08/20/2023 20:00,0.0
08/20/2023 20:30,0.0
08/20/2023 21:00,0.0
08/20/2023 21:30,0.0
08/20/2023 22:00,0.0
08/20/2023 22:30,0.0
08/20/2023 23:00,0.0
08/20/2023 23:30,0.0
08/21/2023 00:00,0.0
08/21/2023 00:30,0.0
08/21/2023 01:00,0.0
08/21/2023 01:30,0.0
08/21/2023 02:00,0.0
08/21/2023 02:30,0.0
08/21/2023 03:00,0.0
08/21/2023 03:30,0.0
08/21/2023 04:00,0.0
08/21/2023 04:30,0.0
08/21/2023 05:00,0.0
08/21/2023 05:30,0.0
08/21/2023 06:00,0.0
08/21/2023 06:30,0.0
08/21/2023 07:00,0.0
08/21/2023 07:30,0.0
08/21/2023 08:00,0.0
08/21/2023 08:30,0.0
08/21/2023 09:00,0.0
08/21/2023 09:30,0.0
08/21/2023 10:00,0.0
08/21/2023 10:30,0.0
08/21/2023 11:00,0.0
08/21/2023 11:30,0.0
08/21/2023 12:00,0.0
08/21/2023 12:30,0.0
08/21/2023 13:00,0.0
08/21/2023 13:30,0.0
08/21/2023 14:00,0.0
08/21/2023 14:30,0.0
08/21/2023 15:00,0.0
08/21/2023 15:30,0.0
08/21/2023 16:00,0.0
08/21/2023 16:30,0.0
08/21/2023 17:00,0.0
08/21/2023 17:30,0.0
08/21/2023 18:00,0.0
08/21/2023 18:30,0.0
08/21/2023 19:00,0.0
08/21/2023 19:30,0.0
08/21/2023 20:00,0.0
08/21/2023 20:30,0.0
08/21/2023 21:00,0.0
08/21/2023 21:30,0.0
08/21/2023 22:00,0.0
08/21/2023 22:30,0.0
08/21/2023 23:00,0.0
08/21/2023 23:30,0.0
08/22/2023 00:00,0.0
08/22/2023 00:30,0.0
08/22/2023 01:00,0.0
08/22/2023 01:30,0.0
08/22/2023 02:00,0.0
08/22/2023 02:30,0.0
08/22/2023 03:00,0.0
08/22/2023 03:30,0.0
08/22/2023 04:00,0.0
08/22/2023 04:30,0.0
08/22/2023 05:00,0.0
08/22/2023 05:30,0.0
08/22/2023 06:00,0.0
08/22/2023 06:30,0.0
08/22/2023 07:00,0.0
08/22/2023 07:30,0.0
08/22/2023 08:00,0.0
08/22/2023 08:30,0.0
08/22/2023 09:00,0.0
08/22/2023 09:30,0.0
08/22/2023 10:00,0.0
08/22/2023 10:30,0.0
08/22/2023 11:00,0.0
08/22/2023 11:30,0.0
08/22/2023 12:00,0.0
08/22/2023 12:30,0.0
08/22/2023 13:00,0.0
08/22/2023 13:30,0.0
08/22/2023 14:00,0.0
08/22/2023 14:30,0.0
08/22/2023 15:00,0.0
08/22/2023 15:30,0.0
08/22/2023 16:00,0.0
08/22/2023 16:30,0.0
08/22/2023 17:00,0.0
08/22/2023 17:30,0.0
08/22/2023 18:00,0.0
08/22/2023 18:30,0.0
08/22/2023 19:00,0.0
08/22/2023 19:30,0.0
08/22/2023 20:00,0.0
08/22/2023 20:30,0.0
08/22/2023 21:00,0.0
08/22/2023 21:30,0.0
08/22/2023 22:00,0.0
08/22/2023 22:30,0.0
08/22/2023 23:00,0.0
08/22/2023 23:30,0.0
08/23/2023 00:00,0.0
08/23/2023 00:30,0.0
08/23/2023 01:00,0.0
08/23/2023 01:30,0.0
08/23/2023 02:00,0.0
08/23/2023 02:30,0.0
08/23/2023 03:00,0.0
08/23/2023 03:30,0.0
08/23/2023 04:00,0.0
08/23/2023 04:30,0.0
08/23/2023 05:00,0.0
08/23/2023 05:30,0.0
08/23/2023 06:00,0.0
08/23/2023 06:30,0.0
08/23/2023 07:00,0.0
08/23/2023 07:30,0.0
08/23/2023 08:00,0.0
08/23/2023 08:30,0.0
08/23/2023 09:00,0.0
08/23/2023 09:30,0.0
08/23/2023 10:00,0.0
08/23/2023 10:30,0.0
08/23/2023 11:00,0.0
08/23/2023 11:30,0.0
08/23/2023 12:00,0.0
08/23/2023 12:30,0.0
08/23/2023 13:00,0.0
08/23/2023 13:30,0.0
08/23/2023 14:00,0.0
08/23/2023 14:30,0.0
08/23/2023 15:00,0.0
08/23/2023 15:30,0.0
08/23/2023 16:00,0.0
08/23/2023 16:30,0.0
08/23/2023 17:00,0.0
08/23/2023 17:30,0.0
08/23/2023 18:00,0.0
08/23/2023 18:30,0.0
08/23/2023 19:00,0.0
08/23/2023 19:30,0.0
08/23/2023 20:00,0.0
08/23/2023 20:30,0.0
08/23/2023 21:00,0.0
08/23/2023 21:30,0.0
08/23/2023 22:00,0.0
08/23/2023 22:30,0.0
08/23/2023 23:00,0.0
08/23/2023 23:30,0.0
08/24/2023 00:00,0.0
08/24/2023 00:30,0.0
08/24/2023 01:00,0.0
08/24/2023 01:30,0.0
08/24/2023 02:00,0.0
08/24/2023 02:30,0.0
08/24/2023 03:00,0.0
08/24/2023 03:30,0.0
08/24/2023 04:00,0.0
08/24/2023 04:30,0.0
08/24/2023 05:00,0.0
08/24/2023 05:30,0.0
08/24/2023 06:00,0.0
08/24/2023 06:30,0.0
08/24/2023 07:00,0.0
08/24/2023 07:30,0.0
08/24/2023 08:00,0.0
08/24/2023 08:30,0.0
08/24/2023 09:00,0.0
08/24/2023 09:30,0.0
08/24/2023 10:00,0.0
08/24/2023 10:30,0.0
08/24/2023 11:00,0.0
08/24/2023 11:30,0.0
08/24/2023 12:00,0.0
08/24/2023 12:30,0.0
08/24/2023 13:00,0.0
08/24/2023 13:30,0.0
08/24/2023 14:00,0.0
08/24/2023 14:30,0.0
08/24/2023 15:00,0.0
08/24/2023 15:30,0.0
08/24/2023 16:00,0.0
08/24/2023 16:30,0.0
08/24/2023 17:00,0.0
08/24/2023 17:30,0.0
08/24/2023 18:00,0.0
08/24/2023 18:30,0.0
08/24/2023 19:00,0.0
08/24/2023 19:30,0.0
08/24/2023 20:00,0.0
08/24/2023 20:30,0.0
08/24/2023 21:00,0.0
08/24/2023 21:30,0.0
08/24/2023 22:00,0.0
08/24/2023 22:30,0.0
08/24/2023 23:00,0.0
08/24/2023 23:30,0.0
08/25/2023 00:00,0.0
08/25/2023 00:30,0.0
08/25/2023 01:00,0.0
08/25/2023 01:30,0.0
08/25/2023 02:00,0.0
08/25/2023 02:30,0.0
08/25/2023 03:00,0.0
08/25/2023 03:30,0.0
08/25/2023 04:00,0.0
08/25/2023 04:30,0.0
08/25/2023 05:00,0.0
08/25/2023 05:30,0.0
08/25/2023 06:00,0.0
08/25/2023 06:30,0.0
08/25/2023 07:00,0.0
08/25/2023 07:30,0.0
08/25/2023 08:00,0.0
08/25/2023 08:30,0.0
08/25/2023 09:00,0.0
08/25/2023 09:30,0.0
08/25/2023 10:00,0.0
08/25/2023 10:30,0.0
08/25/2023 11:00,0.0
08/25/2023 11:30,0.0
08/25/2023 12:00,0.0
08/25/2023 12:30,0.0
08/25/2023 13:00,0.0
08/25/2023 13:30,0.0
08/25/2023 14:00,0.0
08/25/2023 14:30,0.0
08/25/2023 15:00,0.0
08/25/2023 15:30,0.0
08/25/2023 16:00,0.0
08/25/2023 16:30,0.0
08/25/2023 17:00,0.0
08/25/2023 17:30,0.0
08/25/2023 18:00,0.0
08/25/2023 18:30,0.0
08/25/2023 19:00,0.0
08/25/2023 19:30,0.0
08/25/2023 20:00,0.0
08/25/2023 20:30,0.0
08/25/2023 21:00,0.0
08/25/2023 21:30,0.0
08/25/2023 22:00,0.0
08/25/2023 22:30,0.0
08/25/2023 23:00,0.0
08/25/2023 23:30,0.0
08/26/2023 00:00,0.0
08/26/2023 00:30,0.0
08/26/2023 01:00,0.0
08/26/2023 01:30,0.0
08/26/2023 02:00,0.0
08/26/2023 02:30,0.0
08/26/2023 03:00,0.0
08/26/2023 03:30,0.0
08/26/2023 04:00,0.0
08/26/2023 04:30,0.0
08/26/2023 05:00,0.0
08/26/2023 05:30,0.0
08/26/2023 06:00,0.0
08/26/2023 06:30,0.0
08/26/2023 07:00,0.0
08/26/2023 07:30,0.0
08/26/2023 08:00,0.0
08/26/2023 08:30,0.0
08/26/2023 09:00,0.0
08/26/2023 09:30,0.0
08/26/2023 10:00,0.0
08/26/2023 10:30,0.0
08/26/2023 11:00,0.0
08/26/2023 11:30,0.0
08/26/2023 12:00,0.0
08/26/2023 12:30,0.0
08/26/2023 13:00,0.0
08/26/2023 13:30,0.0
08/26/2023 14:00,0.0
08/26/2023 14:30,0.0
08/26/2023 15:00,0.0
08/26/2023 15:30,0.0
08/26/2023 16:00,0.0
08/26/2023 16:30,0.0
08/26/2023 17:00,0.0
08/26/2023 17:30,0.0
08/26/2023 18:00,0.0
08/26/2023 18:30,0.0
08/26/2023 19:00,0.0
08/26/2023 19:30,0.0
08/26/2023 20:00,0.0
08/26/2023 20:30,0.0
08/26/2023 21:00,0.0
08/26/2023 21:30,0.0
08/26/2023 22:00,0.0
08/26/2023 22:30,0.0
08/26/2023 23:00,0.0
08/26/2023 23:30,0.0
08/27/2023 00:00,0.0
08/27/2023 00:30,0.0
08/27/2023 01:00,0.0
08/27/2023 01:30,0.0
08/27/2023 02:00,0.0
08/27/2023 02:30,0.0
08/27/2023 03:00,0.0
08/27/2023 03:30,0.0
08/27/2023 04:00,0.0
08/27/2023 04:30,0.0
08/27/2023 05:00,0.0
08/27/2023 05:30,0.0
08/27/2023 06:00,0.0
08/27/2023 06:30,0.0
08/27/2023 07:00,0.0
08/27/2023 07:30,0.0
08/27/2023 08:00,0.0
08/27/2023 08:30,0.0
08/27/2023 09:00,0.0
08/27/2023 09:30,0.0
08/27/2023 10:00,0.0
08/27/2023 10:30,0.0
08/27/2023 11:00,0.0
08/27/2023 11:30,0.0
08/27/2023 12:00,0.0
08/27/2023 12:30,0.0
08/27/2023 13:00,0.0
08/27/2023 13:30,0.0
08/27/2023 14:00,0.0
08/27/2023 14:30,0.0
08/27/2023 15:00,0.0
08/27/2023 15:30,0.0
08/27/2023 16:00,0.0
08/27/2023 16:30,0.0
08/27/2023 17:00,0.0
08/27/2023 17:30,0.0
08/27/2023 18:00,0.0
08/27/2023 18:30,0.0
08/27/2023 19:00,0.0
08/27/2023 19:30,0.0
08/27/2023 20:00,0.0
08/27/2023 20:30,0.0
08/27/2023 21:00,0.0
08/27/2023 21:30,0.0
08/27/2023 22:00,0.0
08/27/2023 22:30,0.0
08/27/2023 23:00,0.0
08/27/2023 23:30,0.0
08/28/2023 00:00,0.0
08/28/2023 00:30,0.0
08/28/2023 01:00,0.0
08/28/2023 01:30,0.0
08/28/2023 02:00,0.0
08/28/2023 02:30,0.0
08/28/2023 03:00,0.0
08/28/2023 03:30,0.0
08/28/2023 04:00,0.0
08/28/2023 04:30,0.0
08/28/2023 05:00,0.0
08/28/2023 05:30,0.0
08/28/2023 06:00,0.0
08/28/2023 06:30,0.0
08/28/2023 07:00,0.0
08/28/2023 07:30,0.0
08/28/2023 08:00,0.0
08/28/2023 08:30,0.0
08/28/2023 09:00,0.0
08/28/2023 09:30,0.0
08/28/2023 10:00,0.0
08/28/2023 10:30,0.0
08/28/2023 11:00,0.0
08/28/2023 11:30,0.0
08/28/2023 12:00,0.0
08/28/2023 12:30,0.0
08/28/2023 13:00,0.0
08/28/2023 13:30,0.0
08/28/2023 14:00,0.0
08/28/2023 14:30,0.0
08/28/2023 15:00,0.0
08/28/2023 15:30,0.0
08/28/2023 16:00,0.0
08/28/2023 16:30,0.0
08/28/2023 17:00,0.0
08/28/2023 17:30,0.0
08/28/2023 18:00,0.0
08/28/2023 18:30,0.0
08/28/2023 19:00,0.0
08/28/2023 19:30,0.0
08/28/2023 20:00,0.0
08/28/2023 20:30,0.0
08/28/2023 21:00,0.0
08/28/2023 21:30,0.0
08/28/2023 22:00,0.0
08/28/2023 22:30,0.0
08/28/2023 23:00,0.0
08/28/2023 23:30,0.0
08/29/2023 00:00,0.0
08/29/2023 00:30,0.0
08/29/2023 01:00,0.0
08/29/2023 01:30,0.0
08/29/2023 02:00,0.0
08/29/2023 02:30,0.0
08/29/2023 03:00,0.0
08/29/2023 03:30,0.0
08/29/2023 04:00,0.0
08/29/2023 04:30,0.0
08/29/2023 05:00,0.0
08/29/2023 05:30,0.0
08/29/2023 06:00,0.0
08/29/2023 06:30,0.0
08/29/2023 07:00,0.0
08/29/2023 07:30,0.0
08/29/2023 08:00,0.0
08/29/2023 08:30,0.0
08/29/2023 09:00,0.0
08/29/2023 09:30,0.0
08/29/2023 10:00,0.0
08/29/2023 10:30,0.0
08/29/2023 11:00,0.0
08/29/2023 11:30,0.0
08/29/2023 12:00,0.0
08/29/2023 12:30,0.0
08/29/2023 13:00,0.0
08/29/2023 13:30,0.0
08/29/2023 14:00,0.0
08/29/2023 14:30,0.0
08/29/2023 15:00,0.0
08/29/2023 15:30,0.0
08/29/2023 16:00,0.0
08/29/2023 16:30,0.0
08/29/2023 17:00,0.0
08/29/2023 17:30,0.0
08/29/2023 18:00,0.0
08/29/2023 18:30,0.0
08/29/2023 19:00,0.0
08/29/2023 19:30,0.0
08/29/2023 20:00,0.0
08/29/2023 20:30,0.0
08/29/2023 21:00,0.0
08/29/2023 21:30,0.0
08/29/2023 22:00,0.0
08/29/2023 22:30,0.0
08/29/2023 23:00,0.0
08/29/2023 23:30,0.0
08/30/2023 00:00,0.0
08/30/2023 00:30,0.0
08/30/2023 01:00,0.0
08/30/2023 01:30,0.0
08/30/2023 02:00,0.0
08/30/2023 02:30,0.0
08/30/2023 03:00,0.0
08/30/2023 03:30,0.0
08/30/2023 04:00,0.0
08/30/2023 04:30,0.0
08/30/2023 05:00,0.0
08/30/2023 05:30,0.0
08/30/2023 06:00,0.0
08/30/2023 06:30,0.0
08/30/2023 07:00,0.0
08/30/2023 07:30,0.0
08/30/2023 08:00,0.0
08/30/2023 08:30,0.0
08/30/2023 09:00,0.0
08/30/2023 09:30,0.0
08/30/2023 10:00,0.0
08/30/2023 10:30,0.0
08/30/2023 11:00,0.0
08/30/2023 11:30,0.0
08/30/2023 12:00,0.0
08/30/2023 12:30,0.0
08/30/2023 13:00,0.0
08/30/2023 13:30,0.0
08/30/2023 14:00,0.0
08/30/2023 14:30,0.0
08/30/2023 15:00,0.0
08/30/2023 15:30,0.0
08/30/2023 16:00,0.0
08/30/2023 16:30,0.0
08/30/2023 17:00,0.0
08/30/2023 17:30,0.0
08/30/2023 18:00,0.0
08/30/2023 18:30,0.0
08/30/2023 19:00,0.0
08/30/2023 19:30,0.0
08/30/2023 20:00,0.0
08/30/2023 20:30,0.0
08/30/2023 21:00,0.0
08/30/2023 21:30,0.0
08/30/2023 22:00,0.0
08/30/2023 22:30,0.0
08/30/2023 23:00,0.0
08/30/2023 23:30,0.0
08/31/2023 00:00,0.0
08/31/2023 00:30,0.0
08/31/2023 01:00,0.0
08/31/2023 01:30,0.0
08/31/2023 02:00,0.0
08/31/2023 02:30,0.0
08/31/2023 03:00,0.0
08/31/2023 03:30,0.0
08/31/2023 04:00,0.0
08/31/2023 04:30,0.0
08/31/2023 05:00,0.0
08/31/2023 05:30,0.0
08/31/2023 06:00,0.0
08/31/2023 06:30,0.0
08/31/2023 07:00,0.0
08/31/2023 07:30,0.0
08/31/2023 08:00,0.0
08/31/2023 08:30,0.0
08/31/2023 09:00,0.0
08/31/2023 09:30,0.0
08/31/2023 10:00,0.0
08/31/2023 10:30,0.0
08/31/2023 11:00,0.0
08/31/2023 11:30,0.0
08/31/2023 12:00,0.0
08/31/2023 12:30,0.0
08/31/2023 13:00,0.0
08/31/2023 13:30,0.0
08/31/2023 14:00,0.0
08/31/2023 14:30,0.0
08/31/2023 15:00,0.0
08/31/2023 15:30,0.0
08/31/2023 16:00,0.0
08/31/2023 16:30,0.0
08/31/2023 17:00,0.0
08/31/2023 17:30,0.0
08/31/2023 18:00,0.0
08/31/2023 18:30,0.0
08/31/2023 19:00,0.0
08/31/2023 19:30,0.0
08/31/2023 20:00,0.0
08/31/2023 20:30,0.0
08/31/2023 21:00,0.0
08/31/2023 21:30,0.0
08/31/2023 22:00,0.0
08/31/2023 22:30,0.0
08/31/2023 23:00,0.0
08/31/2023 23:30,0.0
09/01/2023 00:00,0.0
09/01/2023 00:30,0.0
09/01/2023 01:00,0.0
09/01/2023 01:30,0.0
09/01/2023 02:00,0.0
09/01/2023 02:30,0.0
09/01/2023 03:00,0.0
09/01/2023 03:30,0.0
09/01/2023 04:00,0.0
09/01/2023 04:30,0.0
09/01/2023 05:00,0.0
09/01/2023 05:30,0.0
09/01/2023 06:00,0.0
09/01/2023 06:30,0.0
09/01/2023 07:00,0.0
09/01/2023 07:30,0.0
09/01/2023 08:00,0.0
09/01/2023 08:30,0.0
09/01/2023 09:00,0.0
09/01/2023 09:30,0.0
09/01/2023 10:00,0.0
09/01/2023 10:30,0.0
09/01/2023 11:00,0.0
09/01/2023 11:30,0.0
09/01/2023 12:00,0.0
09/01/2023 12:30,0.0
09/01/2023 13:00,0.0
09/01/2023 13:30,0.0
09/01/2023 14:00,0.0
09/01/2023 14:30,0.0
09/01/2023 15:00,0.0
09/01/2023 15:30,0.0
09/01/2023 16:00,0.0
09/01/2023 16:30,0.0
09/01/2023 17:00,0.0
09/01/2023 17:30,0.0
09/01/2023 18:00,0.0
09/01/2023 18:30,0.0
09/01/2023 19:00,0.0
09/01/2023 19:30,0.0
09/01/2023 20:00,0.0
09/01/2023 20:30,0.0
09/01/2023 21:00,0.0
09/01/2023 21:30,0.0
09/01/2023 22:00,0.0
09/01/2023 22:30,0.0
09/01/2023 23:00,0.0
09/01/2023 23:30,0.0
09/02/2023 00:00,0.0
09/02/2023 00:30,0.0
09/02/2023 01:00,0.0
09/02/2023 01:30,0.0
09/02/2023 02:00,0.0
09/02/2023 02:30,0.0
09/02/2023 03:00,0.0
09/02/2023 03:30,0.0
09/02/2023 04:00,0.0
09/02/2023 04:30,0.0
09/02/2023 05:00,0.0
09/02/2023 05:30,0.0
09/02/2023 06:00,0.0
09/02/2023 06:30,0.0
09/02/2023 07:00,0.0
09/02/2023 07:30,0.0
09/02/2023 08:00,0.0
09/02/2023 08:30,0.0
09/02/2023 09:00,0.0
09/02/2023 09:30,0.0
09/02/2023 10:00,0.0
09/02/2023 10:30,0.0
09/02/2023 11:00,0.0
09/02/2023 11:30,0.0
09/02/2023 12:00,0.0
09/02/2023 12:30,0.0
09/02/2023 13:00,0.0
09/02/2023 13:30,0.0
09/02/2023 14:00,0.0
09/02/2023 14:30,0.0
09/02/2023 15:00,0.0
09/02/2023 15:30,0.0
09/02/2023 16:00,0.0
09/02/2023 16:30,0.0
09/02/2023 17:00,0.0
09/02/2023 17:30,0.0
09/02/2023 18:00,0.0
09/02/2023 18:30,0.0
09/02/2023 19:00,0.0
09/02/2023 19:30,0.0
09/02/2023 20:00,0.0
09/02/2023 20:30,0.0
09/02/2023 21:00,0.0
09/02/2023 21:30,0.0
09/02/2023 22:00,0.0
09/02/2023 22:30,0.0
09/02/2023 23:00,0.0
09/02/2023 23:30,0.0
09/03/2023 00:00,0.0
09/03/2023 00:30,0.0
09/03/2023 01:00,0.0
09/03/2023 01:30,0.0
09/03/2023 02:00,0.0
09/03/2023 02:30,0.0
09/03/2023 03:00,0.0
09/03/2023 03:30,0.0
09/03/2023 04:00,0.0
09/03/2023 04:30,0.0
09/03/2023 05:00,0.0
09/03/2023 05:30,0.0
09/03/2023 06:00,0.0
09/03/2023 06:30,0.0
09/03/2023 07:00,0.0
09/03/2023 07:30,0.0
09/03/2023 08:00,0.0
09/03/2023 08:30,0.0
09/03/2023 09:00,0.0
09/03/2023 09:30,0.0
09/03/2023 10:00,0.0
09/03/2023 10:30,0.0
09/03/2023 11:00,0.0
09/03/2023 11:30,0.0
09/03/2023 12:00,0.0
09/03/2023 12:30,0.0
09/03/2023 13:00,0.0
09/03/2023 13:30,0.0
09/03/2023 14:00,0.0
09/03/2023 14:30,0.0
09/03/2023 15:00,0.0
09/03/2023 15:30,0.0
09/03/2023 16:00,0.0
09/03/2023 16:30,0.0
09/03/2023 17:00,0.0
09/03/2023 17:30,0.0
09/03/2023 18:00,0.0
09/03/2023 18:30,0.0
09/03/2023 19:00,0.0
09/03/2023 19:30,0.0
09/03/2023 20:00,0.0
09/03/2023 20:30,0.0
09/03/2023 21:00,0.0
09/03/2023 21:30,0.0
09/03/2023 22:00,0.0
09/03/2023 22:30,0.0
09/03/2023 23:00,0.0
09/03/2023 23:30,0.0
09/04/2023 00:00,0.0
09/04/2023 00:30,0.0
09/04/2023 01:00,0.0
09/04/2023 01:30,0.0
09/04/2023 02:00,0.0
09/04/2023 02:30,0.0
09/04/2023 03:00,0.0
09/04/2023 03:30,0.0
09/04/2023 04:00,0.0
09/04/2023 04:30,0.0
09/04/2023 05:00,0.0
09/04/2023 05:30,0.0
09/04/2023 06:00,0.0
09/04/2023 06:30,0.0
09/04/2023 07:00,0.0
09/04/2023 07:30,0.0
09/04/2023 08:00,0.0
09/04/2023 08:30,0.0
09/04/2023 09:00,0.0
09/04/2023 09:30,0.0
09/04/2023 10:00,0.0
09/04/2023 10:30,0.0
09/04/2023 11:00,0.0
09/04/2023 11:30,0.0
09/04/2023 12:00,0.0
09/04/2023 12:30,0.0
09/04/2023 13:00,0.0
09/04/2023 13:30,0.0
09/04/2023 14:00,0.0
09/04/2023 14:30,0.0
09/04/2023 15:00,0.0
09/04/2023 15:30,0.0
09/04/2023 16:00,0.0
09/04/2023 16:30,0.0
09/04/2023 17:00,0.0
09/04/2023 17:30,0.0
09/04/2023 18:00,0.0
09/04/2023 18:30,0.0
09/04/2023 19:00,0.0
09/04/2023 19:30,0.0
09/04/2023 20:00,0.0
09/04/2023 20:30,0.0
09/04/2023 21:00,0.0
09/04/2023 21:30,0.0
09/04/2023 22:00,0.0
09/04/2023 22:30,0.0
09/04/2023 23:00,0.0
09/04/2023 23:30,0.0
09/05/2023 00:00,0.0
09/05/2023 00:30,0.0
09/05/2023 01:00,0.0
09/05/2023 01:30,0.0
09/05/2023 02:00,0.0
09/05/2023 02:30,0.0
09/05/2023 03:00,0.0
09/05/2023 03:30,0.0
09/05/2023 04:00,0.0
09/05/2023 04:30,0.0
09/05/2023 05:00,0.0
09/05/2023 05:30,0.0
09/05/2023 06:00,0.0
09/05/2023 06:30,0.0
09/05/2023 07:00,0.0
09/05/2023 07:30,0.0
09/05/2023 08:00,0.0
09/05/2023 08:30,0.0
09/05/2023 09:00,0.0
09/05/2023 09:30,0.0
09/05/2023 10:00,0.0
09/05/2023 10:30,0.0
09/05/2023 11:00,0.0
09/05/2023 11:30,0.0
09/05/2023 12:00,0.0
09/05/2023 12:30,0.0
09/05/2023 13:00,0.0
09/05/2023 13:30,0.0
09/05/2023 14:00,0.0
09/05/2023 14:30,0.0
09/05/2023 15:00,0.0
09/05/2023 15:30,0.0
09/05/2023 16:00,0.0
09/05/2023 16:30,0.0
09/05/2023 17:00,0.0
09/05/2023 17:30,0.0
09/05/2023 18:00,0.0
09/05/2023 18:30,0.0
09/05/2023 19:00,0.0
09/05/2023 19:30,0.0
09/05/2023 20:00,0.0
09/05/2023 20:30,0.0
09/05/2023 21:00,0.0
09/05/2023 21:30,0.0
09/05/2023 22:00,0.0
09/05/2023 22:30,0.0
09/05/2023 23:00,0.0
09/05/2023 23:30,0.0
09/06/2023 00:00,0.0
09/06/2023 00:30,0.0
09/06/2023 01:00,0.0
09/06/2023 01:30,0.0
09/06/2023 02:00,0.0
09/06/2023 02:30,0.0
09/06/2023 03:00,0.0
09/06/2023 03:30,0.0
09/06/2023 04:00,0.0
09/06/2023 04:30,0.0
09/06/2023 05:00,0.0
09/06/2023 05:30,0.0
09/06/2023 06:00,0.0
09/06/2023 06:30,0.0
09/06/2023 07:00,0.0
09/06/2023 07:30,0.0
09/06/2023 08:00,0.0
09/06/2023 08:30,0.0
09/06/2023 09:00,0.0
09/06/2023 09:30,0.0
09/06/2023 10:00,0.0
09/06/2023 10:30,0.0
09/06/2023 11:00,0.0
09/06/2023 11:30,0.0
09/06/2023 12:00,0.0
09/06/2023 12:30,0.0
09/06/2023 13:00,0.0
09/06/2023 13:30,0.0
09/06/2023 14:00,0.0
09/06/2023 14:30,0.0
09/06/2023 15:00,0.0
09/06/2023 15:30,0.0
09/06/2023 16:00,0.0
09/06/2023 16:30,0.0
09/06/2023 17:00,0.0
09/06/2023 17:30,0.0
09/06/2023 18:00,0.0
09/06/2023 18:30,0.0
09/06/2023 19:00,0.0
09/06/2023 19:30,0.0
09/06/2023 20:00,0.0
09/06/2023 20:30,0.0
09/06/2023 21:00,0.0
09/06/2023 21:30,0.0
09/06/2023 22:00,0.0
09/06/2023 22:30,0.0
09/06/2023 23:00,0.0
09/06/2023 23:30,0.0
09/07/2023 00:00,0.0
09/07/2023 00:30,0.0
09/07/2023 01:00,0.0
09/07/2023 01:30,0.0
09/07/2023 02:00,0.0
09/07/2023 02:30,0.0
09/07/2023 03:00,0.0
09/07/2023 03:30,0.0
09/07/2023 04:00,0.0
09/07/2023 04:30,0.0
09/07/2023 05:00,0.0
09/07/2023 05:30,0.0
09/07/2023 06:00,0.0
09/07/2023 06:30,0.0
09/07/2023 07:00,0.0
09/07/2023 07:30,0.0
09/07/2023 08:00,0.0
09/07/2023 08:30,0.0
09/07/2023 09:00,0.0
09/07/2023 09:30,0.0
09/07/2023 10:00,0.0
09/07/2023 10:30,0.0
09/07/2023 11:00,0.0
09/07/2023 11:30,0.0
09/07/2023 12:00,0.0
09/07/2023 12:30,0.0
09/07/2023 13:00,0.0
09/07/2023 13:30,0.0
09/07/2023 14:00,0.0
09/07/2023 14:30,0.0
09/07/2023 15:00,0.0
09/07/2023 15:30,0.0
09/07/2023 16:00,0.0
09/07/2023 16:30,0.0
09/07/2023 17:00,0.0
09/07/2023 17:30,0.0
09/07/2023 18:00,0.0
09/07/2023 18:30,0.0
09/07/2023 19:00,0.0
09/07/2023 19:30,0.0
09/07/2023 20:00,0.0
09/07/2023 20:30,0.0
09/07/2023 21:00,0.0
09/07/2023 21:30,0.0
09/07/2023 22:00,0.0
09/07/2023 22:30,0.0
09/07/2023 23:00,0.0
09/07/2023 23:30,0.0
09/08/2023 00:00,0.0
09/08/2023 00:30,0.0
09/08/2023 01:00,0.0
09/08/2023 01:30,0.0
09/08/2023 02:00,0.0
09/08/2023 02:30,0.0
09/08/2023 03:00,0.0
09/08/2023 03:30,0.0
09/08/2023 04:00,0.0
09/08/2023 04:30,0.0
09/08/2023 05:00,0.0
09/08/2023 05:30,0.0
09/08/2023 06:00,0.0
09/08/2023 06:30,0.0
09/08/2023 07:00,0.0
09/08/2023 07:30,0.0
09/08/2023 08:00,0.0
09/08/2023 08:30,0.0
09/08/2023 09:00,0.0
09/08/2023 09:30,0.0
09/08/2023 10:00,0.0
09/08/2023 10:30,0.0
09/08/2023 11:00,0.0
09/08/2023 11:30,0.0
09/08/2023 12:00,0.0
09/08/2023 12:30,0.0
09/08/2023 13:00,0.0
09/08/2023 13:30,0.0
09/08/2023 14:00,0.0
09/08/2023 14:30,0.0
09/08/2023 15:00,0.0
09/08/2023 15:30,0.0
09/08/2023 16:00,0.0
09/08/2023 16:30,0.0
09/08/2023 17:00,0.0
09/08/2023 17:30,0.0
09/08/2023 18:00,0.0
09/08/2023 18:30,0.0
09/08/2023 19:00,0.0
09/08/2023 19:30,0.0
09/08/2023 20:00,0.0
09/08/2023 20:30,0.0
09/08/2023 21:00,0.0
09/08/2023 21:30,0.0
09/08/2023 22:00,0.0
09/08/2023 22:30,0.0
09/08/2023 23:00,0.0
09/08/2023 23:30,0.0
09/09/2023 00:00,0.0
09/09/2023 00:30,0.0
09/09/2023 01:00,0.0
09/09/2023 01:30,0.0
09/09/2023 02:00,0.0
09/09/2023 02:30,0.0
09/09/2023 03:00,0.0
09/09/2023 03:30,0.0
09/09/2023 04:00,0.0
09/09/2023 04:30,0.0
09/09/2023 05:00,0.0
09/09/2023 05:30,0.0
09/09/2023 06:00,0.0
09/09/2023 06:30,0.0
09/09/2023 07:00,0.0
09/09/2023 07:30,0.0
09/09/2023 08:00,0.0
09/09/2023 08:30,0.0
09/09/2023 09:00,0.0
09/09/2023 09:30,0.0
09/09/2023 10:00,0.0
09/09/2023 10:30,0.0
09/09/2023 11:00,0.0
09/09/2023 11:30,0.0
09/09/2023 12:00,0.0
09/09/2023 12:30,0.0
09/09/2023 13:00,0.0
09/09/2023 13:30,0.0
09/09/2023 14:00,0.0
09/09/2023 14:30,0.0
09/09/2023 15:00,0.0
09/09/2023 15:30,0.0
09/09/2023 16:00,0.0
09/09/2023 16:30,0.0
09/09/2023 17:00,0.0
09/09/2023 17:30,0.0
09/09/2023 18:00,0.0
09/09/2023 18:30,0.0
09/09/2023 19:00,0.0
09/09/2023 19:30,0.0
09/09/2023 20:00,0.0
09/09/2023 20:30,0.0
09/09/2023 21:00,0.0
09/09/2023 21:30,0.0
09/09/2023 22:00,0.0
09/09/2023 22:30,0.0
09/09/2023 23:00,0.0
09/09/2023 23:30,0.0
09/10/2023 00:00,0.0
09/10/2023 00:30,0.0
09/10/2023 01:00,0.0
09/10/2023 01:30,0.0
09/10/2023 02:00,0.0
09/10/2023 02:30,0.0
09/10/2023 03:00,0.0
09/10/2023 03:30,0.0
09/10/2023 04:00,0.0
09/10/2023 04:30,0.0
09/10/2023 05:00,0.0
09/10/2023 05:30,0.0
09/10/2023 06:00,0.0
09/10/2023 06:30,0.0
09/10/2023 07:00,0.0
09/10/2023 07:30,0.0
09/10/2023 08:00,0.0
09/10/2023 08:30,0.0
09/10/2023 09:00,0.0
09/10/2023 09:30,0.0
09/10/2023 10:00,0.0
09/10/2023 10:30,0.0
09/10/2023 11:00,0.0
09/10/2023 11:30,0.0
09/10/2023 12:00,0.0
09/10/2023 12:30,0.0
09/10/2023 13:00,0.0
09/10/2023 13:30,0.0
09/10/2023 14:00,0.0
09/10/2023 14:30,0.0
09/10/2023 15:00,0.0
09/10/2023 15:30,0.0
09/10/2023 16:00,0.0
09/10/2023 16:30,0.0
09/10/2023 17:00,0.0
09/10/2023 17:30,0.0
09/10/2023 18:00,0.0
09/10/2023 18:30,0.0
09/10/2023 19:00,0.0
09/10/2023 19:30,0.0
09/10/2023 20:00,0.0
09/10/2023 20:30,0.0
09/10/2023 21:00,0.0
09/10/2023 21:30,0.0
09/10/2023 22:00,0.0
09/10/2023 22:30,0.0
09/10/2023 23:00,0.0
09/10/2023 23:30,0.0
09/11/2023 00:00,0.0
09/11/2023 00:30,0.0
09/11/2023 01:00,0.0
09/11/2023 01:30,0.0
09/11/2023 02:00,0.0
09/11/2023 02:30,0.0
09/11/2023 03:00,0.0
09/11/2023 03:30,0.0
09/11/2023 04:00,0.0
09/11/2023 04:30,0.0
09/11/2023 05:00,0.0
09/11/2023 05:30,0.0
09/11/2023 06:00,0.0
09/11/2023 06:30,0.0
09/11/2023 07:00,0.0
09/11/2023 07:30,0.0
09/11/2023 08:00,0.0
09/11/2023 08:30,0.0
09/11/2023 09:00,0.0
09/11/2023 09:30,0.0
09/11/2023 10:00,0.0
09/11/2023 10:30,0.0
09/11/2023 11:00,0.0
09/11/2023 11:30,0.0
09/11/2023 12:00,0.0
09/11/2023 12:30,0.0
09/11/2023 13:00,0.0
09/11/2023 13:30,0.0
09/11/2023 14:00,0.0
09/11/2023 14:30,0.0
09/11/2023 15:00,0.0
09/11/2023 15:30,0.0
09/11/2023 16:00,0.0
09/11/2023 16:30,0.0
09/11/2023 17:00,0.0
09/11/2023 17:30,0.0
09/11/2023 18:00,0.0
09/11/2023 18:30,0.0
09/11/2023 19:00,0.0
09/11/2023 19:30,0.0
09/11/2023 20:00,0.0
09/11/2023 20:30,0.0
09/11/2023 21:00,0.0
09/11/2023 21:30,0.0
09/11/2023 22:00,0.0
09/11/2023 22:30,0.0
09/11/2023 23:00,0.0
09/11/2023 23:30,0.0
09/12/2023 00:00,0.0
09/12/2023 00:30,0.0
09/12/2023 01:00,0.0
09/12/2023 01:30,0.0
09/12/2023 02:00,0.0
09/12/2023 02:30,0.0
09/12/2023 03:00,0.0
09/12/2023 03:30,0.0
09/12/2023 04:00,0.0
09/12/2023 04:30,0.0
09/12/2023 05:00,0.0
09/12/2023 05:30,0.0
09/12/2023 06:00,0.0
09/12/2023 06:30,0.0
09/12/2023 07:00,0.0
09/12/2023 07:30,0.0
09/12/2023 08:00,0.0
09/12/2023 08:30,0.0
09/12/2023 09:00,0.0
09/12/2023 09:30,0.0
09/12/2023 10:00,0.0
09/12/2023 10:30,0.0
09/12/2023 11:00,0.0
09/12/2023 11:30,0.0
09/12/2023 12:00,0.0
09/12/2023 12:30,0.0
09/12/2023 13:00,0.0
09/12/2023 13:30,0.0
09/12/2023 14:00,0.0
09/12/2023 14:30,0.0
09/12/2023 15:00,0.0
09/12/2023 15:30,0.0
09/12/2023 16:00,0.0
09/12/2023 16:30,0.0
09/12/2023 17:00,0.0
09/12/2023 17:30,0.0
09/12/2023 18:00,0.0
09/12/2023 18:30,0.0
09/12/2023 19:00,0.0
09/12/2023 19:30,0.0
09/12/2023 20:00,0.0
09/12/2023 20:30,0.0
09/12/2023 21:00,0.0
09/12/2023 21:30,0.0
09/12/2023 22:00,0.0
09/12/2023 22:30,0.0
09/12/2023 23:00,0.0
09/12/2023 23:30,0.0
09/13/2023 00:00,0.0
09/13/2023 00:30,0.0
09/13/2023 01:00,0.0
09/13/2023 01:30,0.0
09/13/2023 02:00,0.0
09/13/2023 02:30,0.0
09/13/2023 03:00,0.0
09/13/2023 03:30,0.0
09/13/2023 04:00,0.0
09/13/2023 04:30,0.0
09/13/2023 05:00,0.0
09/13/2023 05:30,0.0
09/13/2023 06:00,0.0
09/13/2023 06:30,0.0
09/13/2023 07:00,0.0
09/13/2023 07:30,0.0
09/13/2023 08:00,0.0
09/13/2023 08:30,0.0
09/13/2023 09:00,0.0
09/13/2023 09:30,0.0
09/13/2023 10:00,0.0
09/13/2023 10:30,0.0
09/13/2023 11:00,0.0
09/13/2023 11:30,0.0
09/13/2023 12:00,0.0
09/13/2023 12:30,0.0
09/13/2023 13:00,0.0
09/13/2023 13:30,0.0
09/13/2023 14:00,0.0
09/13/2023 14:30,0.0
09/13/2023 15:00,0.0
09/13/2023 15:30,0.0
09/13/2023 16:00,0.0
09/13/2023 16:30,0.0
09/13/2023 17:00,0.0
09/13/2023 17:30,0.0
09/13/2023 18:00,0.0
09/13/2023 18:30,0.0
09/13/2023 19:00,0.0
09/13/2023 19:30,0.0
09/13/2023 20:00,0.0
09/13/2023 20:30,0.0
09/13/2023 21:00,0.0
09/13/2023 21:30,0.0
09/13/2023 22:00,0.0
09/13/2023 22:30,0.0
09/13/2023 23:00,0.0
09/13/2023 23:30,0.0
09/14/2023 00:00,0.0
09/14/2023 00:30,0.0
09/14/2023 01:00,0.0
09/14/2023 01:30,0.0
09/14/2023 02:00,0.0
09/14/2023 02:30,0.0
09/14/2023 03:00,0.0
09/14/2023 03:30,0.0
09/14/2023 04:00,0.0
09/14/2023 04:30,0.0
09/14/2023 05:00,0.0
09/14/2023 05:30,0.0
09/14/2023 06:00,0.0
09/14/2023 06:30,0.0
09/14/2023 07:00,0.0
09/14/2023 07:30,0.0
09/14/2023 08:00,0.0
09/14/2023 08:30,0.0
09/14/2023 09:00,0.0
09/14/2023 09:30,0.0
09/14/2023 10:00,0.0
09/14/2023 10:30,0.0
09/14/2023 11:00,0.0
09/14/2023 11:30,0.0
09/14/2023 12:00,0.0
09/14/2023 12:30,0.0
09/14/2023 13:00,0.0
09/14/2023 13:30,0.0
09/14/2023 14:00,0.0
09/14/2023 14:30,0.0
09/14/2023 15:00,0.0
09/14/2023 15:30,0.0
09/14/2023 16:00,0.0
09/14/2023 16:30,0.0
09/14/2023 17:00,0.0
09/14/2023 17:30,0.0
09/14/2023 18:00,0.0
09/14/2023 18:30,0.0
09/14/2023 19:00,0.0
09/14/2023 19:30,0.0
09/14/2023 20:00,0.0
09/14/2023 20:30,0.0
09/14/2023 21:00,0.0
09/14/2023 21:30,0.0
09/14/2023 22:00,0.0
09/14/2023 22:30,0.0
09/14/2023 23:00,0.0
09/14/2023 23:30,0.0
09/15/2023 00:00,0.0
09/15/2023 00:30,0.0
09/15/2023 01:00,0.0
09/15/2023 01:30,0.0
09/15/2023 02:00,0.0
09/15/2023 02:30,0.0
09/15/2023 03:00,0.0
09/15/2023 03:30,0.0
09/15/2023 04:00,0.0
09/15/2023 04:30,0.0
09/15/2023 05:00,0.0
09/15/2023 05:30,0.0
09/15/2023 06:00,0.0
09/15/2023 06:30,0.0
09/15/2023 07:00,0.0
09/15/2023 07:30,0.0
09/15/2023 08:00,0.0
09/15/2023 08:30,0.0
09/15/2023 09:00,0.0
09/15/2023 09:30,0.0
09/15/2023 10:00,0.0
09/15/2023 10:30,0.0
09/15/2023 11:00,0.0
09/15/2023 11:30,0.0
09/15/2023 12:00,0.0
09/15/2023 12:30,0.0
09/15/2023 13:00,0.0
09/15/2023 13:30,0.0
09/15/2023 14:00,0.0
09/15/2023 14:30,0.0
09/15/2023 15:00,0.0
09/15/2023 15:30,0.0
09/15/2023 16:00,0.0
09/15/2023 16:30,0.0
09/15/2023 17:00,0.0
09/15/2023 17:30,0.0
09/15/2023 18:00,0.0
09/15/2023 18:30,0.0
09/15/2023 19:00,0.0
09/15/2023 19:30,0.0
09/15/2023 20:00,0.0
09/15/2023 20:30,0.0
09/15/2023 21:00,0.0
09/15/2023 21:30,0.0
09/15/2023 22:00,0.0
09/15/2023 22:30,0.0
09/15/2023 23:00,0.0
09/15/2023 23:30,0.0
09/16/2023 00:00,0.0
09/16/2023 00:30,0.0
09/16/2023 01:00,0.0
09/16/2023 01:30,0.0
09/16/2023 02:00,0.0
09/16/2023 02:30,0.0
09/16/2023 03:00,0.0
09/16/2023 03:30,0.0
09/16/2023 04:00,0.0
09/16/2023 04:30,0.0
09/16/2023 05:00,0.0
09/16/2023 05:30,0.0
09/16/2023 06:00,0.0
09/16/2023 06:30,0.0
09/16/2023 07:00,0.0
09/16/2023 07:30,0.0
09/16/2023 08:00,0.0
09/16/2023 08:30,0.0
09/16/2023 09:00,0.0
09/16/2023 09:30,0.0
09/16/2023 10:00,0.0
09/16/2023 10:30,0.0
09/16/2023 11:00,0.0
09/16/2023 11:30,0.0
09/16/2023 12:00,0.0
09/16/2023 12:30,0.0
09/16/2023 13:00,0.0
09/16/2023 13:30,0.0
09/16/2023 14:00,0.0
09/16/2023 14:30,0.0
09/16/2023 15:00,0.0
09/16/2023 15:30,0.0
09/16/2023 16:00,0.0
09/16/2023 16:30,0.0
09/16/2023 17:00,0.0
09/16/2023 17:30,0.0
09/16/2023 18:00,0.0
09/16/2023 18:30,0.0
09/16/2023 19:00,0.0
09/16/2023 19:30,0.0
09/16/2023 20:00,0.0
09/16/2023 20:30,0.0
09/16/2023 21:00,0.0
09/16/2023 21:30,0.0
09/16/2023 22:00,0.0
09/16/2023 22:30,0.0
09/16/2023 23:00,0.0
09/16/2023 23:30,0.0
09/17/2023 00:00,0.0
09/17/2023 00:30,0.0
09/17/2023 01:00,0.0
09/17/2023 01:30,0.0
09/17/2023 02:00,0.0
09/17/2023 02:30,0.0
09/17/2023 03:00,0.0
09/17/2023 03:30,0.0
09/17/2023 04:00,0.0
09/17/2023 04:30,0.0
09/17/2023 05:00,0.0
09/17/2023 05:30,0.0
09/17/2023 06:00,0.0
09/17/2023 06:30,0.0
09/17/2023 07:00,0.0
09/17/2023 07:30,0.0
09/17/2023 08:00,0.0
09/17/2023 08:30,0.0
09/17/2023 09:00,0.0
09/17/2023 09:30,0.0
09/17/2023 10:00,0.0
09/17/2023 10:30,0.0
09/17/2023 11:00,0.0
09/17/2023 11:30,0.0
09/17/2023 12:00,0.0
09/17/2023 12:30,0.0
09/17/2023 13:00,0.0
09/17/2023 13:30,0.0
09/17/2023 14:00,0.0
09/17/2023 14:30,0.0
09/17/2023 15:00,0.0
09/17/2023 15:30,0.0
09/17/2023 16:00,0.0
09/17/2023 16:30,0.0
09/17/2023 17:00,0.0
09/17/2023 17:30,0.0
09/17/2023 18:00,0.0
09/17/2023 18:30,0.0
09/17/2023 19:00,0.0
09/17/2023 19:30,0.0
09/17/2023 20:00,0.0
09/17/2023 20:30,0.0
09/17/2023 21:00,0.0
09/17/2023 21:30,0.0
09/17/2023 22:00,0.0
09/17/2023 22:30,0.0
09/17/2023 23:00,0.0
09/17/2023 23:30,0.0
09/18/2023 00:00,0.0
09/18/2023 00:30,0.0
09/18/2023 01:00,0.0
09/18/2023 01:30,0.0
09/18/2023 02:00,0.0
09/18/2023 02:30,0.0
09/18/2023 03:00,0.0
09/18/2023 03:30,0.0
09/18/2023 04:00,0.0
09/18/2023 04:30,0.0
09/18/2023 05:00,0.0
09/18/2023 05:30,0.0
09/18/2023 06:00,0.0
09/18/2023 06:30,0.0
09/18/2023 07:00,0.0
09/18/2023 07:30,0.0
09/18/2023 08:00,0.0
09/18/2023 08:30,0.0
09/18/2023 09:00,0.0
09/18/2023 09:30,0.0
09/18/2023 10:00,0.0
09/18/2023 10:30,0.0
09/18/2023 11:00,0.0
09/18/2023 11:30,0.0
09/18/2023 12:00,0.0
09/18/2023 12:30,0.0
09/18/2023 13:00,0.0
09/18/2023 13:30,0.0
09/18/2023 14:00,0.0
09/18/2023 14:30,0.0
09/18/2023 15:00,0.0
09/18/2023 15:30,0.0
09/18/2023 16:00,0.0
09/18/2023 16:30,0.0
09/18/2023 17:00,0.0
09/18/2023 17:30,0.0
09/18/2023 18:00,0.0
09/18/2023 18:30,0.0
09/18/2023 19:00,0.0
09/18/2023 19:30,0.0
09/18/2023 20:00,0.0
09/18/2023 20:30,0.0
09/18/2023 21:00,0.0
09/18/2023 21:30,0.0
09/18/2023 22:00,0.0
09/18/2023 22:30,0.0
09/18/2023 23:00,0.0
09/18/2023 23:30,0.0
09/19/2023 00:00,0.0
09/19/2023 00:30,0.0
09/19/2023 01:00,0.0
09/19/2023 01:30,0.0
09/19/2023 02:00,0.0
09/19/2023 02:30,0.0
09/19/2023 03:00,0.0
09/19/2023 03:30,0.0
09/19/2023 04:00,0.0
09/19/2023 04:30,0.0
09/19/2023 05:00,0.0
09/19/2023 05:30,0.0
09/19/2023 06:00,0.0
09/19/2023 06:30,0.0
09/19/2023 07:00,0.0
09/19/2023 07:30,0.0
09/19/2023 08:00,0.0
09/19/2023 08:30,0.0
09/19/2023 09:00,0.0
09/19/2023 09:30,0.0
09/19/2023 10:00,0.0
09/19/2023 10:30,0.0
09/19/2023 11:00,0.0
09/19/2023 11:30,0.0
09/19/2023 12:00,0.0
09/19/2023 12:30,0.0
09/19/2023 13:00,0.0
09/19/2023 13:30,0.0
09/19/2023 14:00,0.0
09/19/2023 14:30,0.0
09/19/2023 15:00,0.0
09/19/2023 15:30,0.0
09/19/2023 16:00,0.0
09/19/2023 16:30,0.0
09/19/2023 17:00,0.0
09/19/2023 17:30,0.0
09/19/2023 18:00,0.0
09/19/2023 18:30,0.0
09/19/2023 19:00,0.0
09/19/2023 19:30,0.0
09/19/2023 20:00,0.0
09/19/2023 20:30,0.0
09/19/2023 21:00,0.0
09/19/2023 21:30,0.0
09/19/2023 22:00,0.0
09/19/2023 22:30,0.0
09/19/2023 23:00,0.0
09/19/2023 23:30,0.0
09/20/2023 00:00,0.0
09/20/2023 00:30,0.0
09/20/2023 01:00,0.0
09/20/2023 01:30,0.0
09/20/2023 02:00,0.0
09/20/2023 02:30,0.0
09/20/2023 03:00,0.0
09/20/2023 03:30,0.0
09/20/2023 04:00,0.0
09/20/2023 04:30,0.0
09/20/2023 05:00,0.0
09/20/2023 05:30,0.0
09/20/2023 06:00,0.0
09/20/2023 06:30,0.0
09/20/2023 07:00,0.0
09/20/2023 07:30,0.0
09/20/2023 08:00,0.0
09/20/2023 08:30,0.0
09/20/2023 09:00,0.0
09/20/2023 09:30,0.0
09/20/2023 10:00,0.0
09/20/2023 10:30,0.0
09/20/2023 11:00,0.0
09/20/2023 11:30,0.0
09/20/2023 12:00,0.0
09/20/2023 12:30,0.0
09/20/2023 13:00,0.0
09/20/2023 13:30,0.0
09/20/2023 14:00,0.0
09/20/2023 14:30,0.0
09/20/2023 15:00,0.0
09/20/2023 15:30,0.0
09/20/2023 16:00,0.0
09/20/2023 16:30,0.0
09/20/2023 17:00,0.0
09/20/2023 17:30,0.0
09/20/2023 18:00,0.0
09/20/2023 18:30,0.0
09/20/2023 19:00,0.0
09/20/2023 19:30,0.0
09/20/2023 20:00,0.0
09/20/2023 20:30,0.0
09/20/2023 21:00,0.0
09/20/2023 21:30,0.0
09/20/2023 22:00,0.0
09/20/2023 22:30,0.0
09/20/2023 23:00,0.0
09/20/2023 23:30,0.0
09/21/2023 00:00,0.0
09/21/2023 00:30,0.0
09/21/2023 01:00,0.0
09/21/2023 01:30,0.0
09/21/2023 02:00,0.0
09/21/2023 02:30,0.0
09/21/2023 03:00,0.0
09/21/2023 03:30,0.0
09/21/2023 04:00,0.0
09/21/2023 04:30,0.0
09/21/2023 05:00,0.0
09/21/2023 05:30,0.0
09/21/2023 06:00,0.0
09/21/2023 06:30,0.0
09/21/2023 07:00,0.0
09/21/2023 07:30,0.0
09/21/2023 08:00,0.0
09/21/2023 08:30,0.0
09/21/2023 09:00,0.0
09/21/2023 09:30,0.0
09/21/2023 10:00,0.0
09/21/2023 10:30,0.0
09/21/2023 11:00,0.0
09/21/2023 11:30,0.0
09/21/2023 12:00,0.0
09/21/2023 12:30,0.0
09/21/2023 13:00,0.0
09/21/2023 13:30,0.0
09/21/2023 14:00,0.0
09/21/2023 14:30,0.0
09/21/2023 15:00,0.0
09/21/2023 15:30,0.0
09/21/2023 16:00,0.0
09/21/2023 16:30,0.0
09/21/2023 17:00,0.0
09/21/2023 17:30,0.0
09/21/2023 18:00,0.0
09/21/2023 18:30,0.0
09/21/2023 19:00,0.0
09/21/2023 19:30,0.0
09/21/2023 20:00,0.0
09/21/2023 20:30,0.0
09/21/2023 21:00,0.0
09/21/2023 21:30,0.0
09/21/2023 22:00,0.0
09/21/2023 22:30,0.0
09/21/2023 23:00,0.0
09/21/2023 23:30,0.0
09/22/2023 00:00,0.0
09/22/2023 00:30,0.0
09/22/2023 01:00,0.0
09/22/2023 01:30,0.0
09/22/2023 02:00,0.0
09/22/2023 02:30,0.0
09/22/2023 03:00,0.0
09/22/2023 03:30,0.0
09/22/2023 04:00,0.0
09/22/2023 04:30,0.0
09/22/2023 05:00,0.0
09/22/2023 05:30,0.0
09/22/2023 06:00,0.0
09/22/2023 06:30,0.0
09/22/2023 07:00,0.0
09/22/2023 07:30,0.0
09/22/2023 08:00,0.0
09/22/2023 08:30,0.0
09/22/2023 09:00,0.0
09/22/2023 09:30,0.0
09/22/2023 10:00,0.0
09/22/2023 10:30,0.0
09/22/2023 11:00,0.0
09/22/2023 11:30,0.0
09/22/2023 12:00,0.0
09/22/2023 12:30,0.0
09/22/2023 13:00,0.0
09/22/2023 13:30,0.0
09/22/2023 14:00,0.0
09/22/2023 14:30,0.0
09/22/2023 15:00,0.0
09/22/2023 15:30,0.0
09/22/2023 16:00,0.0
09/22/2023 16:30,0.0
09/22/2023 17:00,0.0
09/22/2023 17:30,0.0
09/22/2023 18:00,0.0
09/22/2023 18:30,0.0
09/22/2023 19:00,0.0
09/22/2023 19:30,0.0
09/22/2023 20:00,0.0
09/22/2023 20:30,0.0
09/22/2023 21:00,0.0
09/22/2023 21:30,0.0
09/22/2023 22:00,0.0
09/22/2023 22:30,0.0
09/22/2023 23:00,0.0
09/22/2023 23:30,0.0
09/23/2023 00:00,0.0
09/23/2023 00:30,0.0
09/23/2023 01:00,0.0
09/23/2023 01:30,0.0
09/23/2023 02:00,0.0
09/23/2023 02:30,0.0
09/23/2023 03:00,0.0
09/23/2023 03:30,0.0
09/23/2023 04:00,0.0
09/23/2023 04:30,0.0
09/23/2023 05:00,0.0
09/23/2023 05:30,0.0
09/23/2023 06:00,0.0
09/23/2023 06:30,0.0
09/23/2023 07:00,0.0
09/23/2023 07:30,0.0
09/23/2023 08:00,0.0
09/23/2023 08:30,0.0
09/23/2023 09:00,0.0
09/23/2023 09:30,0.0
09/23/2023 10:00,0.0
09/23/2023 10:30,0.0
09/23/2023 11:00,0.0
09/23/2023 11:30,0.0
09/23/2023 12:00,0.0
09/23/2023 12:30,0.0
09/23/2023 13:00,0.0
09/23/2023 13:30,0.0
09/23/2023 14:00,0.0
09/23/2023 14:30,0.0
09/23/2023 15:00,0.0
09/23/2023 15:30,0.0
09/23/2023 16:00,0.0
09/23/2023 16:30,0.0
09/23/2023 17:00,0.0
09/23/2023 17:30,0.0
09/23/2023 18:00,0.0
09/23/2023 18:30,0.0
09/23/2023 19:00,0.0
09/23/2023 19:30,0.0
09/23/2023 20:00,0.0
09/23/2023 20:30,0.0
09/23/2023 21:00,0.0
09/23/2023 21:30,0.0
09/23/2023 22:00,0.0
09/23/2023 22:30,0.0
09/23/2023 23:00,0.0
09/23/2023 23:30,0.0
09/24/2023 00:00,0.0
09/24/2023 00:30,0.0
09/24/2023 01:00,0.0
09/24/2023 01:30,0.0
09/24/2023 02:00,0.0
09/24/2023 02:30,0.0
09/24/2023 03:00,0.0
09/24/2023 03:30,0.0
09/24/2023 04:00,0.0
09/24/2023 04:30,0.0
09/24/2023 05:00,0.0
09/24/2023 05:30,0.0
09/24/2023 06:00,0.0
09/24/2023 06:30,0.0
09/24/2023 07:00,0.0
09/24/2023 07:30,0.0
09/24/2023 08:00,0.0
09/24/2023 08:30,0.0
09/24/2023 09:00,0.0
09/24/2023 09:30,0.0
09/24/2023 10:00,0.0
09/24/2023 10:30,0.0
09/24/2023 11:00,0.0
09/24/2023 11:30,0.0
09/24/2023 12:00,0.0
09/24/2023 12:30,0.0
09/24/2023 13:00,0.0
09/24/2023 13:30,0.0
09/24/2023 14:00,0.0
09/24/2023 14:30,0.0
09/24/2023 15:00,0.0
09/24/2023 15:30,0.0
09/24/2023 16:00,0.0
09/24/2023 16:30,0.0
09/24/2023 17:00,0.0
09/24/2023 17:30,0.0
09/24/2023 18:00,0.0
09/24/2023 18:30,0.0
09/24/2023 19:00,0.0
09/24/2023 19:30,0.0
09/24/2023 20:00,0.0
09/24/2023 20:30,0.0
09/24/2023 21:00,0.0
09/24/2023 21:30,0.0
09/24/2023 22:00,0.0
09/24/2023 22:30,0.0
09/24/2023 23:00,0.0
09/24/2023 23:30,0.0
09/25/2023 00:00,0.0
09/25/2023 00:30,0.0
09/25/2023 01:00,0.0
09/25/2023 01:30,0.0
09/25/2023 02:00,0.0
09/25/2023 02:30,0.0
09/25/2023 03:00,0.0
09/25/2023 03:30,0.0
09/25/2023 04:00,0.0
09/25/2023 04:30,0.0
09/25/2023 05:00,0.0
09/25/2023 05:30,0.0
09/25/2023 06:00,0.0
09/25/2023 06:30,0.0
09/25/2023 07:00,0.0
09/25/2023 07:30,0.0
09/25/2023 08:00,0.0
09/25/2023 08:30,0.0
09/25/2023 09:00,0.0
09/25/2023 09:30,0.0
09/25/2023 10:00,0.0
09/25/2023 10:30,0.0
09/25/2023 11:00,0.0
09/25/2023 11:30,0.0
09/25/2023 12:00,0.0
09/25/2023 12:30,0.0
09/25/2023 13:00,0.0
09/25/2023 13:30,0.0
09/25/2023 14:00,0.0
09/25/2023 14:30,0.0
09/25/2023 15:00,0.0
09/25/2023 15:30,0.0
09/25/2023 16:00,0.0
09/25/2023 16:30,0.0
09/25/2023 17:00,0.0
09/25/2023 17:30,0.0
09/25/2023 18:00,0.0
09/25/2023 18:30,0.0
09/25/2023 19:00,0.0
09/25/2023 19:30,0.0
09/25/2023 20:00,0.0
09/25/2023 20:30,0.0
09/25/2023 21:00,0.0
09/25/2023 21:30,0.0
09/25/2023 22:00,0.0
09/25/2023 22:30,0.0
09/25/2023 23:00,0.0
09/25/2023 23:30,0.0
09/26/2023 00:00,0.0
09/26/2023 00:30,0.0
09/26/2023 01:00,0.0
09/26/2023 01:30,0.0
09/26/2023 02:00,0.0
09/26/2023 02:30,0.0
09/26/2023 03:00,0.0
09/26/2023 03:30,0.0
09/26/2023 04:00,0.0
09/26/2023 04:30,0.0
09/26/2023 05:00,0.0
09/26/2023 05:30,0.0
09/26/2023 06:00,0.0
09/26/2023 06:30,0.0
09/26/2023 07:00,0.0
09/26/2023 07:30,0.0
09/26/2023 08:00,0.0
09/26/2023 08:30,0.0
09/26/2023 09:00,0.0
09/26/2023 09:30,0.0
09/26/2023 10:00,0.0
09/26/2023 10:30,0.0
09/26/2023 11:00,0.0
09/26/2023 11:30,0.0
09/26/2023 12:00,0.0
09/26/2023 12:30,0.0
09/26/2023 13:00,0.0
09/26/2023 13:30,0.0
09/26/2023 14:00,0.0
09/26/2023 14:30,0.0
09/26/2023 15:00,0.0
09/26/2023 15:30,0.0
09/26/2023 16:00,0.0
09/26/2023 16:30,0.0
09/26/2023 17:00,0.0
09/26/2023 17:30,0.0
09/26/2023 18:00,0.0
09/26/2023 18:30,0.0
09/26/2023 19:00,0.0
09/26/2023 19:30,0.0
09/26/2023 20:00,0.0
09/26/2023 20:30,0.0
09/26/2023 21:00,0.0
09/26/2023 21:30,0.0
09/26/2023 22:00,0.0
09/26/2023 22:30,0.0
09/26/2023 23:00,0.0
09/26/2023 23:30,0.0
09/27/2023 00:00,0.0
09/27/2023 00:30,0.0
09/27/2023 01:00,0.0
09/27/2023 01:30,0.0
09/27/2023 02:00,0.0
09/27/2023 02:30,0.0
09/27/2023 03:00,0.0
09/27/2023 03:30,0.0
09/27/2023 04:00,0.0
09/27/2023 04:30,0.0
09/27/2023 05:00,0.0
09/27/2023 05:30,0.0
09/27/2023 06:00,0.0
09/27/2023 06:30,0.0
09/27/2023 07:00,0.0
09/27/2023 07:30,0.0
09/27/2023 08:00,0.0
09/27/2023 08:30,0.0
09/27/2023 09:00,0.0
09/27/2023 09:30,0.0
09/27/2023 10:00,0.0
09/27/2023 10:30,0.0
09/27/2023 11:00,0.0
09/27/2023 11:30,0.0
09/27/2023 12:00,0.0
09/27/2023 12:30,0.0
09/27/2023 13:00,0.0
09/27/2023 13:30,0.0
09/27/2023 14:00,0.0
09/27/2023 14:30,0.0
09/27/2023 15:00,0.0
09/27/2023 15:30,0.0
09/27/2023 16:00,0.0
09/27/2023 16:30,0.0
09/27/2023 17:00,0.0
09/27/2023 17:30,0.0
09/27/2023 18:00,0.0
09/27/2023 18:30,0.0
09/27/2023 19:00,0.0
09/27/2023 19:30,0.0
09/27/2023 20:00,0.0
09/27/2023 20:30,0.0
09/27/2023 21:00,0.0
09/27/2023 21:30,0.0
09/27/2023 22:00,0.0
09/27/2023 22:30,0.0
09/27/2023 23:00,0.0
09/27/2023 23:30,0.0
09/28/2023 00:00,0.0
09/28/2023 00:30,0.0
09/28/2023 01:00,0.0
09/28/2023 01:30,0.0
09/28/2023 02:00,0.0
09/28/2023 02:30,0.0
09/28/2023 03:00,0.0
09/28/2023 03:30,0.0
09/28/2023 04:00,0.0
09/28/2023 04:30,0.0
09/28/2023 05:00,0.0
09/28/2023 05:30,0.0
09/28/2023 06:00,0.0
09/28/2023 06:30,0.0
09/28/2023 07:00,0.0
09/28/2023 07:30,0.0
09/28/2023 08:00,0.0
09/28/2023 08:30,0.0
09/28/2023 09:00,0.0
09/28/2023 09:30,0.0
09/28/2023 10:00,0.0
09/28/2023 10:30,0.0
09/28/2023 11:00,0.0
09/28/2023 11:30,0.0
09/28/2023 12:00,0.0
09/28/2023 12:30,0.0
09/28/2023 13:00,0.0
09/28/2023 13:30,0.0
09/28/2023 14:00,0.0
09/28/2023 14:30,0.0
09/28/2023 15:00,0.0
09/28/2023 15:30,0.0
09/28/2023 16:00,0.0
09/28/2023 16:30,0.0
09/28/2023 17:00,0.0
09/28/2023 17:30,0.0
09/28/2023 18:00,0.0
09/28/2023 18:30,0.0
09/28/2023 19:00,0.0
09/28/2023 19:30,0.0
09/28/2023 20:00,0.0
09/28/2023 20:30,0.0
09/28/2023 21:00,0.0
09/28/2023 21:30,0.0
09/28/2023 22:00,0.0
09/28/2023 22:30,0.0
09/28/2023 23:00,0.0
09/28/2023 23:30,0.0
09/29/2023 00:00,0.0
09/29/2023 00:30,0.0
09/29/2023 01:00,0.0
09/29/2023 01:30,0.0
09/29/2023 02:00,0.0
09/29/2023 02:30,0.0
09/29/2023 03:00,0.0
09/29/2023 03:30,0.0
09/29/2023 04:00,0.0
09/29/2023 04:30,0.0
09/29/2023 05:00,0.0
09/29/2023 05:30,0.0
09/29/2023 06:00,0.0
09/29/2023 06:30,0.0
09/29/2023 07:00,0.0
09/29/2023 07:30,0.0
09/29/2023 08:00,0.0
09/29/2023 08:30,0.0
09/29/2023 09:00,0.0
09/29/2023 09:30,0.0
09/29/2023 10:00,0.0
09/29/2023 10:30,0.0
09/29/2023 11:00,0.0
09/29/2023 11:30,0.0
09/29/2023 12:00,0.0
09/29/2023 12:30,0.0
09/29/2023 13:00,0.0
09/29/2023 13:30,0.0
09/29/2023 14:00,0.0
09/29/2023 14:30,0.0
09/29/2023 15:00,0.0
09/29/2023 15:30,0.0
09/29/2023 16:00,0.0
09/29/2023 16:30,0.0
09/29/2023 17:00,0.0
09/29/2023 17:30,0.0
09/29/2023 18:00,0.0
09/29/2023 18:30,0.0
09/29/2023 19:00,0.0
09/29/2023 19:30,0.0
09/29/2023 20:00,0.0
09/29/2023 20:30,0.0
09/29/2023 21:00,0.0
09/29/2023 21:30,0.0
09/29/2023 22:00,0.0
09/29/2023 22:30,0.0
09/29/2023 23:00,0.0
09/29/2023 23:30,0.0
09/30/2023 00:00,0.0
09/30/2023 00:30,0.0
09/30/2023 01:00,0.0
09/30/2023 01:30,0.0
09/30/2023 02:00,0.0
09/30/2023 02:30,0.0
09/30/2023 03:00,0.0
09/30/2023 03:30,0.0
09/30/2023 04:00,0.0
09/30/2023 04:30,0.0
09/30/2023 05:00,0.0
09/30/2023 05:30,0.0
09/30/2023 06:00,0.0
09/30/2023 06:30,0.0
09/30/2023 07:00,0.0
09/30/2023 07:30,0.0
09/30/2023 08:00,0.0
09/30/2023 08:30,0.0
09/30/2023 09:00,0.0
09/30/2023 09:30,0.0
09/30/2023 10:00,0.0
09/30/2023 10:30,0.0
09/30/2023 11:00,0.0
09/30/2023 11:30,0.0
09/30/2023 12:00,0.0
09/30/2023 12:30,0.0
09/30/2023 13:00,0.0
09/30/2023 13:30,0.0
09/30/2023 14:00,0.0
09/30/2023 14:30,0.0
09/30/2023 15:00,0.0
09/30/2023 15:30,0.0
09/30/2023 16:00,0.0
09/30/2023 16:30,0.0
09/30/2023 17:00,0.0
09/30/2023 17:30,0.0
09/30/2023 18:00,0.0
09/30/2023 18:30,0.0
09/30/2023 19:00,0.0
09/30/2023 19:30,0.0
09/30/2023 20:00,0.0
09/30/2023 20:30,0.0
09/30/2023 21:00,0.0
09/30/2023 21:30,0.0
09/30/2023 22:00,0.0
09/30/2023 22:30,0.0
09/30/2023 23:00,0.0
09/30/2023 23:30,0.0
10/01/2023 00:00,0.0
10/01/2023 00:30,0.0
10/01/2023 01:00,0.0
10/01/2023 01:30,0.0
10/01/2023 02:00,0.0
10/01/2023 02:30,0.0
10/01/2023 03:00,0.0
10/01/2023 03:30,0.0
10/01/2023 04:00,0.0
10/01/2023 04:30,0.0
10/01/2023 05:00,0.0
10/01/2023 05:30,0.0
10/01/2023 06:00,0.0
10/01/2023 06:30,0.0
10/01/2023 07:00,0.0
10/01/2023 07:30,0.0
10/01/2023 08:00,0.0
10/01/2023 08:30,0.0
10/01/2023 09:00,0.0
10/01/2023 09:30,0.0
10/01/2023 10:00,0.0
10/01/2023 10:30,0.0
10/01/2023 11:00,0.0
10/01/2023 11:30,0.0
10/01/2023 12:00,0.0
10/01/2023 12:30,0.0
10/01/2023 13:00,0.0
10/01/2023 13:30,0.0
10/01/2023 14:00,0.0
10/01/2023 14:30,0.0
10/01/2023 15:00,0.0
10/01/2023 15:30,0.0
10/01/2023 16:00,0.0
10/01/2023 16:30,0.0
10/01/2023 17:00,0.0
10/01/2023 17:30,0.0
10/01/2023 18:00,0.0
10/01/2023 18:30,0.0
10/01/2023 19:00,0.0
10/01/2023 19:30,0.0
10/01/2023 20:00,0.0
10/01/2023 20:30,0.0
10/01/2023 21:00,0.0
10/01/2023 21:30,0.0
10/01/2023 22:00,0.0
10/01/2023 22:30,0.0
10/01/2023 23:00,0.0
10/01/2023 23:30,0.0
10/02/2023 00:00,0.0
10/02/2023 00:30,0.0
10/02/2023 01:00,0.0
10/02/2023 01:30,0.0
10/02/2023 02:00,0.0
10/02/2023 02:30,0.0
10/02/2023 03:00,0.0
10/02/2023 03:30,0.0
10/02/2023 04:00,0.0
10/02/2023 04:30,0.0
10/02/2023 05:00,0.0
10/02/2023 05:30,0.0
10/02/2023 06:00,0.0
10/02/2023 06:30,0.0
10/02/2023 07:00,0.0
10/02/2023 07:30,0.0
10/02/2023 08:00,0.0
10/02/2023 08:30,0.0
10/02/2023 09:00,0.0
10/02/2023 09:30,0.0
10/02/2023 10:00,0.0
10/02/2023 10:30,0.0
10/02/2023 11:00,0.0
10/02/2023 11:30,0.0
10/02/2023 12:00,0.0
10/02/2023 12:30,0.0
10/02/2023 13:00,0.0
10/02/2023 13:30,0.0
10/02/2023 14:00,0.0
10/02/2023 14:30,0.0
10/02/2023 15:00,0.0
10/02/2023 15:30,0.0
10/02/2023 16:00,0.0
10/02/2023 16:30,0.0
10/02/2023 17:00,0.0
10/02/2023 17:30,0.0
10/02/2023 18:00,0.0
10/02/2023 18:30,0.0
10/02/2023 19:00,0.0
10/02/2023 19:30,0.0
10/02/2023 20:00,0.0
10/02/2023 20:30,0.0
10/02/2023 21:00,0.0
10/02/2023 21:30,0.0
10/02/2023 22:00,0.0
10/02/2023 22:30,0.0
10/02/2023 23:00,0.0
10/02/2023 23:30,0.0
10/03/2023 00:00,0.0
10/03/2023 00:30,0.0
10/03/2023 01:00,0.0
10/03/2023 01:30,0.0
10/03/2023 02:00,0.0
10/03/2023 02:30,0.0
10/03/2023 03:00,0.0
10/03/2023 03:30,0.0
10/03/2023 04:00,0.0
10/03/2023 04:30,0.0
10/03/2023 05:00,0.0
10/03/2023 05:30,0.0
10/03/2023 06:00,0.0
10/03/2023 06:30,0.0
10/03/2023 07:00,0.0
10/03/2023 07:30,0.0
10/03/2023 08:00,0.0
10/03/2023 08:30,0.0
10/03/2023 09:00,0.0
10/03/2023 09:30,0.0
10/03/2023 10:00,0.0
10/03/2023 10:30,0.0
10/03/2023 11:00,0.0
10/03/2023 11:30,0.0
10/03/2023 12:00,0.0
10/03/2023 12:30,0.0
10/03/2023 13:00,0.0
10/03/2023 13:30,0.0
10/03/2023 14:00,0.0
10/03/2023 14:30,0.0
10/03/2023 15:00,0.0
10/03/2023 15:30,0.0
10/03/2023 16:00,0.0
10/03/2023 16:30,0.0
10/03/2023 17:00,0.0
10/03/2023 17:30,0.0
10/03/2023 18:00,0.0
10/03/2023 18:30,0.0
10/03/2023 19:00,0.0
10/03/2023 19:30,0.0
10/03/2023 20:00,0.0
10/03/2023 20:30,0.0
10/03/2023 21:00,0.0
10/03/2023 21:30,0.0
10/03/2023 22:00,0.0
10/03/2023 22:30,0.0
10/03/2023 23:00,0.0
10/03/2023 23:30,0.0
10/04/2023 00:00,0.0
10/04/2023 00:30,0.0
10/04/2023 01:00,0.0
10/04/2023 01:30,0.0
10/04/2023 02:00,0.0
10/04/2023 02:30,0.0
10/04/2023 03:00,0.0
10/04/2023 03:30,0.0
10/04/2023 04:00,0.0
10/04/2023 04:30,0.0
10/04/2023 05:00,0.0
10/04/2023 05:30,0.0
10/04/2023 06:00,0.0
10/04/2023 06:30,0.0
10/04/2023 07:00,0.0
10/04/2023 07:30,0.0
10/04/2023 08:00,0.0
10/04/2023 08:30,0.0
10/04/2023 09:00,0.0
10/04/2023 09:30,0.0
10/04/2023 10:00,0.0
10/04/2023 10:30,0.0
10/04/2023 11:00,0.0
10/04/2023 11:30,0.0
10/04/2023 12:00,0.0
10/04/2023 12:30,0.0
10/04/2023 13:00,0.0
10/04/2023 13:30,0.0
10/04/2023 14:00,0.0
10/04/2023 14:30,0.0
10/04/2023 15:00,0.0
10/04/2023 15:30,0.0
10/04/2023 16:00,0.0
10/04/2023 16:30,0.0
10/04/2023 17:00,0.0
10/04/2023 17:30,0.0
10/04/2023 18:00,0.0
10/04/2023 18:30,0.0
10/04/2023 19:00,0.0
10/04/2023 19:30,0.0
10/04/2023 20:00,0.0
10/04/2023 20:30,0.0
10/04/2023 21:00,0.0
10/04/2023 21:30,0.0
10/04/2023 22:00,0.0
10/04/2023 22:30,0.0
10/04/2023 23:00,0.0
10/04/2023 23:30,0.0
10/05/2023 00:00,0.0
10/05/2023 00:30,0.0
10/05/2023 01:00,0.0
10/05/2023 01:30,0.0
10/05/2023 02:00,0.0
10/05/2023 02:30,0.0
10/05/2023 03:00,0.0
10/05/2023 03:30,0.0
10/05/2023 04:00,0.0
10/05/2023 04:30,0.0
10/05/2023 05:00,0.0
10/05/2023 05:30,0.0
10/05/2023 06:00,0.0
10/05/2023 06:30,0.0
10/05/2023 07:00,0.0
10/05/2023 07:30,0.0
10/05/2023 08:00,0.0
10/05/2023 08:30,0.0
10/05/2023 09:00,0.0
10/05/2023 09:30,0.0
10/05/2023 10:00,0.0
10/05/2023 10:30,0.0
10/05/2023 11:00,0.0
10/05/2023 11:30,0.0
10/05/2023 12:00,0.0
10/05/2023 12:30,0.0
10/05/2023 13:00,0.0
10/05/2023 13:30,0.0
10/05/2023 14:00,0.0
10/05/2023 14:30,0.0
10/05/2023 15:00,0.0
10/05/2023 15:30,0.0
10/05/2023 16:00,0.0
10/05/2023 16:30,0.0
10/05/2023 17:00,0.0
10/05/2023 17:30,0.0
10/05/2023 18:00,0.0
10/05/2023 18:30,0.0
10/05/2023 19:00,0.0
10/05/2023 19:30,0.0
10/05/2023 20:00,0.0
10/05/2023 20:30,0.0
10/05/2023 21:00,0.0
10/05/2023 21:30,0.0
10/05/2023 22:00,0.0
10/05/2023 22:30,0.0
10/05/2023 23:00,0.0
10/05/2023 23:30,0.0
10/06/2023 00:00,0.0
10/06/2023 00:30,0.0
10/06/2023 01:00,0.0
10/06/2023 01:30,0.0
10/06/2023 02:00,0.0
10/06/2023 02:30,0.0
10/06/2023 03:00,0.0
10/06/2023 03:30,0.0
10/06/2023 04:00,0.0
10/06/2023 04:30,0.0
10/06/2023 05:00,0.0
10/06/2023 05:30,0.0
10/06/2023 06:00,0.0
10/06/2023 06:30,0.0
10/06/2023 07:00,0.0
10/06/2023 07:30,0.0
10/06/2023 08:00,0.0
10/06/2023 08:30,0.0
10/06/2023 09:00,0.0
10/06/2023 09:30,0.0
10/06/2023 10:00,0.0
10/06/2023 10:30,0.0
10/06/2023 11:00,0.0
10/06/2023 11:30,0.0
10/06/2023 12:00,0.0
10/06/2023 12:30,0.0
10/06/2023 13:00,0.0
10/06/2023 13:30,0.0
10/06/2023 14:00,0.0
10/06/2023 14:30,0.0
10/06/2023 15:00,0.0
10/06/2023 15:30,0.0
10/06/2023 16:00,0.0
10/06/2023 16:30,0.0
10/06/2023 17:00,0.0
10/06/2023 17:30,0.0
10/06/2023 18:00,0.0
10/06/2023 18:30,0.0
10/06/2023 19:00,0.0
10/06/2023 19:30,0.0
10/06/2023 20:00,0.0
10/06/2023 20:30,0.0
10/06/2023 21:00,0.0
10/06/2023 21:30,0.0
10/06/2023 22:00,0.0
10/06/2023 22:30,0.0
10/06/2023 23:00,0.0
10/06/2023 23:30,0.0
10/07/2023 00:00,0.0
10/07/2023 00:30,0.0
10/07/2023 01:00,0.0
10/07/2023 01:30,0.0
10/07/2023 02:00,0.0
10/07/2023 02:30,0.0
10/07/2023 03:00,0.0
10/07/2023 03:30,0.0
10/07/2023 04:00,0.0
10/07/2023 04:30,0.0
10/07/2023 05:00,0.0
10/07/2023 05:30,0.0
10/07/2023 06:00,0.0
10/07/2023 06:30,0.0
10/07/2023 07:00,0.0
10/07/2023 07:30,0.0
10/07/2023 08:00,0.0
10/07/2023 08:30,0.0
10/07/2023 09:00,0.0
10/07/2023 09:30,0.0
10/07/2023 10:00,0.0
10/07/2023 10:30,0.0
10/07/2023 11:00,0.0
10/07/2023 11:30,0.0
10/07/2023 12:00,0.0
10/07/2023 12:30,0.0
10/07/2023 13:00,0.0
10/07/2023 13:30,0.0
10/07/2023 14:00,0.0
10/07/2023 14:30,0.0
10/07/2023 15:00,0.0
10/07/2023 15:30,0.0
10/07/2023 16:00,0.0
10/07/2023 16:30,0.0
10/07/2023 17:00,0.0
10/07/2023 17:30,0.0
10/07/2023 18:00,0.0
10/07/2023 18:30,0.0
10/07/2023 19:00,0.0
10/07/2023 19:30,0.0
10/07/2023 20:00,0.0
10/07/2023 20:30,0.0
10/07/2023 21:00,0.0
10/07/2023 21:30,0.0
10/07/2023 22:00,0.0
10/07/2023 22:30,0.0
10/07/2023 23:00,0.0
10/07/2023 23:30,0.0
10/08/2023 00:00,0.0
10/08/2023 00:30,0.0
10/08/2023 01:00,0.0
10/08/2023 01:30,0.0
10/08/2023 02:00,0.0
10/08/2023 02:30,0.0
10/08/2023 03:00,0.0
10/08/2023 03:30,0.0
10/08/2023 04:00,0.0
10/08/2023 04:30,0.0
10/08/2023 05:00,0.0
10/08/2023 05:30,0.0
10/08/2023 06:00,0.0
10/08/2023 06:30,0.0
10/08/2023 07:00,0.0
10/08/2023 07:30,0.0
10/08/2023 08:00,0.0
10/08/2023 08:30,0.0
10/08/2023 09:00,0.0
10/08/2023 09:30,0.0
10/08/2023 10:00,0.0
10/08/2023 10:30,0.0
10/08/2023 11:00,0.0
10/08/2023 11:30,0.0
10/08/2023 12:00,0.0
10/08/2023 12:30,0.0
10/08/2023 13:00,0.0
10/08/2023 13:30,0.0
10/08/2023 14:00,0.0
10/08/2023 14:30,0.0
10/08/2023 15:00,0.0
10/08/2023 15:30,0.0
10/08/2023 16:00,0.0
10/08/2023 16:30,0.0
10/08/2023 17:00,0.0
10/08/2023 17:30,0.0
10/08/2023 18:00,0.0
10/08/2023 18:30,0.0
10/08/2023 19:00,0.0
10/08/2023 19:30,0.0
10/08/2023 20:00,0.0
10/08/2023 20:30,0.0
10/08/2023 21:00,0.0
10/08/2023 21:30,0.0
10/08/2023 22:00,0.0
10/08/2023 22:30,0.0
10/08/2023 23:00,0.0
10/08/2023 23:30,0.0
10/09/2023 00:00,0.0
10/09/2023 00:30,0.0
10/09/2023 01:00,0.0
10/09/2023 01:30,0.0
10/09/2023 02:00,0.0
10/09/2023 02:30,0.0
10/09/2023 03:00,0.0
10/09/2023 03:30,0.0
10/09/2023 04:00,0.0
10/09/2023 04:30,0.0
10/09/2023 05:00,0.0
10/09/2023 05:30,0.0
10/09/2023 06:00,0.0
10/09/2023 06:30,0.0
10/09/2023 07:00,0.0
10/09/2023 07:30,0.0
10/09/2023 08:00,0.0
10/09/2023 08:30,0.0
10/09/2023 09:00,0.0
10/09/2023 09:30,0.0
10/09/2023 10:00,0.0
10/09/2023 10:30,0.0
10/09/2023 11:00,0.0
10/09/2023 11:30,0.0
10/09/2023 12:00,0.0
10/09/2023 12:30,0.0
10/09/2023 13:00,0.0
10/09/2023 13:30,0.0
10/09/2023 14:00,0.0
10/09/2023 14:30,0.0
10/09/2023 15:00,0.0
10/09/2023 15:30,0.0
10/09/2023 16:00,0.0
10/09/2023 16:30,0.0
10/09/2023 17:00,0.0
10/09/2023 17:30,0.0
10/09/2023 18:00,0.0
10/09/2023 18:30,0.0
10/09/2023 19:00,0.0
10/09/2023 19:30,0.0
10/09/2023 20:00,0.0
10/09/2023 20:30,0.0
10/09/2023 21:00,0.0
10/09/2023 21:30,0.0
10/09/2023 22:00,0.0
10/09/2023 22:30,0.0
10/09/2023 23:00,0.0
10/09/2023 23:30,0.0
10/10/2023 00:00,0.0
10/10/2023 00:30,0.0
10/10/2023 01:00,0.0
10/10/2023 01:30,0.0
10/10/2023 02:00,0.0
10/10/2023 02:30,0.0
10/10/2023 03:00,0.0
10/10/2023 03:30,0.0
10/10/2023 04:00,0.0
10/10/2023 04:30,0.0
10/10/2023 05:00,0.0
10/10/2023 05:30,0.0
10/10/2023 06:00,0.0
10/10/2023 06:30,0.0
10/10/2023 07:00,0.0
10/10/2023 07:30,0.0
10/10/2023 08:00,0.0
10/10/2023 08:30,0.0
10/10/2023 09:00,0.0
10/10/2023 09:30,0.0
10/10/2023 10:00,0.0
10/10/2023 10:30,0.0
10/10/2023 11:00,0.0
10/10/2023 11:30,0.0
10/10/2023 12:00,0.0
10/10/2023 12:30,0.0
10/10/2023 13:00,0.0
10/10/2023 13:30,0.0
10/10/2023 14:00,0.0
10/10/2023 14:30,0.0
10/10/2023 15:00,0.0
10/10/2023 15:30,0.0
10/10/2023 16:00,0.0
10/10/2023 16:30,0.0
10/10/2023 17:00,0.0
10/10/2023 17:30,0.0
10/10/2023 18:00,0.0
10/10/2023 18:30,0.0
10/10/2023 19:00,0.0
10/10/2023 19:30,0.0
10/10/2023 20:00,0.0
10/10/2023 20:30,0.0
10/10/2023 21:00,0.0
10/10/2023 21:30,0.0
10/10/2023 22:00,0.0
10/10/2023 22:30,0.0
10/10/2023 23:00,0.0
10/10/2023 23:30,0.0
10/11/2023 00:00,0.0
10/11/2023 00:30,0.0
10/11/2023 01:00,0.0
10/11/2023 01:30,0.0
10/11/2023 02:00,0.0
10/11/2023 02:30,0.0
10/11/2023 03:00,0.0
10/11/2023 03:30,0.0
10/11/2023 04:00,0.0
10/11/2023 04:30,0.0
10/11/2023 05:00,0.0
10/11/2023 05:30,0.0
10/11/2023 06:00,0.0
10/11/2023 06:30,0.0
10/11/2023 07:00,0.0
10/11/2023 07:30,0.0
10/11/2023 08:00,0.0
10/11/2023 08:30,0.0
10/11/2023 09:00,0.0
10/11/2023 09:30,0.0
10/11/2023 10:00,0.0
10/11/2023 10:30,0.0
10/11/2023 11:00,0.0
10/11/2023 11:30,0.0
10/11/2023 12:00,0.0
10/11/2023 12:30,0.0
10/11/2023 13:00,0.0
10/11/2023 13:30,0.0
10/11/2023 14:00,0.0
10/11/2023 14:30,0.0
10/11/2023 15:00,0.0
10/11/2023 15:30,0.0
10/11/2023 16:00,0.0
10/11/2023 16:30,0.0
10/11/2023 17:00,0.0
10/11/2023 17:30,0.0
10/11/2023 18:00,0.0
10/11/2023 18:30,0.0
10/11/2023 19:00,0.0
10/11/2023 19:30,0.0
10/11/2023 20:00,0.0
10/11/2023 20:30,0.0
10/11/2023 21:00,0.0
10/11/2023 21:30,0.0
10/11/2023 22:00,0.0
10/11/2023 22:30,0.0
10/11/2023 23:00,0.0
10/11/2023 23:30,0.0
10/12/2023 00:00,0.0
10/12/2023 00:30,0.0
10/12/2023 01:00,0.0
10/12/2023 01:30,0.0
10/12/2023 02:00,0.0
10/12/2023 02:30,0.0
10/12/2023 03:00,0.0
10/12/2023 03:30,0.0
10/12/2023 04:00,0.0
10/12/2023 04:30,0.0
10/12/2023 05:00,0.0
10/12/2023 05:30,0.0
10/12/2023 06:00,0.0
10/12/2023 06:30,0.0
10/12/2023 07:00,0.0
10/12/2023 07:30,0.0
10/12/2023 08:00,0.0
10/12/2023 08:30,0.0
10/12/2023 09:00,0.0
10/12/2023 09:30,0.0
10/12/2023 10:00,0.0
10/12/2023 10:30,0.0
10/12/2023 11:00,0.0
10/12/2023 11:30,0.0
10/12/2023 12:00,0.0
10/12/2023 12:30,0.0
10/12/2023 13:00,0.0
10/12/2023 13:30,0.0
10/12/2023 14:00,0.0
10/12/2023 14:30,0.0
10/12/2023 15:00,0.0
10/12/2023 15:30,0.0
10/12/2023 16:00,0.0
10/12/2023 16:30,0.0
10/12/2023 17:00,0.0
10/12/2023 17:30,0.0
10/12/2023 18:00,0.0
10/12/2023 18:30,0.0
10/12/2023 19:00,0.0
10/12/2023 19:30,0.0
10/12/2023 20:00,0.0
10/12/2023 20:30,0.0
10/12/2023 21:00,0.0
10/12/2023 21:30,0.0
10/12/2023 22:00,0.0
10/12/2023 22:30,0.0
10/12/2023 23:00,0.0
10/12/2023 23:30,0.0
10/13/2023 00:00,0.0
10/13/2023 00:30,0.0
10/13/2023 01:00,0.0
10/13/2023 01:30,0.0
10/13/2023 02:00,0.0
10/13/2023 02:30,0.0
10/13/2023 03:00,0.0
10/13/2023 03:30,0.0
10/13/2023 04:00,0.0
10/13/2023 04:30,0.0
10/13/2023 05:00,0.0
10/13/2023 05:30,0.0
10/13/2023 06:00,0.0
10/13/2023 06:30,0.0
10/13/2023 07:00,0.0
10/13/2023 07:30,0.0
10/13/2023 08:00,0.0
10/13/2023 08:30,0.0
10/13/2023 09:00,0.0
10/13/2023 09:30,0.0
10/13/2023 10:00,0.0
10/13/2023 10:30,0.0
10/13/2023 11:00,0.0
10/13/2023 11:30,0.0
10/13/2023 12:00,0.0
10/13/2023 12:30,0.0
10/13/2023 13:00,0.0
10/13/2023 13:30,0.0
10/13/2023 14:00,0.0
10/13/2023 14:30,0.0
10/13/2023 15:00,0.0
10/13/2023 15:30,0.0
10/13/2023 16:00,0.0
10/13/2023 16:30,0.0
10/13/2023 17:00,0.0
10/13/2023 17:30,0.0
10/13/2023 18:00,0.0
10/13/2023 18:30,0.0
10/13/2023 19:00,0.0
10/13/2023 19:30,0.0
10/13/2023 20:00,0.0
10/13/2023 20:30,0.0
10/13/2023 21:00,0.0
10/13/2023 21:30,0.0
10/13/2023 22:00,0.0
10/13/2023 22:30,0.0
10/13/2023 23:00,0.0
10/13/2023 23:30,0.0
10/14/2023 00:00,0.0
10/14/2023 00:30,0.0
10/14/2023 01:00,0.0
10/14/2023 01:30,0.0
10/14/2023 02:00,0.0
10/14/2023 02:30,0.0
10/14/2023 03:00,0.0
10/14/2023 03:30,0.0
10/14/2023 04:00,0.0
10/14/2023 04:30,0.0
10/14/2023 05:00,0.0
10/14/2023 05:30,0.0
10/14/2023 06:00,0.0
10/14/2023 06:30,0.0
10/14/2023 07:00,0.0
10/14/2023 07:30,0.0
10/14/2023 08:00,0.0
10/14/2023 08:30,0.0
10/14/2023 09:00,0.0
10/14/2023 09:30,0.0
10/14/2023 10:00,0.0
10/14/2023 10:30,0.0
10/14/2023 11:00,0.0
10/14/2023 11:30,0.0
10/14/2023 12:00,0.0
10/14/2023 12:30,0.0
10/14/2023 13:00,0.0
10/14/2023 13:30,0.0
10/14/2023 14:00,0.0
10/14/2023 14:30,0.0
10/14/2023 15:00,0.0
10/14/2023 15:30,0.0
10/14/2023 16:00,0.0
10/14/2023 16:30,0.0
10/14/2023 17:00,0.0
10/14/2023 17:30,0.0
10/14/2023 18:00,0.0
10/14/2023 18:30,0.0
10/14/2023 19:00,0.0
10/14/2023 19:30,0.0
10/14/2023 20:00,0.0
10/14/2023 20:30,0.0
10/14/2023 21:00,0.0
10/14/2023 21:30,0.0
10/14/2023 22:00,0.0
10/14/2023 22:30,0.0
10/14/2023 23:00,0.0
10/14/2023 23:30,0.0
10/15/2023 00:00,0.0
10/15/2023 00:30,0.0
10/15/2023 01:00,0.0
10/15/2023 01:30,0.0
10/15/2023 02:00,0.0
10/15/2023 02:30,0.0
10/15/2023 03:00,0.0
10/15/2023 03:30,0.0
10/15/2023 04:00,0.0
10/15/2023 04:30,0.0
10/15/2023 05:00,0.0
10/15/2023 05:30,0.0
10/15/2023 06:00,0.0
10/15/2023 06:30,0.0
10/15/2023 07:00,0.0
10/15/2023 07:30,0.0
10/15/2023 08:00,0.0
10/15/2023 08:30,0.0
10/15/2023 09:00,0.0
10/15/2023 09:30,0.0
10/15/2023 10:00,0.0
10/15/2023 10:30,0.0
10/15/2023 11:00,0.0
10/15/2023 11:30,0.0
10/15/2023 12:00,0.0
10/15/2023 12:30,0.0
10/15/2023 13:00,0.0
10/15/2023 13:30,0.0
10/15/2023 14:00,0.0
10/15/2023 14:30,0.0
10/15/2023 15:00,0.0
10/15/2023 15:30,0.0
10/15/2023 16:00,0.0
10/15/2023 16:30,0.0
10/15/2023 17:00,0.0
10/15/2023 17:30,0.0
10/15/2023 18:00,0.0
10/15/2023 18:30,0.0
10/15/2023 19:00,0.0
10/15/2023 19:30,0.0
10/15/2023 20:00,0.0
10/15/2023 20:30,0.0
10/15/2023 21:00,0.0
10/15/2023 21:30,0.0
10/15/2023 22:00,0.0
10/15/2023 22:30,0.0
10/15/2023 23:00,0.0
10/15/2023 23:30,0.0
10/16/2023 00:00,0.0
10/16/2023 00:30,0.0
10/16/2023 01:00,0.0
10/16/2023 01:30,0.0
10/16/2023 02:00,0.0
10/16/2023 02:30,0.0
10/16/2023 03:00,0.0
10/16/2023 03:30,0.0
10/16/2023 04:00,0.0
10/16/2023 04:30,0.0
10/16/2023 05:00,0.0
10/16/2023 05:30,0.0
10/16/2023 06:00,0.0
10/16/2023 06:30,0.0
10/16/2023 07:00,0.0
10/16/2023 07:30,0.0
10/16/2023 08:00,0.0
10/16/2023 08:30,0.0
10/16/2023 09:00,0.0
10/16/2023 09:30,0.0
10/16/2023 10:00,0.0
10/16/2023 10:30,0.0
10/16/2023 11:00,0.0
10/16/2023 11:30,0.0
10/16/2023 12:00,0.0
10/16/2023 12:30,0.0
10/16/2023 13:00,0.0
10/16/2023 13:30,0.0
10/16/2023 14:00,0.0
10/16/2023 14:30,0.0
10/16/2023 15:00,0.0
10/16/2023 15:30,0.0
10/16/2023 16:00,0.0
10/16/2023 16:30,0.0
10/16/2023 17:00,0.0
10/16/2023 17:30,0.0
10/16/2023 18:00,0.0
10/16/2023 18:30,0.0
10/16/2023 19:00,0.0
10/16/2023 19:30,0.0
10/16/2023 20:00,0.0
10/16/2023 20:30,0.0
10/16/2023 21:00,0.0
10/16/2023 21:30,0.0
10/16/2023 22:00,0.0
10/16/2023 22:30,0.0
10/16/2023 23:00,0.0
10/16/2023 23:30,0.0
10/17/2023 00:00,0.0
10/17/2023 00:30,0.0
10/17/2023 01:00,0.0
10/17/2023 01:30,0.0
10/17/2023 02:00,0.0
10/17/2023 02:30,0.0
10/17/2023 03:00,0.0
10/17/2023 03:30,0.0
10/17/2023 04:00,0.0
10/17/2023 04:30,0.0
10/17/2023 05:00,0.0
10/17/2023 05:30,0.0
10/17/2023 06:00,0.0
10/17/2023 06:30,0.0
10/17/2023 07:00,0.0
10/17/2023 07:30,0.0
10/17/2023 08:00,0.0
10/17/2023 08:30,0.0
10/17/2023 09:00,0.0
10/17/2023 09:30,0.0
10/17/2023 10:00,0.0
10/17/2023 10:30,0.0
10/17/2023 11:00,0.0
10/17/2023 11:30,0.0
10/17/2023 12:00,0.0
10/17/2023 12:30,0.0
10/17/2023 13:00,0.0
10/17/2023 13:30,0.0
10/17/2023 14:00,0.0
10/17/2023 14:30,0.0
10/17/2023 15:00,0.0
10/17/2023 15:30,0.0
10/17/2023 16:00,0.0
10/17/2023 16:30,0.0
10/17/2023 17:00,0.0
10/17/2023 17:30,0.0
10/17/2023 18:00,0.0
10/17/2023 18:30,0.0
10/17/2023 19:00,0.0
10/17/2023 19:30,0.0
10/17/2023 20:00,0.0
10/17/2023 20:30,0.0
10/17/2023 21:00,0.0
10/17/2023 21:30,0.0
10/17/2023 22:00,0.0
10/17/2023 22:30,0.0
10/17/2023 23:00,0.0
10/17/2023 23:30,0.0
10/18/2023 00:00,0.0
10/18/2023 00:30,0.0
10/18/2023 01:00,0.0
10/18/2023 01:30,0.0
10/18/2023 02:00,0.0
10/18/2023 02:30,0.0
10/18/2023 03:00,0.0
10/18/2023 03:30,0.0
10/18/2023 04:00,0.0
10/18/2023 04:30,0.0
10/18/2023 05:00,0.0
10/18/2023 05:30,0.0
10/18/2023 06:00,0.0
10/18/2023 06:30,0.0
10/18/2023 07:00,0.0
10/18/2023 07:30,0.0
10/18/2023 08:00,0.0
10/18/2023 08:30,0.0
10/18/2023 09:00,0.0
10/18/2023 09:30,0.0
10/18/2023 10:00,0.0
10/18/2023 10:30,0.0
10/18/2023 11:00,0.0
10/18/2023 11:30,0.0
10/18/2023 12:00,0.0
10/18/2023 12:30,0.0
10/18/2023 13:00,0.0
10/18/2023 13:30,0.0
10/18/2023 14:00,0.0
10/18/2023 14:30,0.0
10/18/2023 15:00,0.0
10/18/2023 15:30,0.0
10/18/2023 16:00,0.0
10/18/2023 16:30,0.0
10/18/2023 17:00,0.0
10/18/2023 17:30,0.0
10/18/2023 18:00,0.0
10/18/2023 18:30,0.0
10/18/2023 19:00,0.0
10/18/2023 19:30,0.0
10/18/2023 20:00,0.0
10/18/2023 20:30,0.0
10/18/2023 21:00,0.0
10/18/2023 21:30,0.0
10/18/2023 22:00,0.0
10/18/2023 22:30,0.0
10/18/2023 23:00,0.0
10/18/2023 23:30,0.0
10/19/2023 00:00,0.0
10/19/2023 00:30,0.0
10/19/2023 01:00,0.0
10/19/2023 01:30,0.0
10/19/2023 02:00,0.0
10/19/2023 02:30,0.0
10/19/2023 03:00,0.0
10/19/2023 03:30,0.0
10/19/2023 04:00,0.0
10/19/2023 04:30,0.0
10/19/2023 05:00,0.0
10/19/2023 05:30,0.0
10/19/2023 06:00,0.0
10/19/2023 06:30,0.0
10/19/2023 07:00,0.0
10/19/2023 07:30,0.0
10/19/2023 08:00,0.0
10/19/2023 08:30,0.0
10/19/2023 09:00,0.0
10/19/2023 09:30,0.0
10/19/2023 10:00,0.0
10/19/2023 10:30,0.0
10/19/2023 11:00,0.0
10/19/2023 11:30,0.0
10/19/2023 12:00,0.0
10/19/2023 12:30,0.0
10/19/2023 13:00,0.0
10/19/2023 13:30,0.0
10/19/2023 14:00,0.0
10/19/2023 14:30,0.0
10/19/2023 15:00,0.0
10/19/2023 15:30,0.0
10/19/2023 16:00,0.0
10/19/2023 16:30,0.0
10/19/2023 17:00,0.0
10/19/2023 17:30,0.0
10/19/2023 18:00,0.0
10/19/2023 18:30,0.0
10/19/2023 19:00,0.0
10/19/2023 19:30,0.0
10/19/2023 20:00,0.0
10/19/2023 20:30,0.0
10/19/2023 21:00,0.0
10/19/2023 21:30,0.0
10/19/2023 22:00,0.0
10/19/2023 22:30,0.0
10/19/2023 23:00,0.0
10/19/2023 23:30,0.0
10/20/2023 00:00,0.0
10/20/2023 00:30,0.0
10/20/2023 01:00,0.0
10/20/2023 01:30,0.0
10/20/2023 02:00,0.0
10/20/2023 02:30,0.0
10/20/2023 03:00,0.0
10/20/2023 03:30,0.0
10/20/2023 04:00,0.0
10/20/2023 04:30,0.0
10/20/2023 05:00,0.0
10/20/2023 05:30,0.0
10/20/2023 06:00,0.0
10/20/2023 06:30,0.0
10/20/2023 07:00,0.0
10/20/2023 07:30,0.0
10/20/2023 08:00,0.0
10/20/2023 08:30,0.0
10/20/2023 09:00,0.0
10/20/2023 09:30,0.0
10/20/2023 10:00,0.0
10/20/2023 10:30,0.0
10/20/2023 11:00,0.0
10/20/2023 11:30,0.0
10/20/2023 12:00,0.0
10/20/2023 12:30,0.0
10/20/2023 13:00,0.0
10/20/2023 13:30,0.0
10/20/2023 14:00,0.0
10/20/2023 14:30,0.0
10/20/2023 15:00,0.0
10/20/2023 15:30,0.0
10/20/2023 16:00,0.0
10/20/2023 16:30,0.0
10/20/2023 17:00,0.0
10/20/2023 17:30,0.0
10/20/2023 18:00,0.0
10/20/2023 18:30,0.0
10/20/2023 19:00,0.0
10/20/2023 19:30,0.0
10/20/2023 20:00,0.0
10/20/2023 20:30,0.0
10/20/2023 21:00,0.0
10/20/2023 21:30,0.0
10/20/2023 22:00,0.0
10/20/2023 22:30,0.0
10/20/2023 23:00,0.0
10/20/2023 23:30,0.0
10/21/2023 00:00,0.0
10/21/2023 00:30,0.0
10/21/2023 01:00,0.0
10/21/2023 01:30,0.0
10/21/2023 02:00,0.0
10/21/2023 02:30,0.0
10/21/2023 03:00,0.0
10/21/2023 03:30,0.0
10/21/2023 04:00,0.0
10/21/2023 04:30,0.0
10/21/2023 05:00,0.0
10/21/2023 05:30,0.0
10/21/2023 06:00,0.0
10/21/2023 06:30,0.0
10/21/2023 07:00,0.0
10/21/2023 07:30,0.0
10/21/2023 08:00,0.0
10/21/2023 08:30,0.0
10/21/2023 09:00,0.0
10/21/2023 09:30,0.0
10/21/2023 10:00,0.0
10/21/2023 10:30,0.0
10/21/2023 11:00,0.0
10/21/2023 11:30,0.0
10/21/2023 12:00,0.0
10/21/2023 12:30,0.0
10/21/2023 13:00,0.0
10/21/2023 13:30,0.0
10/21/2023 14:00,0.0
10/21/2023 14:30,0.0
10/21/2023 15:00,0.0
10/21/2023 15:30,0.0
10/21/2023 16:00,0.0
10/21/2023 16:30,0.0
10/21/2023 17:00,0.0
10/21/2023 17:30,0.0
10/21/2023 18:00,0.0
10/21/2023 18:30,0.0
10/21/2023 19:00,0.0
10/21/2023 19:30,0.0
10/21/2023 20:00,0.0
10/21/2023 20:30,0.0
10/21/2023 21:00,0.0
10/21/2023 21:30,0.0
10/21/2023 22:00,0.0
10/21/2023 22:30,0.0
10/21/2023 23:00,0.0
10/21/2023 23:30,0.0
10/22/2023 00:00,0.0
10/22/2023 00:30,0.0
10/22/2023 01:00,0.0
10/22/2023 01:30,0.0
10/22/2023 02:00,0.0
10/22/2023 02:30,0.0
10/22/2023 03:00,0.0
10/22/2023 03:30,0.0
10/22/2023 04:00,0.0
10/22/2023 04:30,0.0
10/22/2023 05:00,0.0
10/22/2023 05:30,0.0
10/22/2023 06:00,0.0
10/22/2023 06:30,0.0
10/22/2023 07:00,0.0
10/22/2023 07:30,0.0
10/22/2023 08:00,0.0
10/22/2023 08:30,0.0
10/22/2023 09:00,0.0
10/22/2023 09:30,0.0
10/22/2023 10:00,0.0
10/22/2023 10:30,0.0
10/22/2023 11:00,0.0
10/22/2023 11:30,0.0
10/22/2023 12:00,0.0
10/22/2023 12:30,0.0
10/22/2023 13:00,0.0
10/22/2023 13:30,0.0
10/22/2023 14:00,0.0
10/22/2023 14:30,0.0
10/22/2023 15:00,0.0
10/22/2023 15:30,0.0
10/22/2023 16:00,0.0
10/22/2023 16:30,0.0
10/22/2023 17:00,0.0
10/22/2023 17:30,0.0
10/22/2023 18:00,0.0
10/22/2023 18:30,0.0
10/22/2023 19:00,0.0
10/22/2023 19:30,0.0
10/22/2023 20:00,0.0
10/22/2023 20:30,0.0
10/22/2023 21:00,0.0
10/22/2023 21:30,0.0
10/22/2023 22:00,0.0
10/22/2023 22:30,0.0
10/22/2023 23:00,0.0
10/22/2023 23:30,0.0
10/23/2023 00:00,0.0
10/23/2023 00:30,0.0
10/23/2023 01:00,0.0
10/23/2023 01:30,0.0
10/23/2023 02:00,0.0
10/23/2023 02:30,0.0
10/23/2023 03:00,0.0
10/23/2023 03:30,0.0
10/23/2023 04:00,0.0
10/23/2023 04:30,0.0
10/23/2023 05:00,0.0
10/23/2023 05:30,0.0
10/23/2023 06:00,0.0
10/23/2023 06:30,0.0
10/23/2023 07:00,0.0
10/23/2023 07:30,0.0
10/23/2023 08:00,0.0
10/23/2023 08:30,0.0
10/23/2023 09:00,0.0
10/23/2023 09:30,0.0
10/23/2023 10:00,0.0
10/23/2023 10:30,0.0
10/23/2023 11:00,0.0
10/23/2023 11:30,0.0
10/23/2023 12:00,0.0
10/23/2023 12:30,0.0
10/23/2023 13:00,0.0
10/23/2023 13:30,0.0
10/23/2023 14:00,0.0
10/23/2023 14:30,0.0
10/23/2023 15:00,0.0
10/23/2023 15:30,0.0
10/23/2023 16:00,0.0
10/23/2023 16:30,0.0
10/23/2023 17:00,0.0
10/23/2023 17:30,0.0
10/23/2023 18:00,0.0
10/23/2023 18:30,0.0
10/23/2023 19:00,0.0
10/23/2023 19:30,0.0
10/23/2023 20:00,0.0
10/23/2023 20:30,0.0
10/23/2023 21:00,0.0
10/23/2023 21:30,0.0
10/23/2023 22:00,0.0
10/23/2023 22:30,0.0
10/23/2023 23:00,0.0
10/23/2023 23:30,0.0
10/24/2023 00:00,0.0
10/24/2023 00:30,0.0
10/24/2023 01:00,0.0
10/24/2023 01:30,0.0
10/24/2023 02:00,0.0
10/24/2023 02:30,0.0
10/24/2023 03:00,0.0
10/24/2023 03:30,0.0
10/24/2023 04:00,0.0
10/24/2023 04:30,0.0
10/24/2023 05:00,0.0
10/24/2023 05:30,0.0
10/24/2023 06:00,0.0
10/24/2023 06:30,0.0
10/24/2023 07:00,0.0
10/24/2023 07:30,0.0
10/24/2023 08:00,0.0
10/24/2023 08:30,0.0
10/24/2023 09:00,0.0
10/24/2023 09:30,0.0
10/24/2023 10:00,0.0
10/24/2023 10:30,0.0
10/24/2023 11:00,0.0
10/24/2023 11:30,0.0
10/24/2023 12:00,0.0
10/24/2023 12:30,0.0
10/24/2023 13:00,0.0
10/24/2023 13:30,0.0
10/24/2023 14:00,0.0
10/24/2023 14:30,0.0
10/24/2023 15:00,0.0
10/24/2023 15:30,0.0
10/24/2023 16:00,0.0
10/24/2023 16:30,0.0
10/24/2023 17:00,0.0
10/24/2023 17:30,0.0
10/24/2023 18:00,0.0
10/24/2023 18:30,0.0
10/24/2023 19:00,0.0
10/24/2023 19:30,0.0
10/24/2023 20:00,0.0
10/24/2023 20:30,0.0
10/24/2023 21:00,0.0
10/24/2023 21:30,0.0
10/24/2023 22:00,0.0
10/24/2023 22:30,0.0
10/24/2023 23:00,0.0
10/24/2023 23:30,0.0
10/25/2023 00:00,0.0
10/25/2023 00:30,0.0
10/25/2023 01:00,0.0
10/25/2023 01:30,0.0
10/25/2023 02:00,0.0
10/25/2023 02:30,0.0
10/25/2023 03:00,0.0
10/25/2023 03:30,0.0
10/25/2023 04:00,0.0
10/25/2023 04:30,0.0
10/25/2023 05:00,0.0
10/25/2023 05:30,0.0
10/25/2023 06:00,0.0
10/25/2023 06:30,0.0
10/25/2023 07:00,0.0
10/25/2023 07:30,0.0
10/25/2023 08:00,0.0
10/25/2023 08:30,0.0
10/25/2023 09:00,0.0
10/25/2023 09:30,0.0
10/25/2023 10:00,0.0
10/25/2023 10:30,0.0
10/25/2023 11:00,0.0
10/25/2023 11:30,0.0
10/25/2023 12:00,0.0
10/25/2023 12:30,0.0
10/25/2023 13:00,0.0
10/25/2023 13:30,0.0
10/25/2023 14:00,0.0
10/25/2023 14:30,0.0
10/25/2023 15:00,0.0
10/25/2023 15:30,0.0
10/25/2023 16:00,0.0
10/25/2023 16:30,0.0
10/25/2023 17:00,0.0
10/25/2023 17:30,0.0
10/25/2023 18:00,0.0
10/25/2023 18:30,0.0
10/25/2023 19:00,0.0
10/25/2023 19:30,0.0
10/25/2023 20:00,0.0
10/25/2023 20:30,0.0
10/25/2023 21:00,0.0
10/25/2023 21:30,0.0
10/25/2023 22:00,0.0
10/25/2023 22:30,0.0
10/25/2023 23:00,0.0
10/25/2023 23:30,0.0
10/26/2023 00:00,0.0
10/26/2023 00:30,0.0
10/26/2023 01:00,0.0
10/26/2023 01:30,0.0
10/26/2023 02:00,0.0
10/26/2023 02:30,0.0
10/26/2023 03:00,0.0
10/26/2023 03:30,0.0
10/26/2023 04:00,0.0
10/26/2023 04:30,0.0
10/26/2023 05:00,0.0
10/26/2023 05:30,0.0
10/26/2023 06:00,0.0
10/26/2023 06:30,0.0
10/26/2023 07:00,0.0
10/26/2023 07:30,0.0
10/26/2023 08:00,0.0
10/26/2023 08:30,0.0
10/26/2023 09:00,0.0
10/26/2023 09:30,0.0
10/26/2023 10:00,0.0
10/26/2023 10:30,0.0
10/26/2023 11:00,0.0
10/26/2023 11:30,0.0
10/26/2023 12:00,0.0
10/26/2023 12:30,0.0
10/26/2023 13:00,0.0
10/26/2023 13:30,0.0
10/26/2023 14:00,0.0
10/26/2023 14:30,0.0
10/26/2023 15:00,0.0
10/26/2023 15:30,0.0
10/26/2023 16:00,0.0
10/26/2023 16:30,0.0
10/26/2023 17:00,0.0
10/26/2023 17:30,0.0
10/26/2023 18:00,0.0
10/26/2023 18:30,0.0
10/26/2023 19:00,0.0
10/26/2023 19:30,0.0
10/26/2023 20:00,0.0
10/26/2023 20:30,0.0
10/26/2023 21:00,0.0
10/26/2023 21:30,0.0
10/26/2023 22:00,0.0
10/26/2023 22:30,0.0
10/26/2023 23:00,0.0
10/26/2023 23:30,0.0
10/27/2023 00:00,0.0
10/27/2023 00:30,0.0
10/27/2023 01:00,0.0
10/27/2023 01:30,0.0
10/27/2023 02:00,0.0
10/27/2023 02:30,0.0
10/27/2023 03:00,0.0
10/27/2023 03:30,0.0
10/27/2023 04:00,0.0
10/27/2023 04:30,0.0
10/27/2023 05:00,0.0
10/27/2023 05:30,0.0
10/27/2023 06:00,0.0
10/27/2023 06:30,0.0
10/27/2023 07:00,0.0
10/27/2023 07:30,0.0
10/27/2023 08:00,0.0
10/27/2023 08:30,0.0
10/27/2023 09:00,0.0
10/27/2023 09:30,0.0
10/27/2023 10:00,0.0
10/27/2023 10:30,0.0
10/27/2023 11:00,0.0
10/27/2023 11:30,0.0
10/27/2023 12:00,0.0
10/27/2023 12:30,0.0
10/27/2023 13:00,0.0
10/27/2023 13:30,0.0
10/27/2023 14:00,0.0
10/27/2023 14:30,0.0
10/27/2023 15:00,0.0
10/27/2023 15:30,0.0
10/27/2023 16:00,0.0
10/27/2023 16:30,0.0
10/27/2023 17:00,0.0
10/27/2023 17:30,0.0
10/27/2023 18:00,0.0
10/27/2023 18:30,0.0
10/27/2023 19:00,0.0
10/27/2023 19:30,0.0
10/27/2023 20:00,0.0
10/27/2023 20:30,0.0
10/27/2023 21:00,0.0
10/27/2023 21:30,0.0
10/27/2023 22:00,0.0
10/27/2023 22:30,0.0
10/27/2023 23:00,0.0
10/27/2023 23:30,0.0
10/28/2023 00:00,0.0
10/28/2023 00:30,0.0
10/28/2023 01:00,0.0
10/28/2023 01:30,0.0
10/28/2023 02:00,0.0
10/28/2023 02:30,0.0
10/28/2023 03:00,0.0
10/28/2023 03:30,0.0
10/28/2023 04:00,0.0
10/28/2023 04:30,0.0
10/28/2023 05:00,0.0
10/28/2023 05:30,0.0
10/28/2023 06:00,0.0
10/28/2023 06:30,0.0
10/28/2023 07:00,0.0
10/28/2023 07:30,0.0
10/28/2023 08:00,0.0
10/28/2023 08:30,0.0
10/28/2023 09:00,0.0
10/28/2023 09:30,0.0
10/28/2023 10:00,0.0
10/28/2023 10:30,0.0
10/28/2023 11:00,0.0
10/28/2023 11:30,0.0
10/28/2023 12:00,0.0
10/28/2023 12:30,0.0
10/28/2023 13:00,0.0
10/28/2023 13:30,0.0
10/28/2023 14:00,0.0
10/28/2023 14:30,0.0
10/28/2023 15:00,0.0
10/28/2023 15:30,0.0
10/28/2023 16:00,0.0
10/28/2023 16:30,0.0
10/28/2023 17:00,0.0
10/28/2023 17:30,0.0
10/28/2023 18:00,0.0
10/28/2023 18:30,0.0
10/28/2023 19:00,0.0
10/28/2023 19:30,0.0
10/28/2023 20:00,0.0
10/28/2023 20:30,0.0
10/28/2023 21:00,0.0
10/28/2023 21:30,0.0
10/28/2023 22:00,0.0
10/28/2023 22:30,0.0
10/28/2023 23:00,0.0
10/28/2023 23:30,0.0
10/29/2023 00:00,0.0
10/29/2023 00:30,0.0
10/29/2023 01:00,0.0
10/29/2023 01:30,0.0
10/29/2023 02:00,0.0
10/29/2023 02:30,0.0
10/29/2023 03:00,0.0
10/29/2023 03:30,0.0
10/29/2023 04:00,0.0
10/29/2023 04:30,0.0
10/29/2023 05:00,0.0
10/29/2023 05:30,0.0
10/29/2023 06:00,0.0
10/29/2023 06:30,0.0
10/29/2023 07:00,0.0
10/29/2023 07:30,0.0
10/29/2023 08:00,0.0
10/29/2023 08:30,0.0
10/29/2023 09:00,0.0
10/29/2023 09:30,0.0
10/29/2023 10:00,0.0
10/29/2023 10:30,0.0
10/29/2023 11:00,0.0
10/29/2023 11:30,0.0
10/29/2023 12:00,0.0
10/29/2023 12:30,0.0
10/29/2023 13:00,0.0
10/29/2023 13:30,0.0
10/29/2023 14:00,0.0
10/29/2023 14:30,0.0
10/29/2023 15:00,0.0
10/29/2023 15:30,0.0
10/29/2023 16:00,0.0
10/29/2023 16:30,0.0
10/29/2023 17:00,0.0
10/29/2023 17:30,0.0
10/29/2023 18:00,0.0
10/29/2023 18:30,0.0
10/29/2023 19:00,0.0
10/29/2023 19:30,0.0
10/29/2023 20:00,0.0
10/29/2023 20:30,0.0
10/29/2023 21:00,0.0
10/29/2023 21:30,0.0
10/29/2023 22:00,0.0
10/29/2023 22:30,0.0
10/29/2023 23:00,0.0
10/29/2023 23:30,0.0
10/30/2023 00:00,0.0
10/30/2023 00:30,0.0
10/30/2023 01:00,0.0
10/30/2023 01:30,0.0
10/30/2023 02:00,0.0
10/30/2023 02:30,0.0
10/30/2023 03:00,0.0
10/30/2023 03:30,0.0
10/30/2023 04:00,0.0
10/30/2023 04:30,0.0
10/30/2023 05:00,0.0
10/30/2023 05:30,0.0
10/30/2023 06:00,0.0
10/30/2023 06:30,0.0
10/30/2023 07:00,0.0
10/30/2023 07:30,0.0
10/30/2023 08:00,0.0
10/30/2023 08:30,0.0
10/30/2023 09:00,0.0
10/30/2023 09:30,0.0
10/30/2023 10:00,0.0
10/30/2023 10:30,0.0
10/30/2023 11:00,0.0
10/30/2023 11:30,0.0
10/30/2023 12:00,0.0
10/30/2023 12:30,0.0
10/30/2023 13:00,0.0
10/30/2023 13:30,0.0
10/30/2023 14:00,0.0
10/30/2023 14:30,0.0
10/30/2023 15:00,0.0
10/30/2023 15:30,0.0
10/30/2023 16:00,0.0
10/30/2023 16:30,0.0
10/30/2023 17:00,0.0
10/30/2023 17:30,0.0
10/30/2023 18:00,0.0
10/30/2023 18:30,0.0
10/30/2023 19:00,0.0
10/30/2023 19:30,0.0
10/30/2023 20:00,0.0
10/30/2023 20:30,0.0
10/30/2023 21:00,0.0
10/30/2023 21:30,0.0
10/30/2023 22:00,0.0
10/30/2023 22:30,0.0
10/30/2023 23:00,0.0
10/30/2023 23:30,0.0
10/31/2023 00:00,0.0
10/31/2023 00:30,0.0
10/31/2023 01:00,0.0
10/31/2023 01:30,0.0
10/31/2023 02:00,0.0
10/31/2023 02:30,0.0
10/31/2023 03:00,0.0
10/31/2023 03:30,0.0
10/31/2023 04:00,0.0
10/31/2023 04:30,0.0
10/31/2023 05:00,0.0
10/31/2023 05:30,0.0
10/31/2023 06:00,0.0
10/31/2023 06:30,0.0
10/31/2023 07:00,0.0
10/31/2023 07:30,0.0
10/31/2023 08:00,0.0
10/31/2023 08:30,0.0
10/31/2023 09:00,0.0
10/31/2023 09:30,0.0
10/31/2023 10:00,0.0
10/31/2023 10:30,0.0
10/31/2023 11:00,0.0
10/31/2023 11:30,0.0
10/31/2023 12:00,0.0
10/31/2023 12:30,0.0
10/31/2023 13:00,0.0
10/31/2023 13:30,0.0
10/31/2023 14:00,0.0
10/31/2023 14:30,0.0
10/31/2023 15:00,0.0
10/31/2023 15:30,0.0
10/31/2023 16:00,0.0
10/31/2023 16:30,0.0
10/31/2023 17:00,0.0
10/31/2023 17:30,0.0
10/31/2023 18:00,0.0
10/31/2023 18:30,0.0
10/31/2023 19:00,0.0
10/31/2023 19:30,0.0
10/31/2023 20:00,0.0
10/31/2023 20:30,0.0
10/31/2023 21:00,0.0
10/31/2023 21:30,0.0
10/31/2023 22:00,0.0
10/31/2023 22:30,0.0
10/31/2023 23:00,0.0
10/31/2023 23:30,0.0
11/01/2023 00:00,0.0
11/01/2023 00:30,0.0
11/01/2023 01:00,0.0
11/01/2023 01:30,0.0
11/01/2023 02:00,0.0
11/01/2023 02:30,0.0
11/01/2023 03:00,0.0
11/01/2023 03:30,0.0
11/01/2023 04:00,0.0
11/01/2023 04:30,0.0
11/01/2023 05:00,0.0
11/01/2023 05:30,0.0
11/01/2023 06:00,0.0
11/01/2023 06:30,0.0
11/01/2023 07:00,0.0
11/01/2023 07:30,0.0
11/01/2023 08:00,0.0
11/01/2023 08:30,0.0
11/01/2023 09:00,0.0
11/01/2023 09:30,0.0
11/01/2023 10:00,0.0
11/01/2023 10:30,0.0
11/01/2023 11:00,0.0
11/01/2023 11:30,0.0
11/01/2023 12:00,0.0
11/01/2023 12:30,0.0
11/01/2023 13:00,0.0
11/01/2023 13:30,0.0
11/01/2023 14:00,0.0
11/01/2023 14:30,0.0
11/01/2023 15:00,0.0
11/01/2023 15:30,0.0
11/01/2023 16:00,0.0
11/01/2023 16:30,0.0
11/01/2023 17:00,0.0
11/01/2023 17:30,0.0
11/01/2023 18:00,0.0
11/01/2023 18:30,0.0
11/01/2023 19:00,0.0
11/01/2023 19:30,0.0
11/01/2023 20:00,0.0
11/01/2023 20:30,0.0
11/01/2023 21:00,0.0
11/01/2023 21:30,0.0
11/01/2023 22:00,0.0
11/01/2023 22:30,0.0
11/01/2023 23:00,0.0
11/01/2023 23:30,0.0
11/02/2023 00:00,0.0
11/02/2023 00:00,0.0
11/02/2023 00:30,0.0
11/02/2023 00:30,0.0
11/02/2023 01:00,0.0
11/02/2023 01:00,0.0
11/02/2023 01:30,0.0
11/02/2023 01:30,0.0
11/02/2023 02:00,0.0
11/02/2023 02:00,0.0
11/02/2023 02:30,0.0
11/02/2023 02:30,0.0
11/02/2023 03:00,0.0
11/02/2023 03:00,0.0
11/02/2023 03:30,0.0
11/02/2023 03:30,0.0
11/02/2023 04:00,0.0
11/02/2023 04:00,0.0
11/02/2023 04:30,0.0
11/02/2023 04:30,0.0
11/02/2023 05:00,0.0
11/02/2023 05:00,0.0
11/02/2023 05:30,0.0
11/02/2023 05:30,0.0
11/02/2023 06:00,0.0
11/02/2023 06:00,0.0
11/02/2023 06:30,0.0
11/02/2023 06:30,0.0
11/02/2023 07:00,0.0
11/02/2023 07:00,0.0
11/02/2023 07:30,0.0
11/02/2023 07:30,0.0
11/02/2023 08:00,0.0
11/02/2023 08:00,0.0
11/02/2023 08:30,0.0
11/02/2023 08:30,0.0
11/02/2023 09:00,0.0
11/02/2023 09:00,0.0
11/02/2023 09:30,0.0
11/02/2023 09:30,0.0
11/02/2023 10:00,0.0
11/02/2023 10:00,0.0
11/02/2023 10:30,0.0
11/02/2023 10:30,0.0
11/02/2023 11:00,0.0
11/02/2023 11:00,0.0
11/02/2023 11:30,0.0
11/02/2023 11:30,0.0
11/02/2023 12:00,0.0
11/02/2023 12:00,0.0
11/02/2023 12:30,0.0
11/02/2023 12:30,0.0
11/02/2023 13:00,0.0
11/02/2023 13:00,0.0
11/02/2023 13:30,0.0
11/02/2023 13:30,0.0
11/02/2023 14:00,0.0
11/02/2023 14:00,0.0
11/02/2023 14:30,0.0
11/02/2023 14:30,0.0
11/02/2023 15:00,0.0
11/02/2023 15:00,0.0
11/02/2023 15:30,0.0
11/02/2023 15:30,0.0
11/02/2023 16:00,0.0
11/02/2023 16:00,0.0
11/02/2023 16:30,0.0
11/02/2023 16:30,0.0
11/02/2023 17:00,0.0
11/02/2023 17:00,0.0
11/02/2023 17:30,0.0
11/02/2023 17:30,0.0
11/02/2023 18:00,0.0
11/02/2023 18:00,0.0
11/02/2023 18:30,0.0
11/02/2023 18:30,0.0
11/02/2023 19:00,0.0
11/02/2023 19:00,0.0
11/02/2023 19:30,0.0
11/02/2023 19:30,0.0
11/02/2023 20:00,0.0
11/02/2023 20:00,0.0
11/02/2023 20:30,0.0
11/02/2023 20:30,0.0
11/02/2023 21:00,0.0
11/02/2023 21:00,0.0
11/02/2023 21:30,0.0
11/02/2023 21:30,0.0
11/02/2023 22:00,0.0
11/02/2023 22:00,0.0
11/02/2023 22:30,0.0
11/02/2023 22:30,0.0
11/02/2023 23:00,0.0
11/02/2023 23:00,0.0
11/02/2023 23:30,0.0
11/02/2023 23:30,0.0
11/03/2023 00:00,16.017
11/03/2023 00:30,16.017
11/03/2023 01:00,16.017
11/03/2023 01:30,16.017
11/03/2023 02:00,16.017
11/03/2023 02:30,16.017
11/03/2023 03:00,16.017
11/03/2023 03:30,16.017
11/03/2023 04:00,16.017
11/03/2023 04:30,16.017
11/03/2023 05:00,16.017
11/03/2023 05:30,16.017
11/03/2023 06:00,16.017
11/03/2023 06:30,16.017
11/03/2023 07:00,16.017
11/03/2023 07:30,16.017
11/03/2023 08:00,16.017
11/03/2023 08:30,16.017
11/03/2023 09:00,16.017
11/03/2023 09:30,16.017
11/03/2023 10:00,16.017
11/03/2023 10:30,16.017
11/03/2023 11:00,16.017
11/03/2023 11:30,16.017
11/03/2023 12:00,16.017
11/03/2023 12:30,16.017
11/03/2023 13:00,16.017
11/03/2023 13:30,16.017
11/03/2023 14:00,16.017
11/03/2023 14:30,16.017
11/03/2023 15:00,16.017
11/03/2023 15:30,16.017
11/03/2023 16:00,16.017
11/03/2023 16:30,16.017
11/03/2023 17:00,16.017
11/03/2023 17:30,16.017
11/03/2023 18:00,16.017
11/03/2023 18:30,16.017
11/03/2023 19:00,16.017
11/03/2023 19:30,16.017
11/03/2023 20:00,16.017
11/03/2023 20:30,16.017
11/03/2023 21:00,16.017
11/03/2023 21:30,16.017
11/03/2023 22:00,16.017
11/03/2023 22:30,16.017
11/03/2023 23:00,16.017
11/03/2023 23:30,16.017
11/04/2023 00:00,34.462
11/04/2023 00:30,34.462
11/04/2023 01:00,34.462
11/04/2023 01:30,34.462
11/04/2023 02:00,34.462
11/04/2023 02:30,34.462
11/04/2023 03:00,34.462
11/04/2023 03:30,34.462
11/04/2023 04:00,34.462
11/04/2023 04:30,34.462
11/04/2023 05:00,34.462
11/04/2023 05:30,34.462
11/04/2023 06:00,34.462
11/04/2023 06:30,34.462
11/04/2023 07:00,34.462
11/04/2023 07:30,34.462
11/04/2023 08:00,34.462
11/04/2023 08:30,34.462
11/04/2023 09:00,34.462
11/04/2023 09:30,34.462
11/04/2023 10:00,34.462
11/04/2023 10:30,34.462
11/04/2023 11:00,34.462
11/04/2023 11:30,34.462
11/04/2023 12:00,34.462
11/04/2023 12:30,34.462
11/04/2023 13:00,34.462
11/04/2023 13:30,34.462
11/04/2023 14:00,34.462
11/04/2023 14:30,34.462
11/04/2023 15:00,34.462
11/04/2023 15:30,34.462
11/04/2023 16:00,34.462
11/04/2023 16:30,34.462
11/04/2023 17:00,34.462
11/04/2023 17:30,34.462
11/04/2023 18:00,34.462
11/04/2023 18:30,34.462
11/04/2023 19:00,34.462
11/04/2023 19:30,34.462
11/04/2023 20:00,34.462
11/04/2023 20:30,34.462
11/04/2023 21:00,34.462
11/04/2023 21:30,34.462
11/04/2023 22:00,34.462
11/04/2023 22:30,34.462
11/04/2023 23:00,34.462
11/04/2023 23:30,34.462
11/05/2023 00:00,34.462
11/05/2023 00:30,34.462
11/05/2023 01:00,34.462
11/05/2023 01:30,34.462
11/05/2023 02:00,34.462
11/05/2023 02:30,34.462
11/05/2023 03:00,34.462
11/05/2023 03:30,34.462
11/05/2023 04:00,34.462
11/05/2023 04:30,34.462
11/05/2023 05:00,34.462
11/05/2023 05:30,34.462
11/05/2023 06:00,34.462
11/05/2023 06:30,34.462
11/05/2023 07:00,34.462
11/05/2023 07:30,34.462
11/05/2023 08:00,34.462
11/05/2023 08:30,34.462
11/05/2023 09:00,34.462
11/05/2023 09:30,34.462
11/05/2023 10:00,34.462
11/05/2023 10:30,34.462
11/05/2023 11:00,34.462
11/05/2023 11:30,34.462
11/05/2023 12:00,34.462
11/05/2023 12:30,34.462
11/05/2023 13:00,34.462
11/05/2023 13:30,34.462
11/05/2023 14:00,34.462
11/05/2023 14:30,34.462
11/05/2023 15:00,34.462
11/05/2023 15:30,34.462
11/05/2023 16:00,34.462
11/05/2023 16:30,34.462
11/05/2023 17:00,34.462
11/05/2023 17:30,34.462
11/05/2023 18:00,34.462
11/05/2023 18:30,34.462
11/05/2023 19:00,34.462
11/05/2023 19:30,34.462
11/05/2023 20:00,34.462
11/05/2023 20:30,34.462
11/05/2023 21:00,34.462
11/05/2023 21:30,34.462
11/05/2023 22:00,34.462
11/05/2023 22:30,34.462
11/05/2023 23:00,34.462
11/05/2023 23:30,34.462
11/06/2023 00:00,30.411
11/06/2023 00:30,30.411
11/06/2023 01:00,30.411
11/06/2023 01:30,30.411
11/06/2023 02:00,30.411
11/06/2023 02:30,30.411
11/06/2023 03:00,30.411
11/06/2023 03:30,30.411
11/06/2023 04:00,30.411
11/06/2023 04:30,30.411
11/06/2023 05:00,30.411
11/06/2023 05:30,30.411
11/06/2023 06:00,30.411
11/06/2023 06:30,30.411
11/06/2023 07:00,30.411
11/06/2023 07:30,30.411
11/06/2023 08:00,30.411
11/06/2023 08:30,30.411
11/06/2023 09:00,30.411
11/06/2023 09:30,30.411
11/06/2023 10:00,30.411
11/06/2023 10:30,30.411
11/06/2023 11:00,30.411
11/06/2023 11:30,30.411
11/06/2023 12:00,30.411
11/06/2023 12:30,30.411
11/06/2023 13:00,30.411
11/06/2023 13:30,30.411
11/06/2023 14:00,30.411
11/06/2023 14:30,30.411
11/06/2023 15:00,30.411
11/06/2023 15:30,30.411
11/06/2023 16:00,30.411
11/06/2023 16:30,30.411
11/06/2023 17:00,30.411
11/06/2023 17:30,30.411
11/06/2023 18:00,30.411
11/06/2023 18:30,30.411
11/06/2023 19:00,30.411
11/06/2023 19:30,30.411
11/06/2023 20:00,30.411
11/06/2023 20:30,30.411
11/06/2023 21:00,30.411
11/06/2023 21:30,30.411
11/06/2023 22:00,30.411
11/06/2023 22:30,30.411
11/06/2023 23:00,30.411
11/06/2023 23:30,30.411
11/07/2023 00:00,30.411
11/07/2023 00:30,30.411
11/07/2023 01:00,30.411
11/07/2023 01:30,30.411
11/07/2023 02:00,30.411
11/07/2023 02:30,30.411
11/07/2023 03:00,30.411
11/07/2023 03:30,30.411
11/07/2023 04:00,30.411
11/07/2023 04:30,30.411
11/07/2023 05:00,30.411
11/07/2023 05:30,30.411
11/07/2023 06:00,30.411
11/07/2023 06:30,30.411
11/07/2023 07:00,30.411
11/07/2023 07:30,30.411
11/07/2023 08:00,30.411
11/07/2023 08:30,30.411
11/07/2023 09:00,30.411
11/07/2023 09:30,30.411
11/07/2023 10:00,30.411
11/07/2023 10:30,30.411
11/07/2023 11:00,30.411
11/07/2023 11:30,30.411
11/07/2023 12:00,30.411
11/07/2023 12:30,30.411
11/07/2023 13:00,30.411
11/07/2023 13:30,30.411
11/07/2023 14:00,30.411
11/07/2023 14:30,30.411
11/07/2023 15:00,30.411
11/07/2023 15:30,30.411
11/07/2023 16:00,30.411
11/07/2023 16:30,30.411
11/07/2023 17:00,30.411
11/07/2023 17:30,30.411
11/07/2023 18:00,30.411
11/07/2023 18:30,30.411
11/07/2023 19:00,30.411
11/07/2023 19:30,30.411
11/07/2023 20:00,30.411
11/07/2023 20:30,30.411
11/07/2023 21:00,30.411
11/07/2023 21:30,30.411
11/07/2023 22:00,30.411
11/07/2023 22:30,30.411
11/07/2023 23:00,30.411
11/07/2023 23:30,30.411
11/08/2023 00:00,30.411
11/08/2023 00:30,30.411
11/08/2023 01:00,30.411
11/08/2023 01:30,30.411
11/08/2023 02:00,30.411
11/08/2023 02:30,30.411
11/08/2023 03:00,30.411
11/08/2023 03:30,30.411
11/08/2023 04:00,30.411
11/08/2023 04:30,30.411
11/08/2023 05:00,30.411
11/08/2023 05:30,30.411
11/08/2023 06:00,30.411
11/08/2023 06:30,30.411
11/08/2023 07:00,30.411
11/08/2023 07:30,30.411
11/08/2023 08:00,30.411
11/08/2023 08:30,30.411
11/08/2023 09:00,30.411
11/08/2023 09:30,30.411
11/08/2023 10:00,30.411
11/08/2023 10:30,30.411
11/08/2023 11:00,30.411
11/08/2023 11:30,30.411
11/08/2023 12:00,30.411
11/08/2023 12:30,30.411
11/08/2023 13:00,30.411
11/08/2023 13:30,30.411
11/08/2023 14:00,30.411
11/08/2023 14:30,30.411
11/08/2023 15:00,30.411
11/08/2023 15:30,30.411
11/08/2023 16:00,30.411
11/08/2023 16:30,30.411
11/08/2023 17:00,30.411
11/08/2023 17:30,30.411
11/08/2023 18:00,30.411
11/08/2023 18:30,30.411
11/08/2023 19:00,30.411
11/08/2023 19:30,30.411
11/08/2023 20:00,30.411
11/08/2023 20:30,30.411
11/08/2023 21:00,30.411
11/08/2023 21:30,30.411
11/08/2023 22:00,30.411
11/08/2023 22:30,30.411
11/08/2023 23:00,30.411
11/08/2023 23:30,30.411
11/09/2023 00:00,30.411
11/09/2023 00:30,30.411
11/09/2023 01:00,30.411
11/09/2023 01:30,30.411
11/09/2023 02:00,30.411
11/09/2023 02:30,30.411
11/09/2023 03:00,30.411
11/09/2023 03:30,30.411
11/09/2023 04:00,30.411
11/09/2023 04:30,30.411
11/09/2023 05:00,30.411
11/09/2023 05:30,30.411
11/09/2023 06:00,30.411
11/09/2023 06:30,30.411
11/09/2023 07:00,30.411
11/09/2023 07:30,30.411
11/09/2023 08:00,30.411
11/09/2023 08:30,30.411
11/09/2023 09:00,30.411
11/09/2023 09:30,30.411
11/09/2023 10:00,30.411
11/09/2023 10:30,30.411
11/09/2023 11:00,30.411
11/09/2023 11:30,30.411
11/09/2023 12:00,30.411
11/09/2023 12:30,30.411
11/09/2023 13:00,30.411
11/09/2023 13:30,30.411
11/09/2023 14:00,30.411
11/09/2023 14:30,30.411
11/09/2023 15:00,30.411
11/09/2023 15:30,30.411
11/09/2023 16:00,30.411
11/09/2023 16:30,30.411
11/09/2023 17:00,30.411
11/09/2023 17:30,30.411
11/09/2023 18:00,30.411
11/09/2023 18:30,30.411
11/09/2023 19:00,30.411
11/09/2023 19:30,30.411
11/09/2023 20:00,30.411
11/09/2023 20:30,30.411
11/09/2023 21:00,30.411
11/09/2023 21:30,30.411
11/09/2023 22:00,30.411
11/09/2023 22:30,30.411
11/09/2023 23:00,30.411
11/09/2023 23:30,30.411
11/10/2023 00:00,26.531
11/10/2023 00:30,26.531
11/10/2023 01:00,26.531
11/10/2023 01:30,26.531
11/10/2023 02:00,26.531
11/10/2023 02:30,26.531
11/10/2023 03:00,26.531
11/10/2023 03:30,26.531
11/10/2023 04:00,26.531
11/10/2023 04:30,26.531
11/10/2023 05:00,26.531
11/10/2023 05:30,26.531
11/10/2023 06:00,26.531
11/10/2023 06:30,26.531
11/10/2023 07:00,26.531
11/10/2023 07:30,26.531
11/10/2023 08:00,26.531
11/10/2023 08:30,26.531
11/10/2023 09:00,26.531
11/10/2023 09:30,26.531
11/10/2023 10:00,26.531
11/10/2023 10:30,26.531
11/10/2023 11:00,26.531
11/10/2023 11:30,26.531
11/10/2023 12:00,26.531
11/10/2023 12:30,26.531
11/10/2023 13:00,26.531
11/10/2023 13:30,26.531
11/10/2023 14:00,26.531
11/10/2023 14:30,26.531
11/10/2023 15:00,26.531
11/10/2023 15:30,26.531
11/10/2023 16:00,26.531
11/10/2023 16:30,26.531
11/10/2023 17:00,26.531
11/10/2023 17:30,26.531
11/10/2023 18:00,26.531
11/10/2023 18:30,26.531
11/10/2023 19:00,26.531
11/10/2023 19:30,26.531
11/10/2023 20:00,26.531
11/10/2023 20:30,26.531
11/10/2023 21:00,26.531
11/10/2023 21:30,26.531
11/10/2023 22:00,26.531
11/10/2023 22:30,26.531
11/10/2023 23:00,26.531
11/10/2023 23:30,26.531
11/11/2023 00:00,26.531
11/11/2023 00:30,26.531
11/11/2023 01:00,26.531
11/11/2023 01:30,26.531
11/11/2023 02:00,26.531
11/11/2023 02:30,26.531
11/11/2023 03:00,26.531
11/11/2023 03:30,26.531
11/11/2023 04:00,26.531
11/11/2023 04:30,26.531
11/11/2023 05:00,26.531
11/11/2023 05:30,26.531
11/11/2023 06:00,26.531
11/11/2023 06:30,26.531
11/11/2023 07:00,26.531
11/11/2023 07:30,26.531
11/11/2023 08:00,26.531
11/11/2023 08:30,26.531
11/11/2023 09:00,26.531
11/11/2023 09:30,26.531
11/11/2023 10:00,26.531
11/11/2023 10:30,26.531
11/11/2023 11:00,26.531
11/11/2023 11:30,26.531
11/11/2023 12:00,26.531
11/11/2023 12:30,26.531
11/11/2023 13:00,26.531
11/11/2023 13:30,26.531
11/11/2023 14:00,26.531
11/11/2023 14:30,26.531
11/11/2023 15:00,26.531
11/11/2023 15:30,26.531
11/11/2023 16:00,26.531
11/11/2023 16:30,26.531
11/11/2023 17:00,26.531
11/11/2023 17:30,26.531
11/11/2023 18:00,26.531
11/11/2023 18:30,26.531
11/11/2023 19:00,26.531
11/11/2023 19:30,26.531
11/11/2023 20:00,26.531
11/11/2023 20:30,26.531
11/11/2023 21:00,26.531
11/11/2023 21:30,26.531
11/11/2023 22:00,26.531
11/11/2023 22:30,26.531
11/11/2023 23:00,26.531
11/11/2023 23:30,26.531
11/12/2023 00:00,26.531
11/12/2023 00:30,26.531
11/12/2023 01:00,26.531
11/12/2023 01:30,26.531
11/12/2023 02:00,26.531
11/12/2023 02:30,26.531
11/12/2023 03:00,26.531
11/12/2023 03:30,26.531
11/12/2023 04:00,26.531
11/12/2023 04:30,26.531
11/12/2023 05:00,26.531
11/12/2023 05:30,26.531
11/12/2023 06:00,26.531
11/12/2023 06:30,26.531
11/12/2023 07:00,26.531
11/12/2023 07:30,26.531
11/12/2023 08:00,26.531
11/12/2023 08:30,26.531
11/12/2023 09:00,26.531
11/12/2023 09:30,26.531
11/12/2023 10:00,26.531
11/12/2023 10:30,26.531
11/12/2023 11:00,26.531
11/12/2023 11:30,26.531
11/12/2023 12:00,26.531
11/12/2023 12:30,26.531
11/12/2023 13:00,26.531
11/12/2023 13:30,26.531
11/12/2023 14:00,26.531
11/12/2023 14:30,26.531
11/12/2023 15:00,26.531
11/12/2023 15:30,26.531
11/12/2023 16:00,26.531
11/12/2023 16:30,26.531
11/12/2023 17:00,26.531
11/12/2023 17:30,26.531
11/12/2023 18:00,26.531
11/12/2023 18:30,26.531
11/12/2023 19:00,26.531
11/12/2023 19:30,26.531
11/12/2023 20:00,26.531
11/12/2023 20:30,26.531
11/12/2023 21:00,26.531
11/12/2023 21:30,26.531
11/12/2023 22:00,26.531
11/12/2023 22:30,26.531
11/12/2023 23:00,26.531
11/12/2023 23:30,26.531
11/13/2023 00:00,22.833
11/13/2023 00:30,22.833
11/13/2023 01:00,22.833
11/13/2023 01:30,22.833
11/13/2023 02:00,22.833
11/13/2023 02:30,22.833
11/13/2023 03:00,22.833
11/13/2023 03:30,22.833
11/13/2023 04:00,22.833
11/13/2023 04:30,22.833
11/13/2023 05:00,22.833
11/13/2023 05:30,22.833
11/13/2023 06:00,22.833
11/13/2023 06:30,22.833
11/13/2023 07:00,22.833
11/13/2023 07:30,22.833
11/13/2023 08:00,22.833
11/13/2023 08:30,22.833
11/13/2023 09:00,22.833
11/13/2023 09:30,22.833
11/13/2023 10:00,22.833
11/13/2023 10:30,22.833
11/13/2023 11:00,22.833
11/13/2023 11:30,22.833
11/13/2023 12:00,22.833
11/13/2023 12:30,22.833
11/13/2023 13:00,22.833
11/13/2023 13:30,22.833
11/13/2023 14:00,22.833
11/13/2023 14:30,22.833
11/13/2023 15:00,22.833
11/13/2023 15:30,22.833
11/13/2023 16:00,22.833
11/13/2023 16:30,22.833
11/13/2023 17:00,22.833
11/13/2023 17:30,22.833
11/13/2023 18:00,22.833
11/13/2023 18:30,22.833
11/13/2023 19:00,22.833
11/13/2023 19:30,22.833
11/13/2023 20:00,22.833
11/13/2023 20:30,22.833
11/13/2023 21:00,22.833
11/13/2023 21:30,22.833
11/13/2023 22:00,22.833
11/13/2023 22:30,22.833
11/13/2023 23:00,22.833
11/13/2023 23:30,22.833
11/14/2023 00:00,22.833
11/14/2023 00:30,22.833
11/14/2023 01:00,22.833
11/14/2023 01:30,22.833
11/14/2023 02:00,22.833
11/14/2023 02:30,22.833
11/14/2023 03:00,22.833
11/14/2023 03:30,22.833
11/14/2023 04:00,22.833
11/14/2023 04:30,22.833
11/14/2023 05:00,22.833
11/14/2023 05:30,22.833
11/14/2023 06:00,22.833
11/14/2023 06:30,22.833
11/14/2023 07:00,22.833
11/14/2023 07:30,22.833
11/14/2023 08:00,22.833
11/14/2023 08:30,22.833
11/14/2023 09:00,22.833
11/14/2023 09:30,22.833
11/14/2023 10:00,22.833
11/14/2023 10:30,22.833
11/14/2023 11:00,22.833
11/14/2023 11:30,22.833
11/14/2023 12:00,22.833
11/14/2023 12:30,22.833
11/14/2023 13:00,22.833
11/14/2023 13:30,22.833
11/14/2023 14:00,22.833
11/14/2023 14:30,22.833
11/14/2023 15:00,22.833
11/14/2023 15:30,22.833
11/14/2023 16:00,22.833
11/14/2023 16:30,22.833
11/14/2023 17:00,22.833
11/14/2023 17:30,22.833
11/14/2023 18:00,22.833
11/14/2023 18:30,22.833
11/14/2023 19:00,22.833
11/14/2023 19:30,22.833
11/14/2023 20:00,22.833
11/14/2023 20:30,22.833
11/14/2023 21:00,22.833
11/14/2023 21:30,22.833
11/14/2023 22:00,22.833
11/14/2023 22:30,22.833
11/14/2023 23:00,22.833
11/14/2023 23:30,22.833
11/15/2023 00:00,19.324
11/15/2023 00:00,19.324
11/15/2023 00:30,19.324
11/15/2023 00:30,19.324
11/15/2023 01:00,19.324
11/15/2023 01:00,19.324
11/15/2023 01:30,19.324
11/15/2023 01:30,19.324
11/15/2023 02:00,19.324
11/15/2023 02:00,19.324
11/15/2023 02:30,19.324
11/15/2023 02:30,19.324
11/15/2023 03:00,19.324
11/15/2023 03:00,19.324
11/15/2023 03:30,19.324
11/15/2023 03:30,19.324
11/15/2023 04:00,19.324
11/15/2023 04:00,19.324
11/15/2023 04:30,19.324
11/15/2023 04:30,19.324
11/15/2023 05:00,19.324
11/15/2023 05:00,19.324
11/15/2023 05:30,19.324
11/15/2023 05:30,19.324
11/15/2023 06:00,19.324
11/15/2023 06:00,19.324
11/15/2023 06:30,19.324
11/15/2023 06:30,19.324
11/15/2023 07:00,19.324
11/15/2023 07:00,19.324
11/15/2023 07:30,19.324
11/15/2023 07:30,19.324
11/15/2023 08:00,19.324
11/15/2023 08:00,19.324
11/15/2023 08:30,19.324
11/15/2023 08:30,19.324
11/15/2023 09:00,19.324
11/15/2023 09:00,19.324
11/15/2023 09:30,19.324
11/15/2023 09:30,19.324
11/15/2023 10:00,19.324
11/15/2023 10:00,19.324
11/15/2023 10:30,19.324
11/15/2023 10:30,19.324
11/15/2023 11:00,19.324
11/15/2023 11:00,19.324
11/15/2023 11:30,19.324
11/15/2023 11:30,19.324
11/15/2023 12:00,19.324
11/15/2023 12:00,19.324
11/15/2023 12:30,19.324
11/15/2023 12:30,19.324
11/15/2023 13:00,19.324
11/15/2023 13:00,19.324
11/15/2023 13:30,19.324
11/15/2023 13:30,19.324
11/15/2023 14:00,19.324
11/15/2023 14:00,19.324
11/15/2023 14:30,19.324
11/15/2023 14:30,19.324
11/15/2023 15:00,19.324
11/15/2023 15:00,19.324
11/15/2023 15:30,19.324
11/15/2023 15:30,19.324
11/15/2023 16:00,19.324
11/15/2023 16:00,19.324
11/15/2023 16:30,19.324
11/15/2023 16:30,19.324
11/15/2023 17:00,19.324
11/15/2023 17:00,19.324
11/15/2023 17:30,19.324
11/15/2023 17:30,19.324
11/15/2023 18:00,19.324
11/15/2023 18:00,19.324
11/15/2023 18:30,19.324
11/15/2023 18:30,19.324
11/15/2023 19:00,19.324
11/15/2023 19:00,19.324
11/15/2023 19:30,19.324
11/15/2023 19:30,19.324
11/15/2023 20:00,19.324
11/15/2023 20:00,19.324
11/15/2023 20:30,19.324
11/15/2023 20:30,19.324
11/15/2023 21:00,19.324
11/15/2023 21:00,19.324
11/15/2023 21:30,19.324
11/15/2023 21:30,19.324
11/15/2023 22:00,19.324
11/15/2023 22:00,19.324
11/15/2023 22:30,19.324
11/15/2023 22:30,19.324
11/15/2023 23:00,19.324
11/15/2023 23:00,19.324
11/15/2023 23:30,19.324
11/15/2023 23:30,19.324
11/16/2023 00:00,19.324
11/16/2023 00:30,19.324
11/16/2023 01:00,19.324
11/16/2023 01:30,19.324
11/16/2023 02:00,19.324
11/16/2023 02:30,19.324
11/16/2023 03:00,19.324
11/16/2023 03:30,19.324
11/16/2023 04:00,19.324
11/16/2023 04:30,19.324
11/16/2023 05:00,19.324
11/16/2023 05:30,19.324
11/16/2023 06:00,19.324
11/16/2023 06:30,19.324
11/16/2023 07:00,19.324
11/16/2023 07:30,19.324
11/16/2023 08:00,19.324
11/16/2023 08:30,19.324
11/16/2023 09:00,19.324
11/16/2023 09:30,19.324
11/16/2023 10:00,19.324
11/16/2023 10:30,19.324
11/16/2023 11:00,19.324
11/16/2023 11:30,19.324
11/16/2023 12:00,19.324
11/16/2023 12:30,19.324
11/16/2023 13:00,19.324
11/16/2023 13:30,19.324
11/16/2023 14:00,19.324
11/16/2023 14:30,19.324
11/16/2023 15:00,19.324
11/16/2023 15:30,19.324
11/16/2023 16:00,19.324
11/16/2023 16:30,19.324
11/16/2023 17:00,19.324
11/16/2023 17:30,19.324
11/16/2023 18:00,19.324
11/16/2023 18:30,19.324
11/16/2023 19:00,19.324
11/16/2023 19:30,19.324
11/16/2023 20:00,19.324
11/16/2023 20:30,19.324
11/16/2023 21:00,19.324
11/16/2023 21:30,19.324
11/16/2023 22:00,19.324
11/16/2023 22:30,19.324
11/16/2023 23:00,19.324
11/16/2023 23:30,19.324
11/17/2023 00:00,19.324
11/17/2023 00:00,19.324
11/17/2023 00:00,19.324
11/17/2023 00:00,19.324
11/17/2023 00:30,19.324
11/17/2023 00:30,19.324
11/17/2023 00:30,19.324
11/17/2023 00:30,19.324
11/17/2023 01:00,19.324
11/17/2023 01:00,19.324
11/17/2023 01:00,19.324
11/17/2023 01:00,19.324
11/17/2023 01:30,19.324
11/17/2023 01:30,19.324
11/17/2023 01:30,19.324
11/17/2023 01:30,19.324
11/17/2023 02:00,19.324
11/17/2023 02:00,19.324
11/17/2023 02:00,19.324
11/17/2023 02:00,19.324
11/17/2023 02:30,19.324
11/17/2023 02:30,19.324
11/17/2023 02:30,19.324
11/17/2023 02:30,19.324
11/17/2023 03:00,19.324
11/17/2023 03:00,19.324
11/17/2023 03:00,19.324
11/17/2023 03:00,19.324
11/17/2023 03:30,19.324
11/17/2023 03:30,19.324
11/17/2023 03:30,19.324
11/17/2023 03:30,19.324
11/17/2023 04:00,19.324
11/17/2023 04:00,19.324
11/17/2023 04:00,19.324
11/17/2023 04:00,19.324
11/17/2023 04:30,19.324
11/17/2023 04:30,19.324
11/17/2023 04:30,19.324
11/17/2023 04:30,19.324
11/17/2023 05:00,19.324
11/17/2023 05:00,19.324
11/17/2023 05:00,19.324
11/17/2023 05:00,19.324
11/17/2023 05:30,19.324
11/17/2023 05:30,19.324
11/17/2023 05:30,19.324
11/17/2023 05:30,19.324
11/17/2023 06:00,19.324
11/17/2023 06:00,19.324
11/17/2023 06:00,19.324
11/17/2023 06:00,19.324
11/17/2023 06:30,19.324
11/17/2023 06:30,19.324
11/17/2023 06:30,19.324
11/17/2023 06:30,19.324
11/17/2023 07:00,19.324
11/17/2023 07:00,19.324
11/17/2023 07:00,19.324
11/17/2023 07:00,19.324
11/17/2023 07:30,19.324
11/17/2023 07:30,19.324
11/17/2023 07:30,19.324
11/17/2023 07:30,19.324
11/17/2023 08:00,19.324
11/17/2023 08:00,19.324
11/17/2023 08:00,19.324
11/17/2023 08:00,19.324
11/17/2023 08:30,19.324
11/17/2023 08:30,19.324
11/17/2023 08:30,19.324
11/17/2023 08:30,19.324
11/17/2023 09:00,19.324
11/17/2023 09:00,19.324
11/17/2023 09:00,19.324
11/17/2023 09:00,19.324
11/17/2023 09:30,19.324
11/17/2023 09:30,19.324
11/17/2023 09:30,19.324
11/17/2023 09:30,19.324
11/17/2023 10:00,19.324
11/17/2023 10:00,19.324
11/17/2023 10:00,19.324
11/17/2023 10:00,19.324
11/17/2023 10:30,19.324
11/17/2023 10:30,19.324
11/17/2023 10:30,19.324
11/17/2023 10:30,19.324
11/17/2023 11:00,19.324
11/17/2023 11:00,19.324
11/17/2023 11:00,19.324
11/17/2023 11:00,19.324
11/17/2023 11:30,19.324
11/17/2023 11:30,19.324
11/17/2023 11:30,19.324
11/17/2023 11:30,19.324
11/17/2023 12:00,19.324
11/17/2023 12:00,19.324
11/17/2023 12:00,19.324
11/17/2023 12:00,19.324
11/17/2023 12:30,19.324
11/17/2023 12:30,19.324
11/17/2023 12:30,19.324
11/17/2023 12:30,19.324
11/17/2023 13:00,19.324
11/17/2023 13:00,19.324
11/17/2023 13:00,19.324
11/17/2023 13:00,19.324
11/17/2023 13:30,19.324
11/17/2023 13:30,19.324
11/17/2023 13:30,19.324
11/17/2023 13:30,19.324
11/17/2023 14:00,19.324
11/17/2023 14:00,19.324
11/17/2023 14:00,19.324
11/17/2023 14:00,19.324
11/17/2023 14:30,19.324
11/17/2023 14:30,19.324
11/17/2023 14:30,19.324
11/17/2023 14:30,19.324
11/17/2023 15:00,19.324
11/17/2023 15:00,19.324
11/17/2023 15:00,19.324
11/17/2023 15:00,19.324
11/17/2023 15:30,19.324
11/17/2023 15:30,19.324
11/17/2023 15:30,19.324
11/17/2023 15:30,19.324
11/17/2023 16:00,19.324
11/17/2023 16:00,19.324
11/17/2023 16:00,19.324
11/17/2023 16:00,19.324
11/17/2023 16:30,19.324
11/17/2023 16:30,19.324
11/17/2023 16:30,19.324
11/17/2023 16:30,19.324
11/17/2023 17:00,19.324
11/17/2023 17:00,19.324
11/17/2023 17:00,19.324
11/17/2023 17:00,19.324
11/17/2023 17:30,19.324
11/17/2023 17:30,19.324
11/17/2023 17:30,19.324
11/17/2023 17:30,19.324
11/17/2023 18:00,19.324
11/17/2023 18:00,19.324
11/17/2023 18:00,19.324
11/17/2023 18:00,19.324
11/17/2023 18:30,19.324
11/17/2023 18:30,19.324
11/17/2023 18:30,19.324
11/17/2023 18:30,19.324
11/17/2023 19:00,19.324
11/17/2023 19:00,19.324
11/17/2023 19:00,19.324
11/17/2023 19:00,19.324
11/17/2023 19:30,19.324
11/17/2023 19:30,19.324
11/17/2023 19:30,19.324
11/17/2023 19:30,19.324
11/17/2023 20:00,19.324
11/17/2023 20:00,19.324
11/17/2023 20:00,19.324
11/17/2023 20:00,19.324
11/17/2023 20:30,19.324
11/17/2023 20:30,19.324
11/17/2023 20:30,19.324
11/17/2023 20:30,19.324
11/17/2023 21:00,19.324
11/17/2023 21:00,19.324
11/17/2023 21:00,19.324
11/17/2023 21:00,19.324
11/17/2023 21:30,19.324
11/17/2023 21:30,19.324
11/17/2023 21:30,19.324
11/17/2023 21:30,19.324
11/17/2023 22:00,19.324
11/17/2023 22:00,19.324
11/17/2023 22:00,19.324
11/17/2023 22:00,19.324
11/17/2023 22:30,19.324
11/17/2023 22:30,19.324
11/17/2023 22:30,19.324
11/17/2023 22:30,19.324
11/17/2023 23:00,19.324
11/17/2023 23:00,19.324
11/17/2023 23:00,19.324
11/17/2023 23:00,19.324
11/17/2023 23:30,19.324
11/17/2023 23:30,19.324
11/17/2023 23:30,19.324
11/17/2023 23:30,19.324
11/18/2023 00:00,16.017
11/18/2023 00:00,16.017
11/18/2023 00:00,19.324
11/18/2023 00:00,19.324
11/18/2023 00:30,16.017
11/18/2023 00:30,16.017
11/18/2023 00:30,19.324
11/18/2023 00:30,19.324
11/18/2023 01:00,16.017
11/18/2023 01:00,16.017
11/18/2023 01:00,19.324
11/18/2023 01:00,19.324
11/18/2023 01:30,16.017
11/18/2023 01:30,16.017
11/18/2023 01:30,19.324
11/18/2023 01:30,19.324
11/18/2023 02:00,19.324
11/18/2023 02:00,16.017
11/18/2023 02:00,16.017
11/18/2023 02:00,19.324
11/18/2023 02:30,16.017
11/18/2023 02:30,16.017
11/18/2023 02:30,19.324
11/18/2023 02:30,19.324
11/18/2023 03:00,16.017
11/18/2023 03:00,19.324
11/18/2023 03:00,19.324
11/18/2023 03:00,16.017
11/18/2023 03:30,16.017
11/18/2023 03:30,16.017
11/18/2023 03:30,19.324
11/18/2023 03:30,19.324
11/18/2023 04:00,19.324
11/18/2023 04:00,16.017
11/18/2023 04:00,19.324
11/18/2023 04:00,16.017
11/18/2023 04:30,19.324
11/18/2023 04:30,16.017
11/18/2023 04:30,19.324
11/18/2023 04:30,16.017
11/18/2023 05:00,19.324
11/18/2023 05:00,16.017
11/18/2023 05:00,19.324
11/18/2023 05:00,16.017
11/18/2023 05:30,19.324
11/18/2023 05:30,16.017
11/18/2023 05:30,19.324
11/18/2023 05:30,16.017
11/18/2023 06:00,19.324
11/18/2023 06:00,19.324
11/18/2023 06:00,16.017
11/18/2023 06:00,16.017
11/18/2023 06:30,19.324
11/18/2023 06:30,16.017
11/18/2023 06:30,16.017
11/18/2023 06:30,19.324
11/18/2023 07:00,16.017
11/18/2023 07:00,19.324
11/18/2023 07:00,19.324
11/18/2023 07:00,16.017
11/18/2023 07:30,16.017
11/18/2023 07:30,16.017
11/18/2023 07:30,19.324
11/18/2023 07:30,19.324
11/18/2023 08:00,16.017
11/18/2023 08:00,16.017
11/18/2023 08:00,19.324
11/18/2023 08:00,19.324
11/18/2023 08:30,16.017
11/18/2023 08:30,16.017
11/18/2023 08:30,19.324
11/18/2023 08:30,19.324
11/18/2023 09:00,19.324
11/18/2023 09:00,16.017
11/18/2023 09:00,19.324
11/18/2023 09:00,16.017
11/18/2023 09:30,16.017
11/18/2023 09:30,19.324
11/18/2023 09:30,16.017
11/18/2023 09:30,19.324
11/18/2023 10:00,19.324
11/18/2023 10:00,19.324
11/18/2023 10:00,16.017
11/18/2023 10:00,16.017
11/18/2023 10:30,19.324
11/18/2023 10:30,16.017
11/18/2023 10:30,19.324
11/18/2023 10:30,16.017
11/18/2023 11:00,16.017
11/18/2023 11:00,19.324
11/18/2023 11:00,19.324
11/18/2023 11:00,16.017
11/18/2023 11:30,16.017
11/18/2023 11:30,19.324
11/18/2023 11:30,19.324
11/18/2023 11:30,16.017
11/18/2023 12:00,19.324
11/18/2023 12:00,19.324
11/18/2023 12:00,16.017
11/18/2023 12:00,16.017
11/18/2023 12:30,16.017
11/18/2023 12:30,19.324
11/18/2023 12:30,19.324
11/18/2023 12:30,16.017
11/18/2023 13:00,19.324
11/18/2023 13:00,16.017
11/18/2023 13:00,16.017
11/18/2023 13:00,19.324
11/18/2023 13:30,19.324
11/18/2023 13:30,16.017
11/18/2023 13:30,19.324
11/18/2023 13:30,16.017
11/18/2023 14:00,19.324
11/18/2023 14:00,16.017
11/18/2023 14:00,19.324
11/18/2023 14:00,16.017
11/18/2023 14:30,16.017
11/18/2023 14:30,19.324
11/18/2023 14:30,16.017
11/18/2023 14:30,19.324
11/18/2023 15:00,16.017
11/18/2023 15:00,16.017
11/18/2023 15:00,19.324
11/18/2023 15:00,19.324
11/18/2023 15:30,19.324
11/18/2023 15:30,16.017
11/18/2023 15:30,19.324
11/18/2023 15:30,16.017
11/18/2023 16:00,19.324
11/18/2023 16:00,19.324
11/18/2023 16:00,16.017
11/18/2023 16:00,16.017
11/18/2023 16:30,16.017
11/18/2023 16:30,16.017
11/18/2023 16:30,19.324
11/18/2023 16:30,19.324
11/18/2023 17:00,16.017
11/18/2023 17:00,16.017
11/18/2023 17:00,19.324
11/18/2023 17:00,19.324
11/18/2023 17:30,16.017
11/18/2023 17:30,19.324
11/18/2023 17:30,16.017
11/18/2023 17:30,19.324
11/18/2023 18:00,19.324
11/18/2023 18:00,16.017
11/18/2023 18:00,19.324
11/18/2023 18:00,16.017
11/18/2023 18:30,19.324
11/18/2023 18:30,16.017
11/18/2023 18:30,16.017
11/18/2023 18:30,19.324
11/18/2023 19:00,16.017
11/18/2023 19:00,19.324
11/18/2023 19:00,19.324
11/18/2023 19:00,16.017
11/18/2023 19:30,16.017
11/18/2023 19:30,19.324
11/18/2023 19:30,19.324
11/18/2023 19:30,16.017
11/18/2023 20:00,19.324
11/18/2023 20:00,16.017
11/18/2023 20:00,19.324
11/18/2023 20:00,16.017
11/18/2023 20:30,19.324
11/18/2023 20:30,16.017
11/18/2023 20:30,16.017
11/18/2023 20:30,19.324
11/18/2023 21:00,19.324
11/18/2023 21:00,16.017
11/18/2023 21:00,16.017
11/18/2023 21:00,19.324
11/18/2023 21:30,16.017
11/18/2023 21:30,19.324
11/18/2023 21:30,16.017
11/18/2023 21:30,19.324
11/18/2023 22:00,19.324
11/18/2023 22:00,16.017
11/18/2023 22:00,19.324
11/18/2023 22:00,16.017
11/18/2023 22:30,19.324
11/18/2023 22:30,16.017
11/18/2023 22:30,16.017
11/18/2023 22:30,19.324
11/18/2023 23:00,16.017
11/18/2023 23:00,19.324
11/18/2023 23:00,19.324
11/18/2023 23:00,16.017
11/18/2023 23:30,19.324
11/18/2023 23:30,16.017
11/18/2023 23:30,16.017
11/18/2023 23:30,19.324
11/19/2023 00:00,8.718
11/19/2023 00:30,8.718
11/19/2023 01:00,8.718
11/19/2023 01:30,8.718
11/19/2023 02:00,8.718
11/19/2023 02:30,8.718
11/19/2023 03:00,8.718
11/19/2023 03:30,8.718
11/19/2023 04:00,8.718
11/19/2023 04:30,8.718
11/19/2023 05:00,8.718
11/19/2023 05:30,8.718
11/19/2023 06:00,8.718
11/19/2023 06:30,8.718
11/19/2023 07:00,8.718
11/19/2023 07:30,8.718
11/19/2023 08:00,8.718
11/19/2023 08:30,8.718
11/19/2023 09:00,8.718
11/19/2023 09:30,8.718
11/19/2023 10:00,8.718
11/19/2023 10:30,8.718
11/19/2023 11:00,8.718
11/19/2023 11:30,8.718
11/19/2023 12:00,8.718
11/19/2023 12:30,8.718
11/19/2023 13:00,8.718
11/19/2023 13:30,8.718
11/19/2023 14:00,8.718
11/19/2023 14:30,8.718
11/19/2023 15:00,8.718
11/19/2023 15:30,8.718
11/19/2023 16:00,8.718
11/19/2023 16:30,8.718
11/19/2023 17:00,8.718
11/19/2023 17:30,8.718
11/19/2023 18:00,8.718
11/19/2023 18:30,8.718
11/19/2023 19:00,8.718
11/19/2023 19:30,8.718
11/19/2023 20:00,8.718
11/19/2023 20:30,8.718
11/19/2023 21:00,8.718
11/19/2023 21:30,8.718
11/19/2023 22:00,8.718
11/19/2023 22:30,8.718
11/19/2023 23:00,8.718
11/19/2023 23:30,8.718
11/20/2023 00:00,6.238
11/20/2023 00:30,6.238
11/20/2023 01:00,6.238
11/20/2023 01:30,6.238
11/20/2023 02:00,6.238
11/20/2023 02:30,6.238
11/20/2023 03:00,6.238
11/20/2023 03:30,6.238
11/20/2023 04:00,6.238
11/20/2023 04:30,6.238
11/20/2023 05:00,6.238
11/20/2023 05:30,6.238
11/20/2023 06:00,6.238
11/20/2023 06:30,6.238
11/20/2023 07:00,6.238
11/20/2023 07:30,6.238
11/20/2023 08:00,6.238
11/20/2023 08:30,6.238
11/20/2023 09:00,6.238
11/20/2023 09:30,6.238
11/20/2023 10:00,6.238
11/20/2023 10:30,6.238
11/20/2023 11:00,6.238
11/20/2023 11:30,6.238
11/20/2023 12:00,6.238
11/20/2023 12:30,6.238
11/20/2023 13:00,6.238
11/20/2023 13:30,6.238
11/20/2023 14:00,6.238
11/20/2023 14:30,6.238
11/20/2023 15:00,6.238
11/20/2023 15:30,6.238
11/20/2023 16:00,6.238
11/20/2023 16:30,6.238
11/20/2023 17:00,6.238
11/20/2023 17:30,6.238
11/20/2023 18:00,6.238
11/20/2023 18:30,6.238
11/20/2023 19:00,6.238
11/20/2023 19:30,6.238
11/20/2023 20:00,6.238
11/20/2023 20:30,6.238
11/20/2023 21:00,6.238
11/20/2023 21:30,6.238
11/20/2023 22:00,6.238
11/20/2023 22:30,6.238
11/20/2023 23:00,6.238
11/20/2023 23:30,6.238
11/21/2023 00:00,3.082
11/21/2023 00:30,3.082
11/21/2023 01:00,3.082
11/21/2023 01:30,3.082
11/21/2023 02:00,3.082
11/21/2023 02:30,3.082
11/21/2023 03:00,3.082
11/21/2023 03:30,3.082
11/21/2023 04:00,3.082
11/21/2023 04:30,3.082
11/21/2023 05:00,3.082
11/21/2023 05:30,3.082
11/21/2023 06:00,3.082
11/21/2023 06:30,3.082
11/21/2023 07:00,3.082
11/21/2023 07:30,3.082
11/21/2023 08:00,3.082
11/21/2023 08:30,3.082
11/21/2023 09:00,3.082
11/21/2023 09:30,3.082
11/21/2023 10:00,3.082
11/21/2023 10:30,3.082
11/21/2023 11:00,3.082
11/21/2023 11:30,3.082
11/21/2023 12:00,3.082
11/21/2023 12:30,3.082
11/21/2023 13:00,3.082
11/21/2023 13:30,3.082
11/21/2023 14:00,3.082
11/21/2023 14:30,3.082
11/21/2023 15:00,3.082
11/21/2023 15:30,3.082
11/21/2023 16:00,3.082
11/21/2023 16:30,3.082
11/21/2023 17:00,3.082
11/21/2023 17:30,3.082
11/21/2023 18:00,3.082
11/21/2023 18:30,3.082
11/21/2023 19:00,3.082
11/21/2023 19:30,3.082
11/21/2023 20:00,3.082
11/21/2023 20:30,3.082
11/21/2023 21:00,3.082
11/21/2023 21:30,3.082
11/21/2023 22:00,3.082
11/21/2023 22:30,3.082
11/21/2023 23:00,3.082
11/21/2023 23:30,3.082
11/22/2023 00:00,3.082
11/22/2023 00:30,3.082
11/22/2023 01:00,3.082
11/22/2023 01:30,3.082
11/22/2023 02:00,3.082
11/22/2023 02:30,3.082
11/22/2023 03:00,3.082
11/22/2023 03:30,3.082
11/22/2023 04:00,3.082
11/22/2023 04:30,3.082
11/22/2023 05:00,3.082
11/22/2023 05:30,3.082
11/22/2023 06:00,3.082
11/22/2023 06:30,3.082
11/22/2023 07:00,3.082
11/22/2023 07:30,3.082
11/22/2023 08:00,3.082
11/22/2023 08:30,3.082
11/22/2023 09:00,3.082
11/22/2023 09:30,3.082
11/22/2023 10:00,3.082
11/22/2023 10:30,3.082
11/22/2023 11:00,3.082
11/22/2023 11:30,3.082
11/22/2023 12:00,3.082
11/22/2023 12:30,3.082
11/22/2023 13:00,3.082
11/22/2023 13:30,3.082
11/22/2023 14:00,3.082
11/22/2023 14:30,3.082
11/22/2023 15:00,3.082
11/22/2023 15:30,3.082
11/22/2023 16:00,3.082
11/22/2023 16:30,3.082
11/22/2023 17:00,3.082
11/22/2023 17:30,3.082
11/22/2023 18:00,3.082
11/22/2023 18:30,3.082
11/22/2023 19:00,3.082
11/22/2023 19:30,3.082
11/22/2023 20:00,3.082
11/22/2023 20:30,3.082
11/22/2023 21:00,3.082
11/22/2023 21:30,3.082
11/22/2023 22:00,3.082
11/22/2023 22:30,3.082
11/22/2023 23:00,3.082
11/22/2023 23:30,3.082
11/23/2023 00:00,3.082
11/23/2023 00:30,3.082
11/23/2023 01:00,3.082
11/23/2023 01:30,3.082
11/23/2023 02:00,3.082
11/23/2023 02:30,3.082
11/23/2023 03:00,3.082
11/23/2023 03:30,3.082
11/23/2023 04:00,3.082
11/23/2023 04:30,3.082
11/23/2023 05:00,3.082
11/23/2023 05:30,3.082
11/23/2023 06:00,3.082
11/23/2023 06:30,3.082
11/23/2023 07:00,3.082
11/23/2023 07:30,3.082
11/23/2023 08:00,3.082
11/23/2023 08:30,3.082
11/23/2023 09:00,3.082
11/23/2023 09:30,3.082
11/23/2023 10:00,3.082
11/23/2023 10:30,3.082
11/23/2023 11:00,3.082
11/23/2023 11:30,3.082
11/23/2023 12:00,3.082
11/23/2023 12:30,3.082
11/23/2023 13:00,3.082
11/23/2023 13:30,3.082
11/23/2023 14:00,3.082
11/23/2023 14:30,3.082
11/23/2023 15:00,3.082
11/23/2023 15:30,3.082
11/23/2023 16:00,3.082
11/23/2023 16:30,3.082
11/23/2023 17:00,3.082
11/23/2023 17:30,3.082
11/23/2023 18:00,3.082
11/23/2023 18:30,3.082
11/23/2023 19:00,3.082
11/23/2023 19:30,3.082
11/23/2023 20:00,3.082
11/23/2023 20:30,3.082
11/23/2023 21:00,3.082
11/23/2023 21:30,3.082
11/23/2023 22:00,3.082
11/23/2023 22:30,3.082
11/23/2023 23:00,3.082
11/23/2023 23:30,3.082
11/24/2023 00:00,0.78
11/24/2023 00:30,0.78
11/24/2023 01:00,0.78
11/24/2023 01:30,0.78
11/24/2023 02:00,0.78
11/24/2023 02:30,0.78
11/24/2023 03:00,0.78
11/24/2023 03:30,0.78
11/24/2023 04:00,0.78
11/24/2023 04:30,0.78
11/24/2023 05:00,0.78
11/24/2023 05:30,0.78
11/24/2023 06:00,0.78
11/24/2023 06:30,0.78
11/24/2023 07:00,0.78
11/24/2023 07:30,0.78
11/24/2023 08:00,0.78
11/24/2023 08:30,0.78
11/24/2023 09:00,0.78
11/24/2023 09:30,0.78
11/24/2023 10:00,0.78
11/24/2023 10:30,0.78
11/24/2023 11:00,0.78
11/24/2023 11:30,0.78
11/24/2023 12:00,0.78
11/24/2023 12:30,0.78
11/24/2023 13:00,0.78
11/24/2023 13:30,0.78
11/24/2023 14:00,0.78
11/24/2023 14:30,0.78
11/24/2023 15:00,0.78
11/24/2023 15:30,0.78
11/24/2023 16:00,0.78
11/24/2023 16:30,0.78
11/24/2023 17:00,0.78
11/24/2023 17:30,0.78
11/24/2023 18:00,0.78
11/24/2023 18:30,0.78
11/24/2023 19:00,0.78
11/24/2023 19:30,0.78
11/24/2023 20:00,0.78
11/24/2023 20:30,0.78
11/24/2023 21:00,0.78
11/24/2023 21:30,0.78
11/24/2023 22:00,0.78
11/24/2023 22:30,0.78
11/24/2023 23:00,0.78
11/24/2023 23:30,0.78
11/25/2023 00:00,0.78
11/25/2023 00:30,0.78
11/25/2023 01:00,0.78
11/25/2023 01:30,0.78
11/25/2023 02:00,0.78
11/25/2023 02:30,0.78
11/25/2023 03:00,0.78
11/25/2023 03:30,0.78
11/25/2023 04:00,0.78
11/25/2023 04:30,0.78
11/25/2023 05:00,0.78
11/25/2023 05:30,0.78
11/25/2023 06:00,0.78
11/25/2023 06:30,0.78
11/25/2023 07:00,0.78
11/25/2023 07:30,0.78
11/25/2023 08:00,0.78
11/25/2023 08:30,0.78
11/25/2023 09:00,0.78
11/25/2023 09:30,0.78
11/25/2023 10:00,0.78
11/25/2023 10:30,0.78
11/25/2023 11:00,0.78
11/25/2023 11:30,0.78
11/25/2023 12:00,0.78
11/25/2023 12:30,0.78
11/25/2023 13:00,0.78
11/25/2023 13:30,0.78
11/25/2023 14:00,0.78
11/25/2023 14:30,0.78
11/25/2023 15:00,0.78
11/25/2023 15:30,0.78
11/25/2023 16:00,0.78
11/25/2023 16:30,0.78
11/25/2023 17:00,0.78
11/25/2023 17:30,0.78
11/25/2023 18:00,0.78
11/25/2023 18:30,0.78
11/25/2023 19:00,0.78
11/25/2023 19:30,0.78
11/25/2023 20:00,0.78
11/25/2023 20:30,0.78
11/25/2023 21:00,0.78
11/25/2023 21:30,0.78
11/25/2023 22:00,0.78
11/25/2023 22:30,0.78
11/25/2023 23:00,0.78
11/25/2023 23:30,0.78
11/26/2023 00:00,0.78
11/26/2023 00:30,0.78
11/26/2023 01:00,0.78
11/26/2023 01:30,0.78
11/26/2023 02:00,0.78
11/26/2023 02:30,0.78
11/26/2023 03:00,0.78
11/26/2023 03:30,0.78
11/26/2023 04:00,0.78
11/26/2023 04:30,0.78
11/26/2023 05:00,0.78
11/26/2023 05:30,0.78
11/26/2023 06:00,0.78
11/26/2023 06:30,0.78
11/26/2023 07:00,0.78
11/26/2023 07:30,0.78
11/26/2023 08:00,0.78
11/26/2023 08:30,0.78
11/26/2023 09:00,0.78
11/26/2023 09:30,0.78
11/26/2023 10:00,0.78
11/26/2023 10:30,0.78
11/26/2023 11:00,0.78
11/26/2023 11:30,0.78
11/26/2023 12:00,0.78
11/26/2023 12:30,0.78
11/26/2023 13:00,0.78
11/26/2023 13:30,0.78
11/26/2023 14:00,0.78
11/26/2023 14:30,0.78
11/26/2023 15:00,0.78
11/26/2023 15:30,0.78
11/26/2023 16:00,0.78
11/26/2023 16:30,0.78
11/26/2023 17:00,0.78
11/26/2023 17:30,0.78
11/26/2023 18:00,0.78
11/26/2023 18:30,0.78
11/26/2023 19:00,0.78
11/26/2023 19:30,0.78
11/26/2023 20:00,0.78
11/26/2023 20:30,0.78
11/26/2023 21:00,0.78
11/26/2023 21:30,0.78
11/26/2023 22:00,0.78
11/26/2023 22:30,0.78
11/26/2023 23:00,0.78
11/26/2023 23:30,0.78
11/27/2023 00:00,0.0
11/27/2023 00:30,0.0
11/27/2023 01:00,0.0
11/27/2023 01:30,0.0
11/27/2023 02:00,0.0
11/27/2023 02:30,0.0
11/27/2023 03:00,0.0
11/27/2023 03:30,0.0
11/27/2023 04:00,0.0
11/27/2023 04:30,0.0
11/27/2023 05:00,0.0
11/27/2023 05:30,0.0
11/27/2023 06:00,0.0
11/27/2023 06:30,0.0
11/27/2023 07:00,0.0
11/27/2023 07:30,0.0
11/27/2023 08:00,0.0
11/27/2023 08:30,0.0
11/27/2023 09:00,0.0
11/27/2023 09:30,0.0
11/27/2023 10:00,0.0
11/27/2023 10:30,0.0
11/27/2023 11:00,0.0
11/27/2023 11:30,0.0
11/27/2023 12:00,0.0
11/27/2023 12:30,0.0
11/27/2023 13:00,0.0
11/27/2023 13:30,0.0
11/27/2023 14:00,0.0
11/27/2023 14:30,0.0
11/27/2023 15:00,0.0
11/27/2023 15:30,0.0
11/27/2023 16:00,0.0
11/27/2023 16:30,0.0
11/27/2023 17:00,0.0
11/27/2023 17:30,0.0
11/27/2023 18:00,0.0
11/27/2023 18:30,0.0
11/27/2023 19:00,0.0
11/27/2023 19:30,0.0
11/27/2023 20:00,0.0
11/27/2023 20:30,0.0
11/27/2023 21:00,0.0
11/27/2023 21:30,0.0
11/27/2023 22:00,0.0
11/27/2023 22:30,0.0
11/27/2023 23:00,0.0
11/27/2023 23:30,0.0
11/28/2023 00:00,0.0
11/28/2023 00:30,0.0
11/28/2023 01:00,0.0
11/28/2023 01:30,0.0
11/28/2023 02:00,0.0
11/28/2023 02:30,0.0
11/28/2023 03:00,0.0
11/28/2023 03:30,0.0
11/28/2023 04:00,0.0
11/28/2023 04:30,0.0
11/28/2023 05:00,0.0
11/28/2023 05:30,0.0
11/28/2023 06:00,0.0
11/28/2023 06:30,0.0
11/28/2023 07:00,0.0
11/28/2023 07:30,0.0
11/28/2023 08:00,0.0
11/28/2023 08:30,0.0
11/28/2023 09:00,0.0
11/28/2023 09:30,0.0
11/28/2023 10:00,0.0
11/28/2023 10:30,0.0
11/28/2023 11:00,0.0
11/28/2023 11:30,0.0
11/28/2023 12:00,0.0
11/28/2023 12:30,0.0
11/28/2023 13:00,0.0
11/28/2023 13:30,0.0
11/28/2023 14:00,0.0
11/28/2023 14:30,0.0
11/28/2023 15:00,0.0
11/28/2023 15:30,0.0
11/28/2023 16:00,0.0
11/28/2023 16:30,0.0
11/28/2023 17:00,0.0
11/28/2023 17:30,0.0
11/28/2023 18:00,0.0
11/28/2023 18:30,0.0
11/28/2023 19:00,0.0
11/28/2023 19:30,0.0
11/28/2023 20:00,0.0
11/28/2023 20:30,0.0
11/28/2023 21:00,0.0
11/28/2023 21:30,0.0
11/28/2023 22:00,0.0
11/28/2023 22:30,0.0
11/28/2023 23:00,0.0
11/28/2023 23:30,0.0
11/29/2023 00:00,0.0
11/29/2023 00:30,0.0
11/29/2023 01:00,0.0
11/29/2023 01:30,0.0
11/29/2023 02:00,0.0
11/29/2023 02:30,0.0
11/29/2023 03:00,0.0
11/29/2023 03:30,0.0
11/29/2023 04:00,0.0
11/29/2023 04:30,0.0
11/29/2023 05:00,0.0
11/29/2023 05:30,0.0
11/29/2023 06:00,0.0
11/29/2023 06:30,0.0
11/29/2023 07:00,0.0
11/29/2023 07:30,0.0
11/29/2023 08:00,0.0
11/29/2023 08:30,0.0
11/29/2023 09:00,0.0
11/29/2023 09:30,0.0
11/29/2023 10:00,0.0
11/29/2023 10:30,0.0
11/29/2023 11:00,0.0
11/29/2023 11:30,0.0
11/29/2023 12:00,0.0
11/29/2023 12:30,0.0
11/29/2023 13:00,0.0
11/29/2023 13:30,0.0
11/29/2023 14:00,0.0
11/29/2023 14:30,0.0
11/29/2023 15:00,0.0
11/29/2023 15:30,0.0
11/29/2023 16:00,0.0
11/29/2023 16:30,0.0
11/29/2023 17:00,0.0
11/29/2023 17:30,0.0
11/29/2023 18:00,0.0
11/29/2023 18:30,0.0
11/29/2023 19:00,0.0
11/29/2023 19:30,0.0
11/29/2023 20:00,0.0
11/29/2023 20:30,0.0
11/29/2023 21:00,0.0
11/29/2023 21:30,0.0
11/29/2023 22:00,0.0
11/29/2023 22:30,0.0
11/29/2023 23:00,0.0
11/29/2023 23:30,0.0
11/30/2023 00:00,0.0
11/30/2023 00:30,0.0
11/30/2023 01:00,0.0
11/30/2023 01:30,0.0
11/30/2023 02:00,0.0
11/30/2023 02:30,0.0
11/30/2023 03:00,0.0
11/30/2023 03:30,0.0
11/30/2023 04:00,0.0
11/30/2023 04:30,0.0
11/30/2023 05:00,0.0
11/30/2023 05:30,0.0
11/30/2023 06:00,0.0
11/30/2023 06:30,0.0
11/30/2023 07:00,0.0
11/30/2023 07:30,0.0
11/30/2023 08:00,0.0
11/30/2023 08:30,0.0
11/30/2023 09:00,0.0
11/30/2023 09:30,0.0
11/30/2023 10:00,0.0
11/30/2023 10:30,0.0
11/30/2023 11:00,0.0
11/30/2023 11:30,0.0
11/30/2023 12:00,0.0
11/30/2023 12:30,0.0
11/30/2023 13:00,0.0
11/30/2023 13:30,0.0
11/30/2023 14:00,0.0
11/30/2023 14:30,0.0
11/30/2023 15:00,0.0
11/30/2023 15:30,0.0
11/30/2023 16:00,0.0
11/30/2023 16:30,0.0
11/30/2023 17:00,0.0
11/30/2023 17:30,0.0
11/30/2023 18:00,0.0
11/30/2023 18:30,0.0
11/30/2023 19:00,0.0
11/30/2023 19:30,0.0
11/30/2023 20:00,0.0
11/30/2023 20:30,0.0
11/30/2023 21:00,0.0
11/30/2023 21:30,0.0
11/30/2023 22:00,0.0
11/30/2023 22:30,0.0
11/30/2023 23:00,0.0
11/30/2023 23:30,0.0
12/01/2023 00:00,0.0
12/01/2023 00:30,0.0
12/01/2023 01:00,0.0
12/01/2023 01:30,0.0
12/01/2023 02:00,0.0
12/01/2023 02:30,0.0
12/01/2023 03:00,0.0
12/01/2023 03:30,0.0
12/01/2023 04:00,0.0
12/01/2023 04:30,0.0
12/01/2023 05:00,0.0
12/01/2023 05:30,0.0
12/01/2023 06:00,0.0
12/01/2023 06:30,0.0
12/01/2023 07:00,0.0
12/01/2023 07:30,0.0
12/01/2023 08:00,0.0
12/01/2023 08:30,0.0
12/01/2023 09:00,0.0
12/01/2023 09:30,0.0
12/01/2023 10:00,0.0
12/01/2023 10:30,0.0
12/01/2023 11:00,0.0
12/01/2023 11:30,0.0
12/01/2023 12:00,0.0
12/01/2023 12:30,0.0
12/01/2023 13:00,0.0
12/01/2023 13:30,0.0
12/01/2023 14:00,0.0
12/01/2023 14:30,0.0
12/01/2023 15:00,0.0
12/01/2023 15:30,0.0
12/01/2023 16:00,0.0
12/01/2023 16:30,0.0
12/01/2023 17:00,0.0
12/01/2023 17:30,0.0
12/01/2023 18:00,0.0
12/01/2023 18:30,0.0
12/01/2023 19:00,0.0
12/01/2023 19:30,0.0
12/01/2023 20:00,0.0
12/01/2023 20:30,0.0
12/01/2023 21:00,0.0
12/01/2023 21:30,0.0
12/01/2023 22:00,0.0
12/01/2023 22:30,0.0
12/01/2023 23:00,0.0
12/01/2023 23:30,0.0
12/02/2023 00:00,0.0
12/02/2023 00:30,0.0
12/02/2023 01:00,0.0
12/02/2023 01:30,0.0
12/02/2023 02:00,0.0
12/02/2023 02:30,0.0
12/02/2023 03:00,0.0
12/02/2023 03:30,0.0
12/02/2023 04:00,0.0
12/02/2023 04:30,0.0
12/02/2023 05:00,0.0
12/02/2023 05:30,0.0
12/02/2023 06:00,0.0
12/02/2023 06:30,0.0
12/02/2023 07:00,0.0
12/02/2023 07:30,0.0
12/02/2023 08:00,0.0
12/02/2023 08:30,0.0
12/02/2023 09:00,0.0
12/02/2023 09:30,0.0
12/02/2023 10:00,0.0
12/02/2023 10:30,0.0
12/02/2023 11:00,0.0
12/02/2023 11:30,0.0
12/02/2023 12:00,0.0
12/02/2023 12:30,0.0
12/02/2023 13:00,0.0
12/02/2023 13:30,0.0
12/02/2023 14:00,0.0
12/02/2023 14:30,0.0
12/02/2023 15:00,0.0
12/02/2023 15:30,0.0
12/02/2023 16:00,0.0
12/02/2023 16:30,0.0
12/02/2023 17:00,0.0
12/02/2023 17:30,0.0
12/02/2023 18:00,0.0
12/02/2023 18:30,0.0
12/02/2023 19:00,0.0
12/02/2023 19:30,0.0
12/02/2023 20:00,0.0
12/02/2023 20:30,0.0
12/02/2023 21:00,0.0
12/02/2023 21:30,0.0
12/02/2023 22:00,0.0
12/02/2023 22:30,0.0
12/02/2023 23:00,0.0
12/02/2023 23:30,0.0
12/03/2023 00:00,0.0
12/03/2023 00:30,0.0
12/03/2023 01:00,0.0
12/03/2023 01:30,0.0
12/03/2023 02:00,0.0
12/03/2023 02:30,0.0
12/03/2023 03:00,0.0
12/03/2023 03:30,0.0
12/03/2023 04:00,0.0
12/03/2023 04:30,0.0
12/03/2023 05:00,0.0
12/03/2023 05:30,0.0
12/03/2023 06:00,0.0
12/03/2023 06:30,0.0
12/03/2023 07:00,0.0
12/03/2023 07:30,0.0
12/03/2023 08:00,0.0
12/03/2023 08:30,0.0
12/03/2023 09:00,0.0
12/03/2023 09:30,0.0
12/03/2023 10:00,0.0
12/03/2023 10:30,0.0
12/03/2023 11:00,0.0
12/03/2023 11:30,0.0
12/03/2023 12:00,0.0
12/03/2023 12:30,0.0
12/03/2023 13:00,0.0
12/03/2023 13:30,0.0
12/03/2023 14:00,0.0
12/03/2023 14:30,0.0
12/03/2023 15:00,0.0
12/03/2023 15:30,0.0
12/03/2023 16:00,0.0
12/03/2023 16:30,0.0
12/03/2023 17:00,0.0
12/03/2023 17:30,0.0
12/03/2023 18:00,0.0
12/03/2023 18:30,0.0
12/03/2023 19:00,0.0
12/03/2023 19:30,0.0
12/03/2023 20:00,0.0
12/03/2023 20:30,0.0
12/03/2023 21:00,0.0
12/03/2023 21:30,0.0
12/03/2023 22:00,0.0
12/03/2023 22:30,0.0
12/03/2023 23:00,0.0
12/03/2023 23:30,0.0
12/04/2023 00:00,0.0
12/04/2023 00:30,0.0
12/04/2023 01:00,0.0
12/04/2023 01:30,0.0
12/04/2023 02:00,0.0
12/04/2023 02:30,0.0
12/04/2023 03:00,0.0
12/04/2023 03:30,0.0
12/04/2023 04:00,0.0
12/04/2023 04:30,0.0
12/04/2023 05:00,0.0
12/04/2023 05:30,0.0
12/04/2023 06:00,0.0
12/04/2023 06:30,0.0
12/04/2023 07:00,0.0
12/04/2023 07:30,0.0
12/04/2023 08:00,0.0
12/04/2023 08:30,0.0
12/04/2023 09:00,0.0
12/04/2023 09:30,0.0
12/04/2023 10:00,0.0
12/04/2023 10:30,0.0
12/04/2023 11:00,0.0
12/04/2023 11:30,0.0
12/04/2023 12:00,0.0
12/04/2023 12:30,0.0
12/04/2023 13:00,0.0
12/04/2023 13:30,0.0
12/04/2023 14:00,0.0
12/04/2023 14:30,0.0
12/04/2023 15:00,0.0
12/04/2023 15:30,0.0
12/04/2023 16:00,0.0
12/04/2023 16:30,0.0
12/04/2023 17:00,0.0
12/04/2023 17:30,0.0
12/04/2023 18:00,0.0
12/04/2023 18:30,0.0
12/04/2023 19:00,0.0
12/04/2023 19:30,0.0
12/04/2023 20:00,0.0
12/04/2023 20:30,0.0
12/04/2023 21:00,0.0
12/04/2023 21:30,0.0
12/04/2023 22:00,0.0
12/04/2023 22:30,0.0
12/04/2023 23:00,0.0
12/04/2023 23:30,0.0
12/05/2023 00:00,0.0
12/05/2023 00:30,0.0
12/05/2023 01:00,0.0
12/05/2023 01:30,0.0
12/05/2023 02:00,0.0
12/05/2023 02:30,0.0
12/05/2023 03:00,0.0
12/05/2023 03:30,0.0
12/05/2023 04:00,0.0
12/05/2023 04:30,0.0
12/05/2023 05:00,0.0
12/05/2023 05:30,0.0
12/05/2023 06:00,0.0
12/05/2023 06:30,0.0
12/05/2023 07:00,0.0
12/05/2023 07:30,0.0
12/05/2023 08:00,0.0
12/05/2023 08:30,0.0
12/05/2023 09:00,0.0
12/05/2023 09:30,0.0
12/05/2023 10:00,0.0
12/05/2023 10:30,0.0
12/05/2023 11:00,0.0
12/05/2023 11:30,0.0
12/05/2023 12:00,0.0
12/05/2023 12:30,0.0
12/05/2023 13:00,0.0
12/05/2023 13:30,0.0
12/05/2023 14:00,0.0
12/05/2023 14:30,0.0
12/05/2023 15:00,0.0
12/05/2023 15:30,0.0
12/05/2023 16:00,0.0
12/05/2023 16:30,0.0
12/05/2023 17:00,0.0
12/05/2023 17:30,0.0
12/05/2023 18:00,0.0
12/05/2023 18:30,0.0
12/05/2023 19:00,0.0
12/05/2023 19:30,0.0
12/05/2023 20:00,0.0
12/05/2023 20:30,0.0
12/05/2023 21:00,0.0
12/05/2023 21:30,0.0
12/05/2023 22:00,0.0
12/05/2023 22:30,0.0
12/05/2023 23:00,0.0
12/05/2023 23:30,0.0
12/06/2023 00:00,0.0
12/06/2023 00:30,0.0
12/06/2023 01:00,0.0
12/06/2023 01:30,0.0
12/06/2023 02:00,0.0
12/06/2023 02:30,0.0
12/06/2023 03:00,0.0
12/06/2023 03:30,0.0
12/06/2023 04:00,0.0
12/06/2023 04:30,0.0
12/06/2023 05:00,0.0
12/06/2023 05:30,0.0
12/06/2023 06:00,0.0
12/06/2023 06:30,0.0
12/06/2023 07:00,0.0
12/06/2023 07:30,0.0
12/06/2023 08:00,0.0
12/06/2023 08:30,0.0
12/06/2023 09:00,0.0
12/06/2023 09:30,0.0
12/06/2023 10:00,0.0
12/06/2023 10:30,0.0
12/06/2023 11:00,0.0
12/06/2023 11:30,0.0
12/06/2023 12:00,0.0
12/06/2023 12:30,0.0
12/06/2023 13:00,0.0
12/06/2023 13:30,0.0
12/06/2023 14:00,0.0
12/06/2023 14:30,0.0
12/06/2023 15:00,0.0
12/06/2023 15:30,0.0
12/06/2023 16:00,0.0
12/06/2023 16:30,0.0
12/06/2023 17:00,0.0
12/06/2023 17:30,0.0
12/06/2023 18:00,0.0
12/06/2023 18:30,0.0
12/06/2023 19:00,0.0
12/06/2023 19:30,0.0
12/06/2023 20:00,0.0
12/06/2023 20:30,0.0
12/06/2023 21:00,0.0
12/06/2023 21:30,0.0
12/06/2023 22:00,0.0
12/06/2023 22:30,0.0
12/06/2023 23:00,0.0
12/06/2023 23:30,0.0
12/07/2023 00:00,0.0
12/07/2023 00:30,0.0
12/07/2023 01:00,0.0
12/07/2023 01:30,0.0
12/07/2023 02:00,0.0
12/07/2023 02:30,0.0
12/07/2023 03:00,0.0
12/07/2023 03:30,0.0
12/07/2023 04:00,0.0
12/07/2023 04:30,0.0
12/07/2023 05:00,0.0
12/07/2023 05:30,0.0
12/07/2023 06:00,0.0
12/07/2023 06:30,0.0
12/07/2023 07:00,0.0
12/07/2023 07:30,0.0
12/07/2023 08:00,0.0
12/07/2023 08:30,0.0
12/07/2023 09:00,0.0
12/07/2023 09:30,0.0
12/07/2023 10:00,0.0
12/07/2023 10:30,0.0
12/07/2023 11:00,0.0
12/07/2023 11:30,0.0
12/07/2023 12:00,0.0
12/07/2023 12:30,0.0
12/07/2023 13:00,0.0
12/07/2023 13:30,0.0
12/07/2023 14:00,0.0
12/07/2023 14:30,0.0
12/07/2023 15:00,0.0
12/07/2023 15:30,0.0
12/07/2023 16:00,0.0
12/07/2023 16:30,0.0
12/07/2023 17:00,0.0
12/07/2023 17:30,0.0
12/07/2023 18:00,0.0
12/07/2023 18:30,0.0
12/07/2023 19:00,0.0
12/07/2023 19:30,0.0
12/07/2023 20:00,0.0
12/07/2023 20:30,0.0
12/07/2023 21:00,0.0
12/07/2023 21:30,0.0
12/07/2023 22:00,0.0
12/07/2023 22:30,0.0
12/07/2023 23:00,0.0
12/07/2023 23:30,0.0
12/08/2023 00:00,0.0
12/08/2023 00:30,0.0
12/08/2023 01:00,0.0
12/08/2023 01:30,0.0
12/08/2023 02:00,0.0
12/08/2023 02:30,0.0
12/08/2023 03:00,0.0
12/08/2023 03:30,0.0
12/08/2023 04:00,0.0
12/08/2023 04:30,0.0
12/08/2023 05:00,0.0
12/08/2023 05:30,0.0
12/08/2023 06:00,0.0
12/08/2023 06:30,0.0
12/08/2023 07:00,0.0
12/08/2023 07:30,0.0
12/08/2023 08:00,0.0
12/08/2023 08:30,0.0
12/08/2023 09:00,0.0
12/08/2023 09:30,0.0
12/08/2023 10:00,0.0
12/08/2023 10:30,0.0
12/08/2023 11:00,0.0
12/08/2023 11:30,0.0
12/08/2023 12:00,0.0
12/08/2023 12:30,0.0
12/08/2023 13:00,0.0
12/08/2023 13:30,0.0
12/08/2023 14:00,0.0
12/08/2023 14:30,0.0
12/08/2023 15:00,0.0
12/08/2023 15:30,0.0
12/08/2023 16:00,0.0
12/08/2023 16:30,0.0
12/08/2023 17:00,0.0
12/08/2023 17:30,0.0
12/08/2023 18:00,0.0
12/08/2023 18:30,0.0
12/08/2023 19:00,0.0
12/08/2023 19:30,0.0
12/08/2023 20:00,0.0
12/08/2023 20:30,0.0
12/08/2023 21:00,0.0
12/08/2023 21:30,0.0
12/08/2023 22:00,0.0
12/08/2023 22:30,0.0
12/08/2023 23:00,0.0
12/08/2023 23:30,0.0
12/09/2023 00:00,0.0
12/09/2023 00:30,0.0
12/09/2023 01:00,0.0
12/09/2023 01:30,0.0
12/09/2023 02:00,0.0
12/09/2023 02:30,0.0
12/09/2023 03:00,0.0
12/09/2023 03:30,0.0
12/09/2023 04:00,0.0
12/09/2023 04:30,0.0
12/09/2023 05:00,0.0
12/09/2023 05:30,0.0
12/09/2023 06:00,0.0
12/09/2023 06:30,0.0
12/09/2023 07:00,0.0
12/09/2023 07:30,0.0
12/09/2023 08:00,0.0
12/09/2023 08:30,0.0
12/09/2023 09:00,0.0
12/09/2023 09:30,0.0
12/09/2023 10:00,0.0
12/09/2023 10:30,0.0
12/09/2023 11:00,0.0
12/09/2023 11:30,0.0
12/09/2023 12:00,0.0
12/09/2023 12:30,0.0
12/09/2023 13:00,0.0
12/09/2023 13:30,0.0
12/09/2023 14:00,0.0
12/09/2023 14:30,0.0
12/09/2023 15:00,0.0
12/09/2023 15:30,0.0
12/09/2023 16:00,0.0
12/09/2023 16:30,0.0
12/09/2023 17:00,0.0
12/09/2023 17:30,0.0
12/09/2023 18:00,0.0
12/09/2023 18:30,0.0
12/09/2023 19:00,0.0
12/09/2023 19:30,0.0
12/09/2023 20:00,0.0
12/09/2023 20:30,0.0
12/09/2023 21:00,0.0
12/09/2023 21:30,0.0
12/09/2023 22:00,0.0
12/09/2023 22:30,0.0
12/09/2023 23:00,0.0
12/09/2023 23:30,0.0
12/10/2023 00:00,0.0
12/10/2023 00:30,0.0
12/10/2023 01:00,0.0
12/10/2023 01:30,0.0
12/10/2023 02:00,0.0
12/10/2023 02:30,0.0
12/10/2023 03:00,0.0
12/10/2023 03:30,0.0
12/10/2023 04:00,0.0
12/10/2023 04:30,0.0
12/10/2023 05:00,0.0
12/10/2023 05:30,0.0
12/10/2023 06:00,0.0
12/10/2023 06:30,0.0
12/10/2023 07:00,0.0
12/10/2023 07:30,0.0
12/10/2023 08:00,0.0
12/10/2023 08:30,0.0
12/10/2023 09:00,0.0
12/10/2023 09:30,0.0
12/10/2023 10:00,0.0
12/10/2023 10:30,0.0
12/10/2023 11:00,0.0
12/10/2023 11:30,0.0
12/10/2023 12:00,0.0
12/10/2023 12:30,0.0
12/10/2023 13:00,0.0
12/10/2023 13:30,0.0
12/10/2023 14:00,0.0
12/10/2023 14:30,0.0
12/10/2023 15:00,0.0
12/10/2023 15:30,0.0
12/10/2023 16:00,0.0
12/10/2023 16:30,0.0
12/10/2023 17:00,0.0
12/10/2023 17:30,0.0
12/10/2023 18:00,0.0
12/10/2023 18:30,0.0
12/10/2023 19:00,0.0
12/10/2023 19:30,0.0
12/10/2023 20:00,0.0
12/10/2023 20:30,0.0
12/10/2023 21:00,0.0
12/10/2023 21:30,0.0
12/10/2023 22:00,0.0
12/10/2023 22:30,0.0
12/10/2023 23:00,0.0
12/10/2023 23:30,0.0
12/11/2023 00:00,0.0
12/11/2023 00:30,0.0
12/11/2023 01:00,0.0
12/11/2023 01:30,0.0
12/11/2023 02:00,0.0
12/11/2023 02:30,0.0
12/11/2023 03:00,0.0
12/11/2023 03:30,0.0
12/11/2023 04:00,0.0
12/11/2023 04:30,0.0
12/11/2023 05:00,0.0
12/11/2023 05:30,0.0
12/11/2023 06:00,0.0
12/11/2023 06:30,0.0
12/11/2023 07:00,0.0
12/11/2023 07:30,0.0
12/11/2023 08:00,0.0
12/11/2023 08:30,0.0
12/11/2023 09:00,0.0
12/11/2023 09:30,0.0
12/11/2023 10:00,0.0
12/11/2023 10:30,0.0
12/11/2023 11:00,0.0
12/11/2023 11:30,0.0
12/11/2023 12:00,0.0
12/11/2023 12:30,0.0
12/11/2023 13:00,0.0
12/11/2023 13:30,0.0
12/11/2023 14:00,0.0
12/11/2023 14:30,0.0
12/11/2023 15:00,0.0
12/11/2023 15:30,0.0
12/11/2023 16:00,0.0
12/11/2023 16:30,0.0
12/11/2023 17:00,0.0
12/11/2023 17:30,0.0
12/11/2023 18:00,0.0
12/11/2023 18:30,0.0
12/11/2023 19:00,0.0
12/11/2023 19:30,0.0
12/11/2023 20:00,0.0
12/11/2023 20:30,0.0
12/11/2023 21:00,0.0
12/11/2023 21:30,0.0
12/11/2023 22:00,0.0
12/11/2023 22:30,0.0
12/11/2023 23:00,0.0
12/11/2023 23:30,0.0
12/12/2023 00:00,0.0
12/12/2023 00:30,0.0
12/12/2023 01:00,0.0
12/12/2023 01:30,0.0
12/12/2023 02:00,0.0
12/12/2023 02:30,0.0
12/12/2023 03:00,0.0
12/12/2023 03:30,0.0
12/12/2023 04:00,0.0
12/12/2023 04:30,0.0
12/12/2023 05:00,0.0
12/12/2023 05:30,0.0
12/12/2023 06:00,0.0
12/12/2023 06:30,0.0
12/12/2023 07:00,0.0
12/12/2023 07:30,0.0
12/12/2023 08:00,0.0
12/12/2023 08:30,0.0
12/12/2023 09:00,0.0
12/12/2023 09:30,0.0
12/12/2023 10:00,0.0
12/12/2023 10:30,0.0
12/12/2023 11:00,0.0
12/12/2023 11:30,0.0
12/12/2023 12:00,0.0
12/12/2023 12:30,0.0
12/12/2023 13:00,0.0
12/12/2023 13:30,0.0
12/12/2023 14:00,0.0
12/12/2023 14:30,0.0
12/12/2023 15:00,0.0
12/12/2023 15:30,0.0
12/12/2023 16:00,0.0
12/12/2023 16:30,0.0
12/12/2023 17:00,0.0
12/12/2023 17:30,0.0
12/12/2023 18:00,0.0
12/12/2023 18:30,0.0
12/12/2023 19:00,0.0
12/12/2023 19:30,0.0
12/12/2023 20:00,0.0
12/12/2023 20:30,0.0
12/12/2023 21:00,0.0
12/12/2023 21:30,0.0
12/12/2023 22:00,0.0
12/12/2023 22:30,0.0
12/12/2023 23:00,0.0
12/12/2023 23:30,0.0
12/13/2023 00:00,0.0
12/13/2023 00:30,0.0
12/13/2023 01:00,0.0
12/13/2023 01:30,0.0
12/13/2023 02:00,0.0
12/13/2023 02:30,0.0
12/13/2023 03:00,0.0
12/13/2023 03:30,0.0
12/13/2023 04:00,0.0
12/13/2023 04:30,0.0
12/13/2023 05:00,0.0
12/13/2023 05:30,0.0
12/13/2023 06:00,0.0
12/13/2023 06:30,0.0
12/13/2023 07:00,0.0
12/13/2023 07:30,0.0
12/13/2023 08:00,0.0
12/13/2023 08:30,0.0
12/13/2023 09:00,0.0
12/13/2023 09:30,0.0
12/13/2023 10:00,0.0
12/13/2023 10:30,0.0
12/13/2023 11:00,0.0
12/13/2023 11:30,0.0
12/13/2023 12:00,0.0
12/13/2023 12:30,0.0
12/13/2023 13:00,0.0
12/13/2023 13:30,0.0
12/13/2023 14:00,0.0
12/13/2023 14:30,0.0
12/13/2023 15:00,0.0
12/13/2023 15:30,0.0
12/13/2023 16:00,0.0
12/13/2023 16:30,0.0
12/13/2023 17:00,0.0
12/13/2023 17:30,0.0
12/13/2023 18:00,0.0
12/13/2023 18:30,0.0
12/13/2023 19:00,0.0
12/13/2023 19:30,0.0
12/13/2023 20:00,0.0
12/13/2023 20:30,0.0
12/13/2023 21:00,0.0
12/13/2023 21:30,0.0
12/13/2023 22:00,0.0
12/13/2023 22:30,0.0
12/13/2023 23:00,0.0
12/13/2023 23:30,0.0
12/14/2023 00:00,0.0
12/14/2023 00:30,0.0
12/14/2023 01:00,0.0
12/14/2023 01:30,0.0
12/14/2023 02:00,0.0
12/14/2023 02:30,0.0
12/14/2023 03:00,0.0
12/14/2023 03:30,0.0
12/14/2023 04:00,0.0
12/14/2023 04:30,0.0
12/14/2023 05:00,0.0
12/14/2023 05:30,0.0
12/14/2023 06:00,0.0
12/14/2023 06:30,0.0
12/14/2023 07:00,0.0
12/14/2023 07:30,0.0
12/14/2023 08:00,0.0
12/14/2023 08:30,0.0
12/14/2023 09:00,0.0
12/14/2023 09:30,0.0
12/14/2023 10:00,0.0
12/14/2023 10:30,0.0
12/14/2023 11:00,0.0
12/14/2023 11:30,0.0
12/14/2023 12:00,0.0
12/14/2023 12:30,0.0
12/14/2023 13:00,0.0
12/14/2023 13:30,0.0
12/14/2023 14:00,0.0
12/14/2023 14:30,0.0
12/14/2023 15:00,0.0
12/14/2023 15:30,0.0
12/14/2023 16:00,0.0
12/14/2023 16:30,0.0
12/14/2023 17:00,0.0
12/14/2023 17:30,0.0
12/14/2023 18:00,0.0
12/14/2023 18:30,0.0
12/14/2023 19:00,0.0
12/14/2023 19:30,0.0
12/14/2023 20:00,0.0
12/14/2023 20:30,0.0
12/14/2023 21:00,0.0
12/14/2023 21:30,0.0
12/14/2023 22:00,0.0
12/14/2023 22:30,0.0
12/14/2023 23:00,0.0
12/14/2023 23:30,0.0
12/15/2023 00:00,0.0
12/15/2023 00:30,0.0
12/15/2023 01:00,0.0
12/15/2023 01:30,0.0
12/15/2023 02:00,0.0
12/15/2023 02:30,0.0
12/15/2023 03:00,0.0
12/15/2023 03:30,0.0
12/15/2023 04:00,0.0
12/15/2023 04:30,0.0
12/15/2023 05:00,0.0
12/15/2023 05:30,0.0
12/15/2023 06:00,0.0
12/15/2023 06:30,0.0
12/15/2023 07:00,0.0
12/15/2023 07:30,0.0
12/15/2023 08:00,0.0
12/15/2023 08:30,0.0
12/15/2023 09:00,0.0
12/15/2023 09:30,0.0
12/15/2023 10:00,0.0
12/15/2023 10:30,0.0
12/15/2023 11:00,0.0
12/15/2023 11:30,0.0
12/15/2023 12:00,0.0
12/15/2023 12:30,0.0
12/15/2023 13:00,0.0
12/15/2023 13:30,0.0
12/15/2023 14:00,0.0
12/15/2023 14:30,0.0
12/15/2023 15:00,0.0
12/15/2023 15:30,0.0
12/15/2023 16:00,0.0
12/15/2023 16:30,0.0
12/15/2023 17:00,0.0
12/15/2023 17:30,0.0
12/15/2023 18:00,0.0
12/15/2023 18:30,0.0
12/15/2023 19:00,0.0
12/15/2023 19:30,0.0
12/15/2023 20:00,0.0
12/15/2023 20:30,0.0
12/15/2023 21:00,0.0
12/15/2023 21:30,0.0
12/15/2023 22:00,0.0
12/15/2023 22:30,0.0
12/15/2023 23:00,0.0
12/15/2023 23:30,0.0
12/16/2023 00:00,0.0
12/16/2023 00:30,0.0
12/16/2023 01:00,0.0
12/16/2023 01:30,0.0
12/16/2023 02:00,0.0
12/16/2023 02:30,0.0
12/16/2023 03:00,0.0
12/16/2023 03:30,0.0
12/16/2023 04:00,0.0
12/16/2023 04:30,0.0
12/16/2023 05:00,0.0
12/16/2023 05:30,0.0
12/16/2023 06:00,0.0
12/16/2023 06:30,0.0
12/16/2023 07:00,0.0
12/16/2023 07:30,0.0
12/16/2023 08:00,0.0
12/16/2023 08:30,0.0
12/16/2023 09:00,0.0
12/16/2023 09:30,0.0
12/16/2023 10:00,0.0
12/16/2023 10:30,0.0
12/16/2023 11:00,0.0
12/16/2023 11:30,0.0
12/16/2023 12:00,0.0
12/16/2023 12:30,0.0
12/16/2023 13:00,0.0
12/16/2023 13:30,0.0
12/16/2023 14:00,0.0
12/16/2023 14:30,0.0
12/16/2023 15:00,0.0
12/16/2023 15:30,0.0
12/16/2023 16:00,0.0
12/16/2023 16:30,0.0
12/16/2023 17:00,0.0
12/16/2023 17:30,0.0
12/16/2023 18:00,0.0
12/16/2023 18:30,0.0
12/16/2023 19:00,0.0
12/16/2023 19:30,0.0
12/16/2023 20:00,0.0
12/16/2023 20:30,0.0
12/16/2023 21:00,0.0
12/16/2023 21:30,0.0
12/16/2023 22:00,0.0
12/16/2023 22:30,0.0
12/16/2023 23:00,0.0
12/16/2023 23:30,0.0
12/17/2023 00:00,0.0
12/17/2023 00:30,0.0
12/17/2023 01:00,0.0
12/17/2023 01:30,0.0
12/17/2023 02:00,0.0
12/17/2023 02:30,0.0
12/17/2023 03:00,0.0
12/17/2023 03:30,0.0
12/17/2023 04:00,0.0
12/17/2023 04:30,0.0
12/17/2023 05:00,0.0
12/17/2023 05:30,0.0
12/17/2023 06:00,0.0
12/17/2023 06:30,0.0
12/17/2023 07:00,0.0
12/17/2023 07:30,0.0
12/17/2023 08:00,0.0
12/17/2023 08:30,0.0
12/17/2023 09:00,0.0
12/17/2023 09:30,0.0
12/17/2023 10:00,0.0
12/17/2023 10:30,0.0
12/17/2023 11:00,0.0
12/17/2023 11:30,0.0
12/17/2023 12:00,0.0
12/17/2023 12:30,0.0
12/17/2023 13:00,0.0
12/17/2023 13:30,0.0
12/17/2023 14:00,0.0
12/17/2023 14:30,0.0
12/17/2023 15:00,0.0
12/17/2023 15:30,0.0
12/17/2023 16:00,0.0
12/17/2023 16:30,0.0
12/17/2023 17:00,0.0
12/17/2023 17:30,0.0
12/17/2023 18:00,0.0
12/17/2023 18:30,0.0
12/17/2023 19:00,0.0
12/17/2023 19:30,0.0
12/17/2023 20:00,0.0
12/17/2023 20:30,0.0
12/17/2023 21:00,0.0
12/17/2023 21:30,0.0
12/17/2023 22:00,0.0
12/17/2023 22:30,0.0
12/17/2023 23:00,0.0
12/17/2023 23:30,0.0
12/18/2023 00:00,0.0
12/18/2023 00:30,0.0
12/18/2023 01:00,0.0
12/18/2023 01:30,0.0
12/18/2023 02:00,0.0
12/18/2023 02:30,0.0
12/18/2023 03:00,0.0
12/18/2023 03:30,0.0
12/18/2023 04:00,0.0
12/18/2023 04:30,0.0
12/18/2023 05:00,0.0
12/18/2023 05:30,0.0
12/18/2023 06:00,0.0
12/18/2023 06:30,0.0
12/18/2023 07:00,0.0
12/18/2023 07:30,0.0
12/18/2023 08:00,0.0
12/18/2023 08:30,0.0
12/18/2023 09:00,0.0
12/18/2023 09:30,0.0
12/18/2023 10:00,0.0
12/18/2023 10:30,0.0
12/18/2023 11:00,0.0
12/18/2023 11:30,0.0
12/18/2023 12:00,0.0
12/18/2023 12:30,0.0
12/18/2023 13:00,0.0
12/18/2023 13:30,0.0
12/18/2023 14:00,0.0
12/18/2023 14:30,0.0
12/18/2023 15:00,0.0
12/18/2023 15:30,0.0
12/18/2023 16:00,0.0
12/18/2023 16:30,0.0
12/18/2023 17:00,0.0
12/18/2023 17:30,0.0
12/18/2023 18:00,0.0
12/18/2023 18:30,0.0
12/18/2023 19:00,0.0
12/18/2023 19:30,0.0
12/18/2023 20:00,0.0
12/18/2023 20:30,0.0
12/18/2023 21:00,0.0
12/18/2023 21:30,0.0
12/18/2023 22:00,0.0
12/18/2023 22:30,0.0
12/18/2023 23:00,0.0
12/18/2023 23:30,0.0
12/19/2023 00:00,0.0
12/19/2023 00:30,0.0
12/19/2023 01:00,0.0
12/19/2023 01:30,0.0
12/19/2023 02:00,0.0
12/19/2023 02:30,0.0
12/19/2023 03:00,0.0
12/19/2023 03:30,0.0
12/19/2023 04:00,0.0
12/19/2023 04:30,0.0
12/19/2023 05:00,0.0
12/19/2023 05:30,0.0
12/19/2023 06:00,0.0
12/19/2023 06:30,0.0
12/19/2023 07:00,0.0
12/19/2023 07:30,0.0
12/19/2023 08:00,0.0
12/19/2023 08:30,0.0
12/19/2023 09:00,0.0
12/19/2023 09:30,0.0
12/19/2023 10:00,0.0
12/19/2023 10:30,0.0
12/19/2023 11:00,0.0
12/19/2023 11:30,0.0
12/19/2023 12:00,0.0
12/19/2023 12:30,0.0
12/19/2023 13:00,0.0
12/19/2023 13:30,0.0
12/19/2023 14:00,0.0
12/19/2023 14:30,0.0
12/19/2023 15:00,0.0
12/19/2023 15:30,0.0
12/19/2023 16:00,0.0
12/19/2023 16:30,0.0
12/19/2023 17:00,0.0
12/19/2023 17:30,0.0
12/19/2023 18:00,0.0
12/19/2023 18:30,0.0
12/19/2023 19:00,0.0
12/19/2023 19:30,0.0
12/19/2023 20:00,0.0
12/19/2023 20:30,0.0
12/19/2023 21:00,0.0
12/19/2023 21:30,0.0
12/19/2023 22:00,0.0
12/19/2023 22:30,0.0
12/19/2023 23:00,0.0
12/19/2023 23:30,0.0
12/20/2023 00:00,0.0
12/20/2023 00:30,0.0
12/20/2023 01:00,0.0
12/20/2023 01:30,0.0
12/20/2023 02:00,0.0
12/20/2023 02:30,0.0
12/20/2023 03:00,0.0
12/20/2023 03:30,0.0
12/20/2023 04:00,0.0
12/20/2023 04:30,0.0
12/20/2023 05:00,0.0
12/20/2023 05:30,0.0
12/20/2023 06:00,0.0
12/20/2023 06:30,0.0
12/20/2023 07:00,0.0
12/20/2023 07:30,0.0
12/20/2023 08:00,0.0
12/20/2023 08:30,0.0
12/20/2023 09:00,0.0
12/20/2023 09:30,0.0
12/20/2023 10:00,0.0
12/20/2023 10:30,0.0
12/20/2023 11:00,0.0
12/20/2023 11:30,0.0
12/20/2023 12:00,0.0
12/20/2023 12:30,0.0
12/20/2023 13:00,0.0
12/20/2023 13:30,0.0
12/20/2023 14:00,0.0
12/20/2023 14:30,0.0
12/20/2023 15:00,0.0
12/20/2023 15:30,0.0
12/20/2023 16:00,0.0
12/20/2023 16:30,0.0
12/20/2023 17:00,0.0
12/20/2023 17:30,0.0
12/20/2023 18:00,0.0
12/20/2023 18:30,0.0
12/20/2023 19:00,0.0
12/20/2023 19:30,0.0
12/20/2023 20:00,0.0
12/20/2023 20:30,0.0
12/20/2023 21:00,0.0
12/20/2023 21:30,0.0
12/20/2023 22:00,0.0
12/20/2023 22:30,0.0
12/20/2023 23:00,0.0
12/20/2023 23:30,0.0
12/21/2023 00:00,0.0
12/21/2023 00:30,0.0
12/21/2023 01:00,0.0
12/21/2023 01:30,0.0
12/21/2023 02:00,0.0
12/21/2023 02:30,0.0
12/21/2023 03:00,0.0
12/21/2023 03:30,0.0
12/21/2023 04:00,0.0
12/21/2023 04:30,0.0
12/21/2023 05:00,0.0
12/21/2023 05:30,0.0
12/21/2023 06:00,0.0
12/21/2023 06:30,0.0
12/21/2023 07:00,0.0
12/21/2023 07:30,0.0
12/21/2023 08:00,0.0
12/21/2023 08:30,0.0
12/21/2023 09:00,0.0
12/21/2023 09:30,0.0
12/21/2023 10:00,0.0
12/21/2023 10:30,0.0
12/21/2023 11:00,0.0
12/21/2023 11:30,0.0
12/21/2023 12:00,0.0
12/21/2023 12:30,0.0
12/21/2023 13:00,0.0
12/21/2023 13:30,0.0
12/21/2023 14:00,0.0
12/21/2023 14:30,0.0
12/21/2023 15:00,0.0
12/21/2023 15:30,0.0
12/21/2023 16:00,0.0
12/21/2023 16:30,0.0
12/21/2023 17:00,0.0
12/21/2023 17:30,0.0
12/21/2023 18:00,0.0
12/21/2023 18:30,0.0
12/21/2023 19:00,0.0
12/21/2023 19:30,0.0
12/21/2023 20:00,0.0
12/21/2023 20:30,0.0
12/21/2023 21:00,0.0
12/21/2023 21:30,0.0
12/21/2023 22:00,0.0
12/21/2023 22:30,0.0
12/21/2023 23:00,0.0
12/21/2023 23:30,0.0
12/22/2023 00:00,0.0
12/22/2023 00:30,0.0
12/22/2023 01:00,0.0
12/22/2023 01:30,0.0
12/22/2023 02:00,0.0
12/22/2023 02:30,0.0
12/22/2023 03:00,0.0
12/22/2023 03:30,0.0
12/22/2023 04:00,0.0
12/22/2023 04:30,0.0
12/22/2023 05:00,0.0
12/22/2023 05:30,0.0
12/22/2023 06:00,0.0
12/22/2023 06:30,0.0
12/22/2023 07:00,0.0
12/22/2023 07:30,0.0
12/22/2023 08:00,0.0
12/22/2023 08:30,0.0
12/22/2023 09:00,0.0
12/22/2023 09:30,0.0
12/22/2023 10:00,0.0
12/22/2023 10:30,0.0
12/22/2023 11:00,0.0
12/22/2023 11:30,0.0
12/22/2023 12:00,0.0
12/22/2023 12:30,0.0
12/22/2023 13:00,0.0
12/22/2023 13:30,0.0
12/22/2023 14:00,0.0
12/22/2023 14:30,0.0
12/22/2023 15:00,0.0
12/22/2023 15:30,0.0
12/22/2023 16:00,0.0
12/22/2023 16:30,0.0
12/22/2023 17:00,0.0
12/22/2023 17:30,0.0
12/22/2023 18:00,0.0
12/22/2023 18:30,0.0
12/22/2023 19:00,0.0
12/22/2023 19:30,0.0
12/22/2023 20:00,0.0
12/22/2023 20:30,0.0
12/22/2023 21:00,0.0
12/22/2023 21:30,0.0
12/22/2023 22:00,0.0
12/22/2023 22:30,0.0
12/22/2023 23:00,0.0
12/22/2023 23:30,0.0
12/23/2023 00:00,0.0
12/23/2023 00:30,0.0
12/23/2023 01:00,0.0
12/23/2023 01:30,0.0
12/23/2023 02:00,0.0
12/23/2023 02:30,0.0
12/23/2023 03:00,0.0
12/23/2023 03:30,0.0
12/23/2023 04:00,0.0
12/23/2023 04:30,0.0
12/23/2023 05:00,0.0
12/23/2023 05:30,0.0
12/23/2023 06:00,0.0
12/23/2023 06:30,0.0
12/23/2023 07:00,0.0
12/23/2023 07:30,0.0
12/23/2023 08:00,0.0
12/23/2023 08:30,0.0
12/23/2023 09:00,0.0
12/23/2023 09:30,0.0
12/23/2023 10:00,0.0
12/23/2023 10:30,0.0
12/23/2023 11:00,0.0
12/23/2023 11:30,0.0
12/23/2023 12:00,0.0
12/23/2023 12:30,0.0
12/23/2023 13:00,0.0
12/23/2023 13:30,0.0
12/23/2023 14:00,0.0
12/23/2023 14:30,0.0
12/23/2023 15:00,0.0
12/23/2023 15:30,0.0
12/23/2023 16:00,0.0
12/23/2023 16:30,0.0
12/23/2023 17:00,0.0
12/23/2023 17:30,0.0
12/23/2023 18:00,0.0
12/23/2023 18:30,0.0
12/23/2023 19:00,0.0
12/23/2023 19:30,0.0
12/23/2023 20:00,0.0
12/23/2023 20:30,0.0
12/23/2023 21:00,0.0
12/23/2023 21:30,0.0
12/23/2023 22:00,0.0
12/23/2023 22:30,0.0
12/23/2023 23:00,0.0
12/23/2023 23:30,0.0
12/24/2023 00:00,0.0
12/24/2023 00:30,0.0
12/24/2023 01:00,0.0
12/24/2023 01:30,0.0
12/24/2023 02:00,0.0
12/24/2023 02:30,0.0
12/24/2023 03:00,0.0
12/24/2023 03:30,0.0
12/24/2023 04:00,0.0
12/24/2023 04:30,0.0
12/24/2023 05:00,0.0
12/24/2023 05:30,0.0
12/24/2023 06:00,0.0
12/24/2023 06:30,0.0
12/24/2023 07:00,0.0
12/24/2023 07:30,0.0
12/24/2023 08:00,0.0
12/24/2023 08:30,0.0
12/24/2023 09:00,0.0
12/24/2023 09:30,0.0
12/24/2023 10:00,0.0
12/24/2023 10:30,0.0
12/24/2023 11:00,0.0
12/24/2023 11:30,0.0
12/24/2023 12:00,0.0
12/24/2023 12:30,0.0
12/24/2023 13:00,0.0
12/24/2023 13:30,0.0
12/24/2023 14:00,0.0
12/24/2023 14:30,0.0
12/24/2023 15:00,0.0
12/24/2023 15:30,0.0
12/24/2023 16:00,0.0
12/24/2023 16:30,0.0
12/24/2023 17:00,0.0
12/24/2023 17:30,0.0
12/24/2023 18:00,0.0
12/24/2023 18:30,0.0
12/24/2023 19:00,0.0
12/24/2023 19:30,0.0
12/24/2023 20:00,0.0
12/24/2023 20:30,0.0
12/24/2023 21:00,0.0
12/24/2023 21:30,0.0
12/24/2023 22:00,0.0
12/24/2023 22:30,0.0
12/24/2023 23:00,0.0
12/24/2023 23:30,0.0
12/25/2023 00:00,0.0
12/25/2023 00:30,0.0
12/25/2023 01:00,0.0
12/25/2023 01:30,0.0
12/25/2023 02:00,0.0
12/25/2023 02:30,0.0
12/25/2023 03:00,0.0
12/25/2023 03:30,0.0
12/25/2023 04:00,0.0
12/25/2023 04:30,0.0
12/25/2023 05:00,0.0
12/25/2023 05:30,0.0
12/25/2023 06:00,0.0
12/25/2023 06:30,0.0
12/25/2023 07:00,0.0
12/25/2023 07:30,0.0
12/25/2023 08:00,0.0
12/25/2023 08:30,0.0
12/25/2023 09:00,0.0
12/25/2023 09:30,0.0
12/25/2023 10:00,0.0
12/25/2023 10:30,0.0
12/25/2023 11:00,0.0
12/25/2023 11:30,0.0
12/25/2023 12:00,0.0
12/25/2023 12:30,0.0
12/25/2023 13:00,0.0
12/25/2023 13:30,0.0
12/25/2023 14:00,0.0
12/25/2023 14:30,0.0
12/25/2023 15:00,0.0
12/25/2023 15:30,0.0
12/25/2023 16:00,0.0
12/25/2023 16:30,0.0
12/25/2023 17:00,0.0
12/25/2023 17:30,0.0
12/25/2023 18:00,0.0
12/25/2023 18:30,0.0
12/25/2023 19:00,0.0
12/25/2023 19:30,0.0
12/25/2023 20:00,0.0
12/25/2023 20:30,0.0
12/25/2023 21:00,0.0
12/25/2023 21:30,0.0
12/25/2023 22:00,0.0
12/25/2023 22:30,0.0
12/25/2023 23:00,0.0
12/25/2023 23:30,0.0
12/26/2023 00:00,0.0
12/26/2023 00:30,0.0
12/26/2023 01:00,0.0
12/26/2023 01:30,0.0
12/26/2023 02:00,0.0
12/26/2023 02:30,0.0
12/26/2023 03:00,0.0
12/26/2023 03:30,0.0
12/26/2023 04:00,0.0
12/26/2023 04:30,0.0
12/26/2023 05:00,0.0
12/26/2023 05:30,0.0
12/26/2023 06:00,0.0
12/26/2023 06:30,0.0
12/26/2023 07:00,0.0
12/26/2023 07:30,0.0
12/26/2023 08:00,0.0
12/26/2023 08:30,0.0
12/26/2023 09:00,0.0
12/26/2023 09:30,0.0
12/26/2023 10:00,0.0
12/26/2023 10:30,0.0
12/26/2023 11:00,0.0
12/26/2023 11:30,0.0
12/26/2023 12:00,0.0
12/26/2023 12:30,0.0
12/26/2023 13:00,0.0
12/26/2023 13:30,0.0
12/26/2023 14:00,0.0
12/26/2023 14:30,0.0
12/26/2023 15:00,0.0
12/26/2023 15:30,0.0
12/26/2023 16:00,0.0
12/26/2023 16:30,0.0
12/26/2023 17:00,0.0
12/26/2023 17:30,0.0
12/26/2023 18:00,0.0
12/26/2023 18:30,0.0
12/26/2023 19:00,0.0
12/26/2023 19:30,0.0
12/26/2023 20:00,0.0
12/26/2023 20:30,0.0
12/26/2023 21:00,0.0
12/26/2023 21:30,0.0
12/26/2023 22:00,0.0
12/26/2023 22:30,0.0
12/26/2023 23:00,0.0
12/26/2023 23:30,0.0
12/27/2023 00:00,0.0
12/27/2023 00:30,0.0
12/27/2023 01:00,0.0
12/27/2023 01:30,0.0
12/27/2023 02:00,0.0
12/27/2023 02:30,0.0
12/27/2023 03:00,0.0
12/27/2023 03:30,0.0
12/27/2023 04:00,0.0
12/27/2023 04:30,0.0
12/27/2023 05:00,0.0
12/27/2023 05:30,0.0
12/27/2023 06:00,0.0
12/27/2023 06:30,0.0
12/27/2023 07:00,0.0
12/27/2023 07:30,0.0
12/27/2023 08:00,0.0
12/27/2023 08:30,0.0
12/27/2023 09:00,0.0
12/27/2023 09:30,0.0
12/27/2023 10:00,0.0
12/27/2023 10:30,0.0
12/27/2023 11:00,0.0
12/27/2023 11:30,0.0
12/27/2023 12:00,0.0
12/27/2023 12:30,0.0
12/27/2023 13:00,0.0
12/27/2023 13:30,0.0
12/27/2023 14:00,0.0
12/27/2023 14:30,0.0
12/27/2023 15:00,0.0
12/27/2023 15:30,0.0
12/27/2023 16:00,0.0
12/27/2023 16:30,0.0
12/27/2023 17:00,0.0
12/27/2023 17:30,0.0
12/27/2023 18:00,0.0
12/27/2023 18:30,0.0
12/27/2023 19:00,0.0
12/27/2023 19:30,0.0
12/27/2023 20:00,0.0
12/27/2023 20:30,0.0
12/27/2023 21:00,0.0
12/27/2023 21:30,0.0
12/27/2023 22:00,0.0
12/27/2023 22:30,0.0
12/27/2023 23:00,0.0
12/27/2023 23:30,0.0
12/28/2023 00:00,0.0
12/28/2023 00:30,0.0
12/28/2023 01:00,0.0
12/28/2023 01:30,0.0
12/28/2023 02:00,0.0
12/28/2023 02:30,0.0
12/28/2023 03:00,0.0
12/28/2023 03:30,0.0
12/28/2023 04:00,0.0
12/28/2023 04:30,0.0
12/28/2023 05:00,0.0
12/28/2023 05:30,0.0
12/28/2023 06:00,0.0
12/28/2023 06:30,0.0
12/28/2023 07:00,0.0
12/28/2023 07:30,0.0
12/28/2023 08:00,0.0
12/28/2023 08:30,0.0
12/28/2023 09:00,0.0
12/28/2023 09:30,0.0
12/28/2023 10:00,0.0
12/28/2023 10:30,0.0
12/28/2023 11:00,0.0
12/28/2023 11:30,0.0
12/28/2023 12:00,0.0
12/28/2023 12:30,0.0
12/28/2023 13:00,0.0
12/28/2023 13:30,0.0
12/28/2023 14:00,0.0
12/28/2023 14:30,0.0
12/28/2023 15:00,0.0
12/28/2023 15:30,0.0
12/28/2023 16:00,0.0
12/28/2023 16:30,0.0
12/28/2023 17:00,0.0
12/28/2023 17:30,0.0
12/28/2023 18:00,0.0
12/28/2023 18:30,0.0
12/28/2023 19:00,0.0
12/28/2023 19:30,0.0
12/28/2023 20:00,0.0
12/28/2023 20:30,0.0
12/28/2023 21:00,0.0
12/28/2023 21:30,0.0
12/28/2023 22:00,0.0
12/28/2023 22:30,0.0
12/28/2023 23:00,0.0
12/28/2023 23:30,0.0
12/29/2023 00:00,0.0
12/29/2023 00:30,0.0
12/29/2023 01:00,0.0
12/29/2023 01:30,0.0
12/29/2023 02:00,0.0
12/29/2023 02:30,0.0
12/29/2023 03:00,0.0
12/29/2023 03:30,0.0
12/29/2023 04:00,0.0
12/29/2023 04:30,0.0
12/29/2023 05:00,0.0
12/29/2023 05:30,0.0
12/29/2023 06:00,0.0
12/29/2023 06:30,0.0
12/29/2023 07:00,0.0
12/29/2023 07:30,0.0
12/29/2023 08:00,0.0
12/29/2023 08:30,0.0
12/29/2023 09:00,0.0
12/29/2023 09:30,0.0
12/29/2023 10:00,0.0
12/29/2023 10:30,0.0
12/29/2023 11:00,0.0
12/29/2023 11:30,0.0
12/29/2023 12:00,0.0
12/29/2023 12:30,0.0
12/29/2023 13:00,0.0
12/29/2023 13:30,0.0
12/29/2023 14:00,0.0
12/29/2023 14:30,0.0
12/29/2023 15:00,0.0
12/29/2023 15:30,0.0
12/29/2023 16:00,0.0
12/29/2023 16:30,0.0
12/29/2023 17:00,0.0
12/29/2023 17:30,0.0
12/29/2023 18:00,0.0
12/29/2023 18:30,0.0
12/29/2023 19:00,0.0
12/29/2023 19:30,0.0
12/29/2023 20:00,0.0
12/29/2023 20:30,0.0
12/29/2023 21:00,0.0
12/29/2023 21:30,0.0
12/29/2023 22:00,0.0
12/29/2023 22:30,0.0
12/29/2023 23:00,0.0
12/29/2023 23:30,0.0
12/30/2023 00:00,0.0
12/30/2023 00:30,0.0
12/30/2023 01:00,0.0
12/30/2023 01:30,0.0
12/30/2023 02:00,0.0
12/30/2023 02:30,0.0
12/30/2023 03:00,0.0
12/30/2023 03:30,0.0
12/30/2023 04:00,0.0
12/30/2023 04:30,0.0
12/30/2023 05:00,0.0
12/30/2023 05:30,0.0
12/30/2023 06:00,0.0
12/30/2023 06:30,0.0
12/30/2023 07:00,0.0
12/30/2023 07:30,0.0
12/30/2023 08:00,0.0
12/30/2023 08:30,0.0
12/30/2023 09:00,0.0
12/30/2023 09:30,0.0
12/30/2023 10:00,0.0
12/30/2023 10:30,0.0
12/30/2023 11:00,0.0
12/30/2023 11:30,0.0
12/30/2023 12:00,0.0
12/30/2023 12:30,0.0
12/30/2023 13:00,0.0
12/30/2023 13:30,0.0
12/30/2023 14:00,0.0
12/30/2023 14:30,0.0
12/30/2023 15:00,0.0
12/30/2023 15:30,0.0
12/30/2023 16:00,0.0
12/30/2023 16:30,0.0
12/30/2023 17:00,0.0
12/30/2023 17:30,0.0
12/30/2023 18:00,0.0
12/30/2023 18:30,0.0
12/30/2023 19:00,0.0
12/30/2023 19:30,0.0
12/30/2023 20:00,0.0
12/30/2023 20:30,0.0
12/30/2023 21:00,0.0
12/30/2023 21:30,0.0
12/30/2023 22:00,0.0
12/30/2023 22:30,0.0
12/30/2023 23:00,0.0
12/30/2023 23:30,0.0
12/31/2023 00:00,0.0
12/31/2023 00:30,0.0
12/31/2023 01:00,0.0
12/31/2023 01:30,0.0
12/31/2023 02:00,0.0
12/31/2023 02:30,0.0
12/31/2023 03:00,0.0
12/31/2023 03:30,0.0
12/31/2023 04:00,0.0
12/31/2023 04:30,0.0
12/31/2023 05:00,0.0
12/31/2023 05:30,0.0
12/31/2023 06:00,0.0
12/31/2023 06:30,0.0
12/31/2023 07:00,0.0
12/31/2023 07:30,0.0
12/31/2023 08:00,0.0
12/31/2023 08:30,0.0
12/31/2023 09:00,0.0
12/31/2023 09:30,0.0
12/31/2023 10:00,0.0
12/31/2023 10:30,0.0
12/31/2023 11:00,0.0
12/31/2023 11:30,0.0
12/31/2023 12:00,0.0
12/31/2023 12:30,0.0
12/31/2023 13:00,0.0
12/31/2023 13:30,0.0
12/31/2023 14:00,0.0
12/31/2023 14:30,0.0
12/31/2023 15:00,0.0
12/31/2023 15:30,0.0
12/31/2023 16:00,0.0
12/31/2023 16:30,0.0
12/31/2023 17:00,0.0
12/31/2023 17:30,0.0
12/31/2023 18:00,0.0
12/31/2023 18:30,0.0
12/31/2023 19:00,0.0
12/31/2023 19:30,0.0
12/31/2023 20:00,0.0
12/31/2023 20:30,0.0
12/31/2023 21:00,0.0
12/31/2023 21:30,0.0
12/31/2023 22:00,0.0
12/31/2023 22:30,0.0
12/31/2023 23:00,0.0
12/31/2023 23:30,0.0
