01/01/2023 00:00,0.0
01/01/2023 00:30,0.0
01/01/2023 01:00,0.0
01/01/2023 01:30,0.0
01/01/2023 02:00,0.0
01/01/2023 02:30,0.0
01/01/2023 03:00,0.0
01/01/2023 03:30,0.0
01/01/2023 04:00,0.0
01/01/2023 04:30,0.0
01/01/2023 05:00,0.0
01/01/2023 05:30,0.0
01/01/2023 06:00,0.0
01/01/2023 06:30,0.0
01/01/2023 07:00,0.0
01/01/2023 07:30,0.0
01/01/2023 08:00,0.0
01/01/2023 08:30,0.0
01/01/2023 09:00,0.0
01/01/2023 09:30,0.0
01/01/2023 10:00,0.0
01/01/2023 10:30,0.0
01/01/2023 11:00,0.0
01/01/2023 11:30,0.0
01/01/2023 12:00,0.0
01/01/2023 12:30,0.0
01/01/2023 13:00,0.0
01/01/2023 13:30,0.0
01/01/2023 14:00,0.0
01/01/2023 14:30,0.0
01/01/2023 15:00,0.0
01/01/2023 15:30,0.0
01/01/2023 16:00,0.0
01/01/2023 16:30,0.0
01/01/2023 17:00,0.0
01/01/2023 17:30,0.0
01/01/2023 18:00,0.0
01/01/2023 18:30,0.0
01/01/2023 19:00,0.0
01/01/2023 19:30,0.0
01/01/2023 20:00,0.0
01/01/2023 20:30,0.0
01/01/2023 21:00,0.0
01/01/2023 21:30,0.0
01/01/2023 22:00,0.0
01/01/2023 22:30,0.0
01/01/2023 23:00,0.0
01/01/2023 23:30,0.0
01/02/2023 00:00,0.0
01/02/2023 00:30,0.0
01/02/2023 01:00,0.0
01/02/2023 01:30,0.0
01/02/2023 02:00,0.0
01/02/2023 02:30,0.0
01/02/2023 03:00,0.0
01/02/2023 03:30,0.0
01/02/2023 04:00,0.0
01/02/2023 04:30,0.0
01/02/2023 05:00,0.0
01/02/2023 05:30,0.0
01/02/2023 06:00,0.0
01/02/2023 06:30,0.0
01/02/2023 07:00,0.0
01/02/2023 07:30,0.0
01/02/2023 08:00,0.0
01/02/2023 08:30,0.0
01/02/2023 09:00,0.0
01/02/2023 09:30,0.0
01/02/2023 10:00,0.0
01/02/2023 10:30,0.0
01/02/2023 11:00,0.0
01/02/2023 11:30,0.0
01/02/2023 12:00,0.0
01/02/2023 12:30,0.0
01/02/2023 13:00,0.0
01/02/2023 13:30,0.0
01/02/2023 14:00,0.0
01/02/2023 14:30,0.0
01/02/2023 15:00,0.0
01/02/2023 15:30,0.0
01/02/2023 16:00,0.0
01/02/2023 16:30,0.0
01/02/2023 17:00,0.0
01/02/2023 17:30,0.0
01/02/2023 18:00,0.0
01/02/2023 18:30,0.0
01/02/2023 19:00,0.0
01/02/2023 19:30,0.0
01/02/2023 20:00,0.0
01/02/2023 20:30,0.0
01/02/2023 21:00,0.0
01/02/2023 21:30,0.0
01/02/2023 22:00,0.0
01/02/2023 22:30,0.0
01/02/2023 23:00,0.0
01/02/2023 23:30,0.0
01/03/2023 00:00,0.0
01/03/2023 00:30,0.0
01/03/2023 01:00,0.0
01/03/2023 01:30,0.0
01/03/2023 02:00,0.0
01/03/2023 02:30,0.0
01/03/2023 03:00,0.0
01/03/2023 03:30,0.0
01/03/2023 04:00,0.0
01/03/2023 04:30,0.0
01/03/2023 05:00,0.0
01/03/2023 05:30,0.0
01/03/2023 06:00,0.0
01/03/2023 06:30,0.0
01/03/2023 07:00,0.0
01/03/2023 07:30,0.0
01/03/2023 08:00,0.0
01/03/2023 08:30,0.0
01/03/2023 09:00,0.0
01/03/2023 09:30,0.0
01/03/2023 10:00,0.0
01/03/2023 10:30,0.0
01/03/2023 11:00,0.0
01/03/2023 11:30,0.0
01/03/2023 12:00,0.0
01/03/2023 12:30,0.0
01/03/2023 13:00,0.0
01/03/2023 13:30,0.0
01/03/2023 14:00,0.0
01/03/2023 14:30,0.0
01/03/2023 15:00,0.0
01/03/2023 15:30,0.0
01/03/2023 16:00,0.0
01/03/2023 16:30,0.0
01/03/2023 17:00,0.0
01/03/2023 17:30,0.0
01/03/2023 18:00,0.0
01/03/2023 18:30,0.0
01/03/2023 19:00,0.0
01/03/2023 19:30,0.0
01/03/2023 20:00,0.0
01/03/2023 20:30,0.0
01/03/2023 21:00,0.0
01/03/2023 21:30,0.0
01/03/2023 22:00,0.0
01/03/2023 22:30,0.0
01/03/2023 23:00,0.0
01/03/2023 23:30,0.0
01/04/2023 00:00,0.0
01/04/2023 00:30,0.0
01/04/2023 01:00,0.0
01/04/2023 01:30,0.0
01/04/2023 02:00,0.0
01/04/2023 02:30,0.0
01/04/2023 03:00,0.0
01/04/2023 03:30,0.0
01/04/2023 04:00,0.0
01/04/2023 04:30,0.0
01/04/2023 05:00,0.0
01/04/2023 05:30,0.0
01/04/2023 06:00,0.0
01/04/2023 06:30,0.0
01/04/2023 07:00,0.0
01/04/2023 07:30,0.0
01/04/2023 08:00,0.0
01/04/2023 08:30,0.0
01/04/2023 09:00,0.0
01/04/2023 09:30,0.0
01/04/2023 10:00,0.0
01/04/2023 10:30,0.0
01/04/2023 11:00,0.0
01/04/2023 11:30,0.0
01/04/2023 12:00,0.0
01/04/2023 12:30,0.0
01/04/2023 13:00,0.0
01/04/2023 13:30,0.0
01/04/2023 14:00,0.0
01/04/2023 14:30,0.0
01/04/2023 15:00,0.0
01/04/2023 15:30,0.0
01/04/2023 16:00,0.0
01/04/2023 16:30,0.0
01/04/2023 17:00,0.0
01/04/2023 17:30,0.0
01/04/2023 18:00,0.0
01/04/2023 18:30,0.0
01/04/2023 19:00,0.0
01/04/2023 19:30,0.0
01/04/2023 20:00,0.0
01/04/2023 20:30,0.0
01/04/2023 21:00,0.0
01/04/2023 21:30,0.0
01/04/2023 22:00,0.0
01/04/2023 22:30,0.0
01/04/2023 23:00,0.0
01/04/2023 23:30,0.0
01/05/2023 00:00,0.0
01/05/2023 00:30,0.0
01/05/2023 01:00,0.0
01/05/2023 01:30,0.0
01/05/2023 02:00,0.0
01/05/2023 02:30,0.0
01/05/2023 03:00,0.0
01/05/2023 03:30,0.0
01/05/2023 04:00,0.0
01/05/2023 04:30,0.0
01/05/2023 05:00,0.0
01/05/2023 05:30,0.0
01/05/2023 06:00,0.0
01/05/2023 06:30,0.0
01/05/2023 07:00,0.0
01/05/2023 07:30,0.0
01/05/2023 08:00,0.0
01/05/2023 08:30,0.0
01/05/2023 09:00,0.0
01/05/2023 09:30,0.0
01/05/2023 10:00,0.0
01/05/2023 10:30,0.0
01/05/2023 11:00,0.0
01/05/2023 11:30,0.0
01/05/2023 12:00,0.0
01/05/2023 12:30,0.0
01/05/2023 13:00,0.0
01/05/2023 13:30,0.0
01/05/2023 14:00,0.0
01/05/2023 14:30,0.0
01/05/2023 15:00,0.0
01/05/2023 15:30,0.0
01/05/2023 16:00,0.0
01/05/2023 16:30,0.0
01/05/2023 17:00,0.0
01/05/2023 17:30,0.0
01/05/2023 18:00,0.0
01/05/2023 18:30,0.0
01/05/2023 19:00,0.0
01/05/2023 19:30,0.0
01/05/2023 20:00,0.0
01/05/2023 20:30,0.0
01/05/2023 21:00,0.0
01/05/2023 21:30,0.0
01/05/2023 22:00,0.0
01/05/2023 22:30,0.0
01/05/2023 23:00,0.0
01/05/2023 23:30,0.0
01/06/2023 00:00,0.0
01/06/2023 00:30,0.0
01/06/2023 01:00,0.0
01/06/2023 01:30,0.0
01/06/2023 02:00,0.0
01/06/2023 02:30,0.0
01/06/2023 03:00,0.0
01/06/2023 03:30,0.0
01/06/2023 04:00,0.0
01/06/2023 04:30,0.0
01/06/2023 05:00,0.0
01/06/2023 05:30,0.0
01/06/2023 06:00,0.0
01/06/2023 06:30,0.0
01/06/2023 07:00,0.0
01/06/2023 07:30,0.0
01/06/2023 08:00,0.0
01/06/2023 08:30,0.0
01/06/2023 09:00,0.0
01/06/2023 09:30,0.0
01/06/2023 10:00,0.0
01/06/2023 10:30,0.0
01/06/2023 11:00,0.0
01/06/2023 11:30,0.0
01/06/2023 12:00,0.0
01/06/2023 12:30,0.0
01/06/2023 13:00,0.0
01/06/2023 13:30,0.0
01/06/2023 14:00,0.0
01/06/2023 14:30,0.0
01/06/2023 15:00,0.0
01/06/2023 15:30,0.0
01/06/2023 16:00,0.0
01/06/2023 16:30,0.0
01/06/2023 17:00,0.0
01/06/2023 17:30,0.0
01/06/2023 18:00,0.0
01/06/2023 18:30,0.0
01/06/2023 19:00,0.0
01/06/2023 19:30,0.0
01/06/2023 20:00,0.0
01/06/2023 20:30,0.0
01/06/2023 21:00,0.0
01/06/2023 21:30,0.0
01/06/2023 22:00,0.0
01/06/2023 22:30,0.0
01/06/2023 23:00,0.0
01/06/2023 23:30,0.0
01/07/2023 00:00,0.0
01/07/2023 00:30,0.0
01/07/2023 01:00,0.0
01/07/2023 01:30,0.0
01/07/2023 02:00,0.0
01/07/2023 02:30,0.0
01/07/2023 03:00,0.0
01/07/2023 03:30,0.0
01/07/2023 04:00,0.0
01/07/2023 04:30,0.0
01/07/2023 05:00,0.0
01/07/2023 05:30,0.0
01/07/2023 06:00,0.0
01/07/2023 06:30,0.0
01/07/2023 07:00,0.0
01/07/2023 07:30,0.0
01/07/2023 08:00,0.0
01/07/2023 08:30,0.0
01/07/2023 09:00,0.0
01/07/2023 09:30,0.0
01/07/2023 10:00,0.0
01/07/2023 10:30,0.0
01/07/2023 11:00,0.0
01/07/2023 11:30,0.0
01/07/2023 12:00,0.0
01/07/2023 12:30,0.0
01/07/2023 13:00,0.0
01/07/2023 13:30,0.0
01/07/2023 14:00,0.0
01/07/2023 14:30,0.0
01/07/2023 15:00,0.0
01/07/2023 15:30,0.0
01/07/2023 16:00,0.0
01/07/2023 16:30,0.0
01/07/2023 17:00,0.0
01/07/2023 17:30,0.0
01/07/2023 18:00,0.0
01/07/2023 18:30,0.0
01/07/2023 19:00,0.0
01/07/2023 19:30,0.0
01/07/2023 20:00,0.0
01/07/2023 20:30,0.0
01/07/2023 21:00,0.0
01/07/2023 21:30,0.0
01/07/2023 22:00,0.0
01/07/2023 22:30,0.0
01/07/2023 23:00,0.0
01/07/2023 23:30,0.0
01/08/2023 00:00,0.0
01/08/2023 00:30,0.0
01/08/2023 01:00,0.0
01/08/2023 01:30,0.0
01/08/2023 02:00,0.0
01/08/2023 02:30,0.0
01/08/2023 03:00,0.0
01/08/2023 03:30,0.0
01/08/2023 04:00,0.0
01/08/2023 04:30,0.0
01/08/2023 05:00,0.0
01/08/2023 05:30,0.0
01/08/2023 06:00,0.0
01/08/2023 06:30,0.0
01/08/2023 07:00,0.0
01/08/2023 07:30,0.0
01/08/2023 08:00,0.0
01/08/2023 08:30,0.0
01/08/2023 09:00,0.0
01/08/2023 09:30,0.0
01/08/2023 10:00,0.0
01/08/2023 10:30,0.0
01/08/2023 11:00,0.0
01/08/2023 11:30,0.0
01/08/2023 12:00,0.0
01/08/2023 12:30,0.0
01/08/2023 13:00,0.0
01/08/2023 13:30,0.0
01/08/2023 14:00,0.0
01/08/2023 14:30,0.0
01/08/2023 15:00,0.0
01/08/2023 15:30,0.0
01/08/2023 16:00,0.0
01/08/2023 16:30,0.0
01/08/2023 17:00,0.0
01/08/2023 17:30,0.0
01/08/2023 18:00,0.0
01/08/2023 18:30,0.0
01/08/2023 19:00,0.0
01/08/2023 19:30,0.0
01/08/2023 20:00,0.0
01/08/2023 20:30,0.0
01/08/2023 21:00,0.0
01/08/2023 21:30,0.0
01/08/2023 22:00,0.0
01/08/2023 22:30,0.0
01/08/2023 23:00,0.0
01/08/2023 23:30,0.0
01/09/2023 00:00,0.0
01/09/2023 00:30,0.0
01/09/2023 01:00,0.0
01/09/2023 01:30,0.0
01/09/2023 02:00,0.0
01/09/2023 02:30,0.0
01/09/2023 03:00,0.0
01/09/2023 03:30,0.0
01/09/2023 04:00,0.0
01/09/2023 04:30,0.0
01/09/2023 05:00,0.0
01/09/2023 05:30,0.0
01/09/2023 06:00,0.0
01/09/2023 06:30,0.0
01/09/2023 07:00,0.0
01/09/2023 07:30,0.0
01/09/2023 08:00,0.0
01/09/2023 08:30,0.0
01/09/2023 09:00,0.0
01/09/2023 09:30,0.0
01/09/2023 10:00,0.0
01/09/2023 10:30,0.0
01/09/2023 11:00,0.0
01/09/2023 11:30,0.0
01/09/2023 12:00,0.0
01/09/2023 12:30,0.0
01/09/2023 13:00,0.0
01/09/2023 13:30,0.0
01/09/2023 14:00,0.0
01/09/2023 14:30,0.0
01/09/2023 15:00,0.0
01/09/2023 15:30,0.0
01/09/2023 16:00,0.0
01/09/2023 16:30,0.0
01/09/2023 17:00,0.0
01/09/2023 17:30,0.0
01/09/2023 18:00,0.0
01/09/2023 18:30,0.0
01/09/2023 19:00,0.0
01/09/2023 19:30,0.0
01/09/2023 20:00,0.0
01/09/2023 20:30,0.0
01/09/2023 21:00,0.0
01/09/2023 21:30,0.0
01/09/2023 22:00,0.0
01/09/2023 22:30,0.0
01/09/2023 23:00,0.0
01/09/2023 23:30,0.0
01/10/2023 00:00,0.0
01/10/2023 00:30,0.0
01/10/2023 01:00,0.0
01/10/2023 01:30,0.0
01/10/2023 02:00,0.0
01/10/2023 02:30,0.0
01/10/2023 03:00,0.0
01/10/2023 03:30,0.0
01/10/2023 04:00,0.0
01/10/2023 04:30,0.0
01/10/2023 05:00,0.0
01/10/2023 05:30,0.0
01/10/2023 06:00,0.0
01/10/2023 06:30,0.0
01/10/2023 07:00,0.0
01/10/2023 07:30,0.0
01/10/2023 08:00,0.0
01/10/2023 08:30,0.0
01/10/2023 09:00,0.0
01/10/2023 09:30,0.0
01/10/2023 10:00,0.0
01/10/2023 10:30,0.0
01/10/2023 11:00,0.0
01/10/2023 11:30,0.0
01/10/2023 12:00,0.0
01/10/2023 12:30,0.0
01/10/2023 13:00,0.0
01/10/2023 13:30,0.0
01/10/2023 14:00,0.0
01/10/2023 14:30,0.0
01/10/2023 15:00,0.0
01/10/2023 15:30,0.0
01/10/2023 16:00,0.0
01/10/2023 16:30,0.0
01/10/2023 17:00,0.0
01/10/2023 17:30,0.0
01/10/2023 18:00,0.0
01/10/2023 18:30,0.0
01/10/2023 19:00,0.0
01/10/2023 19:30,0.0
01/10/2023 20:00,0.0
01/10/2023 20:30,0.0
01/10/2023 21:00,0.0
01/10/2023 21:30,0.0
01/10/2023 22:00,0.0
01/10/2023 22:30,0.0
01/10/2023 23:00,0.0
01/10/2023 23:30,0.0
01/11/2023 00:00,0.0
01/11/2023 00:30,0.0
01/11/2023 01:00,0.0
01/11/2023 01:30,0.0
01/11/2023 02:00,0.0
01/11/2023 02:30,0.0
01/11/2023 03:00,0.0
01/11/2023 03:30,0.0
01/11/2023 04:00,0.0
01/11/2023 04:30,0.0
01/11/2023 05:00,0.0
01/11/2023 05:30,0.0
01/11/2023 06:00,0.0
01/11/2023 06:30,0.0
01/11/2023 07:00,0.0
01/11/2023 07:30,0.0
01/11/2023 08:00,0.0
01/11/2023 08:30,0.0
01/11/2023 09:00,0.0
01/11/2023 09:30,0.0
01/11/2023 10:00,0.0
01/11/2023 10:30,0.0
01/11/2023 11:00,0.0
01/11/2023 11:30,0.0
01/11/2023 12:00,0.0
01/11/2023 12:30,0.0
01/11/2023 13:00,0.0
01/11/2023 13:30,0.0
01/11/2023 14:00,0.0
01/11/2023 14:30,0.0
01/11/2023 15:00,0.0
01/11/2023 15:30,0.0
01/11/2023 16:00,0.0
01/11/2023 16:30,0.0
01/11/2023 17:00,0.0
01/11/2023 17:30,0.0
01/11/2023 18:00,0.0
01/11/2023 18:30,0.0
01/11/2023 19:00,0.0
01/11/2023 19:30,0.0
01/11/2023 20:00,0.0
01/11/2023 20:30,0.0
01/11/2023 21:00,0.0
01/11/2023 21:30,0.0
01/11/2023 22:00,0.0
01/11/2023 22:30,0.0
01/11/2023 23:00,0.0
01/11/2023 23:30,0.0
01/12/2023 00:00,0.0
01/12/2023 00:30,0.0
01/12/2023 01:00,0.0
01/12/2023 01:30,0.0
01/12/2023 02:00,0.0
01/12/2023 02:30,0.0
01/12/2023 03:00,0.0
01/12/2023 03:30,0.0
01/12/2023 04:00,0.0
01/12/2023 04:30,0.0
01/12/2023 05:00,0.0
01/12/2023 05:30,0.0
01/12/2023 06:00,0.0
01/12/2023 06:30,0.0
01/12/2023 07:00,0.0
01/12/2023 07:30,0.0
01/12/2023 08:00,0.0
01/12/2023 08:30,0.0
01/12/2023 09:00,0.0
01/12/2023 09:30,0.0
01/12/2023 10:00,0.0
01/12/2023 10:30,0.0
01/12/2023 11:00,0.0
01/12/2023 11:30,0.0
01/12/2023 12:00,0.0
01/12/2023 12:30,0.0
01/12/2023 13:00,0.0
01/12/2023 13:30,0.0
01/12/2023 14:00,0.0
01/12/2023 14:30,0.0
01/12/2023 15:00,0.0
01/12/2023 15:30,0.0
01/12/2023 16:00,0.0
01/12/2023 16:30,0.0
01/12/2023 17:00,0.0
01/12/2023 17:30,0.0
01/12/2023 18:00,0.0
01/12/2023 18:30,0.0
01/12/2023 19:00,0.0
01/12/2023 19:30,0.0
01/12/2023 20:00,0.0
01/12/2023 20:30,0.0
01/12/2023 21:00,0.0
01/12/2023 21:30,0.0
01/12/2023 22:00,0.0
01/12/2023 22:30,0.0
01/12/2023 23:00,0.0
01/12/2023 23:30,0.0
01/13/2023 00:00,0.0
01/13/2023 00:30,0.0
01/13/2023 01:00,0.0
01/13/2023 01:30,0.0
01/13/2023 02:00,0.0
01/13/2023 02:30,0.0
01/13/2023 03:00,0.0
01/13/2023 03:30,0.0
01/13/2023 04:00,0.0
01/13/2023 04:30,0.0
01/13/2023 05:00,0.0
01/13/2023 05:30,0.0
01/13/2023 06:00,0.0
01/13/2023 06:30,0.0
01/13/2023 07:00,0.0
01/13/2023 07:30,0.0
01/13/2023 08:00,0.0
01/13/2023 08:30,0.0
01/13/2023 09:00,0.0
01/13/2023 09:30,0.0
01/13/2023 10:00,0.0
01/13/2023 10:30,0.0
01/13/2023 11:00,0.0
01/13/2023 11:30,0.0
01/13/2023 12:00,0.0
01/13/2023 12:30,0.0
01/13/2023 13:00,0.0
01/13/2023 13:30,0.0
01/13/2023 14:00,0.0
01/13/2023 14:30,0.0
01/13/2023 15:00,0.0
01/13/2023 15:30,0.0
01/13/2023 16:00,0.0
01/13/2023 16:30,0.0
01/13/2023 17:00,0.0
01/13/2023 17:30,0.0
01/13/2023 18:00,0.0
01/13/2023 18:30,0.0
01/13/2023 19:00,0.0
01/13/2023 19:30,0.0
01/13/2023 20:00,0.0
01/13/2023 20:30,0.0
01/13/2023 21:00,0.0
01/13/2023 21:30,0.0
01/13/2023 22:00,0.0
01/13/2023 22:30,0.0
01/13/2023 23:00,0.0
01/13/2023 23:30,0.0
01/14/2023 00:00,0.0
01/14/2023 00:30,0.0
01/14/2023 01:00,0.0
01/14/2023 01:30,0.0
01/14/2023 02:00,0.0
01/14/2023 02:30,0.0
01/14/2023 03:00,0.0
01/14/2023 03:30,0.0
01/14/2023 04:00,0.0
01/14/2023 04:30,0.0
01/14/2023 05:00,0.0
01/14/2023 05:30,0.0
01/14/2023 06:00,0.0
01/14/2023 06:30,0.0
01/14/2023 07:00,0.0
01/14/2023 07:30,0.0
01/14/2023 08:00,0.0
01/14/2023 08:30,0.0
01/14/2023 09:00,0.0
01/14/2023 09:30,0.0
01/14/2023 10:00,0.0
01/14/2023 10:30,0.0
01/14/2023 11:00,0.0
01/14/2023 11:30,0.0
01/14/2023 12:00,0.0
01/14/2023 12:30,0.0
01/14/2023 13:00,0.0
01/14/2023 13:30,0.0
01/14/2023 14:00,0.0
01/14/2023 14:30,0.0
01/14/2023 15:00,0.0
01/14/2023 15:30,0.0
01/14/2023 16:00,0.0
01/14/2023 16:30,0.0
01/14/2023 17:00,0.0
01/14/2023 17:30,0.0
01/14/2023 18:00,0.0
01/14/2023 18:30,0.0
01/14/2023 19:00,0.0
01/14/2023 19:30,0.0
01/14/2023 20:00,0.0
01/14/2023 20:30,0.0
01/14/2023 21:00,0.0
01/14/2023 21:30,0.0
01/14/2023 22:00,0.0
01/14/2023 22:30,0.0
01/14/2023 23:00,0.0
01/14/2023 23:30,0.0
01/15/2023 00:00,0.0
01/15/2023 00:30,0.0
01/15/2023 01:00,0.0
01/15/2023 01:30,0.0
01/15/2023 02:00,0.0
01/15/2023 02:30,0.0
01/15/2023 03:00,0.0
01/15/2023 03:30,0.0
01/15/2023 04:00,0.0
01/15/2023 04:30,0.0
01/15/2023 05:00,0.0
01/15/2023 05:30,0.0
01/15/2023 06:00,0.0
01/15/2023 06:30,0.0
01/15/2023 07:00,0.0
01/15/2023 07:30,0.0
01/15/2023 08:00,0.0
01/15/2023 08:30,0.0
01/15/2023 09:00,0.0
01/15/2023 09:30,0.0
01/15/2023 10:00,0.0
01/15/2023 10:30,0.0
01/15/2023 11:00,0.0
01/15/2023 11:30,0.0
01/15/2023 12:00,0.0
01/15/2023 12:30,0.0
01/15/2023 13:00,0.0
01/15/2023 13:30,0.0
01/15/2023 14:00,0.0
01/15/2023 14:30,0.0
01/15/2023 15:00,0.0
01/15/2023 15:30,0.0
01/15/2023 16:00,0.0
01/15/2023 16:30,0.0
01/15/2023 17:00,0.0
01/15/2023 17:30,0.0
01/15/2023 18:00,0.0
01/15/2023 18:30,0.0
01/15/2023 19:00,0.0
01/15/2023 19:30,0.0
01/15/2023 20:00,0.0
01/15/2023 20:30,0.0
01/15/2023 21:00,0.0
01/15/2023 21:30,0.0
01/15/2023 22:00,0.0
01/15/2023 22:30,0.0
01/15/2023 23:00,0.0
01/15/2023 23:30,0.0
01/16/2023 00:00,0.0
01/16/2023 00:30,0.0
01/16/2023 01:00,0.0
01/16/2023 01:30,0.0
01/16/2023 02:00,0.0
01/16/2023 02:30,0.0
01/16/2023 03:00,0.0
01/16/2023 03:30,0.0
01/16/2023 04:00,0.0
01/16/2023 04:30,0.0
01/16/2023 05:00,0.0
01/16/2023 05:30,0.0
01/16/2023 06:00,0.0
01/16/2023 06:30,0.0
01/16/2023 07:00,0.0
01/16/2023 07:30,0.0
01/16/2023 08:00,0.0
01/16/2023 08:30,0.0
01/16/2023 09:00,0.0
01/16/2023 09:30,0.0
01/16/2023 10:00,0.0
01/16/2023 10:30,0.0
01/16/2023 11:00,0.0
01/16/2023 11:30,0.0
01/16/2023 12:00,0.0
01/16/2023 12:30,0.0
01/16/2023 13:00,0.0
01/16/2023 13:30,0.0
01/16/2023 14:00,0.0
01/16/2023 14:30,0.0
01/16/2023 15:00,0.0
01/16/2023 15:30,0.0
01/16/2023 16:00,0.0
01/16/2023 16:30,0.0
01/16/2023 17:00,0.0
01/16/2023 17:30,0.0
01/16/2023 18:00,0.0
01/16/2023 18:30,0.0
01/16/2023 19:00,0.0
01/16/2023 19:30,0.0
01/16/2023 20:00,0.0
01/16/2023 20:30,0.0
01/16/2023 21:00,0.0
01/16/2023 21:30,0.0
01/16/2023 22:00,0.0
01/16/2023 22:30,0.0
01/16/2023 23:00,0.0
01/16/2023 23:30,0.0
01/17/2023 00:00,0.0
01/17/2023 00:30,0.0
01/17/2023 01:00,0.0
01/17/2023 01:30,0.0
01/17/2023 02:00,0.0
01/17/2023 02:30,0.0
01/17/2023 03:00,0.0
01/17/2023 03:30,0.0
01/17/2023 04:00,0.0
01/17/2023 04:30,0.0
01/17/2023 05:00,0.0
01/17/2023 05:30,0.0
01/17/2023 06:00,0.0
01/17/2023 06:30,0.0
01/17/2023 07:00,0.0
01/17/2023 07:30,0.0
01/17/2023 08:00,0.0
01/17/2023 08:30,0.0
01/17/2023 09:00,0.0
01/17/2023 09:30,0.0
01/17/2023 10:00,0.0
01/17/2023 10:30,0.0
01/17/2023 11:00,0.0
01/17/2023 11:30,0.0
01/17/2023 12:00,0.0
01/17/2023 12:30,0.0
01/17/2023 13:00,0.0
01/17/2023 13:30,0.0
01/17/2023 14:00,0.0
01/17/2023 14:30,0.0
01/17/2023 15:00,0.0
01/17/2023 15:30,0.0
01/17/2023 16:00,0.0
01/17/2023 16:30,0.0
01/17/2023 17:00,0.0
01/17/2023 17:30,0.0
01/17/2023 18:00,0.0
01/17/2023 18:30,0.0
01/17/2023 19:00,0.0
01/17/2023 19:30,0.0
01/17/2023 20:00,0.0
01/17/2023 20:30,0.0
01/17/2023 21:00,0.0
01/17/2023 21:30,0.0
01/17/2023 22:00,0.0
01/17/2023 22:30,0.0
01/17/2023 23:00,0.0
01/17/2023 23:30,0.0
01/18/2023 00:00,0.0
01/18/2023 00:30,0.0
01/18/2023 01:00,0.0
01/18/2023 01:30,0.0
01/18/2023 02:00,0.0
01/18/2023 02:30,0.0
01/18/2023 03:00,0.0
01/18/2023 03:30,0.0
01/18/2023 04:00,0.0
01/18/2023 04:30,0.0
01/18/2023 05:00,0.0
01/18/2023 05:30,0.0
01/18/2023 06:00,0.0
01/18/2023 06:30,0.0
01/18/2023 07:00,0.0
01/18/2023 07:30,0.0
01/18/2023 08:00,0.0
01/18/2023 08:30,0.0
01/18/2023 09:00,0.0
01/18/2023 09:30,0.0
01/18/2023 10:00,0.0
01/18/2023 10:30,0.0
01/18/2023 11:00,0.0
01/18/2023 11:30,0.0
01/18/2023 12:00,0.0
01/18/2023 12:30,0.0
01/18/2023 13:00,0.0
01/18/2023 13:30,0.0
01/18/2023 14:00,0.0
01/18/2023 14:30,0.0
01/18/2023 15:00,0.0
01/18/2023 15:30,0.0
01/18/2023 16:00,0.0
01/18/2023 16:30,0.0
01/18/2023 17:00,0.0
01/18/2023 17:30,0.0
01/18/2023 18:00,0.0
01/18/2023 18:30,0.0
01/18/2023 19:00,0.0
01/18/2023 19:30,0.0
01/18/2023 20:00,0.0
01/18/2023 20:30,0.0
01/18/2023 21:00,0.0
01/18/2023 21:30,0.0
01/18/2023 22:00,0.0
01/18/2023 22:30,0.0
01/18/2023 23:00,0.0
01/18/2023 23:30,0.0
01/19/2023 00:00,0.0
01/19/2023 00:30,0.0
01/19/2023 01:00,0.0
01/19/2023 01:30,0.0
01/19/2023 02:00,0.0
01/19/2023 02:30,0.0
01/19/2023 03:00,0.0
01/19/2023 03:30,0.0
01/19/2023 04:00,0.0
01/19/2023 04:30,0.0
01/19/2023 05:00,0.0
01/19/2023 05:30,0.0
01/19/2023 06:00,0.0
01/19/2023 06:30,0.0
01/19/2023 07:00,0.0
01/19/2023 07:30,0.0
01/19/2023 08:00,0.0
01/19/2023 08:30,0.0
01/19/2023 09:00,0.0
01/19/2023 09:30,0.0
01/19/2023 10:00,0.0
01/19/2023 10:30,0.0
01/19/2023 11:00,0.0
01/19/2023 11:30,0.0
01/19/2023 12:00,0.0
01/19/2023 12:30,0.0
01/19/2023 13:00,0.0
01/19/2023 13:30,0.0
01/19/2023 14:00,0.0
01/19/2023 14:30,0.0
01/19/2023 15:00,0.0
01/19/2023 15:30,0.0
01/19/2023 16:00,0.0
01/19/2023 16:30,0.0
01/19/2023 17:00,0.0
01/19/2023 17:30,0.0
01/19/2023 18:00,0.0
01/19/2023 18:30,0.0
01/19/2023 19:00,0.0
01/19/2023 19:30,0.0
01/19/2023 20:00,0.0
01/19/2023 20:30,0.0
01/19/2023 21:00,0.0
01/19/2023 21:30,0.0
01/19/2023 22:00,0.0
01/19/2023 22:30,0.0
01/19/2023 23:00,0.0
01/19/2023 23:30,0.0
01/20/2023 00:00,0.0
01/20/2023 00:30,0.0
01/20/2023 01:00,0.0
01/20/2023 01:30,0.0
01/20/2023 02:00,0.0
01/20/2023 02:30,0.0
01/20/2023 03:00,0.0
01/20/2023 03:30,0.0
01/20/2023 04:00,0.0
01/20/2023 04:30,0.0
01/20/2023 05:00,0.0
01/20/2023 05:30,0.0
01/20/2023 06:00,0.0
01/20/2023 06:30,0.0
01/20/2023 07:00,0.0
01/20/2023 07:30,0.0
01/20/2023 08:00,0.0
01/20/2023 08:30,0.0
01/20/2023 09:00,0.0
01/20/2023 09:30,0.0
01/20/2023 10:00,0.0
01/20/2023 10:30,0.0
01/20/2023 11:00,0.0
01/20/2023 11:30,0.0
01/20/2023 12:00,0.0
01/20/2023 12:30,0.0
01/20/2023 13:00,0.0
01/20/2023 13:30,0.0
01/20/2023 14:00,0.0
01/20/2023 14:30,0.0
01/20/2023 15:00,0.0
01/20/2023 15:30,0.0
01/20/2023 16:00,0.0
01/20/2023 16:30,0.0
01/20/2023 17:00,0.0
01/20/2023 17:30,0.0
01/20/2023 18:00,0.0
01/20/2023 18:30,0.0
01/20/2023 19:00,0.0
01/20/2023 19:30,0.0
01/20/2023 20:00,0.0
01/20/2023 20:30,0.0
01/20/2023 21:00,0.0
01/20/2023 21:30,0.0
01/20/2023 22:00,0.0
01/20/2023 22:30,0.0
01/20/2023 23:00,0.0
01/20/2023 23:30,0.0
01/21/2023 00:00,0.0
01/21/2023 00:30,0.0
01/21/2023 01:00,0.0
01/21/2023 01:30,0.0
01/21/2023 02:00,0.0
01/21/2023 02:30,0.0
01/21/2023 03:00,0.0
01/21/2023 03:30,0.0
01/21/2023 04:00,0.0
01/21/2023 04:30,0.0
01/21/2023 05:00,0.0
01/21/2023 05:30,0.0
01/21/2023 06:00,0.0
01/21/2023 06:30,0.0
01/21/2023 07:00,0.0
01/21/2023 07:30,0.0
01/21/2023 08:00,0.0
01/21/2023 08:30,0.0
01/21/2023 09:00,0.0
01/21/2023 09:30,0.0
01/21/2023 10:00,0.0
01/21/2023 10:30,0.0
01/21/2023 11:00,0.0
01/21/2023 11:30,0.0
01/21/2023 12:00,0.0
01/21/2023 12:30,0.0
01/21/2023 13:00,0.0
01/21/2023 13:30,0.0
01/21/2023 14:00,0.0
01/21/2023 14:30,0.0
01/21/2023 15:00,0.0
01/21/2023 15:30,0.0
01/21/2023 16:00,0.0
01/21/2023 16:30,0.0
01/21/2023 17:00,0.0
01/21/2023 17:30,0.0
01/21/2023 18:00,0.0
01/21/2023 18:30,0.0
01/21/2023 19:00,0.0
01/21/2023 19:30,0.0
01/21/2023 20:00,0.0
01/21/2023 20:30,0.0
01/21/2023 21:00,0.0
01/21/2023 21:30,0.0
01/21/2023 22:00,0.0
01/21/2023 22:30,0.0
01/21/2023 23:00,0.0
01/21/2023 23:30,0.0
01/22/2023 00:00,0.0
01/22/2023 00:30,0.0
01/22/2023 01:00,0.0
01/22/2023 01:30,0.0
01/22/2023 02:00,0.0
01/22/2023 02:30,0.0
01/22/2023 03:00,0.0
01/22/2023 03:30,0.0
01/22/2023 04:00,0.0
01/22/2023 04:30,0.0
01/22/2023 05:00,0.0
01/22/2023 05:30,0.0
01/22/2023 06:00,0.0
01/22/2023 06:30,0.0
01/22/2023 07:00,0.0
01/22/2023 07:30,0.0
01/22/2023 08:00,0.0
01/22/2023 08:30,0.0
01/22/2023 09:00,0.0
01/22/2023 09:30,0.0
01/22/2023 10:00,0.0
01/22/2023 10:30,0.0
01/22/2023 11:00,0.0
01/22/2023 11:30,0.0
01/22/2023 12:00,0.0
01/22/2023 12:30,0.0
01/22/2023 13:00,0.0
01/22/2023 13:30,0.0
01/22/2023 14:00,0.0
01/22/2023 14:30,0.0
01/22/2023 15:00,0.0
01/22/2023 15:30,0.0
01/22/2023 16:00,0.0
01/22/2023 16:30,0.0
01/22/2023 17:00,0.0
01/22/2023 17:30,0.0
01/22/2023 18:00,0.0
01/22/2023 18:30,0.0
01/22/2023 19:00,0.0
01/22/2023 19:30,0.0
01/22/2023 20:00,0.0
01/22/2023 20:30,0.0
01/22/2023 21:00,0.0
01/22/2023 21:30,0.0
01/22/2023 22:00,0.0
01/22/2023 22:30,0.0
01/22/2023 23:00,0.0
01/22/2023 23:30,0.0
01/23/2023 00:00,0.0
01/23/2023 00:30,0.0
01/23/2023 01:00,0.0
01/23/2023 01:30,0.0
01/23/2023 02:00,0.0
01/23/2023 02:30,0.0
01/23/2023 03:00,0.0
01/23/2023 03:30,0.0
01/23/2023 04:00,0.0
01/23/2023 04:30,0.0
01/23/2023 05:00,0.0
01/23/2023 05:30,0.0
01/23/2023 06:00,0.0
01/23/2023 06:30,0.0
01/23/2023 07:00,0.0
01/23/2023 07:30,0.0
01/23/2023 08:00,0.0
01/23/2023 08:30,0.0
01/23/2023 09:00,0.0
01/23/2023 09:30,0.0
01/23/2023 10:00,0.0
01/23/2023 10:30,0.0
01/23/2023 11:00,0.0
01/23/2023 11:30,0.0
01/23/2023 12:00,0.0
01/23/2023 12:30,0.0
01/23/2023 13:00,0.0
01/23/2023 13:30,0.0
01/23/2023 14:00,0.0
01/23/2023 14:30,0.0
01/23/2023 15:00,0.0
01/23/2023 15:30,0.0
01/23/2023 16:00,0.0
01/23/2023 16:30,0.0
01/23/2023 17:00,0.0
01/23/2023 17:30,0.0
01/23/2023 18:00,0.0
01/23/2023 18:30,0.0
01/23/2023 19:00,0.0
01/23/2023 19:30,0.0
01/23/2023 20:00,0.0
01/23/2023 20:30,0.0
01/23/2023 21:00,0.0
01/23/2023 21:30,0.0
01/23/2023 22:00,0.0
01/23/2023 22:30,0.0
01/23/2023 23:00,0.0
01/23/2023 23:30,0.0
01/24/2023 00:00,0.0
01/24/2023 00:30,0.0
01/24/2023 01:00,0.0
01/24/2023 01:30,0.0
01/24/2023 02:00,0.0
01/24/2023 02:30,0.0
01/24/2023 03:00,0.0
01/24/2023 03:30,0.0
01/24/2023 04:00,0.0
01/24/2023 04:30,0.0
01/24/2023 05:00,0.0
01/24/2023 05:30,0.0
01/24/2023 06:00,0.0
01/24/2023 06:30,0.0
01/24/2023 07:00,0.0
01/24/2023 07:30,0.0
01/24/2023 08:00,0.0
01/24/2023 08:30,0.0
01/24/2023 09:00,0.0
01/24/2023 09:30,0.0
01/24/2023 10:00,0.0
01/24/2023 10:30,0.0
01/24/2023 11:00,0.0
01/24/2023 11:30,0.0
01/24/2023 12:00,0.0
01/24/2023 12:30,0.0
01/24/2023 13:00,0.0
01/24/2023 13:30,0.0
01/24/2023 14:00,0.0
01/24/2023 14:30,0.0
01/24/2023 15:00,0.0
01/24/2023 15:30,0.0
01/24/2023 16:00,0.0
01/24/2023 16:30,0.0
01/24/2023 17:00,0.0
01/24/2023 17:30,0.0
01/24/2023 18:00,0.0
01/24/2023 18:30,0.0
01/24/2023 19:00,0.0
01/24/2023 19:30,0.0
01/24/2023 20:00,0.0
01/24/2023 20:30,0.0
01/24/2023 21:00,0.0
01/24/2023 21:30,0.0
01/24/2023 22:00,0.0
01/24/2023 22:30,0.0
01/24/2023 23:00,0.0
01/24/2023 23:30,0.0
01/25/2023 00:00,0.0
01/25/2023 00:30,0.0
01/25/2023 01:00,0.0
01/25/2023 01:30,0.0
01/25/2023 02:00,0.0
01/25/2023 02:30,0.0
01/25/2023 03:00,0.0
01/25/2023 03:30,0.0
01/25/2023 04:00,0.0
01/25/2023 04:30,0.0
01/25/2023 05:00,0.0
01/25/2023 05:30,0.0
01/25/2023 06:00,0.0
01/25/2023 06:30,0.0
01/25/2023 07:00,0.0
01/25/2023 07:30,0.0
01/25/2023 08:00,0.0
01/25/2023 08:30,0.0
01/25/2023 09:00,0.0
01/25/2023 09:30,0.0
01/25/2023 10:00,0.0
01/25/2023 10:30,0.0
01/25/2023 11:00,0.0
01/25/2023 11:30,0.0
01/25/2023 12:00,0.0
01/25/2023 12:30,0.0
01/25/2023 13:00,0.0
01/25/2023 13:30,0.0
01/25/2023 14:00,0.0
01/25/2023 14:30,0.0
01/25/2023 15:00,0.0
01/25/2023 15:30,0.0
01/25/2023 16:00,0.0
01/25/2023 16:30,0.0
01/25/2023 17:00,0.0
01/25/2023 17:30,0.0
01/25/2023 18:00,0.0
01/25/2023 18:30,0.0
01/25/2023 19:00,0.0
01/25/2023 19:30,0.0
01/25/2023 20:00,0.0
01/25/2023 20:30,0.0
01/25/2023 21:00,0.0
01/25/2023 21:30,0.0
01/25/2023 22:00,0.0
01/25/2023 22:30,0.0
01/25/2023 23:00,0.0
01/25/2023 23:30,0.0
01/26/2023 00:00,0.0
01/26/2023 00:30,0.0
01/26/2023 01:00,0.0
01/26/2023 01:30,0.0
01/26/2023 02:00,0.0
01/26/2023 02:30,0.0
01/26/2023 03:00,0.0
01/26/2023 03:30,0.0
01/26/2023 04:00,0.0
01/26/2023 04:30,0.0
01/26/2023 05:00,0.0
01/26/2023 05:30,0.0
01/26/2023 06:00,0.0
01/26/2023 06:30,0.0
01/26/2023 07:00,0.0
01/26/2023 07:30,0.0
01/26/2023 08:00,0.0
01/26/2023 08:30,0.0
01/26/2023 09:00,0.0
01/26/2023 09:30,0.0
01/26/2023 10:00,0.0
01/26/2023 10:30,0.0
01/26/2023 11:00,0.0
01/26/2023 11:30,0.0
01/26/2023 12:00,0.0
01/26/2023 12:30,0.0
01/26/2023 13:00,0.0
01/26/2023 13:30,0.0
01/26/2023 14:00,0.0
01/26/2023 14:30,0.0
01/26/2023 15:00,0.0
01/26/2023 15:30,0.0
01/26/2023 16:00,0.0
01/26/2023 16:30,0.0
01/26/2023 17:00,0.0
01/26/2023 17:30,0.0
01/26/2023 18:00,0.0
01/26/2023 18:30,0.0
01/26/2023 19:00,0.0
01/26/2023 19:30,0.0
01/26/2023 20:00,0.0
01/26/2023 20:30,0.0
01/26/2023 21:00,0.0
01/26/2023 21:30,0.0
01/26/2023 22:00,0.0
01/26/2023 22:30,0.0
01/26/2023 23:00,0.0
01/26/2023 23:30,0.0
01/27/2023 00:00,0.0
01/27/2023 00:30,0.0
01/27/2023 01:00,0.0
01/27/2023 01:30,0.0
01/27/2023 02:00,0.0
01/27/2023 02:30,0.0
01/27/2023 03:00,0.0
01/27/2023 03:30,0.0
01/27/2023 04:00,0.0
01/27/2023 04:30,0.0
01/27/2023 05:00,0.0
01/27/2023 05:30,0.0
01/27/2023 06:00,0.0
01/27/2023 06:30,0.0
01/27/2023 07:00,0.0
01/27/2023 07:30,0.0
01/27/2023 08:00,0.0
01/27/2023 08:30,0.0
01/27/2023 09:00,0.0
01/27/2023 09:30,0.0
01/27/2023 10:00,0.0
01/27/2023 10:30,0.0
01/27/2023 11:00,0.0
01/27/2023 11:30,0.0
01/27/2023 12:00,0.0
01/27/2023 12:30,0.0
01/27/2023 13:00,0.0
01/27/2023 13:30,0.0
01/27/2023 14:00,0.0
01/27/2023 14:30,0.0
01/27/2023 15:00,0.0
01/27/2023 15:30,0.0
01/27/2023 16:00,0.0
01/27/2023 16:30,0.0
01/27/2023 17:00,0.0
01/27/2023 17:30,0.0
01/27/2023 18:00,0.0
01/27/2023 18:30,0.0
01/27/2023 19:00,0.0
01/27/2023 19:30,0.0
01/27/2023 20:00,0.0
01/27/2023 20:30,0.0
01/27/2023 21:00,0.0
01/27/2023 21:30,0.0
01/27/2023 22:00,0.0
01/27/2023 22:30,0.0
01/27/2023 23:00,0.0
01/27/2023 23:30,0.0
01/28/2023 00:00,0.0
01/28/2023 00:30,0.0
01/28/2023 01:00,0.0
01/28/2023 01:30,0.0
01/28/2023 02:00,0.0
01/28/2023 02:30,0.0
01/28/2023 03:00,0.0
01/28/2023 03:30,0.0
01/28/2023 04:00,0.0
01/28/2023 04:30,0.0
01/28/2023 05:00,0.0
01/28/2023 05:30,0.0
01/28/2023 06:00,0.0
01/28/2023 06:30,0.0
01/28/2023 07:00,0.0
01/28/2023 07:30,0.0
01/28/2023 08:00,0.0
01/28/2023 08:30,0.0
01/28/2023 09:00,0.0
01/28/2023 09:30,0.0
01/28/2023 10:00,0.0
01/28/2023 10:30,0.0
01/28/2023 11:00,0.0
01/28/2023 11:30,0.0
01/28/2023 12:00,0.0
01/28/2023 12:30,0.0
01/28/2023 13:00,0.0
01/28/2023 13:30,0.0
01/28/2023 14:00,0.0
01/28/2023 14:30,0.0
01/28/2023 15:00,0.0
01/28/2023 15:30,0.0
01/28/2023 16:00,0.0
01/28/2023 16:30,0.0
01/28/2023 17:00,0.0
01/28/2023 17:30,0.0
01/28/2023 18:00,0.0
01/28/2023 18:30,0.0
01/28/2023 19:00,0.0
01/28/2023 19:30,0.0
01/28/2023 20:00,0.0
01/28/2023 20:30,0.0
01/28/2023 21:00,0.0
01/28/2023 21:30,0.0
01/28/2023 22:00,0.0
01/28/2023 22:30,0.0
01/28/2023 23:00,0.0
01/28/2023 23:30,0.0
01/29/2023 00:00,0.0
01/29/2023 00:30,0.0
01/29/2023 01:00,0.0
01/29/2023 01:30,0.0
01/29/2023 02:00,0.0
01/29/2023 02:30,0.0
01/29/2023 03:00,0.0
01/29/2023 03:30,0.0
01/29/2023 04:00,0.0
01/29/2023 04:30,0.0
01/29/2023 05:00,0.0
01/29/2023 05:30,0.0
01/29/2023 06:00,0.0
01/29/2023 06:30,0.0
01/29/2023 07:00,0.0
01/29/2023 07:30,0.0
01/29/2023 08:00,0.0
01/29/2023 08:30,0.0
01/29/2023 09:00,0.0
01/29/2023 09:30,0.0
01/29/2023 10:00,0.0
01/29/2023 10:30,0.0
01/29/2023 11:00,0.0
01/29/2023 11:30,0.0
01/29/2023 12:00,0.0
01/29/2023 12:30,0.0
01/29/2023 13:00,0.0
01/29/2023 13:30,0.0
01/29/2023 14:00,0.0
01/29/2023 14:30,0.0
01/29/2023 15:00,0.0
01/29/2023 15:30,0.0
01/29/2023 16:00,0.0
01/29/2023 16:30,0.0
01/29/2023 17:00,0.0
01/29/2023 17:30,0.0
01/29/2023 18:00,0.0
01/29/2023 18:30,0.0
01/29/2023 19:00,0.0
01/29/2023 19:30,0.0
01/29/2023 20:00,0.0
01/29/2023 20:30,0.0
01/29/2023 21:00,0.0
01/29/2023 21:30,0.0
01/29/2023 22:00,0.0
01/29/2023 22:30,0.0
01/29/2023 23:00,0.0
01/29/2023 23:30,0.0
01/30/2023 00:00,0.0
01/30/2023 00:30,0.0
01/30/2023 01:00,0.0
01/30/2023 01:30,0.0
01/30/2023 02:00,0.0
01/30/2023 02:30,0.0
01/30/2023 03:00,0.0
01/30/2023 03:30,0.0
01/30/2023 04:00,0.0
01/30/2023 04:30,0.0
01/30/2023 05:00,0.0
01/30/2023 05:30,0.0
01/30/2023 06:00,0.0
01/30/2023 06:30,0.0
01/30/2023 07:00,0.0
01/30/2023 07:30,0.0
01/30/2023 08:00,0.0
01/30/2023 08:30,0.0
01/30/2023 09:00,0.0
01/30/2023 09:30,0.0
01/30/2023 10:00,0.0
01/30/2023 10:30,0.0
01/30/2023 11:00,0.0
01/30/2023 11:30,0.0
01/30/2023 12:00,0.0
01/30/2023 12:30,0.0
01/30/2023 13:00,0.0
01/30/2023 13:30,0.0
01/30/2023 14:00,0.0
01/30/2023 14:30,0.0
01/30/2023 15:00,0.0
01/30/2023 15:30,0.0
01/30/2023 16:00,0.0
01/30/2023 16:30,0.0
01/30/2023 17:00,0.0
01/30/2023 17:30,0.0
01/30/2023 18:00,0.0
01/30/2023 18:30,0.0
01/30/2023 19:00,0.0
01/30/2023 19:30,0.0
01/30/2023 20:00,0.0
01/30/2023 20:30,0.0
01/30/2023 21:00,0.0
01/30/2023 21:30,0.0
01/30/2023 22:00,0.0
01/30/2023 22:30,0.0
01/30/2023 23:00,0.0
01/30/2023 23:30,0.0
01/31/2023 00:00,0.0
01/31/2023 00:30,0.0
01/31/2023 01:00,0.0
01/31/2023 01:30,0.0
01/31/2023 02:00,0.0
01/31/2023 02:30,0.0
01/31/2023 03:00,0.0
01/31/2023 03:30,0.0
01/31/2023 04:00,0.0
01/31/2023 04:30,0.0
01/31/2023 05:00,0.0
01/31/2023 05:30,0.0
01/31/2023 06:00,0.0
01/31/2023 06:30,0.0
01/31/2023 07:00,0.0
01/31/2023 07:30,0.0
01/31/2023 08:00,0.0
01/31/2023 08:30,0.0
01/31/2023 09:00,0.0
01/31/2023 09:30,0.0
01/31/2023 10:00,0.0
01/31/2023 10:30,0.0
01/31/2023 11:00,0.0
01/31/2023 11:30,0.0
01/31/2023 12:00,0.0
01/31/2023 12:30,0.0
01/31/2023 13:00,0.0
01/31/2023 13:30,0.0
01/31/2023 14:00,0.0
01/31/2023 14:30,0.0
01/31/2023 15:00,0.0
01/31/2023 15:30,0.0
01/31/2023 16:00,0.0
01/31/2023 16:30,0.0
01/31/2023 17:00,0.0
01/31/2023 17:30,0.0
01/31/2023 18:00,0.0
01/31/2023 18:30,0.0
01/31/2023 19:00,0.0
01/31/2023 19:30,0.0
01/31/2023 20:00,0.0
01/31/2023 20:30,0.0
01/31/2023 21:00,0.0
01/31/2023 21:30,0.0
01/31/2023 22:00,0.0
01/31/2023 22:30,0.0
01/31/2023 23:00,0.0
01/31/2023 23:30,0.0
02/01/2023 00:00,0.0
02/01/2023 00:30,0.0
02/01/2023 01:00,0.0
02/01/2023 01:30,0.0
02/01/2023 02:00,0.0
02/01/2023 02:30,0.0
02/01/2023 03:00,0.0
02/01/2023 03:30,0.0
02/01/2023 04:00,0.0
02/01/2023 04:30,0.0
02/01/2023 05:00,0.0
02/01/2023 05:30,0.0
02/01/2023 06:00,0.0
02/01/2023 06:30,0.0
02/01/2023 07:00,0.0
02/01/2023 07:30,0.0
02/01/2023 08:00,0.0
02/01/2023 08:30,0.0
02/01/2023 09:00,0.0
02/01/2023 09:30,0.0
02/01/2023 10:00,0.0
02/01/2023 10:30,0.0
02/01/2023 11:00,0.0
02/01/2023 11:30,0.0
02/01/2023 12:00,0.0
02/01/2023 12:30,0.0
02/01/2023 13:00,0.0
02/01/2023 13:30,0.0
02/01/2023 14:00,0.0
02/01/2023 14:30,0.0
02/01/2023 15:00,0.0
02/01/2023 15:30,0.0
02/01/2023 16:00,0.0
02/01/2023 16:30,0.0
02/01/2023 17:00,0.0
02/01/2023 17:30,0.0
02/01/2023 18:00,0.0
02/01/2023 18:30,0.0
02/01/2023 19:00,0.0
02/01/2023 19:30,0.0
02/01/2023 20:00,0.0
02/01/2023 20:30,0.0
02/01/2023 21:00,0.0
02/01/2023 21:30,0.0
02/01/2023 22:00,0.0
02/01/2023 22:30,0.0
02/01/2023 23:00,0.0
02/01/2023 23:30,0.0
02/02/2023 00:00,0.0
02/02/2023 00:30,0.0
02/02/2023 01:00,0.0
02/02/2023 01:30,0.0
02/02/2023 02:00,0.0
02/02/2023 02:30,0.0
02/02/2023 03:00,0.0
02/02/2023 03:30,0.0
02/02/2023 04:00,0.0
02/02/2023 04:30,0.0
02/02/2023 05:00,0.0
02/02/2023 05:30,0.0
02/02/2023 06:00,0.0
02/02/2023 06:30,0.0
02/02/2023 07:00,0.0
02/02/2023 07:30,0.0
02/02/2023 08:00,0.0
02/02/2023 08:30,0.0
02/02/2023 09:00,0.0
02/02/2023 09:30,0.0
02/02/2023 10:00,0.0
02/02/2023 10:30,0.0
02/02/2023 11:00,0.0
02/02/2023 11:30,0.0
02/02/2023 12:00,0.0
02/02/2023 12:30,0.0
02/02/2023 13:00,0.0
02/02/2023 13:30,0.0
02/02/2023 14:00,0.0
02/02/2023 14:30,0.0
02/02/2023 15:00,0.0
02/02/2023 15:30,0.0
02/02/2023 16:00,0.0
02/02/2023 16:30,0.0
02/02/2023 17:00,0.0
02/02/2023 17:30,0.0
02/02/2023 18:00,0.0
02/02/2023 18:30,0.0
02/02/2023 19:00,0.0
02/02/2023 19:30,0.0
02/02/2023 20:00,0.0
02/02/2023 20:30,0.0
02/02/2023 21:00,0.0
02/02/2023 21:30,0.0
02/02/2023 22:00,0.0
02/02/2023 22:30,0.0
02/02/2023 23:00,0.0
02/02/2023 23:30,0.0
02/03/2023 00:00,0.0
02/03/2023 00:30,0.0
02/03/2023 01:00,0.0
02/03/2023 01:30,0.0
02/03/2023 02:00,0.0
02/03/2023 02:30,0.0
02/03/2023 03:00,0.0
02/03/2023 03:30,0.0
02/03/2023 04:00,0.0
02/03/2023 04:30,0.0
02/03/2023 05:00,0.0
02/03/2023 05:30,0.0
02/03/2023 06:00,0.0
02/03/2023 06:30,0.0
02/03/2023 07:00,0.0
02/03/2023 07:30,0.0
02/03/2023 08:00,0.0
02/03/2023 08:30,0.0
02/03/2023 09:00,0.0
02/03/2023 09:30,0.0
02/03/2023 10:00,0.0
02/03/2023 10:30,0.0
02/03/2023 11:00,0.0
02/03/2023 11:30,0.0
02/03/2023 12:00,0.0
02/03/2023 12:30,0.0
02/03/2023 13:00,0.0
02/03/2023 13:30,0.0
02/03/2023 14:00,0.0
02/03/2023 14:30,0.0
02/03/2023 15:00,0.0
02/03/2023 15:30,0.0
02/03/2023 16:00,0.0
02/03/2023 16:30,0.0
02/03/2023 17:00,0.0
02/03/2023 17:30,0.0
02/03/2023 18:00,0.0
02/03/2023 18:30,0.0
02/03/2023 19:00,0.0
02/03/2023 19:30,0.0
02/03/2023 20:00,0.0
02/03/2023 20:30,0.0
02/03/2023 21:00,0.0
02/03/2023 21:30,0.0
02/03/2023 22:00,0.0
02/03/2023 22:30,0.0
02/03/2023 23:00,0.0
02/03/2023 23:30,0.0
02/04/2023 00:00,0.0
02/04/2023 00:30,0.0
02/04/2023 01:00,0.0
02/04/2023 01:30,0.0
02/04/2023 02:00,0.0
02/04/2023 02:30,0.0
02/04/2023 03:00,0.0
02/04/2023 03:30,0.0
02/04/2023 04:00,0.0
02/04/2023 04:30,0.0
02/04/2023 05:00,0.0
02/04/2023 05:30,0.0
02/04/2023 06:00,0.0
02/04/2023 06:30,0.0
02/04/2023 07:00,0.0
02/04/2023 07:30,0.0
02/04/2023 08:00,0.0
02/04/2023 08:30,0.0
02/04/2023 09:00,0.0
02/04/2023 09:30,0.0
02/04/2023 10:00,0.0
02/04/2023 10:30,0.0
02/04/2023 11:00,0.0
02/04/2023 11:30,0.0
02/04/2023 12:00,0.0
02/04/2023 12:30,0.0
02/04/2023 13:00,0.0
02/04/2023 13:30,0.0
02/04/2023 14:00,0.0
02/04/2023 14:30,0.0
02/04/2023 15:00,0.0
02/04/2023 15:30,0.0
02/04/2023 16:00,0.0
02/04/2023 16:30,0.0
02/04/2023 17:00,0.0
02/04/2023 17:30,0.0
02/04/2023 18:00,0.0
02/04/2023 18:30,0.0
02/04/2023 19:00,0.0
02/04/2023 19:30,0.0
02/04/2023 20:00,0.0
02/04/2023 20:30,0.0
02/04/2023 21:00,0.0
02/04/2023 21:30,0.0
02/04/2023 22:00,0.0
02/04/2023 22:30,0.0
02/04/2023 23:00,0.0
02/04/2023 23:30,0.0
02/05/2023 00:00,0.0
02/05/2023 00:30,0.0
02/05/2023 01:00,0.0
02/05/2023 01:30,0.0
02/05/2023 02:00,0.0
02/05/2023 02:30,0.0
02/05/2023 03:00,0.0
02/05/2023 03:30,0.0
02/05/2023 04:00,0.0
02/05/2023 04:30,0.0
02/05/2023 05:00,0.0
02/05/2023 05:30,0.0
02/05/2023 06:00,0.0
02/05/2023 06:30,0.0
02/05/2023 07:00,0.0
02/05/2023 07:30,0.0
02/05/2023 08:00,0.0
02/05/2023 08:30,0.0
02/05/2023 09:00,0.0
02/05/2023 09:30,0.0
02/05/2023 10:00,0.0
02/05/2023 10:30,0.0
02/05/2023 11:00,0.0
02/05/2023 11:30,0.0
02/05/2023 12:00,0.0
02/05/2023 12:30,0.0
02/05/2023 13:00,0.0
02/05/2023 13:30,0.0
02/05/2023 14:00,0.0
02/05/2023 14:30,0.0
02/05/2023 15:00,0.0
02/05/2023 15:30,0.0
02/05/2023 16:00,0.0
02/05/2023 16:30,0.0
02/05/2023 17:00,0.0
02/05/2023 17:30,0.0
02/05/2023 18:00,0.0
02/05/2023 18:30,0.0
02/05/2023 19:00,0.0
02/05/2023 19:30,0.0
02/05/2023 20:00,0.0
02/05/2023 20:30,0.0
02/05/2023 21:00,0.0
02/05/2023 21:30,0.0
02/05/2023 22:00,0.0
02/05/2023 22:30,0.0
02/05/2023 23:00,0.0
02/05/2023 23:30,0.0
02/06/2023 00:00,0.0
02/06/2023 00:30,0.0
02/06/2023 01:00,0.0
02/06/2023 01:30,0.0
02/06/2023 02:00,0.0
02/06/2023 02:30,0.0
02/06/2023 03:00,0.0
02/06/2023 03:30,0.0
02/06/2023 04:00,0.0
02/06/2023 04:30,0.0
02/06/2023 05:00,0.0
02/06/2023 05:30,0.0
02/06/2023 06:00,0.0
02/06/2023 06:30,0.0
02/06/2023 07:00,0.0
02/06/2023 07:30,0.0
02/06/2023 08:00,0.0
02/06/2023 08:30,0.0
02/06/2023 09:00,0.0
02/06/2023 09:30,0.0
02/06/2023 10:00,0.0
02/06/2023 10:30,0.0
02/06/2023 11:00,0.0
02/06/2023 11:30,0.0
02/06/2023 12:00,0.0
02/06/2023 12:30,0.0
02/06/2023 13:00,0.0
02/06/2023 13:30,0.0
02/06/2023 14:00,0.0
02/06/2023 14:30,0.0
02/06/2023 15:00,0.0
02/06/2023 15:30,0.0
02/06/2023 16:00,0.0
02/06/2023 16:30,0.0
02/06/2023 17:00,0.0
02/06/2023 17:30,0.0
02/06/2023 18:00,0.0
02/06/2023 18:30,0.0
02/06/2023 19:00,0.0
02/06/2023 19:30,0.0
02/06/2023 20:00,0.0
02/06/2023 20:30,0.0
02/06/2023 21:00,0.0
02/06/2023 21:30,0.0
02/06/2023 22:00,0.0
02/06/2023 22:30,0.0
02/06/2023 23:00,0.0
02/06/2023 23:30,0.0
02/07/2023 00:00,0.0
02/07/2023 00:30,0.0
02/07/2023 01:00,0.0
02/07/2023 01:30,0.0
02/07/2023 02:00,0.0
02/07/2023 02:30,0.0
02/07/2023 03:00,0.0
02/07/2023 03:30,0.0
02/07/2023 04:00,0.0
02/07/2023 04:30,0.0
02/07/2023 05:00,0.0
02/07/2023 05:30,0.0
02/07/2023 06:00,0.0
02/07/2023 06:30,0.0
02/07/2023 07:00,0.0
02/07/2023 07:30,0.0
02/07/2023 08:00,0.0
02/07/2023 08:30,0.0
02/07/2023 09:00,0.0
02/07/2023 09:30,0.0
02/07/2023 10:00,0.0
02/07/2023 10:30,0.0
02/07/2023 11:00,0.0
02/07/2023 11:30,0.0
02/07/2023 12:00,0.0
02/07/2023 12:30,0.0
02/07/2023 13:00,0.0
02/07/2023 13:30,0.0
02/07/2023 14:00,0.0
02/07/2023 14:30,0.0
02/07/2023 15:00,0.0
02/07/2023 15:30,0.0
02/07/2023 16:00,0.0
02/07/2023 16:30,0.0
02/07/2023 17:00,0.0
02/07/2023 17:30,0.0
02/07/2023 18:00,0.0
02/07/2023 18:30,0.0
02/07/2023 19:00,0.0
02/07/2023 19:30,0.0
02/07/2023 20:00,0.0
02/07/2023 20:30,0.0
02/07/2023 21:00,0.0
02/07/2023 21:30,0.0
02/07/2023 22:00,0.0
02/07/2023 22:30,0.0
02/07/2023 23:00,0.0
02/07/2023 23:30,0.0
02/08/2023 00:00,0.0
02/08/2023 00:30,0.0
02/08/2023 01:00,0.0
02/08/2023 01:30,0.0
02/08/2023 02:00,0.0
02/08/2023 02:30,0.0
02/08/2023 03:00,0.0
02/08/2023 03:30,0.0
02/08/2023 04:00,0.0
02/08/2023 04:30,0.0
02/08/2023 05:00,0.0
02/08/2023 05:30,0.0
02/08/2023 06:00,0.0
02/08/2023 06:30,0.0
02/08/2023 07:00,0.0
02/08/2023 07:30,0.0
02/08/2023 08:00,0.0
02/08/2023 08:30,0.0
02/08/2023 09:00,0.0
02/08/2023 09:30,0.0
02/08/2023 10:00,0.0
02/08/2023 10:30,0.0
02/08/2023 11:00,0.0
02/08/2023 11:30,0.0
02/08/2023 12:00,0.0
02/08/2023 12:30,0.0
02/08/2023 13:00,0.0
02/08/2023 13:30,0.0
02/08/2023 14:00,0.0
02/08/2023 14:30,0.0
02/08/2023 15:00,0.0
02/08/2023 15:30,0.0
02/08/2023 16:00,0.0
02/08/2023 16:30,0.0
02/08/2023 17:00,0.0
02/08/2023 17:30,0.0
02/08/2023 18:00,0.0
02/08/2023 18:30,0.0
02/08/2023 19:00,0.0
02/08/2023 19:30,0.0
02/08/2023 20:00,0.0
02/08/2023 20:30,0.0
02/08/2023 21:00,0.0
02/08/2023 21:30,0.0
02/08/2023 22:00,0.0
02/08/2023 22:30,0.0
02/08/2023 23:00,0.0
02/08/2023 23:30,0.0
02/09/2023 00:00,0.0
02/09/2023 00:30,0.0
02/09/2023 01:00,0.0
02/09/2023 01:30,0.0
02/09/2023 02:00,0.0
02/09/2023 02:30,0.0
02/09/2023 03:00,0.0
02/09/2023 03:30,0.0
02/09/2023 04:00,0.0
02/09/2023 04:30,0.0
02/09/2023 05:00,0.0
02/09/2023 05:30,0.0
02/09/2023 06:00,0.0
02/09/2023 06:30,0.0
02/09/2023 07:00,0.0
02/09/2023 07:30,0.0
02/09/2023 08:00,0.0
02/09/2023 08:30,0.0
02/09/2023 09:00,0.0
02/09/2023 09:30,0.0
02/09/2023 10:00,0.0
02/09/2023 10:30,0.0
02/09/2023 11:00,0.0
02/09/2023 11:30,0.0
02/09/2023 12:00,0.0
02/09/2023 12:30,0.0
02/09/2023 13:00,0.0
02/09/2023 13:30,0.0
02/09/2023 14:00,0.0
02/09/2023 14:30,0.0
02/09/2023 15:00,0.0
02/09/2023 15:30,0.0
02/09/2023 16:00,0.0
02/09/2023 16:30,0.0
02/09/2023 17:00,0.0
02/09/2023 17:30,0.0
02/09/2023 18:00,0.0
02/09/2023 18:30,0.0
02/09/2023 19:00,0.0
02/09/2023 19:30,0.0
02/09/2023 20:00,0.0
02/09/2023 20:30,0.0
02/09/2023 21:00,0.0
02/09/2023 21:30,0.0
02/09/2023 22:00,0.0
02/09/2023 22:30,0.0
02/09/2023 23:00,0.0
02/09/2023 23:30,0.0
02/10/2023 00:00,0.0
02/10/2023 00:30,0.0
02/10/2023 01:00,0.0
02/10/2023 01:30,0.0
02/10/2023 02:00,0.0
02/10/2023 02:30,0.0
02/10/2023 03:00,0.0
02/10/2023 03:30,0.0
02/10/2023 04:00,0.0
02/10/2023 04:30,0.0
02/10/2023 05:00,0.0
02/10/2023 05:30,0.0
02/10/2023 06:00,0.0
02/10/2023 06:30,0.0
02/10/2023 07:00,0.0
02/10/2023 07:30,0.0
02/10/2023 08:00,0.0
02/10/2023 08:30,0.0
02/10/2023 09:00,0.0
02/10/2023 09:30,0.0
02/10/2023 10:00,0.0
02/10/2023 10:30,0.0
02/10/2023 11:00,0.0
02/10/2023 11:30,0.0
02/10/2023 12:00,0.0
02/10/2023 12:30,0.0
02/10/2023 13:00,0.0
02/10/2023 13:30,0.0
02/10/2023 14:00,0.0
02/10/2023 14:30,0.0
02/10/2023 15:00,0.0
02/10/2023 15:30,0.0
02/10/2023 16:00,0.0
02/10/2023 16:30,0.0
02/10/2023 17:00,0.0
02/10/2023 17:30,0.0
02/10/2023 18:00,0.0
02/10/2023 18:30,0.0
02/10/2023 19:00,0.0
02/10/2023 19:30,0.0
02/10/2023 20:00,0.0
02/10/2023 20:30,0.0
02/10/2023 21:00,0.0
02/10/2023 21:30,0.0
02/10/2023 22:00,0.0
02/10/2023 22:30,0.0
02/10/2023 23:00,0.0
02/10/2023 23:30,0.0
02/11/2023 00:00,0.0
02/11/2023 00:30,0.0
02/11/2023 01:00,0.0
02/11/2023 01:30,0.0
02/11/2023 02:00,0.0
02/11/2023 02:30,0.0
02/11/2023 03:00,0.0
02/11/2023 03:30,0.0
02/11/2023 04:00,0.0
02/11/2023 04:30,0.0
02/11/2023 05:00,0.0
02/11/2023 05:30,0.0
02/11/2023 06:00,0.0
02/11/2023 06:30,0.0
02/11/2023 07:00,0.0
02/11/2023 07:30,0.0
02/11/2023 08:00,0.0
02/11/2023 08:30,0.0
02/11/2023 09:00,0.0
02/11/2023 09:30,0.0
02/11/2023 10:00,0.0
02/11/2023 10:30,0.0
02/11/2023 11:00,0.0
02/11/2023 11:30,0.0
02/11/2023 12:00,0.0
02/11/2023 12:30,0.0
02/11/2023 13:00,0.0
02/11/2023 13:30,0.0
02/11/2023 14:00,0.0
02/11/2023 14:30,0.0
02/11/2023 15:00,0.0
02/11/2023 15:30,0.0
02/11/2023 16:00,0.0
02/11/2023 16:30,0.0
02/11/2023 17:00,0.0
02/11/2023 17:30,0.0
02/11/2023 18:00,0.0
02/11/2023 18:30,0.0
02/11/2023 19:00,0.0
02/11/2023 19:30,0.0
02/11/2023 20:00,0.0
02/11/2023 20:30,0.0
02/11/2023 21:00,0.0
02/11/2023 21:30,0.0
02/11/2023 22:00,0.0
02/11/2023 22:30,0.0
02/11/2023 23:00,0.0
02/11/2023 23:30,0.0
02/12/2023 00:00,0.0
02/12/2023 00:30,0.0
02/12/2023 01:00,0.0
02/12/2023 01:30,0.0
02/12/2023 02:00,0.0
02/12/2023 02:30,0.0
02/12/2023 03:00,0.0
02/12/2023 03:30,0.0
02/12/2023 04:00,0.0
02/12/2023 04:30,0.0
02/12/2023 05:00,0.0
02/12/2023 05:30,0.0
02/12/2023 06:00,0.0
02/12/2023 06:30,0.0
02/12/2023 07:00,0.0
02/12/2023 07:30,0.0
02/12/2023 08:00,0.0
02/12/2023 08:30,0.0
02/12/2023 09:00,0.0
02/12/2023 09:30,0.0
02/12/2023 10:00,0.0
02/12/2023 10:30,0.0
02/12/2023 11:00,0.0
02/12/2023 11:30,0.0
02/12/2023 12:00,0.0
02/12/2023 12:30,0.0
02/12/2023 13:00,0.0
02/12/2023 13:30,0.0
02/12/2023 14:00,0.0
02/12/2023 14:30,0.0
02/12/2023 15:00,0.0
02/12/2023 15:30,0.0
02/12/2023 16:00,0.0
02/12/2023 16:30,0.0
02/12/2023 17:00,0.0
02/12/2023 17:30,0.0
02/12/2023 18:00,0.0
02/12/2023 18:30,0.0
02/12/2023 19:00,0.0
02/12/2023 19:30,0.0
02/12/2023 20:00,0.0
02/12/2023 20:30,0.0
02/12/2023 21:00,0.0
02/12/2023 21:30,0.0
02/12/2023 22:00,0.0
02/12/2023 22:30,0.0
02/12/2023 23:00,0.0
02/12/2023 23:30,0.0
02/13/2023 00:00,0.0
02/13/2023 00:30,0.0
02/13/2023 01:00,0.0
02/13/2023 01:30,0.0
02/13/2023 02:00,0.0
02/13/2023 02:30,0.0
02/13/2023 03:00,0.0
02/13/2023 03:30,0.0
02/13/2023 04:00,0.0
02/13/2023 04:30,0.0
02/13/2023 05:00,0.0
02/13/2023 05:30,0.0
02/13/2023 06:00,0.0
02/13/2023 06:30,0.0
02/13/2023 07:00,0.0
02/13/2023 07:30,0.0
02/13/2023 08:00,0.0
02/13/2023 08:30,0.0
02/13/2023 09:00,0.0
02/13/2023 09:30,0.0
02/13/2023 10:00,0.0
02/13/2023 10:30,0.0
02/13/2023 11:00,0.0
02/13/2023 11:30,0.0
02/13/2023 12:00,0.0
02/13/2023 12:30,0.0
02/13/2023 13:00,0.0
02/13/2023 13:30,0.0
02/13/2023 14:00,0.0
02/13/2023 14:30,0.0
02/13/2023 15:00,0.0
02/13/2023 15:30,0.0
02/13/2023 16:00,0.0
02/13/2023 16:30,0.0
02/13/2023 17:00,0.0
02/13/2023 17:30,0.0
02/13/2023 18:00,0.0
02/13/2023 18:30,0.0
02/13/2023 19:00,0.0
02/13/2023 19:30,0.0
02/13/2023 20:00,0.0
02/13/2023 20:30,0.0
02/13/2023 21:00,0.0
02/13/2023 21:30,0.0
02/13/2023 22:00,0.0
02/13/2023 22:30,0.0
02/13/2023 23:00,0.0
02/13/2023 23:30,0.0
02/14/2023 00:00,0.0
02/14/2023 00:30,0.0
02/14/2023 01:00,0.0
02/14/2023 01:30,0.0
02/14/2023 02:00,0.0
02/14/2023 02:30,0.0
02/14/2023 03:00,0.0
02/14/2023 03:30,0.0
02/14/2023 04:00,0.0
02/14/2023 04:30,0.0
02/14/2023 05:00,0.0
02/14/2023 05:30,0.0
02/14/2023 06:00,0.0
02/14/2023 06:30,0.0
02/14/2023 07:00,0.0
02/14/2023 07:30,0.0
02/14/2023 08:00,0.0
02/14/2023 08:30,0.0
02/14/2023 09:00,0.0
02/14/2023 09:30,0.0
02/14/2023 10:00,0.0
02/14/2023 10:30,0.0
02/14/2023 11:00,0.0
02/14/2023 11:30,0.0
02/14/2023 12:00,0.0
02/14/2023 12:30,0.0
02/14/2023 13:00,0.0
02/14/2023 13:30,0.0
02/14/2023 14:00,0.0
02/14/2023 14:30,0.0
02/14/2023 15:00,0.0
02/14/2023 15:30,0.0
02/14/2023 16:00,0.0
02/14/2023 16:30,0.0
02/14/2023 17:00,0.0
02/14/2023 17:30,0.0
02/14/2023 18:00,0.0
02/14/2023 18:30,0.0
02/14/2023 19:00,0.0
02/14/2023 19:30,0.0
02/14/2023 20:00,0.0
02/14/2023 20:30,0.0
02/14/2023 21:00,0.0
02/14/2023 21:30,0.0
02/14/2023 22:00,0.0
02/14/2023 22:30,0.0
02/14/2023 23:00,0.0
02/14/2023 23:30,0.0
02/15/2023 00:00,0.0
02/15/2023 00:30,0.0
02/15/2023 01:00,0.0
02/15/2023 01:30,0.0
02/15/2023 02:00,0.0
02/15/2023 02:30,0.0
02/15/2023 03:00,0.0
02/15/2023 03:30,0.0
02/15/2023 04:00,0.0
02/15/2023 04:30,0.0
02/15/2023 05:00,0.0
02/15/2023 05:30,0.0
02/15/2023 06:00,0.0
02/15/2023 06:30,0.0
02/15/2023 07:00,0.0
02/15/2023 07:30,0.0
02/15/2023 08:00,0.0
02/15/2023 08:30,0.0
02/15/2023 09:00,0.0
02/15/2023 09:30,0.0
02/15/2023 10:00,0.0
02/15/2023 10:30,0.0
02/15/2023 11:00,0.0
02/15/2023 11:30,0.0
02/15/2023 12:00,0.0
02/15/2023 12:30,0.0
02/15/2023 13:00,0.0
02/15/2023 13:30,0.0
02/15/2023 14:00,0.0
02/15/2023 14:30,0.0
02/15/2023 15:00,0.0
02/15/2023 15:30,0.0
02/15/2023 16:00,0.0
02/15/2023 16:30,0.0
02/15/2023 17:00,0.0
02/15/2023 17:30,0.0
02/15/2023 18:00,0.0
02/15/2023 18:30,0.0
02/15/2023 19:00,0.0
02/15/2023 19:30,0.0
02/15/2023 20:00,0.0
02/15/2023 20:30,0.0
02/15/2023 21:00,0.0
02/15/2023 21:30,0.0
02/15/2023 22:00,0.0
02/15/2023 22:30,0.0
02/15/2023 23:00,0.0
02/15/2023 23:30,0.0
02/16/2023 00:00,0.0
02/16/2023 00:30,0.0
02/16/2023 01:00,0.0
02/16/2023 01:30,0.0
02/16/2023 02:00,0.0
02/16/2023 02:30,0.0
02/16/2023 03:00,0.0
02/16/2023 03:30,0.0
02/16/2023 04:00,0.0
02/16/2023 04:30,0.0
02/16/2023 05:00,0.0
02/16/2023 05:30,0.0
02/16/2023 06:00,0.0
02/16/2023 06:30,0.0
02/16/2023 07:00,0.0
02/16/2023 07:30,0.0
02/16/2023 08:00,0.0
02/16/2023 08:30,0.0
02/16/2023 09:00,0.0
02/16/2023 09:30,0.0
02/16/2023 10:00,0.0
02/16/2023 10:30,0.0
02/16/2023 11:00,0.0
02/16/2023 11:30,0.0
02/16/2023 12:00,0.0
02/16/2023 12:30,0.0
02/16/2023 13:00,0.0
02/16/2023 13:30,0.0
02/16/2023 14:00,0.0
02/16/2023 14:30,0.0
02/16/2023 15:00,0.0
02/16/2023 15:30,0.0
02/16/2023 16:00,0.0
02/16/2023 16:30,0.0
02/16/2023 17:00,0.0
02/16/2023 17:30,0.0
02/16/2023 18:00,0.0
02/16/2023 18:30,0.0
02/16/2023 19:00,0.0
02/16/2023 19:30,0.0
02/16/2023 20:00,0.0
02/16/2023 20:30,0.0
02/16/2023 21:00,0.0
02/16/2023 21:30,0.0
02/16/2023 22:00,0.0
02/16/2023 22:30,0.0
02/16/2023 23:00,0.0
02/16/2023 23:30,0.0
02/17/2023 00:00,0.0
02/17/2023 00:30,0.0
02/17/2023 01:00,0.0
02/17/2023 01:30,0.0
02/17/2023 02:00,0.0
02/17/2023 02:30,0.0
02/17/2023 03:00,0.0
02/17/2023 03:30,0.0
02/17/2023 04:00,0.0
02/17/2023 04:30,0.0
02/17/2023 05:00,0.0
02/17/2023 05:30,0.0
02/17/2023 06:00,0.0
02/17/2023 06:30,0.0
02/17/2023 07:00,0.0
02/17/2023 07:30,0.0
02/17/2023 08:00,0.0
02/17/2023 08:30,0.0
02/17/2023 09:00,0.0
02/17/2023 09:30,0.0
02/17/2023 10:00,0.0
02/17/2023 10:30,0.0
02/17/2023 11:00,0.0
02/17/2023 11:30,0.0
02/17/2023 12:00,0.0
02/17/2023 12:30,0.0
02/17/2023 13:00,0.0
02/17/2023 13:30,0.0
02/17/2023 14:00,0.0
02/17/2023 14:30,0.0
02/17/2023 15:00,0.0
02/17/2023 15:30,0.0
02/17/2023 16:00,0.0
02/17/2023 16:30,0.0
02/17/2023 17:00,0.0
02/17/2023 17:30,0.0
02/17/2023 18:00,0.0
02/17/2023 18:30,0.0
02/17/2023 19:00,0.0
02/17/2023 19:30,0.0
02/17/2023 20:00,0.0
02/17/2023 20:30,0.0
02/17/2023 21:00,0.0
02/17/2023 21:30,0.0
02/17/2023 22:00,0.0
02/17/2023 22:30,0.0
02/17/2023 23:00,0.0
02/17/2023 23:30,0.0
02/18/2023 00:00,0.0
02/18/2023 00:30,0.0
02/18/2023 01:00,0.0
02/18/2023 01:30,0.0
02/18/2023 02:00,0.0
02/18/2023 02:30,0.0
02/18/2023 03:00,0.0
02/18/2023 03:30,0.0
02/18/2023 04:00,0.0
02/18/2023 04:30,0.0
02/18/2023 05:00,0.0
02/18/2023 05:30,0.0
02/18/2023 06:00,0.0
02/18/2023 06:30,0.0
02/18/2023 07:00,0.0
02/18/2023 07:30,0.0
02/18/2023 08:00,0.0
02/18/2023 08:30,0.0
02/18/2023 09:00,0.0
02/18/2023 09:30,0.0
02/18/2023 10:00,0.0
02/18/2023 10:30,0.0
02/18/2023 11:00,0.0
02/18/2023 11:30,0.0
02/18/2023 12:00,0.0
02/18/2023 12:30,0.0
02/18/2023 13:00,0.0
02/18/2023 13:30,0.0
02/18/2023 14:00,0.0
02/18/2023 14:30,0.0
02/18/2023 15:00,0.0
02/18/2023 15:30,0.0
02/18/2023 16:00,0.0
02/18/2023 16:30,0.0
02/18/2023 17:00,0.0
02/18/2023 17:30,0.0
02/18/2023 18:00,0.0
02/18/2023 18:30,0.0
02/18/2023 19:00,0.0
02/18/2023 19:30,0.0
02/18/2023 20:00,0.0
02/18/2023 20:30,0.0
02/18/2023 21:00,0.0
02/18/2023 21:30,0.0
02/18/2023 22:00,0.0
02/18/2023 22:30,0.0
02/18/2023 23:00,0.0
02/18/2023 23:30,0.0
02/19/2023 00:00,0.0
02/19/2023 00:30,0.0
02/19/2023 01:00,0.0
02/19/2023 01:30,0.0
02/19/2023 02:00,0.0
02/19/2023 02:30,0.0
02/19/2023 03:00,0.0
02/19/2023 03:30,0.0
02/19/2023 04:00,0.0
02/19/2023 04:30,0.0
02/19/2023 05:00,0.0
02/19/2023 05:30,0.0
02/19/2023 06:00,0.0
02/19/2023 06:30,0.0
02/19/2023 07:00,0.0
02/19/2023 07:30,0.0
02/19/2023 08:00,0.0
02/19/2023 08:30,0.0
02/19/2023 09:00,0.0
02/19/2023 09:30,0.0
02/19/2023 10:00,0.0
02/19/2023 10:30,0.0
02/19/2023 11:00,0.0
02/19/2023 11:30,0.0
02/19/2023 12:00,0.0
02/19/2023 12:30,0.0
02/19/2023 13:00,0.0
02/19/2023 13:30,0.0
02/19/2023 14:00,0.0
02/19/2023 14:30,0.0
02/19/2023 15:00,0.0
02/19/2023 15:30,0.0
02/19/2023 16:00,0.0
02/19/2023 16:30,0.0
02/19/2023 17:00,0.0
02/19/2023 17:30,0.0
02/19/2023 18:00,0.0
02/19/2023 18:30,0.0
02/19/2023 19:00,0.0
02/19/2023 19:30,0.0
02/19/2023 20:00,0.0
02/19/2023 20:30,0.0
02/19/2023 21:00,0.0
02/19/2023 21:30,0.0
02/19/2023 22:00,0.0
02/19/2023 22:30,0.0
02/19/2023 23:00,0.0
02/19/2023 23:30,0.0
02/20/2023 00:00,0.0
02/20/2023 00:30,0.0
02/20/2023 01:00,0.0
02/20/2023 01:30,0.0
02/20/2023 02:00,0.0
02/20/2023 02:30,0.0
02/20/2023 03:00,0.0
02/20/2023 03:30,0.0
02/20/2023 04:00,0.0
02/20/2023 04:30,0.0
02/20/2023 05:00,0.0
02/20/2023 05:30,0.0
02/20/2023 06:00,0.0
02/20/2023 06:30,0.0
02/20/2023 07:00,0.0
02/20/2023 07:30,0.0
02/20/2023 08:00,0.0
02/20/2023 08:30,0.0
02/20/2023 09:00,0.0
02/20/2023 09:30,0.0
02/20/2023 10:00,0.0
02/20/2023 10:30,0.0
02/20/2023 11:00,0.0
02/20/2023 11:30,0.0
02/20/2023 12:00,0.0
02/20/2023 12:30,0.0
02/20/2023 13:00,0.0
02/20/2023 13:30,0.0
02/20/2023 14:00,0.0
02/20/2023 14:30,0.0
02/20/2023 15:00,0.0
02/20/2023 15:30,0.0
02/20/2023 16:00,0.0
02/20/2023 16:30,0.0
02/20/2023 17:00,0.0
02/20/2023 17:30,0.0
02/20/2023 18:00,0.0
02/20/2023 18:30,0.0
02/20/2023 19:00,0.0
02/20/2023 19:30,0.0
02/20/2023 20:00,0.0
02/20/2023 20:30,0.0
02/20/2023 21:00,0.0
02/20/2023 21:30,0.0
02/20/2023 22:00,0.0
02/20/2023 22:30,0.0
02/20/2023 23:00,0.0
02/20/2023 23:30,0.0
02/21/2023 00:00,0.0
02/21/2023 00:30,0.0
02/21/2023 01:00,0.0
02/21/2023 01:30,0.0
02/21/2023 02:00,0.0
02/21/2023 02:30,0.0
02/21/2023 03:00,0.0
02/21/2023 03:30,0.0
02/21/2023 04:00,0.0
02/21/2023 04:30,0.0
02/21/2023 05:00,0.0
02/21/2023 05:30,0.0
02/21/2023 06:00,0.0
02/21/2023 06:30,0.0
02/21/2023 07:00,0.0
02/21/2023 07:30,0.0
02/21/2023 08:00,0.0
02/21/2023 08:30,0.0
02/21/2023 09:00,0.0
02/21/2023 09:30,0.0
02/21/2023 10:00,0.0
02/21/2023 10:30,0.0
02/21/2023 11:00,0.0
02/21/2023 11:30,0.0
02/21/2023 12:00,0.0
02/21/2023 12:30,0.0
02/21/2023 13:00,0.0
02/21/2023 13:30,0.0
02/21/2023 14:00,0.0
02/21/2023 14:30,0.0
02/21/2023 15:00,0.0
02/21/2023 15:30,0.0
02/21/2023 16:00,0.0
02/21/2023 16:30,0.0
02/21/2023 17:00,0.0
02/21/2023 17:30,0.0
02/21/2023 18:00,0.0
02/21/2023 18:30,0.0
02/21/2023 19:00,0.0
02/21/2023 19:30,0.0
02/21/2023 20:00,0.0
02/21/2023 20:30,0.0
02/21/2023 21:00,0.0
02/21/2023 21:30,0.0
02/21/2023 22:00,0.0
02/21/2023 22:30,0.0
02/21/2023 23:00,0.0
02/21/2023 23:30,0.0
02/22/2023 00:00,0.0
02/22/2023 00:30,0.0
02/22/2023 01:00,0.0
02/22/2023 01:30,0.0
02/22/2023 02:00,0.0
02/22/2023 02:30,0.0
02/22/2023 03:00,0.0
02/22/2023 03:30,0.0
02/22/2023 04:00,0.0
02/22/2023 04:30,0.0
02/22/2023 05:00,0.0
02/22/2023 05:30,0.0
02/22/2023 06:00,0.0
02/22/2023 06:30,0.0
02/22/2023 07:00,0.0
02/22/2023 07:30,0.0
02/22/2023 08:00,0.0
02/22/2023 08:30,0.0
02/22/2023 09:00,0.0
02/22/2023 09:30,0.0
02/22/2023 10:00,0.0
02/22/2023 10:30,0.0
02/22/2023 11:00,0.0
02/22/2023 11:30,0.0
02/22/2023 12:00,0.0
02/22/2023 12:30,0.0
02/22/2023 13:00,0.0
02/22/2023 13:30,0.0
02/22/2023 14:00,0.0
02/22/2023 14:30,0.0
02/22/2023 15:00,0.0
02/22/2023 15:30,0.0
02/22/2023 16:00,0.0
02/22/2023 16:30,0.0
02/22/2023 17:00,0.0
02/22/2023 17:30,0.0
02/22/2023 18:00,0.0
02/22/2023 18:30,0.0
02/22/2023 19:00,0.0
02/22/2023 19:30,0.0
02/22/2023 20:00,0.0
02/22/2023 20:30,0.0
02/22/2023 21:00,0.0
02/22/2023 21:30,0.0
02/22/2023 22:00,0.0
02/22/2023 22:30,0.0
02/22/2023 23:00,0.0
02/22/2023 23:30,0.0
02/23/2023 00:00,0.0
02/23/2023 00:30,0.0
02/23/2023 01:00,0.0
02/23/2023 01:30,0.0
02/23/2023 02:00,0.0
02/23/2023 02:30,0.0
02/23/2023 03:00,0.0
02/23/2023 03:30,0.0
02/23/2023 04:00,0.0
02/23/2023 04:30,0.0
02/23/2023 05:00,0.0
02/23/2023 05:30,0.0
02/23/2023 06:00,0.0
02/23/2023 06:30,0.0
02/23/2023 07:00,0.0
02/23/2023 07:30,0.0
02/23/2023 08:00,0.0
02/23/2023 08:30,0.0
02/23/2023 09:00,0.0
02/23/2023 09:30,0.0
02/23/2023 10:00,0.0
02/23/2023 10:30,0.0
02/23/2023 11:00,0.0
02/23/2023 11:30,0.0
02/23/2023 12:00,0.0
02/23/2023 12:30,0.0
02/23/2023 13:00,0.0
02/23/2023 13:30,0.0
02/23/2023 14:00,0.0
02/23/2023 14:30,0.0
02/23/2023 15:00,0.0
02/23/2023 15:30,0.0
02/23/2023 16:00,0.0
02/23/2023 16:30,0.0
02/23/2023 17:00,0.0
02/23/2023 17:30,0.0
02/23/2023 18:00,0.0
02/23/2023 18:30,0.0
02/23/2023 19:00,0.0
02/23/2023 19:30,0.0
02/23/2023 20:00,0.0
02/23/2023 20:30,0.0
02/23/2023 21:00,0.0
02/23/2023 21:30,0.0
02/23/2023 22:00,0.0
02/23/2023 22:30,0.0
02/23/2023 23:00,0.0
02/23/2023 23:30,0.0
02/24/2023 00:00,0.0
02/24/2023 00:30,0.0
02/24/2023 01:00,0.0
02/24/2023 01:30,0.0
02/24/2023 02:00,0.0
02/24/2023 02:30,0.0
02/24/2023 03:00,0.0
02/24/2023 03:30,0.0
02/24/2023 04:00,0.0
02/24/2023 04:30,0.0
02/24/2023 05:00,0.0
02/24/2023 05:30,0.0
02/24/2023 06:00,0.0
02/24/2023 06:30,0.0
02/24/2023 07:00,0.0
02/24/2023 07:30,0.0
02/24/2023 08:00,0.0
02/24/2023 08:30,0.0
02/24/2023 09:00,0.0
02/24/2023 09:30,0.0
02/24/2023 10:00,0.0
02/24/2023 10:30,0.0
02/24/2023 11:00,0.0
02/24/2023 11:30,0.0
02/24/2023 12:00,0.0
02/24/2023 12:30,0.0
02/24/2023 13:00,0.0
02/24/2023 13:30,0.0
02/24/2023 14:00,0.0
02/24/2023 14:30,0.0
02/24/2023 15:00,0.0
02/24/2023 15:30,0.0
02/24/2023 16:00,0.0
02/24/2023 16:30,0.0
02/24/2023 17:00,0.0
02/24/2023 17:30,0.0
02/24/2023 18:00,0.0
02/24/2023 18:30,0.0
02/24/2023 19:00,0.0
02/24/2023 19:30,0.0
02/24/2023 20:00,0.0
02/24/2023 20:30,0.0
02/24/2023 21:00,0.0
02/24/2023 21:30,0.0
02/24/2023 22:00,0.0
02/24/2023 22:30,0.0
02/24/2023 23:00,0.0
02/24/2023 23:30,0.0
02/25/2023 00:00,0.0
02/25/2023 00:30,0.0
02/25/2023 01:00,0.0
02/25/2023 01:30,0.0
02/25/2023 02:00,0.0
02/25/2023 02:30,0.0
02/25/2023 03:00,0.0
02/25/2023 03:30,0.0
02/25/2023 04:00,0.0
02/25/2023 04:30,0.0
02/25/2023 05:00,0.0
02/25/2023 05:30,0.0
02/25/2023 06:00,0.0
02/25/2023 06:30,0.0
02/25/2023 07:00,0.0
02/25/2023 07:30,0.0
02/25/2023 08:00,0.0
02/25/2023 08:30,0.0
02/25/2023 09:00,0.0
02/25/2023 09:30,0.0
02/25/2023 10:00,0.0
02/25/2023 10:30,0.0
02/25/2023 11:00,0.0
02/25/2023 11:30,0.0
02/25/2023 12:00,0.0
02/25/2023 12:30,0.0
02/25/2023 13:00,0.0
02/25/2023 13:30,0.0
02/25/2023 14:00,0.0
02/25/2023 14:30,0.0
02/25/2023 15:00,0.0
02/25/2023 15:30,0.0
02/25/2023 16:00,0.0
02/25/2023 16:30,0.0
02/25/2023 17:00,0.0
02/25/2023 17:30,0.0
02/25/2023 18:00,0.0
02/25/2023 18:30,0.0
02/25/2023 19:00,0.0
02/25/2023 19:30,0.0
02/25/2023 20:00,0.0
02/25/2023 20:30,0.0
02/25/2023 21:00,0.0
02/25/2023 21:30,0.0
02/25/2023 22:00,0.0
02/25/2023 22:30,0.0
02/25/2023 23:00,0.0
02/25/2023 23:30,0.0
02/26/2023 00:00,0.0
02/26/2023 00:30,0.0
02/26/2023 01:00,0.0
02/26/2023 01:30,0.0
02/26/2023 02:00,0.0
02/26/2023 02:30,0.0
02/26/2023 03:00,0.0
02/26/2023 03:30,0.0
02/26/2023 04:00,0.0
02/26/2023 04:30,0.0
02/26/2023 05:00,0.0
02/26/2023 05:30,0.0
02/26/2023 06:00,0.0
02/26/2023 06:30,0.0
02/26/2023 07:00,0.0
02/26/2023 07:30,0.0
02/26/2023 08:00,0.0
02/26/2023 08:30,0.0
02/26/2023 09:00,0.0
02/26/2023 09:30,0.0
02/26/2023 10:00,0.0
02/26/2023 10:30,0.0
02/26/2023 11:00,0.0
02/26/2023 11:30,0.0
02/26/2023 12:00,0.0
02/26/2023 12:30,0.0
02/26/2023 13:00,0.0
02/26/2023 13:30,0.0
02/26/2023 14:00,0.0
02/26/2023 14:30,0.0
02/26/2023 15:00,0.0
02/26/2023 15:30,0.0
02/26/2023 16:00,0.0
02/26/2023 16:30,0.0
02/26/2023 17:00,0.0
02/26/2023 17:30,0.0
02/26/2023 18:00,0.0
02/26/2023 18:30,0.0
02/26/2023 19:00,0.0
02/26/2023 19:30,0.0
02/26/2023 20:00,0.0
02/26/2023 20:30,0.0
02/26/2023 21:00,0.0
02/26/2023 21:30,0.0
02/26/2023 22:00,0.0
02/26/2023 22:30,0.0
02/26/2023 23:00,0.0
02/26/2023 23:30,0.0
02/27/2023 00:00,0.0
02/27/2023 00:30,0.0
02/27/2023 01:00,0.0
02/27/2023 01:30,0.0
02/27/2023 02:00,0.0
02/27/2023 02:30,0.0
02/27/2023 03:00,0.0
02/27/2023 03:30,0.0
02/27/2023 04:00,0.0
02/27/2023 04:30,0.0
02/27/2023 05:00,0.0
02/27/2023 05:30,0.0
02/27/2023 06:00,0.0
02/27/2023 06:30,0.0
02/27/2023 07:00,0.0
02/27/2023 07:30,0.0
02/27/2023 08:00,0.0
02/27/2023 08:30,0.0
02/27/2023 09:00,0.0
02/27/2023 09:30,0.0
02/27/2023 10:00,0.0
02/27/2023 10:30,0.0
02/27/2023 11:00,0.0
02/27/2023 11:30,0.0
02/27/2023 12:00,0.0
02/27/2023 12:30,0.0
02/27/2023 13:00,0.0
02/27/2023 13:30,0.0
02/27/2023 14:00,0.0
02/27/2023 14:30,0.0
02/27/2023 15:00,0.0
02/27/2023 15:30,0.0
02/27/2023 16:00,0.0
02/27/2023 16:30,0.0
02/27/2023 17:00,0.0
02/27/2023 17:30,0.0
02/27/2023 18:00,0.0
02/27/2023 18:30,0.0
02/27/2023 19:00,0.0
02/27/2023 19:30,0.0
02/27/2023 20:00,0.0
02/27/2023 20:30,0.0
02/27/2023 21:00,0.0
02/27/2023 21:30,0.0
02/27/2023 22:00,0.0
02/27/2023 22:30,0.0
02/27/2023 23:00,0.0
02/27/2023 23:30,0.0
02/28/2023 00:00,0.0
02/28/2023 00:30,0.0
02/28/2023 01:00,0.0
02/28/2023 01:30,0.0
02/28/2023 02:00,0.0
02/28/2023 02:30,0.0
02/28/2023 03:00,0.0
02/28/2023 03:30,0.0
02/28/2023 04:00,0.0
02/28/2023 04:30,0.0
02/28/2023 05:00,0.0
02/28/2023 05:30,0.0
02/28/2023 06:00,0.0
02/28/2023 06:30,0.0
02/28/2023 07:00,0.0
02/28/2023 07:30,0.0
02/28/2023 08:00,0.0
02/28/2023 08:30,0.0
02/28/2023 09:00,0.0
02/28/2023 09:30,0.0
02/28/2023 10:00,0.0
02/28/2023 10:30,0.0
02/28/2023 11:00,0.0
02/28/2023 11:30,0.0
02/28/2023 12:00,0.0
02/28/2023 12:30,0.0
02/28/2023 13:00,0.0
02/28/2023 13:30,0.0
02/28/2023 14:00,0.0
02/28/2023 14:30,0.0
02/28/2023 15:00,0.0
02/28/2023 15:30,0.0
02/28/2023 16:00,0.0
02/28/2023 16:30,0.0
02/28/2023 17:00,0.0
02/28/2023 17:30,0.0
02/28/2023 18:00,0.0
02/28/2023 18:30,0.0
02/28/2023 19:00,0.0
02/28/2023 19:30,0.0
02/28/2023 20:00,0.0
02/28/2023 20:30,0.0
02/28/2023 21:00,0.0
02/28/2023 21:30,0.0
02/28/2023 22:00,0.0
02/28/2023 22:30,0.0
02/28/2023 23:00,0.0
02/28/2023 23:30,0.0
03/01/2023 00:00,0.0
03/01/2023 00:30,0.0
03/01/2023 01:00,0.0
03/01/2023 01:30,0.0
03/01/2023 02:00,0.0
03/01/2023 02:30,0.0
03/01/2023 03:00,0.0
03/01/2023 03:30,0.0
03/01/2023 04:00,0.0
03/01/2023 04:30,0.0
03/01/2023 05:00,0.0
03/01/2023 05:30,0.0
03/01/2023 06:00,0.0
03/01/2023 06:30,0.0
03/01/2023 07:00,0.0
03/01/2023 07:30,0.0
03/01/2023 08:00,0.0
03/01/2023 08:30,0.0
03/01/2023 09:00,0.0
03/01/2023 09:30,0.0
03/01/2023 10:00,0.0
03/01/2023 10:30,0.0
03/01/2023 11:00,0.0
03/01/2023 11:30,0.0
03/01/2023 12:00,0.0
03/01/2023 12:30,0.0
03/01/2023 13:00,0.0
03/01/2023 13:30,0.0
03/01/2023 14:00,0.0
03/01/2023 14:30,0.0
03/01/2023 15:00,0.0
03/01/2023 15:30,0.0
03/01/2023 16:00,0.0
03/01/2023 16:30,0.0
03/01/2023 17:00,0.0
03/01/2023 17:30,0.0
03/01/2023 18:00,0.0
03/01/2023 18:30,0.0
03/01/2023 19:00,0.0
03/01/2023 19:30,0.0
03/01/2023 20:00,0.0
03/01/2023 20:30,0.0
03/01/2023 21:00,0.0
03/01/2023 21:30,0.0
03/01/2023 22:00,0.0
03/01/2023 22:30,0.0
03/01/2023 23:00,0.0
03/01/2023 23:30,0.0
03/02/2023 00:00,0.0
03/02/2023 00:30,0.0
03/02/2023 01:00,0.0
03/02/2023 01:30,0.0
03/02/2023 02:00,0.0
03/02/2023 02:30,0.0
03/02/2023 03:00,0.0
03/02/2023 03:30,0.0
03/02/2023 04:00,0.0
03/02/2023 04:30,0.0
03/02/2023 05:00,0.0
03/02/2023 05:30,0.0
03/02/2023 06:00,0.0
03/02/2023 06:30,0.0
03/02/2023 07:00,0.0
03/02/2023 07:30,0.0
03/02/2023 08:00,0.0
03/02/2023 08:30,0.0
03/02/2023 09:00,0.0
03/02/2023 09:30,0.0
03/02/2023 10:00,0.0
03/02/2023 10:30,0.0
03/02/2023 11:00,0.0
03/02/2023 11:30,0.0
03/02/2023 12:00,0.0
03/02/2023 12:30,0.0
03/02/2023 13:00,0.0
03/02/2023 13:30,0.0
03/02/2023 14:00,0.0
03/02/2023 14:30,0.0
03/02/2023 15:00,0.0
03/02/2023 15:30,0.0
03/02/2023 16:00,0.0
03/02/2023 16:30,0.0
03/02/2023 17:00,0.0
03/02/2023 17:30,0.0
03/02/2023 18:00,0.0
03/02/2023 18:30,0.0
03/02/2023 19:00,0.0
03/02/2023 19:30,0.0
03/02/2023 20:00,0.0
03/02/2023 20:30,0.0
03/02/2023 21:00,0.0
03/02/2023 21:30,0.0
03/02/2023 22:00,0.0
03/02/2023 22:30,0.0
03/02/2023 23:00,0.0
03/02/2023 23:30,0.0
03/03/2023 00:00,0.0
03/03/2023 00:00,0.0
03/03/2023 00:30,0.0
03/03/2023 00:30,0.0
03/03/2023 01:00,0.0
03/03/2023 01:00,0.0
03/03/2023 01:30,0.0
03/03/2023 01:30,0.0
03/03/2023 02:00,0.0
03/03/2023 02:00,0.0
03/03/2023 02:30,0.0
03/03/2023 02:30,0.0
03/03/2023 03:00,0.0
03/03/2023 03:00,0.0
03/03/2023 03:30,0.0
03/03/2023 03:30,0.0
03/03/2023 04:00,0.0
03/03/2023 04:00,0.0
03/03/2023 04:30,0.0
03/03/2023 04:30,0.0
03/03/2023 05:00,0.0
03/03/2023 05:00,0.0
03/03/2023 05:30,0.0
03/03/2023 05:30,0.0
03/03/2023 06:00,0.0
03/03/2023 06:00,0.0
03/03/2023 06:30,0.0
03/03/2023 06:30,0.0
03/03/2023 07:00,0.0
03/03/2023 07:00,0.0
03/03/2023 07:30,0.0
03/03/2023 07:30,0.0
03/03/2023 08:00,0.0
03/03/2023 08:00,0.0
03/03/2023 08:30,0.0
03/03/2023 08:30,0.0
03/03/2023 09:00,0.0
03/03/2023 09:00,0.0
03/03/2023 09:30,0.0
03/03/2023 09:30,0.0
03/03/2023 10:00,0.0
03/03/2023 10:00,0.0
03/03/2023 10:30,0.0
03/03/2023 10:30,0.0
03/03/2023 11:00,0.0
03/03/2023 11:00,0.0
03/03/2023 11:30,0.0
03/03/2023 11:30,0.0
03/03/2023 12:00,0.0
03/03/2023 12:00,0.0
03/03/2023 12:30,0.0
03/03/2023 12:30,0.0
03/03/2023 13:00,0.0
03/03/2023 13:00,0.0
03/03/2023 13:30,0.0
03/03/2023 13:30,0.0
03/03/2023 14:00,0.0
03/03/2023 14:00,0.0
03/03/2023 14:30,0.0
03/03/2023 14:30,0.0
03/03/2023 15:00,0.0
03/03/2023 15:00,0.0
03/03/2023 15:30,0.0
03/03/2023 15:30,0.0
03/03/2023 16:00,0.0
03/03/2023 16:00,0.0
03/03/2023 16:30,0.0
03/03/2023 16:30,0.0
03/03/2023 17:00,0.0
03/03/2023 17:00,0.0
03/03/2023 17:30,0.0
03/03/2023 17:30,0.0
03/03/2023 18:00,0.0
03/03/2023 18:00,0.0
03/03/2023 18:30,0.0
03/03/2023 18:30,0.0
03/03/2023 19:00,0.0
03/03/2023 19:00,0.0
03/03/2023 19:30,0.0
03/03/2023 19:30,0.0
03/03/2023 20:00,0.0
03/03/2023 20:00,0.0
03/03/2023 20:30,0.0
03/03/2023 20:30,0.0
03/03/2023 21:00,0.0
03/03/2023 21:00,0.0
03/03/2023 21:30,0.0
03/03/2023 21:30,0.0
03/03/2023 22:00,0.0
03/03/2023 22:00,0.0
03/03/2023 22:30,0.0
03/03/2023 22:30,0.0
03/03/2023 23:00,0.0
03/03/2023 23:00,0.0
03/03/2023 23:30,0.0
03/03/2023 23:30,0.0
03/04/2023 00:00,0.0
03/04/2023 00:30,0.0
03/04/2023 01:00,0.0
03/04/2023 01:30,0.0
03/04/2023 02:00,0.0
03/04/2023 02:30,0.0
03/04/2023 03:00,0.0
03/04/2023 03:30,0.0
03/04/2023 04:00,0.0
03/04/2023 04:30,0.0
03/04/2023 05:00,0.0
03/04/2023 05:30,0.0
03/04/2023 06:00,0.0
03/04/2023 06:30,0.0
03/04/2023 07:00,0.0
03/04/2023 07:30,0.0
03/04/2023 08:00,0.0
03/04/2023 08:30,0.0
03/04/2023 09:00,0.0
03/04/2023 09:30,0.0
03/04/2023 10:00,0.0
03/04/2023 10:30,0.0
03/04/2023 11:00,0.0
03/04/2023 11:30,0.0
03/04/2023 12:00,0.0
03/04/2023 12:30,0.0
03/04/2023 13:00,0.0
03/04/2023 13:30,0.0
03/04/2023 14:00,0.0
03/04/2023 14:30,0.0
03/04/2023 15:00,0.0
03/04/2023 15:30,0.0
03/04/2023 16:00,0.0
03/04/2023 16:30,0.0
03/04/2023 17:00,0.0
03/04/2023 17:30,0.0
03/04/2023 18:00,0.0
03/04/2023 18:30,0.0
03/04/2023 19:00,0.0
03/04/2023 19:30,0.0
03/04/2023 20:00,0.0
03/04/2023 20:30,0.0
03/04/2023 21:00,0.0
03/04/2023 21:30,0.0
03/04/2023 22:00,0.0
03/04/2023 22:30,0.0
03/04/2023 23:00,0.0
03/04/2023 23:30,0.0
03/05/2023 00:00,0.0
03/05/2023 00:30,0.0
03/05/2023 01:00,0.0
03/05/2023 01:30,0.0
03/05/2023 02:00,0.0
03/05/2023 02:30,0.0
03/05/2023 03:00,0.0
03/05/2023 03:30,0.0
03/05/2023 04:00,0.0
03/05/2023 04:30,0.0
03/05/2023 05:00,0.0
03/05/2023 05:30,0.0
03/05/2023 06:00,0.0
03/05/2023 06:30,0.0
03/05/2023 07:00,0.0
03/05/2023 07:30,0.0
03/05/2023 08:00,0.0
03/05/2023 08:30,0.0
03/05/2023 09:00,0.0
03/05/2023 09:30,0.0
03/05/2023 10:00,0.0
03/05/2023 10:30,0.0
03/05/2023 11:00,0.0
03/05/2023 11:30,0.0
03/05/2023 12:00,0.0
03/05/2023 12:30,0.0
03/05/2023 13:00,0.0
03/05/2023 13:30,0.0
03/05/2023 14:00,0.0
03/05/2023 14:30,0.0
03/05/2023 15:00,0.0
03/05/2023 15:30,0.0
03/05/2023 16:00,0.0
03/05/2023 16:30,0.0
03/05/2023 17:00,0.0
03/05/2023 17:30,0.0
03/05/2023 18:00,0.0
03/05/2023 18:30,0.0
03/05/2023 19:00,0.0
03/05/2023 19:30,0.0
03/05/2023 20:00,0.0
03/05/2023 20:30,0.0
03/05/2023 21:00,0.0
03/05/2023 21:30,0.0
03/05/2023 22:00,0.0
03/05/2023 22:30,0.0
03/05/2023 23:00,0.0
03/05/2023 23:30,0.0
03/06/2023 00:00,0.0
03/06/2023 00:30,0.0
03/06/2023 01:00,0.0
03/06/2023 01:30,0.0
03/06/2023 02:00,0.0
03/06/2023 02:30,0.0
03/06/2023 03:00,0.0
03/06/2023 03:30,0.0
03/06/2023 04:00,0.0
03/06/2023 04:30,0.0
03/06/2023 05:00,0.0
03/06/2023 05:30,0.0
03/06/2023 06:00,0.0
03/06/2023 06:30,0.0
03/06/2023 07:00,0.0
03/06/2023 07:30,0.0
03/06/2023 08:00,0.0
03/06/2023 08:30,0.0
03/06/2023 09:00,0.0
03/06/2023 09:30,0.0
03/06/2023 10:00,0.0
03/06/2023 10:30,0.0
03/06/2023 11:00,0.0
03/06/2023 11:30,0.0
03/06/2023 12:00,0.0
03/06/2023 12:30,0.0
03/06/2023 13:00,0.0
03/06/2023 13:30,0.0
03/06/2023 14:00,0.0
03/06/2023 14:30,0.0
03/06/2023 15:00,0.0
03/06/2023 15:30,0.0
03/06/2023 16:00,0.0
03/06/2023 16:30,0.0
03/06/2023 17:00,0.0
03/06/2023 17:30,0.0
03/06/2023 18:00,0.0
03/06/2023 18:30,0.0
03/06/2023 19:00,0.0
03/06/2023 19:30,0.0
03/06/2023 20:00,0.0
03/06/2023 20:30,0.0
03/06/2023 21:00,0.0
03/06/2023 21:30,0.0
03/06/2023 22:00,0.0
03/06/2023 22:30,0.0
03/06/2023 23:00,0.0
03/06/2023 23:30,0.0
03/07/2023 00:00,0.0
03/07/2023 00:30,0.0
03/07/2023 01:00,0.0
03/07/2023 01:30,0.0
03/07/2023 02:00,0.0
03/07/2023 02:30,0.0
03/07/2023 03:00,0.0
03/07/2023 03:30,0.0
03/07/2023 04:00,0.0
03/07/2023 04:30,0.0
03/07/2023 05:00,0.0
03/07/2023 05:30,0.0
03/07/2023 06:00,0.0
03/07/2023 06:30,0.0
03/07/2023 07:00,0.0
03/07/2023 07:30,0.0
03/07/2023 08:00,0.0
03/07/2023 08:30,0.0
03/07/2023 09:00,0.0
03/07/2023 09:30,0.0
03/07/2023 10:00,0.0
03/07/2023 10:30,0.0
03/07/2023 11:00,0.0
03/07/2023 11:30,0.0
03/07/2023 12:00,0.0
03/07/2023 12:30,0.0
03/07/2023 13:00,0.0
03/07/2023 13:30,0.0
03/07/2023 14:00,0.0
03/07/2023 14:30,0.0
03/07/2023 15:00,0.0
03/07/2023 15:30,0.0
03/07/2023 16:00,0.0
03/07/2023 16:30,0.0
03/07/2023 17:00,0.0
03/07/2023 17:30,0.0
03/07/2023 18:00,0.0
03/07/2023 18:30,0.0
03/07/2023 19:00,0.0
03/07/2023 19:30,0.0
03/07/2023 20:00,0.0
03/07/2023 20:30,0.0
03/07/2023 21:00,0.0
03/07/2023 21:30,0.0
03/07/2023 22:00,0.0
03/07/2023 22:30,0.0
03/07/2023 23:00,0.0
03/07/2023 23:30,0.0
03/08/2023 00:00,0.0
03/08/2023 00:30,0.0
03/08/2023 01:00,0.0
03/08/2023 01:30,0.0
03/08/2023 02:00,0.0
03/08/2023 02:30,0.0
03/08/2023 03:00,0.0
03/08/2023 03:30,0.0
03/08/2023 04:00,0.0
03/08/2023 04:30,0.0
03/08/2023 05:00,0.0
03/08/2023 05:30,0.0
03/08/2023 06:00,0.0
03/08/2023 06:30,0.0
03/08/2023 07:00,0.0
03/08/2023 07:30,0.0
03/08/2023 08:00,0.0
03/08/2023 08:30,0.0
03/08/2023 09:00,0.0
03/08/2023 09:30,0.0
03/08/2023 10:00,0.0
03/08/2023 10:30,0.0
03/08/2023 11:00,0.0
03/08/2023 11:30,0.0
03/08/2023 12:00,0.0
03/08/2023 12:30,0.0
03/08/2023 13:00,0.0
03/08/2023 13:30,0.0
03/08/2023 14:00,0.0
03/08/2023 14:30,0.0
03/08/2023 15:00,0.0
03/08/2023 15:30,0.0
03/08/2023 16:00,0.0
03/08/2023 16:30,0.0
03/08/2023 17:00,0.0
03/08/2023 17:30,0.0
03/08/2023 18:00,0.0
03/08/2023 18:30,0.0
03/08/2023 19:00,0.0
03/08/2023 19:30,0.0
03/08/2023 20:00,0.0
03/08/2023 20:30,0.0
03/08/2023 21:00,0.0
03/08/2023 21:30,0.0
03/08/2023 22:00,0.0
03/08/2023 22:30,0.0
03/08/2023 23:00,0.0
03/08/2023 23:30,0.0
03/09/2023 00:00,0.0
03/09/2023 00:30,0.0
03/09/2023 01:00,0.0
03/09/2023 01:30,0.0
03/09/2023 02:00,0.0
03/09/2023 02:30,0.0
03/09/2023 03:00,0.0
03/09/2023 03:30,0.0
03/09/2023 04:00,0.0
03/09/2023 04:30,0.0
03/09/2023 05:00,0.0
03/09/2023 05:30,0.0
03/09/2023 06:00,0.0
03/09/2023 06:30,0.0
03/09/2023 07:00,0.0
03/09/2023 07:30,0.0
03/09/2023 08:00,0.0
03/09/2023 08:30,0.0
03/09/2023 09:00,0.0
03/09/2023 09:30,0.0
03/09/2023 10:00,0.0
03/09/2023 10:30,0.0
03/09/2023 11:00,0.0
03/09/2023 11:30,0.0
03/09/2023 12:00,0.0
03/09/2023 12:30,0.0
03/09/2023 13:00,0.0
03/09/2023 13:30,0.0
03/09/2023 14:00,0.0
03/09/2023 14:30,0.0
03/09/2023 15:00,0.0
03/09/2023 15:30,0.0
03/09/2023 16:00,0.0
03/09/2023 16:30,0.0
03/09/2023 17:00,0.0
03/09/2023 17:30,0.0
03/09/2023 18:00,0.0
03/09/2023 18:30,0.0
03/09/2023 19:00,0.0
03/09/2023 19:30,0.0
03/09/2023 20:00,0.0
03/09/2023 20:30,0.0
03/09/2023 21:00,0.0
03/09/2023 21:30,0.0
03/09/2023 22:00,0.0
03/09/2023 22:30,0.0
03/09/2023 23:00,0.0
03/09/2023 23:30,0.0
03/10/2023 00:00,0.0
03/10/2023 00:30,0.0
03/10/2023 01:00,0.0
03/10/2023 01:30,0.0
03/10/2023 02:00,0.0
03/10/2023 02:30,0.0
03/10/2023 03:00,0.0
03/10/2023 03:30,0.0
03/10/2023 04:00,0.0
03/10/2023 04:30,0.0
03/10/2023 05:00,0.0
03/10/2023 05:30,0.0
03/10/2023 06:00,0.0
03/10/2023 06:30,0.0
03/10/2023 07:00,0.0
03/10/2023 07:30,0.0
03/10/2023 08:00,0.0
03/10/2023 08:30,0.0
03/10/2023 09:00,0.0
03/10/2023 09:30,0.0
03/10/2023 10:00,0.0
03/10/2023 10:30,0.0
03/10/2023 11:00,0.0
03/10/2023 11:30,0.0
03/10/2023 12:00,0.0
03/10/2023 12:30,0.0
03/10/2023 13:00,0.0
03/10/2023 13:30,0.0
03/10/2023 14:00,0.0
03/10/2023 14:30,0.0
03/10/2023 15:00,0.0
03/10/2023 15:30,0.0
03/10/2023 16:00,0.0
03/10/2023 16:30,0.0
03/10/2023 17:00,0.0
03/10/2023 17:30,0.0
03/10/2023 18:00,0.0
03/10/2023 18:30,0.0
03/10/2023 19:00,0.0
03/10/2023 19:30,0.0
03/10/2023 20:00,0.0
03/10/2023 20:30,0.0
03/10/2023 21:00,0.0
03/10/2023 21:30,0.0
03/10/2023 22:00,0.0
03/10/2023 22:30,0.0
03/10/2023 23:00,0.0
03/10/2023 23:30,0.0
03/11/2023 00:00,0.0
03/11/2023 00:30,0.0
03/11/2023 01:00,0.0
03/11/2023 01:30,0.0
03/11/2023 02:00,0.0
03/11/2023 02:30,0.0
03/11/2023 03:00,0.0
03/11/2023 03:30,0.0
03/11/2023 04:00,0.0
03/11/2023 04:30,0.0
03/11/2023 05:00,0.0
03/11/2023 05:30,0.0
03/11/2023 06:00,0.0
03/11/2023 06:30,0.0
03/11/2023 07:00,0.0
03/11/2023 07:30,0.0
03/11/2023 08:00,0.0
03/11/2023 08:30,0.0
03/11/2023 09:00,0.0
03/11/2023 09:30,0.0
03/11/2023 10:00,0.0
03/11/2023 10:30,0.0
03/11/2023 11:00,0.0
03/11/2023 11:30,0.0
03/11/2023 12:00,0.0
03/11/2023 12:30,0.0
03/11/2023 13:00,0.0
03/11/2023 13:30,0.0
03/11/2023 14:00,0.0
03/11/2023 14:30,0.0
03/11/2023 15:00,0.0
03/11/2023 15:30,0.0
03/11/2023 16:00,0.0
03/11/2023 16:30,0.0
03/11/2023 17:00,0.0
03/11/2023 17:30,0.0
03/11/2023 18:00,0.0
03/11/2023 18:30,0.0
03/11/2023 19:00,0.0
03/11/2023 19:30,0.0
03/11/2023 20:00,0.0
03/11/2023 20:30,0.0
03/11/2023 21:00,0.0
03/11/2023 21:30,0.0
03/11/2023 22:00,0.0
03/11/2023 22:30,0.0
03/11/2023 23:00,0.0
03/11/2023 23:30,0.0
03/12/2023 00:00,0.0
03/12/2023 00:30,0.0
03/12/2023 01:00,0.0
03/12/2023 01:30,0.0
03/12/2023 02:00,0.0
03/12/2023 02:30,0.0
03/12/2023 03:00,0.0
03/12/2023 03:30,0.0
03/12/2023 04:00,0.0
03/12/2023 04:30,0.0
03/12/2023 05:00,0.0
03/12/2023 05:30,0.0
03/12/2023 06:00,0.0
03/12/2023 06:30,0.0
03/12/2023 07:00,0.0
03/12/2023 07:30,0.0
03/12/2023 08:00,0.0
03/12/2023 08:30,0.0
03/12/2023 09:00,0.0
03/12/2023 09:30,0.0
03/12/2023 10:00,0.0
03/12/2023 10:30,0.0
03/12/2023 11:00,0.0
03/12/2023 11:30,0.0
03/12/2023 12:00,0.0
03/12/2023 12:30,0.0
03/12/2023 13:00,0.0
03/12/2023 13:30,0.0
03/12/2023 14:00,0.0
03/12/2023 14:30,0.0
03/12/2023 15:00,0.0
03/12/2023 15:30,0.0
03/12/2023 16:00,0.0
03/12/2023 16:30,0.0
03/12/2023 17:00,0.0
03/12/2023 17:30,0.0
03/12/2023 18:00,0.0
03/12/2023 18:30,0.0
03/12/2023 19:00,0.0
03/12/2023 19:30,0.0
03/12/2023 20:00,0.0
03/12/2023 20:30,0.0
03/12/2023 21:00,0.0
03/12/2023 21:30,0.0
03/12/2023 22:00,0.0
03/12/2023 22:30,0.0
03/12/2023 23:00,0.0
03/12/2023 23:30,0.0
03/13/2023 00:00,0.0
03/13/2023 00:30,0.0
03/13/2023 01:00,0.0
03/13/2023 01:30,0.0
03/13/2023 02:00,0.0
03/13/2023 02:30,0.0
03/13/2023 03:00,0.0
03/13/2023 03:30,0.0
03/13/2023 04:00,0.0
03/13/2023 04:30,0.0
03/13/2023 05:00,0.0
03/13/2023 05:30,0.0
03/13/2023 06:00,0.0
03/13/2023 06:30,0.0
03/13/2023 07:00,0.0
03/13/2023 07:30,0.0
03/13/2023 08:00,0.0
03/13/2023 08:30,0.0
03/13/2023 09:00,0.0
03/13/2023 09:30,0.0
03/13/2023 10:00,0.0
03/13/2023 10:30,0.0
03/13/2023 11:00,0.0
03/13/2023 11:30,0.0
03/13/2023 12:00,0.0
03/13/2023 12:30,0.0
03/13/2023 13:00,0.0
03/13/2023 13:30,0.0
03/13/2023 14:00,0.0
03/13/2023 14:30,0.0
03/13/2023 15:00,0.0
03/13/2023 15:30,0.0
03/13/2023 16:00,0.0
03/13/2023 16:30,0.0
03/13/2023 17:00,0.0
03/13/2023 17:30,0.0
03/13/2023 18:00,0.0
03/13/2023 18:30,0.0
03/13/2023 19:00,0.0
03/13/2023 19:30,0.0
03/13/2023 20:00,0.0
03/13/2023 20:30,0.0
03/13/2023 21:00,0.0
03/13/2023 21:30,0.0
03/13/2023 22:00,0.0
03/13/2023 22:30,0.0
03/13/2023 23:00,0.0
03/13/2023 23:30,0.0
03/14/2023 00:00,0.0
03/14/2023 00:30,0.0
03/14/2023 01:00,0.0
03/14/2023 01:30,0.0
03/14/2023 02:00,0.0
03/14/2023 02:30,0.0
03/14/2023 03:00,0.0
03/14/2023 03:30,0.0
03/14/2023 04:00,0.0
03/14/2023 04:30,0.0
03/14/2023 05:00,0.0
03/14/2023 05:30,0.0
03/14/2023 06:00,0.0
03/14/2023 06:30,0.0
03/14/2023 07:00,0.0
03/14/2023 07:30,0.0
03/14/2023 08:00,0.0
03/14/2023 08:30,0.0
03/14/2023 09:00,0.0
03/14/2023 09:30,0.0
03/14/2023 10:00,0.0
03/14/2023 10:30,0.0
03/14/2023 11:00,0.0
03/14/2023 11:30,0.0
03/14/2023 12:00,0.0
03/14/2023 12:30,0.0
03/14/2023 13:00,0.0
03/14/2023 13:30,0.0
03/14/2023 14:00,0.0
03/14/2023 14:30,0.0
03/14/2023 15:00,0.0
03/14/2023 15:30,0.0
03/14/2023 16:00,0.0
03/14/2023 16:30,0.0
03/14/2023 17:00,0.0
03/14/2023 17:30,0.0
03/14/2023 18:00,0.0
03/14/2023 18:30,0.0
03/14/2023 19:00,0.0
03/14/2023 19:30,0.0
03/14/2023 20:00,0.0
03/14/2023 20:30,0.0
03/14/2023 21:00,0.0
03/14/2023 21:30,0.0
03/14/2023 22:00,0.0
03/14/2023 22:30,0.0
03/14/2023 23:00,0.0
03/14/2023 23:30,0.0
03/15/2023 00:00,0.0
03/15/2023 00:00,0.0
03/15/2023 00:30,0.0
03/15/2023 00:30,0.0
03/15/2023 01:00,0.0
03/15/2023 01:00,0.0
03/15/2023 01:30,0.0
03/15/2023 01:30,0.0
03/15/2023 02:00,0.0
03/15/2023 02:00,0.0
03/15/2023 02:30,0.0
03/15/2023 02:30,0.0
03/15/2023 03:00,0.0
03/15/2023 03:00,0.0
03/15/2023 03:30,0.0
03/15/2023 03:30,0.0
03/15/2023 04:00,0.0
03/15/2023 04:00,0.0
03/15/2023 04:30,0.0
03/15/2023 04:30,0.0
03/15/2023 05:00,0.0
03/15/2023 05:00,0.0
03/15/2023 05:30,0.0
03/15/2023 05:30,0.0
03/15/2023 06:00,0.0
03/15/2023 06:00,0.0
03/15/2023 06:30,0.0
03/15/2023 06:30,0.0
03/15/2023 07:00,0.0
03/15/2023 07:00,0.0
03/15/2023 07:30,0.0
03/15/2023 07:30,0.0
03/15/2023 08:00,0.0
03/15/2023 08:00,0.0
03/15/2023 08:30,0.0
03/15/2023 08:30,0.0
03/15/2023 09:00,0.0
03/15/2023 09:00,0.0
03/15/2023 09:30,0.0
03/15/2023 09:30,0.0
03/15/2023 10:00,0.0
03/15/2023 10:00,0.0
03/15/2023 10:30,0.0
03/15/2023 10:30,0.0
03/15/2023 11:00,0.0
03/15/2023 11:00,0.0
03/15/2023 11:30,0.0
03/15/2023 11:30,0.0
03/15/2023 12:00,0.0
03/15/2023 12:00,0.0
03/15/2023 12:30,0.0
03/15/2023 12:30,0.0
03/15/2023 13:00,0.0
03/15/2023 13:00,0.0
03/15/2023 13:30,0.0
03/15/2023 13:30,0.0
03/15/2023 14:00,0.0
03/15/2023 14:00,0.0
03/15/2023 14:30,0.0
03/15/2023 14:30,0.0
03/15/2023 15:00,0.0
03/15/2023 15:00,0.0
03/15/2023 15:30,0.0
03/15/2023 15:30,0.0
03/15/2023 16:00,0.0
03/15/2023 16:00,0.0
03/15/2023 16:30,0.0
03/15/2023 16:30,0.0
03/15/2023 17:00,0.0
03/15/2023 17:00,0.0
03/15/2023 17:30,0.0
03/15/2023 17:30,0.0
03/15/2023 18:00,0.0
03/15/2023 18:00,0.0
03/15/2023 18:30,0.0
03/15/2023 18:30,0.0
03/15/2023 19:00,0.0
03/15/2023 19:00,0.0
03/15/2023 19:30,0.0
03/15/2023 19:30,0.0
03/15/2023 20:00,0.0
03/15/2023 20:00,0.0
03/15/2023 20:30,0.0
03/15/2023 20:30,0.0
03/15/2023 21:00,0.0
03/15/2023 21:00,0.0
03/15/2023 21:30,0.0
03/15/2023 21:30,0.0
03/15/2023 22:00,0.0
03/15/2023 22:00,0.0
03/15/2023 22:30,0.0
03/15/2023 22:30,0.0
03/15/2023 23:00,0.0
03/15/2023 23:00,0.0
03/15/2023 23:30,0.0
03/15/2023 23:30,0.0
03/16/2023 00:00,0.0
03/16/2023 00:30,0.0
03/16/2023 01:00,0.0
03/16/2023 01:30,0.0
03/16/2023 02:00,0.0
03/16/2023 02:30,0.0
03/16/2023 03:00,0.0
03/16/2023 03:30,0.0
03/16/2023 04:00,0.0
03/16/2023 04:30,0.0
03/16/2023 05:00,0.0
03/16/2023 05:30,0.0
03/16/2023 06:00,0.0
03/16/2023 06:30,0.0
03/16/2023 07:00,0.0
03/16/2023 07:30,0.0
03/16/2023 08:00,0.0
03/16/2023 08:30,0.0
03/16/2023 09:00,0.0
03/16/2023 09:30,0.0
03/16/2023 10:00,0.0
03/16/2023 10:30,0.0
03/16/2023 11:00,0.0
03/16/2023 11:30,0.0
03/16/2023 12:00,0.0
03/16/2023 12:30,0.0
03/16/2023 13:00,0.0
03/16/2023 13:30,0.0
03/16/2023 14:00,0.0
03/16/2023 14:30,0.0
03/16/2023 15:00,0.0
03/16/2023 15:30,0.0
03/16/2023 16:00,0.0
03/16/2023 16:30,0.0
03/16/2023 17:00,0.0
03/16/2023 17:30,0.0
03/16/2023 18:00,0.0
03/16/2023 18:30,0.0
03/16/2023 19:00,0.0
03/16/2023 19:30,0.0
03/16/2023 20:00,0.0
03/16/2023 20:30,0.0
03/16/2023 21:00,0.0
03/16/2023 21:30,0.0
03/16/2023 22:00,0.0
03/16/2023 22:30,0.0
03/16/2023 23:00,0.0
03/16/2023 23:30,0.0
03/17/2023 00:00,0.0
03/17/2023 00:30,0.0
03/17/2023 01:00,0.0
03/17/2023 01:30,0.0
03/17/2023 02:00,0.0
03/17/2023 02:30,0.0
03/17/2023 03:00,0.0
03/17/2023 03:30,0.0
03/17/2023 04:00,0.0
03/17/2023 04:30,0.0
03/17/2023 05:00,0.0
03/17/2023 05:30,0.0
03/17/2023 06:00,0.0
03/17/2023 06:30,0.0
03/17/2023 07:00,0.0
03/17/2023 07:30,0.0
03/17/2023 08:00,0.0
03/17/2023 08:30,0.0
03/17/2023 09:00,0.0
03/17/2023 09:30,0.0
03/17/2023 10:00,0.0
03/17/2023 10:30,0.0
03/17/2023 11:00,0.0
03/17/2023 11:30,0.0
03/17/2023 12:00,0.0
03/17/2023 12:30,0.0
03/17/2023 13:00,0.0
03/17/2023 13:30,0.0
03/17/2023 14:00,0.0
03/17/2023 14:30,0.0
03/17/2023 15:00,0.0
03/17/2023 15:30,0.0
03/17/2023 16:00,0.0
03/17/2023 16:30,0.0
03/17/2023 17:00,0.0
03/17/2023 17:30,0.0
03/17/2023 18:00,0.0
03/17/2023 18:30,0.0
03/17/2023 19:00,0.0
03/17/2023 19:30,0.0
03/17/2023 20:00,0.0
03/17/2023 20:30,0.0
03/17/2023 21:00,0.0
03/17/2023 21:30,0.0
03/17/2023 22:00,0.0
03/17/2023 22:30,0.0
03/17/2023 23:00,0.0
03/17/2023 23:30,0.0
03/18/2023 00:00,0.0
03/18/2023 00:30,0.0
03/18/2023 01:00,0.0
03/18/2023 01:30,0.0
03/18/2023 02:00,0.0
03/18/2023 02:30,0.0
03/18/2023 03:00,0.0
03/18/2023 03:30,0.0
03/18/2023 04:00,0.0
03/18/2023 04:30,0.0
03/18/2023 05:00,0.0
03/18/2023 05:30,0.0
03/18/2023 06:00,0.0
03/18/2023 06:30,0.0
03/18/2023 07:00,0.0
03/18/2023 07:30,0.0
03/18/2023 08:00,0.0
03/18/2023 08:30,0.0
03/18/2023 09:00,0.0
03/18/2023 09:30,0.0
03/18/2023 10:00,0.0
03/18/2023 10:30,0.0
03/18/2023 11:00,0.0
03/18/2023 11:30,0.0
03/18/2023 12:00,0.0
03/18/2023 12:30,0.0
03/18/2023 13:00,0.0
03/18/2023 13:30,0.0
03/18/2023 14:00,0.0
03/18/2023 14:30,0.0
03/18/2023 15:00,0.0
03/18/2023 15:30,0.0
03/18/2023 16:00,0.0
03/18/2023 16:30,0.0
03/18/2023 17:00,0.0
03/18/2023 17:30,0.0
03/18/2023 18:00,0.0
03/18/2023 18:30,0.0
03/18/2023 19:00,0.0
03/18/2023 19:30,0.0
03/18/2023 20:00,0.0
03/18/2023 20:30,0.0
03/18/2023 21:00,0.0
03/18/2023 21:30,0.0
03/18/2023 22:00,0.0
03/18/2023 22:30,0.0
03/18/2023 23:00,0.0
03/18/2023 23:30,0.0
03/19/2023 00:00,0.0
03/19/2023 00:30,0.0
03/19/2023 01:00,0.0
03/19/2023 01:30,0.0
03/19/2023 02:00,0.0
03/19/2023 02:30,0.0
03/19/2023 03:00,0.0
03/19/2023 03:30,0.0
03/19/2023 04:00,0.0
03/19/2023 04:30,0.0
03/19/2023 05:00,0.0
03/19/2023 05:30,0.0
03/19/2023 06:00,0.0
03/19/2023 06:30,0.0
03/19/2023 07:00,0.0
03/19/2023 07:30,0.0
03/19/2023 08:00,0.0
03/19/2023 08:30,0.0
03/19/2023 09:00,0.0
03/19/2023 09:30,0.0
03/19/2023 10:00,0.0
03/19/2023 10:30,0.0
03/19/2023 11:00,0.0
03/19/2023 11:30,0.0
03/19/2023 12:00,0.0
03/19/2023 12:30,0.0
03/19/2023 13:00,0.0
03/19/2023 13:30,0.0
03/19/2023 14:00,0.0
03/19/2023 14:30,0.0
03/19/2023 15:00,0.0
03/19/2023 15:30,0.0
03/19/2023 16:00,0.0
03/19/2023 16:30,0.0
03/19/2023 17:00,0.0
03/19/2023 17:30,0.0
03/19/2023 18:00,0.0
03/19/2023 18:30,0.0
03/19/2023 19:00,0.0
03/19/2023 19:30,0.0
03/19/2023 20:00,0.0
03/19/2023 20:30,0.0
03/19/2023 21:00,0.0
03/19/2023 21:30,0.0
03/19/2023 22:00,0.0
03/19/2023 22:30,0.0
03/19/2023 23:00,0.0
03/19/2023 23:30,0.0
03/20/2023 00:00,0.0
03/20/2023 00:30,0.0
03/20/2023 01:00,0.0
03/20/2023 01:30,0.0
03/20/2023 02:00,0.0
03/20/2023 02:30,0.0
03/20/2023 03:00,0.0
03/20/2023 03:30,0.0
03/20/2023 04:00,0.0
03/20/2023 04:30,0.0
03/20/2023 05:00,0.0
03/20/2023 05:30,0.0
03/20/2023 06:00,0.0
03/20/2023 06:30,0.0
03/20/2023 07:00,0.0
03/20/2023 07:30,0.0
03/20/2023 08:00,0.0
03/20/2023 08:30,0.0
03/20/2023 09:00,0.0
03/20/2023 09:30,0.0
03/20/2023 10:00,0.0
03/20/2023 10:30,0.0
03/20/2023 11:00,0.0
03/20/2023 11:30,0.0
03/20/2023 12:00,0.0
03/20/2023 12:30,0.0
03/20/2023 13:00,0.0
03/20/2023 13:30,0.0
03/20/2023 14:00,0.0
03/20/2023 14:30,0.0
03/20/2023 15:00,0.0
03/20/2023 15:30,0.0
03/20/2023 16:00,0.0
03/20/2023 16:30,0.0
03/20/2023 17:00,0.0
03/20/2023 17:30,0.0
03/20/2023 18:00,0.0
03/20/2023 18:30,0.0
03/20/2023 19:00,0.0
03/20/2023 19:30,0.0
03/20/2023 20:00,0.0
03/20/2023 20:30,0.0
03/20/2023 21:00,0.0
03/20/2023 21:30,0.0
03/20/2023 22:00,0.0
03/20/2023 22:30,0.0
03/20/2023 23:00,0.0
03/20/2023 23:30,0.0
03/21/2023 00:00,0.0
03/21/2023 00:30,0.0
03/21/2023 01:00,0.0
03/21/2023 01:30,0.0
03/21/2023 02:00,0.0
03/21/2023 02:30,0.0
03/21/2023 03:00,0.0
03/21/2023 03:30,0.0
03/21/2023 04:00,0.0
03/21/2023 04:30,0.0
03/21/2023 05:00,0.0
03/21/2023 05:30,0.0
03/21/2023 06:00,0.0
03/21/2023 06:30,0.0
03/21/2023 07:00,0.0
03/21/2023 07:30,0.0
03/21/2023 08:00,0.0
03/21/2023 08:30,0.0
03/21/2023 09:00,0.0
03/21/2023 09:30,0.0
03/21/2023 10:00,0.0
03/21/2023 10:30,0.0
03/21/2023 11:00,0.0
03/21/2023 11:30,0.0
03/21/2023 12:00,0.0
03/21/2023 12:30,0.0
03/21/2023 13:00,0.0
03/21/2023 13:30,0.0
03/21/2023 14:00,0.0
03/21/2023 14:30,0.0
03/21/2023 15:00,0.0
03/21/2023 15:30,0.0
03/21/2023 16:00,0.0
03/21/2023 16:30,0.0
03/21/2023 17:00,0.0
03/21/2023 17:30,0.0
03/21/2023 18:00,0.0
03/21/2023 18:30,0.0
03/21/2023 19:00,0.0
03/21/2023 19:30,0.0
03/21/2023 20:00,0.0
03/21/2023 20:30,0.0
03/21/2023 21:00,0.0
03/21/2023 21:30,0.0
03/21/2023 22:00,0.0
03/21/2023 22:30,0.0
03/21/2023 23:00,0.0
03/21/2023 23:30,0.0
03/22/2023 00:00,0.0
03/22/2023 00:30,0.0
03/22/2023 01:00,0.0
03/22/2023 01:30,0.0
03/22/2023 02:00,0.0
03/22/2023 02:30,0.0
03/22/2023 03:00,0.0
03/22/2023 03:30,0.0
03/22/2023 04:00,0.0
03/22/2023 04:30,0.0
03/22/2023 05:00,0.0
03/22/2023 05:30,0.0
03/22/2023 06:00,0.0
03/22/2023 06:30,0.0
03/22/2023 07:00,0.0
03/22/2023 07:30,0.0
03/22/2023 08:00,0.0
03/22/2023 08:30,0.0
03/22/2023 09:00,0.0
03/22/2023 09:30,0.0
03/22/2023 10:00,0.0
03/22/2023 10:30,0.0
03/22/2023 11:00,0.0
03/22/2023 11:30,0.0
03/22/2023 12:00,0.0
03/22/2023 12:30,0.0
03/22/2023 13:00,0.0
03/22/2023 13:30,0.0
03/22/2023 14:00,0.0
03/22/2023 14:30,0.0
03/22/2023 15:00,0.0
03/22/2023 15:30,0.0
03/22/2023 16:00,0.0
03/22/2023 16:30,0.0
03/22/2023 17:00,0.0
03/22/2023 17:30,0.0
03/22/2023 18:00,0.0
03/22/2023 18:30,0.0
03/22/2023 19:00,0.0
03/22/2023 19:30,0.0
03/22/2023 20:00,0.0
03/22/2023 20:30,0.0
03/22/2023 21:00,0.0
03/22/2023 21:30,0.0
03/22/2023 22:00,0.0
03/22/2023 22:30,0.0
03/22/2023 23:00,0.0
03/22/2023 23:30,0.0
03/23/2023 00:00,0.0
03/23/2023 00:30,0.0
03/23/2023 01:00,0.0
03/23/2023 01:30,0.0
03/23/2023 02:00,0.0
03/23/2023 02:30,0.0
03/23/2023 03:00,0.0
03/23/2023 03:30,0.0
03/23/2023 04:00,0.0
03/23/2023 04:30,0.0
03/23/2023 05:00,0.0
03/23/2023 05:30,0.0
03/23/2023 06:00,0.0
03/23/2023 06:30,0.0
03/23/2023 07:00,0.0
03/23/2023 07:30,0.0
03/23/2023 08:00,0.0
03/23/2023 08:30,0.0
03/23/2023 09:00,0.0
03/23/2023 09:30,0.0
03/23/2023 10:00,0.0
03/23/2023 10:30,0.0
03/23/2023 11:00,0.0
03/23/2023 11:30,0.0
03/23/2023 12:00,0.0
03/23/2023 12:30,0.0
03/23/2023 13:00,0.0
03/23/2023 13:30,0.0
03/23/2023 14:00,0.0
03/23/2023 14:30,0.0
03/23/2023 15:00,0.0
03/23/2023 15:30,0.0
03/23/2023 16:00,0.0
03/23/2023 16:30,0.0
03/23/2023 17:00,0.0
03/23/2023 17:30,0.0
03/23/2023 18:00,0.0
03/23/2023 18:30,0.0
03/23/2023 19:00,0.0
03/23/2023 19:30,0.0
03/23/2023 20:00,0.0
03/23/2023 20:30,0.0
03/23/2023 21:00,0.0
03/23/2023 21:30,0.0
03/23/2023 22:00,0.0
03/23/2023 22:30,0.0
03/23/2023 23:00,0.0
03/23/2023 23:30,0.0
03/24/2023 00:00,0.0
03/24/2023 00:30,0.0
03/24/2023 01:00,0.0
03/24/2023 01:30,0.0
03/24/2023 02:00,0.0
03/24/2023 02:30,0.0
03/24/2023 03:00,0.0
03/24/2023 03:30,0.0
03/24/2023 04:00,0.0
03/24/2023 04:30,0.0
03/24/2023 05:00,0.0
03/24/2023 05:30,0.0
03/24/2023 06:00,0.0
03/24/2023 06:30,0.0
03/24/2023 07:00,0.0
03/24/2023 07:30,0.0
03/24/2023 08:00,0.0
03/24/2023 08:30,0.0
03/24/2023 09:00,0.0
03/24/2023 09:30,0.0
03/24/2023 10:00,0.0
03/24/2023 10:30,0.0
03/24/2023 11:00,0.0
03/24/2023 11:30,0.0
03/24/2023 12:00,0.0
03/24/2023 12:30,0.0
03/24/2023 13:00,0.0
03/24/2023 13:30,0.0
03/24/2023 14:00,0.0
03/24/2023 14:30,0.0
03/24/2023 15:00,0.0
03/24/2023 15:30,0.0
03/24/2023 16:00,0.0
03/24/2023 16:30,0.0
03/24/2023 17:00,0.0
03/24/2023 17:30,0.0
03/24/2023 18:00,0.0
03/24/2023 18:30,0.0
03/24/2023 19:00,0.0
03/24/2023 19:30,0.0
03/24/2023 20:00,0.0
03/24/2023 20:30,0.0
03/24/2023 21:00,0.0
03/24/2023 21:30,0.0
03/24/2023 22:00,0.0
03/24/2023 22:30,0.0
03/24/2023 23:00,0.0
03/24/2023 23:30,0.0
03/25/2023 00:00,0.0
03/25/2023 00:30,0.0
03/25/2023 01:00,0.0
03/25/2023 01:30,0.0
03/25/2023 02:00,0.0
03/25/2023 02:30,0.0
03/25/2023 03:00,0.0
03/25/2023 03:30,0.0
03/25/2023 04:00,0.0
03/25/2023 04:30,0.0
03/25/2023 05:00,0.0
03/25/2023 05:30,0.0
03/25/2023 06:00,0.0
03/25/2023 06:30,0.0
03/25/2023 07:00,0.0
03/25/2023 07:30,0.0
03/25/2023 08:00,0.0
03/25/2023 08:30,0.0
03/25/2023 09:00,0.0
03/25/2023 09:30,0.0
03/25/2023 10:00,0.0
03/25/2023 10:30,0.0
03/25/2023 11:00,0.0
03/25/2023 11:30,0.0
03/25/2023 12:00,0.0
03/25/2023 12:30,0.0
03/25/2023 13:00,0.0
03/25/2023 13:30,0.0
03/25/2023 14:00,0.0
03/25/2023 14:30,0.0
03/25/2023 15:00,0.0
03/25/2023 15:30,0.0
03/25/2023 16:00,0.0
03/25/2023 16:30,0.0
03/25/2023 17:00,0.0
03/25/2023 17:30,0.0
03/25/2023 18:00,0.0
03/25/2023 18:30,0.0
03/25/2023 19:00,0.0
03/25/2023 19:30,0.0
03/25/2023 20:00,0.0
03/25/2023 20:30,0.0
03/25/2023 21:00,0.0
03/25/2023 21:30,0.0
03/25/2023 22:00,0.0
03/25/2023 22:30,0.0
03/25/2023 23:00,0.0
03/25/2023 23:30,0.0
03/26/2023 00:00,0.0
03/26/2023 00:30,0.0
03/26/2023 01:00,0.0
03/26/2023 01:30,0.0
03/26/2023 02:00,0.0
03/26/2023 02:30,0.0
03/26/2023 03:00,0.0
03/26/2023 03:30,0.0
03/26/2023 04:00,0.0
03/26/2023 04:30,0.0
03/26/2023 05:00,0.0
03/26/2023 05:30,0.0
03/26/2023 06:00,0.0
03/26/2023 06:30,0.0
03/26/2023 07:00,0.0
03/26/2023 07:30,0.0
03/26/2023 08:00,0.0
03/26/2023 08:30,0.0
03/26/2023 09:00,0.0
03/26/2023 09:30,0.0
03/26/2023 10:00,0.0
03/26/2023 10:30,0.0
03/26/2023 11:00,0.0
03/26/2023 11:30,0.0
03/26/2023 12:00,0.0
03/26/2023 12:30,0.0
03/26/2023 13:00,0.0
03/26/2023 13:30,0.0
03/26/2023 14:00,0.0
03/26/2023 14:30,0.0
03/26/2023 15:00,0.0
03/26/2023 15:30,0.0
03/26/2023 16:00,0.0
03/26/2023 16:30,0.0
03/26/2023 17:00,0.0
03/26/2023 17:30,0.0
03/26/2023 18:00,0.0
03/26/2023 18:30,0.0
03/26/2023 19:00,0.0
03/26/2023 19:30,0.0
03/26/2023 20:00,0.0
03/26/2023 20:30,0.0
03/26/2023 21:00,0.0
03/26/2023 21:30,0.0
03/26/2023 22:00,0.0
03/26/2023 22:30,0.0
03/26/2023 23:00,0.0
03/26/2023 23:30,0.0
03/27/2023 00:00,0.0
03/27/2023 00:00,0.0
03/27/2023 00:30,0.0
03/27/2023 00:30,0.0
03/27/2023 01:00,0.0
03/27/2023 01:00,0.0
03/27/2023 01:30,0.0
03/27/2023 01:30,0.0
03/27/2023 02:00,0.0
03/27/2023 02:00,0.0
03/27/2023 02:30,0.0
03/27/2023 02:30,0.0
03/27/2023 03:00,0.0
03/27/2023 03:00,0.0
03/27/2023 03:30,0.0
03/27/2023 03:30,0.0
03/27/2023 04:00,0.0
03/27/2023 04:00,0.0
03/27/2023 04:30,0.0
03/27/2023 04:30,0.0
03/27/2023 05:00,0.0
03/27/2023 05:00,0.0
03/27/2023 05:30,0.0
03/27/2023 05:30,0.0
03/27/2023 06:00,0.0
03/27/2023 06:00,0.0
03/27/2023 06:30,0.0
03/27/2023 06:30,0.0
03/27/2023 07:00,0.0
03/27/2023 07:00,0.0
03/27/2023 07:30,0.0
03/27/2023 07:30,0.0
03/27/2023 08:00,0.0
03/27/2023 08:00,0.0
03/27/2023 08:30,0.0
03/27/2023 08:30,0.0
03/27/2023 09:00,0.0
03/27/2023 09:00,0.0
03/27/2023 09:30,0.0
03/27/2023 09:30,0.0
03/27/2023 10:00,0.0
03/27/2023 10:00,0.0
03/27/2023 10:30,0.0
03/27/2023 10:30,0.0
03/27/2023 11:00,0.0
03/27/2023 11:00,0.0
03/27/2023 11:30,0.0
03/27/2023 11:30,0.0
03/27/2023 12:00,0.0
03/27/2023 12:00,0.0
03/27/2023 12:30,0.0
03/27/2023 12:30,0.0
03/27/2023 13:00,0.0
03/27/2023 13:00,0.0
03/27/2023 13:30,0.0
03/27/2023 13:30,0.0
03/27/2023 14:00,0.0
03/27/2023 14:00,0.0
03/27/2023 14:30,0.0
03/27/2023 14:30,0.0
03/27/2023 15:00,0.0
03/27/2023 15:00,0.0
03/27/2023 15:30,0.0
03/27/2023 15:30,0.0
03/27/2023 16:00,0.0
03/27/2023 16:00,0.0
03/27/2023 16:30,0.0
03/27/2023 16:30,0.0
03/27/2023 17:00,0.0
03/27/2023 17:00,0.0
03/27/2023 17:30,0.0
03/27/2023 17:30,0.0
03/27/2023 18:00,0.0
03/27/2023 18:00,0.0
03/27/2023 18:30,0.0
03/27/2023 18:30,0.0
03/27/2023 19:00,0.0
03/27/2023 19:00,0.0
03/27/2023 19:30,0.0
03/27/2023 19:30,0.0
03/27/2023 20:00,0.0
03/27/2023 20:00,0.0
03/27/2023 20:30,0.0
03/27/2023 20:30,0.0
03/27/2023 21:00,0.0
03/27/2023 21:00,0.0
03/27/2023 21:30,0.0
03/27/2023 21:30,0.0
03/27/2023 22:00,0.0
03/27/2023 22:00,0.0
03/27/2023 22:30,0.0
03/27/2023 22:30,0.0
03/27/2023 23:00,0.0
03/27/2023 23:00,0.0
03/27/2023 23:30,0.0
03/27/2023 23:30,0.0
03/28/2023 00:00,0.0
03/28/2023 00:30,0.0
03/28/2023 01:00,0.0
03/28/2023 01:30,0.0
03/28/2023 02:00,0.0
03/28/2023 02:30,0.0
03/28/2023 03:00,0.0
03/28/2023 03:30,0.0
03/28/2023 04:00,0.0
03/28/2023 04:30,0.0
03/28/2023 05:00,0.0
03/28/2023 05:30,0.0
03/28/2023 06:00,0.0
03/28/2023 06:30,0.0
03/28/2023 07:00,0.0
03/28/2023 07:30,0.0
03/28/2023 08:00,0.0
03/28/2023 08:30,0.0
03/28/2023 09:00,0.0
03/28/2023 09:30,0.0
03/28/2023 10:00,0.0
03/28/2023 10:30,0.0
03/28/2023 11:00,0.0
03/28/2023 11:30,0.0
03/28/2023 12:00,0.0
03/28/2023 12:30,0.0
03/28/2023 13:00,0.0
03/28/2023 13:30,0.0
03/28/2023 14:00,0.0
03/28/2023 14:30,0.0
03/28/2023 15:00,0.0
03/28/2023 15:30,0.0
03/28/2023 16:00,0.0
03/28/2023 16:30,0.0
03/28/2023 17:00,0.0
03/28/2023 17:30,0.0
03/28/2023 18:00,0.0
03/28/2023 18:30,0.0
03/28/2023 19:00,0.0
03/28/2023 19:30,0.0
03/28/2023 20:00,0.0
03/28/2023 20:30,0.0
03/28/2023 21:00,0.0
03/28/2023 21:30,0.0
03/28/2023 22:00,0.0
03/28/2023 22:30,0.0
03/28/2023 23:00,0.0
03/28/2023 23:30,0.0
03/29/2023 00:00,0.0
03/29/2023 00:30,0.0
03/29/2023 01:00,0.0
03/29/2023 01:30,0.0
03/29/2023 02:00,0.0
03/29/2023 02:30,0.0
03/29/2023 03:00,0.0
03/29/2023 03:30,0.0
03/29/2023 04:00,0.0
03/29/2023 04:30,0.0
03/29/2023 05:00,0.0
03/29/2023 05:30,0.0
03/29/2023 06:00,0.0
03/29/2023 06:30,0.0
03/29/2023 07:00,0.0
03/29/2023 07:30,0.0
03/29/2023 08:00,0.0
03/29/2023 08:30,0.0
03/29/2023 09:00,0.0
03/29/2023 09:30,0.0
03/29/2023 10:00,0.0
03/29/2023 10:30,0.0
03/29/2023 11:00,0.0
03/29/2023 11:30,0.0
03/29/2023 12:00,0.0
03/29/2023 12:30,0.0
03/29/2023 13:00,0.0
03/29/2023 13:30,0.0
03/29/2023 14:00,0.0
03/29/2023 14:30,0.0
03/29/2023 15:00,0.0
03/29/2023 15:30,0.0
03/29/2023 16:00,0.0
03/29/2023 16:30,0.0
03/29/2023 17:00,0.0
03/29/2023 17:30,0.0
03/29/2023 18:00,0.0
03/29/2023 18:30,0.0
03/29/2023 19:00,0.0
03/29/2023 19:30,0.0
03/29/2023 20:00,0.0
03/29/2023 20:30,0.0
03/29/2023 21:00,0.0
03/29/2023 21:30,0.0
03/29/2023 22:00,0.0
03/29/2023 22:30,0.0
03/29/2023 23:00,0.0
03/29/2023 23:30,0.0
03/30/2023 00:00,0.0
03/30/2023 00:30,0.0
03/30/2023 01:00,0.0
03/30/2023 01:30,0.0
03/30/2023 02:00,0.0
03/30/2023 02:30,0.0
03/30/2023 03:00,0.0
03/30/2023 03:30,0.0
03/30/2023 04:00,0.0
03/30/2023 04:30,0.0
03/30/2023 05:00,0.0
03/30/2023 05:30,0.0
03/30/2023 06:00,0.0
03/30/2023 06:30,0.0
03/30/2023 07:00,0.0
03/30/2023 07:30,0.0
03/30/2023 08:00,0.0
03/30/2023 08:30,0.0
03/30/2023 09:00,0.0
03/30/2023 09:30,0.0
03/30/2023 10:00,0.0
03/30/2023 10:30,0.0
03/30/2023 11:00,0.0
03/30/2023 11:30,0.0
03/30/2023 12:00,0.0
03/30/2023 12:30,0.0
03/30/2023 13:00,0.0
03/30/2023 13:30,0.0
03/30/2023 14:00,0.0
03/30/2023 14:30,0.0
03/30/2023 15:00,0.0
03/30/2023 15:30,0.0
03/30/2023 16:00,0.0
03/30/2023 16:30,0.0
03/30/2023 17:00,0.0
03/30/2023 17:30,0.0
03/30/2023 18:00,0.0
03/30/2023 18:30,0.0
03/30/2023 19:00,0.0
03/30/2023 19:30,0.0
03/30/2023 20:00,0.0
03/30/2023 20:30,0.0
03/30/2023 21:00,0.0
03/30/2023 21:30,0.0
03/30/2023 22:00,0.0
03/30/2023 22:30,0.0
03/30/2023 23:00,0.0
03/30/2023 23:30,0.0
03/31/2023 00:00,0.0
03/31/2023 00:00,0.0
03/31/2023 00:30,0.0
03/31/2023 00:30,0.0
03/31/2023 01:00,0.0
03/31/2023 01:00,0.0
03/31/2023 01:30,0.0
03/31/2023 01:30,0.0
03/31/2023 02:00,0.0
03/31/2023 02:00,0.0
03/31/2023 02:30,0.0
03/31/2023 02:30,0.0
03/31/2023 03:00,0.0
03/31/2023 03:00,0.0
03/31/2023 03:30,0.0
03/31/2023 03:30,0.0
03/31/2023 04:00,0.0
03/31/2023 04:00,0.0
03/31/2023 04:30,0.0
03/31/2023 04:30,0.0
03/31/2023 05:00,0.0
03/31/2023 05:00,0.0
03/31/2023 05:30,0.0
03/31/2023 05:30,0.0
03/31/2023 06:00,0.0
03/31/2023 06:00,0.0
03/31/2023 06:30,0.0
03/31/2023 06:30,0.0
03/31/2023 07:00,0.0
03/31/2023 07:00,0.0
03/31/2023 07:30,0.0
03/31/2023 07:30,0.0
03/31/2023 08:00,0.0
03/31/2023 08:00,0.0
03/31/2023 08:30,0.0
03/31/2023 08:30,0.0
03/31/2023 09:00,0.0
03/31/2023 09:00,0.0
03/31/2023 09:30,0.0
03/31/2023 09:30,0.0
03/31/2023 10:00,0.0
03/31/2023 10:00,0.0
03/31/2023 10:30,0.0
03/31/2023 10:30,0.0
03/31/2023 11:00,0.0
03/31/2023 11:00,0.0
03/31/2023 11:30,0.0
03/31/2023 11:30,0.0
03/31/2023 12:00,0.0
03/31/2023 12:00,0.0
03/31/2023 12:30,0.0
03/31/2023 12:30,0.0
03/31/2023 13:00,0.0
03/31/2023 13:00,0.0
03/31/2023 13:30,0.0
03/31/2023 13:30,0.0
03/31/2023 14:00,0.0
03/31/2023 14:00,0.0
03/31/2023 14:30,0.0
03/31/2023 14:30,0.0
03/31/2023 15:00,0.0
03/31/2023 15:00,0.0
03/31/2023 15:30,0.0
03/31/2023 15:30,0.0
03/31/2023 16:00,0.0
03/31/2023 16:00,0.0
03/31/2023 16:30,0.0
03/31/2023 16:30,0.0
03/31/2023 17:00,0.0
03/31/2023 17:00,0.0
03/31/2023 17:30,0.0
03/31/2023 17:30,0.0
03/31/2023 18:00,0.0
03/31/2023 18:00,0.0
03/31/2023 18:30,0.0
03/31/2023 18:30,0.0
03/31/2023 19:00,0.0
03/31/2023 19:00,0.0
03/31/2023 19:30,0.0
03/31/2023 19:30,0.0
03/31/2023 20:00,0.0
03/31/2023 20:00,0.0
03/31/2023 20:30,0.0
03/31/2023 20:30,0.0
03/31/2023 21:00,0.0
03/31/2023 21:00,0.0
03/31/2023 21:30,0.0
03/31/2023 21:30,0.0
03/31/2023 22:00,0.0
03/31/2023 22:00,0.0
03/31/2023 22:30,0.0
03/31/2023 22:30,0.0
03/31/2023 23:00,0.0
03/31/2023 23:00,0.0
03/31/2023 23:30,0.0
03/31/2023 23:30,0.0
04/01/2023 00:00,0.0
04/01/2023 00:30,0.0
04/01/2023 01:00,0.0
04/01/2023 01:30,0.0
04/01/2023 02:00,0.0
04/01/2023 02:30,0.0
04/01/2023 03:00,0.0
04/01/2023 03:30,0.0
04/01/2023 04:00,0.0
04/01/2023 04:30,0.0
04/01/2023 05:00,0.0
04/01/2023 05:30,0.0
04/01/2023 06:00,0.0
04/01/2023 06:30,0.0
04/01/2023 07:00,0.0
04/01/2023 07:30,0.0
04/01/2023 08:00,0.0
04/01/2023 08:30,0.0
04/01/2023 09:00,0.0
04/01/2023 09:30,0.0
04/01/2023 10:00,0.0
04/01/2023 10:30,0.0
04/01/2023 11:00,0.0
04/01/2023 11:30,0.0
04/01/2023 12:00,0.0
04/01/2023 12:30,0.0
04/01/2023 13:00,0.0
04/01/2023 13:30,0.0
04/01/2023 14:00,0.0
04/01/2023 14:30,0.0
04/01/2023 15:00,0.0
04/01/2023 15:30,0.0
04/01/2023 16:00,0.0
04/01/2023 16:30,0.0
04/01/2023 17:00,0.0
04/01/2023 17:30,0.0
04/01/2023 18:00,0.0
04/01/2023 18:30,0.0
04/01/2023 19:00,0.0
04/01/2023 19:30,0.0
04/01/2023 20:00,0.0
04/01/2023 20:30,0.0
04/01/2023 21:00,0.0
04/01/2023 21:30,0.0
04/01/2023 22:00,0.0
04/01/2023 22:30,0.0
04/01/2023 23:00,0.0
04/01/2023 23:30,0.0
04/02/2023 00:00,0.0
04/02/2023 00:00,0.0
04/02/2023 00:30,0.0
04/02/2023 00:30,0.0
04/02/2023 01:00,0.0
04/02/2023 01:00,0.0
04/02/2023 01:30,0.0
04/02/2023 01:30,0.0
04/02/2023 02:00,0.0
04/02/2023 02:00,0.0
04/02/2023 02:30,0.0
04/02/2023 02:30,0.0
04/02/2023 03:00,0.0
04/02/2023 03:00,0.0
04/02/2023 03:30,0.0
04/02/2023 03:30,0.0
04/02/2023 04:00,0.0
04/02/2023 04:00,0.0
04/02/2023 04:30,0.0
04/02/2023 04:30,0.0
04/02/2023 05:00,0.0
04/02/2023 05:00,0.0
04/02/2023 05:30,0.0
04/02/2023 05:30,0.0
04/02/2023 06:00,0.0
04/02/2023 06:00,0.0
04/02/2023 06:30,0.0
04/02/2023 06:30,0.0
04/02/2023 07:00,0.0
04/02/2023 07:00,0.0
04/02/2023 07:30,0.0
04/02/2023 07:30,0.0
04/02/2023 08:00,0.0
04/02/2023 08:00,0.0
04/02/2023 08:30,0.0
04/02/2023 08:30,0.0
04/02/2023 09:00,0.0
04/02/2023 09:00,0.0
04/02/2023 09:30,0.0
04/02/2023 09:30,0.0
04/02/2023 10:00,0.0
04/02/2023 10:00,0.0
04/02/2023 10:30,0.0
04/02/2023 10:30,0.0
04/02/2023 11:00,0.0
04/02/2023 11:00,0.0
04/02/2023 11:30,0.0
04/02/2023 11:30,0.0
04/02/2023 12:00,0.0
04/02/2023 12:00,0.0
04/02/2023 12:30,0.0
04/02/2023 12:30,0.0
04/02/2023 13:00,0.0
04/02/2023 13:00,0.0
04/02/2023 13:30,0.0
04/02/2023 13:30,0.0
04/02/2023 14:00,0.0
04/02/2023 14:00,0.0
04/02/2023 14:30,0.0
04/02/2023 14:30,0.0
04/02/2023 15:00,0.0
04/02/2023 15:00,0.0
04/02/2023 15:30,0.0
04/02/2023 15:30,0.0
04/02/2023 16:00,0.0
04/02/2023 16:00,0.0
04/02/2023 16:30,0.0
04/02/2023 16:30,0.0
04/02/2023 17:00,0.0
04/02/2023 17:00,0.0
04/02/2023 17:30,0.0
04/02/2023 17:30,0.0
04/02/2023 18:00,0.0
04/02/2023 18:00,0.0
04/02/2023 18:30,0.0
04/02/2023 18:30,0.0
04/02/2023 19:00,0.0
04/02/2023 19:00,0.0
04/02/2023 19:30,0.0
04/02/2023 19:30,0.0
04/02/2023 20:00,0.0
04/02/2023 20:00,0.0
04/02/2023 20:30,0.0
04/02/2023 20:30,0.0
04/02/2023 21:00,0.0
04/02/2023 21:00,0.0
04/02/2023 21:30,0.0
04/02/2023 21:30,0.0
04/02/2023 22:00,0.0
04/02/2023 22:00,0.0
04/02/2023 22:30,0.0
04/02/2023 22:30,0.0
04/02/2023 23:00,0.0
04/02/2023 23:00,0.0
04/02/2023 23:30,0.0
04/02/2023 23:30,0.0
04/03/2023 00:00,0.0
04/03/2023 00:30,0.0
04/03/2023 01:00,0.0
04/03/2023 01:30,0.0
04/03/2023 02:00,0.0
04/03/2023 02:30,0.0
04/03/2023 03:00,0.0
04/03/2023 03:30,0.0
04/03/2023 04:00,0.0
04/03/2023 04:30,0.0
04/03/2023 05:00,0.0
04/03/2023 05:30,0.0
04/03/2023 06:00,0.0
04/03/2023 06:30,0.0
04/03/2023 07:00,0.0
04/03/2023 07:30,0.0
04/03/2023 08:00,0.0
04/03/2023 08:30,0.0
04/03/2023 09:00,0.0
04/03/2023 09:30,0.0
04/03/2023 10:00,0.0
04/03/2023 10:30,0.0
04/03/2023 11:00,0.0
04/03/2023 11:30,0.0
04/03/2023 12:00,0.0
04/03/2023 12:30,0.0
04/03/2023 13:00,0.0
04/03/2023 13:30,0.0
04/03/2023 14:00,0.0
04/03/2023 14:30,0.0
04/03/2023 15:00,0.0
04/03/2023 15:30,0.0
04/03/2023 16:00,0.0
04/03/2023 16:30,0.0
04/03/2023 17:00,0.0
04/03/2023 17:30,0.0
04/03/2023 18:00,0.0
04/03/2023 18:30,0.0
04/03/2023 19:00,0.0
04/03/2023 19:30,0.0
04/03/2023 20:00,0.0
04/03/2023 20:30,0.0
04/03/2023 21:00,0.0
04/03/2023 21:30,0.0
04/03/2023 22:00,0.0
04/03/2023 22:30,0.0
04/03/2023 23:00,0.0
04/03/2023 23:30,0.0
04/04/2023 00:00,0.0
04/04/2023 00:30,0.0
04/04/2023 01:00,0.0
04/04/2023 01:30,0.0
04/04/2023 02:00,0.0
04/04/2023 02:30,0.0
04/04/2023 03:00,0.0
04/04/2023 03:30,0.0
04/04/2023 04:00,0.0
04/04/2023 04:30,0.0
04/04/2023 05:00,0.0
04/04/2023 05:30,0.0
04/04/2023 06:00,0.0
04/04/2023 06:30,0.0
04/04/2023 07:00,0.0
04/04/2023 07:30,0.0
04/04/2023 08:00,0.0
04/04/2023 08:30,0.0
04/04/2023 09:00,0.0
04/04/2023 09:30,0.0
04/04/2023 10:00,0.0
04/04/2023 10:30,0.0
04/04/2023 11:00,0.0
04/04/2023 11:30,0.0
04/04/2023 12:00,0.0
04/04/2023 12:30,0.0
04/04/2023 13:00,0.0
04/04/2023 13:30,0.0
04/04/2023 14:00,0.0
04/04/2023 14:30,0.0
04/04/2023 15:00,0.0
04/04/2023 15:30,0.0
04/04/2023 16:00,0.0
04/04/2023 16:30,0.0
04/04/2023 17:00,0.0
04/04/2023 17:30,0.0
04/04/2023 18:00,0.0
04/04/2023 18:30,0.0
04/04/2023 19:00,0.0
04/04/2023 19:30,0.0
04/04/2023 20:00,0.0
04/04/2023 20:30,0.0
04/04/2023 21:00,0.0
04/04/2023 21:30,0.0
04/04/2023 22:00,0.0
04/04/2023 22:30,0.0
04/04/2023 23:00,0.0
04/04/2023 23:30,0.0
04/05/2023 00:00,0.0
04/05/2023 00:30,0.0
04/05/2023 01:00,0.0
04/05/2023 01:30,0.0
04/05/2023 02:00,0.0
04/05/2023 02:30,0.0
04/05/2023 03:00,0.0
04/05/2023 03:30,0.0
04/05/2023 04:00,0.0
04/05/2023 04:30,0.0
04/05/2023 05:00,0.0
04/05/2023 05:30,0.0
04/05/2023 06:00,0.0
04/05/2023 06:30,0.0
04/05/2023 07:00,0.0
04/05/2023 07:30,0.0
04/05/2023 08:00,0.0
04/05/2023 08:30,0.0
04/05/2023 09:00,0.0
04/05/2023 09:30,0.0
04/05/2023 10:00,0.0
04/05/2023 10:30,0.0
04/05/2023 11:00,0.0
04/05/2023 11:30,0.0
04/05/2023 12:00,0.0
04/05/2023 12:30,0.0
04/05/2023 13:00,0.0
04/05/2023 13:30,0.0
04/05/2023 14:00,0.0
04/05/2023 14:30,0.0
04/05/2023 15:00,0.0
04/05/2023 15:30,0.0
04/05/2023 16:00,0.0
04/05/2023 16:30,0.0
04/05/2023 17:00,0.0
04/05/2023 17:30,0.0
04/05/2023 18:00,0.0
04/05/2023 18:30,0.0
04/05/2023 19:00,0.0
04/05/2023 19:30,0.0
04/05/2023 20:00,0.0
04/05/2023 20:30,0.0
04/05/2023 21:00,0.0
04/05/2023 21:30,0.0
04/05/2023 22:00,0.0
04/05/2023 22:30,0.0
04/05/2023 23:00,0.0
04/05/2023 23:30,0.0
04/06/2023 00:00,0.0
04/06/2023 00:30,0.0
04/06/2023 01:00,0.0
04/06/2023 01:30,0.0
04/06/2023 02:00,0.0
04/06/2023 02:30,0.0
04/06/2023 03:00,0.0
04/06/2023 03:30,0.0
04/06/2023 04:00,0.0
04/06/2023 04:30,0.0
04/06/2023 05:00,0.0
04/06/2023 05:30,0.0
04/06/2023 06:00,0.0
04/06/2023 06:30,0.0
04/06/2023 07:00,0.0
04/06/2023 07:30,0.0
04/06/2023 08:00,0.0
04/06/2023 08:30,0.0
04/06/2023 09:00,0.0
04/06/2023 09:30,0.0
04/06/2023 10:00,0.0
04/06/2023 10:30,0.0
04/06/2023 11:00,0.0
04/06/2023 11:30,0.0
04/06/2023 12:00,0.0
04/06/2023 12:30,0.0
04/06/2023 13:00,0.0
04/06/2023 13:30,0.0
04/06/2023 14:00,0.0
04/06/2023 14:30,0.0
04/06/2023 15:00,0.0
04/06/2023 15:30,0.0
04/06/2023 16:00,0.0
04/06/2023 16:30,0.0
04/06/2023 17:00,0.0
04/06/2023 17:30,0.0
04/06/2023 18:00,0.0
04/06/2023 18:30,0.0
04/06/2023 19:00,0.0
04/06/2023 19:30,0.0
04/06/2023 20:00,0.0
04/06/2023 20:30,0.0
04/06/2023 21:00,0.0
04/06/2023 21:30,0.0
04/06/2023 22:00,0.0
04/06/2023 22:30,0.0
04/06/2023 23:00,0.0
04/06/2023 23:30,0.0
04/07/2023 00:00,0.0
04/07/2023 00:00,0.0
04/07/2023 00:30,0.0
04/07/2023 00:30,0.0
04/07/2023 01:00,0.0
04/07/2023 01:00,0.0
04/07/2023 01:30,0.0
04/07/2023 01:30,0.0
04/07/2023 02:00,0.0
04/07/2023 02:00,0.0
04/07/2023 02:30,0.0
04/07/2023 02:30,0.0
04/07/2023 03:00,0.0
04/07/2023 03:00,0.0
04/07/2023 03:30,0.0
04/07/2023 03:30,0.0
04/07/2023 04:00,0.0
04/07/2023 04:00,0.0
04/07/2023 04:30,0.0
04/07/2023 04:30,0.0
04/07/2023 05:00,0.0
04/07/2023 05:00,0.0
04/07/2023 05:30,0.0
04/07/2023 05:30,0.0
04/07/2023 06:00,0.0
04/07/2023 06:00,0.0
04/07/2023 06:30,0.0
04/07/2023 06:30,0.0
04/07/2023 07:00,0.0
04/07/2023 07:00,0.0
04/07/2023 07:30,0.0
04/07/2023 07:30,0.0
04/07/2023 08:00,0.0
04/07/2023 08:00,0.0
04/07/2023 08:30,0.0
04/07/2023 08:30,0.0
04/07/2023 09:00,0.0
04/07/2023 09:00,0.0
04/07/2023 09:30,0.0
04/07/2023 09:30,0.0
04/07/2023 10:00,0.0
04/07/2023 10:00,0.0
04/07/2023 10:30,0.0
04/07/2023 10:30,0.0
04/07/2023 11:00,0.0
04/07/2023 11:00,0.0
04/07/2023 11:30,0.0
04/07/2023 11:30,0.0
04/07/2023 12:00,0.0
04/07/2023 12:00,0.0
04/07/2023 12:30,0.0
04/07/2023 12:30,0.0
04/07/2023 13:00,0.0
04/07/2023 13:00,0.0
04/07/2023 13:30,0.0
04/07/2023 13:30,0.0
04/07/2023 14:00,0.0
04/07/2023 14:00,0.0
04/07/2023 14:30,0.0
04/07/2023 14:30,0.0
04/07/2023 15:00,0.0
04/07/2023 15:00,0.0
04/07/2023 15:30,0.0
04/07/2023 15:30,0.0
04/07/2023 16:00,0.0
04/07/2023 16:00,0.0
04/07/2023 16:30,0.0
04/07/2023 16:30,0.0
04/07/2023 17:00,0.0
04/07/2023 17:00,0.0
04/07/2023 17:30,0.0
04/07/2023 17:30,0.0
04/07/2023 18:00,0.0
04/07/2023 18:00,0.0
04/07/2023 18:30,0.0
04/07/2023 18:30,0.0
04/07/2023 19:00,0.0
04/07/2023 19:00,0.0
04/07/2023 19:30,0.0
04/07/2023 19:30,0.0
04/07/2023 20:00,0.0
04/07/2023 20:00,0.0
04/07/2023 20:30,0.0
04/07/2023 20:30,0.0
04/07/2023 21:00,0.0
04/07/2023 21:00,0.0
04/07/2023 21:30,0.0
04/07/2023 21:30,0.0
04/07/2023 22:00,0.0
04/07/2023 22:00,0.0
04/07/2023 22:30,0.0
04/07/2023 22:30,0.0
04/07/2023 23:00,0.0
04/07/2023 23:00,0.0
04/07/2023 23:30,0.0
04/07/2023 23:30,0.0
04/08/2023 00:00,0.0
04/08/2023 00:00,0.0
04/08/2023 00:30,0.0
04/08/2023 00:30,0.0
04/08/2023 01:00,0.0
04/08/2023 01:00,0.0
04/08/2023 01:30,0.0
04/08/2023 01:30,0.0
04/08/2023 02:00,0.0
04/08/2023 02:00,0.0
04/08/2023 02:30,0.0
04/08/2023 02:30,0.0
04/08/2023 03:00,0.0
04/08/2023 03:00,0.0
04/08/2023 03:30,0.0
04/08/2023 03:30,0.0
04/08/2023 04:00,0.0
04/08/2023 04:00,0.0
04/08/2023 04:30,0.0
04/08/2023 04:30,0.0
04/08/2023 05:00,0.0
04/08/2023 05:00,0.0
04/08/2023 05:30,0.0
04/08/2023 05:30,0.0
04/08/2023 06:00,0.0
04/08/2023 06:00,0.0
04/08/2023 06:30,0.0
04/08/2023 06:30,0.0
04/08/2023 07:00,0.0
04/08/2023 07:00,0.0
04/08/2023 07:30,0.0
04/08/2023 07:30,0.0
04/08/2023 08:00,0.0
04/08/2023 08:00,0.0
04/08/2023 08:30,0.0
04/08/2023 08:30,0.0
04/08/2023 09:00,0.0
04/08/2023 09:00,0.0
04/08/2023 09:30,0.0
04/08/2023 09:30,0.0
04/08/2023 10:00,0.0
04/08/2023 10:00,0.0
04/08/2023 10:30,0.0
04/08/2023 10:30,0.0
04/08/2023 11:00,0.0
04/08/2023 11:00,0.0
04/08/2023 11:30,0.0
04/08/2023 11:30,0.0
04/08/2023 12:00,0.0
04/08/2023 12:00,0.0
04/08/2023 12:30,0.0
04/08/2023 12:30,0.0
04/08/2023 13:00,0.0
04/08/2023 13:00,0.0
04/08/2023 13:30,0.0
04/08/2023 13:30,0.0
04/08/2023 14:00,0.0
04/08/2023 14:00,0.0
04/08/2023 14:30,0.0
04/08/2023 14:30,0.0
04/08/2023 15:00,0.0
04/08/2023 15:00,0.0
04/08/2023 15:30,0.0
04/08/2023 15:30,0.0
04/08/2023 16:00,0.0
04/08/2023 16:00,0.0
04/08/2023 16:30,0.0
04/08/2023 16:30,0.0
04/08/2023 17:00,0.0
04/08/2023 17:00,0.0
04/08/2023 17:30,0.0
04/08/2023 17:30,0.0
04/08/2023 18:00,0.0
04/08/2023 18:00,0.0
04/08/2023 18:30,0.0
04/08/2023 18:30,0.0
04/08/2023 19:00,0.0
04/08/2023 19:00,0.0
04/08/2023 19:30,0.0
04/08/2023 19:30,0.0
04/08/2023 20:00,0.0
04/08/2023 20:00,0.0
04/08/2023 20:30,0.0
04/08/2023 20:30,0.0
04/08/2023 21:00,0.0
04/08/2023 21:00,0.0
04/08/2023 21:30,0.0
04/08/2023 21:30,0.0
04/08/2023 22:00,0.0
04/08/2023 22:00,0.0
04/08/2023 22:30,0.0
04/08/2023 22:30,0.0
04/08/2023 23:00,0.0
04/08/2023 23:00,0.0
04/08/2023 23:30,0.0
04/08/2023 23:30,0.0
04/09/2023 00:00,0.0
04/09/2023 00:00,0.0
04/09/2023 00:30,0.0
04/09/2023 00:30,0.0
04/09/2023 01:00,0.0
04/09/2023 01:00,0.0
04/09/2023 01:30,0.0
04/09/2023 01:30,0.0
04/09/2023 02:00,0.0
04/09/2023 02:00,0.0
04/09/2023 02:30,0.0
04/09/2023 02:30,0.0
04/09/2023 03:00,0.0
04/09/2023 03:00,0.0
04/09/2023 03:30,0.0
04/09/2023 03:30,0.0
04/09/2023 04:00,0.0
04/09/2023 04:00,0.0
04/09/2023 04:30,0.0
04/09/2023 04:30,0.0
04/09/2023 05:00,0.0
04/09/2023 05:00,0.0
04/09/2023 05:30,0.0
04/09/2023 05:30,0.0
04/09/2023 06:00,0.0
04/09/2023 06:00,0.0
04/09/2023 06:30,0.0
04/09/2023 06:30,0.0
04/09/2023 07:00,0.0
04/09/2023 07:00,0.0
04/09/2023 07:30,0.0
04/09/2023 07:30,0.0
04/09/2023 08:00,0.0
04/09/2023 08:00,0.0
04/09/2023 08:30,0.0
04/09/2023 08:30,0.0
04/09/2023 09:00,0.0
04/09/2023 09:00,0.0
04/09/2023 09:30,0.0
04/09/2023 09:30,0.0
04/09/2023 10:00,0.0
04/09/2023 10:00,0.0
04/09/2023 10:30,0.0
04/09/2023 10:30,0.0
04/09/2023 11:00,0.0
04/09/2023 11:00,0.0
04/09/2023 11:30,0.0
04/09/2023 11:30,0.0
04/09/2023 12:00,0.0
04/09/2023 12:00,0.0
04/09/2023 12:30,0.0
04/09/2023 12:30,0.0
04/09/2023 13:00,0.0
04/09/2023 13:00,0.0
04/09/2023 13:30,0.0
04/09/2023 13:30,0.0
04/09/2023 14:00,0.0
04/09/2023 14:00,0.0
04/09/2023 14:30,0.0
04/09/2023 14:30,0.0
04/09/2023 15:00,0.0
04/09/2023 15:00,0.0
04/09/2023 15:30,0.0
04/09/2023 15:30,0.0
04/09/2023 16:00,0.0
04/09/2023 16:00,0.0
04/09/2023 16:30,0.0
04/09/2023 16:30,0.0
04/09/2023 17:00,0.0
04/09/2023 17:00,0.0
04/09/2023 17:30,0.0
04/09/2023 17:30,0.0
04/09/2023 18:00,0.0
04/09/2023 18:00,0.0
04/09/2023 18:30,0.0
04/09/2023 18:30,0.0
04/09/2023 19:00,0.0
04/09/2023 19:00,0.0
04/09/2023 19:30,0.0
04/09/2023 19:30,0.0
04/09/2023 20:00,0.0
04/09/2023 20:00,0.0
04/09/2023 20:30,0.0
04/09/2023 20:30,0.0
04/09/2023 21:00,0.0
04/09/2023 21:00,0.0
04/09/2023 21:30,0.0
04/09/2023 21:30,0.0
04/09/2023 22:00,0.0
04/09/2023 22:00,0.0
04/09/2023 22:30,0.0
04/09/2023 22:30,0.0
04/09/2023 23:00,0.0
04/09/2023 23:00,0.0
04/09/2023 23:30,0.0
04/09/2023 23:30,0.0
04/10/2023 00:00,0.0
04/10/2023 00:30,0.0
04/10/2023 01:00,0.0
04/10/2023 01:30,0.0
04/10/2023 02:00,0.0
04/10/2023 02:30,0.0
04/10/2023 03:00,0.0
04/10/2023 03:30,0.0
04/10/2023 04:00,0.0
04/10/2023 04:30,0.0
04/10/2023 05:00,0.0
04/10/2023 05:30,0.0
04/10/2023 06:00,0.0
04/10/2023 06:30,0.0
04/10/2023 07:00,0.0
04/10/2023 07:30,0.0
04/10/2023 08:00,0.0
04/10/2023 08:30,0.0
04/10/2023 09:00,0.0
04/10/2023 09:30,0.0
04/10/2023 10:00,0.0
04/10/2023 10:30,0.0
04/10/2023 11:00,0.0
04/10/2023 11:30,0.0
04/10/2023 12:00,0.0
04/10/2023 12:30,0.0
04/10/2023 13:00,0.0
04/10/2023 13:30,0.0
04/10/2023 14:00,0.0
04/10/2023 14:30,0.0
04/10/2023 15:00,0.0
04/10/2023 15:30,0.0
04/10/2023 16:00,0.0
04/10/2023 16:30,0.0
04/10/2023 17:00,0.0
04/10/2023 17:30,0.0
04/10/2023 18:00,0.0
04/10/2023 18:30,0.0
04/10/2023 19:00,0.0
04/10/2023 19:30,0.0
04/10/2023 20:00,0.0
04/10/2023 20:30,0.0
04/10/2023 21:00,0.0
04/10/2023 21:30,0.0
04/10/2023 22:00,0.0
04/10/2023 22:30,0.0
04/10/2023 23:00,0.0
04/10/2023 23:30,0.0
04/11/2023 00:00,0.0
04/11/2023 00:30,0.0
04/11/2023 01:00,0.0
04/11/2023 01:30,0.0
04/11/2023 02:00,0.0
04/11/2023 02:30,0.0
04/11/2023 03:00,0.0
04/11/2023 03:30,0.0
04/11/2023 04:00,0.0
04/11/2023 04:30,0.0
04/11/2023 05:00,0.0
04/11/2023 05:30,0.0
04/11/2023 06:00,0.0
04/11/2023 06:30,0.0
04/11/2023 07:00,0.0
04/11/2023 07:30,0.0
04/11/2023 08:00,0.0
04/11/2023 08:30,0.0
04/11/2023 09:00,0.0
04/11/2023 09:30,0.0
04/11/2023 10:00,0.0
04/11/2023 10:30,0.0
04/11/2023 11:00,0.0
04/11/2023 11:30,0.0
04/11/2023 12:00,0.0
04/11/2023 12:30,0.0
04/11/2023 13:00,0.0
04/11/2023 13:30,0.0
04/11/2023 14:00,0.0
04/11/2023 14:30,0.0
04/11/2023 15:00,0.0
04/11/2023 15:30,0.0
04/11/2023 16:00,0.0
04/11/2023 16:30,0.0
04/11/2023 17:00,0.0
04/11/2023 17:30,0.0
04/11/2023 18:00,0.0
04/11/2023 18:30,0.0
04/11/2023 19:00,0.0
04/11/2023 19:30,0.0
04/11/2023 20:00,0.0
04/11/2023 20:30,0.0
04/11/2023 21:00,0.0
04/11/2023 21:30,0.0
04/11/2023 22:00,0.0
04/11/2023 22:30,0.0
04/11/2023 23:00,0.0
04/11/2023 23:30,0.0
04/12/2023 00:00,0.0
04/12/2023 00:30,0.0
04/12/2023 01:00,0.0
04/12/2023 01:30,0.0
04/12/2023 02:00,0.0
04/12/2023 02:30,0.0
04/12/2023 03:00,0.0
04/12/2023 03:30,0.0
04/12/2023 04:00,0.0
04/12/2023 04:30,0.0
04/12/2023 05:00,0.0
04/12/2023 05:30,0.0
04/12/2023 06:00,0.0
04/12/2023 06:30,0.0
04/12/2023 07:00,0.0
04/12/2023 07:30,0.0
04/12/2023 08:00,0.0
04/12/2023 08:30,0.0
04/12/2023 09:00,0.0
04/12/2023 09:30,0.0
04/12/2023 10:00,0.0
04/12/2023 10:30,0.0
04/12/2023 11:00,0.0
04/12/2023 11:30,0.0
04/12/2023 12:00,0.0
04/12/2023 12:30,0.0
04/12/2023 13:00,0.0
04/12/2023 13:30,0.0
04/12/2023 14:00,0.0
04/12/2023 14:30,0.0
04/12/2023 15:00,0.0
04/12/2023 15:30,0.0
04/12/2023 16:00,0.0
04/12/2023 16:30,0.0
04/12/2023 17:00,0.0
04/12/2023 17:30,0.0
04/12/2023 18:00,0.0
04/12/2023 18:30,0.0
04/12/2023 19:00,0.0
04/12/2023 19:30,0.0
04/12/2023 20:00,0.0
04/12/2023 20:30,0.0
04/12/2023 21:00,0.0
04/12/2023 21:30,0.0
04/12/2023 22:00,0.0
04/12/2023 22:30,0.0
04/12/2023 23:00,0.0
04/12/2023 23:30,0.0
04/13/2023 00:00,0.0
04/13/2023 00:30,0.0
04/13/2023 01:00,0.0
04/13/2023 01:30,0.0
04/13/2023 02:00,0.0
04/13/2023 02:30,0.0
04/13/2023 03:00,0.0
04/13/2023 03:30,0.0
04/13/2023 04:00,0.0
04/13/2023 04:30,0.0
04/13/2023 05:00,0.0
04/13/2023 05:30,0.0
04/13/2023 06:00,0.0
04/13/2023 06:30,0.0
04/13/2023 07:00,0.0
04/13/2023 07:30,0.0
04/13/2023 08:00,0.0
04/13/2023 08:30,0.0
04/13/2023 09:00,0.0
04/13/2023 09:30,0.0
04/13/2023 10:00,0.0
04/13/2023 10:30,0.0
04/13/2023 11:00,0.0
04/13/2023 11:30,0.0
04/13/2023 12:00,0.0
04/13/2023 12:30,0.0
04/13/2023 13:00,0.0
04/13/2023 13:30,0.0
04/13/2023 14:00,0.0
04/13/2023 14:30,0.0
04/13/2023 15:00,0.0
04/13/2023 15:30,0.0
04/13/2023 16:00,0.0
04/13/2023 16:30,0.0
04/13/2023 17:00,0.0
04/13/2023 17:30,0.0
04/13/2023 18:00,0.0
04/13/2023 18:30,0.0
04/13/2023 19:00,0.0
04/13/2023 19:30,0.0
04/13/2023 20:00,0.0
04/13/2023 20:30,0.0
04/13/2023 21:00,0.0
04/13/2023 21:30,0.0
04/13/2023 22:00,0.0
04/13/2023 22:30,0.0
04/13/2023 23:00,0.0
04/13/2023 23:30,0.0
04/14/2023 00:00,0.0
04/14/2023 00:00,0.0
04/14/2023 00:30,0.0
04/14/2023 00:30,0.0
04/14/2023 01:00,0.0
04/14/2023 01:00,0.0
04/14/2023 01:30,0.0
04/14/2023 01:30,0.0
04/14/2023 02:00,0.0
04/14/2023 02:00,0.0
04/14/2023 02:30,0.0
04/14/2023 02:30,0.0
04/14/2023 03:00,0.0
04/14/2023 03:00,0.0
04/14/2023 03:30,0.0
04/14/2023 03:30,0.0
04/14/2023 04:00,0.0
04/14/2023 04:00,0.0
04/14/2023 04:30,0.0
04/14/2023 04:30,0.0
04/14/2023 05:00,0.0
04/14/2023 05:00,0.0
04/14/2023 05:30,0.0
04/14/2023 05:30,0.0
04/14/2023 06:00,0.0
04/14/2023 06:00,0.0
04/14/2023 06:30,0.0
04/14/2023 06:30,0.0
04/14/2023 07:00,0.0
04/14/2023 07:00,0.0
04/14/2023 07:30,0.0
04/14/2023 07:30,0.0
04/14/2023 08:00,0.0
04/14/2023 08:00,0.0
04/14/2023 08:30,0.0
04/14/2023 08:30,0.0
04/14/2023 09:00,0.0
04/14/2023 09:00,0.0
04/14/2023 09:30,0.0
04/14/2023 09:30,0.0
04/14/2023 10:00,0.0
04/14/2023 10:00,0.0
04/14/2023 10:30,0.0
04/14/2023 10:30,0.0
04/14/2023 11:00,0.0
04/14/2023 11:00,0.0
04/14/2023 11:30,0.0
04/14/2023 11:30,0.0
04/14/2023 12:00,0.0
04/14/2023 12:00,0.0
04/14/2023 12:30,0.0
04/14/2023 12:30,0.0
04/14/2023 13:00,0.0
04/14/2023 13:00,0.0
04/14/2023 13:30,0.0
04/14/2023 13:30,0.0
04/14/2023 14:00,0.0
04/14/2023 14:00,0.0
04/14/2023 14:30,0.0
04/14/2023 14:30,0.0
04/14/2023 15:00,0.0
04/14/2023 15:00,0.0
04/14/2023 15:30,0.0
04/14/2023 15:30,0.0
04/14/2023 16:00,0.0
04/14/2023 16:00,0.0
04/14/2023 16:30,0.0
04/14/2023 16:30,0.0
04/14/2023 17:00,0.0
04/14/2023 17:00,0.0
04/14/2023 17:30,0.0
04/14/2023 17:30,0.0
04/14/2023 18:00,0.0
04/14/2023 18:00,0.0
04/14/2023 18:30,0.0
04/14/2023 18:30,0.0
04/14/2023 19:00,0.0
04/14/2023 19:00,0.0
04/14/2023 19:30,0.0
04/14/2023 19:30,0.0
04/14/2023 20:00,0.0
04/14/2023 20:00,0.0
04/14/2023 20:30,0.0
04/14/2023 20:30,0.0
04/14/2023 21:00,0.0
04/14/2023 21:00,0.0
04/14/2023 21:30,0.0
04/14/2023 21:30,0.0
04/14/2023 22:00,0.0
04/14/2023 22:00,0.0
04/14/2023 22:30,0.0
04/14/2023 22:30,0.0
04/14/2023 23:00,0.0
04/14/2023 23:00,0.0
04/14/2023 23:30,0.0
04/14/2023 23:30,0.0
04/15/2023 00:00,0.0
04/15/2023 00:30,0.0
04/15/2023 01:00,0.0
04/15/2023 01:30,0.0
04/15/2023 02:00,0.0
04/15/2023 02:30,0.0
04/15/2023 03:00,0.0
04/15/2023 03:30,0.0
04/15/2023 04:00,0.0
04/15/2023 04:30,0.0
04/15/2023 05:00,0.0
04/15/2023 05:30,0.0
04/15/2023 06:00,0.0
04/15/2023 06:30,0.0
04/15/2023 07:00,0.0
04/15/2023 07:30,0.0
04/15/2023 08:00,0.0
04/15/2023 08:30,0.0
04/15/2023 09:00,0.0
04/15/2023 09:30,0.0
04/15/2023 10:00,0.0
04/15/2023 10:30,0.0
04/15/2023 11:00,0.0
04/15/2023 11:30,0.0
04/15/2023 12:00,0.0
04/15/2023 12:30,0.0
04/15/2023 13:00,0.0
04/15/2023 13:30,0.0
04/15/2023 14:00,0.0
04/15/2023 14:30,0.0
04/15/2023 15:00,0.0
04/15/2023 15:30,0.0
04/15/2023 16:00,0.0
04/15/2023 16:30,0.0
04/15/2023 17:00,0.0
04/15/2023 17:30,0.0
04/15/2023 18:00,0.0
04/15/2023 18:30,0.0
04/15/2023 19:00,0.0
04/15/2023 19:30,0.0
04/15/2023 20:00,0.0
04/15/2023 20:30,0.0
04/15/2023 21:00,0.0
04/15/2023 21:30,0.0
04/15/2023 22:00,0.0
04/15/2023 22:30,0.0
04/15/2023 23:00,0.0
04/15/2023 23:30,0.0
04/16/2023 00:00,0.0
04/16/2023 00:00,0.0
04/16/2023 00:30,0.0
04/16/2023 00:30,0.0
04/16/2023 01:00,0.0
04/16/2023 01:00,0.0
04/16/2023 01:30,0.0
04/16/2023 01:30,0.0
04/16/2023 02:00,0.0
04/16/2023 02:00,0.0
04/16/2023 02:30,0.0
04/16/2023 02:30,0.0
04/16/2023 03:00,0.0
04/16/2023 03:00,0.0
04/16/2023 03:30,0.0
04/16/2023 03:30,0.0
04/16/2023 04:00,0.0
04/16/2023 04:00,0.0
04/16/2023 04:30,0.0
04/16/2023 04:30,0.0
04/16/2023 05:00,0.0
04/16/2023 05:00,0.0
04/16/2023 05:30,0.0
04/16/2023 05:30,0.0
04/16/2023 06:00,0.0
04/16/2023 06:00,0.0
04/16/2023 06:30,0.0
04/16/2023 06:30,0.0
04/16/2023 07:00,0.0
04/16/2023 07:00,0.0
04/16/2023 07:30,0.0
04/16/2023 07:30,0.0
04/16/2023 08:00,0.0
04/16/2023 08:00,0.0
04/16/2023 08:30,0.0
04/16/2023 08:30,0.0
04/16/2023 09:00,0.0
04/16/2023 09:00,0.0
04/16/2023 09:30,0.0
04/16/2023 09:30,0.0
04/16/2023 10:00,0.0
04/16/2023 10:00,0.0
04/16/2023 10:30,0.0
04/16/2023 10:30,0.0
04/16/2023 11:00,0.0
04/16/2023 11:00,0.0
04/16/2023 11:30,0.0
04/16/2023 11:30,0.0
04/16/2023 12:00,0.0
04/16/2023 12:00,0.0
04/16/2023 12:30,0.0
04/16/2023 12:30,0.0
04/16/2023 13:00,0.0
04/16/2023 13:00,0.0
04/16/2023 13:30,0.0
04/16/2023 13:30,0.0
04/16/2023 14:00,0.0
04/16/2023 14:00,0.0
04/16/2023 14:30,0.0
04/16/2023 14:30,0.0
04/16/2023 15:00,0.0
04/16/2023 15:00,0.0
04/16/2023 15:30,0.0
04/16/2023 15:30,0.0
04/16/2023 16:00,0.0
04/16/2023 16:00,0.0
04/16/2023 16:30,0.0
04/16/2023 16:30,0.0
04/16/2023 17:00,0.0
04/16/2023 17:00,0.0
04/16/2023 17:30,0.0
04/16/2023 17:30,0.0
04/16/2023 18:00,0.0
04/16/2023 18:00,0.0
04/16/2023 18:30,0.0
04/16/2023 18:30,0.0
04/16/2023 19:00,0.0
04/16/2023 19:00,0.0
04/16/2023 19:30,0.0
04/16/2023 19:30,0.0
04/16/2023 20:00,0.0
04/16/2023 20:00,0.0
04/16/2023 20:30,0.0
04/16/2023 20:30,0.0
04/16/2023 21:00,0.0
04/16/2023 21:00,0.0
04/16/2023 21:30,0.0
04/16/2023 21:30,0.0
04/16/2023 22:00,0.0
04/16/2023 22:00,0.0
04/16/2023 22:30,0.0
04/16/2023 22:30,0.0
04/16/2023 23:00,0.0
04/16/2023 23:00,0.0
04/16/2023 23:30,0.0
04/16/2023 23:30,0.0
04/17/2023 00:00,0.0
04/17/2023 00:30,0.0
04/17/2023 01:00,0.0
04/17/2023 01:30,0.0
04/17/2023 02:00,0.0
04/17/2023 02:30,0.0
04/17/2023 03:00,0.0
04/17/2023 03:30,0.0
04/17/2023 04:00,0.0
04/17/2023 04:30,0.0
04/17/2023 05:00,0.0
04/17/2023 05:30,0.0
04/17/2023 06:00,0.0
04/17/2023 06:30,0.0
04/17/2023 07:00,0.0
04/17/2023 07:30,0.0
04/17/2023 08:00,0.0
04/17/2023 08:30,0.0
04/17/2023 09:00,0.0
04/17/2023 09:30,0.0
04/17/2023 10:00,0.0
04/17/2023 10:30,0.0
04/17/2023 11:00,0.0
04/17/2023 11:30,0.0
04/17/2023 12:00,0.0
04/17/2023 12:30,0.0
04/17/2023 13:00,0.0
04/17/2023 13:30,0.0
04/17/2023 14:00,0.0
04/17/2023 14:30,0.0
04/17/2023 15:00,0.0
04/17/2023 15:30,0.0
04/17/2023 16:00,0.0
04/17/2023 16:30,0.0
04/17/2023 17:00,0.0
04/17/2023 17:30,0.0
04/17/2023 18:00,0.0
04/17/2023 18:30,0.0
04/17/2023 19:00,0.0
04/17/2023 19:30,0.0
04/17/2023 20:00,0.0
04/17/2023 20:30,0.0
04/17/2023 21:00,0.0
04/17/2023 21:30,0.0
04/17/2023 22:00,0.0
04/17/2023 22:30,0.0
04/17/2023 23:00,0.0
04/17/2023 23:30,0.0
04/18/2023 00:00,0.0
04/18/2023 00:30,0.0
04/18/2023 01:00,0.0
04/18/2023 01:30,0.0
04/18/2023 02:00,0.0
04/18/2023 02:30,0.0
04/18/2023 03:00,0.0
04/18/2023 03:30,0.0
04/18/2023 04:00,0.0
04/18/2023 04:30,0.0
04/18/2023 05:00,0.0
04/18/2023 05:30,0.0
04/18/2023 06:00,0.0
04/18/2023 06:30,0.0
04/18/2023 07:00,0.0
04/18/2023 07:30,0.0
04/18/2023 08:00,0.0
04/18/2023 08:30,0.0
04/18/2023 09:00,0.0
04/18/2023 09:30,0.0
04/18/2023 10:00,0.0
04/18/2023 10:30,0.0
04/18/2023 11:00,0.0
04/18/2023 11:30,0.0
04/18/2023 12:00,0.0
04/18/2023 12:30,0.0
04/18/2023 13:00,0.0
04/18/2023 13:30,0.0
04/18/2023 14:00,0.0
04/18/2023 14:30,0.0
04/18/2023 15:00,0.0
04/18/2023 15:30,0.0
04/18/2023 16:00,0.0
04/18/2023 16:30,0.0
04/18/2023 17:00,0.0
04/18/2023 17:30,0.0
04/18/2023 18:00,0.0
04/18/2023 18:30,0.0
04/18/2023 19:00,0.0
04/18/2023 19:30,0.0
04/18/2023 20:00,0.0
04/18/2023 20:30,0.0
04/18/2023 21:00,0.0
04/18/2023 21:30,0.0
04/18/2023 22:00,0.0
04/18/2023 22:30,0.0
04/18/2023 23:00,0.0
04/18/2023 23:30,0.0
04/19/2023 00:00,0.0
04/19/2023 00:30,0.0
04/19/2023 01:00,0.0
04/19/2023 01:30,0.0
04/19/2023 02:00,0.0
04/19/2023 02:30,0.0
04/19/2023 03:00,0.0
04/19/2023 03:30,0.0
04/19/2023 04:00,0.0
04/19/2023 04:30,0.0
04/19/2023 05:00,0.0
04/19/2023 05:30,0.0
04/19/2023 06:00,0.0
04/19/2023 06:30,0.0
04/19/2023 07:00,0.0
04/19/2023 07:30,0.0
04/19/2023 08:00,0.0
04/19/2023 08:30,0.0
04/19/2023 09:00,0.0
04/19/2023 09:30,0.0
04/19/2023 10:00,0.0
04/19/2023 10:30,0.0
04/19/2023 11:00,0.0
04/19/2023 11:30,0.0
04/19/2023 12:00,0.0
04/19/2023 12:30,0.0
04/19/2023 13:00,0.0
04/19/2023 13:30,0.0
04/19/2023 14:00,0.0
04/19/2023 14:30,0.0
04/19/2023 15:00,0.0
04/19/2023 15:30,0.0
04/19/2023 16:00,0.0
04/19/2023 16:30,0.0
04/19/2023 17:00,0.0
04/19/2023 17:30,0.0
04/19/2023 18:00,0.0
04/19/2023 18:30,0.0
04/19/2023 19:00,0.0
04/19/2023 19:30,0.0
04/19/2023 20:00,0.0
04/19/2023 20:30,0.0
04/19/2023 21:00,0.0
04/19/2023 21:30,0.0
04/19/2023 22:00,0.0
04/19/2023 22:30,0.0
04/19/2023 23:00,0.0
04/19/2023 23:30,0.0
04/20/2023 00:00,0.0
04/20/2023 00:00,0.0
04/20/2023 00:30,0.0
04/20/2023 00:30,0.0
04/20/2023 01:00,0.0
04/20/2023 01:00,0.0
04/20/2023 01:30,0.0
04/20/2023 01:30,0.0
04/20/2023 02:00,0.0
04/20/2023 02:00,0.0
04/20/2023 02:30,0.0
04/20/2023 02:30,0.0
04/20/2023 03:00,0.0
04/20/2023 03:00,0.0
04/20/2023 03:30,0.0
04/20/2023 03:30,0.0
04/20/2023 04:00,0.0
04/20/2023 04:00,0.0
04/20/2023 04:30,0.0
04/20/2023 04:30,0.0
04/20/2023 05:00,0.0
04/20/2023 05:00,0.0
04/20/2023 05:30,0.0
04/20/2023 05:30,0.0
04/20/2023 06:00,0.0
04/20/2023 06:00,0.0
04/20/2023 06:30,0.0
04/20/2023 06:30,0.0
04/20/2023 07:00,0.0
04/20/2023 07:00,0.0
04/20/2023 07:30,0.0
04/20/2023 07:30,0.0
04/20/2023 08:00,0.0
04/20/2023 08:00,0.0
04/20/2023 08:30,0.0
04/20/2023 08:30,0.0
04/20/2023 09:00,0.0
04/20/2023 09:00,0.0
04/20/2023 09:30,0.0
04/20/2023 09:30,0.0
04/20/2023 10:00,0.0
04/20/2023 10:00,0.0
04/20/2023 10:30,0.0
04/20/2023 10:30,0.0
04/20/2023 11:00,0.0
04/20/2023 11:00,0.0
04/20/2023 11:30,0.0
04/20/2023 11:30,0.0
04/20/2023 12:00,0.0
04/20/2023 12:00,0.0
04/20/2023 12:30,0.0
04/20/2023 12:30,0.0
04/20/2023 13:00,0.0
04/20/2023 13:00,0.0
04/20/2023 13:30,0.0
04/20/2023 13:30,0.0
04/20/2023 14:00,0.0
04/20/2023 14:00,0.0
04/20/2023 14:30,0.0
04/20/2023 14:30,0.0
04/20/2023 15:00,0.0
04/20/2023 15:00,0.0
04/20/2023 15:30,0.0
04/20/2023 15:30,0.0
04/20/2023 16:00,0.0
04/20/2023 16:00,0.0
04/20/2023 16:30,0.0
04/20/2023 16:30,0.0
04/20/2023 17:00,0.0
04/20/2023 17:00,0.0
04/20/2023 17:30,0.0
04/20/2023 17:30,0.0
04/20/2023 18:00,0.0
04/20/2023 18:00,0.0
04/20/2023 18:30,0.0
04/20/2023 18:30,0.0
04/20/2023 19:00,0.0
04/20/2023 19:00,0.0
04/20/2023 19:30,0.0
04/20/2023 19:30,0.0
04/20/2023 20:00,0.0
04/20/2023 20:00,0.0
04/20/2023 20:30,0.0
04/20/2023 20:30,0.0
04/20/2023 21:00,0.0
04/20/2023 21:00,0.0
04/20/2023 21:30,0.0
04/20/2023 21:30,0.0
04/20/2023 22:00,0.0
04/20/2023 22:00,0.0
04/20/2023 22:30,0.0
04/20/2023 22:30,0.0
04/20/2023 23:00,0.0
04/20/2023 23:00,0.0
04/20/2023 23:30,0.0
04/20/2023 23:30,0.0
04/21/2023 00:00,0.0
04/21/2023 00:30,0.0
04/21/2023 01:00,0.0
04/21/2023 01:30,0.0
04/21/2023 02:00,0.0
04/21/2023 02:30,0.0
04/21/2023 03:00,0.0
04/21/2023 03:30,0.0
04/21/2023 04:00,0.0
04/21/2023 04:30,0.0
04/21/2023 05:00,0.0
04/21/2023 05:30,0.0
04/21/2023 06:00,0.0
04/21/2023 06:30,0.0
04/21/2023 07:00,0.0
04/21/2023 07:30,0.0
04/21/2023 08:00,0.0
04/21/2023 08:30,0.0
04/21/2023 09:00,0.0
04/21/2023 09:30,0.0
04/21/2023 10:00,0.0
04/21/2023 10:30,0.0
04/21/2023 11:00,0.0
04/21/2023 11:30,0.0
04/21/2023 12:00,0.0
04/21/2023 12:30,0.0
04/21/2023 13:00,0.0
04/21/2023 13:30,0.0
04/21/2023 14:00,0.0
04/21/2023 14:30,0.0
04/21/2023 15:00,0.0
04/21/2023 15:30,0.0
04/21/2023 16:00,0.0
04/21/2023 16:30,0.0
04/21/2023 17:00,0.0
04/21/2023 17:30,0.0
04/21/2023 18:00,0.0
04/21/2023 18:30,0.0
04/21/2023 19:00,0.0
04/21/2023 19:30,0.0
04/21/2023 20:00,0.0
04/21/2023 20:30,0.0
04/21/2023 21:00,0.0
04/21/2023 21:30,0.0
04/21/2023 22:00,0.0
04/21/2023 22:30,0.0
04/21/2023 23:00,0.0
04/21/2023 23:30,0.0
04/22/2023 00:00,0.0
04/22/2023 00:30,0.0
04/22/2023 01:00,0.0
04/22/2023 01:30,0.0
04/22/2023 02:00,0.0
04/22/2023 02:30,0.0
04/22/2023 03:00,0.0
04/22/2023 03:30,0.0
04/22/2023 04:00,0.0
04/22/2023 04:30,0.0
04/22/2023 05:00,0.0
04/22/2023 05:30,0.0
04/22/2023 06:00,0.0
04/22/2023 06:30,0.0
04/22/2023 07:00,0.0
04/22/2023 07:30,0.0
04/22/2023 08:00,0.0
04/22/2023 08:30,0.0
04/22/2023 09:00,0.0
04/22/2023 09:30,0.0
04/22/2023 10:00,0.0
04/22/2023 10:30,0.0
04/22/2023 11:00,0.0
04/22/2023 11:30,0.0
04/22/2023 12:00,0.0
04/22/2023 12:30,0.0
04/22/2023 13:00,0.0
04/22/2023 13:30,0.0
04/22/2023 14:00,0.0
04/22/2023 14:30,0.0
04/22/2023 15:00,0.0
04/22/2023 15:30,0.0
04/22/2023 16:00,0.0
04/22/2023 16:30,0.0
04/22/2023 17:00,0.0
04/22/2023 17:30,0.0
04/22/2023 18:00,0.0
04/22/2023 18:30,0.0
04/22/2023 19:00,0.0
04/22/2023 19:30,0.0
04/22/2023 20:00,0.0
04/22/2023 20:30,0.0
04/22/2023 21:00,0.0
04/22/2023 21:30,0.0
04/22/2023 22:00,0.0
04/22/2023 22:30,0.0
04/22/2023 23:00,0.0
04/22/2023 23:30,0.0
04/23/2023 00:00,0.0
04/23/2023 00:30,0.0
04/23/2023 01:00,0.0
04/23/2023 01:30,0.0
04/23/2023 02:00,0.0
04/23/2023 02:30,0.0
04/23/2023 03:00,0.0
04/23/2023 03:30,0.0
04/23/2023 04:00,0.0
04/23/2023 04:30,0.0
04/23/2023 05:00,0.0
04/23/2023 05:30,0.0
04/23/2023 06:00,0.0
04/23/2023 06:30,0.0
04/23/2023 07:00,0.0
04/23/2023 07:30,0.0
04/23/2023 08:00,0.0
04/23/2023 08:30,0.0
04/23/2023 09:00,0.0
04/23/2023 09:30,0.0
04/23/2023 10:00,0.0
04/23/2023 10:30,0.0
04/23/2023 11:00,0.0
04/23/2023 11:30,0.0
04/23/2023 12:00,0.0
04/23/2023 12:30,0.0
04/23/2023 13:00,0.0
04/23/2023 13:30,0.0
04/23/2023 14:00,0.0
04/23/2023 14:30,0.0
04/23/2023 15:00,0.0
04/23/2023 15:30,0.0
04/23/2023 16:00,0.0
04/23/2023 16:30,0.0
04/23/2023 17:00,0.0
04/23/2023 17:30,0.0
04/23/2023 18:00,0.0
04/23/2023 18:30,0.0
04/23/2023 19:00,0.0
04/23/2023 19:30,0.0
04/23/2023 20:00,0.0
04/23/2023 20:30,0.0
04/23/2023 21:00,0.0
04/23/2023 21:30,0.0
04/23/2023 22:00,0.0
04/23/2023 22:30,0.0
04/23/2023 23:00,0.0
04/23/2023 23:30,0.0
04/24/2023 00:00,0.0
04/24/2023 00:00,0.0
04/24/2023 00:30,0.0
04/24/2023 00:30,0.0
04/24/2023 01:00,0.0
04/24/2023 01:00,0.0
04/24/2023 01:30,0.0
04/24/2023 01:30,0.0
04/24/2023 02:00,0.0
04/24/2023 02:00,0.0
04/24/2023 02:30,0.0
04/24/2023 02:30,0.0
04/24/2023 03:00,0.0
04/24/2023 03:00,0.0
04/24/2023 03:30,0.0
04/24/2023 03:30,0.0
04/24/2023 04:00,0.0
04/24/2023 04:00,0.0
04/24/2023 04:30,0.0
04/24/2023 04:30,0.0
04/24/2023 05:00,0.0
04/24/2023 05:00,0.0
04/24/2023 05:30,0.0
04/24/2023 05:30,0.0
04/24/2023 06:00,0.0
04/24/2023 06:00,0.0
04/24/2023 06:30,0.0
04/24/2023 06:30,0.0
04/24/2023 07:00,0.0
04/24/2023 07:00,0.0
04/24/2023 07:30,0.0
04/24/2023 07:30,0.0
04/24/2023 08:00,0.0
04/24/2023 08:00,0.0
04/24/2023 08:30,0.0
04/24/2023 08:30,0.0
04/24/2023 09:00,0.0
04/24/2023 09:00,0.0
04/24/2023 09:30,0.0
04/24/2023 09:30,0.0
04/24/2023 10:00,0.0
04/24/2023 10:00,0.0
04/24/2023 10:30,0.0
04/24/2023 10:30,0.0
04/24/2023 11:00,0.0
04/24/2023 11:00,0.0
04/24/2023 11:30,0.0
04/24/2023 11:30,0.0
04/24/2023 12:00,0.0
04/24/2023 12:00,0.0
04/24/2023 12:30,0.0
04/24/2023 12:30,0.0
04/24/2023 13:00,0.0
04/24/2023 13:00,0.0
04/24/2023 13:30,0.0
04/24/2023 13:30,0.0
04/24/2023 14:00,0.0
04/24/2023 14:00,0.0
04/24/2023 14:30,0.0
04/24/2023 14:30,0.0
04/24/2023 15:00,0.0
04/24/2023 15:00,0.0
04/24/2023 15:30,0.0
04/24/2023 15:30,0.0
04/24/2023 16:00,0.0
04/24/2023 16:00,0.0
04/24/2023 16:30,0.0
04/24/2023 16:30,0.0
04/24/2023 17:00,0.0
04/24/2023 17:00,0.0
04/24/2023 17:30,0.0
04/24/2023 17:30,0.0
04/24/2023 18:00,0.0
04/24/2023 18:00,0.0
04/24/2023 18:30,0.0
04/24/2023 18:30,0.0
04/24/2023 19:00,0.0
04/24/2023 19:00,0.0
04/24/2023 19:30,0.0
04/24/2023 19:30,0.0
04/24/2023 20:00,0.0
04/24/2023 20:00,0.0
04/24/2023 20:30,0.0
04/24/2023 20:30,0.0
04/24/2023 21:00,0.0
04/24/2023 21:00,0.0
04/24/2023 21:30,0.0
04/24/2023 21:30,0.0
04/24/2023 22:00,0.0
04/24/2023 22:00,0.0
04/24/2023 22:30,0.0
04/24/2023 22:30,0.0
04/24/2023 23:00,0.0
04/24/2023 23:00,0.0
04/24/2023 23:30,0.0
04/24/2023 23:30,0.0
04/25/2023 00:00,0.0
04/25/2023 00:30,0.0
04/25/2023 01:00,0.0
04/25/2023 01:30,0.0
04/25/2023 02:00,0.0
04/25/2023 02:30,0.0
04/25/2023 03:00,0.0
04/25/2023 03:30,0.0
04/25/2023 04:00,0.0
04/25/2023 04:30,0.0
04/25/2023 05:00,0.0
04/25/2023 05:30,0.0
04/25/2023 06:00,0.0
04/25/2023 06:30,0.0
04/25/2023 07:00,0.0
04/25/2023 07:30,0.0
04/25/2023 08:00,0.0
04/25/2023 08:30,0.0
04/25/2023 09:00,0.0
04/25/2023 09:30,0.0
04/25/2023 10:00,0.0
04/25/2023 10:30,0.0
04/25/2023 11:00,0.0
04/25/2023 11:30,0.0
04/25/2023 12:00,0.0
04/25/2023 12:30,0.0
04/25/2023 13:00,0.0
04/25/2023 13:30,0.0
04/25/2023 14:00,0.0
04/25/2023 14:30,0.0
04/25/2023 15:00,0.0
04/25/2023 15:30,0.0
04/25/2023 16:00,0.0
04/25/2023 16:30,0.0
04/25/2023 17:00,0.0
04/25/2023 17:30,0.0
04/25/2023 18:00,0.0
04/25/2023 18:30,0.0
04/25/2023 19:00,0.0
04/25/2023 19:30,0.0
04/25/2023 20:00,0.0
04/25/2023 20:30,0.0
04/25/2023 21:00,0.0
04/25/2023 21:30,0.0
04/25/2023 22:00,0.0
04/25/2023 22:30,0.0
04/25/2023 23:00,0.0
04/25/2023 23:30,0.0
04/26/2023 00:00,0.0
04/26/2023 00:30,0.0
04/26/2023 01:00,0.0
04/26/2023 01:30,0.0
04/26/2023 02:00,0.0
04/26/2023 02:30,0.0
04/26/2023 03:00,0.0
04/26/2023 03:30,0.0
04/26/2023 04:00,0.0
04/26/2023 04:30,0.0
04/26/2023 05:00,0.0
04/26/2023 05:30,0.0
04/26/2023 06:00,0.0
04/26/2023 06:30,0.0
04/26/2023 07:00,0.0
04/26/2023 07:30,0.0
04/26/2023 08:00,0.0
04/26/2023 08:30,0.0
04/26/2023 09:00,0.0
04/26/2023 09:30,0.0
04/26/2023 10:00,0.0
04/26/2023 10:30,0.0
04/26/2023 11:00,0.0
04/26/2023 11:30,0.0
04/26/2023 12:00,0.0
04/26/2023 12:30,0.0
04/26/2023 13:00,0.0
04/26/2023 13:30,0.0
04/26/2023 14:00,0.0
04/26/2023 14:30,0.0
04/26/2023 15:00,0.0
04/26/2023 15:30,0.0
04/26/2023 16:00,0.0
04/26/2023 16:30,0.0
04/26/2023 17:00,0.0
04/26/2023 17:30,0.0
04/26/2023 18:00,0.0
04/26/2023 18:30,0.0
04/26/2023 19:00,0.0
04/26/2023 19:30,0.0
04/26/2023 20:00,0.0
04/26/2023 20:30,0.0
04/26/2023 21:00,0.0
04/26/2023 21:30,0.0
04/26/2023 22:00,0.0
04/26/2023 22:30,0.0
04/26/2023 23:00,0.0
04/26/2023 23:30,0.0
04/27/2023 00:00,0.0
04/27/2023 00:30,0.0
04/27/2023 01:00,0.0
04/27/2023 01:30,0.0
04/27/2023 02:00,0.0
04/27/2023 02:30,0.0
04/27/2023 03:00,0.0
04/27/2023 03:30,0.0
04/27/2023 04:00,0.0
04/27/2023 04:30,0.0
04/27/2023 05:00,0.0
04/27/2023 05:30,0.0
04/27/2023 06:00,0.0
04/27/2023 06:30,0.0
04/27/2023 07:00,0.0
04/27/2023 07:30,0.0
04/27/2023 08:00,0.0
04/27/2023 08:30,0.0
04/27/2023 09:00,0.0
04/27/2023 09:30,0.0
04/27/2023 10:00,0.0
04/27/2023 10:30,0.0
04/27/2023 11:00,0.0
04/27/2023 11:30,0.0
04/27/2023 12:00,0.0
04/27/2023 12:30,0.0
04/27/2023 13:00,0.0
04/27/2023 13:30,0.0
04/27/2023 14:00,0.0
04/27/2023 14:30,0.0
04/27/2023 15:00,0.0
04/27/2023 15:30,0.0
04/27/2023 16:00,0.0
04/27/2023 16:30,0.0
04/27/2023 17:00,0.0
04/27/2023 17:30,0.0
04/27/2023 18:00,0.0
04/27/2023 18:30,0.0
04/27/2023 19:00,0.0
04/27/2023 19:30,0.0
04/27/2023 20:00,0.0
04/27/2023 20:30,0.0
04/27/2023 21:00,0.0
04/27/2023 21:30,0.0
04/27/2023 22:00,0.0
04/27/2023 22:30,0.0
04/27/2023 23:00,0.0
04/27/2023 23:30,0.0
04/28/2023 00:00,0.0
04/28/2023 00:30,0.0
04/28/2023 01:00,0.0
04/28/2023 01:30,0.0
04/28/2023 02:00,0.0
04/28/2023 02:30,0.0
04/28/2023 03:00,0.0
04/28/2023 03:30,0.0
04/28/2023 04:00,0.0
04/28/2023 04:30,0.0
04/28/2023 05:00,0.0
04/28/2023 05:30,0.0
04/28/2023 06:00,0.0
04/28/2023 06:30,0.0
04/28/2023 07:00,0.0
04/28/2023 07:30,0.0
04/28/2023 08:00,0.0
04/28/2023 08:30,0.0
04/28/2023 09:00,0.0
04/28/2023 09:30,0.0
04/28/2023 10:00,0.0
04/28/2023 10:30,0.0
04/28/2023 11:00,0.0
04/28/2023 11:30,0.0
04/28/2023 12:00,0.0
04/28/2023 12:30,0.0
04/28/2023 13:00,0.0
04/28/2023 13:30,0.0
04/28/2023 14:00,0.0
04/28/2023 14:30,0.0
04/28/2023 15:00,0.0
04/28/2023 15:30,0.0
04/28/2023 16:00,0.0
04/28/2023 16:30,0.0
04/28/2023 17:00,0.0
04/28/2023 17:30,0.0
04/28/2023 18:00,0.0
04/28/2023 18:30,0.0
04/28/2023 19:00,0.0
04/28/2023 19:30,0.0
04/28/2023 20:00,0.0
04/28/2023 20:30,0.0
04/28/2023 21:00,0.0
04/28/2023 21:30,0.0
04/28/2023 22:00,0.0
04/28/2023 22:30,0.0
04/28/2023 23:00,0.0
04/28/2023 23:30,0.0
04/29/2023 00:00,0.0
04/29/2023 00:30,0.0
04/29/2023 01:00,0.0
04/29/2023 01:30,0.0
04/29/2023 02:00,0.0
04/29/2023 02:30,0.0
04/29/2023 03:00,0.0
04/29/2023 03:30,0.0
04/29/2023 04:00,0.0
04/29/2023 04:30,0.0
04/29/2023 05:00,0.0
04/29/2023 05:30,0.0
04/29/2023 06:00,0.0
04/29/2023 06:30,0.0
04/29/2023 07:00,0.0
04/29/2023 07:30,0.0
04/29/2023 08:00,0.0
04/29/2023 08:30,0.0
04/29/2023 09:00,0.0
04/29/2023 09:30,0.0
04/29/2023 10:00,0.0
04/29/2023 10:30,0.0
04/29/2023 11:00,0.0
04/29/2023 11:30,0.0
04/29/2023 12:00,0.0
04/29/2023 12:30,0.0
04/29/2023 13:00,0.0
04/29/2023 13:30,0.0
04/29/2023 14:00,0.0
04/29/2023 14:30,0.0
04/29/2023 15:00,0.0
04/29/2023 15:30,0.0
04/29/2023 16:00,0.0
04/29/2023 16:30,0.0
04/29/2023 17:00,0.0
04/29/2023 17:30,0.0
04/29/2023 18:00,0.0
04/29/2023 18:30,0.0
04/29/2023 19:00,0.0
04/29/2023 19:30,0.0
04/29/2023 20:00,0.0
04/29/2023 20:30,0.0
04/29/2023 21:00,0.0
04/29/2023 21:30,0.0
04/29/2023 22:00,0.0
04/29/2023 22:30,0.0
04/29/2023 23:00,0.0
04/29/2023 23:30,0.0
04/30/2023 00:00,0.0
04/30/2023 00:30,0.0
04/30/2023 01:00,0.0
04/30/2023 01:30,0.0
04/30/2023 02:00,0.0
04/30/2023 02:30,0.0
04/30/2023 03:00,0.0
04/30/2023 03:30,0.0
04/30/2023 04:00,0.0
04/30/2023 04:30,0.0
04/30/2023 05:00,0.0
04/30/2023 05:30,0.0
04/30/2023 06:00,0.0
04/30/2023 06:30,0.0
04/30/2023 07:00,0.0
04/30/2023 07:30,0.0
04/30/2023 08:00,0.0
04/30/2023 08:30,0.0
04/30/2023 09:00,0.0
04/30/2023 09:30,0.0
04/30/2023 10:00,0.0
04/30/2023 10:30,0.0
04/30/2023 11:00,0.0
04/30/2023 11:30,0.0
04/30/2023 12:00,0.0
04/30/2023 12:30,0.0
04/30/2023 13:00,0.0
04/30/2023 13:30,0.0
04/30/2023 14:00,0.0
04/30/2023 14:30,0.0
04/30/2023 15:00,0.0
04/30/2023 15:30,0.0
04/30/2023 16:00,0.0
04/30/2023 16:30,0.0
04/30/2023 17:00,0.0
04/30/2023 17:30,0.0
04/30/2023 18:00,0.0
04/30/2023 18:30,0.0
04/30/2023 19:00,0.0
04/30/2023 19:30,0.0
04/30/2023 20:00,0.0
04/30/2023 20:30,0.0
04/30/2023 21:00,0.0
04/30/2023 21:30,0.0
04/30/2023 22:00,0.0
04/30/2023 22:30,0.0
04/30/2023 23:00,0.0
04/30/2023 23:30,0.0
05/01/2023 00:00,0.0
05/01/2023 00:30,0.0
05/01/2023 01:00,0.0
05/01/2023 01:30,0.0
05/01/2023 02:00,0.0
05/01/2023 02:30,0.0
05/01/2023 03:00,0.0
05/01/2023 03:30,0.0
05/01/2023 04:00,0.0
05/01/2023 04:30,0.0
05/01/2023 05:00,0.0
05/01/2023 05:30,0.0
05/01/2023 06:00,0.0
05/01/2023 06:30,0.0
05/01/2023 07:00,0.0
05/01/2023 07:30,0.0
05/01/2023 08:00,0.0
05/01/2023 08:30,0.0
05/01/2023 09:00,0.0
05/01/2023 09:30,0.0
05/01/2023 10:00,0.0
05/01/2023 10:30,0.0
05/01/2023 11:00,0.0
05/01/2023 11:30,0.0
05/01/2023 12:00,0.0
05/01/2023 12:30,0.0
05/01/2023 13:00,0.0
05/01/2023 13:30,0.0
05/01/2023 14:00,0.0
05/01/2023 14:30,0.0
05/01/2023 15:00,0.0
05/01/2023 15:30,0.0
05/01/2023 16:00,0.0
05/01/2023 16:30,0.0
05/01/2023 17:00,0.0
05/01/2023 17:30,0.0
05/01/2023 18:00,0.0
05/01/2023 18:30,0.0
05/01/2023 19:00,0.0
05/01/2023 19:30,0.0
05/01/2023 20:00,0.0
05/01/2023 20:30,0.0
05/01/2023 21:00,0.0
05/01/2023 21:30,0.0
05/01/2023 22:00,0.0
05/01/2023 22:30,0.0
05/01/2023 23:00,0.0
05/01/2023 23:30,0.0
05/02/2023 00:00,0.0
05/02/2023 00:30,0.0
05/02/2023 01:00,0.0
05/02/2023 01:30,0.0
05/02/2023 02:00,0.0
05/02/2023 02:30,0.0
05/02/2023 03:00,0.0
05/02/2023 03:30,0.0
05/02/2023 04:00,0.0
05/02/2023 04:30,0.0
05/02/2023 05:00,0.0
05/02/2023 05:30,0.0
05/02/2023 06:00,0.0
05/02/2023 06:30,0.0
05/02/2023 07:00,0.0
05/02/2023 07:30,0.0
05/02/2023 08:00,0.0
05/02/2023 08:30,0.0
05/02/2023 09:00,0.0
05/02/2023 09:30,0.0
05/02/2023 10:00,0.0
05/02/2023 10:30,0.0
05/02/2023 11:00,0.0
05/02/2023 11:30,0.0
05/02/2023 12:00,0.0
05/02/2023 12:30,0.0
05/02/2023 13:00,0.0
05/02/2023 13:30,0.0
05/02/2023 14:00,0.0
05/02/2023 14:30,0.0
05/02/2023 15:00,0.0
05/02/2023 15:30,0.0
05/02/2023 16:00,0.0
05/02/2023 16:30,0.0
05/02/2023 17:00,0.0
05/02/2023 17:30,0.0
05/02/2023 18:00,0.0
05/02/2023 18:30,0.0
05/02/2023 19:00,0.0
05/02/2023 19:30,0.0
05/02/2023 20:00,0.0
05/02/2023 20:30,0.0
05/02/2023 21:00,0.0
05/02/2023 21:30,0.0
05/02/2023 22:00,0.0
05/02/2023 22:30,0.0
05/02/2023 23:00,0.0
05/02/2023 23:30,0.0
05/03/2023 00:00,0.0
05/03/2023 00:30,0.0
05/03/2023 01:00,0.0
05/03/2023 01:30,0.0
05/03/2023 02:00,0.0
05/03/2023 02:30,0.0
05/03/2023 03:00,0.0
05/03/2023 03:30,0.0
05/03/2023 04:00,0.0
05/03/2023 04:30,0.0
05/03/2023 05:00,0.0
05/03/2023 05:30,0.0
05/03/2023 06:00,0.0
05/03/2023 06:30,0.0
05/03/2023 07:00,0.0
05/03/2023 07:30,0.0
05/03/2023 08:00,0.0
05/03/2023 08:30,0.0
05/03/2023 09:00,0.0
05/03/2023 09:30,0.0
05/03/2023 10:00,0.0
05/03/2023 10:30,0.0
05/03/2023 11:00,0.0
05/03/2023 11:30,0.0
05/03/2023 12:00,0.0
05/03/2023 12:30,0.0
05/03/2023 13:00,0.0
05/03/2023 13:30,0.0
05/03/2023 14:00,0.0
05/03/2023 14:30,0.0
05/03/2023 15:00,0.0
05/03/2023 15:30,0.0
05/03/2023 16:00,0.0
05/03/2023 16:30,0.0
05/03/2023 17:00,0.0
05/03/2023 17:30,0.0
05/03/2023 18:00,0.0
05/03/2023 18:30,0.0
05/03/2023 19:00,0.0
05/03/2023 19:30,0.0
05/03/2023 20:00,0.0
05/03/2023 20:30,0.0
05/03/2023 21:00,0.0
05/03/2023 21:30,0.0
05/03/2023 22:00,0.0
05/03/2023 22:30,0.0
05/03/2023 23:00,0.0
05/03/2023 23:30,0.0
05/04/2023 00:00,0.0
05/04/2023 00:30,0.0
05/04/2023 01:00,0.0
05/04/2023 01:30,0.0
05/04/2023 02:00,0.0
05/04/2023 02:30,0.0
05/04/2023 03:00,0.0
05/04/2023 03:30,0.0
05/04/2023 04:00,0.0
05/04/2023 04:30,0.0
05/04/2023 05:00,0.0
05/04/2023 05:30,0.0
05/04/2023 06:00,0.0
05/04/2023 06:30,0.0
05/04/2023 07:00,0.0
05/04/2023 07:30,0.0
05/04/2023 08:00,0.0
05/04/2023 08:30,0.0
05/04/2023 09:00,0.0
05/04/2023 09:30,0.0
05/04/2023 10:00,0.0
05/04/2023 10:30,0.0
05/04/2023 11:00,0.0
05/04/2023 11:30,0.0
05/04/2023 12:00,0.0
05/04/2023 12:30,0.0
05/04/2023 13:00,0.0
05/04/2023 13:30,0.0
05/04/2023 14:00,0.0
05/04/2023 14:30,0.0
05/04/2023 15:00,0.0
05/04/2023 15:30,0.0
05/04/2023 16:00,0.0
05/04/2023 16:30,0.0
05/04/2023 17:00,0.0
05/04/2023 17:30,0.0
05/04/2023 18:00,0.0
05/04/2023 18:30,0.0
05/04/2023 19:00,0.0
05/04/2023 19:30,0.0
05/04/2023 20:00,0.0
05/04/2023 20:30,0.0
05/04/2023 21:00,0.0
05/04/2023 21:30,0.0
05/04/2023 22:00,0.0
05/04/2023 22:30,0.0
05/04/2023 23:00,0.0
05/04/2023 23:30,0.0
05/05/2023 00:00,0.0
05/05/2023 00:30,0.0
05/05/2023 01:00,0.0
05/05/2023 01:30,0.0
05/05/2023 02:00,0.0
05/05/2023 02:30,0.0
05/05/2023 03:00,0.0
05/05/2023 03:30,0.0
05/05/2023 04:00,0.0
05/05/2023 04:30,0.0
05/05/2023 05:00,0.0
05/05/2023 05:30,0.0
05/05/2023 06:00,0.0
05/05/2023 06:30,0.0
05/05/2023 07:00,0.0
05/05/2023 07:30,0.0
05/05/2023 08:00,0.0
05/05/2023 08:30,0.0
05/05/2023 09:00,0.0
05/05/2023 09:30,0.0
05/05/2023 10:00,0.0
05/05/2023 10:30,0.0
05/05/2023 11:00,0.0
05/05/2023 11:30,0.0
05/05/2023 12:00,0.0
05/05/2023 12:30,0.0
05/05/2023 13:00,0.0
05/05/2023 13:30,0.0
05/05/2023 14:00,0.0
05/05/2023 14:30,0.0
05/05/2023 15:00,0.0
05/05/2023 15:30,0.0
05/05/2023 16:00,0.0
05/05/2023 16:30,0.0
05/05/2023 17:00,0.0
05/05/2023 17:30,0.0
05/05/2023 18:00,0.0
05/05/2023 18:30,0.0
05/05/2023 19:00,0.0
05/05/2023 19:30,0.0
05/05/2023 20:00,0.0
05/05/2023 20:30,0.0
05/05/2023 21:00,0.0
05/05/2023 21:30,0.0
05/05/2023 22:00,0.0
05/05/2023 22:30,0.0
05/05/2023 23:00,0.0
05/05/2023 23:30,0.0
05/06/2023 00:00,0.0
05/06/2023 00:30,0.0
05/06/2023 01:00,0.0
05/06/2023 01:30,0.0
05/06/2023 02:00,0.0
05/06/2023 02:30,0.0
05/06/2023 03:00,0.0
05/06/2023 03:30,0.0
05/06/2023 04:00,0.0
05/06/2023 04:30,0.0
05/06/2023 05:00,0.0
05/06/2023 05:30,0.0
05/06/2023 06:00,0.0
05/06/2023 06:30,0.0
05/06/2023 07:00,0.0
05/06/2023 07:30,0.0
05/06/2023 08:00,0.0
05/06/2023 08:30,0.0
05/06/2023 09:00,0.0
05/06/2023 09:30,0.0
05/06/2023 10:00,0.0
05/06/2023 10:30,0.0
05/06/2023 11:00,0.0
05/06/2023 11:30,0.0
05/06/2023 12:00,0.0
05/06/2023 12:30,0.0
05/06/2023 13:00,0.0
05/06/2023 13:30,0.0
05/06/2023 14:00,0.0
05/06/2023 14:30,0.0
05/06/2023 15:00,0.0
05/06/2023 15:30,0.0
05/06/2023 16:00,0.0
05/06/2023 16:30,0.0
05/06/2023 17:00,0.0
05/06/2023 17:30,0.0
05/06/2023 18:00,0.0
05/06/2023 18:30,0.0
05/06/2023 19:00,0.0
05/06/2023 19:30,0.0
05/06/2023 20:00,0.0
05/06/2023 20:30,0.0
05/06/2023 21:00,0.0
05/06/2023 21:30,0.0
05/06/2023 22:00,0.0
05/06/2023 22:30,0.0
05/06/2023 23:00,0.0
05/06/2023 23:30,0.0
05/07/2023 00:00,0.0
05/07/2023 00:30,0.0
05/07/2023 01:00,0.0
05/07/2023 01:30,0.0
05/07/2023 02:00,0.0
05/07/2023 02:30,0.0
05/07/2023 03:00,0.0
05/07/2023 03:30,0.0
05/07/2023 04:00,0.0
05/07/2023 04:30,0.0
05/07/2023 05:00,0.0
05/07/2023 05:30,0.0
05/07/2023 06:00,0.0
05/07/2023 06:30,0.0
05/07/2023 07:00,0.0
05/07/2023 07:30,0.0
05/07/2023 08:00,0.0
05/07/2023 08:30,0.0
05/07/2023 09:00,0.0
05/07/2023 09:30,0.0
05/07/2023 10:00,0.0
05/07/2023 10:30,0.0
05/07/2023 11:00,0.0
05/07/2023 11:30,0.0
05/07/2023 12:00,0.0
05/07/2023 12:30,0.0
05/07/2023 13:00,0.0
05/07/2023 13:30,0.0
05/07/2023 14:00,0.0
05/07/2023 14:30,0.0
05/07/2023 15:00,0.0
05/07/2023 15:30,0.0
05/07/2023 16:00,0.0
05/07/2023 16:30,0.0
05/07/2023 17:00,0.0
05/07/2023 17:30,0.0
05/07/2023 18:00,0.0
05/07/2023 18:30,0.0
05/07/2023 19:00,0.0
05/07/2023 19:30,0.0
05/07/2023 20:00,0.0
05/07/2023 20:30,0.0
05/07/2023 21:00,0.0
05/07/2023 21:30,0.0
05/07/2023 22:00,0.0
05/07/2023 22:30,0.0
05/07/2023 23:00,0.0
05/07/2023 23:30,0.0
05/08/2023 00:00,0.0
05/08/2023 00:30,0.0
05/08/2023 01:00,0.0
05/08/2023 01:30,0.0
05/08/2023 02:00,0.0
05/08/2023 02:30,0.0
05/08/2023 03:00,0.0
05/08/2023 03:30,0.0
05/08/2023 04:00,0.0
05/08/2023 04:30,0.0
05/08/2023 05:00,0.0
05/08/2023 05:30,0.0
05/08/2023 06:00,0.0
05/08/2023 06:30,0.0
05/08/2023 07:00,0.0
05/08/2023 07:30,0.0
05/08/2023 08:00,0.0
05/08/2023 08:30,0.0
05/08/2023 09:00,0.0
05/08/2023 09:30,0.0
05/08/2023 10:00,0.0
05/08/2023 10:30,0.0
05/08/2023 11:00,0.0
05/08/2023 11:30,0.0
05/08/2023 12:00,0.0
05/08/2023 12:30,0.0
05/08/2023 13:00,0.0
05/08/2023 13:30,0.0
05/08/2023 14:00,0.0
05/08/2023 14:30,0.0
05/08/2023 15:00,0.0
05/08/2023 15:30,0.0
05/08/2023 16:00,0.0
05/08/2023 16:30,0.0
05/08/2023 17:00,0.0
05/08/2023 17:30,0.0
05/08/2023 18:00,0.0
05/08/2023 18:30,0.0
05/08/2023 19:00,0.0
05/08/2023 19:30,0.0
05/08/2023 20:00,0.0
05/08/2023 20:30,0.0
05/08/2023 21:00,0.0
05/08/2023 21:30,0.0
05/08/2023 22:00,0.0
05/08/2023 22:30,0.0
05/08/2023 23:00,0.0
05/08/2023 23:30,0.0
05/09/2023 00:00,0.0
05/09/2023 00:30,0.0
05/09/2023 01:00,0.0
05/09/2023 01:30,0.0
05/09/2023 02:00,0.0
05/09/2023 02:30,0.0
05/09/2023 03:00,0.0
05/09/2023 03:30,0.0
05/09/2023 04:00,0.0
05/09/2023 04:30,0.0
05/09/2023 05:00,0.0
05/09/2023 05:30,0.0
05/09/2023 06:00,0.0
05/09/2023 06:30,0.0
05/09/2023 07:00,0.0
05/09/2023 07:30,0.0
05/09/2023 08:00,0.0
05/09/2023 08:30,0.0
05/09/2023 09:00,0.0
05/09/2023 09:30,0.0
05/09/2023 10:00,0.0
05/09/2023 10:30,0.0
05/09/2023 11:00,0.0
05/09/2023 11:30,0.0
05/09/2023 12:00,0.0
05/09/2023 12:30,0.0
05/09/2023 13:00,0.0
05/09/2023 13:30,0.0
05/09/2023 14:00,0.0
05/09/2023 14:30,0.0
05/09/2023 15:00,0.0
05/09/2023 15:30,0.0
05/09/2023 16:00,0.0
05/09/2023 16:30,0.0
05/09/2023 17:00,0.0
05/09/2023 17:30,0.0
05/09/2023 18:00,0.0
05/09/2023 18:30,0.0
05/09/2023 19:00,0.0
05/09/2023 19:30,0.0
05/09/2023 20:00,0.0
05/09/2023 20:30,0.0
05/09/2023 21:00,0.0
05/09/2023 21:30,0.0
05/09/2023 22:00,0.0
05/09/2023 22:30,0.0
05/09/2023 23:00,0.0
05/09/2023 23:30,0.0
05/10/2023 00:00,0.0
05/10/2023 00:30,0.0
05/10/2023 01:00,0.0
05/10/2023 01:30,0.0
05/10/2023 02:00,0.0
05/10/2023 02:30,0.0
05/10/2023 03:00,0.0
05/10/2023 03:30,0.0
05/10/2023 04:00,0.0
05/10/2023 04:30,0.0
05/10/2023 05:00,0.0
05/10/2023 05:30,0.0
05/10/2023 06:00,0.0
05/10/2023 06:30,0.0
05/10/2023 07:00,0.0
05/10/2023 07:30,0.0
05/10/2023 08:00,0.0
05/10/2023 08:30,0.0
05/10/2023 09:00,0.0
05/10/2023 09:30,0.0
05/10/2023 10:00,0.0
05/10/2023 10:30,0.0
05/10/2023 11:00,0.0
05/10/2023 11:30,0.0
05/10/2023 12:00,0.0
05/10/2023 12:30,0.0
05/10/2023 13:00,0.0
05/10/2023 13:30,0.0
05/10/2023 14:00,0.0
05/10/2023 14:30,0.0
05/10/2023 15:00,0.0
05/10/2023 15:30,0.0
05/10/2023 16:00,0.0
05/10/2023 16:30,0.0
05/10/2023 17:00,0.0
05/10/2023 17:30,0.0
05/10/2023 18:00,0.0
05/10/2023 18:30,0.0
05/10/2023 19:00,0.0
05/10/2023 19:30,0.0
05/10/2023 20:00,0.0
05/10/2023 20:30,0.0
05/10/2023 21:00,0.0
05/10/2023 21:30,0.0
05/10/2023 22:00,0.0
05/10/2023 22:30,0.0
05/10/2023 23:00,0.0
05/10/2023 23:30,0.0
05/11/2023 00:00,0.0
05/11/2023 00:30,0.0
05/11/2023 01:00,0.0
05/11/2023 01:30,0.0
05/11/2023 02:00,0.0
05/11/2023 02:30,0.0
05/11/2023 03:00,0.0
05/11/2023 03:30,0.0
05/11/2023 04:00,0.0
05/11/2023 04:30,0.0
05/11/2023 05:00,0.0
05/11/2023 05:30,0.0
05/11/2023 06:00,0.0
05/11/2023 06:30,0.0
05/11/2023 07:00,0.0
05/11/2023 07:30,0.0
05/11/2023 08:00,0.0
05/11/2023 08:30,0.0
05/11/2023 09:00,0.0
05/11/2023 09:30,0.0
05/11/2023 10:00,0.0
05/11/2023 10:30,0.0
05/11/2023 11:00,0.0
05/11/2023 11:30,0.0
05/11/2023 12:00,0.0
05/11/2023 12:30,0.0
05/11/2023 13:00,0.0
05/11/2023 13:30,0.0
05/11/2023 14:00,0.0
05/11/2023 14:30,0.0
05/11/2023 15:00,0.0
05/11/2023 15:30,0.0
05/11/2023 16:00,0.0
05/11/2023 16:30,0.0
05/11/2023 17:00,0.0
05/11/2023 17:30,0.0
05/11/2023 18:00,0.0
05/11/2023 18:30,0.0
05/11/2023 19:00,0.0
05/11/2023 19:30,0.0
05/11/2023 20:00,0.0
05/11/2023 20:30,0.0
05/11/2023 21:00,0.0
05/11/2023 21:30,0.0
05/11/2023 22:00,0.0
05/11/2023 22:30,0.0
05/11/2023 23:00,0.0
05/11/2023 23:30,0.0
05/12/2023 00:00,0.0
05/12/2023 00:30,0.0
05/12/2023 01:00,0.0
05/12/2023 01:30,0.0
05/12/2023 02:00,0.0
05/12/2023 02:30,0.0
05/12/2023 03:00,0.0
05/12/2023 03:30,0.0
05/12/2023 04:00,0.0
05/12/2023 04:30,0.0
05/12/2023 05:00,0.0
05/12/2023 05:30,0.0
05/12/2023 06:00,0.0
05/12/2023 06:30,0.0
05/12/2023 07:00,0.0
05/12/2023 07:30,0.0
05/12/2023 08:00,0.0
05/12/2023 08:30,0.0
05/12/2023 09:00,0.0
05/12/2023 09:30,0.0
05/12/2023 10:00,0.0
05/12/2023 10:30,0.0
05/12/2023 11:00,0.0
05/12/2023 11:30,0.0
05/12/2023 12:00,0.0
05/12/2023 12:30,0.0
05/12/2023 13:00,0.0
05/12/2023 13:30,0.0
05/12/2023 14:00,0.0
05/12/2023 14:30,0.0
05/12/2023 15:00,0.0
05/12/2023 15:30,0.0
05/12/2023 16:00,0.0
05/12/2023 16:30,0.0
05/12/2023 17:00,0.0
05/12/2023 17:30,0.0
05/12/2023 18:00,0.0
05/12/2023 18:30,0.0
05/12/2023 19:00,0.0
05/12/2023 19:30,0.0
05/12/2023 20:00,0.0
05/12/2023 20:30,0.0
05/12/2023 21:00,0.0
05/12/2023 21:30,0.0
05/12/2023 22:00,0.0
05/12/2023 22:30,0.0
05/12/2023 23:00,0.0
05/12/2023 23:30,0.0
05/13/2023 00:00,0.0
05/13/2023 00:00,0.0
05/13/2023 00:30,0.0
05/13/2023 00:30,0.0
05/13/2023 01:00,0.0
05/13/2023 01:00,0.0
05/13/2023 01:30,0.0
05/13/2023 01:30,0.0
05/13/2023 02:00,0.0
05/13/2023 02:00,0.0
05/13/2023 02:30,0.0
05/13/2023 02:30,0.0
05/13/2023 03:00,0.0
05/13/2023 03:00,0.0
05/13/2023 03:30,0.0
05/13/2023 03:30,0.0
05/13/2023 04:00,0.0
05/13/2023 04:00,0.0
05/13/2023 04:30,0.0
05/13/2023 04:30,0.0
05/13/2023 05:00,0.0
05/13/2023 05:00,0.0
05/13/2023 05:30,0.0
05/13/2023 05:30,0.0
05/13/2023 06:00,0.0
05/13/2023 06:00,0.0
05/13/2023 06:30,0.0
05/13/2023 06:30,0.0
05/13/2023 07:00,0.0
05/13/2023 07:00,0.0
05/13/2023 07:30,0.0
05/13/2023 07:30,0.0
05/13/2023 08:00,0.0
05/13/2023 08:00,0.0
05/13/2023 08:30,0.0
05/13/2023 08:30,0.0
05/13/2023 09:00,0.0
05/13/2023 09:00,0.0
05/13/2023 09:30,0.0
05/13/2023 09:30,0.0
05/13/2023 10:00,0.0
05/13/2023 10:00,0.0
05/13/2023 10:30,0.0
05/13/2023 10:30,0.0
05/13/2023 11:00,0.0
05/13/2023 11:00,0.0
05/13/2023 11:30,0.0
05/13/2023 11:30,0.0
05/13/2023 12:00,0.0
05/13/2023 12:00,0.0
05/13/2023 12:30,0.0
05/13/2023 12:30,0.0
05/13/2023 13:00,0.0
05/13/2023 13:00,0.0
05/13/2023 13:30,0.0
05/13/2023 13:30,0.0
05/13/2023 14:00,0.0
05/13/2023 14:00,0.0
05/13/2023 14:30,0.0
05/13/2023 14:30,0.0
05/13/2023 15:00,0.0
05/13/2023 15:00,0.0
05/13/2023 15:30,0.0
05/13/2023 15:30,0.0
05/13/2023 16:00,0.0
05/13/2023 16:00,0.0
05/13/2023 16:30,0.0
05/13/2023 16:30,0.0
05/13/2023 17:00,0.0
05/13/2023 17:00,0.0
05/13/2023 17:30,0.0
05/13/2023 17:30,0.0
05/13/2023 18:00,0.0
05/13/2023 18:00,0.0
05/13/2023 18:30,0.0
05/13/2023 18:30,0.0
05/13/2023 19:00,0.0
05/13/2023 19:00,0.0
05/13/2023 19:30,0.0
05/13/2023 19:30,0.0
05/13/2023 20:00,0.0
05/13/2023 20:00,0.0
05/13/2023 20:30,0.0
05/13/2023 20:30,0.0
05/13/2023 21:00,0.0
05/13/2023 21:00,0.0
05/13/2023 21:30,0.0
05/13/2023 21:30,0.0
05/13/2023 22:00,0.0
05/13/2023 22:00,0.0
05/13/2023 22:30,0.0
05/13/2023 22:30,0.0
05/13/2023 23:00,0.0
05/13/2023 23:00,0.0
05/13/2023 23:30,0.0
05/13/2023 23:30,0.0
05/14/2023 00:00,0.0
05/14/2023 00:00,0.0
05/14/2023 00:00,0.0
05/14/2023 00:30,0.0
05/14/2023 00:30,0.0
05/14/2023 00:30,0.0
05/14/2023 01:00,0.0
05/14/2023 01:00,0.0
05/14/2023 01:00,0.0
05/14/2023 01:30,0.0
05/14/2023 01:30,0.0
05/14/2023 01:30,0.0
05/14/2023 02:00,0.0
05/14/2023 02:00,0.0
05/14/2023 02:00,0.0
05/14/2023 02:30,0.0
05/14/2023 02:30,0.0
05/14/2023 02:30,0.0
05/14/2023 03:00,0.0
05/14/2023 03:00,0.0
05/14/2023 03:00,0.0
05/14/2023 03:30,0.0
05/14/2023 03:30,0.0
05/14/2023 03:30,0.0
05/14/2023 04:00,0.0
05/14/2023 04:00,0.0
05/14/2023 04:00,0.0
05/14/2023 04:30,0.0
05/14/2023 04:30,0.0
05/14/2023 04:30,0.0
05/14/2023 05:00,0.0
05/14/2023 05:00,0.0
05/14/2023 05:00,0.0
05/14/2023 05:30,0.0
05/14/2023 05:30,0.0
05/14/2023 05:30,0.0
05/14/2023 06:00,0.0
05/14/2023 06:00,0.0
05/14/2023 06:00,0.0
05/14/2023 06:30,0.0
05/14/2023 06:30,0.0
05/14/2023 06:30,0.0
05/14/2023 07:00,0.0
05/14/2023 07:00,0.0
05/14/2023 07:00,0.0
05/14/2023 07:30,0.0
05/14/2023 07:30,0.0
05/14/2023 07:30,0.0
05/14/2023 08:00,0.0
05/14/2023 08:00,0.0
05/14/2023 08:00,0.0
05/14/2023 08:30,0.0
05/14/2023 08:30,0.0
05/14/2023 08:30,0.0
05/14/2023 09:00,0.0
05/14/2023 09:00,0.0
05/14/2023 09:00,0.0
05/14/2023 09:30,0.0
05/14/2023 09:30,0.0
05/14/2023 09:30,0.0
05/14/2023 10:00,0.0
05/14/2023 10:00,0.0
05/14/2023 10:00,0.0
05/14/2023 10:30,0.0
05/14/2023 10:30,0.0
05/14/2023 10:30,0.0
05/14/2023 11:00,0.0
05/14/2023 11:00,0.0
05/14/2023 11:00,0.0
05/14/2023 11:30,0.0
05/14/2023 11:30,0.0
05/14/2023 11:30,0.0
05/14/2023 12:00,0.0
05/14/2023 12:00,0.0
05/14/2023 12:00,0.0
05/14/2023 12:30,0.0
05/14/2023 12:30,0.0
05/14/2023 12:30,0.0
05/14/2023 13:00,0.0
05/14/2023 13:00,0.0
05/14/2023 13:00,0.0
05/14/2023 13:30,0.0
05/14/2023 13:30,0.0
05/14/2023 13:30,0.0
05/14/2023 14:00,0.0
05/14/2023 14:00,0.0
05/14/2023 14:00,0.0
05/14/2023 14:30,0.0
05/14/2023 14:30,0.0
05/14/2023 14:30,0.0
05/14/2023 15:00,0.0
05/14/2023 15:00,0.0
05/14/2023 15:00,0.0
05/14/2023 15:30,0.0
05/14/2023 15:30,0.0
05/14/2023 15:30,0.0
05/14/2023 16:00,0.0
05/14/2023 16:00,0.0
05/14/2023 16:00,0.0
05/14/2023 16:30,0.0
05/14/2023 16:30,0.0
05/14/2023 16:30,0.0
05/14/2023 17:00,0.0
05/14/2023 17:00,0.0
05/14/2023 17:00,0.0
05/14/2023 17:30,0.0
05/14/2023 17:30,0.0
05/14/2023 17:30,0.0
05/14/2023 18:00,0.0
05/14/2023 18:00,0.0
05/14/2023 18:00,0.0
05/14/2023 18:30,0.0
05/14/2023 18:30,0.0
05/14/2023 18:30,0.0
05/14/2023 19:00,0.0
05/14/2023 19:00,0.0
05/14/2023 19:00,0.0
05/14/2023 19:30,0.0
05/14/2023 19:30,0.0
05/14/2023 19:30,0.0
05/14/2023 20:00,0.0
05/14/2023 20:00,0.0
05/14/2023 20:00,0.0
05/14/2023 20:30,0.0
05/14/2023 20:30,0.0
05/14/2023 20:30,0.0
05/14/2023 21:00,0.0
05/14/2023 21:00,0.0
05/14/2023 21:00,0.0
05/14/2023 21:30,0.0
05/14/2023 21:30,0.0
05/14/2023 21:30,0.0
05/14/2023 22:00,0.0
05/14/2023 22:00,0.0
05/14/2023 22:00,0.0
05/14/2023 22:30,0.0
05/14/2023 22:30,0.0
05/14/2023 22:30,0.0
05/14/2023 23:00,0.0
05/14/2023 23:00,0.0
05/14/2023 23:00,0.0
05/14/2023 23:30,0.0
05/14/2023 23:30,0.0
05/14/2023 23:30,0.0
05/15/2023 00:00,0.0
05/15/2023 00:00,0.0
05/15/2023 00:00,0.0
05/15/2023 00:30,0.0
05/15/2023 00:30,0.0
05/15/2023 00:30,0.0
05/15/2023 01:00,0.0
05/15/2023 01:00,0.0
05/15/2023 01:00,0.0
05/15/2023 01:30,0.0
05/15/2023 01:30,0.0
05/15/2023 01:30,0.0
05/15/2023 02:00,0.0
05/15/2023 02:00,0.0
05/15/2023 02:00,0.0
05/15/2023 02:30,0.0
05/15/2023 02:30,0.0
05/15/2023 02:30,0.0
05/15/2023 03:00,0.0
05/15/2023 03:00,0.0
05/15/2023 03:00,0.0
05/15/2023 03:30,0.0
05/15/2023 03:30,0.0
05/15/2023 03:30,0.0
05/15/2023 04:00,0.0
05/15/2023 04:00,0.0
05/15/2023 04:00,0.0
05/15/2023 04:30,0.0
05/15/2023 04:30,0.0
05/15/2023 04:30,0.0
05/15/2023 05:00,0.0
05/15/2023 05:00,0.0
05/15/2023 05:00,0.0
05/15/2023 05:30,0.0
05/15/2023 05:30,0.0
05/15/2023 05:30,0.0
05/15/2023 06:00,0.0
05/15/2023 06:00,0.0
05/15/2023 06:00,0.0
05/15/2023 06:30,0.0
05/15/2023 06:30,0.0
05/15/2023 06:30,0.0
05/15/2023 07:00,0.0
05/15/2023 07:00,0.0
05/15/2023 07:00,0.0
05/15/2023 07:30,0.0
05/15/2023 07:30,0.0
05/15/2023 07:30,0.0
05/15/2023 08:00,0.0
05/15/2023 08:00,0.0
05/15/2023 08:00,0.0
05/15/2023 08:30,0.0
05/15/2023 08:30,0.0
05/15/2023 08:30,0.0
05/15/2023 09:00,0.0
05/15/2023 09:00,0.0
05/15/2023 09:00,0.0
05/15/2023 09:30,0.0
05/15/2023 09:30,0.0
05/15/2023 09:30,0.0
05/15/2023 10:00,0.0
05/15/2023 10:00,0.0
05/15/2023 10:00,0.0
05/15/2023 10:30,0.0
05/15/2023 10:30,0.0
05/15/2023 10:30,0.0
05/15/2023 11:00,0.0
05/15/2023 11:00,0.0
05/15/2023 11:00,0.0
05/15/2023 11:30,0.0
05/15/2023 11:30,0.0
05/15/2023 11:30,0.0
05/15/2023 12:00,0.0
05/15/2023 12:00,0.0
05/15/2023 12:00,0.0
05/15/2023 12:30,0.0
05/15/2023 12:30,0.0
05/15/2023 12:30,0.0
05/15/2023 13:00,0.0
05/15/2023 13:00,0.0
05/15/2023 13:00,0.0
05/15/2023 13:30,0.0
05/15/2023 13:30,0.0
05/15/2023 13:30,0.0
05/15/2023 14:00,0.0
05/15/2023 14:00,0.0
05/15/2023 14:00,0.0
05/15/2023 14:30,0.0
05/15/2023 14:30,0.0
05/15/2023 14:30,0.0
05/15/2023 15:00,0.0
05/15/2023 15:00,0.0
05/15/2023 15:00,0.0
05/15/2023 15:30,0.0
05/15/2023 15:30,0.0
05/15/2023 15:30,0.0
05/15/2023 16:00,0.0
05/15/2023 16:00,0.0
05/15/2023 16:00,0.0
05/15/2023 16:30,0.0
05/15/2023 16:30,0.0
05/15/2023 16:30,0.0
05/15/2023 17:00,0.0
05/15/2023 17:00,0.0
05/15/2023 17:00,0.0
05/15/2023 17:30,0.0
05/15/2023 17:30,0.0
05/15/2023 17:30,0.0
05/15/2023 18:00,0.0
05/15/2023 18:00,0.0
05/15/2023 18:00,0.0
05/15/2023 18:30,0.0
05/15/2023 18:30,0.0
05/15/2023 18:30,0.0
05/15/2023 19:00,0.0
05/15/2023 19:00,0.0
05/15/2023 19:00,0.0
05/15/2023 19:30,0.0
05/15/2023 19:30,0.0
05/15/2023 19:30,0.0
05/15/2023 20:00,0.0
05/15/2023 20:00,0.0
05/15/2023 20:00,0.0
05/15/2023 20:30,0.0
05/15/2023 20:30,0.0
05/15/2023 20:30,0.0
05/15/2023 21:00,0.0
05/15/2023 21:00,0.0
05/15/2023 21:00,0.0
05/15/2023 21:30,0.0
05/15/2023 21:30,0.0
05/15/2023 21:30,0.0
05/15/2023 22:00,0.0
05/15/2023 22:00,0.0
05/15/2023 22:00,0.0
05/15/2023 22:30,0.0
05/15/2023 22:30,0.0
05/15/2023 22:30,0.0
05/15/2023 23:00,0.0
05/15/2023 23:00,0.0
05/15/2023 23:00,0.0
05/15/2023 23:30,0.0
05/15/2023 23:30,0.0
05/15/2023 23:30,0.0
05/16/2023 00:00,0.0
05/16/2023 00:00,0.0
05/16/2023 00:30,0.0
05/16/2023 00:30,0.0
05/16/2023 01:00,0.0
05/16/2023 01:00,0.0
05/16/2023 01:30,0.0
05/16/2023 01:30,0.0
05/16/2023 02:00,0.0
05/16/2023 02:00,0.0
05/16/2023 02:30,0.0
05/16/2023 02:30,0.0
05/16/2023 03:00,0.0
05/16/2023 03:00,0.0
05/16/2023 03:30,0.0
05/16/2023 03:30,0.0
05/16/2023 04:00,0.0
05/16/2023 04:00,0.0
05/16/2023 04:30,0.0
05/16/2023 04:30,0.0
05/16/2023 05:00,0.0
05/16/2023 05:00,0.0
05/16/2023 05:30,0.0
05/16/2023 05:30,0.0
05/16/2023 06:00,0.0
05/16/2023 06:00,0.0
05/16/2023 06:30,0.0
05/16/2023 06:30,0.0
05/16/2023 07:00,0.0
05/16/2023 07:00,0.0
05/16/2023 07:30,0.0
05/16/2023 07:30,0.0
05/16/2023 08:00,0.0
05/16/2023 08:00,0.0
05/16/2023 08:30,0.0
05/16/2023 08:30,0.0
05/16/2023 09:00,0.0
05/16/2023 09:00,0.0
05/16/2023 09:30,0.0
05/16/2023 09:30,0.0
05/16/2023 10:00,0.0
05/16/2023 10:00,0.0
05/16/2023 10:30,0.0
05/16/2023 10:30,0.0
05/16/2023 11:00,0.0
05/16/2023 11:00,0.0
05/16/2023 11:30,0.0
05/16/2023 11:30,0.0
05/16/2023 12:00,0.0
05/16/2023 12:00,0.0
05/16/2023 12:30,0.0
05/16/2023 12:30,0.0
05/16/2023 13:00,0.0
05/16/2023 13:00,0.0
05/16/2023 13:30,0.0
05/16/2023 13:30,0.0
05/16/2023 14:00,0.0
05/16/2023 14:00,0.0
05/16/2023 14:30,0.0
05/16/2023 14:30,0.0
05/16/2023 15:00,0.0
05/16/2023 15:00,0.0
05/16/2023 15:30,0.0
05/16/2023 15:30,0.0
05/16/2023 16:00,0.0
05/16/2023 16:00,0.0
05/16/2023 16:30,0.0
05/16/2023 16:30,0.0
05/16/2023 17:00,0.0
05/16/2023 17:00,0.0
05/16/2023 17:30,0.0
05/16/2023 17:30,0.0
05/16/2023 18:00,0.0
05/16/2023 18:00,0.0
05/16/2023 18:30,0.0
05/16/2023 18:30,0.0
05/16/2023 19:00,0.0
05/16/2023 19:00,0.0
05/16/2023 19:30,0.0
05/16/2023 19:30,0.0
05/16/2023 20:00,0.0
05/16/2023 20:00,0.0
05/16/2023 20:30,0.0
05/16/2023 20:30,0.0
05/16/2023 21:00,0.0
05/16/2023 21:00,0.0
05/16/2023 21:30,0.0
05/16/2023 21:30,0.0
05/16/2023 22:00,0.0
05/16/2023 22:00,0.0
05/16/2023 22:30,0.0
05/16/2023 22:30,0.0
05/16/2023 23:00,0.0
05/16/2023 23:00,0.0
05/16/2023 23:30,0.0
05/16/2023 23:30,0.0
05/17/2023 00:00,0.0
05/17/2023 00:00,0.0
05/17/2023 00:00,0.0
05/17/2023 00:30,0.0
05/17/2023 00:30,0.0
05/17/2023 00:30,0.0
05/17/2023 01:00,0.0
05/17/2023 01:00,0.0
05/17/2023 01:00,0.0
05/17/2023 01:30,0.0
05/17/2023 01:30,0.0
05/17/2023 01:30,0.0
05/17/2023 02:00,0.0
05/17/2023 02:00,0.0
05/17/2023 02:00,0.0
05/17/2023 02:30,0.0
05/17/2023 02:30,0.0
05/17/2023 02:30,0.0
05/17/2023 03:00,0.0
05/17/2023 03:00,0.0
05/17/2023 03:00,0.0
05/17/2023 03:30,0.0
05/17/2023 03:30,0.0
05/17/2023 03:30,0.0
05/17/2023 04:00,0.0
05/17/2023 04:00,0.0
05/17/2023 04:00,0.0
05/17/2023 04:30,0.0
05/17/2023 04:30,0.0
05/17/2023 04:30,0.0
05/17/2023 05:00,0.0
05/17/2023 05:00,0.0
05/17/2023 05:00,0.0
05/17/2023 05:30,0.0
05/17/2023 05:30,0.0
05/17/2023 05:30,0.0
05/17/2023 06:00,0.0
05/17/2023 06:00,0.0
05/17/2023 06:00,0.0
05/17/2023 06:30,0.0
05/17/2023 06:30,0.0
05/17/2023 06:30,0.0
05/17/2023 07:00,0.0
05/17/2023 07:00,0.0
05/17/2023 07:00,0.0
05/17/2023 07:30,0.0
05/17/2023 07:30,0.0
05/17/2023 07:30,0.0
05/17/2023 08:00,0.0
05/17/2023 08:00,0.0
05/17/2023 08:00,0.0
05/17/2023 08:30,0.0
05/17/2023 08:30,0.0
05/17/2023 08:30,0.0
05/17/2023 09:00,0.0
05/17/2023 09:00,0.0
05/17/2023 09:00,0.0
05/17/2023 09:30,0.0
05/17/2023 09:30,0.0
05/17/2023 09:30,0.0
05/17/2023 10:00,0.0
05/17/2023 10:00,0.0
05/17/2023 10:00,0.0
05/17/2023 10:30,0.0
05/17/2023 10:30,0.0
05/17/2023 10:30,0.0
05/17/2023 11:00,0.0
05/17/2023 11:00,0.0
05/17/2023 11:00,0.0
05/17/2023 11:30,0.0
05/17/2023 11:30,0.0
05/17/2023 11:30,0.0
05/17/2023 12:00,0.0
05/17/2023 12:00,0.0
05/17/2023 12:00,0.0
05/17/2023 12:30,0.0
05/17/2023 12:30,0.0
05/17/2023 12:30,0.0
05/17/2023 13:00,0.0
05/17/2023 13:00,0.0
05/17/2023 13:00,0.0
05/17/2023 13:30,0.0
05/17/2023 13:30,0.0
05/17/2023 13:30,0.0
05/17/2023 14:00,0.0
05/17/2023 14:00,0.0
05/17/2023 14:00,0.0
05/17/2023 14:30,0.0
05/17/2023 14:30,0.0
05/17/2023 14:30,0.0
05/17/2023 15:00,0.0
05/17/2023 15:00,0.0
05/17/2023 15:00,0.0
05/17/2023 15:30,0.0
05/17/2023 15:30,0.0
05/17/2023 15:30,0.0
05/17/2023 16:00,0.0
05/17/2023 16:00,0.0
05/17/2023 16:00,0.0
05/17/2023 16:30,0.0
05/17/2023 16:30,0.0
05/17/2023 16:30,0.0
05/17/2023 17:00,0.0
05/17/2023 17:00,0.0
05/17/2023 17:00,0.0
05/17/2023 17:30,0.0
05/17/2023 17:30,0.0
05/17/2023 17:30,0.0
05/17/2023 18:00,0.0
05/17/2023 18:00,0.0
05/17/2023 18:00,0.0
05/17/2023 18:30,0.0
05/17/2023 18:30,0.0
05/17/2023 18:30,0.0
05/17/2023 19:00,0.0
05/17/2023 19:00,0.0
05/17/2023 19:00,0.0
05/17/2023 19:30,0.0
05/17/2023 19:30,0.0
05/17/2023 19:30,0.0
05/17/2023 20:00,0.0
05/17/2023 20:00,0.0
05/17/2023 20:00,0.0
05/17/2023 20:30,0.0
05/17/2023 20:30,0.0
05/17/2023 20:30,0.0
05/17/2023 21:00,0.0
05/17/2023 21:00,0.0
05/17/2023 21:00,0.0
05/17/2023 21:30,0.0
05/17/2023 21:30,0.0
05/17/2023 21:30,0.0
05/17/2023 22:00,0.0
05/17/2023 22:00,0.0
05/17/2023 22:00,0.0
05/17/2023 22:30,0.0
05/17/2023 22:30,0.0
05/17/2023 22:30,0.0
05/17/2023 23:00,0.0
05/17/2023 23:00,0.0
05/17/2023 23:00,0.0
05/17/2023 23:30,0.0
05/17/2023 23:30,0.0
05/17/2023 23:30,0.0
05/18/2023 00:00,0.0
05/18/2023 00:30,0.0
05/18/2023 01:00,0.0
05/18/2023 01:30,0.0
05/18/2023 02:00,0.0
05/18/2023 02:30,0.0
05/18/2023 03:00,0.0
05/18/2023 03:30,0.0
05/18/2023 04:00,0.0
05/18/2023 04:30,0.0
05/18/2023 05:00,0.0
05/18/2023 05:30,0.0
05/18/2023 06:00,0.0
05/18/2023 06:30,0.0
05/18/2023 07:00,0.0
05/18/2023 07:30,0.0
05/18/2023 08:00,0.0
05/18/2023 08:30,0.0
05/18/2023 09:00,0.0
05/18/2023 09:30,0.0
05/18/2023 10:00,0.0
05/18/2023 10:30,0.0
05/18/2023 11:00,0.0
05/18/2023 11:30,0.0
05/18/2023 12:00,0.0
05/18/2023 12:30,0.0
05/18/2023 13:00,0.0
05/18/2023 13:30,0.0
05/18/2023 14:00,0.0
05/18/2023 14:30,0.0
05/18/2023 15:00,0.0
05/18/2023 15:30,0.0
05/18/2023 16:00,0.0
05/18/2023 16:30,0.0
05/18/2023 17:00,0.0
05/18/2023 17:30,0.0
05/18/2023 18:00,0.0
05/18/2023 18:30,0.0
05/18/2023 19:00,0.0
05/18/2023 19:30,0.0
05/18/2023 20:00,0.0
05/18/2023 20:30,0.0
05/18/2023 21:00,0.0
05/18/2023 21:30,0.0
05/18/2023 22:00,0.0
05/18/2023 22:30,0.0
05/18/2023 23:00,0.0
05/18/2023 23:30,0.0
05/19/2023 00:00,0.0
05/19/2023 00:30,0.0
05/19/2023 01:00,0.0
05/19/2023 01:30,0.0
05/19/2023 02:00,0.0
05/19/2023 02:30,0.0
05/19/2023 03:00,0.0
05/19/2023 03:30,0.0
05/19/2023 04:00,0.0
05/19/2023 04:30,0.0
05/19/2023 05:00,0.0
05/19/2023 05:30,0.0
05/19/2023 06:00,0.0
05/19/2023 06:30,0.0
05/19/2023 07:00,0.0
05/19/2023 07:30,0.0
05/19/2023 08:00,0.0
05/19/2023 08:30,0.0
05/19/2023 09:00,0.0
05/19/2023 09:30,0.0
05/19/2023 10:00,0.0
05/19/2023 10:30,0.0
05/19/2023 11:00,0.0
05/19/2023 11:30,0.0
05/19/2023 12:00,0.0
05/19/2023 12:30,0.0
05/19/2023 13:00,0.0
05/19/2023 13:30,0.0
05/19/2023 14:00,0.0
05/19/2023 14:30,0.0
05/19/2023 15:00,0.0
05/19/2023 15:30,0.0
05/19/2023 16:00,0.0
05/19/2023 16:30,0.0
05/19/2023 17:00,0.0
05/19/2023 17:30,0.0
05/19/2023 18:00,0.0
05/19/2023 18:30,0.0
05/19/2023 19:00,0.0
05/19/2023 19:30,0.0
05/19/2023 20:00,0.0
05/19/2023 20:30,0.0
05/19/2023 21:00,0.0
05/19/2023 21:30,0.0
05/19/2023 22:00,0.0
05/19/2023 22:30,0.0
05/19/2023 23:00,0.0
05/19/2023 23:30,0.0
05/20/2023 00:00,0.0
05/20/2023 00:30,0.0
05/20/2023 01:00,0.0
05/20/2023 01:30,0.0
05/20/2023 02:00,0.0
05/20/2023 02:30,0.0
05/20/2023 03:00,0.0
05/20/2023 03:30,0.0
05/20/2023 04:00,0.0
05/20/2023 04:30,0.0
05/20/2023 05:00,0.0
05/20/2023 05:30,0.0
05/20/2023 06:00,0.0
05/20/2023 06:30,0.0
05/20/2023 07:00,0.0
05/20/2023 07:30,0.0
05/20/2023 08:00,0.0
05/20/2023 08:30,0.0
05/20/2023 09:00,0.0
05/20/2023 09:30,0.0
05/20/2023 10:00,0.0
05/20/2023 10:30,0.0
05/20/2023 11:00,0.0
05/20/2023 11:30,0.0
05/20/2023 12:00,0.0
05/20/2023 12:30,0.0
05/20/2023 13:00,0.0
05/20/2023 13:30,0.0
05/20/2023 14:00,0.0
05/20/2023 14:30,0.0
05/20/2023 15:00,0.0
05/20/2023 15:30,0.0
05/20/2023 16:00,0.0
05/20/2023 16:30,0.0
05/20/2023 17:00,0.0
05/20/2023 17:30,0.0
05/20/2023 18:00,0.0
05/20/2023 18:30,0.0
05/20/2023 19:00,0.0
05/20/2023 19:30,0.0
05/20/2023 20:00,0.0
05/20/2023 20:30,0.0
05/20/2023 21:00,0.0
05/20/2023 21:30,0.0
05/20/2023 22:00,0.0
05/20/2023 22:30,0.0
05/20/2023 23:00,0.0
05/20/2023 23:30,0.0
05/21/2023 00:00,0.0
05/21/2023 00:30,0.0
05/21/2023 01:00,0.0
05/21/2023 01:30,0.0
05/21/2023 02:00,0.0
05/21/2023 02:30,0.0
05/21/2023 03:00,0.0
05/21/2023 03:30,0.0
05/21/2023 04:00,0.0
05/21/2023 04:30,0.0
05/21/2023 05:00,0.0
05/21/2023 05:30,0.0
05/21/2023 06:00,0.0
05/21/2023 06:30,0.0
05/21/2023 07:00,0.0
05/21/2023 07:30,0.0
05/21/2023 08:00,0.0
05/21/2023 08:30,0.0
05/21/2023 09:00,0.0
05/21/2023 09:30,0.0
05/21/2023 10:00,0.0
05/21/2023 10:30,0.0
05/21/2023 11:00,0.0
05/21/2023 11:30,0.0
05/21/2023 12:00,0.0
05/21/2023 12:30,0.0
05/21/2023 13:00,0.0
05/21/2023 13:30,0.0
05/21/2023 14:00,0.0
05/21/2023 14:30,0.0
05/21/2023 15:00,0.0
05/21/2023 15:30,0.0
05/21/2023 16:00,0.0
05/21/2023 16:30,0.0
05/21/2023 17:00,0.0
05/21/2023 17:30,0.0
05/21/2023 18:00,0.0
05/21/2023 18:30,0.0
05/21/2023 19:00,0.0
05/21/2023 19:30,0.0
05/21/2023 20:00,0.0
05/21/2023 20:30,0.0
05/21/2023 21:00,0.0
05/21/2023 21:30,0.0
05/21/2023 22:00,0.0
05/21/2023 22:30,0.0
05/21/2023 23:00,0.0
05/21/2023 23:30,0.0
05/22/2023 00:00,0.0
05/22/2023 00:30,0.0
05/22/2023 01:00,0.0
05/22/2023 01:30,0.0
05/22/2023 02:00,0.0
05/22/2023 02:30,0.0
05/22/2023 03:00,0.0
05/22/2023 03:30,0.0
05/22/2023 04:00,0.0
05/22/2023 04:30,0.0
05/22/2023 05:00,0.0
05/22/2023 05:30,0.0
05/22/2023 06:00,0.0
05/22/2023 06:30,0.0
05/22/2023 07:00,0.0
05/22/2023 07:30,0.0
05/22/2023 08:00,0.0
05/22/2023 08:30,0.0
05/22/2023 09:00,0.0
05/22/2023 09:30,0.0
05/22/2023 10:00,0.0
05/22/2023 10:30,0.0
05/22/2023 11:00,0.0
05/22/2023 11:30,0.0
05/22/2023 12:00,0.0
05/22/2023 12:30,0.0
05/22/2023 13:00,0.0
05/22/2023 13:30,0.0
05/22/2023 14:00,0.0
05/22/2023 14:30,0.0
05/22/2023 15:00,0.0
05/22/2023 15:30,0.0
05/22/2023 16:00,0.0
05/22/2023 16:30,0.0
05/22/2023 17:00,0.0
05/22/2023 17:30,0.0
05/22/2023 18:00,0.0
05/22/2023 18:30,0.0
05/22/2023 19:00,0.0
05/22/2023 19:30,0.0
05/22/2023 20:00,0.0
05/22/2023 20:30,0.0
05/22/2023 21:00,0.0
05/22/2023 21:30,0.0
05/22/2023 22:00,0.0
05/22/2023 22:30,0.0
05/22/2023 23:00,0.0
05/22/2023 23:30,0.0
05/23/2023 00:00,0.0
05/23/2023 00:30,0.0
05/23/2023 01:00,0.0
05/23/2023 01:30,0.0
05/23/2023 02:00,0.0
05/23/2023 02:30,0.0
05/23/2023 03:00,0.0
05/23/2023 03:30,0.0
05/23/2023 04:00,0.0
05/23/2023 04:30,0.0
05/23/2023 05:00,0.0
05/23/2023 05:30,0.0
05/23/2023 06:00,0.0
05/23/2023 06:30,0.0
05/23/2023 07:00,0.0
05/23/2023 07:30,0.0
05/23/2023 08:00,0.0
05/23/2023 08:30,0.0
05/23/2023 09:00,0.0
05/23/2023 09:30,0.0
05/23/2023 10:00,0.0
05/23/2023 10:30,0.0
05/23/2023 11:00,0.0
05/23/2023 11:30,0.0
05/23/2023 12:00,0.0
05/23/2023 12:30,0.0
05/23/2023 13:00,0.0
05/23/2023 13:30,0.0
05/23/2023 14:00,0.0
05/23/2023 14:30,0.0
05/23/2023 15:00,0.0
05/23/2023 15:30,0.0
05/23/2023 16:00,0.0
05/23/2023 16:30,0.0
05/23/2023 17:00,0.0
05/23/2023 17:30,0.0
05/23/2023 18:00,0.0
05/23/2023 18:30,0.0
05/23/2023 19:00,0.0
05/23/2023 19:30,0.0
05/23/2023 20:00,0.0
05/23/2023 20:30,0.0
05/23/2023 21:00,0.0
05/23/2023 21:30,0.0
05/23/2023 22:00,0.0
05/23/2023 22:30,0.0
05/23/2023 23:00,0.0
05/23/2023 23:30,0.0
05/24/2023 00:00,0.0
05/24/2023 00:30,0.0
05/24/2023 01:00,0.0
05/24/2023 01:30,0.0
05/24/2023 02:00,0.0
05/24/2023 02:30,0.0
05/24/2023 03:00,0.0
05/24/2023 03:30,0.0
05/24/2023 04:00,0.0
05/24/2023 04:30,0.0
05/24/2023 05:00,0.0
05/24/2023 05:30,0.0
05/24/2023 06:00,0.0
05/24/2023 06:30,0.0
05/24/2023 07:00,0.0
05/24/2023 07:30,0.0
05/24/2023 08:00,0.0
05/24/2023 08:30,0.0
05/24/2023 09:00,0.0
05/24/2023 09:30,0.0
05/24/2023 10:00,0.0
05/24/2023 10:30,0.0
05/24/2023 11:00,0.0
05/24/2023 11:30,0.0
05/24/2023 12:00,0.0
05/24/2023 12:30,0.0
05/24/2023 13:00,0.0
05/24/2023 13:30,0.0
05/24/2023 14:00,0.0
05/24/2023 14:30,0.0
05/24/2023 15:00,0.0
05/24/2023 15:30,0.0
05/24/2023 16:00,0.0
05/24/2023 16:30,0.0
05/24/2023 17:00,0.0
05/24/2023 17:30,0.0
05/24/2023 18:00,0.0
05/24/2023 18:30,0.0
05/24/2023 19:00,0.0
05/24/2023 19:30,0.0
05/24/2023 20:00,0.0
05/24/2023 20:30,0.0
05/24/2023 21:00,0.0
05/24/2023 21:30,0.0
05/24/2023 22:00,0.0
05/24/2023 22:30,0.0
05/24/2023 23:00,0.0
05/24/2023 23:30,0.0
05/25/2023 00:00,0.0
05/25/2023 00:30,0.0
05/25/2023 01:00,0.0
05/25/2023 01:30,0.0
05/25/2023 02:00,0.0
05/25/2023 02:30,0.0
05/25/2023 03:00,0.0
05/25/2023 03:30,0.0
05/25/2023 04:00,0.0
05/25/2023 04:30,0.0
05/25/2023 05:00,0.0
05/25/2023 05:30,0.0
05/25/2023 06:00,0.0
05/25/2023 06:30,0.0
05/25/2023 07:00,0.0
05/25/2023 07:30,0.0
05/25/2023 08:00,0.0
05/25/2023 08:30,0.0
05/25/2023 09:00,0.0
05/25/2023 09:30,0.0
05/25/2023 10:00,0.0
05/25/2023 10:30,0.0
05/25/2023 11:00,0.0
05/25/2023 11:30,0.0
05/25/2023 12:00,0.0
05/25/2023 12:30,0.0
05/25/2023 13:00,0.0
05/25/2023 13:30,0.0
05/25/2023 14:00,0.0
05/25/2023 14:30,0.0
05/25/2023 15:00,0.0
05/25/2023 15:30,0.0
05/25/2023 16:00,0.0
05/25/2023 16:30,0.0
05/25/2023 17:00,0.0
05/25/2023 17:30,0.0
05/25/2023 18:00,0.0
05/25/2023 18:30,0.0
05/25/2023 19:00,0.0
05/25/2023 19:30,0.0
05/25/2023 20:00,0.0
05/25/2023 20:30,0.0
05/25/2023 21:00,0.0
05/25/2023 21:30,0.0
05/25/2023 22:00,0.0
05/25/2023 22:30,0.0
05/25/2023 23:00,0.0
05/25/2023 23:30,0.0
05/26/2023 00:00,0.0
05/26/2023 00:30,0.0
05/26/2023 01:00,0.0
05/26/2023 01:30,0.0
05/26/2023 02:00,0.0
05/26/2023 02:30,0.0
05/26/2023 03:00,0.0
05/26/2023 03:30,0.0
05/26/2023 04:00,0.0
05/26/2023 04:30,0.0
05/26/2023 05:00,0.0
05/26/2023 05:30,0.0
05/26/2023 06:00,0.0
05/26/2023 06:30,0.0
05/26/2023 07:00,0.0
05/26/2023 07:30,0.0
05/26/2023 08:00,0.0
05/26/2023 08:30,0.0
05/26/2023 09:00,0.0
05/26/2023 09:30,0.0
05/26/2023 10:00,0.0
05/26/2023 10:30,0.0
05/26/2023 11:00,0.0
05/26/2023 11:30,0.0
05/26/2023 12:00,0.0
05/26/2023 12:30,0.0
05/26/2023 13:00,0.0
05/26/2023 13:30,0.0
05/26/2023 14:00,0.0
05/26/2023 14:30,0.0
05/26/2023 15:00,0.0
05/26/2023 15:30,0.0
05/26/2023 16:00,0.0
05/26/2023 16:30,0.0
05/26/2023 17:00,0.0
05/26/2023 17:30,0.0
05/26/2023 18:00,0.0
05/26/2023 18:30,0.0
05/26/2023 19:00,0.0
05/26/2023 19:30,0.0
05/26/2023 20:00,0.0
05/26/2023 20:30,0.0
05/26/2023 21:00,0.0
05/26/2023 21:30,0.0
05/26/2023 22:00,0.0
05/26/2023 22:30,0.0
05/26/2023 23:00,0.0
05/26/2023 23:30,0.0
05/27/2023 00:00,0.0
05/27/2023 00:30,0.0
05/27/2023 01:00,0.0
05/27/2023 01:30,0.0
05/27/2023 02:00,0.0
05/27/2023 02:30,0.0
05/27/2023 03:00,0.0
05/27/2023 03:30,0.0
05/27/2023 04:00,0.0
05/27/2023 04:30,0.0
05/27/2023 05:00,0.0
05/27/2023 05:30,0.0
05/27/2023 06:00,0.0
05/27/2023 06:30,0.0
05/27/2023 07:00,0.0
05/27/2023 07:30,0.0
05/27/2023 08:00,0.0
05/27/2023 08:30,0.0
05/27/2023 09:00,0.0
05/27/2023 09:30,0.0
05/27/2023 10:00,0.0
05/27/2023 10:30,0.0
05/27/2023 11:00,0.0
05/27/2023 11:30,0.0
05/27/2023 12:00,0.0
05/27/2023 12:30,0.0
05/27/2023 13:00,0.0
05/27/2023 13:30,0.0
05/27/2023 14:00,0.0
05/27/2023 14:30,0.0
05/27/2023 15:00,0.0
05/27/2023 15:30,0.0
05/27/2023 16:00,0.0
05/27/2023 16:30,0.0
05/27/2023 17:00,0.0
05/27/2023 17:30,0.0
05/27/2023 18:00,0.0
05/27/2023 18:30,0.0
05/27/2023 19:00,0.0
05/27/2023 19:30,0.0
05/27/2023 20:00,0.0
05/27/2023 20:30,0.0
05/27/2023 21:00,0.0
05/27/2023 21:30,0.0
05/27/2023 22:00,0.0
05/27/2023 22:30,0.0
05/27/2023 23:00,0.0
05/27/2023 23:30,0.0
05/28/2023 00:00,0.0
05/28/2023 00:30,0.0
05/28/2023 01:00,0.0
05/28/2023 01:30,0.0
05/28/2023 02:00,0.0
05/28/2023 02:30,0.0
05/28/2023 03:00,0.0
05/28/2023 03:30,0.0
05/28/2023 04:00,0.0
05/28/2023 04:30,0.0
05/28/2023 05:00,0.0
05/28/2023 05:30,0.0
05/28/2023 06:00,0.0
05/28/2023 06:30,0.0
05/28/2023 07:00,0.0
05/28/2023 07:30,0.0
05/28/2023 08:00,0.0
05/28/2023 08:30,0.0
05/28/2023 09:00,0.0
05/28/2023 09:30,0.0
05/28/2023 10:00,0.0
05/28/2023 10:30,0.0
05/28/2023 11:00,0.0
05/28/2023 11:30,0.0
05/28/2023 12:00,0.0
05/28/2023 12:30,0.0
05/28/2023 13:00,0.0
05/28/2023 13:30,0.0
05/28/2023 14:00,0.0
05/28/2023 14:30,0.0
05/28/2023 15:00,0.0
05/28/2023 15:30,0.0
05/28/2023 16:00,0.0
05/28/2023 16:30,0.0
05/28/2023 17:00,0.0
05/28/2023 17:30,0.0
05/28/2023 18:00,0.0
05/28/2023 18:30,0.0
05/28/2023 19:00,0.0
05/28/2023 19:30,0.0
05/28/2023 20:00,0.0
05/28/2023 20:30,0.0
05/28/2023 21:00,0.0
05/28/2023 21:30,0.0
05/28/2023 22:00,0.0
05/28/2023 22:30,0.0
05/28/2023 23:00,0.0
05/28/2023 23:30,0.0
05/29/2023 00:00,0.0
05/29/2023 00:30,0.0
05/29/2023 01:00,0.0
05/29/2023 01:30,0.0
05/29/2023 02:00,0.0
05/29/2023 02:30,0.0
05/29/2023 03:00,0.0
05/29/2023 03:30,0.0
05/29/2023 04:00,0.0
05/29/2023 04:30,0.0
05/29/2023 05:00,0.0
05/29/2023 05:30,0.0
05/29/2023 06:00,0.0
05/29/2023 06:30,0.0
05/29/2023 07:00,0.0
05/29/2023 07:30,0.0
05/29/2023 08:00,0.0
05/29/2023 08:30,0.0
05/29/2023 09:00,0.0
05/29/2023 09:30,0.0
05/29/2023 10:00,0.0
05/29/2023 10:30,0.0
05/29/2023 11:00,0.0
05/29/2023 11:30,0.0
05/29/2023 12:00,0.0
05/29/2023 12:30,0.0
05/29/2023 13:00,0.0
05/29/2023 13:30,0.0
05/29/2023 14:00,0.0
05/29/2023 14:30,0.0
05/29/2023 15:00,0.0
05/29/2023 15:30,0.0
05/29/2023 16:00,0.0
05/29/2023 16:30,0.0
05/29/2023 17:00,0.0
05/29/2023 17:30,0.0
05/29/2023 18:00,0.0
05/29/2023 18:30,0.0
05/29/2023 19:00,0.0
05/29/2023 19:30,0.0
05/29/2023 20:00,0.0
05/29/2023 20:30,0.0
05/29/2023 21:00,0.0
05/29/2023 21:30,0.0
05/29/2023 22:00,0.0
05/29/2023 22:30,0.0
05/29/2023 23:00,0.0
05/29/2023 23:30,0.0
05/30/2023 00:00,0.0
05/30/2023 00:30,0.0
05/30/2023 01:00,0.0
05/30/2023 01:30,0.0
05/30/2023 02:00,0.0
05/30/2023 02:30,0.0
05/30/2023 03:00,0.0
05/30/2023 03:30,0.0
05/30/2023 04:00,0.0
05/30/2023 04:30,0.0
05/30/2023 05:00,0.0
05/30/2023 05:30,0.0
05/30/2023 06:00,0.0
05/30/2023 06:30,0.0
05/30/2023 07:00,0.0
05/30/2023 07:30,0.0
05/30/2023 08:00,0.0
05/30/2023 08:30,0.0
05/30/2023 09:00,0.0
05/30/2023 09:30,0.0
05/30/2023 10:00,0.0
05/30/2023 10:30,0.0
05/30/2023 11:00,0.0
05/30/2023 11:30,0.0
05/30/2023 12:00,0.0
05/30/2023 12:30,0.0
05/30/2023 13:00,0.0
05/30/2023 13:30,0.0
05/30/2023 14:00,0.0
05/30/2023 14:30,0.0
05/30/2023 15:00,0.0
05/30/2023 15:30,0.0
05/30/2023 16:00,0.0
05/30/2023 16:30,0.0
05/30/2023 17:00,0.0
05/30/2023 17:30,0.0
05/30/2023 18:00,0.0
05/30/2023 18:30,0.0
05/30/2023 19:00,0.0
05/30/2023 19:30,0.0
05/30/2023 20:00,0.0
05/30/2023 20:30,0.0
05/30/2023 21:00,0.0
05/30/2023 21:30,0.0
05/30/2023 22:00,0.0
05/30/2023 22:30,0.0
05/30/2023 23:00,0.0
05/30/2023 23:30,0.0
05/31/2023 00:00,0.0
05/31/2023 00:30,0.0
05/31/2023 01:00,0.0
05/31/2023 01:30,0.0
05/31/2023 02:00,0.0
05/31/2023 02:30,0.0
05/31/2023 03:00,0.0
05/31/2023 03:30,0.0
05/31/2023 04:00,0.0
05/31/2023 04:30,0.0
05/31/2023 05:00,0.0
05/31/2023 05:30,0.0
05/31/2023 06:00,0.0
05/31/2023 06:30,0.0
05/31/2023 07:00,0.0
05/31/2023 07:30,0.0
05/31/2023 08:00,0.0
05/31/2023 08:30,0.0
05/31/2023 09:00,0.0
05/31/2023 09:30,0.0
05/31/2023 10:00,0.0
05/31/2023 10:30,0.0
05/31/2023 11:00,0.0
05/31/2023 11:30,0.0
05/31/2023 12:00,0.0
05/31/2023 12:30,0.0
05/31/2023 13:00,0.0
05/31/2023 13:30,0.0
05/31/2023 14:00,0.0
05/31/2023 14:30,0.0
05/31/2023 15:00,0.0
05/31/2023 15:30,0.0
05/31/2023 16:00,0.0
05/31/2023 16:30,0.0
05/31/2023 17:00,0.0
05/31/2023 17:30,0.0
05/31/2023 18:00,0.0
05/31/2023 18:30,0.0
05/31/2023 19:00,0.0
05/31/2023 19:30,0.0
05/31/2023 20:00,0.0
05/31/2023 20:30,0.0
05/31/2023 21:00,0.0
05/31/2023 21:30,0.0
05/31/2023 22:00,0.0
05/31/2023 22:30,0.0
05/31/2023 23:00,0.0
05/31/2023 23:30,0.0
06/01/2023 00:00,0.0
06/01/2023 00:30,0.0
06/01/2023 01:00,0.0
06/01/2023 01:30,0.0
06/01/2023 02:00,0.0
06/01/2023 02:30,0.0
06/01/2023 03:00,0.0
06/01/2023 03:30,0.0
06/01/2023 04:00,0.0
06/01/2023 04:30,0.0
06/01/2023 05:00,0.0
06/01/2023 05:30,0.0
06/01/2023 06:00,0.0
06/01/2023 06:30,0.0
06/01/2023 07:00,0.0
06/01/2023 07:30,0.0
06/01/2023 08:00,0.0
06/01/2023 08:30,0.0
06/01/2023 09:00,0.0
06/01/2023 09:30,0.0
06/01/2023 10:00,0.0
06/01/2023 10:30,0.0
06/01/2023 11:00,0.0
06/01/2023 11:30,0.0
06/01/2023 12:00,0.0
06/01/2023 12:30,0.0
06/01/2023 13:00,0.0
06/01/2023 13:30,0.0
06/01/2023 14:00,0.0
06/01/2023 14:30,0.0
06/01/2023 15:00,0.0
06/01/2023 15:30,0.0
06/01/2023 16:00,0.0
06/01/2023 16:30,0.0
06/01/2023 17:00,0.0
06/01/2023 17:30,0.0
06/01/2023 18:00,0.0
06/01/2023 18:30,0.0
06/01/2023 19:00,0.0
06/01/2023 19:30,0.0
06/01/2023 20:00,0.0
06/01/2023 20:30,0.0
06/01/2023 21:00,0.0
06/01/2023 21:30,0.0
06/01/2023 22:00,0.0
06/01/2023 22:30,0.0
06/01/2023 23:00,0.0
06/01/2023 23:30,0.0
06/02/2023 00:00,0.0
06/02/2023 00:30,0.0
06/02/2023 01:00,0.0
06/02/2023 01:30,0.0
06/02/2023 02:00,0.0
06/02/2023 02:30,0.0
06/02/2023 03:00,0.0
06/02/2023 03:30,0.0
06/02/2023 04:00,0.0
06/02/2023 04:30,0.0
06/02/2023 05:00,0.0
06/02/2023 05:30,0.0
06/02/2023 06:00,0.0
06/02/2023 06:30,0.0
06/02/2023 07:00,0.0
06/02/2023 07:30,0.0
06/02/2023 08:00,0.0
06/02/2023 08:30,0.0
06/02/2023 09:00,0.0
06/02/2023 09:30,0.0
06/02/2023 10:00,0.0
06/02/2023 10:30,0.0
06/02/2023 11:00,0.0
06/02/2023 11:30,0.0
06/02/2023 12:00,0.0
06/02/2023 12:30,0.0
06/02/2023 13:00,0.0
06/02/2023 13:30,0.0
06/02/2023 14:00,0.0
06/02/2023 14:30,0.0
06/02/2023 15:00,0.0
06/02/2023 15:30,0.0
06/02/2023 16:00,0.0
06/02/2023 16:30,0.0
06/02/2023 17:00,0.0
06/02/2023 17:30,0.0
06/02/2023 18:00,0.0
06/02/2023 18:30,0.0
06/02/2023 19:00,0.0
06/02/2023 19:30,0.0
06/02/2023 20:00,0.0
06/02/2023 20:30,0.0
06/02/2023 21:00,0.0
06/02/2023 21:30,0.0
06/02/2023 22:00,0.0
06/02/2023 22:30,0.0
06/02/2023 23:00,0.0
06/02/2023 23:30,0.0
06/03/2023 00:00,0.8
06/03/2023 00:30,0.8
06/03/2023 01:00,0.8
06/03/2023 01:30,0.8
06/03/2023 02:00,0.8
06/03/2023 02:30,0.8
06/03/2023 03:00,0.8
06/03/2023 03:30,0.8
06/03/2023 04:00,0.8
06/03/2023 04:30,0.8
06/03/2023 05:00,0.8
06/03/2023 05:30,0.8
06/03/2023 06:00,0.8
06/03/2023 06:30,0.8
06/03/2023 07:00,0.8
06/03/2023 07:30,0.8
06/03/2023 08:00,0.8
06/03/2023 08:30,0.8
06/03/2023 09:00,0.8
06/03/2023 09:30,0.8
06/03/2023 10:00,0.8
06/03/2023 10:30,0.8
06/03/2023 11:00,0.8
06/03/2023 11:30,0.8
06/03/2023 12:00,0.8
06/03/2023 12:30,0.8
06/03/2023 13:00,0.8
06/03/2023 13:30,0.8
06/03/2023 14:00,0.8
06/03/2023 14:30,0.8
06/03/2023 15:00,0.8
06/03/2023 15:30,0.8
06/03/2023 16:00,0.8
06/03/2023 16:30,0.8
06/03/2023 17:00,0.8
06/03/2023 17:30,0.8
06/03/2023 18:00,0.8
06/03/2023 18:30,0.8
06/03/2023 19:00,0.8
06/03/2023 19:30,0.8
06/03/2023 20:00,0.8
06/03/2023 20:30,0.8
06/03/2023 21:00,0.8
06/03/2023 21:30,0.8
06/03/2023 22:00,0.8
06/03/2023 22:30,0.8
06/03/2023 23:00,0.8
06/03/2023 23:30,0.8
06/04/2023 00:00,37.15
06/04/2023 00:30,37.15
06/04/2023 01:00,37.15
06/04/2023 01:30,37.15
06/04/2023 02:00,37.15
06/04/2023 02:30,37.15
06/04/2023 03:00,37.15
06/04/2023 03:30,37.15
06/04/2023 04:00,37.15
06/04/2023 04:30,37.15
06/04/2023 05:00,37.15
06/04/2023 05:30,37.15
06/04/2023 06:00,37.15
06/04/2023 06:30,37.15
06/04/2023 07:00,37.15
06/04/2023 07:30,37.15
06/04/2023 08:00,37.15
06/04/2023 08:30,37.15
06/04/2023 09:00,37.15
06/04/2023 09:30,37.15
06/04/2023 10:00,37.15
06/04/2023 10:30,37.15
06/04/2023 11:00,37.15
06/04/2023 11:30,37.15
06/04/2023 12:00,37.15
06/04/2023 12:30,37.15
06/04/2023 13:00,37.15
06/04/2023 13:30,37.15
06/04/2023 14:00,37.15
06/04/2023 14:30,37.15
06/04/2023 15:00,37.15
06/04/2023 15:30,37.15
06/04/2023 16:00,37.15
06/04/2023 16:30,37.15
06/04/2023 17:00,37.15
06/04/2023 17:30,37.15
06/04/2023 18:00,37.15
06/04/2023 18:30,37.15
06/04/2023 19:00,37.15
06/04/2023 19:30,37.15
06/04/2023 20:00,37.15
06/04/2023 20:30,37.15
06/04/2023 21:00,37.15
06/04/2023 21:30,37.15
06/04/2023 22:00,37.15
06/04/2023 22:30,37.15
06/04/2023 23:00,37.15
06/04/2023 23:30,37.15
06/05/2023 00:00,29.31
06/05/2023 00:30,29.31
06/05/2023 01:00,29.31
06/05/2023 01:30,29.31
06/05/2023 02:00,29.31
06/05/2023 02:30,29.31
06/05/2023 03:00,29.31
06/05/2023 03:30,29.31
06/05/2023 04:00,29.31
06/05/2023 04:30,29.31
06/05/2023 05:00,29.31
06/05/2023 05:30,29.31
06/05/2023 06:00,29.31
06/05/2023 06:30,29.31
06/05/2023 07:00,29.31
06/05/2023 07:30,29.31
06/05/2023 08:00,29.31
06/05/2023 08:30,29.31
06/05/2023 09:00,29.31
06/05/2023 09:30,29.31
06/05/2023 10:00,29.31
06/05/2023 10:30,29.31
06/05/2023 11:00,29.31
06/05/2023 11:30,29.31
06/05/2023 12:00,29.31
06/05/2023 12:30,29.31
06/05/2023 13:00,29.31
06/05/2023 13:30,29.31
06/05/2023 14:00,29.31
06/05/2023 14:30,29.31
06/05/2023 15:00,29.31
06/05/2023 15:30,29.31
06/05/2023 16:00,29.31
06/05/2023 16:30,29.31
06/05/2023 17:00,29.31
06/05/2023 17:30,29.31
06/05/2023 18:00,29.31
06/05/2023 18:30,29.31
06/05/2023 19:00,29.31
06/05/2023 19:30,29.31
06/05/2023 20:00,29.31
06/05/2023 20:30,29.31
06/05/2023 21:00,29.31
06/05/2023 21:30,29.31
06/05/2023 22:00,29.31
06/05/2023 22:30,29.31
06/05/2023 23:00,29.31
06/05/2023 23:30,29.31
06/06/2023 00:00,20.97
06/06/2023 00:30,20.97
06/06/2023 01:00,20.97
06/06/2023 01:30,20.97
06/06/2023 02:00,20.97
06/06/2023 02:30,20.97
06/06/2023 03:00,20.97
06/06/2023 03:30,20.97
06/06/2023 04:00,20.97
06/06/2023 04:30,20.97
06/06/2023 05:00,20.97
06/06/2023 05:30,20.97
06/06/2023 06:00,20.97
06/06/2023 06:30,20.97
06/06/2023 07:00,20.97
06/06/2023 07:30,20.97
06/06/2023 08:00,20.97
06/06/2023 08:30,20.97
06/06/2023 09:00,20.97
06/06/2023 09:30,20.97
06/06/2023 10:00,20.97
06/06/2023 10:30,20.97
06/06/2023 11:00,20.97
06/06/2023 11:30,20.97
06/06/2023 12:00,20.97
06/06/2023 12:30,20.97
06/06/2023 13:00,20.97
06/06/2023 13:30,20.97
06/06/2023 14:00,20.97
06/06/2023 14:30,20.97
06/06/2023 15:00,20.97
06/06/2023 15:30,20.97
06/06/2023 16:00,20.97
06/06/2023 16:30,20.97
06/06/2023 17:00,20.97
06/06/2023 17:30,20.97
06/06/2023 18:00,20.97
06/06/2023 18:30,20.97
06/06/2023 19:00,20.97
06/06/2023 19:30,20.97
06/06/2023 20:00,20.97
06/06/2023 20:30,20.97
06/06/2023 21:00,20.97
06/06/2023 21:30,20.97
06/06/2023 22:00,20.97
06/06/2023 22:30,20.97
06/06/2023 23:00,20.97
06/06/2023 23:30,20.97
06/07/2023 00:00,44.15
06/07/2023 00:30,44.15
06/07/2023 01:00,44.15
06/07/2023 01:30,44.15
06/07/2023 02:00,44.15
06/07/2023 02:30,44.15
06/07/2023 03:00,44.15
06/07/2023 03:30,44.15
06/07/2023 04:00,44.15
06/07/2023 04:30,44.15
06/07/2023 05:00,44.15
06/07/2023 05:30,44.15
06/07/2023 06:00,44.15
06/07/2023 06:30,44.15
06/07/2023 07:00,44.15
06/07/2023 07:30,44.15
06/07/2023 08:00,44.15
06/07/2023 08:30,44.15
06/07/2023 09:00,44.15
06/07/2023 09:30,44.15
06/07/2023 10:00,44.15
06/07/2023 10:30,44.15
06/07/2023 11:00,44.15
06/07/2023 11:30,44.15
06/07/2023 12:00,44.15
06/07/2023 12:30,44.15
06/07/2023 13:00,44.15
06/07/2023 13:30,44.15
06/07/2023 14:00,44.15
06/07/2023 14:30,44.15
06/07/2023 15:00,44.15
06/07/2023 15:30,44.15
06/07/2023 16:00,44.15
06/07/2023 16:30,44.15
06/07/2023 17:00,44.15
06/07/2023 17:30,44.15
06/07/2023 18:00,44.15
06/07/2023 18:30,44.15
06/07/2023 19:00,44.15
06/07/2023 19:30,44.15
06/07/2023 20:00,44.15
06/07/2023 20:30,44.15
06/07/2023 21:00,44.15
06/07/2023 21:30,44.15
06/07/2023 22:00,44.15
06/07/2023 22:30,44.15
06/07/2023 23:00,44.15
06/07/2023 23:30,44.15
06/08/2023 00:00,358.37
06/08/2023 00:30,358.37
06/08/2023 01:00,358.37
06/08/2023 01:30,358.37
06/08/2023 02:00,358.37
06/08/2023 02:30,358.37
06/08/2023 03:00,358.37
06/08/2023 03:30,358.37
06/08/2023 04:00,358.37
06/08/2023 04:30,358.37
06/08/2023 05:00,358.37
06/08/2023 05:30,358.37
06/08/2023 06:00,358.37
06/08/2023 06:30,358.37
06/08/2023 07:00,358.37
06/08/2023 07:30,358.37
06/08/2023 08:00,358.37
06/08/2023 08:30,358.37
06/08/2023 09:00,358.37
06/08/2023 09:30,358.37
06/08/2023 10:00,358.37
06/08/2023 10:30,358.37
06/08/2023 11:00,358.37
06/08/2023 11:30,358.37
06/08/2023 12:00,358.37
06/08/2023 12:30,358.37
06/08/2023 13:00,358.37
06/08/2023 13:30,358.37
06/08/2023 14:00,358.37
06/08/2023 14:30,358.37
06/08/2023 15:00,358.37
06/08/2023 15:30,358.37
06/08/2023 16:00,358.37
06/08/2023 16:30,358.37
06/08/2023 17:00,358.37
06/08/2023 17:30,358.37
06/08/2023 18:00,358.37
06/08/2023 18:30,358.37
06/08/2023 19:00,358.37
06/08/2023 19:30,358.37
06/08/2023 20:00,358.37
06/08/2023 20:30,358.37
06/08/2023 21:00,358.37
06/08/2023 21:30,358.37
06/08/2023 22:00,358.37
06/08/2023 22:30,358.37
06/08/2023 23:00,358.37
06/08/2023 23:30,358.37
06/09/2023 00:00,88.34
06/09/2023 00:00,88.84
06/09/2023 00:30,88.84
06/09/2023 00:30,88.34
06/09/2023 01:00,88.34
06/09/2023 01:00,88.84
06/09/2023 01:30,88.34
06/09/2023 01:30,88.84
06/09/2023 02:00,88.84
06/09/2023 02:00,88.34
06/09/2023 02:30,88.84
06/09/2023 02:30,88.34
06/09/2023 03:00,88.84
06/09/2023 03:00,88.34
06/09/2023 03:30,88.84
06/09/2023 03:30,88.34
06/09/2023 04:00,88.34
06/09/2023 04:00,88.84
06/09/2023 04:30,88.34
06/09/2023 04:30,88.84
06/09/2023 05:00,88.34
06/09/2023 05:00,88.84
06/09/2023 05:30,88.84
06/09/2023 05:30,88.34
06/09/2023 06:00,88.34
06/09/2023 06:00,88.84
06/09/2023 06:30,88.84
06/09/2023 06:30,88.34
06/09/2023 07:00,88.84
06/09/2023 07:00,88.34
06/09/2023 07:30,88.84
06/09/2023 07:30,88.34
06/09/2023 08:00,88.84
06/09/2023 08:00,88.34
06/09/2023 08:30,88.34
06/09/2023 08:30,88.84
06/09/2023 09:00,88.34
06/09/2023 09:00,88.84
06/09/2023 09:30,88.84
06/09/2023 09:30,88.34
06/09/2023 10:00,88.34
06/09/2023 10:00,88.84
06/09/2023 10:30,88.84
06/09/2023 10:30,88.34
06/09/2023 11:00,88.34
06/09/2023 11:00,88.84
06/09/2023 11:30,88.84
06/09/2023 11:30,88.34
06/09/2023 12:00,88.34
06/09/2023 12:00,88.84
06/09/2023 12:30,88.34
06/09/2023 12:30,88.84
06/09/2023 13:00,88.84
06/09/2023 13:00,88.34
06/09/2023 13:30,88.34
06/09/2023 13:30,88.84
06/09/2023 14:00,88.34
06/09/2023 14:00,88.84
06/09/2023 14:30,88.84
06/09/2023 14:30,88.34
06/09/2023 15:00,88.84
06/09/2023 15:00,88.34
06/09/2023 15:30,88.84
06/09/2023 15:30,88.34
06/09/2023 16:00,88.34
06/09/2023 16:00,88.84
06/09/2023 16:30,88.84
06/09/2023 16:30,88.34
06/09/2023 17:00,88.34
06/09/2023 17:00,88.84
06/09/2023 17:30,88.34
06/09/2023 17:30,88.84
06/09/2023 18:00,88.84
06/09/2023 18:00,88.34
06/09/2023 18:30,88.84
06/09/2023 18:30,88.34
06/09/2023 19:00,88.84
06/09/2023 19:00,88.34
06/09/2023 19:30,88.84
06/09/2023 19:30,88.34
06/09/2023 20:00,88.84
06/09/2023 20:00,88.34
06/09/2023 20:30,88.84
06/09/2023 20:30,88.34
06/09/2023 21:00,88.34
06/09/2023 21:00,88.84
06/09/2023 21:30,88.84
06/09/2023 21:30,88.34
06/09/2023 22:00,88.84
06/09/2023 22:00,88.34
06/09/2023 22:30,88.84
06/09/2023 22:30,88.34
06/09/2023 23:00,88.84
06/09/2023 23:00,88.34
06/09/2023 23:30,88.34
06/09/2023 23:30,88.84
06/10/2023 00:00,88.34
06/10/2023 00:00,88.34
06/10/2023 00:00,81.23
06/10/2023 00:00,88.34
06/10/2023 00:00,81.23
06/10/2023 00:00,81.23
06/10/2023 00:30,81.23
06/10/2023 00:30,88.34
06/10/2023 00:30,88.34
06/10/2023 00:30,81.23
06/10/2023 00:30,88.34
06/10/2023 00:30,81.23
06/10/2023 01:00,88.34
06/10/2023 01:00,81.23
06/10/2023 01:00,81.23
06/10/2023 01:00,88.34
06/10/2023 01:00,88.34
06/10/2023 01:00,81.23
06/10/2023 01:30,81.23
06/10/2023 01:30,88.34
06/10/2023 01:30,88.34
06/10/2023 01:30,81.23
06/10/2023 01:30,88.34
06/10/2023 01:30,81.23
06/10/2023 02:00,88.34
06/10/2023 02:00,81.23
06/10/2023 02:00,88.34
06/10/2023 02:00,81.23
06/10/2023 02:00,88.34
06/10/2023 02:00,81.23
06/10/2023 02:30,81.23
06/10/2023 02:30,88.34
06/10/2023 02:30,81.23
06/10/2023 02:30,88.34
06/10/2023 02:30,81.23
06/10/2023 02:30,88.34
06/10/2023 03:00,81.23
06/10/2023 03:00,81.23
06/10/2023 03:00,88.34
06/10/2023 03:00,88.34
06/10/2023 03:00,88.34
06/10/2023 03:00,81.23
06/10/2023 03:30,88.34
06/10/2023 03:30,88.34
06/10/2023 03:30,81.23
06/10/2023 03:30,81.23
06/10/2023 03:30,81.23
06/10/2023 03:30,88.34
06/10/2023 04:00,81.23
06/10/2023 04:00,81.23
06/10/2023 04:00,81.23
06/10/2023 04:00,88.34
06/10/2023 04:00,88.34
06/10/2023 04:00,88.34
06/10/2023 04:30,81.23
06/10/2023 04:30,88.34
06/10/2023 04:30,88.34
06/10/2023 04:30,81.23
06/10/2023 04:30,88.34
06/10/2023 04:30,81.23
06/10/2023 05:00,81.23
06/10/2023 05:00,81.23
06/10/2023 05:00,88.34
06/10/2023 05:00,81.23
06/10/2023 05:00,88.34
06/10/2023 05:00,88.34
06/10/2023 05:30,88.34
06/10/2023 05:30,81.23
06/10/2023 05:30,81.23
06/10/2023 05:30,81.23
06/10/2023 05:30,88.34
06/10/2023 05:30,88.34
06/10/2023 06:00,81.23
06/10/2023 06:00,81.23
06/10/2023 06:00,88.34
06/10/2023 06:00,88.34
06/10/2023 06:00,88.34
06/10/2023 06:00,81.23
06/10/2023 06:30,88.34
06/10/2023 06:30,88.34
06/10/2023 06:30,81.23
06/10/2023 06:30,81.23
06/10/2023 06:30,88.34
06/10/2023 06:30,81.23
06/10/2023 07:00,88.34
06/10/2023 07:00,81.23
06/10/2023 07:00,81.23
06/10/2023 07:00,81.23
06/10/2023 07:00,88.34
06/10/2023 07:00,88.34
06/10/2023 07:30,81.23
06/10/2023 07:30,81.23
06/10/2023 07:30,88.34
06/10/2023 07:30,88.34
06/10/2023 07:30,88.34
06/10/2023 07:30,81.23
06/10/2023 08:00,88.34
06/10/2023 08:00,88.34
06/10/2023 08:00,81.23
06/10/2023 08:00,81.23
06/10/2023 08:00,81.23
06/10/2023 08:00,88.34
06/10/2023 08:30,88.34
06/10/2023 08:30,81.23
06/10/2023 08:30,88.34
06/10/2023 08:30,88.34
06/10/2023 08:30,81.23
06/10/2023 08:30,81.23
06/10/2023 09:00,81.23
06/10/2023 09:00,81.23
06/10/2023 09:00,81.23
06/10/2023 09:00,88.34
06/10/2023 09:00,88.34
06/10/2023 09:00,88.34
06/10/2023 09:30,88.34
06/10/2023 09:30,88.34
06/10/2023 09:30,81.23
06/10/2023 09:30,88.34
06/10/2023 09:30,81.23
06/10/2023 09:30,81.23
06/10/2023 10:00,88.34
06/10/2023 10:00,81.23
06/10/2023 10:00,88.34
06/10/2023 10:00,88.34
06/10/2023 10:00,81.23
06/10/2023 10:00,81.23
06/10/2023 10:30,88.34
06/10/2023 10:30,81.23
06/10/2023 10:30,88.34
06/10/2023 10:30,81.23
06/10/2023 10:30,81.23
06/10/2023 10:30,88.34
06/10/2023 11:00,88.34
06/10/2023 11:00,88.34
06/10/2023 11:00,81.23
06/10/2023 11:00,88.34
06/10/2023 11:00,81.23
06/10/2023 11:00,81.23
06/10/2023 11:30,81.23
06/10/2023 11:30,88.34
06/10/2023 11:30,81.23
06/10/2023 11:30,88.34
06/10/2023 11:30,88.34
06/10/2023 11:30,81.23
06/10/2023 12:00,88.34
06/10/2023 12:00,81.23
06/10/2023 12:00,88.34
06/10/2023 12:00,81.23
06/10/2023 12:00,88.34
06/10/2023 12:00,81.23
06/10/2023 12:30,81.23
06/10/2023 12:30,81.23
06/10/2023 12:30,81.23
06/10/2023 12:30,88.34
06/10/2023 12:30,88.34
06/10/2023 12:30,88.34
06/10/2023 13:00,88.34
06/10/2023 13:00,81.23
06/10/2023 13:00,81.23
06/10/2023 13:00,81.23
06/10/2023 13:00,88.34
06/10/2023 13:00,88.34
06/10/2023 13:30,81.23
06/10/2023 13:30,81.23
06/10/2023 13:30,81.23
06/10/2023 13:30,88.34
06/10/2023 13:30,88.34
06/10/2023 13:30,88.34
06/10/2023 14:00,88.34
06/10/2023 14:00,88.34
06/10/2023 14:00,88.34
06/10/2023 14:00,81.23
06/10/2023 14:00,81.23
06/10/2023 14:00,81.23
06/10/2023 14:30,81.23
06/10/2023 14:30,81.23
06/10/2023 14:30,88.34
06/10/2023 14:30,81.23
06/10/2023 14:30,88.34
06/10/2023 14:30,88.34
06/10/2023 15:00,81.23
06/10/2023 15:00,81.23
06/10/2023 15:00,88.34
06/10/2023 15:00,81.23
06/10/2023 15:00,88.34
06/10/2023 15:00,88.34
06/10/2023 15:30,81.23
06/10/2023 15:30,88.34
06/10/2023 15:30,88.34
06/10/2023 15:30,88.34
06/10/2023 15:30,81.23
06/10/2023 15:30,81.23
06/10/2023 16:00,88.34
06/10/2023 16:00,81.23
06/10/2023 16:00,81.23
06/10/2023 16:00,88.34
06/10/2023 16:00,88.34
06/10/2023 16:00,81.23
06/10/2023 16:30,81.23
06/10/2023 16:30,88.34
06/10/2023 16:30,81.23
06/10/2023 16:30,88.34
06/10/2023 16:30,88.34
06/10/2023 16:30,81.23
06/10/2023 17:00,81.23
06/10/2023 17:00,88.34
06/10/2023 17:00,81.23
06/10/2023 17:00,88.34
06/10/2023 17:00,88.34
06/10/2023 17:00,81.23
06/10/2023 17:30,81.23
06/10/2023 17:30,88.34
06/10/2023 17:30,81.23
06/10/2023 17:30,88.34
06/10/2023 17:30,81.23
06/10/2023 17:30,88.34
06/10/2023 18:00,81.23
06/10/2023 18:00,88.34
06/10/2023 18:00,81.23
06/10/2023 18:00,88.34
06/10/2023 18:00,88.34
06/10/2023 18:00,81.23
06/10/2023 18:30,88.34
06/10/2023 18:30,81.23
06/10/2023 18:30,81.23
06/10/2023 18:30,88.34
06/10/2023 18:30,88.34
06/10/2023 18:30,81.23
06/10/2023 19:00,88.34
06/10/2023 19:00,88.34
06/10/2023 19:00,81.23
06/10/2023 19:00,81.23
06/10/2023 19:00,88.34
06/10/2023 19:00,81.23
06/10/2023 19:30,81.23
06/10/2023 19:30,81.23
06/10/2023 19:30,88.34
06/10/2023 19:30,88.34
06/10/2023 19:30,88.34
06/10/2023 19:30,81.23
06/10/2023 20:00,88.34
06/10/2023 20:00,88.34
06/10/2023 20:00,81.23
06/10/2023 20:00,81.23
06/10/2023 20:00,81.23
06/10/2023 20:00,88.34
06/10/2023 20:30,81.23
06/10/2023 20:30,81.23
06/10/2023 20:30,88.34
06/10/2023 20:30,88.34
06/10/2023 20:30,81.23
06/10/2023 20:30,88.34
06/10/2023 21:00,81.23
06/10/2023 21:00,81.23
06/10/2023 21:00,88.34
06/10/2023 21:00,81.23
06/10/2023 21:00,88.34
06/10/2023 21:00,88.34
06/10/2023 21:30,88.34
06/10/2023 21:30,88.34
06/10/2023 21:30,81.23
06/10/2023 21:30,81.23
06/10/2023 21:30,81.23
06/10/2023 21:30,88.34
06/10/2023 22:00,88.34
06/10/2023 22:00,88.34
06/10/2023 22:00,81.23
06/10/2023 22:00,88.34
06/10/2023 22:00,81.23
06/10/2023 22:00,81.23
06/10/2023 22:30,81.23
06/10/2023 22:30,88.34
06/10/2023 22:30,88.34
06/10/2023 22:30,81.23
06/10/2023 22:30,81.23
06/10/2023 22:30,88.34
06/10/2023 23:00,81.23
06/10/2023 23:00,88.34
06/10/2023 23:00,81.23
06/10/2023 23:00,88.34
06/10/2023 23:00,81.23
06/10/2023 23:00,88.34
06/10/2023 23:30,88.34
06/10/2023 23:30,81.23
06/10/2023 23:30,88.34
06/10/2023 23:30,88.34
06/10/2023 23:30,81.23
06/10/2023 23:30,81.23
06/11/2023 00:00,81.23
06/11/2023 00:00,51.55
06/11/2023 00:00,51.55
06/11/2023 00:00,64.96
06/11/2023 00:00,81.23
06/11/2023 00:30,51.55
06/11/2023 00:30,81.23
06/11/2023 00:30,64.96
06/11/2023 00:30,51.55
06/11/2023 00:30,81.23
06/11/2023 01:00,51.55
06/11/2023 01:00,81.23
06/11/2023 01:00,51.55
06/11/2023 01:00,64.96
06/11/2023 01:00,81.23
06/11/2023 01:30,81.23
06/11/2023 01:30,81.23
06/11/2023 01:30,51.55
06/11/2023 01:30,51.55
06/11/2023 01:30,64.96
06/11/2023 02:00,51.55
06/11/2023 02:00,81.23
06/11/2023 02:00,64.96
06/11/2023 02:00,51.55
06/11/2023 02:00,81.23
06/11/2023 02:30,81.23
06/11/2023 02:30,51.55
06/11/2023 02:30,64.96
06/11/2023 02:30,81.23
06/11/2023 02:30,51.55
06/11/2023 03:00,51.55
06/11/2023 03:00,81.23
06/11/2023 03:00,81.23
06/11/2023 03:00,64.96
06/11/2023 03:00,51.55
06/11/2023 03:30,51.55
06/11/2023 03:30,81.23
06/11/2023 03:30,51.55
06/11/2023 03:30,64.96
06/11/2023 03:30,81.23
06/11/2023 04:00,51.55
06/11/2023 04:00,64.96
06/11/2023 04:00,81.23
06/11/2023 04:00,81.23
06/11/2023 04:00,51.55
06/11/2023 04:30,51.55
06/11/2023 04:30,81.23
06/11/2023 04:30,64.96
06/11/2023 04:30,81.23
06/11/2023 04:30,51.55
06/11/2023 05:00,51.55
06/11/2023 05:00,81.23
06/11/2023 05:00,81.23
06/11/2023 05:00,51.55
06/11/2023 05:00,64.96
06/11/2023 05:30,64.96
06/11/2023 05:30,51.55
06/11/2023 05:30,81.23
06/11/2023 05:30,51.55
06/11/2023 05:30,81.23
06/11/2023 06:00,51.55
06/11/2023 06:00,81.23
06/11/2023 06:00,81.23
06/11/2023 06:00,51.55
06/11/2023 06:00,64.96
06/11/2023 06:30,51.55
06/11/2023 06:30,81.23
06/11/2023 06:30,51.55
06/11/2023 06:30,64.96
06/11/2023 06:30,81.23
06/11/2023 07:00,81.23
06/11/2023 07:00,51.55
06/11/2023 07:00,81.23
06/11/2023 07:00,64.96
06/11/2023 07:00,51.55
06/11/2023 07:30,81.23
06/11/2023 07:30,51.55
06/11/2023 07:30,64.96
06/11/2023 07:30,51.55
06/11/2023 07:30,81.23
06/11/2023 08:00,81.23
06/11/2023 08:00,51.55
06/11/2023 08:00,81.23
06/11/2023 08:00,64.96
06/11/2023 08:00,51.55
06/11/2023 08:30,81.23
06/11/2023 08:30,64.96
06/11/2023 08:30,51.55
06/11/2023 08:30,81.23
06/11/2023 08:30,51.55
06/11/2023 09:00,81.23
06/11/2023 09:00,81.23
06/11/2023 09:00,51.55
06/11/2023 09:00,64.96
06/11/2023 09:00,51.55
06/11/2023 09:30,64.96
06/11/2023 09:30,81.23
06/11/2023 09:30,51.55
06/11/2023 09:30,81.23
06/11/2023 09:30,51.55
06/11/2023 10:00,81.23
06/11/2023 10:00,64.96
06/11/2023 10:00,51.55
06/11/2023 10:00,51.55
06/11/2023 10:00,81.23
06/11/2023 10:30,51.55
06/11/2023 10:30,81.23
06/11/2023 10:30,81.23
06/11/2023 10:30,64.96
06/11/2023 10:30,51.55
06/11/2023 11:00,81.23
06/11/2023 11:00,51.55
06/11/2023 11:00,81.23
06/11/2023 11:00,64.96
06/11/2023 11:00,51.55
06/11/2023 11:30,51.55
06/11/2023 11:30,51.55
06/11/2023 11:30,81.23
06/11/2023 11:30,81.23
06/11/2023 11:30,64.96
06/11/2023 12:00,81.23
06/11/2023 12:00,51.55
06/11/2023 12:00,81.23
06/11/2023 12:00,64.96
06/11/2023 12:00,51.55
06/11/2023 12:30,51.55
06/11/2023 12:30,51.55
06/11/2023 12:30,81.23
06/11/2023 12:30,81.23
06/11/2023 12:30,64.96
06/11/2023 13:00,51.55
06/11/2023 13:00,81.23
06/11/2023 13:00,51.55
06/11/2023 13:00,81.23
06/11/2023 13:00,64.96
06/11/2023 13:30,81.23
06/11/2023 13:30,51.55
06/11/2023 13:30,64.96
06/11/2023 13:30,81.23
06/11/2023 13:30,51.55
06/11/2023 14:00,51.55
06/11/2023 14:00,81.23
06/11/2023 14:00,51.55
06/11/2023 14:00,81.23
06/11/2023 14:00,64.96
06/11/2023 14:30,64.96
06/11/2023 14:30,51.55
06/11/2023 14:30,81.23
06/11/2023 14:30,51.55
06/11/2023 14:30,81.23
06/11/2023 15:00,64.96
06/11/2023 15:00,51.55
06/11/2023 15:00,81.23
06/11/2023 15:00,81.23
06/11/2023 15:00,51.55
06/11/2023 15:30,81.23
06/11/2023 15:30,51.55
06/11/2023 15:30,64.96
06/11/2023 15:30,51.55
06/11/2023 15:30,81.23
06/11/2023 16:00,51.55
06/11/2023 16:00,81.23
06/11/2023 16:00,51.55
06/11/2023 16:00,81.23
06/11/2023 16:00,64.96
06/11/2023 16:30,64.96
06/11/2023 16:30,81.23
06/11/2023 16:30,51.55
06/11/2023 16:30,51.55
06/11/2023 16:30,81.23
06/11/2023 17:00,64.96
06/11/2023 17:00,51.55
06/11/2023 17:00,51.55
06/11/2023 17:00,81.23
06/11/2023 17:00,81.23
06/11/2023 17:30,51.55
06/11/2023 17:30,81.23
06/11/2023 17:30,51.55
06/11/2023 17:30,81.23
06/11/2023 17:30,64.96
06/11/2023 18:00,81.23
06/11/2023 18:00,51.55
06/11/2023 18:00,51.55
06/11/2023 18:00,64.96
06/11/2023 18:00,81.23
06/11/2023 18:30,81.23
06/11/2023 18:30,51.55
06/11/2023 18:30,51.55
06/11/2023 18:30,81.23
06/11/2023 18:30,64.96
06/11/2023 19:00,81.23
06/11/2023 19:00,51.55
06/11/2023 19:00,64.96
06/11/2023 19:00,51.55
06/11/2023 19:00,81.23
06/11/2023 19:30,81.23
06/11/2023 19:30,51.55
06/11/2023 19:30,81.23
06/11/2023 19:30,64.96
06/11/2023 19:30,51.55
06/11/2023 20:00,81.23
06/11/2023 20:00,51.55
06/11/2023 20:00,64.96
06/11/2023 20:00,51.55
06/11/2023 20:00,81.23
06/11/2023 20:30,81.23
06/11/2023 20:30,51.55
06/11/2023 20:30,64.96
06/11/2023 20:30,51.55
06/11/2023 20:30,81.23
06/11/2023 21:00,51.55
06/11/2023 21:00,64.96
06/11/2023 21:00,51.55
06/11/2023 21:00,81.23
06/11/2023 21:00,81.23
06/11/2023 21:30,81.23
06/11/2023 21:30,51.55
06/11/2023 21:30,64.96
06/11/2023 21:30,51.55
06/11/2023 21:30,81.23
06/11/2023 22:00,81.23
06/11/2023 22:00,51.55
06/11/2023 22:00,51.55
06/11/2023 22:00,64.96
06/11/2023 22:00,81.23
06/11/2023 22:30,51.55
06/11/2023 22:30,51.55
06/11/2023 22:30,81.23
06/11/2023 22:30,64.96
06/11/2023 22:30,81.23
06/11/2023 23:00,51.55
06/11/2023 23:00,81.23
06/11/2023 23:00,51.55
06/11/2023 23:00,64.96
06/11/2023 23:00,81.23
06/11/2023 23:30,51.55
06/11/2023 23:30,51.55
06/11/2023 23:30,81.23
06/11/2023 23:30,64.96
06/11/2023 23:30,81.23
06/12/2023 00:00,38.52
06/12/2023 00:30,38.52
06/12/2023 01:00,38.52
06/12/2023 01:30,38.52
06/12/2023 02:00,38.52
06/12/2023 02:30,38.52
06/12/2023 03:00,38.52
06/12/2023 03:30,38.52
06/12/2023 04:00,38.52
06/12/2023 04:30,38.52
06/12/2023 05:00,38.52
06/12/2023 05:30,38.52
06/12/2023 06:00,38.52
06/12/2023 06:30,38.52
06/12/2023 07:00,38.52
06/12/2023 07:30,38.52
06/12/2023 08:00,38.52
06/12/2023 08:30,38.52
06/12/2023 09:00,38.52
06/12/2023 09:30,38.52
06/12/2023 10:00,38.52
06/12/2023 10:30,38.52
06/12/2023 11:00,38.52
06/12/2023 11:30,38.52
06/12/2023 12:00,38.52
06/12/2023 12:30,38.52
06/12/2023 13:00,38.52
06/12/2023 13:30,38.52
06/12/2023 14:00,38.52
06/12/2023 14:30,38.52
06/12/2023 15:00,38.52
06/12/2023 15:30,38.52
06/12/2023 16:00,38.52
06/12/2023 16:30,38.52
06/12/2023 17:00,38.52
06/12/2023 17:30,38.52
06/12/2023 18:00,38.52
06/12/2023 18:30,38.52
06/12/2023 19:00,38.52
06/12/2023 19:30,38.52
06/12/2023 20:00,38.52
06/12/2023 20:30,38.52
06/12/2023 21:00,38.52
06/12/2023 21:30,38.52
06/12/2023 22:00,38.52
06/12/2023 22:30,38.52
06/12/2023 23:00,38.52
06/12/2023 23:30,38.52
06/13/2023 00:00,28.06
06/13/2023 00:30,28.06
06/13/2023 01:00,28.06
06/13/2023 01:30,28.06
06/13/2023 02:00,28.06
06/13/2023 02:30,28.06
06/13/2023 03:00,28.06
06/13/2023 03:30,28.06
06/13/2023 04:00,28.06
06/13/2023 04:30,28.06
06/13/2023 05:00,28.06
06/13/2023 05:30,28.06
06/13/2023 06:00,28.06
06/13/2023 06:30,28.06
06/13/2023 07:00,28.06
06/13/2023 07:30,28.06
06/13/2023 08:00,28.06
06/13/2023 08:30,28.06
06/13/2023 09:00,28.06
06/13/2023 09:30,28.06
06/13/2023 10:00,28.06
06/13/2023 10:30,28.06
06/13/2023 11:00,28.06
06/13/2023 11:30,28.06
06/13/2023 12:00,28.06
06/13/2023 12:30,28.06
06/13/2023 13:00,28.06
06/13/2023 13:30,28.06
06/13/2023 14:00,28.06
06/13/2023 14:30,28.06
06/13/2023 15:00,28.06
06/13/2023 15:30,28.06
06/13/2023 16:00,28.06
06/13/2023 16:30,28.06
06/13/2023 17:00,28.06
06/13/2023 17:30,28.06
06/13/2023 18:00,28.06
06/13/2023 18:30,28.06
06/13/2023 19:00,28.06
06/13/2023 19:30,28.06
06/13/2023 20:00,28.06
06/13/2023 20:30,28.06
06/13/2023 21:00,28.06
06/13/2023 21:30,28.06
06/13/2023 22:00,28.06
06/13/2023 22:30,28.06
06/13/2023 23:00,28.06
06/13/2023 23:30,28.06
06/14/2023 00:00,16.64
06/14/2023 00:30,16.64
06/14/2023 01:00,16.64
06/14/2023 01:30,16.64
06/14/2023 02:00,16.64
06/14/2023 02:30,16.64
06/14/2023 03:00,16.64
06/14/2023 03:30,16.64
06/14/2023 04:00,16.64
06/14/2023 04:30,16.64
06/14/2023 05:00,16.64
06/14/2023 05:30,16.64
06/14/2023 06:00,16.64
06/14/2023 06:30,16.64
06/14/2023 07:00,16.64
06/14/2023 07:30,16.64
06/14/2023 08:00,16.64
06/14/2023 08:30,16.64
06/14/2023 09:00,16.64
06/14/2023 09:30,16.64
06/14/2023 10:00,16.64
06/14/2023 10:30,16.64
06/14/2023 11:00,16.64
06/14/2023 11:30,16.64
06/14/2023 12:00,16.64
06/14/2023 12:30,16.64
06/14/2023 13:00,16.64
06/14/2023 13:30,16.64
06/14/2023 14:00,16.64
06/14/2023 14:30,16.64
06/14/2023 15:00,16.64
06/14/2023 15:30,16.64
06/14/2023 16:00,16.64
06/14/2023 16:30,16.64
06/14/2023 17:00,16.64
06/14/2023 17:30,16.64
06/14/2023 18:00,16.64
06/14/2023 18:30,16.64
06/14/2023 19:00,16.64
06/14/2023 19:30,16.64
06/14/2023 20:00,16.64
06/14/2023 20:30,16.64
06/14/2023 21:00,16.64
06/14/2023 21:30,16.64
06/14/2023 22:00,16.64
06/14/2023 22:30,16.64
06/14/2023 23:00,16.64
06/14/2023 23:30,16.64
06/15/2023 00:00,9.06
06/15/2023 00:30,9.06
06/15/2023 01:00,9.06
06/15/2023 01:30,9.06
06/15/2023 02:00,9.06
06/15/2023 02:30,9.06
06/15/2023 03:00,9.06
06/15/2023 03:30,9.06
06/15/2023 04:00,9.06
06/15/2023 04:30,9.06
06/15/2023 05:00,9.06
06/15/2023 05:30,9.06
06/15/2023 06:00,9.06
06/15/2023 06:30,9.06
06/15/2023 07:00,9.06
06/15/2023 07:30,9.06
06/15/2023 08:00,9.06
06/15/2023 08:30,9.06
06/15/2023 09:00,9.06
06/15/2023 09:30,9.06
06/15/2023 10:00,9.06
06/15/2023 10:30,9.06
06/15/2023 11:00,9.06
06/15/2023 11:30,9.06
06/15/2023 12:00,9.06
06/15/2023 12:30,9.06
06/15/2023 13:00,9.06
06/15/2023 13:30,9.06
06/15/2023 14:00,9.06
06/15/2023 14:30,9.06
06/15/2023 15:00,9.06
06/15/2023 15:30,9.06
06/15/2023 16:00,9.06
06/15/2023 16:30,9.06
06/15/2023 17:00,9.06
06/15/2023 17:30,9.06
06/15/2023 18:00,9.06
06/15/2023 18:30,9.06
06/15/2023 19:00,9.06
06/15/2023 19:30,9.06
06/15/2023 20:00,9.06
06/15/2023 20:30,9.06
06/15/2023 21:00,9.06
06/15/2023 21:30,9.06
06/15/2023 22:00,9.06
06/15/2023 22:30,9.06
06/15/2023 23:00,9.06
06/15/2023 23:30,9.06
06/16/2023 00:00,0.0
06/16/2023 00:30,0.0
06/16/2023 01:00,0.0
06/16/2023 01:30,0.0
06/16/2023 02:00,0.0
06/16/2023 02:30,0.0
06/16/2023 03:00,0.0
06/16/2023 03:30,0.0
06/16/2023 04:00,0.0
06/16/2023 04:30,0.0
06/16/2023 05:00,0.0
06/16/2023 05:30,0.0
06/16/2023 06:00,0.0
06/16/2023 06:30,0.0
06/16/2023 07:00,0.0
06/16/2023 07:30,0.0
06/16/2023 08:00,0.0
06/16/2023 08:30,0.0
06/16/2023 09:00,0.0
06/16/2023 09:30,0.0
06/16/2023 10:00,0.0
06/16/2023 10:30,0.0
06/16/2023 11:00,0.0
06/16/2023 11:30,0.0
06/16/2023 12:00,0.0
06/16/2023 12:30,0.0
06/16/2023 13:00,0.0
06/16/2023 13:30,0.0
06/16/2023 14:00,0.0
06/16/2023 14:30,0.0
06/16/2023 15:00,0.0
06/16/2023 15:30,0.0
06/16/2023 16:00,0.0
06/16/2023 16:30,0.0
06/16/2023 17:00,0.0
06/16/2023 17:30,0.0
06/16/2023 18:00,0.0
06/16/2023 18:30,0.0
06/16/2023 19:00,0.0
06/16/2023 19:30,0.0
06/16/2023 20:00,0.0
06/16/2023 20:30,0.0
06/16/2023 21:00,0.0
06/16/2023 21:30,0.0
06/16/2023 22:00,0.0
06/16/2023 22:30,0.0
06/16/2023 23:00,0.0
06/16/2023 23:30,0.0
06/17/2023 00:00,5.16
06/17/2023 00:30,5.16
06/17/2023 01:00,5.16
06/17/2023 01:30,5.16
06/17/2023 02:00,5.16
06/17/2023 02:30,5.16
06/17/2023 03:00,5.16
06/17/2023 03:30,5.16
06/17/2023 04:00,5.16
06/17/2023 04:30,5.16
06/17/2023 05:00,5.16
06/17/2023 05:30,5.16
06/17/2023 06:00,5.16
06/17/2023 06:30,5.16
06/17/2023 07:00,5.16
06/17/2023 07:30,5.16
06/17/2023 08:00,5.16
06/17/2023 08:30,5.16
06/17/2023 09:00,5.16
06/17/2023 09:30,5.16
06/17/2023 10:00,5.16
06/17/2023 10:30,5.16
06/17/2023 11:00,5.16
06/17/2023 11:30,5.16
06/17/2023 12:00,5.16
06/17/2023 12:30,5.16
06/17/2023 13:00,5.16
06/17/2023 13:30,5.16
06/17/2023 14:00,5.16
06/17/2023 14:30,5.16
06/17/2023 15:00,5.16
06/17/2023 15:30,5.16
06/17/2023 16:00,5.16
06/17/2023 16:30,5.16
06/17/2023 17:00,5.16
06/17/2023 17:30,5.16
06/17/2023 18:00,5.16
06/17/2023 18:30,5.16
06/17/2023 19:00,5.16
06/17/2023 19:30,5.16
06/17/2023 20:00,5.16
06/17/2023 20:30,5.16
06/17/2023 21:00,5.16
06/17/2023 21:30,5.16
06/17/2023 22:00,5.16
06/17/2023 22:30,5.16
06/17/2023 23:00,5.16
06/17/2023 23:30,5.16
06/18/2023 00:00,3.82
06/18/2023 00:30,3.82
06/18/2023 01:00,3.82
06/18/2023 01:30,3.82
06/18/2023 02:00,3.82
06/18/2023 02:30,3.82
06/18/2023 03:00,3.82
06/18/2023 03:30,3.82
06/18/2023 04:00,3.82
06/18/2023 04:30,3.82
06/18/2023 05:00,3.82
06/18/2023 05:30,3.82
06/18/2023 06:00,3.82
06/18/2023 06:30,3.82
06/18/2023 07:00,3.82
06/18/2023 07:30,3.82
06/18/2023 08:00,3.82
06/18/2023 08:30,3.82
06/18/2023 09:00,3.82
06/18/2023 09:30,3.82
06/18/2023 10:00,3.82
06/18/2023 10:30,3.82
06/18/2023 11:00,3.82
06/18/2023 11:30,3.82
06/18/2023 12:00,3.82
06/18/2023 12:30,3.82
06/18/2023 13:00,3.82
06/18/2023 13:30,3.82
06/18/2023 14:00,3.82
06/18/2023 14:30,3.82
06/18/2023 15:00,3.82
06/18/2023 15:30,3.82
06/18/2023 16:00,3.82
06/18/2023 16:30,3.82
06/18/2023 17:00,3.82
06/18/2023 17:30,3.82
06/18/2023 18:00,3.82
06/18/2023 18:30,3.82
06/18/2023 19:00,3.82
06/18/2023 19:30,3.82
06/18/2023 20:00,3.82
06/18/2023 20:30,3.82
06/18/2023 21:00,3.82
06/18/2023 21:30,3.82
06/18/2023 22:00,3.82
06/18/2023 22:30,3.82
06/18/2023 23:00,3.82
06/18/2023 23:30,3.82
06/19/2023 00:00,16.64
06/19/2023 00:30,16.64
06/19/2023 01:00,16.64
06/19/2023 01:30,16.64
06/19/2023 02:00,16.64
06/19/2023 02:30,16.64
06/19/2023 03:00,16.64
06/19/2023 03:30,16.64
06/19/2023 04:00,16.64
06/19/2023 04:30,16.64
06/19/2023 05:00,16.64
06/19/2023 05:30,16.64
06/19/2023 06:00,16.64
06/19/2023 06:30,16.64
06/19/2023 07:00,16.64
06/19/2023 07:30,16.64
06/19/2023 08:00,16.64
06/19/2023 08:30,16.64
06/19/2023 09:00,16.64
06/19/2023 09:30,16.64
06/19/2023 10:00,16.64
06/19/2023 10:30,16.64
06/19/2023 11:00,16.64
06/19/2023 11:30,16.64
06/19/2023 12:00,16.64
06/19/2023 12:30,16.64
06/19/2023 13:00,16.64
06/19/2023 13:30,16.64
06/19/2023 14:00,16.64
06/19/2023 14:30,16.64
06/19/2023 15:00,16.64
06/19/2023 15:30,16.64
06/19/2023 16:00,16.64
06/19/2023 16:30,16.64
06/19/2023 17:00,16.64
06/19/2023 17:30,16.64
06/19/2023 18:00,16.64
06/19/2023 18:30,16.64
06/19/2023 19:00,16.64
06/19/2023 19:30,16.64
06/19/2023 20:00,16.64
06/19/2023 20:30,16.64
06/19/2023 21:00,16.64
06/19/2023 21:30,16.64
06/19/2023 22:00,16.64
06/19/2023 22:30,16.64
06/19/2023 23:00,16.64
06/19/2023 23:30,16.64
06/20/2023 00:00,24.43
06/20/2023 00:30,24.43
06/20/2023 01:00,24.43
06/20/2023 01:30,24.43
06/20/2023 02:00,24.43
06/20/2023 02:30,24.43
06/20/2023 03:00,24.43
06/20/2023 03:30,24.43
06/20/2023 04:00,24.43
06/20/2023 04:30,24.43
06/20/2023 05:00,24.43
06/20/2023 05:30,24.43
06/20/2023 06:00,24.43
06/20/2023 06:30,24.43
06/20/2023 07:00,24.43
06/20/2023 07:30,24.43
06/20/2023 08:00,24.43
06/20/2023 08:30,24.43
06/20/2023 09:00,24.43
06/20/2023 09:30,24.43
06/20/2023 10:00,24.43
06/20/2023 10:30,24.43
06/20/2023 11:00,24.43
06/20/2023 11:30,24.43
06/20/2023 12:00,24.43
06/20/2023 12:30,24.43
06/20/2023 13:00,24.43
06/20/2023 13:30,24.43
06/20/2023 14:00,24.43
06/20/2023 14:30,24.43
06/20/2023 15:00,24.43
06/20/2023 15:30,24.43
06/20/2023 16:00,24.43
06/20/2023 16:30,24.43
06/20/2023 17:00,24.43
06/20/2023 17:30,24.43
06/20/2023 18:00,24.43
06/20/2023 18:30,24.43
06/20/2023 19:00,24.43
06/20/2023 19:30,24.43
06/20/2023 20:00,24.43
06/20/2023 20:30,24.43
06/20/2023 21:00,24.43
06/20/2023 21:30,24.43
06/20/2023 22:00,24.43
06/20/2023 22:30,24.43
06/20/2023 23:00,24.43
06/20/2023 23:30,24.43
06/21/2023 00:00,18.76
06/21/2023 00:30,18.76
06/21/2023 01:00,18.76
06/21/2023 01:30,18.76
06/21/2023 02:00,18.76
06/21/2023 02:30,18.76
06/21/2023 03:00,18.76
06/21/2023 03:30,18.76
06/21/2023 04:00,18.76
06/21/2023 04:30,18.76
06/21/2023 05:00,18.76
06/21/2023 05:30,18.76
06/21/2023 06:00,18.76
06/21/2023 06:30,18.76
06/21/2023 07:00,18.76
06/21/2023 07:30,18.76
06/21/2023 08:00,18.76
06/21/2023 08:30,18.76
06/21/2023 09:00,18.76
06/21/2023 09:30,18.76
06/21/2023 10:00,18.76
06/21/2023 10:30,18.76
06/21/2023 11:00,18.76
06/21/2023 11:30,18.76
06/21/2023 12:00,18.76
06/21/2023 12:30,18.76
06/21/2023 13:00,18.76
06/21/2023 13:30,18.76
06/21/2023 14:00,18.76
06/21/2023 14:30,18.76
06/21/2023 15:00,18.76
06/21/2023 15:30,18.76
06/21/2023 16:00,18.76
06/21/2023 16:30,18.76
06/21/2023 17:00,18.76
06/21/2023 17:30,18.76
06/21/2023 18:00,18.76
06/21/2023 18:30,18.76
06/21/2023 19:00,18.76
06/21/2023 19:30,18.76
06/21/2023 20:00,18.76
06/21/2023 20:30,18.76
06/21/2023 21:00,18.76
06/21/2023 21:30,18.76
06/21/2023 22:00,18.76
06/21/2023 22:30,18.76
06/21/2023 23:00,18.76
06/21/2023 23:30,18.76
06/22/2023 00:00,13.62
06/22/2023 00:30,13.62
06/22/2023 01:00,13.62
06/22/2023 01:30,13.62
06/22/2023 02:00,13.62
06/22/2023 02:30,13.62
06/22/2023 03:00,13.62
06/22/2023 03:30,13.62
06/22/2023 04:00,13.62
06/22/2023 04:30,13.62
06/22/2023 05:00,13.62
06/22/2023 05:30,13.62
06/22/2023 06:00,13.62
06/22/2023 06:30,13.62
06/22/2023 07:00,13.62
06/22/2023 07:30,13.62
06/22/2023 08:00,13.62
06/22/2023 08:30,13.62
06/22/2023 09:00,13.62
06/22/2023 09:30,13.62
06/22/2023 10:00,13.62
06/22/2023 10:30,13.62
06/22/2023 11:00,13.62
06/22/2023 11:30,13.62
06/22/2023 12:00,13.62
06/22/2023 12:30,13.62
06/22/2023 13:00,13.62
06/22/2023 13:30,13.62
06/22/2023 14:00,13.62
06/22/2023 14:30,13.62
06/22/2023 15:00,13.62
06/22/2023 15:30,13.62
06/22/2023 16:00,13.62
06/22/2023 16:30,13.62
06/22/2023 17:00,13.62
06/22/2023 17:30,13.62
06/22/2023 18:00,13.62
06/22/2023 18:30,13.62
06/22/2023 19:00,13.62
06/22/2023 19:30,13.62
06/22/2023 20:00,13.62
06/22/2023 20:30,13.62
06/22/2023 21:00,13.62
06/22/2023 21:30,13.62
06/22/2023 22:00,13.62
06/22/2023 22:30,13.62
06/22/2023 23:00,13.62
06/22/2023 23:30,13.62
06/23/2023 00:00,9.92
06/23/2023 00:30,9.92
06/23/2023 01:00,9.92
06/23/2023 01:30,9.92
06/23/2023 02:00,9.92
06/23/2023 02:30,9.92
06/23/2023 03:00,9.92
06/23/2023 03:30,9.92
06/23/2023 04:00,9.92
06/23/2023 04:30,9.92
06/23/2023 05:00,9.92
06/23/2023 05:30,9.92
06/23/2023 06:00,9.92
06/23/2023 06:30,9.92
06/23/2023 07:00,9.92
06/23/2023 07:30,9.92
06/23/2023 08:00,9.92
06/23/2023 08:30,9.92
06/23/2023 09:00,9.92
06/23/2023 09:30,9.92
06/23/2023 10:00,9.92
06/23/2023 10:30,9.92
06/23/2023 11:00,9.92
06/23/2023 11:30,9.92
06/23/2023 12:00,9.92
06/23/2023 12:30,9.92
06/23/2023 13:00,9.92
06/23/2023 13:30,9.92
06/23/2023 14:00,9.92
06/23/2023 14:30,9.92
06/23/2023 15:00,9.92
06/23/2023 15:30,9.92
06/23/2023 16:00,9.92
06/23/2023 16:30,9.92
06/23/2023 17:00,9.92
06/23/2023 17:30,9.92
06/23/2023 18:00,9.92
06/23/2023 18:30,9.92
06/23/2023 19:00,9.92
06/23/2023 19:30,9.92
06/23/2023 20:00,9.92
06/23/2023 20:30,9.92
06/23/2023 21:00,9.92
06/23/2023 21:30,9.92
06/23/2023 22:00,9.92
06/23/2023 22:30,9.92
06/23/2023 23:00,9.92
06/23/2023 23:30,9.92
06/24/2023 00:00,5.88
06/24/2023 00:30,5.88
06/24/2023 01:00,5.88
06/24/2023 01:30,5.88
06/24/2023 02:00,5.88
06/24/2023 02:30,5.88
06/24/2023 03:00,5.88
06/24/2023 03:30,5.88
06/24/2023 04:00,5.88
06/24/2023 04:30,5.88
06/24/2023 05:00,5.88
06/24/2023 05:30,5.88
06/24/2023 06:00,5.88
06/24/2023 06:30,5.88
06/24/2023 07:00,5.88
06/24/2023 07:30,5.88
06/24/2023 08:00,5.88
06/24/2023 08:30,5.88
06/24/2023 09:00,5.88
06/24/2023 09:30,5.88
06/24/2023 10:00,5.88
06/24/2023 10:30,5.88
06/24/2023 11:00,5.88
06/24/2023 11:30,5.88
06/24/2023 12:00,5.88
06/24/2023 12:30,5.88
06/24/2023 13:00,5.88
06/24/2023 13:30,5.88
06/24/2023 14:00,5.88
06/24/2023 14:30,5.88
06/24/2023 15:00,5.88
06/24/2023 15:30,5.88
06/24/2023 16:00,5.88
06/24/2023 16:30,5.88
06/24/2023 17:00,5.88
06/24/2023 17:30,5.88
06/24/2023 18:00,5.88
06/24/2023 18:30,5.88
06/24/2023 19:00,5.88
06/24/2023 19:30,5.88
06/24/2023 20:00,5.88
06/24/2023 20:30,5.88
06/24/2023 21:00,5.88
06/24/2023 21:30,5.88
06/24/2023 22:00,5.88
06/24/2023 22:30,5.88
06/24/2023 23:00,5.88
06/24/2023 23:30,5.88
06/25/2023 00:00,3.82
06/25/2023 00:30,3.82
06/25/2023 01:00,3.82
06/25/2023 01:30,3.82
06/25/2023 02:00,3.82
06/25/2023 02:30,3.82
06/25/2023 03:00,3.82
06/25/2023 03:30,3.82
06/25/2023 04:00,3.82
06/25/2023 04:30,3.82
06/25/2023 05:00,3.82
06/25/2023 05:30,3.82
06/25/2023 06:00,3.82
06/25/2023 06:30,3.82
06/25/2023 07:00,3.82
06/25/2023 07:30,3.82
06/25/2023 08:00,3.82
06/25/2023 08:30,3.82
06/25/2023 09:00,3.82
06/25/2023 09:30,3.82
06/25/2023 10:00,3.82
06/25/2023 10:30,3.82
06/25/2023 11:00,3.82
06/25/2023 11:30,3.82
06/25/2023 12:00,3.82
06/25/2023 12:30,3.82
06/25/2023 13:00,3.82
06/25/2023 13:30,3.82
06/25/2023 14:00,3.82
06/25/2023 14:30,3.82
06/25/2023 15:00,3.82
06/25/2023 15:30,3.82
06/25/2023 16:00,3.82
06/25/2023 16:30,3.82
06/25/2023 17:00,3.82
06/25/2023 17:30,3.82
06/25/2023 18:00,3.82
06/25/2023 18:30,3.82
06/25/2023 19:00,3.82
06/25/2023 19:30,3.82
06/25/2023 20:00,3.82
06/25/2023 20:30,3.82
06/25/2023 21:00,3.82
06/25/2023 21:30,3.82
06/25/2023 22:00,3.82
06/25/2023 22:30,3.82
06/25/2023 23:00,3.82
06/25/2023 23:30,3.82
06/26/2023 00:00,2.08
06/26/2023 00:30,2.08
06/26/2023 01:00,2.08
06/26/2023 01:30,2.08
06/26/2023 02:00,2.08
06/26/2023 02:30,2.08
06/26/2023 03:00,2.08
06/26/2023 03:30,2.08
06/26/2023 04:00,2.08
06/26/2023 04:30,2.08
06/26/2023 05:00,2.08
06/26/2023 05:30,2.08
06/26/2023 06:00,2.08
06/26/2023 06:30,2.08
06/26/2023 07:00,2.08
06/26/2023 07:30,2.08
06/26/2023 08:00,2.08
06/26/2023 08:30,2.08
06/26/2023 09:00,2.08
06/26/2023 09:30,2.08
06/26/2023 10:00,2.08
06/26/2023 10:30,2.08
06/26/2023 11:00,2.08
06/26/2023 11:30,2.08
06/26/2023 12:00,2.08
06/26/2023 12:30,2.08
06/26/2023 13:00,2.08
06/26/2023 13:30,2.08
06/26/2023 14:00,2.08
06/26/2023 14:30,2.08
06/26/2023 15:00,2.08
06/26/2023 15:30,2.08
06/26/2023 16:00,2.08
06/26/2023 16:30,2.08
06/26/2023 17:00,2.08
06/26/2023 17:30,2.08
06/26/2023 18:00,2.08
06/26/2023 18:30,2.08
06/26/2023 19:00,2.08
06/26/2023 19:30,2.08
06/26/2023 20:00,2.08
06/26/2023 20:30,2.08
06/26/2023 21:00,2.08
06/26/2023 21:30,2.08
06/26/2023 22:00,2.08
06/26/2023 22:30,2.08
06/26/2023 23:00,2.08
06/26/2023 23:30,2.08
06/27/2023 00:00,0.34
06/27/2023 00:30,0.34
06/27/2023 01:00,0.34
06/27/2023 01:30,0.34
06/27/2023 02:00,0.34
06/27/2023 02:30,0.34
06/27/2023 03:00,0.34
06/27/2023 03:30,0.34
06/27/2023 04:00,0.34
06/27/2023 04:30,0.34
06/27/2023 05:00,0.34
06/27/2023 05:30,0.34
06/27/2023 06:00,0.34
06/27/2023 06:30,0.34
06/27/2023 07:00,0.34
06/27/2023 07:30,0.34
06/27/2023 08:00,0.34
06/27/2023 08:30,0.34
06/27/2023 09:00,0.34
06/27/2023 09:30,0.34
06/27/2023 10:00,0.34
06/27/2023 10:30,0.34
06/27/2023 11:00,0.34
06/27/2023 11:30,0.34
06/27/2023 12:00,0.34
06/27/2023 12:30,0.34
06/27/2023 13:00,0.34
06/27/2023 13:30,0.34
06/27/2023 14:00,0.34
06/27/2023 14:30,0.34
06/27/2023 15:00,0.34
06/27/2023 15:30,0.34
06/27/2023 16:00,0.34
06/27/2023 16:30,0.34
06/27/2023 17:00,0.34
06/27/2023 17:30,0.34
06/27/2023 18:00,0.34
06/27/2023 18:30,0.34
06/27/2023 19:00,0.34
06/27/2023 19:30,0.34
06/27/2023 20:00,0.34
06/27/2023 20:30,0.34
06/27/2023 21:00,0.34
06/27/2023 21:30,0.34
06/27/2023 22:00,0.34
06/27/2023 22:30,0.34
06/27/2023 23:00,0.34
06/27/2023 23:30,0.34
06/28/2023 00:00,0.05
06/28/2023 00:30,0.05
06/28/2023 01:00,0.05
06/28/2023 01:30,0.05
06/28/2023 02:00,0.05
06/28/2023 02:30,0.05
06/28/2023 03:00,0.05
06/28/2023 03:30,0.05
06/28/2023 04:00,0.05
06/28/2023 04:30,0.05
06/28/2023 05:00,0.05
06/28/2023 05:30,0.05
06/28/2023 06:00,0.05
06/28/2023 06:30,0.05
06/28/2023 07:00,0.05
06/28/2023 07:30,0.05
06/28/2023 08:00,0.05
06/28/2023 08:30,0.05
06/28/2023 09:00,0.05
06/28/2023 09:30,0.05
06/28/2023 10:00,0.05
06/28/2023 10:30,0.05
06/28/2023 11:00,0.05
06/28/2023 11:30,0.05
06/28/2023 12:00,0.05
06/28/2023 12:30,0.05
06/28/2023 13:00,0.05
06/28/2023 13:30,0.05
06/28/2023 14:00,0.05
06/28/2023 14:30,0.05
06/28/2023 15:00,0.05
06/28/2023 15:30,0.05
06/28/2023 16:00,0.05
06/28/2023 16:30,0.05
06/28/2023 17:00,0.05
06/28/2023 17:30,0.05
06/28/2023 18:00,0.05
06/28/2023 18:30,0.05
06/28/2023 19:00,0.05
06/28/2023 19:30,0.05
06/28/2023 20:00,0.05
06/28/2023 20:30,0.05
06/28/2023 21:00,0.05
06/28/2023 21:30,0.05
06/28/2023 22:00,0.05
06/28/2023 22:30,0.05
06/28/2023 23:00,0.05
06/28/2023 23:30,0.05
06/29/2023 00:00,0.02
06/29/2023 00:30,0.02
06/29/2023 01:00,0.02
06/29/2023 01:30,0.02
06/29/2023 02:00,0.02
06/29/2023 02:30,0.02
06/29/2023 03:00,0.02
06/29/2023 03:30,0.02
06/29/2023 04:00,0.02
06/29/2023 04:30,0.02
06/29/2023 05:00,0.02
06/29/2023 05:30,0.02
06/29/2023 06:00,0.02
06/29/2023 06:30,0.02
06/29/2023 07:00,0.02
06/29/2023 07:30,0.02
06/29/2023 08:00,0.02
06/29/2023 08:30,0.02
06/29/2023 09:00,0.02
06/29/2023 09:30,0.02
06/29/2023 10:00,0.02
06/29/2023 10:30,0.02
06/29/2023 11:00,0.02
06/29/2023 11:30,0.02
06/29/2023 12:00,0.02
06/29/2023 12:30,0.02
06/29/2023 13:00,0.02
06/29/2023 13:30,0.02
06/29/2023 14:00,0.02
06/29/2023 14:30,0.02
06/29/2023 15:00,0.02
06/29/2023 15:30,0.02
06/29/2023 16:00,0.02
06/29/2023 16:30,0.02
06/29/2023 17:00,0.02
06/29/2023 17:30,0.02
06/29/2023 18:00,0.02
06/29/2023 18:30,0.02
06/29/2023 19:00,0.02
06/29/2023 19:30,0.02
06/29/2023 20:00,0.02
06/29/2023 20:30,0.02
06/29/2023 21:00,0.02
06/29/2023 21:30,0.02
06/29/2023 22:00,0.02
06/29/2023 22:30,0.02
06/29/2023 23:00,0.02
06/29/2023 23:30,0.02
06/30/2023 00:00,0.005
06/30/2023 00:30,0.005
06/30/2023 01:00,0.005
06/30/2023 01:30,0.005
06/30/2023 02:00,0.005
06/30/2023 02:30,0.005
06/30/2023 03:00,0.005
06/30/2023 03:30,0.005
06/30/2023 04:00,0.005
06/30/2023 04:30,0.005
06/30/2023 05:00,0.005
06/30/2023 05:30,0.005
06/30/2023 06:00,0.005
06/30/2023 06:30,0.005
06/30/2023 07:00,0.005
06/30/2023 07:30,0.005
06/30/2023 08:00,0.005
06/30/2023 08:30,0.005
06/30/2023 09:00,0.005
06/30/2023 09:30,0.005
06/30/2023 10:00,0.005
06/30/2023 10:30,0.005
06/30/2023 11:00,0.005
06/30/2023 11:30,0.005
06/30/2023 12:00,0.005
06/30/2023 12:30,0.005
06/30/2023 13:00,0.005
06/30/2023 13:30,0.005
06/30/2023 14:00,0.005
06/30/2023 14:30,0.005
06/30/2023 15:00,0.005
06/30/2023 15:30,0.005
06/30/2023 16:00,0.005
06/30/2023 16:30,0.005
06/30/2023 17:00,0.005
06/30/2023 17:30,0.005
06/30/2023 18:00,0.005
06/30/2023 18:30,0.005
06/30/2023 19:00,0.005
06/30/2023 19:30,0.005
06/30/2023 20:00,0.005
06/30/2023 20:30,0.005
06/30/2023 21:00,0.005
06/30/2023 21:30,0.005
06/30/2023 22:00,0.005
06/30/2023 22:30,0.005
06/30/2023 23:00,0.005
06/30/2023 23:30,0.005
07/01/2023 00:00,13.62
07/01/2023 00:30,13.62
07/01/2023 01:00,13.62
07/01/2023 01:30,13.62
07/01/2023 02:00,13.62
07/01/2023 02:30,13.62
07/01/2023 03:00,13.62
07/01/2023 03:30,13.62
07/01/2023 04:00,13.62
07/01/2023 04:30,13.62
07/01/2023 05:00,13.62
07/01/2023 05:30,13.62
07/01/2023 06:00,13.62
07/01/2023 06:30,13.62
07/01/2023 07:00,13.62
07/01/2023 07:30,13.62
07/01/2023 08:00,13.62
07/01/2023 08:30,13.62
07/01/2023 09:00,13.62
07/01/2023 09:30,13.62
07/01/2023 10:00,13.62
07/01/2023 10:30,13.62
07/01/2023 11:00,13.62
07/01/2023 11:30,13.62
07/01/2023 12:00,13.62
07/01/2023 12:30,13.62
07/01/2023 13:00,13.62
07/01/2023 13:30,13.62
07/01/2023 14:00,13.62
07/01/2023 14:30,13.62
07/01/2023 15:00,13.62
07/01/2023 15:30,13.62
07/01/2023 16:00,13.62
07/01/2023 16:30,13.62
07/01/2023 17:00,13.62
07/01/2023 17:30,13.62
07/01/2023 18:00,13.62
07/01/2023 18:30,13.62
07/01/2023 19:00,13.62
07/01/2023 19:30,13.62
07/01/2023 20:00,13.62
07/01/2023 20:30,13.62
07/01/2023 21:00,13.62
07/01/2023 21:30,13.62
07/01/2023 22:00,13.62
07/01/2023 22:30,13.62
07/01/2023 23:00,13.62
07/01/2023 23:30,13.62
07/02/2023 00:00,16.64
07/02/2023 00:30,16.64
07/02/2023 01:00,16.64
07/02/2023 01:30,16.64
07/02/2023 02:00,16.64
07/02/2023 02:30,16.64
07/02/2023 03:00,16.64
07/02/2023 03:30,16.64
07/02/2023 04:00,16.64
07/02/2023 04:30,16.64
07/02/2023 05:00,16.64
07/02/2023 05:30,16.64
07/02/2023 06:00,16.64
07/02/2023 06:30,16.64
07/02/2023 07:00,16.64
07/02/2023 07:30,16.64
07/02/2023 08:00,16.64
07/02/2023 08:30,16.64
07/02/2023 09:00,16.64
07/02/2023 09:30,16.64
07/02/2023 10:00,16.64
07/02/2023 10:30,16.64
07/02/2023 11:00,16.64
07/02/2023 11:30,16.64
07/02/2023 12:00,16.64
07/02/2023 12:30,16.64
07/02/2023 13:00,16.64
07/02/2023 13:30,16.64
07/02/2023 14:00,16.64
07/02/2023 14:30,16.64
07/02/2023 15:00,16.64
07/02/2023 15:30,16.64
07/02/2023 16:00,16.64
07/02/2023 16:30,16.64
07/02/2023 17:00,16.64
07/02/2023 17:30,16.64
07/02/2023 18:00,16.64
07/02/2023 18:30,16.64
07/02/2023 19:00,16.64
07/02/2023 19:30,16.64
07/02/2023 20:00,16.64
07/02/2023 20:30,16.64
07/02/2023 21:00,16.64
07/02/2023 21:30,16.64
07/02/2023 22:00,16.64
07/02/2023 22:30,16.64
07/02/2023 23:00,16.64
07/02/2023 23:30,16.64
07/03/2023 00:00,13.62
07/03/2023 00:30,13.62
07/03/2023 01:00,13.62
07/03/2023 01:30,13.62
07/03/2023 02:00,13.62
07/03/2023 02:30,13.62
07/03/2023 03:00,13.62
07/03/2023 03:30,13.62
07/03/2023 04:00,13.62
07/03/2023 04:30,13.62
07/03/2023 05:00,13.62
07/03/2023 05:30,13.62
07/03/2023 06:00,13.62
07/03/2023 06:30,13.62
07/03/2023 07:00,13.62
07/03/2023 07:30,13.62
07/03/2023 08:00,13.62
07/03/2023 08:30,13.62
07/03/2023 09:00,13.62
07/03/2023 09:30,13.62
07/03/2023 10:00,13.62
07/03/2023 10:30,13.62
07/03/2023 11:00,13.62
07/03/2023 11:30,13.62
07/03/2023 12:00,13.62
07/03/2023 12:30,13.62
07/03/2023 13:00,13.62
07/03/2023 13:30,13.62
07/03/2023 14:00,13.62
07/03/2023 14:30,13.62
07/03/2023 15:00,13.62
07/03/2023 15:30,13.62
07/03/2023 16:00,13.62
07/03/2023 16:30,13.62
07/03/2023 17:00,13.62
07/03/2023 17:30,13.62
07/03/2023 18:00,13.62
07/03/2023 18:30,13.62
07/03/2023 19:00,13.62
07/03/2023 19:30,13.62
07/03/2023 20:00,13.62
07/03/2023 20:30,13.62
07/03/2023 21:00,13.62
07/03/2023 21:30,13.62
07/03/2023 22:00,13.62
07/03/2023 22:30,13.62
07/03/2023 23:00,13.62
07/03/2023 23:30,13.62
07/04/2023 00:00,9.06
07/04/2023 00:30,9.06
07/04/2023 01:00,9.06
07/04/2023 01:30,9.06
07/04/2023 02:00,9.06
07/04/2023 02:30,9.06
07/04/2023 03:00,9.06
07/04/2023 03:30,9.06
07/04/2023 04:00,9.06
07/04/2023 04:30,9.06
07/04/2023 05:00,9.06
07/04/2023 05:30,9.06
07/04/2023 06:00,9.06
07/04/2023 06:30,9.06
07/04/2023 07:00,9.06
07/04/2023 07:30,9.06
07/04/2023 08:00,9.06
07/04/2023 08:30,9.06
07/04/2023 09:00,9.06
07/04/2023 09:30,9.06
07/04/2023 10:00,9.06
07/04/2023 10:30,9.06
07/04/2023 11:00,9.06
07/04/2023 11:30,9.06
07/04/2023 12:00,9.06
07/04/2023 12:30,9.06
07/04/2023 13:00,9.06
07/04/2023 13:30,9.06
07/04/2023 14:00,9.06
07/04/2023 14:30,9.06
07/04/2023 15:00,9.06
07/04/2023 15:30,9.06
07/04/2023 16:00,9.06
07/04/2023 16:30,9.06
07/04/2023 17:00,9.06
07/04/2023 17:30,9.06
07/04/2023 18:00,9.06
07/04/2023 18:30,9.06
07/04/2023 19:00,9.06
07/04/2023 19:30,9.06
07/04/2023 20:00,9.06
07/04/2023 20:30,9.06
07/04/2023 21:00,9.06
07/04/2023 21:30,9.06
07/04/2023 22:00,9.06
07/04/2023 22:30,9.06
07/04/2023 23:00,9.06
07/04/2023 23:30,9.06
07/05/2023 00:00,6.63
07/05/2023 00:30,6.63
07/05/2023 01:00,6.63
07/05/2023 01:30,6.63
07/05/2023 02:00,6.63
07/05/2023 02:30,6.63
07/05/2023 03:00,6.63
07/05/2023 03:30,6.63
07/05/2023 04:00,6.63
07/05/2023 04:30,6.63
07/05/2023 05:00,6.63
07/05/2023 05:30,6.63
07/05/2023 06:00,6.63
07/05/2023 06:30,6.63
07/05/2023 07:00,6.63
07/05/2023 07:30,6.63
07/05/2023 08:00,6.63
07/05/2023 08:30,6.63
07/05/2023 09:00,6.63
07/05/2023 09:30,6.63
07/05/2023 10:00,6.63
07/05/2023 10:30,6.63
07/05/2023 11:00,6.63
07/05/2023 11:30,6.63
07/05/2023 12:00,6.63
07/05/2023 12:30,6.63
07/05/2023 13:00,6.63
07/05/2023 13:30,6.63
07/05/2023 14:00,6.63
07/05/2023 14:30,6.63
07/05/2023 15:00,6.63
07/05/2023 15:30,6.63
07/05/2023 16:00,6.63
07/05/2023 16:30,6.63
07/05/2023 17:00,6.63
07/05/2023 17:30,6.63
07/05/2023 18:00,6.63
07/05/2023 18:30,6.63
07/05/2023 19:00,6.63
07/05/2023 19:30,6.63
07/05/2023 20:00,6.63
07/05/2023 20:30,6.63
07/05/2023 21:00,6.63
07/05/2023 21:30,6.63
07/05/2023 22:00,6.63
07/05/2023 22:30,6.63
07/05/2023 23:00,6.63
07/05/2023 23:30,6.63
07/06/2023 00:00,3.82
07/06/2023 00:30,3.82
07/06/2023 01:00,3.82
07/06/2023 01:30,3.82
07/06/2023 02:00,3.82
07/06/2023 02:30,3.82
07/06/2023 03:00,3.82
07/06/2023 03:30,3.82
07/06/2023 04:00,3.82
07/06/2023 04:30,3.82
07/06/2023 05:00,3.82
07/06/2023 05:30,3.82
07/06/2023 06:00,3.82
07/06/2023 06:30,3.82
07/06/2023 07:00,3.82
07/06/2023 07:30,3.82
07/06/2023 08:00,3.82
07/06/2023 08:30,3.82
07/06/2023 09:00,3.82
07/06/2023 09:30,3.82
07/06/2023 10:00,3.82
07/06/2023 10:30,3.82
07/06/2023 11:00,3.82
07/06/2023 11:30,3.82
07/06/2023 12:00,3.82
07/06/2023 12:30,3.82
07/06/2023 13:00,3.82
07/06/2023 13:30,3.82
07/06/2023 14:00,3.82
07/06/2023 14:30,3.82
07/06/2023 15:00,3.82
07/06/2023 15:30,3.82
07/06/2023 16:00,3.82
07/06/2023 16:30,3.82
07/06/2023 17:00,3.82
07/06/2023 17:30,3.82
07/06/2023 18:00,3.82
07/06/2023 18:30,3.82
07/06/2023 19:00,3.82
07/06/2023 19:30,3.82
07/06/2023 20:00,3.82
07/06/2023 20:30,3.82
07/06/2023 21:00,3.82
07/06/2023 21:30,3.82
07/06/2023 22:00,3.82
07/06/2023 22:30,3.82
07/06/2023 23:00,3.82
07/06/2023 23:30,3.82
07/07/2023 00:00,0.34
07/07/2023 00:30,0.34
07/07/2023 01:00,0.34
07/07/2023 01:30,0.34
07/07/2023 02:00,0.34
07/07/2023 02:30,0.34
07/07/2023 03:00,0.34
07/07/2023 03:30,0.34
07/07/2023 04:00,0.34
07/07/2023 04:30,0.34
07/07/2023 05:00,0.34
07/07/2023 05:30,0.34
07/07/2023 06:00,0.34
07/07/2023 06:30,0.34
07/07/2023 07:00,0.34
07/07/2023 07:30,0.34
07/07/2023 08:00,0.34
07/07/2023 08:30,0.34
07/07/2023 09:00,0.34
07/07/2023 09:30,0.34
07/07/2023 10:00,0.34
07/07/2023 10:30,0.34
07/07/2023 11:00,0.34
07/07/2023 11:30,0.34
07/07/2023 12:00,0.34
07/07/2023 12:30,0.34
07/07/2023 13:00,0.34
07/07/2023 13:30,0.34
07/07/2023 14:00,0.34
07/07/2023 14:30,0.34
07/07/2023 15:00,0.34
07/07/2023 15:30,0.34
07/07/2023 16:00,0.34
07/07/2023 16:30,0.34
07/07/2023 17:00,0.34
07/07/2023 17:30,0.34
07/07/2023 18:00,0.34
07/07/2023 18:30,0.34
07/07/2023 19:00,0.34
07/07/2023 19:30,0.34
07/07/2023 20:00,0.34
07/07/2023 20:30,0.34
07/07/2023 21:00,0.34
07/07/2023 21:30,0.34
07/07/2023 22:00,0.34
07/07/2023 22:30,0.34
07/07/2023 23:00,0.34
07/07/2023 23:30,0.34
07/08/2023 00:00,0.02
07/08/2023 00:30,0.02
07/08/2023 01:00,0.02
07/08/2023 01:30,0.02
07/08/2023 02:00,0.02
07/08/2023 02:30,0.02
07/08/2023 03:00,0.02
07/08/2023 03:30,0.02
07/08/2023 04:00,0.02
07/08/2023 04:30,0.02
07/08/2023 05:00,0.02
07/08/2023 05:30,0.02
07/08/2023 06:00,0.02
07/08/2023 06:30,0.02
07/08/2023 07:00,0.02
07/08/2023 07:30,0.02
07/08/2023 08:00,0.02
07/08/2023 08:30,0.02
07/08/2023 09:00,0.02
07/08/2023 09:30,0.02
07/08/2023 10:00,0.02
07/08/2023 10:30,0.02
07/08/2023 11:00,0.02
07/08/2023 11:30,0.02
07/08/2023 12:00,0.02
07/08/2023 12:30,0.02
07/08/2023 13:00,0.02
07/08/2023 13:30,0.02
07/08/2023 14:00,0.02
07/08/2023 14:30,0.02
07/08/2023 15:00,0.02
07/08/2023 15:30,0.02
07/08/2023 16:00,0.02
07/08/2023 16:30,0.02
07/08/2023 17:00,0.02
07/08/2023 17:30,0.02
07/08/2023 18:00,0.02
07/08/2023 18:30,0.02
07/08/2023 19:00,0.02
07/08/2023 19:30,0.02
07/08/2023 20:00,0.02
07/08/2023 20:30,0.02
07/08/2023 21:00,0.02
07/08/2023 21:30,0.02
07/08/2023 22:00,0.02
07/08/2023 22:30,0.02
07/08/2023 23:00,0.02
07/08/2023 23:30,0.02
07/09/2023 00:00,0.002
07/09/2023 00:30,0.002
07/09/2023 01:00,0.002
07/09/2023 01:30,0.002
07/09/2023 02:00,0.002
07/09/2023 02:30,0.002
07/09/2023 03:00,0.002
07/09/2023 03:30,0.002
07/09/2023 04:00,0.002
07/09/2023 04:30,0.002
07/09/2023 05:00,0.002
07/09/2023 05:30,0.002
07/09/2023 06:00,0.002
07/09/2023 06:30,0.002
07/09/2023 07:00,0.002
07/09/2023 07:30,0.002
07/09/2023 08:00,0.002
07/09/2023 08:30,0.002
07/09/2023 09:00,0.002
07/09/2023 09:30,0.002
07/09/2023 10:00,0.002
07/09/2023 10:30,0.002
07/09/2023 11:00,0.002
07/09/2023 11:30,0.002
07/09/2023 12:00,0.002
07/09/2023 12:30,0.002
07/09/2023 13:00,0.002
07/09/2023 13:30,0.002
07/09/2023 14:00,0.002
07/09/2023 14:30,0.002
07/09/2023 15:00,0.002
07/09/2023 15:30,0.002
07/09/2023 16:00,0.002
07/09/2023 16:30,0.002
07/09/2023 17:00,0.002
07/09/2023 17:30,0.002
07/09/2023 18:00,0.002
07/09/2023 18:30,0.002
07/09/2023 19:00,0.002
07/09/2023 19:30,0.002
07/09/2023 20:00,0.002
07/09/2023 20:30,0.002
07/09/2023 21:00,0.002
07/09/2023 21:30,0.002
07/09/2023 22:00,0.002
07/09/2023 22:30,0.002
07/09/2023 23:00,0.002
07/09/2023 23:30,0.002
07/10/2023 00:00,0.0
07/10/2023 00:30,0.0
07/10/2023 01:00,0.0
07/10/2023 01:30,0.0
07/10/2023 02:00,0.0
07/10/2023 02:30,0.0
07/10/2023 03:00,0.0
07/10/2023 03:30,0.0
07/10/2023 04:00,0.0
07/10/2023 04:30,0.0
07/10/2023 05:00,0.0
07/10/2023 05:30,0.0
07/10/2023 06:00,0.0
07/10/2023 06:30,0.0
07/10/2023 07:00,0.0
07/10/2023 07:30,0.0
07/10/2023 08:00,0.0
07/10/2023 08:30,0.0
07/10/2023 09:00,0.0
07/10/2023 09:30,0.0
07/10/2023 10:00,0.0
07/10/2023 10:30,0.0
07/10/2023 11:00,0.0
07/10/2023 11:30,0.0
07/10/2023 12:00,0.0
07/10/2023 12:30,0.0
07/10/2023 13:00,0.0
07/10/2023 13:30,0.0
07/10/2023 14:00,0.0
07/10/2023 14:30,0.0
07/10/2023 15:00,0.0
07/10/2023 15:30,0.0
07/10/2023 16:00,0.0
07/10/2023 16:30,0.0
07/10/2023 17:00,0.0
07/10/2023 17:30,0.0
07/10/2023 18:00,0.0
07/10/2023 18:30,0.0
07/10/2023 19:00,0.0
07/10/2023 19:30,0.0
07/10/2023 20:00,0.0
07/10/2023 20:30,0.0
07/10/2023 21:00,0.0
07/10/2023 21:30,0.0
07/10/2023 22:00,0.0
07/10/2023 22:30,0.0
07/10/2023 23:00,0.0
07/10/2023 23:30,0.0
07/11/2023 00:00,0.0
07/11/2023 00:30,0.0
07/11/2023 01:00,0.0
07/11/2023 01:30,0.0
07/11/2023 02:00,0.0
07/11/2023 02:30,0.0
07/11/2023 03:00,0.0
07/11/2023 03:30,0.0
07/11/2023 04:00,0.0
07/11/2023 04:30,0.0
07/11/2023 05:00,0.0
07/11/2023 05:30,0.0
07/11/2023 06:00,0.0
07/11/2023 06:30,0.0
07/11/2023 07:00,0.0
07/11/2023 07:30,0.0
07/11/2023 08:00,0.0
07/11/2023 08:30,0.0
07/11/2023 09:00,0.0
07/11/2023 09:30,0.0
07/11/2023 10:00,0.0
07/11/2023 10:30,0.0
07/11/2023 11:00,0.0
07/11/2023 11:30,0.0
07/11/2023 12:00,0.0
07/11/2023 12:30,0.0
07/11/2023 13:00,0.0
07/11/2023 13:30,0.0
07/11/2023 14:00,0.0
07/11/2023 14:30,0.0
07/11/2023 15:00,0.0
07/11/2023 15:30,0.0
07/11/2023 16:00,0.0
07/11/2023 16:30,0.0
07/11/2023 17:00,0.0
07/11/2023 17:30,0.0
07/11/2023 18:00,0.0
07/11/2023 18:30,0.0
07/11/2023 19:00,0.0
07/11/2023 19:30,0.0
07/11/2023 20:00,0.0
07/11/2023 20:30,0.0
07/11/2023 21:00,0.0
07/11/2023 21:30,0.0
07/11/2023 22:00,0.0
07/11/2023 22:30,0.0
07/11/2023 23:00,0.0
07/11/2023 23:30,0.0
07/12/2023 00:00,0.0
07/12/2023 00:30,0.0
07/12/2023 01:00,0.0
07/12/2023 01:30,0.0
07/12/2023 02:00,0.0
07/12/2023 02:30,0.0
07/12/2023 03:00,0.0
07/12/2023 03:30,0.0
07/12/2023 04:00,0.0
07/12/2023 04:30,0.0
07/12/2023 05:00,0.0
07/12/2023 05:30,0.0
07/12/2023 06:00,0.0
07/12/2023 06:30,0.0
07/12/2023 07:00,0.0
07/12/2023 07:30,0.0
07/12/2023 08:00,0.0
07/12/2023 08:30,0.0
07/12/2023 09:00,0.0
07/12/2023 09:30,0.0
07/12/2023 10:00,0.0
07/12/2023 10:30,0.0
07/12/2023 11:00,0.0
07/12/2023 11:30,0.0
07/12/2023 12:00,0.0
07/12/2023 12:30,0.0
07/12/2023 13:00,0.0
07/12/2023 13:30,0.0
07/12/2023 14:00,0.0
07/12/2023 14:30,0.0
07/12/2023 15:00,0.0
07/12/2023 15:30,0.0
07/12/2023 16:00,0.0
07/12/2023 16:30,0.0
07/12/2023 17:00,0.0
07/12/2023 17:30,0.0
07/12/2023 18:00,0.0
07/12/2023 18:30,0.0
07/12/2023 19:00,0.0
07/12/2023 19:30,0.0
07/12/2023 20:00,0.0
07/12/2023 20:30,0.0
07/12/2023 21:00,0.0
07/12/2023 21:30,0.0
07/12/2023 22:00,0.0
07/12/2023 22:30,0.0
07/12/2023 23:00,0.0
07/12/2023 23:30,0.0
07/13/2023 00:00,0.0
07/13/2023 00:30,0.0
07/13/2023 01:00,0.0
07/13/2023 01:30,0.0
07/13/2023 02:00,0.0
07/13/2023 02:30,0.0
07/13/2023 03:00,0.0
07/13/2023 03:30,0.0
07/13/2023 04:00,0.0
07/13/2023 04:30,0.0
07/13/2023 05:00,0.0
07/13/2023 05:30,0.0
07/13/2023 06:00,0.0
07/13/2023 06:30,0.0
07/13/2023 07:00,0.0
07/13/2023 07:30,0.0
07/13/2023 08:00,0.0
07/13/2023 08:30,0.0
07/13/2023 09:00,0.0
07/13/2023 09:30,0.0
07/13/2023 10:00,0.0
07/13/2023 10:30,0.0
07/13/2023 11:00,0.0
07/13/2023 11:30,0.0
07/13/2023 12:00,0.0
07/13/2023 12:30,0.0
07/13/2023 13:00,0.0
07/13/2023 13:30,0.0
07/13/2023 14:00,0.0
07/13/2023 14:30,0.0
07/13/2023 15:00,0.0
07/13/2023 15:30,0.0
07/13/2023 16:00,0.0
07/13/2023 16:30,0.0
07/13/2023 17:00,0.0
07/13/2023 17:30,0.0
07/13/2023 18:00,0.0
07/13/2023 18:30,0.0
07/13/2023 19:00,0.0
07/13/2023 19:30,0.0
07/13/2023 20:00,0.0
07/13/2023 20:30,0.0
07/13/2023 21:00,0.0
07/13/2023 21:30,0.0
07/13/2023 22:00,0.0
07/13/2023 22:30,0.0
07/13/2023 23:00,0.0
07/13/2023 23:30,0.0
07/14/2023 00:00,0.0
07/14/2023 00:30,0.0
07/14/2023 01:00,0.0
07/14/2023 01:30,0.0
07/14/2023 02:00,0.0
07/14/2023 02:30,0.0
07/14/2023 03:00,0.0
07/14/2023 03:30,0.0
07/14/2023 04:00,0.0
07/14/2023 04:30,0.0
07/14/2023 05:00,0.0
07/14/2023 05:30,0.0
07/14/2023 06:00,0.0
07/14/2023 06:30,0.0
07/14/2023 07:00,0.0
07/14/2023 07:30,0.0
07/14/2023 08:00,0.0
07/14/2023 08:30,0.0
07/14/2023 09:00,0.0
07/14/2023 09:30,0.0
07/14/2023 10:00,0.0
07/14/2023 10:30,0.0
07/14/2023 11:00,0.0
07/14/2023 11:30,0.0
07/14/2023 12:00,0.0
07/14/2023 12:30,0.0
07/14/2023 13:00,0.0
07/14/2023 13:30,0.0
07/14/2023 14:00,0.0
07/14/2023 14:30,0.0
07/14/2023 15:00,0.0
07/14/2023 15:30,0.0
07/14/2023 16:00,0.0
07/14/2023 16:30,0.0
07/14/2023 17:00,0.0
07/14/2023 17:30,0.0
07/14/2023 18:00,0.0
07/14/2023 18:30,0.0
07/14/2023 19:00,0.0
07/14/2023 19:30,0.0
07/14/2023 20:00,0.0
07/14/2023 20:30,0.0
07/14/2023 21:00,0.0
07/14/2023 21:30,0.0
07/14/2023 22:00,0.0
07/14/2023 22:30,0.0
07/14/2023 23:00,0.0
07/14/2023 23:30,0.0
07/15/2023 00:00,0.0
07/15/2023 00:30,0.0
07/15/2023 01:00,0.0
07/15/2023 01:30,0.0
07/15/2023 02:00,0.0
07/15/2023 02:30,0.0
07/15/2023 03:00,0.0
07/15/2023 03:30,0.0
07/15/2023 04:00,0.0
07/15/2023 04:30,0.0
07/15/2023 05:00,0.0
07/15/2023 05:30,0.0
07/15/2023 06:00,0.0
07/15/2023 06:30,0.0
07/15/2023 07:00,0.0
07/15/2023 07:30,0.0
07/15/2023 08:00,0.0
07/15/2023 08:30,0.0
07/15/2023 09:00,0.0
07/15/2023 09:30,0.0
07/15/2023 10:00,0.0
07/15/2023 10:30,0.0
07/15/2023 11:00,0.0
07/15/2023 11:30,0.0
07/15/2023 12:00,0.0
07/15/2023 12:30,0.0
07/15/2023 13:00,0.0
07/15/2023 13:30,0.0
07/15/2023 14:00,0.0
07/15/2023 14:30,0.0
07/15/2023 15:00,0.0
07/15/2023 15:30,0.0
07/15/2023 16:00,0.0
07/15/2023 16:30,0.0
07/15/2023 17:00,0.0
07/15/2023 17:30,0.0
07/15/2023 18:00,0.0
07/15/2023 18:30,0.0
07/15/2023 19:00,0.0
07/15/2023 19:30,0.0
07/15/2023 20:00,0.0
07/15/2023 20:30,0.0
07/15/2023 21:00,0.0
07/15/2023 21:30,0.0
07/15/2023 22:00,0.0
07/15/2023 22:30,0.0
07/15/2023 23:00,0.0
07/15/2023 23:30,0.0
07/16/2023 00:00,0.0
07/16/2023 00:30,0.0
07/16/2023 01:00,0.0
07/16/2023 01:30,0.0
07/16/2023 02:00,0.0
07/16/2023 02:30,0.0
07/16/2023 03:00,0.0
07/16/2023 03:30,0.0
07/16/2023 04:00,0.0
07/16/2023 04:30,0.0
07/16/2023 05:00,0.0
07/16/2023 05:30,0.0
07/16/2023 06:00,0.0
07/16/2023 06:30,0.0
07/16/2023 07:00,0.0
07/16/2023 07:30,0.0
07/16/2023 08:00,0.0
07/16/2023 08:30,0.0
07/16/2023 09:00,0.0
07/16/2023 09:30,0.0
07/16/2023 10:00,0.0
07/16/2023 10:30,0.0
07/16/2023 11:00,0.0
07/16/2023 11:30,0.0
07/16/2023 12:00,0.0
07/16/2023 12:30,0.0
07/16/2023 13:00,0.0
07/16/2023 13:30,0.0
07/16/2023 14:00,0.0
07/16/2023 14:30,0.0
07/16/2023 15:00,0.0
07/16/2023 15:30,0.0
07/16/2023 16:00,0.0
07/16/2023 16:30,0.0
07/16/2023 17:00,0.0
07/16/2023 17:30,0.0
07/16/2023 18:00,0.0
07/16/2023 18:30,0.0
07/16/2023 19:00,0.0
07/16/2023 19:30,0.0
07/16/2023 20:00,0.0
07/16/2023 20:30,0.0
07/16/2023 21:00,0.0
07/16/2023 21:30,0.0
07/16/2023 22:00,0.0
07/16/2023 22:30,0.0
07/16/2023 23:00,0.0
07/16/2023 23:30,0.0
07/17/2023 00:00,0.0
07/17/2023 00:30,0.0
07/17/2023 01:00,0.0
07/17/2023 01:30,0.0
07/17/2023 02:00,0.0
07/17/2023 02:30,0.0
07/17/2023 03:00,0.0
07/17/2023 03:30,0.0
07/17/2023 04:00,0.0
07/17/2023 04:30,0.0
07/17/2023 05:00,0.0
07/17/2023 05:30,0.0
07/17/2023 06:00,0.0
07/17/2023 06:30,0.0
07/17/2023 07:00,0.0
07/17/2023 07:30,0.0
07/17/2023 08:00,0.0
07/17/2023 08:30,0.0
07/17/2023 09:00,0.0
07/17/2023 09:30,0.0
07/17/2023 10:00,0.0
07/17/2023 10:30,0.0
07/17/2023 11:00,0.0
07/17/2023 11:30,0.0
07/17/2023 12:00,0.0
07/17/2023 12:30,0.0
07/17/2023 13:00,0.0
07/17/2023 13:30,0.0
07/17/2023 14:00,0.0
07/17/2023 14:30,0.0
07/17/2023 15:00,0.0
07/17/2023 15:30,0.0
07/17/2023 16:00,0.0
07/17/2023 16:30,0.0
07/17/2023 17:00,0.0
07/17/2023 17:30,0.0
07/17/2023 18:00,0.0
07/17/2023 18:30,0.0
07/17/2023 19:00,0.0
07/17/2023 19:30,0.0
07/17/2023 20:00,0.0
07/17/2023 20:30,0.0
07/17/2023 21:00,0.0
07/17/2023 21:30,0.0
07/17/2023 22:00,0.0
07/17/2023 22:30,0.0
07/17/2023 23:00,0.0
07/17/2023 23:30,0.0
07/18/2023 00:00,0.0
07/18/2023 00:30,0.0
07/18/2023 01:00,0.0
07/18/2023 01:30,0.0
07/18/2023 02:00,0.0
07/18/2023 02:30,0.0
07/18/2023 03:00,0.0
07/18/2023 03:30,0.0
07/18/2023 04:00,0.0
07/18/2023 04:30,0.0
07/18/2023 05:00,0.0
07/18/2023 05:30,0.0
07/18/2023 06:00,0.0
07/18/2023 06:30,0.0
07/18/2023 07:00,0.0
07/18/2023 07:30,0.0
07/18/2023 08:00,0.0
07/18/2023 08:30,0.0
07/18/2023 09:00,0.0
07/18/2023 09:30,0.0
07/18/2023 10:00,0.0
07/18/2023 10:30,0.0
07/18/2023 11:00,0.0
07/18/2023 11:30,0.0
07/18/2023 12:00,0.0
07/18/2023 12:30,0.0
07/18/2023 13:00,0.0
07/18/2023 13:30,0.0
07/18/2023 14:00,0.0
07/18/2023 14:30,0.0
07/18/2023 15:00,0.0
07/18/2023 15:30,0.0
07/18/2023 16:00,0.0
07/18/2023 16:30,0.0
07/18/2023 17:00,0.0
07/18/2023 17:30,0.0
07/18/2023 18:00,0.0
07/18/2023 18:30,0.0
07/18/2023 19:00,0.0
07/18/2023 19:30,0.0
07/18/2023 20:00,0.0
07/18/2023 20:30,0.0
07/18/2023 21:00,0.0
07/18/2023 21:30,0.0
07/18/2023 22:00,0.0
07/18/2023 22:30,0.0
07/18/2023 23:00,0.0
07/18/2023 23:30,0.0
07/19/2023 00:00,0.0
07/19/2023 00:30,0.0
07/19/2023 01:00,0.0
07/19/2023 01:30,0.0
07/19/2023 02:00,0.0
07/19/2023 02:30,0.0
07/19/2023 03:00,0.0
07/19/2023 03:30,0.0
07/19/2023 04:00,0.0
07/19/2023 04:30,0.0
07/19/2023 05:00,0.0
07/19/2023 05:30,0.0
07/19/2023 06:00,0.0
07/19/2023 06:30,0.0
07/19/2023 07:00,0.0
07/19/2023 07:30,0.0
07/19/2023 08:00,0.0
07/19/2023 08:30,0.0
07/19/2023 09:00,0.0
07/19/2023 09:30,0.0
07/19/2023 10:00,0.0
07/19/2023 10:30,0.0
07/19/2023 11:00,0.0
07/19/2023 11:30,0.0
07/19/2023 12:00,0.0
07/19/2023 12:30,0.0
07/19/2023 13:00,0.0
07/19/2023 13:30,0.0
07/19/2023 14:00,0.0
07/19/2023 14:30,0.0
07/19/2023 15:00,0.0
07/19/2023 15:30,0.0
07/19/2023 16:00,0.0
07/19/2023 16:30,0.0
07/19/2023 17:00,0.0
07/19/2023 17:30,0.0
07/19/2023 18:00,0.0
07/19/2023 18:30,0.0
07/19/2023 19:00,0.0
07/19/2023 19:30,0.0
07/19/2023 20:00,0.0
07/19/2023 20:30,0.0
07/19/2023 21:00,0.0
07/19/2023 21:30,0.0
07/19/2023 22:00,0.0
07/19/2023 22:30,0.0
07/19/2023 23:00,0.0
07/19/2023 23:30,0.0
07/20/2023 00:00,0.0
07/20/2023 00:30,0.0
07/20/2023 01:00,0.0
07/20/2023 01:30,0.0
07/20/2023 02:00,0.0
07/20/2023 02:30,0.0
07/20/2023 03:00,0.0
07/20/2023 03:30,0.0
07/20/2023 04:00,0.0
07/20/2023 04:30,0.0
07/20/2023 05:00,0.0
07/20/2023 05:30,0.0
07/20/2023 06:00,0.0
07/20/2023 06:30,0.0
07/20/2023 07:00,0.0
07/20/2023 07:30,0.0
07/20/2023 08:00,0.0
07/20/2023 08:30,0.0
07/20/2023 09:00,0.0
07/20/2023 09:30,0.0
07/20/2023 10:00,0.0
07/20/2023 10:30,0.0
07/20/2023 11:00,0.0
07/20/2023 11:30,0.0
07/20/2023 12:00,0.0
07/20/2023 12:30,0.0
07/20/2023 13:00,0.0
07/20/2023 13:30,0.0
07/20/2023 14:00,0.0
07/20/2023 14:30,0.0
07/20/2023 15:00,0.0
07/20/2023 15:30,0.0
07/20/2023 16:00,0.0
07/20/2023 16:30,0.0
07/20/2023 17:00,0.0
07/20/2023 17:30,0.0
07/20/2023 18:00,0.0
07/20/2023 18:30,0.0
07/20/2023 19:00,0.0
07/20/2023 19:30,0.0
07/20/2023 20:00,0.0
07/20/2023 20:30,0.0
07/20/2023 21:00,0.0
07/20/2023 21:30,0.0
07/20/2023 22:00,0.0
07/20/2023 22:30,0.0
07/20/2023 23:00,0.0
07/20/2023 23:30,0.0
07/21/2023 00:00,0.0
07/21/2023 00:30,0.0
07/21/2023 01:00,0.0
07/21/2023 01:30,0.0
07/21/2023 02:00,0.0
07/21/2023 02:30,0.0
07/21/2023 03:00,0.0
07/21/2023 03:30,0.0
07/21/2023 04:00,0.0
07/21/2023 04:30,0.0
07/21/2023 05:00,0.0
07/21/2023 05:30,0.0
07/21/2023 06:00,0.0
07/21/2023 06:30,0.0
07/21/2023 07:00,0.0
07/21/2023 07:30,0.0
07/21/2023 08:00,0.0
07/21/2023 08:30,0.0
07/21/2023 09:00,0.0
07/21/2023 09:30,0.0
07/21/2023 10:00,0.0
07/21/2023 10:30,0.0
07/21/2023 11:00,0.0
07/21/2023 11:30,0.0
07/21/2023 12:00,0.0
07/21/2023 12:30,0.0
07/21/2023 13:00,0.0
07/21/2023 13:30,0.0
07/21/2023 14:00,0.0
07/21/2023 14:30,0.0
07/21/2023 15:00,0.0
07/21/2023 15:30,0.0
07/21/2023 16:00,0.0
07/21/2023 16:30,0.0
07/21/2023 17:00,0.0
07/21/2023 17:30,0.0
07/21/2023 18:00,0.0
07/21/2023 18:30,0.0
07/21/2023 19:00,0.0
07/21/2023 19:30,0.0
07/21/2023 20:00,0.0
07/21/2023 20:30,0.0
07/21/2023 21:00,0.0
07/21/2023 21:30,0.0
07/21/2023 22:00,0.0
07/21/2023 22:30,0.0
07/21/2023 23:00,0.0
07/21/2023 23:30,0.0
07/22/2023 00:00,0.0
07/22/2023 00:30,0.0
07/22/2023 01:00,0.0
07/22/2023 01:30,0.0
07/22/2023 02:00,0.0
07/22/2023 02:30,0.0
07/22/2023 03:00,0.0
07/22/2023 03:30,0.0
07/22/2023 04:00,0.0
07/22/2023 04:30,0.0
07/22/2023 05:00,0.0
07/22/2023 05:30,0.0
07/22/2023 06:00,0.0
07/22/2023 06:30,0.0
07/22/2023 07:00,0.0
07/22/2023 07:30,0.0
07/22/2023 08:00,0.0
07/22/2023 08:30,0.0
07/22/2023 09:00,0.0
07/22/2023 09:30,0.0
07/22/2023 10:00,0.0
07/22/2023 10:30,0.0
07/22/2023 11:00,0.0
07/22/2023 11:30,0.0
07/22/2023 12:00,0.0
07/22/2023 12:30,0.0
07/22/2023 13:00,0.0
07/22/2023 13:30,0.0
07/22/2023 14:00,0.0
07/22/2023 14:30,0.0
07/22/2023 15:00,0.0
07/22/2023 15:30,0.0
07/22/2023 16:00,0.0
07/22/2023 16:30,0.0
07/22/2023 17:00,0.0
07/22/2023 17:30,0.0
07/22/2023 18:00,0.0
07/22/2023 18:30,0.0
07/22/2023 19:00,0.0
07/22/2023 19:30,0.0
07/22/2023 20:00,0.0
07/22/2023 20:30,0.0
07/22/2023 21:00,0.0
07/22/2023 21:30,0.0
07/22/2023 22:00,0.0
07/22/2023 22:30,0.0
07/22/2023 23:00,0.0
07/22/2023 23:30,0.0
07/23/2023 00:00,0.0
07/23/2023 00:30,0.0
07/23/2023 01:00,0.0
07/23/2023 01:30,0.0
07/23/2023 02:00,0.0
07/23/2023 02:30,0.0
07/23/2023 03:00,0.0
07/23/2023 03:30,0.0
07/23/2023 04:00,0.0
07/23/2023 04:30,0.0
07/23/2023 05:00,0.0
07/23/2023 05:30,0.0
07/23/2023 06:00,0.0
07/23/2023 06:30,0.0
07/23/2023 07:00,0.0
07/23/2023 07:30,0.0
07/23/2023 08:00,0.0
07/23/2023 08:30,0.0
07/23/2023 09:00,0.0
07/23/2023 09:30,0.0
07/23/2023 10:00,0.0
07/23/2023 10:30,0.0
07/23/2023 11:00,0.0
07/23/2023 11:30,0.0
07/23/2023 12:00,0.0
07/23/2023 12:30,0.0
07/23/2023 13:00,0.0
07/23/2023 13:30,0.0
07/23/2023 14:00,0.0
07/23/2023 14:30,0.0
07/23/2023 15:00,0.0
07/23/2023 15:30,0.0
07/23/2023 16:00,0.0
07/23/2023 16:30,0.0
07/23/2023 17:00,0.0
07/23/2023 17:30,0.0
07/23/2023 18:00,0.0
07/23/2023 18:30,0.0
07/23/2023 19:00,0.0
07/23/2023 19:30,0.0
07/23/2023 20:00,0.0
07/23/2023 20:30,0.0
07/23/2023 21:00,0.0
07/23/2023 21:30,0.0
07/23/2023 22:00,0.0
07/23/2023 22:30,0.0
07/23/2023 23:00,0.0
07/23/2023 23:30,0.0
07/24/2023 00:00,0.0
07/24/2023 00:30,0.0
07/24/2023 01:00,0.0
07/24/2023 01:30,0.0
07/24/2023 02:00,0.0
07/24/2023 02:30,0.0
07/24/2023 03:00,0.0
07/24/2023 03:30,0.0
07/24/2023 04:00,0.0
07/24/2023 04:30,0.0
07/24/2023 05:00,0.0
07/24/2023 05:30,0.0
07/24/2023 06:00,0.0
07/24/2023 06:30,0.0
07/24/2023 07:00,0.0
07/24/2023 07:30,0.0
07/24/2023 08:00,0.0
07/24/2023 08:30,0.0
07/24/2023 09:00,0.0
07/24/2023 09:30,0.0
07/24/2023 10:00,0.0
07/24/2023 10:30,0.0
07/24/2023 11:00,0.0
07/24/2023 11:30,0.0
07/24/2023 12:00,0.0
07/24/2023 12:30,0.0
07/24/2023 13:00,0.0
07/24/2023 13:30,0.0
07/24/2023 14:00,0.0
07/24/2023 14:30,0.0
07/24/2023 15:00,0.0
07/24/2023 15:30,0.0
07/24/2023 16:00,0.0
07/24/2023 16:30,0.0
07/24/2023 17:00,0.0
07/24/2023 17:30,0.0
07/24/2023 18:00,0.0
07/24/2023 18:30,0.0
07/24/2023 19:00,0.0
07/24/2023 19:30,0.0
07/24/2023 20:00,0.0
07/24/2023 20:30,0.0
07/24/2023 21:00,0.0
07/24/2023 21:30,0.0
07/24/2023 22:00,0.0
07/24/2023 22:30,0.0
07/24/2023 23:00,0.0
07/24/2023 23:30,0.0
07/25/2023 00:00,0.0
07/25/2023 00:30,0.0
07/25/2023 01:00,0.0
07/25/2023 01:30,0.0
07/25/2023 02:00,0.0
07/25/2023 02:30,0.0
07/25/2023 03:00,0.0
07/25/2023 03:30,0.0
07/25/2023 04:00,0.0
07/25/2023 04:30,0.0
07/25/2023 05:00,0.0
07/25/2023 05:30,0.0
07/25/2023 06:00,0.0
07/25/2023 06:30,0.0
07/25/2023 07:00,0.0
07/25/2023 07:30,0.0
07/25/2023 08:00,0.0
07/25/2023 08:30,0.0
07/25/2023 09:00,0.0
07/25/2023 09:30,0.0
07/25/2023 10:00,0.0
07/25/2023 10:30,0.0
07/25/2023 11:00,0.0
07/25/2023 11:30,0.0
07/25/2023 12:00,0.0
07/25/2023 12:30,0.0
07/25/2023 13:00,0.0
07/25/2023 13:30,0.0
07/25/2023 14:00,0.0
07/25/2023 14:30,0.0
07/25/2023 15:00,0.0
07/25/2023 15:30,0.0
07/25/2023 16:00,0.0
07/25/2023 16:30,0.0
07/25/2023 17:00,0.0
07/25/2023 17:30,0.0
07/25/2023 18:00,0.0
07/25/2023 18:30,0.0
07/25/2023 19:00,0.0
07/25/2023 19:30,0.0
07/25/2023 20:00,0.0
07/25/2023 20:30,0.0
07/25/2023 21:00,0.0
07/25/2023 21:30,0.0
07/25/2023 22:00,0.0
07/25/2023 22:30,0.0
07/25/2023 23:00,0.0
07/25/2023 23:30,0.0
07/26/2023 00:00,0.0
07/26/2023 00:30,0.0
07/26/2023 01:00,0.0
07/26/2023 01:30,0.0
07/26/2023 02:00,0.0
07/26/2023 02:30,0.0
07/26/2023 03:00,0.0
07/26/2023 03:30,0.0
07/26/2023 04:00,0.0
07/26/2023 04:30,0.0
07/26/2023 05:00,0.0
07/26/2023 05:30,0.0
07/26/2023 06:00,0.0
07/26/2023 06:30,0.0
07/26/2023 07:00,0.0
07/26/2023 07:30,0.0
07/26/2023 08:00,0.0
07/26/2023 08:30,0.0
07/26/2023 09:00,0.0
07/26/2023 09:30,0.0
07/26/2023 10:00,0.0
07/26/2023 10:30,0.0
07/26/2023 11:00,0.0
07/26/2023 11:30,0.0
07/26/2023 12:00,0.0
07/26/2023 12:30,0.0
07/26/2023 13:00,0.0
07/26/2023 13:30,0.0
07/26/2023 14:00,0.0
07/26/2023 14:30,0.0
07/26/2023 15:00,0.0
07/26/2023 15:30,0.0
07/26/2023 16:00,0.0
07/26/2023 16:30,0.0
07/26/2023 17:00,0.0
07/26/2023 17:30,0.0
07/26/2023 18:00,0.0
07/26/2023 18:30,0.0
07/26/2023 19:00,0.0
07/26/2023 19:30,0.0
07/26/2023 20:00,0.0
07/26/2023 20:30,0.0
07/26/2023 21:00,0.0
07/26/2023 21:30,0.0
07/26/2023 22:00,0.0
07/26/2023 22:30,0.0
07/26/2023 23:00,0.0
07/26/2023 23:30,0.0
07/27/2023 00:00,0.0
07/27/2023 00:30,0.0
07/27/2023 01:00,0.0
07/27/2023 01:30,0.0
07/27/2023 02:00,0.0
07/27/2023 02:30,0.0
07/27/2023 03:00,0.0
07/27/2023 03:30,0.0
07/27/2023 04:00,0.0
07/27/2023 04:30,0.0
07/27/2023 05:00,0.0
07/27/2023 05:30,0.0
07/27/2023 06:00,0.0
07/27/2023 06:30,0.0
07/27/2023 07:00,0.0
07/27/2023 07:30,0.0
07/27/2023 08:00,0.0
07/27/2023 08:30,0.0
07/27/2023 09:00,0.0
07/27/2023 09:30,0.0
07/27/2023 10:00,0.0
07/27/2023 10:30,0.0
07/27/2023 11:00,0.0
07/27/2023 11:30,0.0
07/27/2023 12:00,0.0
07/27/2023 12:30,0.0
07/27/2023 13:00,0.0
07/27/2023 13:30,0.0
07/27/2023 14:00,0.0
07/27/2023 14:30,0.0
07/27/2023 15:00,0.0
07/27/2023 15:30,0.0
07/27/2023 16:00,0.0
07/27/2023 16:30,0.0
07/27/2023 17:00,0.0
07/27/2023 17:30,0.0
07/27/2023 18:00,0.0
07/27/2023 18:30,0.0
07/27/2023 19:00,0.0
07/27/2023 19:30,0.0
07/27/2023 20:00,0.0
07/27/2023 20:30,0.0
07/27/2023 21:00,0.0
07/27/2023 21:30,0.0
07/27/2023 22:00,0.0
07/27/2023 22:30,0.0
07/27/2023 23:00,0.0
07/27/2023 23:30,0.0
07/28/2023 00:00,0.0
07/28/2023 00:30,0.0
07/28/2023 01:00,0.0
07/28/2023 01:30,0.0
07/28/2023 02:00,0.0
07/28/2023 02:30,0.0
07/28/2023 03:00,0.0
07/28/2023 03:30,0.0
07/28/2023 04:00,0.0
07/28/2023 04:30,0.0
07/28/2023 05:00,0.0
07/28/2023 05:30,0.0
07/28/2023 06:00,0.0
07/28/2023 06:30,0.0
07/28/2023 07:00,0.0
07/28/2023 07:30,0.0
07/28/2023 08:00,0.0
07/28/2023 08:30,0.0
07/28/2023 09:00,0.0
07/28/2023 09:30,0.0
07/28/2023 10:00,0.0
07/28/2023 10:30,0.0
07/28/2023 11:00,0.0
07/28/2023 11:30,0.0
07/28/2023 12:00,0.0
07/28/2023 12:30,0.0
07/28/2023 13:00,0.0
07/28/2023 13:30,0.0
07/28/2023 14:00,0.0
07/28/2023 14:30,0.0
07/28/2023 15:00,0.0
07/28/2023 15:30,0.0
07/28/2023 16:00,0.0
07/28/2023 16:30,0.0
07/28/2023 17:00,0.0
07/28/2023 17:30,0.0
07/28/2023 18:00,0.0
07/28/2023 18:30,0.0
07/28/2023 19:00,0.0
07/28/2023 19:30,0.0
07/28/2023 20:00,0.0
07/28/2023 20:30,0.0
07/28/2023 21:00,0.0
07/28/2023 21:30,0.0
07/28/2023 22:00,0.0
07/28/2023 22:30,0.0
07/28/2023 23:00,0.0
07/28/2023 23:30,0.0
07/29/2023 00:00,0.0
07/29/2023 00:30,0.0
07/29/2023 01:00,0.0
07/29/2023 01:30,0.0
07/29/2023 02:00,0.0
07/29/2023 02:30,0.0
07/29/2023 03:00,0.0
07/29/2023 03:30,0.0
07/29/2023 04:00,0.0
07/29/2023 04:30,0.0
07/29/2023 05:00,0.0
07/29/2023 05:30,0.0
07/29/2023 06:00,0.0
07/29/2023 06:30,0.0
07/29/2023 07:00,0.0
07/29/2023 07:30,0.0
07/29/2023 08:00,0.0
07/29/2023 08:30,0.0
07/29/2023 09:00,0.0
07/29/2023 09:30,0.0
07/29/2023 10:00,0.0
07/29/2023 10:30,0.0
07/29/2023 11:00,0.0
07/29/2023 11:30,0.0
07/29/2023 12:00,0.0
07/29/2023 12:30,0.0
07/29/2023 13:00,0.0
07/29/2023 13:30,0.0
07/29/2023 14:00,0.0
07/29/2023 14:30,0.0
07/29/2023 15:00,0.0
07/29/2023 15:30,0.0
07/29/2023 16:00,0.0
07/29/2023 16:30,0.0
07/29/2023 17:00,0.0
07/29/2023 17:30,0.0
07/29/2023 18:00,0.0
07/29/2023 18:30,0.0
07/29/2023 19:00,0.0
07/29/2023 19:30,0.0
07/29/2023 20:00,0.0
07/29/2023 20:30,0.0
07/29/2023 21:00,0.0
07/29/2023 21:30,0.0
07/29/2023 22:00,0.0
07/29/2023 22:30,0.0
07/29/2023 23:00,0.0
07/29/2023 23:30,0.0
07/30/2023 00:00,0.0
07/30/2023 00:30,0.0
07/30/2023 01:00,0.0
07/30/2023 01:30,0.0
07/30/2023 02:00,0.0
07/30/2023 02:30,0.0
07/30/2023 03:00,0.0
07/30/2023 03:30,0.0
07/30/2023 04:00,0.0
07/30/2023 04:30,0.0
07/30/2023 05:00,0.0
07/30/2023 05:30,0.0
07/30/2023 06:00,0.0
07/30/2023 06:30,0.0
07/30/2023 07:00,0.0
07/30/2023 07:30,0.0
07/30/2023 08:00,0.0
07/30/2023 08:30,0.0
07/30/2023 09:00,0.0
07/30/2023 09:30,0.0
07/30/2023 10:00,0.0
07/30/2023 10:30,0.0
07/30/2023 11:00,0.0
07/30/2023 11:30,0.0
07/30/2023 12:00,0.0
07/30/2023 12:30,0.0
07/30/2023 13:00,0.0
07/30/2023 13:30,0.0
07/30/2023 14:00,0.0
07/30/2023 14:30,0.0
07/30/2023 15:00,0.0
07/30/2023 15:30,0.0
07/30/2023 16:00,0.0
07/30/2023 16:30,0.0
07/30/2023 17:00,0.0
07/30/2023 17:30,0.0
07/30/2023 18:00,0.0
07/30/2023 18:30,0.0
07/30/2023 19:00,0.0
07/30/2023 19:30,0.0
07/30/2023 20:00,0.0
07/30/2023 20:30,0.0
07/30/2023 21:00,0.0
07/30/2023 21:30,0.0
07/30/2023 22:00,0.0
07/30/2023 22:30,0.0
07/30/2023 23:00,0.0
07/30/2023 23:30,0.0
07/31/2023 00:00,0.0
07/31/2023 00:30,0.0
07/31/2023 01:00,0.0
07/31/2023 01:30,0.0
07/31/2023 02:00,0.0
07/31/2023 02:30,0.0
07/31/2023 03:00,0.0
07/31/2023 03:30,0.0
07/31/2023 04:00,0.0
07/31/2023 04:30,0.0
07/31/2023 05:00,0.0
07/31/2023 05:30,0.0
07/31/2023 06:00,0.0
07/31/2023 06:30,0.0
07/31/2023 07:00,0.0
07/31/2023 07:30,0.0
07/31/2023 08:00,0.0
07/31/2023 08:30,0.0
07/31/2023 09:00,0.0
07/31/2023 09:30,0.0
07/31/2023 10:00,0.0
07/31/2023 10:30,0.0
07/31/2023 11:00,0.0
07/31/2023 11:30,0.0
07/31/2023 12:00,0.0
07/31/2023 12:30,0.0
07/31/2023 13:00,0.0
07/31/2023 13:30,0.0
07/31/2023 14:00,0.0
07/31/2023 14:30,0.0
07/31/2023 15:00,0.0
07/31/2023 15:30,0.0
07/31/2023 16:00,0.0
07/31/2023 16:30,0.0
07/31/2023 17:00,0.0
07/31/2023 17:30,0.0
07/31/2023 18:00,0.0
07/31/2023 18:30,0.0
07/31/2023 19:00,0.0
07/31/2023 19:30,0.0
07/31/2023 20:00,0.0
07/31/2023 20:30,0.0
07/31/2023 21:00,0.0
07/31/2023 21:30,0.0
07/31/2023 22:00,0.0
07/31/2023 22:30,0.0
07/31/2023 23:00,0.0
07/31/2023 23:30,0.0
08/01/2023 00:00,0.0
08/01/2023 00:30,0.0
08/01/2023 01:00,0.0
08/01/2023 01:30,0.0
08/01/2023 02:00,0.0
08/01/2023 02:30,0.0
08/01/2023 03:00,0.0
08/01/2023 03:30,0.0
08/01/2023 04:00,0.0
08/01/2023 04:30,0.0
08/01/2023 05:00,0.0
08/01/2023 05:30,0.0
08/01/2023 06:00,0.0
08/01/2023 06:30,0.0
08/01/2023 07:00,0.0
08/01/2023 07:30,0.0
08/01/2023 08:00,0.0
08/01/2023 08:30,0.0
08/01/2023 09:00,0.0
08/01/2023 09:30,0.0
08/01/2023 10:00,0.0
08/01/2023 10:30,0.0
08/01/2023 11:00,0.0
08/01/2023 11:30,0.0
08/01/2023 12:00,0.0
08/01/2023 12:30,0.0
08/01/2023 13:00,0.0
08/01/2023 13:30,0.0
08/01/2023 14:00,0.0
08/01/2023 14:30,0.0
08/01/2023 15:00,0.0
08/01/2023 15:30,0.0
08/01/2023 16:00,0.0
08/01/2023 16:30,0.0
08/01/2023 17:00,0.0
08/01/2023 17:30,0.0
08/01/2023 18:00,0.0
08/01/2023 18:30,0.0
08/01/2023 19:00,0.0
08/01/2023 19:30,0.0
08/01/2023 20:00,0.0
08/01/2023 20:30,0.0
08/01/2023 21:00,0.0
08/01/2023 21:30,0.0
08/01/2023 22:00,0.0
08/01/2023 22:30,0.0
08/01/2023 23:00,0.0
08/01/2023 23:30,0.0
08/02/2023 00:00,0.0
08/02/2023 00:30,0.0
08/02/2023 01:00,0.0
08/02/2023 01:30,0.0
08/02/2023 02:00,0.0
08/02/2023 02:30,0.0
08/02/2023 03:00,0.0
08/02/2023 03:30,0.0
08/02/2023 04:00,0.0
08/02/2023 04:30,0.0
08/02/2023 05:00,0.0
08/02/2023 05:30,0.0
08/02/2023 06:00,0.0
08/02/2023 06:30,0.0
08/02/2023 07:00,0.0
08/02/2023 07:30,0.0
08/02/2023 08:00,0.0
08/02/2023 08:30,0.0
08/02/2023 09:00,0.0
08/02/2023 09:30,0.0
08/02/2023 10:00,0.0
08/02/2023 10:30,0.0
08/02/2023 11:00,0.0
08/02/2023 11:30,0.0
08/02/2023 12:00,0.0
08/02/2023 12:30,0.0
08/02/2023 13:00,0.0
08/02/2023 13:30,0.0
08/02/2023 14:00,0.0
08/02/2023 14:30,0.0
08/02/2023 15:00,0.0
08/02/2023 15:30,0.0
08/02/2023 16:00,0.0
08/02/2023 16:30,0.0
08/02/2023 17:00,0.0
08/02/2023 17:30,0.0
08/02/2023 18:00,0.0
08/02/2023 18:30,0.0
08/02/2023 19:00,0.0
08/02/2023 19:30,0.0
08/02/2023 20:00,0.0
08/02/2023 20:30,0.0
08/02/2023 21:00,0.0
08/02/2023 21:30,0.0
08/02/2023 22:00,0.0
08/02/2023 22:30,0.0
08/02/2023 23:00,0.0
08/02/2023 23:30,0.0
08/03/2023 00:00,0.0
08/03/2023 00:30,0.0
08/03/2023 01:00,0.0
08/03/2023 01:30,0.0
08/03/2023 02:00,0.0
08/03/2023 02:30,0.0
08/03/2023 03:00,0.0
08/03/2023 03:30,0.0
08/03/2023 04:00,0.0
08/03/2023 04:30,0.0
08/03/2023 05:00,0.0
08/03/2023 05:30,0.0
08/03/2023 06:00,0.0
08/03/2023 06:30,0.0
08/03/2023 07:00,0.0
08/03/2023 07:30,0.0
08/03/2023 08:00,0.0
08/03/2023 08:30,0.0
08/03/2023 09:00,0.0
08/03/2023 09:30,0.0
08/03/2023 10:00,0.0
08/03/2023 10:30,0.0
08/03/2023 11:00,0.0
08/03/2023 11:30,0.0
08/03/2023 12:00,0.0
08/03/2023 12:30,0.0
08/03/2023 13:00,0.0
08/03/2023 13:30,0.0
08/03/2023 14:00,0.0
08/03/2023 14:30,0.0
08/03/2023 15:00,0.0
08/03/2023 15:30,0.0
08/03/2023 16:00,0.0
08/03/2023 16:30,0.0
08/03/2023 17:00,0.0
08/03/2023 17:30,0.0
08/03/2023 18:00,0.0
08/03/2023 18:30,0.0
08/03/2023 19:00,0.0
08/03/2023 19:30,0.0
08/03/2023 20:00,0.0
08/03/2023 20:30,0.0
08/03/2023 21:00,0.0
08/03/2023 21:30,0.0
08/03/2023 22:00,0.0
08/03/2023 22:30,0.0
08/03/2023 23:00,0.0
08/03/2023 23:30,0.0
08/04/2023 00:00,0.0
08/04/2023 00:30,0.0
08/04/2023 01:00,0.0
08/04/2023 01:30,0.0
08/04/2023 02:00,0.0
08/04/2023 02:30,0.0
08/04/2023 03:00,0.0
08/04/2023 03:30,0.0
08/04/2023 04:00,0.0
08/04/2023 04:30,0.0
08/04/2023 05:00,0.0
08/04/2023 05:30,0.0
08/04/2023 06:00,0.0
08/04/2023 06:30,0.0
08/04/2023 07:00,0.0
08/04/2023 07:30,0.0
08/04/2023 08:00,0.0
08/04/2023 08:30,0.0
08/04/2023 09:00,0.0
08/04/2023 09:30,0.0
08/04/2023 10:00,0.0
08/04/2023 10:30,0.0
08/04/2023 11:00,0.0
08/04/2023 11:30,0.0
08/04/2023 12:00,0.0
08/04/2023 12:30,0.0
08/04/2023 13:00,0.0
08/04/2023 13:30,0.0
08/04/2023 14:00,0.0
08/04/2023 14:30,0.0
08/04/2023 15:00,0.0
08/04/2023 15:30,0.0
08/04/2023 16:00,0.0
08/04/2023 16:30,0.0
08/04/2023 17:00,0.0
08/04/2023 17:30,0.0
08/04/2023 18:00,0.0
08/04/2023 18:30,0.0
08/04/2023 19:00,0.0
08/04/2023 19:30,0.0
08/04/2023 20:00,0.0
08/04/2023 20:30,0.0
08/04/2023 21:00,0.0
08/04/2023 21:30,0.0
08/04/2023 22:00,0.0
08/04/2023 22:30,0.0
08/04/2023 23:00,0.0
08/04/2023 23:30,0.0
08/05/2023 00:00,0.0
08/05/2023 00:30,0.0
08/05/2023 01:00,0.0
08/05/2023 01:30,0.0
08/05/2023 02:00,0.0
08/05/2023 02:30,0.0
08/05/2023 03:00,0.0
08/05/2023 03:30,0.0
08/05/2023 04:00,0.0
08/05/2023 04:30,0.0
08/05/2023 05:00,0.0
08/05/2023 05:30,0.0
08/05/2023 06:00,0.0
08/05/2023 06:30,0.0
08/05/2023 07:00,0.0
08/05/2023 07:30,0.0
08/05/2023 08:00,0.0
08/05/2023 08:30,0.0
08/05/2023 09:00,0.0
08/05/2023 09:30,0.0
08/05/2023 10:00,0.0
08/05/2023 10:30,0.0
08/05/2023 11:00,0.0
08/05/2023 11:30,0.0
08/05/2023 12:00,0.0
08/05/2023 12:30,0.0
08/05/2023 13:00,0.0
08/05/2023 13:30,0.0
08/05/2023 14:00,0.0
08/05/2023 14:30,0.0
08/05/2023 15:00,0.0
08/05/2023 15:30,0.0
08/05/2023 16:00,0.0
08/05/2023 16:30,0.0
08/05/2023 17:00,0.0
08/05/2023 17:30,0.0
08/05/2023 18:00,0.0
08/05/2023 18:30,0.0
08/05/2023 19:00,0.0
08/05/2023 19:30,0.0
08/05/2023 20:00,0.0
08/05/2023 20:30,0.0
08/05/2023 21:00,0.0
08/05/2023 21:30,0.0
08/05/2023 22:00,0.0
08/05/2023 22:30,0.0
08/05/2023 23:00,0.0
08/05/2023 23:30,0.0
08/06/2023 00:00,0.0
08/06/2023 00:30,0.0
08/06/2023 01:00,0.0
08/06/2023 01:30,0.0
08/06/2023 02:00,0.0
08/06/2023 02:30,0.0
08/06/2023 03:00,0.0
08/06/2023 03:30,0.0
08/06/2023 04:00,0.0
08/06/2023 04:30,0.0
08/06/2023 05:00,0.0
08/06/2023 05:30,0.0
08/06/2023 06:00,0.0
08/06/2023 06:30,0.0
08/06/2023 07:00,0.0
08/06/2023 07:30,0.0
08/06/2023 08:00,0.0
08/06/2023 08:30,0.0
08/06/2023 09:00,0.0
08/06/2023 09:30,0.0
08/06/2023 10:00,0.0
08/06/2023 10:30,0.0
08/06/2023 11:00,0.0
08/06/2023 11:30,0.0
08/06/2023 12:00,0.0
08/06/2023 12:30,0.0
08/06/2023 13:00,0.0
08/06/2023 13:30,0.0
08/06/2023 14:00,0.0
08/06/2023 14:30,0.0
08/06/2023 15:00,0.0
08/06/2023 15:30,0.0
08/06/2023 16:00,0.0
08/06/2023 16:30,0.0
08/06/2023 17:00,0.0
08/06/2023 17:30,0.0
08/06/2023 18:00,0.0
08/06/2023 18:30,0.0
08/06/2023 19:00,0.0
08/06/2023 19:30,0.0
08/06/2023 20:00,0.0
08/06/2023 20:30,0.0
08/06/2023 21:00,0.0
08/06/2023 21:30,0.0
08/06/2023 22:00,0.0
08/06/2023 22:30,0.0
08/06/2023 23:00,0.0
08/06/2023 23:30,0.0
08/07/2023 00:00,0.0
08/07/2023 00:30,0.0
08/07/2023 01:00,0.0
08/07/2023 01:30,0.0
08/07/2023 02:00,0.0
08/07/2023 02:30,0.0
08/07/2023 03:00,0.0
08/07/2023 03:30,0.0
08/07/2023 04:00,0.0
08/07/2023 04:30,0.0
08/07/2023 05:00,0.0
08/07/2023 05:30,0.0
08/07/2023 06:00,0.0
08/07/2023 06:30,0.0
08/07/2023 07:00,0.0
08/07/2023 07:30,0.0
08/07/2023 08:00,0.0
08/07/2023 08:30,0.0
08/07/2023 09:00,0.0
08/07/2023 09:30,0.0
08/07/2023 10:00,0.0
08/07/2023 10:30,0.0
08/07/2023 11:00,0.0
08/07/2023 11:30,0.0
08/07/2023 12:00,0.0
08/07/2023 12:30,0.0
08/07/2023 13:00,0.0
08/07/2023 13:30,0.0
08/07/2023 14:00,0.0
08/07/2023 14:30,0.0
08/07/2023 15:00,0.0
08/07/2023 15:30,0.0
08/07/2023 16:00,0.0
08/07/2023 16:30,0.0
08/07/2023 17:00,0.0
08/07/2023 17:30,0.0
08/07/2023 18:00,0.0
08/07/2023 18:30,0.0
08/07/2023 19:00,0.0
08/07/2023 19:30,0.0
08/07/2023 20:00,0.0
08/07/2023 20:30,0.0
08/07/2023 21:00,0.0
08/07/2023 21:30,0.0
08/07/2023 22:00,0.0
08/07/2023 22:30,0.0
08/07/2023 23:00,0.0
08/07/2023 23:30,0.0
08/08/2023 00:00,0.0
08/08/2023 00:30,0.0
08/08/2023 01:00,0.0
08/08/2023 01:30,0.0
08/08/2023 02:00,0.0
08/08/2023 02:30,0.0
08/08/2023 03:00,0.0
08/08/2023 03:30,0.0
08/08/2023 04:00,0.0
08/08/2023 04:30,0.0
08/08/2023 05:00,0.0
08/08/2023 05:30,0.0
08/08/2023 06:00,0.0
08/08/2023 06:30,0.0
08/08/2023 07:00,0.0
08/08/2023 07:30,0.0
08/08/2023 08:00,0.0
08/08/2023 08:30,0.0
08/08/2023 09:00,0.0
08/08/2023 09:30,0.0
08/08/2023 10:00,0.0
08/08/2023 10:30,0.0
08/08/2023 11:00,0.0
08/08/2023 11:30,0.0
08/08/2023 12:00,0.0
08/08/2023 12:30,0.0
08/08/2023 13:00,0.0
08/08/2023 13:30,0.0
08/08/2023 14:00,0.0
08/08/2023 14:30,0.0
08/08/2023 15:00,0.0
08/08/2023 15:30,0.0
08/08/2023 16:00,0.0
08/08/2023 16:30,0.0
08/08/2023 17:00,0.0
08/08/2023 17:30,0.0
08/08/2023 18:00,0.0
08/08/2023 18:30,0.0
08/08/2023 19:00,0.0
08/08/2023 19:30,0.0
08/08/2023 20:00,0.0
08/08/2023 20:30,0.0
08/08/2023 21:00,0.0
08/08/2023 21:30,0.0
08/08/2023 22:00,0.0
08/08/2023 22:30,0.0
08/08/2023 23:00,0.0
08/08/2023 23:30,0.0
08/09/2023 00:00,0.0
08/09/2023 00:30,0.0
08/09/2023 01:00,0.0
08/09/2023 01:30,0.0
08/09/2023 02:00,0.0
08/09/2023 02:30,0.0
08/09/2023 03:00,0.0
08/09/2023 03:30,0.0
08/09/2023 04:00,0.0
08/09/2023 04:30,0.0
08/09/2023 05:00,0.0
08/09/2023 05:30,0.0
08/09/2023 06:00,0.0
08/09/2023 06:30,0.0
08/09/2023 07:00,0.0
08/09/2023 07:30,0.0
08/09/2023 08:00,0.0
08/09/2023 08:30,0.0
08/09/2023 09:00,0.0
08/09/2023 09:30,0.0
08/09/2023 10:00,0.0
08/09/2023 10:30,0.0
08/09/2023 11:00,0.0
08/09/2023 11:30,0.0
08/09/2023 12:00,0.0
08/09/2023 12:30,0.0
08/09/2023 13:00,0.0
08/09/2023 13:30,0.0
08/09/2023 14:00,0.0
08/09/2023 14:30,0.0
08/09/2023 15:00,0.0
08/09/2023 15:30,0.0
08/09/2023 16:00,0.0
08/09/2023 16:30,0.0
08/09/2023 17:00,0.0
08/09/2023 17:30,0.0
08/09/2023 18:00,0.0
08/09/2023 18:30,0.0
08/09/2023 19:00,0.0
08/09/2023 19:30,0.0
08/09/2023 20:00,0.0
08/09/2023 20:30,0.0
08/09/2023 21:00,0.0
08/09/2023 21:30,0.0
08/09/2023 22:00,0.0
08/09/2023 22:30,0.0
08/09/2023 23:00,0.0
08/09/2023 23:30,0.0
08/10/2023 00:00,0.0
08/10/2023 00:30,0.0
08/10/2023 01:00,0.0
08/10/2023 01:30,0.0
08/10/2023 02:00,0.0
08/10/2023 02:30,0.0
08/10/2023 03:00,0.0
08/10/2023 03:30,0.0
08/10/2023 04:00,0.0
08/10/2023 04:30,0.0
08/10/2023 05:00,0.0
08/10/2023 05:30,0.0
08/10/2023 06:00,0.0
08/10/2023 06:30,0.0
08/10/2023 07:00,0.0
08/10/2023 07:30,0.0
08/10/2023 08:00,0.0
08/10/2023 08:30,0.0
08/10/2023 09:00,0.0
08/10/2023 09:30,0.0
08/10/2023 10:00,0.0
08/10/2023 10:30,0.0
08/10/2023 11:00,0.0
08/10/2023 11:30,0.0
08/10/2023 12:00,0.0
08/10/2023 12:30,0.0
08/10/2023 13:00,0.0
08/10/2023 13:30,0.0
08/10/2023 14:00,0.0
08/10/2023 14:30,0.0
08/10/2023 15:00,0.0
08/10/2023 15:30,0.0
08/10/2023 16:00,0.0
08/10/2023 16:30,0.0
08/10/2023 17:00,0.0
08/10/2023 17:30,0.0
08/10/2023 18:00,0.0
08/10/2023 18:30,0.0
08/10/2023 19:00,0.0
08/10/2023 19:30,0.0
08/10/2023 20:00,0.0
08/10/2023 20:30,0.0
08/10/2023 21:00,0.0
08/10/2023 21:30,0.0
08/10/2023 22:00,0.0
08/10/2023 22:30,0.0
08/10/2023 23:00,0.0
08/10/2023 23:30,0.0
08/11/2023 00:00,0.0
08/11/2023 00:30,0.0
08/11/2023 01:00,0.0
08/11/2023 01:30,0.0
08/11/2023 02:00,0.0
08/11/2023 02:30,0.0
08/11/2023 03:00,0.0
08/11/2023 03:30,0.0
08/11/2023 04:00,0.0
08/11/2023 04:30,0.0
08/11/2023 05:00,0.0
08/11/2023 05:30,0.0
08/11/2023 06:00,0.0
08/11/2023 06:30,0.0
08/11/2023 07:00,0.0
08/11/2023 07:30,0.0
08/11/2023 08:00,0.0
08/11/2023 08:30,0.0
08/11/2023 09:00,0.0
08/11/2023 09:30,0.0
08/11/2023 10:00,0.0
08/11/2023 10:30,0.0
08/11/2023 11:00,0.0
08/11/2023 11:30,0.0
08/11/2023 12:00,0.0
08/11/2023 12:30,0.0
08/11/2023 13:00,0.0
08/11/2023 13:30,0.0
08/11/2023 14:00,0.0
08/11/2023 14:30,0.0
08/11/2023 15:00,0.0
08/11/2023 15:30,0.0
08/11/2023 16:00,0.0
08/11/2023 16:30,0.0
08/11/2023 17:00,0.0
08/11/2023 17:30,0.0
08/11/2023 18:00,0.0
08/11/2023 18:30,0.0
08/11/2023 19:00,0.0
08/11/2023 19:30,0.0
08/11/2023 20:00,0.0
08/11/2023 20:30,0.0
08/11/2023 21:00,0.0
08/11/2023 21:30,0.0
08/11/2023 22:00,0.0
08/11/2023 22:30,0.0
08/11/2023 23:00,0.0
08/11/2023 23:30,0.0
08/12/2023 00:00,0.0
08/12/2023 00:30,0.0
08/12/2023 01:00,0.0
08/12/2023 01:30,0.0
08/12/2023 02:00,0.0
08/12/2023 02:30,0.0
08/12/2023 03:00,0.0
08/12/2023 03:30,0.0
08/12/2023 04:00,0.0
08/12/2023 04:30,0.0
08/12/2023 05:00,0.0
08/12/2023 05:30,0.0
08/12/2023 06:00,0.0
08/12/2023 06:30,0.0
08/12/2023 07:00,0.0
08/12/2023 07:30,0.0
08/12/2023 08:00,0.0
08/12/2023 08:30,0.0
08/12/2023 09:00,0.0
08/12/2023 09:30,0.0
08/12/2023 10:00,0.0
08/12/2023 10:30,0.0
08/12/2023 11:00,0.0
08/12/2023 11:30,0.0
08/12/2023 12:00,0.0
08/12/2023 12:30,0.0
08/12/2023 13:00,0.0
08/12/2023 13:30,0.0
08/12/2023 14:00,0.0
08/12/2023 14:30,0.0
08/12/2023 15:00,0.0
08/12/2023 15:30,0.0
08/12/2023 16:00,0.0
08/12/2023 16:30,0.0
08/12/2023 17:00,0.0
08/12/2023 17:30,0.0
08/12/2023 18:00,0.0
08/12/2023 18:30,0.0
08/12/2023 19:00,0.0
08/12/2023 19:30,0.0
08/12/2023 20:00,0.0
08/12/2023 20:30,0.0
08/12/2023 21:00,0.0
08/12/2023 21:30,0.0
08/12/2023 22:00,0.0
08/12/2023 22:30,0.0
08/12/2023 23:00,0.0
08/12/2023 23:30,0.0
08/13/2023 00:00,0.0
08/13/2023 00:30,0.0
08/13/2023 01:00,0.0
08/13/2023 01:30,0.0
08/13/2023 02:00,0.0
08/13/2023 02:30,0.0
08/13/2023 03:00,0.0
08/13/2023 03:30,0.0
08/13/2023 04:00,0.0
08/13/2023 04:30,0.0
08/13/2023 05:00,0.0
08/13/2023 05:30,0.0
08/13/2023 06:00,0.0
08/13/2023 06:30,0.0
08/13/2023 07:00,0.0
08/13/2023 07:30,0.0
08/13/2023 08:00,0.0
08/13/2023 08:30,0.0
08/13/2023 09:00,0.0
08/13/2023 09:30,0.0
08/13/2023 10:00,0.0
08/13/2023 10:30,0.0
08/13/2023 11:00,0.0
08/13/2023 11:30,0.0
08/13/2023 12:00,0.0
08/13/2023 12:30,0.0
08/13/2023 13:00,0.0
08/13/2023 13:30,0.0
08/13/2023 14:00,0.0
08/13/2023 14:30,0.0
08/13/2023 15:00,0.0
08/13/2023 15:30,0.0
08/13/2023 16:00,0.0
08/13/2023 16:30,0.0
08/13/2023 17:00,0.0
08/13/2023 17:30,0.0
08/13/2023 18:00,0.0
08/13/2023 18:30,0.0
08/13/2023 19:00,0.0
08/13/2023 19:30,0.0
08/13/2023 20:00,0.0
08/13/2023 20:30,0.0
08/13/2023 21:00,0.0
08/13/2023 21:30,0.0
08/13/2023 22:00,0.0
08/13/2023 22:30,0.0
08/13/2023 23:00,0.0
08/13/2023 23:30,0.0
08/14/2023 00:00,0.0
08/14/2023 00:30,0.0
08/14/2023 01:00,0.0
08/14/2023 01:30,0.0
08/14/2023 02:00,0.0
08/14/2023 02:30,0.0
08/14/2023 03:00,0.0
08/14/2023 03:30,0.0
08/14/2023 04:00,0.0
08/14/2023 04:30,0.0
08/14/2023 05:00,0.0
08/14/2023 05:30,0.0
08/14/2023 06:00,0.0
08/14/2023 06:30,0.0
08/14/2023 07:00,0.0
08/14/2023 07:30,0.0
08/14/2023 08:00,0.0
08/14/2023 08:30,0.0
08/14/2023 09:00,0.0
08/14/2023 09:30,0.0
08/14/2023 10:00,0.0
08/14/2023 10:30,0.0
08/14/2023 11:00,0.0
08/14/2023 11:30,0.0
08/14/2023 12:00,0.0
08/14/2023 12:30,0.0
08/14/2023 13:00,0.0
08/14/2023 13:30,0.0
08/14/2023 14:00,0.0
08/14/2023 14:30,0.0
08/14/2023 15:00,0.0
08/14/2023 15:30,0.0
08/14/2023 16:00,0.0
08/14/2023 16:30,0.0
08/14/2023 17:00,0.0
08/14/2023 17:30,0.0
08/14/2023 18:00,0.0
08/14/2023 18:30,0.0
08/14/2023 19:00,0.0
08/14/2023 19:30,0.0
08/14/2023 20:00,0.0
08/14/2023 20:30,0.0
08/14/2023 21:00,0.0
08/14/2023 21:30,0.0
08/14/2023 22:00,0.0
08/14/2023 22:30,0.0
08/14/2023 23:00,0.0
08/14/2023 23:30,0.0
08/15/2023 00:00,0.0
08/15/2023 00:30,0.0
08/15/2023 01:00,0.0
08/15/2023 01:30,0.0
08/15/2023 02:00,0.0
08/15/2023 02:30,0.0
08/15/2023 03:00,0.0
08/15/2023 03:30,0.0
08/15/2023 04:00,0.0
08/15/2023 04:30,0.0
08/15/2023 05:00,0.0
08/15/2023 05:30,0.0
08/15/2023 06:00,0.0
08/15/2023 06:30,0.0
08/15/2023 07:00,0.0
08/15/2023 07:30,0.0
08/15/2023 08:00,0.0
08/15/2023 08:30,0.0
08/15/2023 09:00,0.0
08/15/2023 09:30,0.0
08/15/2023 10:00,0.0
08/15/2023 10:30,0.0
08/15/2023 11:00,0.0
08/15/2023 11:30,0.0
08/15/2023 12:00,0.0
08/15/2023 12:30,0.0
08/15/2023 13:00,0.0
08/15/2023 13:30,0.0
08/15/2023 14:00,0.0
08/15/2023 14:30,0.0
08/15/2023 15:00,0.0
08/15/2023 15:30,0.0
08/15/2023 16:00,0.0
08/15/2023 16:30,0.0
08/15/2023 17:00,0.0
08/15/2023 17:30,0.0
08/15/2023 18:00,0.0
08/15/2023 18:30,0.0
08/15/2023 19:00,0.0
08/15/2023 19:30,0.0
08/15/2023 20:00,0.0
08/15/2023 20:30,0.0
08/15/2023 21:00,0.0
08/15/2023 21:30,0.0
08/15/2023 22:00,0.0
08/15/2023 22:30,0.0
08/15/2023 23:00,0.0
08/15/2023 23:30,0.0
08/16/2023 00:00,0.0
08/16/2023 00:30,0.0
08/16/2023 01:00,0.0
08/16/2023 01:30,0.0
08/16/2023 02:00,0.0
08/16/2023 02:30,0.0
08/16/2023 03:00,0.0
08/16/2023 03:30,0.0
08/16/2023 04:00,0.0
08/16/2023 04:30,0.0
08/16/2023 05:00,0.0
08/16/2023 05:30,0.0
08/16/2023 06:00,0.0
08/16/2023 06:30,0.0
08/16/2023 07:00,0.0
08/16/2023 07:30,0.0
08/16/2023 08:00,0.0
08/16/2023 08:30,0.0
08/16/2023 09:00,0.0
08/16/2023 09:30,0.0
08/16/2023 10:00,0.0
08/16/2023 10:30,0.0
08/16/2023 11:00,0.0
08/16/2023 11:30,0.0
08/16/2023 12:00,0.0
08/16/2023 12:30,0.0
08/16/2023 13:00,0.0
08/16/2023 13:30,0.0
08/16/2023 14:00,0.0
08/16/2023 14:30,0.0
08/16/2023 15:00,0.0
08/16/2023 15:30,0.0
08/16/2023 16:00,0.0
08/16/2023 16:30,0.0
08/16/2023 17:00,0.0
08/16/2023 17:30,0.0
08/16/2023 18:00,0.0
08/16/2023 18:30,0.0
08/16/2023 19:00,0.0
08/16/2023 19:30,0.0
08/16/2023 20:00,0.0
08/16/2023 20:30,0.0
08/16/2023 21:00,0.0
08/16/2023 21:30,0.0
08/16/2023 22:00,0.0
08/16/2023 22:30,0.0
08/16/2023 23:00,0.0
08/16/2023 23:30,0.0
08/17/2023 00:00,0.0
08/17/2023 00:30,0.0
08/17/2023 01:00,0.0
08/17/2023 01:30,0.0
08/17/2023 02:00,0.0
08/17/2023 02:30,0.0
08/17/2023 03:00,0.0
08/17/2023 03:30,0.0
08/17/2023 04:00,0.0
08/17/2023 04:30,0.0
08/17/2023 05:00,0.0
08/17/2023 05:30,0.0
08/17/2023 06:00,0.0
08/17/2023 06:30,0.0
08/17/2023 07:00,0.0
08/17/2023 07:30,0.0
08/17/2023 08:00,0.0
08/17/2023 08:30,0.0
08/17/2023 09:00,0.0
08/17/2023 09:30,0.0
08/17/2023 10:00,0.0
08/17/2023 10:30,0.0
08/17/2023 11:00,0.0
08/17/2023 11:30,0.0
08/17/2023 12:00,0.0
08/17/2023 12:30,0.0
08/17/2023 13:00,0.0
08/17/2023 13:30,0.0
08/17/2023 14:00,0.0
08/17/2023 14:30,0.0
08/17/2023 15:00,0.0
08/17/2023 15:30,0.0
08/17/2023 16:00,0.0
08/17/2023 16:30,0.0
08/17/2023 17:00,0.0
08/17/2023 17:30,0.0
08/17/2023 18:00,0.0
08/17/2023 18:30,0.0
08/17/2023 19:00,0.0
08/17/2023 19:30,0.0
08/17/2023 20:00,0.0
08/17/2023 20:30,0.0
08/17/2023 21:00,0.0
08/17/2023 21:30,0.0
08/17/2023 22:00,0.0
08/17/2023 22:30,0.0
08/17/2023 23:00,0.0
08/17/2023 23:30,0.0
08/18/2023 00:00,0.0
08/18/2023 00:30,0.0
08/18/2023 01:00,0.0
08/18/2023 01:30,0.0
08/18/2023 02:00,0.0
08/18/2023 02:30,0.0
08/18/2023 03:00,0.0
08/18/2023 03:30,0.0
08/18/2023 04:00,0.0
08/18/2023 04:30,0.0
08/18/2023 05:00,0.0
08/18/2023 05:30,0.0
08/18/2023 06:00,0.0
08/18/2023 06:30,0.0
08/18/2023 07:00,0.0
08/18/2023 07:30,0.0
08/18/2023 08:00,0.0
08/18/2023 08:30,0.0
08/18/2023 09:00,0.0
08/18/2023 09:30,0.0
08/18/2023 10:00,0.0
08/18/2023 10:30,0.0
08/18/2023 11:00,0.0
08/18/2023 11:30,0.0
08/18/2023 12:00,0.0
08/18/2023 12:30,0.0
08/18/2023 13:00,0.0
08/18/2023 13:30,0.0
08/18/2023 14:00,0.0
08/18/2023 14:30,0.0
08/18/2023 15:00,0.0
08/18/2023 15:30,0.0
08/18/2023 16:00,0.0
08/18/2023 16:30,0.0
08/18/2023 17:00,0.0
08/18/2023 17:30,0.0
08/18/2023 18:00,0.0
08/18/2023 18:30,0.0
08/18/2023 19:00,0.0
08/18/2023 19:30,0.0
08/18/2023 20:00,0.0
08/18/2023 20:30,0.0
08/18/2023 21:00,0.0
08/18/2023 21:30,0.0
08/18/2023 22:00,0.0
08/18/2023 22:30,0.0
08/18/2023 23:00,0.0
08/18/2023 23:30,0.0
08/19/2023 00:00,0.0
08/19/2023 00:30,0.0
08/19/2023 01:00,0.0
08/19/2023 01:30,0.0
08/19/2023 02:00,0.0
08/19/2023 02:30,0.0
08/19/2023 03:00,0.0
08/19/2023 03:30,0.0
08/19/2023 04:00,0.0
08/19/2023 04:30,0.0
08/19/2023 05:00,0.0
08/19/2023 05:30,0.0
08/19/2023 06:00,0.0
08/19/2023 06:30,0.0
08/19/2023 07:00,0.0
08/19/2023 07:30,0.0
08/19/2023 08:00,0.0
08/19/2023 08:30,0.0
08/19/2023 09:00,0.0
08/19/2023 09:30,0.0
08/19/2023 10:00,0.0
08/19/2023 10:30,0.0
08/19/2023 11:00,0.0
08/19/2023 11:30,0.0
08/19/2023 12:00,0.0
08/19/2023 12:30,0.0
08/19/2023 13:00,0.0
08/19/2023 13:30,0.0
08/19/2023 14:00,0.0
08/19/2023 14:30,0.0
08/19/2023 15:00,0.0
08/19/2023 15:30,0.0
08/19/2023 16:00,0.0
08/19/2023 16:30,0.0
08/19/2023 17:00,0.0
08/19/2023 17:30,0.0
08/19/2023 18:00,0.0
08/19/2023 18:30,0.0
08/19/2023 19:00,0.0
08/19/2023 19:30,0.0
08/19/2023 20:00,0.0
08/19/2023 20:30,0.0
08/19/2023 21:00,0.0
08/19/2023 21:30,0.0
08/19/2023 22:00,0.0
08/19/2023 22:30,0.0
08/19/2023 23:00,0.0
08/19/2023 23:30,0.0
08/20/2023 00:00,0.0
08/20/2023 00:30,0.0
08/20/2023 01:00,0.0
08/20/2023 01:30,0.0
08/20/2023 02:00,0.0
08/20/2023 02:30,0.0
08/20/2023 03:00,0.0
08/20/2023 03:30,0.0
08/20/2023 04:00,0.0
08/20/2023 04:30,0.0
08/20/2023 05:00,0.0
08/20/2023 05:30,0.0
08/20/2023 06:00,0.0
08/20/2023 06:30,0.0
08/20/2023 07:00,0.0
08/20/2023 07:30,0.0
08/20/2023 08:00,0.0
08/20/2023 08:30,0.0
08/20/2023 09:00,0.0
08/20/2023 09:30,0.0
08/20/2023 10:00,0.0
08/20/2023 10:30,0.0
08/20/2023 11:00,0.0
08/20/2023 11:30,0.0
08/20/2023 12:00,0.0
08/20/2023 12:30,0.0
08/20/2023 13:00,0.0
08/20/2023 13:30,0.0
08/20/2023 14:00,0.0
08/20/2023 14:30,0.0
08/20/2023 15:00,0.0
08/20/2023 15:30,0.0
08/20/2023 16:00,0.0
08/20/2023 16:30,0.0
08/20/2023 17:00,0.0
08/20/2023 17:30,0.0
08/20/2023 18:00,0.0
08/20/2023 18:30,0.0
08/20/2023 19:00,0.0
08/20/2023 19:30,0.0
08/20/2023 20:00,0.0
08/20/2023 20:30,0.0
08/20/2023 21:00,0.0
08/20/2023 21:30,0.0
08/20/2023 22:00,0.0
08/20/2023 22:30,0.0
08/20/2023 23:00,0.0
08/20/2023 23:30,0.0
08/21/2023 00:00,0.0
08/21/2023 00:30,0.0
08/21/2023 01:00,0.0
08/21/2023 01:30,0.0
08/21/2023 02:00,0.0
08/21/2023 02:30,0.0
08/21/2023 03:00,0.0
08/21/2023 03:30,0.0
08/21/2023 04:00,0.0
08/21/2023 04:30,0.0
08/21/2023 05:00,0.0
08/21/2023 05:30,0.0
08/21/2023 06:00,0.0
08/21/2023 06:30,0.0
08/21/2023 07:00,0.0
08/21/2023 07:30,0.0
08/21/2023 08:00,0.0
08/21/2023 08:30,0.0
08/21/2023 09:00,0.0
08/21/2023 09:30,0.0
08/21/2023 10:00,0.0
08/21/2023 10:30,0.0
08/21/2023 11:00,0.0
08/21/2023 11:30,0.0
08/21/2023 12:00,0.0
08/21/2023 12:30,0.0
08/21/2023 13:00,0.0
08/21/2023 13:30,0.0
08/21/2023 14:00,0.0
08/21/2023 14:30,0.0
08/21/2023 15:00,0.0
08/21/2023 15:30,0.0
08/21/2023 16:00,0.0
08/21/2023 16:30,0.0
08/21/2023 17:00,0.0
08/21/2023 17:30,0.0
08/21/2023 18:00,0.0
08/21/2023 18:30,0.0
08/21/2023 19:00,0.0
08/21/2023 19:30,0.0
08/21/2023 20:00,0.0
08/21/2023 20:30,0.0
08/21/2023 21:00,0.0
08/21/2023 21:30,0.0
08/21/2023 22:00,0.0
08/21/2023 22:30,0.0
08/21/2023 23:00,0.0
08/21/2023 23:30,0.0
08/22/2023 00:00,0.0
08/22/2023 00:30,0.0
08/22/2023 01:00,0.0
08/22/2023 01:30,0.0
08/22/2023 02:00,0.0
08/22/2023 02:30,0.0
08/22/2023 03:00,0.0
08/22/2023 03:30,0.0
08/22/2023 04:00,0.0
08/22/2023 04:30,0.0
08/22/2023 05:00,0.0
08/22/2023 05:30,0.0
08/22/2023 06:00,0.0
08/22/2023 06:30,0.0
08/22/2023 07:00,0.0
08/22/2023 07:30,0.0
08/22/2023 08:00,0.0
08/22/2023 08:30,0.0
08/22/2023 09:00,0.0
08/22/2023 09:30,0.0
08/22/2023 10:00,0.0
08/22/2023 10:30,0.0
08/22/2023 11:00,0.0
08/22/2023 11:30,0.0
08/22/2023 12:00,0.0
08/22/2023 12:30,0.0
08/22/2023 13:00,0.0
08/22/2023 13:30,0.0
08/22/2023 14:00,0.0
08/22/2023 14:30,0.0
08/22/2023 15:00,0.0
08/22/2023 15:30,0.0
08/22/2023 16:00,0.0
08/22/2023 16:30,0.0
08/22/2023 17:00,0.0
08/22/2023 17:30,0.0
08/22/2023 18:00,0.0
08/22/2023 18:30,0.0
08/22/2023 19:00,0.0
08/22/2023 19:30,0.0
08/22/2023 20:00,0.0
08/22/2023 20:30,0.0
08/22/2023 21:00,0.0
08/22/2023 21:30,0.0
08/22/2023 22:00,0.0
08/22/2023 22:30,0.0
08/22/2023 23:00,0.0
08/22/2023 23:30,0.0
08/23/2023 00:00,0.0
08/23/2023 00:30,0.0
08/23/2023 01:00,0.0
08/23/2023 01:30,0.0
08/23/2023 02:00,0.0
08/23/2023 02:30,0.0
08/23/2023 03:00,0.0
08/23/2023 03:30,0.0
08/23/2023 04:00,0.0
08/23/2023 04:30,0.0
08/23/2023 05:00,0.0
08/23/2023 05:30,0.0
08/23/2023 06:00,0.0
08/23/2023 06:30,0.0
08/23/2023 07:00,0.0
08/23/2023 07:30,0.0
08/23/2023 08:00,0.0
08/23/2023 08:30,0.0
08/23/2023 09:00,0.0
08/23/2023 09:30,0.0
08/23/2023 10:00,0.0
08/23/2023 10:30,0.0
08/23/2023 11:00,0.0
08/23/2023 11:30,0.0
08/23/2023 12:00,0.0
08/23/2023 12:30,0.0
08/23/2023 13:00,0.0
08/23/2023 13:30,0.0
08/23/2023 14:00,0.0
08/23/2023 14:30,0.0
08/23/2023 15:00,0.0
08/23/2023 15:30,0.0
08/23/2023 16:00,0.0
08/23/2023 16:30,0.0
08/23/2023 17:00,0.0
08/23/2023 17:30,0.0
08/23/2023 18:00,0.0
08/23/2023 18:30,0.0
08/23/2023 19:00,0.0
08/23/2023 19:30,0.0
08/23/2023 20:00,0.0
08/23/2023 20:30,0.0
08/23/2023 21:00,0.0
08/23/2023 21:30,0.0
08/23/2023 22:00,0.0
08/23/2023 22:30,0.0
08/23/2023 23:00,0.0
08/23/2023 23:30,0.0
08/24/2023 00:00,0.0
08/24/2023 00:30,0.0
08/24/2023 01:00,0.0
08/24/2023 01:30,0.0
08/24/2023 02:00,0.0
08/24/2023 02:30,0.0
08/24/2023 03:00,0.0
08/24/2023 03:30,0.0
08/24/2023 04:00,0.0
08/24/2023 04:30,0.0
08/24/2023 05:00,0.0
08/24/2023 05:30,0.0
08/24/2023 06:00,0.0
08/24/2023 06:30,0.0
08/24/2023 07:00,0.0
08/24/2023 07:30,0.0
08/24/2023 08:00,0.0
08/24/2023 08:30,0.0
08/24/2023 09:00,0.0
08/24/2023 09:30,0.0
08/24/2023 10:00,0.0
08/24/2023 10:30,0.0
08/24/2023 11:00,0.0
08/24/2023 11:30,0.0
08/24/2023 12:00,0.0
08/24/2023 12:30,0.0
08/24/2023 13:00,0.0
08/24/2023 13:30,0.0
08/24/2023 14:00,0.0
08/24/2023 14:30,0.0
08/24/2023 15:00,0.0
08/24/2023 15:30,0.0
08/24/2023 16:00,0.0
08/24/2023 16:30,0.0
08/24/2023 17:00,0.0
08/24/2023 17:30,0.0
08/24/2023 18:00,0.0
08/24/2023 18:30,0.0
08/24/2023 19:00,0.0
08/24/2023 19:30,0.0
08/24/2023 20:00,0.0
08/24/2023 20:30,0.0
08/24/2023 21:00,0.0
08/24/2023 21:30,0.0
08/24/2023 22:00,0.0
08/24/2023 22:30,0.0
08/24/2023 23:00,0.0
08/24/2023 23:30,0.0
08/25/2023 00:00,0.0
08/25/2023 00:30,0.0
08/25/2023 01:00,0.0
08/25/2023 01:30,0.0
08/25/2023 02:00,0.0
08/25/2023 02:30,0.0
08/25/2023 03:00,0.0
08/25/2023 03:30,0.0
08/25/2023 04:00,0.0
08/25/2023 04:30,0.0
08/25/2023 05:00,0.0
08/25/2023 05:30,0.0
08/25/2023 06:00,0.0
08/25/2023 06:30,0.0
08/25/2023 07:00,0.0
08/25/2023 07:30,0.0
08/25/2023 08:00,0.0
08/25/2023 08:30,0.0
08/25/2023 09:00,0.0
08/25/2023 09:30,0.0
08/25/2023 10:00,0.0
08/25/2023 10:30,0.0
08/25/2023 11:00,0.0
08/25/2023 11:30,0.0
08/25/2023 12:00,0.0
08/25/2023 12:30,0.0
08/25/2023 13:00,0.0
08/25/2023 13:30,0.0
08/25/2023 14:00,0.0
08/25/2023 14:30,0.0
08/25/2023 15:00,0.0
08/25/2023 15:30,0.0
08/25/2023 16:00,0.0
08/25/2023 16:30,0.0
08/25/2023 17:00,0.0
08/25/2023 17:30,0.0
08/25/2023 18:00,0.0
08/25/2023 18:30,0.0
08/25/2023 19:00,0.0
08/25/2023 19:30,0.0
08/25/2023 20:00,0.0
08/25/2023 20:30,0.0
08/25/2023 21:00,0.0
08/25/2023 21:30,0.0
08/25/2023 22:00,0.0
08/25/2023 22:30,0.0
08/25/2023 23:00,0.0
08/25/2023 23:30,0.0
08/26/2023 00:00,0.0
08/26/2023 00:30,0.0
08/26/2023 01:00,0.0
08/26/2023 01:30,0.0
08/26/2023 02:00,0.0
08/26/2023 02:30,0.0
08/26/2023 03:00,0.0
08/26/2023 03:30,0.0
08/26/2023 04:00,0.0
08/26/2023 04:30,0.0
08/26/2023 05:00,0.0
08/26/2023 05:30,0.0
08/26/2023 06:00,0.0
08/26/2023 06:30,0.0
08/26/2023 07:00,0.0
08/26/2023 07:30,0.0
08/26/2023 08:00,0.0
08/26/2023 08:30,0.0
08/26/2023 09:00,0.0
08/26/2023 09:30,0.0
08/26/2023 10:00,0.0
08/26/2023 10:30,0.0
08/26/2023 11:00,0.0
08/26/2023 11:30,0.0
08/26/2023 12:00,0.0
08/26/2023 12:30,0.0
08/26/2023 13:00,0.0
08/26/2023 13:30,0.0
08/26/2023 14:00,0.0
08/26/2023 14:30,0.0
08/26/2023 15:00,0.0
08/26/2023 15:30,0.0
08/26/2023 16:00,0.0
08/26/2023 16:30,0.0
08/26/2023 17:00,0.0
08/26/2023 17:30,0.0
08/26/2023 18:00,0.0
08/26/2023 18:30,0.0
08/26/2023 19:00,0.0
08/26/2023 19:30,0.0
08/26/2023 20:00,0.0
08/26/2023 20:30,0.0
08/26/2023 21:00,0.0
08/26/2023 21:30,0.0
08/26/2023 22:00,0.0
08/26/2023 22:30,0.0
08/26/2023 23:00,0.0
08/26/2023 23:30,0.0
08/27/2023 00:00,0.0
08/27/2023 00:30,0.0
08/27/2023 01:00,0.0
08/27/2023 01:30,0.0
08/27/2023 02:00,0.0
08/27/2023 02:30,0.0
08/27/2023 03:00,0.0
08/27/2023 03:30,0.0
08/27/2023 04:00,0.0
08/27/2023 04:30,0.0
08/27/2023 05:00,0.0
08/27/2023 05:30,0.0
08/27/2023 06:00,0.0
08/27/2023 06:30,0.0
08/27/2023 07:00,0.0
08/27/2023 07:30,0.0
08/27/2023 08:00,0.0
08/27/2023 08:30,0.0
08/27/2023 09:00,0.0
08/27/2023 09:30,0.0
08/27/2023 10:00,0.0
08/27/2023 10:30,0.0
08/27/2023 11:00,0.0
08/27/2023 11:30,0.0
08/27/2023 12:00,0.0
08/27/2023 12:30,0.0
08/27/2023 13:00,0.0
08/27/2023 13:30,0.0
08/27/2023 14:00,0.0
08/27/2023 14:30,0.0
08/27/2023 15:00,0.0
08/27/2023 15:30,0.0
08/27/2023 16:00,0.0
08/27/2023 16:30,0.0
08/27/2023 17:00,0.0
08/27/2023 17:30,0.0
08/27/2023 18:00,0.0
08/27/2023 18:30,0.0
08/27/2023 19:00,0.0
08/27/2023 19:30,0.0
08/27/2023 20:00,0.0
08/27/2023 20:30,0.0
08/27/2023 21:00,0.0
08/27/2023 21:30,0.0
08/27/2023 22:00,0.0
08/27/2023 22:30,0.0
08/27/2023 23:00,0.0
08/27/2023 23:30,0.0
08/28/2023 00:00,0.0
08/28/2023 00:30,0.0
08/28/2023 01:00,0.0
08/28/2023 01:30,0.0
08/28/2023 02:00,0.0
08/28/2023 02:30,0.0
08/28/2023 03:00,0.0
08/28/2023 03:30,0.0
08/28/2023 04:00,0.0
08/28/2023 04:30,0.0
08/28/2023 05:00,0.0
08/28/2023 05:30,0.0
08/28/2023 06:00,0.0
08/28/2023 06:30,0.0
08/28/2023 07:00,0.0
08/28/2023 07:30,0.0
08/28/2023 08:00,0.0
08/28/2023 08:30,0.0
08/28/2023 09:00,0.0
08/28/2023 09:30,0.0
08/28/2023 10:00,0.0
08/28/2023 10:30,0.0
08/28/2023 11:00,0.0
08/28/2023 11:30,0.0
08/28/2023 12:00,0.0
08/28/2023 12:30,0.0
08/28/2023 13:00,0.0
08/28/2023 13:30,0.0
08/28/2023 14:00,0.0
08/28/2023 14:30,0.0
08/28/2023 15:00,0.0
08/28/2023 15:30,0.0
08/28/2023 16:00,0.0
08/28/2023 16:30,0.0
08/28/2023 17:00,0.0
08/28/2023 17:30,0.0
08/28/2023 18:00,0.0
08/28/2023 18:30,0.0
08/28/2023 19:00,0.0
08/28/2023 19:30,0.0
08/28/2023 20:00,0.0
08/28/2023 20:30,0.0
08/28/2023 21:00,0.0
08/28/2023 21:30,0.0
08/28/2023 22:00,0.0
08/28/2023 22:30,0.0
08/28/2023 23:00,0.0
08/28/2023 23:30,0.0
08/29/2023 00:00,0.0
08/29/2023 00:30,0.0
08/29/2023 01:00,0.0
08/29/2023 01:30,0.0
08/29/2023 02:00,0.0
08/29/2023 02:30,0.0
08/29/2023 03:00,0.0
08/29/2023 03:30,0.0
08/29/2023 04:00,0.0
08/29/2023 04:30,0.0
08/29/2023 05:00,0.0
08/29/2023 05:30,0.0
08/29/2023 06:00,0.0
08/29/2023 06:30,0.0
08/29/2023 07:00,0.0
08/29/2023 07:30,0.0
08/29/2023 08:00,0.0
08/29/2023 08:30,0.0
08/29/2023 09:00,0.0
08/29/2023 09:30,0.0
08/29/2023 10:00,0.0
08/29/2023 10:30,0.0
08/29/2023 11:00,0.0
08/29/2023 11:30,0.0
08/29/2023 12:00,0.0
08/29/2023 12:30,0.0
08/29/2023 13:00,0.0
08/29/2023 13:30,0.0
08/29/2023 14:00,0.0
08/29/2023 14:30,0.0
08/29/2023 15:00,0.0
08/29/2023 15:30,0.0
08/29/2023 16:00,0.0
08/29/2023 16:30,0.0
08/29/2023 17:00,0.0
08/29/2023 17:30,0.0
08/29/2023 18:00,0.0
08/29/2023 18:30,0.0
08/29/2023 19:00,0.0
08/29/2023 19:30,0.0
08/29/2023 20:00,0.0
08/29/2023 20:30,0.0
08/29/2023 21:00,0.0
08/29/2023 21:30,0.0
08/29/2023 22:00,0.0
08/29/2023 22:30,0.0
08/29/2023 23:00,0.0
08/29/2023 23:30,0.0
08/30/2023 00:00,0.0
08/30/2023 00:30,0.0
08/30/2023 01:00,0.0
08/30/2023 01:30,0.0
08/30/2023 02:00,0.0
08/30/2023 02:30,0.0
08/30/2023 03:00,0.0
08/30/2023 03:30,0.0
08/30/2023 04:00,0.0
08/30/2023 04:30,0.0
08/30/2023 05:00,0.0
08/30/2023 05:30,0.0
08/30/2023 06:00,0.0
08/30/2023 06:30,0.0
08/30/2023 07:00,0.0
08/30/2023 07:30,0.0
08/30/2023 08:00,0.0
08/30/2023 08:30,0.0
08/30/2023 09:00,0.0
08/30/2023 09:30,0.0
08/30/2023 10:00,0.0
08/30/2023 10:30,0.0
08/30/2023 11:00,0.0
08/30/2023 11:30,0.0
08/30/2023 12:00,0.0
08/30/2023 12:30,0.0
08/30/2023 13:00,0.0
08/30/2023 13:30,0.0
08/30/2023 14:00,0.0
08/30/2023 14:30,0.0
08/30/2023 15:00,0.0
08/30/2023 15:30,0.0
08/30/2023 16:00,0.0
08/30/2023 16:30,0.0
08/30/2023 17:00,0.0
08/30/2023 17:30,0.0
08/30/2023 18:00,0.0
08/30/2023 18:30,0.0
08/30/2023 19:00,0.0
08/30/2023 19:30,0.0
08/30/2023 20:00,0.0
08/30/2023 20:30,0.0
08/30/2023 21:00,0.0
08/30/2023 21:30,0.0
08/30/2023 22:00,0.0
08/30/2023 22:30,0.0
08/30/2023 23:00,0.0
08/30/2023 23:30,0.0
08/31/2023 00:00,0.0
08/31/2023 00:30,0.0
08/31/2023 01:00,0.0
08/31/2023 01:30,0.0
08/31/2023 02:00,0.0
08/31/2023 02:30,0.0
08/31/2023 03:00,0.0
08/31/2023 03:30,0.0
08/31/2023 04:00,0.0
08/31/2023 04:30,0.0
08/31/2023 05:00,0.0
08/31/2023 05:30,0.0
08/31/2023 06:00,0.0
08/31/2023 06:30,0.0
08/31/2023 07:00,0.0
08/31/2023 07:30,0.0
08/31/2023 08:00,0.0
08/31/2023 08:30,0.0
08/31/2023 09:00,0.0
08/31/2023 09:30,0.0
08/31/2023 10:00,0.0
08/31/2023 10:30,0.0
08/31/2023 11:00,0.0
08/31/2023 11:30,0.0
08/31/2023 12:00,0.0
08/31/2023 12:30,0.0
08/31/2023 13:00,0.0
08/31/2023 13:30,0.0
08/31/2023 14:00,0.0
08/31/2023 14:30,0.0
08/31/2023 15:00,0.0
08/31/2023 15:30,0.0
08/31/2023 16:00,0.0
08/31/2023 16:30,0.0
08/31/2023 17:00,0.0
08/31/2023 17:30,0.0
08/31/2023 18:00,0.0
08/31/2023 18:30,0.0
08/31/2023 19:00,0.0
08/31/2023 19:30,0.0
08/31/2023 20:00,0.0
08/31/2023 20:30,0.0
08/31/2023 21:00,0.0
08/31/2023 21:30,0.0
08/31/2023 22:00,0.0
08/31/2023 22:30,0.0
08/31/2023 23:00,0.0
08/31/2023 23:30,0.0
09/01/2023 00:00,0.0
09/01/2023 00:30,0.0
09/01/2023 01:00,0.0
09/01/2023 01:30,0.0
09/01/2023 02:00,0.0
09/01/2023 02:30,0.0
09/01/2023 03:00,0.0
09/01/2023 03:30,0.0
09/01/2023 04:00,0.0
09/01/2023 04:30,0.0
09/01/2023 05:00,0.0
09/01/2023 05:30,0.0
09/01/2023 06:00,0.0
09/01/2023 06:30,0.0
09/01/2023 07:00,0.0
09/01/2023 07:30,0.0
09/01/2023 08:00,0.0
09/01/2023 08:30,0.0
09/01/2023 09:00,0.0
09/01/2023 09:30,0.0
09/01/2023 10:00,0.0
09/01/2023 10:30,0.0
09/01/2023 11:00,0.0
09/01/2023 11:30,0.0
09/01/2023 12:00,0.0
09/01/2023 12:30,0.0
09/01/2023 13:00,0.0
09/01/2023 13:30,0.0
09/01/2023 14:00,0.0
09/01/2023 14:30,0.0
09/01/2023 15:00,0.0
09/01/2023 15:30,0.0
09/01/2023 16:00,0.0
09/01/2023 16:30,0.0
09/01/2023 17:00,0.0
09/01/2023 17:30,0.0
09/01/2023 18:00,0.0
09/01/2023 18:30,0.0
09/01/2023 19:00,0.0
09/01/2023 19:30,0.0
09/01/2023 20:00,0.0
09/01/2023 20:30,0.0
09/01/2023 21:00,0.0
09/01/2023 21:30,0.0
09/01/2023 22:00,0.0
09/01/2023 22:30,0.0
09/01/2023 23:00,0.0
09/01/2023 23:30,0.0
09/02/2023 00:00,0.0
09/02/2023 00:30,0.0
09/02/2023 01:00,0.0
09/02/2023 01:30,0.0
09/02/2023 02:00,0.0
09/02/2023 02:30,0.0
09/02/2023 03:00,0.0
09/02/2023 03:30,0.0
09/02/2023 04:00,0.0
09/02/2023 04:30,0.0
09/02/2023 05:00,0.0
09/02/2023 05:30,0.0
09/02/2023 06:00,0.0
09/02/2023 06:30,0.0
09/02/2023 07:00,0.0
09/02/2023 07:30,0.0
09/02/2023 08:00,0.0
09/02/2023 08:30,0.0
09/02/2023 09:00,0.0
09/02/2023 09:30,0.0
09/02/2023 10:00,0.0
09/02/2023 10:30,0.0
09/02/2023 11:00,0.0
09/02/2023 11:30,0.0
09/02/2023 12:00,0.0
09/02/2023 12:30,0.0
09/02/2023 13:00,0.0
09/02/2023 13:30,0.0
09/02/2023 14:00,0.0
09/02/2023 14:30,0.0
09/02/2023 15:00,0.0
09/02/2023 15:30,0.0
09/02/2023 16:00,0.0
09/02/2023 16:30,0.0
09/02/2023 17:00,0.0
09/02/2023 17:30,0.0
09/02/2023 18:00,0.0
09/02/2023 18:30,0.0
09/02/2023 19:00,0.0
09/02/2023 19:30,0.0
09/02/2023 20:00,0.0
09/02/2023 20:30,0.0
09/02/2023 21:00,0.0
09/02/2023 21:30,0.0
09/02/2023 22:00,0.0
09/02/2023 22:30,0.0
09/02/2023 23:00,0.0
09/02/2023 23:30,0.0
09/03/2023 00:00,0.0
09/03/2023 00:30,0.0
09/03/2023 01:00,0.0
09/03/2023 01:30,0.0
09/03/2023 02:00,0.0
09/03/2023 02:30,0.0
09/03/2023 03:00,0.0
09/03/2023 03:30,0.0
09/03/2023 04:00,0.0
09/03/2023 04:30,0.0
09/03/2023 05:00,0.0
09/03/2023 05:30,0.0
09/03/2023 06:00,0.0
09/03/2023 06:30,0.0
09/03/2023 07:00,0.0
09/03/2023 07:30,0.0
09/03/2023 08:00,0.0
09/03/2023 08:30,0.0
09/03/2023 09:00,0.0
09/03/2023 09:30,0.0
09/03/2023 10:00,0.0
09/03/2023 10:30,0.0
09/03/2023 11:00,0.0
09/03/2023 11:30,0.0
09/03/2023 12:00,0.0
09/03/2023 12:30,0.0
09/03/2023 13:00,0.0
09/03/2023 13:30,0.0
09/03/2023 14:00,0.0
09/03/2023 14:30,0.0
09/03/2023 15:00,0.0
09/03/2023 15:30,0.0
09/03/2023 16:00,0.0
09/03/2023 16:30,0.0
09/03/2023 17:00,0.0
09/03/2023 17:30,0.0
09/03/2023 18:00,0.0
09/03/2023 18:30,0.0
09/03/2023 19:00,0.0
09/03/2023 19:30,0.0
09/03/2023 20:00,0.0
09/03/2023 20:30,0.0
09/03/2023 21:00,0.0
09/03/2023 21:30,0.0
09/03/2023 22:00,0.0
09/03/2023 22:30,0.0
09/03/2023 23:00,0.0
09/03/2023 23:30,0.0
09/04/2023 00:00,0.0
09/04/2023 00:30,0.0
09/04/2023 01:00,0.0
09/04/2023 01:30,0.0
09/04/2023 02:00,0.0
09/04/2023 02:30,0.0
09/04/2023 03:00,0.0
09/04/2023 03:30,0.0
09/04/2023 04:00,0.0
09/04/2023 04:30,0.0
09/04/2023 05:00,0.0
09/04/2023 05:30,0.0
09/04/2023 06:00,0.0
09/04/2023 06:30,0.0
09/04/2023 07:00,0.0
09/04/2023 07:30,0.0
09/04/2023 08:00,0.0
09/04/2023 08:30,0.0
09/04/2023 09:00,0.0
09/04/2023 09:30,0.0
09/04/2023 10:00,0.0
09/04/2023 10:30,0.0
09/04/2023 11:00,0.0
09/04/2023 11:30,0.0
09/04/2023 12:00,0.0
09/04/2023 12:30,0.0
09/04/2023 13:00,0.0
09/04/2023 13:30,0.0
09/04/2023 14:00,0.0
09/04/2023 14:30,0.0
09/04/2023 15:00,0.0
09/04/2023 15:30,0.0
09/04/2023 16:00,0.0
09/04/2023 16:30,0.0
09/04/2023 17:00,0.0
09/04/2023 17:30,0.0
09/04/2023 18:00,0.0
09/04/2023 18:30,0.0
09/04/2023 19:00,0.0
09/04/2023 19:30,0.0
09/04/2023 20:00,0.0
09/04/2023 20:30,0.0
09/04/2023 21:00,0.0
09/04/2023 21:30,0.0
09/04/2023 22:00,0.0
09/04/2023 22:30,0.0
09/04/2023 23:00,0.0
09/04/2023 23:30,0.0
09/05/2023 00:00,0.0
09/05/2023 00:30,0.0
09/05/2023 01:00,0.0
09/05/2023 01:30,0.0
09/05/2023 02:00,0.0
09/05/2023 02:30,0.0
09/05/2023 03:00,0.0
09/05/2023 03:30,0.0
09/05/2023 04:00,0.0
09/05/2023 04:30,0.0
09/05/2023 05:00,0.0
09/05/2023 05:30,0.0
09/05/2023 06:00,0.0
09/05/2023 06:30,0.0
09/05/2023 07:00,0.0
09/05/2023 07:30,0.0
09/05/2023 08:00,0.0
09/05/2023 08:30,0.0
09/05/2023 09:00,0.0
09/05/2023 09:30,0.0
09/05/2023 10:00,0.0
09/05/2023 10:30,0.0
09/05/2023 11:00,0.0
09/05/2023 11:30,0.0
09/05/2023 12:00,0.0
09/05/2023 12:30,0.0
09/05/2023 13:00,0.0
09/05/2023 13:30,0.0
09/05/2023 14:00,0.0
09/05/2023 14:30,0.0
09/05/2023 15:00,0.0
09/05/2023 15:30,0.0
09/05/2023 16:00,0.0
09/05/2023 16:30,0.0
09/05/2023 17:00,0.0
09/05/2023 17:30,0.0
09/05/2023 18:00,0.0
09/05/2023 18:30,0.0
09/05/2023 19:00,0.0
09/05/2023 19:30,0.0
09/05/2023 20:00,0.0
09/05/2023 20:30,0.0
09/05/2023 21:00,0.0
09/05/2023 21:30,0.0
09/05/2023 22:00,0.0
09/05/2023 22:30,0.0
09/05/2023 23:00,0.0
09/05/2023 23:30,0.0
09/06/2023 00:00,0.0
09/06/2023 00:30,0.0
09/06/2023 01:00,0.0
09/06/2023 01:30,0.0
09/06/2023 02:00,0.0
09/06/2023 02:30,0.0
09/06/2023 03:00,0.0
09/06/2023 03:30,0.0
09/06/2023 04:00,0.0
09/06/2023 04:30,0.0
09/06/2023 05:00,0.0
09/06/2023 05:30,0.0
09/06/2023 06:00,0.0
09/06/2023 06:30,0.0
09/06/2023 07:00,0.0
09/06/2023 07:30,0.0
09/06/2023 08:00,0.0
09/06/2023 08:30,0.0
09/06/2023 09:00,0.0
09/06/2023 09:30,0.0
09/06/2023 10:00,0.0
09/06/2023 10:30,0.0
09/06/2023 11:00,0.0
09/06/2023 11:30,0.0
09/06/2023 12:00,0.0
09/06/2023 12:30,0.0
09/06/2023 13:00,0.0
09/06/2023 13:30,0.0
09/06/2023 14:00,0.0
09/06/2023 14:30,0.0
09/06/2023 15:00,0.0
09/06/2023 15:30,0.0
09/06/2023 16:00,0.0
09/06/2023 16:30,0.0
09/06/2023 17:00,0.0
09/06/2023 17:30,0.0
09/06/2023 18:00,0.0
09/06/2023 18:30,0.0
09/06/2023 19:00,0.0
09/06/2023 19:30,0.0
09/06/2023 20:00,0.0
09/06/2023 20:30,0.0
09/06/2023 21:00,0.0
09/06/2023 21:30,0.0
09/06/2023 22:00,0.0
09/06/2023 22:30,0.0
09/06/2023 23:00,0.0
09/06/2023 23:30,0.0
09/07/2023 00:00,0.0
09/07/2023 00:30,0.0
09/07/2023 01:00,0.0
09/07/2023 01:30,0.0
09/07/2023 02:00,0.0
09/07/2023 02:30,0.0
09/07/2023 03:00,0.0
09/07/2023 03:30,0.0
09/07/2023 04:00,0.0
09/07/2023 04:30,0.0
09/07/2023 05:00,0.0
09/07/2023 05:30,0.0
09/07/2023 06:00,0.0
09/07/2023 06:30,0.0
09/07/2023 07:00,0.0
09/07/2023 07:30,0.0
09/07/2023 08:00,0.0
09/07/2023 08:30,0.0
09/07/2023 09:00,0.0
09/07/2023 09:30,0.0
09/07/2023 10:00,0.0
09/07/2023 10:30,0.0
09/07/2023 11:00,0.0
09/07/2023 11:30,0.0
09/07/2023 12:00,0.0
09/07/2023 12:30,0.0
09/07/2023 13:00,0.0
09/07/2023 13:30,0.0
09/07/2023 14:00,0.0
09/07/2023 14:30,0.0
09/07/2023 15:00,0.0
09/07/2023 15:30,0.0
09/07/2023 16:00,0.0
09/07/2023 16:30,0.0
09/07/2023 17:00,0.0
09/07/2023 17:30,0.0
09/07/2023 18:00,0.0
09/07/2023 18:30,0.0
09/07/2023 19:00,0.0
09/07/2023 19:30,0.0
09/07/2023 20:00,0.0
09/07/2023 20:30,0.0
09/07/2023 21:00,0.0
09/07/2023 21:30,0.0
09/07/2023 22:00,0.0
09/07/2023 22:30,0.0
09/07/2023 23:00,0.0
09/07/2023 23:30,0.0
09/08/2023 00:00,0.0
09/08/2023 00:30,0.0
09/08/2023 01:00,0.0
09/08/2023 01:30,0.0
09/08/2023 02:00,0.0
09/08/2023 02:30,0.0
09/08/2023 03:00,0.0
09/08/2023 03:30,0.0
09/08/2023 04:00,0.0
09/08/2023 04:30,0.0
09/08/2023 05:00,0.0
09/08/2023 05:30,0.0
09/08/2023 06:00,0.0
09/08/2023 06:30,0.0
09/08/2023 07:00,0.0
09/08/2023 07:30,0.0
09/08/2023 08:00,0.0
09/08/2023 08:30,0.0
09/08/2023 09:00,0.0
09/08/2023 09:30,0.0
09/08/2023 10:00,0.0
09/08/2023 10:30,0.0
09/08/2023 11:00,0.0
09/08/2023 11:30,0.0
09/08/2023 12:00,0.0
09/08/2023 12:30,0.0
09/08/2023 13:00,0.0
09/08/2023 13:30,0.0
09/08/2023 14:00,0.0
09/08/2023 14:30,0.0
09/08/2023 15:00,0.0
09/08/2023 15:30,0.0
09/08/2023 16:00,0.0
09/08/2023 16:30,0.0
09/08/2023 17:00,0.0
09/08/2023 17:30,0.0
09/08/2023 18:00,0.0
09/08/2023 18:30,0.0
09/08/2023 19:00,0.0
09/08/2023 19:30,0.0
09/08/2023 20:00,0.0
09/08/2023 20:30,0.0
09/08/2023 21:00,0.0
09/08/2023 21:30,0.0
09/08/2023 22:00,0.0
09/08/2023 22:30,0.0
09/08/2023 23:00,0.0
09/08/2023 23:30,0.0
09/09/2023 00:00,0.0
09/09/2023 00:30,0.0
09/09/2023 01:00,0.0
09/09/2023 01:30,0.0
09/09/2023 02:00,0.0
09/09/2023 02:30,0.0
09/09/2023 03:00,0.0
09/09/2023 03:30,0.0
09/09/2023 04:00,0.0
09/09/2023 04:30,0.0
09/09/2023 05:00,0.0
09/09/2023 05:30,0.0
09/09/2023 06:00,0.0
09/09/2023 06:30,0.0
09/09/2023 07:00,0.0
09/09/2023 07:30,0.0
09/09/2023 08:00,0.0
09/09/2023 08:30,0.0
09/09/2023 09:00,0.0
09/09/2023 09:30,0.0
09/09/2023 10:00,0.0
09/09/2023 10:30,0.0
09/09/2023 11:00,0.0
09/09/2023 11:30,0.0
09/09/2023 12:00,0.0
09/09/2023 12:30,0.0
09/09/2023 13:00,0.0
09/09/2023 13:30,0.0
09/09/2023 14:00,0.0
09/09/2023 14:30,0.0
09/09/2023 15:00,0.0
09/09/2023 15:30,0.0
09/09/2023 16:00,0.0
09/09/2023 16:30,0.0
09/09/2023 17:00,0.0
09/09/2023 17:30,0.0
09/09/2023 18:00,0.0
09/09/2023 18:30,0.0
09/09/2023 19:00,0.0
09/09/2023 19:30,0.0
09/09/2023 20:00,0.0
09/09/2023 20:30,0.0
09/09/2023 21:00,0.0
09/09/2023 21:30,0.0
09/09/2023 22:00,0.0
09/09/2023 22:30,0.0
09/09/2023 23:00,0.0
09/09/2023 23:30,0.0
09/10/2023 00:00,0.0
09/10/2023 00:30,0.0
09/10/2023 01:00,0.0
09/10/2023 01:30,0.0
09/10/2023 02:00,0.0
09/10/2023 02:30,0.0
09/10/2023 03:00,0.0
09/10/2023 03:30,0.0
09/10/2023 04:00,0.0
09/10/2023 04:30,0.0
09/10/2023 05:00,0.0
09/10/2023 05:30,0.0
09/10/2023 06:00,0.0
09/10/2023 06:30,0.0
09/10/2023 07:00,0.0
09/10/2023 07:30,0.0
09/10/2023 08:00,0.0
09/10/2023 08:30,0.0
09/10/2023 09:00,0.0
09/10/2023 09:30,0.0
09/10/2023 10:00,0.0
09/10/2023 10:30,0.0
09/10/2023 11:00,0.0
09/10/2023 11:30,0.0
09/10/2023 12:00,0.0
09/10/2023 12:30,0.0
09/10/2023 13:00,0.0
09/10/2023 13:30,0.0
09/10/2023 14:00,0.0
09/10/2023 14:30,0.0
09/10/2023 15:00,0.0
09/10/2023 15:30,0.0
09/10/2023 16:00,0.0
09/10/2023 16:30,0.0
09/10/2023 17:00,0.0
09/10/2023 17:30,0.0
09/10/2023 18:00,0.0
09/10/2023 18:30,0.0
09/10/2023 19:00,0.0
09/10/2023 19:30,0.0
09/10/2023 20:00,0.0
09/10/2023 20:30,0.0
09/10/2023 21:00,0.0
09/10/2023 21:30,0.0
09/10/2023 22:00,0.0
09/10/2023 22:30,0.0
09/10/2023 23:00,0.0
09/10/2023 23:30,0.0
09/11/2023 00:00,0.0
09/11/2023 00:30,0.0
09/11/2023 01:00,0.0
09/11/2023 01:30,0.0
09/11/2023 02:00,0.0
09/11/2023 02:30,0.0
09/11/2023 03:00,0.0
09/11/2023 03:30,0.0
09/11/2023 04:00,0.0
09/11/2023 04:30,0.0
09/11/2023 05:00,0.0
09/11/2023 05:30,0.0
09/11/2023 06:00,0.0
09/11/2023 06:30,0.0
09/11/2023 07:00,0.0
09/11/2023 07:30,0.0
09/11/2023 08:00,0.0
09/11/2023 08:30,0.0
09/11/2023 09:00,0.0
09/11/2023 09:30,0.0
09/11/2023 10:00,0.0
09/11/2023 10:30,0.0
09/11/2023 11:00,0.0
09/11/2023 11:30,0.0
09/11/2023 12:00,0.0
09/11/2023 12:30,0.0
09/11/2023 13:00,0.0
09/11/2023 13:30,0.0
09/11/2023 14:00,0.0
09/11/2023 14:30,0.0
09/11/2023 15:00,0.0
09/11/2023 15:30,0.0
09/11/2023 16:00,0.0
09/11/2023 16:30,0.0
09/11/2023 17:00,0.0
09/11/2023 17:30,0.0
09/11/2023 18:00,0.0
09/11/2023 18:30,0.0
09/11/2023 19:00,0.0
09/11/2023 19:30,0.0
09/11/2023 20:00,0.0
09/11/2023 20:30,0.0
09/11/2023 21:00,0.0
09/11/2023 21:30,0.0
09/11/2023 22:00,0.0
09/11/2023 22:30,0.0
09/11/2023 23:00,0.0
09/11/2023 23:30,0.0
09/12/2023 00:00,0.0
09/12/2023 00:30,0.0
09/12/2023 01:00,0.0
09/12/2023 01:30,0.0
09/12/2023 02:00,0.0
09/12/2023 02:30,0.0
09/12/2023 03:00,0.0
09/12/2023 03:30,0.0
09/12/2023 04:00,0.0
09/12/2023 04:30,0.0
09/12/2023 05:00,0.0
09/12/2023 05:30,0.0
09/12/2023 06:00,0.0
09/12/2023 06:30,0.0
09/12/2023 07:00,0.0
09/12/2023 07:30,0.0
09/12/2023 08:00,0.0
09/12/2023 08:30,0.0
09/12/2023 09:00,0.0
09/12/2023 09:30,0.0
09/12/2023 10:00,0.0
09/12/2023 10:30,0.0
09/12/2023 11:00,0.0
09/12/2023 11:30,0.0
09/12/2023 12:00,0.0
09/12/2023 12:30,0.0
09/12/2023 13:00,0.0
09/12/2023 13:30,0.0
09/12/2023 14:00,0.0
09/12/2023 14:30,0.0
09/12/2023 15:00,0.0
09/12/2023 15:30,0.0
09/12/2023 16:00,0.0
09/12/2023 16:30,0.0
09/12/2023 17:00,0.0
09/12/2023 17:30,0.0
09/12/2023 18:00,0.0
09/12/2023 18:30,0.0
09/12/2023 19:00,0.0
09/12/2023 19:30,0.0
09/12/2023 20:00,0.0
09/12/2023 20:30,0.0
09/12/2023 21:00,0.0
09/12/2023 21:30,0.0
09/12/2023 22:00,0.0
09/12/2023 22:30,0.0
09/12/2023 23:00,0.0
09/12/2023 23:30,0.0
09/13/2023 00:00,0.0
09/13/2023 00:30,0.0
09/13/2023 01:00,0.0
09/13/2023 01:30,0.0
09/13/2023 02:00,0.0
09/13/2023 02:30,0.0
09/13/2023 03:00,0.0
09/13/2023 03:30,0.0
09/13/2023 04:00,0.0
09/13/2023 04:30,0.0
09/13/2023 05:00,0.0
09/13/2023 05:30,0.0
09/13/2023 06:00,0.0
09/13/2023 06:30,0.0
09/13/2023 07:00,0.0
09/13/2023 07:30,0.0
09/13/2023 08:00,0.0
09/13/2023 08:30,0.0
09/13/2023 09:00,0.0
09/13/2023 09:30,0.0
09/13/2023 10:00,0.0
09/13/2023 10:30,0.0
09/13/2023 11:00,0.0
09/13/2023 11:30,0.0
09/13/2023 12:00,0.0
09/13/2023 12:30,0.0
09/13/2023 13:00,0.0
09/13/2023 13:30,0.0
09/13/2023 14:00,0.0
09/13/2023 14:30,0.0
09/13/2023 15:00,0.0
09/13/2023 15:30,0.0
09/13/2023 16:00,0.0
09/13/2023 16:30,0.0
09/13/2023 17:00,0.0
09/13/2023 17:30,0.0
09/13/2023 18:00,0.0
09/13/2023 18:30,0.0
09/13/2023 19:00,0.0
09/13/2023 19:30,0.0
09/13/2023 20:00,0.0
09/13/2023 20:30,0.0
09/13/2023 21:00,0.0
09/13/2023 21:30,0.0
09/13/2023 22:00,0.0
09/13/2023 22:30,0.0
09/13/2023 23:00,0.0
09/13/2023 23:30,0.0
09/14/2023 00:00,0.0
09/14/2023 00:00,0.0
09/14/2023 00:30,0.0
09/14/2023 00:30,0.0
09/14/2023 01:00,0.0
09/14/2023 01:00,0.0
09/14/2023 01:30,0.0
09/14/2023 01:30,0.0
09/14/2023 02:00,0.0
09/14/2023 02:00,0.0
09/14/2023 02:30,0.0
09/14/2023 02:30,0.0
09/14/2023 03:00,0.0
09/14/2023 03:00,0.0
09/14/2023 03:30,0.0
09/14/2023 03:30,0.0
09/14/2023 04:00,0.0
09/14/2023 04:00,0.0
09/14/2023 04:30,0.0
09/14/2023 04:30,0.0
09/14/2023 05:00,0.0
09/14/2023 05:00,0.0
09/14/2023 05:30,0.0
09/14/2023 05:30,0.0
09/14/2023 06:00,0.0
09/14/2023 06:00,0.0
09/14/2023 06:30,0.0
09/14/2023 06:30,0.0
09/14/2023 07:00,0.0
09/14/2023 07:00,0.0
09/14/2023 07:30,0.0
09/14/2023 07:30,0.0
09/14/2023 08:00,0.0
09/14/2023 08:00,0.0
09/14/2023 08:30,0.0
09/14/2023 08:30,0.0
09/14/2023 09:00,0.0
09/14/2023 09:00,0.0
09/14/2023 09:30,0.0
09/14/2023 09:30,0.0
09/14/2023 10:00,0.0
09/14/2023 10:00,0.0
09/14/2023 10:30,0.0
09/14/2023 10:30,0.0
09/14/2023 11:00,0.0
09/14/2023 11:00,0.0
09/14/2023 11:30,0.0
09/14/2023 11:30,0.0
09/14/2023 12:00,0.0
09/14/2023 12:00,0.0
09/14/2023 12:30,0.0
09/14/2023 12:30,0.0
09/14/2023 13:00,0.0
09/14/2023 13:00,0.0
09/14/2023 13:30,0.0
09/14/2023 13:30,0.0
09/14/2023 14:00,0.0
09/14/2023 14:00,0.0
09/14/2023 14:30,0.0
09/14/2023 14:30,0.0
09/14/2023 15:00,0.0
09/14/2023 15:00,0.0
09/14/2023 15:30,0.0
09/14/2023 15:30,0.0
09/14/2023 16:00,0.0
09/14/2023 16:00,0.0
09/14/2023 16:30,0.0
09/14/2023 16:30,0.0
09/14/2023 17:00,0.0
09/14/2023 17:00,0.0
09/14/2023 17:30,0.0
09/14/2023 17:30,0.0
09/14/2023 18:00,0.0
09/14/2023 18:00,0.0
09/14/2023 18:30,0.0
09/14/2023 18:30,0.0
09/14/2023 19:00,0.0
09/14/2023 19:00,0.0
09/14/2023 19:30,0.0
09/14/2023 19:30,0.0
09/14/2023 20:00,0.0
09/14/2023 20:00,0.0
09/14/2023 20:30,0.0
09/14/2023 20:30,0.0
09/14/2023 21:00,0.0
09/14/2023 21:00,0.0
09/14/2023 21:30,0.0
09/14/2023 21:30,0.0
09/14/2023 22:00,0.0
09/14/2023 22:00,0.0
09/14/2023 22:30,0.0
09/14/2023 22:30,0.0
09/14/2023 23:00,0.0
09/14/2023 23:00,0.0
09/14/2023 23:30,0.0
09/14/2023 23:30,0.0
09/15/2023 00:00,0.0
09/15/2023 00:30,0.0
09/15/2023 01:00,0.0
09/15/2023 01:30,0.0
09/15/2023 02:00,0.0
09/15/2023 02:30,0.0
09/15/2023 03:00,0.0
09/15/2023 03:30,0.0
09/15/2023 04:00,0.0
09/15/2023 04:30,0.0
09/15/2023 05:00,0.0
09/15/2023 05:30,0.0
09/15/2023 06:00,0.0
09/15/2023 06:30,0.0
09/15/2023 07:00,0.0
09/15/2023 07:30,0.0
09/15/2023 08:00,0.0
09/15/2023 08:30,0.0
09/15/2023 09:00,0.0
09/15/2023 09:30,0.0
09/15/2023 10:00,0.0
09/15/2023 10:30,0.0
09/15/2023 11:00,0.0
09/15/2023 11:30,0.0
09/15/2023 12:00,0.0
09/15/2023 12:30,0.0
09/15/2023 13:00,0.0
09/15/2023 13:30,0.0
09/15/2023 14:00,0.0
09/15/2023 14:30,0.0
09/15/2023 15:00,0.0
09/15/2023 15:30,0.0
09/15/2023 16:00,0.0
09/15/2023 16:30,0.0
09/15/2023 17:00,0.0
09/15/2023 17:30,0.0
09/15/2023 18:00,0.0
09/15/2023 18:30,0.0
09/15/2023 19:00,0.0
09/15/2023 19:30,0.0
09/15/2023 20:00,0.0
09/15/2023 20:30,0.0
09/15/2023 21:00,0.0
09/15/2023 21:30,0.0
09/15/2023 22:00,0.0
09/15/2023 22:30,0.0
09/15/2023 23:00,0.0
09/15/2023 23:30,0.0
09/16/2023 00:00,0.0
09/16/2023 00:00,0.0
09/16/2023 00:30,0.0
09/16/2023 00:30,0.0
09/16/2023 01:00,0.0
09/16/2023 01:00,0.0
09/16/2023 01:30,0.0
09/16/2023 01:30,0.0
09/16/2023 02:00,0.0
09/16/2023 02:00,0.0
09/16/2023 02:30,0.0
09/16/2023 02:30,0.0
09/16/2023 03:00,0.0
09/16/2023 03:00,0.0
09/16/2023 03:30,0.0
09/16/2023 03:30,0.0
09/16/2023 04:00,0.0
09/16/2023 04:00,0.0
09/16/2023 04:30,0.0
09/16/2023 04:30,0.0
09/16/2023 05:00,0.0
09/16/2023 05:00,0.0
09/16/2023 05:30,0.0
09/16/2023 05:30,0.0
09/16/2023 06:00,0.0
09/16/2023 06:00,0.0
09/16/2023 06:30,0.0
09/16/2023 06:30,0.0
09/16/2023 07:00,0.0
09/16/2023 07:00,0.0
09/16/2023 07:30,0.0
09/16/2023 07:30,0.0
09/16/2023 08:00,0.0
09/16/2023 08:00,0.0
09/16/2023 08:30,0.0
09/16/2023 08:30,0.0
09/16/2023 09:00,0.0
09/16/2023 09:00,0.0
09/16/2023 09:30,0.0
09/16/2023 09:30,0.0
09/16/2023 10:00,0.0
09/16/2023 10:00,0.0
09/16/2023 10:30,0.0
09/16/2023 10:30,0.0
09/16/2023 11:00,0.0
09/16/2023 11:00,0.0
09/16/2023 11:30,0.0
09/16/2023 11:30,0.0
09/16/2023 12:00,0.0
09/16/2023 12:00,0.0
09/16/2023 12:30,0.0
09/16/2023 12:30,0.0
09/16/2023 13:00,0.0
09/16/2023 13:00,0.0
09/16/2023 13:30,0.0
09/16/2023 13:30,0.0
09/16/2023 14:00,0.0
09/16/2023 14:00,0.0
09/16/2023 14:30,0.0
09/16/2023 14:30,0.0
09/16/2023 15:00,0.0
09/16/2023 15:00,0.0
09/16/2023 15:30,0.0
09/16/2023 15:30,0.0
09/16/2023 16:00,0.0
09/16/2023 16:00,0.0
09/16/2023 16:30,0.0
09/16/2023 16:30,0.0
09/16/2023 17:00,0.0
09/16/2023 17:00,0.0
09/16/2023 17:30,0.0
09/16/2023 17:30,0.0
09/16/2023 18:00,0.0
09/16/2023 18:00,0.0
09/16/2023 18:30,0.0
09/16/2023 18:30,0.0
09/16/2023 19:00,0.0
09/16/2023 19:00,0.0
09/16/2023 19:30,0.0
09/16/2023 19:30,0.0
09/16/2023 20:00,0.0
09/16/2023 20:00,0.0
09/16/2023 20:30,0.0
09/16/2023 20:30,0.0
09/16/2023 21:00,0.0
09/16/2023 21:00,0.0
09/16/2023 21:30,0.0
09/16/2023 21:30,0.0
09/16/2023 22:00,0.0
09/16/2023 22:00,0.0
09/16/2023 22:30,0.0
09/16/2023 22:30,0.0
09/16/2023 23:00,0.0
09/16/2023 23:00,0.0
09/16/2023 23:30,0.0
09/16/2023 23:30,0.0
09/17/2023 00:00,0.0
09/17/2023 00:30,0.0
09/17/2023 01:00,0.0
09/17/2023 01:30,0.0
09/17/2023 02:00,0.0
09/17/2023 02:30,0.0
09/17/2023 03:00,0.0
09/17/2023 03:30,0.0
09/17/2023 04:00,0.0
09/17/2023 04:30,0.0
09/17/2023 05:00,0.0
09/17/2023 05:30,0.0
09/17/2023 06:00,0.0
09/17/2023 06:30,0.0
09/17/2023 07:00,0.0
09/17/2023 07:30,0.0
09/17/2023 08:00,0.0
09/17/2023 08:30,0.0
09/17/2023 09:00,0.0
09/17/2023 09:30,0.0
09/17/2023 10:00,0.0
09/17/2023 10:30,0.0
09/17/2023 11:00,0.0
09/17/2023 11:30,0.0
09/17/2023 12:00,0.0
09/17/2023 12:30,0.0
09/17/2023 13:00,0.0
09/17/2023 13:30,0.0
09/17/2023 14:00,0.0
09/17/2023 14:30,0.0
09/17/2023 15:00,0.0
09/17/2023 15:30,0.0
09/17/2023 16:00,0.0
09/17/2023 16:30,0.0
09/17/2023 17:00,0.0
09/17/2023 17:30,0.0
09/17/2023 18:00,0.0
09/17/2023 18:30,0.0
09/17/2023 19:00,0.0
09/17/2023 19:30,0.0
09/17/2023 20:00,0.0
09/17/2023 20:30,0.0
09/17/2023 21:00,0.0
09/17/2023 21:30,0.0
09/17/2023 22:00,0.0
09/17/2023 22:30,0.0
09/17/2023 23:00,0.0
09/17/2023 23:30,0.0
09/18/2023 00:00,0.0
09/18/2023 00:30,0.0
09/18/2023 01:00,0.0
09/18/2023 01:30,0.0
09/18/2023 02:00,0.0
09/18/2023 02:30,0.0
09/18/2023 03:00,0.0
09/18/2023 03:30,0.0
09/18/2023 04:00,0.0
09/18/2023 04:30,0.0
09/18/2023 05:00,0.0
09/18/2023 05:30,0.0
09/18/2023 06:00,0.0
09/18/2023 06:30,0.0
09/18/2023 07:00,0.0
09/18/2023 07:30,0.0
09/18/2023 08:00,0.0
09/18/2023 08:30,0.0
09/18/2023 09:00,0.0
09/18/2023 09:30,0.0
09/18/2023 10:00,0.0
09/18/2023 10:30,0.0
09/18/2023 11:00,0.0
09/18/2023 11:30,0.0
09/18/2023 12:00,0.0
09/18/2023 12:30,0.0
09/18/2023 13:00,0.0
09/18/2023 13:30,0.0
09/18/2023 14:00,0.0
09/18/2023 14:30,0.0
09/18/2023 15:00,0.0
09/18/2023 15:30,0.0
09/18/2023 16:00,0.0
09/18/2023 16:30,0.0
09/18/2023 17:00,0.0
09/18/2023 17:30,0.0
09/18/2023 18:00,0.0
09/18/2023 18:30,0.0
09/18/2023 19:00,0.0
09/18/2023 19:30,0.0
09/18/2023 20:00,0.0
09/18/2023 20:30,0.0
09/18/2023 21:00,0.0
09/18/2023 21:30,0.0
09/18/2023 22:00,0.0
09/18/2023 22:30,0.0
09/18/2023 23:00,0.0
09/18/2023 23:30,0.0
09/19/2023 00:00,0.0
09/19/2023 00:30,0.0
09/19/2023 01:00,0.0
09/19/2023 01:30,0.0
09/19/2023 02:00,0.0
09/19/2023 02:30,0.0
09/19/2023 03:00,0.0
09/19/2023 03:30,0.0
09/19/2023 04:00,0.0
09/19/2023 04:30,0.0
09/19/2023 05:00,0.0
09/19/2023 05:30,0.0
09/19/2023 06:00,0.0
09/19/2023 06:30,0.0
09/19/2023 07:00,0.0
09/19/2023 07:30,0.0
09/19/2023 08:00,0.0
09/19/2023 08:30,0.0
09/19/2023 09:00,0.0
09/19/2023 09:30,0.0
09/19/2023 10:00,0.0
09/19/2023 10:30,0.0
09/19/2023 11:00,0.0
09/19/2023 11:30,0.0
09/19/2023 12:00,0.0
09/19/2023 12:30,0.0
09/19/2023 13:00,0.0
09/19/2023 13:30,0.0
09/19/2023 14:00,0.0
09/19/2023 14:30,0.0
09/19/2023 15:00,0.0
09/19/2023 15:30,0.0
09/19/2023 16:00,0.0
09/19/2023 16:30,0.0
09/19/2023 17:00,0.0
09/19/2023 17:30,0.0
09/19/2023 18:00,0.0
09/19/2023 18:30,0.0
09/19/2023 19:00,0.0
09/19/2023 19:30,0.0
09/19/2023 20:00,0.0
09/19/2023 20:30,0.0
09/19/2023 21:00,0.0
09/19/2023 21:30,0.0
09/19/2023 22:00,0.0
09/19/2023 22:30,0.0
09/19/2023 23:00,0.0
09/19/2023 23:30,0.0
09/20/2023 00:00,0.0
09/20/2023 00:30,0.0
09/20/2023 01:00,0.0
09/20/2023 01:30,0.0
09/20/2023 02:00,0.0
09/20/2023 02:30,0.0
09/20/2023 03:00,0.0
09/20/2023 03:30,0.0
09/20/2023 04:00,0.0
09/20/2023 04:30,0.0
09/20/2023 05:00,0.0
09/20/2023 05:30,0.0
09/20/2023 06:00,0.0
09/20/2023 06:30,0.0
09/20/2023 07:00,0.0
09/20/2023 07:30,0.0
09/20/2023 08:00,0.0
09/20/2023 08:30,0.0
09/20/2023 09:00,0.0
09/20/2023 09:30,0.0
09/20/2023 10:00,0.0
09/20/2023 10:30,0.0
09/20/2023 11:00,0.0
09/20/2023 11:30,0.0
09/20/2023 12:00,0.0
09/20/2023 12:30,0.0
09/20/2023 13:00,0.0
09/20/2023 13:30,0.0
09/20/2023 14:00,0.0
09/20/2023 14:30,0.0
09/20/2023 15:00,0.0
09/20/2023 15:30,0.0
09/20/2023 16:00,0.0
09/20/2023 16:30,0.0
09/20/2023 17:00,0.0
09/20/2023 17:30,0.0
09/20/2023 18:00,0.0
09/20/2023 18:30,0.0
09/20/2023 19:00,0.0
09/20/2023 19:30,0.0
09/20/2023 20:00,0.0
09/20/2023 20:30,0.0
09/20/2023 21:00,0.0
09/20/2023 21:30,0.0
09/20/2023 22:00,0.0
09/20/2023 22:30,0.0
09/20/2023 23:00,0.0
09/20/2023 23:30,0.0
09/21/2023 00:00,0.0
09/21/2023 00:30,0.0
09/21/2023 01:00,0.0
09/21/2023 01:30,0.0
09/21/2023 02:00,0.0
09/21/2023 02:30,0.0
09/21/2023 03:00,0.0
09/21/2023 03:30,0.0
09/21/2023 04:00,0.0
09/21/2023 04:30,0.0
09/21/2023 05:00,0.0
09/21/2023 05:30,0.0
09/21/2023 06:00,0.0
09/21/2023 06:30,0.0
09/21/2023 07:00,0.0
09/21/2023 07:30,0.0
09/21/2023 08:00,0.0
09/21/2023 08:30,0.0
09/21/2023 09:00,0.0
09/21/2023 09:30,0.0
09/21/2023 10:00,0.0
09/21/2023 10:30,0.0
09/21/2023 11:00,0.0
09/21/2023 11:30,0.0
09/21/2023 12:00,0.0
09/21/2023 12:30,0.0
09/21/2023 13:00,0.0
09/21/2023 13:30,0.0
09/21/2023 14:00,0.0
09/21/2023 14:30,0.0
09/21/2023 15:00,0.0
09/21/2023 15:30,0.0
09/21/2023 16:00,0.0
09/21/2023 16:30,0.0
09/21/2023 17:00,0.0
09/21/2023 17:30,0.0
09/21/2023 18:00,0.0
09/21/2023 18:30,0.0
09/21/2023 19:00,0.0
09/21/2023 19:30,0.0
09/21/2023 20:00,0.0
09/21/2023 20:30,0.0
09/21/2023 21:00,0.0
09/21/2023 21:30,0.0
09/21/2023 22:00,0.0
09/21/2023 22:30,0.0
09/21/2023 23:00,0.0
09/21/2023 23:30,0.0
09/22/2023 00:00,0.0
09/22/2023 00:00,0.0
09/22/2023 00:30,0.0
09/22/2023 00:30,0.0
09/22/2023 01:00,0.0
09/22/2023 01:00,0.0
09/22/2023 01:30,0.0
09/22/2023 01:30,0.0
09/22/2023 02:00,0.0
09/22/2023 02:00,0.0
09/22/2023 02:30,0.0
09/22/2023 02:30,0.0
09/22/2023 03:00,0.0
09/22/2023 03:00,0.0
09/22/2023 03:30,0.0
09/22/2023 03:30,0.0
09/22/2023 04:00,0.0
09/22/2023 04:00,0.0
09/22/2023 04:30,0.0
09/22/2023 04:30,0.0
09/22/2023 05:00,0.0
09/22/2023 05:00,0.0
09/22/2023 05:30,0.0
09/22/2023 05:30,0.0
09/22/2023 06:00,0.0
09/22/2023 06:00,0.0
09/22/2023 06:30,0.0
09/22/2023 06:30,0.0
09/22/2023 07:00,0.0
09/22/2023 07:00,0.0
09/22/2023 07:30,0.0
09/22/2023 07:30,0.0
09/22/2023 08:00,0.0
09/22/2023 08:00,0.0
09/22/2023 08:30,0.0
09/22/2023 08:30,0.0
09/22/2023 09:00,0.0
09/22/2023 09:00,0.0
09/22/2023 09:30,0.0
09/22/2023 09:30,0.0
09/22/2023 10:00,0.0
09/22/2023 10:00,0.0
09/22/2023 10:30,0.0
09/22/2023 10:30,0.0
09/22/2023 11:00,0.0
09/22/2023 11:00,0.0
09/22/2023 11:30,0.0
09/22/2023 11:30,0.0
09/22/2023 12:00,0.0
09/22/2023 12:00,0.0
09/22/2023 12:30,0.0
09/22/2023 12:30,0.0
09/22/2023 13:00,0.0
09/22/2023 13:00,0.0
09/22/2023 13:30,0.0
09/22/2023 13:30,0.0
09/22/2023 14:00,0.0
09/22/2023 14:00,0.0
09/22/2023 14:30,0.0
09/22/2023 14:30,0.0
09/22/2023 15:00,0.0
09/22/2023 15:00,0.0
09/22/2023 15:30,0.0
09/22/2023 15:30,0.0
09/22/2023 16:00,0.0
09/22/2023 16:00,0.0
09/22/2023 16:30,0.0
09/22/2023 16:30,0.0
09/22/2023 17:00,0.0
09/22/2023 17:00,0.0
09/22/2023 17:30,0.0
09/22/2023 17:30,0.0
09/22/2023 18:00,0.0
09/22/2023 18:00,0.0
09/22/2023 18:30,0.0
09/22/2023 18:30,0.0
09/22/2023 19:00,0.0
09/22/2023 19:00,0.0
09/22/2023 19:30,0.0
09/22/2023 19:30,0.0
09/22/2023 20:00,0.0
09/22/2023 20:00,0.0
09/22/2023 20:30,0.0
09/22/2023 20:30,0.0
09/22/2023 21:00,0.0
09/22/2023 21:00,0.0
09/22/2023 21:30,0.0
09/22/2023 21:30,0.0
09/22/2023 22:00,0.0
09/22/2023 22:00,0.0
09/22/2023 22:30,0.0
09/22/2023 22:30,0.0
09/22/2023 23:00,0.0
09/22/2023 23:00,0.0
09/22/2023 23:30,0.0
09/22/2023 23:30,0.0
09/23/2023 00:00,0.0
09/23/2023 00:30,0.0
09/23/2023 01:00,0.0
09/23/2023 01:30,0.0
09/23/2023 02:00,0.0
09/23/2023 02:30,0.0
09/23/2023 03:00,0.0
09/23/2023 03:30,0.0
09/23/2023 04:00,0.0
09/23/2023 04:30,0.0
09/23/2023 05:00,0.0
09/23/2023 05:30,0.0
09/23/2023 06:00,0.0
09/23/2023 06:30,0.0
09/23/2023 07:00,0.0
09/23/2023 07:30,0.0
09/23/2023 08:00,0.0
09/23/2023 08:30,0.0
09/23/2023 09:00,0.0
09/23/2023 09:30,0.0
09/23/2023 10:00,0.0
09/23/2023 10:30,0.0
09/23/2023 11:00,0.0
09/23/2023 11:30,0.0
09/23/2023 12:00,0.0
09/23/2023 12:30,0.0
09/23/2023 13:00,0.0
09/23/2023 13:30,0.0
09/23/2023 14:00,0.0
09/23/2023 14:30,0.0
09/23/2023 15:00,0.0
09/23/2023 15:30,0.0
09/23/2023 16:00,0.0
09/23/2023 16:30,0.0
09/23/2023 17:00,0.0
09/23/2023 17:30,0.0
09/23/2023 18:00,0.0
09/23/2023 18:30,0.0
09/23/2023 19:00,0.0
09/23/2023 19:30,0.0
09/23/2023 20:00,0.0
09/23/2023 20:30,0.0
09/23/2023 21:00,0.0
09/23/2023 21:30,0.0
09/23/2023 22:00,0.0
09/23/2023 22:30,0.0
09/23/2023 23:00,0.0
09/23/2023 23:30,0.0
09/24/2023 00:00,0.0
09/24/2023 00:30,0.0
09/24/2023 01:00,0.0
09/24/2023 01:30,0.0
09/24/2023 02:00,0.0
09/24/2023 02:30,0.0
09/24/2023 03:00,0.0
09/24/2023 03:30,0.0
09/24/2023 04:00,0.0
09/24/2023 04:30,0.0
09/24/2023 05:00,0.0
09/24/2023 05:30,0.0
09/24/2023 06:00,0.0
09/24/2023 06:30,0.0
09/24/2023 07:00,0.0
09/24/2023 07:30,0.0
09/24/2023 08:00,0.0
09/24/2023 08:30,0.0
09/24/2023 09:00,0.0
09/24/2023 09:30,0.0
09/24/2023 10:00,0.0
09/24/2023 10:30,0.0
09/24/2023 11:00,0.0
09/24/2023 11:30,0.0
09/24/2023 12:00,0.0
09/24/2023 12:30,0.0
09/24/2023 13:00,0.0
09/24/2023 13:30,0.0
09/24/2023 14:00,0.0
09/24/2023 14:30,0.0
09/24/2023 15:00,0.0
09/24/2023 15:30,0.0
09/24/2023 16:00,0.0
09/24/2023 16:30,0.0
09/24/2023 17:00,0.0
09/24/2023 17:30,0.0
09/24/2023 18:00,0.0
09/24/2023 18:30,0.0
09/24/2023 19:00,0.0
09/24/2023 19:30,0.0
09/24/2023 20:00,0.0
09/24/2023 20:30,0.0
09/24/2023 21:00,0.0
09/24/2023 21:30,0.0
09/24/2023 22:00,0.0
09/24/2023 22:30,0.0
09/24/2023 23:00,0.0
09/24/2023 23:30,0.0
09/25/2023 00:00,0.0
09/25/2023 00:30,0.0
09/25/2023 01:00,0.0
09/25/2023 01:30,0.0
09/25/2023 02:00,0.0
09/25/2023 02:30,0.0
09/25/2023 03:00,0.0
09/25/2023 03:30,0.0
09/25/2023 04:00,0.0
09/25/2023 04:30,0.0
09/25/2023 05:00,0.0
09/25/2023 05:30,0.0
09/25/2023 06:00,0.0
09/25/2023 06:30,0.0
09/25/2023 07:00,0.0
09/25/2023 07:30,0.0
09/25/2023 08:00,0.0
09/25/2023 08:30,0.0
09/25/2023 09:00,0.0
09/25/2023 09:30,0.0
09/25/2023 10:00,0.0
09/25/2023 10:30,0.0
09/25/2023 11:00,0.0
09/25/2023 11:30,0.0
09/25/2023 12:00,0.0
09/25/2023 12:30,0.0
09/25/2023 13:00,0.0
09/25/2023 13:30,0.0
09/25/2023 14:00,0.0
09/25/2023 14:30,0.0
09/25/2023 15:00,0.0
09/25/2023 15:30,0.0
09/25/2023 16:00,0.0
09/25/2023 16:30,0.0
09/25/2023 17:00,0.0
09/25/2023 17:30,0.0
09/25/2023 18:00,0.0
09/25/2023 18:30,0.0
09/25/2023 19:00,0.0
09/25/2023 19:30,0.0
09/25/2023 20:00,0.0
09/25/2023 20:30,0.0
09/25/2023 21:00,0.0
09/25/2023 21:30,0.0
09/25/2023 22:00,0.0
09/25/2023 22:30,0.0
09/25/2023 23:00,0.0
09/25/2023 23:30,0.0
09/26/2023 00:00,0.0
09/26/2023 00:30,0.0
09/26/2023 01:00,0.0
09/26/2023 01:30,0.0
09/26/2023 02:00,0.0
09/26/2023 02:30,0.0
09/26/2023 03:00,0.0
09/26/2023 03:30,0.0
09/26/2023 04:00,0.0
09/26/2023 04:30,0.0
09/26/2023 05:00,0.0
09/26/2023 05:30,0.0
09/26/2023 06:00,0.0
09/26/2023 06:30,0.0
09/26/2023 07:00,0.0
09/26/2023 07:30,0.0
09/26/2023 08:00,0.0
09/26/2023 08:30,0.0
09/26/2023 09:00,0.0
09/26/2023 09:30,0.0
09/26/2023 10:00,0.0
09/26/2023 10:30,0.0
09/26/2023 11:00,0.0
09/26/2023 11:30,0.0
09/26/2023 12:00,0.0
09/26/2023 12:30,0.0
09/26/2023 13:00,0.0
09/26/2023 13:30,0.0
09/26/2023 14:00,0.0
09/26/2023 14:30,0.0
09/26/2023 15:00,0.0
09/26/2023 15:30,0.0
09/26/2023 16:00,0.0
09/26/2023 16:30,0.0
09/26/2023 17:00,0.0
09/26/2023 17:30,0.0
09/26/2023 18:00,0.0
09/26/2023 18:30,0.0
09/26/2023 19:00,0.0
09/26/2023 19:30,0.0
09/26/2023 20:00,0.0
09/26/2023 20:30,0.0
09/26/2023 21:00,0.0
09/26/2023 21:30,0.0
09/26/2023 22:00,0.0
09/26/2023 22:30,0.0
09/26/2023 23:00,0.0
09/26/2023 23:30,0.0
09/27/2023 00:00,0.0
09/27/2023 00:30,0.0
09/27/2023 01:00,0.0
09/27/2023 01:30,0.0
09/27/2023 02:00,0.0
09/27/2023 02:30,0.0
09/27/2023 03:00,0.0
09/27/2023 03:30,0.0
09/27/2023 04:00,0.0
09/27/2023 04:30,0.0
09/27/2023 05:00,0.0
09/27/2023 05:30,0.0
09/27/2023 06:00,0.0
09/27/2023 06:30,0.0
09/27/2023 07:00,0.0
09/27/2023 07:30,0.0
09/27/2023 08:00,0.0
09/27/2023 08:30,0.0
09/27/2023 09:00,0.0
09/27/2023 09:30,0.0
09/27/2023 10:00,0.0
09/27/2023 10:30,0.0
09/27/2023 11:00,0.0
09/27/2023 11:30,0.0
09/27/2023 12:00,0.0
09/27/2023 12:30,0.0
09/27/2023 13:00,0.0
09/27/2023 13:30,0.0
09/27/2023 14:00,0.0
09/27/2023 14:30,0.0
09/27/2023 15:00,0.0
09/27/2023 15:30,0.0
09/27/2023 16:00,0.0
09/27/2023 16:30,0.0
09/27/2023 17:00,0.0
09/27/2023 17:30,0.0
09/27/2023 18:00,0.0
09/27/2023 18:30,0.0
09/27/2023 19:00,0.0
09/27/2023 19:30,0.0
09/27/2023 20:00,0.0
09/27/2023 20:30,0.0
09/27/2023 21:00,0.0
09/27/2023 21:30,0.0
09/27/2023 22:00,0.0
09/27/2023 22:30,0.0
09/27/2023 23:00,0.0
09/27/2023 23:30,0.0
09/28/2023 00:00,0.0
09/28/2023 00:00,0.0
09/28/2023 00:30,0.0
09/28/2023 00:30,0.0
09/28/2023 01:00,0.0
09/28/2023 01:00,0.0
09/28/2023 01:30,0.0
09/28/2023 01:30,0.0
09/28/2023 02:00,0.0
09/28/2023 02:00,0.0
09/28/2023 02:30,0.0
09/28/2023 02:30,0.0
09/28/2023 03:00,0.0
09/28/2023 03:00,0.0
09/28/2023 03:30,0.0
09/28/2023 03:30,0.0
09/28/2023 04:00,0.0
09/28/2023 04:00,0.0
09/28/2023 04:30,0.0
09/28/2023 04:30,0.0
09/28/2023 05:00,0.0
09/28/2023 05:00,0.0
09/28/2023 05:30,0.0
09/28/2023 05:30,0.0
09/28/2023 06:00,0.0
09/28/2023 06:00,0.0
09/28/2023 06:30,0.0
09/28/2023 06:30,0.0
09/28/2023 07:00,0.0
09/28/2023 07:00,0.0
09/28/2023 07:30,0.0
09/28/2023 07:30,0.0
09/28/2023 08:00,0.0
09/28/2023 08:00,0.0
09/28/2023 08:30,0.0
09/28/2023 08:30,0.0
09/28/2023 09:00,0.0
09/28/2023 09:00,0.0
09/28/2023 09:30,0.0
09/28/2023 09:30,0.0
09/28/2023 10:00,0.0
09/28/2023 10:00,0.0
09/28/2023 10:30,0.0
09/28/2023 10:30,0.0
09/28/2023 11:00,0.0
09/28/2023 11:00,0.0
09/28/2023 11:30,0.0
09/28/2023 11:30,0.0
09/28/2023 12:00,0.0
09/28/2023 12:00,0.0
09/28/2023 12:30,0.0
09/28/2023 12:30,0.0
09/28/2023 13:00,0.0
09/28/2023 13:00,0.0
09/28/2023 13:30,0.0
09/28/2023 13:30,0.0
09/28/2023 14:00,0.0
09/28/2023 14:00,0.0
09/28/2023 14:30,0.0
09/28/2023 14:30,0.0
09/28/2023 15:00,0.0
09/28/2023 15:00,0.0
09/28/2023 15:30,0.0
09/28/2023 15:30,0.0
09/28/2023 16:00,0.0
09/28/2023 16:00,0.0
09/28/2023 16:30,0.0
09/28/2023 16:30,0.0
09/28/2023 17:00,0.0
09/28/2023 17:00,0.0
09/28/2023 17:30,0.0
09/28/2023 17:30,0.0
09/28/2023 18:00,0.0
09/28/2023 18:00,0.0
09/28/2023 18:30,0.0
09/28/2023 18:30,0.0
09/28/2023 19:00,0.0
09/28/2023 19:00,0.0
09/28/2023 19:30,0.0
09/28/2023 19:30,0.0
09/28/2023 20:00,0.0
09/28/2023 20:00,0.0
09/28/2023 20:30,0.0
09/28/2023 20:30,0.0
09/28/2023 21:00,0.0
09/28/2023 21:00,0.0
09/28/2023 21:30,0.0
09/28/2023 21:30,0.0
09/28/2023 22:00,0.0
09/28/2023 22:00,0.0
09/28/2023 22:30,0.0
09/28/2023 22:30,0.0
09/28/2023 23:00,0.0
09/28/2023 23:00,0.0
09/28/2023 23:30,0.0
09/28/2023 23:30,0.0
09/29/2023 00:00,0.0
09/29/2023 00:30,0.0
09/29/2023 01:00,0.0
09/29/2023 01:30,0.0
09/29/2023 02:00,0.0
09/29/2023 02:30,0.0
09/29/2023 03:00,0.0
09/29/2023 03:30,0.0
09/29/2023 04:00,0.0
09/29/2023 04:30,0.0
09/29/2023 05:00,0.0
09/29/2023 05:30,0.0
09/29/2023 06:00,0.0
09/29/2023 06:30,0.0
09/29/2023 07:00,0.0
09/29/2023 07:30,0.0
09/29/2023 08:00,0.0
09/29/2023 08:30,0.0
09/29/2023 09:00,0.0
09/29/2023 09:30,0.0
09/29/2023 10:00,0.0
09/29/2023 10:30,0.0
09/29/2023 11:00,0.0
09/29/2023 11:30,0.0
09/29/2023 12:00,0.0
09/29/2023 12:30,0.0
09/29/2023 13:00,0.0
09/29/2023 13:30,0.0
09/29/2023 14:00,0.0
09/29/2023 14:30,0.0
09/29/2023 15:00,0.0
09/29/2023 15:30,0.0
09/29/2023 16:00,0.0
09/29/2023 16:30,0.0
09/29/2023 17:00,0.0
09/29/2023 17:30,0.0
09/29/2023 18:00,0.0
09/29/2023 18:30,0.0
09/29/2023 19:00,0.0
09/29/2023 19:30,0.0
09/29/2023 20:00,0.0
09/29/2023 20:30,0.0
09/29/2023 21:00,0.0
09/29/2023 21:30,0.0
09/29/2023 22:00,0.0
09/29/2023 22:30,0.0
09/29/2023 23:00,0.0
09/29/2023 23:30,0.0
09/30/2023 00:00,0.0
09/30/2023 00:30,0.0
09/30/2023 01:00,0.0
09/30/2023 01:30,0.0
09/30/2023 02:00,0.0
09/30/2023 02:30,0.0
09/30/2023 03:00,0.0
09/30/2023 03:30,0.0
09/30/2023 04:00,0.0
09/30/2023 04:30,0.0
09/30/2023 05:00,0.0
09/30/2023 05:30,0.0
09/30/2023 06:00,0.0
09/30/2023 06:30,0.0
09/30/2023 07:00,0.0
09/30/2023 07:30,0.0
09/30/2023 08:00,0.0
09/30/2023 08:30,0.0
09/30/2023 09:00,0.0
09/30/2023 09:30,0.0
09/30/2023 10:00,0.0
09/30/2023 10:30,0.0
09/30/2023 11:00,0.0
09/30/2023 11:30,0.0
09/30/2023 12:00,0.0
09/30/2023 12:30,0.0
09/30/2023 13:00,0.0
09/30/2023 13:30,0.0
09/30/2023 14:00,0.0
09/30/2023 14:30,0.0
09/30/2023 15:00,0.0
09/30/2023 15:30,0.0
09/30/2023 16:00,0.0
09/30/2023 16:30,0.0
09/30/2023 17:00,0.0
09/30/2023 17:30,0.0
09/30/2023 18:00,0.0
09/30/2023 18:30,0.0
09/30/2023 19:00,0.0
09/30/2023 19:30,0.0
09/30/2023 20:00,0.0
09/30/2023 20:30,0.0
09/30/2023 21:00,0.0
09/30/2023 21:30,0.0
09/30/2023 22:00,0.0
09/30/2023 22:30,0.0
09/30/2023 23:00,0.0
09/30/2023 23:30,0.0
10/01/2023 00:00,0.0
10/01/2023 00:30,0.0
10/01/2023 01:00,0.0
10/01/2023 01:30,0.0
10/01/2023 02:00,0.0
10/01/2023 02:30,0.0
10/01/2023 03:00,0.0
10/01/2023 03:30,0.0
10/01/2023 04:00,0.0
10/01/2023 04:30,0.0
10/01/2023 05:00,0.0
10/01/2023 05:30,0.0
10/01/2023 06:00,0.0
10/01/2023 06:30,0.0
10/01/2023 07:00,0.0
10/01/2023 07:30,0.0
10/01/2023 08:00,0.0
10/01/2023 08:30,0.0
10/01/2023 09:00,0.0
10/01/2023 09:30,0.0
10/01/2023 10:00,0.0
10/01/2023 10:30,0.0
10/01/2023 11:00,0.0
10/01/2023 11:30,0.0
10/01/2023 12:00,0.0
10/01/2023 12:30,0.0
10/01/2023 13:00,0.0
10/01/2023 13:30,0.0
10/01/2023 14:00,0.0
10/01/2023 14:30,0.0
10/01/2023 15:00,0.0
10/01/2023 15:30,0.0
10/01/2023 16:00,0.0
10/01/2023 16:30,0.0
10/01/2023 17:00,0.0
10/01/2023 17:30,0.0
10/01/2023 18:00,0.0
10/01/2023 18:30,0.0
10/01/2023 19:00,0.0
10/01/2023 19:30,0.0
10/01/2023 20:00,0.0
10/01/2023 20:30,0.0
10/01/2023 21:00,0.0
10/01/2023 21:30,0.0
10/01/2023 22:00,0.0
10/01/2023 22:30,0.0
10/01/2023 23:00,0.0
10/01/2023 23:30,0.0
10/02/2023 00:00,0.0
10/02/2023 00:30,0.0
10/02/2023 01:00,0.0
10/02/2023 01:30,0.0
10/02/2023 02:00,0.0
10/02/2023 02:30,0.0
10/02/2023 03:00,0.0
10/02/2023 03:30,0.0
10/02/2023 04:00,0.0
10/02/2023 04:30,0.0
10/02/2023 05:00,0.0
10/02/2023 05:30,0.0
10/02/2023 06:00,0.0
10/02/2023 06:30,0.0
10/02/2023 07:00,0.0
10/02/2023 07:30,0.0
10/02/2023 08:00,0.0
10/02/2023 08:30,0.0
10/02/2023 09:00,0.0
10/02/2023 09:30,0.0
10/02/2023 10:00,0.0
10/02/2023 10:30,0.0
10/02/2023 11:00,0.0
10/02/2023 11:30,0.0
10/02/2023 12:00,0.0
10/02/2023 12:30,0.0
10/02/2023 13:00,0.0
10/02/2023 13:30,0.0
10/02/2023 14:00,0.0
10/02/2023 14:30,0.0
10/02/2023 15:00,0.0
10/02/2023 15:30,0.0
10/02/2023 16:00,0.0
10/02/2023 16:30,0.0
10/02/2023 17:00,0.0
10/02/2023 17:30,0.0
10/02/2023 18:00,0.0
10/02/2023 18:30,0.0
10/02/2023 19:00,0.0
10/02/2023 19:30,0.0
10/02/2023 20:00,0.0
10/02/2023 20:30,0.0
10/02/2023 21:00,0.0
10/02/2023 21:30,0.0
10/02/2023 22:00,0.0
10/02/2023 22:30,0.0
10/02/2023 23:00,0.0
10/02/2023 23:30,0.0
10/03/2023 00:00,0.0
10/03/2023 00:30,0.0
10/03/2023 01:00,0.0
10/03/2023 01:30,0.0
10/03/2023 02:00,0.0
10/03/2023 02:30,0.0
10/03/2023 03:00,0.0
10/03/2023 03:30,0.0
10/03/2023 04:00,0.0
10/03/2023 04:30,0.0
10/03/2023 05:00,0.0
10/03/2023 05:30,0.0
10/03/2023 06:00,0.0
10/03/2023 06:30,0.0
10/03/2023 07:00,0.0
10/03/2023 07:30,0.0
10/03/2023 08:00,0.0
10/03/2023 08:30,0.0
10/03/2023 09:00,0.0
10/03/2023 09:30,0.0
10/03/2023 10:00,0.0
10/03/2023 10:30,0.0
10/03/2023 11:00,0.0
10/03/2023 11:30,0.0
10/03/2023 12:00,0.0
10/03/2023 12:30,0.0
10/03/2023 13:00,0.0
10/03/2023 13:30,0.0
10/03/2023 14:00,0.0
10/03/2023 14:30,0.0
10/03/2023 15:00,0.0
10/03/2023 15:30,0.0
10/03/2023 16:00,0.0
10/03/2023 16:30,0.0
10/03/2023 17:00,0.0
10/03/2023 17:30,0.0
10/03/2023 18:00,0.0
10/03/2023 18:30,0.0
10/03/2023 19:00,0.0
10/03/2023 19:30,0.0
10/03/2023 20:00,0.0
10/03/2023 20:30,0.0
10/03/2023 21:00,0.0
10/03/2023 21:30,0.0
10/03/2023 22:00,0.0
10/03/2023 22:30,0.0
10/03/2023 23:00,0.0
10/03/2023 23:30,0.0
10/04/2023 00:00,0.0
10/04/2023 00:30,0.0
10/04/2023 01:00,0.0
10/04/2023 01:30,0.0
10/04/2023 02:00,0.0
10/04/2023 02:30,0.0
10/04/2023 03:00,0.0
10/04/2023 03:30,0.0
10/04/2023 04:00,0.0
10/04/2023 04:30,0.0
10/04/2023 05:00,0.0
10/04/2023 05:30,0.0
10/04/2023 06:00,0.0
10/04/2023 06:30,0.0
10/04/2023 07:00,0.0
10/04/2023 07:30,0.0
10/04/2023 08:00,0.0
10/04/2023 08:30,0.0
10/04/2023 09:00,0.0
10/04/2023 09:30,0.0
10/04/2023 10:00,0.0
10/04/2023 10:30,0.0
10/04/2023 11:00,0.0
10/04/2023 11:30,0.0
10/04/2023 12:00,0.0
10/04/2023 12:30,0.0
10/04/2023 13:00,0.0
10/04/2023 13:30,0.0
10/04/2023 14:00,0.0
10/04/2023 14:30,0.0
10/04/2023 15:00,0.0
10/04/2023 15:30,0.0
10/04/2023 16:00,0.0
10/04/2023 16:30,0.0
10/04/2023 17:00,0.0
10/04/2023 17:30,0.0
10/04/2023 18:00,0.0
10/04/2023 18:30,0.0
10/04/2023 19:00,0.0
10/04/2023 19:30,0.0
10/04/2023 20:00,0.0
10/04/2023 20:30,0.0
10/04/2023 21:00,0.0
10/04/2023 21:30,0.0
10/04/2023 22:00,0.0
10/04/2023 22:30,0.0
10/04/2023 23:00,0.0
10/04/2023 23:30,0.0
10/05/2023 00:00,0.0
10/05/2023 00:30,0.0
10/05/2023 01:00,0.0
10/05/2023 01:30,0.0
10/05/2023 02:00,0.0
10/05/2023 02:30,0.0
10/05/2023 03:00,0.0
10/05/2023 03:30,0.0
10/05/2023 04:00,0.0
10/05/2023 04:30,0.0
10/05/2023 05:00,0.0
10/05/2023 05:30,0.0
10/05/2023 06:00,0.0
10/05/2023 06:30,0.0
10/05/2023 07:00,0.0
10/05/2023 07:30,0.0
10/05/2023 08:00,0.0
10/05/2023 08:30,0.0
10/05/2023 09:00,0.0
10/05/2023 09:30,0.0
10/05/2023 10:00,0.0
10/05/2023 10:30,0.0
10/05/2023 11:00,0.0
10/05/2023 11:30,0.0
10/05/2023 12:00,0.0
10/05/2023 12:30,0.0
10/05/2023 13:00,0.0
10/05/2023 13:30,0.0
10/05/2023 14:00,0.0
10/05/2023 14:30,0.0
10/05/2023 15:00,0.0
10/05/2023 15:30,0.0
10/05/2023 16:00,0.0
10/05/2023 16:30,0.0
10/05/2023 17:00,0.0
10/05/2023 17:30,0.0
10/05/2023 18:00,0.0
10/05/2023 18:30,0.0
10/05/2023 19:00,0.0
10/05/2023 19:30,0.0
10/05/2023 20:00,0.0
10/05/2023 20:30,0.0
10/05/2023 21:00,0.0
10/05/2023 21:30,0.0
10/05/2023 22:00,0.0
10/05/2023 22:30,0.0
10/05/2023 23:00,0.0
10/05/2023 23:30,0.0
10/06/2023 00:00,0.0
10/06/2023 00:30,0.0
10/06/2023 01:00,0.0
10/06/2023 01:30,0.0
10/06/2023 02:00,0.0
10/06/2023 02:30,0.0
10/06/2023 03:00,0.0
10/06/2023 03:30,0.0
10/06/2023 04:00,0.0
10/06/2023 04:30,0.0
10/06/2023 05:00,0.0
10/06/2023 05:30,0.0
10/06/2023 06:00,0.0
10/06/2023 06:30,0.0
10/06/2023 07:00,0.0
10/06/2023 07:30,0.0
10/06/2023 08:00,0.0
10/06/2023 08:30,0.0
10/06/2023 09:00,0.0
10/06/2023 09:30,0.0
10/06/2023 10:00,0.0
10/06/2023 10:30,0.0
10/06/2023 11:00,0.0
10/06/2023 11:30,0.0
10/06/2023 12:00,0.0
10/06/2023 12:30,0.0
10/06/2023 13:00,0.0
10/06/2023 13:30,0.0
10/06/2023 14:00,0.0
10/06/2023 14:30,0.0
10/06/2023 15:00,0.0
10/06/2023 15:30,0.0
10/06/2023 16:00,0.0
10/06/2023 16:30,0.0
10/06/2023 17:00,0.0
10/06/2023 17:30,0.0
10/06/2023 18:00,0.0
10/06/2023 18:30,0.0
10/06/2023 19:00,0.0
10/06/2023 19:30,0.0
10/06/2023 20:00,0.0
10/06/2023 20:30,0.0
10/06/2023 21:00,0.0
10/06/2023 21:30,0.0
10/06/2023 22:00,0.0
10/06/2023 22:30,0.0
10/06/2023 23:00,0.0
10/06/2023 23:30,0.0
10/07/2023 00:00,0.0
10/07/2023 00:30,0.0
10/07/2023 01:00,0.0
10/07/2023 01:30,0.0
10/07/2023 02:00,0.0
10/07/2023 02:30,0.0
10/07/2023 03:00,0.0
10/07/2023 03:30,0.0
10/07/2023 04:00,0.0
10/07/2023 04:30,0.0
10/07/2023 05:00,0.0
10/07/2023 05:30,0.0
10/07/2023 06:00,0.0
10/07/2023 06:30,0.0
10/07/2023 07:00,0.0
10/07/2023 07:30,0.0
10/07/2023 08:00,0.0
10/07/2023 08:30,0.0
10/07/2023 09:00,0.0
10/07/2023 09:30,0.0
10/07/2023 10:00,0.0
10/07/2023 10:30,0.0
10/07/2023 11:00,0.0
10/07/2023 11:30,0.0
10/07/2023 12:00,0.0
10/07/2023 12:30,0.0
10/07/2023 13:00,0.0
10/07/2023 13:30,0.0
10/07/2023 14:00,0.0
10/07/2023 14:30,0.0
10/07/2023 15:00,0.0
10/07/2023 15:30,0.0
10/07/2023 16:00,0.0
10/07/2023 16:30,0.0
10/07/2023 17:00,0.0
10/07/2023 17:30,0.0
10/07/2023 18:00,0.0
10/07/2023 18:30,0.0
10/07/2023 19:00,0.0
10/07/2023 19:30,0.0
10/07/2023 20:00,0.0
10/07/2023 20:30,0.0
10/07/2023 21:00,0.0
10/07/2023 21:30,0.0
10/07/2023 22:00,0.0
10/07/2023 22:30,0.0
10/07/2023 23:00,0.0
10/07/2023 23:30,0.0
10/08/2023 00:00,0.0
10/08/2023 00:30,0.0
10/08/2023 01:00,0.0
10/08/2023 01:30,0.0
10/08/2023 02:00,0.0
10/08/2023 02:30,0.0
10/08/2023 03:00,0.0
10/08/2023 03:30,0.0
10/08/2023 04:00,0.0
10/08/2023 04:30,0.0
10/08/2023 05:00,0.0
10/08/2023 05:30,0.0
10/08/2023 06:00,0.0
10/08/2023 06:30,0.0
10/08/2023 07:00,0.0
10/08/2023 07:30,0.0
10/08/2023 08:00,0.0
10/08/2023 08:30,0.0
10/08/2023 09:00,0.0
10/08/2023 09:30,0.0
10/08/2023 10:00,0.0
10/08/2023 10:30,0.0
10/08/2023 11:00,0.0
10/08/2023 11:30,0.0
10/08/2023 12:00,0.0
10/08/2023 12:30,0.0
10/08/2023 13:00,0.0
10/08/2023 13:30,0.0
10/08/2023 14:00,0.0
10/08/2023 14:30,0.0
10/08/2023 15:00,0.0
10/08/2023 15:30,0.0
10/08/2023 16:00,0.0
10/08/2023 16:30,0.0
10/08/2023 17:00,0.0
10/08/2023 17:30,0.0
10/08/2023 18:00,0.0
10/08/2023 18:30,0.0
10/08/2023 19:00,0.0
10/08/2023 19:30,0.0
10/08/2023 20:00,0.0
10/08/2023 20:30,0.0
10/08/2023 21:00,0.0
10/08/2023 21:30,0.0
10/08/2023 22:00,0.0
10/08/2023 22:30,0.0
10/08/2023 23:00,0.0
10/08/2023 23:30,0.0
10/09/2023 00:00,0.0
10/09/2023 00:30,0.0
10/09/2023 01:00,0.0
10/09/2023 01:30,0.0
10/09/2023 02:00,0.0
10/09/2023 02:30,0.0
10/09/2023 03:00,0.0
10/09/2023 03:30,0.0
10/09/2023 04:00,0.0
10/09/2023 04:30,0.0
10/09/2023 05:00,0.0
10/09/2023 05:30,0.0
10/09/2023 06:00,0.0
10/09/2023 06:30,0.0
10/09/2023 07:00,0.0
10/09/2023 07:30,0.0
10/09/2023 08:00,0.0
10/09/2023 08:30,0.0
10/09/2023 09:00,0.0
10/09/2023 09:30,0.0
10/09/2023 10:00,0.0
10/09/2023 10:30,0.0
10/09/2023 11:00,0.0
10/09/2023 11:30,0.0
10/09/2023 12:00,0.0
10/09/2023 12:30,0.0
10/09/2023 13:00,0.0
10/09/2023 13:30,0.0
10/09/2023 14:00,0.0
10/09/2023 14:30,0.0
10/09/2023 15:00,0.0
10/09/2023 15:30,0.0
10/09/2023 16:00,0.0
10/09/2023 16:30,0.0
10/09/2023 17:00,0.0
10/09/2023 17:30,0.0
10/09/2023 18:00,0.0
10/09/2023 18:30,0.0
10/09/2023 19:00,0.0
10/09/2023 19:30,0.0
10/09/2023 20:00,0.0
10/09/2023 20:30,0.0
10/09/2023 21:00,0.0
10/09/2023 21:30,0.0
10/09/2023 22:00,0.0
10/09/2023 22:30,0.0
10/09/2023 23:00,0.0
10/09/2023 23:30,0.0
10/10/2023 00:00,0.0
10/10/2023 00:30,0.0
10/10/2023 01:00,0.0
10/10/2023 01:30,0.0
10/10/2023 02:00,0.0
10/10/2023 02:30,0.0
10/10/2023 03:00,0.0
10/10/2023 03:30,0.0
10/10/2023 04:00,0.0
10/10/2023 04:30,0.0
10/10/2023 05:00,0.0
10/10/2023 05:30,0.0
10/10/2023 06:00,0.0
10/10/2023 06:30,0.0
10/10/2023 07:00,0.0
10/10/2023 07:30,0.0
10/10/2023 08:00,0.0
10/10/2023 08:30,0.0
10/10/2023 09:00,0.0
10/10/2023 09:30,0.0
10/10/2023 10:00,0.0
10/10/2023 10:30,0.0
10/10/2023 11:00,0.0
10/10/2023 11:30,0.0
10/10/2023 12:00,0.0
10/10/2023 12:30,0.0
10/10/2023 13:00,0.0
10/10/2023 13:30,0.0
10/10/2023 14:00,0.0
10/10/2023 14:30,0.0
10/10/2023 15:00,0.0
10/10/2023 15:30,0.0
10/10/2023 16:00,0.0
10/10/2023 16:30,0.0
10/10/2023 17:00,0.0
10/10/2023 17:30,0.0
10/10/2023 18:00,0.0
10/10/2023 18:30,0.0
10/10/2023 19:00,0.0
10/10/2023 19:30,0.0
10/10/2023 20:00,0.0
10/10/2023 20:30,0.0
10/10/2023 21:00,0.0
10/10/2023 21:30,0.0
10/10/2023 22:00,0.0
10/10/2023 22:30,0.0
10/10/2023 23:00,0.0
10/10/2023 23:30,0.0
10/11/2023 00:00,0.0
10/11/2023 00:30,0.0
10/11/2023 01:00,0.0
10/11/2023 01:30,0.0
10/11/2023 02:00,0.0
10/11/2023 02:30,0.0
10/11/2023 03:00,0.0
10/11/2023 03:30,0.0
10/11/2023 04:00,0.0
10/11/2023 04:30,0.0
10/11/2023 05:00,0.0
10/11/2023 05:30,0.0
10/11/2023 06:00,0.0
10/11/2023 06:30,0.0
10/11/2023 07:00,0.0
10/11/2023 07:30,0.0
10/11/2023 08:00,0.0
10/11/2023 08:30,0.0
10/11/2023 09:00,0.0
10/11/2023 09:30,0.0
10/11/2023 10:00,0.0
10/11/2023 10:30,0.0
10/11/2023 11:00,0.0
10/11/2023 11:30,0.0
10/11/2023 12:00,0.0
10/11/2023 12:30,0.0
10/11/2023 13:00,0.0
10/11/2023 13:30,0.0
10/11/2023 14:00,0.0
10/11/2023 14:30,0.0
10/11/2023 15:00,0.0
10/11/2023 15:30,0.0
10/11/2023 16:00,0.0
10/11/2023 16:30,0.0
10/11/2023 17:00,0.0
10/11/2023 17:30,0.0
10/11/2023 18:00,0.0
10/11/2023 18:30,0.0
10/11/2023 19:00,0.0
10/11/2023 19:30,0.0
10/11/2023 20:00,0.0
10/11/2023 20:30,0.0
10/11/2023 21:00,0.0
10/11/2023 21:30,0.0
10/11/2023 22:00,0.0
10/11/2023 22:30,0.0
10/11/2023 23:00,0.0
10/11/2023 23:30,0.0
10/12/2023 00:00,0.0
10/12/2023 00:30,0.0
10/12/2023 01:00,0.0
10/12/2023 01:30,0.0
10/12/2023 02:00,0.0
10/12/2023 02:30,0.0
10/12/2023 03:00,0.0
10/12/2023 03:30,0.0
10/12/2023 04:00,0.0
10/12/2023 04:30,0.0
10/12/2023 05:00,0.0
10/12/2023 05:30,0.0
10/12/2023 06:00,0.0
10/12/2023 06:30,0.0
10/12/2023 07:00,0.0
10/12/2023 07:30,0.0
10/12/2023 08:00,0.0
10/12/2023 08:30,0.0
10/12/2023 09:00,0.0
10/12/2023 09:30,0.0
10/12/2023 10:00,0.0
10/12/2023 10:30,0.0
10/12/2023 11:00,0.0
10/12/2023 11:30,0.0
10/12/2023 12:00,0.0
10/12/2023 12:30,0.0
10/12/2023 13:00,0.0
10/12/2023 13:30,0.0
10/12/2023 14:00,0.0
10/12/2023 14:30,0.0
10/12/2023 15:00,0.0
10/12/2023 15:30,0.0
10/12/2023 16:00,0.0
10/12/2023 16:30,0.0
10/12/2023 17:00,0.0
10/12/2023 17:30,0.0
10/12/2023 18:00,0.0
10/12/2023 18:30,0.0
10/12/2023 19:00,0.0
10/12/2023 19:30,0.0
10/12/2023 20:00,0.0
10/12/2023 20:30,0.0
10/12/2023 21:00,0.0
10/12/2023 21:30,0.0
10/12/2023 22:00,0.0
10/12/2023 22:30,0.0
10/12/2023 23:00,0.0
10/12/2023 23:30,0.0
10/13/2023 00:00,0.0
10/13/2023 00:30,0.0
10/13/2023 01:00,0.0
10/13/2023 01:30,0.0
10/13/2023 02:00,0.0
10/13/2023 02:30,0.0
10/13/2023 03:00,0.0
10/13/2023 03:30,0.0
10/13/2023 04:00,0.0
10/13/2023 04:30,0.0
10/13/2023 05:00,0.0
10/13/2023 05:30,0.0
10/13/2023 06:00,0.0
10/13/2023 06:30,0.0
10/13/2023 07:00,0.0
10/13/2023 07:30,0.0
10/13/2023 08:00,0.0
10/13/2023 08:30,0.0
10/13/2023 09:00,0.0
10/13/2023 09:30,0.0
10/13/2023 10:00,0.0
10/13/2023 10:30,0.0
10/13/2023 11:00,0.0
10/13/2023 11:30,0.0
10/13/2023 12:00,0.0
10/13/2023 12:30,0.0
10/13/2023 13:00,0.0
10/13/2023 13:30,0.0
10/13/2023 14:00,0.0
10/13/2023 14:30,0.0
10/13/2023 15:00,0.0
10/13/2023 15:30,0.0
10/13/2023 16:00,0.0
10/13/2023 16:30,0.0
10/13/2023 17:00,0.0
10/13/2023 17:30,0.0
10/13/2023 18:00,0.0
10/13/2023 18:30,0.0
10/13/2023 19:00,0.0
10/13/2023 19:30,0.0
10/13/2023 20:00,0.0
10/13/2023 20:30,0.0
10/13/2023 21:00,0.0
10/13/2023 21:30,0.0
10/13/2023 22:00,0.0
10/13/2023 22:30,0.0
10/13/2023 23:00,0.0
10/13/2023 23:30,0.0
10/14/2023 00:00,0.0
10/14/2023 00:30,0.0
10/14/2023 01:00,0.0
10/14/2023 01:30,0.0
10/14/2023 02:00,0.0
10/14/2023 02:30,0.0
10/14/2023 03:00,0.0
10/14/2023 03:30,0.0
10/14/2023 04:00,0.0
10/14/2023 04:30,0.0
10/14/2023 05:00,0.0
10/14/2023 05:30,0.0
10/14/2023 06:00,0.0
10/14/2023 06:30,0.0
10/14/2023 07:00,0.0
10/14/2023 07:30,0.0
10/14/2023 08:00,0.0
10/14/2023 08:30,0.0
10/14/2023 09:00,0.0
10/14/2023 09:30,0.0
10/14/2023 10:00,0.0
10/14/2023 10:30,0.0
10/14/2023 11:00,0.0
10/14/2023 11:30,0.0
10/14/2023 12:00,0.0
10/14/2023 12:30,0.0
10/14/2023 13:00,0.0
10/14/2023 13:30,0.0
10/14/2023 14:00,0.0
10/14/2023 14:30,0.0
10/14/2023 15:00,0.0
10/14/2023 15:30,0.0
10/14/2023 16:00,0.0
10/14/2023 16:30,0.0
10/14/2023 17:00,0.0
10/14/2023 17:30,0.0
10/14/2023 18:00,0.0
10/14/2023 18:30,0.0
10/14/2023 19:00,0.0
10/14/2023 19:30,0.0
10/14/2023 20:00,0.0
10/14/2023 20:30,0.0
10/14/2023 21:00,0.0
10/14/2023 21:30,0.0
10/14/2023 22:00,0.0
10/14/2023 22:30,0.0
10/14/2023 23:00,0.0
10/14/2023 23:30,0.0
10/15/2023 00:00,0.0
10/15/2023 00:30,0.0
10/15/2023 01:00,0.0
10/15/2023 01:30,0.0
10/15/2023 02:00,0.0
10/15/2023 02:30,0.0
10/15/2023 03:00,0.0
10/15/2023 03:30,0.0
10/15/2023 04:00,0.0
10/15/2023 04:30,0.0
10/15/2023 05:00,0.0
10/15/2023 05:30,0.0
10/15/2023 06:00,0.0
10/15/2023 06:30,0.0
10/15/2023 07:00,0.0
10/15/2023 07:30,0.0
10/15/2023 08:00,0.0
10/15/2023 08:30,0.0
10/15/2023 09:00,0.0
10/15/2023 09:30,0.0
10/15/2023 10:00,0.0
10/15/2023 10:30,0.0
10/15/2023 11:00,0.0
10/15/2023 11:30,0.0
10/15/2023 12:00,0.0
10/15/2023 12:30,0.0
10/15/2023 13:00,0.0
10/15/2023 13:30,0.0
10/15/2023 14:00,0.0
10/15/2023 14:30,0.0
10/15/2023 15:00,0.0
10/15/2023 15:30,0.0
10/15/2023 16:00,0.0
10/15/2023 16:30,0.0
10/15/2023 17:00,0.0
10/15/2023 17:30,0.0
10/15/2023 18:00,0.0
10/15/2023 18:30,0.0
10/15/2023 19:00,0.0
10/15/2023 19:30,0.0
10/15/2023 20:00,0.0
10/15/2023 20:30,0.0
10/15/2023 21:00,0.0
10/15/2023 21:30,0.0
10/15/2023 22:00,0.0
10/15/2023 22:30,0.0
10/15/2023 23:00,0.0
10/15/2023 23:30,0.0
10/16/2023 00:00,0.0
10/16/2023 00:30,0.0
10/16/2023 01:00,0.0
10/16/2023 01:30,0.0
10/16/2023 02:00,0.0
10/16/2023 02:30,0.0
10/16/2023 03:00,0.0
10/16/2023 03:30,0.0
10/16/2023 04:00,0.0
10/16/2023 04:30,0.0
10/16/2023 05:00,0.0
10/16/2023 05:30,0.0
10/16/2023 06:00,0.0
10/16/2023 06:30,0.0
10/16/2023 07:00,0.0
10/16/2023 07:30,0.0
10/16/2023 08:00,0.0
10/16/2023 08:30,0.0
10/16/2023 09:00,0.0
10/16/2023 09:30,0.0
10/16/2023 10:00,0.0
10/16/2023 10:30,0.0
10/16/2023 11:00,0.0
10/16/2023 11:30,0.0
10/16/2023 12:00,0.0
10/16/2023 12:30,0.0
10/16/2023 13:00,0.0
10/16/2023 13:30,0.0
10/16/2023 14:00,0.0
10/16/2023 14:30,0.0
10/16/2023 15:00,0.0
10/16/2023 15:30,0.0
10/16/2023 16:00,0.0
10/16/2023 16:30,0.0
10/16/2023 17:00,0.0
10/16/2023 17:30,0.0
10/16/2023 18:00,0.0
10/16/2023 18:30,0.0
10/16/2023 19:00,0.0
10/16/2023 19:30,0.0
10/16/2023 20:00,0.0
10/16/2023 20:30,0.0
10/16/2023 21:00,0.0
10/16/2023 21:30,0.0
10/16/2023 22:00,0.0
10/16/2023 22:30,0.0
10/16/2023 23:00,0.0
10/16/2023 23:30,0.0
10/17/2023 00:00,0.0
10/17/2023 00:30,0.0
10/17/2023 01:00,0.0
10/17/2023 01:30,0.0
10/17/2023 02:00,0.0
10/17/2023 02:30,0.0
10/17/2023 03:00,0.0
10/17/2023 03:30,0.0
10/17/2023 04:00,0.0
10/17/2023 04:30,0.0
10/17/2023 05:00,0.0
10/17/2023 05:30,0.0
10/17/2023 06:00,0.0
10/17/2023 06:30,0.0
10/17/2023 07:00,0.0
10/17/2023 07:30,0.0
10/17/2023 08:00,0.0
10/17/2023 08:30,0.0
10/17/2023 09:00,0.0
10/17/2023 09:30,0.0
10/17/2023 10:00,0.0
10/17/2023 10:30,0.0
10/17/2023 11:00,0.0
10/17/2023 11:30,0.0
10/17/2023 12:00,0.0
10/17/2023 12:30,0.0
10/17/2023 13:00,0.0
10/17/2023 13:30,0.0
10/17/2023 14:00,0.0
10/17/2023 14:30,0.0
10/17/2023 15:00,0.0
10/17/2023 15:30,0.0
10/17/2023 16:00,0.0
10/17/2023 16:30,0.0
10/17/2023 17:00,0.0
10/17/2023 17:30,0.0
10/17/2023 18:00,0.0
10/17/2023 18:30,0.0
10/17/2023 19:00,0.0
10/17/2023 19:30,0.0
10/17/2023 20:00,0.0
10/17/2023 20:30,0.0
10/17/2023 21:00,0.0
10/17/2023 21:30,0.0
10/17/2023 22:00,0.0
10/17/2023 22:30,0.0
10/17/2023 23:00,0.0
10/17/2023 23:30,0.0
10/18/2023 00:00,0.0
10/18/2023 00:30,0.0
10/18/2023 01:00,0.0
10/18/2023 01:30,0.0
10/18/2023 02:00,0.0
10/18/2023 02:30,0.0
10/18/2023 03:00,0.0
10/18/2023 03:30,0.0
10/18/2023 04:00,0.0
10/18/2023 04:30,0.0
10/18/2023 05:00,0.0
10/18/2023 05:30,0.0
10/18/2023 06:00,0.0
10/18/2023 06:30,0.0
10/18/2023 07:00,0.0
10/18/2023 07:30,0.0
10/18/2023 08:00,0.0
10/18/2023 08:30,0.0
10/18/2023 09:00,0.0
10/18/2023 09:30,0.0
10/18/2023 10:00,0.0
10/18/2023 10:30,0.0
10/18/2023 11:00,0.0
10/18/2023 11:30,0.0
10/18/2023 12:00,0.0
10/18/2023 12:30,0.0
10/18/2023 13:00,0.0
10/18/2023 13:30,0.0
10/18/2023 14:00,0.0
10/18/2023 14:30,0.0
10/18/2023 15:00,0.0
10/18/2023 15:30,0.0
10/18/2023 16:00,0.0
10/18/2023 16:30,0.0
10/18/2023 17:00,0.0
10/18/2023 17:30,0.0
10/18/2023 18:00,0.0
10/18/2023 18:30,0.0
10/18/2023 19:00,0.0
10/18/2023 19:30,0.0
10/18/2023 20:00,0.0
10/18/2023 20:30,0.0
10/18/2023 21:00,0.0
10/18/2023 21:30,0.0
10/18/2023 22:00,0.0
10/18/2023 22:30,0.0
10/18/2023 23:00,0.0
10/18/2023 23:30,0.0
10/19/2023 00:00,0.0
10/19/2023 00:30,0.0
10/19/2023 01:00,0.0
10/19/2023 01:30,0.0
10/19/2023 02:00,0.0
10/19/2023 02:30,0.0
10/19/2023 03:00,0.0
10/19/2023 03:30,0.0
10/19/2023 04:00,0.0
10/19/2023 04:30,0.0
10/19/2023 05:00,0.0
10/19/2023 05:30,0.0
10/19/2023 06:00,0.0
10/19/2023 06:30,0.0
10/19/2023 07:00,0.0
10/19/2023 07:30,0.0
10/19/2023 08:00,0.0
10/19/2023 08:30,0.0
10/19/2023 09:00,0.0
10/19/2023 09:30,0.0
10/19/2023 10:00,0.0
10/19/2023 10:30,0.0
10/19/2023 11:00,0.0
10/19/2023 11:30,0.0
10/19/2023 12:00,0.0
10/19/2023 12:30,0.0
10/19/2023 13:00,0.0
10/19/2023 13:30,0.0
10/19/2023 14:00,0.0
10/19/2023 14:30,0.0
10/19/2023 15:00,0.0
10/19/2023 15:30,0.0
10/19/2023 16:00,0.0
10/19/2023 16:30,0.0
10/19/2023 17:00,0.0
10/19/2023 17:30,0.0
10/19/2023 18:00,0.0
10/19/2023 18:30,0.0
10/19/2023 19:00,0.0
10/19/2023 19:30,0.0
10/19/2023 20:00,0.0
10/19/2023 20:30,0.0
10/19/2023 21:00,0.0
10/19/2023 21:30,0.0
10/19/2023 22:00,0.0
10/19/2023 22:30,0.0
10/19/2023 23:00,0.0
10/19/2023 23:30,0.0
10/20/2023 00:00,0.0
10/20/2023 00:30,0.0
10/20/2023 01:00,0.0
10/20/2023 01:30,0.0
10/20/2023 02:00,0.0
10/20/2023 02:30,0.0
10/20/2023 03:00,0.0
10/20/2023 03:30,0.0
10/20/2023 04:00,0.0
10/20/2023 04:30,0.0
10/20/2023 05:00,0.0
10/20/2023 05:30,0.0
10/20/2023 06:00,0.0
10/20/2023 06:30,0.0
10/20/2023 07:00,0.0
10/20/2023 07:30,0.0
10/20/2023 08:00,0.0
10/20/2023 08:30,0.0
10/20/2023 09:00,0.0
10/20/2023 09:30,0.0
10/20/2023 10:00,0.0
10/20/2023 10:30,0.0
10/20/2023 11:00,0.0
10/20/2023 11:30,0.0
10/20/2023 12:00,0.0
10/20/2023 12:30,0.0
10/20/2023 13:00,0.0
10/20/2023 13:30,0.0
10/20/2023 14:00,0.0
10/20/2023 14:30,0.0
10/20/2023 15:00,0.0
10/20/2023 15:30,0.0
10/20/2023 16:00,0.0
10/20/2023 16:30,0.0
10/20/2023 17:00,0.0
10/20/2023 17:30,0.0
10/20/2023 18:00,0.0
10/20/2023 18:30,0.0
10/20/2023 19:00,0.0
10/20/2023 19:30,0.0
10/20/2023 20:00,0.0
10/20/2023 20:30,0.0
10/20/2023 21:00,0.0
10/20/2023 21:30,0.0
10/20/2023 22:00,0.0
10/20/2023 22:30,0.0
10/20/2023 23:00,0.0
10/20/2023 23:30,0.0
10/21/2023 00:00,0.0
10/21/2023 00:30,0.0
10/21/2023 01:00,0.0
10/21/2023 01:30,0.0
10/21/2023 02:00,0.0
10/21/2023 02:30,0.0
10/21/2023 03:00,0.0
10/21/2023 03:30,0.0
10/21/2023 04:00,0.0
10/21/2023 04:30,0.0
10/21/2023 05:00,0.0
10/21/2023 05:30,0.0
10/21/2023 06:00,0.0
10/21/2023 06:30,0.0
10/21/2023 07:00,0.0
10/21/2023 07:30,0.0
10/21/2023 08:00,0.0
10/21/2023 08:30,0.0
10/21/2023 09:00,0.0
10/21/2023 09:30,0.0
10/21/2023 10:00,0.0
10/21/2023 10:30,0.0
10/21/2023 11:00,0.0
10/21/2023 11:30,0.0
10/21/2023 12:00,0.0
10/21/2023 12:30,0.0
10/21/2023 13:00,0.0
10/21/2023 13:30,0.0
10/21/2023 14:00,0.0
10/21/2023 14:30,0.0
10/21/2023 15:00,0.0
10/21/2023 15:30,0.0
10/21/2023 16:00,0.0
10/21/2023 16:30,0.0
10/21/2023 17:00,0.0
10/21/2023 17:30,0.0
10/21/2023 18:00,0.0
10/21/2023 18:30,0.0
10/21/2023 19:00,0.0
10/21/2023 19:30,0.0
10/21/2023 20:00,0.0
10/21/2023 20:30,0.0
10/21/2023 21:00,0.0
10/21/2023 21:30,0.0
10/21/2023 22:00,0.0
10/21/2023 22:30,0.0
10/21/2023 23:00,0.0
10/21/2023 23:30,0.0
10/22/2023 00:00,0.0
10/22/2023 00:30,0.0
10/22/2023 01:00,0.0
10/22/2023 01:30,0.0
10/22/2023 02:00,0.0
10/22/2023 02:30,0.0
10/22/2023 03:00,0.0
10/22/2023 03:30,0.0
10/22/2023 04:00,0.0
10/22/2023 04:30,0.0
10/22/2023 05:00,0.0
10/22/2023 05:30,0.0
10/22/2023 06:00,0.0
10/22/2023 06:30,0.0
10/22/2023 07:00,0.0
10/22/2023 07:30,0.0
10/22/2023 08:00,0.0
10/22/2023 08:30,0.0
10/22/2023 09:00,0.0
10/22/2023 09:30,0.0
10/22/2023 10:00,0.0
10/22/2023 10:30,0.0
10/22/2023 11:00,0.0
10/22/2023 11:30,0.0
10/22/2023 12:00,0.0
10/22/2023 12:30,0.0
10/22/2023 13:00,0.0
10/22/2023 13:30,0.0
10/22/2023 14:00,0.0
10/22/2023 14:30,0.0
10/22/2023 15:00,0.0
10/22/2023 15:30,0.0
10/22/2023 16:00,0.0
10/22/2023 16:30,0.0
10/22/2023 17:00,0.0
10/22/2023 17:30,0.0
10/22/2023 18:00,0.0
10/22/2023 18:30,0.0
10/22/2023 19:00,0.0
10/22/2023 19:30,0.0
10/22/2023 20:00,0.0
10/22/2023 20:30,0.0
10/22/2023 21:00,0.0
10/22/2023 21:30,0.0
10/22/2023 22:00,0.0
10/22/2023 22:30,0.0
10/22/2023 23:00,0.0
10/22/2023 23:30,0.0
10/23/2023 00:00,0.0
10/23/2023 00:30,0.0
10/23/2023 01:00,0.0
10/23/2023 01:30,0.0
10/23/2023 02:00,0.0
10/23/2023 02:30,0.0
10/23/2023 03:00,0.0
10/23/2023 03:30,0.0
10/23/2023 04:00,0.0
10/23/2023 04:30,0.0
10/23/2023 05:00,0.0
10/23/2023 05:30,0.0
10/23/2023 06:00,0.0
10/23/2023 06:30,0.0
10/23/2023 07:00,0.0
10/23/2023 07:30,0.0
10/23/2023 08:00,0.0
10/23/2023 08:30,0.0
10/23/2023 09:00,0.0
10/23/2023 09:30,0.0
10/23/2023 10:00,0.0
10/23/2023 10:30,0.0
10/23/2023 11:00,0.0
10/23/2023 11:30,0.0
10/23/2023 12:00,0.0
10/23/2023 12:30,0.0
10/23/2023 13:00,0.0
10/23/2023 13:30,0.0
10/23/2023 14:00,0.0
10/23/2023 14:30,0.0
10/23/2023 15:00,0.0
10/23/2023 15:30,0.0
10/23/2023 16:00,0.0
10/23/2023 16:30,0.0
10/23/2023 17:00,0.0
10/23/2023 17:30,0.0
10/23/2023 18:00,0.0
10/23/2023 18:30,0.0
10/23/2023 19:00,0.0
10/23/2023 19:30,0.0
10/23/2023 20:00,0.0
10/23/2023 20:30,0.0
10/23/2023 21:00,0.0
10/23/2023 21:30,0.0
10/23/2023 22:00,0.0
10/23/2023 22:30,0.0
10/23/2023 23:00,0.0
10/23/2023 23:30,0.0
10/24/2023 00:00,0.0
10/24/2023 00:30,0.0
10/24/2023 01:00,0.0
10/24/2023 01:30,0.0
10/24/2023 02:00,0.0
10/24/2023 02:30,0.0
10/24/2023 03:00,0.0
10/24/2023 03:30,0.0
10/24/2023 04:00,0.0
10/24/2023 04:30,0.0
10/24/2023 05:00,0.0
10/24/2023 05:30,0.0
10/24/2023 06:00,0.0
10/24/2023 06:30,0.0
10/24/2023 07:00,0.0
10/24/2023 07:30,0.0
10/24/2023 08:00,0.0
10/24/2023 08:30,0.0
10/24/2023 09:00,0.0
10/24/2023 09:30,0.0
10/24/2023 10:00,0.0
10/24/2023 10:30,0.0
10/24/2023 11:00,0.0
10/24/2023 11:30,0.0
10/24/2023 12:00,0.0
10/24/2023 12:30,0.0
10/24/2023 13:00,0.0
10/24/2023 13:30,0.0
10/24/2023 14:00,0.0
10/24/2023 14:30,0.0
10/24/2023 15:00,0.0
10/24/2023 15:30,0.0
10/24/2023 16:00,0.0
10/24/2023 16:30,0.0
10/24/2023 17:00,0.0
10/24/2023 17:30,0.0
10/24/2023 18:00,0.0
10/24/2023 18:30,0.0
10/24/2023 19:00,0.0
10/24/2023 19:30,0.0
10/24/2023 20:00,0.0
10/24/2023 20:30,0.0
10/24/2023 21:00,0.0
10/24/2023 21:30,0.0
10/24/2023 22:00,0.0
10/24/2023 22:30,0.0
10/24/2023 23:00,0.0
10/24/2023 23:30,0.0
10/25/2023 00:00,0.0
10/25/2023 00:30,0.0
10/25/2023 01:00,0.0
10/25/2023 01:30,0.0
10/25/2023 02:00,0.0
10/25/2023 02:30,0.0
10/25/2023 03:00,0.0
10/25/2023 03:30,0.0
10/25/2023 04:00,0.0
10/25/2023 04:30,0.0
10/25/2023 05:00,0.0
10/25/2023 05:30,0.0
10/25/2023 06:00,0.0
10/25/2023 06:30,0.0
10/25/2023 07:00,0.0
10/25/2023 07:30,0.0
10/25/2023 08:00,0.0
10/25/2023 08:30,0.0
10/25/2023 09:00,0.0
10/25/2023 09:30,0.0
10/25/2023 10:00,0.0
10/25/2023 10:30,0.0
10/25/2023 11:00,0.0
10/25/2023 11:30,0.0
10/25/2023 12:00,0.0
10/25/2023 12:30,0.0
10/25/2023 13:00,0.0
10/25/2023 13:30,0.0
10/25/2023 14:00,0.0
10/25/2023 14:30,0.0
10/25/2023 15:00,0.0
10/25/2023 15:30,0.0
10/25/2023 16:00,0.0
10/25/2023 16:30,0.0
10/25/2023 17:00,0.0
10/25/2023 17:30,0.0
10/25/2023 18:00,0.0
10/25/2023 18:30,0.0
10/25/2023 19:00,0.0
10/25/2023 19:30,0.0
10/25/2023 20:00,0.0
10/25/2023 20:30,0.0
10/25/2023 21:00,0.0
10/25/2023 21:30,0.0
10/25/2023 22:00,0.0
10/25/2023 22:30,0.0
10/25/2023 23:00,0.0
10/25/2023 23:30,0.0
10/26/2023 00:00,0.0
10/26/2023 00:30,0.0
10/26/2023 01:00,0.0
10/26/2023 01:30,0.0
10/26/2023 02:00,0.0
10/26/2023 02:30,0.0
10/26/2023 03:00,0.0
10/26/2023 03:30,0.0
10/26/2023 04:00,0.0
10/26/2023 04:30,0.0
10/26/2023 05:00,0.0
10/26/2023 05:30,0.0
10/26/2023 06:00,0.0
10/26/2023 06:30,0.0
10/26/2023 07:00,0.0
10/26/2023 07:30,0.0
10/26/2023 08:00,0.0
10/26/2023 08:30,0.0
10/26/2023 09:00,0.0
10/26/2023 09:30,0.0
10/26/2023 10:00,0.0
10/26/2023 10:30,0.0
10/26/2023 11:00,0.0
10/26/2023 11:30,0.0
10/26/2023 12:00,0.0
10/26/2023 12:30,0.0
10/26/2023 13:00,0.0
10/26/2023 13:30,0.0
10/26/2023 14:00,0.0
10/26/2023 14:30,0.0
10/26/2023 15:00,0.0
10/26/2023 15:30,0.0
10/26/2023 16:00,0.0
10/26/2023 16:30,0.0
10/26/2023 17:00,0.0
10/26/2023 17:30,0.0
10/26/2023 18:00,0.0
10/26/2023 18:30,0.0
10/26/2023 19:00,0.0
10/26/2023 19:30,0.0
10/26/2023 20:00,0.0
10/26/2023 20:30,0.0
10/26/2023 21:00,0.0
10/26/2023 21:30,0.0
10/26/2023 22:00,0.0
10/26/2023 22:30,0.0
10/26/2023 23:00,0.0
10/26/2023 23:30,0.0
10/27/2023 00:00,0.0
10/27/2023 00:30,0.0
10/27/2023 01:00,0.0
10/27/2023 01:30,0.0
10/27/2023 02:00,0.0
10/27/2023 02:30,0.0
10/27/2023 03:00,0.0
10/27/2023 03:30,0.0
10/27/2023 04:00,0.0
10/27/2023 04:30,0.0
10/27/2023 05:00,0.0
10/27/2023 05:30,0.0
10/27/2023 06:00,0.0
10/27/2023 06:30,0.0
10/27/2023 07:00,0.0
10/27/2023 07:30,0.0
10/27/2023 08:00,0.0
10/27/2023 08:30,0.0
10/27/2023 09:00,0.0
10/27/2023 09:30,0.0
10/27/2023 10:00,0.0
10/27/2023 10:30,0.0
10/27/2023 11:00,0.0
10/27/2023 11:30,0.0
10/27/2023 12:00,0.0
10/27/2023 12:30,0.0
10/27/2023 13:00,0.0
10/27/2023 13:30,0.0
10/27/2023 14:00,0.0
10/27/2023 14:30,0.0
10/27/2023 15:00,0.0
10/27/2023 15:30,0.0
10/27/2023 16:00,0.0
10/27/2023 16:30,0.0
10/27/2023 17:00,0.0
10/27/2023 17:30,0.0
10/27/2023 18:00,0.0
10/27/2023 18:30,0.0
10/27/2023 19:00,0.0
10/27/2023 19:30,0.0
10/27/2023 20:00,0.0
10/27/2023 20:30,0.0
10/27/2023 21:00,0.0
10/27/2023 21:30,0.0
10/27/2023 22:00,0.0
10/27/2023 22:30,0.0
10/27/2023 23:00,0.0
10/27/2023 23:30,0.0
10/28/2023 00:00,0.0
10/28/2023 00:30,0.0
10/28/2023 01:00,0.0
10/28/2023 01:30,0.0
10/28/2023 02:00,0.0
10/28/2023 02:30,0.0
10/28/2023 03:00,0.0
10/28/2023 03:30,0.0
10/28/2023 04:00,0.0
10/28/2023 04:30,0.0
10/28/2023 05:00,0.0
10/28/2023 05:30,0.0
10/28/2023 06:00,0.0
10/28/2023 06:30,0.0
10/28/2023 07:00,0.0
10/28/2023 07:30,0.0
10/28/2023 08:00,0.0
10/28/2023 08:30,0.0
10/28/2023 09:00,0.0
10/28/2023 09:30,0.0
10/28/2023 10:00,0.0
10/28/2023 10:30,0.0
10/28/2023 11:00,0.0
10/28/2023 11:30,0.0
10/28/2023 12:00,0.0
10/28/2023 12:30,0.0
10/28/2023 13:00,0.0
10/28/2023 13:30,0.0
10/28/2023 14:00,0.0
10/28/2023 14:30,0.0
10/28/2023 15:00,0.0
10/28/2023 15:30,0.0
10/28/2023 16:00,0.0
10/28/2023 16:30,0.0
10/28/2023 17:00,0.0
10/28/2023 17:30,0.0
10/28/2023 18:00,0.0
10/28/2023 18:30,0.0
10/28/2023 19:00,0.0
10/28/2023 19:30,0.0
10/28/2023 20:00,0.0
10/28/2023 20:30,0.0
10/28/2023 21:00,0.0
10/28/2023 21:30,0.0
10/28/2023 22:00,0.0
10/28/2023 22:30,0.0
10/28/2023 23:00,0.0
10/28/2023 23:30,0.0
10/29/2023 00:00,0.0
10/29/2023 00:30,0.0
10/29/2023 01:00,0.0
10/29/2023 01:30,0.0
10/29/2023 02:00,0.0
10/29/2023 02:30,0.0
10/29/2023 03:00,0.0
10/29/2023 03:30,0.0
10/29/2023 04:00,0.0
10/29/2023 04:30,0.0
10/29/2023 05:00,0.0
10/29/2023 05:30,0.0
10/29/2023 06:00,0.0
10/29/2023 06:30,0.0
10/29/2023 07:00,0.0
10/29/2023 07:30,0.0
10/29/2023 08:00,0.0
10/29/2023 08:30,0.0
10/29/2023 09:00,0.0
10/29/2023 09:30,0.0
10/29/2023 10:00,0.0
10/29/2023 10:30,0.0
10/29/2023 11:00,0.0
10/29/2023 11:30,0.0
10/29/2023 12:00,0.0
10/29/2023 12:30,0.0
10/29/2023 13:00,0.0
10/29/2023 13:30,0.0
10/29/2023 14:00,0.0
10/29/2023 14:30,0.0
10/29/2023 15:00,0.0
10/29/2023 15:30,0.0
10/29/2023 16:00,0.0
10/29/2023 16:30,0.0
10/29/2023 17:00,0.0
10/29/2023 17:30,0.0
10/29/2023 18:00,0.0
10/29/2023 18:30,0.0
10/29/2023 19:00,0.0
10/29/2023 19:30,0.0
10/29/2023 20:00,0.0
10/29/2023 20:30,0.0
10/29/2023 21:00,0.0
10/29/2023 21:30,0.0
10/29/2023 22:00,0.0
10/29/2023 22:30,0.0
10/29/2023 23:00,0.0
10/29/2023 23:30,0.0
10/30/2023 00:00,0.0
10/30/2023 00:00,0.0
10/30/2023 00:30,0.0
10/30/2023 00:30,0.0
10/30/2023 01:00,0.0
10/30/2023 01:00,0.0
10/30/2023 01:30,0.0
10/30/2023 01:30,0.0
10/30/2023 02:00,0.0
10/30/2023 02:00,0.0
10/30/2023 02:30,0.0
10/30/2023 02:30,0.0
10/30/2023 03:00,0.0
10/30/2023 03:00,0.0
10/30/2023 03:30,0.0
10/30/2023 03:30,0.0
10/30/2023 04:00,0.0
10/30/2023 04:00,0.0
10/30/2023 04:30,0.0
10/30/2023 04:30,0.0
10/30/2023 05:00,0.0
10/30/2023 05:00,0.0
10/30/2023 05:30,0.0
10/30/2023 05:30,0.0
10/30/2023 06:00,0.0
10/30/2023 06:00,0.0
10/30/2023 06:30,0.0
10/30/2023 06:30,0.0
10/30/2023 07:00,0.0
10/30/2023 07:00,0.0
10/30/2023 07:30,0.0
10/30/2023 07:30,0.0
10/30/2023 08:00,0.0
10/30/2023 08:00,0.0
10/30/2023 08:30,0.0
10/30/2023 08:30,0.0
10/30/2023 09:00,0.0
10/30/2023 09:00,0.0
10/30/2023 09:30,0.0
10/30/2023 09:30,0.0
10/30/2023 10:00,0.0
10/30/2023 10:00,0.0
10/30/2023 10:30,0.0
10/30/2023 10:30,0.0
10/30/2023 11:00,0.0
10/30/2023 11:00,0.0
10/30/2023 11:30,0.0
10/30/2023 11:30,0.0
10/30/2023 12:00,0.0
10/30/2023 12:00,0.0
10/30/2023 12:30,0.0
10/30/2023 12:30,0.0
10/30/2023 13:00,0.0
10/30/2023 13:00,0.0
10/30/2023 13:30,0.0
10/30/2023 13:30,0.0
10/30/2023 14:00,0.0
10/30/2023 14:00,0.0
10/30/2023 14:30,0.0
10/30/2023 14:30,0.0
10/30/2023 15:00,0.0
10/30/2023 15:00,0.0
10/30/2023 15:30,0.0
10/30/2023 15:30,0.0
10/30/2023 16:00,0.0
10/30/2023 16:00,0.0
10/30/2023 16:30,0.0
10/30/2023 16:30,0.0
10/30/2023 17:00,0.0
10/30/2023 17:00,0.0
10/30/2023 17:30,0.0
10/30/2023 17:30,0.0
10/30/2023 18:00,0.0
10/30/2023 18:00,0.0
10/30/2023 18:30,0.0
10/30/2023 18:30,0.0
10/30/2023 19:00,0.0
10/30/2023 19:00,0.0
10/30/2023 19:30,0.0
10/30/2023 19:30,0.0
10/30/2023 20:00,0.0
10/30/2023 20:00,0.0
10/30/2023 20:30,0.0
10/30/2023 20:30,0.0
10/30/2023 21:00,0.0
10/30/2023 21:00,0.0
10/30/2023 21:30,0.0
10/30/2023 21:30,0.0
10/30/2023 22:00,0.0
10/30/2023 22:00,0.0
10/30/2023 22:30,0.0
10/30/2023 22:30,0.0
10/30/2023 23:00,0.0
10/30/2023 23:00,0.0
10/30/2023 23:30,0.0
10/30/2023 23:30,0.0
10/31/2023 00:00,0.0
10/31/2023 00:30,0.0
10/31/2023 01:00,0.0
10/31/2023 01:30,0.0
10/31/2023 02:00,0.0
10/31/2023 02:30,0.0
10/31/2023 03:00,0.0
10/31/2023 03:30,0.0
10/31/2023 04:00,0.0
10/31/2023 04:30,0.0
10/31/2023 05:00,0.0
10/31/2023 05:30,0.0
10/31/2023 06:00,0.0
10/31/2023 06:30,0.0
10/31/2023 07:00,0.0
10/31/2023 07:30,0.0
10/31/2023 08:00,0.0
10/31/2023 08:30,0.0
10/31/2023 09:00,0.0
10/31/2023 09:30,0.0
10/31/2023 10:00,0.0
10/31/2023 10:30,0.0
10/31/2023 11:00,0.0
10/31/2023 11:30,0.0
10/31/2023 12:00,0.0
10/31/2023 12:30,0.0
10/31/2023 13:00,0.0
10/31/2023 13:30,0.0
10/31/2023 14:00,0.0
10/31/2023 14:30,0.0
10/31/2023 15:00,0.0
10/31/2023 15:30,0.0
10/31/2023 16:00,0.0
10/31/2023 16:30,0.0
10/31/2023 17:00,0.0
10/31/2023 17:30,0.0
10/31/2023 18:00,0.0
10/31/2023 18:30,0.0
10/31/2023 19:00,0.0
10/31/2023 19:30,0.0
10/31/2023 20:00,0.0
10/31/2023 20:30,0.0
10/31/2023 21:00,0.0
10/31/2023 21:30,0.0
10/31/2023 22:00,0.0
10/31/2023 22:30,0.0
10/31/2023 23:00,0.0
10/31/2023 23:30,0.0
11/01/2023 00:00,0.0
11/01/2023 00:30,0.0
11/01/2023 01:00,0.0
11/01/2023 01:30,0.0
11/01/2023 02:00,0.0
11/01/2023 02:30,0.0
11/01/2023 03:00,0.0
11/01/2023 03:30,0.0
11/01/2023 04:00,0.0
11/01/2023 04:30,0.0
11/01/2023 05:00,0.0
11/01/2023 05:30,0.0
11/01/2023 06:00,0.0
11/01/2023 06:30,0.0
11/01/2023 07:00,0.0
11/01/2023 07:30,0.0
11/01/2023 08:00,0.0
11/01/2023 08:30,0.0
11/01/2023 09:00,0.0
11/01/2023 09:30,0.0
11/01/2023 10:00,0.0
11/01/2023 10:30,0.0
11/01/2023 11:00,0.0
11/01/2023 11:30,0.0
11/01/2023 12:00,0.0
11/01/2023 12:30,0.0
11/01/2023 13:00,0.0
11/01/2023 13:30,0.0
11/01/2023 14:00,0.0
11/01/2023 14:30,0.0
11/01/2023 15:00,0.0
11/01/2023 15:30,0.0
11/01/2023 16:00,0.0
11/01/2023 16:30,0.0
11/01/2023 17:00,0.0
11/01/2023 17:30,0.0
11/01/2023 18:00,0.0
11/01/2023 18:30,0.0
11/01/2023 19:00,0.0
11/01/2023 19:30,0.0
11/01/2023 20:00,0.0
11/01/2023 20:30,0.0
11/01/2023 21:00,0.0
11/01/2023 21:30,0.0
11/01/2023 22:00,0.0
11/01/2023 22:30,0.0
11/01/2023 23:00,0.0
11/01/2023 23:30,0.0
11/02/2023 00:00,0.0
11/02/2023 00:00,0.0
11/02/2023 00:30,0.0
11/02/2023 00:30,0.0
11/02/2023 01:00,0.0
11/02/2023 01:00,0.0
11/02/2023 01:30,0.0
11/02/2023 01:30,0.0
11/02/2023 02:00,0.0
11/02/2023 02:00,0.0
11/02/2023 02:30,0.0
11/02/2023 02:30,0.0
11/02/2023 03:00,0.0
11/02/2023 03:00,0.0
11/02/2023 03:30,0.0
11/02/2023 03:30,0.0
11/02/2023 04:00,0.0
11/02/2023 04:00,0.0
11/02/2023 04:30,0.0
11/02/2023 04:30,0.0
11/02/2023 05:00,0.0
11/02/2023 05:00,0.0
11/02/2023 05:30,0.0
11/02/2023 05:30,0.0
11/02/2023 06:00,0.0
11/02/2023 06:00,0.0
11/02/2023 06:30,0.0
11/02/2023 06:30,0.0
11/02/2023 07:00,0.0
11/02/2023 07:00,0.0
11/02/2023 07:30,0.0
11/02/2023 07:30,0.0
11/02/2023 08:00,0.0
11/02/2023 08:00,0.0
11/02/2023 08:30,0.0
11/02/2023 08:30,0.0
11/02/2023 09:00,0.0
11/02/2023 09:00,0.0
11/02/2023 09:30,0.0
11/02/2023 09:30,0.0
11/02/2023 10:00,0.0
11/02/2023 10:00,0.0
11/02/2023 10:30,0.0
11/02/2023 10:30,0.0
11/02/2023 11:00,0.0
11/02/2023 11:00,0.0
11/02/2023 11:30,0.0
11/02/2023 11:30,0.0
11/02/2023 12:00,0.0
11/02/2023 12:00,0.0
11/02/2023 12:30,0.0
11/02/2023 12:30,0.0
11/02/2023 13:00,0.0
11/02/2023 13:00,0.0
11/02/2023 13:30,0.0
11/02/2023 13:30,0.0
11/02/2023 14:00,0.0
11/02/2023 14:00,0.0
11/02/2023 14:30,0.0
11/02/2023 14:30,0.0
11/02/2023 15:00,0.0
11/02/2023 15:00,0.0
11/02/2023 15:30,0.0
11/02/2023 15:30,0.0
11/02/2023 16:00,0.0
11/02/2023 16:00,0.0
11/02/2023 16:30,0.0
11/02/2023 16:30,0.0
11/02/2023 17:00,0.0
11/02/2023 17:00,0.0
11/02/2023 17:30,0.0
11/02/2023 17:30,0.0
11/02/2023 18:00,0.0
11/02/2023 18:00,0.0
11/02/2023 18:30,0.0
11/02/2023 18:30,0.0
11/02/2023 19:00,0.0
11/02/2023 19:00,0.0
11/02/2023 19:30,0.0
11/02/2023 19:30,0.0
11/02/2023 20:00,0.0
11/02/2023 20:00,0.0
11/02/2023 20:30,0.0
11/02/2023 20:30,0.0
11/02/2023 21:00,0.0
11/02/2023 21:00,0.0
11/02/2023 21:30,0.0
11/02/2023 21:30,0.0
11/02/2023 22:00,0.0
11/02/2023 22:00,0.0
11/02/2023 22:30,0.0
11/02/2023 22:30,0.0
11/02/2023 23:00,0.0
11/02/2023 23:00,0.0
11/02/2023 23:30,0.0
11/02/2023 23:30,0.0
11/03/2023 00:00,0.0
11/03/2023 00:30,0.0
11/03/2023 01:00,0.0
11/03/2023 01:30,0.0
11/03/2023 02:00,0.0
11/03/2023 02:30,0.0
11/03/2023 03:00,0.0
11/03/2023 03:30,0.0
11/03/2023 04:00,0.0
11/03/2023 04:30,0.0
11/03/2023 05:00,0.0
11/03/2023 05:30,0.0
11/03/2023 06:00,0.0
11/03/2023 06:30,0.0
11/03/2023 07:00,0.0
11/03/2023 07:30,0.0
11/03/2023 08:00,0.0
11/03/2023 08:30,0.0
11/03/2023 09:00,0.0
11/03/2023 09:30,0.0
11/03/2023 10:00,0.0
11/03/2023 10:30,0.0
11/03/2023 11:00,0.0
11/03/2023 11:30,0.0
11/03/2023 12:00,0.0
11/03/2023 12:30,0.0
11/03/2023 13:00,0.0
11/03/2023 13:30,0.0
11/03/2023 14:00,0.0
11/03/2023 14:30,0.0
11/03/2023 15:00,0.0
11/03/2023 15:30,0.0
11/03/2023 16:00,0.0
11/03/2023 16:30,0.0
11/03/2023 17:00,0.0
11/03/2023 17:30,0.0
11/03/2023 18:00,0.0
11/03/2023 18:30,0.0
11/03/2023 19:00,0.0
11/03/2023 19:30,0.0
11/03/2023 20:00,0.0
11/03/2023 20:30,0.0
11/03/2023 21:00,0.0
11/03/2023 21:30,0.0
11/03/2023 22:00,0.0
11/03/2023 22:30,0.0
11/03/2023 23:00,0.0
11/03/2023 23:30,0.0
11/04/2023 00:00,0.0
11/04/2023 00:30,0.0
11/04/2023 01:00,0.0
11/04/2023 01:30,0.0
11/04/2023 02:00,0.0
11/04/2023 02:30,0.0
11/04/2023 03:00,0.0
11/04/2023 03:30,0.0
11/04/2023 04:00,0.0
11/04/2023 04:30,0.0
11/04/2023 05:00,0.0
11/04/2023 05:30,0.0
11/04/2023 06:00,0.0
11/04/2023 06:30,0.0
11/04/2023 07:00,0.0
11/04/2023 07:30,0.0
11/04/2023 08:00,0.0
11/04/2023 08:30,0.0
11/04/2023 09:00,0.0
11/04/2023 09:30,0.0
11/04/2023 10:00,0.0
11/04/2023 10:30,0.0
11/04/2023 11:00,0.0
11/04/2023 11:30,0.0
11/04/2023 12:00,0.0
11/04/2023 12:30,0.0
11/04/2023 13:00,0.0
11/04/2023 13:30,0.0
11/04/2023 14:00,0.0
11/04/2023 14:30,0.0
11/04/2023 15:00,0.0
11/04/2023 15:30,0.0
11/04/2023 16:00,0.0
11/04/2023 16:30,0.0
11/04/2023 17:00,0.0
11/04/2023 17:30,0.0
11/04/2023 18:00,0.0
11/04/2023 18:30,0.0
11/04/2023 19:00,0.0
11/04/2023 19:30,0.0
11/04/2023 20:00,0.0
11/04/2023 20:30,0.0
11/04/2023 21:00,0.0
11/04/2023 21:30,0.0
11/04/2023 22:00,0.0
11/04/2023 22:30,0.0
11/04/2023 23:00,0.0
11/04/2023 23:30,0.0
11/05/2023 00:00,0.0
11/05/2023 00:30,0.0
11/05/2023 01:00,0.0
11/05/2023 01:30,0.0
11/05/2023 02:00,0.0
11/05/2023 02:30,0.0
11/05/2023 03:00,0.0
11/05/2023 03:30,0.0
11/05/2023 04:00,0.0
11/05/2023 04:30,0.0
11/05/2023 05:00,0.0
11/05/2023 05:30,0.0
11/05/2023 06:00,0.0
11/05/2023 06:30,0.0
11/05/2023 07:00,0.0
11/05/2023 07:30,0.0
11/05/2023 08:00,0.0
11/05/2023 08:30,0.0
11/05/2023 09:00,0.0
11/05/2023 09:30,0.0
11/05/2023 10:00,0.0
11/05/2023 10:30,0.0
11/05/2023 11:00,0.0
11/05/2023 11:30,0.0
11/05/2023 12:00,0.0
11/05/2023 12:30,0.0
11/05/2023 13:00,0.0
11/05/2023 13:30,0.0
11/05/2023 14:00,0.0
11/05/2023 14:30,0.0
11/05/2023 15:00,0.0
11/05/2023 15:30,0.0
11/05/2023 16:00,0.0
11/05/2023 16:30,0.0
11/05/2023 17:00,0.0
11/05/2023 17:30,0.0
11/05/2023 18:00,0.0
11/05/2023 18:30,0.0
11/05/2023 19:00,0.0
11/05/2023 19:30,0.0
11/05/2023 20:00,0.0
11/05/2023 20:30,0.0
11/05/2023 21:00,0.0
11/05/2023 21:30,0.0
11/05/2023 22:00,0.0
11/05/2023 22:30,0.0
11/05/2023 23:00,0.0
11/05/2023 23:30,0.0
11/06/2023 00:00,0.0
11/06/2023 00:30,0.0
11/06/2023 01:00,0.0
11/06/2023 01:30,0.0
11/06/2023 02:00,0.0
11/06/2023 02:30,0.0
11/06/2023 03:00,0.0
11/06/2023 03:30,0.0
11/06/2023 04:00,0.0
11/06/2023 04:30,0.0
11/06/2023 05:00,0.0
11/06/2023 05:30,0.0
11/06/2023 06:00,0.0
11/06/2023 06:30,0.0
11/06/2023 07:00,0.0
11/06/2023 07:30,0.0
11/06/2023 08:00,0.0
11/06/2023 08:30,0.0
11/06/2023 09:00,0.0
11/06/2023 09:30,0.0
11/06/2023 10:00,0.0
11/06/2023 10:30,0.0
11/06/2023 11:00,0.0
11/06/2023 11:30,0.0
11/06/2023 12:00,0.0
11/06/2023 12:30,0.0
11/06/2023 13:00,0.0
11/06/2023 13:30,0.0
11/06/2023 14:00,0.0
11/06/2023 14:30,0.0
11/06/2023 15:00,0.0
11/06/2023 15:30,0.0
11/06/2023 16:00,0.0
11/06/2023 16:30,0.0
11/06/2023 17:00,0.0
11/06/2023 17:30,0.0
11/06/2023 18:00,0.0
11/06/2023 18:30,0.0
11/06/2023 19:00,0.0
11/06/2023 19:30,0.0
11/06/2023 20:00,0.0
11/06/2023 20:30,0.0
11/06/2023 21:00,0.0
11/06/2023 21:30,0.0
11/06/2023 22:00,0.0
11/06/2023 22:30,0.0
11/06/2023 23:00,0.0
11/06/2023 23:30,0.0
11/07/2023 00:00,0.0
11/07/2023 00:30,0.0
11/07/2023 01:00,0.0
11/07/2023 01:30,0.0
11/07/2023 02:00,0.0
11/07/2023 02:30,0.0
11/07/2023 03:00,0.0
11/07/2023 03:30,0.0
11/07/2023 04:00,0.0
11/07/2023 04:30,0.0
11/07/2023 05:00,0.0
11/07/2023 05:30,0.0
11/07/2023 06:00,0.0
11/07/2023 06:30,0.0
11/07/2023 07:00,0.0
11/07/2023 07:30,0.0
11/07/2023 08:00,0.0
11/07/2023 08:30,0.0
11/07/2023 09:00,0.0
11/07/2023 09:30,0.0
11/07/2023 10:00,0.0
11/07/2023 10:30,0.0
11/07/2023 11:00,0.0
11/07/2023 11:30,0.0
11/07/2023 12:00,0.0
11/07/2023 12:30,0.0
11/07/2023 13:00,0.0
11/07/2023 13:30,0.0
11/07/2023 14:00,0.0
11/07/2023 14:30,0.0
11/07/2023 15:00,0.0
11/07/2023 15:30,0.0
11/07/2023 16:00,0.0
11/07/2023 16:30,0.0
11/07/2023 17:00,0.0
11/07/2023 17:30,0.0
11/07/2023 18:00,0.0
11/07/2023 18:30,0.0
11/07/2023 19:00,0.0
11/07/2023 19:30,0.0
11/07/2023 20:00,0.0
11/07/2023 20:30,0.0
11/07/2023 21:00,0.0
11/07/2023 21:30,0.0
11/07/2023 22:00,0.0
11/07/2023 22:30,0.0
11/07/2023 23:00,0.0
11/07/2023 23:30,0.0
11/08/2023 00:00,0.0
11/08/2023 00:30,0.0
11/08/2023 01:00,0.0
11/08/2023 01:30,0.0
11/08/2023 02:00,0.0
11/08/2023 02:30,0.0
11/08/2023 03:00,0.0
11/08/2023 03:30,0.0
11/08/2023 04:00,0.0
11/08/2023 04:30,0.0
11/08/2023 05:00,0.0
11/08/2023 05:30,0.0
11/08/2023 06:00,0.0
11/08/2023 06:30,0.0
11/08/2023 07:00,0.0
11/08/2023 07:30,0.0
11/08/2023 08:00,0.0
11/08/2023 08:30,0.0
11/08/2023 09:00,0.0
11/08/2023 09:30,0.0
11/08/2023 10:00,0.0
11/08/2023 10:30,0.0
11/08/2023 11:00,0.0
11/08/2023 11:30,0.0
11/08/2023 12:00,0.0
11/08/2023 12:30,0.0
11/08/2023 13:00,0.0
11/08/2023 13:30,0.0
11/08/2023 14:00,0.0
11/08/2023 14:30,0.0
11/08/2023 15:00,0.0
11/08/2023 15:30,0.0
11/08/2023 16:00,0.0
11/08/2023 16:30,0.0
11/08/2023 17:00,0.0
11/08/2023 17:30,0.0
11/08/2023 18:00,0.0
11/08/2023 18:30,0.0
11/08/2023 19:00,0.0
11/08/2023 19:30,0.0
11/08/2023 20:00,0.0
11/08/2023 20:30,0.0
11/08/2023 21:00,0.0
11/08/2023 21:30,0.0
11/08/2023 22:00,0.0
11/08/2023 22:30,0.0
11/08/2023 23:00,0.0
11/08/2023 23:30,0.0
11/09/2023 00:00,0.0
11/09/2023 00:30,0.0
11/09/2023 01:00,0.0
11/09/2023 01:30,0.0
11/09/2023 02:00,0.0
11/09/2023 02:30,0.0
11/09/2023 03:00,0.0
11/09/2023 03:30,0.0
11/09/2023 04:00,0.0
11/09/2023 04:30,0.0
11/09/2023 05:00,0.0
11/09/2023 05:30,0.0
11/09/2023 06:00,0.0
11/09/2023 06:30,0.0
11/09/2023 07:00,0.0
11/09/2023 07:30,0.0
11/09/2023 08:00,0.0
11/09/2023 08:30,0.0
11/09/2023 09:00,0.0
11/09/2023 09:30,0.0
11/09/2023 10:00,0.0
11/09/2023 10:30,0.0
11/09/2023 11:00,0.0
11/09/2023 11:30,0.0
11/09/2023 12:00,0.0
11/09/2023 12:30,0.0
11/09/2023 13:00,0.0
11/09/2023 13:30,0.0
11/09/2023 14:00,0.0
11/09/2023 14:30,0.0
11/09/2023 15:00,0.0
11/09/2023 15:30,0.0
11/09/2023 16:00,0.0
11/09/2023 16:30,0.0
11/09/2023 17:00,0.0
11/09/2023 17:30,0.0
11/09/2023 18:00,0.0
11/09/2023 18:30,0.0
11/09/2023 19:00,0.0
11/09/2023 19:30,0.0
11/09/2023 20:00,0.0
11/09/2023 20:30,0.0
11/09/2023 21:00,0.0
11/09/2023 21:30,0.0
11/09/2023 22:00,0.0
11/09/2023 22:30,0.0
11/09/2023 23:00,0.0
11/09/2023 23:30,0.0
11/10/2023 00:00,0.0
11/10/2023 00:30,0.0
11/10/2023 01:00,0.0
11/10/2023 01:30,0.0
11/10/2023 02:00,0.0
11/10/2023 02:30,0.0
11/10/2023 03:00,0.0
11/10/2023 03:30,0.0
11/10/2023 04:00,0.0
11/10/2023 04:30,0.0
11/10/2023 05:00,0.0
11/10/2023 05:30,0.0
11/10/2023 06:00,0.0
11/10/2023 06:30,0.0
11/10/2023 07:00,0.0
11/10/2023 07:30,0.0
11/10/2023 08:00,0.0
11/10/2023 08:30,0.0
11/10/2023 09:00,0.0
11/10/2023 09:30,0.0
11/10/2023 10:00,0.0
11/10/2023 10:30,0.0
11/10/2023 11:00,0.0
11/10/2023 11:30,0.0
11/10/2023 12:00,0.0
11/10/2023 12:30,0.0
11/10/2023 13:00,0.0
11/10/2023 13:30,0.0
11/10/2023 14:00,0.0
11/10/2023 14:30,0.0
11/10/2023 15:00,0.0
11/10/2023 15:30,0.0
11/10/2023 16:00,0.0
11/10/2023 16:30,0.0
11/10/2023 17:00,0.0
11/10/2023 17:30,0.0
11/10/2023 18:00,0.0
11/10/2023 18:30,0.0
11/10/2023 19:00,0.0
11/10/2023 19:30,0.0
11/10/2023 20:00,0.0
11/10/2023 20:30,0.0
11/10/2023 21:00,0.0
11/10/2023 21:30,0.0
11/10/2023 22:00,0.0
11/10/2023 22:30,0.0
11/10/2023 23:00,0.0
11/10/2023 23:30,0.0
11/11/2023 00:00,0.0
11/11/2023 00:30,0.0
11/11/2023 01:00,0.0
11/11/2023 01:30,0.0
11/11/2023 02:00,0.0
11/11/2023 02:30,0.0
11/11/2023 03:00,0.0
11/11/2023 03:30,0.0
11/11/2023 04:00,0.0
11/11/2023 04:30,0.0
11/11/2023 05:00,0.0
11/11/2023 05:30,0.0
11/11/2023 06:00,0.0
11/11/2023 06:30,0.0
11/11/2023 07:00,0.0
11/11/2023 07:30,0.0
11/11/2023 08:00,0.0
11/11/2023 08:30,0.0
11/11/2023 09:00,0.0
11/11/2023 09:30,0.0
11/11/2023 10:00,0.0
11/11/2023 10:30,0.0
11/11/2023 11:00,0.0
11/11/2023 11:30,0.0
11/11/2023 12:00,0.0
11/11/2023 12:30,0.0
11/11/2023 13:00,0.0
11/11/2023 13:30,0.0
11/11/2023 14:00,0.0
11/11/2023 14:30,0.0
11/11/2023 15:00,0.0
11/11/2023 15:30,0.0
11/11/2023 16:00,0.0
11/11/2023 16:30,0.0
11/11/2023 17:00,0.0
11/11/2023 17:30,0.0
11/11/2023 18:00,0.0
11/11/2023 18:30,0.0
11/11/2023 19:00,0.0
11/11/2023 19:30,0.0
11/11/2023 20:00,0.0
11/11/2023 20:30,0.0
11/11/2023 21:00,0.0
11/11/2023 21:30,0.0
11/11/2023 22:00,0.0
11/11/2023 22:30,0.0
11/11/2023 23:00,0.0
11/11/2023 23:30,0.0
11/12/2023 00:00,0.0
11/12/2023 00:30,0.0
11/12/2023 01:00,0.0
11/12/2023 01:30,0.0
11/12/2023 02:00,0.0
11/12/2023 02:30,0.0
11/12/2023 03:00,0.0
11/12/2023 03:30,0.0
11/12/2023 04:00,0.0
11/12/2023 04:30,0.0
11/12/2023 05:00,0.0
11/12/2023 05:30,0.0
11/12/2023 06:00,0.0
11/12/2023 06:30,0.0
11/12/2023 07:00,0.0
11/12/2023 07:30,0.0
11/12/2023 08:00,0.0
11/12/2023 08:30,0.0
11/12/2023 09:00,0.0
11/12/2023 09:30,0.0
11/12/2023 10:00,0.0
11/12/2023 10:30,0.0
11/12/2023 11:00,0.0
11/12/2023 11:30,0.0
11/12/2023 12:00,0.0
11/12/2023 12:30,0.0
11/12/2023 13:00,0.0
11/12/2023 13:30,0.0
11/12/2023 14:00,0.0
11/12/2023 14:30,0.0
11/12/2023 15:00,0.0
11/12/2023 15:30,0.0
11/12/2023 16:00,0.0
11/12/2023 16:30,0.0
11/12/2023 17:00,0.0
11/12/2023 17:30,0.0
11/12/2023 18:00,0.0
11/12/2023 18:30,0.0
11/12/2023 19:00,0.0
11/12/2023 19:30,0.0
11/12/2023 20:00,0.0
11/12/2023 20:30,0.0
11/12/2023 21:00,0.0
11/12/2023 21:30,0.0
11/12/2023 22:00,0.0
11/12/2023 22:30,0.0
11/12/2023 23:00,0.0
11/12/2023 23:30,0.0
11/13/2023 00:00,0.0
11/13/2023 00:30,0.0
11/13/2023 01:00,0.0
11/13/2023 01:30,0.0
11/13/2023 02:00,0.0
11/13/2023 02:30,0.0
11/13/2023 03:00,0.0
11/13/2023 03:30,0.0
11/13/2023 04:00,0.0
11/13/2023 04:30,0.0
11/13/2023 05:00,0.0
11/13/2023 05:30,0.0
11/13/2023 06:00,0.0
11/13/2023 06:30,0.0
11/13/2023 07:00,0.0
11/13/2023 07:30,0.0
11/13/2023 08:00,0.0
11/13/2023 08:30,0.0
11/13/2023 09:00,0.0
11/13/2023 09:30,0.0
11/13/2023 10:00,0.0
11/13/2023 10:30,0.0
11/13/2023 11:00,0.0
11/13/2023 11:30,0.0
11/13/2023 12:00,0.0
11/13/2023 12:30,0.0
11/13/2023 13:00,0.0
11/13/2023 13:30,0.0
11/13/2023 14:00,0.0
11/13/2023 14:30,0.0
11/13/2023 15:00,0.0
11/13/2023 15:30,0.0
11/13/2023 16:00,0.0
11/13/2023 16:30,0.0
11/13/2023 17:00,0.0
11/13/2023 17:30,0.0
11/13/2023 18:00,0.0
11/13/2023 18:30,0.0
11/13/2023 19:00,0.0
11/13/2023 19:30,0.0
11/13/2023 20:00,0.0
11/13/2023 20:30,0.0
11/13/2023 21:00,0.0
11/13/2023 21:30,0.0
11/13/2023 22:00,0.0
11/13/2023 22:30,0.0
11/13/2023 23:00,0.0
11/13/2023 23:30,0.0
11/14/2023 00:00,0.0
11/14/2023 00:30,0.0
11/14/2023 01:00,0.0
11/14/2023 01:30,0.0
11/14/2023 02:00,0.0
11/14/2023 02:30,0.0
11/14/2023 03:00,0.0
11/14/2023 03:30,0.0
11/14/2023 04:00,0.0
11/14/2023 04:30,0.0
11/14/2023 05:00,0.0
11/14/2023 05:30,0.0
11/14/2023 06:00,0.0
11/14/2023 06:30,0.0
11/14/2023 07:00,0.0
11/14/2023 07:30,0.0
11/14/2023 08:00,0.0
11/14/2023 08:30,0.0
11/14/2023 09:00,0.0
11/14/2023 09:30,0.0
11/14/2023 10:00,0.0
11/14/2023 10:30,0.0
11/14/2023 11:00,0.0
11/14/2023 11:30,0.0
11/14/2023 12:00,0.0
11/14/2023 12:30,0.0
11/14/2023 13:00,0.0
11/14/2023 13:30,0.0
11/14/2023 14:00,0.0
11/14/2023 14:30,0.0
11/14/2023 15:00,0.0
11/14/2023 15:30,0.0
11/14/2023 16:00,0.0
11/14/2023 16:30,0.0
11/14/2023 17:00,0.0
11/14/2023 17:30,0.0
11/14/2023 18:00,0.0
11/14/2023 18:30,0.0
11/14/2023 19:00,0.0
11/14/2023 19:30,0.0
11/14/2023 20:00,0.0
11/14/2023 20:30,0.0
11/14/2023 21:00,0.0
11/14/2023 21:30,0.0
11/14/2023 22:00,0.0
11/14/2023 22:30,0.0
11/14/2023 23:00,0.0
11/14/2023 23:30,0.0
11/15/2023 00:00,0.0
11/15/2023 00:30,0.0
11/15/2023 01:00,0.0
11/15/2023 01:30,0.0
11/15/2023 02:00,0.0
11/15/2023 02:30,0.0
11/15/2023 03:00,0.0
11/15/2023 03:30,0.0
11/15/2023 04:00,0.0
11/15/2023 04:30,0.0
11/15/2023 05:00,0.0
11/15/2023 05:30,0.0
11/15/2023 06:00,0.0
11/15/2023 06:30,0.0
11/15/2023 07:00,0.0
11/15/2023 07:30,0.0
11/15/2023 08:00,0.0
11/15/2023 08:30,0.0
11/15/2023 09:00,0.0
11/15/2023 09:30,0.0
11/15/2023 10:00,0.0
11/15/2023 10:30,0.0
11/15/2023 11:00,0.0
11/15/2023 11:30,0.0
11/15/2023 12:00,0.0
11/15/2023 12:30,0.0
11/15/2023 13:00,0.0
11/15/2023 13:30,0.0
11/15/2023 14:00,0.0
11/15/2023 14:30,0.0
11/15/2023 15:00,0.0
11/15/2023 15:30,0.0
11/15/2023 16:00,0.0
11/15/2023 16:30,0.0
11/15/2023 17:00,0.0
11/15/2023 17:30,0.0
11/15/2023 18:00,0.0
11/15/2023 18:30,0.0
11/15/2023 19:00,0.0
11/15/2023 19:30,0.0
11/15/2023 20:00,0.0
11/15/2023 20:30,0.0
11/15/2023 21:00,0.0
11/15/2023 21:30,0.0
11/15/2023 22:00,0.0
11/15/2023 22:30,0.0
11/15/2023 23:00,0.0
11/15/2023 23:30,0.0
11/16/2023 00:00,0.0
11/16/2023 00:30,0.0
11/16/2023 01:00,0.0
11/16/2023 01:30,0.0
11/16/2023 02:00,0.0
11/16/2023 02:30,0.0
11/16/2023 03:00,0.0
11/16/2023 03:30,0.0
11/16/2023 04:00,0.0
11/16/2023 04:30,0.0
11/16/2023 05:00,0.0
11/16/2023 05:30,0.0
11/16/2023 06:00,0.0
11/16/2023 06:30,0.0
11/16/2023 07:00,0.0
11/16/2023 07:30,0.0
11/16/2023 08:00,0.0
11/16/2023 08:30,0.0
11/16/2023 09:00,0.0
11/16/2023 09:30,0.0
11/16/2023 10:00,0.0
11/16/2023 10:30,0.0
11/16/2023 11:00,0.0
11/16/2023 11:30,0.0
11/16/2023 12:00,0.0
11/16/2023 12:30,0.0
11/16/2023 13:00,0.0
11/16/2023 13:30,0.0
11/16/2023 14:00,0.0
11/16/2023 14:30,0.0
11/16/2023 15:00,0.0
11/16/2023 15:30,0.0
11/16/2023 16:00,0.0
11/16/2023 16:30,0.0
11/16/2023 17:00,0.0
11/16/2023 17:30,0.0
11/16/2023 18:00,0.0
11/16/2023 18:30,0.0
11/16/2023 19:00,0.0
11/16/2023 19:30,0.0
11/16/2023 20:00,0.0
11/16/2023 20:30,0.0
11/16/2023 21:00,0.0
11/16/2023 21:30,0.0
11/16/2023 22:00,0.0
11/16/2023 22:30,0.0
11/16/2023 23:00,0.0
11/16/2023 23:30,0.0
11/17/2023 00:00,0.0
11/17/2023 00:00,0.0
11/17/2023 00:00,0.0
11/17/2023 00:00,0.0
11/17/2023 00:00,0.0
11/17/2023 00:30,0.0
11/17/2023 00:30,0.0
11/17/2023 00:30,0.0
11/17/2023 00:30,0.0
11/17/2023 00:30,0.0
11/17/2023 01:00,0.0
11/17/2023 01:00,0.0
11/17/2023 01:00,0.0
11/17/2023 01:00,0.0
11/17/2023 01:00,0.0
11/17/2023 01:30,0.0
11/17/2023 01:30,0.0
11/17/2023 01:30,0.0
11/17/2023 01:30,0.0
11/17/2023 01:30,0.0
11/17/2023 02:00,0.0
11/17/2023 02:00,0.0
11/17/2023 02:00,0.0
11/17/2023 02:00,0.0
11/17/2023 02:00,0.0
11/17/2023 02:30,0.0
11/17/2023 02:30,0.0
11/17/2023 02:30,0.0
11/17/2023 02:30,0.0
11/17/2023 02:30,0.0
11/17/2023 03:00,0.0
11/17/2023 03:00,0.0
11/17/2023 03:00,0.0
11/17/2023 03:00,0.0
11/17/2023 03:00,0.0
11/17/2023 03:30,0.0
11/17/2023 03:30,0.0
11/17/2023 03:30,0.0
11/17/2023 03:30,0.0
11/17/2023 03:30,0.0
11/17/2023 04:00,0.0
11/17/2023 04:00,0.0
11/17/2023 04:00,0.0
11/17/2023 04:00,0.0
11/17/2023 04:00,0.0
11/17/2023 04:30,0.0
11/17/2023 04:30,0.0
11/17/2023 04:30,0.0
11/17/2023 04:30,0.0
11/17/2023 04:30,0.0
11/17/2023 05:00,0.0
11/17/2023 05:00,0.0
11/17/2023 05:00,0.0
11/17/2023 05:00,0.0
11/17/2023 05:00,0.0
11/17/2023 05:30,0.0
11/17/2023 05:30,0.0
11/17/2023 05:30,0.0
11/17/2023 05:30,0.0
11/17/2023 05:30,0.0
11/17/2023 06:00,0.0
11/17/2023 06:00,0.0
11/17/2023 06:00,0.0
11/17/2023 06:00,0.0
11/17/2023 06:00,0.0
11/17/2023 06:30,0.0
11/17/2023 06:30,0.0
11/17/2023 06:30,0.0
11/17/2023 06:30,0.0
11/17/2023 06:30,0.0
11/17/2023 07:00,0.0
11/17/2023 07:00,0.0
11/17/2023 07:00,0.0
11/17/2023 07:00,0.0
11/17/2023 07:00,0.0
11/17/2023 07:30,0.0
11/17/2023 07:30,0.0
11/17/2023 07:30,0.0
11/17/2023 07:30,0.0
11/17/2023 07:30,0.0
11/17/2023 08:00,0.0
11/17/2023 08:00,0.0
11/17/2023 08:00,0.0
11/17/2023 08:00,0.0
11/17/2023 08:00,0.0
11/17/2023 08:30,0.0
11/17/2023 08:30,0.0
11/17/2023 08:30,0.0
11/17/2023 08:30,0.0
11/17/2023 08:30,0.0
11/17/2023 09:00,0.0
11/17/2023 09:00,0.0
11/17/2023 09:00,0.0
11/17/2023 09:00,0.0
11/17/2023 09:00,0.0
11/17/2023 09:30,0.0
11/17/2023 09:30,0.0
11/17/2023 09:30,0.0
11/17/2023 09:30,0.0
11/17/2023 09:30,0.0
11/17/2023 10:00,0.0
11/17/2023 10:00,0.0
11/17/2023 10:00,0.0
11/17/2023 10:00,0.0
11/17/2023 10:00,0.0
11/17/2023 10:30,0.0
11/17/2023 10:30,0.0
11/17/2023 10:30,0.0
11/17/2023 10:30,0.0
11/17/2023 10:30,0.0
11/17/2023 11:00,0.0
11/17/2023 11:00,0.0
11/17/2023 11:00,0.0
11/17/2023 11:00,0.0
11/17/2023 11:00,0.0
11/17/2023 11:30,0.0
11/17/2023 11:30,0.0
11/17/2023 11:30,0.0
11/17/2023 11:30,0.0
11/17/2023 11:30,0.0
11/17/2023 12:00,0.0
11/17/2023 12:00,0.0
11/17/2023 12:00,0.0
11/17/2023 12:00,0.0
11/17/2023 12:00,0.0
11/17/2023 12:30,0.0
11/17/2023 12:30,0.0
11/17/2023 12:30,0.0
11/17/2023 12:30,0.0
11/17/2023 12:30,0.0
11/17/2023 13:00,0.0
11/17/2023 13:00,0.0
11/17/2023 13:00,0.0
11/17/2023 13:00,0.0
11/17/2023 13:00,0.0
11/17/2023 13:30,0.0
11/17/2023 13:30,0.0
11/17/2023 13:30,0.0
11/17/2023 13:30,0.0
11/17/2023 13:30,0.0
11/17/2023 14:00,0.0
11/17/2023 14:00,0.0
11/17/2023 14:00,0.0
11/17/2023 14:00,0.0
11/17/2023 14:00,0.0
11/17/2023 14:30,0.0
11/17/2023 14:30,0.0
11/17/2023 14:30,0.0
11/17/2023 14:30,0.0
11/17/2023 14:30,0.0
11/17/2023 15:00,0.0
11/17/2023 15:00,0.0
11/17/2023 15:00,0.0
11/17/2023 15:00,0.0
11/17/2023 15:00,0.0
11/17/2023 15:30,0.0
11/17/2023 15:30,0.0
11/17/2023 15:30,0.0
11/17/2023 15:30,0.0
11/17/2023 15:30,0.0
11/17/2023 16:00,0.0
11/17/2023 16:00,0.0
11/17/2023 16:00,0.0
11/17/2023 16:00,0.0
11/17/2023 16:00,0.0
11/17/2023 16:30,0.0
11/17/2023 16:30,0.0
11/17/2023 16:30,0.0
11/17/2023 16:30,0.0
11/17/2023 16:30,0.0
11/17/2023 17:00,0.0
11/17/2023 17:00,0.0
11/17/2023 17:00,0.0
11/17/2023 17:00,0.0
11/17/2023 17:00,0.0
11/17/2023 17:30,0.0
11/17/2023 17:30,0.0
11/17/2023 17:30,0.0
11/17/2023 17:30,0.0
11/17/2023 17:30,0.0
11/17/2023 18:00,0.0
11/17/2023 18:00,0.0
11/17/2023 18:00,0.0
11/17/2023 18:00,0.0
11/17/2023 18:00,0.0
11/17/2023 18:30,0.0
11/17/2023 18:30,0.0
11/17/2023 18:30,0.0
11/17/2023 18:30,0.0
11/17/2023 18:30,0.0
11/17/2023 19:00,0.0
11/17/2023 19:00,0.0
11/17/2023 19:00,0.0
11/17/2023 19:00,0.0
11/17/2023 19:00,0.0
11/17/2023 19:30,0.0
11/17/2023 19:30,0.0
11/17/2023 19:30,0.0
11/17/2023 19:30,0.0
11/17/2023 19:30,0.0
11/17/2023 20:00,0.0
11/17/2023 20:00,0.0
11/17/2023 20:00,0.0
11/17/2023 20:00,0.0
11/17/2023 20:00,0.0
11/17/2023 20:30,0.0
11/17/2023 20:30,0.0
11/17/2023 20:30,0.0
11/17/2023 20:30,0.0
11/17/2023 20:30,0.0
11/17/2023 21:00,0.0
11/17/2023 21:00,0.0
11/17/2023 21:00,0.0
11/17/2023 21:00,0.0
11/17/2023 21:00,0.0
11/17/2023 21:30,0.0
11/17/2023 21:30,0.0
11/17/2023 21:30,0.0
11/17/2023 21:30,0.0
11/17/2023 21:30,0.0
11/17/2023 22:00,0.0
11/17/2023 22:00,0.0
11/17/2023 22:00,0.0
11/17/2023 22:00,0.0
11/17/2023 22:00,0.0
11/17/2023 22:30,0.0
11/17/2023 22:30,0.0
11/17/2023 22:30,0.0
11/17/2023 22:30,0.0
11/17/2023 22:30,0.0
11/17/2023 23:00,0.0
11/17/2023 23:00,0.0
11/17/2023 23:00,0.0
11/17/2023 23:00,0.0
11/17/2023 23:00,0.0
11/17/2023 23:30,0.0
11/17/2023 23:30,0.0
11/17/2023 23:30,0.0
11/17/2023 23:30,0.0
11/17/2023 23:30,0.0
11/18/2023 00:00,0.0
11/18/2023 00:00,0.0
11/18/2023 00:00,0.0
11/18/2023 00:00,0.0
11/18/2023 00:00,0.0
11/18/2023 00:30,0.0
11/18/2023 00:30,0.0
11/18/2023 00:30,0.0
11/18/2023 00:30,0.0
11/18/2023 00:30,0.0
11/18/2023 01:00,0.0
11/18/2023 01:00,0.0
11/18/2023 01:00,0.0
11/18/2023 01:00,0.0
11/18/2023 01:00,0.0
11/18/2023 01:30,0.0
11/18/2023 01:30,0.0
11/18/2023 01:30,0.0
11/18/2023 01:30,0.0
11/18/2023 01:30,0.0
11/18/2023 02:00,0.0
11/18/2023 02:00,0.0
11/18/2023 02:00,0.0
11/18/2023 02:00,0.0
11/18/2023 02:00,0.0
11/18/2023 02:30,0.0
11/18/2023 02:30,0.0
11/18/2023 02:30,0.0
11/18/2023 02:30,0.0
11/18/2023 02:30,0.0
11/18/2023 03:00,0.0
11/18/2023 03:00,0.0
11/18/2023 03:00,0.0
11/18/2023 03:00,0.0
11/18/2023 03:00,0.0
11/18/2023 03:30,0.0
11/18/2023 03:30,0.0
11/18/2023 03:30,0.0
11/18/2023 03:30,0.0
11/18/2023 03:30,0.0
11/18/2023 04:00,0.0
11/18/2023 04:00,0.0
11/18/2023 04:00,0.0
11/18/2023 04:00,0.0
11/18/2023 04:00,0.0
11/18/2023 04:30,0.0
11/18/2023 04:30,0.0
11/18/2023 04:30,0.0
11/18/2023 04:30,0.0
11/18/2023 04:30,0.0
11/18/2023 05:00,0.0
11/18/2023 05:00,0.0
11/18/2023 05:00,0.0
11/18/2023 05:00,0.0
11/18/2023 05:00,0.0
11/18/2023 05:30,0.0
11/18/2023 05:30,0.0
11/18/2023 05:30,0.0
11/18/2023 05:30,0.0
11/18/2023 05:30,0.0
11/18/2023 06:00,0.0
11/18/2023 06:00,0.0
11/18/2023 06:00,0.0
11/18/2023 06:00,0.0
11/18/2023 06:00,0.0
11/18/2023 06:30,0.0
11/18/2023 06:30,0.0
11/18/2023 06:30,0.0
11/18/2023 06:30,0.0
11/18/2023 06:30,0.0
11/18/2023 07:00,0.0
11/18/2023 07:00,0.0
11/18/2023 07:00,0.0
11/18/2023 07:00,0.0
11/18/2023 07:00,0.0
11/18/2023 07:30,0.0
11/18/2023 07:30,0.0
11/18/2023 07:30,0.0
11/18/2023 07:30,0.0
11/18/2023 07:30,0.0
11/18/2023 08:00,0.0
11/18/2023 08:00,0.0
11/18/2023 08:00,0.0
11/18/2023 08:00,0.0
11/18/2023 08:00,0.0
11/18/2023 08:30,0.0
11/18/2023 08:30,0.0
11/18/2023 08:30,0.0
11/18/2023 08:30,0.0
11/18/2023 08:30,0.0
11/18/2023 09:00,0.0
11/18/2023 09:00,0.0
11/18/2023 09:00,0.0
11/18/2023 09:00,0.0
11/18/2023 09:00,0.0
11/18/2023 09:30,0.0
11/18/2023 09:30,0.0
11/18/2023 09:30,0.0
11/18/2023 09:30,0.0
11/18/2023 09:30,0.0
11/18/2023 10:00,0.0
11/18/2023 10:00,0.0
11/18/2023 10:00,0.0
11/18/2023 10:00,0.0
11/18/2023 10:00,0.0
11/18/2023 10:30,0.0
11/18/2023 10:30,0.0
11/18/2023 10:30,0.0
11/18/2023 10:30,0.0
11/18/2023 10:30,0.0
11/18/2023 11:00,0.0
11/18/2023 11:00,0.0
11/18/2023 11:00,0.0
11/18/2023 11:00,0.0
11/18/2023 11:00,0.0
11/18/2023 11:30,0.0
11/18/2023 11:30,0.0
11/18/2023 11:30,0.0
11/18/2023 11:30,0.0
11/18/2023 11:30,0.0
11/18/2023 12:00,0.0
11/18/2023 12:00,0.0
11/18/2023 12:00,0.0
11/18/2023 12:00,0.0
11/18/2023 12:00,0.0
11/18/2023 12:30,0.0
11/18/2023 12:30,0.0
11/18/2023 12:30,0.0
11/18/2023 12:30,0.0
11/18/2023 12:30,0.0
11/18/2023 13:00,0.0
11/18/2023 13:00,0.0
11/18/2023 13:00,0.0
11/18/2023 13:00,0.0
11/18/2023 13:00,0.0
11/18/2023 13:30,0.0
11/18/2023 13:30,0.0
11/18/2023 13:30,0.0
11/18/2023 13:30,0.0
11/18/2023 13:30,0.0
11/18/2023 14:00,0.0
11/18/2023 14:00,0.0
11/18/2023 14:00,0.0
11/18/2023 14:00,0.0
11/18/2023 14:00,0.0
11/18/2023 14:30,0.0
11/18/2023 14:30,0.0
11/18/2023 14:30,0.0
11/18/2023 14:30,0.0
11/18/2023 14:30,0.0
11/18/2023 15:00,0.0
11/18/2023 15:00,0.0
11/18/2023 15:00,0.0
11/18/2023 15:00,0.0
11/18/2023 15:00,0.0
11/18/2023 15:30,0.0
11/18/2023 15:30,0.0
11/18/2023 15:30,0.0
11/18/2023 15:30,0.0
11/18/2023 15:30,0.0
11/18/2023 16:00,0.0
11/18/2023 16:00,0.0
11/18/2023 16:00,0.0
11/18/2023 16:00,0.0
11/18/2023 16:00,0.0
11/18/2023 16:30,0.0
11/18/2023 16:30,0.0
11/18/2023 16:30,0.0
11/18/2023 16:30,0.0
11/18/2023 16:30,0.0
11/18/2023 17:00,0.0
11/18/2023 17:00,0.0
11/18/2023 17:00,0.0
11/18/2023 17:00,0.0
11/18/2023 17:00,0.0
11/18/2023 17:30,0.0
11/18/2023 17:30,0.0
11/18/2023 17:30,0.0
11/18/2023 17:30,0.0
11/18/2023 17:30,0.0
11/18/2023 18:00,0.0
11/18/2023 18:00,0.0
11/18/2023 18:00,0.0
11/18/2023 18:00,0.0
11/18/2023 18:00,0.0
11/18/2023 18:30,0.0
11/18/2023 18:30,0.0
11/18/2023 18:30,0.0
11/18/2023 18:30,0.0
11/18/2023 18:30,0.0
11/18/2023 19:00,0.0
11/18/2023 19:00,0.0
11/18/2023 19:00,0.0
11/18/2023 19:00,0.0
11/18/2023 19:00,0.0
11/18/2023 19:30,0.0
11/18/2023 19:30,0.0
11/18/2023 19:30,0.0
11/18/2023 19:30,0.0
11/18/2023 19:30,0.0
11/18/2023 20:00,0.0
11/18/2023 20:00,0.0
11/18/2023 20:00,0.0
11/18/2023 20:00,0.0
11/18/2023 20:00,0.0
11/18/2023 20:30,0.0
11/18/2023 20:30,0.0
11/18/2023 20:30,0.0
11/18/2023 20:30,0.0
11/18/2023 20:30,0.0
11/18/2023 21:00,0.0
11/18/2023 21:00,0.0
11/18/2023 21:00,0.0
11/18/2023 21:00,0.0
11/18/2023 21:00,0.0
11/18/2023 21:30,0.0
11/18/2023 21:30,0.0
11/18/2023 21:30,0.0
11/18/2023 21:30,0.0
11/18/2023 21:30,0.0
11/18/2023 22:00,0.0
11/18/2023 22:00,0.0
11/18/2023 22:00,0.0
11/18/2023 22:00,0.0
11/18/2023 22:00,0.0
11/18/2023 22:30,0.0
11/18/2023 22:30,0.0
11/18/2023 22:30,0.0
11/18/2023 22:30,0.0
11/18/2023 22:30,0.0
11/18/2023 23:00,0.0
11/18/2023 23:00,0.0
11/18/2023 23:00,0.0
11/18/2023 23:00,0.0
11/18/2023 23:00,0.0
11/18/2023 23:30,0.0
11/18/2023 23:30,0.0
11/18/2023 23:30,0.0
11/18/2023 23:30,0.0
11/18/2023 23:30,0.0
11/19/2023 00:00,0.0
11/19/2023 00:30,0.0
11/19/2023 01:00,0.0
11/19/2023 01:30,0.0
11/19/2023 02:00,0.0
11/19/2023 02:30,0.0
11/19/2023 03:00,0.0
11/19/2023 03:30,0.0
11/19/2023 04:00,0.0
11/19/2023 04:30,0.0
11/19/2023 05:00,0.0
11/19/2023 05:30,0.0
11/19/2023 06:00,0.0
11/19/2023 06:30,0.0
11/19/2023 07:00,0.0
11/19/2023 07:30,0.0
11/19/2023 08:00,0.0
11/19/2023 08:30,0.0
11/19/2023 09:00,0.0
11/19/2023 09:30,0.0
11/19/2023 10:00,0.0
11/19/2023 10:30,0.0
11/19/2023 11:00,0.0
11/19/2023 11:30,0.0
11/19/2023 12:00,0.0
11/19/2023 12:30,0.0
11/19/2023 13:00,0.0
11/19/2023 13:30,0.0
11/19/2023 14:00,0.0
11/19/2023 14:30,0.0
11/19/2023 15:00,0.0
11/19/2023 15:30,0.0
11/19/2023 16:00,0.0
11/19/2023 16:30,0.0
11/19/2023 17:00,0.0
11/19/2023 17:30,0.0
11/19/2023 18:00,0.0
11/19/2023 18:30,0.0
11/19/2023 19:00,0.0
11/19/2023 19:30,0.0
11/19/2023 20:00,0.0
11/19/2023 20:30,0.0
11/19/2023 21:00,0.0
11/19/2023 21:30,0.0
11/19/2023 22:00,0.0
11/19/2023 22:30,0.0
11/19/2023 23:00,0.0
11/19/2023 23:30,0.0
11/20/2023 00:00,0.0
11/20/2023 00:30,0.0
11/20/2023 01:00,0.0
11/20/2023 01:30,0.0
11/20/2023 02:00,0.0
11/20/2023 02:30,0.0
11/20/2023 03:00,0.0
11/20/2023 03:30,0.0
11/20/2023 04:00,0.0
11/20/2023 04:30,0.0
11/20/2023 05:00,0.0
11/20/2023 05:30,0.0
11/20/2023 06:00,0.0
11/20/2023 06:30,0.0
11/20/2023 07:00,0.0
11/20/2023 07:30,0.0
11/20/2023 08:00,0.0
11/20/2023 08:30,0.0
11/20/2023 09:00,0.0
11/20/2023 09:30,0.0
11/20/2023 10:00,0.0
11/20/2023 10:30,0.0
11/20/2023 11:00,0.0
11/20/2023 11:30,0.0
11/20/2023 12:00,0.0
11/20/2023 12:30,0.0
11/20/2023 13:00,0.0
11/20/2023 13:30,0.0
11/20/2023 14:00,0.0
11/20/2023 14:30,0.0
11/20/2023 15:00,0.0
11/20/2023 15:30,0.0
11/20/2023 16:00,0.0
11/20/2023 16:30,0.0
11/20/2023 17:00,0.0
11/20/2023 17:30,0.0
11/20/2023 18:00,0.0
11/20/2023 18:30,0.0
11/20/2023 19:00,0.0
11/20/2023 19:30,0.0
11/20/2023 20:00,0.0
11/20/2023 20:30,0.0
11/20/2023 21:00,0.0
11/20/2023 21:30,0.0
11/20/2023 22:00,0.0
11/20/2023 22:30,0.0
11/20/2023 23:00,0.0
11/20/2023 23:30,0.0
11/21/2023 00:00,0.0
11/21/2023 00:30,0.0
11/21/2023 01:00,0.0
11/21/2023 01:30,0.0
11/21/2023 02:00,0.0
11/21/2023 02:30,0.0
11/21/2023 03:00,0.0
11/21/2023 03:30,0.0
11/21/2023 04:00,0.0
11/21/2023 04:30,0.0
11/21/2023 05:00,0.0
11/21/2023 05:30,0.0
11/21/2023 06:00,0.0
11/21/2023 06:30,0.0
11/21/2023 07:00,0.0
11/21/2023 07:30,0.0
11/21/2023 08:00,0.0
11/21/2023 08:30,0.0
11/21/2023 09:00,0.0
11/21/2023 09:30,0.0
11/21/2023 10:00,0.0
11/21/2023 10:30,0.0
11/21/2023 11:00,0.0
11/21/2023 11:30,0.0
11/21/2023 12:00,0.0
11/21/2023 12:30,0.0
11/21/2023 13:00,0.0
11/21/2023 13:30,0.0
11/21/2023 14:00,0.0
11/21/2023 14:30,0.0
11/21/2023 15:00,0.0
11/21/2023 15:30,0.0
11/21/2023 16:00,0.0
11/21/2023 16:30,0.0
11/21/2023 17:00,0.0
11/21/2023 17:30,0.0
11/21/2023 18:00,0.0
11/21/2023 18:30,0.0
11/21/2023 19:00,0.0
11/21/2023 19:30,0.0
11/21/2023 20:00,0.0
11/21/2023 20:30,0.0
11/21/2023 21:00,0.0
11/21/2023 21:30,0.0
11/21/2023 22:00,0.0
11/21/2023 22:30,0.0
11/21/2023 23:00,0.0
11/21/2023 23:30,0.0
11/22/2023 00:00,0.0
11/22/2023 00:30,0.0
11/22/2023 01:00,0.0
11/22/2023 01:30,0.0
11/22/2023 02:00,0.0
11/22/2023 02:30,0.0
11/22/2023 03:00,0.0
11/22/2023 03:30,0.0
11/22/2023 04:00,0.0
11/22/2023 04:30,0.0
11/22/2023 05:00,0.0
11/22/2023 05:30,0.0
11/22/2023 06:00,0.0
11/22/2023 06:30,0.0
11/22/2023 07:00,0.0
11/22/2023 07:30,0.0
11/22/2023 08:00,0.0
11/22/2023 08:30,0.0
11/22/2023 09:00,0.0
11/22/2023 09:30,0.0
11/22/2023 10:00,0.0
11/22/2023 10:30,0.0
11/22/2023 11:00,0.0
11/22/2023 11:30,0.0
11/22/2023 12:00,0.0
11/22/2023 12:30,0.0
11/22/2023 13:00,0.0
11/22/2023 13:30,0.0
11/22/2023 14:00,0.0
11/22/2023 14:30,0.0
11/22/2023 15:00,0.0
11/22/2023 15:30,0.0
11/22/2023 16:00,0.0
11/22/2023 16:30,0.0
11/22/2023 17:00,0.0
11/22/2023 17:30,0.0
11/22/2023 18:00,0.0
11/22/2023 18:30,0.0
11/22/2023 19:00,0.0
11/22/2023 19:30,0.0
11/22/2023 20:00,0.0
11/22/2023 20:30,0.0
11/22/2023 21:00,0.0
11/22/2023 21:30,0.0
11/22/2023 22:00,0.0
11/22/2023 22:30,0.0
11/22/2023 23:00,0.0
11/22/2023 23:30,0.0
11/23/2023 00:00,0.0
11/23/2023 00:30,0.0
11/23/2023 01:00,0.0
11/23/2023 01:30,0.0
11/23/2023 02:00,0.0
11/23/2023 02:30,0.0
11/23/2023 03:00,0.0
11/23/2023 03:30,0.0
11/23/2023 04:00,0.0
11/23/2023 04:30,0.0
11/23/2023 05:00,0.0
11/23/2023 05:30,0.0
11/23/2023 06:00,0.0
11/23/2023 06:30,0.0
11/23/2023 07:00,0.0
11/23/2023 07:30,0.0
11/23/2023 08:00,0.0
11/23/2023 08:30,0.0
11/23/2023 09:00,0.0
11/23/2023 09:30,0.0
11/23/2023 10:00,0.0
11/23/2023 10:30,0.0
11/23/2023 11:00,0.0
11/23/2023 11:30,0.0
11/23/2023 12:00,0.0
11/23/2023 12:30,0.0
11/23/2023 13:00,0.0
11/23/2023 13:30,0.0
11/23/2023 14:00,0.0
11/23/2023 14:30,0.0
11/23/2023 15:00,0.0
11/23/2023 15:30,0.0
11/23/2023 16:00,0.0
11/23/2023 16:30,0.0
11/23/2023 17:00,0.0
11/23/2023 17:30,0.0
11/23/2023 18:00,0.0
11/23/2023 18:30,0.0
11/23/2023 19:00,0.0
11/23/2023 19:30,0.0
11/23/2023 20:00,0.0
11/23/2023 20:30,0.0
11/23/2023 21:00,0.0
11/23/2023 21:30,0.0
11/23/2023 22:00,0.0
11/23/2023 22:30,0.0
11/23/2023 23:00,0.0
11/23/2023 23:30,0.0
11/24/2023 00:00,0.0
11/24/2023 00:30,0.0
11/24/2023 01:00,0.0
11/24/2023 01:30,0.0
11/24/2023 02:00,0.0
11/24/2023 02:30,0.0
11/24/2023 03:00,0.0
11/24/2023 03:30,0.0
11/24/2023 04:00,0.0
11/24/2023 04:30,0.0
11/24/2023 05:00,0.0
11/24/2023 05:30,0.0
11/24/2023 06:00,0.0
11/24/2023 06:30,0.0
11/24/2023 07:00,0.0
11/24/2023 07:30,0.0
11/24/2023 08:00,0.0
11/24/2023 08:30,0.0
11/24/2023 09:00,0.0
11/24/2023 09:30,0.0
11/24/2023 10:00,0.0
11/24/2023 10:30,0.0
11/24/2023 11:00,0.0
11/24/2023 11:30,0.0
11/24/2023 12:00,0.0
11/24/2023 12:30,0.0
11/24/2023 13:00,0.0
11/24/2023 13:30,0.0
11/24/2023 14:00,0.0
11/24/2023 14:30,0.0
11/24/2023 15:00,0.0
11/24/2023 15:30,0.0
11/24/2023 16:00,0.0
11/24/2023 16:30,0.0
11/24/2023 17:00,0.0
11/24/2023 17:30,0.0
11/24/2023 18:00,0.0
11/24/2023 18:30,0.0
11/24/2023 19:00,0.0
11/24/2023 19:30,0.0
11/24/2023 20:00,0.0
11/24/2023 20:30,0.0
11/24/2023 21:00,0.0
11/24/2023 21:30,0.0
11/24/2023 22:00,0.0
11/24/2023 22:30,0.0
11/24/2023 23:00,0.0
11/24/2023 23:30,0.0
11/25/2023 00:00,0.0
11/25/2023 00:30,0.0
11/25/2023 01:00,0.0
11/25/2023 01:30,0.0
11/25/2023 02:00,0.0
11/25/2023 02:30,0.0
11/25/2023 03:00,0.0
11/25/2023 03:30,0.0
11/25/2023 04:00,0.0
11/25/2023 04:30,0.0
11/25/2023 05:00,0.0
11/25/2023 05:30,0.0
11/25/2023 06:00,0.0
11/25/2023 06:30,0.0
11/25/2023 07:00,0.0
11/25/2023 07:30,0.0
11/25/2023 08:00,0.0
11/25/2023 08:30,0.0
11/25/2023 09:00,0.0
11/25/2023 09:30,0.0
11/25/2023 10:00,0.0
11/25/2023 10:30,0.0
11/25/2023 11:00,0.0
11/25/2023 11:30,0.0
11/25/2023 12:00,0.0
11/25/2023 12:30,0.0
11/25/2023 13:00,0.0
11/25/2023 13:30,0.0
11/25/2023 14:00,0.0
11/25/2023 14:30,0.0
11/25/2023 15:00,0.0
11/25/2023 15:30,0.0
11/25/2023 16:00,0.0
11/25/2023 16:30,0.0
11/25/2023 17:00,0.0
11/25/2023 17:30,0.0
11/25/2023 18:00,0.0
11/25/2023 18:30,0.0
11/25/2023 19:00,0.0
11/25/2023 19:30,0.0
11/25/2023 20:00,0.0
11/25/2023 20:30,0.0
11/25/2023 21:00,0.0
11/25/2023 21:30,0.0
11/25/2023 22:00,0.0
11/25/2023 22:30,0.0
11/25/2023 23:00,0.0
11/25/2023 23:30,0.0
11/26/2023 00:00,0.0
11/26/2023 00:30,0.0
11/26/2023 01:00,0.0
11/26/2023 01:30,0.0
11/26/2023 02:00,0.0
11/26/2023 02:30,0.0
11/26/2023 03:00,0.0
11/26/2023 03:30,0.0
11/26/2023 04:00,0.0
11/26/2023 04:30,0.0
11/26/2023 05:00,0.0
11/26/2023 05:30,0.0
11/26/2023 06:00,0.0
11/26/2023 06:30,0.0
11/26/2023 07:00,0.0
11/26/2023 07:30,0.0
11/26/2023 08:00,0.0
11/26/2023 08:30,0.0
11/26/2023 09:00,0.0
11/26/2023 09:30,0.0
11/26/2023 10:00,0.0
11/26/2023 10:30,0.0
11/26/2023 11:00,0.0
11/26/2023 11:30,0.0
11/26/2023 12:00,0.0
11/26/2023 12:30,0.0
11/26/2023 13:00,0.0
11/26/2023 13:30,0.0
11/26/2023 14:00,0.0
11/26/2023 14:30,0.0
11/26/2023 15:00,0.0
11/26/2023 15:30,0.0
11/26/2023 16:00,0.0
11/26/2023 16:30,0.0
11/26/2023 17:00,0.0
11/26/2023 17:30,0.0
11/26/2023 18:00,0.0
11/26/2023 18:30,0.0
11/26/2023 19:00,0.0
11/26/2023 19:30,0.0
11/26/2023 20:00,0.0
11/26/2023 20:30,0.0
11/26/2023 21:00,0.0
11/26/2023 21:30,0.0
11/26/2023 22:00,0.0
11/26/2023 22:30,0.0
11/26/2023 23:00,0.0
11/26/2023 23:30,0.0
11/27/2023 00:00,0.0
11/27/2023 00:30,0.0
11/27/2023 01:00,0.0
11/27/2023 01:30,0.0
11/27/2023 02:00,0.0
11/27/2023 02:30,0.0
11/27/2023 03:00,0.0
11/27/2023 03:30,0.0
11/27/2023 04:00,0.0
11/27/2023 04:30,0.0
11/27/2023 05:00,0.0
11/27/2023 05:30,0.0
11/27/2023 06:00,0.0
11/27/2023 06:30,0.0
11/27/2023 07:00,0.0
11/27/2023 07:30,0.0
11/27/2023 08:00,0.0
11/27/2023 08:30,0.0
11/27/2023 09:00,0.0
11/27/2023 09:30,0.0
11/27/2023 10:00,0.0
11/27/2023 10:30,0.0
11/27/2023 11:00,0.0
11/27/2023 11:30,0.0
11/27/2023 12:00,0.0
11/27/2023 12:30,0.0
11/27/2023 13:00,0.0
11/27/2023 13:30,0.0
11/27/2023 14:00,0.0
11/27/2023 14:30,0.0
11/27/2023 15:00,0.0
11/27/2023 15:30,0.0
11/27/2023 16:00,0.0
11/27/2023 16:30,0.0
11/27/2023 17:00,0.0
11/27/2023 17:30,0.0
11/27/2023 18:00,0.0
11/27/2023 18:30,0.0
11/27/2023 19:00,0.0
11/27/2023 19:30,0.0
11/27/2023 20:00,0.0
11/27/2023 20:30,0.0
11/27/2023 21:00,0.0
11/27/2023 21:30,0.0
11/27/2023 22:00,0.0
11/27/2023 22:30,0.0
11/27/2023 23:00,0.0
11/27/2023 23:30,0.0
11/28/2023 00:00,0.0
11/28/2023 00:30,0.0
11/28/2023 01:00,0.0
11/28/2023 01:30,0.0
11/28/2023 02:00,0.0
11/28/2023 02:30,0.0
11/28/2023 03:00,0.0
11/28/2023 03:30,0.0
11/28/2023 04:00,0.0
11/28/2023 04:30,0.0
11/28/2023 05:00,0.0
11/28/2023 05:30,0.0
11/28/2023 06:00,0.0
11/28/2023 06:30,0.0
11/28/2023 07:00,0.0
11/28/2023 07:30,0.0
11/28/2023 08:00,0.0
11/28/2023 08:30,0.0
11/28/2023 09:00,0.0
11/28/2023 09:30,0.0
11/28/2023 10:00,0.0
11/28/2023 10:30,0.0
11/28/2023 11:00,0.0
11/28/2023 11:30,0.0
11/28/2023 12:00,0.0
11/28/2023 12:30,0.0
11/28/2023 13:00,0.0
11/28/2023 13:30,0.0
11/28/2023 14:00,0.0
11/28/2023 14:30,0.0
11/28/2023 15:00,0.0
11/28/2023 15:30,0.0
11/28/2023 16:00,0.0
11/28/2023 16:30,0.0
11/28/2023 17:00,0.0
11/28/2023 17:30,0.0
11/28/2023 18:00,0.0
11/28/2023 18:30,0.0
11/28/2023 19:00,0.0
11/28/2023 19:30,0.0
11/28/2023 20:00,0.0
11/28/2023 20:30,0.0
11/28/2023 21:00,0.0
11/28/2023 21:30,0.0
11/28/2023 22:00,0.0
11/28/2023 22:30,0.0
11/28/2023 23:00,0.0
11/28/2023 23:30,0.0
11/29/2023 00:00,0.0
11/29/2023 00:30,0.0
11/29/2023 01:00,0.0
11/29/2023 01:30,0.0
11/29/2023 02:00,0.0
11/29/2023 02:30,0.0
11/29/2023 03:00,0.0
11/29/2023 03:30,0.0
11/29/2023 04:00,0.0
11/29/2023 04:30,0.0
11/29/2023 05:00,0.0
11/29/2023 05:30,0.0
11/29/2023 06:00,0.0
11/29/2023 06:30,0.0
11/29/2023 07:00,0.0
11/29/2023 07:30,0.0
11/29/2023 08:00,0.0
11/29/2023 08:30,0.0
11/29/2023 09:00,0.0
11/29/2023 09:30,0.0
11/29/2023 10:00,0.0
11/29/2023 10:30,0.0
11/29/2023 11:00,0.0
11/29/2023 11:30,0.0
11/29/2023 12:00,0.0
11/29/2023 12:30,0.0
11/29/2023 13:00,0.0
11/29/2023 13:30,0.0
11/29/2023 14:00,0.0
11/29/2023 14:30,0.0
11/29/2023 15:00,0.0
11/29/2023 15:30,0.0
11/29/2023 16:00,0.0
11/29/2023 16:30,0.0
11/29/2023 17:00,0.0
11/29/2023 17:30,0.0
11/29/2023 18:00,0.0
11/29/2023 18:30,0.0
11/29/2023 19:00,0.0
11/29/2023 19:30,0.0
11/29/2023 20:00,0.0
11/29/2023 20:30,0.0
11/29/2023 21:00,0.0
11/29/2023 21:30,0.0
11/29/2023 22:00,0.0
11/29/2023 22:30,0.0
11/29/2023 23:00,0.0
11/29/2023 23:30,0.0
11/30/2023 00:00,0.0
11/30/2023 00:30,0.0
11/30/2023 01:00,0.0
11/30/2023 01:30,0.0
11/30/2023 02:00,0.0
11/30/2023 02:30,0.0
11/30/2023 03:00,0.0
11/30/2023 03:30,0.0
11/30/2023 04:00,0.0
11/30/2023 04:30,0.0
11/30/2023 05:00,0.0
11/30/2023 05:30,0.0
11/30/2023 06:00,0.0
11/30/2023 06:30,0.0
11/30/2023 07:00,0.0
11/30/2023 07:30,0.0
11/30/2023 08:00,0.0
11/30/2023 08:30,0.0
11/30/2023 09:00,0.0
11/30/2023 09:30,0.0
11/30/2023 10:00,0.0
11/30/2023 10:30,0.0
11/30/2023 11:00,0.0
11/30/2023 11:30,0.0
11/30/2023 12:00,0.0
11/30/2023 12:30,0.0
11/30/2023 13:00,0.0
11/30/2023 13:30,0.0
11/30/2023 14:00,0.0
11/30/2023 14:30,0.0
11/30/2023 15:00,0.0
11/30/2023 15:30,0.0
11/30/2023 16:00,0.0
11/30/2023 16:30,0.0
11/30/2023 17:00,0.0
11/30/2023 17:30,0.0
11/30/2023 18:00,0.0
11/30/2023 18:30,0.0
11/30/2023 19:00,0.0
11/30/2023 19:30,0.0
11/30/2023 20:00,0.0
11/30/2023 20:30,0.0
11/30/2023 21:00,0.0
11/30/2023 21:30,0.0
11/30/2023 22:00,0.0
11/30/2023 22:30,0.0
11/30/2023 23:00,0.0
11/30/2023 23:30,0.0
12/01/2023 00:00,0.0
12/01/2023 00:30,0.0
12/01/2023 01:00,0.0
12/01/2023 01:30,0.0
12/01/2023 02:00,0.0
12/01/2023 02:30,0.0
12/01/2023 03:00,0.0
12/01/2023 03:30,0.0
12/01/2023 04:00,0.0
12/01/2023 04:30,0.0
12/01/2023 05:00,0.0
12/01/2023 05:30,0.0
12/01/2023 06:00,0.0
12/01/2023 06:30,0.0
12/01/2023 07:00,0.0
12/01/2023 07:30,0.0
12/01/2023 08:00,0.0
12/01/2023 08:30,0.0
12/01/2023 09:00,0.0
12/01/2023 09:30,0.0
12/01/2023 10:00,0.0
12/01/2023 10:30,0.0
12/01/2023 11:00,0.0
12/01/2023 11:30,0.0
12/01/2023 12:00,0.0
12/01/2023 12:30,0.0
12/01/2023 13:00,0.0
12/01/2023 13:30,0.0
12/01/2023 14:00,0.0
12/01/2023 14:30,0.0
12/01/2023 15:00,0.0
12/01/2023 15:30,0.0
12/01/2023 16:00,0.0
12/01/2023 16:30,0.0
12/01/2023 17:00,0.0
12/01/2023 17:30,0.0
12/01/2023 18:00,0.0
12/01/2023 18:30,0.0
12/01/2023 19:00,0.0
12/01/2023 19:30,0.0
12/01/2023 20:00,0.0
12/01/2023 20:30,0.0
12/01/2023 21:00,0.0
12/01/2023 21:30,0.0
12/01/2023 22:00,0.0
12/01/2023 22:30,0.0
12/01/2023 23:00,0.0
12/01/2023 23:30,0.0
12/02/2023 00:00,0.0
12/02/2023 00:30,0.0
12/02/2023 01:00,0.0
12/02/2023 01:30,0.0
12/02/2023 02:00,0.0
12/02/2023 02:30,0.0
12/02/2023 03:00,0.0
12/02/2023 03:30,0.0
12/02/2023 04:00,0.0
12/02/2023 04:30,0.0
12/02/2023 05:00,0.0
12/02/2023 05:30,0.0
12/02/2023 06:00,0.0
12/02/2023 06:30,0.0
12/02/2023 07:00,0.0
12/02/2023 07:30,0.0
12/02/2023 08:00,0.0
12/02/2023 08:30,0.0
12/02/2023 09:00,0.0
12/02/2023 09:30,0.0
12/02/2023 10:00,0.0
12/02/2023 10:30,0.0
12/02/2023 11:00,0.0
12/02/2023 11:30,0.0
12/02/2023 12:00,0.0
12/02/2023 12:30,0.0
12/02/2023 13:00,0.0
12/02/2023 13:30,0.0
12/02/2023 14:00,0.0
12/02/2023 14:30,0.0
12/02/2023 15:00,0.0
12/02/2023 15:30,0.0
12/02/2023 16:00,0.0
12/02/2023 16:30,0.0
12/02/2023 17:00,0.0
12/02/2023 17:30,0.0
12/02/2023 18:00,0.0
12/02/2023 18:30,0.0
12/02/2023 19:00,0.0
12/02/2023 19:30,0.0
12/02/2023 20:00,0.0
12/02/2023 20:30,0.0
12/02/2023 21:00,0.0
12/02/2023 21:30,0.0
12/02/2023 22:00,0.0
12/02/2023 22:30,0.0
12/02/2023 23:00,0.0
12/02/2023 23:30,0.0
12/03/2023 00:00,0.0
12/03/2023 00:30,0.0
12/03/2023 01:00,0.0
12/03/2023 01:30,0.0
12/03/2023 02:00,0.0
12/03/2023 02:30,0.0
12/03/2023 03:00,0.0
12/03/2023 03:30,0.0
12/03/2023 04:00,0.0
12/03/2023 04:30,0.0
12/03/2023 05:00,0.0
12/03/2023 05:30,0.0
12/03/2023 06:00,0.0
12/03/2023 06:30,0.0
12/03/2023 07:00,0.0
12/03/2023 07:30,0.0
12/03/2023 08:00,0.0
12/03/2023 08:30,0.0
12/03/2023 09:00,0.0
12/03/2023 09:30,0.0
12/03/2023 10:00,0.0
12/03/2023 10:30,0.0
12/03/2023 11:00,0.0
12/03/2023 11:30,0.0
12/03/2023 12:00,0.0
12/03/2023 12:30,0.0
12/03/2023 13:00,0.0
12/03/2023 13:30,0.0
12/03/2023 14:00,0.0
12/03/2023 14:30,0.0
12/03/2023 15:00,0.0
12/03/2023 15:30,0.0
12/03/2023 16:00,0.0
12/03/2023 16:30,0.0
12/03/2023 17:00,0.0
12/03/2023 17:30,0.0
12/03/2023 18:00,0.0
12/03/2023 18:30,0.0
12/03/2023 19:00,0.0
12/03/2023 19:30,0.0
12/03/2023 20:00,0.0
12/03/2023 20:30,0.0
12/03/2023 21:00,0.0
12/03/2023 21:30,0.0
12/03/2023 22:00,0.0
12/03/2023 22:30,0.0
12/03/2023 23:00,0.0
12/03/2023 23:30,0.0
12/04/2023 00:00,0.0
12/04/2023 00:30,0.0
12/04/2023 01:00,0.0
12/04/2023 01:30,0.0
12/04/2023 02:00,0.0
12/04/2023 02:30,0.0
12/04/2023 03:00,0.0
12/04/2023 03:30,0.0
12/04/2023 04:00,0.0
12/04/2023 04:30,0.0
12/04/2023 05:00,0.0
12/04/2023 05:30,0.0
12/04/2023 06:00,0.0
12/04/2023 06:30,0.0
12/04/2023 07:00,0.0
12/04/2023 07:30,0.0
12/04/2023 08:00,0.0
12/04/2023 08:30,0.0
12/04/2023 09:00,0.0
12/04/2023 09:30,0.0
12/04/2023 10:00,0.0
12/04/2023 10:30,0.0
12/04/2023 11:00,0.0
12/04/2023 11:30,0.0
12/04/2023 12:00,0.0
12/04/2023 12:30,0.0
12/04/2023 13:00,0.0
12/04/2023 13:30,0.0
12/04/2023 14:00,0.0
12/04/2023 14:30,0.0
12/04/2023 15:00,0.0
12/04/2023 15:30,0.0
12/04/2023 16:00,0.0
12/04/2023 16:30,0.0
12/04/2023 17:00,0.0
12/04/2023 17:30,0.0
12/04/2023 18:00,0.0
12/04/2023 18:30,0.0
12/04/2023 19:00,0.0
12/04/2023 19:30,0.0
12/04/2023 20:00,0.0
12/04/2023 20:30,0.0
12/04/2023 21:00,0.0
12/04/2023 21:30,0.0
12/04/2023 22:00,0.0
12/04/2023 22:30,0.0
12/04/2023 23:00,0.0
12/04/2023 23:30,0.0
12/05/2023 00:00,0.0
12/05/2023 00:30,0.0
12/05/2023 01:00,0.0
12/05/2023 01:30,0.0
12/05/2023 02:00,0.0
12/05/2023 02:30,0.0
12/05/2023 03:00,0.0
12/05/2023 03:30,0.0
12/05/2023 04:00,0.0
12/05/2023 04:30,0.0
12/05/2023 05:00,0.0
12/05/2023 05:30,0.0
12/05/2023 06:00,0.0
12/05/2023 06:30,0.0
12/05/2023 07:00,0.0
12/05/2023 07:30,0.0
12/05/2023 08:00,0.0
12/05/2023 08:30,0.0
12/05/2023 09:00,0.0
12/05/2023 09:30,0.0
12/05/2023 10:00,0.0
12/05/2023 10:30,0.0
12/05/2023 11:00,0.0
12/05/2023 11:30,0.0
12/05/2023 12:00,0.0
12/05/2023 12:30,0.0
12/05/2023 13:00,0.0
12/05/2023 13:30,0.0
12/05/2023 14:00,0.0
12/05/2023 14:30,0.0
12/05/2023 15:00,0.0
12/05/2023 15:30,0.0
12/05/2023 16:00,0.0
12/05/2023 16:30,0.0
12/05/2023 17:00,0.0
12/05/2023 17:30,0.0
12/05/2023 18:00,0.0
12/05/2023 18:30,0.0
12/05/2023 19:00,0.0
12/05/2023 19:30,0.0
12/05/2023 20:00,0.0
12/05/2023 20:30,0.0
12/05/2023 21:00,0.0
12/05/2023 21:30,0.0
12/05/2023 22:00,0.0
12/05/2023 22:30,0.0
12/05/2023 23:00,0.0
12/05/2023 23:30,0.0
12/06/2023 00:00,0.0
12/06/2023 00:30,0.0
12/06/2023 01:00,0.0
12/06/2023 01:30,0.0
12/06/2023 02:00,0.0
12/06/2023 02:30,0.0
12/06/2023 03:00,0.0
12/06/2023 03:30,0.0
12/06/2023 04:00,0.0
12/06/2023 04:30,0.0
12/06/2023 05:00,0.0
12/06/2023 05:30,0.0
12/06/2023 06:00,0.0
12/06/2023 06:30,0.0
12/06/2023 07:00,0.0
12/06/2023 07:30,0.0
12/06/2023 08:00,0.0
12/06/2023 08:30,0.0
12/06/2023 09:00,0.0
12/06/2023 09:30,0.0
12/06/2023 10:00,0.0
12/06/2023 10:30,0.0
12/06/2023 11:00,0.0
12/06/2023 11:30,0.0
12/06/2023 12:00,0.0
12/06/2023 12:30,0.0
12/06/2023 13:00,0.0
12/06/2023 13:30,0.0
12/06/2023 14:00,0.0
12/06/2023 14:30,0.0
12/06/2023 15:00,0.0
12/06/2023 15:30,0.0
12/06/2023 16:00,0.0
12/06/2023 16:30,0.0
12/06/2023 17:00,0.0
12/06/2023 17:30,0.0
12/06/2023 18:00,0.0
12/06/2023 18:30,0.0
12/06/2023 19:00,0.0
12/06/2023 19:30,0.0
12/06/2023 20:00,0.0
12/06/2023 20:30,0.0
12/06/2023 21:00,0.0
12/06/2023 21:30,0.0
12/06/2023 22:00,0.0
12/06/2023 22:30,0.0
12/06/2023 23:00,0.0
12/06/2023 23:30,0.0
12/07/2023 00:00,0.0
12/07/2023 00:30,0.0
12/07/2023 01:00,0.0
12/07/2023 01:30,0.0
12/07/2023 02:00,0.0
12/07/2023 02:30,0.0
12/07/2023 03:00,0.0
12/07/2023 03:30,0.0
12/07/2023 04:00,0.0
12/07/2023 04:30,0.0
12/07/2023 05:00,0.0
12/07/2023 05:30,0.0
12/07/2023 06:00,0.0
12/07/2023 06:30,0.0
12/07/2023 07:00,0.0
12/07/2023 07:30,0.0
12/07/2023 08:00,0.0
12/07/2023 08:30,0.0
12/07/2023 09:00,0.0
12/07/2023 09:30,0.0
12/07/2023 10:00,0.0
12/07/2023 10:30,0.0
12/07/2023 11:00,0.0
12/07/2023 11:30,0.0
12/07/2023 12:00,0.0
12/07/2023 12:30,0.0
12/07/2023 13:00,0.0
12/07/2023 13:30,0.0
12/07/2023 14:00,0.0
12/07/2023 14:30,0.0
12/07/2023 15:00,0.0
12/07/2023 15:30,0.0
12/07/2023 16:00,0.0
12/07/2023 16:30,0.0
12/07/2023 17:00,0.0
12/07/2023 17:30,0.0
12/07/2023 18:00,0.0
12/07/2023 18:30,0.0
12/07/2023 19:00,0.0
12/07/2023 19:30,0.0
12/07/2023 20:00,0.0
12/07/2023 20:30,0.0
12/07/2023 21:00,0.0
12/07/2023 21:30,0.0
12/07/2023 22:00,0.0
12/07/2023 22:30,0.0
12/07/2023 23:00,0.0
12/07/2023 23:30,0.0
12/08/2023 00:00,0.0
12/08/2023 00:30,0.0
12/08/2023 01:00,0.0
12/08/2023 01:30,0.0
12/08/2023 02:00,0.0
12/08/2023 02:30,0.0
12/08/2023 03:00,0.0
12/08/2023 03:30,0.0
12/08/2023 04:00,0.0
12/08/2023 04:30,0.0
12/08/2023 05:00,0.0
12/08/2023 05:30,0.0
12/08/2023 06:00,0.0
12/08/2023 06:30,0.0
12/08/2023 07:00,0.0
12/08/2023 07:30,0.0
12/08/2023 08:00,0.0
12/08/2023 08:30,0.0
12/08/2023 09:00,0.0
12/08/2023 09:30,0.0
12/08/2023 10:00,0.0
12/08/2023 10:30,0.0
12/08/2023 11:00,0.0
12/08/2023 11:30,0.0
12/08/2023 12:00,0.0
12/08/2023 12:30,0.0
12/08/2023 13:00,0.0
12/08/2023 13:30,0.0
12/08/2023 14:00,0.0
12/08/2023 14:30,0.0
12/08/2023 15:00,0.0
12/08/2023 15:30,0.0
12/08/2023 16:00,0.0
12/08/2023 16:30,0.0
12/08/2023 17:00,0.0
12/08/2023 17:30,0.0
12/08/2023 18:00,0.0
12/08/2023 18:30,0.0
12/08/2023 19:00,0.0
12/08/2023 19:30,0.0
12/08/2023 20:00,0.0
12/08/2023 20:30,0.0
12/08/2023 21:00,0.0
12/08/2023 21:30,0.0
12/08/2023 22:00,0.0
12/08/2023 22:30,0.0
12/08/2023 23:00,0.0
12/08/2023 23:30,0.0
12/09/2023 00:00,0.0
12/09/2023 00:30,0.0
12/09/2023 01:00,0.0
12/09/2023 01:30,0.0
12/09/2023 02:00,0.0
12/09/2023 02:30,0.0
12/09/2023 03:00,0.0
12/09/2023 03:30,0.0
12/09/2023 04:00,0.0
12/09/2023 04:30,0.0
12/09/2023 05:00,0.0
12/09/2023 05:30,0.0
12/09/2023 06:00,0.0
12/09/2023 06:30,0.0
12/09/2023 07:00,0.0
12/09/2023 07:30,0.0
12/09/2023 08:00,0.0
12/09/2023 08:30,0.0
12/09/2023 09:00,0.0
12/09/2023 09:30,0.0
12/09/2023 10:00,0.0
12/09/2023 10:30,0.0
12/09/2023 11:00,0.0
12/09/2023 11:30,0.0
12/09/2023 12:00,0.0
12/09/2023 12:30,0.0
12/09/2023 13:00,0.0
12/09/2023 13:30,0.0
12/09/2023 14:00,0.0
12/09/2023 14:30,0.0
12/09/2023 15:00,0.0
12/09/2023 15:30,0.0
12/09/2023 16:00,0.0
12/09/2023 16:30,0.0
12/09/2023 17:00,0.0
12/09/2023 17:30,0.0
12/09/2023 18:00,0.0
12/09/2023 18:30,0.0
12/09/2023 19:00,0.0
12/09/2023 19:30,0.0
12/09/2023 20:00,0.0
12/09/2023 20:30,0.0
12/09/2023 21:00,0.0
12/09/2023 21:30,0.0
12/09/2023 22:00,0.0
12/09/2023 22:30,0.0
12/09/2023 23:00,0.0
12/09/2023 23:30,0.0
12/10/2023 00:00,0.0
12/10/2023 00:30,0.0
12/10/2023 01:00,0.0
12/10/2023 01:30,0.0
12/10/2023 02:00,0.0
12/10/2023 02:30,0.0
12/10/2023 03:00,0.0
12/10/2023 03:30,0.0
12/10/2023 04:00,0.0
12/10/2023 04:30,0.0
12/10/2023 05:00,0.0
12/10/2023 05:30,0.0
12/10/2023 06:00,0.0
12/10/2023 06:30,0.0
12/10/2023 07:00,0.0
12/10/2023 07:30,0.0
12/10/2023 08:00,0.0
12/10/2023 08:30,0.0
12/10/2023 09:00,0.0
12/10/2023 09:30,0.0
12/10/2023 10:00,0.0
12/10/2023 10:30,0.0
12/10/2023 11:00,0.0
12/10/2023 11:30,0.0
12/10/2023 12:00,0.0
12/10/2023 12:30,0.0
12/10/2023 13:00,0.0
12/10/2023 13:30,0.0
12/10/2023 14:00,0.0
12/10/2023 14:30,0.0
12/10/2023 15:00,0.0
12/10/2023 15:30,0.0
12/10/2023 16:00,0.0
12/10/2023 16:30,0.0
12/10/2023 17:00,0.0
12/10/2023 17:30,0.0
12/10/2023 18:00,0.0
12/10/2023 18:30,0.0
12/10/2023 19:00,0.0
12/10/2023 19:30,0.0
12/10/2023 20:00,0.0
12/10/2023 20:30,0.0
12/10/2023 21:00,0.0
12/10/2023 21:30,0.0
12/10/2023 22:00,0.0
12/10/2023 22:30,0.0
12/10/2023 23:00,0.0
12/10/2023 23:30,0.0
12/11/2023 00:00,0.0
12/11/2023 00:30,0.0
12/11/2023 01:00,0.0
12/11/2023 01:30,0.0
12/11/2023 02:00,0.0
12/11/2023 02:30,0.0
12/11/2023 03:00,0.0
12/11/2023 03:30,0.0
12/11/2023 04:00,0.0
12/11/2023 04:30,0.0
12/11/2023 05:00,0.0
12/11/2023 05:30,0.0
12/11/2023 06:00,0.0
12/11/2023 06:30,0.0
12/11/2023 07:00,0.0
12/11/2023 07:30,0.0
12/11/2023 08:00,0.0
12/11/2023 08:30,0.0
12/11/2023 09:00,0.0
12/11/2023 09:30,0.0
12/11/2023 10:00,0.0
12/11/2023 10:30,0.0
12/11/2023 11:00,0.0
12/11/2023 11:30,0.0
12/11/2023 12:00,0.0
12/11/2023 12:30,0.0
12/11/2023 13:00,0.0
12/11/2023 13:30,0.0
12/11/2023 14:00,0.0
12/11/2023 14:30,0.0
12/11/2023 15:00,0.0
12/11/2023 15:30,0.0
12/11/2023 16:00,0.0
12/11/2023 16:30,0.0
12/11/2023 17:00,0.0
12/11/2023 17:30,0.0
12/11/2023 18:00,0.0
12/11/2023 18:30,0.0
12/11/2023 19:00,0.0
12/11/2023 19:30,0.0
12/11/2023 20:00,0.0
12/11/2023 20:30,0.0
12/11/2023 21:00,0.0
12/11/2023 21:30,0.0
12/11/2023 22:00,0.0
12/11/2023 22:30,0.0
12/11/2023 23:00,0.0
12/11/2023 23:30,0.0
12/12/2023 00:00,0.0
12/12/2023 00:30,0.0
12/12/2023 01:00,0.0
12/12/2023 01:30,0.0
12/12/2023 02:00,0.0
12/12/2023 02:30,0.0
12/12/2023 03:00,0.0
12/12/2023 03:30,0.0
12/12/2023 04:00,0.0
12/12/2023 04:30,0.0
12/12/2023 05:00,0.0
12/12/2023 05:30,0.0
12/12/2023 06:00,0.0
12/12/2023 06:30,0.0
12/12/2023 07:00,0.0
12/12/2023 07:30,0.0
12/12/2023 08:00,0.0
12/12/2023 08:30,0.0
12/12/2023 09:00,0.0
12/12/2023 09:30,0.0
12/12/2023 10:00,0.0
12/12/2023 10:30,0.0
12/12/2023 11:00,0.0
12/12/2023 11:30,0.0
12/12/2023 12:00,0.0
12/12/2023 12:30,0.0
12/12/2023 13:00,0.0
12/12/2023 13:30,0.0
12/12/2023 14:00,0.0
12/12/2023 14:30,0.0
12/12/2023 15:00,0.0
12/12/2023 15:30,0.0
12/12/2023 16:00,0.0
12/12/2023 16:30,0.0
12/12/2023 17:00,0.0
12/12/2023 17:30,0.0
12/12/2023 18:00,0.0
12/12/2023 18:30,0.0
12/12/2023 19:00,0.0
12/12/2023 19:30,0.0
12/12/2023 20:00,0.0
12/12/2023 20:30,0.0
12/12/2023 21:00,0.0
12/12/2023 21:30,0.0
12/12/2023 22:00,0.0
12/12/2023 22:30,0.0
12/12/2023 23:00,0.0
12/12/2023 23:30,0.0
12/13/2023 00:00,0.0
12/13/2023 00:30,0.0
12/13/2023 01:00,0.0
12/13/2023 01:30,0.0
12/13/2023 02:00,0.0
12/13/2023 02:30,0.0
12/13/2023 03:00,0.0
12/13/2023 03:30,0.0
12/13/2023 04:00,0.0
12/13/2023 04:30,0.0
12/13/2023 05:00,0.0
12/13/2023 05:30,0.0
12/13/2023 06:00,0.0
12/13/2023 06:30,0.0
12/13/2023 07:00,0.0
12/13/2023 07:30,0.0
12/13/2023 08:00,0.0
12/13/2023 08:30,0.0
12/13/2023 09:00,0.0
12/13/2023 09:30,0.0
12/13/2023 10:00,0.0
12/13/2023 10:30,0.0
12/13/2023 11:00,0.0
12/13/2023 11:30,0.0
12/13/2023 12:00,0.0
12/13/2023 12:30,0.0
12/13/2023 13:00,0.0
12/13/2023 13:30,0.0
12/13/2023 14:00,0.0
12/13/2023 14:30,0.0
12/13/2023 15:00,0.0
12/13/2023 15:30,0.0
12/13/2023 16:00,0.0
12/13/2023 16:30,0.0
12/13/2023 17:00,0.0
12/13/2023 17:30,0.0
12/13/2023 18:00,0.0
12/13/2023 18:30,0.0
12/13/2023 19:00,0.0
12/13/2023 19:30,0.0
12/13/2023 20:00,0.0
12/13/2023 20:30,0.0
12/13/2023 21:00,0.0
12/13/2023 21:30,0.0
12/13/2023 22:00,0.0
12/13/2023 22:30,0.0
12/13/2023 23:00,0.0
12/13/2023 23:30,0.0
12/14/2023 00:00,0.0
12/14/2023 00:30,0.0
12/14/2023 01:00,0.0
12/14/2023 01:30,0.0
12/14/2023 02:00,0.0
12/14/2023 02:30,0.0
12/14/2023 03:00,0.0
12/14/2023 03:30,0.0
12/14/2023 04:00,0.0
12/14/2023 04:30,0.0
12/14/2023 05:00,0.0
12/14/2023 05:30,0.0
12/14/2023 06:00,0.0
12/14/2023 06:30,0.0
12/14/2023 07:00,0.0
12/14/2023 07:30,0.0
12/14/2023 08:00,0.0
12/14/2023 08:30,0.0
12/14/2023 09:00,0.0
12/14/2023 09:30,0.0
12/14/2023 10:00,0.0
12/14/2023 10:30,0.0
12/14/2023 11:00,0.0
12/14/2023 11:30,0.0
12/14/2023 12:00,0.0
12/14/2023 12:30,0.0
12/14/2023 13:00,0.0
12/14/2023 13:30,0.0
12/14/2023 14:00,0.0
12/14/2023 14:30,0.0
12/14/2023 15:00,0.0
12/14/2023 15:30,0.0
12/14/2023 16:00,0.0
12/14/2023 16:30,0.0
12/14/2023 17:00,0.0
12/14/2023 17:30,0.0
12/14/2023 18:00,0.0
12/14/2023 18:30,0.0
12/14/2023 19:00,0.0
12/14/2023 19:30,0.0
12/14/2023 20:00,0.0
12/14/2023 20:30,0.0
12/14/2023 21:00,0.0
12/14/2023 21:30,0.0
12/14/2023 22:00,0.0
12/14/2023 22:30,0.0
12/14/2023 23:00,0.0
12/14/2023 23:30,0.0
12/15/2023 00:00,0.0
12/15/2023 00:30,0.0
12/15/2023 01:00,0.0
12/15/2023 01:30,0.0
12/15/2023 02:00,0.0
12/15/2023 02:30,0.0
12/15/2023 03:00,0.0
12/15/2023 03:30,0.0
12/15/2023 04:00,0.0
12/15/2023 04:30,0.0
12/15/2023 05:00,0.0
12/15/2023 05:30,0.0
12/15/2023 06:00,0.0
12/15/2023 06:30,0.0
12/15/2023 07:00,0.0
12/15/2023 07:30,0.0
12/15/2023 08:00,0.0
12/15/2023 08:30,0.0
12/15/2023 09:00,0.0
12/15/2023 09:30,0.0
12/15/2023 10:00,0.0
12/15/2023 10:30,0.0
12/15/2023 11:00,0.0
12/15/2023 11:30,0.0
12/15/2023 12:00,0.0
12/15/2023 12:30,0.0
12/15/2023 13:00,0.0
12/15/2023 13:30,0.0
12/15/2023 14:00,0.0
12/15/2023 14:30,0.0
12/15/2023 15:00,0.0
12/15/2023 15:30,0.0
12/15/2023 16:00,0.0
12/15/2023 16:30,0.0
12/15/2023 17:00,0.0
12/15/2023 17:30,0.0
12/15/2023 18:00,0.0
12/15/2023 18:30,0.0
12/15/2023 19:00,0.0
12/15/2023 19:30,0.0
12/15/2023 20:00,0.0
12/15/2023 20:30,0.0
12/15/2023 21:00,0.0
12/15/2023 21:30,0.0
12/15/2023 22:00,0.0
12/15/2023 22:30,0.0
12/15/2023 23:00,0.0
12/15/2023 23:30,0.0
12/16/2023 00:00,0.0
12/16/2023 00:30,0.0
12/16/2023 01:00,0.0
12/16/2023 01:30,0.0
12/16/2023 02:00,0.0
12/16/2023 02:30,0.0
12/16/2023 03:00,0.0
12/16/2023 03:30,0.0
12/16/2023 04:00,0.0
12/16/2023 04:30,0.0
12/16/2023 05:00,0.0
12/16/2023 05:30,0.0
12/16/2023 06:00,0.0
12/16/2023 06:30,0.0
12/16/2023 07:00,0.0
12/16/2023 07:30,0.0
12/16/2023 08:00,0.0
12/16/2023 08:30,0.0
12/16/2023 09:00,0.0
12/16/2023 09:30,0.0
12/16/2023 10:00,0.0
12/16/2023 10:30,0.0
12/16/2023 11:00,0.0
12/16/2023 11:30,0.0
12/16/2023 12:00,0.0
12/16/2023 12:30,0.0
12/16/2023 13:00,0.0
12/16/2023 13:30,0.0
12/16/2023 14:00,0.0
12/16/2023 14:30,0.0
12/16/2023 15:00,0.0
12/16/2023 15:30,0.0
12/16/2023 16:00,0.0
12/16/2023 16:30,0.0
12/16/2023 17:00,0.0
12/16/2023 17:30,0.0
12/16/2023 18:00,0.0
12/16/2023 18:30,0.0
12/16/2023 19:00,0.0
12/16/2023 19:30,0.0
12/16/2023 20:00,0.0
12/16/2023 20:30,0.0
12/16/2023 21:00,0.0
12/16/2023 21:30,0.0
12/16/2023 22:00,0.0
12/16/2023 22:30,0.0
12/16/2023 23:00,0.0
12/16/2023 23:30,0.0
12/17/2023 00:00,0.0
12/17/2023 00:30,0.0
12/17/2023 01:00,0.0
12/17/2023 01:30,0.0
12/17/2023 02:00,0.0
12/17/2023 02:30,0.0
12/17/2023 03:00,0.0
12/17/2023 03:30,0.0
12/17/2023 04:00,0.0
12/17/2023 04:30,0.0
12/17/2023 05:00,0.0
12/17/2023 05:30,0.0
12/17/2023 06:00,0.0
12/17/2023 06:30,0.0
12/17/2023 07:00,0.0
12/17/2023 07:30,0.0
12/17/2023 08:00,0.0
12/17/2023 08:30,0.0
12/17/2023 09:00,0.0
12/17/2023 09:30,0.0
12/17/2023 10:00,0.0
12/17/2023 10:30,0.0
12/17/2023 11:00,0.0
12/17/2023 11:30,0.0
12/17/2023 12:00,0.0
12/17/2023 12:30,0.0
12/17/2023 13:00,0.0
12/17/2023 13:30,0.0
12/17/2023 14:00,0.0
12/17/2023 14:30,0.0
12/17/2023 15:00,0.0
12/17/2023 15:30,0.0
12/17/2023 16:00,0.0
12/17/2023 16:30,0.0
12/17/2023 17:00,0.0
12/17/2023 17:30,0.0
12/17/2023 18:00,0.0
12/17/2023 18:30,0.0
12/17/2023 19:00,0.0
12/17/2023 19:30,0.0
12/17/2023 20:00,0.0
12/17/2023 20:30,0.0
12/17/2023 21:00,0.0
12/17/2023 21:30,0.0
12/17/2023 22:00,0.0
12/17/2023 22:30,0.0
12/17/2023 23:00,0.0
12/17/2023 23:30,0.0
12/18/2023 00:00,0.0
12/18/2023 00:30,0.0
12/18/2023 01:00,0.0
12/18/2023 01:30,0.0
12/18/2023 02:00,0.0
12/18/2023 02:30,0.0
12/18/2023 03:00,0.0
12/18/2023 03:30,0.0
12/18/2023 04:00,0.0
12/18/2023 04:30,0.0
12/18/2023 05:00,0.0
12/18/2023 05:30,0.0
12/18/2023 06:00,0.0
12/18/2023 06:30,0.0
12/18/2023 07:00,0.0
12/18/2023 07:30,0.0
12/18/2023 08:00,0.0
12/18/2023 08:30,0.0
12/18/2023 09:00,0.0
12/18/2023 09:30,0.0
12/18/2023 10:00,0.0
12/18/2023 10:30,0.0
12/18/2023 11:00,0.0
12/18/2023 11:30,0.0
12/18/2023 12:00,0.0
12/18/2023 12:30,0.0
12/18/2023 13:00,0.0
12/18/2023 13:30,0.0
12/18/2023 14:00,0.0
12/18/2023 14:30,0.0
12/18/2023 15:00,0.0
12/18/2023 15:30,0.0
12/18/2023 16:00,0.0
12/18/2023 16:30,0.0
12/18/2023 17:00,0.0
12/18/2023 17:30,0.0
12/18/2023 18:00,0.0
12/18/2023 18:30,0.0
12/18/2023 19:00,0.0
12/18/2023 19:30,0.0
12/18/2023 20:00,0.0
12/18/2023 20:30,0.0
12/18/2023 21:00,0.0
12/18/2023 21:30,0.0
12/18/2023 22:00,0.0
12/18/2023 22:30,0.0
12/18/2023 23:00,0.0
12/18/2023 23:30,0.0
12/19/2023 00:00,0.0
12/19/2023 00:30,0.0
12/19/2023 01:00,0.0
12/19/2023 01:30,0.0
12/19/2023 02:00,0.0
12/19/2023 02:30,0.0
12/19/2023 03:00,0.0
12/19/2023 03:30,0.0
12/19/2023 04:00,0.0
12/19/2023 04:30,0.0
12/19/2023 05:00,0.0
12/19/2023 05:30,0.0
12/19/2023 06:00,0.0
12/19/2023 06:30,0.0
12/19/2023 07:00,0.0
12/19/2023 07:30,0.0
12/19/2023 08:00,0.0
12/19/2023 08:30,0.0
12/19/2023 09:00,0.0
12/19/2023 09:30,0.0
12/19/2023 10:00,0.0
12/19/2023 10:30,0.0
12/19/2023 11:00,0.0
12/19/2023 11:30,0.0
12/19/2023 12:00,0.0
12/19/2023 12:30,0.0
12/19/2023 13:00,0.0
12/19/2023 13:30,0.0
12/19/2023 14:00,0.0
12/19/2023 14:30,0.0
12/19/2023 15:00,0.0
12/19/2023 15:30,0.0
12/19/2023 16:00,0.0
12/19/2023 16:30,0.0
12/19/2023 17:00,0.0
12/19/2023 17:30,0.0
12/19/2023 18:00,0.0
12/19/2023 18:30,0.0
12/19/2023 19:00,0.0
12/19/2023 19:30,0.0
12/19/2023 20:00,0.0
12/19/2023 20:30,0.0
12/19/2023 21:00,0.0
12/19/2023 21:30,0.0
12/19/2023 22:00,0.0
12/19/2023 22:30,0.0
12/19/2023 23:00,0.0
12/19/2023 23:30,0.0
12/20/2023 00:00,0.0
12/20/2023 00:30,0.0
12/20/2023 01:00,0.0
12/20/2023 01:30,0.0
12/20/2023 02:00,0.0
12/20/2023 02:30,0.0
12/20/2023 03:00,0.0
12/20/2023 03:30,0.0
12/20/2023 04:00,0.0
12/20/2023 04:30,0.0
12/20/2023 05:00,0.0
12/20/2023 05:30,0.0
12/20/2023 06:00,0.0
12/20/2023 06:30,0.0
12/20/2023 07:00,0.0
12/20/2023 07:30,0.0
12/20/2023 08:00,0.0
12/20/2023 08:30,0.0
12/20/2023 09:00,0.0
12/20/2023 09:30,0.0
12/20/2023 10:00,0.0
12/20/2023 10:30,0.0
12/20/2023 11:00,0.0
12/20/2023 11:30,0.0
12/20/2023 12:00,0.0
12/20/2023 12:30,0.0
12/20/2023 13:00,0.0
12/20/2023 13:30,0.0
12/20/2023 14:00,0.0
12/20/2023 14:30,0.0
12/20/2023 15:00,0.0
12/20/2023 15:30,0.0
12/20/2023 16:00,0.0
12/20/2023 16:30,0.0
12/20/2023 17:00,0.0
12/20/2023 17:30,0.0
12/20/2023 18:00,0.0
12/20/2023 18:30,0.0
12/20/2023 19:00,0.0
12/20/2023 19:30,0.0
12/20/2023 20:00,0.0
12/20/2023 20:30,0.0
12/20/2023 21:00,0.0
12/20/2023 21:30,0.0
12/20/2023 22:00,0.0
12/20/2023 22:30,0.0
12/20/2023 23:00,0.0
12/20/2023 23:30,0.0
12/21/2023 00:00,0.0
12/21/2023 00:30,0.0
12/21/2023 01:00,0.0
12/21/2023 01:30,0.0
12/21/2023 02:00,0.0
12/21/2023 02:30,0.0
12/21/2023 03:00,0.0
12/21/2023 03:30,0.0
12/21/2023 04:00,0.0
12/21/2023 04:30,0.0
12/21/2023 05:00,0.0
12/21/2023 05:30,0.0
12/21/2023 06:00,0.0
12/21/2023 06:30,0.0
12/21/2023 07:00,0.0
12/21/2023 07:30,0.0
12/21/2023 08:00,0.0
12/21/2023 08:30,0.0
12/21/2023 09:00,0.0
12/21/2023 09:30,0.0
12/21/2023 10:00,0.0
12/21/2023 10:30,0.0
12/21/2023 11:00,0.0
12/21/2023 11:30,0.0
12/21/2023 12:00,0.0
12/21/2023 12:30,0.0
12/21/2023 13:00,0.0
12/21/2023 13:30,0.0
12/21/2023 14:00,0.0
12/21/2023 14:30,0.0
12/21/2023 15:00,0.0
12/21/2023 15:30,0.0
12/21/2023 16:00,0.0
12/21/2023 16:30,0.0
12/21/2023 17:00,0.0
12/21/2023 17:30,0.0
12/21/2023 18:00,0.0
12/21/2023 18:30,0.0
12/21/2023 19:00,0.0
12/21/2023 19:30,0.0
12/21/2023 20:00,0.0
12/21/2023 20:30,0.0
12/21/2023 21:00,0.0
12/21/2023 21:30,0.0
12/21/2023 22:00,0.0
12/21/2023 22:30,0.0
12/21/2023 23:00,0.0
12/21/2023 23:30,0.0
12/22/2023 00:00,0.0
12/22/2023 00:30,0.0
12/22/2023 01:00,0.0
12/22/2023 01:30,0.0
12/22/2023 02:00,0.0
12/22/2023 02:30,0.0
12/22/2023 03:00,0.0
12/22/2023 03:30,0.0
12/22/2023 04:00,0.0
12/22/2023 04:30,0.0
12/22/2023 05:00,0.0
12/22/2023 05:30,0.0
12/22/2023 06:00,0.0
12/22/2023 06:30,0.0
12/22/2023 07:00,0.0
12/22/2023 07:30,0.0
12/22/2023 08:00,0.0
12/22/2023 08:30,0.0
12/22/2023 09:00,0.0
12/22/2023 09:30,0.0
12/22/2023 10:00,0.0
12/22/2023 10:30,0.0
12/22/2023 11:00,0.0
12/22/2023 11:30,0.0
12/22/2023 12:00,0.0
12/22/2023 12:30,0.0
12/22/2023 13:00,0.0
12/22/2023 13:30,0.0
12/22/2023 14:00,0.0
12/22/2023 14:30,0.0
12/22/2023 15:00,0.0
12/22/2023 15:30,0.0
12/22/2023 16:00,0.0
12/22/2023 16:30,0.0
12/22/2023 17:00,0.0
12/22/2023 17:30,0.0
12/22/2023 18:00,0.0
12/22/2023 18:30,0.0
12/22/2023 19:00,0.0
12/22/2023 19:30,0.0
12/22/2023 20:00,0.0
12/22/2023 20:30,0.0
12/22/2023 21:00,0.0
12/22/2023 21:30,0.0
12/22/2023 22:00,0.0
12/22/2023 22:30,0.0
12/22/2023 23:00,0.0
12/22/2023 23:30,0.0
12/23/2023 00:00,0.0
12/23/2023 00:30,0.0
12/23/2023 01:00,0.0
12/23/2023 01:30,0.0
12/23/2023 02:00,0.0
12/23/2023 02:30,0.0
12/23/2023 03:00,0.0
12/23/2023 03:30,0.0
12/23/2023 04:00,0.0
12/23/2023 04:30,0.0
12/23/2023 05:00,0.0
12/23/2023 05:30,0.0
12/23/2023 06:00,0.0
12/23/2023 06:30,0.0
12/23/2023 07:00,0.0
12/23/2023 07:30,0.0
12/23/2023 08:00,0.0
12/23/2023 08:30,0.0
12/23/2023 09:00,0.0
12/23/2023 09:30,0.0
12/23/2023 10:00,0.0
12/23/2023 10:30,0.0
12/23/2023 11:00,0.0
12/23/2023 11:30,0.0
12/23/2023 12:00,0.0
12/23/2023 12:30,0.0
12/23/2023 13:00,0.0
12/23/2023 13:30,0.0
12/23/2023 14:00,0.0
12/23/2023 14:30,0.0
12/23/2023 15:00,0.0
12/23/2023 15:30,0.0
12/23/2023 16:00,0.0
12/23/2023 16:30,0.0
12/23/2023 17:00,0.0
12/23/2023 17:30,0.0
12/23/2023 18:00,0.0
12/23/2023 18:30,0.0
12/23/2023 19:00,0.0
12/23/2023 19:30,0.0
12/23/2023 20:00,0.0
12/23/2023 20:30,0.0
12/23/2023 21:00,0.0
12/23/2023 21:30,0.0
12/23/2023 22:00,0.0
12/23/2023 22:30,0.0
12/23/2023 23:00,0.0
12/23/2023 23:30,0.0
12/24/2023 00:00,0.0
12/24/2023 00:30,0.0
12/24/2023 01:00,0.0
12/24/2023 01:30,0.0
12/24/2023 02:00,0.0
12/24/2023 02:30,0.0
12/24/2023 03:00,0.0
12/24/2023 03:30,0.0
12/24/2023 04:00,0.0
12/24/2023 04:30,0.0
12/24/2023 05:00,0.0
12/24/2023 05:30,0.0
12/24/2023 06:00,0.0
12/24/2023 06:30,0.0
12/24/2023 07:00,0.0
12/24/2023 07:30,0.0
12/24/2023 08:00,0.0
12/24/2023 08:30,0.0
12/24/2023 09:00,0.0
12/24/2023 09:30,0.0
12/24/2023 10:00,0.0
12/24/2023 10:30,0.0
12/24/2023 11:00,0.0
12/24/2023 11:30,0.0
12/24/2023 12:00,0.0
12/24/2023 12:30,0.0
12/24/2023 13:00,0.0
12/24/2023 13:30,0.0
12/24/2023 14:00,0.0
12/24/2023 14:30,0.0
12/24/2023 15:00,0.0
12/24/2023 15:30,0.0
12/24/2023 16:00,0.0
12/24/2023 16:30,0.0
12/24/2023 17:00,0.0
12/24/2023 17:30,0.0
12/24/2023 18:00,0.0
12/24/2023 18:30,0.0
12/24/2023 19:00,0.0
12/24/2023 19:30,0.0
12/24/2023 20:00,0.0
12/24/2023 20:30,0.0
12/24/2023 21:00,0.0
12/24/2023 21:30,0.0
12/24/2023 22:00,0.0
12/24/2023 22:30,0.0
12/24/2023 23:00,0.0
12/24/2023 23:30,0.0
12/25/2023 00:00,0.0
12/25/2023 00:30,0.0
12/25/2023 01:00,0.0
12/25/2023 01:30,0.0
12/25/2023 02:00,0.0
12/25/2023 02:30,0.0
12/25/2023 03:00,0.0
12/25/2023 03:30,0.0
12/25/2023 04:00,0.0
12/25/2023 04:30,0.0
12/25/2023 05:00,0.0
12/25/2023 05:30,0.0
12/25/2023 06:00,0.0
12/25/2023 06:30,0.0
12/25/2023 07:00,0.0
12/25/2023 07:30,0.0
12/25/2023 08:00,0.0
12/25/2023 08:30,0.0
12/25/2023 09:00,0.0
12/25/2023 09:30,0.0
12/25/2023 10:00,0.0
12/25/2023 10:30,0.0
12/25/2023 11:00,0.0
12/25/2023 11:30,0.0
12/25/2023 12:00,0.0
12/25/2023 12:30,0.0
12/25/2023 13:00,0.0
12/25/2023 13:30,0.0
12/25/2023 14:00,0.0
12/25/2023 14:30,0.0
12/25/2023 15:00,0.0
12/25/2023 15:30,0.0
12/25/2023 16:00,0.0
12/25/2023 16:30,0.0
12/25/2023 17:00,0.0
12/25/2023 17:30,0.0
12/25/2023 18:00,0.0
12/25/2023 18:30,0.0
12/25/2023 19:00,0.0
12/25/2023 19:30,0.0
12/25/2023 20:00,0.0
12/25/2023 20:30,0.0
12/25/2023 21:00,0.0
12/25/2023 21:30,0.0
12/25/2023 22:00,0.0
12/25/2023 22:30,0.0
12/25/2023 23:00,0.0
12/25/2023 23:30,0.0
12/26/2023 00:00,0.0
12/26/2023 00:30,0.0
12/26/2023 01:00,0.0
12/26/2023 01:30,0.0
12/26/2023 02:00,0.0
12/26/2023 02:30,0.0
12/26/2023 03:00,0.0
12/26/2023 03:30,0.0
12/26/2023 04:00,0.0
12/26/2023 04:30,0.0
12/26/2023 05:00,0.0
12/26/2023 05:30,0.0
12/26/2023 06:00,0.0
12/26/2023 06:30,0.0
12/26/2023 07:00,0.0
12/26/2023 07:30,0.0
12/26/2023 08:00,0.0
12/26/2023 08:30,0.0
12/26/2023 09:00,0.0
12/26/2023 09:30,0.0
12/26/2023 10:00,0.0
12/26/2023 10:30,0.0
12/26/2023 11:00,0.0
12/26/2023 11:30,0.0
12/26/2023 12:00,0.0
12/26/2023 12:30,0.0
12/26/2023 13:00,0.0
12/26/2023 13:30,0.0
12/26/2023 14:00,0.0
12/26/2023 14:30,0.0
12/26/2023 15:00,0.0
12/26/2023 15:30,0.0
12/26/2023 16:00,0.0
12/26/2023 16:30,0.0
12/26/2023 17:00,0.0
12/26/2023 17:30,0.0
12/26/2023 18:00,0.0
12/26/2023 18:30,0.0
12/26/2023 19:00,0.0
12/26/2023 19:30,0.0
12/26/2023 20:00,0.0
12/26/2023 20:30,0.0
12/26/2023 21:00,0.0
12/26/2023 21:30,0.0
12/26/2023 22:00,0.0
12/26/2023 22:30,0.0
12/26/2023 23:00,0.0
12/26/2023 23:30,0.0
12/27/2023 00:00,0.0
12/27/2023 00:30,0.0
12/27/2023 01:00,0.0
12/27/2023 01:30,0.0
12/27/2023 02:00,0.0
12/27/2023 02:30,0.0
12/27/2023 03:00,0.0
12/27/2023 03:30,0.0
12/27/2023 04:00,0.0
12/27/2023 04:30,0.0
12/27/2023 05:00,0.0
12/27/2023 05:30,0.0
12/27/2023 06:00,0.0
12/27/2023 06:30,0.0
12/27/2023 07:00,0.0
12/27/2023 07:30,0.0
12/27/2023 08:00,0.0
12/27/2023 08:30,0.0
12/27/2023 09:00,0.0
12/27/2023 09:30,0.0
12/27/2023 10:00,0.0
12/27/2023 10:30,0.0
12/27/2023 11:00,0.0
12/27/2023 11:30,0.0
12/27/2023 12:00,0.0
12/27/2023 12:30,0.0
12/27/2023 13:00,0.0
12/27/2023 13:30,0.0
12/27/2023 14:00,0.0
12/27/2023 14:30,0.0
12/27/2023 15:00,0.0
12/27/2023 15:30,0.0
12/27/2023 16:00,0.0
12/27/2023 16:30,0.0
12/27/2023 17:00,0.0
12/27/2023 17:30,0.0
12/27/2023 18:00,0.0
12/27/2023 18:30,0.0
12/27/2023 19:00,0.0
12/27/2023 19:30,0.0
12/27/2023 20:00,0.0
12/27/2023 20:30,0.0
12/27/2023 21:00,0.0
12/27/2023 21:30,0.0
12/27/2023 22:00,0.0
12/27/2023 22:30,0.0
12/27/2023 23:00,0.0
12/27/2023 23:30,0.0
12/28/2023 00:00,0.0
12/28/2023 00:30,0.0
12/28/2023 01:00,0.0
12/28/2023 01:30,0.0
12/28/2023 02:00,0.0
12/28/2023 02:30,0.0
12/28/2023 03:00,0.0
12/28/2023 03:30,0.0
12/28/2023 04:00,0.0
12/28/2023 04:30,0.0
12/28/2023 05:00,0.0
12/28/2023 05:30,0.0
12/28/2023 06:00,0.0
12/28/2023 06:30,0.0
12/28/2023 07:00,0.0
12/28/2023 07:30,0.0
12/28/2023 08:00,0.0
12/28/2023 08:30,0.0
12/28/2023 09:00,0.0
12/28/2023 09:30,0.0
12/28/2023 10:00,0.0
12/28/2023 10:30,0.0
12/28/2023 11:00,0.0
12/28/2023 11:30,0.0
12/28/2023 12:00,0.0
12/28/2023 12:30,0.0
12/28/2023 13:00,0.0
12/28/2023 13:30,0.0
12/28/2023 14:00,0.0
12/28/2023 14:30,0.0
12/28/2023 15:00,0.0
12/28/2023 15:30,0.0
12/28/2023 16:00,0.0
12/28/2023 16:30,0.0
12/28/2023 17:00,0.0
12/28/2023 17:30,0.0
12/28/2023 18:00,0.0
12/28/2023 18:30,0.0
12/28/2023 19:00,0.0
12/28/2023 19:30,0.0
12/28/2023 20:00,0.0
12/28/2023 20:30,0.0
12/28/2023 21:00,0.0
12/28/2023 21:30,0.0
12/28/2023 22:00,0.0
12/28/2023 22:30,0.0
12/28/2023 23:00,0.0
12/28/2023 23:30,0.0
12/29/2023 00:00,0.0
12/29/2023 00:30,0.0
12/29/2023 01:00,0.0
12/29/2023 01:30,0.0
12/29/2023 02:00,0.0
12/29/2023 02:30,0.0
12/29/2023 03:00,0.0
12/29/2023 03:30,0.0
12/29/2023 04:00,0.0
12/29/2023 04:30,0.0
12/29/2023 05:00,0.0
12/29/2023 05:30,0.0
12/29/2023 06:00,0.0
12/29/2023 06:30,0.0
12/29/2023 07:00,0.0
12/29/2023 07:30,0.0
12/29/2023 08:00,0.0
12/29/2023 08:30,0.0
12/29/2023 09:00,0.0
12/29/2023 09:30,0.0
12/29/2023 10:00,0.0
12/29/2023 10:30,0.0
12/29/2023 11:00,0.0
12/29/2023 11:30,0.0
12/29/2023 12:00,0.0
12/29/2023 12:30,0.0
12/29/2023 13:00,0.0
12/29/2023 13:30,0.0
12/29/2023 14:00,0.0
12/29/2023 14:30,0.0
12/29/2023 15:00,0.0
12/29/2023 15:30,0.0
12/29/2023 16:00,0.0
12/29/2023 16:30,0.0
12/29/2023 17:00,0.0
12/29/2023 17:30,0.0
12/29/2023 18:00,0.0
12/29/2023 18:30,0.0
12/29/2023 19:00,0.0
12/29/2023 19:30,0.0
12/29/2023 20:00,0.0
12/29/2023 20:30,0.0
12/29/2023 21:00,0.0
12/29/2023 21:30,0.0
12/29/2023 22:00,0.0
12/29/2023 22:30,0.0
12/29/2023 23:00,0.0
12/29/2023 23:30,0.0
12/30/2023 00:00,0.0
12/30/2023 00:30,0.0
12/30/2023 01:00,0.0
12/30/2023 01:30,0.0
12/30/2023 02:00,0.0
12/30/2023 02:30,0.0
12/30/2023 03:00,0.0
12/30/2023 03:30,0.0
12/30/2023 04:00,0.0
12/30/2023 04:30,0.0
12/30/2023 05:00,0.0
12/30/2023 05:30,0.0
12/30/2023 06:00,0.0
12/30/2023 06:30,0.0
12/30/2023 07:00,0.0
12/30/2023 07:30,0.0
12/30/2023 08:00,0.0
12/30/2023 08:30,0.0
12/30/2023 09:00,0.0
12/30/2023 09:30,0.0
12/30/2023 10:00,0.0
12/30/2023 10:30,0.0
12/30/2023 11:00,0.0
12/30/2023 11:30,0.0
12/30/2023 12:00,0.0
12/30/2023 12:30,0.0
12/30/2023 13:00,0.0
12/30/2023 13:30,0.0
12/30/2023 14:00,0.0
12/30/2023 14:30,0.0
12/30/2023 15:00,0.0
12/30/2023 15:30,0.0
12/30/2023 16:00,0.0
12/30/2023 16:30,0.0
12/30/2023 17:00,0.0
12/30/2023 17:30,0.0
12/30/2023 18:00,0.0
12/30/2023 18:30,0.0
12/30/2023 19:00,0.0
12/30/2023 19:30,0.0
12/30/2023 20:00,0.0
12/30/2023 20:30,0.0
12/30/2023 21:00,0.0
12/30/2023 21:30,0.0
12/30/2023 22:00,0.0
12/30/2023 22:30,0.0
12/30/2023 23:00,0.0
12/30/2023 23:30,0.0
12/31/2023 00:00,0.0
12/31/2023 00:30,0.0
12/31/2023 01:00,0.0
12/31/2023 01:30,0.0
12/31/2023 02:00,0.0
12/31/2023 02:30,0.0
12/31/2023 03:00,0.0
12/31/2023 03:30,0.0
12/31/2023 04:00,0.0
12/31/2023 04:30,0.0
12/31/2023 05:00,0.0
12/31/2023 05:30,0.0
12/31/2023 06:00,0.0
12/31/2023 06:30,0.0
12/31/2023 07:00,0.0
12/31/2023 07:30,0.0
12/31/2023 08:00,0.0
12/31/2023 08:30,0.0
12/31/2023 09:00,0.0
12/31/2023 09:30,0.0
12/31/2023 10:00,0.0
12/31/2023 10:30,0.0
12/31/2023 11:00,0.0
12/31/2023 11:30,0.0
12/31/2023 12:00,0.0
12/31/2023 12:30,0.0
12/31/2023 13:00,0.0
12/31/2023 13:30,0.0
12/31/2023 14:00,0.0
12/31/2023 14:30,0.0
12/31/2023 15:00,0.0
12/31/2023 15:30,0.0
12/31/2023 16:00,0.0
12/31/2023 16:30,0.0
12/31/2023 17:00,0.0
12/31/2023 17:30,0.0
12/31/2023 18:00,0.0
12/31/2023 18:30,0.0
12/31/2023 19:00,0.0
12/31/2023 19:30,0.0
12/31/2023 20:00,0.0
12/31/2023 20:30,0.0
12/31/2023 21:00,0.0
12/31/2023 21:30,0.0
12/31/2023 22:00,0.0
12/31/2023 22:30,0.0
12/31/2023 23:00,0.0
12/31/2023 23:30,0.0
