01/01/2023 00:00,0.0
01/01/2023 00:30,0.0
01/01/2023 01:00,0.0
01/01/2023 01:30,0.0
01/01/2023 02:00,0.0
01/01/2023 02:30,0.0
01/01/2023 03:00,0.0
01/01/2023 03:30,0.0
01/01/2023 04:00,0.0
01/01/2023 04:30,0.0
01/01/2023 05:00,0.0
01/01/2023 05:30,0.0
01/01/2023 06:00,0.0
01/01/2023 06:30,0.0
01/01/2023 07:00,0.0
01/01/2023 07:30,0.0
01/01/2023 08:00,0.0
01/01/2023 08:30,0.0
01/01/2023 09:00,0.0
01/01/2023 09:30,0.0
01/01/2023 10:00,0.0
01/01/2023 10:30,0.0
01/01/2023 11:00,0.0
01/01/2023 11:30,0.0
01/01/2023 12:00,0.0
01/01/2023 12:30,0.0
01/01/2023 13:00,0.0
01/01/2023 13:30,0.0
01/01/2023 14:00,0.0
01/01/2023 14:30,0.0
01/01/2023 15:00,0.0
01/01/2023 15:30,0.0
01/01/2023 16:00,0.0
01/01/2023 16:30,0.0
01/01/2023 17:00,0.0
01/01/2023 17:30,0.0
01/01/2023 18:00,0.0
01/01/2023 18:30,0.0
01/01/2023 19:00,0.0
01/01/2023 19:30,0.0
01/01/2023 20:00,0.0
01/01/2023 20:30,0.0
01/01/2023 21:00,0.0
01/01/2023 21:30,0.0
01/01/2023 22:00,0.0
01/01/2023 22:30,0.0
01/01/2023 23:00,0.0
01/01/2023 23:30,0.0
01/02/2023 00:00,0.0
01/02/2023 00:30,0.0
01/02/2023 01:00,0.0
01/02/2023 01:30,0.0
01/02/2023 02:00,0.0
01/02/2023 02:30,0.0
01/02/2023 03:00,0.0
01/02/2023 03:30,0.0
01/02/2023 04:00,0.0
01/02/2023 04:30,0.0
01/02/2023 05:00,0.0
01/02/2023 05:30,0.0
01/02/2023 06:00,0.0
01/02/2023 06:30,0.0
01/02/2023 07:00,0.0
01/02/2023 07:30,0.0
01/02/2023 08:00,0.0
01/02/2023 08:30,0.0
01/02/2023 09:00,0.0
01/02/2023 09:30,0.0
01/02/2023 10:00,0.0
01/02/2023 10:30,0.0
01/02/2023 11:00,0.0
01/02/2023 11:30,0.0
01/02/2023 12:00,0.0
01/02/2023 12:30,0.0
01/02/2023 13:00,0.0
01/02/2023 13:30,0.0
01/02/2023 14:00,0.0
01/02/2023 14:30,0.0
01/02/2023 15:00,0.0
01/02/2023 15:30,0.0
01/02/2023 16:00,0.0
01/02/2023 16:30,0.0
01/02/2023 17:00,0.0
01/02/2023 17:30,0.0
01/02/2023 18:00,0.0
01/02/2023 18:30,0.0
01/02/2023 19:00,0.0
01/02/2023 19:30,0.0
01/02/2023 20:00,0.0
01/02/2023 20:30,0.0
01/02/2023 21:00,0.0
01/02/2023 21:30,0.0
01/02/2023 22:00,0.0
01/02/2023 22:30,0.0
01/02/2023 23:00,0.0
01/02/2023 23:30,0.0
01/03/2023 00:00,0.0
01/03/2023 00:30,0.0
01/03/2023 01:00,0.0
01/03/2023 01:30,0.0
01/03/2023 02:00,0.0
01/03/2023 02:30,0.0
01/03/2023 03:00,0.0
01/03/2023 03:30,0.0
01/03/2023 04:00,0.0
01/03/2023 04:30,0.0
01/03/2023 05:00,0.0
01/03/2023 05:30,0.0
01/03/2023 06:00,0.0
01/03/2023 06:30,0.0
01/03/2023 07:00,0.0
01/03/2023 07:30,0.0
01/03/2023 08:00,0.0
01/03/2023 08:30,0.0
01/03/2023 09:00,0.0
01/03/2023 09:30,0.0
01/03/2023 10:00,0.0
01/03/2023 10:30,0.0
01/03/2023 11:00,0.0
01/03/2023 11:30,0.0
01/03/2023 12:00,0.0
01/03/2023 12:30,0.0
01/03/2023 13:00,0.0
01/03/2023 13:30,0.0
01/03/2023 14:00,0.0
01/03/2023 14:30,0.0
01/03/2023 15:00,0.0
01/03/2023 15:30,0.0
01/03/2023 16:00,0.0
01/03/2023 16:30,0.0
01/03/2023 17:00,0.0
01/03/2023 17:30,0.0
01/03/2023 18:00,0.0
01/03/2023 18:30,0.0
01/03/2023 19:00,0.0
01/03/2023 19:30,0.0
01/03/2023 20:00,0.0
01/03/2023 20:30,0.0
01/03/2023 21:00,0.0
01/03/2023 21:30,0.0
01/03/2023 22:00,0.0
01/03/2023 22:30,0.0
01/03/2023 23:00,0.0
01/03/2023 23:30,0.0
01/04/2023 00:00,0.0
01/04/2023 00:30,0.0
01/04/2023 01:00,0.0
01/04/2023 01:30,0.0
01/04/2023 02:00,0.0
01/04/2023 02:30,0.0
01/04/2023 03:00,0.0
01/04/2023 03:30,0.0
01/04/2023 04:00,0.0
01/04/2023 04:30,0.0
01/04/2023 05:00,0.0
01/04/2023 05:30,0.0
01/04/2023 06:00,0.0
01/04/2023 06:30,0.0
01/04/2023 07:00,0.0
01/04/2023 07:30,0.0
01/04/2023 08:00,0.0
01/04/2023 08:30,0.0
01/04/2023 09:00,0.0
01/04/2023 09:30,0.0
01/04/2023 10:00,0.0
01/04/2023 10:30,0.0
01/04/2023 11:00,0.0
01/04/2023 11:30,0.0
01/04/2023 12:00,0.0
01/04/2023 12:30,0.0
01/04/2023 13:00,0.0
01/04/2023 13:30,0.0
01/04/2023 14:00,0.0
01/04/2023 14:30,0.0
01/04/2023 15:00,0.0
01/04/2023 15:30,0.0
01/04/2023 16:00,0.0
01/04/2023 16:30,0.0
01/04/2023 17:00,0.0
01/04/2023 17:30,0.0
01/04/2023 18:00,0.0
01/04/2023 18:30,0.0
01/04/2023 19:00,0.0
01/04/2023 19:30,0.0
01/04/2023 20:00,0.0
01/04/2023 20:30,0.0
01/04/2023 21:00,0.0
01/04/2023 21:30,0.0
01/04/2023 22:00,0.0
01/04/2023 22:30,0.0
01/04/2023 23:00,0.0
01/04/2023 23:30,0.0
01/05/2023 00:00,0.0
01/05/2023 00:30,0.0
01/05/2023 01:00,0.0
01/05/2023 01:30,0.0
01/05/2023 02:00,0.0
01/05/2023 02:30,0.0
01/05/2023 03:00,0.0
01/05/2023 03:30,0.0
01/05/2023 04:00,0.0
01/05/2023 04:30,0.0
01/05/2023 05:00,0.0
01/05/2023 05:30,0.0
01/05/2023 06:00,0.0
01/05/2023 06:30,0.0
01/05/2023 07:00,0.0
01/05/2023 07:30,0.0
01/05/2023 08:00,0.0
01/05/2023 08:30,0.0
01/05/2023 09:00,0.0
01/05/2023 09:30,0.0
01/05/2023 10:00,0.0
01/05/2023 10:30,0.0
01/05/2023 11:00,0.0
01/05/2023 11:30,0.0
01/05/2023 12:00,0.0
01/05/2023 12:30,0.0
01/05/2023 13:00,0.0
01/05/2023 13:30,0.0
01/05/2023 14:00,0.0
01/05/2023 14:30,0.0
01/05/2023 15:00,0.0
01/05/2023 15:30,0.0
01/05/2023 16:00,0.0
01/05/2023 16:30,0.0
01/05/2023 17:00,0.0
01/05/2023 17:30,0.0
01/05/2023 18:00,0.0
01/05/2023 18:30,0.0
01/05/2023 19:00,0.0
01/05/2023 19:30,0.0
01/05/2023 20:00,0.0
01/05/2023 20:30,0.0
01/05/2023 21:00,0.0
01/05/2023 21:30,0.0
01/05/2023 22:00,0.0
01/05/2023 22:30,0.0
01/05/2023 23:00,0.0
01/05/2023 23:30,0.0
01/06/2023 00:00,0.0
01/06/2023 00:30,0.0
01/06/2023 01:00,0.0
01/06/2023 01:30,0.0
01/06/2023 02:00,0.0
01/06/2023 02:30,0.0
01/06/2023 03:00,0.0
01/06/2023 03:30,0.0
01/06/2023 04:00,0.0
01/06/2023 04:30,0.0
01/06/2023 05:00,0.0
01/06/2023 05:30,0.0
01/06/2023 06:00,0.0
01/06/2023 06:30,0.0
01/06/2023 07:00,0.0
01/06/2023 07:30,0.0
01/06/2023 08:00,0.0
01/06/2023 08:30,0.0
01/06/2023 09:00,0.0
01/06/2023 09:30,0.0
01/06/2023 10:00,0.0
01/06/2023 10:30,0.0
01/06/2023 11:00,0.0
01/06/2023 11:30,0.0
01/06/2023 12:00,0.0
01/06/2023 12:30,0.0
01/06/2023 13:00,0.0
01/06/2023 13:30,0.0
01/06/2023 14:00,0.0
01/06/2023 14:30,0.0
01/06/2023 15:00,0.0
01/06/2023 15:30,0.0
01/06/2023 16:00,0.0
01/06/2023 16:30,0.0
01/06/2023 17:00,0.0
01/06/2023 17:30,0.0
01/06/2023 18:00,0.0
01/06/2023 18:30,0.0
01/06/2023 19:00,0.0
01/06/2023 19:30,0.0
01/06/2023 20:00,0.0
01/06/2023 20:30,0.0
01/06/2023 21:00,0.0
01/06/2023 21:30,0.0
01/06/2023 22:00,0.0
01/06/2023 22:30,0.0
01/06/2023 23:00,0.0
01/06/2023 23:30,0.0
01/07/2023 00:00,0.0
01/07/2023 00:30,0.0
01/07/2023 01:00,0.0
01/07/2023 01:30,0.0
01/07/2023 02:00,0.0
01/07/2023 02:30,0.0
01/07/2023 03:00,0.0
01/07/2023 03:30,0.0
01/07/2023 04:00,0.0
01/07/2023 04:30,0.0
01/07/2023 05:00,0.0
01/07/2023 05:30,0.0
01/07/2023 06:00,0.0
01/07/2023 06:30,0.0
01/07/2023 07:00,0.0
01/07/2023 07:30,0.0
01/07/2023 08:00,0.0
01/07/2023 08:30,0.0
01/07/2023 09:00,0.0
01/07/2023 09:30,0.0
01/07/2023 10:00,0.0
01/07/2023 10:30,0.0
01/07/2023 11:00,0.0
01/07/2023 11:30,0.0
01/07/2023 12:00,0.0
01/07/2023 12:30,0.0
01/07/2023 13:00,0.0
01/07/2023 13:30,0.0
01/07/2023 14:00,0.0
01/07/2023 14:30,0.0
01/07/2023 15:00,0.0
01/07/2023 15:30,0.0
01/07/2023 16:00,0.0
01/07/2023 16:30,0.0
01/07/2023 17:00,0.0
01/07/2023 17:30,0.0
01/07/2023 18:00,0.0
01/07/2023 18:30,0.0
01/07/2023 19:00,0.0
01/07/2023 19:30,0.0
01/07/2023 20:00,0.0
01/07/2023 20:30,0.0
01/07/2023 21:00,0.0
01/07/2023 21:30,0.0
01/07/2023 22:00,0.0
01/07/2023 22:30,0.0
01/07/2023 23:00,0.0
01/07/2023 23:30,0.0
01/08/2023 00:00,0.0
01/08/2023 00:30,0.0
01/08/2023 01:00,0.0
01/08/2023 01:30,0.0
01/08/2023 02:00,0.0
01/08/2023 02:30,0.0
01/08/2023 03:00,0.0
01/08/2023 03:30,0.0
01/08/2023 04:00,0.0
01/08/2023 04:30,0.0
01/08/2023 05:00,0.0
01/08/2023 05:30,0.0
01/08/2023 06:00,0.0
01/08/2023 06:30,0.0
01/08/2023 07:00,0.0
01/08/2023 07:30,0.0
01/08/2023 08:00,0.0
01/08/2023 08:30,0.0
01/08/2023 09:00,0.0
01/08/2023 09:30,0.0
01/08/2023 10:00,0.0
01/08/2023 10:30,0.0
01/08/2023 11:00,0.0
01/08/2023 11:30,0.0
01/08/2023 12:00,0.0
01/08/2023 12:30,0.0
01/08/2023 13:00,0.0
01/08/2023 13:30,0.0
01/08/2023 14:00,0.0
01/08/2023 14:30,0.0
01/08/2023 15:00,0.0
01/08/2023 15:30,0.0
01/08/2023 16:00,0.0
01/08/2023 16:30,0.0
01/08/2023 17:00,0.0
01/08/2023 17:30,0.0
01/08/2023 18:00,0.0
01/08/2023 18:30,0.0
01/08/2023 19:00,0.0
01/08/2023 19:30,0.0
01/08/2023 20:00,0.0
01/08/2023 20:30,0.0
01/08/2023 21:00,0.0
01/08/2023 21:30,0.0
01/08/2023 22:00,0.0
01/08/2023 22:30,0.0
01/08/2023 23:00,0.0
01/08/2023 23:30,0.0
01/09/2023 00:00,0.0
01/09/2023 00:30,0.0
01/09/2023 01:00,0.0
01/09/2023 01:30,0.0
01/09/2023 02:00,0.0
01/09/2023 02:30,0.0
01/09/2023 03:00,0.0
01/09/2023 03:30,0.0
01/09/2023 04:00,0.0
01/09/2023 04:30,0.0
01/09/2023 05:00,0.0
01/09/2023 05:30,0.0
01/09/2023 06:00,0.0
01/09/2023 06:30,0.0
01/09/2023 07:00,0.0
01/09/2023 07:30,0.0
01/09/2023 08:00,0.0
01/09/2023 08:30,0.0
01/09/2023 09:00,0.0
01/09/2023 09:30,0.0
01/09/2023 10:00,0.0
01/09/2023 10:30,0.0
01/09/2023 11:00,0.0
01/09/2023 11:30,0.0
01/09/2023 12:00,0.0
01/09/2023 12:30,0.0
01/09/2023 13:00,0.0
01/09/2023 13:30,0.0
01/09/2023 14:00,0.0
01/09/2023 14:30,0.0
01/09/2023 15:00,0.0
01/09/2023 15:30,0.0
01/09/2023 16:00,0.0
01/09/2023 16:30,0.0
01/09/2023 17:00,0.0
01/09/2023 17:30,0.0
01/09/2023 18:00,0.0
01/09/2023 18:30,0.0
01/09/2023 19:00,0.0
01/09/2023 19:30,0.0
01/09/2023 20:00,0.0
01/09/2023 20:30,0.0
01/09/2023 21:00,0.0
01/09/2023 21:30,0.0
01/09/2023 22:00,0.0
01/09/2023 22:30,0.0
01/09/2023 23:00,0.0
01/09/2023 23:30,0.0
01/10/2023 00:00,0.0
01/10/2023 00:30,0.0
01/10/2023 01:00,0.0
01/10/2023 01:30,0.0
01/10/2023 02:00,0.0
01/10/2023 02:30,0.0
01/10/2023 03:00,0.0
01/10/2023 03:30,0.0
01/10/2023 04:00,0.0
01/10/2023 04:30,0.0
01/10/2023 05:00,0.0
01/10/2023 05:30,0.0
01/10/2023 06:00,0.0
01/10/2023 06:30,0.0
01/10/2023 07:00,0.0
01/10/2023 07:30,0.0
01/10/2023 08:00,0.0
01/10/2023 08:30,0.0
01/10/2023 09:00,0.0
01/10/2023 09:30,0.0
01/10/2023 10:00,0.0
01/10/2023 10:30,0.0
01/10/2023 11:00,0.0
01/10/2023 11:30,0.0
01/10/2023 12:00,0.0
01/10/2023 12:30,0.0
01/10/2023 13:00,0.0
01/10/2023 13:30,0.0
01/10/2023 14:00,0.0
01/10/2023 14:30,0.0
01/10/2023 15:00,0.0
01/10/2023 15:30,0.0
01/10/2023 16:00,0.0
01/10/2023 16:30,0.0
01/10/2023 17:00,0.0
01/10/2023 17:30,0.0
01/10/2023 18:00,0.0
01/10/2023 18:30,0.0
01/10/2023 19:00,0.0
01/10/2023 19:30,0.0
01/10/2023 20:00,0.0
01/10/2023 20:30,0.0
01/10/2023 21:00,0.0
01/10/2023 21:30,0.0
01/10/2023 22:00,0.0
01/10/2023 22:30,0.0
01/10/2023 23:00,0.0
01/10/2023 23:30,0.0
01/11/2023 00:00,0.0
01/11/2023 00:30,0.0
01/11/2023 01:00,0.0
01/11/2023 01:30,0.0
01/11/2023 02:00,0.0
01/11/2023 02:30,0.0
01/11/2023 03:00,0.0
01/11/2023 03:30,0.0
01/11/2023 04:00,0.0
01/11/2023 04:30,0.0
01/11/2023 05:00,0.0
01/11/2023 05:30,0.0
01/11/2023 06:00,0.0
01/11/2023 06:30,0.0
01/11/2023 07:00,0.0
01/11/2023 07:30,0.0
01/11/2023 08:00,0.0
01/11/2023 08:30,0.0
01/11/2023 09:00,0.0
01/11/2023 09:30,0.0
01/11/2023 10:00,0.0
01/11/2023 10:30,0.0
01/11/2023 11:00,0.0
01/11/2023 11:30,0.0
01/11/2023 12:00,0.0
01/11/2023 12:30,0.0
01/11/2023 13:00,0.0
01/11/2023 13:30,0.0
01/11/2023 14:00,0.0
01/11/2023 14:30,0.0
01/11/2023 15:00,0.0
01/11/2023 15:30,0.0
01/11/2023 16:00,0.0
01/11/2023 16:30,0.0
01/11/2023 17:00,0.0
01/11/2023 17:30,0.0
01/11/2023 18:00,0.0
01/11/2023 18:30,0.0
01/11/2023 19:00,0.0
01/11/2023 19:30,0.0
01/11/2023 20:00,0.0
01/11/2023 20:30,0.0
01/11/2023 21:00,0.0
01/11/2023 21:30,0.0
01/11/2023 22:00,0.0
01/11/2023 22:30,0.0
01/11/2023 23:00,0.0
01/11/2023 23:30,0.0
01/12/2023 00:00,0.0
01/12/2023 00:30,0.0
01/12/2023 01:00,0.0
01/12/2023 01:30,0.0
01/12/2023 02:00,0.0
01/12/2023 02:30,0.0
01/12/2023 03:00,0.0
01/12/2023 03:30,0.0
01/12/2023 04:00,0.0
01/12/2023 04:30,0.0
01/12/2023 05:00,0.0
01/12/2023 05:30,0.0
01/12/2023 06:00,0.0
01/12/2023 06:30,0.0
01/12/2023 07:00,0.0
01/12/2023 07:30,0.0
01/12/2023 08:00,0.0
01/12/2023 08:30,0.0
01/12/2023 09:00,0.0
01/12/2023 09:30,0.0
01/12/2023 10:00,0.0
01/12/2023 10:30,0.0
01/12/2023 11:00,0.0
01/12/2023 11:30,0.0
01/12/2023 12:00,0.0
01/12/2023 12:30,0.0
01/12/2023 13:00,0.0
01/12/2023 13:30,0.0
01/12/2023 14:00,0.0
01/12/2023 14:30,0.0
01/12/2023 15:00,0.0
01/12/2023 15:30,0.0
01/12/2023 16:00,0.0
01/12/2023 16:30,0.0
01/12/2023 17:00,0.0
01/12/2023 17:30,0.0
01/12/2023 18:00,0.0
01/12/2023 18:30,0.0
01/12/2023 19:00,0.0
01/12/2023 19:30,0.0
01/12/2023 20:00,0.0
01/12/2023 20:30,0.0
01/12/2023 21:00,0.0
01/12/2023 21:30,0.0
01/12/2023 22:00,0.0
01/12/2023 22:30,0.0
01/12/2023 23:00,0.0
01/12/2023 23:30,0.0
01/13/2023 00:00,0.0
01/13/2023 00:30,0.0
01/13/2023 01:00,0.0
01/13/2023 01:30,0.0
01/13/2023 02:00,0.0
01/13/2023 02:30,0.0
01/13/2023 03:00,0.0
01/13/2023 03:30,0.0
01/13/2023 04:00,0.0
01/13/2023 04:30,0.0
01/13/2023 05:00,0.0
01/13/2023 05:30,0.0
01/13/2023 06:00,0.0
01/13/2023 06:30,0.0
01/13/2023 07:00,0.0
01/13/2023 07:30,0.0
01/13/2023 08:00,0.0
01/13/2023 08:30,0.0
01/13/2023 09:00,0.0
01/13/2023 09:30,0.0
01/13/2023 10:00,0.0
01/13/2023 10:30,0.0
01/13/2023 11:00,0.0
01/13/2023 11:30,0.0
01/13/2023 12:00,0.0
01/13/2023 12:30,0.0
01/13/2023 13:00,0.0
01/13/2023 13:30,0.0
01/13/2023 14:00,0.0
01/13/2023 14:30,0.0
01/13/2023 15:00,0.0
01/13/2023 15:30,0.0
01/13/2023 16:00,0.0
01/13/2023 16:30,0.0
01/13/2023 17:00,0.0
01/13/2023 17:30,0.0
01/13/2023 18:00,0.0
01/13/2023 18:30,0.0
01/13/2023 19:00,0.0
01/13/2023 19:30,0.0
01/13/2023 20:00,0.0
01/13/2023 20:30,0.0
01/13/2023 21:00,0.0
01/13/2023 21:30,0.0
01/13/2023 22:00,0.0
01/13/2023 22:30,0.0
01/13/2023 23:00,0.0
01/13/2023 23:30,0.0
01/14/2023 00:00,0.0
01/14/2023 00:30,0.0
01/14/2023 01:00,0.0
01/14/2023 01:30,0.0
01/14/2023 02:00,0.0
01/14/2023 02:30,0.0
01/14/2023 03:00,0.0
01/14/2023 03:30,0.0
01/14/2023 04:00,0.0
01/14/2023 04:30,0.0
01/14/2023 05:00,0.0
01/14/2023 05:30,0.0
01/14/2023 06:00,0.0
01/14/2023 06:30,0.0
01/14/2023 07:00,0.0
01/14/2023 07:30,0.0
01/14/2023 08:00,0.0
01/14/2023 08:30,0.0
01/14/2023 09:00,0.0
01/14/2023 09:30,0.0
01/14/2023 10:00,0.0
01/14/2023 10:30,0.0
01/14/2023 11:00,0.0
01/14/2023 11:30,0.0
01/14/2023 12:00,0.0
01/14/2023 12:30,0.0
01/14/2023 13:00,0.0
01/14/2023 13:30,0.0
01/14/2023 14:00,0.0
01/14/2023 14:30,0.0
01/14/2023 15:00,0.0
01/14/2023 15:30,0.0
01/14/2023 16:00,0.0
01/14/2023 16:30,0.0
01/14/2023 17:00,0.0
01/14/2023 17:30,0.0
01/14/2023 18:00,0.0
01/14/2023 18:30,0.0
01/14/2023 19:00,0.0
01/14/2023 19:30,0.0
01/14/2023 20:00,0.0
01/14/2023 20:30,0.0
01/14/2023 21:00,0.0
01/14/2023 21:30,0.0
01/14/2023 22:00,0.0
01/14/2023 22:30,0.0
01/14/2023 23:00,0.0
01/14/2023 23:30,0.0
01/15/2023 00:00,0.0
01/15/2023 00:30,0.0
01/15/2023 01:00,0.0
01/15/2023 01:30,0.0
01/15/2023 02:00,0.0
01/15/2023 02:30,0.0
01/15/2023 03:00,0.0
01/15/2023 03:30,0.0
01/15/2023 04:00,0.0
01/15/2023 04:30,0.0
01/15/2023 05:00,0.0
01/15/2023 05:30,0.0
01/15/2023 06:00,0.0
01/15/2023 06:30,0.0
01/15/2023 07:00,0.0
01/15/2023 07:30,0.0
01/15/2023 08:00,0.0
01/15/2023 08:30,0.0
01/15/2023 09:00,0.0
01/15/2023 09:30,0.0
01/15/2023 10:00,0.0
01/15/2023 10:30,0.0
01/15/2023 11:00,0.0
01/15/2023 11:30,0.0
01/15/2023 12:00,0.0
01/15/2023 12:30,0.0
01/15/2023 13:00,0.0
01/15/2023 13:30,0.0
01/15/2023 14:00,0.0
01/15/2023 14:30,0.0
01/15/2023 15:00,0.0
01/15/2023 15:30,0.0
01/15/2023 16:00,0.0
01/15/2023 16:30,0.0
01/15/2023 17:00,0.0
01/15/2023 17:30,0.0
01/15/2023 18:00,0.0
01/15/2023 18:30,0.0
01/15/2023 19:00,0.0
01/15/2023 19:30,0.0
01/15/2023 20:00,0.0
01/15/2023 20:30,0.0
01/15/2023 21:00,0.0
01/15/2023 21:30,0.0
01/15/2023 22:00,0.0
01/15/2023 22:30,0.0
01/15/2023 23:00,0.0
01/15/2023 23:30,0.0
01/16/2023 00:00,0.0
01/16/2023 00:30,0.0
01/16/2023 01:00,0.0
01/16/2023 01:30,0.0
01/16/2023 02:00,0.0
01/16/2023 02:30,0.0
01/16/2023 03:00,0.0
01/16/2023 03:30,0.0
01/16/2023 04:00,0.0
01/16/2023 04:30,0.0
01/16/2023 05:00,0.0
01/16/2023 05:30,0.0
01/16/2023 06:00,0.0
01/16/2023 06:30,0.0
01/16/2023 07:00,0.0
01/16/2023 07:30,0.0
01/16/2023 08:00,0.0
01/16/2023 08:30,0.0
01/16/2023 09:00,0.0
01/16/2023 09:30,0.0
01/16/2023 10:00,0.0
01/16/2023 10:30,0.0
01/16/2023 11:00,0.0
01/16/2023 11:30,0.0
01/16/2023 12:00,0.0
01/16/2023 12:30,0.0
01/16/2023 13:00,0.0
01/16/2023 13:30,0.0
01/16/2023 14:00,0.0
01/16/2023 14:30,0.0
01/16/2023 15:00,0.0
01/16/2023 15:30,0.0
01/16/2023 16:00,0.0
01/16/2023 16:30,0.0
01/16/2023 17:00,0.0
01/16/2023 17:30,0.0
01/16/2023 18:00,0.0
01/16/2023 18:30,0.0
01/16/2023 19:00,0.0
01/16/2023 19:30,0.0
01/16/2023 20:00,0.0
01/16/2023 20:30,0.0
01/16/2023 21:00,0.0
01/16/2023 21:30,0.0
01/16/2023 22:00,0.0
01/16/2023 22:30,0.0
01/16/2023 23:00,0.0
01/16/2023 23:30,0.0
01/17/2023 00:00,0.0
01/17/2023 00:30,0.0
01/17/2023 01:00,0.0
01/17/2023 01:30,0.0
01/17/2023 02:00,0.0
01/17/2023 02:30,0.0
01/17/2023 03:00,0.0
01/17/2023 03:30,0.0
01/17/2023 04:00,0.0
01/17/2023 04:30,0.0
01/17/2023 05:00,0.0
01/17/2023 05:30,0.0
01/17/2023 06:00,0.0
01/17/2023 06:30,0.0
01/17/2023 07:00,0.0
01/17/2023 07:30,0.0
01/17/2023 08:00,0.0
01/17/2023 08:30,0.0
01/17/2023 09:00,0.0
01/17/2023 09:30,0.0
01/17/2023 10:00,0.0
01/17/2023 10:30,0.0
01/17/2023 11:00,0.0
01/17/2023 11:30,0.0
01/17/2023 12:00,0.0
01/17/2023 12:30,0.0
01/17/2023 13:00,0.0
01/17/2023 13:30,0.0
01/17/2023 14:00,0.0
01/17/2023 14:30,0.0
01/17/2023 15:00,0.0
01/17/2023 15:30,0.0
01/17/2023 16:00,0.0
01/17/2023 16:30,0.0
01/17/2023 17:00,0.0
01/17/2023 17:30,0.0
01/17/2023 18:00,0.0
01/17/2023 18:30,0.0
01/17/2023 19:00,0.0
01/17/2023 19:30,0.0
01/17/2023 20:00,0.0
01/17/2023 20:30,0.0
01/17/2023 21:00,0.0
01/17/2023 21:30,0.0
01/17/2023 22:00,0.0
01/17/2023 22:30,0.0
01/17/2023 23:00,0.0
01/17/2023 23:30,0.0
01/18/2023 00:00,0.0
01/18/2023 00:30,0.0
01/18/2023 01:00,0.0
01/18/2023 01:30,0.0
01/18/2023 02:00,0.0
01/18/2023 02:30,0.0
01/18/2023 03:00,0.0
01/18/2023 03:30,0.0
01/18/2023 04:00,0.0
01/18/2023 04:30,0.0
01/18/2023 05:00,0.0
01/18/2023 05:30,0.0
01/18/2023 06:00,0.0
01/18/2023 06:30,0.0
01/18/2023 07:00,0.0
01/18/2023 07:30,0.0
01/18/2023 08:00,0.0
01/18/2023 08:30,0.0
01/18/2023 09:00,0.0
01/18/2023 09:30,0.0
01/18/2023 10:00,0.0
01/18/2023 10:30,0.0
01/18/2023 11:00,0.0
01/18/2023 11:30,0.0
01/18/2023 12:00,0.0
01/18/2023 12:30,0.0
01/18/2023 13:00,0.0
01/18/2023 13:30,0.0
01/18/2023 14:00,0.0
01/18/2023 14:30,0.0
01/18/2023 15:00,0.0
01/18/2023 15:30,0.0
01/18/2023 16:00,0.0
01/18/2023 16:30,0.0
01/18/2023 17:00,0.0
01/18/2023 17:30,0.0
01/18/2023 18:00,0.0
01/18/2023 18:30,0.0
01/18/2023 19:00,0.0
01/18/2023 19:30,0.0
01/18/2023 20:00,0.0
01/18/2023 20:30,0.0
01/18/2023 21:00,0.0
01/18/2023 21:30,0.0
01/18/2023 22:00,0.0
01/18/2023 22:30,0.0
01/18/2023 23:00,0.0
01/18/2023 23:30,0.0
01/19/2023 00:00,0.0
01/19/2023 00:30,0.0
01/19/2023 01:00,0.0
01/19/2023 01:30,0.0
01/19/2023 02:00,0.0
01/19/2023 02:30,0.0
01/19/2023 03:00,0.0
01/19/2023 03:30,0.0
01/19/2023 04:00,0.0
01/19/2023 04:30,0.0
01/19/2023 05:00,0.0
01/19/2023 05:30,0.0
01/19/2023 06:00,0.0
01/19/2023 06:30,0.0
01/19/2023 07:00,0.0
01/19/2023 07:30,0.0
01/19/2023 08:00,0.0
01/19/2023 08:30,0.0
01/19/2023 09:00,0.0
01/19/2023 09:30,0.0
01/19/2023 10:00,0.0
01/19/2023 10:30,0.0
01/19/2023 11:00,0.0
01/19/2023 11:30,0.0
01/19/2023 12:00,0.0
01/19/2023 12:30,0.0
01/19/2023 13:00,0.0
01/19/2023 13:30,0.0
01/19/2023 14:00,0.0
01/19/2023 14:30,0.0
01/19/2023 15:00,0.0
01/19/2023 15:30,0.0
01/19/2023 16:00,0.0
01/19/2023 16:30,0.0
01/19/2023 17:00,0.0
01/19/2023 17:30,0.0
01/19/2023 18:00,0.0
01/19/2023 18:30,0.0
01/19/2023 19:00,0.0
01/19/2023 19:30,0.0
01/19/2023 20:00,0.0
01/19/2023 20:30,0.0
01/19/2023 21:00,0.0
01/19/2023 21:30,0.0
01/19/2023 22:00,0.0
01/19/2023 22:30,0.0
01/19/2023 23:00,0.0
01/19/2023 23:30,0.0
01/20/2023 00:00,0.0
01/20/2023 00:30,0.0
01/20/2023 01:00,0.0
01/20/2023 01:30,0.0
01/20/2023 02:00,0.0
01/20/2023 02:30,0.0
01/20/2023 03:00,0.0
01/20/2023 03:30,0.0
01/20/2023 04:00,0.0
01/20/2023 04:30,0.0
01/20/2023 05:00,0.0
01/20/2023 05:30,0.0
01/20/2023 06:00,0.0
01/20/2023 06:30,0.0
01/20/2023 07:00,0.0
01/20/2023 07:30,0.0
01/20/2023 08:00,0.0
01/20/2023 08:30,0.0
01/20/2023 09:00,0.0
01/20/2023 09:30,0.0
01/20/2023 10:00,0.0
01/20/2023 10:30,0.0
01/20/2023 11:00,0.0
01/20/2023 11:30,0.0
01/20/2023 12:00,0.0
01/20/2023 12:30,0.0
01/20/2023 13:00,0.0
01/20/2023 13:30,0.0
01/20/2023 14:00,0.0
01/20/2023 14:30,0.0
01/20/2023 15:00,0.0
01/20/2023 15:30,0.0
01/20/2023 16:00,0.0
01/20/2023 16:30,0.0
01/20/2023 17:00,0.0
01/20/2023 17:30,0.0
01/20/2023 18:00,0.0
01/20/2023 18:30,0.0
01/20/2023 19:00,0.0
01/20/2023 19:30,0.0
01/20/2023 20:00,0.0
01/20/2023 20:30,0.0
01/20/2023 21:00,0.0
01/20/2023 21:30,0.0
01/20/2023 22:00,0.0
01/20/2023 22:30,0.0
01/20/2023 23:00,0.0
01/20/2023 23:30,0.0
01/21/2023 00:00,0.0
01/21/2023 00:30,0.0
01/21/2023 01:00,0.0
01/21/2023 01:30,0.0
01/21/2023 02:00,0.0
01/21/2023 02:30,0.0
01/21/2023 03:00,0.0
01/21/2023 03:30,0.0
01/21/2023 04:00,0.0
01/21/2023 04:30,0.0
01/21/2023 05:00,0.0
01/21/2023 05:30,0.0
01/21/2023 06:00,0.0
01/21/2023 06:30,0.0
01/21/2023 07:00,0.0
01/21/2023 07:30,0.0
01/21/2023 08:00,0.0
01/21/2023 08:30,0.0
01/21/2023 09:00,0.0
01/21/2023 09:30,0.0
01/21/2023 10:00,0.0
01/21/2023 10:30,0.0
01/21/2023 11:00,0.0
01/21/2023 11:30,0.0
01/21/2023 12:00,0.0
01/21/2023 12:30,0.0
01/21/2023 13:00,0.0
01/21/2023 13:30,0.0
01/21/2023 14:00,0.0
01/21/2023 14:30,0.0
01/21/2023 15:00,0.0
01/21/2023 15:30,0.0
01/21/2023 16:00,0.0
01/21/2023 16:30,0.0
01/21/2023 17:00,0.0
01/21/2023 17:30,0.0
01/21/2023 18:00,0.0
01/21/2023 18:30,0.0
01/21/2023 19:00,0.0
01/21/2023 19:30,0.0
01/21/2023 20:00,0.0
01/21/2023 20:30,0.0
01/21/2023 21:00,0.0
01/21/2023 21:30,0.0
01/21/2023 22:00,0.0
01/21/2023 22:30,0.0
01/21/2023 23:00,0.0
01/21/2023 23:30,0.0
01/22/2023 00:00,0.0
01/22/2023 00:30,0.0
01/22/2023 01:00,0.0
01/22/2023 01:30,0.0
01/22/2023 02:00,0.0
01/22/2023 02:30,0.0
01/22/2023 03:00,0.0
01/22/2023 03:30,0.0
01/22/2023 04:00,0.0
01/22/2023 04:30,0.0
01/22/2023 05:00,0.0
01/22/2023 05:30,0.0
01/22/2023 06:00,0.0
01/22/2023 06:30,0.0
01/22/2023 07:00,0.0
01/22/2023 07:30,0.0
01/22/2023 08:00,0.0
01/22/2023 08:30,0.0
01/22/2023 09:00,0.0
01/22/2023 09:30,0.0
01/22/2023 10:00,0.0
01/22/2023 10:30,0.0
01/22/2023 11:00,0.0
01/22/2023 11:30,0.0
01/22/2023 12:00,0.0
01/22/2023 12:30,0.0
01/22/2023 13:00,0.0
01/22/2023 13:30,0.0
01/22/2023 14:00,0.0
01/22/2023 14:30,0.0
01/22/2023 15:00,0.0
01/22/2023 15:30,0.0
01/22/2023 16:00,0.0
01/22/2023 16:30,0.0
01/22/2023 17:00,0.0
01/22/2023 17:30,0.0
01/22/2023 18:00,0.0
01/22/2023 18:30,0.0
01/22/2023 19:00,0.0
01/22/2023 19:30,0.0
01/22/2023 20:00,0.0
01/22/2023 20:30,0.0
01/22/2023 21:00,0.0
01/22/2023 21:30,0.0
01/22/2023 22:00,0.0
01/22/2023 22:30,0.0
01/22/2023 23:00,0.0
01/22/2023 23:30,0.0
01/23/2023 00:00,0.0
01/23/2023 00:30,0.0
01/23/2023 01:00,0.0
01/23/2023 01:30,0.0
01/23/2023 02:00,0.0
01/23/2023 02:30,0.0
01/23/2023 03:00,0.0
01/23/2023 03:30,0.0
01/23/2023 04:00,0.0
01/23/2023 04:30,0.0
01/23/2023 05:00,0.0
01/23/2023 05:30,0.0
01/23/2023 06:00,0.0
01/23/2023 06:30,0.0
01/23/2023 07:00,0.0
01/23/2023 07:30,0.0
01/23/2023 08:00,0.0
01/23/2023 08:30,0.0
01/23/2023 09:00,0.0
01/23/2023 09:30,0.0
01/23/2023 10:00,0.0
01/23/2023 10:30,0.0
01/23/2023 11:00,0.0
01/23/2023 11:30,0.0
01/23/2023 12:00,0.0
01/23/2023 12:30,0.0
01/23/2023 13:00,0.0
01/23/2023 13:30,0.0
01/23/2023 14:00,0.0
01/23/2023 14:30,0.0
01/23/2023 15:00,0.0
01/23/2023 15:30,0.0
01/23/2023 16:00,0.0
01/23/2023 16:30,0.0
01/23/2023 17:00,0.0
01/23/2023 17:30,0.0
01/23/2023 18:00,0.0
01/23/2023 18:30,0.0
01/23/2023 19:00,0.0
01/23/2023 19:30,0.0
01/23/2023 20:00,0.0
01/23/2023 20:30,0.0
01/23/2023 21:00,0.0
01/23/2023 21:30,0.0
01/23/2023 22:00,0.0
01/23/2023 22:30,0.0
01/23/2023 23:00,0.0
01/23/2023 23:30,0.0
01/24/2023 00:00,0.0
01/24/2023 00:30,0.0
01/24/2023 01:00,0.0
01/24/2023 01:30,0.0
01/24/2023 02:00,0.0
01/24/2023 02:30,0.0
01/24/2023 03:00,0.0
01/24/2023 03:30,0.0
01/24/2023 04:00,0.0
01/24/2023 04:30,0.0
01/24/2023 05:00,0.0
01/24/2023 05:30,0.0
01/24/2023 06:00,0.0
01/24/2023 06:30,0.0
01/24/2023 07:00,0.0
01/24/2023 07:30,0.0
01/24/2023 08:00,0.0
01/24/2023 08:30,0.0
01/24/2023 09:00,0.0
01/24/2023 09:30,0.0
01/24/2023 10:00,0.0
01/24/2023 10:30,0.0
01/24/2023 11:00,0.0
01/24/2023 11:30,0.0
01/24/2023 12:00,0.0
01/24/2023 12:30,0.0
01/24/2023 13:00,0.0
01/24/2023 13:30,0.0
01/24/2023 14:00,0.0
01/24/2023 14:30,0.0
01/24/2023 15:00,0.0
01/24/2023 15:30,0.0
01/24/2023 16:00,0.0
01/24/2023 16:30,0.0
01/24/2023 17:00,0.0
01/24/2023 17:30,0.0
01/24/2023 18:00,0.0
01/24/2023 18:30,0.0
01/24/2023 19:00,0.0
01/24/2023 19:30,0.0
01/24/2023 20:00,0.0
01/24/2023 20:30,0.0
01/24/2023 21:00,0.0
01/24/2023 21:30,0.0
01/24/2023 22:00,0.0
01/24/2023 22:30,0.0
01/24/2023 23:00,0.0
01/24/2023 23:30,0.0
01/25/2023 00:00,0.0
01/25/2023 00:30,0.0
01/25/2023 01:00,0.0
01/25/2023 01:30,0.0
01/25/2023 02:00,0.0
01/25/2023 02:30,0.0
01/25/2023 03:00,0.0
01/25/2023 03:30,0.0
01/25/2023 04:00,0.0
01/25/2023 04:30,0.0
01/25/2023 05:00,0.0
01/25/2023 05:30,0.0
01/25/2023 06:00,0.0
01/25/2023 06:30,0.0
01/25/2023 07:00,0.0
01/25/2023 07:30,0.0
01/25/2023 08:00,0.0
01/25/2023 08:30,0.0
01/25/2023 09:00,0.0
01/25/2023 09:30,0.0
01/25/2023 10:00,0.0
01/25/2023 10:30,0.0
01/25/2023 11:00,0.0
01/25/2023 11:30,0.0
01/25/2023 12:00,0.0
01/25/2023 12:30,0.0
01/25/2023 13:00,0.0
01/25/2023 13:30,0.0
01/25/2023 14:00,0.0
01/25/2023 14:30,0.0
01/25/2023 15:00,0.0
01/25/2023 15:30,0.0
01/25/2023 16:00,0.0
01/25/2023 16:30,0.0
01/25/2023 17:00,0.0
01/25/2023 17:30,0.0
01/25/2023 18:00,0.0
01/25/2023 18:30,0.0
01/25/2023 19:00,0.0
01/25/2023 19:30,0.0
01/25/2023 20:00,0.0
01/25/2023 20:30,0.0
01/25/2023 21:00,0.0
01/25/2023 21:30,0.0
01/25/2023 22:00,0.0
01/25/2023 22:30,0.0
01/25/2023 23:00,0.0
01/25/2023 23:30,0.0
01/26/2023 00:00,0.0
01/26/2023 00:30,0.0
01/26/2023 01:00,0.0
01/26/2023 01:30,0.0
01/26/2023 02:00,0.0
01/26/2023 02:30,0.0
01/26/2023 03:00,0.0
01/26/2023 03:30,0.0
01/26/2023 04:00,0.0
01/26/2023 04:30,0.0
01/26/2023 05:00,0.0
01/26/2023 05:30,0.0
01/26/2023 06:00,0.0
01/26/2023 06:30,0.0
01/26/2023 07:00,0.0
01/26/2023 07:30,0.0
01/26/2023 08:00,0.0
01/26/2023 08:30,0.0
01/26/2023 09:00,0.0
01/26/2023 09:30,0.0
01/26/2023 10:00,0.0
01/26/2023 10:30,0.0
01/26/2023 11:00,0.0
01/26/2023 11:30,0.0
01/26/2023 12:00,0.0
01/26/2023 12:30,0.0
01/26/2023 13:00,0.0
01/26/2023 13:30,0.0
01/26/2023 14:00,0.0
01/26/2023 14:30,0.0
01/26/2023 15:00,0.0
01/26/2023 15:30,0.0
01/26/2023 16:00,0.0
01/26/2023 16:30,0.0
01/26/2023 17:00,0.0
01/26/2023 17:30,0.0
01/26/2023 18:00,0.0
01/26/2023 18:30,0.0
01/26/2023 19:00,0.0
01/26/2023 19:30,0.0
01/26/2023 20:00,0.0
01/26/2023 20:30,0.0
01/26/2023 21:00,0.0
01/26/2023 21:30,0.0
01/26/2023 22:00,0.0
01/26/2023 22:30,0.0
01/26/2023 23:00,0.0
01/26/2023 23:30,0.0
01/27/2023 00:00,0.0
01/27/2023 00:30,0.0
01/27/2023 01:00,0.0
01/27/2023 01:30,0.0
01/27/2023 02:00,0.0
01/27/2023 02:30,0.0
01/27/2023 03:00,0.0
01/27/2023 03:30,0.0
01/27/2023 04:00,0.0
01/27/2023 04:30,0.0
01/27/2023 05:00,0.0
01/27/2023 05:30,0.0
01/27/2023 06:00,0.0
01/27/2023 06:30,0.0
01/27/2023 07:00,0.0
01/27/2023 07:30,0.0
01/27/2023 08:00,0.0
01/27/2023 08:30,0.0
01/27/2023 09:00,0.0
01/27/2023 09:30,0.0
01/27/2023 10:00,0.0
01/27/2023 10:30,0.0
01/27/2023 11:00,0.0
01/27/2023 11:30,0.0
01/27/2023 12:00,0.0
01/27/2023 12:30,0.0
01/27/2023 13:00,0.0
01/27/2023 13:30,0.0
01/27/2023 14:00,0.0
01/27/2023 14:30,0.0
01/27/2023 15:00,0.0
01/27/2023 15:30,0.0
01/27/2023 16:00,0.0
01/27/2023 16:30,0.0
01/27/2023 17:00,0.0
01/27/2023 17:30,0.0
01/27/2023 18:00,0.0
01/27/2023 18:30,0.0
01/27/2023 19:00,0.0
01/27/2023 19:30,0.0
01/27/2023 20:00,0.0
01/27/2023 20:30,0.0
01/27/2023 21:00,0.0
01/27/2023 21:30,0.0
01/27/2023 22:00,0.0
01/27/2023 22:30,0.0
01/27/2023 23:00,0.0
01/27/2023 23:30,0.0
01/28/2023 00:00,0.0
01/28/2023 00:30,0.0
01/28/2023 01:00,0.0
01/28/2023 01:30,0.0
01/28/2023 02:00,0.0
01/28/2023 02:30,0.0
01/28/2023 03:00,0.0
01/28/2023 03:30,0.0
01/28/2023 04:00,0.0
01/28/2023 04:30,0.0
01/28/2023 05:00,0.0
01/28/2023 05:30,0.0
01/28/2023 06:00,0.0
01/28/2023 06:30,0.0
01/28/2023 07:00,0.0
01/28/2023 07:30,0.0
01/28/2023 08:00,0.0
01/28/2023 08:30,0.0
01/28/2023 09:00,0.0
01/28/2023 09:30,0.0
01/28/2023 10:00,0.0
01/28/2023 10:30,0.0
01/28/2023 11:00,0.0
01/28/2023 11:30,0.0
01/28/2023 12:00,0.0
01/28/2023 12:30,0.0
01/28/2023 13:00,0.0
01/28/2023 13:30,0.0
01/28/2023 14:00,0.0
01/28/2023 14:30,0.0
01/28/2023 15:00,0.0
01/28/2023 15:30,0.0
01/28/2023 16:00,0.0
01/28/2023 16:30,0.0
01/28/2023 17:00,0.0
01/28/2023 17:30,0.0
01/28/2023 18:00,0.0
01/28/2023 18:30,0.0
01/28/2023 19:00,0.0
01/28/2023 19:30,0.0
01/28/2023 20:00,0.0
01/28/2023 20:30,0.0
01/28/2023 21:00,0.0
01/28/2023 21:30,0.0
01/28/2023 22:00,0.0
01/28/2023 22:30,0.0
01/28/2023 23:00,0.0
01/28/2023 23:30,0.0
01/29/2023 00:00,0.0
01/29/2023 00:30,0.0
01/29/2023 01:00,0.0
01/29/2023 01:30,0.0
01/29/2023 02:00,0.0
01/29/2023 02:30,0.0
01/29/2023 03:00,0.0
01/29/2023 03:30,0.0
01/29/2023 04:00,0.0
01/29/2023 04:30,0.0
01/29/2023 05:00,0.0
01/29/2023 05:30,0.0
01/29/2023 06:00,0.0
01/29/2023 06:30,0.0
01/29/2023 07:00,0.0
01/29/2023 07:30,0.0
01/29/2023 08:00,0.0
01/29/2023 08:30,0.0
01/29/2023 09:00,0.0
01/29/2023 09:30,0.0
01/29/2023 10:00,0.0
01/29/2023 10:30,0.0
01/29/2023 11:00,0.0
01/29/2023 11:30,0.0
01/29/2023 12:00,0.0
01/29/2023 12:30,0.0
01/29/2023 13:00,0.0
01/29/2023 13:30,0.0
01/29/2023 14:00,0.0
01/29/2023 14:30,0.0
01/29/2023 15:00,0.0
01/29/2023 15:30,0.0
01/29/2023 16:00,0.0
01/29/2023 16:30,0.0
01/29/2023 17:00,0.0
01/29/2023 17:30,0.0
01/29/2023 18:00,0.0
01/29/2023 18:30,0.0
01/29/2023 19:00,0.0
01/29/2023 19:30,0.0
01/29/2023 20:00,0.0
01/29/2023 20:30,0.0
01/29/2023 21:00,0.0
01/29/2023 21:30,0.0
01/29/2023 22:00,0.0
01/29/2023 22:30,0.0
01/29/2023 23:00,0.0
01/29/2023 23:30,0.0
01/30/2023 00:00,0.0
01/30/2023 00:30,0.0
01/30/2023 01:00,0.0
01/30/2023 01:30,0.0
01/30/2023 02:00,0.0
01/30/2023 02:30,0.0
01/30/2023 03:00,0.0
01/30/2023 03:30,0.0
01/30/2023 04:00,0.0
01/30/2023 04:30,0.0
01/30/2023 05:00,0.0
01/30/2023 05:30,0.0
01/30/2023 06:00,0.0
01/30/2023 06:30,0.0
01/30/2023 07:00,0.0
01/30/2023 07:30,0.0
01/30/2023 08:00,0.0
01/30/2023 08:30,0.0
01/30/2023 09:00,0.0
01/30/2023 09:30,0.0
01/30/2023 10:00,0.0
01/30/2023 10:30,0.0
01/30/2023 11:00,0.0
01/30/2023 11:30,0.0
01/30/2023 12:00,0.0
01/30/2023 12:30,0.0
01/30/2023 13:00,0.0
01/30/2023 13:30,0.0
01/30/2023 14:00,0.0
01/30/2023 14:30,0.0
01/30/2023 15:00,0.0
01/30/2023 15:30,0.0
01/30/2023 16:00,0.0
01/30/2023 16:30,0.0
01/30/2023 17:00,0.0
01/30/2023 17:30,0.0
01/30/2023 18:00,0.0
01/30/2023 18:30,0.0
01/30/2023 19:00,0.0
01/30/2023 19:30,0.0
01/30/2023 20:00,0.0
01/30/2023 20:30,0.0
01/30/2023 21:00,0.0
01/30/2023 21:30,0.0
01/30/2023 22:00,0.0
01/30/2023 22:30,0.0
01/30/2023 23:00,0.0
01/30/2023 23:30,0.0
01/31/2023 00:00,0.0
01/31/2023 00:30,0.0
01/31/2023 01:00,0.0
01/31/2023 01:30,0.0
01/31/2023 02:00,0.0
01/31/2023 02:30,0.0
01/31/2023 03:00,0.0
01/31/2023 03:30,0.0
01/31/2023 04:00,0.0
01/31/2023 04:30,0.0
01/31/2023 05:00,0.0
01/31/2023 05:30,0.0
01/31/2023 06:00,0.0
01/31/2023 06:30,0.0
01/31/2023 07:00,0.0
01/31/2023 07:30,0.0
01/31/2023 08:00,0.0
01/31/2023 08:30,0.0
01/31/2023 09:00,0.0
01/31/2023 09:30,0.0
01/31/2023 10:00,0.0
01/31/2023 10:30,0.0
01/31/2023 11:00,0.0
01/31/2023 11:30,0.0
01/31/2023 12:00,0.0
01/31/2023 12:30,0.0
01/31/2023 13:00,0.0
01/31/2023 13:30,0.0
01/31/2023 14:00,0.0
01/31/2023 14:30,0.0
01/31/2023 15:00,0.0
01/31/2023 15:30,0.0
01/31/2023 16:00,0.0
01/31/2023 16:30,0.0
01/31/2023 17:00,0.0
01/31/2023 17:30,0.0
01/31/2023 18:00,0.0
01/31/2023 18:30,0.0
01/31/2023 19:00,0.0
01/31/2023 19:30,0.0
01/31/2023 20:00,0.0
01/31/2023 20:30,0.0
01/31/2023 21:00,0.0
01/31/2023 21:30,0.0
01/31/2023 22:00,0.0
01/31/2023 22:30,0.0
01/31/2023 23:00,0.0
01/31/2023 23:30,0.0
02/01/2023 00:00,0.0
02/01/2023 00:30,0.0
02/01/2023 01:00,0.0
02/01/2023 01:30,0.0
02/01/2023 02:00,0.0
02/01/2023 02:30,0.0
02/01/2023 03:00,0.0
02/01/2023 03:30,0.0
02/01/2023 04:00,0.0
02/01/2023 04:30,0.0
02/01/2023 05:00,0.0
02/01/2023 05:30,0.0
02/01/2023 06:00,0.0
02/01/2023 06:30,0.0
02/01/2023 07:00,0.0
02/01/2023 07:30,0.0
02/01/2023 08:00,0.0
02/01/2023 08:30,0.0
02/01/2023 09:00,0.0
02/01/2023 09:30,0.0
02/01/2023 10:00,0.0
02/01/2023 10:30,0.0
02/01/2023 11:00,0.0
02/01/2023 11:30,0.0
02/01/2023 12:00,0.0
02/01/2023 12:30,0.0
02/01/2023 13:00,0.0
02/01/2023 13:30,0.0
02/01/2023 14:00,0.0
02/01/2023 14:30,0.0
02/01/2023 15:00,0.0
02/01/2023 15:30,0.0
02/01/2023 16:00,0.0
02/01/2023 16:30,0.0
02/01/2023 17:00,0.0
02/01/2023 17:30,0.0
02/01/2023 18:00,0.0
02/01/2023 18:30,0.0
02/01/2023 19:00,0.0
02/01/2023 19:30,0.0
02/01/2023 20:00,0.0
02/01/2023 20:30,0.0
02/01/2023 21:00,0.0
02/01/2023 21:30,0.0
02/01/2023 22:00,0.0
02/01/2023 22:30,0.0
02/01/2023 23:00,0.0
02/01/2023 23:30,0.0
02/02/2023 00:00,0.0
02/02/2023 00:30,0.0
02/02/2023 01:00,0.0
02/02/2023 01:30,0.0
02/02/2023 02:00,0.0
02/02/2023 02:30,0.0
02/02/2023 03:00,0.0
02/02/2023 03:30,0.0
02/02/2023 04:00,0.0
02/02/2023 04:30,0.0
02/02/2023 05:00,0.0
02/02/2023 05:30,0.0
02/02/2023 06:00,0.0
02/02/2023 06:30,0.0
02/02/2023 07:00,0.0
02/02/2023 07:30,0.0
02/02/2023 08:00,0.0
02/02/2023 08:30,0.0
02/02/2023 09:00,0.0
02/02/2023 09:30,0.0
02/02/2023 10:00,0.0
02/02/2023 10:30,0.0
02/02/2023 11:00,0.0
02/02/2023 11:30,0.0
02/02/2023 12:00,0.0
02/02/2023 12:30,0.0
02/02/2023 13:00,0.0
02/02/2023 13:30,0.0
02/02/2023 14:00,0.0
02/02/2023 14:30,0.0
02/02/2023 15:00,0.0
02/02/2023 15:30,0.0
02/02/2023 16:00,0.0
02/02/2023 16:30,0.0
02/02/2023 17:00,0.0
02/02/2023 17:30,0.0
02/02/2023 18:00,0.0
02/02/2023 18:30,0.0
02/02/2023 19:00,0.0
02/02/2023 19:30,0.0
02/02/2023 20:00,0.0
02/02/2023 20:30,0.0
02/02/2023 21:00,0.0
02/02/2023 21:30,0.0
02/02/2023 22:00,0.0
02/02/2023 22:30,0.0
02/02/2023 23:00,0.0
02/02/2023 23:30,0.0
02/03/2023 00:00,0.0
02/03/2023 00:30,0.0
02/03/2023 01:00,0.0
02/03/2023 01:30,0.0
02/03/2023 02:00,0.0
02/03/2023 02:30,0.0
02/03/2023 03:00,0.0
02/03/2023 03:30,0.0
02/03/2023 04:00,0.0
02/03/2023 04:30,0.0
02/03/2023 05:00,0.0
02/03/2023 05:30,0.0
02/03/2023 06:00,0.0
02/03/2023 06:30,0.0
02/03/2023 07:00,0.0
02/03/2023 07:30,0.0
02/03/2023 08:00,0.0
02/03/2023 08:30,0.0
02/03/2023 09:00,0.0
02/03/2023 09:30,0.0
02/03/2023 10:00,0.0
02/03/2023 10:30,0.0
02/03/2023 11:00,0.0
02/03/2023 11:30,0.0
02/03/2023 12:00,0.0
02/03/2023 12:30,0.0
02/03/2023 13:00,0.0
02/03/2023 13:30,0.0
02/03/2023 14:00,0.0
02/03/2023 14:30,0.0
02/03/2023 15:00,0.0
02/03/2023 15:30,0.0
02/03/2023 16:00,0.0
02/03/2023 16:30,0.0
02/03/2023 17:00,0.0
02/03/2023 17:30,0.0
02/03/2023 18:00,0.0
02/03/2023 18:30,0.0
02/03/2023 19:00,0.0
02/03/2023 19:30,0.0
02/03/2023 20:00,0.0
02/03/2023 20:30,0.0
02/03/2023 21:00,0.0
02/03/2023 21:30,0.0
02/03/2023 22:00,0.0
02/03/2023 22:30,0.0
02/03/2023 23:00,0.0
02/03/2023 23:30,0.0
02/04/2023 00:00,0.0
02/04/2023 00:30,0.0
02/04/2023 01:00,0.0
02/04/2023 01:30,0.0
02/04/2023 02:00,0.0
02/04/2023 02:30,0.0
02/04/2023 03:00,0.0
02/04/2023 03:30,0.0
02/04/2023 04:00,0.0
02/04/2023 04:30,0.0
02/04/2023 05:00,0.0
02/04/2023 05:30,0.0
02/04/2023 06:00,0.0
02/04/2023 06:30,0.0
02/04/2023 07:00,0.0
02/04/2023 07:30,0.0
02/04/2023 08:00,0.0
02/04/2023 08:30,0.0
02/04/2023 09:00,0.0
02/04/2023 09:30,0.0
02/04/2023 10:00,0.0
02/04/2023 10:30,0.0
02/04/2023 11:00,0.0
02/04/2023 11:30,0.0
02/04/2023 12:00,0.0
02/04/2023 12:30,0.0
02/04/2023 13:00,0.0
02/04/2023 13:30,0.0
02/04/2023 14:00,0.0
02/04/2023 14:30,0.0
02/04/2023 15:00,0.0
02/04/2023 15:30,0.0
02/04/2023 16:00,0.0
02/04/2023 16:30,0.0
02/04/2023 17:00,0.0
02/04/2023 17:30,0.0
02/04/2023 18:00,0.0
02/04/2023 18:30,0.0
02/04/2023 19:00,0.0
02/04/2023 19:30,0.0
02/04/2023 20:00,0.0
02/04/2023 20:30,0.0
02/04/2023 21:00,0.0
02/04/2023 21:30,0.0
02/04/2023 22:00,0.0
02/04/2023 22:30,0.0
02/04/2023 23:00,0.0
02/04/2023 23:30,0.0
02/05/2023 00:00,0.0
02/05/2023 00:30,0.0
02/05/2023 01:00,0.0
02/05/2023 01:30,0.0
02/05/2023 02:00,0.0
02/05/2023 02:30,0.0
02/05/2023 03:00,0.0
02/05/2023 03:30,0.0
02/05/2023 04:00,0.0
02/05/2023 04:30,0.0
02/05/2023 05:00,0.0
02/05/2023 05:30,0.0
02/05/2023 06:00,0.0
02/05/2023 06:30,0.0
02/05/2023 07:00,0.0
02/05/2023 07:30,0.0
02/05/2023 08:00,0.0
02/05/2023 08:30,0.0
02/05/2023 09:00,0.0
02/05/2023 09:30,0.0
02/05/2023 10:00,0.0
02/05/2023 10:30,0.0
02/05/2023 11:00,0.0
02/05/2023 11:30,0.0
02/05/2023 12:00,0.0
02/05/2023 12:30,0.0
02/05/2023 13:00,0.0
02/05/2023 13:30,0.0
02/05/2023 14:00,0.0
02/05/2023 14:30,0.0
02/05/2023 15:00,0.0
02/05/2023 15:30,0.0
02/05/2023 16:00,0.0
02/05/2023 16:30,0.0
02/05/2023 17:00,0.0
02/05/2023 17:30,0.0
02/05/2023 18:00,0.0
02/05/2023 18:30,0.0
02/05/2023 19:00,0.0
02/05/2023 19:30,0.0
02/05/2023 20:00,0.0
02/05/2023 20:30,0.0
02/05/2023 21:00,0.0
02/05/2023 21:30,0.0
02/05/2023 22:00,0.0
02/05/2023 22:30,0.0
02/05/2023 23:00,0.0
02/05/2023 23:30,0.0
02/06/2023 00:00,0.0
02/06/2023 00:30,0.0
02/06/2023 01:00,0.0
02/06/2023 01:30,0.0
02/06/2023 02:00,0.0
02/06/2023 02:30,0.0
02/06/2023 03:00,0.0
02/06/2023 03:30,0.0
02/06/2023 04:00,0.0
02/06/2023 04:30,0.0
02/06/2023 05:00,0.0
02/06/2023 05:30,0.0
02/06/2023 06:00,0.0
02/06/2023 06:30,0.0
02/06/2023 07:00,0.0
02/06/2023 07:30,0.0
02/06/2023 08:00,0.0
02/06/2023 08:30,0.0
02/06/2023 09:00,0.0
02/06/2023 09:30,0.0
02/06/2023 10:00,0.0
02/06/2023 10:30,0.0
02/06/2023 11:00,0.0
02/06/2023 11:30,0.0
02/06/2023 12:00,0.0
02/06/2023 12:30,0.0
02/06/2023 13:00,0.0
02/06/2023 13:30,0.0
02/06/2023 14:00,0.0
02/06/2023 14:30,0.0
02/06/2023 15:00,0.0
02/06/2023 15:30,0.0
02/06/2023 16:00,0.0
02/06/2023 16:30,0.0
02/06/2023 17:00,0.0
02/06/2023 17:30,0.0
02/06/2023 18:00,0.0
02/06/2023 18:30,0.0
02/06/2023 19:00,0.0
02/06/2023 19:30,0.0
02/06/2023 20:00,0.0
02/06/2023 20:30,0.0
02/06/2023 21:00,0.0
02/06/2023 21:30,0.0
02/06/2023 22:00,0.0
02/06/2023 22:30,0.0
02/06/2023 23:00,0.0
02/06/2023 23:30,0.0
02/07/2023 00:00,0.0
02/07/2023 00:30,0.0
02/07/2023 01:00,0.0
02/07/2023 01:30,0.0
02/07/2023 02:00,0.0
02/07/2023 02:30,0.0
02/07/2023 03:00,0.0
02/07/2023 03:30,0.0
02/07/2023 04:00,0.0
02/07/2023 04:30,0.0
02/07/2023 05:00,0.0
02/07/2023 05:30,0.0
02/07/2023 06:00,0.0
02/07/2023 06:30,0.0
02/07/2023 07:00,0.0
02/07/2023 07:30,0.0
02/07/2023 08:00,0.0
02/07/2023 08:30,0.0
02/07/2023 09:00,0.0
02/07/2023 09:30,0.0
02/07/2023 10:00,0.0
02/07/2023 10:30,0.0
02/07/2023 11:00,0.0
02/07/2023 11:30,0.0
02/07/2023 12:00,0.0
02/07/2023 12:30,0.0
02/07/2023 13:00,0.0
02/07/2023 13:30,0.0
02/07/2023 14:00,0.0
02/07/2023 14:30,0.0
02/07/2023 15:00,0.0
02/07/2023 15:30,0.0
02/07/2023 16:00,0.0
02/07/2023 16:30,0.0
02/07/2023 17:00,0.0
02/07/2023 17:30,0.0
02/07/2023 18:00,0.0
02/07/2023 18:30,0.0
02/07/2023 19:00,0.0
02/07/2023 19:30,0.0
02/07/2023 20:00,0.0
02/07/2023 20:30,0.0
02/07/2023 21:00,0.0
02/07/2023 21:30,0.0
02/07/2023 22:00,0.0
02/07/2023 22:30,0.0
02/07/2023 23:00,0.0
02/07/2023 23:30,0.0
02/08/2023 00:00,0.0
02/08/2023 00:30,0.0
02/08/2023 01:00,0.0
02/08/2023 01:30,0.0
02/08/2023 02:00,0.0
02/08/2023 02:30,0.0
02/08/2023 03:00,0.0
02/08/2023 03:30,0.0
02/08/2023 04:00,0.0
02/08/2023 04:30,0.0
02/08/2023 05:00,0.0
02/08/2023 05:30,0.0
02/08/2023 06:00,0.0
02/08/2023 06:30,0.0
02/08/2023 07:00,0.0
02/08/2023 07:30,0.0
02/08/2023 08:00,0.0
02/08/2023 08:30,0.0
02/08/2023 09:00,0.0
02/08/2023 09:30,0.0
02/08/2023 10:00,0.0
02/08/2023 10:30,0.0
02/08/2023 11:00,0.0
02/08/2023 11:30,0.0
02/08/2023 12:00,0.0
02/08/2023 12:30,0.0
02/08/2023 13:00,0.0
02/08/2023 13:30,0.0
02/08/2023 14:00,0.0
02/08/2023 14:30,0.0
02/08/2023 15:00,0.0
02/08/2023 15:30,0.0
02/08/2023 16:00,0.0
02/08/2023 16:30,0.0
02/08/2023 17:00,0.0
02/08/2023 17:30,0.0
02/08/2023 18:00,0.0
02/08/2023 18:30,0.0
02/08/2023 19:00,0.0
02/08/2023 19:30,0.0
02/08/2023 20:00,0.0
02/08/2023 20:30,0.0
02/08/2023 21:00,0.0
02/08/2023 21:30,0.0
02/08/2023 22:00,0.0
02/08/2023 22:30,0.0
02/08/2023 23:00,0.0
02/08/2023 23:30,0.0
02/09/2023 00:00,0.0
02/09/2023 00:30,0.0
02/09/2023 01:00,0.0
02/09/2023 01:30,0.0
02/09/2023 02:00,0.0
02/09/2023 02:30,0.0
02/09/2023 03:00,0.0
02/09/2023 03:30,0.0
02/09/2023 04:00,0.0
02/09/2023 04:30,0.0
02/09/2023 05:00,0.0
02/09/2023 05:30,0.0
02/09/2023 06:00,0.0
02/09/2023 06:30,0.0
02/09/2023 07:00,0.0
02/09/2023 07:30,0.0
02/09/2023 08:00,0.0
02/09/2023 08:30,0.0
02/09/2023 09:00,0.0
02/09/2023 09:30,0.0
02/09/2023 10:00,0.0
02/09/2023 10:30,0.0
02/09/2023 11:00,0.0
02/09/2023 11:30,0.0
02/09/2023 12:00,0.0
02/09/2023 12:30,0.0
02/09/2023 13:00,0.0
02/09/2023 13:30,0.0
02/09/2023 14:00,0.0
02/09/2023 14:30,0.0
02/09/2023 15:00,0.0
02/09/2023 15:30,0.0
02/09/2023 16:00,0.0
02/09/2023 16:30,0.0
02/09/2023 17:00,0.0
02/09/2023 17:30,0.0
02/09/2023 18:00,0.0
02/09/2023 18:30,0.0
02/09/2023 19:00,0.0
02/09/2023 19:30,0.0
02/09/2023 20:00,0.0
02/09/2023 20:30,0.0
02/09/2023 21:00,0.0
02/09/2023 21:30,0.0
02/09/2023 22:00,0.0
02/09/2023 22:30,0.0
02/09/2023 23:00,0.0
02/09/2023 23:30,0.0
02/10/2023 00:00,0.0
02/10/2023 00:30,0.0
02/10/2023 01:00,0.0
02/10/2023 01:30,0.0
02/10/2023 02:00,0.0
02/10/2023 02:30,0.0
02/10/2023 03:00,0.0
02/10/2023 03:30,0.0
02/10/2023 04:00,0.0
02/10/2023 04:30,0.0
02/10/2023 05:00,0.0
02/10/2023 05:30,0.0
02/10/2023 06:00,0.0
02/10/2023 06:30,0.0
02/10/2023 07:00,0.0
02/10/2023 07:30,0.0
02/10/2023 08:00,0.0
02/10/2023 08:30,0.0
02/10/2023 09:00,0.0
02/10/2023 09:30,0.0
02/10/2023 10:00,0.0
02/10/2023 10:30,0.0
02/10/2023 11:00,0.0
02/10/2023 11:30,0.0
02/10/2023 12:00,0.0
02/10/2023 12:30,0.0
02/10/2023 13:00,0.0
02/10/2023 13:30,0.0
02/10/2023 14:00,0.0
02/10/2023 14:30,0.0
02/10/2023 15:00,0.0
02/10/2023 15:30,0.0
02/10/2023 16:00,0.0
02/10/2023 16:30,0.0
02/10/2023 17:00,0.0
02/10/2023 17:30,0.0
02/10/2023 18:00,0.0
02/10/2023 18:30,0.0
02/10/2023 19:00,0.0
02/10/2023 19:30,0.0
02/10/2023 20:00,0.0
02/10/2023 20:30,0.0
02/10/2023 21:00,0.0
02/10/2023 21:30,0.0
02/10/2023 22:00,0.0
02/10/2023 22:30,0.0
02/10/2023 23:00,0.0
02/10/2023 23:30,0.0
02/11/2023 00:00,0.0
02/11/2023 00:30,0.0
02/11/2023 01:00,0.0
02/11/2023 01:30,0.0
02/11/2023 02:00,0.0
02/11/2023 02:30,0.0
02/11/2023 03:00,0.0
02/11/2023 03:30,0.0
02/11/2023 04:00,0.0
02/11/2023 04:30,0.0
02/11/2023 05:00,0.0
02/11/2023 05:30,0.0
02/11/2023 06:00,0.0
02/11/2023 06:30,0.0
02/11/2023 07:00,0.0
02/11/2023 07:30,0.0
02/11/2023 08:00,0.0
02/11/2023 08:30,0.0
02/11/2023 09:00,0.0
02/11/2023 09:30,0.0
02/11/2023 10:00,0.0
02/11/2023 10:30,0.0
02/11/2023 11:00,0.0
02/11/2023 11:30,0.0
02/11/2023 12:00,0.0
02/11/2023 12:30,0.0
02/11/2023 13:00,0.0
02/11/2023 13:30,0.0
02/11/2023 14:00,0.0
02/11/2023 14:30,0.0
02/11/2023 15:00,0.0
02/11/2023 15:30,0.0
02/11/2023 16:00,0.0
02/11/2023 16:30,0.0
02/11/2023 17:00,0.0
02/11/2023 17:30,0.0
02/11/2023 18:00,0.0
02/11/2023 18:30,0.0
02/11/2023 19:00,0.0
02/11/2023 19:30,0.0
02/11/2023 20:00,0.0
02/11/2023 20:30,0.0
02/11/2023 21:00,0.0
02/11/2023 21:30,0.0
02/11/2023 22:00,0.0
02/11/2023 22:30,0.0
02/11/2023 23:00,0.0
02/11/2023 23:30,0.0
02/12/2023 00:00,0.0
02/12/2023 00:30,0.0
02/12/2023 01:00,0.0
02/12/2023 01:30,0.0
02/12/2023 02:00,0.0
02/12/2023 02:30,0.0
02/12/2023 03:00,0.0
02/12/2023 03:30,0.0
02/12/2023 04:00,0.0
02/12/2023 04:30,0.0
02/12/2023 05:00,0.0
02/12/2023 05:30,0.0
02/12/2023 06:00,0.0
02/12/2023 06:30,0.0
02/12/2023 07:00,0.0
02/12/2023 07:30,0.0
02/12/2023 08:00,0.0
02/12/2023 08:30,0.0
02/12/2023 09:00,0.0
02/12/2023 09:30,0.0
02/12/2023 10:00,0.0
02/12/2023 10:30,0.0
02/12/2023 11:00,0.0
02/12/2023 11:30,0.0
02/12/2023 12:00,0.0
02/12/2023 12:30,0.0
02/12/2023 13:00,0.0
02/12/2023 13:30,0.0
02/12/2023 14:00,0.0
02/12/2023 14:30,0.0
02/12/2023 15:00,0.0
02/12/2023 15:30,0.0
02/12/2023 16:00,0.0
02/12/2023 16:30,0.0
02/12/2023 17:00,0.0
02/12/2023 17:30,0.0
02/12/2023 18:00,0.0
02/12/2023 18:30,0.0
02/12/2023 19:00,0.0
02/12/2023 19:30,0.0
02/12/2023 20:00,0.0
02/12/2023 20:30,0.0
02/12/2023 21:00,0.0
02/12/2023 21:30,0.0
02/12/2023 22:00,0.0
02/12/2023 22:30,0.0
02/12/2023 23:00,0.0
02/12/2023 23:30,0.0
02/13/2023 00:00,0.0
02/13/2023 00:30,0.0
02/13/2023 01:00,0.0
02/13/2023 01:30,0.0
02/13/2023 02:00,0.0
02/13/2023 02:30,0.0
02/13/2023 03:00,0.0
02/13/2023 03:30,0.0
02/13/2023 04:00,0.0
02/13/2023 04:30,0.0
02/13/2023 05:00,0.0
02/13/2023 05:30,0.0
02/13/2023 06:00,0.0
02/13/2023 06:30,0.0
02/13/2023 07:00,0.0
02/13/2023 07:30,0.0
02/13/2023 08:00,0.0
02/13/2023 08:30,0.0
02/13/2023 09:00,0.0
02/13/2023 09:30,0.0
02/13/2023 10:00,0.0
02/13/2023 10:30,0.0
02/13/2023 11:00,0.0
02/13/2023 11:30,0.0
02/13/2023 12:00,0.0
02/13/2023 12:30,0.0
02/13/2023 13:00,0.0
02/13/2023 13:30,0.0
02/13/2023 14:00,0.0
02/13/2023 14:30,0.0
02/13/2023 15:00,0.0
02/13/2023 15:30,0.0
02/13/2023 16:00,0.0
02/13/2023 16:30,0.0
02/13/2023 17:00,0.0
02/13/2023 17:30,0.0
02/13/2023 18:00,0.0
02/13/2023 18:30,0.0
02/13/2023 19:00,0.0
02/13/2023 19:30,0.0
02/13/2023 20:00,0.0
02/13/2023 20:30,0.0
02/13/2023 21:00,0.0
02/13/2023 21:30,0.0
02/13/2023 22:00,0.0
02/13/2023 22:30,0.0
02/13/2023 23:00,0.0
02/13/2023 23:30,0.0
02/14/2023 00:00,0.0
02/14/2023 00:30,0.0
02/14/2023 01:00,0.0
02/14/2023 01:30,0.0
02/14/2023 02:00,0.0
02/14/2023 02:30,0.0
02/14/2023 03:00,0.0
02/14/2023 03:30,0.0
02/14/2023 04:00,0.0
02/14/2023 04:30,0.0
02/14/2023 05:00,0.0
02/14/2023 05:30,0.0
02/14/2023 06:00,0.0
02/14/2023 06:30,0.0
02/14/2023 07:00,0.0
02/14/2023 07:30,0.0
02/14/2023 08:00,0.0
02/14/2023 08:30,0.0
02/14/2023 09:00,0.0
02/14/2023 09:30,0.0
02/14/2023 10:00,0.0
02/14/2023 10:30,0.0
02/14/2023 11:00,0.0
02/14/2023 11:30,0.0
02/14/2023 12:00,0.0
02/14/2023 12:30,0.0
02/14/2023 13:00,0.0
02/14/2023 13:30,0.0
02/14/2023 14:00,0.0
02/14/2023 14:30,0.0
02/14/2023 15:00,0.0
02/14/2023 15:30,0.0
02/14/2023 16:00,0.0
02/14/2023 16:30,0.0
02/14/2023 17:00,0.0
02/14/2023 17:30,0.0
02/14/2023 18:00,0.0
02/14/2023 18:30,0.0
02/14/2023 19:00,0.0
02/14/2023 19:30,0.0
02/14/2023 20:00,0.0
02/14/2023 20:30,0.0
02/14/2023 21:00,0.0
02/14/2023 21:30,0.0
02/14/2023 22:00,0.0
02/14/2023 22:30,0.0
02/14/2023 23:00,0.0
02/14/2023 23:30,0.0
02/15/2023 00:00,0.0
02/15/2023 00:30,0.0
02/15/2023 01:00,0.0
02/15/2023 01:30,0.0
02/15/2023 02:00,0.0
02/15/2023 02:30,0.0
02/15/2023 03:00,0.0
02/15/2023 03:30,0.0
02/15/2023 04:00,0.0
02/15/2023 04:30,0.0
02/15/2023 05:00,0.0
02/15/2023 05:30,0.0
02/15/2023 06:00,0.0
02/15/2023 06:30,0.0
02/15/2023 07:00,0.0
02/15/2023 07:30,0.0
02/15/2023 08:00,0.0
02/15/2023 08:30,0.0
02/15/2023 09:00,0.0
02/15/2023 09:30,0.0
02/15/2023 10:00,0.0
02/15/2023 10:30,0.0
02/15/2023 11:00,0.0
02/15/2023 11:30,0.0
02/15/2023 12:00,0.0
02/15/2023 12:30,0.0
02/15/2023 13:00,0.0
02/15/2023 13:30,0.0
02/15/2023 14:00,0.0
02/15/2023 14:30,0.0
02/15/2023 15:00,0.0
02/15/2023 15:30,0.0
02/15/2023 16:00,0.0
02/15/2023 16:30,0.0
02/15/2023 17:00,0.0
02/15/2023 17:30,0.0
02/15/2023 18:00,0.0
02/15/2023 18:30,0.0
02/15/2023 19:00,0.0
02/15/2023 19:30,0.0
02/15/2023 20:00,0.0
02/15/2023 20:30,0.0
02/15/2023 21:00,0.0
02/15/2023 21:30,0.0
02/15/2023 22:00,0.0
02/15/2023 22:30,0.0
02/15/2023 23:00,0.0
02/15/2023 23:30,0.0
02/16/2023 00:00,0.0
02/16/2023 00:30,0.0
02/16/2023 01:00,0.0
02/16/2023 01:30,0.0
02/16/2023 02:00,0.0
02/16/2023 02:30,0.0
02/16/2023 03:00,0.0
02/16/2023 03:30,0.0
02/16/2023 04:00,0.0
02/16/2023 04:30,0.0
02/16/2023 05:00,0.0
02/16/2023 05:30,0.0
02/16/2023 06:00,0.0
02/16/2023 06:30,0.0
02/16/2023 07:00,0.0
02/16/2023 07:30,0.0
02/16/2023 08:00,0.0
02/16/2023 08:30,0.0
02/16/2023 09:00,0.0
02/16/2023 09:30,0.0
02/16/2023 10:00,0.0
02/16/2023 10:30,0.0
02/16/2023 11:00,0.0
02/16/2023 11:30,0.0
02/16/2023 12:00,0.0
02/16/2023 12:30,0.0
02/16/2023 13:00,0.0
02/16/2023 13:30,0.0
02/16/2023 14:00,0.0
02/16/2023 14:30,0.0
02/16/2023 15:00,0.0
02/16/2023 15:30,0.0
02/16/2023 16:00,0.0
02/16/2023 16:30,0.0
02/16/2023 17:00,0.0
02/16/2023 17:30,0.0
02/16/2023 18:00,0.0
02/16/2023 18:30,0.0
02/16/2023 19:00,0.0
02/16/2023 19:30,0.0
02/16/2023 20:00,0.0
02/16/2023 20:30,0.0
02/16/2023 21:00,0.0
02/16/2023 21:30,0.0
02/16/2023 22:00,0.0
02/16/2023 22:30,0.0
02/16/2023 23:00,0.0
02/16/2023 23:30,0.0
02/17/2023 00:00,0.0
02/17/2023 00:30,0.0
02/17/2023 01:00,0.0
02/17/2023 01:30,0.0
02/17/2023 02:00,0.0
02/17/2023 02:30,0.0
02/17/2023 03:00,0.0
02/17/2023 03:30,0.0
02/17/2023 04:00,0.0
02/17/2023 04:30,0.0
02/17/2023 05:00,0.0
02/17/2023 05:30,0.0
02/17/2023 06:00,0.0
02/17/2023 06:30,0.0
02/17/2023 07:00,0.0
02/17/2023 07:30,0.0
02/17/2023 08:00,0.0
02/17/2023 08:30,0.0
02/17/2023 09:00,0.0
02/17/2023 09:30,0.0
02/17/2023 10:00,0.0
02/17/2023 10:30,0.0
02/17/2023 11:00,0.0
02/17/2023 11:30,0.0
02/17/2023 12:00,0.0
02/17/2023 12:30,0.0
02/17/2023 13:00,0.0
02/17/2023 13:30,0.0
02/17/2023 14:00,0.0
02/17/2023 14:30,0.0
02/17/2023 15:00,0.0
02/17/2023 15:30,0.0
02/17/2023 16:00,0.0
02/17/2023 16:30,0.0
02/17/2023 17:00,0.0
02/17/2023 17:30,0.0
02/17/2023 18:00,0.0
02/17/2023 18:30,0.0
02/17/2023 19:00,0.0
02/17/2023 19:30,0.0
02/17/2023 20:00,0.0
02/17/2023 20:30,0.0
02/17/2023 21:00,0.0
02/17/2023 21:30,0.0
02/17/2023 22:00,0.0
02/17/2023 22:30,0.0
02/17/2023 23:00,0.0
02/17/2023 23:30,0.0
02/18/2023 00:00,0.0
02/18/2023 00:30,0.0
02/18/2023 01:00,0.0
02/18/2023 01:30,0.0
02/18/2023 02:00,0.0
02/18/2023 02:30,0.0
02/18/2023 03:00,0.0
02/18/2023 03:30,0.0
02/18/2023 04:00,0.0
02/18/2023 04:30,0.0
02/18/2023 05:00,0.0
02/18/2023 05:30,0.0
02/18/2023 06:00,0.0
02/18/2023 06:30,0.0
02/18/2023 07:00,0.0
02/18/2023 07:30,0.0
02/18/2023 08:00,0.0
02/18/2023 08:30,0.0
02/18/2023 09:00,0.0
02/18/2023 09:30,0.0
02/18/2023 10:00,0.0
02/18/2023 10:30,0.0
02/18/2023 11:00,0.0
02/18/2023 11:30,0.0
02/18/2023 12:00,0.0
02/18/2023 12:30,0.0
02/18/2023 13:00,0.0
02/18/2023 13:30,0.0
02/18/2023 14:00,0.0
02/18/2023 14:30,0.0
02/18/2023 15:00,0.0
02/18/2023 15:30,0.0
02/18/2023 16:00,0.0
02/18/2023 16:30,0.0
02/18/2023 17:00,0.0
02/18/2023 17:30,0.0
02/18/2023 18:00,0.0
02/18/2023 18:30,0.0
02/18/2023 19:00,0.0
02/18/2023 19:30,0.0
02/18/2023 20:00,0.0
02/18/2023 20:30,0.0
02/18/2023 21:00,0.0
02/18/2023 21:30,0.0
02/18/2023 22:00,0.0
02/18/2023 22:30,0.0
02/18/2023 23:00,0.0
02/18/2023 23:30,0.0
02/19/2023 00:00,0.0
02/19/2023 00:30,0.0
02/19/2023 01:00,0.0
02/19/2023 01:30,0.0
02/19/2023 02:00,0.0
02/19/2023 02:30,0.0
02/19/2023 03:00,0.0
02/19/2023 03:30,0.0
02/19/2023 04:00,0.0
02/19/2023 04:30,0.0
02/19/2023 05:00,0.0
02/19/2023 05:30,0.0
02/19/2023 06:00,0.0
02/19/2023 06:30,0.0
02/19/2023 07:00,0.0
02/19/2023 07:30,0.0
02/19/2023 08:00,0.0
02/19/2023 08:30,0.0
02/19/2023 09:00,0.0
02/19/2023 09:30,0.0
02/19/2023 10:00,0.0
02/19/2023 10:30,0.0
02/19/2023 11:00,0.0
02/19/2023 11:30,0.0
02/19/2023 12:00,0.0
02/19/2023 12:30,0.0
02/19/2023 13:00,0.0
02/19/2023 13:30,0.0
02/19/2023 14:00,0.0
02/19/2023 14:30,0.0
02/19/2023 15:00,0.0
02/19/2023 15:30,0.0
02/19/2023 16:00,0.0
02/19/2023 16:30,0.0
02/19/2023 17:00,0.0
02/19/2023 17:30,0.0
02/19/2023 18:00,0.0
02/19/2023 18:30,0.0
02/19/2023 19:00,0.0
02/19/2023 19:30,0.0
02/19/2023 20:00,0.0
02/19/2023 20:30,0.0
02/19/2023 21:00,0.0
02/19/2023 21:30,0.0
02/19/2023 22:00,0.0
02/19/2023 22:30,0.0
02/19/2023 23:00,0.0
02/19/2023 23:30,0.0
02/20/2023 00:00,0.0
02/20/2023 00:30,0.0
02/20/2023 01:00,0.0
02/20/2023 01:30,0.0
02/20/2023 02:00,0.0
02/20/2023 02:30,0.0
02/20/2023 03:00,0.0
02/20/2023 03:30,0.0
02/20/2023 04:00,0.0
02/20/2023 04:30,0.0
02/20/2023 05:00,0.0
02/20/2023 05:30,0.0
02/20/2023 06:00,0.0
02/20/2023 06:30,0.0
02/20/2023 07:00,0.0
02/20/2023 07:30,0.0
02/20/2023 08:00,0.0
02/20/2023 08:30,0.0
02/20/2023 09:00,0.0
02/20/2023 09:30,0.0
02/20/2023 10:00,0.0
02/20/2023 10:30,0.0
02/20/2023 11:00,0.0
02/20/2023 11:30,0.0
02/20/2023 12:00,0.0
02/20/2023 12:30,0.0
02/20/2023 13:00,0.0
02/20/2023 13:30,0.0
02/20/2023 14:00,0.0
02/20/2023 14:30,0.0
02/20/2023 15:00,0.0
02/20/2023 15:30,0.0
02/20/2023 16:00,0.0
02/20/2023 16:30,0.0
02/20/2023 17:00,0.0
02/20/2023 17:30,0.0
02/20/2023 18:00,0.0
02/20/2023 18:30,0.0
02/20/2023 19:00,0.0
02/20/2023 19:30,0.0
02/20/2023 20:00,0.0
02/20/2023 20:30,0.0
02/20/2023 21:00,0.0
02/20/2023 21:30,0.0
02/20/2023 22:00,0.0
02/20/2023 22:30,0.0
02/20/2023 23:00,0.0
02/20/2023 23:30,0.0
02/21/2023 00:00,0.0
02/21/2023 00:30,0.0
02/21/2023 01:00,0.0
02/21/2023 01:30,0.0
02/21/2023 02:00,0.0
02/21/2023 02:30,0.0
02/21/2023 03:00,0.0
02/21/2023 03:30,0.0
02/21/2023 04:00,0.0
02/21/2023 04:30,0.0
02/21/2023 05:00,0.0
02/21/2023 05:30,0.0
02/21/2023 06:00,0.0
02/21/2023 06:30,0.0
02/21/2023 07:00,0.0
02/21/2023 07:30,0.0
02/21/2023 08:00,0.0
02/21/2023 08:30,0.0
02/21/2023 09:00,0.0
02/21/2023 09:30,0.0
02/21/2023 10:00,0.0
02/21/2023 10:30,0.0
02/21/2023 11:00,0.0
02/21/2023 11:30,0.0
02/21/2023 12:00,0.0
02/21/2023 12:30,0.0
02/21/2023 13:00,0.0
02/21/2023 13:30,0.0
02/21/2023 14:00,0.0
02/21/2023 14:30,0.0
02/21/2023 15:00,0.0
02/21/2023 15:30,0.0
02/21/2023 16:00,0.0
02/21/2023 16:30,0.0
02/21/2023 17:00,0.0
02/21/2023 17:30,0.0
02/21/2023 18:00,0.0
02/21/2023 18:30,0.0
02/21/2023 19:00,0.0
02/21/2023 19:30,0.0
02/21/2023 20:00,0.0
02/21/2023 20:30,0.0
02/21/2023 21:00,0.0
02/21/2023 21:30,0.0
02/21/2023 22:00,0.0
02/21/2023 22:30,0.0
02/21/2023 23:00,0.0
02/21/2023 23:30,0.0
02/22/2023 00:00,0.0
02/22/2023 00:30,0.0
02/22/2023 01:00,0.0
02/22/2023 01:30,0.0
02/22/2023 02:00,0.0
02/22/2023 02:30,0.0
02/22/2023 03:00,0.0
02/22/2023 03:30,0.0
02/22/2023 04:00,0.0
02/22/2023 04:30,0.0
02/22/2023 05:00,0.0
02/22/2023 05:30,0.0
02/22/2023 06:00,0.0
02/22/2023 06:30,0.0
02/22/2023 07:00,0.0
02/22/2023 07:30,0.0
02/22/2023 08:00,0.0
02/22/2023 08:30,0.0
02/22/2023 09:00,0.0
02/22/2023 09:30,0.0
02/22/2023 10:00,0.0
02/22/2023 10:30,0.0
02/22/2023 11:00,0.0
02/22/2023 11:30,0.0
02/22/2023 12:00,0.0
02/22/2023 12:30,0.0
02/22/2023 13:00,0.0
02/22/2023 13:30,0.0
02/22/2023 14:00,0.0
02/22/2023 14:30,0.0
02/22/2023 15:00,0.0
02/22/2023 15:30,0.0
02/22/2023 16:00,0.0
02/22/2023 16:30,0.0
02/22/2023 17:00,0.0
02/22/2023 17:30,0.0
02/22/2023 18:00,0.0
02/22/2023 18:30,0.0
02/22/2023 19:00,0.0
02/22/2023 19:30,0.0
02/22/2023 20:00,0.0
02/22/2023 20:30,0.0
02/22/2023 21:00,0.0
02/22/2023 21:30,0.0
02/22/2023 22:00,0.0
02/22/2023 22:30,0.0
02/22/2023 23:00,0.0
02/22/2023 23:30,0.0
02/23/2023 00:00,0.0
02/23/2023 00:30,0.0
02/23/2023 01:00,0.0
02/23/2023 01:30,0.0
02/23/2023 02:00,0.0
02/23/2023 02:30,0.0
02/23/2023 03:00,0.0
02/23/2023 03:30,0.0
02/23/2023 04:00,0.0
02/23/2023 04:30,0.0
02/23/2023 05:00,0.0
02/23/2023 05:30,0.0
02/23/2023 06:00,0.0
02/23/2023 06:30,0.0
02/23/2023 07:00,0.0
02/23/2023 07:30,0.0
02/23/2023 08:00,0.0
02/23/2023 08:30,0.0
02/23/2023 09:00,0.0
02/23/2023 09:30,0.0
02/23/2023 10:00,0.0
02/23/2023 10:30,0.0
02/23/2023 11:00,0.0
02/23/2023 11:30,0.0
02/23/2023 12:00,0.0
02/23/2023 12:30,0.0
02/23/2023 13:00,0.0
02/23/2023 13:30,0.0
02/23/2023 14:00,0.0
02/23/2023 14:30,0.0
02/23/2023 15:00,0.0
02/23/2023 15:30,0.0
02/23/2023 16:00,0.0
02/23/2023 16:30,0.0
02/23/2023 17:00,0.0
02/23/2023 17:30,0.0
02/23/2023 18:00,0.0
02/23/2023 18:30,0.0
02/23/2023 19:00,0.0
02/23/2023 19:30,0.0
02/23/2023 20:00,0.0
02/23/2023 20:30,0.0
02/23/2023 21:00,0.0
02/23/2023 21:30,0.0
02/23/2023 22:00,0.0
02/23/2023 22:30,0.0
02/23/2023 23:00,0.0
02/23/2023 23:30,0.0
02/24/2023 00:00,0.0
02/24/2023 00:30,0.0
02/24/2023 01:00,0.0
02/24/2023 01:30,0.0
02/24/2023 02:00,0.0
02/24/2023 02:30,0.0
02/24/2023 03:00,0.0
02/24/2023 03:30,0.0
02/24/2023 04:00,0.0
02/24/2023 04:30,0.0
02/24/2023 05:00,0.0
02/24/2023 05:30,0.0
02/24/2023 06:00,0.0
02/24/2023 06:30,0.0
02/24/2023 07:00,0.0
02/24/2023 07:30,0.0
02/24/2023 08:00,0.0
02/24/2023 08:30,0.0
02/24/2023 09:00,0.0
02/24/2023 09:30,0.0
02/24/2023 10:00,0.0
02/24/2023 10:30,0.0
02/24/2023 11:00,0.0
02/24/2023 11:30,0.0
02/24/2023 12:00,0.0
02/24/2023 12:30,0.0
02/24/2023 13:00,0.0
02/24/2023 13:30,0.0
02/24/2023 14:00,0.0
02/24/2023 14:30,0.0
02/24/2023 15:00,0.0
02/24/2023 15:30,0.0
02/24/2023 16:00,0.0
02/24/2023 16:30,0.0
02/24/2023 17:00,0.0
02/24/2023 17:30,0.0
02/24/2023 18:00,0.0
02/24/2023 18:30,0.0
02/24/2023 19:00,0.0
02/24/2023 19:30,0.0
02/24/2023 20:00,0.0
02/24/2023 20:30,0.0
02/24/2023 21:00,0.0
02/24/2023 21:30,0.0
02/24/2023 22:00,0.0
02/24/2023 22:30,0.0
02/24/2023 23:00,0.0
02/24/2023 23:30,0.0
02/25/2023 00:00,0.0
02/25/2023 00:30,0.0
02/25/2023 01:00,0.0
02/25/2023 01:30,0.0
02/25/2023 02:00,0.0
02/25/2023 02:30,0.0
02/25/2023 03:00,0.0
02/25/2023 03:30,0.0
02/25/2023 04:00,0.0
02/25/2023 04:30,0.0
02/25/2023 05:00,0.0
02/25/2023 05:30,0.0
02/25/2023 06:00,0.0
02/25/2023 06:30,0.0
02/25/2023 07:00,0.0
02/25/2023 07:30,0.0
02/25/2023 08:00,0.0
02/25/2023 08:30,0.0
02/25/2023 09:00,0.0
02/25/2023 09:30,0.0
02/25/2023 10:00,0.0
02/25/2023 10:30,0.0
02/25/2023 11:00,0.0
02/25/2023 11:30,0.0
02/25/2023 12:00,0.0
02/25/2023 12:30,0.0
02/25/2023 13:00,0.0
02/25/2023 13:30,0.0
02/25/2023 14:00,0.0
02/25/2023 14:30,0.0
02/25/2023 15:00,0.0
02/25/2023 15:30,0.0
02/25/2023 16:00,0.0
02/25/2023 16:30,0.0
02/25/2023 17:00,0.0
02/25/2023 17:30,0.0
02/25/2023 18:00,0.0
02/25/2023 18:30,0.0
02/25/2023 19:00,0.0
02/25/2023 19:30,0.0
02/25/2023 20:00,0.0
02/25/2023 20:30,0.0
02/25/2023 21:00,0.0
02/25/2023 21:30,0.0
02/25/2023 22:00,0.0
02/25/2023 22:30,0.0
02/25/2023 23:00,0.0
02/25/2023 23:30,0.0
02/26/2023 00:00,0.0
02/26/2023 00:30,0.0
02/26/2023 01:00,0.0
02/26/2023 01:30,0.0
02/26/2023 02:00,0.0
02/26/2023 02:30,0.0
02/26/2023 03:00,0.0
02/26/2023 03:30,0.0
02/26/2023 04:00,0.0
02/26/2023 04:30,0.0
02/26/2023 05:00,0.0
02/26/2023 05:30,0.0
02/26/2023 06:00,0.0
02/26/2023 06:30,0.0
02/26/2023 07:00,0.0
02/26/2023 07:30,0.0
02/26/2023 08:00,0.0
02/26/2023 08:30,0.0
02/26/2023 09:00,0.0
02/26/2023 09:30,0.0
02/26/2023 10:00,0.0
02/26/2023 10:30,0.0
02/26/2023 11:00,0.0
02/26/2023 11:30,0.0
02/26/2023 12:00,0.0
02/26/2023 12:30,0.0
02/26/2023 13:00,0.0
02/26/2023 13:30,0.0
02/26/2023 14:00,0.0
02/26/2023 14:30,0.0
02/26/2023 15:00,0.0
02/26/2023 15:30,0.0
02/26/2023 16:00,0.0
02/26/2023 16:30,0.0
02/26/2023 17:00,0.0
02/26/2023 17:30,0.0
02/26/2023 18:00,0.0
02/26/2023 18:30,0.0
02/26/2023 19:00,0.0
02/26/2023 19:30,0.0
02/26/2023 20:00,0.0
02/26/2023 20:30,0.0
02/26/2023 21:00,0.0
02/26/2023 21:30,0.0
02/26/2023 22:00,0.0
02/26/2023 22:30,0.0
02/26/2023 23:00,0.0
02/26/2023 23:30,0.0
02/27/2023 00:00,0.0
02/27/2023 00:30,0.0
02/27/2023 01:00,0.0
02/27/2023 01:30,0.0
02/27/2023 02:00,0.0
02/27/2023 02:30,0.0
02/27/2023 03:00,0.0
02/27/2023 03:30,0.0
02/27/2023 04:00,0.0
02/27/2023 04:30,0.0
02/27/2023 05:00,0.0
02/27/2023 05:30,0.0
02/27/2023 06:00,0.0
02/27/2023 06:30,0.0
02/27/2023 07:00,0.0
02/27/2023 07:30,0.0
02/27/2023 08:00,0.0
02/27/2023 08:30,0.0
02/27/2023 09:00,0.0
02/27/2023 09:30,0.0
02/27/2023 10:00,0.0
02/27/2023 10:30,0.0
02/27/2023 11:00,0.0
02/27/2023 11:30,0.0
02/27/2023 12:00,0.0
02/27/2023 12:30,0.0
02/27/2023 13:00,0.0
02/27/2023 13:30,0.0
02/27/2023 14:00,0.0
02/27/2023 14:30,0.0
02/27/2023 15:00,0.0
02/27/2023 15:30,0.0
02/27/2023 16:00,0.0
02/27/2023 16:30,0.0
02/27/2023 17:00,0.0
02/27/2023 17:30,0.0
02/27/2023 18:00,0.0
02/27/2023 18:30,0.0
02/27/2023 19:00,0.0
02/27/2023 19:30,0.0
02/27/2023 20:00,0.0
02/27/2023 20:30,0.0
02/27/2023 21:00,0.0
02/27/2023 21:30,0.0
02/27/2023 22:00,0.0
02/27/2023 22:30,0.0
02/27/2023 23:00,0.0
02/27/2023 23:30,0.0
02/28/2023 00:00,0.0
02/28/2023 00:30,0.0
02/28/2023 01:00,0.0
02/28/2023 01:30,0.0
02/28/2023 02:00,0.0
02/28/2023 02:30,0.0
02/28/2023 03:00,0.0
02/28/2023 03:30,0.0
02/28/2023 04:00,0.0
02/28/2023 04:30,0.0
02/28/2023 05:00,0.0
02/28/2023 05:30,0.0
02/28/2023 06:00,0.0
02/28/2023 06:30,0.0
02/28/2023 07:00,0.0
02/28/2023 07:30,0.0
02/28/2023 08:00,0.0
02/28/2023 08:30,0.0
02/28/2023 09:00,0.0
02/28/2023 09:30,0.0
02/28/2023 10:00,0.0
02/28/2023 10:30,0.0
02/28/2023 11:00,0.0
02/28/2023 11:30,0.0
02/28/2023 12:00,0.0
02/28/2023 12:30,0.0
02/28/2023 13:00,0.0
02/28/2023 13:30,0.0
02/28/2023 14:00,0.0
02/28/2023 14:30,0.0
02/28/2023 15:00,0.0
02/28/2023 15:30,0.0
02/28/2023 16:00,0.0
02/28/2023 16:30,0.0
02/28/2023 17:00,0.0
02/28/2023 17:30,0.0
02/28/2023 18:00,0.0
02/28/2023 18:30,0.0
02/28/2023 19:00,0.0
02/28/2023 19:30,0.0
02/28/2023 20:00,0.0
02/28/2023 20:30,0.0
02/28/2023 21:00,0.0
02/28/2023 21:30,0.0
02/28/2023 22:00,0.0
02/28/2023 22:30,0.0
02/28/2023 23:00,0.0
02/28/2023 23:30,0.0
03/01/2023 00:00,0.0
03/01/2023 00:30,0.0
03/01/2023 01:00,0.0
03/01/2023 01:30,0.0
03/01/2023 02:00,0.0
03/01/2023 02:30,0.0
03/01/2023 03:00,0.0
03/01/2023 03:30,0.0
03/01/2023 04:00,0.0
03/01/2023 04:30,0.0
03/01/2023 05:00,0.0
03/01/2023 05:30,0.0
03/01/2023 06:00,0.0
03/01/2023 06:30,0.0
03/01/2023 07:00,0.0
03/01/2023 07:30,0.0
03/01/2023 08:00,0.0
03/01/2023 08:30,0.0
03/01/2023 09:00,0.0
03/01/2023 09:30,0.0
03/01/2023 10:00,0.0
03/01/2023 10:30,0.0
03/01/2023 11:00,0.0
03/01/2023 11:30,0.0
03/01/2023 12:00,0.0
03/01/2023 12:30,0.0
03/01/2023 13:00,0.0
03/01/2023 13:30,0.0
03/01/2023 14:00,0.0
03/01/2023 14:30,0.0
03/01/2023 15:00,0.0
03/01/2023 15:30,0.0
03/01/2023 16:00,0.0
03/01/2023 16:30,0.0
03/01/2023 17:00,0.0
03/01/2023 17:30,0.0
03/01/2023 18:00,0.0
03/01/2023 18:30,0.0
03/01/2023 19:00,0.0
03/01/2023 19:30,0.0
03/01/2023 20:00,0.0
03/01/2023 20:30,0.0
03/01/2023 21:00,0.0
03/01/2023 21:30,0.0
03/01/2023 22:00,0.0
03/01/2023 22:30,0.0
03/01/2023 23:00,0.0
03/01/2023 23:30,0.0
03/02/2023 00:00,0.0
03/02/2023 00:30,0.0
03/02/2023 01:00,0.0
03/02/2023 01:30,0.0
03/02/2023 02:00,0.0
03/02/2023 02:30,0.0
03/02/2023 03:00,0.0
03/02/2023 03:30,0.0
03/02/2023 04:00,0.0
03/02/2023 04:30,0.0
03/02/2023 05:00,0.0
03/02/2023 05:30,0.0
03/02/2023 06:00,0.0
03/02/2023 06:30,0.0
03/02/2023 07:00,0.0
03/02/2023 07:30,0.0
03/02/2023 08:00,0.0
03/02/2023 08:30,0.0
03/02/2023 09:00,0.0
03/02/2023 09:30,0.0
03/02/2023 10:00,0.0
03/02/2023 10:30,0.0
03/02/2023 11:00,0.0
03/02/2023 11:30,0.0
03/02/2023 12:00,0.0
03/02/2023 12:30,0.0
03/02/2023 13:00,0.0
03/02/2023 13:30,0.0
03/02/2023 14:00,0.0
03/02/2023 14:30,0.0
03/02/2023 15:00,0.0
03/02/2023 15:30,0.0
03/02/2023 16:00,0.0
03/02/2023 16:30,0.0
03/02/2023 17:00,0.0
03/02/2023 17:30,0.0
03/02/2023 18:00,0.0
03/02/2023 18:30,0.0
03/02/2023 19:00,0.0
03/02/2023 19:30,0.0
03/02/2023 20:00,0.0
03/02/2023 20:30,0.0
03/02/2023 21:00,0.0
03/02/2023 21:30,0.0
03/02/2023 22:00,0.0
03/02/2023 22:30,0.0
03/02/2023 23:00,0.0
03/02/2023 23:30,0.0
03/03/2023 00:00,0.0
03/03/2023 00:30,0.0
03/03/2023 01:00,0.0
03/03/2023 01:30,0.0
03/03/2023 02:00,0.0
03/03/2023 02:30,0.0
03/03/2023 03:00,0.0
03/03/2023 03:30,0.0
03/03/2023 04:00,0.0
03/03/2023 04:30,0.0
03/03/2023 05:00,0.0
03/03/2023 05:30,0.0
03/03/2023 06:00,0.0
03/03/2023 06:30,0.0
03/03/2023 07:00,0.0
03/03/2023 07:30,0.0
03/03/2023 08:00,0.0
03/03/2023 08:30,0.0
03/03/2023 09:00,0.0
03/03/2023 09:30,0.0
03/03/2023 10:00,0.0
03/03/2023 10:30,0.0
03/03/2023 11:00,0.0
03/03/2023 11:30,0.0
03/03/2023 12:00,0.0
03/03/2023 12:30,0.0
03/03/2023 13:00,0.0
03/03/2023 13:30,0.0
03/03/2023 14:00,0.0
03/03/2023 14:30,0.0
03/03/2023 15:00,0.0
03/03/2023 15:30,0.0
03/03/2023 16:00,0.0
03/03/2023 16:30,0.0
03/03/2023 17:00,0.0
03/03/2023 17:30,0.0
03/03/2023 18:00,0.0
03/03/2023 18:30,0.0
03/03/2023 19:00,0.0
03/03/2023 19:30,0.0
03/03/2023 20:00,0.0
03/03/2023 20:30,0.0
03/03/2023 21:00,0.0
03/03/2023 21:30,0.0
03/03/2023 22:00,0.0
03/03/2023 22:30,0.0
03/03/2023 23:00,0.0
03/03/2023 23:30,0.0
03/04/2023 00:00,0.0
03/04/2023 00:30,0.0
03/04/2023 01:00,0.0
03/04/2023 01:30,0.0
03/04/2023 02:00,0.0
03/04/2023 02:30,0.0
03/04/2023 03:00,0.0
03/04/2023 03:30,0.0
03/04/2023 04:00,0.0
03/04/2023 04:30,0.0
03/04/2023 05:00,0.0
03/04/2023 05:30,0.0
03/04/2023 06:00,0.0
03/04/2023 06:30,0.0
03/04/2023 07:00,0.0
03/04/2023 07:30,0.0
03/04/2023 08:00,0.0
03/04/2023 08:30,0.0
03/04/2023 09:00,0.0
03/04/2023 09:30,0.0
03/04/2023 10:00,0.0
03/04/2023 10:30,0.0
03/04/2023 11:00,0.0
03/04/2023 11:30,0.0
03/04/2023 12:00,0.0
03/04/2023 12:30,0.0
03/04/2023 13:00,0.0
03/04/2023 13:30,0.0
03/04/2023 14:00,0.0
03/04/2023 14:30,0.0
03/04/2023 15:00,0.0
03/04/2023 15:30,0.0
03/04/2023 16:00,0.0
03/04/2023 16:30,0.0
03/04/2023 17:00,0.0
03/04/2023 17:30,0.0
03/04/2023 18:00,0.0
03/04/2023 18:30,0.0
03/04/2023 19:00,0.0
03/04/2023 19:30,0.0
03/04/2023 20:00,0.0
03/04/2023 20:30,0.0
03/04/2023 21:00,0.0
03/04/2023 21:30,0.0
03/04/2023 22:00,0.0
03/04/2023 22:30,0.0
03/04/2023 23:00,0.0
03/04/2023 23:30,0.0
03/05/2023 00:00,0.0
03/05/2023 00:30,0.0
03/05/2023 01:00,0.0
03/05/2023 01:30,0.0
03/05/2023 02:00,0.0
03/05/2023 02:30,0.0
03/05/2023 03:00,0.0
03/05/2023 03:30,0.0
03/05/2023 04:00,0.0
03/05/2023 04:30,0.0
03/05/2023 05:00,0.0
03/05/2023 05:30,0.0
03/05/2023 06:00,0.0
03/05/2023 06:30,0.0
03/05/2023 07:00,0.0
03/05/2023 07:30,0.0
03/05/2023 08:00,0.0
03/05/2023 08:30,0.0
03/05/2023 09:00,0.0
03/05/2023 09:30,0.0
03/05/2023 10:00,0.0
03/05/2023 10:30,0.0
03/05/2023 11:00,0.0
03/05/2023 11:30,0.0
03/05/2023 12:00,0.0
03/05/2023 12:30,0.0
03/05/2023 13:00,0.0
03/05/2023 13:30,0.0
03/05/2023 14:00,0.0
03/05/2023 14:30,0.0
03/05/2023 15:00,0.0
03/05/2023 15:30,0.0
03/05/2023 16:00,0.0
03/05/2023 16:30,0.0
03/05/2023 17:00,0.0
03/05/2023 17:30,0.0
03/05/2023 18:00,0.0
03/05/2023 18:30,0.0
03/05/2023 19:00,0.0
03/05/2023 19:30,0.0
03/05/2023 20:00,0.0
03/05/2023 20:30,0.0
03/05/2023 21:00,0.0
03/05/2023 21:30,0.0
03/05/2023 22:00,0.0
03/05/2023 22:30,0.0
03/05/2023 23:00,0.0
03/05/2023 23:30,0.0
03/06/2023 00:00,0.0
03/06/2023 00:30,0.0
03/06/2023 01:00,0.0
03/06/2023 01:30,0.0
03/06/2023 02:00,0.0
03/06/2023 02:30,0.0
03/06/2023 03:00,0.0
03/06/2023 03:30,0.0
03/06/2023 04:00,0.0
03/06/2023 04:30,0.0
03/06/2023 05:00,0.0
03/06/2023 05:30,0.0
03/06/2023 06:00,0.0
03/06/2023 06:30,0.0
03/06/2023 07:00,0.0
03/06/2023 07:30,0.0
03/06/2023 08:00,0.0
03/06/2023 08:30,0.0
03/06/2023 09:00,0.0
03/06/2023 09:30,0.0
03/06/2023 10:00,0.0
03/06/2023 10:30,0.0
03/06/2023 11:00,0.0
03/06/2023 11:30,0.0
03/06/2023 12:00,0.0
03/06/2023 12:30,0.0
03/06/2023 13:00,0.0
03/06/2023 13:30,0.0
03/06/2023 14:00,0.0
03/06/2023 14:30,0.0
03/06/2023 15:00,0.0
03/06/2023 15:30,0.0
03/06/2023 16:00,0.0
03/06/2023 16:30,0.0
03/06/2023 17:00,0.0
03/06/2023 17:30,0.0
03/06/2023 18:00,0.0
03/06/2023 18:30,0.0
03/06/2023 19:00,0.0
03/06/2023 19:30,0.0
03/06/2023 20:00,0.0
03/06/2023 20:30,0.0
03/06/2023 21:00,0.0
03/06/2023 21:30,0.0
03/06/2023 22:00,0.0
03/06/2023 22:30,0.0
03/06/2023 23:00,0.0
03/06/2023 23:30,0.0
03/07/2023 00:00,0.0
03/07/2023 00:30,0.0
03/07/2023 01:00,0.0
03/07/2023 01:30,0.0
03/07/2023 02:00,0.0
03/07/2023 02:30,0.0
03/07/2023 03:00,0.0
03/07/2023 03:30,0.0
03/07/2023 04:00,0.0
03/07/2023 04:30,0.0
03/07/2023 05:00,0.0
03/07/2023 05:30,0.0
03/07/2023 06:00,0.0
03/07/2023 06:30,0.0
03/07/2023 07:00,0.0
03/07/2023 07:30,0.0
03/07/2023 08:00,0.0
03/07/2023 08:30,0.0
03/07/2023 09:00,0.0
03/07/2023 09:30,0.0
03/07/2023 10:00,0.0
03/07/2023 10:30,0.0
03/07/2023 11:00,0.0
03/07/2023 11:30,0.0
03/07/2023 12:00,0.0
03/07/2023 12:30,0.0
03/07/2023 13:00,0.0
03/07/2023 13:30,0.0
03/07/2023 14:00,0.0
03/07/2023 14:30,0.0
03/07/2023 15:00,0.0
03/07/2023 15:30,0.0
03/07/2023 16:00,0.0
03/07/2023 16:30,0.0
03/07/2023 17:00,0.0
03/07/2023 17:30,0.0
03/07/2023 18:00,0.0
03/07/2023 18:30,0.0
03/07/2023 19:00,0.0
03/07/2023 19:30,0.0
03/07/2023 20:00,0.0
03/07/2023 20:30,0.0
03/07/2023 21:00,0.0
03/07/2023 21:30,0.0
03/07/2023 22:00,0.0
03/07/2023 22:30,0.0
03/07/2023 23:00,0.0
03/07/2023 23:30,0.0
03/08/2023 00:00,0.0
03/08/2023 00:30,0.0
03/08/2023 01:00,0.0
03/08/2023 01:30,0.0
03/08/2023 02:00,0.0
03/08/2023 02:30,0.0
03/08/2023 03:00,0.0
03/08/2023 03:30,0.0
03/08/2023 04:00,0.0
03/08/2023 04:30,0.0
03/08/2023 05:00,0.0
03/08/2023 05:30,0.0
03/08/2023 06:00,0.0
03/08/2023 06:30,0.0
03/08/2023 07:00,0.0
03/08/2023 07:30,0.0
03/08/2023 08:00,0.0
03/08/2023 08:30,0.0
03/08/2023 09:00,0.0
03/08/2023 09:30,0.0
03/08/2023 10:00,0.0
03/08/2023 10:30,0.0
03/08/2023 11:00,0.0
03/08/2023 11:30,0.0
03/08/2023 12:00,0.0
03/08/2023 12:30,0.0
03/08/2023 13:00,0.0
03/08/2023 13:30,0.0
03/08/2023 14:00,0.0
03/08/2023 14:30,0.0
03/08/2023 15:00,0.0
03/08/2023 15:30,0.0
03/08/2023 16:00,0.0
03/08/2023 16:30,0.0
03/08/2023 17:00,0.0
03/08/2023 17:30,0.0
03/08/2023 18:00,0.0
03/08/2023 18:30,0.0
03/08/2023 19:00,0.0
03/08/2023 19:30,0.0
03/08/2023 20:00,0.0
03/08/2023 20:30,0.0
03/08/2023 21:00,0.0
03/08/2023 21:30,0.0
03/08/2023 22:00,0.0
03/08/2023 22:30,0.0
03/08/2023 23:00,0.0
03/08/2023 23:30,0.0
03/09/2023 00:00,0.0
03/09/2023 00:30,0.0
03/09/2023 01:00,0.0
03/09/2023 01:30,0.0
03/09/2023 02:00,0.0
03/09/2023 02:30,0.0
03/09/2023 03:00,0.0
03/09/2023 03:30,0.0
03/09/2023 04:00,0.0
03/09/2023 04:30,0.0
03/09/2023 05:00,0.0
03/09/2023 05:30,0.0
03/09/2023 06:00,0.0
03/09/2023 06:30,0.0
03/09/2023 07:00,0.0
03/09/2023 07:30,0.0
03/09/2023 08:00,0.0
03/09/2023 08:30,0.0
03/09/2023 09:00,0.0
03/09/2023 09:30,0.0
03/09/2023 10:00,0.0
03/09/2023 10:30,0.0
03/09/2023 11:00,0.0
03/09/2023 11:30,0.0
03/09/2023 12:00,0.0
03/09/2023 12:30,0.0
03/09/2023 13:00,0.0
03/09/2023 13:30,0.0
03/09/2023 14:00,0.0
03/09/2023 14:30,0.0
03/09/2023 15:00,0.0
03/09/2023 15:30,0.0
03/09/2023 16:00,0.0
03/09/2023 16:30,0.0
03/09/2023 17:00,0.0
03/09/2023 17:30,0.0
03/09/2023 18:00,0.0
03/09/2023 18:30,0.0
03/09/2023 19:00,0.0
03/09/2023 19:30,0.0
03/09/2023 20:00,0.0
03/09/2023 20:30,0.0
03/09/2023 21:00,0.0
03/09/2023 21:30,0.0
03/09/2023 22:00,0.0
03/09/2023 22:30,0.0
03/09/2023 23:00,0.0
03/09/2023 23:30,0.0
03/10/2023 00:00,0.0
03/10/2023 00:30,0.0
03/10/2023 01:00,0.0
03/10/2023 01:30,0.0
03/10/2023 02:00,0.0
03/10/2023 02:30,0.0
03/10/2023 03:00,0.0
03/10/2023 03:30,0.0
03/10/2023 04:00,0.0
03/10/2023 04:30,0.0
03/10/2023 05:00,0.0
03/10/2023 05:30,0.0
03/10/2023 06:00,0.0
03/10/2023 06:30,0.0
03/10/2023 07:00,0.0
03/10/2023 07:30,0.0
03/10/2023 08:00,0.0
03/10/2023 08:30,0.0
03/10/2023 09:00,0.0
03/10/2023 09:30,0.0
03/10/2023 10:00,0.0
03/10/2023 10:30,0.0
03/10/2023 11:00,0.0
03/10/2023 11:30,0.0
03/10/2023 12:00,0.0
03/10/2023 12:30,0.0
03/10/2023 13:00,0.0
03/10/2023 13:30,0.0
03/10/2023 14:00,0.0
03/10/2023 14:30,0.0
03/10/2023 15:00,0.0
03/10/2023 15:30,0.0
03/10/2023 16:00,0.0
03/10/2023 16:30,0.0
03/10/2023 17:00,0.0
03/10/2023 17:30,0.0
03/10/2023 18:00,0.0
03/10/2023 18:30,0.0
03/10/2023 19:00,0.0
03/10/2023 19:30,0.0
03/10/2023 20:00,0.0
03/10/2023 20:30,0.0
03/10/2023 21:00,0.0
03/10/2023 21:30,0.0
03/10/2023 22:00,0.0
03/10/2023 22:30,0.0
03/10/2023 23:00,0.0
03/10/2023 23:30,0.0
03/11/2023 00:00,0.0
03/11/2023 00:30,0.0
03/11/2023 01:00,0.0
03/11/2023 01:30,0.0
03/11/2023 02:00,0.0
03/11/2023 02:30,0.0
03/11/2023 03:00,0.0
03/11/2023 03:30,0.0
03/11/2023 04:00,0.0
03/11/2023 04:30,0.0
03/11/2023 05:00,0.0
03/11/2023 05:30,0.0
03/11/2023 06:00,0.0
03/11/2023 06:30,0.0
03/11/2023 07:00,0.0
03/11/2023 07:30,0.0
03/11/2023 08:00,0.0
03/11/2023 08:30,0.0
03/11/2023 09:00,0.0
03/11/2023 09:30,0.0
03/11/2023 10:00,0.0
03/11/2023 10:30,0.0
03/11/2023 11:00,0.0
03/11/2023 11:30,0.0
03/11/2023 12:00,0.0
03/11/2023 12:30,0.0
03/11/2023 13:00,0.0
03/11/2023 13:30,0.0
03/11/2023 14:00,0.0
03/11/2023 14:30,0.0
03/11/2023 15:00,0.0
03/11/2023 15:30,0.0
03/11/2023 16:00,0.0
03/11/2023 16:30,0.0
03/11/2023 17:00,0.0
03/11/2023 17:30,0.0
03/11/2023 18:00,0.0
03/11/2023 18:30,0.0
03/11/2023 19:00,0.0
03/11/2023 19:30,0.0
03/11/2023 20:00,0.0
03/11/2023 20:30,0.0
03/11/2023 21:00,0.0
03/11/2023 21:30,0.0
03/11/2023 22:00,0.0
03/11/2023 22:30,0.0
03/11/2023 23:00,0.0
03/11/2023 23:30,0.0
03/12/2023 00:00,0.0
03/12/2023 00:30,0.0
03/12/2023 01:00,0.0
03/12/2023 01:30,0.0
03/12/2023 02:00,0.0
03/12/2023 02:30,0.0
03/12/2023 03:00,0.0
03/12/2023 03:30,0.0
03/12/2023 04:00,0.0
03/12/2023 04:30,0.0
03/12/2023 05:00,0.0
03/12/2023 05:30,0.0
03/12/2023 06:00,0.0
03/12/2023 06:30,0.0
03/12/2023 07:00,0.0
03/12/2023 07:30,0.0
03/12/2023 08:00,0.0
03/12/2023 08:30,0.0
03/12/2023 09:00,0.0
03/12/2023 09:30,0.0
03/12/2023 10:00,0.0
03/12/2023 10:30,0.0
03/12/2023 11:00,0.0
03/12/2023 11:30,0.0
03/12/2023 12:00,0.0
03/12/2023 12:30,0.0
03/12/2023 13:00,0.0
03/12/2023 13:30,0.0
03/12/2023 14:00,0.0
03/12/2023 14:30,0.0
03/12/2023 15:00,0.0
03/12/2023 15:30,0.0
03/12/2023 16:00,0.0
03/12/2023 16:30,0.0
03/12/2023 17:00,0.0
03/12/2023 17:30,0.0
03/12/2023 18:00,0.0
03/12/2023 18:30,0.0
03/12/2023 19:00,0.0
03/12/2023 19:30,0.0
03/12/2023 20:00,0.0
03/12/2023 20:30,0.0
03/12/2023 21:00,0.0
03/12/2023 21:30,0.0
03/12/2023 22:00,0.0
03/12/2023 22:30,0.0
03/12/2023 23:00,0.0
03/12/2023 23:30,0.0
03/13/2023 00:00,0.0
03/13/2023 00:30,0.0
03/13/2023 01:00,0.0
03/13/2023 01:30,0.0
03/13/2023 02:00,0.0
03/13/2023 02:30,0.0
03/13/2023 03:00,0.0
03/13/2023 03:30,0.0
03/13/2023 04:00,0.0
03/13/2023 04:30,0.0
03/13/2023 05:00,0.0
03/13/2023 05:30,0.0
03/13/2023 06:00,0.0
03/13/2023 06:30,0.0
03/13/2023 07:00,0.0
03/13/2023 07:30,0.0
03/13/2023 08:00,0.0
03/13/2023 08:30,0.0
03/13/2023 09:00,0.0
03/13/2023 09:30,0.0
03/13/2023 10:00,0.0
03/13/2023 10:30,0.0
03/13/2023 11:00,0.0
03/13/2023 11:30,0.0
03/13/2023 12:00,0.0
03/13/2023 12:30,0.0
03/13/2023 13:00,0.0
03/13/2023 13:30,0.0
03/13/2023 14:00,0.0
03/13/2023 14:30,0.0
03/13/2023 15:00,0.0
03/13/2023 15:30,0.0
03/13/2023 16:00,0.0
03/13/2023 16:30,0.0
03/13/2023 17:00,0.0
03/13/2023 17:30,0.0
03/13/2023 18:00,0.0
03/13/2023 18:30,0.0
03/13/2023 19:00,0.0
03/13/2023 19:30,0.0
03/13/2023 20:00,0.0
03/13/2023 20:30,0.0
03/13/2023 21:00,0.0
03/13/2023 21:30,0.0
03/13/2023 22:00,0.0
03/13/2023 22:30,0.0
03/13/2023 23:00,0.0
03/13/2023 23:30,0.0
03/14/2023 00:00,0.0
03/14/2023 00:30,0.0
03/14/2023 01:00,0.0
03/14/2023 01:30,0.0
03/14/2023 02:00,0.0
03/14/2023 02:30,0.0
03/14/2023 03:00,0.0
03/14/2023 03:30,0.0
03/14/2023 04:00,0.0
03/14/2023 04:30,0.0
03/14/2023 05:00,0.0
03/14/2023 05:30,0.0
03/14/2023 06:00,0.0
03/14/2023 06:30,0.0
03/14/2023 07:00,0.0
03/14/2023 07:30,0.0
03/14/2023 08:00,0.0
03/14/2023 08:30,0.0
03/14/2023 09:00,0.0
03/14/2023 09:30,0.0
03/14/2023 10:00,0.0
03/14/2023 10:30,0.0
03/14/2023 11:00,0.0
03/14/2023 11:30,0.0
03/14/2023 12:00,0.0
03/14/2023 12:30,0.0
03/14/2023 13:00,0.0
03/14/2023 13:30,0.0
03/14/2023 14:00,0.0
03/14/2023 14:30,0.0
03/14/2023 15:00,0.0
03/14/2023 15:30,0.0
03/14/2023 16:00,0.0
03/14/2023 16:30,0.0
03/14/2023 17:00,0.0
03/14/2023 17:30,0.0
03/14/2023 18:00,0.0
03/14/2023 18:30,0.0
03/14/2023 19:00,0.0
03/14/2023 19:30,0.0
03/14/2023 20:00,0.0
03/14/2023 20:30,0.0
03/14/2023 21:00,0.0
03/14/2023 21:30,0.0
03/14/2023 22:00,0.0
03/14/2023 22:30,0.0
03/14/2023 23:00,0.0
03/14/2023 23:30,0.0
03/15/2023 00:00,0.0
03/15/2023 00:30,0.0
03/15/2023 01:00,0.0
03/15/2023 01:30,0.0
03/15/2023 02:00,0.0
03/15/2023 02:30,0.0
03/15/2023 03:00,0.0
03/15/2023 03:30,0.0
03/15/2023 04:00,0.0
03/15/2023 04:30,0.0
03/15/2023 05:00,0.0
03/15/2023 05:30,0.0
03/15/2023 06:00,0.0
03/15/2023 06:30,0.0
03/15/2023 07:00,0.0
03/15/2023 07:30,0.0
03/15/2023 08:00,0.0
03/15/2023 08:30,0.0
03/15/2023 09:00,0.0
03/15/2023 09:30,0.0
03/15/2023 10:00,0.0
03/15/2023 10:30,0.0
03/15/2023 11:00,0.0
03/15/2023 11:30,0.0
03/15/2023 12:00,0.0
03/15/2023 12:30,0.0
03/15/2023 13:00,0.0
03/15/2023 13:30,0.0
03/15/2023 14:00,0.0
03/15/2023 14:30,0.0
03/15/2023 15:00,0.0
03/15/2023 15:30,0.0
03/15/2023 16:00,0.0
03/15/2023 16:30,0.0
03/15/2023 17:00,0.0
03/15/2023 17:30,0.0
03/15/2023 18:00,0.0
03/15/2023 18:30,0.0
03/15/2023 19:00,0.0
03/15/2023 19:30,0.0
03/15/2023 20:00,0.0
03/15/2023 20:30,0.0
03/15/2023 21:00,0.0
03/15/2023 21:30,0.0
03/15/2023 22:00,0.0
03/15/2023 22:30,0.0
03/15/2023 23:00,0.0
03/15/2023 23:30,0.0
03/16/2023 00:00,0.0
03/16/2023 00:30,0.0
03/16/2023 01:00,0.0
03/16/2023 01:30,0.0
03/16/2023 02:00,0.0
03/16/2023 02:30,0.0
03/16/2023 03:00,0.0
03/16/2023 03:30,0.0
03/16/2023 04:00,0.0
03/16/2023 04:30,0.0
03/16/2023 05:00,0.0
03/16/2023 05:30,0.0
03/16/2023 06:00,0.0
03/16/2023 06:30,0.0
03/16/2023 07:00,0.0
03/16/2023 07:30,0.0
03/16/2023 08:00,0.0
03/16/2023 08:30,0.0
03/16/2023 09:00,0.0
03/16/2023 09:30,0.0
03/16/2023 10:00,0.0
03/16/2023 10:30,0.0
03/16/2023 11:00,0.0
03/16/2023 11:30,0.0
03/16/2023 12:00,0.0
03/16/2023 12:30,0.0
03/16/2023 13:00,0.0
03/16/2023 13:30,0.0
03/16/2023 14:00,0.0
03/16/2023 14:30,0.0
03/16/2023 15:00,0.0
03/16/2023 15:30,0.0
03/16/2023 16:00,0.0
03/16/2023 16:30,0.0
03/16/2023 17:00,0.0
03/16/2023 17:30,0.0
03/16/2023 18:00,0.0
03/16/2023 18:30,0.0
03/16/2023 19:00,0.0
03/16/2023 19:30,0.0
03/16/2023 20:00,0.0
03/16/2023 20:30,0.0
03/16/2023 21:00,0.0
03/16/2023 21:30,0.0
03/16/2023 22:00,0.0
03/16/2023 22:30,0.0
03/16/2023 23:00,0.0
03/16/2023 23:30,0.0
03/17/2023 00:00,0.0
03/17/2023 00:30,0.0
03/17/2023 01:00,0.0
03/17/2023 01:30,0.0
03/17/2023 02:00,0.0
03/17/2023 02:30,0.0
03/17/2023 03:00,0.0
03/17/2023 03:30,0.0
03/17/2023 04:00,0.0
03/17/2023 04:30,0.0
03/17/2023 05:00,0.0
03/17/2023 05:30,0.0
03/17/2023 06:00,0.0
03/17/2023 06:30,0.0
03/17/2023 07:00,0.0
03/17/2023 07:30,0.0
03/17/2023 08:00,0.0
03/17/2023 08:30,0.0
03/17/2023 09:00,0.0
03/17/2023 09:30,0.0
03/17/2023 10:00,0.0
03/17/2023 10:30,0.0
03/17/2023 11:00,0.0
03/17/2023 11:30,0.0
03/17/2023 12:00,0.0
03/17/2023 12:30,0.0
03/17/2023 13:00,0.0
03/17/2023 13:30,0.0
03/17/2023 14:00,0.0
03/17/2023 14:30,0.0
03/17/2023 15:00,0.0
03/17/2023 15:30,0.0
03/17/2023 16:00,0.0
03/17/2023 16:30,0.0
03/17/2023 17:00,0.0
03/17/2023 17:30,0.0
03/17/2023 18:00,0.0
03/17/2023 18:30,0.0
03/17/2023 19:00,0.0
03/17/2023 19:30,0.0
03/17/2023 20:00,0.0
03/17/2023 20:30,0.0
03/17/2023 21:00,0.0
03/17/2023 21:30,0.0
03/17/2023 22:00,0.0
03/17/2023 22:30,0.0
03/17/2023 23:00,0.0
03/17/2023 23:30,0.0
03/18/2023 00:00,0.0
03/18/2023 00:30,0.0
03/18/2023 01:00,0.0
03/18/2023 01:30,0.0
03/18/2023 02:00,0.0
03/18/2023 02:30,0.0
03/18/2023 03:00,0.0
03/18/2023 03:30,0.0
03/18/2023 04:00,0.0
03/18/2023 04:30,0.0
03/18/2023 05:00,0.0
03/18/2023 05:30,0.0
03/18/2023 06:00,0.0
03/18/2023 06:30,0.0
03/18/2023 07:00,0.0
03/18/2023 07:30,0.0
03/18/2023 08:00,0.0
03/18/2023 08:30,0.0
03/18/2023 09:00,0.0
03/18/2023 09:30,0.0
03/18/2023 10:00,0.0
03/18/2023 10:30,0.0
03/18/2023 11:00,0.0
03/18/2023 11:30,0.0
03/18/2023 12:00,0.0
03/18/2023 12:30,0.0
03/18/2023 13:00,0.0
03/18/2023 13:30,0.0
03/18/2023 14:00,0.0
03/18/2023 14:30,0.0
03/18/2023 15:00,0.0
03/18/2023 15:30,0.0
03/18/2023 16:00,0.0
03/18/2023 16:30,0.0
03/18/2023 17:00,0.0
03/18/2023 17:30,0.0
03/18/2023 18:00,0.0
03/18/2023 18:30,0.0
03/18/2023 19:00,0.0
03/18/2023 19:30,0.0
03/18/2023 20:00,0.0
03/18/2023 20:30,0.0
03/18/2023 21:00,0.0
03/18/2023 21:30,0.0
03/18/2023 22:00,0.0
03/18/2023 22:30,0.0
03/18/2023 23:00,0.0
03/18/2023 23:30,0.0
03/19/2023 00:00,0.0
03/19/2023 00:30,0.0
03/19/2023 01:00,0.0
03/19/2023 01:30,0.0
03/19/2023 02:00,0.0
03/19/2023 02:30,0.0
03/19/2023 03:00,0.0
03/19/2023 03:30,0.0
03/19/2023 04:00,0.0
03/19/2023 04:30,0.0
03/19/2023 05:00,0.0
03/19/2023 05:30,0.0
03/19/2023 06:00,0.0
03/19/2023 06:30,0.0
03/19/2023 07:00,0.0
03/19/2023 07:30,0.0
03/19/2023 08:00,0.0
03/19/2023 08:30,0.0
03/19/2023 09:00,0.0
03/19/2023 09:30,0.0
03/19/2023 10:00,0.0
03/19/2023 10:30,0.0
03/19/2023 11:00,0.0
03/19/2023 11:30,0.0
03/19/2023 12:00,0.0
03/19/2023 12:30,0.0
03/19/2023 13:00,0.0
03/19/2023 13:30,0.0
03/19/2023 14:00,0.0
03/19/2023 14:30,0.0
03/19/2023 15:00,0.0
03/19/2023 15:30,0.0
03/19/2023 16:00,0.0
03/19/2023 16:30,0.0
03/19/2023 17:00,0.0
03/19/2023 17:30,0.0
03/19/2023 18:00,0.0
03/19/2023 18:30,0.0
03/19/2023 19:00,0.0
03/19/2023 19:30,0.0
03/19/2023 20:00,0.0
03/19/2023 20:30,0.0
03/19/2023 21:00,0.0
03/19/2023 21:30,0.0
03/19/2023 22:00,0.0
03/19/2023 22:30,0.0
03/19/2023 23:00,0.0
03/19/2023 23:30,0.0
03/20/2023 00:00,0.0
03/20/2023 00:30,0.0
03/20/2023 01:00,0.0
03/20/2023 01:30,0.0
03/20/2023 02:00,0.0
03/20/2023 02:30,0.0
03/20/2023 03:00,0.0
03/20/2023 03:30,0.0
03/20/2023 04:00,0.0
03/20/2023 04:30,0.0
03/20/2023 05:00,0.0
03/20/2023 05:30,0.0
03/20/2023 06:00,0.0
03/20/2023 06:30,0.0
03/20/2023 07:00,0.0
03/20/2023 07:30,0.0
03/20/2023 08:00,0.0
03/20/2023 08:30,0.0
03/20/2023 09:00,0.0
03/20/2023 09:30,0.0
03/20/2023 10:00,0.0
03/20/2023 10:30,0.0
03/20/2023 11:00,0.0
03/20/2023 11:30,0.0
03/20/2023 12:00,0.0
03/20/2023 12:30,0.0
03/20/2023 13:00,0.0
03/20/2023 13:30,0.0
03/20/2023 14:00,0.0
03/20/2023 14:30,0.0
03/20/2023 15:00,0.0
03/20/2023 15:30,0.0
03/20/2023 16:00,0.0
03/20/2023 16:30,0.0
03/20/2023 17:00,0.0
03/20/2023 17:30,0.0
03/20/2023 18:00,0.0
03/20/2023 18:30,0.0
03/20/2023 19:00,0.0
03/20/2023 19:30,0.0
03/20/2023 20:00,0.0
03/20/2023 20:30,0.0
03/20/2023 21:00,0.0
03/20/2023 21:30,0.0
03/20/2023 22:00,0.0
03/20/2023 22:30,0.0
03/20/2023 23:00,0.0
03/20/2023 23:30,0.0
03/21/2023 00:00,0.0
03/21/2023 00:30,0.0
03/21/2023 01:00,0.0
03/21/2023 01:30,0.0
03/21/2023 02:00,0.0
03/21/2023 02:30,0.0
03/21/2023 03:00,0.0
03/21/2023 03:30,0.0
03/21/2023 04:00,0.0
03/21/2023 04:30,0.0
03/21/2023 05:00,0.0
03/21/2023 05:30,0.0
03/21/2023 06:00,0.0
03/21/2023 06:30,0.0
03/21/2023 07:00,0.0
03/21/2023 07:30,0.0
03/21/2023 08:00,0.0
03/21/2023 08:30,0.0
03/21/2023 09:00,0.0
03/21/2023 09:30,0.0
03/21/2023 10:00,0.0
03/21/2023 10:30,0.0
03/21/2023 11:00,0.0
03/21/2023 11:30,0.0
03/21/2023 12:00,0.0
03/21/2023 12:30,0.0
03/21/2023 13:00,0.0
03/21/2023 13:30,0.0
03/21/2023 14:00,0.0
03/21/2023 14:30,0.0
03/21/2023 15:00,0.0
03/21/2023 15:30,0.0
03/21/2023 16:00,0.0
03/21/2023 16:30,0.0
03/21/2023 17:00,0.0
03/21/2023 17:30,0.0
03/21/2023 18:00,0.0
03/21/2023 18:30,0.0
03/21/2023 19:00,0.0
03/21/2023 19:30,0.0
03/21/2023 20:00,0.0
03/21/2023 20:30,0.0
03/21/2023 21:00,0.0
03/21/2023 21:30,0.0
03/21/2023 22:00,0.0
03/21/2023 22:30,0.0
03/21/2023 23:00,0.0
03/21/2023 23:30,0.0
03/22/2023 00:00,0.0
03/22/2023 00:30,0.0
03/22/2023 01:00,0.0
03/22/2023 01:30,0.0
03/22/2023 02:00,0.0
03/22/2023 02:30,0.0
03/22/2023 03:00,0.0
03/22/2023 03:30,0.0
03/22/2023 04:00,0.0
03/22/2023 04:30,0.0
03/22/2023 05:00,0.0
03/22/2023 05:30,0.0
03/22/2023 06:00,0.0
03/22/2023 06:30,0.0
03/22/2023 07:00,0.0
03/22/2023 07:30,0.0
03/22/2023 08:00,0.0
03/22/2023 08:30,0.0
03/22/2023 09:00,0.0
03/22/2023 09:30,0.0
03/22/2023 10:00,0.0
03/22/2023 10:30,0.0
03/22/2023 11:00,0.0
03/22/2023 11:30,0.0
03/22/2023 12:00,0.0
03/22/2023 12:30,0.0
03/22/2023 13:00,0.0
03/22/2023 13:30,0.0
03/22/2023 14:00,0.0
03/22/2023 14:30,0.0
03/22/2023 15:00,0.0
03/22/2023 15:30,0.0
03/22/2023 16:00,0.0
03/22/2023 16:30,0.0
03/22/2023 17:00,0.0
03/22/2023 17:30,0.0
03/22/2023 18:00,0.0
03/22/2023 18:30,0.0
03/22/2023 19:00,0.0
03/22/2023 19:30,0.0
03/22/2023 20:00,0.0
03/22/2023 20:30,0.0
03/22/2023 21:00,0.0
03/22/2023 21:30,0.0
03/22/2023 22:00,0.0
03/22/2023 22:30,0.0
03/22/2023 23:00,0.0
03/22/2023 23:30,0.0
03/23/2023 00:00,0.0
03/23/2023 00:30,0.0
03/23/2023 01:00,0.0
03/23/2023 01:30,0.0
03/23/2023 02:00,0.0
03/23/2023 02:30,0.0
03/23/2023 03:00,0.0
03/23/2023 03:30,0.0
03/23/2023 04:00,0.0
03/23/2023 04:30,0.0
03/23/2023 05:00,0.0
03/23/2023 05:30,0.0
03/23/2023 06:00,0.0
03/23/2023 06:30,0.0
03/23/2023 07:00,0.0
03/23/2023 07:30,0.0
03/23/2023 08:00,0.0
03/23/2023 08:30,0.0
03/23/2023 09:00,0.0
03/23/2023 09:30,0.0
03/23/2023 10:00,0.0
03/23/2023 10:30,0.0
03/23/2023 11:00,0.0
03/23/2023 11:30,0.0
03/23/2023 12:00,0.0
03/23/2023 12:30,0.0
03/23/2023 13:00,0.0
03/23/2023 13:30,0.0
03/23/2023 14:00,0.0
03/23/2023 14:30,0.0
03/23/2023 15:00,0.0
03/23/2023 15:30,0.0
03/23/2023 16:00,0.0
03/23/2023 16:30,0.0
03/23/2023 17:00,0.0
03/23/2023 17:30,0.0
03/23/2023 18:00,0.0
03/23/2023 18:30,0.0
03/23/2023 19:00,0.0
03/23/2023 19:30,0.0
03/23/2023 20:00,0.0
03/23/2023 20:30,0.0
03/23/2023 21:00,0.0
03/23/2023 21:30,0.0
03/23/2023 22:00,0.0
03/23/2023 22:30,0.0
03/23/2023 23:00,0.0
03/23/2023 23:30,0.0
03/24/2023 00:00,0.0
03/24/2023 00:30,0.0
03/24/2023 01:00,0.0
03/24/2023 01:30,0.0
03/24/2023 02:00,0.0
03/24/2023 02:30,0.0
03/24/2023 03:00,0.0
03/24/2023 03:30,0.0
03/24/2023 04:00,0.0
03/24/2023 04:30,0.0
03/24/2023 05:00,0.0
03/24/2023 05:30,0.0
03/24/2023 06:00,0.0
03/24/2023 06:30,0.0
03/24/2023 07:00,0.0
03/24/2023 07:30,0.0
03/24/2023 08:00,0.0
03/24/2023 08:30,0.0
03/24/2023 09:00,0.0
03/24/2023 09:30,0.0
03/24/2023 10:00,0.0
03/24/2023 10:30,0.0
03/24/2023 11:00,0.0
03/24/2023 11:30,0.0
03/24/2023 12:00,0.0
03/24/2023 12:30,0.0
03/24/2023 13:00,0.0
03/24/2023 13:30,0.0
03/24/2023 14:00,0.0
03/24/2023 14:30,0.0
03/24/2023 15:00,0.0
03/24/2023 15:30,0.0
03/24/2023 16:00,0.0
03/24/2023 16:30,0.0
03/24/2023 17:00,0.0
03/24/2023 17:30,0.0
03/24/2023 18:00,0.0
03/24/2023 18:30,0.0
03/24/2023 19:00,0.0
03/24/2023 19:30,0.0
03/24/2023 20:00,0.0
03/24/2023 20:30,0.0
03/24/2023 21:00,0.0
03/24/2023 21:30,0.0
03/24/2023 22:00,0.0
03/24/2023 22:30,0.0
03/24/2023 23:00,0.0
03/24/2023 23:30,0.0
03/25/2023 00:00,0.0
03/25/2023 00:30,0.0
03/25/2023 01:00,0.0
03/25/2023 01:30,0.0
03/25/2023 02:00,0.0
03/25/2023 02:30,0.0
03/25/2023 03:00,0.0
03/25/2023 03:30,0.0
03/25/2023 04:00,0.0
03/25/2023 04:30,0.0
03/25/2023 05:00,0.0
03/25/2023 05:30,0.0
03/25/2023 06:00,0.0
03/25/2023 06:30,0.0
03/25/2023 07:00,0.0
03/25/2023 07:30,0.0
03/25/2023 08:00,0.0
03/25/2023 08:30,0.0
03/25/2023 09:00,0.0
03/25/2023 09:30,0.0
03/25/2023 10:00,0.0
03/25/2023 10:30,0.0
03/25/2023 11:00,0.0
03/25/2023 11:30,0.0
03/25/2023 12:00,0.0
03/25/2023 12:30,0.0
03/25/2023 13:00,0.0
03/25/2023 13:30,0.0
03/25/2023 14:00,0.0
03/25/2023 14:30,0.0
03/25/2023 15:00,0.0
03/25/2023 15:30,0.0
03/25/2023 16:00,0.0
03/25/2023 16:30,0.0
03/25/2023 17:00,0.0
03/25/2023 17:30,0.0
03/25/2023 18:00,0.0
03/25/2023 18:30,0.0
03/25/2023 19:00,0.0
03/25/2023 19:30,0.0
03/25/2023 20:00,0.0
03/25/2023 20:30,0.0
03/25/2023 21:00,0.0
03/25/2023 21:30,0.0
03/25/2023 22:00,0.0
03/25/2023 22:30,0.0
03/25/2023 23:00,0.0
03/25/2023 23:30,0.0
03/26/2023 00:00,0.0
03/26/2023 00:30,0.0
03/26/2023 01:00,0.0
03/26/2023 01:30,0.0
03/26/2023 02:00,0.0
03/26/2023 02:30,0.0
03/26/2023 03:00,0.0
03/26/2023 03:30,0.0
03/26/2023 04:00,0.0
03/26/2023 04:30,0.0
03/26/2023 05:00,0.0
03/26/2023 05:30,0.0
03/26/2023 06:00,0.0
03/26/2023 06:30,0.0
03/26/2023 07:00,0.0
03/26/2023 07:30,0.0
03/26/2023 08:00,0.0
03/26/2023 08:30,0.0
03/26/2023 09:00,0.0
03/26/2023 09:30,0.0
03/26/2023 10:00,0.0
03/26/2023 10:30,0.0
03/26/2023 11:00,0.0
03/26/2023 11:30,0.0
03/26/2023 12:00,0.0
03/26/2023 12:30,0.0
03/26/2023 13:00,0.0
03/26/2023 13:30,0.0
03/26/2023 14:00,0.0
03/26/2023 14:30,0.0
03/26/2023 15:00,0.0
03/26/2023 15:30,0.0
03/26/2023 16:00,0.0
03/26/2023 16:30,0.0
03/26/2023 17:00,0.0
03/26/2023 17:30,0.0
03/26/2023 18:00,0.0
03/26/2023 18:30,0.0
03/26/2023 19:00,0.0
03/26/2023 19:30,0.0
03/26/2023 20:00,0.0
03/26/2023 20:30,0.0
03/26/2023 21:00,0.0
03/26/2023 21:30,0.0
03/26/2023 22:00,0.0
03/26/2023 22:30,0.0
03/26/2023 23:00,0.0
03/26/2023 23:30,0.0
03/27/2023 00:00,0.0
03/27/2023 00:30,0.0
03/27/2023 01:00,0.0
03/27/2023 01:30,0.0
03/27/2023 02:00,0.0
03/27/2023 02:30,0.0
03/27/2023 03:00,0.0
03/27/2023 03:30,0.0
03/27/2023 04:00,0.0
03/27/2023 04:30,0.0
03/27/2023 05:00,0.0
03/27/2023 05:30,0.0
03/27/2023 06:00,0.0
03/27/2023 06:30,0.0
03/27/2023 07:00,0.0
03/27/2023 07:30,0.0
03/27/2023 08:00,0.0
03/27/2023 08:30,0.0
03/27/2023 09:00,0.0
03/27/2023 09:30,0.0
03/27/2023 10:00,0.0
03/27/2023 10:30,0.0
03/27/2023 11:00,0.0
03/27/2023 11:30,0.0
03/27/2023 12:00,0.0
03/27/2023 12:30,0.0
03/27/2023 13:00,0.0
03/27/2023 13:30,0.0
03/27/2023 14:00,0.0
03/27/2023 14:30,0.0
03/27/2023 15:00,0.0
03/27/2023 15:30,0.0
03/27/2023 16:00,0.0
03/27/2023 16:30,0.0
03/27/2023 17:00,0.0
03/27/2023 17:30,0.0
03/27/2023 18:00,0.0
03/27/2023 18:30,0.0
03/27/2023 19:00,0.0
03/27/2023 19:30,0.0
03/27/2023 20:00,0.0
03/27/2023 20:30,0.0
03/27/2023 21:00,0.0
03/27/2023 21:30,0.0
03/27/2023 22:00,0.0
03/27/2023 22:30,0.0
03/27/2023 23:00,0.0
03/27/2023 23:30,0.0
03/28/2023 00:00,0.0
03/28/2023 00:30,0.0
03/28/2023 01:00,0.0
03/28/2023 01:30,0.0
03/28/2023 02:00,0.0
03/28/2023 02:30,0.0
03/28/2023 03:00,0.0
03/28/2023 03:30,0.0
03/28/2023 04:00,0.0
03/28/2023 04:30,0.0
03/28/2023 05:00,0.0
03/28/2023 05:30,0.0
03/28/2023 06:00,0.0
03/28/2023 06:30,0.0
03/28/2023 07:00,0.0
03/28/2023 07:30,0.0
03/28/2023 08:00,0.0
03/28/2023 08:30,0.0
03/28/2023 09:00,0.0
03/28/2023 09:30,0.0
03/28/2023 10:00,0.0
03/28/2023 10:30,0.0
03/28/2023 11:00,0.0
03/28/2023 11:30,0.0
03/28/2023 12:00,0.0
03/28/2023 12:30,0.0
03/28/2023 13:00,0.0
03/28/2023 13:30,0.0
03/28/2023 14:00,0.0
03/28/2023 14:30,0.0
03/28/2023 15:00,0.0
03/28/2023 15:30,0.0
03/28/2023 16:00,0.0
03/28/2023 16:30,0.0
03/28/2023 17:00,0.0
03/28/2023 17:30,0.0
03/28/2023 18:00,0.0
03/28/2023 18:30,0.0
03/28/2023 19:00,0.0
03/28/2023 19:30,0.0
03/28/2023 20:00,0.0
03/28/2023 20:30,0.0
03/28/2023 21:00,0.0
03/28/2023 21:30,0.0
03/28/2023 22:00,0.0
03/28/2023 22:30,0.0
03/28/2023 23:00,0.0
03/28/2023 23:30,0.0
03/29/2023 00:00,0.0
03/29/2023 00:30,0.0
03/29/2023 01:00,0.0
03/29/2023 01:30,0.0
03/29/2023 02:00,0.0
03/29/2023 02:30,0.0
03/29/2023 03:00,0.0
03/29/2023 03:30,0.0
03/29/2023 04:00,0.0
03/29/2023 04:30,0.0
03/29/2023 05:00,0.0
03/29/2023 05:30,0.0
03/29/2023 06:00,0.0
03/29/2023 06:30,0.0
03/29/2023 07:00,0.0
03/29/2023 07:30,0.0
03/29/2023 08:00,0.0
03/29/2023 08:30,0.0
03/29/2023 09:00,0.0
03/29/2023 09:30,0.0
03/29/2023 10:00,0.0
03/29/2023 10:30,0.0
03/29/2023 11:00,0.0
03/29/2023 11:30,0.0
03/29/2023 12:00,0.0
03/29/2023 12:30,0.0
03/29/2023 13:00,0.0
03/29/2023 13:30,0.0
03/29/2023 14:00,0.0
03/29/2023 14:30,0.0
03/29/2023 15:00,0.0
03/29/2023 15:30,0.0
03/29/2023 16:00,0.0
03/29/2023 16:30,0.0
03/29/2023 17:00,0.0
03/29/2023 17:30,0.0
03/29/2023 18:00,0.0
03/29/2023 18:30,0.0
03/29/2023 19:00,0.0
03/29/2023 19:30,0.0
03/29/2023 20:00,0.0
03/29/2023 20:30,0.0
03/29/2023 21:00,0.0
03/29/2023 21:30,0.0
03/29/2023 22:00,0.0
03/29/2023 22:30,0.0
03/29/2023 23:00,0.0
03/29/2023 23:30,0.0
03/30/2023 00:00,0.0
03/30/2023 00:30,0.0
03/30/2023 01:00,0.0
03/30/2023 01:30,0.0
03/30/2023 02:00,0.0
03/30/2023 02:30,0.0
03/30/2023 03:00,0.0
03/30/2023 03:30,0.0
03/30/2023 04:00,0.0
03/30/2023 04:30,0.0
03/30/2023 05:00,0.0
03/30/2023 05:30,0.0
03/30/2023 06:00,0.0
03/30/2023 06:30,0.0
03/30/2023 07:00,0.0
03/30/2023 07:30,0.0
03/30/2023 08:00,0.0
03/30/2023 08:30,0.0
03/30/2023 09:00,0.0
03/30/2023 09:30,0.0
03/30/2023 10:00,0.0
03/30/2023 10:30,0.0
03/30/2023 11:00,0.0
03/30/2023 11:30,0.0
03/30/2023 12:00,0.0
03/30/2023 12:30,0.0
03/30/2023 13:00,0.0
03/30/2023 13:30,0.0
03/30/2023 14:00,0.0
03/30/2023 14:30,0.0
03/30/2023 15:00,0.0
03/30/2023 15:30,0.0
03/30/2023 16:00,0.0
03/30/2023 16:30,0.0
03/30/2023 17:00,0.0
03/30/2023 17:30,0.0
03/30/2023 18:00,0.0
03/30/2023 18:30,0.0
03/30/2023 19:00,0.0
03/30/2023 19:30,0.0
03/30/2023 20:00,0.0
03/30/2023 20:30,0.0
03/30/2023 21:00,0.0
03/30/2023 21:30,0.0
03/30/2023 22:00,0.0
03/30/2023 22:30,0.0
03/30/2023 23:00,0.0
03/30/2023 23:30,0.0
03/31/2023 00:00,0.0
03/31/2023 00:30,0.0
03/31/2023 01:00,0.0
03/31/2023 01:30,0.0
03/31/2023 02:00,0.0
03/31/2023 02:30,0.0
03/31/2023 03:00,0.0
03/31/2023 03:30,0.0
03/31/2023 04:00,0.0
03/31/2023 04:30,0.0
03/31/2023 05:00,0.0
03/31/2023 05:30,0.0
03/31/2023 06:00,0.0
03/31/2023 06:30,0.0
03/31/2023 07:00,0.0
03/31/2023 07:30,0.0
03/31/2023 08:00,0.0
03/31/2023 08:30,0.0
03/31/2023 09:00,0.0
03/31/2023 09:30,0.0
03/31/2023 10:00,0.0
03/31/2023 10:30,0.0
03/31/2023 11:00,0.0
03/31/2023 11:30,0.0
03/31/2023 12:00,0.0
03/31/2023 12:30,0.0
03/31/2023 13:00,0.0
03/31/2023 13:30,0.0
03/31/2023 14:00,0.0
03/31/2023 14:30,0.0
03/31/2023 15:00,0.0
03/31/2023 15:30,0.0
03/31/2023 16:00,0.0
03/31/2023 16:30,0.0
03/31/2023 17:00,0.0
03/31/2023 17:30,0.0
03/31/2023 18:00,0.0
03/31/2023 18:30,0.0
03/31/2023 19:00,0.0
03/31/2023 19:30,0.0
03/31/2023 20:00,0.0
03/31/2023 20:30,0.0
03/31/2023 21:00,0.0
03/31/2023 21:30,0.0
03/31/2023 22:00,0.0
03/31/2023 22:30,0.0
03/31/2023 23:00,0.0
03/31/2023 23:30,0.0
04/01/2023 00:00,0.0
04/01/2023 00:30,0.0
04/01/2023 01:00,0.0
04/01/2023 01:30,0.0
04/01/2023 02:00,0.0
04/01/2023 02:30,0.0
04/01/2023 03:00,0.0
04/01/2023 03:30,0.0
04/01/2023 04:00,0.0
04/01/2023 04:30,0.0
04/01/2023 05:00,0.0
04/01/2023 05:30,0.0
04/01/2023 06:00,0.0
04/01/2023 06:30,0.0
04/01/2023 07:00,0.0
04/01/2023 07:30,0.0
04/01/2023 08:00,0.0
04/01/2023 08:30,0.0
04/01/2023 09:00,0.0
04/01/2023 09:30,0.0
04/01/2023 10:00,0.0
04/01/2023 10:30,0.0
04/01/2023 11:00,0.0
04/01/2023 11:30,0.0
04/01/2023 12:00,0.0
04/01/2023 12:30,0.0
04/01/2023 13:00,0.0
04/01/2023 13:30,0.0
04/01/2023 14:00,0.0
04/01/2023 14:30,0.0
04/01/2023 15:00,0.0
04/01/2023 15:30,0.0
04/01/2023 16:00,0.0
04/01/2023 16:30,0.0
04/01/2023 17:00,0.0
04/01/2023 17:30,0.0
04/01/2023 18:00,0.0
04/01/2023 18:30,0.0
04/01/2023 19:00,0.0
04/01/2023 19:30,0.0
04/01/2023 20:00,0.0
04/01/2023 20:30,0.0
04/01/2023 21:00,0.0
04/01/2023 21:30,0.0
04/01/2023 22:00,0.0
04/01/2023 22:30,0.0
04/01/2023 23:00,0.0
04/01/2023 23:30,0.0
04/02/2023 00:00,0.0
04/02/2023 00:30,0.0
04/02/2023 01:00,0.0
04/02/2023 01:30,0.0
04/02/2023 02:00,0.0
04/02/2023 02:30,0.0
04/02/2023 03:00,0.0
04/02/2023 03:30,0.0
04/02/2023 04:00,0.0
04/02/2023 04:30,0.0
04/02/2023 05:00,0.0
04/02/2023 05:30,0.0
04/02/2023 06:00,0.0
04/02/2023 06:30,0.0
04/02/2023 07:00,0.0
04/02/2023 07:30,0.0
04/02/2023 08:00,0.0
04/02/2023 08:30,0.0
04/02/2023 09:00,0.0
04/02/2023 09:30,0.0
04/02/2023 10:00,0.0
04/02/2023 10:30,0.0
04/02/2023 11:00,0.0
04/02/2023 11:30,0.0
04/02/2023 12:00,0.0
04/02/2023 12:30,0.0
04/02/2023 13:00,0.0
04/02/2023 13:30,0.0
04/02/2023 14:00,0.0
04/02/2023 14:30,0.0
04/02/2023 15:00,0.0
04/02/2023 15:30,0.0
04/02/2023 16:00,0.0
04/02/2023 16:30,0.0
04/02/2023 17:00,0.0
04/02/2023 17:30,0.0
04/02/2023 18:00,0.0
04/02/2023 18:30,0.0
04/02/2023 19:00,0.0
04/02/2023 19:30,0.0
04/02/2023 20:00,0.0
04/02/2023 20:30,0.0
04/02/2023 21:00,0.0
04/02/2023 21:30,0.0
04/02/2023 22:00,0.0
04/02/2023 22:30,0.0
04/02/2023 23:00,0.0
04/02/2023 23:30,0.0
04/03/2023 00:00,0.0
04/03/2023 00:30,0.0
04/03/2023 01:00,0.0
04/03/2023 01:30,0.0
04/03/2023 02:00,0.0
04/03/2023 02:30,0.0
04/03/2023 03:00,0.0
04/03/2023 03:30,0.0
04/03/2023 04:00,0.0
04/03/2023 04:30,0.0
04/03/2023 05:00,0.0
04/03/2023 05:30,0.0
04/03/2023 06:00,0.0
04/03/2023 06:30,0.0
04/03/2023 07:00,0.0
04/03/2023 07:30,0.0
04/03/2023 08:00,0.0
04/03/2023 08:30,0.0
04/03/2023 09:00,0.0
04/03/2023 09:30,0.0
04/03/2023 10:00,0.0
04/03/2023 10:30,0.0
04/03/2023 11:00,0.0
04/03/2023 11:30,0.0
04/03/2023 12:00,0.0
04/03/2023 12:30,0.0
04/03/2023 13:00,0.0
04/03/2023 13:30,0.0
04/03/2023 14:00,0.0
04/03/2023 14:30,0.0
04/03/2023 15:00,0.0
04/03/2023 15:30,0.0
04/03/2023 16:00,0.0
04/03/2023 16:30,0.0
04/03/2023 17:00,0.0
04/03/2023 17:30,0.0
04/03/2023 18:00,0.0
04/03/2023 18:30,0.0
04/03/2023 19:00,0.0
04/03/2023 19:30,0.0
04/03/2023 20:00,0.0
04/03/2023 20:30,0.0
04/03/2023 21:00,0.0
04/03/2023 21:30,0.0
04/03/2023 22:00,0.0
04/03/2023 22:30,0.0
04/03/2023 23:00,0.0
04/03/2023 23:30,0.0
04/04/2023 00:00,0.0
04/04/2023 00:30,0.0
04/04/2023 01:00,0.0
04/04/2023 01:30,0.0
04/04/2023 02:00,0.0
04/04/2023 02:30,0.0
04/04/2023 03:00,0.0
04/04/2023 03:30,0.0
04/04/2023 04:00,0.0
04/04/2023 04:30,0.0
04/04/2023 05:00,0.0
04/04/2023 05:30,0.0
04/04/2023 06:00,0.0
04/04/2023 06:30,0.0
04/04/2023 07:00,0.0
04/04/2023 07:30,0.0
04/04/2023 08:00,0.0
04/04/2023 08:30,0.0
04/04/2023 09:00,0.0
04/04/2023 09:30,0.0
04/04/2023 10:00,0.0
04/04/2023 10:30,0.0
04/04/2023 11:00,0.0
04/04/2023 11:30,0.0
04/04/2023 12:00,0.0
04/04/2023 12:30,0.0
04/04/2023 13:00,0.0
04/04/2023 13:30,0.0
04/04/2023 14:00,0.0
04/04/2023 14:30,0.0
04/04/2023 15:00,0.0
04/04/2023 15:30,0.0
04/04/2023 16:00,0.0
04/04/2023 16:30,0.0
04/04/2023 17:00,0.0
04/04/2023 17:30,0.0
04/04/2023 18:00,0.0
04/04/2023 18:30,0.0
04/04/2023 19:00,0.0
04/04/2023 19:30,0.0
04/04/2023 20:00,0.0
04/04/2023 20:30,0.0
04/04/2023 21:00,0.0
04/04/2023 21:30,0.0
04/04/2023 22:00,0.0
04/04/2023 22:30,0.0
04/04/2023 23:00,0.0
04/04/2023 23:30,0.0
04/05/2023 00:00,0.0
04/05/2023 00:30,0.0
04/05/2023 01:00,0.0
04/05/2023 01:30,0.0
04/05/2023 02:00,0.0
04/05/2023 02:30,0.0
04/05/2023 03:00,0.0
04/05/2023 03:30,0.0
04/05/2023 04:00,0.0
04/05/2023 04:30,0.0
04/05/2023 05:00,0.0
04/05/2023 05:30,0.0
04/05/2023 06:00,0.0
04/05/2023 06:30,0.0
04/05/2023 07:00,0.0
04/05/2023 07:30,0.0
04/05/2023 08:00,0.0
04/05/2023 08:30,0.0
04/05/2023 09:00,0.0
04/05/2023 09:30,0.0
04/05/2023 10:00,0.0
04/05/2023 10:30,0.0
04/05/2023 11:00,0.0
04/05/2023 11:30,0.0
04/05/2023 12:00,0.0
04/05/2023 12:30,0.0
04/05/2023 13:00,0.0
04/05/2023 13:30,0.0
04/05/2023 14:00,0.0
04/05/2023 14:30,0.0
04/05/2023 15:00,0.0
04/05/2023 15:30,0.0
04/05/2023 16:00,0.0
04/05/2023 16:30,0.0
04/05/2023 17:00,0.0
04/05/2023 17:30,0.0
04/05/2023 18:00,0.0
04/05/2023 18:30,0.0
04/05/2023 19:00,0.0
04/05/2023 19:30,0.0
04/05/2023 20:00,0.0
04/05/2023 20:30,0.0
04/05/2023 21:00,0.0
04/05/2023 21:30,0.0
04/05/2023 22:00,0.0
04/05/2023 22:30,0.0
04/05/2023 23:00,0.0
04/05/2023 23:30,0.0
04/06/2023 00:00,0.0
04/06/2023 00:30,0.0
04/06/2023 01:00,0.0
04/06/2023 01:30,0.0
04/06/2023 02:00,0.0
04/06/2023 02:30,0.0
04/06/2023 03:00,0.0
04/06/2023 03:30,0.0
04/06/2023 04:00,0.0
04/06/2023 04:30,0.0
04/06/2023 05:00,0.0
04/06/2023 05:30,0.0
04/06/2023 06:00,0.0
04/06/2023 06:30,0.0
04/06/2023 07:00,0.0
04/06/2023 07:30,0.0
04/06/2023 08:00,0.0
04/06/2023 08:30,0.0
04/06/2023 09:00,0.0
04/06/2023 09:30,0.0
04/06/2023 10:00,0.0
04/06/2023 10:30,0.0
04/06/2023 11:00,0.0
04/06/2023 11:30,0.0
04/06/2023 12:00,0.0
04/06/2023 12:30,0.0
04/06/2023 13:00,0.0
04/06/2023 13:30,0.0
04/06/2023 14:00,0.0
04/06/2023 14:30,0.0
04/06/2023 15:00,0.0
04/06/2023 15:30,0.0
04/06/2023 16:00,0.0
04/06/2023 16:30,0.0
04/06/2023 17:00,0.0
04/06/2023 17:30,0.0
04/06/2023 18:00,0.0
04/06/2023 18:30,0.0
04/06/2023 19:00,0.0
04/06/2023 19:30,0.0
04/06/2023 20:00,0.0
04/06/2023 20:30,0.0
04/06/2023 21:00,0.0
04/06/2023 21:30,0.0
04/06/2023 22:00,0.0
04/06/2023 22:30,0.0
04/06/2023 23:00,0.0
04/06/2023 23:30,0.0
04/07/2023 00:00,0.0
04/07/2023 00:30,0.0
04/07/2023 01:00,0.0
04/07/2023 01:30,0.0
04/07/2023 02:00,0.0
04/07/2023 02:30,0.0
04/07/2023 03:00,0.0
04/07/2023 03:30,0.0
04/07/2023 04:00,0.0
04/07/2023 04:30,0.0
04/07/2023 05:00,0.0
04/07/2023 05:30,0.0
04/07/2023 06:00,0.0
04/07/2023 06:30,0.0
04/07/2023 07:00,0.0
04/07/2023 07:30,0.0
04/07/2023 08:00,0.0
04/07/2023 08:30,0.0
04/07/2023 09:00,0.0
04/07/2023 09:30,0.0
04/07/2023 10:00,0.0
04/07/2023 10:30,0.0
04/07/2023 11:00,0.0
04/07/2023 11:30,0.0
04/07/2023 12:00,0.0
04/07/2023 12:30,0.0
04/07/2023 13:00,0.0
04/07/2023 13:30,0.0
04/07/2023 14:00,0.0
04/07/2023 14:30,0.0
04/07/2023 15:00,0.0
04/07/2023 15:30,0.0
04/07/2023 16:00,0.0
04/07/2023 16:30,0.0
04/07/2023 17:00,0.0
04/07/2023 17:30,0.0
04/07/2023 18:00,0.0
04/07/2023 18:30,0.0
04/07/2023 19:00,0.0
04/07/2023 19:30,0.0
04/07/2023 20:00,0.0
04/07/2023 20:30,0.0
04/07/2023 21:00,0.0
04/07/2023 21:30,0.0
04/07/2023 22:00,0.0
04/07/2023 22:30,0.0
04/07/2023 23:00,0.0
04/07/2023 23:30,0.0
04/08/2023 00:00,0.0
04/08/2023 00:30,0.0
04/08/2023 01:00,0.0
04/08/2023 01:30,0.0
04/08/2023 02:00,0.0
04/08/2023 02:30,0.0
04/08/2023 03:00,0.0
04/08/2023 03:30,0.0
04/08/2023 04:00,0.0
04/08/2023 04:30,0.0
04/08/2023 05:00,0.0
04/08/2023 05:30,0.0
04/08/2023 06:00,0.0
04/08/2023 06:30,0.0
04/08/2023 07:00,0.0
04/08/2023 07:30,0.0
04/08/2023 08:00,0.0
04/08/2023 08:30,0.0
04/08/2023 09:00,0.0
04/08/2023 09:30,0.0
04/08/2023 10:00,0.0
04/08/2023 10:30,0.0
04/08/2023 11:00,0.0
04/08/2023 11:30,0.0
04/08/2023 12:00,0.0
04/08/2023 12:30,0.0
04/08/2023 13:00,0.0
04/08/2023 13:30,0.0
04/08/2023 14:00,0.0
04/08/2023 14:30,0.0
04/08/2023 15:00,0.0
04/08/2023 15:30,0.0
04/08/2023 16:00,0.0
04/08/2023 16:30,0.0
04/08/2023 17:00,0.0
04/08/2023 17:30,0.0
04/08/2023 18:00,0.0
04/08/2023 18:30,0.0
04/08/2023 19:00,0.0
04/08/2023 19:30,0.0
04/08/2023 20:00,0.0
04/08/2023 20:30,0.0
04/08/2023 21:00,0.0
04/08/2023 21:30,0.0
04/08/2023 22:00,0.0
04/08/2023 22:30,0.0
04/08/2023 23:00,0.0
04/08/2023 23:30,0.0
04/09/2023 00:00,0.0
04/09/2023 00:30,0.0
04/09/2023 01:00,0.0
04/09/2023 01:30,0.0
04/09/2023 02:00,0.0
04/09/2023 02:30,0.0
04/09/2023 03:00,0.0
04/09/2023 03:30,0.0
04/09/2023 04:00,0.0
04/09/2023 04:30,0.0
04/09/2023 05:00,0.0
04/09/2023 05:30,0.0
04/09/2023 06:00,0.0
04/09/2023 06:30,0.0
04/09/2023 07:00,0.0
04/09/2023 07:30,0.0
04/09/2023 08:00,0.0
04/09/2023 08:30,0.0
04/09/2023 09:00,0.0
04/09/2023 09:30,0.0
04/09/2023 10:00,0.0
04/09/2023 10:30,0.0
04/09/2023 11:00,0.0
04/09/2023 11:30,0.0
04/09/2023 12:00,0.0
04/09/2023 12:30,0.0
04/09/2023 13:00,0.0
04/09/2023 13:30,0.0
04/09/2023 14:00,0.0
04/09/2023 14:30,0.0
04/09/2023 15:00,0.0
04/09/2023 15:30,0.0
04/09/2023 16:00,0.0
04/09/2023 16:30,0.0
04/09/2023 17:00,0.0
04/09/2023 17:30,0.0
04/09/2023 18:00,0.0
04/09/2023 18:30,0.0
04/09/2023 19:00,0.0
04/09/2023 19:30,0.0
04/09/2023 20:00,0.0
04/09/2023 20:30,0.0
04/09/2023 21:00,0.0
04/09/2023 21:30,0.0
04/09/2023 22:00,0.0
04/09/2023 22:30,0.0
04/09/2023 23:00,0.0
04/09/2023 23:30,0.0
04/10/2023 00:00,0.0
04/10/2023 00:30,0.0
04/10/2023 01:00,0.0
04/10/2023 01:30,0.0
04/10/2023 02:00,0.0
04/10/2023 02:30,0.0
04/10/2023 03:00,0.0
04/10/2023 03:30,0.0
04/10/2023 04:00,0.0
04/10/2023 04:30,0.0
04/10/2023 05:00,0.0
04/10/2023 05:30,0.0
04/10/2023 06:00,0.0
04/10/2023 06:30,0.0
04/10/2023 07:00,0.0
04/10/2023 07:30,0.0
04/10/2023 08:00,0.0
04/10/2023 08:30,0.0
04/10/2023 09:00,0.0
04/10/2023 09:30,0.0
04/10/2023 10:00,0.0
04/10/2023 10:30,0.0
04/10/2023 11:00,0.0
04/10/2023 11:30,0.0
04/10/2023 12:00,0.0
04/10/2023 12:30,0.0
04/10/2023 13:00,0.0
04/10/2023 13:30,0.0
04/10/2023 14:00,0.0
04/10/2023 14:30,0.0
04/10/2023 15:00,0.0
04/10/2023 15:30,0.0
04/10/2023 16:00,0.0
04/10/2023 16:30,0.0
04/10/2023 17:00,0.0
04/10/2023 17:30,0.0
04/10/2023 18:00,0.0
04/10/2023 18:30,0.0
04/10/2023 19:00,0.0
04/10/2023 19:30,0.0
04/10/2023 20:00,0.0
04/10/2023 20:30,0.0
04/10/2023 21:00,0.0
04/10/2023 21:30,0.0
04/10/2023 22:00,0.0
04/10/2023 22:30,0.0
04/10/2023 23:00,0.0
04/10/2023 23:30,0.0
04/11/2023 00:00,0.0
04/11/2023 00:30,0.0
04/11/2023 01:00,0.0
04/11/2023 01:30,0.0
04/11/2023 02:00,0.0
04/11/2023 02:30,0.0
04/11/2023 03:00,0.0
04/11/2023 03:30,0.0
04/11/2023 04:00,0.0
04/11/2023 04:30,0.0
04/11/2023 05:00,0.0
04/11/2023 05:30,0.0
04/11/2023 06:00,0.0
04/11/2023 06:30,0.0
04/11/2023 07:00,0.0
04/11/2023 07:30,0.0
04/11/2023 08:00,0.0
04/11/2023 08:30,0.0
04/11/2023 09:00,0.0
04/11/2023 09:30,0.0
04/11/2023 10:00,0.0
04/11/2023 10:30,0.0
04/11/2023 11:00,0.0
04/11/2023 11:30,0.0
04/11/2023 12:00,0.0
04/11/2023 12:30,0.0
04/11/2023 13:00,0.0
04/11/2023 13:30,0.0
04/11/2023 14:00,0.0
04/11/2023 14:30,0.0
04/11/2023 15:00,0.0
04/11/2023 15:30,0.0
04/11/2023 16:00,0.0
04/11/2023 16:30,0.0
04/11/2023 17:00,0.0
04/11/2023 17:30,0.0
04/11/2023 18:00,0.0
04/11/2023 18:30,0.0
04/11/2023 19:00,0.0
04/11/2023 19:30,0.0
04/11/2023 20:00,0.0
04/11/2023 20:30,0.0
04/11/2023 21:00,0.0
04/11/2023 21:30,0.0
04/11/2023 22:00,0.0
04/11/2023 22:30,0.0
04/11/2023 23:00,0.0
04/11/2023 23:30,0.0
04/12/2023 00:00,0.0
04/12/2023 00:30,0.0
04/12/2023 01:00,0.0
04/12/2023 01:30,0.0
04/12/2023 02:00,0.0
04/12/2023 02:30,0.0
04/12/2023 03:00,0.0
04/12/2023 03:30,0.0
04/12/2023 04:00,0.0
04/12/2023 04:30,0.0
04/12/2023 05:00,0.0
04/12/2023 05:30,0.0
04/12/2023 06:00,0.0
04/12/2023 06:30,0.0
04/12/2023 07:00,0.0
04/12/2023 07:30,0.0
04/12/2023 08:00,0.0
04/12/2023 08:30,0.0
04/12/2023 09:00,0.0
04/12/2023 09:30,0.0
04/12/2023 10:00,0.0
04/12/2023 10:30,0.0
04/12/2023 11:00,0.0
04/12/2023 11:30,0.0
04/12/2023 12:00,0.0
04/12/2023 12:30,0.0
04/12/2023 13:00,0.0
04/12/2023 13:30,0.0
04/12/2023 14:00,0.0
04/12/2023 14:30,0.0
04/12/2023 15:00,0.0
04/12/2023 15:30,0.0
04/12/2023 16:00,0.0
04/12/2023 16:30,0.0
04/12/2023 17:00,0.0
04/12/2023 17:30,0.0
04/12/2023 18:00,0.0
04/12/2023 18:30,0.0
04/12/2023 19:00,0.0
04/12/2023 19:30,0.0
04/12/2023 20:00,0.0
04/12/2023 20:30,0.0
04/12/2023 21:00,0.0
04/12/2023 21:30,0.0
04/12/2023 22:00,0.0
04/12/2023 22:30,0.0
04/12/2023 23:00,0.0
04/12/2023 23:30,0.0
04/13/2023 00:00,0.0
04/13/2023 00:30,0.0
04/13/2023 01:00,0.0
04/13/2023 01:30,0.0
04/13/2023 02:00,0.0
04/13/2023 02:30,0.0
04/13/2023 03:00,0.0
04/13/2023 03:30,0.0
04/13/2023 04:00,0.0
04/13/2023 04:30,0.0
04/13/2023 05:00,0.0
04/13/2023 05:30,0.0
04/13/2023 06:00,0.0
04/13/2023 06:30,0.0
04/13/2023 07:00,0.0
04/13/2023 07:30,0.0
04/13/2023 08:00,0.0
04/13/2023 08:30,0.0
04/13/2023 09:00,0.0
04/13/2023 09:30,0.0
04/13/2023 10:00,0.0
04/13/2023 10:30,0.0
04/13/2023 11:00,0.0
04/13/2023 11:30,0.0
04/13/2023 12:00,0.0
04/13/2023 12:30,0.0
04/13/2023 13:00,0.0
04/13/2023 13:30,0.0
04/13/2023 14:00,0.0
04/13/2023 14:30,0.0
04/13/2023 15:00,0.0
04/13/2023 15:30,0.0
04/13/2023 16:00,0.0
04/13/2023 16:30,0.0
04/13/2023 17:00,0.0
04/13/2023 17:30,0.0
04/13/2023 18:00,0.0
04/13/2023 18:30,0.0
04/13/2023 19:00,0.0
04/13/2023 19:30,0.0
04/13/2023 20:00,0.0
04/13/2023 20:30,0.0
04/13/2023 21:00,0.0
04/13/2023 21:30,0.0
04/13/2023 22:00,0.0
04/13/2023 22:30,0.0
04/13/2023 23:00,0.0
04/13/2023 23:30,0.0
04/14/2023 00:00,0.0
04/14/2023 00:30,0.0
04/14/2023 01:00,0.0
04/14/2023 01:30,0.0
04/14/2023 02:00,0.0
04/14/2023 02:30,0.0
04/14/2023 03:00,0.0
04/14/2023 03:30,0.0
04/14/2023 04:00,0.0
04/14/2023 04:30,0.0
04/14/2023 05:00,0.0
04/14/2023 05:30,0.0
04/14/2023 06:00,0.0
04/14/2023 06:30,0.0
04/14/2023 07:00,0.0
04/14/2023 07:30,0.0
04/14/2023 08:00,0.0
04/14/2023 08:30,0.0
04/14/2023 09:00,0.0
04/14/2023 09:30,0.0
04/14/2023 10:00,0.0
04/14/2023 10:30,0.0
04/14/2023 11:00,0.0
04/14/2023 11:30,0.0
04/14/2023 12:00,0.0
04/14/2023 12:30,0.0
04/14/2023 13:00,0.0
04/14/2023 13:30,0.0
04/14/2023 14:00,0.0
04/14/2023 14:30,0.0
04/14/2023 15:00,0.0
04/14/2023 15:30,0.0
04/14/2023 16:00,0.0
04/14/2023 16:30,0.0
04/14/2023 17:00,0.0
04/14/2023 17:30,0.0
04/14/2023 18:00,0.0
04/14/2023 18:30,0.0
04/14/2023 19:00,0.0
04/14/2023 19:30,0.0
04/14/2023 20:00,0.0
04/14/2023 20:30,0.0
04/14/2023 21:00,0.0
04/14/2023 21:30,0.0
04/14/2023 22:00,0.0
04/14/2023 22:30,0.0
04/14/2023 23:00,0.0
04/14/2023 23:30,0.0
04/15/2023 00:00,0.0
04/15/2023 00:30,0.0
04/15/2023 01:00,0.0
04/15/2023 01:30,0.0
04/15/2023 02:00,0.0
04/15/2023 02:30,0.0
04/15/2023 03:00,0.0
04/15/2023 03:30,0.0
04/15/2023 04:00,0.0
04/15/2023 04:30,0.0
04/15/2023 05:00,0.0
04/15/2023 05:30,0.0
04/15/2023 06:00,0.0
04/15/2023 06:30,0.0
04/15/2023 07:00,0.0
04/15/2023 07:30,0.0
04/15/2023 08:00,0.0
04/15/2023 08:30,0.0
04/15/2023 09:00,0.0
04/15/2023 09:30,0.0
04/15/2023 10:00,0.0
04/15/2023 10:30,0.0
04/15/2023 11:00,0.0
04/15/2023 11:30,0.0
04/15/2023 12:00,0.0
04/15/2023 12:30,0.0
04/15/2023 13:00,0.0
04/15/2023 13:30,0.0
04/15/2023 14:00,0.0
04/15/2023 14:30,0.0
04/15/2023 15:00,0.0
04/15/2023 15:30,0.0
04/15/2023 16:00,0.0
04/15/2023 16:30,0.0
04/15/2023 17:00,0.0
04/15/2023 17:30,0.0
04/15/2023 18:00,0.0
04/15/2023 18:30,0.0
04/15/2023 19:00,0.0
04/15/2023 19:30,0.0
04/15/2023 20:00,0.0
04/15/2023 20:30,0.0
04/15/2023 21:00,0.0
04/15/2023 21:30,0.0
04/15/2023 22:00,0.0
04/15/2023 22:30,0.0
04/15/2023 23:00,0.0
04/15/2023 23:30,0.0
04/16/2023 00:00,0.0
04/16/2023 00:30,0.0
04/16/2023 01:00,0.0
04/16/2023 01:30,0.0
04/16/2023 02:00,0.0
04/16/2023 02:30,0.0
04/16/2023 03:00,0.0
04/16/2023 03:30,0.0
04/16/2023 04:00,0.0
04/16/2023 04:30,0.0
04/16/2023 05:00,0.0
04/16/2023 05:30,0.0
04/16/2023 06:00,0.0
04/16/2023 06:30,0.0
04/16/2023 07:00,0.0
04/16/2023 07:30,0.0
04/16/2023 08:00,0.0
04/16/2023 08:30,0.0
04/16/2023 09:00,0.0
04/16/2023 09:30,0.0
04/16/2023 10:00,0.0
04/16/2023 10:30,0.0
04/16/2023 11:00,0.0
04/16/2023 11:30,0.0
04/16/2023 12:00,0.0
04/16/2023 12:30,0.0
04/16/2023 13:00,0.0
04/16/2023 13:30,0.0
04/16/2023 14:00,0.0
04/16/2023 14:30,0.0
04/16/2023 15:00,0.0
04/16/2023 15:30,0.0
04/16/2023 16:00,0.0
04/16/2023 16:30,0.0
04/16/2023 17:00,0.0
04/16/2023 17:30,0.0
04/16/2023 18:00,0.0
04/16/2023 18:30,0.0
04/16/2023 19:00,0.0
04/16/2023 19:30,0.0
04/16/2023 20:00,0.0
04/16/2023 20:30,0.0
04/16/2023 21:00,0.0
04/16/2023 21:30,0.0
04/16/2023 22:00,0.0
04/16/2023 22:30,0.0
04/16/2023 23:00,0.0
04/16/2023 23:30,0.0
04/17/2023 00:00,0.0
04/17/2023 00:30,0.0
04/17/2023 01:00,0.0
04/17/2023 01:30,0.0
04/17/2023 02:00,0.0
04/17/2023 02:30,0.0
04/17/2023 03:00,0.0
04/17/2023 03:30,0.0
04/17/2023 04:00,0.0
04/17/2023 04:30,0.0
04/17/2023 05:00,0.0
04/17/2023 05:30,0.0
04/17/2023 06:00,0.0
04/17/2023 06:30,0.0
04/17/2023 07:00,0.0
04/17/2023 07:30,0.0
04/17/2023 08:00,0.0
04/17/2023 08:30,0.0
04/17/2023 09:00,0.0
04/17/2023 09:30,0.0
04/17/2023 10:00,0.0
04/17/2023 10:30,0.0
04/17/2023 11:00,0.0
04/17/2023 11:30,0.0
04/17/2023 12:00,0.0
04/17/2023 12:30,0.0
04/17/2023 13:00,0.0
04/17/2023 13:30,0.0
04/17/2023 14:00,0.0
04/17/2023 14:30,0.0
04/17/2023 15:00,0.0
04/17/2023 15:30,0.0
04/17/2023 16:00,0.0
04/17/2023 16:30,0.0
04/17/2023 17:00,0.0
04/17/2023 17:30,0.0
04/17/2023 18:00,0.0
04/17/2023 18:30,0.0
04/17/2023 19:00,0.0
04/17/2023 19:30,0.0
04/17/2023 20:00,0.0
04/17/2023 20:30,0.0
04/17/2023 21:00,0.0
04/17/2023 21:30,0.0
04/17/2023 22:00,0.0
04/17/2023 22:30,0.0
04/17/2023 23:00,0.0
04/17/2023 23:30,0.0
04/18/2023 00:00,0.0
04/18/2023 00:30,0.0
04/18/2023 01:00,0.0
04/18/2023 01:30,0.0
04/18/2023 02:00,0.0
04/18/2023 02:30,0.0
04/18/2023 03:00,0.0
04/18/2023 03:30,0.0
04/18/2023 04:00,0.0
04/18/2023 04:30,0.0
04/18/2023 05:00,0.0
04/18/2023 05:30,0.0
04/18/2023 06:00,0.0
04/18/2023 06:30,0.0
04/18/2023 07:00,0.0
04/18/2023 07:30,0.0
04/18/2023 08:00,0.0
04/18/2023 08:30,0.0
04/18/2023 09:00,0.0
04/18/2023 09:30,0.0
04/18/2023 10:00,0.0
04/18/2023 10:30,0.0
04/18/2023 11:00,0.0
04/18/2023 11:30,0.0
04/18/2023 12:00,0.0
04/18/2023 12:30,0.0
04/18/2023 13:00,0.0
04/18/2023 13:30,0.0
04/18/2023 14:00,0.0
04/18/2023 14:30,0.0
04/18/2023 15:00,0.0
04/18/2023 15:30,0.0
04/18/2023 16:00,0.0
04/18/2023 16:30,0.0
04/18/2023 17:00,0.0
04/18/2023 17:30,0.0
04/18/2023 18:00,0.0
04/18/2023 18:30,0.0
04/18/2023 19:00,0.0
04/18/2023 19:30,0.0
04/18/2023 20:00,0.0
04/18/2023 20:30,0.0
04/18/2023 21:00,0.0
04/18/2023 21:30,0.0
04/18/2023 22:00,0.0
04/18/2023 22:30,0.0
04/18/2023 23:00,0.0
04/18/2023 23:30,0.0
04/19/2023 00:00,0.0
04/19/2023 00:30,0.0
04/19/2023 01:00,0.0
04/19/2023 01:30,0.0
04/19/2023 02:00,0.0
04/19/2023 02:30,0.0
04/19/2023 03:00,0.0
04/19/2023 03:30,0.0
04/19/2023 04:00,0.0
04/19/2023 04:30,0.0
04/19/2023 05:00,0.0
04/19/2023 05:30,0.0
04/19/2023 06:00,0.0
04/19/2023 06:30,0.0
04/19/2023 07:00,0.0
04/19/2023 07:30,0.0
04/19/2023 08:00,0.0
04/19/2023 08:30,0.0
04/19/2023 09:00,0.0
04/19/2023 09:30,0.0
04/19/2023 10:00,0.0
04/19/2023 10:30,0.0
04/19/2023 11:00,0.0
04/19/2023 11:30,0.0
04/19/2023 12:00,0.0
04/19/2023 12:30,0.0
04/19/2023 13:00,0.0
04/19/2023 13:30,0.0
04/19/2023 14:00,0.0
04/19/2023 14:30,0.0
04/19/2023 15:00,0.0
04/19/2023 15:30,0.0
04/19/2023 16:00,0.0
04/19/2023 16:30,0.0
04/19/2023 17:00,0.0
04/19/2023 17:30,0.0
04/19/2023 18:00,0.0
04/19/2023 18:30,0.0
04/19/2023 19:00,0.0
04/19/2023 19:30,0.0
04/19/2023 20:00,0.0
04/19/2023 20:30,0.0
04/19/2023 21:00,0.0
04/19/2023 21:30,0.0
04/19/2023 22:00,0.0
04/19/2023 22:30,0.0
04/19/2023 23:00,0.0
04/19/2023 23:30,0.0
04/20/2023 00:00,0.0
04/20/2023 00:30,0.0
04/20/2023 01:00,0.0
04/20/2023 01:30,0.0
04/20/2023 02:00,0.0
04/20/2023 02:30,0.0
04/20/2023 03:00,0.0
04/20/2023 03:30,0.0
04/20/2023 04:00,0.0
04/20/2023 04:30,0.0
04/20/2023 05:00,0.0
04/20/2023 05:30,0.0
04/20/2023 06:00,0.0
04/20/2023 06:30,0.0
04/20/2023 07:00,0.0
04/20/2023 07:30,0.0
04/20/2023 08:00,0.0
04/20/2023 08:30,0.0
04/20/2023 09:00,0.0
04/20/2023 09:30,0.0
04/20/2023 10:00,0.0
04/20/2023 10:30,0.0
04/20/2023 11:00,0.0
04/20/2023 11:30,0.0
04/20/2023 12:00,0.0
04/20/2023 12:30,0.0
04/20/2023 13:00,0.0
04/20/2023 13:30,0.0
04/20/2023 14:00,0.0
04/20/2023 14:30,0.0
04/20/2023 15:00,0.0
04/20/2023 15:30,0.0
04/20/2023 16:00,0.0
04/20/2023 16:30,0.0
04/20/2023 17:00,0.0
04/20/2023 17:30,0.0
04/20/2023 18:00,0.0
04/20/2023 18:30,0.0
04/20/2023 19:00,0.0
04/20/2023 19:30,0.0
04/20/2023 20:00,0.0
04/20/2023 20:30,0.0
04/20/2023 21:00,0.0
04/20/2023 21:30,0.0
04/20/2023 22:00,0.0
04/20/2023 22:30,0.0
04/20/2023 23:00,0.0
04/20/2023 23:30,0.0
04/21/2023 00:00,0.0
04/21/2023 00:30,0.0
04/21/2023 01:00,0.0
04/21/2023 01:30,0.0
04/21/2023 02:00,0.0
04/21/2023 02:30,0.0
04/21/2023 03:00,0.0
04/21/2023 03:30,0.0
04/21/2023 04:00,0.0
04/21/2023 04:30,0.0
04/21/2023 05:00,0.0
04/21/2023 05:30,0.0
04/21/2023 06:00,0.0
04/21/2023 06:30,0.0
04/21/2023 07:00,0.0
04/21/2023 07:30,0.0
04/21/2023 08:00,0.0
04/21/2023 08:30,0.0
04/21/2023 09:00,0.0
04/21/2023 09:30,0.0
04/21/2023 10:00,0.0
04/21/2023 10:30,0.0
04/21/2023 11:00,0.0
04/21/2023 11:30,0.0
04/21/2023 12:00,0.0
04/21/2023 12:30,0.0
04/21/2023 13:00,0.0
04/21/2023 13:30,0.0
04/21/2023 14:00,0.0
04/21/2023 14:30,0.0
04/21/2023 15:00,0.0
04/21/2023 15:30,0.0
04/21/2023 16:00,0.0
04/21/2023 16:30,0.0
04/21/2023 17:00,0.0
04/21/2023 17:30,0.0
04/21/2023 18:00,0.0
04/21/2023 18:30,0.0
04/21/2023 19:00,0.0
04/21/2023 19:30,0.0
04/21/2023 20:00,0.0
04/21/2023 20:30,0.0
04/21/2023 21:00,0.0
04/21/2023 21:30,0.0
04/21/2023 22:00,0.0
04/21/2023 22:30,0.0
04/21/2023 23:00,0.0
04/21/2023 23:30,0.0
04/22/2023 00:00,0.0
04/22/2023 00:30,0.0
04/22/2023 01:00,0.0
04/22/2023 01:30,0.0
04/22/2023 02:00,0.0
04/22/2023 02:30,0.0
04/22/2023 03:00,0.0
04/22/2023 03:30,0.0
04/22/2023 04:00,0.0
04/22/2023 04:30,0.0
04/22/2023 05:00,0.0
04/22/2023 05:30,0.0
04/22/2023 06:00,0.0
04/22/2023 06:30,0.0
04/22/2023 07:00,0.0
04/22/2023 07:30,0.0
04/22/2023 08:00,0.0
04/22/2023 08:30,0.0
04/22/2023 09:00,0.0
04/22/2023 09:30,0.0
04/22/2023 10:00,0.0
04/22/2023 10:30,0.0
04/22/2023 11:00,0.0
04/22/2023 11:30,0.0
04/22/2023 12:00,0.0
04/22/2023 12:30,0.0
04/22/2023 13:00,0.0
04/22/2023 13:30,0.0
04/22/2023 14:00,0.0
04/22/2023 14:30,0.0
04/22/2023 15:00,0.0
04/22/2023 15:30,0.0
04/22/2023 16:00,0.0
04/22/2023 16:30,0.0
04/22/2023 17:00,0.0
04/22/2023 17:30,0.0
04/22/2023 18:00,0.0
04/22/2023 18:30,0.0
04/22/2023 19:00,0.0
04/22/2023 19:30,0.0
04/22/2023 20:00,0.0
04/22/2023 20:30,0.0
04/22/2023 21:00,0.0
04/22/2023 21:30,0.0
04/22/2023 22:00,0.0
04/22/2023 22:30,0.0
04/22/2023 23:00,0.0
04/22/2023 23:30,0.0
04/23/2023 00:00,0.0
04/23/2023 00:30,0.0
04/23/2023 01:00,0.0
04/23/2023 01:30,0.0
04/23/2023 02:00,0.0
04/23/2023 02:30,0.0
04/23/2023 03:00,0.0
04/23/2023 03:30,0.0
04/23/2023 04:00,0.0
04/23/2023 04:30,0.0
04/23/2023 05:00,0.0
04/23/2023 05:30,0.0
04/23/2023 06:00,0.0
04/23/2023 06:30,0.0
04/23/2023 07:00,0.0
04/23/2023 07:30,0.0
04/23/2023 08:00,0.0
04/23/2023 08:30,0.0
04/23/2023 09:00,0.0
04/23/2023 09:30,0.0
04/23/2023 10:00,0.0
04/23/2023 10:30,0.0
04/23/2023 11:00,0.0
04/23/2023 11:30,0.0
04/23/2023 12:00,0.0
04/23/2023 12:30,0.0
04/23/2023 13:00,0.0
04/23/2023 13:30,0.0
04/23/2023 14:00,0.0
04/23/2023 14:30,0.0
04/23/2023 15:00,0.0
04/23/2023 15:30,0.0
04/23/2023 16:00,0.0
04/23/2023 16:30,0.0
04/23/2023 17:00,0.0
04/23/2023 17:30,0.0
04/23/2023 18:00,0.0
04/23/2023 18:30,0.0
04/23/2023 19:00,0.0
04/23/2023 19:30,0.0
04/23/2023 20:00,0.0
04/23/2023 20:30,0.0
04/23/2023 21:00,0.0
04/23/2023 21:30,0.0
04/23/2023 22:00,0.0
04/23/2023 22:30,0.0
04/23/2023 23:00,0.0
04/23/2023 23:30,0.0
04/24/2023 00:00,0.0
04/24/2023 00:30,0.0
04/24/2023 01:00,0.0
04/24/2023 01:30,0.0
04/24/2023 02:00,0.0
04/24/2023 02:30,0.0
04/24/2023 03:00,0.0
04/24/2023 03:30,0.0
04/24/2023 04:00,0.0
04/24/2023 04:30,0.0
04/24/2023 05:00,0.0
04/24/2023 05:30,0.0
04/24/2023 06:00,0.0
04/24/2023 06:30,0.0
04/24/2023 07:00,0.0
04/24/2023 07:30,0.0
04/24/2023 08:00,0.0
04/24/2023 08:30,0.0
04/24/2023 09:00,0.0
04/24/2023 09:30,0.0
04/24/2023 10:00,0.0
04/24/2023 10:30,0.0
04/24/2023 11:00,0.0
04/24/2023 11:30,0.0
04/24/2023 12:00,0.0
04/24/2023 12:30,0.0
04/24/2023 13:00,0.0
04/24/2023 13:30,0.0
04/24/2023 14:00,0.0
04/24/2023 14:30,0.0
04/24/2023 15:00,0.0
04/24/2023 15:30,0.0
04/24/2023 16:00,0.0
04/24/2023 16:30,0.0
04/24/2023 17:00,0.0
04/24/2023 17:30,0.0
04/24/2023 18:00,0.0
04/24/2023 18:30,0.0
04/24/2023 19:00,0.0
04/24/2023 19:30,0.0
04/24/2023 20:00,0.0
04/24/2023 20:30,0.0
04/24/2023 21:00,0.0
04/24/2023 21:30,0.0
04/24/2023 22:00,0.0
04/24/2023 22:30,0.0
04/24/2023 23:00,0.0
04/24/2023 23:30,0.0
04/25/2023 00:00,0.0
04/25/2023 00:30,0.0
04/25/2023 01:00,0.0
04/25/2023 01:30,0.0
04/25/2023 02:00,0.0
04/25/2023 02:30,0.0
04/25/2023 03:00,0.0
04/25/2023 03:30,0.0
04/25/2023 04:00,0.0
04/25/2023 04:30,0.0
04/25/2023 05:00,0.0
04/25/2023 05:30,0.0
04/25/2023 06:00,0.0
04/25/2023 06:30,0.0
04/25/2023 07:00,0.0
04/25/2023 07:30,0.0
04/25/2023 08:00,0.0
04/25/2023 08:30,0.0
04/25/2023 09:00,0.0
04/25/2023 09:30,0.0
04/25/2023 10:00,0.0
04/25/2023 10:30,0.0
04/25/2023 11:00,0.0
04/25/2023 11:30,0.0
04/25/2023 12:00,0.0
04/25/2023 12:30,0.0
04/25/2023 13:00,0.0
04/25/2023 13:30,0.0
04/25/2023 14:00,0.0
04/25/2023 14:30,0.0
04/25/2023 15:00,0.0
04/25/2023 15:30,0.0
04/25/2023 16:00,0.0
04/25/2023 16:30,0.0
04/25/2023 17:00,0.0
04/25/2023 17:30,0.0
04/25/2023 18:00,0.0
04/25/2023 18:30,0.0
04/25/2023 19:00,0.0
04/25/2023 19:30,0.0
04/25/2023 20:00,0.0
04/25/2023 20:30,0.0
04/25/2023 21:00,0.0
04/25/2023 21:30,0.0
04/25/2023 22:00,0.0
04/25/2023 22:30,0.0
04/25/2023 23:00,0.0
04/25/2023 23:30,0.0
04/26/2023 00:00,0.0
04/26/2023 00:30,0.0
04/26/2023 01:00,0.0
04/26/2023 01:30,0.0
04/26/2023 02:00,0.0
04/26/2023 02:30,0.0
04/26/2023 03:00,0.0
04/26/2023 03:30,0.0
04/26/2023 04:00,0.0
04/26/2023 04:30,0.0
04/26/2023 05:00,0.0
04/26/2023 05:30,0.0
04/26/2023 06:00,0.0
04/26/2023 06:30,0.0
04/26/2023 07:00,0.0
04/26/2023 07:30,0.0
04/26/2023 08:00,0.0
04/26/2023 08:30,0.0
04/26/2023 09:00,0.0
04/26/2023 09:30,0.0
04/26/2023 10:00,0.0
04/26/2023 10:30,0.0
04/26/2023 11:00,0.0
04/26/2023 11:30,0.0
04/26/2023 12:00,0.0
04/26/2023 12:30,0.0
04/26/2023 13:00,0.0
04/26/2023 13:30,0.0
04/26/2023 14:00,0.0
04/26/2023 14:30,0.0
04/26/2023 15:00,0.0
04/26/2023 15:30,0.0
04/26/2023 16:00,0.0
04/26/2023 16:30,0.0
04/26/2023 17:00,0.0
04/26/2023 17:30,0.0
04/26/2023 18:00,0.0
04/26/2023 18:30,0.0
04/26/2023 19:00,0.0
04/26/2023 19:30,0.0
04/26/2023 20:00,0.0
04/26/2023 20:30,0.0
04/26/2023 21:00,0.0
04/26/2023 21:30,0.0
04/26/2023 22:00,0.0
04/26/2023 22:30,0.0
04/26/2023 23:00,0.0
04/26/2023 23:30,0.0
04/27/2023 00:00,0.0
04/27/2023 00:30,0.0
04/27/2023 01:00,0.0
04/27/2023 01:30,0.0
04/27/2023 02:00,0.0
04/27/2023 02:30,0.0
04/27/2023 03:00,0.0
04/27/2023 03:30,0.0
04/27/2023 04:00,0.0
04/27/2023 04:30,0.0
04/27/2023 05:00,0.0
04/27/2023 05:30,0.0
04/27/2023 06:00,0.0
04/27/2023 06:30,0.0
04/27/2023 07:00,0.0
04/27/2023 07:30,0.0
04/27/2023 08:00,0.0
04/27/2023 08:30,0.0
04/27/2023 09:00,0.0
04/27/2023 09:30,0.0
04/27/2023 10:00,0.0
04/27/2023 10:30,0.0
04/27/2023 11:00,0.0
04/27/2023 11:30,0.0
04/27/2023 12:00,0.0
04/27/2023 12:30,0.0
04/27/2023 13:00,0.0
04/27/2023 13:30,0.0
04/27/2023 14:00,0.0
04/27/2023 14:30,0.0
04/27/2023 15:00,0.0
04/27/2023 15:30,0.0
04/27/2023 16:00,0.0
04/27/2023 16:30,0.0
04/27/2023 17:00,0.0
04/27/2023 17:30,0.0
04/27/2023 18:00,0.0
04/27/2023 18:30,0.0
04/27/2023 19:00,0.0
04/27/2023 19:30,0.0
04/27/2023 20:00,0.0
04/27/2023 20:30,0.0
04/27/2023 21:00,0.0
04/27/2023 21:30,0.0
04/27/2023 22:00,0.0
04/27/2023 22:30,0.0
04/27/2023 23:00,0.0
04/27/2023 23:30,0.0
04/28/2023 00:00,0.0
04/28/2023 00:30,0.0
04/28/2023 01:00,0.0
04/28/2023 01:30,0.0
04/28/2023 02:00,0.0
04/28/2023 02:30,0.0
04/28/2023 03:00,0.0
04/28/2023 03:30,0.0
04/28/2023 04:00,0.0
04/28/2023 04:30,0.0
04/28/2023 05:00,0.0
04/28/2023 05:30,0.0
04/28/2023 06:00,0.0
04/28/2023 06:30,0.0
04/28/2023 07:00,0.0
04/28/2023 07:30,0.0
04/28/2023 08:00,0.0
04/28/2023 08:30,0.0
04/28/2023 09:00,0.0
04/28/2023 09:30,0.0
04/28/2023 10:00,0.0
04/28/2023 10:30,0.0
04/28/2023 11:00,0.0
04/28/2023 11:30,0.0
04/28/2023 12:00,0.0
04/28/2023 12:30,0.0
04/28/2023 13:00,0.0
04/28/2023 13:30,0.0
04/28/2023 14:00,0.0
04/28/2023 14:30,0.0
04/28/2023 15:00,0.0
04/28/2023 15:30,0.0
04/28/2023 16:00,0.0
04/28/2023 16:30,0.0
04/28/2023 17:00,0.0
04/28/2023 17:30,0.0
04/28/2023 18:00,0.0
04/28/2023 18:30,0.0
04/28/2023 19:00,0.0
04/28/2023 19:30,0.0
04/28/2023 20:00,0.0
04/28/2023 20:30,0.0
04/28/2023 21:00,0.0
04/28/2023 21:30,0.0
04/28/2023 22:00,0.0
04/28/2023 22:30,0.0
04/28/2023 23:00,0.0
04/28/2023 23:30,0.0
04/29/2023 00:00,0.0
04/29/2023 00:30,0.0
04/29/2023 01:00,0.0
04/29/2023 01:30,0.0
04/29/2023 02:00,0.0
04/29/2023 02:30,0.0
04/29/2023 03:00,0.0
04/29/2023 03:30,0.0
04/29/2023 04:00,0.0
04/29/2023 04:30,0.0
04/29/2023 05:00,0.0
04/29/2023 05:30,0.0
04/29/2023 06:00,0.0
04/29/2023 06:30,0.0
04/29/2023 07:00,0.0
04/29/2023 07:30,0.0
04/29/2023 08:00,0.0
04/29/2023 08:30,0.0
04/29/2023 09:00,0.0
04/29/2023 09:30,0.0
04/29/2023 10:00,0.0
04/29/2023 10:30,0.0
04/29/2023 11:00,0.0
04/29/2023 11:30,0.0
04/29/2023 12:00,0.0
04/29/2023 12:30,0.0
04/29/2023 13:00,0.0
04/29/2023 13:30,0.0
04/29/2023 14:00,0.0
04/29/2023 14:30,0.0
04/29/2023 15:00,0.0
04/29/2023 15:30,0.0
04/29/2023 16:00,0.0
04/29/2023 16:30,0.0
04/29/2023 17:00,0.0
04/29/2023 17:30,0.0
04/29/2023 18:00,0.0
04/29/2023 18:30,0.0
04/29/2023 19:00,0.0
04/29/2023 19:30,0.0
04/29/2023 20:00,0.0
04/29/2023 20:30,0.0
04/29/2023 21:00,0.0
04/29/2023 21:30,0.0
04/29/2023 22:00,0.0
04/29/2023 22:30,0.0
04/29/2023 23:00,0.0
04/29/2023 23:30,0.0
04/30/2023 00:00,0.0
04/30/2023 00:30,0.0
04/30/2023 01:00,0.0
04/30/2023 01:30,0.0
04/30/2023 02:00,0.0
04/30/2023 02:30,0.0
04/30/2023 03:00,0.0
04/30/2023 03:30,0.0
04/30/2023 04:00,0.0
04/30/2023 04:30,0.0
04/30/2023 05:00,0.0
04/30/2023 05:30,0.0
04/30/2023 06:00,0.0
04/30/2023 06:30,0.0
04/30/2023 07:00,0.0
04/30/2023 07:30,0.0
04/30/2023 08:00,0.0
04/30/2023 08:30,0.0
04/30/2023 09:00,0.0
04/30/2023 09:30,0.0
04/30/2023 10:00,0.0
04/30/2023 10:30,0.0
04/30/2023 11:00,0.0
04/30/2023 11:30,0.0
04/30/2023 12:00,0.0
04/30/2023 12:30,0.0
04/30/2023 13:00,0.0
04/30/2023 13:30,0.0
04/30/2023 14:00,0.0
04/30/2023 14:30,0.0
04/30/2023 15:00,0.0
04/30/2023 15:30,0.0
04/30/2023 16:00,0.0
04/30/2023 16:30,0.0
04/30/2023 17:00,0.0
04/30/2023 17:30,0.0
04/30/2023 18:00,0.0
04/30/2023 18:30,0.0
04/30/2023 19:00,0.0
04/30/2023 19:30,0.0
04/30/2023 20:00,0.0
04/30/2023 20:30,0.0
04/30/2023 21:00,0.0
04/30/2023 21:30,0.0
04/30/2023 22:00,0.0
04/30/2023 22:30,0.0
04/30/2023 23:00,0.0
04/30/2023 23:30,0.0
05/01/2023 00:00,0.0
05/01/2023 00:30,0.0
05/01/2023 01:00,0.0
05/01/2023 01:30,0.0
05/01/2023 02:00,0.0
05/01/2023 02:30,0.0
05/01/2023 03:00,0.0
05/01/2023 03:30,0.0
05/01/2023 04:00,0.0
05/01/2023 04:30,0.0
05/01/2023 05:00,0.0
05/01/2023 05:30,0.0
05/01/2023 06:00,0.0
05/01/2023 06:30,0.0
05/01/2023 07:00,0.0
05/01/2023 07:30,0.0
05/01/2023 08:00,0.0
05/01/2023 08:30,0.0
05/01/2023 09:00,0.0
05/01/2023 09:30,0.0
05/01/2023 10:00,0.0
05/01/2023 10:30,0.0
05/01/2023 11:00,0.0
05/01/2023 11:30,0.0
05/01/2023 12:00,0.0
05/01/2023 12:30,0.0
05/01/2023 13:00,0.0
05/01/2023 13:30,0.0
05/01/2023 14:00,0.0
05/01/2023 14:30,0.0
05/01/2023 15:00,0.0
05/01/2023 15:30,0.0
05/01/2023 16:00,0.0
05/01/2023 16:30,0.0
05/01/2023 17:00,0.0
05/01/2023 17:30,0.0
05/01/2023 18:00,0.0
05/01/2023 18:30,0.0
05/01/2023 19:00,0.0
05/01/2023 19:30,0.0
05/01/2023 20:00,0.0
05/01/2023 20:30,0.0
05/01/2023 21:00,0.0
05/01/2023 21:30,0.0
05/01/2023 22:00,0.0
05/01/2023 22:30,0.0
05/01/2023 23:00,0.0
05/01/2023 23:30,0.0
05/02/2023 00:00,0.0
05/02/2023 00:30,0.0
05/02/2023 01:00,0.0
05/02/2023 01:30,0.0
05/02/2023 02:00,0.0
05/02/2023 02:30,0.0
05/02/2023 03:00,0.0
05/02/2023 03:30,0.0
05/02/2023 04:00,0.0
05/02/2023 04:30,0.0
05/02/2023 05:00,0.0
05/02/2023 05:30,0.0
05/02/2023 06:00,0.0
05/02/2023 06:30,0.0
05/02/2023 07:00,0.0
05/02/2023 07:30,0.0
05/02/2023 08:00,0.0
05/02/2023 08:30,0.0
05/02/2023 09:00,0.0
05/02/2023 09:30,0.0
05/02/2023 10:00,0.0
05/02/2023 10:30,0.0
05/02/2023 11:00,0.0
05/02/2023 11:30,0.0
05/02/2023 12:00,0.0
05/02/2023 12:30,0.0
05/02/2023 13:00,0.0
05/02/2023 13:30,0.0
05/02/2023 14:00,0.0
05/02/2023 14:30,0.0
05/02/2023 15:00,0.0
05/02/2023 15:30,0.0
05/02/2023 16:00,0.0
05/02/2023 16:30,0.0
05/02/2023 17:00,0.0
05/02/2023 17:30,0.0
05/02/2023 18:00,0.0
05/02/2023 18:30,0.0
05/02/2023 19:00,0.0
05/02/2023 19:30,0.0
05/02/2023 20:00,0.0
05/02/2023 20:30,0.0
05/02/2023 21:00,0.0
05/02/2023 21:30,0.0
05/02/2023 22:00,0.0
05/02/2023 22:30,0.0
05/02/2023 23:00,0.0
05/02/2023 23:30,0.0
05/03/2023 00:00,0.0
05/03/2023 00:30,0.0
05/03/2023 01:00,0.0
05/03/2023 01:30,0.0
05/03/2023 02:00,0.0
05/03/2023 02:30,0.0
05/03/2023 03:00,0.0
05/03/2023 03:30,0.0
05/03/2023 04:00,0.0
05/03/2023 04:30,0.0
05/03/2023 05:00,0.0
05/03/2023 05:30,0.0
05/03/2023 06:00,0.0
05/03/2023 06:30,0.0
05/03/2023 07:00,0.0
05/03/2023 07:30,0.0
05/03/2023 08:00,0.0
05/03/2023 08:30,0.0
05/03/2023 09:00,0.0
05/03/2023 09:30,0.0
05/03/2023 10:00,0.0
05/03/2023 10:30,0.0
05/03/2023 11:00,0.0
05/03/2023 11:30,0.0
05/03/2023 12:00,0.0
05/03/2023 12:30,0.0
05/03/2023 13:00,0.0
05/03/2023 13:30,0.0
05/03/2023 14:00,0.0
05/03/2023 14:30,0.0
05/03/2023 15:00,0.0
05/03/2023 15:30,0.0
05/03/2023 16:00,0.0
05/03/2023 16:30,0.0
05/03/2023 17:00,0.0
05/03/2023 17:30,0.0
05/03/2023 18:00,0.0
05/03/2023 18:30,0.0
05/03/2023 19:00,0.0
05/03/2023 19:30,0.0
05/03/2023 20:00,0.0
05/03/2023 20:30,0.0
05/03/2023 21:00,0.0
05/03/2023 21:30,0.0
05/03/2023 22:00,0.0
05/03/2023 22:30,0.0
05/03/2023 23:00,0.0
05/03/2023 23:30,0.0
05/04/2023 00:00,0.0
05/04/2023 00:30,0.0
05/04/2023 01:00,0.0
05/04/2023 01:30,0.0
05/04/2023 02:00,0.0
05/04/2023 02:30,0.0
05/04/2023 03:00,0.0
05/04/2023 03:30,0.0
05/04/2023 04:00,0.0
05/04/2023 04:30,0.0
05/04/2023 05:00,0.0
05/04/2023 05:30,0.0
05/04/2023 06:00,0.0
05/04/2023 06:30,0.0
05/04/2023 07:00,0.0
05/04/2023 07:30,0.0
05/04/2023 08:00,0.0
05/04/2023 08:30,0.0
05/04/2023 09:00,0.0
05/04/2023 09:30,0.0
05/04/2023 10:00,0.0
05/04/2023 10:30,0.0
05/04/2023 11:00,0.0
05/04/2023 11:30,0.0
05/04/2023 12:00,0.0
05/04/2023 12:30,0.0
05/04/2023 13:00,0.0
05/04/2023 13:30,0.0
05/04/2023 14:00,0.0
05/04/2023 14:30,0.0
05/04/2023 15:00,0.0
05/04/2023 15:30,0.0
05/04/2023 16:00,0.0
05/04/2023 16:30,0.0
05/04/2023 17:00,0.0
05/04/2023 17:30,0.0
05/04/2023 18:00,0.0
05/04/2023 18:30,0.0
05/04/2023 19:00,0.0
05/04/2023 19:30,0.0
05/04/2023 20:00,0.0
05/04/2023 20:30,0.0
05/04/2023 21:00,0.0
05/04/2023 21:30,0.0
05/04/2023 22:00,0.0
05/04/2023 22:30,0.0
05/04/2023 23:00,0.0
05/04/2023 23:30,0.0
05/05/2023 00:00,0.0
05/05/2023 00:30,0.0
05/05/2023 01:00,0.0
05/05/2023 01:30,0.0
05/05/2023 02:00,0.0
05/05/2023 02:30,0.0
05/05/2023 03:00,0.0
05/05/2023 03:30,0.0
05/05/2023 04:00,0.0
05/05/2023 04:30,0.0
05/05/2023 05:00,0.0
05/05/2023 05:30,0.0
05/05/2023 06:00,0.0
05/05/2023 06:30,0.0
05/05/2023 07:00,0.0
05/05/2023 07:30,0.0
05/05/2023 08:00,0.0
05/05/2023 08:30,0.0
05/05/2023 09:00,0.0
05/05/2023 09:30,0.0
05/05/2023 10:00,0.0
05/05/2023 10:30,0.0
05/05/2023 11:00,0.0
05/05/2023 11:30,0.0
05/05/2023 12:00,0.0
05/05/2023 12:30,0.0
05/05/2023 13:00,0.0
05/05/2023 13:30,0.0
05/05/2023 14:00,0.0
05/05/2023 14:30,0.0
05/05/2023 15:00,0.0
05/05/2023 15:30,0.0
05/05/2023 16:00,0.0
05/05/2023 16:30,0.0
05/05/2023 17:00,0.0
05/05/2023 17:30,0.0
05/05/2023 18:00,0.0
05/05/2023 18:30,0.0
05/05/2023 19:00,0.0
05/05/2023 19:30,0.0
05/05/2023 20:00,0.0
05/05/2023 20:30,0.0
05/05/2023 21:00,0.0
05/05/2023 21:30,0.0
05/05/2023 22:00,0.0
05/05/2023 22:30,0.0
05/05/2023 23:00,0.0
05/05/2023 23:30,0.0
05/06/2023 00:00,0.0
05/06/2023 00:30,0.0
05/06/2023 01:00,0.0
05/06/2023 01:30,0.0
05/06/2023 02:00,0.0
05/06/2023 02:30,0.0
05/06/2023 03:00,0.0
05/06/2023 03:30,0.0
05/06/2023 04:00,0.0
05/06/2023 04:30,0.0
05/06/2023 05:00,0.0
05/06/2023 05:30,0.0
05/06/2023 06:00,0.0
05/06/2023 06:30,0.0
05/06/2023 07:00,0.0
05/06/2023 07:30,0.0
05/06/2023 08:00,0.0
05/06/2023 08:30,0.0
05/06/2023 09:00,0.0
05/06/2023 09:30,0.0
05/06/2023 10:00,0.0
05/06/2023 10:30,0.0
05/06/2023 11:00,0.0
05/06/2023 11:30,0.0
05/06/2023 12:00,0.0
05/06/2023 12:30,0.0
05/06/2023 13:00,0.0
05/06/2023 13:30,0.0
05/06/2023 14:00,0.0
05/06/2023 14:30,0.0
05/06/2023 15:00,0.0
05/06/2023 15:30,0.0
05/06/2023 16:00,0.0
05/06/2023 16:30,0.0
05/06/2023 17:00,0.0
05/06/2023 17:30,0.0
05/06/2023 18:00,0.0
05/06/2023 18:30,0.0
05/06/2023 19:00,0.0
05/06/2023 19:30,0.0
05/06/2023 20:00,0.0
05/06/2023 20:30,0.0
05/06/2023 21:00,0.0
05/06/2023 21:30,0.0
05/06/2023 22:00,0.0
05/06/2023 22:30,0.0
05/06/2023 23:00,0.0
05/06/2023 23:30,0.0
05/07/2023 00:00,0.0
05/07/2023 00:30,0.0
05/07/2023 01:00,0.0
05/07/2023 01:30,0.0
05/07/2023 02:00,0.0
05/07/2023 02:30,0.0
05/07/2023 03:00,0.0
05/07/2023 03:30,0.0
05/07/2023 04:00,0.0
05/07/2023 04:30,0.0
05/07/2023 05:00,0.0
05/07/2023 05:30,0.0
05/07/2023 06:00,0.0
05/07/2023 06:30,0.0
05/07/2023 07:00,0.0
05/07/2023 07:30,0.0
05/07/2023 08:00,0.0
05/07/2023 08:30,0.0
05/07/2023 09:00,0.0
05/07/2023 09:30,0.0
05/07/2023 10:00,0.0
05/07/2023 10:30,0.0
05/07/2023 11:00,0.0
05/07/2023 11:30,0.0
05/07/2023 12:00,0.0
05/07/2023 12:30,0.0
05/07/2023 13:00,0.0
05/07/2023 13:30,0.0
05/07/2023 14:00,0.0
05/07/2023 14:30,0.0
05/07/2023 15:00,0.0
05/07/2023 15:30,0.0
05/07/2023 16:00,0.0
05/07/2023 16:30,0.0
05/07/2023 17:00,0.0
05/07/2023 17:30,0.0
05/07/2023 18:00,0.0
05/07/2023 18:30,0.0
05/07/2023 19:00,0.0
05/07/2023 19:30,0.0
05/07/2023 20:00,0.0
05/07/2023 20:30,0.0
05/07/2023 21:00,0.0
05/07/2023 21:30,0.0
05/07/2023 22:00,0.0
05/07/2023 22:30,0.0
05/07/2023 23:00,0.0
05/07/2023 23:30,0.0
05/08/2023 00:00,0.0
05/08/2023 00:30,0.0
05/08/2023 01:00,0.0
05/08/2023 01:30,0.0
05/08/2023 02:00,0.0
05/08/2023 02:30,0.0
05/08/2023 03:00,0.0
05/08/2023 03:30,0.0
05/08/2023 04:00,0.0
05/08/2023 04:30,0.0
05/08/2023 05:00,0.0
05/08/2023 05:30,0.0
05/08/2023 06:00,0.0
05/08/2023 06:30,0.0
05/08/2023 07:00,0.0
05/08/2023 07:30,0.0
05/08/2023 08:00,0.0
05/08/2023 08:30,0.0
05/08/2023 09:00,0.0
05/08/2023 09:30,0.0
05/08/2023 10:00,0.0
05/08/2023 10:30,0.0
05/08/2023 11:00,0.0
05/08/2023 11:30,0.0
05/08/2023 12:00,0.0
05/08/2023 12:30,0.0
05/08/2023 13:00,0.0
05/08/2023 13:30,0.0
05/08/2023 14:00,0.0
05/08/2023 14:30,0.0
05/08/2023 15:00,0.0
05/08/2023 15:30,0.0
05/08/2023 16:00,0.0
05/08/2023 16:30,0.0
05/08/2023 17:00,0.0
05/08/2023 17:30,0.0
05/08/2023 18:00,0.0
05/08/2023 18:30,0.0
05/08/2023 19:00,0.0
05/08/2023 19:30,0.0
05/08/2023 20:00,0.0
05/08/2023 20:30,0.0
05/08/2023 21:00,0.0
05/08/2023 21:30,0.0
05/08/2023 22:00,0.0
05/08/2023 22:30,0.0
05/08/2023 23:00,0.0
05/08/2023 23:30,0.0
05/09/2023 00:00,0.0
05/09/2023 00:30,0.0
05/09/2023 01:00,0.0
05/09/2023 01:30,0.0
05/09/2023 02:00,0.0
05/09/2023 02:30,0.0
05/09/2023 03:00,0.0
05/09/2023 03:30,0.0
05/09/2023 04:00,0.0
05/09/2023 04:30,0.0
05/09/2023 05:00,0.0
05/09/2023 05:30,0.0
05/09/2023 06:00,0.0
05/09/2023 06:30,0.0
05/09/2023 07:00,0.0
05/09/2023 07:30,0.0
05/09/2023 08:00,0.0
05/09/2023 08:30,0.0
05/09/2023 09:00,0.0
05/09/2023 09:30,0.0
05/09/2023 10:00,0.0
05/09/2023 10:30,0.0
05/09/2023 11:00,0.0
05/09/2023 11:30,0.0
05/09/2023 12:00,0.0
05/09/2023 12:30,0.0
05/09/2023 13:00,0.0
05/09/2023 13:30,0.0
05/09/2023 14:00,0.0
05/09/2023 14:30,0.0
05/09/2023 15:00,0.0
05/09/2023 15:30,0.0
05/09/2023 16:00,0.0
05/09/2023 16:30,0.0
05/09/2023 17:00,0.0
05/09/2023 17:30,0.0
05/09/2023 18:00,0.0
05/09/2023 18:30,0.0
05/09/2023 19:00,0.0
05/09/2023 19:30,0.0
05/09/2023 20:00,0.0
05/09/2023 20:30,0.0
05/09/2023 21:00,0.0
05/09/2023 21:30,0.0
05/09/2023 22:00,0.0
05/09/2023 22:30,0.0
05/09/2023 23:00,0.0
05/09/2023 23:30,0.0
05/10/2023 00:00,0.0
05/10/2023 00:30,0.0
05/10/2023 01:00,0.0
05/10/2023 01:30,0.0
05/10/2023 02:00,0.0
05/10/2023 02:30,0.0
05/10/2023 03:00,0.0
05/10/2023 03:30,0.0
05/10/2023 04:00,0.0
05/10/2023 04:30,0.0
05/10/2023 05:00,0.0
05/10/2023 05:30,0.0
05/10/2023 06:00,0.0
05/10/2023 06:30,0.0
05/10/2023 07:00,0.0
05/10/2023 07:30,0.0
05/10/2023 08:00,0.0
05/10/2023 08:30,0.0
05/10/2023 09:00,0.0
05/10/2023 09:30,0.0
05/10/2023 10:00,0.0
05/10/2023 10:30,0.0
05/10/2023 11:00,0.0
05/10/2023 11:30,0.0
05/10/2023 12:00,0.0
05/10/2023 12:30,0.0
05/10/2023 13:00,0.0
05/10/2023 13:30,0.0
05/10/2023 14:00,0.0
05/10/2023 14:30,0.0
05/10/2023 15:00,0.0
05/10/2023 15:30,0.0
05/10/2023 16:00,0.0
05/10/2023 16:30,0.0
05/10/2023 17:00,0.0
05/10/2023 17:30,0.0
05/10/2023 18:00,0.0
05/10/2023 18:30,0.0
05/10/2023 19:00,0.0
05/10/2023 19:30,0.0
05/10/2023 20:00,0.0
05/10/2023 20:30,0.0
05/10/2023 21:00,0.0
05/10/2023 21:30,0.0
05/10/2023 22:00,0.0
05/10/2023 22:30,0.0
05/10/2023 23:00,0.0
05/10/2023 23:30,0.0
05/11/2023 00:00,0.0
05/11/2023 00:30,0.0
05/11/2023 01:00,0.0
05/11/2023 01:30,0.0
05/11/2023 02:00,0.0
05/11/2023 02:30,0.0
05/11/2023 03:00,0.0
05/11/2023 03:30,0.0
05/11/2023 04:00,0.0
05/11/2023 04:30,0.0
05/11/2023 05:00,0.0
05/11/2023 05:30,0.0
05/11/2023 06:00,0.0
05/11/2023 06:30,0.0
05/11/2023 07:00,0.0
05/11/2023 07:30,0.0
05/11/2023 08:00,0.0
05/11/2023 08:30,0.0
05/11/2023 09:00,0.0
05/11/2023 09:30,0.0
05/11/2023 10:00,0.0
05/11/2023 10:30,0.0
05/11/2023 11:00,0.0
05/11/2023 11:30,0.0
05/11/2023 12:00,0.0
05/11/2023 12:30,0.0
05/11/2023 13:00,0.0
05/11/2023 13:30,0.0
05/11/2023 14:00,0.0
05/11/2023 14:30,0.0
05/11/2023 15:00,0.0
05/11/2023 15:30,0.0
05/11/2023 16:00,0.0
05/11/2023 16:30,0.0
05/11/2023 17:00,0.0
05/11/2023 17:30,0.0
05/11/2023 18:00,0.0
05/11/2023 18:30,0.0
05/11/2023 19:00,0.0
05/11/2023 19:30,0.0
05/11/2023 20:00,0.0
05/11/2023 20:30,0.0
05/11/2023 21:00,0.0
05/11/2023 21:30,0.0
05/11/2023 22:00,0.0
05/11/2023 22:30,0.0
05/11/2023 23:00,0.0
05/11/2023 23:30,0.0
05/12/2023 00:00,0.0
05/12/2023 00:30,0.0
05/12/2023 01:00,0.0
05/12/2023 01:30,0.0
05/12/2023 02:00,0.0
05/12/2023 02:30,0.0
05/12/2023 03:00,0.0
05/12/2023 03:30,0.0
05/12/2023 04:00,0.0
05/12/2023 04:30,0.0
05/12/2023 05:00,0.0
05/12/2023 05:30,0.0
05/12/2023 06:00,0.0
05/12/2023 06:30,0.0
05/12/2023 07:00,0.0
05/12/2023 07:30,0.0
05/12/2023 08:00,0.0
05/12/2023 08:30,0.0
05/12/2023 09:00,0.0
05/12/2023 09:30,0.0
05/12/2023 10:00,0.0
05/12/2023 10:30,0.0
05/12/2023 11:00,0.0
05/12/2023 11:30,0.0
05/12/2023 12:00,0.0
05/12/2023 12:30,0.0
05/12/2023 13:00,0.0
05/12/2023 13:30,0.0
05/12/2023 14:00,0.0
05/12/2023 14:30,0.0
05/12/2023 15:00,0.0
05/12/2023 15:30,0.0
05/12/2023 16:00,0.0
05/12/2023 16:30,0.0
05/12/2023 17:00,0.0
05/12/2023 17:30,0.0
05/12/2023 18:00,0.0
05/12/2023 18:30,0.0
05/12/2023 19:00,0.0
05/12/2023 19:30,0.0
05/12/2023 20:00,0.0
05/12/2023 20:30,0.0
05/12/2023 21:00,0.0
05/12/2023 21:30,0.0
05/12/2023 22:00,0.0
05/12/2023 22:30,0.0
05/12/2023 23:00,0.0
05/12/2023 23:30,0.0
05/13/2023 00:00,0.0
05/13/2023 00:30,0.0
05/13/2023 01:00,0.0
05/13/2023 01:30,0.0
05/13/2023 02:00,0.0
05/13/2023 02:30,0.0
05/13/2023 03:00,0.0
05/13/2023 03:30,0.0
05/13/2023 04:00,0.0
05/13/2023 04:30,0.0
05/13/2023 05:00,0.0
05/13/2023 05:30,0.0
05/13/2023 06:00,0.0
05/13/2023 06:30,0.0
05/13/2023 07:00,0.0
05/13/2023 07:30,0.0
05/13/2023 08:00,0.0
05/13/2023 08:30,0.0
05/13/2023 09:00,0.0
05/13/2023 09:30,0.0
05/13/2023 10:00,0.0
05/13/2023 10:30,0.0
05/13/2023 11:00,0.0
05/13/2023 11:30,0.0
05/13/2023 12:00,0.0
05/13/2023 12:30,0.0
05/13/2023 13:00,0.0
05/13/2023 13:30,0.0
05/13/2023 14:00,0.0
05/13/2023 14:30,0.0
05/13/2023 15:00,0.0
05/13/2023 15:30,0.0
05/13/2023 16:00,0.0
05/13/2023 16:30,0.0
05/13/2023 17:00,0.0
05/13/2023 17:30,0.0
05/13/2023 18:00,0.0
05/13/2023 18:30,0.0
05/13/2023 19:00,0.0
05/13/2023 19:30,0.0
05/13/2023 20:00,0.0
05/13/2023 20:30,0.0
05/13/2023 21:00,0.0
05/13/2023 21:30,0.0
05/13/2023 22:00,0.0
05/13/2023 22:30,0.0
05/13/2023 23:00,0.0
05/13/2023 23:30,0.0
05/14/2023 00:00,0.0
05/14/2023 00:30,0.0
05/14/2023 01:00,0.0
05/14/2023 01:30,0.0
05/14/2023 02:00,0.0
05/14/2023 02:30,0.0
05/14/2023 03:00,0.0
05/14/2023 03:30,0.0
05/14/2023 04:00,0.0
05/14/2023 04:30,0.0
05/14/2023 05:00,0.0
05/14/2023 05:30,0.0
05/14/2023 06:00,0.0
05/14/2023 06:30,0.0
05/14/2023 07:00,0.0
05/14/2023 07:30,0.0
05/14/2023 08:00,0.0
05/14/2023 08:30,0.0
05/14/2023 09:00,0.0
05/14/2023 09:30,0.0
05/14/2023 10:00,0.0
05/14/2023 10:30,0.0
05/14/2023 11:00,0.0
05/14/2023 11:30,0.0
05/14/2023 12:00,0.0
05/14/2023 12:30,0.0
05/14/2023 13:00,0.0
05/14/2023 13:30,0.0
05/14/2023 14:00,0.0
05/14/2023 14:30,0.0
05/14/2023 15:00,0.0
05/14/2023 15:30,0.0
05/14/2023 16:00,0.0
05/14/2023 16:30,0.0
05/14/2023 17:00,0.0
05/14/2023 17:30,0.0
05/14/2023 18:00,0.0
05/14/2023 18:30,0.0
05/14/2023 19:00,0.0
05/14/2023 19:30,0.0
05/14/2023 20:00,0.0
05/14/2023 20:30,0.0
05/14/2023 21:00,0.0
05/14/2023 21:30,0.0
05/14/2023 22:00,0.0
05/14/2023 22:30,0.0
05/14/2023 23:00,0.0
05/14/2023 23:30,0.0
05/15/2023 00:00,0.0
05/15/2023 00:30,0.0
05/15/2023 01:00,0.0
05/15/2023 01:30,0.0
05/15/2023 02:00,0.0
05/15/2023 02:30,0.0
05/15/2023 03:00,0.0
05/15/2023 03:30,0.0
05/15/2023 04:00,0.0
05/15/2023 04:30,0.0
05/15/2023 05:00,0.0
05/15/2023 05:30,0.0
05/15/2023 06:00,0.0
05/15/2023 06:30,0.0
05/15/2023 07:00,0.0
05/15/2023 07:30,0.0
05/15/2023 08:00,0.0
05/15/2023 08:30,0.0
05/15/2023 09:00,0.0
05/15/2023 09:30,0.0
05/15/2023 10:00,0.0
05/15/2023 10:30,0.0
05/15/2023 11:00,0.0
05/15/2023 11:30,0.0
05/15/2023 12:00,0.0
05/15/2023 12:30,0.0
05/15/2023 13:00,0.0
05/15/2023 13:30,0.0
05/15/2023 14:00,0.0
05/15/2023 14:30,0.0
05/15/2023 15:00,0.0
05/15/2023 15:30,0.0
05/15/2023 16:00,0.0
05/15/2023 16:30,0.0
05/15/2023 17:00,0.0
05/15/2023 17:30,0.0
05/15/2023 18:00,0.0
05/15/2023 18:30,0.0
05/15/2023 19:00,0.0
05/15/2023 19:30,0.0
05/15/2023 20:00,0.0
05/15/2023 20:30,0.0
05/15/2023 21:00,0.0
05/15/2023 21:30,0.0
05/15/2023 22:00,0.0
05/15/2023 22:30,0.0
05/15/2023 23:00,0.0
05/15/2023 23:30,0.0
05/16/2023 00:00,0.0
05/16/2023 00:30,0.0
05/16/2023 01:00,0.0
05/16/2023 01:30,0.0
05/16/2023 02:00,0.0
05/16/2023 02:30,0.0
05/16/2023 03:00,0.0
05/16/2023 03:30,0.0
05/16/2023 04:00,0.0
05/16/2023 04:30,0.0
05/16/2023 05:00,0.0
05/16/2023 05:30,0.0
05/16/2023 06:00,0.0
05/16/2023 06:30,0.0
05/16/2023 07:00,0.0
05/16/2023 07:30,0.0
05/16/2023 08:00,0.0
05/16/2023 08:30,0.0
05/16/2023 09:00,0.0
05/16/2023 09:30,0.0
05/16/2023 10:00,0.0
05/16/2023 10:30,0.0
05/16/2023 11:00,0.0
05/16/2023 11:30,0.0
05/16/2023 12:00,0.0
05/16/2023 12:30,0.0
05/16/2023 13:00,0.0
05/16/2023 13:30,0.0
05/16/2023 14:00,0.0
05/16/2023 14:30,0.0
05/16/2023 15:00,0.0
05/16/2023 15:30,0.0
05/16/2023 16:00,0.0
05/16/2023 16:30,0.0
05/16/2023 17:00,0.0
05/16/2023 17:30,0.0
05/16/2023 18:00,0.0
05/16/2023 18:30,0.0
05/16/2023 19:00,0.0
05/16/2023 19:30,0.0
05/16/2023 20:00,0.0
05/16/2023 20:30,0.0
05/16/2023 21:00,0.0
05/16/2023 21:30,0.0
05/16/2023 22:00,0.0
05/16/2023 22:30,0.0
05/16/2023 23:00,0.0
05/16/2023 23:30,0.0
05/17/2023 00:00,0.0
05/17/2023 00:30,0.0
05/17/2023 01:00,0.0
05/17/2023 01:30,0.0
05/17/2023 02:00,0.0
05/17/2023 02:30,0.0
05/17/2023 03:00,0.0
05/17/2023 03:30,0.0
05/17/2023 04:00,0.0
05/17/2023 04:30,0.0
05/17/2023 05:00,0.0
05/17/2023 05:30,0.0
05/17/2023 06:00,0.0
05/17/2023 06:30,0.0
05/17/2023 07:00,0.0
05/17/2023 07:30,0.0
05/17/2023 08:00,0.0
05/17/2023 08:30,0.0
05/17/2023 09:00,0.0
05/17/2023 09:30,0.0
05/17/2023 10:00,0.0
05/17/2023 10:30,0.0
05/17/2023 11:00,0.0
05/17/2023 11:30,0.0
05/17/2023 12:00,0.0
05/17/2023 12:30,0.0
05/17/2023 13:00,0.0
05/17/2023 13:30,0.0
05/17/2023 14:00,0.0
05/17/2023 14:30,0.0
05/17/2023 15:00,0.0
05/17/2023 15:30,0.0
05/17/2023 16:00,0.0
05/17/2023 16:30,0.0
05/17/2023 17:00,0.0
05/17/2023 17:30,0.0
05/17/2023 18:00,0.0
05/17/2023 18:30,0.0
05/17/2023 19:00,0.0
05/17/2023 19:30,0.0
05/17/2023 20:00,0.0
05/17/2023 20:30,0.0
05/17/2023 21:00,0.0
05/17/2023 21:30,0.0
05/17/2023 22:00,0.0
05/17/2023 22:30,0.0
05/17/2023 23:00,0.0
05/17/2023 23:30,0.0
05/18/2023 00:00,0.0
05/18/2023 00:30,0.0
05/18/2023 01:00,0.0
05/18/2023 01:30,0.0
05/18/2023 02:00,0.0
05/18/2023 02:30,0.0
05/18/2023 03:00,0.0
05/18/2023 03:30,0.0
05/18/2023 04:00,0.0
05/18/2023 04:30,0.0
05/18/2023 05:00,0.0
05/18/2023 05:30,0.0
05/18/2023 06:00,0.0
05/18/2023 06:30,0.0
05/18/2023 07:00,0.0
05/18/2023 07:30,0.0
05/18/2023 08:00,0.0
05/18/2023 08:30,0.0
05/18/2023 09:00,0.0
05/18/2023 09:30,0.0
05/18/2023 10:00,0.0
05/18/2023 10:30,0.0
05/18/2023 11:00,0.0
05/18/2023 11:30,0.0
05/18/2023 12:00,0.0
05/18/2023 12:30,0.0
05/18/2023 13:00,0.0
05/18/2023 13:30,0.0
05/18/2023 14:00,0.0
05/18/2023 14:30,0.0
05/18/2023 15:00,0.0
05/18/2023 15:30,0.0
05/18/2023 16:00,0.0
05/18/2023 16:30,0.0
05/18/2023 17:00,0.0
05/18/2023 17:30,0.0
05/18/2023 18:00,0.0
05/18/2023 18:30,0.0
05/18/2023 19:00,0.0
05/18/2023 19:30,0.0
05/18/2023 20:00,0.0
05/18/2023 20:30,0.0
05/18/2023 21:00,0.0
05/18/2023 21:30,0.0
05/18/2023 22:00,0.0
05/18/2023 22:30,0.0
05/18/2023 23:00,0.0
05/18/2023 23:30,0.0
05/19/2023 00:00,0.0
05/19/2023 00:30,0.0
05/19/2023 01:00,0.0
05/19/2023 01:30,0.0
05/19/2023 02:00,0.0
05/19/2023 02:30,0.0
05/19/2023 03:00,0.0
05/19/2023 03:30,0.0
05/19/2023 04:00,0.0
05/19/2023 04:30,0.0
05/19/2023 05:00,0.0
05/19/2023 05:30,0.0
05/19/2023 06:00,0.0
05/19/2023 06:30,0.0
05/19/2023 07:00,0.0
05/19/2023 07:30,0.0
05/19/2023 08:00,0.0
05/19/2023 08:30,0.0
05/19/2023 09:00,0.0
05/19/2023 09:30,0.0
05/19/2023 10:00,0.0
05/19/2023 10:30,0.0
05/19/2023 11:00,0.0
05/19/2023 11:30,0.0
05/19/2023 12:00,0.0
05/19/2023 12:30,0.0
05/19/2023 13:00,0.0
05/19/2023 13:30,0.0
05/19/2023 14:00,0.0
05/19/2023 14:30,0.0
05/19/2023 15:00,0.0
05/19/2023 15:30,0.0
05/19/2023 16:00,0.0
05/19/2023 16:30,0.0
05/19/2023 17:00,0.0
05/19/2023 17:30,0.0
05/19/2023 18:00,0.0
05/19/2023 18:30,0.0
05/19/2023 19:00,0.0
05/19/2023 19:30,0.0
05/19/2023 20:00,0.0
05/19/2023 20:30,0.0
05/19/2023 21:00,0.0
05/19/2023 21:30,0.0
05/19/2023 22:00,0.0
05/19/2023 22:30,0.0
05/19/2023 23:00,0.0
05/19/2023 23:30,0.0
05/20/2023 00:00,0.0
05/20/2023 00:30,0.0
05/20/2023 01:00,0.0
05/20/2023 01:30,0.0
05/20/2023 02:00,0.0
05/20/2023 02:30,0.0
05/20/2023 03:00,0.0
05/20/2023 03:30,0.0
05/20/2023 04:00,0.0
05/20/2023 04:30,0.0
05/20/2023 05:00,0.0
05/20/2023 05:30,0.0
05/20/2023 06:00,0.0
05/20/2023 06:30,0.0
05/20/2023 07:00,0.0
05/20/2023 07:30,0.0
05/20/2023 08:00,0.0
05/20/2023 08:30,0.0
05/20/2023 09:00,0.0
05/20/2023 09:30,0.0
05/20/2023 10:00,0.0
05/20/2023 10:30,0.0
05/20/2023 11:00,0.0
05/20/2023 11:30,0.0
05/20/2023 12:00,0.0
05/20/2023 12:30,0.0
05/20/2023 13:00,0.0
05/20/2023 13:30,0.0
05/20/2023 14:00,0.0
05/20/2023 14:30,0.0
05/20/2023 15:00,0.0
05/20/2023 15:30,0.0
05/20/2023 16:00,0.0
05/20/2023 16:30,0.0
05/20/2023 17:00,0.0
05/20/2023 17:30,0.0
05/20/2023 18:00,0.0
05/20/2023 18:30,0.0
05/20/2023 19:00,0.0
05/20/2023 19:30,0.0
05/20/2023 20:00,0.0
05/20/2023 20:30,0.0
05/20/2023 21:00,0.0
05/20/2023 21:30,0.0
05/20/2023 22:00,0.0
05/20/2023 22:30,0.0
05/20/2023 23:00,0.0
05/20/2023 23:30,0.0
05/21/2023 00:00,0.0
05/21/2023 00:30,0.0
05/21/2023 01:00,0.0
05/21/2023 01:30,0.0
05/21/2023 02:00,0.0
05/21/2023 02:30,0.0
05/21/2023 03:00,0.0
05/21/2023 03:30,0.0
05/21/2023 04:00,0.0
05/21/2023 04:30,0.0
05/21/2023 05:00,0.0
05/21/2023 05:30,0.0
05/21/2023 06:00,0.0
05/21/2023 06:30,0.0
05/21/2023 07:00,0.0
05/21/2023 07:30,0.0
05/21/2023 08:00,0.0
05/21/2023 08:30,0.0
05/21/2023 09:00,0.0
05/21/2023 09:30,0.0
05/21/2023 10:00,0.0
05/21/2023 10:30,0.0
05/21/2023 11:00,0.0
05/21/2023 11:30,0.0
05/21/2023 12:00,0.0
05/21/2023 12:30,0.0
05/21/2023 13:00,0.0
05/21/2023 13:30,0.0
05/21/2023 14:00,0.0
05/21/2023 14:30,0.0
05/21/2023 15:00,0.0
05/21/2023 15:30,0.0
05/21/2023 16:00,0.0
05/21/2023 16:30,0.0
05/21/2023 17:00,0.0
05/21/2023 17:30,0.0
05/21/2023 18:00,0.0
05/21/2023 18:30,0.0
05/21/2023 19:00,0.0
05/21/2023 19:30,0.0
05/21/2023 20:00,0.0
05/21/2023 20:30,0.0
05/21/2023 21:00,0.0
05/21/2023 21:30,0.0
05/21/2023 22:00,0.0
05/21/2023 22:30,0.0
05/21/2023 23:00,0.0
05/21/2023 23:30,0.0
05/22/2023 00:00,0.0
05/22/2023 00:30,0.0
05/22/2023 01:00,0.0
05/22/2023 01:30,0.0
05/22/2023 02:00,0.0
05/22/2023 02:30,0.0
05/22/2023 03:00,0.0
05/22/2023 03:30,0.0
05/22/2023 04:00,0.0
05/22/2023 04:30,0.0
05/22/2023 05:00,0.0
05/22/2023 05:30,0.0
05/22/2023 06:00,0.0
05/22/2023 06:30,0.0
05/22/2023 07:00,0.0
05/22/2023 07:30,0.0
05/22/2023 08:00,0.0
05/22/2023 08:30,0.0
05/22/2023 09:00,0.0
05/22/2023 09:30,0.0
05/22/2023 10:00,0.0
05/22/2023 10:30,0.0
05/22/2023 11:00,0.0
05/22/2023 11:30,0.0
05/22/2023 12:00,0.0
05/22/2023 12:30,0.0
05/22/2023 13:00,0.0
05/22/2023 13:30,0.0
05/22/2023 14:00,0.0
05/22/2023 14:30,0.0
05/22/2023 15:00,0.0
05/22/2023 15:30,0.0
05/22/2023 16:00,0.0
05/22/2023 16:30,0.0
05/22/2023 17:00,0.0
05/22/2023 17:30,0.0
05/22/2023 18:00,0.0
05/22/2023 18:30,0.0
05/22/2023 19:00,0.0
05/22/2023 19:30,0.0
05/22/2023 20:00,0.0
05/22/2023 20:30,0.0
05/22/2023 21:00,0.0
05/22/2023 21:30,0.0
05/22/2023 22:00,0.0
05/22/2023 22:30,0.0
05/22/2023 23:00,0.0
05/22/2023 23:30,0.0
05/23/2023 00:00,0.0
05/23/2023 00:30,0.0
05/23/2023 01:00,0.0
05/23/2023 01:30,0.0
05/23/2023 02:00,0.0
05/23/2023 02:30,0.0
05/23/2023 03:00,0.0
05/23/2023 03:30,0.0
05/23/2023 04:00,0.0
05/23/2023 04:30,0.0
05/23/2023 05:00,0.0
05/23/2023 05:30,0.0
05/23/2023 06:00,0.0
05/23/2023 06:30,0.0
05/23/2023 07:00,0.0
05/23/2023 07:30,0.0
05/23/2023 08:00,0.0
05/23/2023 08:30,0.0
05/23/2023 09:00,0.0
05/23/2023 09:30,0.0
05/23/2023 10:00,0.0
05/23/2023 10:30,0.0
05/23/2023 11:00,0.0
05/23/2023 11:30,0.0
05/23/2023 12:00,0.0
05/23/2023 12:30,0.0
05/23/2023 13:00,0.0
05/23/2023 13:30,0.0
05/23/2023 14:00,0.0
05/23/2023 14:30,0.0
05/23/2023 15:00,0.0
05/23/2023 15:30,0.0
05/23/2023 16:00,0.0
05/23/2023 16:30,0.0
05/23/2023 17:00,0.0
05/23/2023 17:30,0.0
05/23/2023 18:00,0.0
05/23/2023 18:30,0.0
05/23/2023 19:00,0.0
05/23/2023 19:30,0.0
05/23/2023 20:00,0.0
05/23/2023 20:30,0.0
05/23/2023 21:00,0.0
05/23/2023 21:30,0.0
05/23/2023 22:00,0.0
05/23/2023 22:30,0.0
05/23/2023 23:00,0.0
05/23/2023 23:30,0.0
05/24/2023 00:00,0.0
05/24/2023 00:30,0.0
05/24/2023 01:00,0.0
05/24/2023 01:30,0.0
05/24/2023 02:00,0.0
05/24/2023 02:30,0.0
05/24/2023 03:00,0.0
05/24/2023 03:30,0.0
05/24/2023 04:00,0.0
05/24/2023 04:30,0.0
05/24/2023 05:00,0.0
05/24/2023 05:30,0.0
05/24/2023 06:00,0.0
05/24/2023 06:30,0.0
05/24/2023 07:00,0.0
05/24/2023 07:30,0.0
05/24/2023 08:00,0.0
05/24/2023 08:30,0.0
05/24/2023 09:00,0.0
05/24/2023 09:30,0.0
05/24/2023 10:00,0.0
05/24/2023 10:30,0.0
05/24/2023 11:00,0.0
05/24/2023 11:30,0.0
05/24/2023 12:00,0.0
05/24/2023 12:30,0.0
05/24/2023 13:00,0.0
05/24/2023 13:30,0.0
05/24/2023 14:00,0.0
05/24/2023 14:30,0.0
05/24/2023 15:00,0.0
05/24/2023 15:30,0.0
05/24/2023 16:00,0.0
05/24/2023 16:30,0.0
05/24/2023 17:00,0.0
05/24/2023 17:30,0.0
05/24/2023 18:00,0.0
05/24/2023 18:30,0.0
05/24/2023 19:00,0.0
05/24/2023 19:30,0.0
05/24/2023 20:00,0.0
05/24/2023 20:30,0.0
05/24/2023 21:00,0.0
05/24/2023 21:30,0.0
05/24/2023 22:00,0.0
05/24/2023 22:30,0.0
05/24/2023 23:00,0.0
05/24/2023 23:30,0.0
05/25/2023 00:00,0.0
05/25/2023 00:30,0.0
05/25/2023 01:00,0.0
05/25/2023 01:30,0.0
05/25/2023 02:00,0.0
05/25/2023 02:30,0.0
05/25/2023 03:00,0.0
05/25/2023 03:30,0.0
05/25/2023 04:00,0.0
05/25/2023 04:30,0.0
05/25/2023 05:00,0.0
05/25/2023 05:30,0.0
05/25/2023 06:00,0.0
05/25/2023 06:30,0.0
05/25/2023 07:00,0.0
05/25/2023 07:30,0.0
05/25/2023 08:00,0.0
05/25/2023 08:30,0.0
05/25/2023 09:00,0.0
05/25/2023 09:30,0.0
05/25/2023 10:00,0.0
05/25/2023 10:30,0.0
05/25/2023 11:00,0.0
05/25/2023 11:30,0.0
05/25/2023 12:00,0.0
05/25/2023 12:30,0.0
05/25/2023 13:00,0.0
05/25/2023 13:30,0.0
05/25/2023 14:00,0.0
05/25/2023 14:30,0.0
05/25/2023 15:00,0.0
05/25/2023 15:30,0.0
05/25/2023 16:00,0.0
05/25/2023 16:30,0.0
05/25/2023 17:00,0.0
05/25/2023 17:30,0.0
05/25/2023 18:00,0.0
05/25/2023 18:30,0.0
05/25/2023 19:00,0.0
05/25/2023 19:30,0.0
05/25/2023 20:00,0.0
05/25/2023 20:30,0.0
05/25/2023 21:00,0.0
05/25/2023 21:30,0.0
05/25/2023 22:00,0.0
05/25/2023 22:30,0.0
05/25/2023 23:00,0.0
05/25/2023 23:30,0.0
05/26/2023 00:00,0.0
05/26/2023 00:30,0.0
05/26/2023 01:00,0.0
05/26/2023 01:30,0.0
05/26/2023 02:00,0.0
05/26/2023 02:30,0.0
05/26/2023 03:00,0.0
05/26/2023 03:30,0.0
05/26/2023 04:00,0.0
05/26/2023 04:30,0.0
05/26/2023 05:00,0.0
05/26/2023 05:30,0.0
05/26/2023 06:00,0.0
05/26/2023 06:30,0.0
05/26/2023 07:00,0.0
05/26/2023 07:30,0.0
05/26/2023 08:00,0.0
05/26/2023 08:30,0.0
05/26/2023 09:00,0.0
05/26/2023 09:30,0.0
05/26/2023 10:00,0.0
05/26/2023 10:30,0.0
05/26/2023 11:00,0.0
05/26/2023 11:30,0.0
05/26/2023 12:00,0.0
05/26/2023 12:30,0.0
05/26/2023 13:00,0.0
05/26/2023 13:30,0.0
05/26/2023 14:00,0.0
05/26/2023 14:30,0.0
05/26/2023 15:00,0.0
05/26/2023 15:30,0.0
05/26/2023 16:00,0.0
05/26/2023 16:30,0.0
05/26/2023 17:00,0.0
05/26/2023 17:30,0.0
05/26/2023 18:00,0.0
05/26/2023 18:30,0.0
05/26/2023 19:00,0.0
05/26/2023 19:30,0.0
05/26/2023 20:00,0.0
05/26/2023 20:30,0.0
05/26/2023 21:00,0.0
05/26/2023 21:30,0.0
05/26/2023 22:00,0.0
05/26/2023 22:30,0.0
05/26/2023 23:00,0.0
05/26/2023 23:30,0.0
05/27/2023 00:00,0.0
05/27/2023 00:30,0.0
05/27/2023 01:00,0.0
05/27/2023 01:30,0.0
05/27/2023 02:00,0.0
05/27/2023 02:30,0.0
05/27/2023 03:00,0.0
05/27/2023 03:30,0.0
05/27/2023 04:00,0.0
05/27/2023 04:30,0.0
05/27/2023 05:00,0.0
05/27/2023 05:30,0.0
05/27/2023 06:00,0.0
05/27/2023 06:30,0.0
05/27/2023 07:00,0.0
05/27/2023 07:30,0.0
05/27/2023 08:00,0.0
05/27/2023 08:30,0.0
05/27/2023 09:00,0.0
05/27/2023 09:30,0.0
05/27/2023 10:00,0.0
05/27/2023 10:30,0.0
05/27/2023 11:00,0.0
05/27/2023 11:30,0.0
05/27/2023 12:00,0.0
05/27/2023 12:30,0.0
05/27/2023 13:00,0.0
05/27/2023 13:30,0.0
05/27/2023 14:00,0.0
05/27/2023 14:30,0.0
05/27/2023 15:00,0.0
05/27/2023 15:30,0.0
05/27/2023 16:00,0.0
05/27/2023 16:30,0.0
05/27/2023 17:00,0.0
05/27/2023 17:30,0.0
05/27/2023 18:00,0.0
05/27/2023 18:30,0.0
05/27/2023 19:00,0.0
05/27/2023 19:30,0.0
05/27/2023 20:00,0.0
05/27/2023 20:30,0.0
05/27/2023 21:00,0.0
05/27/2023 21:30,0.0
05/27/2023 22:00,0.0
05/27/2023 22:30,0.0
05/27/2023 23:00,0.0
05/27/2023 23:30,0.0
05/28/2023 00:00,0.0
05/28/2023 00:30,0.0
05/28/2023 01:00,0.0
05/28/2023 01:30,0.0
05/28/2023 02:00,0.0
05/28/2023 02:30,0.0
05/28/2023 03:00,0.0
05/28/2023 03:30,0.0
05/28/2023 04:00,0.0
05/28/2023 04:30,0.0
05/28/2023 05:00,0.0
05/28/2023 05:30,0.0
05/28/2023 06:00,0.0
05/28/2023 06:30,0.0
05/28/2023 07:00,0.0
05/28/2023 07:30,0.0
05/28/2023 08:00,0.0
05/28/2023 08:30,0.0
05/28/2023 09:00,0.0
05/28/2023 09:30,0.0
05/28/2023 10:00,0.0
05/28/2023 10:30,0.0
05/28/2023 11:00,0.0
05/28/2023 11:30,0.0
05/28/2023 12:00,0.0
05/28/2023 12:30,0.0
05/28/2023 13:00,0.0
05/28/2023 13:30,0.0
05/28/2023 14:00,0.0
05/28/2023 14:30,0.0
05/28/2023 15:00,0.0
05/28/2023 15:30,0.0
05/28/2023 16:00,0.0
05/28/2023 16:30,0.0
05/28/2023 17:00,0.0
05/28/2023 17:30,0.0
05/28/2023 18:00,0.0
05/28/2023 18:30,0.0
05/28/2023 19:00,0.0
05/28/2023 19:30,0.0
05/28/2023 20:00,0.0
05/28/2023 20:30,0.0
05/28/2023 21:00,0.0
05/28/2023 21:30,0.0
05/28/2023 22:00,0.0
05/28/2023 22:30,0.0
05/28/2023 23:00,0.0
05/28/2023 23:30,0.0
05/29/2023 00:00,0.0
05/29/2023 00:30,0.0
05/29/2023 01:00,0.0
05/29/2023 01:30,0.0
05/29/2023 02:00,0.0
05/29/2023 02:30,0.0
05/29/2023 03:00,0.0
05/29/2023 03:30,0.0
05/29/2023 04:00,0.0
05/29/2023 04:30,0.0
05/29/2023 05:00,0.0
05/29/2023 05:30,0.0
05/29/2023 06:00,0.0
05/29/2023 06:30,0.0
05/29/2023 07:00,0.0
05/29/2023 07:30,0.0
05/29/2023 08:00,0.0
05/29/2023 08:30,0.0
05/29/2023 09:00,0.0
05/29/2023 09:30,0.0
05/29/2023 10:00,0.0
05/29/2023 10:30,0.0
05/29/2023 11:00,0.0
05/29/2023 11:30,0.0
05/29/2023 12:00,0.0
05/29/2023 12:30,0.0
05/29/2023 13:00,0.0
05/29/2023 13:30,0.0
05/29/2023 14:00,0.0
05/29/2023 14:30,0.0
05/29/2023 15:00,0.0
05/29/2023 15:30,0.0
05/29/2023 16:00,0.0
05/29/2023 16:30,0.0
05/29/2023 17:00,0.0
05/29/2023 17:30,0.0
05/29/2023 18:00,0.0
05/29/2023 18:30,0.0
05/29/2023 19:00,0.0
05/29/2023 19:30,0.0
05/29/2023 20:00,0.0
05/29/2023 20:30,0.0
05/29/2023 21:00,0.0
05/29/2023 21:30,0.0
05/29/2023 22:00,0.0
05/29/2023 22:30,0.0
05/29/2023 23:00,0.0
05/29/2023 23:30,0.0
05/30/2023 00:00,0.0
05/30/2023 00:30,0.0
05/30/2023 01:00,0.0
05/30/2023 01:30,0.0
05/30/2023 02:00,0.0
05/30/2023 02:30,0.0
05/30/2023 03:00,0.0
05/30/2023 03:30,0.0
05/30/2023 04:00,0.0
05/30/2023 04:30,0.0
05/30/2023 05:00,0.0
05/30/2023 05:30,0.0
05/30/2023 06:00,0.0
05/30/2023 06:30,0.0
05/30/2023 07:00,0.0
05/30/2023 07:30,0.0
05/30/2023 08:00,0.0
05/30/2023 08:30,0.0
05/30/2023 09:00,0.0
05/30/2023 09:30,0.0
05/30/2023 10:00,0.0
05/30/2023 10:30,0.0
05/30/2023 11:00,0.0
05/30/2023 11:30,0.0
05/30/2023 12:00,0.0
05/30/2023 12:30,0.0
05/30/2023 13:00,0.0
05/30/2023 13:30,0.0
05/30/2023 14:00,0.0
05/30/2023 14:30,0.0
05/30/2023 15:00,0.0
05/30/2023 15:30,0.0
05/30/2023 16:00,0.0
05/30/2023 16:30,0.0
05/30/2023 17:00,0.0
05/30/2023 17:30,0.0
05/30/2023 18:00,0.0
05/30/2023 18:30,0.0
05/30/2023 19:00,0.0
05/30/2023 19:30,0.0
05/30/2023 20:00,0.0
05/30/2023 20:30,0.0
05/30/2023 21:00,0.0
05/30/2023 21:30,0.0
05/30/2023 22:00,0.0
05/30/2023 22:30,0.0
05/30/2023 23:00,0.0
05/30/2023 23:30,0.0
05/31/2023 00:00,0.0
05/31/2023 00:30,0.0
05/31/2023 01:00,0.0
05/31/2023 01:30,0.0
05/31/2023 02:00,0.0
05/31/2023 02:30,0.0
05/31/2023 03:00,0.0
05/31/2023 03:30,0.0
05/31/2023 04:00,0.0
05/31/2023 04:30,0.0
05/31/2023 05:00,0.0
05/31/2023 05:30,0.0
05/31/2023 06:00,0.0
05/31/2023 06:30,0.0
05/31/2023 07:00,0.0
05/31/2023 07:30,0.0
05/31/2023 08:00,0.0
05/31/2023 08:30,0.0
05/31/2023 09:00,0.0
05/31/2023 09:30,0.0
05/31/2023 10:00,0.0
05/31/2023 10:30,0.0
05/31/2023 11:00,0.0
05/31/2023 11:30,0.0
05/31/2023 12:00,0.0
05/31/2023 12:30,0.0
05/31/2023 13:00,0.0
05/31/2023 13:30,0.0
05/31/2023 14:00,0.0
05/31/2023 14:30,0.0
05/31/2023 15:00,0.0
05/31/2023 15:30,0.0
05/31/2023 16:00,0.0
05/31/2023 16:30,0.0
05/31/2023 17:00,0.0
05/31/2023 17:30,0.0
05/31/2023 18:00,0.0
05/31/2023 18:30,0.0
05/31/2023 19:00,0.0
05/31/2023 19:30,0.0
05/31/2023 20:00,0.0
05/31/2023 20:30,0.0
05/31/2023 21:00,0.0
05/31/2023 21:30,0.0
05/31/2023 22:00,0.0
05/31/2023 22:30,0.0
05/31/2023 23:00,0.0
05/31/2023 23:30,0.0
06/01/2023 00:00,0.0
06/01/2023 00:30,0.0
06/01/2023 01:00,0.0
06/01/2023 01:30,0.0
06/01/2023 02:00,0.0
06/01/2023 02:30,0.0
06/01/2023 03:00,0.0
06/01/2023 03:30,0.0
06/01/2023 04:00,0.0
06/01/2023 04:30,0.0
06/01/2023 05:00,0.0
06/01/2023 05:30,0.0
06/01/2023 06:00,0.0
06/01/2023 06:30,0.0
06/01/2023 07:00,0.0
06/01/2023 07:30,0.0
06/01/2023 08:00,0.0
06/01/2023 08:30,0.0
06/01/2023 09:00,0.0
06/01/2023 09:30,0.0
06/01/2023 10:00,0.0
06/01/2023 10:30,0.0
06/01/2023 11:00,0.0
06/01/2023 11:30,0.0
06/01/2023 12:00,0.0
06/01/2023 12:30,0.0
06/01/2023 13:00,0.0
06/01/2023 13:30,0.0
06/01/2023 14:00,0.0
06/01/2023 14:30,0.0
06/01/2023 15:00,0.0
06/01/2023 15:30,0.0
06/01/2023 16:00,0.0
06/01/2023 16:30,0.0
06/01/2023 17:00,0.0
06/01/2023 17:30,0.0
06/01/2023 18:00,0.0
06/01/2023 18:30,0.0
06/01/2023 19:00,0.0
06/01/2023 19:30,0.0
06/01/2023 20:00,0.0
06/01/2023 20:30,0.0
06/01/2023 21:00,0.0
06/01/2023 21:30,0.0
06/01/2023 22:00,0.0
06/01/2023 22:30,0.0
06/01/2023 23:00,0.0
06/01/2023 23:30,0.0
06/02/2023 00:00,0.0
06/02/2023 00:30,0.0
06/02/2023 01:00,0.0
06/02/2023 01:30,0.0
06/02/2023 02:00,0.0
06/02/2023 02:30,0.0
06/02/2023 03:00,0.0
06/02/2023 03:30,0.0
06/02/2023 04:00,0.0
06/02/2023 04:30,0.0
06/02/2023 05:00,0.0
06/02/2023 05:30,0.0
06/02/2023 06:00,0.0
06/02/2023 06:30,0.0
06/02/2023 07:00,0.0
06/02/2023 07:30,0.0
06/02/2023 08:00,0.0
06/02/2023 08:30,0.0
06/02/2023 09:00,0.0
06/02/2023 09:30,0.0
06/02/2023 10:00,0.0
06/02/2023 10:30,0.0
06/02/2023 11:00,0.0
06/02/2023 11:30,0.0
06/02/2023 12:00,0.0
06/02/2023 12:30,0.0
06/02/2023 13:00,0.0
06/02/2023 13:30,0.0
06/02/2023 14:00,0.0
06/02/2023 14:30,0.0
06/02/2023 15:00,0.0
06/02/2023 15:30,0.0
06/02/2023 16:00,0.0
06/02/2023 16:30,0.0
06/02/2023 17:00,0.0
06/02/2023 17:30,0.0
06/02/2023 18:00,0.0
06/02/2023 18:30,0.0
06/02/2023 19:00,0.0
06/02/2023 19:30,0.0
06/02/2023 20:00,0.0
06/02/2023 20:30,0.0
06/02/2023 21:00,0.0
06/02/2023 21:30,0.0
06/02/2023 22:00,0.0
06/02/2023 22:30,0.0
06/02/2023 23:00,0.0
06/02/2023 23:30,0.0
06/03/2023 00:00,0.0
06/03/2023 00:30,0.0
06/03/2023 01:00,0.0
06/03/2023 01:30,0.0
06/03/2023 02:00,0.0
06/03/2023 02:30,0.0
06/03/2023 03:00,0.0
06/03/2023 03:30,0.0
06/03/2023 04:00,0.0
06/03/2023 04:30,0.0
06/03/2023 05:00,0.0
06/03/2023 05:30,0.0
06/03/2023 06:00,0.0
06/03/2023 06:30,0.0
06/03/2023 07:00,0.0
06/03/2023 07:30,0.0
06/03/2023 08:00,0.0
06/03/2023 08:30,0.0
06/03/2023 09:00,0.0
06/03/2023 09:30,0.0
06/03/2023 10:00,0.0
06/03/2023 10:30,0.0
06/03/2023 11:00,0.0
06/03/2023 11:30,0.0
06/03/2023 12:00,0.0
06/03/2023 12:30,0.0
06/03/2023 13:00,0.0
06/03/2023 13:30,0.0
06/03/2023 14:00,0.0
06/03/2023 14:30,0.0
06/03/2023 15:00,0.0
06/03/2023 15:30,0.0
06/03/2023 16:00,0.0
06/03/2023 16:30,0.0
06/03/2023 17:00,0.0
06/03/2023 17:30,0.0
06/03/2023 18:00,0.0
06/03/2023 18:30,0.0
06/03/2023 19:00,0.0
06/03/2023 19:30,0.0
06/03/2023 20:00,0.0
06/03/2023 20:30,0.0
06/03/2023 21:00,0.0
06/03/2023 21:30,0.0
06/03/2023 22:00,0.0
06/03/2023 22:30,0.0
06/03/2023 23:00,0.0
06/03/2023 23:30,0.0
06/04/2023 00:00,0.0
06/04/2023 00:30,0.0
06/04/2023 01:00,0.0
06/04/2023 01:30,0.0
06/04/2023 02:00,0.0
06/04/2023 02:30,0.0
06/04/2023 03:00,0.0
06/04/2023 03:30,0.0
06/04/2023 04:00,0.0
06/04/2023 04:30,0.0
06/04/2023 05:00,0.0
06/04/2023 05:30,0.0
06/04/2023 06:00,0.0
06/04/2023 06:30,0.0
06/04/2023 07:00,0.0
06/04/2023 07:30,0.0
06/04/2023 08:00,0.0
06/04/2023 08:30,0.0
06/04/2023 09:00,0.0
06/04/2023 09:30,0.0
06/04/2023 10:00,0.0
06/04/2023 10:30,0.0
06/04/2023 11:00,0.0
06/04/2023 11:30,0.0
06/04/2023 12:00,0.0
06/04/2023 12:30,0.0
06/04/2023 13:00,0.0
06/04/2023 13:30,0.0
06/04/2023 14:00,0.0
06/04/2023 14:30,0.0
06/04/2023 15:00,0.0
06/04/2023 15:30,0.0
06/04/2023 16:00,0.0
06/04/2023 16:30,0.0
06/04/2023 17:00,0.0
06/04/2023 17:30,0.0
06/04/2023 18:00,0.0
06/04/2023 18:30,0.0
06/04/2023 19:00,0.0
06/04/2023 19:30,0.0
06/04/2023 20:00,0.0
06/04/2023 20:30,0.0
06/04/2023 21:00,0.0
06/04/2023 21:30,0.0
06/04/2023 22:00,0.0
06/04/2023 22:30,0.0
06/04/2023 23:00,0.0
06/04/2023 23:30,0.0
06/05/2023 00:00,0.0
06/05/2023 00:30,0.0
06/05/2023 01:00,0.0
06/05/2023 01:30,0.0
06/05/2023 02:00,0.0
06/05/2023 02:30,0.0
06/05/2023 03:00,0.0
06/05/2023 03:30,0.0
06/05/2023 04:00,0.0
06/05/2023 04:30,0.0
06/05/2023 05:00,0.0
06/05/2023 05:30,0.0
06/05/2023 06:00,0.0
06/05/2023 06:30,0.0
06/05/2023 07:00,0.0
06/05/2023 07:30,0.0
06/05/2023 08:00,0.0
06/05/2023 08:30,0.0
06/05/2023 09:00,0.0
06/05/2023 09:30,0.0
06/05/2023 10:00,0.0
06/05/2023 10:30,0.0
06/05/2023 11:00,0.0
06/05/2023 11:30,0.0
06/05/2023 12:00,0.0
06/05/2023 12:30,0.0
06/05/2023 13:00,0.0
06/05/2023 13:30,0.0
06/05/2023 14:00,0.0
06/05/2023 14:30,0.0
06/05/2023 15:00,0.0
06/05/2023 15:30,0.0
06/05/2023 16:00,0.0
06/05/2023 16:30,0.0
06/05/2023 17:00,0.0
06/05/2023 17:30,0.0
06/05/2023 18:00,0.0
06/05/2023 18:30,0.0
06/05/2023 19:00,0.0
06/05/2023 19:30,0.0
06/05/2023 20:00,0.0
06/05/2023 20:30,0.0
06/05/2023 21:00,0.0
06/05/2023 21:30,0.0
06/05/2023 22:00,0.0
06/05/2023 22:30,0.0
06/05/2023 23:00,0.0
06/05/2023 23:30,0.0
06/06/2023 00:00,0.0
06/06/2023 00:30,0.0
06/06/2023 01:00,0.0
06/06/2023 01:30,0.0
06/06/2023 02:00,0.0
06/06/2023 02:30,0.0
06/06/2023 03:00,0.0
06/06/2023 03:30,0.0
06/06/2023 04:00,0.0
06/06/2023 04:30,0.0
06/06/2023 05:00,0.0
06/06/2023 05:30,0.0
06/06/2023 06:00,0.0
06/06/2023 06:30,0.0
06/06/2023 07:00,0.0
06/06/2023 07:30,0.0
06/06/2023 08:00,0.0
06/06/2023 08:30,0.0
06/06/2023 09:00,0.0
06/06/2023 09:30,0.0
06/06/2023 10:00,0.0
06/06/2023 10:30,0.0
06/06/2023 11:00,0.0
06/06/2023 11:30,0.0
06/06/2023 12:00,0.0
06/06/2023 12:30,0.0
06/06/2023 13:00,0.0
06/06/2023 13:30,0.0
06/06/2023 14:00,0.0
06/06/2023 14:30,0.0
06/06/2023 15:00,0.0
06/06/2023 15:30,0.0
06/06/2023 16:00,0.0
06/06/2023 16:30,0.0
06/06/2023 17:00,0.0
06/06/2023 17:30,0.0
06/06/2023 18:00,0.0
06/06/2023 18:30,0.0
06/06/2023 19:00,0.0
06/06/2023 19:30,0.0
06/06/2023 20:00,0.0
06/06/2023 20:30,0.0
06/06/2023 21:00,0.0
06/06/2023 21:30,0.0
06/06/2023 22:00,0.0
06/06/2023 22:30,0.0
06/06/2023 23:00,0.0
06/06/2023 23:30,0.0
06/07/2023 00:00,0.0
06/07/2023 00:30,0.0
06/07/2023 01:00,0.0
06/07/2023 01:30,0.0
06/07/2023 02:00,0.0
06/07/2023 02:30,0.0
06/07/2023 03:00,0.0
06/07/2023 03:30,0.0
06/07/2023 04:00,0.0
06/07/2023 04:30,0.0
06/07/2023 05:00,0.0
06/07/2023 05:30,0.0
06/07/2023 06:00,0.0
06/07/2023 06:30,0.0
06/07/2023 07:00,0.0
06/07/2023 07:30,0.0
06/07/2023 08:00,0.0
06/07/2023 08:30,0.0
06/07/2023 09:00,0.0
06/07/2023 09:30,0.0
06/07/2023 10:00,0.0
06/07/2023 10:30,0.0
06/07/2023 11:00,0.0
06/07/2023 11:30,0.0
06/07/2023 12:00,0.0
06/07/2023 12:30,0.0
06/07/2023 13:00,0.0
06/07/2023 13:30,0.0
06/07/2023 14:00,0.0
06/07/2023 14:30,0.0
06/07/2023 15:00,0.0
06/07/2023 15:30,0.0
06/07/2023 16:00,0.0
06/07/2023 16:30,0.0
06/07/2023 17:00,0.0
06/07/2023 17:30,0.0
06/07/2023 18:00,0.0
06/07/2023 18:30,0.0
06/07/2023 19:00,0.0
06/07/2023 19:30,0.0
06/07/2023 20:00,0.0
06/07/2023 20:30,0.0
06/07/2023 21:00,0.0
06/07/2023 21:30,0.0
06/07/2023 22:00,0.0
06/07/2023 22:30,0.0
06/07/2023 23:00,0.0
06/07/2023 23:30,0.0
06/08/2023 00:00,0.0
06/08/2023 00:00,0.0
06/08/2023 00:30,0.0
06/08/2023 00:30,0.0
06/08/2023 01:00,0.0
06/08/2023 01:00,0.0
06/08/2023 01:30,0.0
06/08/2023 01:30,0.0
06/08/2023 02:00,0.0
06/08/2023 02:00,0.0
06/08/2023 02:30,0.0
06/08/2023 02:30,0.0
06/08/2023 03:00,0.0
06/08/2023 03:00,0.0
06/08/2023 03:30,0.0
06/08/2023 03:30,0.0
06/08/2023 04:00,0.0
06/08/2023 04:00,0.0
06/08/2023 04:30,0.0
06/08/2023 04:30,0.0
06/08/2023 05:00,0.0
06/08/2023 05:00,0.0
06/08/2023 05:30,0.0
06/08/2023 05:30,0.0
06/08/2023 06:00,0.0
06/08/2023 06:00,0.0
06/08/2023 06:30,0.0
06/08/2023 06:30,0.0
06/08/2023 07:00,0.0
06/08/2023 07:00,0.0
06/08/2023 07:30,0.0
06/08/2023 07:30,0.0
06/08/2023 08:00,0.0
06/08/2023 08:00,0.0
06/08/2023 08:30,0.0
06/08/2023 08:30,0.0
06/08/2023 09:00,0.0
06/08/2023 09:00,0.0
06/08/2023 09:30,0.0
06/08/2023 09:30,0.0
06/08/2023 10:00,0.0
06/08/2023 10:00,0.0
06/08/2023 10:30,0.0
06/08/2023 10:30,0.0
06/08/2023 11:00,0.0
06/08/2023 11:00,0.0
06/08/2023 11:30,0.0
06/08/2023 11:30,0.0
06/08/2023 12:00,0.0
06/08/2023 12:00,0.0
06/08/2023 12:30,0.0
06/08/2023 12:30,0.0
06/08/2023 13:00,0.0
06/08/2023 13:00,0.0
06/08/2023 13:30,0.0
06/08/2023 13:30,0.0
06/08/2023 14:00,0.0
06/08/2023 14:00,0.0
06/08/2023 14:30,0.0
06/08/2023 14:30,0.0
06/08/2023 15:00,0.0
06/08/2023 15:00,0.0
06/08/2023 15:30,0.0
06/08/2023 15:30,0.0
06/08/2023 16:00,0.0
06/08/2023 16:00,0.0
06/08/2023 16:30,0.0
06/08/2023 16:30,0.0
06/08/2023 17:00,0.0
06/08/2023 17:00,0.0
06/08/2023 17:30,0.0
06/08/2023 17:30,0.0
06/08/2023 18:00,0.0
06/08/2023 18:00,0.0
06/08/2023 18:30,0.0
06/08/2023 18:30,0.0
06/08/2023 19:00,0.0
06/08/2023 19:00,0.0
06/08/2023 19:30,0.0
06/08/2023 19:30,0.0
06/08/2023 20:00,0.0
06/08/2023 20:00,0.0
06/08/2023 20:30,0.0
06/08/2023 20:30,0.0
06/08/2023 21:00,0.0
06/08/2023 21:00,0.0
06/08/2023 21:30,0.0
06/08/2023 21:30,0.0
06/08/2023 22:00,0.0
06/08/2023 22:00,0.0
06/08/2023 22:30,0.0
06/08/2023 22:30,0.0
06/08/2023 23:00,0.0
06/08/2023 23:00,0.0
06/08/2023 23:30,0.0
06/08/2023 23:30,0.0
06/09/2023 00:00,0.0
06/09/2023 00:00,0.0
06/09/2023 00:00,0.0
06/09/2023 00:00,0.0
06/09/2023 00:00,0.0
06/09/2023 00:00,0.0
06/09/2023 00:00,0.0
06/09/2023 00:00,0.0
06/09/2023 00:30,0.0
06/09/2023 00:30,0.0
06/09/2023 00:30,0.0
06/09/2023 00:30,0.0
06/09/2023 00:30,0.0
06/09/2023 00:30,0.0
06/09/2023 00:30,0.0
06/09/2023 00:30,0.0
06/09/2023 01:00,0.0
06/09/2023 01:00,0.0
06/09/2023 01:00,0.0
06/09/2023 01:00,0.0
06/09/2023 01:00,0.0
06/09/2023 01:00,0.0
06/09/2023 01:00,0.0
06/09/2023 01:00,0.0
06/09/2023 01:30,0.0
06/09/2023 01:30,0.0
06/09/2023 01:30,0.0
06/09/2023 01:30,0.0
06/09/2023 01:30,0.0
06/09/2023 01:30,0.0
06/09/2023 01:30,0.0
06/09/2023 01:30,0.0
06/09/2023 02:00,0.0
06/09/2023 02:00,0.0
06/09/2023 02:00,0.0
06/09/2023 02:00,0.0
06/09/2023 02:00,0.0
06/09/2023 02:00,0.0
06/09/2023 02:00,0.0
06/09/2023 02:00,0.0
06/09/2023 02:30,0.0
06/09/2023 02:30,0.0
06/09/2023 02:30,0.0
06/09/2023 02:30,0.0
06/09/2023 02:30,0.0
06/09/2023 02:30,0.0
06/09/2023 02:30,0.0
06/09/2023 02:30,0.0
06/09/2023 03:00,0.0
06/09/2023 03:00,0.0
06/09/2023 03:00,0.0
06/09/2023 03:00,0.0
06/09/2023 03:00,0.0
06/09/2023 03:00,0.0
06/09/2023 03:00,0.0
06/09/2023 03:00,0.0
06/09/2023 03:30,0.0
06/09/2023 03:30,0.0
06/09/2023 03:30,0.0
06/09/2023 03:30,0.0
06/09/2023 03:30,0.0
06/09/2023 03:30,0.0
06/09/2023 03:30,0.0
06/09/2023 03:30,0.0
06/09/2023 04:00,0.0
06/09/2023 04:00,0.0
06/09/2023 04:00,0.0
06/09/2023 04:00,0.0
06/09/2023 04:00,0.0
06/09/2023 04:00,0.0
06/09/2023 04:00,0.0
06/09/2023 04:00,0.0
06/09/2023 04:30,0.0
06/09/2023 04:30,0.0
06/09/2023 04:30,0.0
06/09/2023 04:30,0.0
06/09/2023 04:30,0.0
06/09/2023 04:30,0.0
06/09/2023 04:30,0.0
06/09/2023 04:30,0.0
06/09/2023 05:00,0.0
06/09/2023 05:00,0.0
06/09/2023 05:00,0.0
06/09/2023 05:00,0.0
06/09/2023 05:00,0.0
06/09/2023 05:00,0.0
06/09/2023 05:00,0.0
06/09/2023 05:00,0.0
06/09/2023 05:30,0.0
06/09/2023 05:30,0.0
06/09/2023 05:30,0.0
06/09/2023 05:30,0.0
06/09/2023 05:30,0.0
06/09/2023 05:30,0.0
06/09/2023 05:30,0.0
06/09/2023 05:30,0.0
06/09/2023 06:00,0.0
06/09/2023 06:00,0.0
06/09/2023 06:00,0.0
06/09/2023 06:00,0.0
06/09/2023 06:00,0.0
06/09/2023 06:00,0.0
06/09/2023 06:00,0.0
06/09/2023 06:00,0.0
06/09/2023 06:30,0.0
06/09/2023 06:30,0.0
06/09/2023 06:30,0.0
06/09/2023 06:30,0.0
06/09/2023 06:30,0.0
06/09/2023 06:30,0.0
06/09/2023 06:30,0.0
06/09/2023 06:30,0.0
06/09/2023 07:00,0.0
06/09/2023 07:00,0.0
06/09/2023 07:00,0.0
06/09/2023 07:00,0.0
06/09/2023 07:00,0.0
06/09/2023 07:00,0.0
06/09/2023 07:00,0.0
06/09/2023 07:00,0.0
06/09/2023 07:30,0.0
06/09/2023 07:30,0.0
06/09/2023 07:30,0.0
06/09/2023 07:30,0.0
06/09/2023 07:30,0.0
06/09/2023 07:30,0.0
06/09/2023 07:30,0.0
06/09/2023 07:30,0.0
06/09/2023 08:00,0.0
06/09/2023 08:00,0.0
06/09/2023 08:00,0.0
06/09/2023 08:00,0.0
06/09/2023 08:00,0.0
06/09/2023 08:00,0.0
06/09/2023 08:00,0.0
06/09/2023 08:00,0.0
06/09/2023 08:30,0.0
06/09/2023 08:30,0.0
06/09/2023 08:30,0.0
06/09/2023 08:30,0.0
06/09/2023 08:30,0.0
06/09/2023 08:30,0.0
06/09/2023 08:30,0.0
06/09/2023 08:30,0.0
06/09/2023 09:00,0.0
06/09/2023 09:00,0.0
06/09/2023 09:00,0.0
06/09/2023 09:00,0.0
06/09/2023 09:00,0.0
06/09/2023 09:00,0.0
06/09/2023 09:00,0.0
06/09/2023 09:00,0.0
06/09/2023 09:30,0.0
06/09/2023 09:30,0.0
06/09/2023 09:30,0.0
06/09/2023 09:30,0.0
06/09/2023 09:30,0.0
06/09/2023 09:30,0.0
06/09/2023 09:30,0.0
06/09/2023 09:30,0.0
06/09/2023 10:00,0.0
06/09/2023 10:00,0.0
06/09/2023 10:00,0.0
06/09/2023 10:00,0.0
06/09/2023 10:00,0.0
06/09/2023 10:00,0.0
06/09/2023 10:00,0.0
06/09/2023 10:00,0.0
06/09/2023 10:30,0.0
06/09/2023 10:30,0.0
06/09/2023 10:30,0.0
06/09/2023 10:30,0.0
06/09/2023 10:30,0.0
06/09/2023 10:30,0.0
06/09/2023 10:30,0.0
06/09/2023 10:30,0.0
06/09/2023 11:00,0.0
06/09/2023 11:00,0.0
06/09/2023 11:00,0.0
06/09/2023 11:00,0.0
06/09/2023 11:00,0.0
06/09/2023 11:00,0.0
06/09/2023 11:00,0.0
06/09/2023 11:00,0.0
06/09/2023 11:30,0.0
06/09/2023 11:30,0.0
06/09/2023 11:30,0.0
06/09/2023 11:30,0.0
06/09/2023 11:30,0.0
06/09/2023 11:30,0.0
06/09/2023 11:30,0.0
06/09/2023 11:30,0.0
06/09/2023 12:00,0.0
06/09/2023 12:00,0.0
06/09/2023 12:00,0.0
06/09/2023 12:00,0.0
06/09/2023 12:00,0.0
06/09/2023 12:00,0.0
06/09/2023 12:00,0.0
06/09/2023 12:00,0.0
06/09/2023 12:30,0.0
06/09/2023 12:30,0.0
06/09/2023 12:30,0.0
06/09/2023 12:30,0.0
06/09/2023 12:30,0.0
06/09/2023 12:30,0.0
06/09/2023 12:30,0.0
06/09/2023 12:30,0.0
06/09/2023 13:00,0.0
06/09/2023 13:00,0.0
06/09/2023 13:00,0.0
06/09/2023 13:00,0.0
06/09/2023 13:00,0.0
06/09/2023 13:00,0.0
06/09/2023 13:00,0.0
06/09/2023 13:00,0.0
06/09/2023 13:30,0.0
06/09/2023 13:30,0.0
06/09/2023 13:30,0.0
06/09/2023 13:30,0.0
06/09/2023 13:30,0.0
06/09/2023 13:30,0.0
06/09/2023 13:30,0.0
06/09/2023 13:30,0.0
06/09/2023 14:00,0.0
06/09/2023 14:00,0.0
06/09/2023 14:00,0.0
06/09/2023 14:00,0.0
06/09/2023 14:00,0.0
06/09/2023 14:00,0.0
06/09/2023 14:00,0.0
06/09/2023 14:00,0.0
06/09/2023 14:30,0.0
06/09/2023 14:30,0.0
06/09/2023 14:30,0.0
06/09/2023 14:30,0.0
06/09/2023 14:30,0.0
06/09/2023 14:30,0.0
06/09/2023 14:30,0.0
06/09/2023 14:30,0.0
06/09/2023 15:00,0.0
06/09/2023 15:00,0.0
06/09/2023 15:00,0.0
06/09/2023 15:00,0.0
06/09/2023 15:00,0.0
06/09/2023 15:00,0.0
06/09/2023 15:00,0.0
06/09/2023 15:00,0.0
06/09/2023 15:30,0.0
06/09/2023 15:30,0.0
06/09/2023 15:30,0.0
06/09/2023 15:30,0.0
06/09/2023 15:30,0.0
06/09/2023 15:30,0.0
06/09/2023 15:30,0.0
06/09/2023 15:30,0.0
06/09/2023 16:00,0.0
06/09/2023 16:00,0.0
06/09/2023 16:00,0.0
06/09/2023 16:00,0.0
06/09/2023 16:00,0.0
06/09/2023 16:00,0.0
06/09/2023 16:00,0.0
06/09/2023 16:00,0.0
06/09/2023 16:30,0.0
06/09/2023 16:30,0.0
06/09/2023 16:30,0.0
06/09/2023 16:30,0.0
06/09/2023 16:30,0.0
06/09/2023 16:30,0.0
06/09/2023 16:30,0.0
06/09/2023 16:30,0.0
06/09/2023 17:00,0.0
06/09/2023 17:00,0.0
06/09/2023 17:00,0.0
06/09/2023 17:00,0.0
06/09/2023 17:00,0.0
06/09/2023 17:00,0.0
06/09/2023 17:00,0.0
06/09/2023 17:00,0.0
06/09/2023 17:30,0.0
06/09/2023 17:30,0.0
06/09/2023 17:30,0.0
06/09/2023 17:30,0.0
06/09/2023 17:30,0.0
06/09/2023 17:30,0.0
06/09/2023 17:30,0.0
06/09/2023 17:30,0.0
06/09/2023 18:00,0.0
06/09/2023 18:00,0.0
06/09/2023 18:00,0.0
06/09/2023 18:00,0.0
06/09/2023 18:00,0.0
06/09/2023 18:00,0.0
06/09/2023 18:00,0.0
06/09/2023 18:00,0.0
06/09/2023 18:30,0.0
06/09/2023 18:30,0.0
06/09/2023 18:30,0.0
06/09/2023 18:30,0.0
06/09/2023 18:30,0.0
06/09/2023 18:30,0.0
06/09/2023 18:30,0.0
06/09/2023 18:30,0.0
06/09/2023 19:00,0.0
06/09/2023 19:00,0.0
06/09/2023 19:00,0.0
06/09/2023 19:00,0.0
06/09/2023 19:00,0.0
06/09/2023 19:00,0.0
06/09/2023 19:00,0.0
06/09/2023 19:00,0.0
06/09/2023 19:30,0.0
06/09/2023 19:30,0.0
06/09/2023 19:30,0.0
06/09/2023 19:30,0.0
06/09/2023 19:30,0.0
06/09/2023 19:30,0.0
06/09/2023 19:30,0.0
06/09/2023 19:30,0.0
06/09/2023 20:00,0.0
06/09/2023 20:00,0.0
06/09/2023 20:00,0.0
06/09/2023 20:00,0.0
06/09/2023 20:00,0.0
06/09/2023 20:00,0.0
06/09/2023 20:00,0.0
06/09/2023 20:00,0.0
06/09/2023 20:30,0.0
06/09/2023 20:30,0.0
06/09/2023 20:30,0.0
06/09/2023 20:30,0.0
06/09/2023 20:30,0.0
06/09/2023 20:30,0.0
06/09/2023 20:30,0.0
06/09/2023 20:30,0.0
06/09/2023 21:00,0.0
06/09/2023 21:00,0.0
06/09/2023 21:00,0.0
06/09/2023 21:00,0.0
06/09/2023 21:00,0.0
06/09/2023 21:00,0.0
06/09/2023 21:00,0.0
06/09/2023 21:00,0.0
06/09/2023 21:30,0.0
06/09/2023 21:30,0.0
06/09/2023 21:30,0.0
06/09/2023 21:30,0.0
06/09/2023 21:30,0.0
06/09/2023 21:30,0.0
06/09/2023 21:30,0.0
06/09/2023 21:30,0.0
06/09/2023 22:00,0.0
06/09/2023 22:00,0.0
06/09/2023 22:00,0.0
06/09/2023 22:00,0.0
06/09/2023 22:00,0.0
06/09/2023 22:00,0.0
06/09/2023 22:00,0.0
06/09/2023 22:00,0.0
06/09/2023 22:30,0.0
06/09/2023 22:30,0.0
06/09/2023 22:30,0.0
06/09/2023 22:30,0.0
06/09/2023 22:30,0.0
06/09/2023 22:30,0.0
06/09/2023 22:30,0.0
06/09/2023 22:30,0.0
06/09/2023 23:00,0.0
06/09/2023 23:00,0.0
06/09/2023 23:00,0.0
06/09/2023 23:00,0.0
06/09/2023 23:00,0.0
06/09/2023 23:00,0.0
06/09/2023 23:00,0.0
06/09/2023 23:00,0.0
06/09/2023 23:30,0.0
06/09/2023 23:30,0.0
06/09/2023 23:30,0.0
06/09/2023 23:30,0.0
06/09/2023 23:30,0.0
06/09/2023 23:30,0.0
06/09/2023 23:30,0.0
06/09/2023 23:30,0.0
06/10/2023 00:00,0.0
06/10/2023 00:00,0.0
06/10/2023 00:00,0.0
06/10/2023 00:00,0.0
06/10/2023 00:00,0.0
06/10/2023 00:00,0.0
06/10/2023 00:30,0.0
06/10/2023 00:30,0.0
06/10/2023 00:30,0.0
06/10/2023 00:30,0.0
06/10/2023 00:30,0.0
06/10/2023 00:30,0.0
06/10/2023 01:00,0.0
06/10/2023 01:00,0.0
06/10/2023 01:00,0.0
06/10/2023 01:00,0.0
06/10/2023 01:00,0.0
06/10/2023 01:00,0.0
06/10/2023 01:30,0.0
06/10/2023 01:30,0.0
06/10/2023 01:30,0.0
06/10/2023 01:30,0.0
06/10/2023 01:30,0.0
06/10/2023 01:30,0.0
06/10/2023 02:00,0.0
06/10/2023 02:00,0.0
06/10/2023 02:00,0.0
06/10/2023 02:00,0.0
06/10/2023 02:00,0.0
06/10/2023 02:00,0.0
06/10/2023 02:30,0.0
06/10/2023 02:30,0.0
06/10/2023 02:30,0.0
06/10/2023 02:30,0.0
06/10/2023 02:30,0.0
06/10/2023 02:30,0.0
06/10/2023 03:00,0.0
06/10/2023 03:00,0.0
06/10/2023 03:00,0.0
06/10/2023 03:00,0.0
06/10/2023 03:00,0.0
06/10/2023 03:00,0.0
06/10/2023 03:30,0.0
06/10/2023 03:30,0.0
06/10/2023 03:30,0.0
06/10/2023 03:30,0.0
06/10/2023 03:30,0.0
06/10/2023 03:30,0.0
06/10/2023 04:00,0.0
06/10/2023 04:00,0.0
06/10/2023 04:00,0.0
06/10/2023 04:00,0.0
06/10/2023 04:00,0.0
06/10/2023 04:00,0.0
06/10/2023 04:30,0.0
06/10/2023 04:30,0.0
06/10/2023 04:30,0.0
06/10/2023 04:30,0.0
06/10/2023 04:30,0.0
06/10/2023 04:30,0.0
06/10/2023 05:00,0.0
06/10/2023 05:00,0.0
06/10/2023 05:00,0.0
06/10/2023 05:00,0.0
06/10/2023 05:00,0.0
06/10/2023 05:00,0.0
06/10/2023 05:30,0.0
06/10/2023 05:30,0.0
06/10/2023 05:30,0.0
06/10/2023 05:30,0.0
06/10/2023 05:30,0.0
06/10/2023 05:30,0.0
06/10/2023 06:00,0.0
06/10/2023 06:00,0.0
06/10/2023 06:00,0.0
06/10/2023 06:00,0.0
06/10/2023 06:00,0.0
06/10/2023 06:00,0.0
06/10/2023 06:30,0.0
06/10/2023 06:30,0.0
06/10/2023 06:30,0.0
06/10/2023 06:30,0.0
06/10/2023 06:30,0.0
06/10/2023 06:30,0.0
06/10/2023 07:00,0.0
06/10/2023 07:00,0.0
06/10/2023 07:00,0.0
06/10/2023 07:00,0.0
06/10/2023 07:00,0.0
06/10/2023 07:00,0.0
06/10/2023 07:30,0.0
06/10/2023 07:30,0.0
06/10/2023 07:30,0.0
06/10/2023 07:30,0.0
06/10/2023 07:30,0.0
06/10/2023 07:30,0.0
06/10/2023 08:00,0.0
06/10/2023 08:00,0.0
06/10/2023 08:00,0.0
06/10/2023 08:00,0.0
06/10/2023 08:00,0.0
06/10/2023 08:00,0.0
06/10/2023 08:30,0.0
06/10/2023 08:30,0.0
06/10/2023 08:30,0.0
06/10/2023 08:30,0.0
06/10/2023 08:30,0.0
06/10/2023 08:30,0.0
06/10/2023 09:00,0.0
06/10/2023 09:00,0.0
06/10/2023 09:00,0.0
06/10/2023 09:00,0.0
06/10/2023 09:00,0.0
06/10/2023 09:00,0.0
06/10/2023 09:30,0.0
06/10/2023 09:30,0.0
06/10/2023 09:30,0.0
06/10/2023 09:30,0.0
06/10/2023 09:30,0.0
06/10/2023 09:30,0.0
06/10/2023 10:00,0.0
06/10/2023 10:00,0.0
06/10/2023 10:00,0.0
06/10/2023 10:00,0.0
06/10/2023 10:00,0.0
06/10/2023 10:00,0.0
06/10/2023 10:30,0.0
06/10/2023 10:30,0.0
06/10/2023 10:30,0.0
06/10/2023 10:30,0.0
06/10/2023 10:30,0.0
06/10/2023 10:30,0.0
06/10/2023 11:00,0.0
06/10/2023 11:00,0.0
06/10/2023 11:00,0.0
06/10/2023 11:00,0.0
06/10/2023 11:00,0.0
06/10/2023 11:00,0.0
06/10/2023 11:30,0.0
06/10/2023 11:30,0.0
06/10/2023 11:30,0.0
06/10/2023 11:30,0.0
06/10/2023 11:30,0.0
06/10/2023 11:30,0.0
06/10/2023 12:00,0.0
06/10/2023 12:00,0.0
06/10/2023 12:00,0.0
06/10/2023 12:00,0.0
06/10/2023 12:00,0.0
06/10/2023 12:00,0.0
06/10/2023 12:30,0.0
06/10/2023 12:30,0.0
06/10/2023 12:30,0.0
06/10/2023 12:30,0.0
06/10/2023 12:30,0.0
06/10/2023 12:30,0.0
06/10/2023 13:00,0.0
06/10/2023 13:00,0.0
06/10/2023 13:00,0.0
06/10/2023 13:00,0.0
06/10/2023 13:00,0.0
06/10/2023 13:00,0.0
06/10/2023 13:30,0.0
06/10/2023 13:30,0.0
06/10/2023 13:30,0.0
06/10/2023 13:30,0.0
06/10/2023 13:30,0.0
06/10/2023 13:30,0.0
06/10/2023 14:00,0.0
06/10/2023 14:00,0.0
06/10/2023 14:00,0.0
06/10/2023 14:00,0.0
06/10/2023 14:00,0.0
06/10/2023 14:00,0.0
06/10/2023 14:30,0.0
06/10/2023 14:30,0.0
06/10/2023 14:30,0.0
06/10/2023 14:30,0.0
06/10/2023 14:30,0.0
06/10/2023 14:30,0.0
06/10/2023 15:00,0.0
06/10/2023 15:00,0.0
06/10/2023 15:00,0.0
06/10/2023 15:00,0.0
06/10/2023 15:00,0.0
06/10/2023 15:00,0.0
06/10/2023 15:30,0.0
06/10/2023 15:30,0.0
06/10/2023 15:30,0.0
06/10/2023 15:30,0.0
06/10/2023 15:30,0.0
06/10/2023 15:30,0.0
06/10/2023 16:00,0.0
06/10/2023 16:00,0.0
06/10/2023 16:00,0.0
06/10/2023 16:00,0.0
06/10/2023 16:00,0.0
06/10/2023 16:00,0.0
06/10/2023 16:30,0.0
06/10/2023 16:30,0.0
06/10/2023 16:30,0.0
06/10/2023 16:30,0.0
06/10/2023 16:30,0.0
06/10/2023 16:30,0.0
06/10/2023 17:00,0.0
06/10/2023 17:00,0.0
06/10/2023 17:00,0.0
06/10/2023 17:00,0.0
06/10/2023 17:00,0.0
06/10/2023 17:00,0.0
06/10/2023 17:30,0.0
06/10/2023 17:30,0.0
06/10/2023 17:30,0.0
06/10/2023 17:30,0.0
06/10/2023 17:30,0.0
06/10/2023 17:30,0.0
06/10/2023 18:00,0.0
06/10/2023 18:00,0.0
06/10/2023 18:00,0.0
06/10/2023 18:00,0.0
06/10/2023 18:00,0.0
06/10/2023 18:00,0.0
06/10/2023 18:30,0.0
06/10/2023 18:30,0.0
06/10/2023 18:30,0.0
06/10/2023 18:30,0.0
06/10/2023 18:30,0.0
06/10/2023 18:30,0.0
06/10/2023 19:00,0.0
06/10/2023 19:00,0.0
06/10/2023 19:00,0.0
06/10/2023 19:00,0.0
06/10/2023 19:00,0.0
06/10/2023 19:00,0.0
06/10/2023 19:30,0.0
06/10/2023 19:30,0.0
06/10/2023 19:30,0.0
06/10/2023 19:30,0.0
06/10/2023 19:30,0.0
06/10/2023 19:30,0.0
06/10/2023 20:00,0.0
06/10/2023 20:00,0.0
06/10/2023 20:00,0.0
06/10/2023 20:00,0.0
06/10/2023 20:00,0.0
06/10/2023 20:00,0.0
06/10/2023 20:30,0.0
06/10/2023 20:30,0.0
06/10/2023 20:30,0.0
06/10/2023 20:30,0.0
06/10/2023 20:30,0.0
06/10/2023 20:30,0.0
06/10/2023 21:00,0.0
06/10/2023 21:00,0.0
06/10/2023 21:00,0.0
06/10/2023 21:00,0.0
06/10/2023 21:00,0.0
06/10/2023 21:00,0.0
06/10/2023 21:30,0.0
06/10/2023 21:30,0.0
06/10/2023 21:30,0.0
06/10/2023 21:30,0.0
06/10/2023 21:30,0.0
06/10/2023 21:30,0.0
06/10/2023 22:00,0.0
06/10/2023 22:00,0.0
06/10/2023 22:00,0.0
06/10/2023 22:00,0.0
06/10/2023 22:00,0.0
06/10/2023 22:00,0.0
06/10/2023 22:30,0.0
06/10/2023 22:30,0.0
06/10/2023 22:30,0.0
06/10/2023 22:30,0.0
06/10/2023 22:30,0.0
06/10/2023 22:30,0.0
06/10/2023 23:00,0.0
06/10/2023 23:00,0.0
06/10/2023 23:00,0.0
06/10/2023 23:00,0.0
06/10/2023 23:00,0.0
06/10/2023 23:00,0.0
06/10/2023 23:30,0.0
06/10/2023 23:30,0.0
06/10/2023 23:30,0.0
06/10/2023 23:30,0.0
06/10/2023 23:30,0.0
06/10/2023 23:30,0.0
06/11/2023 00:00,0.0
06/11/2023 00:00,0.0
06/11/2023 00:00,0.0
06/11/2023 00:00,0.0
06/11/2023 00:30,0.0
06/11/2023 00:30,0.0
06/11/2023 00:30,0.0
06/11/2023 00:30,0.0
06/11/2023 01:00,0.0
06/11/2023 01:00,0.0
06/11/2023 01:00,0.0
06/11/2023 01:00,0.0
06/11/2023 01:30,0.0
06/11/2023 01:30,0.0
06/11/2023 01:30,0.0
06/11/2023 01:30,0.0
06/11/2023 02:00,0.0
06/11/2023 02:00,0.0
06/11/2023 02:00,0.0
06/11/2023 02:00,0.0
06/11/2023 02:30,0.0
06/11/2023 02:30,0.0
06/11/2023 02:30,0.0
06/11/2023 02:30,0.0
06/11/2023 03:00,0.0
06/11/2023 03:00,0.0
06/11/2023 03:00,0.0
06/11/2023 03:00,0.0
06/11/2023 03:30,0.0
06/11/2023 03:30,0.0
06/11/2023 03:30,0.0
06/11/2023 03:30,0.0
06/11/2023 04:00,0.0
06/11/2023 04:00,0.0
06/11/2023 04:00,0.0
06/11/2023 04:00,0.0
06/11/2023 04:30,0.0
06/11/2023 04:30,0.0
06/11/2023 04:30,0.0
06/11/2023 04:30,0.0
06/11/2023 05:00,0.0
06/11/2023 05:00,0.0
06/11/2023 05:00,0.0
06/11/2023 05:00,0.0
06/11/2023 05:30,0.0
06/11/2023 05:30,0.0
06/11/2023 05:30,0.0
06/11/2023 05:30,0.0
06/11/2023 06:00,0.0
06/11/2023 06:00,0.0
06/11/2023 06:00,0.0
06/11/2023 06:00,0.0
06/11/2023 06:30,0.0
06/11/2023 06:30,0.0
06/11/2023 06:30,0.0
06/11/2023 06:30,0.0
06/11/2023 07:00,0.0
06/11/2023 07:00,0.0
06/11/2023 07:00,0.0
06/11/2023 07:00,0.0
06/11/2023 07:30,0.0
06/11/2023 07:30,0.0
06/11/2023 07:30,0.0
06/11/2023 07:30,0.0
06/11/2023 08:00,0.0
06/11/2023 08:00,0.0
06/11/2023 08:00,0.0
06/11/2023 08:00,0.0
06/11/2023 08:30,0.0
06/11/2023 08:30,0.0
06/11/2023 08:30,0.0
06/11/2023 08:30,0.0
06/11/2023 09:00,0.0
06/11/2023 09:00,0.0
06/11/2023 09:00,0.0
06/11/2023 09:00,0.0
06/11/2023 09:30,0.0
06/11/2023 09:30,0.0
06/11/2023 09:30,0.0
06/11/2023 09:30,0.0
06/11/2023 10:00,0.0
06/11/2023 10:00,0.0
06/11/2023 10:00,0.0
06/11/2023 10:00,0.0
06/11/2023 10:30,0.0
06/11/2023 10:30,0.0
06/11/2023 10:30,0.0
06/11/2023 10:30,0.0
06/11/2023 11:00,0.0
06/11/2023 11:00,0.0
06/11/2023 11:00,0.0
06/11/2023 11:00,0.0
06/11/2023 11:30,0.0
06/11/2023 11:30,0.0
06/11/2023 11:30,0.0
06/11/2023 11:30,0.0
06/11/2023 12:00,0.0
06/11/2023 12:00,0.0
06/11/2023 12:00,0.0
06/11/2023 12:00,0.0
06/11/2023 12:30,0.0
06/11/2023 12:30,0.0
06/11/2023 12:30,0.0
06/11/2023 12:30,0.0
06/11/2023 13:00,0.0
06/11/2023 13:00,0.0
06/11/2023 13:00,0.0
06/11/2023 13:00,0.0
06/11/2023 13:30,0.0
06/11/2023 13:30,0.0
06/11/2023 13:30,0.0
06/11/2023 13:30,0.0
06/11/2023 14:00,0.0
06/11/2023 14:00,0.0
06/11/2023 14:00,0.0
06/11/2023 14:00,0.0
06/11/2023 14:30,0.0
06/11/2023 14:30,0.0
06/11/2023 14:30,0.0
06/11/2023 14:30,0.0
06/11/2023 15:00,0.0
06/11/2023 15:00,0.0
06/11/2023 15:00,0.0
06/11/2023 15:00,0.0
06/11/2023 15:30,0.0
06/11/2023 15:30,0.0
06/11/2023 15:30,0.0
06/11/2023 15:30,0.0
06/11/2023 16:00,0.0
06/11/2023 16:00,0.0
06/11/2023 16:00,0.0
06/11/2023 16:00,0.0
06/11/2023 16:30,0.0
06/11/2023 16:30,0.0
06/11/2023 16:30,0.0
06/11/2023 16:30,0.0
06/11/2023 17:00,0.0
06/11/2023 17:00,0.0
06/11/2023 17:00,0.0
06/11/2023 17:00,0.0
06/11/2023 17:30,0.0
06/11/2023 17:30,0.0
06/11/2023 17:30,0.0
06/11/2023 17:30,0.0
06/11/2023 18:00,0.0
06/11/2023 18:00,0.0
06/11/2023 18:00,0.0
06/11/2023 18:00,0.0
06/11/2023 18:30,0.0
06/11/2023 18:30,0.0
06/11/2023 18:30,0.0
06/11/2023 18:30,0.0
06/11/2023 19:00,0.0
06/11/2023 19:00,0.0
06/11/2023 19:00,0.0
06/11/2023 19:00,0.0
06/11/2023 19:30,0.0
06/11/2023 19:30,0.0
06/11/2023 19:30,0.0
06/11/2023 19:30,0.0
06/11/2023 20:00,0.0
06/11/2023 20:00,0.0
06/11/2023 20:00,0.0
06/11/2023 20:00,0.0
06/11/2023 20:30,0.0
06/11/2023 20:30,0.0
06/11/2023 20:30,0.0
06/11/2023 20:30,0.0
06/11/2023 21:00,0.0
06/11/2023 21:00,0.0
06/11/2023 21:00,0.0
06/11/2023 21:00,0.0
06/11/2023 21:30,0.0
06/11/2023 21:30,0.0
06/11/2023 21:30,0.0
06/11/2023 21:30,0.0
06/11/2023 22:00,0.0
06/11/2023 22:00,0.0
06/11/2023 22:00,0.0
06/11/2023 22:00,0.0
06/11/2023 22:30,0.0
06/11/2023 22:30,0.0
06/11/2023 22:30,0.0
06/11/2023 22:30,0.0
06/11/2023 23:00,0.0
06/11/2023 23:00,0.0
06/11/2023 23:00,0.0
06/11/2023 23:00,0.0
06/11/2023 23:30,0.0
06/11/2023 23:30,0.0
06/11/2023 23:30,0.0
06/11/2023 23:30,0.0
06/12/2023 00:00,0.0
06/12/2023 00:30,0.0
06/12/2023 01:00,0.0
06/12/2023 01:30,0.0
06/12/2023 02:00,0.0
06/12/2023 02:30,0.0
06/12/2023 03:00,0.0
06/12/2023 03:30,0.0
06/12/2023 04:00,0.0
06/12/2023 04:30,0.0
06/12/2023 05:00,0.0
06/12/2023 05:30,0.0
06/12/2023 06:00,0.0
06/12/2023 06:30,0.0
06/12/2023 07:00,0.0
06/12/2023 07:30,0.0
06/12/2023 08:00,0.0
06/12/2023 08:30,0.0
06/12/2023 09:00,0.0
06/12/2023 09:30,0.0
06/12/2023 10:00,0.0
06/12/2023 10:30,0.0
06/12/2023 11:00,0.0
06/12/2023 11:30,0.0
06/12/2023 12:00,0.0
06/12/2023 12:30,0.0
06/12/2023 13:00,0.0
06/12/2023 13:30,0.0
06/12/2023 14:00,0.0
06/12/2023 14:30,0.0
06/12/2023 15:00,0.0
06/12/2023 15:30,0.0
06/12/2023 16:00,0.0
06/12/2023 16:30,0.0
06/12/2023 17:00,0.0
06/12/2023 17:30,0.0
06/12/2023 18:00,0.0
06/12/2023 18:30,0.0
06/12/2023 19:00,0.0
06/12/2023 19:30,0.0
06/12/2023 20:00,0.0
06/12/2023 20:30,0.0
06/12/2023 21:00,0.0
06/12/2023 21:30,0.0
06/12/2023 22:00,0.0
06/12/2023 22:30,0.0
06/12/2023 23:00,0.0
06/12/2023 23:30,0.0
06/13/2023 00:00,0.0
06/13/2023 00:30,0.0
06/13/2023 01:00,0.0
06/13/2023 01:30,0.0
06/13/2023 02:00,0.0
06/13/2023 02:30,0.0
06/13/2023 03:00,0.0
06/13/2023 03:30,0.0
06/13/2023 04:00,0.0
06/13/2023 04:30,0.0
06/13/2023 05:00,0.0
06/13/2023 05:30,0.0
06/13/2023 06:00,0.0
06/13/2023 06:30,0.0
06/13/2023 07:00,0.0
06/13/2023 07:30,0.0
06/13/2023 08:00,0.0
06/13/2023 08:30,0.0
06/13/2023 09:00,0.0
06/13/2023 09:30,0.0
06/13/2023 10:00,0.0
06/13/2023 10:30,0.0
06/13/2023 11:00,0.0
06/13/2023 11:30,0.0
06/13/2023 12:00,0.0
06/13/2023 12:30,0.0
06/13/2023 13:00,0.0
06/13/2023 13:30,0.0
06/13/2023 14:00,0.0
06/13/2023 14:30,0.0
06/13/2023 15:00,0.0
06/13/2023 15:30,0.0
06/13/2023 16:00,0.0
06/13/2023 16:30,0.0
06/13/2023 17:00,0.0
06/13/2023 17:30,0.0
06/13/2023 18:00,0.0
06/13/2023 18:30,0.0
06/13/2023 19:00,0.0
06/13/2023 19:30,0.0
06/13/2023 20:00,0.0
06/13/2023 20:30,0.0
06/13/2023 21:00,0.0
06/13/2023 21:30,0.0
06/13/2023 22:00,0.0
06/13/2023 22:30,0.0
06/13/2023 23:00,0.0
06/13/2023 23:30,0.0
06/14/2023 00:00,0.0
06/14/2023 00:30,0.0
06/14/2023 01:00,0.0
06/14/2023 01:30,0.0
06/14/2023 02:00,0.0
06/14/2023 02:30,0.0
06/14/2023 03:00,0.0
06/14/2023 03:30,0.0
06/14/2023 04:00,0.0
06/14/2023 04:30,0.0
06/14/2023 05:00,0.0
06/14/2023 05:30,0.0
06/14/2023 06:00,0.0
06/14/2023 06:30,0.0
06/14/2023 07:00,0.0
06/14/2023 07:30,0.0
06/14/2023 08:00,0.0
06/14/2023 08:30,0.0
06/14/2023 09:00,0.0
06/14/2023 09:30,0.0
06/14/2023 10:00,0.0
06/14/2023 10:30,0.0
06/14/2023 11:00,0.0
06/14/2023 11:30,0.0
06/14/2023 12:00,0.0
06/14/2023 12:30,0.0
06/14/2023 13:00,0.0
06/14/2023 13:30,0.0
06/14/2023 14:00,0.0
06/14/2023 14:30,0.0
06/14/2023 15:00,0.0
06/14/2023 15:30,0.0
06/14/2023 16:00,0.0
06/14/2023 16:30,0.0
06/14/2023 17:00,0.0
06/14/2023 17:30,0.0
06/14/2023 18:00,0.0
06/14/2023 18:30,0.0
06/14/2023 19:00,0.0
06/14/2023 19:30,0.0
06/14/2023 20:00,0.0
06/14/2023 20:30,0.0
06/14/2023 21:00,0.0
06/14/2023 21:30,0.0
06/14/2023 22:00,0.0
06/14/2023 22:30,0.0
06/14/2023 23:00,0.0
06/14/2023 23:30,0.0
06/15/2023 00:00,0.0
06/15/2023 00:30,0.0
06/15/2023 01:00,0.0
06/15/2023 01:30,0.0
06/15/2023 02:00,0.0
06/15/2023 02:30,0.0
06/15/2023 03:00,0.0
06/15/2023 03:30,0.0
06/15/2023 04:00,0.0
06/15/2023 04:30,0.0
06/15/2023 05:00,0.0
06/15/2023 05:30,0.0
06/15/2023 06:00,0.0
06/15/2023 06:30,0.0
06/15/2023 07:00,0.0
06/15/2023 07:30,0.0
06/15/2023 08:00,0.0
06/15/2023 08:30,0.0
06/15/2023 09:00,0.0
06/15/2023 09:30,0.0
06/15/2023 10:00,0.0
06/15/2023 10:30,0.0
06/15/2023 11:00,0.0
06/15/2023 11:30,0.0
06/15/2023 12:00,0.0
06/15/2023 12:30,0.0
06/15/2023 13:00,0.0
06/15/2023 13:30,0.0
06/15/2023 14:00,0.0
06/15/2023 14:30,0.0
06/15/2023 15:00,0.0
06/15/2023 15:30,0.0
06/15/2023 16:00,0.0
06/15/2023 16:30,0.0
06/15/2023 17:00,0.0
06/15/2023 17:30,0.0
06/15/2023 18:00,0.0
06/15/2023 18:30,0.0
06/15/2023 19:00,0.0
06/15/2023 19:30,0.0
06/15/2023 20:00,0.0
06/15/2023 20:30,0.0
06/15/2023 21:00,0.0
06/15/2023 21:30,0.0
06/15/2023 22:00,0.0
06/15/2023 22:30,0.0
06/15/2023 23:00,0.0
06/15/2023 23:30,0.0
06/16/2023 00:00,0.0
06/16/2023 00:30,0.0
06/16/2023 01:00,0.0
06/16/2023 01:30,0.0
06/16/2023 02:00,0.0
06/16/2023 02:30,0.0
06/16/2023 03:00,0.0
06/16/2023 03:30,0.0
06/16/2023 04:00,0.0
06/16/2023 04:30,0.0
06/16/2023 05:00,0.0
06/16/2023 05:30,0.0
06/16/2023 06:00,0.0
06/16/2023 06:30,0.0
06/16/2023 07:00,0.0
06/16/2023 07:30,0.0
06/16/2023 08:00,0.0
06/16/2023 08:30,0.0
06/16/2023 09:00,0.0
06/16/2023 09:30,0.0
06/16/2023 10:00,0.0
06/16/2023 10:30,0.0
06/16/2023 11:00,0.0
06/16/2023 11:30,0.0
06/16/2023 12:00,0.0
06/16/2023 12:30,0.0
06/16/2023 13:00,0.0
06/16/2023 13:30,0.0
06/16/2023 14:00,0.0
06/16/2023 14:30,0.0
06/16/2023 15:00,0.0
06/16/2023 15:30,0.0
06/16/2023 16:00,0.0
06/16/2023 16:30,0.0
06/16/2023 17:00,0.0
06/16/2023 17:30,0.0
06/16/2023 18:00,0.0
06/16/2023 18:30,0.0
06/16/2023 19:00,0.0
06/16/2023 19:30,0.0
06/16/2023 20:00,0.0
06/16/2023 20:30,0.0
06/16/2023 21:00,0.0
06/16/2023 21:30,0.0
06/16/2023 22:00,0.0
06/16/2023 22:30,0.0
06/16/2023 23:00,0.0
06/16/2023 23:30,0.0
06/17/2023 00:00,0.0
06/17/2023 00:30,0.0
06/17/2023 01:00,0.0
06/17/2023 01:30,0.0
06/17/2023 02:00,0.0
06/17/2023 02:30,0.0
06/17/2023 03:00,0.0
06/17/2023 03:30,0.0
06/17/2023 04:00,0.0
06/17/2023 04:30,0.0
06/17/2023 05:00,0.0
06/17/2023 05:30,0.0
06/17/2023 06:00,0.0
06/17/2023 06:30,0.0
06/17/2023 07:00,0.0
06/17/2023 07:30,0.0
06/17/2023 08:00,0.0
06/17/2023 08:30,0.0
06/17/2023 09:00,0.0
06/17/2023 09:30,0.0
06/17/2023 10:00,0.0
06/17/2023 10:30,0.0
06/17/2023 11:00,0.0
06/17/2023 11:30,0.0
06/17/2023 12:00,0.0
06/17/2023 12:30,0.0
06/17/2023 13:00,0.0
06/17/2023 13:30,0.0
06/17/2023 14:00,0.0
06/17/2023 14:30,0.0
06/17/2023 15:00,0.0
06/17/2023 15:30,0.0
06/17/2023 16:00,0.0
06/17/2023 16:30,0.0
06/17/2023 17:00,0.0
06/17/2023 17:30,0.0
06/17/2023 18:00,0.0
06/17/2023 18:30,0.0
06/17/2023 19:00,0.0
06/17/2023 19:30,0.0
06/17/2023 20:00,0.0
06/17/2023 20:30,0.0
06/17/2023 21:00,0.0
06/17/2023 21:30,0.0
06/17/2023 22:00,0.0
06/17/2023 22:30,0.0
06/17/2023 23:00,0.0
06/17/2023 23:30,0.0
06/18/2023 00:00,0.0
06/18/2023 00:30,0.0
06/18/2023 01:00,0.0
06/18/2023 01:30,0.0
06/18/2023 02:00,0.0
06/18/2023 02:30,0.0
06/18/2023 03:00,0.0
06/18/2023 03:30,0.0
06/18/2023 04:00,0.0
06/18/2023 04:30,0.0
06/18/2023 05:00,0.0
06/18/2023 05:30,0.0
06/18/2023 06:00,0.0
06/18/2023 06:30,0.0
06/18/2023 07:00,0.0
06/18/2023 07:30,0.0
06/18/2023 08:00,0.0
06/18/2023 08:30,0.0
06/18/2023 09:00,0.0
06/18/2023 09:30,0.0
06/18/2023 10:00,0.0
06/18/2023 10:30,0.0
06/18/2023 11:00,0.0
06/18/2023 11:30,0.0
06/18/2023 12:00,0.0
06/18/2023 12:30,0.0
06/18/2023 13:00,0.0
06/18/2023 13:30,0.0
06/18/2023 14:00,0.0
06/18/2023 14:30,0.0
06/18/2023 15:00,0.0
06/18/2023 15:30,0.0
06/18/2023 16:00,0.0
06/18/2023 16:30,0.0
06/18/2023 17:00,0.0
06/18/2023 17:30,0.0
06/18/2023 18:00,0.0
06/18/2023 18:30,0.0
06/18/2023 19:00,0.0
06/18/2023 19:30,0.0
06/18/2023 20:00,0.0
06/18/2023 20:30,0.0
06/18/2023 21:00,0.0
06/18/2023 21:30,0.0
06/18/2023 22:00,0.0
06/18/2023 22:30,0.0
06/18/2023 23:00,0.0
06/18/2023 23:30,0.0
06/19/2023 00:00,0.0
06/19/2023 00:30,0.0
06/19/2023 01:00,0.0
06/19/2023 01:30,0.0
06/19/2023 02:00,0.0
06/19/2023 02:30,0.0
06/19/2023 03:00,0.0
06/19/2023 03:30,0.0
06/19/2023 04:00,0.0
06/19/2023 04:30,0.0
06/19/2023 05:00,0.0
06/19/2023 05:30,0.0
06/19/2023 06:00,0.0
06/19/2023 06:30,0.0
06/19/2023 07:00,0.0
06/19/2023 07:30,0.0
06/19/2023 08:00,0.0
06/19/2023 08:30,0.0
06/19/2023 09:00,0.0
06/19/2023 09:30,0.0
06/19/2023 10:00,0.0
06/19/2023 10:30,0.0
06/19/2023 11:00,0.0
06/19/2023 11:30,0.0
06/19/2023 12:00,0.0
06/19/2023 12:30,0.0
06/19/2023 13:00,0.0
06/19/2023 13:30,0.0
06/19/2023 14:00,0.0
06/19/2023 14:30,0.0
06/19/2023 15:00,0.0
06/19/2023 15:30,0.0
06/19/2023 16:00,0.0
06/19/2023 16:30,0.0
06/19/2023 17:00,0.0
06/19/2023 17:30,0.0
06/19/2023 18:00,0.0
06/19/2023 18:30,0.0
06/19/2023 19:00,0.0
06/19/2023 19:30,0.0
06/19/2023 20:00,0.0
06/19/2023 20:30,0.0
06/19/2023 21:00,0.0
06/19/2023 21:30,0.0
06/19/2023 22:00,0.0
06/19/2023 22:30,0.0
06/19/2023 23:00,0.0
06/19/2023 23:30,0.0
06/20/2023 00:00,0.0
06/20/2023 00:30,0.0
06/20/2023 01:00,0.0
06/20/2023 01:30,0.0
06/20/2023 02:00,0.0
06/20/2023 02:30,0.0
06/20/2023 03:00,0.0
06/20/2023 03:30,0.0
06/20/2023 04:00,0.0
06/20/2023 04:30,0.0
06/20/2023 05:00,0.0
06/20/2023 05:30,0.0
06/20/2023 06:00,0.0
06/20/2023 06:30,0.0
06/20/2023 07:00,0.0
06/20/2023 07:30,0.0
06/20/2023 08:00,0.0
06/20/2023 08:30,0.0
06/20/2023 09:00,0.0
06/20/2023 09:30,0.0
06/20/2023 10:00,0.0
06/20/2023 10:30,0.0
06/20/2023 11:00,0.0
06/20/2023 11:30,0.0
06/20/2023 12:00,0.0
06/20/2023 12:30,0.0
06/20/2023 13:00,0.0
06/20/2023 13:30,0.0
06/20/2023 14:00,0.0
06/20/2023 14:30,0.0
06/20/2023 15:00,0.0
06/20/2023 15:30,0.0
06/20/2023 16:00,0.0
06/20/2023 16:30,0.0
06/20/2023 17:00,0.0
06/20/2023 17:30,0.0
06/20/2023 18:00,0.0
06/20/2023 18:30,0.0
06/20/2023 19:00,0.0
06/20/2023 19:30,0.0
06/20/2023 20:00,0.0
06/20/2023 20:30,0.0
06/20/2023 21:00,0.0
06/20/2023 21:30,0.0
06/20/2023 22:00,0.0
06/20/2023 22:30,0.0
06/20/2023 23:00,0.0
06/20/2023 23:30,0.0
06/21/2023 00:00,0.0
06/21/2023 00:30,0.0
06/21/2023 01:00,0.0
06/21/2023 01:30,0.0
06/21/2023 02:00,0.0
06/21/2023 02:30,0.0
06/21/2023 03:00,0.0
06/21/2023 03:30,0.0
06/21/2023 04:00,0.0
06/21/2023 04:30,0.0
06/21/2023 05:00,0.0
06/21/2023 05:30,0.0
06/21/2023 06:00,0.0
06/21/2023 06:30,0.0
06/21/2023 07:00,0.0
06/21/2023 07:30,0.0
06/21/2023 08:00,0.0
06/21/2023 08:30,0.0
06/21/2023 09:00,0.0
06/21/2023 09:30,0.0
06/21/2023 10:00,0.0
06/21/2023 10:30,0.0
06/21/2023 11:00,0.0
06/21/2023 11:30,0.0
06/21/2023 12:00,0.0
06/21/2023 12:30,0.0
06/21/2023 13:00,0.0
06/21/2023 13:30,0.0
06/21/2023 14:00,0.0
06/21/2023 14:30,0.0
06/21/2023 15:00,0.0
06/21/2023 15:30,0.0
06/21/2023 16:00,0.0
06/21/2023 16:30,0.0
06/21/2023 17:00,0.0
06/21/2023 17:30,0.0
06/21/2023 18:00,0.0
06/21/2023 18:30,0.0
06/21/2023 19:00,0.0
06/21/2023 19:30,0.0
06/21/2023 20:00,0.0
06/21/2023 20:30,0.0
06/21/2023 21:00,0.0
06/21/2023 21:30,0.0
06/21/2023 22:00,0.0
06/21/2023 22:30,0.0
06/21/2023 23:00,0.0
06/21/2023 23:30,0.0
06/22/2023 00:00,0.0
06/22/2023 00:30,0.0
06/22/2023 01:00,0.0
06/22/2023 01:30,0.0
06/22/2023 02:00,0.0
06/22/2023 02:30,0.0
06/22/2023 03:00,0.0
06/22/2023 03:30,0.0
06/22/2023 04:00,0.0
06/22/2023 04:30,0.0
06/22/2023 05:00,0.0
06/22/2023 05:30,0.0
06/22/2023 06:00,0.0
06/22/2023 06:30,0.0
06/22/2023 07:00,0.0
06/22/2023 07:30,0.0
06/22/2023 08:00,0.0
06/22/2023 08:30,0.0
06/22/2023 09:00,0.0
06/22/2023 09:30,0.0
06/22/2023 10:00,0.0
06/22/2023 10:30,0.0
06/22/2023 11:00,0.0
06/22/2023 11:30,0.0
06/22/2023 12:00,0.0
06/22/2023 12:30,0.0
06/22/2023 13:00,0.0
06/22/2023 13:30,0.0
06/22/2023 14:00,0.0
06/22/2023 14:30,0.0
06/22/2023 15:00,0.0
06/22/2023 15:30,0.0
06/22/2023 16:00,0.0
06/22/2023 16:30,0.0
06/22/2023 17:00,0.0
06/22/2023 17:30,0.0
06/22/2023 18:00,0.0
06/22/2023 18:30,0.0
06/22/2023 19:00,0.0
06/22/2023 19:30,0.0
06/22/2023 20:00,0.0
06/22/2023 20:30,0.0
06/22/2023 21:00,0.0
06/22/2023 21:30,0.0
06/22/2023 22:00,0.0
06/22/2023 22:30,0.0
06/22/2023 23:00,0.0
06/22/2023 23:30,0.0
06/23/2023 00:00,0.0
06/23/2023 00:30,0.0
06/23/2023 01:00,0.0
06/23/2023 01:30,0.0
06/23/2023 02:00,0.0
06/23/2023 02:30,0.0
06/23/2023 03:00,0.0
06/23/2023 03:30,0.0
06/23/2023 04:00,0.0
06/23/2023 04:30,0.0
06/23/2023 05:00,0.0
06/23/2023 05:30,0.0
06/23/2023 06:00,0.0
06/23/2023 06:30,0.0
06/23/2023 07:00,0.0
06/23/2023 07:30,0.0
06/23/2023 08:00,0.0
06/23/2023 08:30,0.0
06/23/2023 09:00,0.0
06/23/2023 09:30,0.0
06/23/2023 10:00,0.0
06/23/2023 10:30,0.0
06/23/2023 11:00,0.0
06/23/2023 11:30,0.0
06/23/2023 12:00,0.0
06/23/2023 12:30,0.0
06/23/2023 13:00,0.0
06/23/2023 13:30,0.0
06/23/2023 14:00,0.0
06/23/2023 14:30,0.0
06/23/2023 15:00,0.0
06/23/2023 15:30,0.0
06/23/2023 16:00,0.0
06/23/2023 16:30,0.0
06/23/2023 17:00,0.0
06/23/2023 17:30,0.0
06/23/2023 18:00,0.0
06/23/2023 18:30,0.0
06/23/2023 19:00,0.0
06/23/2023 19:30,0.0
06/23/2023 20:00,0.0
06/23/2023 20:30,0.0
06/23/2023 21:00,0.0
06/23/2023 21:30,0.0
06/23/2023 22:00,0.0
06/23/2023 22:30,0.0
06/23/2023 23:00,0.0
06/23/2023 23:30,0.0
06/24/2023 00:00,0.0
06/24/2023 00:30,0.0
06/24/2023 01:00,0.0
06/24/2023 01:30,0.0
06/24/2023 02:00,0.0
06/24/2023 02:30,0.0
06/24/2023 03:00,0.0
06/24/2023 03:30,0.0
06/24/2023 04:00,0.0
06/24/2023 04:30,0.0
06/24/2023 05:00,0.0
06/24/2023 05:30,0.0
06/24/2023 06:00,0.0
06/24/2023 06:30,0.0
06/24/2023 07:00,0.0
06/24/2023 07:30,0.0
06/24/2023 08:00,0.0
06/24/2023 08:30,0.0
06/24/2023 09:00,0.0
06/24/2023 09:30,0.0
06/24/2023 10:00,0.0
06/24/2023 10:30,0.0
06/24/2023 11:00,0.0
06/24/2023 11:30,0.0
06/24/2023 12:00,0.0
06/24/2023 12:30,0.0
06/24/2023 13:00,0.0
06/24/2023 13:30,0.0
06/24/2023 14:00,0.0
06/24/2023 14:30,0.0
06/24/2023 15:00,0.0
06/24/2023 15:30,0.0
06/24/2023 16:00,0.0
06/24/2023 16:30,0.0
06/24/2023 17:00,0.0
06/24/2023 17:30,0.0
06/24/2023 18:00,0.0
06/24/2023 18:30,0.0
06/24/2023 19:00,0.0
06/24/2023 19:30,0.0
06/24/2023 20:00,0.0
06/24/2023 20:30,0.0
06/24/2023 21:00,0.0
06/24/2023 21:30,0.0
06/24/2023 22:00,0.0
06/24/2023 22:30,0.0
06/24/2023 23:00,0.0
06/24/2023 23:30,0.0
06/25/2023 00:00,0.0
06/25/2023 00:30,0.0
06/25/2023 01:00,0.0
06/25/2023 01:30,0.0
06/25/2023 02:00,0.0
06/25/2023 02:30,0.0
06/25/2023 03:00,0.0
06/25/2023 03:30,0.0
06/25/2023 04:00,0.0
06/25/2023 04:30,0.0
06/25/2023 05:00,0.0
06/25/2023 05:30,0.0
06/25/2023 06:00,0.0
06/25/2023 06:30,0.0
06/25/2023 07:00,0.0
06/25/2023 07:30,0.0
06/25/2023 08:00,0.0
06/25/2023 08:30,0.0
06/25/2023 09:00,0.0
06/25/2023 09:30,0.0
06/25/2023 10:00,0.0
06/25/2023 10:30,0.0
06/25/2023 11:00,0.0
06/25/2023 11:30,0.0
06/25/2023 12:00,0.0
06/25/2023 12:30,0.0
06/25/2023 13:00,0.0
06/25/2023 13:30,0.0
06/25/2023 14:00,0.0
06/25/2023 14:30,0.0
06/25/2023 15:00,0.0
06/25/2023 15:30,0.0
06/25/2023 16:00,0.0
06/25/2023 16:30,0.0
06/25/2023 17:00,0.0
06/25/2023 17:30,0.0
06/25/2023 18:00,0.0
06/25/2023 18:30,0.0
06/25/2023 19:00,0.0
06/25/2023 19:30,0.0
06/25/2023 20:00,0.0
06/25/2023 20:30,0.0
06/25/2023 21:00,0.0
06/25/2023 21:30,0.0
06/25/2023 22:00,0.0
06/25/2023 22:30,0.0
06/25/2023 23:00,0.0
06/25/2023 23:30,0.0
06/26/2023 00:00,0.0
06/26/2023 00:30,0.0
06/26/2023 01:00,0.0
06/26/2023 01:30,0.0
06/26/2023 02:00,0.0
06/26/2023 02:30,0.0
06/26/2023 03:00,0.0
06/26/2023 03:30,0.0
06/26/2023 04:00,0.0
06/26/2023 04:30,0.0
06/26/2023 05:00,0.0
06/26/2023 05:30,0.0
06/26/2023 06:00,0.0
06/26/2023 06:30,0.0
06/26/2023 07:00,0.0
06/26/2023 07:30,0.0
06/26/2023 08:00,0.0
06/26/2023 08:30,0.0
06/26/2023 09:00,0.0
06/26/2023 09:30,0.0
06/26/2023 10:00,0.0
06/26/2023 10:30,0.0
06/26/2023 11:00,0.0
06/26/2023 11:30,0.0
06/26/2023 12:00,0.0
06/26/2023 12:30,0.0
06/26/2023 13:00,0.0
06/26/2023 13:30,0.0
06/26/2023 14:00,0.0
06/26/2023 14:30,0.0
06/26/2023 15:00,0.0
06/26/2023 15:30,0.0
06/26/2023 16:00,0.0
06/26/2023 16:30,0.0
06/26/2023 17:00,0.0
06/26/2023 17:30,0.0
06/26/2023 18:00,0.0
06/26/2023 18:30,0.0
06/26/2023 19:00,0.0
06/26/2023 19:30,0.0
06/26/2023 20:00,0.0
06/26/2023 20:30,0.0
06/26/2023 21:00,0.0
06/26/2023 21:30,0.0
06/26/2023 22:00,0.0
06/26/2023 22:30,0.0
06/26/2023 23:00,0.0
06/26/2023 23:30,0.0
06/27/2023 00:00,0.0
06/27/2023 00:30,0.0
06/27/2023 01:00,0.0
06/27/2023 01:30,0.0
06/27/2023 02:00,0.0
06/27/2023 02:30,0.0
06/27/2023 03:00,0.0
06/27/2023 03:30,0.0
06/27/2023 04:00,0.0
06/27/2023 04:30,0.0
06/27/2023 05:00,0.0
06/27/2023 05:30,0.0
06/27/2023 06:00,0.0
06/27/2023 06:30,0.0
06/27/2023 07:00,0.0
06/27/2023 07:30,0.0
06/27/2023 08:00,0.0
06/27/2023 08:30,0.0
06/27/2023 09:00,0.0
06/27/2023 09:30,0.0
06/27/2023 10:00,0.0
06/27/2023 10:30,0.0
06/27/2023 11:00,0.0
06/27/2023 11:30,0.0
06/27/2023 12:00,0.0
06/27/2023 12:30,0.0
06/27/2023 13:00,0.0
06/27/2023 13:30,0.0
06/27/2023 14:00,0.0
06/27/2023 14:30,0.0
06/27/2023 15:00,0.0
06/27/2023 15:30,0.0
06/27/2023 16:00,0.0
06/27/2023 16:30,0.0
06/27/2023 17:00,0.0
06/27/2023 17:30,0.0
06/27/2023 18:00,0.0
06/27/2023 18:30,0.0
06/27/2023 19:00,0.0
06/27/2023 19:30,0.0
06/27/2023 20:00,0.0
06/27/2023 20:30,0.0
06/27/2023 21:00,0.0
06/27/2023 21:30,0.0
06/27/2023 22:00,0.0
06/27/2023 22:30,0.0
06/27/2023 23:00,0.0
06/27/2023 23:30,0.0
06/28/2023 00:00,0.0
06/28/2023 00:30,0.0
06/28/2023 01:00,0.0
06/28/2023 01:30,0.0
06/28/2023 02:00,0.0
06/28/2023 02:30,0.0
06/28/2023 03:00,0.0
06/28/2023 03:30,0.0
06/28/2023 04:00,0.0
06/28/2023 04:30,0.0
06/28/2023 05:00,0.0
06/28/2023 05:30,0.0
06/28/2023 06:00,0.0
06/28/2023 06:30,0.0
06/28/2023 07:00,0.0
06/28/2023 07:30,0.0
06/28/2023 08:00,0.0
06/28/2023 08:30,0.0
06/28/2023 09:00,0.0
06/28/2023 09:30,0.0
06/28/2023 10:00,0.0
06/28/2023 10:30,0.0
06/28/2023 11:00,0.0
06/28/2023 11:30,0.0
06/28/2023 12:00,0.0
06/28/2023 12:30,0.0
06/28/2023 13:00,0.0
06/28/2023 13:30,0.0
06/28/2023 14:00,0.0
06/28/2023 14:30,0.0
06/28/2023 15:00,0.0
06/28/2023 15:30,0.0
06/28/2023 16:00,0.0
06/28/2023 16:30,0.0
06/28/2023 17:00,0.0
06/28/2023 17:30,0.0
06/28/2023 18:00,0.0
06/28/2023 18:30,0.0
06/28/2023 19:00,0.0
06/28/2023 19:30,0.0
06/28/2023 20:00,0.0
06/28/2023 20:30,0.0
06/28/2023 21:00,0.0
06/28/2023 21:30,0.0
06/28/2023 22:00,0.0
06/28/2023 22:30,0.0
06/28/2023 23:00,0.0
06/28/2023 23:30,0.0
06/29/2023 00:00,0.0
06/29/2023 00:30,0.0
06/29/2023 01:00,0.0
06/29/2023 01:30,0.0
06/29/2023 02:00,0.0
06/29/2023 02:30,0.0
06/29/2023 03:00,0.0
06/29/2023 03:30,0.0
06/29/2023 04:00,0.0
06/29/2023 04:30,0.0
06/29/2023 05:00,0.0
06/29/2023 05:30,0.0
06/29/2023 06:00,0.0
06/29/2023 06:30,0.0
06/29/2023 07:00,0.0
06/29/2023 07:30,0.0
06/29/2023 08:00,0.0
06/29/2023 08:30,0.0
06/29/2023 09:00,0.0
06/29/2023 09:30,0.0
06/29/2023 10:00,0.0
06/29/2023 10:30,0.0
06/29/2023 11:00,0.0
06/29/2023 11:30,0.0
06/29/2023 12:00,0.0
06/29/2023 12:30,0.0
06/29/2023 13:00,0.0
06/29/2023 13:30,0.0
06/29/2023 14:00,0.0
06/29/2023 14:30,0.0
06/29/2023 15:00,0.0
06/29/2023 15:30,0.0
06/29/2023 16:00,0.0
06/29/2023 16:30,0.0
06/29/2023 17:00,0.0
06/29/2023 17:30,0.0
06/29/2023 18:00,0.0
06/29/2023 18:30,0.0
06/29/2023 19:00,0.0
06/29/2023 19:30,0.0
06/29/2023 20:00,0.0
06/29/2023 20:30,0.0
06/29/2023 21:00,0.0
06/29/2023 21:30,0.0
06/29/2023 22:00,0.0
06/29/2023 22:30,0.0
06/29/2023 23:00,0.0
06/29/2023 23:30,0.0
06/30/2023 00:00,0.0
06/30/2023 00:30,0.0
06/30/2023 01:00,0.0
06/30/2023 01:30,0.0
06/30/2023 02:00,0.0
06/30/2023 02:30,0.0
06/30/2023 03:00,0.0
06/30/2023 03:30,0.0
06/30/2023 04:00,0.0
06/30/2023 04:30,0.0
06/30/2023 05:00,0.0
06/30/2023 05:30,0.0
06/30/2023 06:00,0.0
06/30/2023 06:30,0.0
06/30/2023 07:00,0.0
06/30/2023 07:30,0.0
06/30/2023 08:00,0.0
06/30/2023 08:30,0.0
06/30/2023 09:00,0.0
06/30/2023 09:30,0.0
06/30/2023 10:00,0.0
06/30/2023 10:30,0.0
06/30/2023 11:00,0.0
06/30/2023 11:30,0.0
06/30/2023 12:00,0.0
06/30/2023 12:30,0.0
06/30/2023 13:00,0.0
06/30/2023 13:30,0.0
06/30/2023 14:00,0.0
06/30/2023 14:30,0.0
06/30/2023 15:00,0.0
06/30/2023 15:30,0.0
06/30/2023 16:00,0.0
06/30/2023 16:30,0.0
06/30/2023 17:00,0.0
06/30/2023 17:30,0.0
06/30/2023 18:00,0.0
06/30/2023 18:30,0.0
06/30/2023 19:00,0.0
06/30/2023 19:30,0.0
06/30/2023 20:00,0.0
06/30/2023 20:30,0.0
06/30/2023 21:00,0.0
06/30/2023 21:30,0.0
06/30/2023 22:00,0.0
06/30/2023 22:30,0.0
06/30/2023 23:00,0.0
06/30/2023 23:30,0.0
07/01/2023 00:00,0.0
07/01/2023 00:30,0.0
07/01/2023 01:00,0.0
07/01/2023 01:30,0.0
07/01/2023 02:00,0.0
07/01/2023 02:30,0.0
07/01/2023 03:00,0.0
07/01/2023 03:30,0.0
07/01/2023 04:00,0.0
07/01/2023 04:30,0.0
07/01/2023 05:00,0.0
07/01/2023 05:30,0.0
07/01/2023 06:00,0.0
07/01/2023 06:30,0.0
07/01/2023 07:00,0.0
07/01/2023 07:30,0.0
07/01/2023 08:00,0.0
07/01/2023 08:30,0.0
07/01/2023 09:00,0.0
07/01/2023 09:30,0.0
07/01/2023 10:00,0.0
07/01/2023 10:30,0.0
07/01/2023 11:00,0.0
07/01/2023 11:30,0.0
07/01/2023 12:00,0.0
07/01/2023 12:30,0.0
07/01/2023 13:00,0.0
07/01/2023 13:30,0.0
07/01/2023 14:00,0.0
07/01/2023 14:30,0.0
07/01/2023 15:00,0.0
07/01/2023 15:30,0.0
07/01/2023 16:00,0.0
07/01/2023 16:30,0.0
07/01/2023 17:00,0.0
07/01/2023 17:30,0.0
07/01/2023 18:00,0.0
07/01/2023 18:30,0.0
07/01/2023 19:00,0.0
07/01/2023 19:30,0.0
07/01/2023 20:00,0.0
07/01/2023 20:30,0.0
07/01/2023 21:00,0.0
07/01/2023 21:30,0.0
07/01/2023 22:00,0.0
07/01/2023 22:30,0.0
07/01/2023 23:00,0.0
07/01/2023 23:30,0.0
07/02/2023 00:00,0.0
07/02/2023 00:30,0.0
07/02/2023 01:00,0.0
07/02/2023 01:30,0.0
07/02/2023 02:00,0.0
07/02/2023 02:30,0.0
07/02/2023 03:00,0.0
07/02/2023 03:30,0.0
07/02/2023 04:00,0.0
07/02/2023 04:30,0.0
07/02/2023 05:00,0.0
07/02/2023 05:30,0.0
07/02/2023 06:00,0.0
07/02/2023 06:30,0.0
07/02/2023 07:00,0.0
07/02/2023 07:30,0.0
07/02/2023 08:00,0.0
07/02/2023 08:30,0.0
07/02/2023 09:00,0.0
07/02/2023 09:30,0.0
07/02/2023 10:00,0.0
07/02/2023 10:30,0.0
07/02/2023 11:00,0.0
07/02/2023 11:30,0.0
07/02/2023 12:00,0.0
07/02/2023 12:30,0.0
07/02/2023 13:00,0.0
07/02/2023 13:30,0.0
07/02/2023 14:00,0.0
07/02/2023 14:30,0.0
07/02/2023 15:00,0.0
07/02/2023 15:30,0.0
07/02/2023 16:00,0.0
07/02/2023 16:30,0.0
07/02/2023 17:00,0.0
07/02/2023 17:30,0.0
07/02/2023 18:00,0.0
07/02/2023 18:30,0.0
07/02/2023 19:00,0.0
07/02/2023 19:30,0.0
07/02/2023 20:00,0.0
07/02/2023 20:30,0.0
07/02/2023 21:00,0.0
07/02/2023 21:30,0.0
07/02/2023 22:00,0.0
07/02/2023 22:30,0.0
07/02/2023 23:00,0.0
07/02/2023 23:30,0.0
07/03/2023 00:00,0.0
07/03/2023 00:30,0.0
07/03/2023 01:00,0.0
07/03/2023 01:30,0.0
07/03/2023 02:00,0.0
07/03/2023 02:30,0.0
07/03/2023 03:00,0.0
07/03/2023 03:30,0.0
07/03/2023 04:00,0.0
07/03/2023 04:30,0.0
07/03/2023 05:00,0.0
07/03/2023 05:30,0.0
07/03/2023 06:00,0.0
07/03/2023 06:30,0.0
07/03/2023 07:00,0.0
07/03/2023 07:30,0.0
07/03/2023 08:00,0.0
07/03/2023 08:30,0.0
07/03/2023 09:00,0.0
07/03/2023 09:30,0.0
07/03/2023 10:00,0.0
07/03/2023 10:30,0.0
07/03/2023 11:00,0.0
07/03/2023 11:30,0.0
07/03/2023 12:00,0.0
07/03/2023 12:30,0.0
07/03/2023 13:00,0.0
07/03/2023 13:30,0.0
07/03/2023 14:00,0.0
07/03/2023 14:30,0.0
07/03/2023 15:00,0.0
07/03/2023 15:30,0.0
07/03/2023 16:00,0.0
07/03/2023 16:30,0.0
07/03/2023 17:00,0.0
07/03/2023 17:30,0.0
07/03/2023 18:00,0.0
07/03/2023 18:30,0.0
07/03/2023 19:00,0.0
07/03/2023 19:30,0.0
07/03/2023 20:00,0.0
07/03/2023 20:30,0.0
07/03/2023 21:00,0.0
07/03/2023 21:30,0.0
07/03/2023 22:00,0.0
07/03/2023 22:30,0.0
07/03/2023 23:00,0.0
07/03/2023 23:30,0.0
07/04/2023 00:00,0.0
07/04/2023 00:30,0.0
07/04/2023 01:00,0.0
07/04/2023 01:30,0.0
07/04/2023 02:00,0.0
07/04/2023 02:30,0.0
07/04/2023 03:00,0.0
07/04/2023 03:30,0.0
07/04/2023 04:00,0.0
07/04/2023 04:30,0.0
07/04/2023 05:00,0.0
07/04/2023 05:30,0.0
07/04/2023 06:00,0.0
07/04/2023 06:30,0.0
07/04/2023 07:00,0.0
07/04/2023 07:30,0.0
07/04/2023 08:00,0.0
07/04/2023 08:30,0.0
07/04/2023 09:00,0.0
07/04/2023 09:30,0.0
07/04/2023 10:00,0.0
07/04/2023 10:30,0.0
07/04/2023 11:00,0.0
07/04/2023 11:30,0.0
07/04/2023 12:00,0.0
07/04/2023 12:30,0.0
07/04/2023 13:00,0.0
07/04/2023 13:30,0.0
07/04/2023 14:00,0.0
07/04/2023 14:30,0.0
07/04/2023 15:00,0.0
07/04/2023 15:30,0.0
07/04/2023 16:00,0.0
07/04/2023 16:30,0.0
07/04/2023 17:00,0.0
07/04/2023 17:30,0.0
07/04/2023 18:00,0.0
07/04/2023 18:30,0.0
07/04/2023 19:00,0.0
07/04/2023 19:30,0.0
07/04/2023 20:00,0.0
07/04/2023 20:30,0.0
07/04/2023 21:00,0.0
07/04/2023 21:30,0.0
07/04/2023 22:00,0.0
07/04/2023 22:30,0.0
07/04/2023 23:00,0.0
07/04/2023 23:30,0.0
07/05/2023 00:00,0.0
07/05/2023 00:30,0.0
07/05/2023 01:00,0.0
07/05/2023 01:30,0.0
07/05/2023 02:00,0.0
07/05/2023 02:30,0.0
07/05/2023 03:00,0.0
07/05/2023 03:30,0.0
07/05/2023 04:00,0.0
07/05/2023 04:30,0.0
07/05/2023 05:00,0.0
07/05/2023 05:30,0.0
07/05/2023 06:00,0.0
07/05/2023 06:30,0.0
07/05/2023 07:00,0.0
07/05/2023 07:30,0.0
07/05/2023 08:00,0.0
07/05/2023 08:30,0.0
07/05/2023 09:00,0.0
07/05/2023 09:30,0.0
07/05/2023 10:00,0.0
07/05/2023 10:30,0.0
07/05/2023 11:00,0.0
07/05/2023 11:30,0.0
07/05/2023 12:00,0.0
07/05/2023 12:30,0.0
07/05/2023 13:00,0.0
07/05/2023 13:30,0.0
07/05/2023 14:00,0.0
07/05/2023 14:30,0.0
07/05/2023 15:00,0.0
07/05/2023 15:30,0.0
07/05/2023 16:00,0.0
07/05/2023 16:30,0.0
07/05/2023 17:00,0.0
07/05/2023 17:30,0.0
07/05/2023 18:00,0.0
07/05/2023 18:30,0.0
07/05/2023 19:00,0.0
07/05/2023 19:30,0.0
07/05/2023 20:00,0.0
07/05/2023 20:30,0.0
07/05/2023 21:00,0.0
07/05/2023 21:30,0.0
07/05/2023 22:00,0.0
07/05/2023 22:30,0.0
07/05/2023 23:00,0.0
07/05/2023 23:30,0.0
07/06/2023 00:00,0.0
07/06/2023 00:30,0.0
07/06/2023 01:00,0.0
07/06/2023 01:30,0.0
07/06/2023 02:00,0.0
07/06/2023 02:30,0.0
07/06/2023 03:00,0.0
07/06/2023 03:30,0.0
07/06/2023 04:00,0.0
07/06/2023 04:30,0.0
07/06/2023 05:00,0.0
07/06/2023 05:30,0.0
07/06/2023 06:00,0.0
07/06/2023 06:30,0.0
07/06/2023 07:00,0.0
07/06/2023 07:30,0.0
07/06/2023 08:00,0.0
07/06/2023 08:30,0.0
07/06/2023 09:00,0.0
07/06/2023 09:30,0.0
07/06/2023 10:00,0.0
07/06/2023 10:30,0.0
07/06/2023 11:00,0.0
07/06/2023 11:30,0.0
07/06/2023 12:00,0.0
07/06/2023 12:30,0.0
07/06/2023 13:00,0.0
07/06/2023 13:30,0.0
07/06/2023 14:00,0.0
07/06/2023 14:30,0.0
07/06/2023 15:00,0.0
07/06/2023 15:30,0.0
07/06/2023 16:00,0.0
07/06/2023 16:30,0.0
07/06/2023 17:00,0.0
07/06/2023 17:30,0.0
07/06/2023 18:00,0.0
07/06/2023 18:30,0.0
07/06/2023 19:00,0.0
07/06/2023 19:30,0.0
07/06/2023 20:00,0.0
07/06/2023 20:30,0.0
07/06/2023 21:00,0.0
07/06/2023 21:30,0.0
07/06/2023 22:00,0.0
07/06/2023 22:30,0.0
07/06/2023 23:00,0.0
07/06/2023 23:30,0.0
07/07/2023 00:00,0.0
07/07/2023 00:30,0.0
07/07/2023 01:00,0.0
07/07/2023 01:30,0.0
07/07/2023 02:00,0.0
07/07/2023 02:30,0.0
07/07/2023 03:00,0.0
07/07/2023 03:30,0.0
07/07/2023 04:00,0.0
07/07/2023 04:30,0.0
07/07/2023 05:00,0.0
07/07/2023 05:30,0.0
07/07/2023 06:00,0.0
07/07/2023 06:30,0.0
07/07/2023 07:00,0.0
07/07/2023 07:30,0.0
07/07/2023 08:00,0.0
07/07/2023 08:30,0.0
07/07/2023 09:00,0.0
07/07/2023 09:30,0.0
07/07/2023 10:00,0.0
07/07/2023 10:30,0.0
07/07/2023 11:00,0.0
07/07/2023 11:30,0.0
07/07/2023 12:00,0.0
07/07/2023 12:30,0.0
07/07/2023 13:00,0.0
07/07/2023 13:30,0.0
07/07/2023 14:00,0.0
07/07/2023 14:30,0.0
07/07/2023 15:00,0.0
07/07/2023 15:30,0.0
07/07/2023 16:00,0.0
07/07/2023 16:30,0.0
07/07/2023 17:00,0.0
07/07/2023 17:30,0.0
07/07/2023 18:00,0.0
07/07/2023 18:30,0.0
07/07/2023 19:00,0.0
07/07/2023 19:30,0.0
07/07/2023 20:00,0.0
07/07/2023 20:30,0.0
07/07/2023 21:00,0.0
07/07/2023 21:30,0.0
07/07/2023 22:00,0.0
07/07/2023 22:30,0.0
07/07/2023 23:00,0.0
07/07/2023 23:30,0.0
07/08/2023 00:00,0.0
07/08/2023 00:30,0.0
07/08/2023 01:00,0.0
07/08/2023 01:30,0.0
07/08/2023 02:00,0.0
07/08/2023 02:30,0.0
07/08/2023 03:00,0.0
07/08/2023 03:30,0.0
07/08/2023 04:00,0.0
07/08/2023 04:30,0.0
07/08/2023 05:00,0.0
07/08/2023 05:30,0.0
07/08/2023 06:00,0.0
07/08/2023 06:30,0.0
07/08/2023 07:00,0.0
07/08/2023 07:30,0.0
07/08/2023 08:00,0.0
07/08/2023 08:30,0.0
07/08/2023 09:00,0.0
07/08/2023 09:30,0.0
07/08/2023 10:00,0.0
07/08/2023 10:30,0.0
07/08/2023 11:00,0.0
07/08/2023 11:30,0.0
07/08/2023 12:00,0.0
07/08/2023 12:30,0.0
07/08/2023 13:00,0.0
07/08/2023 13:30,0.0
07/08/2023 14:00,0.0
07/08/2023 14:30,0.0
07/08/2023 15:00,0.0
07/08/2023 15:30,0.0
07/08/2023 16:00,0.0
07/08/2023 16:30,0.0
07/08/2023 17:00,0.0
07/08/2023 17:30,0.0
07/08/2023 18:00,0.0
07/08/2023 18:30,0.0
07/08/2023 19:00,0.0
07/08/2023 19:30,0.0
07/08/2023 20:00,0.0
07/08/2023 20:30,0.0
07/08/2023 21:00,0.0
07/08/2023 21:30,0.0
07/08/2023 22:00,0.0
07/08/2023 22:30,0.0
07/08/2023 23:00,0.0
07/08/2023 23:30,0.0
07/09/2023 00:00,0.0
07/09/2023 00:30,0.0
07/09/2023 01:00,0.0
07/09/2023 01:30,0.0
07/09/2023 02:00,0.0
07/09/2023 02:30,0.0
07/09/2023 03:00,0.0
07/09/2023 03:30,0.0
07/09/2023 04:00,0.0
07/09/2023 04:30,0.0
07/09/2023 05:00,0.0
07/09/2023 05:30,0.0
07/09/2023 06:00,0.0
07/09/2023 06:30,0.0
07/09/2023 07:00,0.0
07/09/2023 07:30,0.0
07/09/2023 08:00,0.0
07/09/2023 08:30,0.0
07/09/2023 09:00,0.0
07/09/2023 09:30,0.0
07/09/2023 10:00,0.0
07/09/2023 10:30,0.0
07/09/2023 11:00,0.0
07/09/2023 11:30,0.0
07/09/2023 12:00,0.0
07/09/2023 12:30,0.0
07/09/2023 13:00,0.0
07/09/2023 13:30,0.0
07/09/2023 14:00,0.0
07/09/2023 14:30,0.0
07/09/2023 15:00,0.0
07/09/2023 15:30,0.0
07/09/2023 16:00,0.0
07/09/2023 16:30,0.0
07/09/2023 17:00,0.0
07/09/2023 17:30,0.0
07/09/2023 18:00,0.0
07/09/2023 18:30,0.0
07/09/2023 19:00,0.0
07/09/2023 19:30,0.0
07/09/2023 20:00,0.0
07/09/2023 20:30,0.0
07/09/2023 21:00,0.0
07/09/2023 21:30,0.0
07/09/2023 22:00,0.0
07/09/2023 22:30,0.0
07/09/2023 23:00,0.0
07/09/2023 23:30,0.0
07/10/2023 00:00,0.0
07/10/2023 00:30,0.0
07/10/2023 01:00,0.0
07/10/2023 01:30,0.0
07/10/2023 02:00,0.0
07/10/2023 02:30,0.0
07/10/2023 03:00,0.0
07/10/2023 03:30,0.0
07/10/2023 04:00,0.0
07/10/2023 04:30,0.0
07/10/2023 05:00,0.0
07/10/2023 05:30,0.0
07/10/2023 06:00,0.0
07/10/2023 06:30,0.0
07/10/2023 07:00,0.0
07/10/2023 07:30,0.0
07/10/2023 08:00,0.0
07/10/2023 08:30,0.0
07/10/2023 09:00,0.0
07/10/2023 09:30,0.0
07/10/2023 10:00,0.0
07/10/2023 10:30,0.0
07/10/2023 11:00,0.0
07/10/2023 11:30,0.0
07/10/2023 12:00,0.0
07/10/2023 12:30,0.0
07/10/2023 13:00,0.0
07/10/2023 13:30,0.0
07/10/2023 14:00,0.0
07/10/2023 14:30,0.0
07/10/2023 15:00,0.0
07/10/2023 15:30,0.0
07/10/2023 16:00,0.0
07/10/2023 16:30,0.0
07/10/2023 17:00,0.0
07/10/2023 17:30,0.0
07/10/2023 18:00,0.0
07/10/2023 18:30,0.0
07/10/2023 19:00,0.0
07/10/2023 19:30,0.0
07/10/2023 20:00,0.0
07/10/2023 20:30,0.0
07/10/2023 21:00,0.0
07/10/2023 21:30,0.0
07/10/2023 22:00,0.0
07/10/2023 22:30,0.0
07/10/2023 23:00,0.0
07/10/2023 23:30,0.0
07/11/2023 00:00,0.0
07/11/2023 00:30,0.0
07/11/2023 01:00,0.0
07/11/2023 01:30,0.0
07/11/2023 02:00,0.0
07/11/2023 02:30,0.0
07/11/2023 03:00,0.0
07/11/2023 03:30,0.0
07/11/2023 04:00,0.0
07/11/2023 04:30,0.0
07/11/2023 05:00,0.0
07/11/2023 05:30,0.0
07/11/2023 06:00,0.0
07/11/2023 06:30,0.0
07/11/2023 07:00,0.0
07/11/2023 07:30,0.0
07/11/2023 08:00,0.0
07/11/2023 08:30,0.0
07/11/2023 09:00,0.0
07/11/2023 09:30,0.0
07/11/2023 10:00,0.0
07/11/2023 10:30,0.0
07/11/2023 11:00,0.0
07/11/2023 11:30,0.0
07/11/2023 12:00,0.0
07/11/2023 12:30,0.0
07/11/2023 13:00,0.0
07/11/2023 13:30,0.0
07/11/2023 14:00,0.0
07/11/2023 14:30,0.0
07/11/2023 15:00,0.0
07/11/2023 15:30,0.0
07/11/2023 16:00,0.0
07/11/2023 16:30,0.0
07/11/2023 17:00,0.0
07/11/2023 17:30,0.0
07/11/2023 18:00,0.0
07/11/2023 18:30,0.0
07/11/2023 19:00,0.0
07/11/2023 19:30,0.0
07/11/2023 20:00,0.0
07/11/2023 20:30,0.0
07/11/2023 21:00,0.0
07/11/2023 21:30,0.0
07/11/2023 22:00,0.0
07/11/2023 22:30,0.0
07/11/2023 23:00,0.0
07/11/2023 23:30,0.0
07/12/2023 00:00,0.0
07/12/2023 00:30,0.0
07/12/2023 01:00,0.0
07/12/2023 01:30,0.0
07/12/2023 02:00,0.0
07/12/2023 02:30,0.0
07/12/2023 03:00,0.0
07/12/2023 03:30,0.0
07/12/2023 04:00,0.0
07/12/2023 04:30,0.0
07/12/2023 05:00,0.0
07/12/2023 05:30,0.0
07/12/2023 06:00,0.0
07/12/2023 06:30,0.0
07/12/2023 07:00,0.0
07/12/2023 07:30,0.0
07/12/2023 08:00,0.0
07/12/2023 08:30,0.0
07/12/2023 09:00,0.0
07/12/2023 09:30,0.0
07/12/2023 10:00,0.0
07/12/2023 10:30,0.0
07/12/2023 11:00,0.0
07/12/2023 11:30,0.0
07/12/2023 12:00,0.0
07/12/2023 12:30,0.0
07/12/2023 13:00,0.0
07/12/2023 13:30,0.0
07/12/2023 14:00,0.0
07/12/2023 14:30,0.0
07/12/2023 15:00,0.0
07/12/2023 15:30,0.0
07/12/2023 16:00,0.0
07/12/2023 16:30,0.0
07/12/2023 17:00,0.0
07/12/2023 17:30,0.0
07/12/2023 18:00,0.0
07/12/2023 18:30,0.0
07/12/2023 19:00,0.0
07/12/2023 19:30,0.0
07/12/2023 20:00,0.0
07/12/2023 20:30,0.0
07/12/2023 21:00,0.0
07/12/2023 21:30,0.0
07/12/2023 22:00,0.0
07/12/2023 22:30,0.0
07/12/2023 23:00,0.0
07/12/2023 23:30,0.0
07/13/2023 00:00,0.0
07/13/2023 00:30,0.0
07/13/2023 01:00,0.0
07/13/2023 01:30,0.0
07/13/2023 02:00,0.0
07/13/2023 02:30,0.0
07/13/2023 03:00,0.0
07/13/2023 03:30,0.0
07/13/2023 04:00,0.0
07/13/2023 04:30,0.0
07/13/2023 05:00,0.0
07/13/2023 05:30,0.0
07/13/2023 06:00,0.0
07/13/2023 06:30,0.0
07/13/2023 07:00,0.0
07/13/2023 07:30,0.0
07/13/2023 08:00,0.0
07/13/2023 08:30,0.0
07/13/2023 09:00,0.0
07/13/2023 09:30,0.0
07/13/2023 10:00,0.0
07/13/2023 10:30,0.0
07/13/2023 11:00,0.0
07/13/2023 11:30,0.0
07/13/2023 12:00,0.0
07/13/2023 12:30,0.0
07/13/2023 13:00,0.0
07/13/2023 13:30,0.0
07/13/2023 14:00,0.0
07/13/2023 14:30,0.0
07/13/2023 15:00,0.0
07/13/2023 15:30,0.0
07/13/2023 16:00,0.0
07/13/2023 16:30,0.0
07/13/2023 17:00,0.0
07/13/2023 17:30,0.0
07/13/2023 18:00,0.0
07/13/2023 18:30,0.0
07/13/2023 19:00,0.0
07/13/2023 19:30,0.0
07/13/2023 20:00,0.0
07/13/2023 20:30,0.0
07/13/2023 21:00,0.0
07/13/2023 21:30,0.0
07/13/2023 22:00,0.0
07/13/2023 22:30,0.0
07/13/2023 23:00,0.0
07/13/2023 23:30,0.0
07/14/2023 00:00,0.0
07/14/2023 00:30,0.0
07/14/2023 01:00,0.0
07/14/2023 01:30,0.0
07/14/2023 02:00,0.0
07/14/2023 02:30,0.0
07/14/2023 03:00,0.0
07/14/2023 03:30,0.0
07/14/2023 04:00,0.0
07/14/2023 04:30,0.0
07/14/2023 05:00,0.0
07/14/2023 05:30,0.0
07/14/2023 06:00,0.0
07/14/2023 06:30,0.0
07/14/2023 07:00,0.0
07/14/2023 07:30,0.0
07/14/2023 08:00,0.0
07/14/2023 08:30,0.0
07/14/2023 09:00,0.0
07/14/2023 09:30,0.0
07/14/2023 10:00,0.0
07/14/2023 10:30,0.0
07/14/2023 11:00,0.0
07/14/2023 11:30,0.0
07/14/2023 12:00,0.0
07/14/2023 12:30,0.0
07/14/2023 13:00,0.0
07/14/2023 13:30,0.0
07/14/2023 14:00,0.0
07/14/2023 14:30,0.0
07/14/2023 15:00,0.0
07/14/2023 15:30,0.0
07/14/2023 16:00,0.0
07/14/2023 16:30,0.0
07/14/2023 17:00,0.0
07/14/2023 17:30,0.0
07/14/2023 18:00,0.0
07/14/2023 18:30,0.0
07/14/2023 19:00,0.0
07/14/2023 19:30,0.0
07/14/2023 20:00,0.0
07/14/2023 20:30,0.0
07/14/2023 21:00,0.0
07/14/2023 21:30,0.0
07/14/2023 22:00,0.0
07/14/2023 22:30,0.0
07/14/2023 23:00,0.0
07/14/2023 23:30,0.0
07/15/2023 00:00,0.0
07/15/2023 00:30,0.0
07/15/2023 01:00,0.0
07/15/2023 01:30,0.0
07/15/2023 02:00,0.0
07/15/2023 02:30,0.0
07/15/2023 03:00,0.0
07/15/2023 03:30,0.0
07/15/2023 04:00,0.0
07/15/2023 04:30,0.0
07/15/2023 05:00,0.0
07/15/2023 05:30,0.0
07/15/2023 06:00,0.0
07/15/2023 06:30,0.0
07/15/2023 07:00,0.0
07/15/2023 07:30,0.0
07/15/2023 08:00,0.0
07/15/2023 08:30,0.0
07/15/2023 09:00,0.0
07/15/2023 09:30,0.0
07/15/2023 10:00,0.0
07/15/2023 10:30,0.0
07/15/2023 11:00,0.0
07/15/2023 11:30,0.0
07/15/2023 12:00,0.0
07/15/2023 12:30,0.0
07/15/2023 13:00,0.0
07/15/2023 13:30,0.0
07/15/2023 14:00,0.0
07/15/2023 14:30,0.0
07/15/2023 15:00,0.0
07/15/2023 15:30,0.0
07/15/2023 16:00,0.0
07/15/2023 16:30,0.0
07/15/2023 17:00,0.0
07/15/2023 17:30,0.0
07/15/2023 18:00,0.0
07/15/2023 18:30,0.0
07/15/2023 19:00,0.0
07/15/2023 19:30,0.0
07/15/2023 20:00,0.0
07/15/2023 20:30,0.0
07/15/2023 21:00,0.0
07/15/2023 21:30,0.0
07/15/2023 22:00,0.0
07/15/2023 22:30,0.0
07/15/2023 23:00,0.0
07/15/2023 23:30,0.0
07/16/2023 00:00,0.0
07/16/2023 00:30,0.0
07/16/2023 01:00,0.0
07/16/2023 01:30,0.0
07/16/2023 02:00,0.0
07/16/2023 02:30,0.0
07/16/2023 03:00,0.0
07/16/2023 03:30,0.0
07/16/2023 04:00,0.0
07/16/2023 04:30,0.0
07/16/2023 05:00,0.0
07/16/2023 05:30,0.0
07/16/2023 06:00,0.0
07/16/2023 06:30,0.0
07/16/2023 07:00,0.0
07/16/2023 07:30,0.0
07/16/2023 08:00,0.0
07/16/2023 08:30,0.0
07/16/2023 09:00,0.0
07/16/2023 09:30,0.0
07/16/2023 10:00,0.0
07/16/2023 10:30,0.0
07/16/2023 11:00,0.0
07/16/2023 11:30,0.0
07/16/2023 12:00,0.0
07/16/2023 12:30,0.0
07/16/2023 13:00,0.0
07/16/2023 13:30,0.0
07/16/2023 14:00,0.0
07/16/2023 14:30,0.0
07/16/2023 15:00,0.0
07/16/2023 15:30,0.0
07/16/2023 16:00,0.0
07/16/2023 16:30,0.0
07/16/2023 17:00,0.0
07/16/2023 17:30,0.0
07/16/2023 18:00,0.0
07/16/2023 18:30,0.0
07/16/2023 19:00,0.0
07/16/2023 19:30,0.0
07/16/2023 20:00,0.0
07/16/2023 20:30,0.0
07/16/2023 21:00,0.0
07/16/2023 21:30,0.0
07/16/2023 22:00,0.0
07/16/2023 22:30,0.0
07/16/2023 23:00,0.0
07/16/2023 23:30,0.0
07/17/2023 00:00,0.0
07/17/2023 00:30,0.0
07/17/2023 01:00,0.0
07/17/2023 01:30,0.0
07/17/2023 02:00,0.0
07/17/2023 02:30,0.0
07/17/2023 03:00,0.0
07/17/2023 03:30,0.0
07/17/2023 04:00,0.0
07/17/2023 04:30,0.0
07/17/2023 05:00,0.0
07/17/2023 05:30,0.0
07/17/2023 06:00,0.0
07/17/2023 06:30,0.0
07/17/2023 07:00,0.0
07/17/2023 07:30,0.0
07/17/2023 08:00,0.0
07/17/2023 08:30,0.0
07/17/2023 09:00,0.0
07/17/2023 09:30,0.0
07/17/2023 10:00,0.0
07/17/2023 10:30,0.0
07/17/2023 11:00,0.0
07/17/2023 11:30,0.0
07/17/2023 12:00,0.0
07/17/2023 12:30,0.0
07/17/2023 13:00,0.0
07/17/2023 13:30,0.0
07/17/2023 14:00,0.0
07/17/2023 14:30,0.0
07/17/2023 15:00,0.0
07/17/2023 15:30,0.0
07/17/2023 16:00,0.0
07/17/2023 16:30,0.0
07/17/2023 17:00,0.0
07/17/2023 17:30,0.0
07/17/2023 18:00,0.0
07/17/2023 18:30,0.0
07/17/2023 19:00,0.0
07/17/2023 19:30,0.0
07/17/2023 20:00,0.0
07/17/2023 20:30,0.0
07/17/2023 21:00,0.0
07/17/2023 21:30,0.0
07/17/2023 22:00,0.0
07/17/2023 22:30,0.0
07/17/2023 23:00,0.0
07/17/2023 23:30,0.0
07/18/2023 00:00,0.0
07/18/2023 00:30,0.0
07/18/2023 01:00,0.0
07/18/2023 01:30,0.0
07/18/2023 02:00,0.0
07/18/2023 02:30,0.0
07/18/2023 03:00,0.0
07/18/2023 03:30,0.0
07/18/2023 04:00,0.0
07/18/2023 04:30,0.0
07/18/2023 05:00,0.0
07/18/2023 05:30,0.0
07/18/2023 06:00,0.0
07/18/2023 06:30,0.0
07/18/2023 07:00,0.0
07/18/2023 07:30,0.0
07/18/2023 08:00,0.0
07/18/2023 08:30,0.0
07/18/2023 09:00,0.0
07/18/2023 09:30,0.0
07/18/2023 10:00,0.0
07/18/2023 10:30,0.0
07/18/2023 11:00,0.0
07/18/2023 11:30,0.0
07/18/2023 12:00,0.0
07/18/2023 12:30,0.0
07/18/2023 13:00,0.0
07/18/2023 13:30,0.0
07/18/2023 14:00,0.0
07/18/2023 14:30,0.0
07/18/2023 15:00,0.0
07/18/2023 15:30,0.0
07/18/2023 16:00,0.0
07/18/2023 16:30,0.0
07/18/2023 17:00,0.0
07/18/2023 17:30,0.0
07/18/2023 18:00,0.0
07/18/2023 18:30,0.0
07/18/2023 19:00,0.0
07/18/2023 19:30,0.0
07/18/2023 20:00,0.0
07/18/2023 20:30,0.0
07/18/2023 21:00,0.0
07/18/2023 21:30,0.0
07/18/2023 22:00,0.0
07/18/2023 22:30,0.0
07/18/2023 23:00,0.0
07/18/2023 23:30,0.0
07/19/2023 00:00,0.0
07/19/2023 00:30,0.0
07/19/2023 01:00,0.0
07/19/2023 01:30,0.0
07/19/2023 02:00,0.0
07/19/2023 02:30,0.0
07/19/2023 03:00,0.0
07/19/2023 03:30,0.0
07/19/2023 04:00,0.0
07/19/2023 04:30,0.0
07/19/2023 05:00,0.0
07/19/2023 05:30,0.0
07/19/2023 06:00,0.0
07/19/2023 06:30,0.0
07/19/2023 07:00,0.0
07/19/2023 07:30,0.0
07/19/2023 08:00,0.0
07/19/2023 08:30,0.0
07/19/2023 09:00,0.0
07/19/2023 09:30,0.0
07/19/2023 10:00,0.0
07/19/2023 10:30,0.0
07/19/2023 11:00,0.0
07/19/2023 11:30,0.0
07/19/2023 12:00,0.0
07/19/2023 12:30,0.0
07/19/2023 13:00,0.0
07/19/2023 13:30,0.0
07/19/2023 14:00,0.0
07/19/2023 14:30,0.0
07/19/2023 15:00,0.0
07/19/2023 15:30,0.0
07/19/2023 16:00,0.0
07/19/2023 16:30,0.0
07/19/2023 17:00,0.0
07/19/2023 17:30,0.0
07/19/2023 18:00,0.0
07/19/2023 18:30,0.0
07/19/2023 19:00,0.0
07/19/2023 19:30,0.0
07/19/2023 20:00,0.0
07/19/2023 20:30,0.0
07/19/2023 21:00,0.0
07/19/2023 21:30,0.0
07/19/2023 22:00,0.0
07/19/2023 22:30,0.0
07/19/2023 23:00,0.0
07/19/2023 23:30,0.0
07/20/2023 00:00,0.0
07/20/2023 00:30,0.0
07/20/2023 01:00,0.0
07/20/2023 01:30,0.0
07/20/2023 02:00,0.0
07/20/2023 02:30,0.0
07/20/2023 03:00,0.0
07/20/2023 03:30,0.0
07/20/2023 04:00,0.0
07/20/2023 04:30,0.0
07/20/2023 05:00,0.0
07/20/2023 05:30,0.0
07/20/2023 06:00,0.0
07/20/2023 06:30,0.0
07/20/2023 07:00,0.0
07/20/2023 07:30,0.0
07/20/2023 08:00,0.0
07/20/2023 08:30,0.0
07/20/2023 09:00,0.0
07/20/2023 09:30,0.0
07/20/2023 10:00,0.0
07/20/2023 10:30,0.0
07/20/2023 11:00,0.0
07/20/2023 11:30,0.0
07/20/2023 12:00,0.0
07/20/2023 12:30,0.0
07/20/2023 13:00,0.0
07/20/2023 13:30,0.0
07/20/2023 14:00,0.0
07/20/2023 14:30,0.0
07/20/2023 15:00,0.0
07/20/2023 15:30,0.0
07/20/2023 16:00,0.0
07/20/2023 16:30,0.0
07/20/2023 17:00,0.0
07/20/2023 17:30,0.0
07/20/2023 18:00,0.0
07/20/2023 18:30,0.0
07/20/2023 19:00,0.0
07/20/2023 19:30,0.0
07/20/2023 20:00,0.0
07/20/2023 20:30,0.0
07/20/2023 21:00,0.0
07/20/2023 21:30,0.0
07/20/2023 22:00,0.0
07/20/2023 22:30,0.0
07/20/2023 23:00,0.0
07/20/2023 23:30,0.0
07/21/2023 00:00,0.0
07/21/2023 00:30,0.0
07/21/2023 01:00,0.0
07/21/2023 01:30,0.0
07/21/2023 02:00,0.0
07/21/2023 02:30,0.0
07/21/2023 03:00,0.0
07/21/2023 03:30,0.0
07/21/2023 04:00,0.0
07/21/2023 04:30,0.0
07/21/2023 05:00,0.0
07/21/2023 05:30,0.0
07/21/2023 06:00,0.0
07/21/2023 06:30,0.0
07/21/2023 07:00,0.0
07/21/2023 07:30,0.0
07/21/2023 08:00,0.0
07/21/2023 08:30,0.0
07/21/2023 09:00,0.0
07/21/2023 09:30,0.0
07/21/2023 10:00,0.0
07/21/2023 10:30,0.0
07/21/2023 11:00,0.0
07/21/2023 11:30,0.0
07/21/2023 12:00,0.0
07/21/2023 12:30,0.0
07/21/2023 13:00,0.0
07/21/2023 13:30,0.0
07/21/2023 14:00,0.0
07/21/2023 14:30,0.0
07/21/2023 15:00,0.0
07/21/2023 15:30,0.0
07/21/2023 16:00,0.0
07/21/2023 16:30,0.0
07/21/2023 17:00,0.0
07/21/2023 17:30,0.0
07/21/2023 18:00,0.0
07/21/2023 18:30,0.0
07/21/2023 19:00,0.0
07/21/2023 19:30,0.0
07/21/2023 20:00,0.0
07/21/2023 20:30,0.0
07/21/2023 21:00,0.0
07/21/2023 21:30,0.0
07/21/2023 22:00,0.0
07/21/2023 22:30,0.0
07/21/2023 23:00,0.0
07/21/2023 23:30,0.0
07/22/2023 00:00,0.0
07/22/2023 00:30,0.0
07/22/2023 01:00,0.0
07/22/2023 01:30,0.0
07/22/2023 02:00,0.0
07/22/2023 02:30,0.0
07/22/2023 03:00,0.0
07/22/2023 03:30,0.0
07/22/2023 04:00,0.0
07/22/2023 04:30,0.0
07/22/2023 05:00,0.0
07/22/2023 05:30,0.0
07/22/2023 06:00,0.0
07/22/2023 06:30,0.0
07/22/2023 07:00,0.0
07/22/2023 07:30,0.0
07/22/2023 08:00,0.0
07/22/2023 08:30,0.0
07/22/2023 09:00,0.0
07/22/2023 09:30,0.0
07/22/2023 10:00,0.0
07/22/2023 10:30,0.0
07/22/2023 11:00,0.0
07/22/2023 11:30,0.0
07/22/2023 12:00,0.0
07/22/2023 12:30,0.0
07/22/2023 13:00,0.0
07/22/2023 13:30,0.0
07/22/2023 14:00,0.0
07/22/2023 14:30,0.0
07/22/2023 15:00,0.0
07/22/2023 15:30,0.0
07/22/2023 16:00,0.0
07/22/2023 16:30,0.0
07/22/2023 17:00,0.0
07/22/2023 17:30,0.0
07/22/2023 18:00,0.0
07/22/2023 18:30,0.0
07/22/2023 19:00,0.0
07/22/2023 19:30,0.0
07/22/2023 20:00,0.0
07/22/2023 20:30,0.0
07/22/2023 21:00,0.0
07/22/2023 21:30,0.0
07/22/2023 22:00,0.0
07/22/2023 22:30,0.0
07/22/2023 23:00,0.0
07/22/2023 23:30,0.0
07/23/2023 00:00,0.0
07/23/2023 00:30,0.0
07/23/2023 01:00,0.0
07/23/2023 01:30,0.0
07/23/2023 02:00,0.0
07/23/2023 02:30,0.0
07/23/2023 03:00,0.0
07/23/2023 03:30,0.0
07/23/2023 04:00,0.0
07/23/2023 04:30,0.0
07/23/2023 05:00,0.0
07/23/2023 05:30,0.0
07/23/2023 06:00,0.0
07/23/2023 06:30,0.0
07/23/2023 07:00,0.0
07/23/2023 07:30,0.0
07/23/2023 08:00,0.0
07/23/2023 08:30,0.0
07/23/2023 09:00,0.0
07/23/2023 09:30,0.0
07/23/2023 10:00,0.0
07/23/2023 10:30,0.0
07/23/2023 11:00,0.0
07/23/2023 11:30,0.0
07/23/2023 12:00,0.0
07/23/2023 12:30,0.0
07/23/2023 13:00,0.0
07/23/2023 13:30,0.0
07/23/2023 14:00,0.0
07/23/2023 14:30,0.0
07/23/2023 15:00,0.0
07/23/2023 15:30,0.0
07/23/2023 16:00,0.0
07/23/2023 16:30,0.0
07/23/2023 17:00,0.0
07/23/2023 17:30,0.0
07/23/2023 18:00,0.0
07/23/2023 18:30,0.0
07/23/2023 19:00,0.0
07/23/2023 19:30,0.0
07/23/2023 20:00,0.0
07/23/2023 20:30,0.0
07/23/2023 21:00,0.0
07/23/2023 21:30,0.0
07/23/2023 22:00,0.0
07/23/2023 22:30,0.0
07/23/2023 23:00,0.0
07/23/2023 23:30,0.0
07/24/2023 00:00,0.0
07/24/2023 00:30,0.0
07/24/2023 01:00,0.0
07/24/2023 01:30,0.0
07/24/2023 02:00,0.0
07/24/2023 02:30,0.0
07/24/2023 03:00,0.0
07/24/2023 03:30,0.0
07/24/2023 04:00,0.0
07/24/2023 04:30,0.0
07/24/2023 05:00,0.0
07/24/2023 05:30,0.0
07/24/2023 06:00,0.0
07/24/2023 06:30,0.0
07/24/2023 07:00,0.0
07/24/2023 07:30,0.0
07/24/2023 08:00,0.0
07/24/2023 08:30,0.0
07/24/2023 09:00,0.0
07/24/2023 09:30,0.0
07/24/2023 10:00,0.0
07/24/2023 10:30,0.0
07/24/2023 11:00,0.0
07/24/2023 11:30,0.0
07/24/2023 12:00,0.0
07/24/2023 12:30,0.0
07/24/2023 13:00,0.0
07/24/2023 13:30,0.0
07/24/2023 14:00,0.0
07/24/2023 14:30,0.0
07/24/2023 15:00,0.0
07/24/2023 15:30,0.0
07/24/2023 16:00,0.0
07/24/2023 16:30,0.0
07/24/2023 17:00,0.0
07/24/2023 17:30,0.0
07/24/2023 18:00,0.0
07/24/2023 18:30,0.0
07/24/2023 19:00,0.0
07/24/2023 19:30,0.0
07/24/2023 20:00,0.0
07/24/2023 20:30,0.0
07/24/2023 21:00,0.0
07/24/2023 21:30,0.0
07/24/2023 22:00,0.0
07/24/2023 22:30,0.0
07/24/2023 23:00,0.0
07/24/2023 23:30,0.0
07/25/2023 00:00,0.0
07/25/2023 00:30,0.0
07/25/2023 01:00,0.0
07/25/2023 01:30,0.0
07/25/2023 02:00,0.0
07/25/2023 02:30,0.0
07/25/2023 03:00,0.0
07/25/2023 03:30,0.0
07/25/2023 04:00,0.0
07/25/2023 04:30,0.0
07/25/2023 05:00,0.0
07/25/2023 05:30,0.0
07/25/2023 06:00,0.0
07/25/2023 06:30,0.0
07/25/2023 07:00,0.0
07/25/2023 07:30,0.0
07/25/2023 08:00,0.0
07/25/2023 08:30,0.0
07/25/2023 09:00,0.0
07/25/2023 09:30,0.0
07/25/2023 10:00,0.0
07/25/2023 10:30,0.0
07/25/2023 11:00,0.0
07/25/2023 11:30,0.0
07/25/2023 12:00,0.0
07/25/2023 12:30,0.0
07/25/2023 13:00,0.0
07/25/2023 13:30,0.0
07/25/2023 14:00,0.0
07/25/2023 14:30,0.0
07/25/2023 15:00,0.0
07/25/2023 15:30,0.0
07/25/2023 16:00,0.0
07/25/2023 16:30,0.0
07/25/2023 17:00,0.0
07/25/2023 17:30,0.0
07/25/2023 18:00,0.0
07/25/2023 18:30,0.0
07/25/2023 19:00,0.0
07/25/2023 19:30,0.0
07/25/2023 20:00,0.0
07/25/2023 20:30,0.0
07/25/2023 21:00,0.0
07/25/2023 21:30,0.0
07/25/2023 22:00,0.0
07/25/2023 22:30,0.0
07/25/2023 23:00,0.0
07/25/2023 23:30,0.0
07/26/2023 00:00,0.0
07/26/2023 00:30,0.0
07/26/2023 01:00,0.0
07/26/2023 01:30,0.0
07/26/2023 02:00,0.0
07/26/2023 02:30,0.0
07/26/2023 03:00,0.0
07/26/2023 03:30,0.0
07/26/2023 04:00,0.0
07/26/2023 04:30,0.0
07/26/2023 05:00,0.0
07/26/2023 05:30,0.0
07/26/2023 06:00,0.0
07/26/2023 06:30,0.0
07/26/2023 07:00,0.0
07/26/2023 07:30,0.0
07/26/2023 08:00,0.0
07/26/2023 08:30,0.0
07/26/2023 09:00,0.0
07/26/2023 09:30,0.0
07/26/2023 10:00,0.0
07/26/2023 10:30,0.0
07/26/2023 11:00,0.0
07/26/2023 11:30,0.0
07/26/2023 12:00,0.0
07/26/2023 12:30,0.0
07/26/2023 13:00,0.0
07/26/2023 13:30,0.0
07/26/2023 14:00,0.0
07/26/2023 14:30,0.0
07/26/2023 15:00,0.0
07/26/2023 15:30,0.0
07/26/2023 16:00,0.0
07/26/2023 16:30,0.0
07/26/2023 17:00,0.0
07/26/2023 17:30,0.0
07/26/2023 18:00,0.0
07/26/2023 18:30,0.0
07/26/2023 19:00,0.0
07/26/2023 19:30,0.0
07/26/2023 20:00,0.0
07/26/2023 20:30,0.0
07/26/2023 21:00,0.0
07/26/2023 21:30,0.0
07/26/2023 22:00,0.0
07/26/2023 22:30,0.0
07/26/2023 23:00,0.0
07/26/2023 23:30,0.0
07/27/2023 00:00,0.0
07/27/2023 00:30,0.0
07/27/2023 01:00,0.0
07/27/2023 01:30,0.0
07/27/2023 02:00,0.0
07/27/2023 02:30,0.0
07/27/2023 03:00,0.0
07/27/2023 03:30,0.0
07/27/2023 04:00,0.0
07/27/2023 04:30,0.0
07/27/2023 05:00,0.0
07/27/2023 05:30,0.0
07/27/2023 06:00,0.0
07/27/2023 06:30,0.0
07/27/2023 07:00,0.0
07/27/2023 07:30,0.0
07/27/2023 08:00,0.0
07/27/2023 08:30,0.0
07/27/2023 09:00,0.0
07/27/2023 09:30,0.0
07/27/2023 10:00,0.0
07/27/2023 10:30,0.0
07/27/2023 11:00,0.0
07/27/2023 11:30,0.0
07/27/2023 12:00,0.0
07/27/2023 12:30,0.0
07/27/2023 13:00,0.0
07/27/2023 13:30,0.0
07/27/2023 14:00,0.0
07/27/2023 14:30,0.0
07/27/2023 15:00,0.0
07/27/2023 15:30,0.0
07/27/2023 16:00,0.0
07/27/2023 16:30,0.0
07/27/2023 17:00,0.0
07/27/2023 17:30,0.0
07/27/2023 18:00,0.0
07/27/2023 18:30,0.0
07/27/2023 19:00,0.0
07/27/2023 19:30,0.0
07/27/2023 20:00,0.0
07/27/2023 20:30,0.0
07/27/2023 21:00,0.0
07/27/2023 21:30,0.0
07/27/2023 22:00,0.0
07/27/2023 22:30,0.0
07/27/2023 23:00,0.0
07/27/2023 23:30,0.0
07/28/2023 00:00,0.0
07/28/2023 00:30,0.0
07/28/2023 01:00,0.0
07/28/2023 01:30,0.0
07/28/2023 02:00,0.0
07/28/2023 02:30,0.0
07/28/2023 03:00,0.0
07/28/2023 03:30,0.0
07/28/2023 04:00,0.0
07/28/2023 04:30,0.0
07/28/2023 05:00,0.0
07/28/2023 05:30,0.0
07/28/2023 06:00,0.0
07/28/2023 06:30,0.0
07/28/2023 07:00,0.0
07/28/2023 07:30,0.0
07/28/2023 08:00,0.0
07/28/2023 08:30,0.0
07/28/2023 09:00,0.0
07/28/2023 09:30,0.0
07/28/2023 10:00,0.0
07/28/2023 10:30,0.0
07/28/2023 11:00,0.0
07/28/2023 11:30,0.0
07/28/2023 12:00,0.0
07/28/2023 12:30,0.0
07/28/2023 13:00,0.0
07/28/2023 13:30,0.0
07/28/2023 14:00,0.0
07/28/2023 14:30,0.0
07/28/2023 15:00,0.0
07/28/2023 15:30,0.0
07/28/2023 16:00,0.0
07/28/2023 16:30,0.0
07/28/2023 17:00,0.0
07/28/2023 17:30,0.0
07/28/2023 18:00,0.0
07/28/2023 18:30,0.0
07/28/2023 19:00,0.0
07/28/2023 19:30,0.0
07/28/2023 20:00,0.0
07/28/2023 20:30,0.0
07/28/2023 21:00,0.0
07/28/2023 21:30,0.0
07/28/2023 22:00,0.0
07/28/2023 22:30,0.0
07/28/2023 23:00,0.0
07/28/2023 23:30,0.0
07/29/2023 00:00,0.0
07/29/2023 00:30,0.0
07/29/2023 01:00,0.0
07/29/2023 01:30,0.0
07/29/2023 02:00,0.0
07/29/2023 02:30,0.0
07/29/2023 03:00,0.0
07/29/2023 03:30,0.0
07/29/2023 04:00,0.0
07/29/2023 04:30,0.0
07/29/2023 05:00,0.0
07/29/2023 05:30,0.0
07/29/2023 06:00,0.0
07/29/2023 06:30,0.0
07/29/2023 07:00,0.0
07/29/2023 07:30,0.0
07/29/2023 08:00,0.0
07/29/2023 08:30,0.0
07/29/2023 09:00,0.0
07/29/2023 09:30,0.0
07/29/2023 10:00,0.0
07/29/2023 10:30,0.0
07/29/2023 11:00,0.0
07/29/2023 11:30,0.0
07/29/2023 12:00,0.0
07/29/2023 12:30,0.0
07/29/2023 13:00,0.0
07/29/2023 13:30,0.0
07/29/2023 14:00,0.0
07/29/2023 14:30,0.0
07/29/2023 15:00,0.0
07/29/2023 15:30,0.0
07/29/2023 16:00,0.0
07/29/2023 16:30,0.0
07/29/2023 17:00,0.0
07/29/2023 17:30,0.0
07/29/2023 18:00,0.0
07/29/2023 18:30,0.0
07/29/2023 19:00,0.0
07/29/2023 19:30,0.0
07/29/2023 20:00,0.0
07/29/2023 20:30,0.0
07/29/2023 21:00,0.0
07/29/2023 21:30,0.0
07/29/2023 22:00,0.0
07/29/2023 22:30,0.0
07/29/2023 23:00,0.0
07/29/2023 23:30,0.0
07/30/2023 00:00,0.0
07/30/2023 00:30,0.0
07/30/2023 01:00,0.0
07/30/2023 01:30,0.0
07/30/2023 02:00,0.0
07/30/2023 02:30,0.0
07/30/2023 03:00,0.0
07/30/2023 03:30,0.0
07/30/2023 04:00,0.0
07/30/2023 04:30,0.0
07/30/2023 05:00,0.0
07/30/2023 05:30,0.0
07/30/2023 06:00,0.0
07/30/2023 06:30,0.0
07/30/2023 07:00,0.0
07/30/2023 07:30,0.0
07/30/2023 08:00,0.0
07/30/2023 08:30,0.0
07/30/2023 09:00,0.0
07/30/2023 09:30,0.0
07/30/2023 10:00,0.0
07/30/2023 10:30,0.0
07/30/2023 11:00,0.0
07/30/2023 11:30,0.0
07/30/2023 12:00,0.0
07/30/2023 12:30,0.0
07/30/2023 13:00,0.0
07/30/2023 13:30,0.0
07/30/2023 14:00,0.0
07/30/2023 14:30,0.0
07/30/2023 15:00,0.0
07/30/2023 15:30,0.0
07/30/2023 16:00,0.0
07/30/2023 16:30,0.0
07/30/2023 17:00,0.0
07/30/2023 17:30,0.0
07/30/2023 18:00,0.0
07/30/2023 18:30,0.0
07/30/2023 19:00,0.0
07/30/2023 19:30,0.0
07/30/2023 20:00,0.0
07/30/2023 20:30,0.0
07/30/2023 21:00,0.0
07/30/2023 21:30,0.0
07/30/2023 22:00,0.0
07/30/2023 22:30,0.0
07/30/2023 23:00,0.0
07/30/2023 23:30,0.0
07/31/2023 00:00,0.0
07/31/2023 00:30,0.0
07/31/2023 01:00,0.0
07/31/2023 01:30,0.0
07/31/2023 02:00,0.0
07/31/2023 02:30,0.0
07/31/2023 03:00,0.0
07/31/2023 03:30,0.0
07/31/2023 04:00,0.0
07/31/2023 04:30,0.0
07/31/2023 05:00,0.0
07/31/2023 05:30,0.0
07/31/2023 06:00,0.0
07/31/2023 06:30,0.0
07/31/2023 07:00,0.0
07/31/2023 07:30,0.0
07/31/2023 08:00,0.0
07/31/2023 08:30,0.0
07/31/2023 09:00,0.0
07/31/2023 09:30,0.0
07/31/2023 10:00,0.0
07/31/2023 10:30,0.0
07/31/2023 11:00,0.0
07/31/2023 11:30,0.0
07/31/2023 12:00,0.0
07/31/2023 12:30,0.0
07/31/2023 13:00,0.0
07/31/2023 13:30,0.0
07/31/2023 14:00,0.0
07/31/2023 14:30,0.0
07/31/2023 15:00,0.0
07/31/2023 15:30,0.0
07/31/2023 16:00,0.0
07/31/2023 16:30,0.0
07/31/2023 17:00,0.0
07/31/2023 17:30,0.0
07/31/2023 18:00,0.0
07/31/2023 18:30,0.0
07/31/2023 19:00,0.0
07/31/2023 19:30,0.0
07/31/2023 20:00,0.0
07/31/2023 20:30,0.0
07/31/2023 21:00,0.0
07/31/2023 21:30,0.0
07/31/2023 22:00,0.0
07/31/2023 22:30,0.0
07/31/2023 23:00,0.0
07/31/2023 23:30,0.0
08/01/2023 00:00,0.0
08/01/2023 00:30,0.0
08/01/2023 01:00,0.0
08/01/2023 01:30,0.0
08/01/2023 02:00,0.0
08/01/2023 02:30,0.0
08/01/2023 03:00,0.0
08/01/2023 03:30,0.0
08/01/2023 04:00,0.0
08/01/2023 04:30,0.0
08/01/2023 05:00,0.0
08/01/2023 05:30,0.0
08/01/2023 06:00,0.0
08/01/2023 06:30,0.0
08/01/2023 07:00,0.0
08/01/2023 07:30,0.0
08/01/2023 08:00,0.0
08/01/2023 08:30,0.0
08/01/2023 09:00,0.0
08/01/2023 09:30,0.0
08/01/2023 10:00,0.0
08/01/2023 10:30,0.0
08/01/2023 11:00,0.0
08/01/2023 11:30,0.0
08/01/2023 12:00,0.0
08/01/2023 12:30,0.0
08/01/2023 13:00,0.0
08/01/2023 13:30,0.0
08/01/2023 14:00,0.0
08/01/2023 14:30,0.0
08/01/2023 15:00,0.0
08/01/2023 15:30,0.0
08/01/2023 16:00,0.0
08/01/2023 16:30,0.0
08/01/2023 17:00,0.0
08/01/2023 17:30,0.0
08/01/2023 18:00,0.0
08/01/2023 18:30,0.0
08/01/2023 19:00,0.0
08/01/2023 19:30,0.0
08/01/2023 20:00,0.0
08/01/2023 20:30,0.0
08/01/2023 21:00,0.0
08/01/2023 21:30,0.0
08/01/2023 22:00,0.0
08/01/2023 22:30,0.0
08/01/2023 23:00,0.0
08/01/2023 23:30,0.0
08/02/2023 00:00,0.0
08/02/2023 00:30,0.0
08/02/2023 01:00,0.0
08/02/2023 01:30,0.0
08/02/2023 02:00,0.0
08/02/2023 02:30,0.0
08/02/2023 03:00,0.0
08/02/2023 03:30,0.0
08/02/2023 04:00,0.0
08/02/2023 04:30,0.0
08/02/2023 05:00,0.0
08/02/2023 05:30,0.0
08/02/2023 06:00,0.0
08/02/2023 06:30,0.0
08/02/2023 07:00,0.0
08/02/2023 07:30,0.0
08/02/2023 08:00,0.0
08/02/2023 08:30,0.0
08/02/2023 09:00,0.0
08/02/2023 09:30,0.0
08/02/2023 10:00,0.0
08/02/2023 10:30,0.0
08/02/2023 11:00,0.0
08/02/2023 11:30,0.0
08/02/2023 12:00,0.0
08/02/2023 12:30,0.0
08/02/2023 13:00,0.0
08/02/2023 13:30,0.0
08/02/2023 14:00,0.0
08/02/2023 14:30,0.0
08/02/2023 15:00,0.0
08/02/2023 15:30,0.0
08/02/2023 16:00,0.0
08/02/2023 16:30,0.0
08/02/2023 17:00,0.0
08/02/2023 17:30,0.0
08/02/2023 18:00,0.0
08/02/2023 18:30,0.0
08/02/2023 19:00,0.0
08/02/2023 19:30,0.0
08/02/2023 20:00,0.0
08/02/2023 20:30,0.0
08/02/2023 21:00,0.0
08/02/2023 21:30,0.0
08/02/2023 22:00,0.0
08/02/2023 22:30,0.0
08/02/2023 23:00,0.0
08/02/2023 23:30,0.0
08/03/2023 00:00,0.0
08/03/2023 00:30,0.0
08/03/2023 01:00,0.0
08/03/2023 01:30,0.0
08/03/2023 02:00,0.0
08/03/2023 02:30,0.0
08/03/2023 03:00,0.0
08/03/2023 03:30,0.0
08/03/2023 04:00,0.0
08/03/2023 04:30,0.0
08/03/2023 05:00,0.0
08/03/2023 05:30,0.0
08/03/2023 06:00,0.0
08/03/2023 06:30,0.0
08/03/2023 07:00,0.0
08/03/2023 07:30,0.0
08/03/2023 08:00,0.0
08/03/2023 08:30,0.0
08/03/2023 09:00,0.0
08/03/2023 09:30,0.0
08/03/2023 10:00,0.0
08/03/2023 10:30,0.0
08/03/2023 11:00,0.0
08/03/2023 11:30,0.0
08/03/2023 12:00,0.0
08/03/2023 12:30,0.0
08/03/2023 13:00,0.0
08/03/2023 13:30,0.0
08/03/2023 14:00,0.0
08/03/2023 14:30,0.0
08/03/2023 15:00,0.0
08/03/2023 15:30,0.0
08/03/2023 16:00,0.0
08/03/2023 16:30,0.0
08/03/2023 17:00,0.0
08/03/2023 17:30,0.0
08/03/2023 18:00,0.0
08/03/2023 18:30,0.0
08/03/2023 19:00,0.0
08/03/2023 19:30,0.0
08/03/2023 20:00,0.0
08/03/2023 20:30,0.0
08/03/2023 21:00,0.0
08/03/2023 21:30,0.0
08/03/2023 22:00,0.0
08/03/2023 22:30,0.0
08/03/2023 23:00,0.0
08/03/2023 23:30,0.0
08/04/2023 00:00,0.0
08/04/2023 00:30,0.0
08/04/2023 01:00,0.0
08/04/2023 01:30,0.0
08/04/2023 02:00,0.0
08/04/2023 02:30,0.0
08/04/2023 03:00,0.0
08/04/2023 03:30,0.0
08/04/2023 04:00,0.0
08/04/2023 04:30,0.0
08/04/2023 05:00,0.0
08/04/2023 05:30,0.0
08/04/2023 06:00,0.0
08/04/2023 06:30,0.0
08/04/2023 07:00,0.0
08/04/2023 07:30,0.0
08/04/2023 08:00,0.0
08/04/2023 08:30,0.0
08/04/2023 09:00,0.0
08/04/2023 09:30,0.0
08/04/2023 10:00,0.0
08/04/2023 10:30,0.0
08/04/2023 11:00,0.0
08/04/2023 11:30,0.0
08/04/2023 12:00,0.0
08/04/2023 12:30,0.0
08/04/2023 13:00,0.0
08/04/2023 13:30,0.0
08/04/2023 14:00,0.0
08/04/2023 14:30,0.0
08/04/2023 15:00,0.0
08/04/2023 15:30,0.0
08/04/2023 16:00,0.0
08/04/2023 16:30,0.0
08/04/2023 17:00,0.0
08/04/2023 17:30,0.0
08/04/2023 18:00,0.0
08/04/2023 18:30,0.0
08/04/2023 19:00,0.0
08/04/2023 19:30,0.0
08/04/2023 20:00,0.0
08/04/2023 20:30,0.0
08/04/2023 21:00,0.0
08/04/2023 21:30,0.0
08/04/2023 22:00,0.0
08/04/2023 22:30,0.0
08/04/2023 23:00,0.0
08/04/2023 23:30,0.0
08/05/2023 00:00,0.0
08/05/2023 00:30,0.0
08/05/2023 01:00,0.0
08/05/2023 01:30,0.0
08/05/2023 02:00,0.0
08/05/2023 02:30,0.0
08/05/2023 03:00,0.0
08/05/2023 03:30,0.0
08/05/2023 04:00,0.0
08/05/2023 04:30,0.0
08/05/2023 05:00,0.0
08/05/2023 05:30,0.0
08/05/2023 06:00,0.0
08/05/2023 06:30,0.0
08/05/2023 07:00,0.0
08/05/2023 07:30,0.0
08/05/2023 08:00,0.0
08/05/2023 08:30,0.0
08/05/2023 09:00,0.0
08/05/2023 09:30,0.0
08/05/2023 10:00,0.0
08/05/2023 10:30,0.0
08/05/2023 11:00,0.0
08/05/2023 11:30,0.0
08/05/2023 12:00,0.0
08/05/2023 12:30,0.0
08/05/2023 13:00,0.0
08/05/2023 13:30,0.0
08/05/2023 14:00,0.0
08/05/2023 14:30,0.0
08/05/2023 15:00,0.0
08/05/2023 15:30,0.0
08/05/2023 16:00,0.0
08/05/2023 16:30,0.0
08/05/2023 17:00,0.0
08/05/2023 17:30,0.0
08/05/2023 18:00,0.0
08/05/2023 18:30,0.0
08/05/2023 19:00,0.0
08/05/2023 19:30,0.0
08/05/2023 20:00,0.0
08/05/2023 20:30,0.0
08/05/2023 21:00,0.0
08/05/2023 21:30,0.0
08/05/2023 22:00,0.0
08/05/2023 22:30,0.0
08/05/2023 23:00,0.0
08/05/2023 23:30,0.0
08/06/2023 00:00,0.0
08/06/2023 00:30,0.0
08/06/2023 01:00,0.0
08/06/2023 01:30,0.0
08/06/2023 02:00,0.0
08/06/2023 02:30,0.0
08/06/2023 03:00,0.0
08/06/2023 03:30,0.0
08/06/2023 04:00,0.0
08/06/2023 04:30,0.0
08/06/2023 05:00,0.0
08/06/2023 05:30,0.0
08/06/2023 06:00,0.0
08/06/2023 06:30,0.0
08/06/2023 07:00,0.0
08/06/2023 07:30,0.0
08/06/2023 08:00,0.0
08/06/2023 08:30,0.0
08/06/2023 09:00,0.0
08/06/2023 09:30,0.0
08/06/2023 10:00,0.0
08/06/2023 10:30,0.0
08/06/2023 11:00,0.0
08/06/2023 11:30,0.0
08/06/2023 12:00,0.0
08/06/2023 12:30,0.0
08/06/2023 13:00,0.0
08/06/2023 13:30,0.0
08/06/2023 14:00,0.0
08/06/2023 14:30,0.0
08/06/2023 15:00,0.0
08/06/2023 15:30,0.0
08/06/2023 16:00,0.0
08/06/2023 16:30,0.0
08/06/2023 17:00,0.0
08/06/2023 17:30,0.0
08/06/2023 18:00,0.0
08/06/2023 18:30,0.0
08/06/2023 19:00,0.0
08/06/2023 19:30,0.0
08/06/2023 20:00,0.0
08/06/2023 20:30,0.0
08/06/2023 21:00,0.0
08/06/2023 21:30,0.0
08/06/2023 22:00,0.0
08/06/2023 22:30,0.0
08/06/2023 23:00,0.0
08/06/2023 23:30,0.0
08/07/2023 00:00,0.0
08/07/2023 00:30,0.0
08/07/2023 01:00,0.0
08/07/2023 01:30,0.0
08/07/2023 02:00,0.0
08/07/2023 02:30,0.0
08/07/2023 03:00,0.0
08/07/2023 03:30,0.0
08/07/2023 04:00,0.0
08/07/2023 04:30,0.0
08/07/2023 05:00,0.0
08/07/2023 05:30,0.0
08/07/2023 06:00,0.0
08/07/2023 06:30,0.0
08/07/2023 07:00,0.0
08/07/2023 07:30,0.0
08/07/2023 08:00,0.0
08/07/2023 08:30,0.0
08/07/2023 09:00,0.0
08/07/2023 09:30,0.0
08/07/2023 10:00,0.0
08/07/2023 10:30,0.0
08/07/2023 11:00,0.0
08/07/2023 11:30,0.0
08/07/2023 12:00,0.0
08/07/2023 12:30,0.0
08/07/2023 13:00,0.0
08/07/2023 13:30,0.0
08/07/2023 14:00,0.0
08/07/2023 14:30,0.0
08/07/2023 15:00,0.0
08/07/2023 15:30,0.0
08/07/2023 16:00,0.0
08/07/2023 16:30,0.0
08/07/2023 17:00,0.0
08/07/2023 17:30,0.0
08/07/2023 18:00,0.0
08/07/2023 18:30,0.0
08/07/2023 19:00,0.0
08/07/2023 19:30,0.0
08/07/2023 20:00,0.0
08/07/2023 20:30,0.0
08/07/2023 21:00,0.0
08/07/2023 21:30,0.0
08/07/2023 22:00,0.0
08/07/2023 22:30,0.0
08/07/2023 23:00,0.0
08/07/2023 23:30,0.0
08/08/2023 00:00,0.0
08/08/2023 00:30,0.0
08/08/2023 01:00,0.0
08/08/2023 01:30,0.0
08/08/2023 02:00,0.0
08/08/2023 02:30,0.0
08/08/2023 03:00,0.0
08/08/2023 03:30,0.0
08/08/2023 04:00,0.0
08/08/2023 04:30,0.0
08/08/2023 05:00,0.0
08/08/2023 05:30,0.0
08/08/2023 06:00,0.0
08/08/2023 06:30,0.0
08/08/2023 07:00,0.0
08/08/2023 07:30,0.0
08/08/2023 08:00,0.0
08/08/2023 08:30,0.0
08/08/2023 09:00,0.0
08/08/2023 09:30,0.0
08/08/2023 10:00,0.0
08/08/2023 10:30,0.0
08/08/2023 11:00,0.0
08/08/2023 11:30,0.0
08/08/2023 12:00,0.0
08/08/2023 12:30,0.0
08/08/2023 13:00,0.0
08/08/2023 13:30,0.0
08/08/2023 14:00,0.0
08/08/2023 14:30,0.0
08/08/2023 15:00,0.0
08/08/2023 15:30,0.0
08/08/2023 16:00,0.0
08/08/2023 16:30,0.0
08/08/2023 17:00,0.0
08/08/2023 17:30,0.0
08/08/2023 18:00,0.0
08/08/2023 18:30,0.0
08/08/2023 19:00,0.0
08/08/2023 19:30,0.0
08/08/2023 20:00,0.0
08/08/2023 20:30,0.0
08/08/2023 21:00,0.0
08/08/2023 21:30,0.0
08/08/2023 22:00,0.0
08/08/2023 22:30,0.0
08/08/2023 23:00,0.0
08/08/2023 23:30,0.0
08/09/2023 00:00,0.0
08/09/2023 00:30,0.0
08/09/2023 01:00,0.0
08/09/2023 01:30,0.0
08/09/2023 02:00,0.0
08/09/2023 02:30,0.0
08/09/2023 03:00,0.0
08/09/2023 03:30,0.0
08/09/2023 04:00,0.0
08/09/2023 04:30,0.0
08/09/2023 05:00,0.0
08/09/2023 05:30,0.0
08/09/2023 06:00,0.0
08/09/2023 06:30,0.0
08/09/2023 07:00,0.0
08/09/2023 07:30,0.0
08/09/2023 08:00,0.0
08/09/2023 08:30,0.0
08/09/2023 09:00,0.0
08/09/2023 09:30,0.0
08/09/2023 10:00,0.0
08/09/2023 10:30,0.0
08/09/2023 11:00,0.0
08/09/2023 11:30,0.0
08/09/2023 12:00,0.0
08/09/2023 12:30,0.0
08/09/2023 13:00,0.0
08/09/2023 13:30,0.0
08/09/2023 14:00,0.0
08/09/2023 14:30,0.0
08/09/2023 15:00,0.0
08/09/2023 15:30,0.0
08/09/2023 16:00,0.0
08/09/2023 16:30,0.0
08/09/2023 17:00,0.0
08/09/2023 17:30,0.0
08/09/2023 18:00,0.0
08/09/2023 18:30,0.0
08/09/2023 19:00,0.0
08/09/2023 19:30,0.0
08/09/2023 20:00,0.0
08/09/2023 20:30,0.0
08/09/2023 21:00,0.0
08/09/2023 21:30,0.0
08/09/2023 22:00,0.0
08/09/2023 22:30,0.0
08/09/2023 23:00,0.0
08/09/2023 23:30,0.0
08/10/2023 00:00,0.0
08/10/2023 00:30,0.0
08/10/2023 01:00,0.0
08/10/2023 01:30,0.0
08/10/2023 02:00,0.0
08/10/2023 02:30,0.0
08/10/2023 03:00,0.0
08/10/2023 03:30,0.0
08/10/2023 04:00,0.0
08/10/2023 04:30,0.0
08/10/2023 05:00,0.0
08/10/2023 05:30,0.0
08/10/2023 06:00,0.0
08/10/2023 06:30,0.0
08/10/2023 07:00,0.0
08/10/2023 07:30,0.0
08/10/2023 08:00,0.0
08/10/2023 08:30,0.0
08/10/2023 09:00,0.0
08/10/2023 09:30,0.0
08/10/2023 10:00,0.0
08/10/2023 10:30,0.0
08/10/2023 11:00,0.0
08/10/2023 11:30,0.0
08/10/2023 12:00,0.0
08/10/2023 12:30,0.0
08/10/2023 13:00,0.0
08/10/2023 13:30,0.0
08/10/2023 14:00,0.0
08/10/2023 14:30,0.0
08/10/2023 15:00,0.0
08/10/2023 15:30,0.0
08/10/2023 16:00,0.0
08/10/2023 16:30,0.0
08/10/2023 17:00,0.0
08/10/2023 17:30,0.0
08/10/2023 18:00,0.0
08/10/2023 18:30,0.0
08/10/2023 19:00,0.0
08/10/2023 19:30,0.0
08/10/2023 20:00,0.0
08/10/2023 20:30,0.0
08/10/2023 21:00,0.0
08/10/2023 21:30,0.0
08/10/2023 22:00,0.0
08/10/2023 22:30,0.0
08/10/2023 23:00,0.0
08/10/2023 23:30,0.0
08/11/2023 00:00,0.0
08/11/2023 00:30,0.0
08/11/2023 01:00,0.0
08/11/2023 01:30,0.0
08/11/2023 02:00,0.0
08/11/2023 02:30,0.0
08/11/2023 03:00,0.0
08/11/2023 03:30,0.0
08/11/2023 04:00,0.0
08/11/2023 04:30,0.0
08/11/2023 05:00,0.0
08/11/2023 05:30,0.0
08/11/2023 06:00,0.0
08/11/2023 06:30,0.0
08/11/2023 07:00,0.0
08/11/2023 07:30,0.0
08/11/2023 08:00,0.0
08/11/2023 08:30,0.0
08/11/2023 09:00,0.0
08/11/2023 09:30,0.0
08/11/2023 10:00,0.0
08/11/2023 10:30,0.0
08/11/2023 11:00,0.0
08/11/2023 11:30,0.0
08/11/2023 12:00,0.0
08/11/2023 12:30,0.0
08/11/2023 13:00,0.0
08/11/2023 13:30,0.0
08/11/2023 14:00,0.0
08/11/2023 14:30,0.0
08/11/2023 15:00,0.0
08/11/2023 15:30,0.0
08/11/2023 16:00,0.0
08/11/2023 16:30,0.0
08/11/2023 17:00,0.0
08/11/2023 17:30,0.0
08/11/2023 18:00,0.0
08/11/2023 18:30,0.0
08/11/2023 19:00,0.0
08/11/2023 19:30,0.0
08/11/2023 20:00,0.0
08/11/2023 20:30,0.0
08/11/2023 21:00,0.0
08/11/2023 21:30,0.0
08/11/2023 22:00,0.0
08/11/2023 22:30,0.0
08/11/2023 23:00,0.0
08/11/2023 23:30,0.0
08/12/2023 00:00,0.0
08/12/2023 00:30,0.0
08/12/2023 01:00,0.0
08/12/2023 01:30,0.0
08/12/2023 02:00,0.0
08/12/2023 02:30,0.0
08/12/2023 03:00,0.0
08/12/2023 03:30,0.0
08/12/2023 04:00,0.0
08/12/2023 04:30,0.0
08/12/2023 05:00,0.0
08/12/2023 05:30,0.0
08/12/2023 06:00,0.0
08/12/2023 06:30,0.0
08/12/2023 07:00,0.0
08/12/2023 07:30,0.0
08/12/2023 08:00,0.0
08/12/2023 08:30,0.0
08/12/2023 09:00,0.0
08/12/2023 09:30,0.0
08/12/2023 10:00,0.0
08/12/2023 10:30,0.0
08/12/2023 11:00,0.0
08/12/2023 11:30,0.0
08/12/2023 12:00,0.0
08/12/2023 12:30,0.0
08/12/2023 13:00,0.0
08/12/2023 13:30,0.0
08/12/2023 14:00,0.0
08/12/2023 14:30,0.0
08/12/2023 15:00,0.0
08/12/2023 15:30,0.0
08/12/2023 16:00,0.0
08/12/2023 16:30,0.0
08/12/2023 17:00,0.0
08/12/2023 17:30,0.0
08/12/2023 18:00,0.0
08/12/2023 18:30,0.0
08/12/2023 19:00,0.0
08/12/2023 19:30,0.0
08/12/2023 20:00,0.0
08/12/2023 20:30,0.0
08/12/2023 21:00,0.0
08/12/2023 21:30,0.0
08/12/2023 22:00,0.0
08/12/2023 22:30,0.0
08/12/2023 23:00,0.0
08/12/2023 23:30,0.0
08/13/2023 00:00,0.0
08/13/2023 00:30,0.0
08/13/2023 01:00,0.0
08/13/2023 01:30,0.0
08/13/2023 02:00,0.0
08/13/2023 02:30,0.0
08/13/2023 03:00,0.0
08/13/2023 03:30,0.0
08/13/2023 04:00,0.0
08/13/2023 04:30,0.0
08/13/2023 05:00,0.0
08/13/2023 05:30,0.0
08/13/2023 06:00,0.0
08/13/2023 06:30,0.0
08/13/2023 07:00,0.0
08/13/2023 07:30,0.0
08/13/2023 08:00,0.0
08/13/2023 08:30,0.0
08/13/2023 09:00,0.0
08/13/2023 09:30,0.0
08/13/2023 10:00,0.0
08/13/2023 10:30,0.0
08/13/2023 11:00,0.0
08/13/2023 11:30,0.0
08/13/2023 12:00,0.0
08/13/2023 12:30,0.0
08/13/2023 13:00,0.0
08/13/2023 13:30,0.0
08/13/2023 14:00,0.0
08/13/2023 14:30,0.0
08/13/2023 15:00,0.0
08/13/2023 15:30,0.0
08/13/2023 16:00,0.0
08/13/2023 16:30,0.0
08/13/2023 17:00,0.0
08/13/2023 17:30,0.0
08/13/2023 18:00,0.0
08/13/2023 18:30,0.0
08/13/2023 19:00,0.0
08/13/2023 19:30,0.0
08/13/2023 20:00,0.0
08/13/2023 20:30,0.0
08/13/2023 21:00,0.0
08/13/2023 21:30,0.0
08/13/2023 22:00,0.0
08/13/2023 22:30,0.0
08/13/2023 23:00,0.0
08/13/2023 23:30,0.0
08/14/2023 00:00,0.0
08/14/2023 00:30,0.0
08/14/2023 01:00,0.0
08/14/2023 01:30,0.0
08/14/2023 02:00,0.0
08/14/2023 02:30,0.0
08/14/2023 03:00,0.0
08/14/2023 03:30,0.0
08/14/2023 04:00,0.0
08/14/2023 04:30,0.0
08/14/2023 05:00,0.0
08/14/2023 05:30,0.0
08/14/2023 06:00,0.0
08/14/2023 06:30,0.0
08/14/2023 07:00,0.0
08/14/2023 07:30,0.0
08/14/2023 08:00,0.0
08/14/2023 08:30,0.0
08/14/2023 09:00,0.0
08/14/2023 09:30,0.0
08/14/2023 10:00,0.0
08/14/2023 10:30,0.0
08/14/2023 11:00,0.0
08/14/2023 11:30,0.0
08/14/2023 12:00,0.0
08/14/2023 12:30,0.0
08/14/2023 13:00,0.0
08/14/2023 13:30,0.0
08/14/2023 14:00,0.0
08/14/2023 14:30,0.0
08/14/2023 15:00,0.0
08/14/2023 15:30,0.0
08/14/2023 16:00,0.0
08/14/2023 16:30,0.0
08/14/2023 17:00,0.0
08/14/2023 17:30,0.0
08/14/2023 18:00,0.0
08/14/2023 18:30,0.0
08/14/2023 19:00,0.0
08/14/2023 19:30,0.0
08/14/2023 20:00,0.0
08/14/2023 20:30,0.0
08/14/2023 21:00,0.0
08/14/2023 21:30,0.0
08/14/2023 22:00,0.0
08/14/2023 22:30,0.0
08/14/2023 23:00,0.0
08/14/2023 23:30,0.0
08/15/2023 00:00,0.0
08/15/2023 00:30,0.0
08/15/2023 01:00,0.0
08/15/2023 01:30,0.0
08/15/2023 02:00,0.0
08/15/2023 02:30,0.0
08/15/2023 03:00,0.0
08/15/2023 03:30,0.0
08/15/2023 04:00,0.0
08/15/2023 04:30,0.0
08/15/2023 05:00,0.0
08/15/2023 05:30,0.0
08/15/2023 06:00,0.0
08/15/2023 06:30,0.0
08/15/2023 07:00,0.0
08/15/2023 07:30,0.0
08/15/2023 08:00,0.0
08/15/2023 08:30,0.0
08/15/2023 09:00,0.0
08/15/2023 09:30,0.0
08/15/2023 10:00,0.0
08/15/2023 10:30,0.0
08/15/2023 11:00,0.0
08/15/2023 11:30,0.0
08/15/2023 12:00,0.0
08/15/2023 12:30,0.0
08/15/2023 13:00,0.0
08/15/2023 13:30,0.0
08/15/2023 14:00,0.0
08/15/2023 14:30,0.0
08/15/2023 15:00,0.0
08/15/2023 15:30,0.0
08/15/2023 16:00,0.0
08/15/2023 16:30,0.0
08/15/2023 17:00,0.0
08/15/2023 17:30,0.0
08/15/2023 18:00,0.0
08/15/2023 18:30,0.0
08/15/2023 19:00,0.0
08/15/2023 19:30,0.0
08/15/2023 20:00,0.0
08/15/2023 20:30,0.0
08/15/2023 21:00,0.0
08/15/2023 21:30,0.0
08/15/2023 22:00,0.0
08/15/2023 22:30,0.0
08/15/2023 23:00,0.0
08/15/2023 23:30,0.0
08/16/2023 00:00,0.0
08/16/2023 00:30,0.0
08/16/2023 01:00,0.0
08/16/2023 01:30,0.0
08/16/2023 02:00,0.0
08/16/2023 02:30,0.0
08/16/2023 03:00,0.0
08/16/2023 03:30,0.0
08/16/2023 04:00,0.0
08/16/2023 04:30,0.0
08/16/2023 05:00,0.0
08/16/2023 05:30,0.0
08/16/2023 06:00,0.0
08/16/2023 06:30,0.0
08/16/2023 07:00,0.0
08/16/2023 07:30,0.0
08/16/2023 08:00,0.0
08/16/2023 08:30,0.0
08/16/2023 09:00,0.0
08/16/2023 09:30,0.0
08/16/2023 10:00,0.0
08/16/2023 10:30,0.0
08/16/2023 11:00,0.0
08/16/2023 11:30,0.0
08/16/2023 12:00,0.0
08/16/2023 12:30,0.0
08/16/2023 13:00,0.0
08/16/2023 13:30,0.0
08/16/2023 14:00,0.0
08/16/2023 14:30,0.0
08/16/2023 15:00,0.0
08/16/2023 15:30,0.0
08/16/2023 16:00,0.0
08/16/2023 16:30,0.0
08/16/2023 17:00,0.0
08/16/2023 17:30,0.0
08/16/2023 18:00,0.0
08/16/2023 18:30,0.0
08/16/2023 19:00,0.0
08/16/2023 19:30,0.0
08/16/2023 20:00,0.0
08/16/2023 20:30,0.0
08/16/2023 21:00,0.0
08/16/2023 21:30,0.0
08/16/2023 22:00,0.0
08/16/2023 22:30,0.0
08/16/2023 23:00,0.0
08/16/2023 23:30,0.0
08/17/2023 00:00,0.0
08/17/2023 00:30,0.0
08/17/2023 01:00,0.0
08/17/2023 01:30,0.0
08/17/2023 02:00,0.0
08/17/2023 02:30,0.0
08/17/2023 03:00,0.0
08/17/2023 03:30,0.0
08/17/2023 04:00,0.0
08/17/2023 04:30,0.0
08/17/2023 05:00,0.0
08/17/2023 05:30,0.0
08/17/2023 06:00,0.0
08/17/2023 06:30,0.0
08/17/2023 07:00,0.0
08/17/2023 07:30,0.0
08/17/2023 08:00,0.0
08/17/2023 08:30,0.0
08/17/2023 09:00,0.0
08/17/2023 09:30,0.0
08/17/2023 10:00,0.0
08/17/2023 10:30,0.0
08/17/2023 11:00,0.0
08/17/2023 11:30,0.0
08/17/2023 12:00,0.0
08/17/2023 12:30,0.0
08/17/2023 13:00,0.0
08/17/2023 13:30,0.0
08/17/2023 14:00,0.0
08/17/2023 14:30,0.0
08/17/2023 15:00,0.0
08/17/2023 15:30,0.0
08/17/2023 16:00,0.0
08/17/2023 16:30,0.0
08/17/2023 17:00,0.0
08/17/2023 17:30,0.0
08/17/2023 18:00,0.0
08/17/2023 18:30,0.0
08/17/2023 19:00,0.0
08/17/2023 19:30,0.0
08/17/2023 20:00,0.0
08/17/2023 20:30,0.0
08/17/2023 21:00,0.0
08/17/2023 21:30,0.0
08/17/2023 22:00,0.0
08/17/2023 22:30,0.0
08/17/2023 23:00,0.0
08/17/2023 23:30,0.0
08/18/2023 00:00,0.0
08/18/2023 00:30,0.0
08/18/2023 01:00,0.0
08/18/2023 01:30,0.0
08/18/2023 02:00,0.0
08/18/2023 02:30,0.0
08/18/2023 03:00,0.0
08/18/2023 03:30,0.0
08/18/2023 04:00,0.0
08/18/2023 04:30,0.0
08/18/2023 05:00,0.0
08/18/2023 05:30,0.0
08/18/2023 06:00,0.0
08/18/2023 06:30,0.0
08/18/2023 07:00,0.0
08/18/2023 07:30,0.0
08/18/2023 08:00,0.0
08/18/2023 08:30,0.0
08/18/2023 09:00,0.0
08/18/2023 09:30,0.0
08/18/2023 10:00,0.0
08/18/2023 10:30,0.0
08/18/2023 11:00,0.0
08/18/2023 11:30,0.0
08/18/2023 12:00,0.0
08/18/2023 12:30,0.0
08/18/2023 13:00,0.0
08/18/2023 13:30,0.0
08/18/2023 14:00,0.0
08/18/2023 14:30,0.0
08/18/2023 15:00,0.0
08/18/2023 15:30,0.0
08/18/2023 16:00,0.0
08/18/2023 16:30,0.0
08/18/2023 17:00,0.0
08/18/2023 17:30,0.0
08/18/2023 18:00,0.0
08/18/2023 18:30,0.0
08/18/2023 19:00,0.0
08/18/2023 19:30,0.0
08/18/2023 20:00,0.0
08/18/2023 20:30,0.0
08/18/2023 21:00,0.0
08/18/2023 21:30,0.0
08/18/2023 22:00,0.0
08/18/2023 22:30,0.0
08/18/2023 23:00,0.0
08/18/2023 23:30,0.0
08/19/2023 00:00,0.0
08/19/2023 00:30,0.0
08/19/2023 01:00,0.0
08/19/2023 01:30,0.0
08/19/2023 02:00,0.0
08/19/2023 02:30,0.0
08/19/2023 03:00,0.0
08/19/2023 03:30,0.0
08/19/2023 04:00,0.0
08/19/2023 04:30,0.0
08/19/2023 05:00,0.0
08/19/2023 05:30,0.0
08/19/2023 06:00,0.0
08/19/2023 06:30,0.0
08/19/2023 07:00,0.0
08/19/2023 07:30,0.0
08/19/2023 08:00,0.0
08/19/2023 08:30,0.0
08/19/2023 09:00,0.0
08/19/2023 09:30,0.0
08/19/2023 10:00,0.0
08/19/2023 10:30,0.0
08/19/2023 11:00,0.0
08/19/2023 11:30,0.0
08/19/2023 12:00,0.0
08/19/2023 12:30,0.0
08/19/2023 13:00,0.0
08/19/2023 13:30,0.0
08/19/2023 14:00,0.0
08/19/2023 14:30,0.0
08/19/2023 15:00,0.0
08/19/2023 15:30,0.0
08/19/2023 16:00,0.0
08/19/2023 16:30,0.0
08/19/2023 17:00,0.0
08/19/2023 17:30,0.0
08/19/2023 18:00,0.0
08/19/2023 18:30,0.0
08/19/2023 19:00,0.0
08/19/2023 19:30,0.0
08/19/2023 20:00,0.0
08/19/2023 20:30,0.0
08/19/2023 21:00,0.0
08/19/2023 21:30,0.0
08/19/2023 22:00,0.0
08/19/2023 22:30,0.0
08/19/2023 23:00,0.0
08/19/2023 23:30,0.0
08/20/2023 00:00,0.0
08/20/2023 00:30,0.0
08/20/2023 01:00,0.0
08/20/2023 01:30,0.0
08/20/2023 02:00,0.0
08/20/2023 02:30,0.0
08/20/2023 03:00,0.0
08/20/2023 03:30,0.0
08/20/2023 04:00,0.0
08/20/2023 04:30,0.0
08/20/2023 05:00,0.0
08/20/2023 05:30,0.0
08/20/2023 06:00,0.0
08/20/2023 06:30,0.0
08/20/2023 07:00,0.0
08/20/2023 07:30,0.0
08/20/2023 08:00,0.0
08/20/2023 08:30,0.0
08/20/2023 09:00,0.0
08/20/2023 09:30,0.0
08/20/2023 10:00,0.0
08/20/2023 10:30,0.0
08/20/2023 11:00,0.0
08/20/2023 11:30,0.0
08/20/2023 12:00,0.0
08/20/2023 12:30,0.0
08/20/2023 13:00,0.0
08/20/2023 13:30,0.0
08/20/2023 14:00,0.0
08/20/2023 14:30,0.0
08/20/2023 15:00,0.0
08/20/2023 15:30,0.0
08/20/2023 16:00,0.0
08/20/2023 16:30,0.0
08/20/2023 17:00,0.0
08/20/2023 17:30,0.0
08/20/2023 18:00,0.0
08/20/2023 18:30,0.0
08/20/2023 19:00,0.0
08/20/2023 19:30,0.0
08/20/2023 20:00,0.0
08/20/2023 20:30,0.0
08/20/2023 21:00,0.0
08/20/2023 21:30,0.0
08/20/2023 22:00,0.0
08/20/2023 22:30,0.0
08/20/2023 23:00,0.0
08/20/2023 23:30,0.0
08/21/2023 00:00,0.0
08/21/2023 00:30,0.0
08/21/2023 01:00,0.0
08/21/2023 01:30,0.0
08/21/2023 02:00,0.0
08/21/2023 02:30,0.0
08/21/2023 03:00,0.0
08/21/2023 03:30,0.0
08/21/2023 04:00,0.0
08/21/2023 04:30,0.0
08/21/2023 05:00,0.0
08/21/2023 05:30,0.0
08/21/2023 06:00,0.0
08/21/2023 06:30,0.0
08/21/2023 07:00,0.0
08/21/2023 07:30,0.0
08/21/2023 08:00,0.0
08/21/2023 08:30,0.0
08/21/2023 09:00,0.0
08/21/2023 09:30,0.0
08/21/2023 10:00,0.0
08/21/2023 10:30,0.0
08/21/2023 11:00,0.0
08/21/2023 11:30,0.0
08/21/2023 12:00,0.0
08/21/2023 12:30,0.0
08/21/2023 13:00,0.0
08/21/2023 13:30,0.0
08/21/2023 14:00,0.0
08/21/2023 14:30,0.0
08/21/2023 15:00,0.0
08/21/2023 15:30,0.0
08/21/2023 16:00,0.0
08/21/2023 16:30,0.0
08/21/2023 17:00,0.0
08/21/2023 17:30,0.0
08/21/2023 18:00,0.0
08/21/2023 18:30,0.0
08/21/2023 19:00,0.0
08/21/2023 19:30,0.0
08/21/2023 20:00,0.0
08/21/2023 20:30,0.0
08/21/2023 21:00,0.0
08/21/2023 21:30,0.0
08/21/2023 22:00,0.0
08/21/2023 22:30,0.0
08/21/2023 23:00,0.0
08/21/2023 23:30,0.0
08/22/2023 00:00,0.0
08/22/2023 00:30,0.0
08/22/2023 01:00,0.0
08/22/2023 01:30,0.0
08/22/2023 02:00,0.0
08/22/2023 02:30,0.0
08/22/2023 03:00,0.0
08/22/2023 03:30,0.0
08/22/2023 04:00,0.0
08/22/2023 04:30,0.0
08/22/2023 05:00,0.0
08/22/2023 05:30,0.0
08/22/2023 06:00,0.0
08/22/2023 06:30,0.0
08/22/2023 07:00,0.0
08/22/2023 07:30,0.0
08/22/2023 08:00,0.0
08/22/2023 08:30,0.0
08/22/2023 09:00,0.0
08/22/2023 09:30,0.0
08/22/2023 10:00,0.0
08/22/2023 10:30,0.0
08/22/2023 11:00,0.0
08/22/2023 11:30,0.0
08/22/2023 12:00,0.0
08/22/2023 12:30,0.0
08/22/2023 13:00,0.0
08/22/2023 13:30,0.0
08/22/2023 14:00,0.0
08/22/2023 14:30,0.0
08/22/2023 15:00,0.0
08/22/2023 15:30,0.0
08/22/2023 16:00,0.0
08/22/2023 16:30,0.0
08/22/2023 17:00,0.0
08/22/2023 17:30,0.0
08/22/2023 18:00,0.0
08/22/2023 18:30,0.0
08/22/2023 19:00,0.0
08/22/2023 19:30,0.0
08/22/2023 20:00,0.0
08/22/2023 20:30,0.0
08/22/2023 21:00,0.0
08/22/2023 21:30,0.0
08/22/2023 22:00,0.0
08/22/2023 22:30,0.0
08/22/2023 23:00,0.0
08/22/2023 23:30,0.0
08/23/2023 00:00,0.0
08/23/2023 00:30,0.0
08/23/2023 01:00,0.0
08/23/2023 01:30,0.0
08/23/2023 02:00,0.0
08/23/2023 02:30,0.0
08/23/2023 03:00,0.0
08/23/2023 03:30,0.0
08/23/2023 04:00,0.0
08/23/2023 04:30,0.0
08/23/2023 05:00,0.0
08/23/2023 05:30,0.0
08/23/2023 06:00,0.0
08/23/2023 06:30,0.0
08/23/2023 07:00,0.0
08/23/2023 07:30,0.0
08/23/2023 08:00,0.0
08/23/2023 08:30,0.0
08/23/2023 09:00,0.0
08/23/2023 09:30,0.0
08/23/2023 10:00,0.0
08/23/2023 10:30,0.0
08/23/2023 11:00,0.0
08/23/2023 11:30,0.0
08/23/2023 12:00,0.0
08/23/2023 12:30,0.0
08/23/2023 13:00,0.0
08/23/2023 13:30,0.0
08/23/2023 14:00,0.0
08/23/2023 14:30,0.0
08/23/2023 15:00,0.0
08/23/2023 15:30,0.0
08/23/2023 16:00,0.0
08/23/2023 16:30,0.0
08/23/2023 17:00,0.0
08/23/2023 17:30,0.0
08/23/2023 18:00,0.0
08/23/2023 18:30,0.0
08/23/2023 19:00,0.0
08/23/2023 19:30,0.0
08/23/2023 20:00,0.0
08/23/2023 20:30,0.0
08/23/2023 21:00,0.0
08/23/2023 21:30,0.0
08/23/2023 22:00,0.0
08/23/2023 22:30,0.0
08/23/2023 23:00,0.0
08/23/2023 23:30,0.0
08/24/2023 00:00,0.0
08/24/2023 00:30,0.0
08/24/2023 01:00,0.0
08/24/2023 01:30,0.0
08/24/2023 02:00,0.0
08/24/2023 02:30,0.0
08/24/2023 03:00,0.0
08/24/2023 03:30,0.0
08/24/2023 04:00,0.0
08/24/2023 04:30,0.0
08/24/2023 05:00,0.0
08/24/2023 05:30,0.0
08/24/2023 06:00,0.0
08/24/2023 06:30,0.0
08/24/2023 07:00,0.0
08/24/2023 07:30,0.0
08/24/2023 08:00,0.0
08/24/2023 08:30,0.0
08/24/2023 09:00,0.0
08/24/2023 09:30,0.0
08/24/2023 10:00,0.0
08/24/2023 10:30,0.0
08/24/2023 11:00,0.0
08/24/2023 11:30,0.0
08/24/2023 12:00,0.0
08/24/2023 12:30,0.0
08/24/2023 13:00,0.0
08/24/2023 13:30,0.0
08/24/2023 14:00,0.0
08/24/2023 14:30,0.0
08/24/2023 15:00,0.0
08/24/2023 15:30,0.0
08/24/2023 16:00,0.0
08/24/2023 16:30,0.0
08/24/2023 17:00,0.0
08/24/2023 17:30,0.0
08/24/2023 18:00,0.0
08/24/2023 18:30,0.0
08/24/2023 19:00,0.0
08/24/2023 19:30,0.0
08/24/2023 20:00,0.0
08/24/2023 20:30,0.0
08/24/2023 21:00,0.0
08/24/2023 21:30,0.0
08/24/2023 22:00,0.0
08/24/2023 22:30,0.0
08/24/2023 23:00,0.0
08/24/2023 23:30,0.0
08/25/2023 00:00,0.0
08/25/2023 00:30,0.0
08/25/2023 01:00,0.0
08/25/2023 01:30,0.0
08/25/2023 02:00,0.0
08/25/2023 02:30,0.0
08/25/2023 03:00,0.0
08/25/2023 03:30,0.0
08/25/2023 04:00,0.0
08/25/2023 04:30,0.0
08/25/2023 05:00,0.0
08/25/2023 05:30,0.0
08/25/2023 06:00,0.0
08/25/2023 06:30,0.0
08/25/2023 07:00,0.0
08/25/2023 07:30,0.0
08/25/2023 08:00,0.0
08/25/2023 08:30,0.0
08/25/2023 09:00,0.0
08/25/2023 09:30,0.0
08/25/2023 10:00,0.0
08/25/2023 10:30,0.0
08/25/2023 11:00,0.0
08/25/2023 11:30,0.0
08/25/2023 12:00,0.0
08/25/2023 12:30,0.0
08/25/2023 13:00,0.0
08/25/2023 13:30,0.0
08/25/2023 14:00,0.0
08/25/2023 14:30,0.0
08/25/2023 15:00,0.0
08/25/2023 15:30,0.0
08/25/2023 16:00,0.0
08/25/2023 16:30,0.0
08/25/2023 17:00,0.0
08/25/2023 17:30,0.0
08/25/2023 18:00,0.0
08/25/2023 18:30,0.0
08/25/2023 19:00,0.0
08/25/2023 19:30,0.0
08/25/2023 20:00,0.0
08/25/2023 20:30,0.0
08/25/2023 21:00,0.0
08/25/2023 21:30,0.0
08/25/2023 22:00,0.0
08/25/2023 22:30,0.0
08/25/2023 23:00,0.0
08/25/2023 23:30,0.0
08/26/2023 00:00,0.0
08/26/2023 00:30,0.0
08/26/2023 01:00,0.0
08/26/2023 01:30,0.0
08/26/2023 02:00,0.0
08/26/2023 02:30,0.0
08/26/2023 03:00,0.0
08/26/2023 03:30,0.0
08/26/2023 04:00,0.0
08/26/2023 04:30,0.0
08/26/2023 05:00,0.0
08/26/2023 05:30,0.0
08/26/2023 06:00,0.0
08/26/2023 06:30,0.0
08/26/2023 07:00,0.0
08/26/2023 07:30,0.0
08/26/2023 08:00,0.0
08/26/2023 08:30,0.0
08/26/2023 09:00,0.0
08/26/2023 09:30,0.0
08/26/2023 10:00,0.0
08/26/2023 10:30,0.0
08/26/2023 11:00,0.0
08/26/2023 11:30,0.0
08/26/2023 12:00,0.0
08/26/2023 12:30,0.0
08/26/2023 13:00,0.0
08/26/2023 13:30,0.0
08/26/2023 14:00,0.0
08/26/2023 14:30,0.0
08/26/2023 15:00,0.0
08/26/2023 15:30,0.0
08/26/2023 16:00,0.0
08/26/2023 16:30,0.0
08/26/2023 17:00,0.0
08/26/2023 17:30,0.0
08/26/2023 18:00,0.0
08/26/2023 18:30,0.0
08/26/2023 19:00,0.0
08/26/2023 19:30,0.0
08/26/2023 20:00,0.0
08/26/2023 20:30,0.0
08/26/2023 21:00,0.0
08/26/2023 21:30,0.0
08/26/2023 22:00,0.0
08/26/2023 22:30,0.0
08/26/2023 23:00,0.0
08/26/2023 23:30,0.0
08/27/2023 00:00,0.0
08/27/2023 00:30,0.0
08/27/2023 01:00,0.0
08/27/2023 01:30,0.0
08/27/2023 02:00,0.0
08/27/2023 02:30,0.0
08/27/2023 03:00,0.0
08/27/2023 03:30,0.0
08/27/2023 04:00,0.0
08/27/2023 04:30,0.0
08/27/2023 05:00,0.0
08/27/2023 05:30,0.0
08/27/2023 06:00,0.0
08/27/2023 06:30,0.0
08/27/2023 07:00,0.0
08/27/2023 07:30,0.0
08/27/2023 08:00,0.0
08/27/2023 08:30,0.0
08/27/2023 09:00,0.0
08/27/2023 09:30,0.0
08/27/2023 10:00,0.0
08/27/2023 10:30,0.0
08/27/2023 11:00,0.0
08/27/2023 11:30,0.0
08/27/2023 12:00,0.0
08/27/2023 12:30,0.0
08/27/2023 13:00,0.0
08/27/2023 13:30,0.0
08/27/2023 14:00,0.0
08/27/2023 14:30,0.0
08/27/2023 15:00,0.0
08/27/2023 15:30,0.0
08/27/2023 16:00,0.0
08/27/2023 16:30,0.0
08/27/2023 17:00,0.0
08/27/2023 17:30,0.0
08/27/2023 18:00,0.0
08/27/2023 18:30,0.0
08/27/2023 19:00,0.0
08/27/2023 19:30,0.0
08/27/2023 20:00,0.0
08/27/2023 20:30,0.0
08/27/2023 21:00,0.0
08/27/2023 21:30,0.0
08/27/2023 22:00,0.0
08/27/2023 22:30,0.0
08/27/2023 23:00,0.0
08/27/2023 23:30,0.0
08/28/2023 00:00,0.0
08/28/2023 00:30,0.0
08/28/2023 01:00,0.0
08/28/2023 01:30,0.0
08/28/2023 02:00,0.0
08/28/2023 02:30,0.0
08/28/2023 03:00,0.0
08/28/2023 03:30,0.0
08/28/2023 04:00,0.0
08/28/2023 04:30,0.0
08/28/2023 05:00,0.0
08/28/2023 05:30,0.0
08/28/2023 06:00,0.0
08/28/2023 06:30,0.0
08/28/2023 07:00,0.0
08/28/2023 07:30,0.0
08/28/2023 08:00,0.0
08/28/2023 08:30,0.0
08/28/2023 09:00,0.0
08/28/2023 09:30,0.0
08/28/2023 10:00,0.0
08/28/2023 10:30,0.0
08/28/2023 11:00,0.0
08/28/2023 11:30,0.0
08/28/2023 12:00,0.0
08/28/2023 12:30,0.0
08/28/2023 13:00,0.0
08/28/2023 13:30,0.0
08/28/2023 14:00,0.0
08/28/2023 14:30,0.0
08/28/2023 15:00,0.0
08/28/2023 15:30,0.0
08/28/2023 16:00,0.0
08/28/2023 16:30,0.0
08/28/2023 17:00,0.0
08/28/2023 17:30,0.0
08/28/2023 18:00,0.0
08/28/2023 18:30,0.0
08/28/2023 19:00,0.0
08/28/2023 19:30,0.0
08/28/2023 20:00,0.0
08/28/2023 20:30,0.0
08/28/2023 21:00,0.0
08/28/2023 21:30,0.0
08/28/2023 22:00,0.0
08/28/2023 22:30,0.0
08/28/2023 23:00,0.0
08/28/2023 23:30,0.0
08/29/2023 00:00,0.0
08/29/2023 00:30,0.0
08/29/2023 01:00,0.0
08/29/2023 01:30,0.0
08/29/2023 02:00,0.0
08/29/2023 02:30,0.0
08/29/2023 03:00,0.0
08/29/2023 03:30,0.0
08/29/2023 04:00,0.0
08/29/2023 04:30,0.0
08/29/2023 05:00,0.0
08/29/2023 05:30,0.0
08/29/2023 06:00,0.0
08/29/2023 06:30,0.0
08/29/2023 07:00,0.0
08/29/2023 07:30,0.0
08/29/2023 08:00,0.0
08/29/2023 08:30,0.0
08/29/2023 09:00,0.0
08/29/2023 09:30,0.0
08/29/2023 10:00,0.0
08/29/2023 10:30,0.0
08/29/2023 11:00,0.0
08/29/2023 11:30,0.0
08/29/2023 12:00,0.0
08/29/2023 12:30,0.0
08/29/2023 13:00,0.0
08/29/2023 13:30,0.0
08/29/2023 14:00,0.0
08/29/2023 14:30,0.0
08/29/2023 15:00,0.0
08/29/2023 15:30,0.0
08/29/2023 16:00,0.0
08/29/2023 16:30,0.0
08/29/2023 17:00,0.0
08/29/2023 17:30,0.0
08/29/2023 18:00,0.0
08/29/2023 18:30,0.0
08/29/2023 19:00,0.0
08/29/2023 19:30,0.0
08/29/2023 20:00,0.0
08/29/2023 20:30,0.0
08/29/2023 21:00,0.0
08/29/2023 21:30,0.0
08/29/2023 22:00,0.0
08/29/2023 22:30,0.0
08/29/2023 23:00,0.0
08/29/2023 23:30,0.0
08/30/2023 00:00,0.0
08/30/2023 00:30,0.0
08/30/2023 01:00,0.0
08/30/2023 01:30,0.0
08/30/2023 02:00,0.0
08/30/2023 02:30,0.0
08/30/2023 03:00,0.0
08/30/2023 03:30,0.0
08/30/2023 04:00,0.0
08/30/2023 04:30,0.0
08/30/2023 05:00,0.0
08/30/2023 05:30,0.0
08/30/2023 06:00,0.0
08/30/2023 06:30,0.0
08/30/2023 07:00,0.0
08/30/2023 07:30,0.0
08/30/2023 08:00,0.0
08/30/2023 08:30,0.0
08/30/2023 09:00,0.0
08/30/2023 09:30,0.0
08/30/2023 10:00,0.0
08/30/2023 10:30,0.0
08/30/2023 11:00,0.0
08/30/2023 11:30,0.0
08/30/2023 12:00,0.0
08/30/2023 12:30,0.0
08/30/2023 13:00,0.0
08/30/2023 13:30,0.0
08/30/2023 14:00,0.0
08/30/2023 14:30,0.0
08/30/2023 15:00,0.0
08/30/2023 15:30,0.0
08/30/2023 16:00,0.0
08/30/2023 16:30,0.0
08/30/2023 17:00,0.0
08/30/2023 17:30,0.0
08/30/2023 18:00,0.0
08/30/2023 18:30,0.0
08/30/2023 19:00,0.0
08/30/2023 19:30,0.0
08/30/2023 20:00,0.0
08/30/2023 20:30,0.0
08/30/2023 21:00,0.0
08/30/2023 21:30,0.0
08/30/2023 22:00,0.0
08/30/2023 22:30,0.0
08/30/2023 23:00,0.0
08/30/2023 23:30,0.0
08/31/2023 00:00,0.0
08/31/2023 00:30,0.0
08/31/2023 01:00,0.0
08/31/2023 01:30,0.0
08/31/2023 02:00,0.0
08/31/2023 02:30,0.0
08/31/2023 03:00,0.0
08/31/2023 03:30,0.0
08/31/2023 04:00,0.0
08/31/2023 04:30,0.0
08/31/2023 05:00,0.0
08/31/2023 05:30,0.0
08/31/2023 06:00,0.0
08/31/2023 06:30,0.0
08/31/2023 07:00,0.0
08/31/2023 07:30,0.0
08/31/2023 08:00,0.0
08/31/2023 08:30,0.0
08/31/2023 09:00,0.0
08/31/2023 09:30,0.0
08/31/2023 10:00,0.0
08/31/2023 10:30,0.0
08/31/2023 11:00,0.0
08/31/2023 11:30,0.0
08/31/2023 12:00,0.0
08/31/2023 12:30,0.0
08/31/2023 13:00,0.0
08/31/2023 13:30,0.0
08/31/2023 14:00,0.0
08/31/2023 14:30,0.0
08/31/2023 15:00,0.0
08/31/2023 15:30,0.0
08/31/2023 16:00,0.0
08/31/2023 16:30,0.0
08/31/2023 17:00,0.0
08/31/2023 17:30,0.0
08/31/2023 18:00,0.0
08/31/2023 18:30,0.0
08/31/2023 19:00,0.0
08/31/2023 19:30,0.0
08/31/2023 20:00,0.0
08/31/2023 20:30,0.0
08/31/2023 21:00,0.0
08/31/2023 21:30,0.0
08/31/2023 22:00,0.0
08/31/2023 22:30,0.0
08/31/2023 23:00,0.0
08/31/2023 23:30,0.0
09/01/2023 00:00,0.0
09/01/2023 00:30,0.0
09/01/2023 01:00,0.0
09/01/2023 01:30,0.0
09/01/2023 02:00,0.0
09/01/2023 02:30,0.0
09/01/2023 03:00,0.0
09/01/2023 03:30,0.0
09/01/2023 04:00,0.0
09/01/2023 04:30,0.0
09/01/2023 05:00,0.0
09/01/2023 05:30,0.0
09/01/2023 06:00,0.0
09/01/2023 06:30,0.0
09/01/2023 07:00,0.0
09/01/2023 07:30,0.0
09/01/2023 08:00,0.0
09/01/2023 08:30,0.0
09/01/2023 09:00,0.0
09/01/2023 09:30,0.0
09/01/2023 10:00,0.0
09/01/2023 10:30,0.0
09/01/2023 11:00,0.0
09/01/2023 11:30,0.0
09/01/2023 12:00,0.0
09/01/2023 12:30,0.0
09/01/2023 13:00,0.0
09/01/2023 13:30,0.0
09/01/2023 14:00,0.0
09/01/2023 14:30,0.0
09/01/2023 15:00,0.0
09/01/2023 15:30,0.0
09/01/2023 16:00,0.0
09/01/2023 16:30,0.0
09/01/2023 17:00,0.0
09/01/2023 17:30,0.0
09/01/2023 18:00,0.0
09/01/2023 18:30,0.0
09/01/2023 19:00,0.0
09/01/2023 19:30,0.0
09/01/2023 20:00,0.0
09/01/2023 20:30,0.0
09/01/2023 21:00,0.0
09/01/2023 21:30,0.0
09/01/2023 22:00,0.0
09/01/2023 22:30,0.0
09/01/2023 23:00,0.0
09/01/2023 23:30,0.0
09/02/2023 00:00,0.0
09/02/2023 00:30,0.0
09/02/2023 01:00,0.0
09/02/2023 01:30,0.0
09/02/2023 02:00,0.0
09/02/2023 02:30,0.0
09/02/2023 03:00,0.0
09/02/2023 03:30,0.0
09/02/2023 04:00,0.0
09/02/2023 04:30,0.0
09/02/2023 05:00,0.0
09/02/2023 05:30,0.0
09/02/2023 06:00,0.0
09/02/2023 06:30,0.0
09/02/2023 07:00,0.0
09/02/2023 07:30,0.0
09/02/2023 08:00,0.0
09/02/2023 08:30,0.0
09/02/2023 09:00,0.0
09/02/2023 09:30,0.0
09/02/2023 10:00,0.0
09/02/2023 10:30,0.0
09/02/2023 11:00,0.0
09/02/2023 11:30,0.0
09/02/2023 12:00,0.0
09/02/2023 12:30,0.0
09/02/2023 13:00,0.0
09/02/2023 13:30,0.0
09/02/2023 14:00,0.0
09/02/2023 14:30,0.0
09/02/2023 15:00,0.0
09/02/2023 15:30,0.0
09/02/2023 16:00,0.0
09/02/2023 16:30,0.0
09/02/2023 17:00,0.0
09/02/2023 17:30,0.0
09/02/2023 18:00,0.0
09/02/2023 18:30,0.0
09/02/2023 19:00,0.0
09/02/2023 19:30,0.0
09/02/2023 20:00,0.0
09/02/2023 20:30,0.0
09/02/2023 21:00,0.0
09/02/2023 21:30,0.0
09/02/2023 22:00,0.0
09/02/2023 22:30,0.0
09/02/2023 23:00,0.0
09/02/2023 23:30,0.0
09/03/2023 00:00,0.0
09/03/2023 00:30,0.0
09/03/2023 01:00,0.0
09/03/2023 01:30,0.0
09/03/2023 02:00,0.0
09/03/2023 02:30,0.0
09/03/2023 03:00,0.0
09/03/2023 03:30,0.0
09/03/2023 04:00,0.0
09/03/2023 04:30,0.0
09/03/2023 05:00,0.0
09/03/2023 05:30,0.0
09/03/2023 06:00,0.0
09/03/2023 06:30,0.0
09/03/2023 07:00,0.0
09/03/2023 07:30,0.0
09/03/2023 08:00,0.0
09/03/2023 08:30,0.0
09/03/2023 09:00,0.0
09/03/2023 09:30,0.0
09/03/2023 10:00,0.0
09/03/2023 10:30,0.0
09/03/2023 11:00,0.0
09/03/2023 11:30,0.0
09/03/2023 12:00,0.0
09/03/2023 12:30,0.0
09/03/2023 13:00,0.0
09/03/2023 13:30,0.0
09/03/2023 14:00,0.0
09/03/2023 14:30,0.0
09/03/2023 15:00,0.0
09/03/2023 15:30,0.0
09/03/2023 16:00,0.0
09/03/2023 16:30,0.0
09/03/2023 17:00,0.0
09/03/2023 17:30,0.0
09/03/2023 18:00,0.0
09/03/2023 18:30,0.0
09/03/2023 19:00,0.0
09/03/2023 19:30,0.0
09/03/2023 20:00,0.0
09/03/2023 20:30,0.0
09/03/2023 21:00,0.0
09/03/2023 21:30,0.0
09/03/2023 22:00,0.0
09/03/2023 22:30,0.0
09/03/2023 23:00,0.0
09/03/2023 23:30,0.0
09/04/2023 00:00,0.0
09/04/2023 00:30,0.0
09/04/2023 01:00,0.0
09/04/2023 01:30,0.0
09/04/2023 02:00,0.0
09/04/2023 02:30,0.0
09/04/2023 03:00,0.0
09/04/2023 03:30,0.0
09/04/2023 04:00,0.0
09/04/2023 04:30,0.0
09/04/2023 05:00,0.0
09/04/2023 05:30,0.0
09/04/2023 06:00,0.0
09/04/2023 06:30,0.0
09/04/2023 07:00,0.0
09/04/2023 07:30,0.0
09/04/2023 08:00,0.0
09/04/2023 08:30,0.0
09/04/2023 09:00,0.0
09/04/2023 09:30,0.0
09/04/2023 10:00,0.0
09/04/2023 10:30,0.0
09/04/2023 11:00,0.0
09/04/2023 11:30,0.0
09/04/2023 12:00,0.0
09/04/2023 12:30,0.0
09/04/2023 13:00,0.0
09/04/2023 13:30,0.0
09/04/2023 14:00,0.0
09/04/2023 14:30,0.0
09/04/2023 15:00,0.0
09/04/2023 15:30,0.0
09/04/2023 16:00,0.0
09/04/2023 16:30,0.0
09/04/2023 17:00,0.0
09/04/2023 17:30,0.0
09/04/2023 18:00,0.0
09/04/2023 18:30,0.0
09/04/2023 19:00,0.0
09/04/2023 19:30,0.0
09/04/2023 20:00,0.0
09/04/2023 20:30,0.0
09/04/2023 21:00,0.0
09/04/2023 21:30,0.0
09/04/2023 22:00,0.0
09/04/2023 22:30,0.0
09/04/2023 23:00,0.0
09/04/2023 23:30,0.0
09/05/2023 00:00,0.0
09/05/2023 00:30,0.0
09/05/2023 01:00,0.0
09/05/2023 01:30,0.0
09/05/2023 02:00,0.0
09/05/2023 02:30,0.0
09/05/2023 03:00,0.0
09/05/2023 03:30,0.0
09/05/2023 04:00,0.0
09/05/2023 04:30,0.0
09/05/2023 05:00,0.0
09/05/2023 05:30,0.0
09/05/2023 06:00,0.0
09/05/2023 06:30,0.0
09/05/2023 07:00,0.0
09/05/2023 07:30,0.0
09/05/2023 08:00,0.0
09/05/2023 08:30,0.0
09/05/2023 09:00,0.0
09/05/2023 09:30,0.0
09/05/2023 10:00,0.0
09/05/2023 10:30,0.0
09/05/2023 11:00,0.0
09/05/2023 11:30,0.0
09/05/2023 12:00,0.0
09/05/2023 12:30,0.0
09/05/2023 13:00,0.0
09/05/2023 13:30,0.0
09/05/2023 14:00,0.0
09/05/2023 14:30,0.0
09/05/2023 15:00,0.0
09/05/2023 15:30,0.0
09/05/2023 16:00,0.0
09/05/2023 16:30,0.0
09/05/2023 17:00,0.0
09/05/2023 17:30,0.0
09/05/2023 18:00,0.0
09/05/2023 18:30,0.0
09/05/2023 19:00,0.0
09/05/2023 19:30,0.0
09/05/2023 20:00,0.0
09/05/2023 20:30,0.0
09/05/2023 21:00,0.0
09/05/2023 21:30,0.0
09/05/2023 22:00,0.0
09/05/2023 22:30,0.0
09/05/2023 23:00,0.0
09/05/2023 23:30,0.0
09/06/2023 00:00,0.0
09/06/2023 00:30,0.0
09/06/2023 01:00,0.0
09/06/2023 01:30,0.0
09/06/2023 02:00,0.0
09/06/2023 02:30,0.0
09/06/2023 03:00,0.0
09/06/2023 03:30,0.0
09/06/2023 04:00,0.0
09/06/2023 04:30,0.0
09/06/2023 05:00,0.0
09/06/2023 05:30,0.0
09/06/2023 06:00,0.0
09/06/2023 06:30,0.0
09/06/2023 07:00,0.0
09/06/2023 07:30,0.0
09/06/2023 08:00,0.0
09/06/2023 08:30,0.0
09/06/2023 09:00,0.0
09/06/2023 09:30,0.0
09/06/2023 10:00,0.0
09/06/2023 10:30,0.0
09/06/2023 11:00,0.0
09/06/2023 11:30,0.0
09/06/2023 12:00,0.0
09/06/2023 12:30,0.0
09/06/2023 13:00,0.0
09/06/2023 13:30,0.0
09/06/2023 14:00,0.0
09/06/2023 14:30,0.0
09/06/2023 15:00,0.0
09/06/2023 15:30,0.0
09/06/2023 16:00,0.0
09/06/2023 16:30,0.0
09/06/2023 17:00,0.0
09/06/2023 17:30,0.0
09/06/2023 18:00,0.0
09/06/2023 18:30,0.0
09/06/2023 19:00,0.0
09/06/2023 19:30,0.0
09/06/2023 20:00,0.0
09/06/2023 20:30,0.0
09/06/2023 21:00,0.0
09/06/2023 21:30,0.0
09/06/2023 22:00,0.0
09/06/2023 22:30,0.0
09/06/2023 23:00,0.0
09/06/2023 23:30,0.0
09/07/2023 00:00,0.0
09/07/2023 00:30,0.0
09/07/2023 01:00,0.0
09/07/2023 01:30,0.0
09/07/2023 02:00,0.0
09/07/2023 02:30,0.0
09/07/2023 03:00,0.0
09/07/2023 03:30,0.0
09/07/2023 04:00,0.0
09/07/2023 04:30,0.0
09/07/2023 05:00,0.0
09/07/2023 05:30,0.0
09/07/2023 06:00,0.0
09/07/2023 06:30,0.0
09/07/2023 07:00,0.0
09/07/2023 07:30,0.0
09/07/2023 08:00,0.0
09/07/2023 08:30,0.0
09/07/2023 09:00,0.0
09/07/2023 09:30,0.0
09/07/2023 10:00,0.0
09/07/2023 10:30,0.0
09/07/2023 11:00,0.0
09/07/2023 11:30,0.0
09/07/2023 12:00,0.0
09/07/2023 12:30,0.0
09/07/2023 13:00,0.0
09/07/2023 13:30,0.0
09/07/2023 14:00,0.0
09/07/2023 14:30,0.0
09/07/2023 15:00,0.0
09/07/2023 15:30,0.0
09/07/2023 16:00,0.0
09/07/2023 16:30,0.0
09/07/2023 17:00,0.0
09/07/2023 17:30,0.0
09/07/2023 18:00,0.0
09/07/2023 18:30,0.0
09/07/2023 19:00,0.0
09/07/2023 19:30,0.0
09/07/2023 20:00,0.0
09/07/2023 20:30,0.0
09/07/2023 21:00,0.0
09/07/2023 21:30,0.0
09/07/2023 22:00,0.0
09/07/2023 22:30,0.0
09/07/2023 23:00,0.0
09/07/2023 23:30,0.0
09/08/2023 00:00,0.0
09/08/2023 00:30,0.0
09/08/2023 01:00,0.0
09/08/2023 01:30,0.0
09/08/2023 02:00,0.0
09/08/2023 02:30,0.0
09/08/2023 03:00,0.0
09/08/2023 03:30,0.0
09/08/2023 04:00,0.0
09/08/2023 04:30,0.0
09/08/2023 05:00,0.0
09/08/2023 05:30,0.0
09/08/2023 06:00,0.0
09/08/2023 06:30,0.0
09/08/2023 07:00,0.0
09/08/2023 07:30,0.0
09/08/2023 08:00,0.0
09/08/2023 08:30,0.0
09/08/2023 09:00,0.0
09/08/2023 09:30,0.0
09/08/2023 10:00,0.0
09/08/2023 10:30,0.0
09/08/2023 11:00,0.0
09/08/2023 11:30,0.0
09/08/2023 12:00,0.0
09/08/2023 12:30,0.0
09/08/2023 13:00,0.0
09/08/2023 13:30,0.0
09/08/2023 14:00,0.0
09/08/2023 14:30,0.0
09/08/2023 15:00,0.0
09/08/2023 15:30,0.0
09/08/2023 16:00,0.0
09/08/2023 16:30,0.0
09/08/2023 17:00,0.0
09/08/2023 17:30,0.0
09/08/2023 18:00,0.0
09/08/2023 18:30,0.0
09/08/2023 19:00,0.0
09/08/2023 19:30,0.0
09/08/2023 20:00,0.0
09/08/2023 20:30,0.0
09/08/2023 21:00,0.0
09/08/2023 21:30,0.0
09/08/2023 22:00,0.0
09/08/2023 22:30,0.0
09/08/2023 23:00,0.0
09/08/2023 23:30,0.0
09/09/2023 00:00,0.0
09/09/2023 00:30,0.0
09/09/2023 01:00,0.0
09/09/2023 01:30,0.0
09/09/2023 02:00,0.0
09/09/2023 02:30,0.0
09/09/2023 03:00,0.0
09/09/2023 03:30,0.0
09/09/2023 04:00,0.0
09/09/2023 04:30,0.0
09/09/2023 05:00,0.0
09/09/2023 05:30,0.0
09/09/2023 06:00,0.0
09/09/2023 06:30,0.0
09/09/2023 07:00,0.0
09/09/2023 07:30,0.0
09/09/2023 08:00,0.0
09/09/2023 08:30,0.0
09/09/2023 09:00,0.0
09/09/2023 09:30,0.0
09/09/2023 10:00,0.0
09/09/2023 10:30,0.0
09/09/2023 11:00,0.0
09/09/2023 11:30,0.0
09/09/2023 12:00,0.0
09/09/2023 12:30,0.0
09/09/2023 13:00,0.0
09/09/2023 13:30,0.0
09/09/2023 14:00,0.0
09/09/2023 14:30,0.0
09/09/2023 15:00,0.0
09/09/2023 15:30,0.0
09/09/2023 16:00,0.0
09/09/2023 16:30,0.0
09/09/2023 17:00,0.0
09/09/2023 17:30,0.0
09/09/2023 18:00,0.0
09/09/2023 18:30,0.0
09/09/2023 19:00,0.0
09/09/2023 19:30,0.0
09/09/2023 20:00,0.0
09/09/2023 20:30,0.0
09/09/2023 21:00,0.0
09/09/2023 21:30,0.0
09/09/2023 22:00,0.0
09/09/2023 22:30,0.0
09/09/2023 23:00,0.0
09/09/2023 23:30,0.0
09/10/2023 00:00,0.0
09/10/2023 00:30,0.0
09/10/2023 01:00,0.0
09/10/2023 01:30,0.0
09/10/2023 02:00,0.0
09/10/2023 02:30,0.0
09/10/2023 03:00,0.0
09/10/2023 03:30,0.0
09/10/2023 04:00,0.0
09/10/2023 04:30,0.0
09/10/2023 05:00,0.0
09/10/2023 05:30,0.0
09/10/2023 06:00,0.0
09/10/2023 06:30,0.0
09/10/2023 07:00,0.0
09/10/2023 07:30,0.0
09/10/2023 08:00,0.0
09/10/2023 08:30,0.0
09/10/2023 09:00,0.0
09/10/2023 09:30,0.0
09/10/2023 10:00,0.0
09/10/2023 10:30,0.0
09/10/2023 11:00,0.0
09/10/2023 11:30,0.0
09/10/2023 12:00,0.0
09/10/2023 12:30,0.0
09/10/2023 13:00,0.0
09/10/2023 13:30,0.0
09/10/2023 14:00,0.0
09/10/2023 14:30,0.0
09/10/2023 15:00,0.0
09/10/2023 15:30,0.0
09/10/2023 16:00,0.0
09/10/2023 16:30,0.0
09/10/2023 17:00,0.0
09/10/2023 17:30,0.0
09/10/2023 18:00,0.0
09/10/2023 18:30,0.0
09/10/2023 19:00,0.0
09/10/2023 19:30,0.0
09/10/2023 20:00,0.0
09/10/2023 20:30,0.0
09/10/2023 21:00,0.0
09/10/2023 21:30,0.0
09/10/2023 22:00,0.0
09/10/2023 22:30,0.0
09/10/2023 23:00,0.0
09/10/2023 23:30,0.0
09/11/2023 00:00,0.0
09/11/2023 00:30,0.0
09/11/2023 01:00,0.0
09/11/2023 01:30,0.0
09/11/2023 02:00,0.0
09/11/2023 02:30,0.0
09/11/2023 03:00,0.0
09/11/2023 03:30,0.0
09/11/2023 04:00,0.0
09/11/2023 04:30,0.0
09/11/2023 05:00,0.0
09/11/2023 05:30,0.0
09/11/2023 06:00,0.0
09/11/2023 06:30,0.0
09/11/2023 07:00,0.0
09/11/2023 07:30,0.0
09/11/2023 08:00,0.0
09/11/2023 08:30,0.0
09/11/2023 09:00,0.0
09/11/2023 09:30,0.0
09/11/2023 10:00,0.0
09/11/2023 10:30,0.0
09/11/2023 11:00,0.0
09/11/2023 11:30,0.0
09/11/2023 12:00,0.0
09/11/2023 12:30,0.0
09/11/2023 13:00,0.0
09/11/2023 13:30,0.0
09/11/2023 14:00,0.0
09/11/2023 14:30,0.0
09/11/2023 15:00,0.0
09/11/2023 15:30,0.0
09/11/2023 16:00,0.0
09/11/2023 16:30,0.0
09/11/2023 17:00,0.0
09/11/2023 17:30,0.0
09/11/2023 18:00,0.0
09/11/2023 18:30,0.0
09/11/2023 19:00,0.0
09/11/2023 19:30,0.0
09/11/2023 20:00,0.0
09/11/2023 20:30,0.0
09/11/2023 21:00,0.0
09/11/2023 21:30,0.0
09/11/2023 22:00,0.0
09/11/2023 22:30,0.0
09/11/2023 23:00,0.0
09/11/2023 23:30,0.0
09/12/2023 00:00,0.0
09/12/2023 00:30,0.0
09/12/2023 01:00,0.0
09/12/2023 01:30,0.0
09/12/2023 02:00,0.0
09/12/2023 02:30,0.0
09/12/2023 03:00,0.0
09/12/2023 03:30,0.0
09/12/2023 04:00,0.0
09/12/2023 04:30,0.0
09/12/2023 05:00,0.0
09/12/2023 05:30,0.0
09/12/2023 06:00,0.0
09/12/2023 06:30,0.0
09/12/2023 07:00,0.0
09/12/2023 07:30,0.0
09/12/2023 08:00,0.0
09/12/2023 08:30,0.0
09/12/2023 09:00,0.0
09/12/2023 09:30,0.0
09/12/2023 10:00,0.0
09/12/2023 10:30,0.0
09/12/2023 11:00,0.0
09/12/2023 11:30,0.0
09/12/2023 12:00,0.0
09/12/2023 12:30,0.0
09/12/2023 13:00,0.0
09/12/2023 13:30,0.0
09/12/2023 14:00,0.0
09/12/2023 14:30,0.0
09/12/2023 15:00,0.0
09/12/2023 15:30,0.0
09/12/2023 16:00,0.0
09/12/2023 16:30,0.0
09/12/2023 17:00,0.0
09/12/2023 17:30,0.0
09/12/2023 18:00,0.0
09/12/2023 18:30,0.0
09/12/2023 19:00,0.0
09/12/2023 19:30,0.0
09/12/2023 20:00,0.0
09/12/2023 20:30,0.0
09/12/2023 21:00,0.0
09/12/2023 21:30,0.0
09/12/2023 22:00,0.0
09/12/2023 22:30,0.0
09/12/2023 23:00,0.0
09/12/2023 23:30,0.0
09/13/2023 00:00,0.0
09/13/2023 00:30,0.0
09/13/2023 01:00,0.0
09/13/2023 01:30,0.0
09/13/2023 02:00,0.0
09/13/2023 02:30,0.0
09/13/2023 03:00,0.0
09/13/2023 03:30,0.0
09/13/2023 04:00,0.0
09/13/2023 04:30,0.0
09/13/2023 05:00,0.0
09/13/2023 05:30,0.0
09/13/2023 06:00,0.0
09/13/2023 06:30,0.0
09/13/2023 07:00,0.0
09/13/2023 07:30,0.0
09/13/2023 08:00,0.0
09/13/2023 08:30,0.0
09/13/2023 09:00,0.0
09/13/2023 09:30,0.0
09/13/2023 10:00,0.0
09/13/2023 10:30,0.0
09/13/2023 11:00,0.0
09/13/2023 11:30,0.0
09/13/2023 12:00,0.0
09/13/2023 12:30,0.0
09/13/2023 13:00,0.0
09/13/2023 13:30,0.0
09/13/2023 14:00,0.0
09/13/2023 14:30,0.0
09/13/2023 15:00,0.0
09/13/2023 15:30,0.0
09/13/2023 16:00,0.0
09/13/2023 16:30,0.0
09/13/2023 17:00,0.0
09/13/2023 17:30,0.0
09/13/2023 18:00,0.0
09/13/2023 18:30,0.0
09/13/2023 19:00,0.0
09/13/2023 19:30,0.0
09/13/2023 20:00,0.0
09/13/2023 20:30,0.0
09/13/2023 21:00,0.0
09/13/2023 21:30,0.0
09/13/2023 22:00,0.0
09/13/2023 22:30,0.0
09/13/2023 23:00,0.0
09/13/2023 23:30,0.0
09/14/2023 00:00,0.0
09/14/2023 00:30,0.0
09/14/2023 01:00,0.0
09/14/2023 01:30,0.0
09/14/2023 02:00,0.0
09/14/2023 02:30,0.0
09/14/2023 03:00,0.0
09/14/2023 03:30,0.0
09/14/2023 04:00,0.0
09/14/2023 04:30,0.0
09/14/2023 05:00,0.0
09/14/2023 05:30,0.0
09/14/2023 06:00,0.0
09/14/2023 06:30,0.0
09/14/2023 07:00,0.0
09/14/2023 07:30,0.0
09/14/2023 08:00,0.0
09/14/2023 08:30,0.0
09/14/2023 09:00,0.0
09/14/2023 09:30,0.0
09/14/2023 10:00,0.0
09/14/2023 10:30,0.0
09/14/2023 11:00,0.0
09/14/2023 11:30,0.0
09/14/2023 12:00,0.0
09/14/2023 12:30,0.0
09/14/2023 13:00,0.0
09/14/2023 13:30,0.0
09/14/2023 14:00,0.0
09/14/2023 14:30,0.0
09/14/2023 15:00,0.0
09/14/2023 15:30,0.0
09/14/2023 16:00,0.0
09/14/2023 16:30,0.0
09/14/2023 17:00,0.0
09/14/2023 17:30,0.0
09/14/2023 18:00,0.0
09/14/2023 18:30,0.0
09/14/2023 19:00,0.0
09/14/2023 19:30,0.0
09/14/2023 20:00,0.0
09/14/2023 20:30,0.0
09/14/2023 21:00,0.0
09/14/2023 21:30,0.0
09/14/2023 22:00,0.0
09/14/2023 22:30,0.0
09/14/2023 23:00,0.0
09/14/2023 23:30,0.0
09/15/2023 00:00,0.0
09/15/2023 00:30,0.0
09/15/2023 01:00,0.0
09/15/2023 01:30,0.0
09/15/2023 02:00,0.0
09/15/2023 02:30,0.0
09/15/2023 03:00,0.0
09/15/2023 03:30,0.0
09/15/2023 04:00,0.0
09/15/2023 04:30,0.0
09/15/2023 05:00,0.0
09/15/2023 05:30,0.0
09/15/2023 06:00,0.0
09/15/2023 06:30,0.0
09/15/2023 07:00,0.0
09/15/2023 07:30,0.0
09/15/2023 08:00,0.0
09/15/2023 08:30,0.0
09/15/2023 09:00,0.0
09/15/2023 09:30,0.0
09/15/2023 10:00,0.0
09/15/2023 10:30,0.0
09/15/2023 11:00,0.0
09/15/2023 11:30,0.0
09/15/2023 12:00,0.0
09/15/2023 12:30,0.0
09/15/2023 13:00,0.0
09/15/2023 13:30,0.0
09/15/2023 14:00,0.0
09/15/2023 14:30,0.0
09/15/2023 15:00,0.0
09/15/2023 15:30,0.0
09/15/2023 16:00,0.0
09/15/2023 16:30,0.0
09/15/2023 17:00,0.0
09/15/2023 17:30,0.0
09/15/2023 18:00,0.0
09/15/2023 18:30,0.0
09/15/2023 19:00,0.0
09/15/2023 19:30,0.0
09/15/2023 20:00,0.0
09/15/2023 20:30,0.0
09/15/2023 21:00,0.0
09/15/2023 21:30,0.0
09/15/2023 22:00,0.0
09/15/2023 22:30,0.0
09/15/2023 23:00,0.0
09/15/2023 23:30,0.0
09/16/2023 00:00,0.0
09/16/2023 00:30,0.0
09/16/2023 01:00,0.0
09/16/2023 01:30,0.0
09/16/2023 02:00,0.0
09/16/2023 02:30,0.0
09/16/2023 03:00,0.0
09/16/2023 03:30,0.0
09/16/2023 04:00,0.0
09/16/2023 04:30,0.0
09/16/2023 05:00,0.0
09/16/2023 05:30,0.0
09/16/2023 06:00,0.0
09/16/2023 06:30,0.0
09/16/2023 07:00,0.0
09/16/2023 07:30,0.0
09/16/2023 08:00,0.0
09/16/2023 08:30,0.0
09/16/2023 09:00,0.0
09/16/2023 09:30,0.0
09/16/2023 10:00,0.0
09/16/2023 10:30,0.0
09/16/2023 11:00,0.0
09/16/2023 11:30,0.0
09/16/2023 12:00,0.0
09/16/2023 12:30,0.0
09/16/2023 13:00,0.0
09/16/2023 13:30,0.0
09/16/2023 14:00,0.0
09/16/2023 14:30,0.0
09/16/2023 15:00,0.0
09/16/2023 15:30,0.0
09/16/2023 16:00,0.0
09/16/2023 16:30,0.0
09/16/2023 17:00,0.0
09/16/2023 17:30,0.0
09/16/2023 18:00,0.0
09/16/2023 18:30,0.0
09/16/2023 19:00,0.0
09/16/2023 19:30,0.0
09/16/2023 20:00,0.0
09/16/2023 20:30,0.0
09/16/2023 21:00,0.0
09/16/2023 21:30,0.0
09/16/2023 22:00,0.0
09/16/2023 22:30,0.0
09/16/2023 23:00,0.0
09/16/2023 23:30,0.0
09/17/2023 00:00,0.0
09/17/2023 00:30,0.0
09/17/2023 01:00,0.0
09/17/2023 01:30,0.0
09/17/2023 02:00,0.0
09/17/2023 02:30,0.0
09/17/2023 03:00,0.0
09/17/2023 03:30,0.0
09/17/2023 04:00,0.0
09/17/2023 04:30,0.0
09/17/2023 05:00,0.0
09/17/2023 05:30,0.0
09/17/2023 06:00,0.0
09/17/2023 06:30,0.0
09/17/2023 07:00,0.0
09/17/2023 07:30,0.0
09/17/2023 08:00,0.0
09/17/2023 08:30,0.0
09/17/2023 09:00,0.0
09/17/2023 09:30,0.0
09/17/2023 10:00,0.0
09/17/2023 10:30,0.0
09/17/2023 11:00,0.0
09/17/2023 11:30,0.0
09/17/2023 12:00,0.0
09/17/2023 12:30,0.0
09/17/2023 13:00,0.0
09/17/2023 13:30,0.0
09/17/2023 14:00,0.0
09/17/2023 14:30,0.0
09/17/2023 15:00,0.0
09/17/2023 15:30,0.0
09/17/2023 16:00,0.0
09/17/2023 16:30,0.0
09/17/2023 17:00,0.0
09/17/2023 17:30,0.0
09/17/2023 18:00,0.0
09/17/2023 18:30,0.0
09/17/2023 19:00,0.0
09/17/2023 19:30,0.0
09/17/2023 20:00,0.0
09/17/2023 20:30,0.0
09/17/2023 21:00,0.0
09/17/2023 21:30,0.0
09/17/2023 22:00,0.0
09/17/2023 22:30,0.0
09/17/2023 23:00,0.0
09/17/2023 23:30,0.0
09/18/2023 00:00,0.0
09/18/2023 00:30,0.0
09/18/2023 01:00,0.0
09/18/2023 01:30,0.0
09/18/2023 02:00,0.0
09/18/2023 02:30,0.0
09/18/2023 03:00,0.0
09/18/2023 03:30,0.0
09/18/2023 04:00,0.0
09/18/2023 04:30,0.0
09/18/2023 05:00,0.0
09/18/2023 05:30,0.0
09/18/2023 06:00,0.0
09/18/2023 06:30,0.0
09/18/2023 07:00,0.0
09/18/2023 07:30,0.0
09/18/2023 08:00,0.0
09/18/2023 08:30,0.0
09/18/2023 09:00,0.0
09/18/2023 09:30,0.0
09/18/2023 10:00,0.0
09/18/2023 10:30,0.0
09/18/2023 11:00,0.0
09/18/2023 11:30,0.0
09/18/2023 12:00,0.0
09/18/2023 12:30,0.0
09/18/2023 13:00,0.0
09/18/2023 13:30,0.0
09/18/2023 14:00,0.0
09/18/2023 14:30,0.0
09/18/2023 15:00,0.0
09/18/2023 15:30,0.0
09/18/2023 16:00,0.0
09/18/2023 16:30,0.0
09/18/2023 17:00,0.0
09/18/2023 17:30,0.0
09/18/2023 18:00,0.0
09/18/2023 18:30,0.0
09/18/2023 19:00,0.0
09/18/2023 19:30,0.0
09/18/2023 20:00,0.0
09/18/2023 20:30,0.0
09/18/2023 21:00,0.0
09/18/2023 21:30,0.0
09/18/2023 22:00,0.0
09/18/2023 22:30,0.0
09/18/2023 23:00,0.0
09/18/2023 23:30,0.0
09/19/2023 00:00,0.0
09/19/2023 00:30,0.0
09/19/2023 01:00,0.0
09/19/2023 01:30,0.0
09/19/2023 02:00,0.0
09/19/2023 02:30,0.0
09/19/2023 03:00,0.0
09/19/2023 03:30,0.0
09/19/2023 04:00,0.0
09/19/2023 04:30,0.0
09/19/2023 05:00,0.0
09/19/2023 05:30,0.0
09/19/2023 06:00,0.0
09/19/2023 06:30,0.0
09/19/2023 07:00,0.0
09/19/2023 07:30,0.0
09/19/2023 08:00,0.0
09/19/2023 08:30,0.0
09/19/2023 09:00,0.0
09/19/2023 09:30,0.0
09/19/2023 10:00,0.0
09/19/2023 10:30,0.0
09/19/2023 11:00,0.0
09/19/2023 11:30,0.0
09/19/2023 12:00,0.0
09/19/2023 12:30,0.0
09/19/2023 13:00,0.0
09/19/2023 13:30,0.0
09/19/2023 14:00,0.0
09/19/2023 14:30,0.0
09/19/2023 15:00,0.0
09/19/2023 15:30,0.0
09/19/2023 16:00,0.0
09/19/2023 16:30,0.0
09/19/2023 17:00,0.0
09/19/2023 17:30,0.0
09/19/2023 18:00,0.0
09/19/2023 18:30,0.0
09/19/2023 19:00,0.0
09/19/2023 19:30,0.0
09/19/2023 20:00,0.0
09/19/2023 20:30,0.0
09/19/2023 21:00,0.0
09/19/2023 21:30,0.0
09/19/2023 22:00,0.0
09/19/2023 22:30,0.0
09/19/2023 23:00,0.0
09/19/2023 23:30,0.0
09/20/2023 00:00,0.0
09/20/2023 00:30,0.0
09/20/2023 01:00,0.0
09/20/2023 01:30,0.0
09/20/2023 02:00,0.0
09/20/2023 02:30,0.0
09/20/2023 03:00,0.0
09/20/2023 03:30,0.0
09/20/2023 04:00,0.0
09/20/2023 04:30,0.0
09/20/2023 05:00,0.0
09/20/2023 05:30,0.0
09/20/2023 06:00,0.0
09/20/2023 06:30,0.0
09/20/2023 07:00,0.0
09/20/2023 07:30,0.0
09/20/2023 08:00,0.0
09/20/2023 08:30,0.0
09/20/2023 09:00,0.0
09/20/2023 09:30,0.0
09/20/2023 10:00,0.0
09/20/2023 10:30,0.0
09/20/2023 11:00,0.0
09/20/2023 11:30,0.0
09/20/2023 12:00,0.0
09/20/2023 12:30,0.0
09/20/2023 13:00,0.0
09/20/2023 13:30,0.0
09/20/2023 14:00,0.0
09/20/2023 14:30,0.0
09/20/2023 15:00,0.0
09/20/2023 15:30,0.0
09/20/2023 16:00,0.0
09/20/2023 16:30,0.0
09/20/2023 17:00,0.0
09/20/2023 17:30,0.0
09/20/2023 18:00,0.0
09/20/2023 18:30,0.0
09/20/2023 19:00,0.0
09/20/2023 19:30,0.0
09/20/2023 20:00,0.0
09/20/2023 20:30,0.0
09/20/2023 21:00,0.0
09/20/2023 21:30,0.0
09/20/2023 22:00,0.0
09/20/2023 22:30,0.0
09/20/2023 23:00,0.0
09/20/2023 23:30,0.0
09/21/2023 00:00,0.0
09/21/2023 00:30,0.0
09/21/2023 01:00,0.0
09/21/2023 01:30,0.0
09/21/2023 02:00,0.0
09/21/2023 02:30,0.0
09/21/2023 03:00,0.0
09/21/2023 03:30,0.0
09/21/2023 04:00,0.0
09/21/2023 04:30,0.0
09/21/2023 05:00,0.0
09/21/2023 05:30,0.0
09/21/2023 06:00,0.0
09/21/2023 06:30,0.0
09/21/2023 07:00,0.0
09/21/2023 07:30,0.0
09/21/2023 08:00,0.0
09/21/2023 08:30,0.0
09/21/2023 09:00,0.0
09/21/2023 09:30,0.0
09/21/2023 10:00,0.0
09/21/2023 10:30,0.0
09/21/2023 11:00,0.0
09/21/2023 11:30,0.0
09/21/2023 12:00,0.0
09/21/2023 12:30,0.0
09/21/2023 13:00,0.0
09/21/2023 13:30,0.0
09/21/2023 14:00,0.0
09/21/2023 14:30,0.0
09/21/2023 15:00,0.0
09/21/2023 15:30,0.0
09/21/2023 16:00,0.0
09/21/2023 16:30,0.0
09/21/2023 17:00,0.0
09/21/2023 17:30,0.0
09/21/2023 18:00,0.0
09/21/2023 18:30,0.0
09/21/2023 19:00,0.0
09/21/2023 19:30,0.0
09/21/2023 20:00,0.0
09/21/2023 20:30,0.0
09/21/2023 21:00,0.0
09/21/2023 21:30,0.0
09/21/2023 22:00,0.0
09/21/2023 22:30,0.0
09/21/2023 23:00,0.0
09/21/2023 23:30,0.0
09/22/2023 00:00,0.0
09/22/2023 00:30,0.0
09/22/2023 01:00,0.0
09/22/2023 01:30,0.0
09/22/2023 02:00,0.0
09/22/2023 02:30,0.0
09/22/2023 03:00,0.0
09/22/2023 03:30,0.0
09/22/2023 04:00,0.0
09/22/2023 04:30,0.0
09/22/2023 05:00,0.0
09/22/2023 05:30,0.0
09/22/2023 06:00,0.0
09/22/2023 06:30,0.0
09/22/2023 07:00,0.0
09/22/2023 07:30,0.0
09/22/2023 08:00,0.0
09/22/2023 08:30,0.0
09/22/2023 09:00,0.0
09/22/2023 09:30,0.0
09/22/2023 10:00,0.0
09/22/2023 10:30,0.0
09/22/2023 11:00,0.0
09/22/2023 11:30,0.0
09/22/2023 12:00,0.0
09/22/2023 12:30,0.0
09/22/2023 13:00,0.0
09/22/2023 13:30,0.0
09/22/2023 14:00,0.0
09/22/2023 14:30,0.0
09/22/2023 15:00,0.0
09/22/2023 15:30,0.0
09/22/2023 16:00,0.0
09/22/2023 16:30,0.0
09/22/2023 17:00,0.0
09/22/2023 17:30,0.0
09/22/2023 18:00,0.0
09/22/2023 18:30,0.0
09/22/2023 19:00,0.0
09/22/2023 19:30,0.0
09/22/2023 20:00,0.0
09/22/2023 20:30,0.0
09/22/2023 21:00,0.0
09/22/2023 21:30,0.0
09/22/2023 22:00,0.0
09/22/2023 22:30,0.0
09/22/2023 23:00,0.0
09/22/2023 23:30,0.0
09/23/2023 00:00,0.0
09/23/2023 00:30,0.0
09/23/2023 01:00,0.0
09/23/2023 01:30,0.0
09/23/2023 02:00,0.0
09/23/2023 02:30,0.0
09/23/2023 03:00,0.0
09/23/2023 03:30,0.0
09/23/2023 04:00,0.0
09/23/2023 04:30,0.0
09/23/2023 05:00,0.0
09/23/2023 05:30,0.0
09/23/2023 06:00,0.0
09/23/2023 06:30,0.0
09/23/2023 07:00,0.0
09/23/2023 07:30,0.0
09/23/2023 08:00,0.0
09/23/2023 08:30,0.0
09/23/2023 09:00,0.0
09/23/2023 09:30,0.0
09/23/2023 10:00,0.0
09/23/2023 10:30,0.0
09/23/2023 11:00,0.0
09/23/2023 11:30,0.0
09/23/2023 12:00,0.0
09/23/2023 12:30,0.0
09/23/2023 13:00,0.0
09/23/2023 13:30,0.0
09/23/2023 14:00,0.0
09/23/2023 14:30,0.0
09/23/2023 15:00,0.0
09/23/2023 15:30,0.0
09/23/2023 16:00,0.0
09/23/2023 16:30,0.0
09/23/2023 17:00,0.0
09/23/2023 17:30,0.0
09/23/2023 18:00,0.0
09/23/2023 18:30,0.0
09/23/2023 19:00,0.0
09/23/2023 19:30,0.0
09/23/2023 20:00,0.0
09/23/2023 20:30,0.0
09/23/2023 21:00,0.0
09/23/2023 21:30,0.0
09/23/2023 22:00,0.0
09/23/2023 22:30,0.0
09/23/2023 23:00,0.0
09/23/2023 23:30,0.0
09/24/2023 00:00,0.0
09/24/2023 00:30,0.0
09/24/2023 01:00,0.0
09/24/2023 01:30,0.0
09/24/2023 02:00,0.0
09/24/2023 02:30,0.0
09/24/2023 03:00,0.0
09/24/2023 03:30,0.0
09/24/2023 04:00,0.0
09/24/2023 04:30,0.0
09/24/2023 05:00,0.0
09/24/2023 05:30,0.0
09/24/2023 06:00,0.0
09/24/2023 06:30,0.0
09/24/2023 07:00,0.0
09/24/2023 07:30,0.0
09/24/2023 08:00,0.0
09/24/2023 08:30,0.0
09/24/2023 09:00,0.0
09/24/2023 09:30,0.0
09/24/2023 10:00,0.0
09/24/2023 10:30,0.0
09/24/2023 11:00,0.0
09/24/2023 11:30,0.0
09/24/2023 12:00,0.0
09/24/2023 12:30,0.0
09/24/2023 13:00,0.0
09/24/2023 13:30,0.0
09/24/2023 14:00,0.0
09/24/2023 14:30,0.0
09/24/2023 15:00,0.0
09/24/2023 15:30,0.0
09/24/2023 16:00,0.0
09/24/2023 16:30,0.0
09/24/2023 17:00,0.0
09/24/2023 17:30,0.0
09/24/2023 18:00,0.0
09/24/2023 18:30,0.0
09/24/2023 19:00,0.0
09/24/2023 19:30,0.0
09/24/2023 20:00,0.0
09/24/2023 20:30,0.0
09/24/2023 21:00,0.0
09/24/2023 21:30,0.0
09/24/2023 22:00,0.0
09/24/2023 22:30,0.0
09/24/2023 23:00,0.0
09/24/2023 23:30,0.0
09/25/2023 00:00,0.0
09/25/2023 00:30,0.0
09/25/2023 01:00,0.0
09/25/2023 01:30,0.0
09/25/2023 02:00,0.0
09/25/2023 02:30,0.0
09/25/2023 03:00,0.0
09/25/2023 03:30,0.0
09/25/2023 04:00,0.0
09/25/2023 04:30,0.0
09/25/2023 05:00,0.0
09/25/2023 05:30,0.0
09/25/2023 06:00,0.0
09/25/2023 06:30,0.0
09/25/2023 07:00,0.0
09/25/2023 07:30,0.0
09/25/2023 08:00,0.0
09/25/2023 08:30,0.0
09/25/2023 09:00,0.0
09/25/2023 09:30,0.0
09/25/2023 10:00,0.0
09/25/2023 10:30,0.0
09/25/2023 11:00,0.0
09/25/2023 11:30,0.0
09/25/2023 12:00,0.0
09/25/2023 12:30,0.0
09/25/2023 13:00,0.0
09/25/2023 13:30,0.0
09/25/2023 14:00,0.0
09/25/2023 14:30,0.0
09/25/2023 15:00,0.0
09/25/2023 15:30,0.0
09/25/2023 16:00,0.0
09/25/2023 16:30,0.0
09/25/2023 17:00,0.0
09/25/2023 17:30,0.0
09/25/2023 18:00,0.0
09/25/2023 18:30,0.0
09/25/2023 19:00,0.0
09/25/2023 19:30,0.0
09/25/2023 20:00,0.0
09/25/2023 20:30,0.0
09/25/2023 21:00,0.0
09/25/2023 21:30,0.0
09/25/2023 22:00,0.0
09/25/2023 22:30,0.0
09/25/2023 23:00,0.0
09/25/2023 23:30,0.0
09/26/2023 00:00,0.0
09/26/2023 00:30,0.0
09/26/2023 01:00,0.0
09/26/2023 01:30,0.0
09/26/2023 02:00,0.0
09/26/2023 02:30,0.0
09/26/2023 03:00,0.0
09/26/2023 03:30,0.0
09/26/2023 04:00,0.0
09/26/2023 04:30,0.0
09/26/2023 05:00,0.0
09/26/2023 05:30,0.0
09/26/2023 06:00,0.0
09/26/2023 06:30,0.0
09/26/2023 07:00,0.0
09/26/2023 07:30,0.0
09/26/2023 08:00,0.0
09/26/2023 08:30,0.0
09/26/2023 09:00,0.0
09/26/2023 09:30,0.0
09/26/2023 10:00,0.0
09/26/2023 10:30,0.0
09/26/2023 11:00,0.0
09/26/2023 11:30,0.0
09/26/2023 12:00,0.0
09/26/2023 12:30,0.0
09/26/2023 13:00,0.0
09/26/2023 13:30,0.0
09/26/2023 14:00,0.0
09/26/2023 14:30,0.0
09/26/2023 15:00,0.0
09/26/2023 15:30,0.0
09/26/2023 16:00,0.0
09/26/2023 16:30,0.0
09/26/2023 17:00,0.0
09/26/2023 17:30,0.0
09/26/2023 18:00,0.0
09/26/2023 18:30,0.0
09/26/2023 19:00,0.0
09/26/2023 19:30,0.0
09/26/2023 20:00,0.0
09/26/2023 20:30,0.0
09/26/2023 21:00,0.0
09/26/2023 21:30,0.0
09/26/2023 22:00,0.0
09/26/2023 22:30,0.0
09/26/2023 23:00,0.0
09/26/2023 23:30,0.0
09/27/2023 00:00,0.0
09/27/2023 00:30,0.0
09/27/2023 01:00,0.0
09/27/2023 01:30,0.0
09/27/2023 02:00,0.0
09/27/2023 02:30,0.0
09/27/2023 03:00,0.0
09/27/2023 03:30,0.0
09/27/2023 04:00,0.0
09/27/2023 04:30,0.0
09/27/2023 05:00,0.0
09/27/2023 05:30,0.0
09/27/2023 06:00,0.0
09/27/2023 06:30,0.0
09/27/2023 07:00,0.0
09/27/2023 07:30,0.0
09/27/2023 08:00,0.0
09/27/2023 08:30,0.0
09/27/2023 09:00,0.0
09/27/2023 09:30,0.0
09/27/2023 10:00,0.0
09/27/2023 10:30,0.0
09/27/2023 11:00,0.0
09/27/2023 11:30,0.0
09/27/2023 12:00,0.0
09/27/2023 12:30,0.0
09/27/2023 13:00,0.0
09/27/2023 13:30,0.0
09/27/2023 14:00,0.0
09/27/2023 14:30,0.0
09/27/2023 15:00,0.0
09/27/2023 15:30,0.0
09/27/2023 16:00,0.0
09/27/2023 16:30,0.0
09/27/2023 17:00,0.0
09/27/2023 17:30,0.0
09/27/2023 18:00,0.0
09/27/2023 18:30,0.0
09/27/2023 19:00,0.0
09/27/2023 19:30,0.0
09/27/2023 20:00,0.0
09/27/2023 20:30,0.0
09/27/2023 21:00,0.0
09/27/2023 21:30,0.0
09/27/2023 22:00,0.0
09/27/2023 22:30,0.0
09/27/2023 23:00,0.0
09/27/2023 23:30,0.0
09/28/2023 00:00,0.0
09/28/2023 00:30,0.0
09/28/2023 01:00,0.0
09/28/2023 01:30,0.0
09/28/2023 02:00,0.0
09/28/2023 02:30,0.0
09/28/2023 03:00,0.0
09/28/2023 03:30,0.0
09/28/2023 04:00,0.0
09/28/2023 04:30,0.0
09/28/2023 05:00,0.0
09/28/2023 05:30,0.0
09/28/2023 06:00,0.0
09/28/2023 06:30,0.0
09/28/2023 07:00,0.0
09/28/2023 07:30,0.0
09/28/2023 08:00,0.0
09/28/2023 08:30,0.0
09/28/2023 09:00,0.0
09/28/2023 09:30,0.0
09/28/2023 10:00,0.0
09/28/2023 10:30,0.0
09/28/2023 11:00,0.0
09/28/2023 11:30,0.0
09/28/2023 12:00,0.0
09/28/2023 12:30,0.0
09/28/2023 13:00,0.0
09/28/2023 13:30,0.0
09/28/2023 14:00,0.0
09/28/2023 14:30,0.0
09/28/2023 15:00,0.0
09/28/2023 15:30,0.0
09/28/2023 16:00,0.0
09/28/2023 16:30,0.0
09/28/2023 17:00,0.0
09/28/2023 17:30,0.0
09/28/2023 18:00,0.0
09/28/2023 18:30,0.0
09/28/2023 19:00,0.0
09/28/2023 19:30,0.0
09/28/2023 20:00,0.0
09/28/2023 20:30,0.0
09/28/2023 21:00,0.0
09/28/2023 21:30,0.0
09/28/2023 22:00,0.0
09/28/2023 22:30,0.0
09/28/2023 23:00,0.0
09/28/2023 23:30,0.0
09/29/2023 00:00,0.0
09/29/2023 00:30,0.0
09/29/2023 01:00,0.0
09/29/2023 01:30,0.0
09/29/2023 02:00,0.0
09/29/2023 02:30,0.0
09/29/2023 03:00,0.0
09/29/2023 03:30,0.0
09/29/2023 04:00,0.0
09/29/2023 04:30,0.0
09/29/2023 05:00,0.0
09/29/2023 05:30,0.0
09/29/2023 06:00,0.0
09/29/2023 06:30,0.0
09/29/2023 07:00,0.0
09/29/2023 07:30,0.0
09/29/2023 08:00,0.0
09/29/2023 08:30,0.0
09/29/2023 09:00,0.0
09/29/2023 09:30,0.0
09/29/2023 10:00,0.0
09/29/2023 10:30,0.0
09/29/2023 11:00,0.0
09/29/2023 11:30,0.0
09/29/2023 12:00,0.0
09/29/2023 12:30,0.0
09/29/2023 13:00,0.0
09/29/2023 13:30,0.0
09/29/2023 14:00,0.0
09/29/2023 14:30,0.0
09/29/2023 15:00,0.0
09/29/2023 15:30,0.0
09/29/2023 16:00,0.0
09/29/2023 16:30,0.0
09/29/2023 17:00,0.0
09/29/2023 17:30,0.0
09/29/2023 18:00,0.0
09/29/2023 18:30,0.0
09/29/2023 19:00,0.0
09/29/2023 19:30,0.0
09/29/2023 20:00,0.0
09/29/2023 20:30,0.0
09/29/2023 21:00,0.0
09/29/2023 21:30,0.0
09/29/2023 22:00,0.0
09/29/2023 22:30,0.0
09/29/2023 23:00,0.0
09/29/2023 23:30,0.0
09/30/2023 00:00,0.0
09/30/2023 00:30,0.0
09/30/2023 01:00,0.0
09/30/2023 01:30,0.0
09/30/2023 02:00,0.0
09/30/2023 02:30,0.0
09/30/2023 03:00,0.0
09/30/2023 03:30,0.0
09/30/2023 04:00,0.0
09/30/2023 04:30,0.0
09/30/2023 05:00,0.0
09/30/2023 05:30,0.0
09/30/2023 06:00,0.0
09/30/2023 06:30,0.0
09/30/2023 07:00,0.0
09/30/2023 07:30,0.0
09/30/2023 08:00,0.0
09/30/2023 08:30,0.0
09/30/2023 09:00,0.0
09/30/2023 09:30,0.0
09/30/2023 10:00,0.0
09/30/2023 10:30,0.0
09/30/2023 11:00,0.0
09/30/2023 11:30,0.0
09/30/2023 12:00,0.0
09/30/2023 12:30,0.0
09/30/2023 13:00,0.0
09/30/2023 13:30,0.0
09/30/2023 14:00,0.0
09/30/2023 14:30,0.0
09/30/2023 15:00,0.0
09/30/2023 15:30,0.0
09/30/2023 16:00,0.0
09/30/2023 16:30,0.0
09/30/2023 17:00,0.0
09/30/2023 17:30,0.0
09/30/2023 18:00,0.0
09/30/2023 18:30,0.0
09/30/2023 19:00,0.0
09/30/2023 19:30,0.0
09/30/2023 20:00,0.0
09/30/2023 20:30,0.0
09/30/2023 21:00,0.0
09/30/2023 21:30,0.0
09/30/2023 22:00,0.0
09/30/2023 22:30,0.0
09/30/2023 23:00,0.0
09/30/2023 23:30,0.0
10/01/2023 00:00,0.0
10/01/2023 00:30,0.0
10/01/2023 01:00,0.0
10/01/2023 01:30,0.0
10/01/2023 02:00,0.0
10/01/2023 02:30,0.0
10/01/2023 03:00,0.0
10/01/2023 03:30,0.0
10/01/2023 04:00,0.0
10/01/2023 04:30,0.0
10/01/2023 05:00,0.0
10/01/2023 05:30,0.0
10/01/2023 06:00,0.0
10/01/2023 06:30,0.0
10/01/2023 07:00,0.0
10/01/2023 07:30,0.0
10/01/2023 08:00,0.0
10/01/2023 08:30,0.0
10/01/2023 09:00,0.0
10/01/2023 09:30,0.0
10/01/2023 10:00,0.0
10/01/2023 10:30,0.0
10/01/2023 11:00,0.0
10/01/2023 11:30,0.0
10/01/2023 12:00,0.0
10/01/2023 12:30,0.0
10/01/2023 13:00,0.0
10/01/2023 13:30,0.0
10/01/2023 14:00,0.0
10/01/2023 14:30,0.0
10/01/2023 15:00,0.0
10/01/2023 15:30,0.0
10/01/2023 16:00,0.0
10/01/2023 16:30,0.0
10/01/2023 17:00,0.0
10/01/2023 17:30,0.0
10/01/2023 18:00,0.0
10/01/2023 18:30,0.0
10/01/2023 19:00,0.0
10/01/2023 19:30,0.0
10/01/2023 20:00,0.0
10/01/2023 20:30,0.0
10/01/2023 21:00,0.0
10/01/2023 21:30,0.0
10/01/2023 22:00,0.0
10/01/2023 22:30,0.0
10/01/2023 23:00,0.0
10/01/2023 23:30,0.0
10/02/2023 00:00,0.0
10/02/2023 00:30,0.0
10/02/2023 01:00,0.0
10/02/2023 01:30,0.0
10/02/2023 02:00,0.0
10/02/2023 02:30,0.0
10/02/2023 03:00,0.0
10/02/2023 03:30,0.0
10/02/2023 04:00,0.0
10/02/2023 04:30,0.0
10/02/2023 05:00,0.0
10/02/2023 05:30,0.0
10/02/2023 06:00,0.0
10/02/2023 06:30,0.0
10/02/2023 07:00,0.0
10/02/2023 07:30,0.0
10/02/2023 08:00,0.0
10/02/2023 08:30,0.0
10/02/2023 09:00,0.0
10/02/2023 09:30,0.0
10/02/2023 10:00,0.0
10/02/2023 10:30,0.0
10/02/2023 11:00,0.0
10/02/2023 11:30,0.0
10/02/2023 12:00,0.0
10/02/2023 12:30,0.0
10/02/2023 13:00,0.0
10/02/2023 13:30,0.0
10/02/2023 14:00,0.0
10/02/2023 14:30,0.0
10/02/2023 15:00,0.0
10/02/2023 15:30,0.0
10/02/2023 16:00,0.0
10/02/2023 16:30,0.0
10/02/2023 17:00,0.0
10/02/2023 17:30,0.0
10/02/2023 18:00,0.0
10/02/2023 18:30,0.0
10/02/2023 19:00,0.0
10/02/2023 19:30,0.0
10/02/2023 20:00,0.0
10/02/2023 20:30,0.0
10/02/2023 21:00,0.0
10/02/2023 21:30,0.0
10/02/2023 22:00,0.0
10/02/2023 22:30,0.0
10/02/2023 23:00,0.0
10/02/2023 23:30,0.0
10/03/2023 00:00,0.0
10/03/2023 00:30,0.0
10/03/2023 01:00,0.0
10/03/2023 01:30,0.0
10/03/2023 02:00,0.0
10/03/2023 02:30,0.0
10/03/2023 03:00,0.0
10/03/2023 03:30,0.0
10/03/2023 04:00,0.0
10/03/2023 04:30,0.0
10/03/2023 05:00,0.0
10/03/2023 05:30,0.0
10/03/2023 06:00,0.0
10/03/2023 06:30,0.0
10/03/2023 07:00,0.0
10/03/2023 07:30,0.0
10/03/2023 08:00,0.0
10/03/2023 08:30,0.0
10/03/2023 09:00,0.0
10/03/2023 09:30,0.0
10/03/2023 10:00,0.0
10/03/2023 10:30,0.0
10/03/2023 11:00,0.0
10/03/2023 11:30,0.0
10/03/2023 12:00,0.0
10/03/2023 12:30,0.0
10/03/2023 13:00,0.0
10/03/2023 13:30,0.0
10/03/2023 14:00,0.0
10/03/2023 14:30,0.0
10/03/2023 15:00,0.0
10/03/2023 15:30,0.0
10/03/2023 16:00,0.0
10/03/2023 16:30,0.0
10/03/2023 17:00,0.0
10/03/2023 17:30,0.0
10/03/2023 18:00,0.0
10/03/2023 18:30,0.0
10/03/2023 19:00,0.0
10/03/2023 19:30,0.0
10/03/2023 20:00,0.0
10/03/2023 20:30,0.0
10/03/2023 21:00,0.0
10/03/2023 21:30,0.0
10/03/2023 22:00,0.0
10/03/2023 22:30,0.0
10/03/2023 23:00,0.0
10/03/2023 23:30,0.0
10/04/2023 00:00,0.0
10/04/2023 00:30,0.0
10/04/2023 01:00,0.0
10/04/2023 01:30,0.0
10/04/2023 02:00,0.0
10/04/2023 02:30,0.0
10/04/2023 03:00,0.0
10/04/2023 03:30,0.0
10/04/2023 04:00,0.0
10/04/2023 04:30,0.0
10/04/2023 05:00,0.0
10/04/2023 05:30,0.0
10/04/2023 06:00,0.0
10/04/2023 06:30,0.0
10/04/2023 07:00,0.0
10/04/2023 07:30,0.0
10/04/2023 08:00,0.0
10/04/2023 08:30,0.0
10/04/2023 09:00,0.0
10/04/2023 09:30,0.0
10/04/2023 10:00,0.0
10/04/2023 10:30,0.0
10/04/2023 11:00,0.0
10/04/2023 11:30,0.0
10/04/2023 12:00,0.0
10/04/2023 12:30,0.0
10/04/2023 13:00,0.0
10/04/2023 13:30,0.0
10/04/2023 14:00,0.0
10/04/2023 14:30,0.0
10/04/2023 15:00,0.0
10/04/2023 15:30,0.0
10/04/2023 16:00,0.0
10/04/2023 16:30,0.0
10/04/2023 17:00,0.0
10/04/2023 17:30,0.0
10/04/2023 18:00,0.0
10/04/2023 18:30,0.0
10/04/2023 19:00,0.0
10/04/2023 19:30,0.0
10/04/2023 20:00,0.0
10/04/2023 20:30,0.0
10/04/2023 21:00,0.0
10/04/2023 21:30,0.0
10/04/2023 22:00,0.0
10/04/2023 22:30,0.0
10/04/2023 23:00,0.0
10/04/2023 23:30,0.0
10/05/2023 00:00,0.0
10/05/2023 00:30,0.0
10/05/2023 01:00,0.0
10/05/2023 01:30,0.0
10/05/2023 02:00,0.0
10/05/2023 02:30,0.0
10/05/2023 03:00,0.0
10/05/2023 03:30,0.0
10/05/2023 04:00,0.0
10/05/2023 04:30,0.0
10/05/2023 05:00,0.0
10/05/2023 05:30,0.0
10/05/2023 06:00,0.0
10/05/2023 06:30,0.0
10/05/2023 07:00,0.0
10/05/2023 07:30,0.0
10/05/2023 08:00,0.0
10/05/2023 08:30,0.0
10/05/2023 09:00,0.0
10/05/2023 09:30,0.0
10/05/2023 10:00,0.0
10/05/2023 10:30,0.0
10/05/2023 11:00,0.0
10/05/2023 11:30,0.0
10/05/2023 12:00,0.0
10/05/2023 12:30,0.0
10/05/2023 13:00,0.0
10/05/2023 13:30,0.0
10/05/2023 14:00,0.0
10/05/2023 14:30,0.0
10/05/2023 15:00,0.0
10/05/2023 15:30,0.0
10/05/2023 16:00,0.0
10/05/2023 16:30,0.0
10/05/2023 17:00,0.0
10/05/2023 17:30,0.0
10/05/2023 18:00,0.0
10/05/2023 18:30,0.0
10/05/2023 19:00,0.0
10/05/2023 19:30,0.0
10/05/2023 20:00,0.0
10/05/2023 20:30,0.0
10/05/2023 21:00,0.0
10/05/2023 21:30,0.0
10/05/2023 22:00,0.0
10/05/2023 22:30,0.0
10/05/2023 23:00,0.0
10/05/2023 23:30,0.0
10/06/2023 00:00,0.0
10/06/2023 00:30,0.0
10/06/2023 01:00,0.0
10/06/2023 01:30,0.0
10/06/2023 02:00,0.0
10/06/2023 02:30,0.0
10/06/2023 03:00,0.0
10/06/2023 03:30,0.0
10/06/2023 04:00,0.0
10/06/2023 04:30,0.0
10/06/2023 05:00,0.0
10/06/2023 05:30,0.0
10/06/2023 06:00,0.0
10/06/2023 06:30,0.0
10/06/2023 07:00,0.0
10/06/2023 07:30,0.0
10/06/2023 08:00,0.0
10/06/2023 08:30,0.0
10/06/2023 09:00,0.0
10/06/2023 09:30,0.0
10/06/2023 10:00,0.0
10/06/2023 10:30,0.0
10/06/2023 11:00,0.0
10/06/2023 11:30,0.0
10/06/2023 12:00,0.0
10/06/2023 12:30,0.0
10/06/2023 13:00,0.0
10/06/2023 13:30,0.0
10/06/2023 14:00,0.0
10/06/2023 14:30,0.0
10/06/2023 15:00,0.0
10/06/2023 15:30,0.0
10/06/2023 16:00,0.0
10/06/2023 16:30,0.0
10/06/2023 17:00,0.0
10/06/2023 17:30,0.0
10/06/2023 18:00,0.0
10/06/2023 18:30,0.0
10/06/2023 19:00,0.0
10/06/2023 19:30,0.0
10/06/2023 20:00,0.0
10/06/2023 20:30,0.0
10/06/2023 21:00,0.0
10/06/2023 21:30,0.0
10/06/2023 22:00,0.0
10/06/2023 22:30,0.0
10/06/2023 23:00,0.0
10/06/2023 23:30,0.0
10/07/2023 00:00,0.0
10/07/2023 00:30,0.0
10/07/2023 01:00,0.0
10/07/2023 01:30,0.0
10/07/2023 02:00,0.0
10/07/2023 02:30,0.0
10/07/2023 03:00,0.0
10/07/2023 03:30,0.0
10/07/2023 04:00,0.0
10/07/2023 04:30,0.0
10/07/2023 05:00,0.0
10/07/2023 05:30,0.0
10/07/2023 06:00,0.0
10/07/2023 06:30,0.0
10/07/2023 07:00,0.0
10/07/2023 07:30,0.0
10/07/2023 08:00,0.0
10/07/2023 08:30,0.0
10/07/2023 09:00,0.0
10/07/2023 09:30,0.0
10/07/2023 10:00,0.0
10/07/2023 10:30,0.0
10/07/2023 11:00,0.0
10/07/2023 11:30,0.0
10/07/2023 12:00,0.0
10/07/2023 12:30,0.0
10/07/2023 13:00,0.0
10/07/2023 13:30,0.0
10/07/2023 14:00,0.0
10/07/2023 14:30,0.0
10/07/2023 15:00,0.0
10/07/2023 15:30,0.0
10/07/2023 16:00,0.0
10/07/2023 16:30,0.0
10/07/2023 17:00,0.0
10/07/2023 17:30,0.0
10/07/2023 18:00,0.0
10/07/2023 18:30,0.0
10/07/2023 19:00,0.0
10/07/2023 19:30,0.0
10/07/2023 20:00,0.0
10/07/2023 20:30,0.0
10/07/2023 21:00,0.0
10/07/2023 21:30,0.0
10/07/2023 22:00,0.0
10/07/2023 22:30,0.0
10/07/2023 23:00,0.0
10/07/2023 23:30,0.0
10/08/2023 00:00,0.0
10/08/2023 00:30,0.0
10/08/2023 01:00,0.0
10/08/2023 01:30,0.0
10/08/2023 02:00,0.0
10/08/2023 02:30,0.0
10/08/2023 03:00,0.0
10/08/2023 03:30,0.0
10/08/2023 04:00,0.0
10/08/2023 04:30,0.0
10/08/2023 05:00,0.0
10/08/2023 05:30,0.0
10/08/2023 06:00,0.0
10/08/2023 06:30,0.0
10/08/2023 07:00,0.0
10/08/2023 07:30,0.0
10/08/2023 08:00,0.0
10/08/2023 08:30,0.0
10/08/2023 09:00,0.0
10/08/2023 09:30,0.0
10/08/2023 10:00,0.0
10/08/2023 10:30,0.0
10/08/2023 11:00,0.0
10/08/2023 11:30,0.0
10/08/2023 12:00,0.0
10/08/2023 12:30,0.0
10/08/2023 13:00,0.0
10/08/2023 13:30,0.0
10/08/2023 14:00,0.0
10/08/2023 14:30,0.0
10/08/2023 15:00,0.0
10/08/2023 15:30,0.0
10/08/2023 16:00,0.0
10/08/2023 16:30,0.0
10/08/2023 17:00,0.0
10/08/2023 17:30,0.0
10/08/2023 18:00,0.0
10/08/2023 18:30,0.0
10/08/2023 19:00,0.0
10/08/2023 19:30,0.0
10/08/2023 20:00,0.0
10/08/2023 20:30,0.0
10/08/2023 21:00,0.0
10/08/2023 21:30,0.0
10/08/2023 22:00,0.0
10/08/2023 22:30,0.0
10/08/2023 23:00,0.0
10/08/2023 23:30,0.0
10/09/2023 00:00,0.0
10/09/2023 00:30,0.0
10/09/2023 01:00,0.0
10/09/2023 01:30,0.0
10/09/2023 02:00,0.0
10/09/2023 02:30,0.0
10/09/2023 03:00,0.0
10/09/2023 03:30,0.0
10/09/2023 04:00,0.0
10/09/2023 04:30,0.0
10/09/2023 05:00,0.0
10/09/2023 05:30,0.0
10/09/2023 06:00,0.0
10/09/2023 06:30,0.0
10/09/2023 07:00,0.0
10/09/2023 07:30,0.0
10/09/2023 08:00,0.0
10/09/2023 08:30,0.0
10/09/2023 09:00,0.0
10/09/2023 09:30,0.0
10/09/2023 10:00,0.0
10/09/2023 10:30,0.0
10/09/2023 11:00,0.0
10/09/2023 11:30,0.0
10/09/2023 12:00,0.0
10/09/2023 12:30,0.0
10/09/2023 13:00,0.0
10/09/2023 13:30,0.0
10/09/2023 14:00,0.0
10/09/2023 14:30,0.0
10/09/2023 15:00,0.0
10/09/2023 15:30,0.0
10/09/2023 16:00,0.0
10/09/2023 16:30,0.0
10/09/2023 17:00,0.0
10/09/2023 17:30,0.0
10/09/2023 18:00,0.0
10/09/2023 18:30,0.0
10/09/2023 19:00,0.0
10/09/2023 19:30,0.0
10/09/2023 20:00,0.0
10/09/2023 20:30,0.0
10/09/2023 21:00,0.0
10/09/2023 21:30,0.0
10/09/2023 22:00,0.0
10/09/2023 22:30,0.0
10/09/2023 23:00,0.0
10/09/2023 23:30,0.0
10/10/2023 00:00,0.0
10/10/2023 00:30,0.0
10/10/2023 01:00,0.0
10/10/2023 01:30,0.0
10/10/2023 02:00,0.0
10/10/2023 02:30,0.0
10/10/2023 03:00,0.0
10/10/2023 03:30,0.0
10/10/2023 04:00,0.0
10/10/2023 04:30,0.0
10/10/2023 05:00,0.0
10/10/2023 05:30,0.0
10/10/2023 06:00,0.0
10/10/2023 06:30,0.0
10/10/2023 07:00,0.0
10/10/2023 07:30,0.0
10/10/2023 08:00,0.0
10/10/2023 08:30,0.0
10/10/2023 09:00,0.0
10/10/2023 09:30,0.0
10/10/2023 10:00,0.0
10/10/2023 10:30,0.0
10/10/2023 11:00,0.0
10/10/2023 11:30,0.0
10/10/2023 12:00,0.0
10/10/2023 12:30,0.0
10/10/2023 13:00,0.0
10/10/2023 13:30,0.0
10/10/2023 14:00,0.0
10/10/2023 14:30,0.0
10/10/2023 15:00,0.0
10/10/2023 15:30,0.0
10/10/2023 16:00,0.0
10/10/2023 16:30,0.0
10/10/2023 17:00,0.0
10/10/2023 17:30,0.0
10/10/2023 18:00,0.0
10/10/2023 18:30,0.0
10/10/2023 19:00,0.0
10/10/2023 19:30,0.0
10/10/2023 20:00,0.0
10/10/2023 20:30,0.0
10/10/2023 21:00,0.0
10/10/2023 21:30,0.0
10/10/2023 22:00,0.0
10/10/2023 22:30,0.0
10/10/2023 23:00,0.0
10/10/2023 23:30,0.0
10/11/2023 00:00,0.0
10/11/2023 00:30,0.0
10/11/2023 01:00,0.0
10/11/2023 01:30,0.0
10/11/2023 02:00,0.0
10/11/2023 02:30,0.0
10/11/2023 03:00,0.0
10/11/2023 03:30,0.0
10/11/2023 04:00,0.0
10/11/2023 04:30,0.0
10/11/2023 05:00,0.0
10/11/2023 05:30,0.0
10/11/2023 06:00,0.0
10/11/2023 06:30,0.0
10/11/2023 07:00,0.0
10/11/2023 07:30,0.0
10/11/2023 08:00,0.0
10/11/2023 08:30,0.0
10/11/2023 09:00,0.0
10/11/2023 09:30,0.0
10/11/2023 10:00,0.0
10/11/2023 10:30,0.0
10/11/2023 11:00,0.0
10/11/2023 11:30,0.0
10/11/2023 12:00,0.0
10/11/2023 12:30,0.0
10/11/2023 13:00,0.0
10/11/2023 13:30,0.0
10/11/2023 14:00,0.0
10/11/2023 14:30,0.0
10/11/2023 15:00,0.0
10/11/2023 15:30,0.0
10/11/2023 16:00,0.0
10/11/2023 16:30,0.0
10/11/2023 17:00,0.0
10/11/2023 17:30,0.0
10/11/2023 18:00,0.0
10/11/2023 18:30,0.0
10/11/2023 19:00,0.0
10/11/2023 19:30,0.0
10/11/2023 20:00,0.0
10/11/2023 20:30,0.0
10/11/2023 21:00,0.0
10/11/2023 21:30,0.0
10/11/2023 22:00,0.0
10/11/2023 22:30,0.0
10/11/2023 23:00,0.0
10/11/2023 23:30,0.0
10/12/2023 00:00,0.0
10/12/2023 00:30,0.0
10/12/2023 01:00,0.0
10/12/2023 01:30,0.0
10/12/2023 02:00,0.0
10/12/2023 02:30,0.0
10/12/2023 03:00,0.0
10/12/2023 03:30,0.0
10/12/2023 04:00,0.0
10/12/2023 04:30,0.0
10/12/2023 05:00,0.0
10/12/2023 05:30,0.0
10/12/2023 06:00,0.0
10/12/2023 06:30,0.0
10/12/2023 07:00,0.0
10/12/2023 07:30,0.0
10/12/2023 08:00,0.0
10/12/2023 08:30,0.0
10/12/2023 09:00,0.0
10/12/2023 09:30,0.0
10/12/2023 10:00,0.0
10/12/2023 10:30,0.0
10/12/2023 11:00,0.0
10/12/2023 11:30,0.0
10/12/2023 12:00,0.0
10/12/2023 12:30,0.0
10/12/2023 13:00,0.0
10/12/2023 13:30,0.0
10/12/2023 14:00,0.0
10/12/2023 14:30,0.0
10/12/2023 15:00,0.0
10/12/2023 15:30,0.0
10/12/2023 16:00,0.0
10/12/2023 16:30,0.0
10/12/2023 17:00,0.0
10/12/2023 17:30,0.0
10/12/2023 18:00,0.0
10/12/2023 18:30,0.0
10/12/2023 19:00,0.0
10/12/2023 19:30,0.0
10/12/2023 20:00,0.0
10/12/2023 20:30,0.0
10/12/2023 21:00,0.0
10/12/2023 21:30,0.0
10/12/2023 22:00,0.0
10/12/2023 22:30,0.0
10/12/2023 23:00,0.0
10/12/2023 23:30,0.0
10/13/2023 00:00,0.0
10/13/2023 00:30,0.0
10/13/2023 01:00,0.0
10/13/2023 01:30,0.0
10/13/2023 02:00,0.0
10/13/2023 02:30,0.0
10/13/2023 03:00,0.0
10/13/2023 03:30,0.0
10/13/2023 04:00,0.0
10/13/2023 04:30,0.0
10/13/2023 05:00,0.0
10/13/2023 05:30,0.0
10/13/2023 06:00,0.0
10/13/2023 06:30,0.0
10/13/2023 07:00,0.0
10/13/2023 07:30,0.0
10/13/2023 08:00,0.0
10/13/2023 08:30,0.0
10/13/2023 09:00,0.0
10/13/2023 09:30,0.0
10/13/2023 10:00,0.0
10/13/2023 10:30,0.0
10/13/2023 11:00,0.0
10/13/2023 11:30,0.0
10/13/2023 12:00,0.0
10/13/2023 12:30,0.0
10/13/2023 13:00,0.0
10/13/2023 13:30,0.0
10/13/2023 14:00,0.0
10/13/2023 14:30,0.0
10/13/2023 15:00,0.0
10/13/2023 15:30,0.0
10/13/2023 16:00,0.0
10/13/2023 16:30,0.0
10/13/2023 17:00,0.0
10/13/2023 17:30,0.0
10/13/2023 18:00,0.0
10/13/2023 18:30,0.0
10/13/2023 19:00,0.0
10/13/2023 19:30,0.0
10/13/2023 20:00,0.0
10/13/2023 20:30,0.0
10/13/2023 21:00,0.0
10/13/2023 21:30,0.0
10/13/2023 22:00,0.0
10/13/2023 22:30,0.0
10/13/2023 23:00,0.0
10/13/2023 23:30,0.0
10/14/2023 00:00,0.0
10/14/2023 00:30,0.0
10/14/2023 01:00,0.0
10/14/2023 01:30,0.0
10/14/2023 02:00,0.0
10/14/2023 02:30,0.0
10/14/2023 03:00,0.0
10/14/2023 03:30,0.0
10/14/2023 04:00,0.0
10/14/2023 04:30,0.0
10/14/2023 05:00,0.0
10/14/2023 05:30,0.0
10/14/2023 06:00,0.0
10/14/2023 06:30,0.0
10/14/2023 07:00,0.0
10/14/2023 07:30,0.0
10/14/2023 08:00,0.0
10/14/2023 08:30,0.0
10/14/2023 09:00,0.0
10/14/2023 09:30,0.0
10/14/2023 10:00,0.0
10/14/2023 10:30,0.0
10/14/2023 11:00,0.0
10/14/2023 11:30,0.0
10/14/2023 12:00,0.0
10/14/2023 12:30,0.0
10/14/2023 13:00,0.0
10/14/2023 13:30,0.0
10/14/2023 14:00,0.0
10/14/2023 14:30,0.0
10/14/2023 15:00,0.0
10/14/2023 15:30,0.0
10/14/2023 16:00,0.0
10/14/2023 16:30,0.0
10/14/2023 17:00,0.0
10/14/2023 17:30,0.0
10/14/2023 18:00,0.0
10/14/2023 18:30,0.0
10/14/2023 19:00,0.0
10/14/2023 19:30,0.0
10/14/2023 20:00,0.0
10/14/2023 20:30,0.0
10/14/2023 21:00,0.0
10/14/2023 21:30,0.0
10/14/2023 22:00,0.0
10/14/2023 22:30,0.0
10/14/2023 23:00,0.0
10/14/2023 23:30,0.0
10/15/2023 00:00,0.0
10/15/2023 00:30,0.0
10/15/2023 01:00,0.0
10/15/2023 01:30,0.0
10/15/2023 02:00,0.0
10/15/2023 02:30,0.0
10/15/2023 03:00,0.0
10/15/2023 03:30,0.0
10/15/2023 04:00,0.0
10/15/2023 04:30,0.0
10/15/2023 05:00,0.0
10/15/2023 05:30,0.0
10/15/2023 06:00,0.0
10/15/2023 06:30,0.0
10/15/2023 07:00,0.0
10/15/2023 07:30,0.0
10/15/2023 08:00,0.0
10/15/2023 08:30,0.0
10/15/2023 09:00,0.0
10/15/2023 09:30,0.0
10/15/2023 10:00,0.0
10/15/2023 10:30,0.0
10/15/2023 11:00,0.0
10/15/2023 11:30,0.0
10/15/2023 12:00,0.0
10/15/2023 12:30,0.0
10/15/2023 13:00,0.0
10/15/2023 13:30,0.0
10/15/2023 14:00,0.0
10/15/2023 14:30,0.0
10/15/2023 15:00,0.0
10/15/2023 15:30,0.0
10/15/2023 16:00,0.0
10/15/2023 16:30,0.0
10/15/2023 17:00,0.0
10/15/2023 17:30,0.0
10/15/2023 18:00,0.0
10/15/2023 18:30,0.0
10/15/2023 19:00,0.0
10/15/2023 19:30,0.0
10/15/2023 20:00,0.0
10/15/2023 20:30,0.0
10/15/2023 21:00,0.0
10/15/2023 21:30,0.0
10/15/2023 22:00,0.0
10/15/2023 22:30,0.0
10/15/2023 23:00,0.0
10/15/2023 23:30,0.0
10/16/2023 00:00,0.0
10/16/2023 00:30,0.0
10/16/2023 01:00,0.0
10/16/2023 01:30,0.0
10/16/2023 02:00,0.0
10/16/2023 02:30,0.0
10/16/2023 03:00,0.0
10/16/2023 03:30,0.0
10/16/2023 04:00,0.0
10/16/2023 04:30,0.0
10/16/2023 05:00,0.0
10/16/2023 05:30,0.0
10/16/2023 06:00,0.0
10/16/2023 06:30,0.0
10/16/2023 07:00,0.0
10/16/2023 07:30,0.0
10/16/2023 08:00,0.0
10/16/2023 08:30,0.0
10/16/2023 09:00,0.0
10/16/2023 09:30,0.0
10/16/2023 10:00,0.0
10/16/2023 10:30,0.0
10/16/2023 11:00,0.0
10/16/2023 11:30,0.0
10/16/2023 12:00,0.0
10/16/2023 12:30,0.0
10/16/2023 13:00,0.0
10/16/2023 13:30,0.0
10/16/2023 14:00,0.0
10/16/2023 14:30,0.0
10/16/2023 15:00,0.0
10/16/2023 15:30,0.0
10/16/2023 16:00,0.0
10/16/2023 16:30,0.0
10/16/2023 17:00,0.0
10/16/2023 17:30,0.0
10/16/2023 18:00,0.0
10/16/2023 18:30,0.0
10/16/2023 19:00,0.0
10/16/2023 19:30,0.0
10/16/2023 20:00,0.0
10/16/2023 20:30,0.0
10/16/2023 21:00,0.0
10/16/2023 21:30,0.0
10/16/2023 22:00,0.0
10/16/2023 22:30,0.0
10/16/2023 23:00,0.0
10/16/2023 23:30,0.0
10/17/2023 00:00,0.0
10/17/2023 00:30,0.0
10/17/2023 01:00,0.0
10/17/2023 01:30,0.0
10/17/2023 02:00,0.0
10/17/2023 02:30,0.0
10/17/2023 03:00,0.0
10/17/2023 03:30,0.0
10/17/2023 04:00,0.0
10/17/2023 04:30,0.0
10/17/2023 05:00,0.0
10/17/2023 05:30,0.0
10/17/2023 06:00,0.0
10/17/2023 06:30,0.0
10/17/2023 07:00,0.0
10/17/2023 07:30,0.0
10/17/2023 08:00,0.0
10/17/2023 08:30,0.0
10/17/2023 09:00,0.0
10/17/2023 09:30,0.0
10/17/2023 10:00,0.0
10/17/2023 10:30,0.0
10/17/2023 11:00,0.0
10/17/2023 11:30,0.0
10/17/2023 12:00,0.0
10/17/2023 12:30,0.0
10/17/2023 13:00,0.0
10/17/2023 13:30,0.0
10/17/2023 14:00,0.0
10/17/2023 14:30,0.0
10/17/2023 15:00,0.0
10/17/2023 15:30,0.0
10/17/2023 16:00,0.0
10/17/2023 16:30,0.0
10/17/2023 17:00,0.0
10/17/2023 17:30,0.0
10/17/2023 18:00,0.0
10/17/2023 18:30,0.0
10/17/2023 19:00,0.0
10/17/2023 19:30,0.0
10/17/2023 20:00,0.0
10/17/2023 20:30,0.0
10/17/2023 21:00,0.0
10/17/2023 21:30,0.0
10/17/2023 22:00,0.0
10/17/2023 22:30,0.0
10/17/2023 23:00,0.0
10/17/2023 23:30,0.0
10/18/2023 00:00,0.0
10/18/2023 00:30,0.0
10/18/2023 01:00,0.0
10/18/2023 01:30,0.0
10/18/2023 02:00,0.0
10/18/2023 02:30,0.0
10/18/2023 03:00,0.0
10/18/2023 03:30,0.0
10/18/2023 04:00,0.0
10/18/2023 04:30,0.0
10/18/2023 05:00,0.0
10/18/2023 05:30,0.0
10/18/2023 06:00,0.0
10/18/2023 06:30,0.0
10/18/2023 07:00,0.0
10/18/2023 07:30,0.0
10/18/2023 08:00,0.0
10/18/2023 08:30,0.0
10/18/2023 09:00,0.0
10/18/2023 09:30,0.0
10/18/2023 10:00,0.0
10/18/2023 10:30,0.0
10/18/2023 11:00,0.0
10/18/2023 11:30,0.0
10/18/2023 12:00,0.0
10/18/2023 12:30,0.0
10/18/2023 13:00,0.0
10/18/2023 13:30,0.0
10/18/2023 14:00,0.0
10/18/2023 14:30,0.0
10/18/2023 15:00,0.0
10/18/2023 15:30,0.0
10/18/2023 16:00,0.0
10/18/2023 16:30,0.0
10/18/2023 17:00,0.0
10/18/2023 17:30,0.0
10/18/2023 18:00,0.0
10/18/2023 18:30,0.0
10/18/2023 19:00,0.0
10/18/2023 19:30,0.0
10/18/2023 20:00,0.0
10/18/2023 20:30,0.0
10/18/2023 21:00,0.0
10/18/2023 21:30,0.0
10/18/2023 22:00,0.0
10/18/2023 22:30,0.0
10/18/2023 23:00,0.0
10/18/2023 23:30,0.0
10/19/2023 00:00,0.0
10/19/2023 00:30,0.0
10/19/2023 01:00,0.0
10/19/2023 01:30,0.0
10/19/2023 02:00,0.0
10/19/2023 02:30,0.0
10/19/2023 03:00,0.0
10/19/2023 03:30,0.0
10/19/2023 04:00,0.0
10/19/2023 04:30,0.0
10/19/2023 05:00,0.0
10/19/2023 05:30,0.0
10/19/2023 06:00,0.0
10/19/2023 06:30,0.0
10/19/2023 07:00,0.0
10/19/2023 07:30,0.0
10/19/2023 08:00,0.0
10/19/2023 08:30,0.0
10/19/2023 09:00,0.0
10/19/2023 09:30,0.0
10/19/2023 10:00,0.0
10/19/2023 10:30,0.0
10/19/2023 11:00,0.0
10/19/2023 11:30,0.0
10/19/2023 12:00,0.0
10/19/2023 12:30,0.0
10/19/2023 13:00,0.0
10/19/2023 13:30,0.0
10/19/2023 14:00,0.0
10/19/2023 14:30,0.0
10/19/2023 15:00,0.0
10/19/2023 15:30,0.0
10/19/2023 16:00,0.0
10/19/2023 16:30,0.0
10/19/2023 17:00,0.0
10/19/2023 17:30,0.0
10/19/2023 18:00,0.0
10/19/2023 18:30,0.0
10/19/2023 19:00,0.0
10/19/2023 19:30,0.0
10/19/2023 20:00,0.0
10/19/2023 20:30,0.0
10/19/2023 21:00,0.0
10/19/2023 21:30,0.0
10/19/2023 22:00,0.0
10/19/2023 22:30,0.0
10/19/2023 23:00,0.0
10/19/2023 23:30,0.0
10/20/2023 00:00,0.0
10/20/2023 00:30,0.0
10/20/2023 01:00,0.0
10/20/2023 01:30,0.0
10/20/2023 02:00,0.0
10/20/2023 02:30,0.0
10/20/2023 03:00,0.0
10/20/2023 03:30,0.0
10/20/2023 04:00,0.0
10/20/2023 04:30,0.0
10/20/2023 05:00,0.0
10/20/2023 05:30,0.0
10/20/2023 06:00,0.0
10/20/2023 06:30,0.0
10/20/2023 07:00,0.0
10/20/2023 07:30,0.0
10/20/2023 08:00,0.0
10/20/2023 08:30,0.0
10/20/2023 09:00,0.0
10/20/2023 09:30,0.0
10/20/2023 10:00,0.0
10/20/2023 10:30,0.0
10/20/2023 11:00,0.0
10/20/2023 11:30,0.0
10/20/2023 12:00,0.0
10/20/2023 12:30,0.0
10/20/2023 13:00,0.0
10/20/2023 13:30,0.0
10/20/2023 14:00,0.0
10/20/2023 14:30,0.0
10/20/2023 15:00,0.0
10/20/2023 15:30,0.0
10/20/2023 16:00,0.0
10/20/2023 16:30,0.0
10/20/2023 17:00,0.0
10/20/2023 17:30,0.0
10/20/2023 18:00,0.0
10/20/2023 18:30,0.0
10/20/2023 19:00,0.0
10/20/2023 19:30,0.0
10/20/2023 20:00,0.0
10/20/2023 20:30,0.0
10/20/2023 21:00,0.0
10/20/2023 21:30,0.0
10/20/2023 22:00,0.0
10/20/2023 22:30,0.0
10/20/2023 23:00,0.0
10/20/2023 23:30,0.0
10/21/2023 00:00,0.0
10/21/2023 00:30,0.0
10/21/2023 01:00,0.0
10/21/2023 01:30,0.0
10/21/2023 02:00,0.0
10/21/2023 02:30,0.0
10/21/2023 03:00,0.0
10/21/2023 03:30,0.0
10/21/2023 04:00,0.0
10/21/2023 04:30,0.0
10/21/2023 05:00,0.0
10/21/2023 05:30,0.0
10/21/2023 06:00,0.0
10/21/2023 06:30,0.0
10/21/2023 07:00,0.0
10/21/2023 07:30,0.0
10/21/2023 08:00,0.0
10/21/2023 08:30,0.0
10/21/2023 09:00,0.0
10/21/2023 09:30,0.0
10/21/2023 10:00,0.0
10/21/2023 10:30,0.0
10/21/2023 11:00,0.0
10/21/2023 11:30,0.0
10/21/2023 12:00,0.0
10/21/2023 12:30,0.0
10/21/2023 13:00,0.0
10/21/2023 13:30,0.0
10/21/2023 14:00,0.0
10/21/2023 14:30,0.0
10/21/2023 15:00,0.0
10/21/2023 15:30,0.0
10/21/2023 16:00,0.0
10/21/2023 16:30,0.0
10/21/2023 17:00,0.0
10/21/2023 17:30,0.0
10/21/2023 18:00,0.0
10/21/2023 18:30,0.0
10/21/2023 19:00,0.0
10/21/2023 19:30,0.0
10/21/2023 20:00,0.0
10/21/2023 20:30,0.0
10/21/2023 21:00,0.0
10/21/2023 21:30,0.0
10/21/2023 22:00,0.0
10/21/2023 22:30,0.0
10/21/2023 23:00,0.0
10/21/2023 23:30,0.0
10/22/2023 00:00,0.0
10/22/2023 00:30,0.0
10/22/2023 01:00,0.0
10/22/2023 01:30,0.0
10/22/2023 02:00,0.0
10/22/2023 02:30,0.0
10/22/2023 03:00,0.0
10/22/2023 03:30,0.0
10/22/2023 04:00,0.0
10/22/2023 04:30,0.0
10/22/2023 05:00,0.0
10/22/2023 05:30,0.0
10/22/2023 06:00,0.0
10/22/2023 06:30,0.0
10/22/2023 07:00,0.0
10/22/2023 07:30,0.0
10/22/2023 08:00,0.0
10/22/2023 08:30,0.0
10/22/2023 09:00,0.0
10/22/2023 09:30,0.0
10/22/2023 10:00,0.0
10/22/2023 10:30,0.0
10/22/2023 11:00,0.0
10/22/2023 11:30,0.0
10/22/2023 12:00,0.0
10/22/2023 12:30,0.0
10/22/2023 13:00,0.0
10/22/2023 13:30,0.0
10/22/2023 14:00,0.0
10/22/2023 14:30,0.0
10/22/2023 15:00,0.0
10/22/2023 15:30,0.0
10/22/2023 16:00,0.0
10/22/2023 16:30,0.0
10/22/2023 17:00,0.0
10/22/2023 17:30,0.0
10/22/2023 18:00,0.0
10/22/2023 18:30,0.0
10/22/2023 19:00,0.0
10/22/2023 19:30,0.0
10/22/2023 20:00,0.0
10/22/2023 20:30,0.0
10/22/2023 21:00,0.0
10/22/2023 21:30,0.0
10/22/2023 22:00,0.0
10/22/2023 22:30,0.0
10/22/2023 23:00,0.0
10/22/2023 23:30,0.0
10/23/2023 00:00,0.0
10/23/2023 00:30,0.0
10/23/2023 01:00,0.0
10/23/2023 01:30,0.0
10/23/2023 02:00,0.0
10/23/2023 02:30,0.0
10/23/2023 03:00,0.0
10/23/2023 03:30,0.0
10/23/2023 04:00,0.0
10/23/2023 04:30,0.0
10/23/2023 05:00,0.0
10/23/2023 05:30,0.0
10/23/2023 06:00,0.0
10/23/2023 06:30,0.0
10/23/2023 07:00,0.0
10/23/2023 07:30,0.0
10/23/2023 08:00,0.0
10/23/2023 08:30,0.0
10/23/2023 09:00,0.0
10/23/2023 09:30,0.0
10/23/2023 10:00,0.0
10/23/2023 10:30,0.0
10/23/2023 11:00,0.0
10/23/2023 11:30,0.0
10/23/2023 12:00,0.0
10/23/2023 12:30,0.0
10/23/2023 13:00,0.0
10/23/2023 13:30,0.0
10/23/2023 14:00,0.0
10/23/2023 14:30,0.0
10/23/2023 15:00,0.0
10/23/2023 15:30,0.0
10/23/2023 16:00,0.0
10/23/2023 16:30,0.0
10/23/2023 17:00,0.0
10/23/2023 17:30,0.0
10/23/2023 18:00,0.0
10/23/2023 18:30,0.0
10/23/2023 19:00,0.0
10/23/2023 19:30,0.0
10/23/2023 20:00,0.0
10/23/2023 20:30,0.0
10/23/2023 21:00,0.0
10/23/2023 21:30,0.0
10/23/2023 22:00,0.0
10/23/2023 22:30,0.0
10/23/2023 23:00,0.0
10/23/2023 23:30,0.0
10/24/2023 00:00,0.0
10/24/2023 00:30,0.0
10/24/2023 01:00,0.0
10/24/2023 01:30,0.0
10/24/2023 02:00,0.0
10/24/2023 02:30,0.0
10/24/2023 03:00,0.0
10/24/2023 03:30,0.0
10/24/2023 04:00,0.0
10/24/2023 04:30,0.0
10/24/2023 05:00,0.0
10/24/2023 05:30,0.0
10/24/2023 06:00,0.0
10/24/2023 06:30,0.0
10/24/2023 07:00,0.0
10/24/2023 07:30,0.0
10/24/2023 08:00,0.0
10/24/2023 08:30,0.0
10/24/2023 09:00,0.0
10/24/2023 09:30,0.0
10/24/2023 10:00,0.0
10/24/2023 10:30,0.0
10/24/2023 11:00,0.0
10/24/2023 11:30,0.0
10/24/2023 12:00,0.0
10/24/2023 12:30,0.0
10/24/2023 13:00,0.0
10/24/2023 13:30,0.0
10/24/2023 14:00,0.0
10/24/2023 14:30,0.0
10/24/2023 15:00,0.0
10/24/2023 15:30,0.0
10/24/2023 16:00,0.0
10/24/2023 16:30,0.0
10/24/2023 17:00,0.0
10/24/2023 17:30,0.0
10/24/2023 18:00,0.0
10/24/2023 18:30,0.0
10/24/2023 19:00,0.0
10/24/2023 19:30,0.0
10/24/2023 20:00,0.0
10/24/2023 20:30,0.0
10/24/2023 21:00,0.0
10/24/2023 21:30,0.0
10/24/2023 22:00,0.0
10/24/2023 22:30,0.0
10/24/2023 23:00,0.0
10/24/2023 23:30,0.0
10/25/2023 00:00,0.0
10/25/2023 00:30,0.0
10/25/2023 01:00,0.0
10/25/2023 01:30,0.0
10/25/2023 02:00,0.0
10/25/2023 02:30,0.0
10/25/2023 03:00,0.0
10/25/2023 03:30,0.0
10/25/2023 04:00,0.0
10/25/2023 04:30,0.0
10/25/2023 05:00,0.0
10/25/2023 05:30,0.0
10/25/2023 06:00,0.0
10/25/2023 06:30,0.0
10/25/2023 07:00,0.0
10/25/2023 07:30,0.0
10/25/2023 08:00,0.0
10/25/2023 08:30,0.0
10/25/2023 09:00,0.0
10/25/2023 09:30,0.0
10/25/2023 10:00,0.0
10/25/2023 10:30,0.0
10/25/2023 11:00,0.0
10/25/2023 11:30,0.0
10/25/2023 12:00,0.0
10/25/2023 12:30,0.0
10/25/2023 13:00,0.0
10/25/2023 13:30,0.0
10/25/2023 14:00,0.0
10/25/2023 14:30,0.0
10/25/2023 15:00,0.0
10/25/2023 15:30,0.0
10/25/2023 16:00,0.0
10/25/2023 16:30,0.0
10/25/2023 17:00,0.0
10/25/2023 17:30,0.0
10/25/2023 18:00,0.0
10/25/2023 18:30,0.0
10/25/2023 19:00,0.0
10/25/2023 19:30,0.0
10/25/2023 20:00,0.0
10/25/2023 20:30,0.0
10/25/2023 21:00,0.0
10/25/2023 21:30,0.0
10/25/2023 22:00,0.0
10/25/2023 22:30,0.0
10/25/2023 23:00,0.0
10/25/2023 23:30,0.0
10/26/2023 00:00,0.0
10/26/2023 00:30,0.0
10/26/2023 01:00,0.0
10/26/2023 01:30,0.0
10/26/2023 02:00,0.0
10/26/2023 02:30,0.0
10/26/2023 03:00,0.0
10/26/2023 03:30,0.0
10/26/2023 04:00,0.0
10/26/2023 04:30,0.0
10/26/2023 05:00,0.0
10/26/2023 05:30,0.0
10/26/2023 06:00,0.0
10/26/2023 06:30,0.0
10/26/2023 07:00,0.0
10/26/2023 07:30,0.0
10/26/2023 08:00,0.0
10/26/2023 08:30,0.0
10/26/2023 09:00,0.0
10/26/2023 09:30,0.0
10/26/2023 10:00,0.0
10/26/2023 10:30,0.0
10/26/2023 11:00,0.0
10/26/2023 11:30,0.0
10/26/2023 12:00,0.0
10/26/2023 12:30,0.0
10/26/2023 13:00,0.0
10/26/2023 13:30,0.0
10/26/2023 14:00,0.0
10/26/2023 14:30,0.0
10/26/2023 15:00,0.0
10/26/2023 15:30,0.0
10/26/2023 16:00,0.0
10/26/2023 16:30,0.0
10/26/2023 17:00,0.0
10/26/2023 17:30,0.0
10/26/2023 18:00,0.0
10/26/2023 18:30,0.0
10/26/2023 19:00,0.0
10/26/2023 19:30,0.0
10/26/2023 20:00,0.0
10/26/2023 20:30,0.0
10/26/2023 21:00,0.0
10/26/2023 21:30,0.0
10/26/2023 22:00,0.0
10/26/2023 22:30,0.0
10/26/2023 23:00,0.0
10/26/2023 23:30,0.0
10/27/2023 00:00,0.0
10/27/2023 00:30,0.0
10/27/2023 01:00,0.0
10/27/2023 01:30,0.0
10/27/2023 02:00,0.0
10/27/2023 02:30,0.0
10/27/2023 03:00,0.0
10/27/2023 03:30,0.0
10/27/2023 04:00,0.0
10/27/2023 04:30,0.0
10/27/2023 05:00,0.0
10/27/2023 05:30,0.0
10/27/2023 06:00,0.0
10/27/2023 06:30,0.0
10/27/2023 07:00,0.0
10/27/2023 07:30,0.0
10/27/2023 08:00,0.0
10/27/2023 08:30,0.0
10/27/2023 09:00,0.0
10/27/2023 09:30,0.0
10/27/2023 10:00,0.0
10/27/2023 10:30,0.0
10/27/2023 11:00,0.0
10/27/2023 11:30,0.0
10/27/2023 12:00,0.0
10/27/2023 12:30,0.0
10/27/2023 13:00,0.0
10/27/2023 13:30,0.0
10/27/2023 14:00,0.0
10/27/2023 14:30,0.0
10/27/2023 15:00,0.0
10/27/2023 15:30,0.0
10/27/2023 16:00,0.0
10/27/2023 16:30,0.0
10/27/2023 17:00,0.0
10/27/2023 17:30,0.0
10/27/2023 18:00,0.0
10/27/2023 18:30,0.0
10/27/2023 19:00,0.0
10/27/2023 19:30,0.0
10/27/2023 20:00,0.0
10/27/2023 20:30,0.0
10/27/2023 21:00,0.0
10/27/2023 21:30,0.0
10/27/2023 22:00,0.0
10/27/2023 22:30,0.0
10/27/2023 23:00,0.0
10/27/2023 23:30,0.0
10/28/2023 00:00,0.0
10/28/2023 00:30,0.0
10/28/2023 01:00,0.0
10/28/2023 01:30,0.0
10/28/2023 02:00,0.0
10/28/2023 02:30,0.0
10/28/2023 03:00,0.0
10/28/2023 03:30,0.0
10/28/2023 04:00,0.0
10/28/2023 04:30,0.0
10/28/2023 05:00,0.0
10/28/2023 05:30,0.0
10/28/2023 06:00,0.0
10/28/2023 06:30,0.0
10/28/2023 07:00,0.0
10/28/2023 07:30,0.0
10/28/2023 08:00,0.0
10/28/2023 08:30,0.0
10/28/2023 09:00,0.0
10/28/2023 09:30,0.0
10/28/2023 10:00,0.0
10/28/2023 10:30,0.0
10/28/2023 11:00,0.0
10/28/2023 11:30,0.0
10/28/2023 12:00,0.0
10/28/2023 12:30,0.0
10/28/2023 13:00,0.0
10/28/2023 13:30,0.0
10/28/2023 14:00,0.0
10/28/2023 14:30,0.0
10/28/2023 15:00,0.0
10/28/2023 15:30,0.0
10/28/2023 16:00,0.0
10/28/2023 16:30,0.0
10/28/2023 17:00,0.0
10/28/2023 17:30,0.0
10/28/2023 18:00,0.0
10/28/2023 18:30,0.0
10/28/2023 19:00,0.0
10/28/2023 19:30,0.0
10/28/2023 20:00,0.0
10/28/2023 20:30,0.0
10/28/2023 21:00,0.0
10/28/2023 21:30,0.0
10/28/2023 22:00,0.0
10/28/2023 22:30,0.0
10/28/2023 23:00,0.0
10/28/2023 23:30,0.0
10/29/2023 00:00,0.0
10/29/2023 00:30,0.0
10/29/2023 01:00,0.0
10/29/2023 01:30,0.0
10/29/2023 02:00,0.0
10/29/2023 02:30,0.0
10/29/2023 03:00,0.0
10/29/2023 03:30,0.0
10/29/2023 04:00,0.0
10/29/2023 04:30,0.0
10/29/2023 05:00,0.0
10/29/2023 05:30,0.0
10/29/2023 06:00,0.0
10/29/2023 06:30,0.0
10/29/2023 07:00,0.0
10/29/2023 07:30,0.0
10/29/2023 08:00,0.0
10/29/2023 08:30,0.0
10/29/2023 09:00,0.0
10/29/2023 09:30,0.0
10/29/2023 10:00,0.0
10/29/2023 10:30,0.0
10/29/2023 11:00,0.0
10/29/2023 11:30,0.0
10/29/2023 12:00,0.0
10/29/2023 12:30,0.0
10/29/2023 13:00,0.0
10/29/2023 13:30,0.0
10/29/2023 14:00,0.0
10/29/2023 14:30,0.0
10/29/2023 15:00,0.0
10/29/2023 15:30,0.0
10/29/2023 16:00,0.0
10/29/2023 16:30,0.0
10/29/2023 17:00,0.0
10/29/2023 17:30,0.0
10/29/2023 18:00,0.0
10/29/2023 18:30,0.0
10/29/2023 19:00,0.0
10/29/2023 19:30,0.0
10/29/2023 20:00,0.0
10/29/2023 20:30,0.0
10/29/2023 21:00,0.0
10/29/2023 21:30,0.0
10/29/2023 22:00,0.0
10/29/2023 22:30,0.0
10/29/2023 23:00,0.0
10/29/2023 23:30,0.0
10/30/2023 00:00,0.0
10/30/2023 00:30,0.0
10/30/2023 01:00,0.0
10/30/2023 01:30,0.0
10/30/2023 02:00,0.0
10/30/2023 02:30,0.0
10/30/2023 03:00,0.0
10/30/2023 03:30,0.0
10/30/2023 04:00,0.0
10/30/2023 04:30,0.0
10/30/2023 05:00,0.0
10/30/2023 05:30,0.0
10/30/2023 06:00,0.0
10/30/2023 06:30,0.0
10/30/2023 07:00,0.0
10/30/2023 07:30,0.0
10/30/2023 08:00,0.0
10/30/2023 08:30,0.0
10/30/2023 09:00,0.0
10/30/2023 09:30,0.0
10/30/2023 10:00,0.0
10/30/2023 10:30,0.0
10/30/2023 11:00,0.0
10/30/2023 11:30,0.0
10/30/2023 12:00,0.0
10/30/2023 12:30,0.0
10/30/2023 13:00,0.0
10/30/2023 13:30,0.0
10/30/2023 14:00,0.0
10/30/2023 14:30,0.0
10/30/2023 15:00,0.0
10/30/2023 15:30,0.0
10/30/2023 16:00,0.0
10/30/2023 16:30,0.0
10/30/2023 17:00,0.0
10/30/2023 17:30,0.0
10/30/2023 18:00,0.0
10/30/2023 18:30,0.0
10/30/2023 19:00,0.0
10/30/2023 19:30,0.0
10/30/2023 20:00,0.0
10/30/2023 20:30,0.0
10/30/2023 21:00,0.0
10/30/2023 21:30,0.0
10/30/2023 22:00,0.0
10/30/2023 22:30,0.0
10/30/2023 23:00,0.0
10/30/2023 23:30,0.0
10/31/2023 00:00,0.0
10/31/2023 00:30,0.0
10/31/2023 01:00,0.0
10/31/2023 01:30,0.0
10/31/2023 02:00,0.0
10/31/2023 02:30,0.0
10/31/2023 03:00,0.0
10/31/2023 03:30,0.0
10/31/2023 04:00,0.0
10/31/2023 04:30,0.0
10/31/2023 05:00,0.0
10/31/2023 05:30,0.0
10/31/2023 06:00,0.0
10/31/2023 06:30,0.0
10/31/2023 07:00,0.0
10/31/2023 07:30,0.0
10/31/2023 08:00,0.0
10/31/2023 08:30,0.0
10/31/2023 09:00,0.0
10/31/2023 09:30,0.0
10/31/2023 10:00,0.0
10/31/2023 10:30,0.0
10/31/2023 11:00,0.0
10/31/2023 11:30,0.0
10/31/2023 12:00,0.0
10/31/2023 12:30,0.0
10/31/2023 13:00,0.0
10/31/2023 13:30,0.0
10/31/2023 14:00,0.0
10/31/2023 14:30,0.0
10/31/2023 15:00,0.0
10/31/2023 15:30,0.0
10/31/2023 16:00,0.0
10/31/2023 16:30,0.0
10/31/2023 17:00,0.0
10/31/2023 17:30,0.0
10/31/2023 18:00,0.0
10/31/2023 18:30,0.0
10/31/2023 19:00,0.0
10/31/2023 19:30,0.0
10/31/2023 20:00,0.0
10/31/2023 20:30,0.0
10/31/2023 21:00,0.0
10/31/2023 21:30,0.0
10/31/2023 22:00,0.0
10/31/2023 22:30,0.0
10/31/2023 23:00,0.0
10/31/2023 23:30,0.0
11/01/2023 00:00,0.0
11/01/2023 00:30,0.0
11/01/2023 01:00,0.0
11/01/2023 01:30,0.0
11/01/2023 02:00,0.0
11/01/2023 02:30,0.0
11/01/2023 03:00,0.0
11/01/2023 03:30,0.0
11/01/2023 04:00,0.0
11/01/2023 04:30,0.0
11/01/2023 05:00,0.0
11/01/2023 05:30,0.0
11/01/2023 06:00,0.0
11/01/2023 06:30,0.0
11/01/2023 07:00,0.0
11/01/2023 07:30,0.0
11/01/2023 08:00,0.0
11/01/2023 08:30,0.0
11/01/2023 09:00,0.0
11/01/2023 09:30,0.0
11/01/2023 10:00,0.0
11/01/2023 10:30,0.0
11/01/2023 11:00,0.0
11/01/2023 11:30,0.0
11/01/2023 12:00,0.0
11/01/2023 12:30,0.0
11/01/2023 13:00,0.0
11/01/2023 13:30,0.0
11/01/2023 14:00,0.0
11/01/2023 14:30,0.0
11/01/2023 15:00,0.0
11/01/2023 15:30,0.0
11/01/2023 16:00,0.0
11/01/2023 16:30,0.0
11/01/2023 17:00,0.0
11/01/2023 17:30,0.0
11/01/2023 18:00,0.0
11/01/2023 18:30,0.0
11/01/2023 19:00,0.0
11/01/2023 19:30,0.0
11/01/2023 20:00,0.0
11/01/2023 20:30,0.0
11/01/2023 21:00,0.0
11/01/2023 21:30,0.0
11/01/2023 22:00,0.0
11/01/2023 22:30,0.0
11/01/2023 23:00,0.0
11/01/2023 23:30,0.0
11/02/2023 00:00,41.748
11/02/2023 00:00,101.363
11/02/2023 00:30,41.748
11/02/2023 00:30,101.363
11/02/2023 01:00,41.748
11/02/2023 01:00,101.363
11/02/2023 01:30,41.748
11/02/2023 01:30,101.363
11/02/2023 02:00,101.363
11/02/2023 02:00,41.748
11/02/2023 02:30,101.363
11/02/2023 02:30,41.748
11/02/2023 03:00,101.363
11/02/2023 03:00,41.748
11/02/2023 03:30,101.363
11/02/2023 03:30,41.748
11/02/2023 04:00,101.363
11/02/2023 04:00,41.748
11/02/2023 04:30,101.363
11/02/2023 04:30,41.748
11/02/2023 05:00,41.748
11/02/2023 05:00,101.363
11/02/2023 05:30,41.748
11/02/2023 05:30,101.363
11/02/2023 06:00,41.748
11/02/2023 06:00,101.363
11/02/2023 06:30,101.363
11/02/2023 06:30,41.748
11/02/2023 07:00,41.748
11/02/2023 07:00,101.363
11/02/2023 07:30,101.363
11/02/2023 07:30,41.748
11/02/2023 08:00,41.748
11/02/2023 08:00,101.363
11/02/2023 08:30,101.363
11/02/2023 08:30,41.748
11/02/2023 09:00,41.748
11/02/2023 09:00,101.363
11/02/2023 09:30,101.363
11/02/2023 09:30,41.748
11/02/2023 10:00,101.363
11/02/2023 10:00,41.748
11/02/2023 10:30,101.363
11/02/2023 10:30,41.748
11/02/2023 11:00,41.748
11/02/2023 11:00,101.363
11/02/2023 11:30,101.363
11/02/2023 11:30,41.748
11/02/2023 12:00,101.363
11/02/2023 12:00,41.748
11/02/2023 12:30,41.748
11/02/2023 12:30,101.363
11/02/2023 13:00,101.363
11/02/2023 13:00,41.748
11/02/2023 13:30,41.748
11/02/2023 13:30,101.363
11/02/2023 14:00,101.363
11/02/2023 14:00,41.748
11/02/2023 14:30,101.363
11/02/2023 14:30,41.748
11/02/2023 15:00,101.363
11/02/2023 15:00,41.748
11/02/2023 15:30,101.363
11/02/2023 15:30,41.748
11/02/2023 16:00,101.363
11/02/2023 16:00,41.748
11/02/2023 16:30,101.363
11/02/2023 16:30,41.748
11/02/2023 17:00,101.363
11/02/2023 17:00,41.748
11/02/2023 17:30,101.363
11/02/2023 17:30,41.748
11/02/2023 18:00,101.363
11/02/2023 18:00,41.748
11/02/2023 18:30,101.363
11/02/2023 18:30,41.748
11/02/2023 19:00,41.748
11/02/2023 19:00,101.363
11/02/2023 19:30,41.748
11/02/2023 19:30,101.363
11/02/2023 20:00,41.748
11/02/2023 20:00,101.363
11/02/2023 20:30,41.748
11/02/2023 20:30,101.363
11/02/2023 21:00,41.748
11/02/2023 21:00,101.363
11/02/2023 21:30,101.363
11/02/2023 21:30,41.748
11/02/2023 22:00,41.748
11/02/2023 22:00,101.363
11/02/2023 22:30,41.748
11/02/2023 22:30,101.363
11/02/2023 23:00,101.363
11/02/2023 23:00,41.748
11/02/2023 23:30,41.748
11/02/2023 23:30,101.363
11/03/2023 00:00,106.841
11/03/2023 00:30,106.841
11/03/2023 01:00,106.841
11/03/2023 01:30,106.841
11/03/2023 02:00,106.841
11/03/2023 02:30,106.841
11/03/2023 03:00,106.841
11/03/2023 03:30,106.841
11/03/2023 04:00,106.841
11/03/2023 04:30,106.841
11/03/2023 05:00,106.841
11/03/2023 05:30,106.841
11/03/2023 06:00,106.841
11/03/2023 06:30,106.841
11/03/2023 07:00,106.841
11/03/2023 07:30,106.841
11/03/2023 08:00,106.841
11/03/2023 08:30,106.841
11/03/2023 09:00,106.841
11/03/2023 09:30,106.841
11/03/2023 10:00,106.841
11/03/2023 10:30,106.841
11/03/2023 11:00,106.841
11/03/2023 11:30,106.841
11/03/2023 12:00,106.841
11/03/2023 12:30,106.841
11/03/2023 13:00,106.841
11/03/2023 13:30,106.841
11/03/2023 14:00,106.841
11/03/2023 14:30,106.841
11/03/2023 15:00,106.841
11/03/2023 15:30,106.841
11/03/2023 16:00,106.841
11/03/2023 16:30,106.841
11/03/2023 17:00,106.841
11/03/2023 17:30,106.841
11/03/2023 18:00,106.841
11/03/2023 18:30,106.841
11/03/2023 19:00,106.841
11/03/2023 19:30,106.841
11/03/2023 20:00,106.841
11/03/2023 20:30,106.841
11/03/2023 21:00,106.841
11/03/2023 21:30,106.841
11/03/2023 22:00,106.841
11/03/2023 22:30,106.841
11/03/2023 23:00,106.841
11/03/2023 23:30,106.841
11/04/2023 00:00,101.363
11/04/2023 00:30,101.363
11/04/2023 01:00,101.363
11/04/2023 01:30,101.363
11/04/2023 02:00,101.363
11/04/2023 02:30,101.363
11/04/2023 03:00,101.363
11/04/2023 03:30,101.363
11/04/2023 04:00,101.363
11/04/2023 04:30,101.363
11/04/2023 05:00,101.363
11/04/2023 05:30,101.363
11/04/2023 06:00,101.363
11/04/2023 06:30,101.363
11/04/2023 07:00,101.363
11/04/2023 07:30,101.363
11/04/2023 08:00,101.363
11/04/2023 08:30,101.363
11/04/2023 09:00,101.363
11/04/2023 09:30,101.363
11/04/2023 10:00,101.363
11/04/2023 10:30,101.363
11/04/2023 11:00,101.363
11/04/2023 11:30,101.363
11/04/2023 12:00,101.363
11/04/2023 12:30,101.363
11/04/2023 13:00,101.363
11/04/2023 13:30,101.363
11/04/2023 14:00,101.363
11/04/2023 14:30,101.363
11/04/2023 15:00,101.363
11/04/2023 15:30,101.363
11/04/2023 16:00,101.363
11/04/2023 16:30,101.363
11/04/2023 17:00,101.363
11/04/2023 17:30,101.363
11/04/2023 18:00,101.363
11/04/2023 18:30,101.363
11/04/2023 19:00,101.363
11/04/2023 19:30,101.363
11/04/2023 20:00,101.363
11/04/2023 20:30,101.363
11/04/2023 21:00,101.363
11/04/2023 21:30,101.363
11/04/2023 22:00,101.363
11/04/2023 22:30,101.363
11/04/2023 23:00,101.363
11/04/2023 23:30,101.363
11/05/2023 00:00,93.328
11/05/2023 00:30,93.328
11/05/2023 01:00,93.328
11/05/2023 01:30,93.328
11/05/2023 02:00,93.328
11/05/2023 02:30,93.328
11/05/2023 03:00,93.328
11/05/2023 03:30,93.328
11/05/2023 04:00,93.328
11/05/2023 04:30,93.328
11/05/2023 05:00,93.328
11/05/2023 05:30,93.328
11/05/2023 06:00,93.328
11/05/2023 06:30,93.328
11/05/2023 07:00,93.328
11/05/2023 07:30,93.328
11/05/2023 08:00,93.328
11/05/2023 08:30,93.328
11/05/2023 09:00,93.328
11/05/2023 09:30,93.328
11/05/2023 10:00,93.328
11/05/2023 10:30,93.328
11/05/2023 11:00,93.328
11/05/2023 11:30,93.328
11/05/2023 12:00,93.328
11/05/2023 12:30,93.328
11/05/2023 13:00,93.328
11/05/2023 13:30,93.328
11/05/2023 14:00,93.328
11/05/2023 14:30,93.328
11/05/2023 15:00,93.328
11/05/2023 15:30,93.328
11/05/2023 16:00,93.328
11/05/2023 16:30,93.328
11/05/2023 17:00,93.328
11/05/2023 17:30,93.328
11/05/2023 18:00,93.328
11/05/2023 18:30,93.328
11/05/2023 19:00,93.328
11/05/2023 19:30,93.328
11/05/2023 20:00,93.328
11/05/2023 20:30,93.328
11/05/2023 21:00,93.328
11/05/2023 21:30,93.328
11/05/2023 22:00,93.328
11/05/2023 22:30,93.328
11/05/2023 23:00,93.328
11/05/2023 23:30,93.328
11/06/2023 00:00,88.095
11/06/2023 00:30,88.095
11/06/2023 01:00,88.095
11/06/2023 01:30,88.095
11/06/2023 02:00,88.095
11/06/2023 02:30,88.095
11/06/2023 03:00,88.095
11/06/2023 03:30,88.095
11/06/2023 04:00,88.095
11/06/2023 04:30,88.095
11/06/2023 05:00,88.095
11/06/2023 05:30,88.095
11/06/2023 06:00,88.095
11/06/2023 06:30,88.095
11/06/2023 07:00,88.095
11/06/2023 07:30,88.095
11/06/2023 08:00,88.095
11/06/2023 08:30,88.095
11/06/2023 09:00,88.095
11/06/2023 09:30,88.095
11/06/2023 10:00,88.095
11/06/2023 10:30,88.095
11/06/2023 11:00,88.095
11/06/2023 11:30,88.095
11/06/2023 12:00,88.095
11/06/2023 12:30,88.095
11/06/2023 13:00,88.095
11/06/2023 13:30,88.095
11/06/2023 14:00,88.095
11/06/2023 14:30,88.095
11/06/2023 15:00,88.095
11/06/2023 15:30,88.095
11/06/2023 16:00,88.095
11/06/2023 16:30,88.095
11/06/2023 17:00,88.095
11/06/2023 17:30,88.095
11/06/2023 18:00,88.095
11/06/2023 18:30,88.095
11/06/2023 19:00,88.095
11/06/2023 19:30,88.095
11/06/2023 20:00,88.095
11/06/2023 20:30,88.095
11/06/2023 21:00,88.095
11/06/2023 21:30,88.095
11/06/2023 22:00,88.095
11/06/2023 22:30,88.095
11/06/2023 23:00,88.095
11/06/2023 23:30,88.095
11/07/2023 00:00,80.437
11/07/2023 00:30,80.437
11/07/2023 01:00,80.437
11/07/2023 01:30,80.437
11/07/2023 02:00,80.437
11/07/2023 02:30,80.437
11/07/2023 03:00,80.437
11/07/2023 03:30,80.437
11/07/2023 04:00,80.437
11/07/2023 04:30,80.437
11/07/2023 05:00,80.437
11/07/2023 05:30,80.437
11/07/2023 06:00,80.437
11/07/2023 06:30,80.437
11/07/2023 07:00,80.437
11/07/2023 07:30,80.437
11/07/2023 08:00,80.437
11/07/2023 08:30,80.437
11/07/2023 09:00,80.437
11/07/2023 09:30,80.437
11/07/2023 10:00,80.437
11/07/2023 10:30,80.437
11/07/2023 11:00,80.437
11/07/2023 11:30,80.437
11/07/2023 12:00,80.437
11/07/2023 12:30,80.437
11/07/2023 13:00,80.437
11/07/2023 13:30,80.437
11/07/2023 14:00,80.437
11/07/2023 14:30,80.437
11/07/2023 15:00,80.437
11/07/2023 15:30,80.437
11/07/2023 16:00,80.437
11/07/2023 16:30,80.437
11/07/2023 17:00,80.437
11/07/2023 17:30,80.437
11/07/2023 18:00,80.437
11/07/2023 18:30,80.437
11/07/2023 19:00,80.437
11/07/2023 19:30,80.437
11/07/2023 20:00,80.437
11/07/2023 20:30,80.437
11/07/2023 21:00,80.437
11/07/2023 21:30,80.437
11/07/2023 22:00,80.437
11/07/2023 22:30,80.437
11/07/2023 23:00,80.437
11/07/2023 23:30,80.437
11/08/2023 00:00,73.016
11/08/2023 00:30,73.016
11/08/2023 01:00,73.016
11/08/2023 01:30,73.016
11/08/2023 02:00,73.016
11/08/2023 02:30,73.016
11/08/2023 03:00,73.016
11/08/2023 03:30,73.016
11/08/2023 04:00,73.016
11/08/2023 04:30,73.016
11/08/2023 05:00,73.016
11/08/2023 05:30,73.016
11/08/2023 06:00,73.016
11/08/2023 06:30,73.016
11/08/2023 07:00,73.016
11/08/2023 07:30,73.016
11/08/2023 08:00,73.016
11/08/2023 08:30,73.016
11/08/2023 09:00,73.016
11/08/2023 09:30,73.016
11/08/2023 10:00,73.016
11/08/2023 10:30,73.016
11/08/2023 11:00,73.016
11/08/2023 11:30,73.016
11/08/2023 12:00,73.016
11/08/2023 12:30,73.016
11/08/2023 13:00,73.016
11/08/2023 13:30,73.016
11/08/2023 14:00,73.016
11/08/2023 14:30,73.016
11/08/2023 15:00,73.016
11/08/2023 15:30,73.016
11/08/2023 16:00,73.016
11/08/2023 16:30,73.016
11/08/2023 17:00,73.016
11/08/2023 17:30,73.016
11/08/2023 18:00,73.016
11/08/2023 18:30,73.016
11/08/2023 19:00,73.016
11/08/2023 19:30,73.016
11/08/2023 20:00,73.016
11/08/2023 20:30,73.016
11/08/2023 21:00,73.016
11/08/2023 21:30,73.016
11/08/2023 22:00,73.016
11/08/2023 22:30,73.016
11/08/2023 23:00,73.016
11/08/2023 23:30,73.016
11/09/2023 00:00,65.837
11/09/2023 00:30,65.837
11/09/2023 01:00,65.837
11/09/2023 01:30,65.837
11/09/2023 02:00,65.837
11/09/2023 02:30,65.837
11/09/2023 03:00,65.837
11/09/2023 03:30,65.837
11/09/2023 04:00,65.837
11/09/2023 04:30,65.837
11/09/2023 05:00,65.837
11/09/2023 05:30,65.837
11/09/2023 06:00,65.837
11/09/2023 06:30,65.837
11/09/2023 07:00,65.837
11/09/2023 07:30,65.837
11/09/2023 08:00,65.837
11/09/2023 08:30,65.837
11/09/2023 09:00,65.837
11/09/2023 09:30,65.837
11/09/2023 10:00,65.837
11/09/2023 10:30,65.837
11/09/2023 11:00,65.837
11/09/2023 11:30,65.837
11/09/2023 12:00,65.837
11/09/2023 12:30,65.837
11/09/2023 13:00,65.837
11/09/2023 13:30,65.837
11/09/2023 14:00,65.837
11/09/2023 14:30,65.837
11/09/2023 15:00,65.837
11/09/2023 15:30,65.837
11/09/2023 16:00,65.837
11/09/2023 16:30,65.837
11/09/2023 17:00,65.837
11/09/2023 17:30,65.837
11/09/2023 18:00,65.837
11/09/2023 18:30,65.837
11/09/2023 19:00,65.837
11/09/2023 19:30,65.837
11/09/2023 20:00,65.837
11/09/2023 20:30,65.837
11/09/2023 21:00,65.837
11/09/2023 21:30,65.837
11/09/2023 22:00,65.837
11/09/2023 22:30,65.837
11/09/2023 23:00,65.837
11/09/2023 23:30,65.837
11/10/2023 00:00,58.911
11/10/2023 00:30,58.911
11/10/2023 01:00,58.911
11/10/2023 01:30,58.911
11/10/2023 02:00,58.911
11/10/2023 02:30,58.911
11/10/2023 03:00,58.911
11/10/2023 03:30,58.911
11/10/2023 04:00,58.911
11/10/2023 04:30,58.911
11/10/2023 05:00,58.911
11/10/2023 05:30,58.911
11/10/2023 06:00,58.911
11/10/2023 06:30,58.911
11/10/2023 07:00,58.911
11/10/2023 07:30,58.911
11/10/2023 08:00,58.911
11/10/2023 08:30,58.911
11/10/2023 09:00,58.911
11/10/2023 09:30,58.911
11/10/2023 10:00,58.911
11/10/2023 10:30,58.911
11/10/2023 11:00,58.911
11/10/2023 11:30,58.911
11/10/2023 12:00,58.911
11/10/2023 12:30,58.911
11/10/2023 13:00,58.911
11/10/2023 13:30,58.911
11/10/2023 14:00,58.911
11/10/2023 14:30,58.911
11/10/2023 15:00,58.911
11/10/2023 15:30,58.911
11/10/2023 16:00,58.911
11/10/2023 16:30,58.911
11/10/2023 17:00,58.911
11/10/2023 17:30,58.911
11/10/2023 18:00,58.911
11/10/2023 18:30,58.911
11/10/2023 19:00,58.911
11/10/2023 19:30,58.911
11/10/2023 20:00,58.911
11/10/2023 20:30,58.911
11/10/2023 21:00,58.911
11/10/2023 21:30,58.911
11/10/2023 22:00,58.911
11/10/2023 22:30,58.911
11/10/2023 23:00,58.911
11/10/2023 23:30,58.911
11/11/2023 00:00,52.246
11/11/2023 00:30,52.246
11/11/2023 01:00,52.246
11/11/2023 01:30,52.246
11/11/2023 02:00,52.246
11/11/2023 02:30,52.246
11/11/2023 03:00,52.246
11/11/2023 03:30,52.246
11/11/2023 04:00,52.246
11/11/2023 04:30,52.246
11/11/2023 05:00,52.246
11/11/2023 05:30,52.246
11/11/2023 06:00,52.246
11/11/2023 06:30,52.246
11/11/2023 07:00,52.246
11/11/2023 07:30,52.246
11/11/2023 08:00,52.246
11/11/2023 08:30,52.246
11/11/2023 09:00,52.246
11/11/2023 09:30,52.246
11/11/2023 10:00,52.246
11/11/2023 10:30,52.246
11/11/2023 11:00,52.246
11/11/2023 11:30,52.246
11/11/2023 12:00,52.246
11/11/2023 12:30,52.246
11/11/2023 13:00,52.246
11/11/2023 13:30,52.246
11/11/2023 14:00,52.246
11/11/2023 14:30,52.246
11/11/2023 15:00,52.246
11/11/2023 15:30,52.246
11/11/2023 16:00,52.246
11/11/2023 16:30,52.246
11/11/2023 17:00,52.246
11/11/2023 17:30,52.246
11/11/2023 18:00,52.246
11/11/2023 18:30,52.246
11/11/2023 19:00,52.246
11/11/2023 19:30,52.246
11/11/2023 20:00,52.246
11/11/2023 20:30,52.246
11/11/2023 21:00,52.246
11/11/2023 21:30,52.246
11/11/2023 22:00,52.246
11/11/2023 22:30,52.246
11/11/2023 23:00,52.246
11/11/2023 23:30,52.246
11/12/2023 00:00,45.853
11/12/2023 00:30,45.853
11/12/2023 01:00,45.853
11/12/2023 01:30,45.853
11/12/2023 02:00,45.853
11/12/2023 02:30,45.853
11/12/2023 03:00,45.853
11/12/2023 03:30,45.853
11/12/2023 04:00,45.853
11/12/2023 04:30,45.853
11/12/2023 05:00,45.853
11/12/2023 05:30,45.853
11/12/2023 06:00,45.853
11/12/2023 06:30,45.853
11/12/2023 07:00,45.853
11/12/2023 07:30,45.853
11/12/2023 08:00,45.853
11/12/2023 08:30,45.853
11/12/2023 09:00,45.853
11/12/2023 09:30,45.853
11/12/2023 10:00,45.853
11/12/2023 10:30,45.853
11/12/2023 11:00,45.853
11/12/2023 11:30,45.853
11/12/2023 12:00,45.853
11/12/2023 12:30,45.853
11/12/2023 13:00,45.853
11/12/2023 13:30,45.853
11/12/2023 14:00,45.853
11/12/2023 14:30,45.853
11/12/2023 15:00,45.853
11/12/2023 15:30,45.853
11/12/2023 16:00,45.853
11/12/2023 16:30,45.853
11/12/2023 17:00,45.853
11/12/2023 17:30,45.853
11/12/2023 18:00,45.853
11/12/2023 18:30,45.853
11/12/2023 19:00,45.853
11/12/2023 19:30,45.853
11/12/2023 20:00,45.853
11/12/2023 20:30,45.853
11/12/2023 21:00,45.853
11/12/2023 21:30,45.853
11/12/2023 22:00,45.853
11/12/2023 22:30,45.853
11/12/2023 23:00,45.853
11/12/2023 23:30,45.853
11/13/2023 00:00,37.774
11/13/2023 00:30,37.774
11/13/2023 01:00,37.774
11/13/2023 01:30,37.774
11/13/2023 02:00,37.774
11/13/2023 02:30,37.774
11/13/2023 03:00,37.774
11/13/2023 03:30,37.774
11/13/2023 04:00,37.774
11/13/2023 04:30,37.774
11/13/2023 05:00,37.774
11/13/2023 05:30,37.774
11/13/2023 06:00,37.774
11/13/2023 06:30,37.774
11/13/2023 07:00,37.774
11/13/2023 07:30,37.774
11/13/2023 08:00,37.774
11/13/2023 08:30,37.774
11/13/2023 09:00,37.774
11/13/2023 09:30,37.774
11/13/2023 10:00,37.774
11/13/2023 10:30,37.774
11/13/2023 11:00,37.774
11/13/2023 11:30,37.774
11/13/2023 12:00,37.774
11/13/2023 12:30,37.774
11/13/2023 13:00,37.774
11/13/2023 13:30,37.774
11/13/2023 14:00,37.774
11/13/2023 14:30,37.774
11/13/2023 15:00,37.774
11/13/2023 15:30,37.774
11/13/2023 16:00,37.774
11/13/2023 16:30,37.774
11/13/2023 17:00,37.774
11/13/2023 17:30,37.774
11/13/2023 18:00,37.774
11/13/2023 18:30,37.774
11/13/2023 19:00,37.774
11/13/2023 19:30,37.774
11/13/2023 20:00,37.774
11/13/2023 20:30,37.774
11/13/2023 21:00,37.774
11/13/2023 21:30,37.774
11/13/2023 22:00,37.774
11/13/2023 22:30,37.774
11/13/2023 23:00,37.774
11/13/2023 23:30,37.774
11/14/2023 00:00,32.067
11/14/2023 00:30,32.067
11/14/2023 01:00,32.067
11/14/2023 01:30,32.067
11/14/2023 02:00,32.067
11/14/2023 02:30,32.067
11/14/2023 03:00,32.067
11/14/2023 03:30,32.067
11/14/2023 04:00,32.067
11/14/2023 04:30,32.067
11/14/2023 05:00,32.067
11/14/2023 05:30,32.067
11/14/2023 06:00,32.067
11/14/2023 06:30,32.067
11/14/2023 07:00,32.067
11/14/2023 07:30,32.067
11/14/2023 08:00,32.067
11/14/2023 08:30,32.067
11/14/2023 09:00,32.067
11/14/2023 09:30,32.067
11/14/2023 10:00,32.067
11/14/2023 10:30,32.067
11/14/2023 11:00,32.067
11/14/2023 11:30,32.067
11/14/2023 12:00,32.067
11/14/2023 12:30,32.067
11/14/2023 13:00,32.067
11/14/2023 13:30,32.067
11/14/2023 14:00,32.067
11/14/2023 14:30,32.067
11/14/2023 15:00,32.067
11/14/2023 15:30,32.067
11/14/2023 16:00,32.067
11/14/2023 16:30,32.067
11/14/2023 17:00,32.067
11/14/2023 17:30,32.067
11/14/2023 18:00,32.067
11/14/2023 18:30,32.067
11/14/2023 19:00,32.067
11/14/2023 19:30,32.067
11/14/2023 20:00,32.067
11/14/2023 20:30,32.067
11/14/2023 21:00,32.067
11/14/2023 21:30,32.067
11/14/2023 22:00,32.067
11/14/2023 22:30,32.067
11/14/2023 23:00,32.067
11/14/2023 23:30,32.067
11/15/2023 00:00,26.68
11/15/2023 00:00,26.68
11/15/2023 00:30,26.68
11/15/2023 00:30,26.68
11/15/2023 01:00,26.68
11/15/2023 01:00,26.68
11/15/2023 01:30,26.68
11/15/2023 01:30,26.68
11/15/2023 02:00,26.68
11/15/2023 02:00,26.68
11/15/2023 02:30,26.68
11/15/2023 02:30,26.68
11/15/2023 03:00,26.68
11/15/2023 03:00,26.68
11/15/2023 03:30,26.68
11/15/2023 03:30,26.68
11/15/2023 04:00,26.68
11/15/2023 04:00,26.68
11/15/2023 04:30,26.68
11/15/2023 04:30,26.68
11/15/2023 05:00,26.68
11/15/2023 05:00,26.68
11/15/2023 05:30,26.68
11/15/2023 05:30,26.68
11/15/2023 06:00,26.68
11/15/2023 06:00,26.68
11/15/2023 06:30,26.68
11/15/2023 06:30,26.68
11/15/2023 07:00,26.68
11/15/2023 07:00,26.68
11/15/2023 07:30,26.68
11/15/2023 07:30,26.68
11/15/2023 08:00,26.68
11/15/2023 08:00,26.68
11/15/2023 08:30,26.68
11/15/2023 08:30,26.68
11/15/2023 09:00,26.68
11/15/2023 09:00,26.68
11/15/2023 09:30,26.68
11/15/2023 09:30,26.68
11/15/2023 10:00,26.68
11/15/2023 10:00,26.68
11/15/2023 10:30,26.68
11/15/2023 10:30,26.68
11/15/2023 11:00,26.68
11/15/2023 11:00,26.68
11/15/2023 11:30,26.68
11/15/2023 11:30,26.68
11/15/2023 12:00,26.68
11/15/2023 12:00,26.68
11/15/2023 12:30,26.68
11/15/2023 12:30,26.68
11/15/2023 13:00,26.68
11/15/2023 13:00,26.68
11/15/2023 13:30,26.68
11/15/2023 13:30,26.68
11/15/2023 14:00,26.68
11/15/2023 14:00,26.68
11/15/2023 14:30,26.68
11/15/2023 14:30,26.68
11/15/2023 15:00,26.68
11/15/2023 15:00,26.68
11/15/2023 15:30,26.68
11/15/2023 15:30,26.68
11/15/2023 16:00,26.68
11/15/2023 16:00,26.68
11/15/2023 16:30,26.68
11/15/2023 16:30,26.68
11/15/2023 17:00,26.68
11/15/2023 17:00,26.68
11/15/2023 17:30,26.68
11/15/2023 17:30,26.68
11/15/2023 18:00,26.68
11/15/2023 18:00,26.68
11/15/2023 18:30,26.68
11/15/2023 18:30,26.68
11/15/2023 19:00,26.68
11/15/2023 19:00,26.68
11/15/2023 19:30,26.68
11/15/2023 19:30,26.68
11/15/2023 20:00,26.68
11/15/2023 20:00,26.68
11/15/2023 20:30,26.68
11/15/2023 20:30,26.68
11/15/2023 21:00,26.68
11/15/2023 21:00,26.68
11/15/2023 21:30,26.68
11/15/2023 21:30,26.68
11/15/2023 22:00,26.68
11/15/2023 22:00,26.68
11/15/2023 22:30,26.68
11/15/2023 22:30,26.68
11/15/2023 23:00,26.68
11/15/2023 23:00,26.68
11/15/2023 23:30,26.68
11/15/2023 23:30,26.68
11/16/2023 00:00,21.634
11/16/2023 00:30,21.634
11/16/2023 01:00,21.634
11/16/2023 01:30,21.634
11/16/2023 02:00,21.634
11/16/2023 02:30,21.634
11/16/2023 03:00,21.634
11/16/2023 03:30,21.634
11/16/2023 04:00,21.634
11/16/2023 04:30,21.634
11/16/2023 05:00,21.634
11/16/2023 05:30,21.634
11/16/2023 06:00,21.634
11/16/2023 06:30,21.634
11/16/2023 07:00,21.634
11/16/2023 07:30,21.634
11/16/2023 08:00,21.634
11/16/2023 08:30,21.634
11/16/2023 09:00,21.634
11/16/2023 09:30,21.634
11/16/2023 10:00,21.634
11/16/2023 10:30,21.634
11/16/2023 11:00,21.634
11/16/2023 11:30,21.634
11/16/2023 12:00,21.634
11/16/2023 12:30,21.634
11/16/2023 13:00,21.634
11/16/2023 13:30,21.634
11/16/2023 14:00,21.634
11/16/2023 14:30,21.634
11/16/2023 15:00,21.634
11/16/2023 15:30,21.634
11/16/2023 16:00,21.634
11/16/2023 16:30,21.634
11/16/2023 17:00,21.634
11/16/2023 17:30,21.634
11/16/2023 18:00,21.634
11/16/2023 18:30,21.634
11/16/2023 19:00,21.634
11/16/2023 19:30,21.634
11/16/2023 20:00,21.634
11/16/2023 20:30,21.634
11/16/2023 21:00,21.634
11/16/2023 21:30,21.634
11/16/2023 22:00,21.634
11/16/2023 22:30,21.634
11/16/2023 23:00,21.634
11/16/2023 23:30,21.634
11/17/2023 00:00,18.472
11/17/2023 00:00,15.48
11/17/2023 00:00,16.954
11/17/2023 00:00,20.032
11/17/2023 00:30,16.954
11/17/2023 00:30,20.032
11/17/2023 00:30,18.472
11/17/2023 00:30,15.48
11/17/2023 01:00,16.954
11/17/2023 01:00,20.032
11/17/2023 01:00,15.48
11/17/2023 01:00,18.472
11/17/2023 01:30,15.48
11/17/2023 01:30,18.472
11/17/2023 01:30,20.032
11/17/2023 01:30,16.954
11/17/2023 02:00,15.48
11/17/2023 02:00,16.954
11/17/2023 02:00,20.032
11/17/2023 02:00,18.472
11/17/2023 02:30,18.472
11/17/2023 02:30,15.48
11/17/2023 02:30,20.032
11/17/2023 02:30,16.954
11/17/2023 03:00,16.954
11/17/2023 03:00,15.48
11/17/2023 03:00,20.032
11/17/2023 03:00,18.472
11/17/2023 03:30,16.954
11/17/2023 03:30,20.032
11/17/2023 03:30,15.48
11/17/2023 03:30,18.472
11/17/2023 04:00,16.954
11/17/2023 04:00,18.472
11/17/2023 04:00,15.48
11/17/2023 04:00,20.032
11/17/2023 04:30,20.032
11/17/2023 04:30,18.472
11/17/2023 04:30,15.48
11/17/2023 04:30,16.954
11/17/2023 05:00,18.472
11/17/2023 05:00,20.032
11/17/2023 05:00,15.48
11/17/2023 05:00,16.954
11/17/2023 05:30,15.48
11/17/2023 05:30,20.032
11/17/2023 05:30,18.472
11/17/2023 05:30,16.954
11/17/2023 06:00,20.032
11/17/2023 06:00,15.48
11/17/2023 06:00,16.954
11/17/2023 06:00,18.472
11/17/2023 06:30,18.472
11/17/2023 06:30,15.48
11/17/2023 06:30,20.032
11/17/2023 06:30,16.954
11/17/2023 07:00,18.472
11/17/2023 07:00,20.032
11/17/2023 07:00,16.954
11/17/2023 07:00,15.48
11/17/2023 07:30,18.472
11/17/2023 07:30,20.032
11/17/2023 07:30,15.48
11/17/2023 07:30,16.954
11/17/2023 08:00,15.48
11/17/2023 08:00,18.472
11/17/2023 08:00,20.032
11/17/2023 08:00,16.954
11/17/2023 08:30,15.48
11/17/2023 08:30,16.954
11/17/2023 08:30,18.472
11/17/2023 08:30,20.032
11/17/2023 09:00,15.48
11/17/2023 09:00,16.954
11/17/2023 09:00,18.472
11/17/2023 09:00,20.032
11/17/2023 09:30,15.48
11/17/2023 09:30,16.954
11/17/2023 09:30,18.472
11/17/2023 09:30,20.032
11/17/2023 10:00,18.472
11/17/2023 10:00,20.032
11/17/2023 10:00,16.954
11/17/2023 10:00,15.48
11/17/2023 10:30,20.032
11/17/2023 10:30,18.472
11/17/2023 10:30,16.954
11/17/2023 10:30,15.48
11/17/2023 11:00,20.032
11/17/2023 11:00,16.954
11/17/2023 11:00,18.472
11/17/2023 11:00,15.48
11/17/2023 11:30,15.48
11/17/2023 11:30,20.032
11/17/2023 11:30,18.472
11/17/2023 11:30,16.954
11/17/2023 12:00,15.48
11/17/2023 12:00,16.954
11/17/2023 12:00,18.472
11/17/2023 12:00,20.032
11/17/2023 12:30,18.472
11/17/2023 12:30,16.954
11/17/2023 12:30,15.48
11/17/2023 12:30,20.032
11/17/2023 13:00,16.954
11/17/2023 13:00,18.472
11/17/2023 13:00,15.48
11/17/2023 13:00,20.032
11/17/2023 13:30,20.032
11/17/2023 13:30,18.472
11/17/2023 13:30,16.954
11/17/2023 13:30,15.48
11/17/2023 14:00,16.954
11/17/2023 14:00,20.032
11/17/2023 14:00,15.48
11/17/2023 14:00,18.472
11/17/2023 14:30,20.032
11/17/2023 14:30,18.472
11/17/2023 14:30,15.48
11/17/2023 14:30,16.954
11/17/2023 15:00,20.032
11/17/2023 15:00,18.472
11/17/2023 15:00,15.48
11/17/2023 15:00,16.954
11/17/2023 15:30,18.472
11/17/2023 15:30,15.48
11/17/2023 15:30,20.032
11/17/2023 15:30,16.954
11/17/2023 16:00,15.48
11/17/2023 16:00,20.032
11/17/2023 16:00,16.954
11/17/2023 16:00,18.472
11/17/2023 16:30,16.954
11/17/2023 16:30,20.032
11/17/2023 16:30,18.472
11/17/2023 16:30,15.48
11/17/2023 17:00,16.954
11/17/2023 17:00,20.032
11/17/2023 17:00,18.472
11/17/2023 17:00,15.48
11/17/2023 17:30,15.48
11/17/2023 17:30,16.954
11/17/2023 17:30,18.472
11/17/2023 17:30,20.032
11/17/2023 18:00,15.48
11/17/2023 18:00,18.472
11/17/2023 18:00,16.954
11/17/2023 18:00,20.032
11/17/2023 18:30,20.032
11/17/2023 18:30,18.472
11/17/2023 18:30,15.48
11/17/2023 18:30,16.954
11/17/2023 19:00,16.954
11/17/2023 19:00,15.48
11/17/2023 19:00,20.032
11/17/2023 19:00,18.472
11/17/2023 19:30,16.954
11/17/2023 19:30,15.48
11/17/2023 19:30,18.472
11/17/2023 19:30,20.032
11/17/2023 20:00,20.032
11/17/2023 20:00,15.48
11/17/2023 20:00,16.954
11/17/2023 20:00,18.472
11/17/2023 20:30,15.48
11/17/2023 20:30,16.954
11/17/2023 20:30,20.032
11/17/2023 20:30,18.472
11/17/2023 21:00,20.032
11/17/2023 21:00,15.48
11/17/2023 21:00,18.472
11/17/2023 21:00,16.954
11/17/2023 21:30,15.48
11/17/2023 21:30,20.032
11/17/2023 21:30,16.954
11/17/2023 21:30,18.472
11/17/2023 22:00,18.472
11/17/2023 22:00,20.032
11/17/2023 22:00,15.48
11/17/2023 22:00,16.954
11/17/2023 22:30,18.472
11/17/2023 22:30,15.48
11/17/2023 22:30,20.032
11/17/2023 22:30,16.954
11/17/2023 23:00,18.472
11/17/2023 23:00,15.48
11/17/2023 23:00,16.954
11/17/2023 23:00,20.032
11/17/2023 23:30,15.48
11/17/2023 23:30,20.032
11/17/2023 23:30,18.472
11/17/2023 23:30,16.954
11/18/2023 00:00,14.052
11/18/2023 00:00,14.052
11/18/2023 00:00,15.48
11/18/2023 00:00,15.48
11/18/2023 00:30,15.48
11/18/2023 00:30,15.48
11/18/2023 00:30,14.052
11/18/2023 00:30,14.052
11/18/2023 01:00,15.48
11/18/2023 01:00,15.48
11/18/2023 01:00,14.052
11/18/2023 01:00,14.052
11/18/2023 01:30,15.48
11/18/2023 01:30,14.052
11/18/2023 01:30,15.48
11/18/2023 01:30,14.052
11/18/2023 02:00,15.48
11/18/2023 02:00,15.48
11/18/2023 02:00,14.052
11/18/2023 02:00,14.052
11/18/2023 02:30,15.48
11/18/2023 02:30,14.052
11/18/2023 02:30,14.052
11/18/2023 02:30,15.48
11/18/2023 03:00,14.052
11/18/2023 03:00,14.052
11/18/2023 03:00,15.48
11/18/2023 03:00,15.48
11/18/2023 03:30,14.052
11/18/2023 03:30,15.48
11/18/2023 03:30,14.052
11/18/2023 03:30,15.48
11/18/2023 04:00,14.052
11/18/2023 04:00,15.48
11/18/2023 04:00,14.052
11/18/2023 04:00,15.48
11/18/2023 04:30,15.48
11/18/2023 04:30,14.052
11/18/2023 04:30,14.052
11/18/2023 04:30,15.48
11/18/2023 05:00,14.052
11/18/2023 05:00,14.052
11/18/2023 05:00,15.48
11/18/2023 05:00,15.48
11/18/2023 05:30,15.48
11/18/2023 05:30,14.052
11/18/2023 05:30,14.052
11/18/2023 05:30,15.48
11/18/2023 06:00,14.052
11/18/2023 06:00,14.052
11/18/2023 06:00,15.48
11/18/2023 06:00,15.48
11/18/2023 06:30,14.052
11/18/2023 06:30,14.052
11/18/2023 06:30,15.48
11/18/2023 06:30,15.48
11/18/2023 07:00,15.48
11/18/2023 07:00,14.052
11/18/2023 07:00,15.48
11/18/2023 07:00,14.052
11/18/2023 07:30,14.052
11/18/2023 07:30,15.48
11/18/2023 07:30,15.48
11/18/2023 07:30,14.052
11/18/2023 08:00,14.052
11/18/2023 08:00,15.48
11/18/2023 08:00,15.48
11/18/2023 08:00,14.052
11/18/2023 08:30,15.48
11/18/2023 08:30,14.052
11/18/2023 08:30,15.48
11/18/2023 08:30,14.052
11/18/2023 09:00,14.052
11/18/2023 09:00,14.052
11/18/2023 09:00,15.48
11/18/2023 09:00,15.48
11/18/2023 09:30,15.48
11/18/2023 09:30,15.48
11/18/2023 09:30,14.052
11/18/2023 09:30,14.052
11/18/2023 10:00,15.48
11/18/2023 10:00,14.052
11/18/2023 10:00,14.052
11/18/2023 10:00,15.48
11/18/2023 10:30,15.48
11/18/2023 10:30,14.052
11/18/2023 10:30,14.052
11/18/2023 10:30,15.48
11/18/2023 11:00,14.052
11/18/2023 11:00,15.48
11/18/2023 11:00,14.052
11/18/2023 11:00,15.48
11/18/2023 11:30,15.48
11/18/2023 11:30,14.052
11/18/2023 11:30,14.052
11/18/2023 11:30,15.48
11/18/2023 12:00,14.052
11/18/2023 12:00,14.052
11/18/2023 12:00,15.48
11/18/2023 12:00,15.48
11/18/2023 12:30,14.052
11/18/2023 12:30,15.48
11/18/2023 12:30,14.052
11/18/2023 12:30,15.48
11/18/2023 13:00,14.052
11/18/2023 13:00,14.052
11/18/2023 13:00,15.48
11/18/2023 13:00,15.48
11/18/2023 13:30,14.052
11/18/2023 13:30,15.48
11/18/2023 13:30,14.052
11/18/2023 13:30,15.48
11/18/2023 14:00,14.052
11/18/2023 14:00,15.48
11/18/2023 14:00,14.052
11/18/2023 14:00,15.48
11/18/2023 14:30,14.052
11/18/2023 14:30,15.48
11/18/2023 14:30,14.052
11/18/2023 14:30,15.48
11/18/2023 15:00,14.052
11/18/2023 15:00,14.052
11/18/2023 15:00,15.48
11/18/2023 15:00,15.48
11/18/2023 15:30,15.48
11/18/2023 15:30,15.48
11/18/2023 15:30,14.052
11/18/2023 15:30,14.052
11/18/2023 16:00,14.052
11/18/2023 16:00,14.052
11/18/2023 16:00,15.48
11/18/2023 16:00,15.48
11/18/2023 16:30,15.48
11/18/2023 16:30,15.48
11/18/2023 16:30,14.052
11/18/2023 16:30,14.052
11/18/2023 17:00,15.48
11/18/2023 17:00,14.052
11/18/2023 17:00,15.48
11/18/2023 17:00,14.052
11/18/2023 17:30,14.052
11/18/2023 17:30,14.052
11/18/2023 17:30,15.48
11/18/2023 17:30,15.48
11/18/2023 18:00,14.052
11/18/2023 18:00,15.48
11/18/2023 18:00,14.052
11/18/2023 18:00,15.48
11/18/2023 18:30,14.052
11/18/2023 18:30,14.052
11/18/2023 18:30,15.48
11/18/2023 18:30,15.48
11/18/2023 19:00,14.052
11/18/2023 19:00,14.052
11/18/2023 19:00,15.48
11/18/2023 19:00,15.48
11/18/2023 19:30,15.48
11/18/2023 19:30,14.052
11/18/2023 19:30,14.052
11/18/2023 19:30,15.48
11/18/2023 20:00,14.052
11/18/2023 20:00,15.48
11/18/2023 20:00,15.48
11/18/2023 20:00,14.052
11/18/2023 20:30,15.48
11/18/2023 20:30,15.48
11/18/2023 20:30,14.052
11/18/2023 20:30,14.052
11/18/2023 21:00,15.48
11/18/2023 21:00,15.48
11/18/2023 21:00,14.052
11/18/2023 21:00,14.052
11/18/2023 21:30,15.48
11/18/2023 21:30,14.052
11/18/2023 21:30,15.48
11/18/2023 21:30,14.052
11/18/2023 22:00,14.052
11/18/2023 22:00,14.052
11/18/2023 22:00,15.48
11/18/2023 22:00,15.48
11/18/2023 22:30,14.052
11/18/2023 22:30,14.052
11/18/2023 22:30,15.48
11/18/2023 22:30,15.48
11/18/2023 23:00,14.052
11/18/2023 23:00,15.48
11/18/2023 23:00,15.48
11/18/2023 23:00,14.052
11/18/2023 23:30,15.48
11/18/2023 23:30,14.052
11/18/2023 23:30,14.052
11/18/2023 23:30,15.48
11/19/2023 00:00,10.055
11/19/2023 00:30,10.055
11/19/2023 01:00,10.055
11/19/2023 01:30,10.055
11/19/2023 02:00,10.055
11/19/2023 02:30,10.055
11/19/2023 03:00,10.055
11/19/2023 03:30,10.055
11/19/2023 04:00,10.055
11/19/2023 04:30,10.055
11/19/2023 05:00,10.055
11/19/2023 05:30,10.055
11/19/2023 06:00,10.055
11/19/2023 06:30,10.055
11/19/2023 07:00,10.055
11/19/2023 07:30,10.055
11/19/2023 08:00,10.055
11/19/2023 08:30,10.055
11/19/2023 09:00,10.055
11/19/2023 09:30,10.055
11/19/2023 10:00,10.055
11/19/2023 10:30,10.055
11/19/2023 11:00,10.055
11/19/2023 11:30,10.055
11/19/2023 12:00,10.055
11/19/2023 12:30,10.055
11/19/2023 13:00,10.055
11/19/2023 13:30,10.055
11/19/2023 14:00,10.055
11/19/2023 14:30,10.055
11/19/2023 15:00,10.055
11/19/2023 15:30,10.055
11/19/2023 16:00,10.055
11/19/2023 16:30,10.055
11/19/2023 17:00,10.055
11/19/2023 17:30,10.055
11/19/2023 18:00,10.055
11/19/2023 18:30,10.055
11/19/2023 19:00,10.055
11/19/2023 19:30,10.055
11/19/2023 20:00,10.055
11/19/2023 20:30,10.055
11/19/2023 21:00,10.055
11/19/2023 21:30,10.055
11/19/2023 22:00,10.055
11/19/2023 22:30,10.055
11/19/2023 23:00,10.055
11/19/2023 23:30,10.055
11/20/2023 00:00,6.531
11/20/2023 00:30,6.531
11/20/2023 01:00,6.531
11/20/2023 01:30,6.531
11/20/2023 02:00,6.531
11/20/2023 02:30,6.531
11/20/2023 03:00,6.531
11/20/2023 03:30,6.531
11/20/2023 04:00,6.531
11/20/2023 04:30,6.531
11/20/2023 05:00,6.531
11/20/2023 05:30,6.531
11/20/2023 06:00,6.531
11/20/2023 06:30,6.531
11/20/2023 07:00,6.531
11/20/2023 07:30,6.531
11/20/2023 08:00,6.531
11/20/2023 08:30,6.531
11/20/2023 09:00,6.531
11/20/2023 09:30,6.531
11/20/2023 10:00,6.531
11/20/2023 10:30,6.531
11/20/2023 11:00,6.531
11/20/2023 11:30,6.531
11/20/2023 12:00,6.531
11/20/2023 12:30,6.531
11/20/2023 13:00,6.531
11/20/2023 13:30,6.531
11/20/2023 14:00,6.531
11/20/2023 14:30,6.531
11/20/2023 15:00,6.531
11/20/2023 15:30,6.531
11/20/2023 16:00,6.531
11/20/2023 16:30,6.531
11/20/2023 17:00,6.531
11/20/2023 17:30,6.531
11/20/2023 18:00,6.531
11/20/2023 18:30,6.531
11/20/2023 19:00,6.531
11/20/2023 19:30,6.531
11/20/2023 20:00,6.531
11/20/2023 20:30,6.531
11/20/2023 21:00,6.531
11/20/2023 21:30,6.531
11/20/2023 22:00,6.531
11/20/2023 22:30,6.531
11/20/2023 23:00,6.531
11/20/2023 23:30,6.531
11/21/2023 00:00,3.555
11/21/2023 00:30,3.555
11/21/2023 01:00,3.555
11/21/2023 01:30,3.555
11/21/2023 02:00,3.555
11/21/2023 02:30,3.555
11/21/2023 03:00,3.555
11/21/2023 03:30,3.555
11/21/2023 04:00,3.555
11/21/2023 04:30,3.555
11/21/2023 05:00,3.555
11/21/2023 05:30,3.555
11/21/2023 06:00,3.555
11/21/2023 06:30,3.555
11/21/2023 07:00,3.555
11/21/2023 07:30,3.555
11/21/2023 08:00,3.555
11/21/2023 08:30,3.555
11/21/2023 09:00,3.555
11/21/2023 09:30,3.555
11/21/2023 10:00,3.555
11/21/2023 10:30,3.555
11/21/2023 11:00,3.555
11/21/2023 11:30,3.555
11/21/2023 12:00,3.555
11/21/2023 12:30,3.555
11/21/2023 13:00,3.555
11/21/2023 13:30,3.555
11/21/2023 14:00,3.555
11/21/2023 14:30,3.555
11/21/2023 15:00,3.555
11/21/2023 15:30,3.555
11/21/2023 16:00,3.555
11/21/2023 16:30,3.555
11/21/2023 17:00,3.555
11/21/2023 17:30,3.555
11/21/2023 18:00,3.555
11/21/2023 18:30,3.555
11/21/2023 19:00,3.555
11/21/2023 19:30,3.555
11/21/2023 20:00,3.555
11/21/2023 20:30,3.555
11/21/2023 21:00,3.555
11/21/2023 21:30,3.555
11/21/2023 22:00,3.555
11/21/2023 22:30,3.555
11/21/2023 23:00,3.555
11/21/2023 23:30,3.555
11/22/2023 00:00,1.935
11/22/2023 00:30,1.935
11/22/2023 01:00,1.935
11/22/2023 01:30,1.935
11/22/2023 02:00,1.935
11/22/2023 02:30,1.935
11/22/2023 03:00,1.935
11/22/2023 03:30,1.935
11/22/2023 04:00,1.935
11/22/2023 04:30,1.935
11/22/2023 05:00,1.935
11/22/2023 05:30,1.935
11/22/2023 06:00,1.935
11/22/2023 06:30,1.935
11/22/2023 07:00,1.935
11/22/2023 07:30,1.935
11/22/2023 08:00,1.935
11/22/2023 08:30,1.935
11/22/2023 09:00,1.935
11/22/2023 09:30,1.935
11/22/2023 10:00,1.935
11/22/2023 10:30,1.935
11/22/2023 11:00,1.935
11/22/2023 11:30,1.935
11/22/2023 12:00,1.935
11/22/2023 12:30,1.935
11/22/2023 13:00,1.935
11/22/2023 13:30,1.935
11/22/2023 14:00,1.935
11/22/2023 14:30,1.935
11/22/2023 15:00,1.935
11/22/2023 15:30,1.935
11/22/2023 16:00,1.935
11/22/2023 16:30,1.935
11/22/2023 17:00,1.935
11/22/2023 17:30,1.935
11/22/2023 18:00,1.935
11/22/2023 18:30,1.935
11/22/2023 19:00,1.935
11/22/2023 19:30,1.935
11/22/2023 20:00,1.935
11/22/2023 20:30,1.935
11/22/2023 21:00,1.935
11/22/2023 21:30,1.935
11/22/2023 22:00,1.935
11/22/2023 22:30,1.935
11/22/2023 23:00,1.935
11/22/2023 23:30,1.935
11/23/2023 00:00,1.257
11/23/2023 00:30,1.257
11/23/2023 01:00,1.257
11/23/2023 01:30,1.257
11/23/2023 02:00,1.257
11/23/2023 02:30,1.257
11/23/2023 03:00,1.257
11/23/2023 03:30,1.257
11/23/2023 04:00,1.257
11/23/2023 04:30,1.257
11/23/2023 05:00,1.257
11/23/2023 05:30,1.257
11/23/2023 06:00,1.257
11/23/2023 06:30,1.257
11/23/2023 07:00,1.257
11/23/2023 07:30,1.257
11/23/2023 08:00,1.257
11/23/2023 08:30,1.257
11/23/2023 09:00,1.257
11/23/2023 09:30,1.257
11/23/2023 10:00,1.257
11/23/2023 10:30,1.257
11/23/2023 11:00,1.257
11/23/2023 11:30,1.257
11/23/2023 12:00,1.257
11/23/2023 12:30,1.257
11/23/2023 13:00,1.257
11/23/2023 13:30,1.257
11/23/2023 14:00,1.257
11/23/2023 14:30,1.257
11/23/2023 15:00,1.257
11/23/2023 15:30,1.257
11/23/2023 16:00,1.257
11/23/2023 16:30,1.257
11/23/2023 17:00,1.257
11/23/2023 17:30,1.257
11/23/2023 18:00,1.257
11/23/2023 18:30,1.257
11/23/2023 19:00,1.257
11/23/2023 19:30,1.257
11/23/2023 20:00,1.257
11/23/2023 20:30,1.257
11/23/2023 21:00,1.257
11/23/2023 21:30,1.257
11/23/2023 22:00,1.257
11/23/2023 22:30,1.257
11/23/2023 23:00,1.257
11/23/2023 23:30,1.257
11/24/2023 00:00,0.242
11/24/2023 00:30,0.242
11/24/2023 01:00,0.242
11/24/2023 01:30,0.242
11/24/2023 02:00,0.242
11/24/2023 02:30,0.242
11/24/2023 03:00,0.242
11/24/2023 03:30,0.242
11/24/2023 04:00,0.242
11/24/2023 04:30,0.242
11/24/2023 05:00,0.242
11/24/2023 05:30,0.242
11/24/2023 06:00,0.242
11/24/2023 06:30,0.242
11/24/2023 07:00,0.242
11/24/2023 07:30,0.242
11/24/2023 08:00,0.242
11/24/2023 08:30,0.242
11/24/2023 09:00,0.242
11/24/2023 09:30,0.242
11/24/2023 10:00,0.242
11/24/2023 10:30,0.242
11/24/2023 11:00,0.242
11/24/2023 11:30,0.242
11/24/2023 12:00,0.242
11/24/2023 12:30,0.242
11/24/2023 13:00,0.242
11/24/2023 13:30,0.242
11/24/2023 14:00,0.242
11/24/2023 14:30,0.242
11/24/2023 15:00,0.242
11/24/2023 15:30,0.242
11/24/2023 16:00,0.242
11/24/2023 16:30,0.242
11/24/2023 17:00,0.242
11/24/2023 17:30,0.242
11/24/2023 18:00,0.242
11/24/2023 18:30,0.242
11/24/2023 19:00,0.242
11/24/2023 19:30,0.242
11/24/2023 20:00,0.242
11/24/2023 20:30,0.242
11/24/2023 21:00,0.242
11/24/2023 21:30,0.242
11/24/2023 22:00,0.242
11/24/2023 22:30,0.242
11/24/2023 23:00,0.242
11/24/2023 23:30,0.242
11/25/2023 00:00,0.0
11/25/2023 00:30,0.0
11/25/2023 01:00,0.0
11/25/2023 01:30,0.0
11/25/2023 02:00,0.0
11/25/2023 02:30,0.0
11/25/2023 03:00,0.0
11/25/2023 03:30,0.0
11/25/2023 04:00,0.0
11/25/2023 04:30,0.0
11/25/2023 05:00,0.0
11/25/2023 05:30,0.0
11/25/2023 06:00,0.0
11/25/2023 06:30,0.0
11/25/2023 07:00,0.0
11/25/2023 07:30,0.0
11/25/2023 08:00,0.0
11/25/2023 08:30,0.0
11/25/2023 09:00,0.0
11/25/2023 09:30,0.0
11/25/2023 10:00,0.0
11/25/2023 10:30,0.0
11/25/2023 11:00,0.0
11/25/2023 11:30,0.0
11/25/2023 12:00,0.0
11/25/2023 12:30,0.0
11/25/2023 13:00,0.0
11/25/2023 13:30,0.0
11/25/2023 14:00,0.0
11/25/2023 14:30,0.0
11/25/2023 15:00,0.0
11/25/2023 15:30,0.0
11/25/2023 16:00,0.0
11/25/2023 16:30,0.0
11/25/2023 17:00,0.0
11/25/2023 17:30,0.0
11/25/2023 18:00,0.0
11/25/2023 18:30,0.0
11/25/2023 19:00,0.0
11/25/2023 19:30,0.0
11/25/2023 20:00,0.0
11/25/2023 20:30,0.0
11/25/2023 21:00,0.0
11/25/2023 21:30,0.0
11/25/2023 22:00,0.0
11/25/2023 22:30,0.0
11/25/2023 23:00,0.0
11/25/2023 23:30,0.0
11/26/2023 00:00,0.0
11/26/2023 00:30,0.0
11/26/2023 01:00,0.0
11/26/2023 01:30,0.0
11/26/2023 02:00,0.0
11/26/2023 02:30,0.0
11/26/2023 03:00,0.0
11/26/2023 03:30,0.0
11/26/2023 04:00,0.0
11/26/2023 04:30,0.0
11/26/2023 05:00,0.0
11/26/2023 05:30,0.0
11/26/2023 06:00,0.0
11/26/2023 06:30,0.0
11/26/2023 07:00,0.0
11/26/2023 07:30,0.0
11/26/2023 08:00,0.0
11/26/2023 08:30,0.0
11/26/2023 09:00,0.0
11/26/2023 09:30,0.0
11/26/2023 10:00,0.0
11/26/2023 10:30,0.0
11/26/2023 11:00,0.0
11/26/2023 11:30,0.0
11/26/2023 12:00,0.0
11/26/2023 12:30,0.0
11/26/2023 13:00,0.0
11/26/2023 13:30,0.0
11/26/2023 14:00,0.0
11/26/2023 14:30,0.0
11/26/2023 15:00,0.0
11/26/2023 15:30,0.0
11/26/2023 16:00,0.0
11/26/2023 16:30,0.0
11/26/2023 17:00,0.0
11/26/2023 17:30,0.0
11/26/2023 18:00,0.0
11/26/2023 18:30,0.0
11/26/2023 19:00,0.0
11/26/2023 19:30,0.0
11/26/2023 20:00,0.0
11/26/2023 20:30,0.0
11/26/2023 21:00,0.0
11/26/2023 21:30,0.0
11/26/2023 22:00,0.0
11/26/2023 22:30,0.0
11/26/2023 23:00,0.0
11/26/2023 23:30,0.0
11/27/2023 00:00,0.0
11/27/2023 00:30,0.0
11/27/2023 01:00,0.0
11/27/2023 01:30,0.0
11/27/2023 02:00,0.0
11/27/2023 02:30,0.0
11/27/2023 03:00,0.0
11/27/2023 03:30,0.0
11/27/2023 04:00,0.0
11/27/2023 04:30,0.0
11/27/2023 05:00,0.0
11/27/2023 05:30,0.0
11/27/2023 06:00,0.0
11/27/2023 06:30,0.0
11/27/2023 07:00,0.0
11/27/2023 07:30,0.0
11/27/2023 08:00,0.0
11/27/2023 08:30,0.0
11/27/2023 09:00,0.0
11/27/2023 09:30,0.0
11/27/2023 10:00,0.0
11/27/2023 10:30,0.0
11/27/2023 11:00,0.0
11/27/2023 11:30,0.0
11/27/2023 12:00,0.0
11/27/2023 12:30,0.0
11/27/2023 13:00,0.0
11/27/2023 13:30,0.0
11/27/2023 14:00,0.0
11/27/2023 14:30,0.0
11/27/2023 15:00,0.0
11/27/2023 15:30,0.0
11/27/2023 16:00,0.0
11/27/2023 16:30,0.0
11/27/2023 17:00,0.0
11/27/2023 17:30,0.0
11/27/2023 18:00,0.0
11/27/2023 18:30,0.0
11/27/2023 19:00,0.0
11/27/2023 19:30,0.0
11/27/2023 20:00,0.0
11/27/2023 20:30,0.0
11/27/2023 21:00,0.0
11/27/2023 21:30,0.0
11/27/2023 22:00,0.0
11/27/2023 22:30,0.0
11/27/2023 23:00,0.0
11/27/2023 23:30,0.0
11/28/2023 00:00,0.0
11/28/2023 00:30,0.0
11/28/2023 01:00,0.0
11/28/2023 01:30,0.0
11/28/2023 02:00,0.0
11/28/2023 02:30,0.0
11/28/2023 03:00,0.0
11/28/2023 03:30,0.0
11/28/2023 04:00,0.0
11/28/2023 04:30,0.0
11/28/2023 05:00,0.0
11/28/2023 05:30,0.0
11/28/2023 06:00,0.0
11/28/2023 06:30,0.0
11/28/2023 07:00,0.0
11/28/2023 07:30,0.0
11/28/2023 08:00,0.0
11/28/2023 08:30,0.0
11/28/2023 09:00,0.0
11/28/2023 09:30,0.0
11/28/2023 10:00,0.0
11/28/2023 10:30,0.0
11/28/2023 11:00,0.0
11/28/2023 11:30,0.0
11/28/2023 12:00,0.0
11/28/2023 12:30,0.0
11/28/2023 13:00,0.0
11/28/2023 13:30,0.0
11/28/2023 14:00,0.0
11/28/2023 14:30,0.0
11/28/2023 15:00,0.0
11/28/2023 15:30,0.0
11/28/2023 16:00,0.0
11/28/2023 16:30,0.0
11/28/2023 17:00,0.0
11/28/2023 17:30,0.0
11/28/2023 18:00,0.0
11/28/2023 18:30,0.0
11/28/2023 19:00,0.0
11/28/2023 19:30,0.0
11/28/2023 20:00,0.0
11/28/2023 20:30,0.0
11/28/2023 21:00,0.0
11/28/2023 21:30,0.0
11/28/2023 22:00,0.0
11/28/2023 22:30,0.0
11/28/2023 23:00,0.0
11/28/2023 23:30,0.0
11/29/2023 00:00,0.0
11/29/2023 00:30,0.0
11/29/2023 01:00,0.0
11/29/2023 01:30,0.0
11/29/2023 02:00,0.0
11/29/2023 02:30,0.0
11/29/2023 03:00,0.0
11/29/2023 03:30,0.0
11/29/2023 04:00,0.0
11/29/2023 04:30,0.0
11/29/2023 05:00,0.0
11/29/2023 05:30,0.0
11/29/2023 06:00,0.0
11/29/2023 06:30,0.0
11/29/2023 07:00,0.0
11/29/2023 07:30,0.0
11/29/2023 08:00,0.0
11/29/2023 08:30,0.0
11/29/2023 09:00,0.0
11/29/2023 09:30,0.0
11/29/2023 10:00,0.0
11/29/2023 10:30,0.0
11/29/2023 11:00,0.0
11/29/2023 11:30,0.0
11/29/2023 12:00,0.0
11/29/2023 12:30,0.0
11/29/2023 13:00,0.0
11/29/2023 13:30,0.0
11/29/2023 14:00,0.0
11/29/2023 14:30,0.0
11/29/2023 15:00,0.0
11/29/2023 15:30,0.0
11/29/2023 16:00,0.0
11/29/2023 16:30,0.0
11/29/2023 17:00,0.0
11/29/2023 17:30,0.0
11/29/2023 18:00,0.0
11/29/2023 18:30,0.0
11/29/2023 19:00,0.0
11/29/2023 19:30,0.0
11/29/2023 20:00,0.0
11/29/2023 20:30,0.0
11/29/2023 21:00,0.0
11/29/2023 21:30,0.0
11/29/2023 22:00,0.0
11/29/2023 22:30,0.0
11/29/2023 23:00,0.0
11/29/2023 23:30,0.0
11/30/2023 00:00,0.0
11/30/2023 00:30,0.0
11/30/2023 01:00,0.0
11/30/2023 01:30,0.0
11/30/2023 02:00,0.0
11/30/2023 02:30,0.0
11/30/2023 03:00,0.0
11/30/2023 03:30,0.0
11/30/2023 04:00,0.0
11/30/2023 04:30,0.0
11/30/2023 05:00,0.0
11/30/2023 05:30,0.0
11/30/2023 06:00,0.0
11/30/2023 06:30,0.0
11/30/2023 07:00,0.0
11/30/2023 07:30,0.0
11/30/2023 08:00,0.0
11/30/2023 08:30,0.0
11/30/2023 09:00,0.0
11/30/2023 09:30,0.0
11/30/2023 10:00,0.0
11/30/2023 10:30,0.0
11/30/2023 11:00,0.0
11/30/2023 11:30,0.0
11/30/2023 12:00,0.0
11/30/2023 12:30,0.0
11/30/2023 13:00,0.0
11/30/2023 13:30,0.0
11/30/2023 14:00,0.0
11/30/2023 14:30,0.0
11/30/2023 15:00,0.0
11/30/2023 15:30,0.0
11/30/2023 16:00,0.0
11/30/2023 16:30,0.0
11/30/2023 17:00,0.0
11/30/2023 17:30,0.0
11/30/2023 18:00,0.0
11/30/2023 18:30,0.0
11/30/2023 19:00,0.0
11/30/2023 19:30,0.0
11/30/2023 20:00,0.0
11/30/2023 20:30,0.0
11/30/2023 21:00,0.0
11/30/2023 21:30,0.0
11/30/2023 22:00,0.0
11/30/2023 22:30,0.0
11/30/2023 23:00,0.0
11/30/2023 23:30,0.0
12/01/2023 00:00,0.0
12/01/2023 00:30,0.0
12/01/2023 01:00,0.0
12/01/2023 01:30,0.0
12/01/2023 02:00,0.0
12/01/2023 02:30,0.0
12/01/2023 03:00,0.0
12/01/2023 03:30,0.0
12/01/2023 04:00,0.0
12/01/2023 04:30,0.0
12/01/2023 05:00,0.0
12/01/2023 05:30,0.0
12/01/2023 06:00,0.0
12/01/2023 06:30,0.0
12/01/2023 07:00,0.0
12/01/2023 07:30,0.0
12/01/2023 08:00,0.0
12/01/2023 08:30,0.0
12/01/2023 09:00,0.0
12/01/2023 09:30,0.0
12/01/2023 10:00,0.0
12/01/2023 10:30,0.0
12/01/2023 11:00,0.0
12/01/2023 11:30,0.0
12/01/2023 12:00,0.0
12/01/2023 12:30,0.0
12/01/2023 13:00,0.0
12/01/2023 13:30,0.0
12/01/2023 14:00,0.0
12/01/2023 14:30,0.0
12/01/2023 15:00,0.0
12/01/2023 15:30,0.0
12/01/2023 16:00,0.0
12/01/2023 16:30,0.0
12/01/2023 17:00,0.0
12/01/2023 17:30,0.0
12/01/2023 18:00,0.0
12/01/2023 18:30,0.0
12/01/2023 19:00,0.0
12/01/2023 19:30,0.0
12/01/2023 20:00,0.0
12/01/2023 20:30,0.0
12/01/2023 21:00,0.0
12/01/2023 21:30,0.0
12/01/2023 22:00,0.0
12/01/2023 22:30,0.0
12/01/2023 23:00,0.0
12/01/2023 23:30,0.0
12/02/2023 00:00,0.0
12/02/2023 00:30,0.0
12/02/2023 01:00,0.0
12/02/2023 01:30,0.0
12/02/2023 02:00,0.0
12/02/2023 02:30,0.0
12/02/2023 03:00,0.0
12/02/2023 03:30,0.0
12/02/2023 04:00,0.0
12/02/2023 04:30,0.0
12/02/2023 05:00,0.0
12/02/2023 05:30,0.0
12/02/2023 06:00,0.0
12/02/2023 06:30,0.0
12/02/2023 07:00,0.0
12/02/2023 07:30,0.0
12/02/2023 08:00,0.0
12/02/2023 08:30,0.0
12/02/2023 09:00,0.0
12/02/2023 09:30,0.0
12/02/2023 10:00,0.0
12/02/2023 10:30,0.0
12/02/2023 11:00,0.0
12/02/2023 11:30,0.0
12/02/2023 12:00,0.0
12/02/2023 12:30,0.0
12/02/2023 13:00,0.0
12/02/2023 13:30,0.0
12/02/2023 14:00,0.0
12/02/2023 14:30,0.0
12/02/2023 15:00,0.0
12/02/2023 15:30,0.0
12/02/2023 16:00,0.0
12/02/2023 16:30,0.0
12/02/2023 17:00,0.0
12/02/2023 17:30,0.0
12/02/2023 18:00,0.0
12/02/2023 18:30,0.0
12/02/2023 19:00,0.0
12/02/2023 19:30,0.0
12/02/2023 20:00,0.0
12/02/2023 20:30,0.0
12/02/2023 21:00,0.0
12/02/2023 21:30,0.0
12/02/2023 22:00,0.0
12/02/2023 22:30,0.0
12/02/2023 23:00,0.0
12/02/2023 23:30,0.0
12/03/2023 00:00,0.0
12/03/2023 00:30,0.0
12/03/2023 01:00,0.0
12/03/2023 01:30,0.0
12/03/2023 02:00,0.0
12/03/2023 02:30,0.0
12/03/2023 03:00,0.0
12/03/2023 03:30,0.0
12/03/2023 04:00,0.0
12/03/2023 04:30,0.0
12/03/2023 05:00,0.0
12/03/2023 05:30,0.0
12/03/2023 06:00,0.0
12/03/2023 06:30,0.0
12/03/2023 07:00,0.0
12/03/2023 07:30,0.0
12/03/2023 08:00,0.0
12/03/2023 08:30,0.0
12/03/2023 09:00,0.0
12/03/2023 09:30,0.0
12/03/2023 10:00,0.0
12/03/2023 10:30,0.0
12/03/2023 11:00,0.0
12/03/2023 11:30,0.0
12/03/2023 12:00,0.0
12/03/2023 12:30,0.0
12/03/2023 13:00,0.0
12/03/2023 13:30,0.0
12/03/2023 14:00,0.0
12/03/2023 14:30,0.0
12/03/2023 15:00,0.0
12/03/2023 15:30,0.0
12/03/2023 16:00,0.0
12/03/2023 16:30,0.0
12/03/2023 17:00,0.0
12/03/2023 17:30,0.0
12/03/2023 18:00,0.0
12/03/2023 18:30,0.0
12/03/2023 19:00,0.0
12/03/2023 19:30,0.0
12/03/2023 20:00,0.0
12/03/2023 20:30,0.0
12/03/2023 21:00,0.0
12/03/2023 21:30,0.0
12/03/2023 22:00,0.0
12/03/2023 22:30,0.0
12/03/2023 23:00,0.0
12/03/2023 23:30,0.0
12/04/2023 00:00,0.0
12/04/2023 00:30,0.0
12/04/2023 01:00,0.0
12/04/2023 01:30,0.0
12/04/2023 02:00,0.0
12/04/2023 02:30,0.0
12/04/2023 03:00,0.0
12/04/2023 03:30,0.0
12/04/2023 04:00,0.0
12/04/2023 04:30,0.0
12/04/2023 05:00,0.0
12/04/2023 05:30,0.0
12/04/2023 06:00,0.0
12/04/2023 06:30,0.0
12/04/2023 07:00,0.0
12/04/2023 07:30,0.0
12/04/2023 08:00,0.0
12/04/2023 08:30,0.0
12/04/2023 09:00,0.0
12/04/2023 09:30,0.0
12/04/2023 10:00,0.0
12/04/2023 10:30,0.0
12/04/2023 11:00,0.0
12/04/2023 11:30,0.0
12/04/2023 12:00,0.0
12/04/2023 12:30,0.0
12/04/2023 13:00,0.0
12/04/2023 13:30,0.0
12/04/2023 14:00,0.0
12/04/2023 14:30,0.0
12/04/2023 15:00,0.0
12/04/2023 15:30,0.0
12/04/2023 16:00,0.0
12/04/2023 16:30,0.0
12/04/2023 17:00,0.0
12/04/2023 17:30,0.0
12/04/2023 18:00,0.0
12/04/2023 18:30,0.0
12/04/2023 19:00,0.0
12/04/2023 19:30,0.0
12/04/2023 20:00,0.0
12/04/2023 20:30,0.0
12/04/2023 21:00,0.0
12/04/2023 21:30,0.0
12/04/2023 22:00,0.0
12/04/2023 22:30,0.0
12/04/2023 23:00,0.0
12/04/2023 23:30,0.0
12/05/2023 00:00,0.0
12/05/2023 00:30,0.0
12/05/2023 01:00,0.0
12/05/2023 01:30,0.0
12/05/2023 02:00,0.0
12/05/2023 02:30,0.0
12/05/2023 03:00,0.0
12/05/2023 03:30,0.0
12/05/2023 04:00,0.0
12/05/2023 04:30,0.0
12/05/2023 05:00,0.0
12/05/2023 05:30,0.0
12/05/2023 06:00,0.0
12/05/2023 06:30,0.0
12/05/2023 07:00,0.0
12/05/2023 07:30,0.0
12/05/2023 08:00,0.0
12/05/2023 08:30,0.0
12/05/2023 09:00,0.0
12/05/2023 09:30,0.0
12/05/2023 10:00,0.0
12/05/2023 10:30,0.0
12/05/2023 11:00,0.0
12/05/2023 11:30,0.0
12/05/2023 12:00,0.0
12/05/2023 12:30,0.0
12/05/2023 13:00,0.0
12/05/2023 13:30,0.0
12/05/2023 14:00,0.0
12/05/2023 14:30,0.0
12/05/2023 15:00,0.0
12/05/2023 15:30,0.0
12/05/2023 16:00,0.0
12/05/2023 16:30,0.0
12/05/2023 17:00,0.0
12/05/2023 17:30,0.0
12/05/2023 18:00,0.0
12/05/2023 18:30,0.0
12/05/2023 19:00,0.0
12/05/2023 19:30,0.0
12/05/2023 20:00,0.0
12/05/2023 20:30,0.0
12/05/2023 21:00,0.0
12/05/2023 21:30,0.0
12/05/2023 22:00,0.0
12/05/2023 22:30,0.0
12/05/2023 23:00,0.0
12/05/2023 23:30,0.0
12/06/2023 00:00,0.0
12/06/2023 00:30,0.0
12/06/2023 01:00,0.0
12/06/2023 01:30,0.0
12/06/2023 02:00,0.0
12/06/2023 02:30,0.0
12/06/2023 03:00,0.0
12/06/2023 03:30,0.0
12/06/2023 04:00,0.0
12/06/2023 04:30,0.0
12/06/2023 05:00,0.0
12/06/2023 05:30,0.0
12/06/2023 06:00,0.0
12/06/2023 06:30,0.0
12/06/2023 07:00,0.0
12/06/2023 07:30,0.0
12/06/2023 08:00,0.0
12/06/2023 08:30,0.0
12/06/2023 09:00,0.0
12/06/2023 09:30,0.0
12/06/2023 10:00,0.0
12/06/2023 10:30,0.0
12/06/2023 11:00,0.0
12/06/2023 11:30,0.0
12/06/2023 12:00,0.0
12/06/2023 12:30,0.0
12/06/2023 13:00,0.0
12/06/2023 13:30,0.0
12/06/2023 14:00,0.0
12/06/2023 14:30,0.0
12/06/2023 15:00,0.0
12/06/2023 15:30,0.0
12/06/2023 16:00,0.0
12/06/2023 16:30,0.0
12/06/2023 17:00,0.0
12/06/2023 17:30,0.0
12/06/2023 18:00,0.0
12/06/2023 18:30,0.0
12/06/2023 19:00,0.0
12/06/2023 19:30,0.0
12/06/2023 20:00,0.0
12/06/2023 20:30,0.0
12/06/2023 21:00,0.0
12/06/2023 21:30,0.0
12/06/2023 22:00,0.0
12/06/2023 22:30,0.0
12/06/2023 23:00,0.0
12/06/2023 23:30,0.0
12/07/2023 00:00,0.0
12/07/2023 00:30,0.0
12/07/2023 01:00,0.0
12/07/2023 01:30,0.0
12/07/2023 02:00,0.0
12/07/2023 02:30,0.0
12/07/2023 03:00,0.0
12/07/2023 03:30,0.0
12/07/2023 04:00,0.0
12/07/2023 04:30,0.0
12/07/2023 05:00,0.0
12/07/2023 05:30,0.0
12/07/2023 06:00,0.0
12/07/2023 06:30,0.0
12/07/2023 07:00,0.0
12/07/2023 07:30,0.0
12/07/2023 08:00,0.0
12/07/2023 08:30,0.0
12/07/2023 09:00,0.0
12/07/2023 09:30,0.0
12/07/2023 10:00,0.0
12/07/2023 10:30,0.0
12/07/2023 11:00,0.0
12/07/2023 11:30,0.0
12/07/2023 12:00,0.0
12/07/2023 12:30,0.0
12/07/2023 13:00,0.0
12/07/2023 13:30,0.0
12/07/2023 14:00,0.0
12/07/2023 14:30,0.0
12/07/2023 15:00,0.0
12/07/2023 15:30,0.0
12/07/2023 16:00,0.0
12/07/2023 16:30,0.0
12/07/2023 17:00,0.0
12/07/2023 17:30,0.0
12/07/2023 18:00,0.0
12/07/2023 18:30,0.0
12/07/2023 19:00,0.0
12/07/2023 19:30,0.0
12/07/2023 20:00,0.0
12/07/2023 20:30,0.0
12/07/2023 21:00,0.0
12/07/2023 21:30,0.0
12/07/2023 22:00,0.0
12/07/2023 22:30,0.0
12/07/2023 23:00,0.0
12/07/2023 23:30,0.0
12/08/2023 00:00,0.0
12/08/2023 00:30,0.0
12/08/2023 01:00,0.0
12/08/2023 01:30,0.0
12/08/2023 02:00,0.0
12/08/2023 02:30,0.0
12/08/2023 03:00,0.0
12/08/2023 03:30,0.0
12/08/2023 04:00,0.0
12/08/2023 04:30,0.0
12/08/2023 05:00,0.0
12/08/2023 05:30,0.0
12/08/2023 06:00,0.0
12/08/2023 06:30,0.0
12/08/2023 07:00,0.0
12/08/2023 07:30,0.0
12/08/2023 08:00,0.0
12/08/2023 08:30,0.0
12/08/2023 09:00,0.0
12/08/2023 09:30,0.0
12/08/2023 10:00,0.0
12/08/2023 10:30,0.0
12/08/2023 11:00,0.0
12/08/2023 11:30,0.0
12/08/2023 12:00,0.0
12/08/2023 12:30,0.0
12/08/2023 13:00,0.0
12/08/2023 13:30,0.0
12/08/2023 14:00,0.0
12/08/2023 14:30,0.0
12/08/2023 15:00,0.0
12/08/2023 15:30,0.0
12/08/2023 16:00,0.0
12/08/2023 16:30,0.0
12/08/2023 17:00,0.0
12/08/2023 17:30,0.0
12/08/2023 18:00,0.0
12/08/2023 18:30,0.0
12/08/2023 19:00,0.0
12/08/2023 19:30,0.0
12/08/2023 20:00,0.0
12/08/2023 20:30,0.0
12/08/2023 21:00,0.0
12/08/2023 21:30,0.0
12/08/2023 22:00,0.0
12/08/2023 22:30,0.0
12/08/2023 23:00,0.0
12/08/2023 23:30,0.0
12/09/2023 00:00,0.0
12/09/2023 00:30,0.0
12/09/2023 01:00,0.0
12/09/2023 01:30,0.0
12/09/2023 02:00,0.0
12/09/2023 02:30,0.0
12/09/2023 03:00,0.0
12/09/2023 03:30,0.0
12/09/2023 04:00,0.0
12/09/2023 04:30,0.0
12/09/2023 05:00,0.0
12/09/2023 05:30,0.0
12/09/2023 06:00,0.0
12/09/2023 06:30,0.0
12/09/2023 07:00,0.0
12/09/2023 07:30,0.0
12/09/2023 08:00,0.0
12/09/2023 08:30,0.0
12/09/2023 09:00,0.0
12/09/2023 09:30,0.0
12/09/2023 10:00,0.0
12/09/2023 10:30,0.0
12/09/2023 11:00,0.0
12/09/2023 11:30,0.0
12/09/2023 12:00,0.0
12/09/2023 12:30,0.0
12/09/2023 13:00,0.0
12/09/2023 13:30,0.0
12/09/2023 14:00,0.0
12/09/2023 14:30,0.0
12/09/2023 15:00,0.0
12/09/2023 15:30,0.0
12/09/2023 16:00,0.0
12/09/2023 16:30,0.0
12/09/2023 17:00,0.0
12/09/2023 17:30,0.0
12/09/2023 18:00,0.0
12/09/2023 18:30,0.0
12/09/2023 19:00,0.0
12/09/2023 19:30,0.0
12/09/2023 20:00,0.0
12/09/2023 20:30,0.0
12/09/2023 21:00,0.0
12/09/2023 21:30,0.0
12/09/2023 22:00,0.0
12/09/2023 22:30,0.0
12/09/2023 23:00,0.0
12/09/2023 23:30,0.0
12/10/2023 00:00,0.0
12/10/2023 00:30,0.0
12/10/2023 01:00,0.0
12/10/2023 01:30,0.0
12/10/2023 02:00,0.0
12/10/2023 02:30,0.0
12/10/2023 03:00,0.0
12/10/2023 03:30,0.0
12/10/2023 04:00,0.0
12/10/2023 04:30,0.0
12/10/2023 05:00,0.0
12/10/2023 05:30,0.0
12/10/2023 06:00,0.0
12/10/2023 06:30,0.0
12/10/2023 07:00,0.0
12/10/2023 07:30,0.0
12/10/2023 08:00,0.0
12/10/2023 08:30,0.0
12/10/2023 09:00,0.0
12/10/2023 09:30,0.0
12/10/2023 10:00,0.0
12/10/2023 10:30,0.0
12/10/2023 11:00,0.0
12/10/2023 11:30,0.0
12/10/2023 12:00,0.0
12/10/2023 12:30,0.0
12/10/2023 13:00,0.0
12/10/2023 13:30,0.0
12/10/2023 14:00,0.0
12/10/2023 14:30,0.0
12/10/2023 15:00,0.0
12/10/2023 15:30,0.0
12/10/2023 16:00,0.0
12/10/2023 16:30,0.0
12/10/2023 17:00,0.0
12/10/2023 17:30,0.0
12/10/2023 18:00,0.0
12/10/2023 18:30,0.0
12/10/2023 19:00,0.0
12/10/2023 19:30,0.0
12/10/2023 20:00,0.0
12/10/2023 20:30,0.0
12/10/2023 21:00,0.0
12/10/2023 21:30,0.0
12/10/2023 22:00,0.0
12/10/2023 22:30,0.0
12/10/2023 23:00,0.0
12/10/2023 23:30,0.0
12/11/2023 00:00,0.0
12/11/2023 00:30,0.0
12/11/2023 01:00,0.0
12/11/2023 01:30,0.0
12/11/2023 02:00,0.0
12/11/2023 02:30,0.0
12/11/2023 03:00,0.0
12/11/2023 03:30,0.0
12/11/2023 04:00,0.0
12/11/2023 04:30,0.0
12/11/2023 05:00,0.0
12/11/2023 05:30,0.0
12/11/2023 06:00,0.0
12/11/2023 06:30,0.0
12/11/2023 07:00,0.0
12/11/2023 07:30,0.0
12/11/2023 08:00,0.0
12/11/2023 08:30,0.0
12/11/2023 09:00,0.0
12/11/2023 09:30,0.0
12/11/2023 10:00,0.0
12/11/2023 10:30,0.0
12/11/2023 11:00,0.0
12/11/2023 11:30,0.0
12/11/2023 12:00,0.0
12/11/2023 12:30,0.0
12/11/2023 13:00,0.0
12/11/2023 13:30,0.0
12/11/2023 14:00,0.0
12/11/2023 14:30,0.0
12/11/2023 15:00,0.0
12/11/2023 15:30,0.0
12/11/2023 16:00,0.0
12/11/2023 16:30,0.0
12/11/2023 17:00,0.0
12/11/2023 17:30,0.0
12/11/2023 18:00,0.0
12/11/2023 18:30,0.0
12/11/2023 19:00,0.0
12/11/2023 19:30,0.0
12/11/2023 20:00,0.0
12/11/2023 20:30,0.0
12/11/2023 21:00,0.0
12/11/2023 21:30,0.0
12/11/2023 22:00,0.0
12/11/2023 22:30,0.0
12/11/2023 23:00,0.0
12/11/2023 23:30,0.0
12/12/2023 00:00,0.0
12/12/2023 00:30,0.0
12/12/2023 01:00,0.0
12/12/2023 01:30,0.0
12/12/2023 02:00,0.0
12/12/2023 02:30,0.0
12/12/2023 03:00,0.0
12/12/2023 03:30,0.0
12/12/2023 04:00,0.0
12/12/2023 04:30,0.0
12/12/2023 05:00,0.0
12/12/2023 05:30,0.0
12/12/2023 06:00,0.0
12/12/2023 06:30,0.0
12/12/2023 07:00,0.0
12/12/2023 07:30,0.0
12/12/2023 08:00,0.0
12/12/2023 08:30,0.0
12/12/2023 09:00,0.0
12/12/2023 09:30,0.0
12/12/2023 10:00,0.0
12/12/2023 10:30,0.0
12/12/2023 11:00,0.0
12/12/2023 11:30,0.0
12/12/2023 12:00,0.0
12/12/2023 12:30,0.0
12/12/2023 13:00,0.0
12/12/2023 13:30,0.0
12/12/2023 14:00,0.0
12/12/2023 14:30,0.0
12/12/2023 15:00,0.0
12/12/2023 15:30,0.0
12/12/2023 16:00,0.0
12/12/2023 16:30,0.0
12/12/2023 17:00,0.0
12/12/2023 17:30,0.0
12/12/2023 18:00,0.0
12/12/2023 18:30,0.0
12/12/2023 19:00,0.0
12/12/2023 19:30,0.0
12/12/2023 20:00,0.0
12/12/2023 20:30,0.0
12/12/2023 21:00,0.0
12/12/2023 21:30,0.0
12/12/2023 22:00,0.0
12/12/2023 22:30,0.0
12/12/2023 23:00,0.0
12/12/2023 23:30,0.0
12/13/2023 00:00,0.0
12/13/2023 00:30,0.0
12/13/2023 01:00,0.0
12/13/2023 01:30,0.0
12/13/2023 02:00,0.0
12/13/2023 02:30,0.0
12/13/2023 03:00,0.0
12/13/2023 03:30,0.0
12/13/2023 04:00,0.0
12/13/2023 04:30,0.0
12/13/2023 05:00,0.0
12/13/2023 05:30,0.0
12/13/2023 06:00,0.0
12/13/2023 06:30,0.0
12/13/2023 07:00,0.0
12/13/2023 07:30,0.0
12/13/2023 08:00,0.0
12/13/2023 08:30,0.0
12/13/2023 09:00,0.0
12/13/2023 09:30,0.0
12/13/2023 10:00,0.0
12/13/2023 10:30,0.0
12/13/2023 11:00,0.0
12/13/2023 11:30,0.0
12/13/2023 12:00,0.0
12/13/2023 12:30,0.0
12/13/2023 13:00,0.0
12/13/2023 13:30,0.0
12/13/2023 14:00,0.0
12/13/2023 14:30,0.0
12/13/2023 15:00,0.0
12/13/2023 15:30,0.0
12/13/2023 16:00,0.0
12/13/2023 16:30,0.0
12/13/2023 17:00,0.0
12/13/2023 17:30,0.0
12/13/2023 18:00,0.0
12/13/2023 18:30,0.0
12/13/2023 19:00,0.0
12/13/2023 19:30,0.0
12/13/2023 20:00,0.0
12/13/2023 20:30,0.0
12/13/2023 21:00,0.0
12/13/2023 21:30,0.0
12/13/2023 22:00,0.0
12/13/2023 22:30,0.0
12/13/2023 23:00,0.0
12/13/2023 23:30,0.0
12/14/2023 00:00,0.0
12/14/2023 00:30,0.0
12/14/2023 01:00,0.0
12/14/2023 01:30,0.0
12/14/2023 02:00,0.0
12/14/2023 02:30,0.0
12/14/2023 03:00,0.0
12/14/2023 03:30,0.0
12/14/2023 04:00,0.0
12/14/2023 04:30,0.0
12/14/2023 05:00,0.0
12/14/2023 05:30,0.0
12/14/2023 06:00,0.0
12/14/2023 06:30,0.0
12/14/2023 07:00,0.0
12/14/2023 07:30,0.0
12/14/2023 08:00,0.0
12/14/2023 08:30,0.0
12/14/2023 09:00,0.0
12/14/2023 09:30,0.0
12/14/2023 10:00,0.0
12/14/2023 10:30,0.0
12/14/2023 11:00,0.0
12/14/2023 11:30,0.0
12/14/2023 12:00,0.0
12/14/2023 12:30,0.0
12/14/2023 13:00,0.0
12/14/2023 13:30,0.0
12/14/2023 14:00,0.0
12/14/2023 14:30,0.0
12/14/2023 15:00,0.0
12/14/2023 15:30,0.0
12/14/2023 16:00,0.0
12/14/2023 16:30,0.0
12/14/2023 17:00,0.0
12/14/2023 17:30,0.0
12/14/2023 18:00,0.0
12/14/2023 18:30,0.0
12/14/2023 19:00,0.0
12/14/2023 19:30,0.0
12/14/2023 20:00,0.0
12/14/2023 20:30,0.0
12/14/2023 21:00,0.0
12/14/2023 21:30,0.0
12/14/2023 22:00,0.0
12/14/2023 22:30,0.0
12/14/2023 23:00,0.0
12/14/2023 23:30,0.0
12/15/2023 00:00,0.0
12/15/2023 00:30,0.0
12/15/2023 01:00,0.0
12/15/2023 01:30,0.0
12/15/2023 02:00,0.0
12/15/2023 02:30,0.0
12/15/2023 03:00,0.0
12/15/2023 03:30,0.0
12/15/2023 04:00,0.0
12/15/2023 04:30,0.0
12/15/2023 05:00,0.0
12/15/2023 05:30,0.0
12/15/2023 06:00,0.0
12/15/2023 06:30,0.0
12/15/2023 07:00,0.0
12/15/2023 07:30,0.0
12/15/2023 08:00,0.0
12/15/2023 08:30,0.0
12/15/2023 09:00,0.0
12/15/2023 09:30,0.0
12/15/2023 10:00,0.0
12/15/2023 10:30,0.0
12/15/2023 11:00,0.0
12/15/2023 11:30,0.0
12/15/2023 12:00,0.0
12/15/2023 12:30,0.0
12/15/2023 13:00,0.0
12/15/2023 13:30,0.0
12/15/2023 14:00,0.0
12/15/2023 14:30,0.0
12/15/2023 15:00,0.0
12/15/2023 15:30,0.0
12/15/2023 16:00,0.0
12/15/2023 16:30,0.0
12/15/2023 17:00,0.0
12/15/2023 17:30,0.0
12/15/2023 18:00,0.0
12/15/2023 18:30,0.0
12/15/2023 19:00,0.0
12/15/2023 19:30,0.0
12/15/2023 20:00,0.0
12/15/2023 20:30,0.0
12/15/2023 21:00,0.0
12/15/2023 21:30,0.0
12/15/2023 22:00,0.0
12/15/2023 22:30,0.0
12/15/2023 23:00,0.0
12/15/2023 23:30,0.0
12/16/2023 00:00,0.0
12/16/2023 00:30,0.0
12/16/2023 01:00,0.0
12/16/2023 01:30,0.0
12/16/2023 02:00,0.0
12/16/2023 02:30,0.0
12/16/2023 03:00,0.0
12/16/2023 03:30,0.0
12/16/2023 04:00,0.0
12/16/2023 04:30,0.0
12/16/2023 05:00,0.0
12/16/2023 05:30,0.0
12/16/2023 06:00,0.0
12/16/2023 06:30,0.0
12/16/2023 07:00,0.0
12/16/2023 07:30,0.0
12/16/2023 08:00,0.0
12/16/2023 08:30,0.0
12/16/2023 09:00,0.0
12/16/2023 09:30,0.0
12/16/2023 10:00,0.0
12/16/2023 10:30,0.0
12/16/2023 11:00,0.0
12/16/2023 11:30,0.0
12/16/2023 12:00,0.0
12/16/2023 12:30,0.0
12/16/2023 13:00,0.0
12/16/2023 13:30,0.0
12/16/2023 14:00,0.0
12/16/2023 14:30,0.0
12/16/2023 15:00,0.0
12/16/2023 15:30,0.0
12/16/2023 16:00,0.0
12/16/2023 16:30,0.0
12/16/2023 17:00,0.0
12/16/2023 17:30,0.0
12/16/2023 18:00,0.0
12/16/2023 18:30,0.0
12/16/2023 19:00,0.0
12/16/2023 19:30,0.0
12/16/2023 20:00,0.0
12/16/2023 20:30,0.0
12/16/2023 21:00,0.0
12/16/2023 21:30,0.0
12/16/2023 22:00,0.0
12/16/2023 22:30,0.0
12/16/2023 23:00,0.0
12/16/2023 23:30,0.0
12/17/2023 00:00,0.0
12/17/2023 00:30,0.0
12/17/2023 01:00,0.0
12/17/2023 01:30,0.0
12/17/2023 02:00,0.0
12/17/2023 02:30,0.0
12/17/2023 03:00,0.0
12/17/2023 03:30,0.0
12/17/2023 04:00,0.0
12/17/2023 04:30,0.0
12/17/2023 05:00,0.0
12/17/2023 05:30,0.0
12/17/2023 06:00,0.0
12/17/2023 06:30,0.0
12/17/2023 07:00,0.0
12/17/2023 07:30,0.0
12/17/2023 08:00,0.0
12/17/2023 08:30,0.0
12/17/2023 09:00,0.0
12/17/2023 09:30,0.0
12/17/2023 10:00,0.0
12/17/2023 10:30,0.0
12/17/2023 11:00,0.0
12/17/2023 11:30,0.0
12/17/2023 12:00,0.0
12/17/2023 12:30,0.0
12/17/2023 13:00,0.0
12/17/2023 13:30,0.0
12/17/2023 14:00,0.0
12/17/2023 14:30,0.0
12/17/2023 15:00,0.0
12/17/2023 15:30,0.0
12/17/2023 16:00,0.0
12/17/2023 16:30,0.0
12/17/2023 17:00,0.0
12/17/2023 17:30,0.0
12/17/2023 18:00,0.0
12/17/2023 18:30,0.0
12/17/2023 19:00,0.0
12/17/2023 19:30,0.0
12/17/2023 20:00,0.0
12/17/2023 20:30,0.0
12/17/2023 21:00,0.0
12/17/2023 21:30,0.0
12/17/2023 22:00,0.0
12/17/2023 22:30,0.0
12/17/2023 23:00,0.0
12/17/2023 23:30,0.0
12/18/2023 00:00,0.0
12/18/2023 00:30,0.0
12/18/2023 01:00,0.0
12/18/2023 01:30,0.0
12/18/2023 02:00,0.0
12/18/2023 02:30,0.0
12/18/2023 03:00,0.0
12/18/2023 03:30,0.0
12/18/2023 04:00,0.0
12/18/2023 04:30,0.0
12/18/2023 05:00,0.0
12/18/2023 05:30,0.0
12/18/2023 06:00,0.0
12/18/2023 06:30,0.0
12/18/2023 07:00,0.0
12/18/2023 07:30,0.0
12/18/2023 08:00,0.0
12/18/2023 08:30,0.0
12/18/2023 09:00,0.0
12/18/2023 09:30,0.0
12/18/2023 10:00,0.0
12/18/2023 10:30,0.0
12/18/2023 11:00,0.0
12/18/2023 11:30,0.0
12/18/2023 12:00,0.0
12/18/2023 12:30,0.0
12/18/2023 13:00,0.0
12/18/2023 13:30,0.0
12/18/2023 14:00,0.0
12/18/2023 14:30,0.0
12/18/2023 15:00,0.0
12/18/2023 15:30,0.0
12/18/2023 16:00,0.0
12/18/2023 16:30,0.0
12/18/2023 17:00,0.0
12/18/2023 17:30,0.0
12/18/2023 18:00,0.0
12/18/2023 18:30,0.0
12/18/2023 19:00,0.0
12/18/2023 19:30,0.0
12/18/2023 20:00,0.0
12/18/2023 20:30,0.0
12/18/2023 21:00,0.0
12/18/2023 21:30,0.0
12/18/2023 22:00,0.0
12/18/2023 22:30,0.0
12/18/2023 23:00,0.0
12/18/2023 23:30,0.0
12/19/2023 00:00,0.0
12/19/2023 00:30,0.0
12/19/2023 01:00,0.0
12/19/2023 01:30,0.0
12/19/2023 02:00,0.0
12/19/2023 02:30,0.0
12/19/2023 03:00,0.0
12/19/2023 03:30,0.0
12/19/2023 04:00,0.0
12/19/2023 04:30,0.0
12/19/2023 05:00,0.0
12/19/2023 05:30,0.0
12/19/2023 06:00,0.0
12/19/2023 06:30,0.0
12/19/2023 07:00,0.0
12/19/2023 07:30,0.0
12/19/2023 08:00,0.0
12/19/2023 08:30,0.0
12/19/2023 09:00,0.0
12/19/2023 09:30,0.0
12/19/2023 10:00,0.0
12/19/2023 10:30,0.0
12/19/2023 11:00,0.0
12/19/2023 11:30,0.0
12/19/2023 12:00,0.0
12/19/2023 12:30,0.0
12/19/2023 13:00,0.0
12/19/2023 13:30,0.0
12/19/2023 14:00,0.0
12/19/2023 14:30,0.0
12/19/2023 15:00,0.0
12/19/2023 15:30,0.0
12/19/2023 16:00,0.0
12/19/2023 16:30,0.0
12/19/2023 17:00,0.0
12/19/2023 17:30,0.0
12/19/2023 18:00,0.0
12/19/2023 18:30,0.0
12/19/2023 19:00,0.0
12/19/2023 19:30,0.0
12/19/2023 20:00,0.0
12/19/2023 20:30,0.0
12/19/2023 21:00,0.0
12/19/2023 21:30,0.0
12/19/2023 22:00,0.0
12/19/2023 22:30,0.0
12/19/2023 23:00,0.0
12/19/2023 23:30,0.0
12/20/2023 00:00,0.0
12/20/2023 00:30,0.0
12/20/2023 01:00,0.0
12/20/2023 01:30,0.0
12/20/2023 02:00,0.0
12/20/2023 02:30,0.0
12/20/2023 03:00,0.0
12/20/2023 03:30,0.0
12/20/2023 04:00,0.0
12/20/2023 04:30,0.0
12/20/2023 05:00,0.0
12/20/2023 05:30,0.0
12/20/2023 06:00,0.0
12/20/2023 06:30,0.0
12/20/2023 07:00,0.0
12/20/2023 07:30,0.0
12/20/2023 08:00,0.0
12/20/2023 08:30,0.0
12/20/2023 09:00,0.0
12/20/2023 09:30,0.0
12/20/2023 10:00,0.0
12/20/2023 10:30,0.0
12/20/2023 11:00,0.0
12/20/2023 11:30,0.0
12/20/2023 12:00,0.0
12/20/2023 12:30,0.0
12/20/2023 13:00,0.0
12/20/2023 13:30,0.0
12/20/2023 14:00,0.0
12/20/2023 14:30,0.0
12/20/2023 15:00,0.0
12/20/2023 15:30,0.0
12/20/2023 16:00,0.0
12/20/2023 16:30,0.0
12/20/2023 17:00,0.0
12/20/2023 17:30,0.0
12/20/2023 18:00,0.0
12/20/2023 18:30,0.0
12/20/2023 19:00,0.0
12/20/2023 19:30,0.0
12/20/2023 20:00,0.0
12/20/2023 20:30,0.0
12/20/2023 21:00,0.0
12/20/2023 21:30,0.0
12/20/2023 22:00,0.0
12/20/2023 22:30,0.0
12/20/2023 23:00,0.0
12/20/2023 23:30,0.0
12/21/2023 00:00,0.0
12/21/2023 00:30,0.0
12/21/2023 01:00,0.0
12/21/2023 01:30,0.0
12/21/2023 02:00,0.0
12/21/2023 02:30,0.0
12/21/2023 03:00,0.0
12/21/2023 03:30,0.0
12/21/2023 04:00,0.0
12/21/2023 04:30,0.0
12/21/2023 05:00,0.0
12/21/2023 05:30,0.0
12/21/2023 06:00,0.0
12/21/2023 06:30,0.0
12/21/2023 07:00,0.0
12/21/2023 07:30,0.0
12/21/2023 08:00,0.0
12/21/2023 08:30,0.0
12/21/2023 09:00,0.0
12/21/2023 09:30,0.0
12/21/2023 10:00,0.0
12/21/2023 10:30,0.0
12/21/2023 11:00,0.0
12/21/2023 11:30,0.0
12/21/2023 12:00,0.0
12/21/2023 12:30,0.0
12/21/2023 13:00,0.0
12/21/2023 13:30,0.0
12/21/2023 14:00,0.0
12/21/2023 14:30,0.0
12/21/2023 15:00,0.0
12/21/2023 15:30,0.0
12/21/2023 16:00,0.0
12/21/2023 16:30,0.0
12/21/2023 17:00,0.0
12/21/2023 17:30,0.0
12/21/2023 18:00,0.0
12/21/2023 18:30,0.0
12/21/2023 19:00,0.0
12/21/2023 19:30,0.0
12/21/2023 20:00,0.0
12/21/2023 20:30,0.0
12/21/2023 21:00,0.0
12/21/2023 21:30,0.0
12/21/2023 22:00,0.0
12/21/2023 22:30,0.0
12/21/2023 23:00,0.0
12/21/2023 23:30,0.0
12/22/2023 00:00,0.0
12/22/2023 00:30,0.0
12/22/2023 01:00,0.0
12/22/2023 01:30,0.0
12/22/2023 02:00,0.0
12/22/2023 02:30,0.0
12/22/2023 03:00,0.0
12/22/2023 03:30,0.0
12/22/2023 04:00,0.0
12/22/2023 04:30,0.0
12/22/2023 05:00,0.0
12/22/2023 05:30,0.0
12/22/2023 06:00,0.0
12/22/2023 06:30,0.0
12/22/2023 07:00,0.0
12/22/2023 07:30,0.0
12/22/2023 08:00,0.0
12/22/2023 08:30,0.0
12/22/2023 09:00,0.0
12/22/2023 09:30,0.0
12/22/2023 10:00,0.0
12/22/2023 10:30,0.0
12/22/2023 11:00,0.0
12/22/2023 11:30,0.0
12/22/2023 12:00,0.0
12/22/2023 12:30,0.0
12/22/2023 13:00,0.0
12/22/2023 13:30,0.0
12/22/2023 14:00,0.0
12/22/2023 14:30,0.0
12/22/2023 15:00,0.0
12/22/2023 15:30,0.0
12/22/2023 16:00,0.0
12/22/2023 16:30,0.0
12/22/2023 17:00,0.0
12/22/2023 17:30,0.0
12/22/2023 18:00,0.0
12/22/2023 18:30,0.0
12/22/2023 19:00,0.0
12/22/2023 19:30,0.0
12/22/2023 20:00,0.0
12/22/2023 20:30,0.0
12/22/2023 21:00,0.0
12/22/2023 21:30,0.0
12/22/2023 22:00,0.0
12/22/2023 22:30,0.0
12/22/2023 23:00,0.0
12/22/2023 23:30,0.0
12/23/2023 00:00,0.0
12/23/2023 00:30,0.0
12/23/2023 01:00,0.0
12/23/2023 01:30,0.0
12/23/2023 02:00,0.0
12/23/2023 02:30,0.0
12/23/2023 03:00,0.0
12/23/2023 03:30,0.0
12/23/2023 04:00,0.0
12/23/2023 04:30,0.0
12/23/2023 05:00,0.0
12/23/2023 05:30,0.0
12/23/2023 06:00,0.0
12/23/2023 06:30,0.0
12/23/2023 07:00,0.0
12/23/2023 07:30,0.0
12/23/2023 08:00,0.0
12/23/2023 08:30,0.0
12/23/2023 09:00,0.0
12/23/2023 09:30,0.0
12/23/2023 10:00,0.0
12/23/2023 10:30,0.0
12/23/2023 11:00,0.0
12/23/2023 11:30,0.0
12/23/2023 12:00,0.0
12/23/2023 12:30,0.0
12/23/2023 13:00,0.0
12/23/2023 13:30,0.0
12/23/2023 14:00,0.0
12/23/2023 14:30,0.0
12/23/2023 15:00,0.0
12/23/2023 15:30,0.0
12/23/2023 16:00,0.0
12/23/2023 16:30,0.0
12/23/2023 17:00,0.0
12/23/2023 17:30,0.0
12/23/2023 18:00,0.0
12/23/2023 18:30,0.0
12/23/2023 19:00,0.0
12/23/2023 19:30,0.0
12/23/2023 20:00,0.0
12/23/2023 20:30,0.0
12/23/2023 21:00,0.0
12/23/2023 21:30,0.0
12/23/2023 22:00,0.0
12/23/2023 22:30,0.0
12/23/2023 23:00,0.0
12/23/2023 23:30,0.0
12/24/2023 00:00,0.0
12/24/2023 00:30,0.0
12/24/2023 01:00,0.0
12/24/2023 01:30,0.0
12/24/2023 02:00,0.0
12/24/2023 02:30,0.0
12/24/2023 03:00,0.0
12/24/2023 03:30,0.0
12/24/2023 04:00,0.0
12/24/2023 04:30,0.0
12/24/2023 05:00,0.0
12/24/2023 05:30,0.0
12/24/2023 06:00,0.0
12/24/2023 06:30,0.0
12/24/2023 07:00,0.0
12/24/2023 07:30,0.0
12/24/2023 08:00,0.0
12/24/2023 08:30,0.0
12/24/2023 09:00,0.0
12/24/2023 09:30,0.0
12/24/2023 10:00,0.0
12/24/2023 10:30,0.0
12/24/2023 11:00,0.0
12/24/2023 11:30,0.0
12/24/2023 12:00,0.0
12/24/2023 12:30,0.0
12/24/2023 13:00,0.0
12/24/2023 13:30,0.0
12/24/2023 14:00,0.0
12/24/2023 14:30,0.0
12/24/2023 15:00,0.0
12/24/2023 15:30,0.0
12/24/2023 16:00,0.0
12/24/2023 16:30,0.0
12/24/2023 17:00,0.0
12/24/2023 17:30,0.0
12/24/2023 18:00,0.0
12/24/2023 18:30,0.0
12/24/2023 19:00,0.0
12/24/2023 19:30,0.0
12/24/2023 20:00,0.0
12/24/2023 20:30,0.0
12/24/2023 21:00,0.0
12/24/2023 21:30,0.0
12/24/2023 22:00,0.0
12/24/2023 22:30,0.0
12/24/2023 23:00,0.0
12/24/2023 23:30,0.0
12/25/2023 00:00,0.0
12/25/2023 00:30,0.0
12/25/2023 01:00,0.0
12/25/2023 01:30,0.0
12/25/2023 02:00,0.0
12/25/2023 02:30,0.0
12/25/2023 03:00,0.0
12/25/2023 03:30,0.0
12/25/2023 04:00,0.0
12/25/2023 04:30,0.0
12/25/2023 05:00,0.0
12/25/2023 05:30,0.0
12/25/2023 06:00,0.0
12/25/2023 06:30,0.0
12/25/2023 07:00,0.0
12/25/2023 07:30,0.0
12/25/2023 08:00,0.0
12/25/2023 08:30,0.0
12/25/2023 09:00,0.0
12/25/2023 09:30,0.0
12/25/2023 10:00,0.0
12/25/2023 10:30,0.0
12/25/2023 11:00,0.0
12/25/2023 11:30,0.0
12/25/2023 12:00,0.0
12/25/2023 12:30,0.0
12/25/2023 13:00,0.0
12/25/2023 13:30,0.0
12/25/2023 14:00,0.0
12/25/2023 14:30,0.0
12/25/2023 15:00,0.0
12/25/2023 15:30,0.0
12/25/2023 16:00,0.0
12/25/2023 16:30,0.0
12/25/2023 17:00,0.0
12/25/2023 17:30,0.0
12/25/2023 18:00,0.0
12/25/2023 18:30,0.0
12/25/2023 19:00,0.0
12/25/2023 19:30,0.0
12/25/2023 20:00,0.0
12/25/2023 20:30,0.0
12/25/2023 21:00,0.0
12/25/2023 21:30,0.0
12/25/2023 22:00,0.0
12/25/2023 22:30,0.0
12/25/2023 23:00,0.0
12/25/2023 23:30,0.0
12/26/2023 00:00,0.0
12/26/2023 00:30,0.0
12/26/2023 01:00,0.0
12/26/2023 01:30,0.0
12/26/2023 02:00,0.0
12/26/2023 02:30,0.0
12/26/2023 03:00,0.0
12/26/2023 03:30,0.0
12/26/2023 04:00,0.0
12/26/2023 04:30,0.0
12/26/2023 05:00,0.0
12/26/2023 05:30,0.0
12/26/2023 06:00,0.0
12/26/2023 06:30,0.0
12/26/2023 07:00,0.0
12/26/2023 07:30,0.0
12/26/2023 08:00,0.0
12/26/2023 08:30,0.0
12/26/2023 09:00,0.0
12/26/2023 09:30,0.0
12/26/2023 10:00,0.0
12/26/2023 10:30,0.0
12/26/2023 11:00,0.0
12/26/2023 11:30,0.0
12/26/2023 12:00,0.0
12/26/2023 12:30,0.0
12/26/2023 13:00,0.0
12/26/2023 13:30,0.0
12/26/2023 14:00,0.0
12/26/2023 14:30,0.0
12/26/2023 15:00,0.0
12/26/2023 15:30,0.0
12/26/2023 16:00,0.0
12/26/2023 16:30,0.0
12/26/2023 17:00,0.0
12/26/2023 17:30,0.0
12/26/2023 18:00,0.0
12/26/2023 18:30,0.0
12/26/2023 19:00,0.0
12/26/2023 19:30,0.0
12/26/2023 20:00,0.0
12/26/2023 20:30,0.0
12/26/2023 21:00,0.0
12/26/2023 21:30,0.0
12/26/2023 22:00,0.0
12/26/2023 22:30,0.0
12/26/2023 23:00,0.0
12/26/2023 23:30,0.0
12/27/2023 00:00,0.0
12/27/2023 00:30,0.0
12/27/2023 01:00,0.0
12/27/2023 01:30,0.0
12/27/2023 02:00,0.0
12/27/2023 02:30,0.0
12/27/2023 03:00,0.0
12/27/2023 03:30,0.0
12/27/2023 04:00,0.0
12/27/2023 04:30,0.0
12/27/2023 05:00,0.0
12/27/2023 05:30,0.0
12/27/2023 06:00,0.0
12/27/2023 06:30,0.0
12/27/2023 07:00,0.0
12/27/2023 07:30,0.0
12/27/2023 08:00,0.0
12/27/2023 08:30,0.0
12/27/2023 09:00,0.0
12/27/2023 09:30,0.0
12/27/2023 10:00,0.0
12/27/2023 10:30,0.0
12/27/2023 11:00,0.0
12/27/2023 11:30,0.0
12/27/2023 12:00,0.0
12/27/2023 12:30,0.0
12/27/2023 13:00,0.0
12/27/2023 13:30,0.0
12/27/2023 14:00,0.0
12/27/2023 14:30,0.0
12/27/2023 15:00,0.0
12/27/2023 15:30,0.0
12/27/2023 16:00,0.0
12/27/2023 16:30,0.0
12/27/2023 17:00,0.0
12/27/2023 17:30,0.0
12/27/2023 18:00,0.0
12/27/2023 18:30,0.0
12/27/2023 19:00,0.0
12/27/2023 19:30,0.0
12/27/2023 20:00,0.0
12/27/2023 20:30,0.0
12/27/2023 21:00,0.0
12/27/2023 21:30,0.0
12/27/2023 22:00,0.0
12/27/2023 22:30,0.0
12/27/2023 23:00,0.0
12/27/2023 23:30,0.0
12/28/2023 00:00,0.0
12/28/2023 00:30,0.0
12/28/2023 01:00,0.0
12/28/2023 01:30,0.0
12/28/2023 02:00,0.0
12/28/2023 02:30,0.0
12/28/2023 03:00,0.0
12/28/2023 03:30,0.0
12/28/2023 04:00,0.0
12/28/2023 04:30,0.0
12/28/2023 05:00,0.0
12/28/2023 05:30,0.0
12/28/2023 06:00,0.0
12/28/2023 06:30,0.0
12/28/2023 07:00,0.0
12/28/2023 07:30,0.0
12/28/2023 08:00,0.0
12/28/2023 08:30,0.0
12/28/2023 09:00,0.0
12/28/2023 09:30,0.0
12/28/2023 10:00,0.0
12/28/2023 10:30,0.0
12/28/2023 11:00,0.0
12/28/2023 11:30,0.0
12/28/2023 12:00,0.0
12/28/2023 12:30,0.0
12/28/2023 13:00,0.0
12/28/2023 13:30,0.0
12/28/2023 14:00,0.0
12/28/2023 14:30,0.0
12/28/2023 15:00,0.0
12/28/2023 15:30,0.0
12/28/2023 16:00,0.0
12/28/2023 16:30,0.0
12/28/2023 17:00,0.0
12/28/2023 17:30,0.0
12/28/2023 18:00,0.0
12/28/2023 18:30,0.0
12/28/2023 19:00,0.0
12/28/2023 19:30,0.0
12/28/2023 20:00,0.0
12/28/2023 20:30,0.0
12/28/2023 21:00,0.0
12/28/2023 21:30,0.0
12/28/2023 22:00,0.0
12/28/2023 22:30,0.0
12/28/2023 23:00,0.0
12/28/2023 23:30,0.0
12/29/2023 00:00,0.0
12/29/2023 00:30,0.0
12/29/2023 01:00,0.0
12/29/2023 01:30,0.0
12/29/2023 02:00,0.0
12/29/2023 02:30,0.0
12/29/2023 03:00,0.0
12/29/2023 03:30,0.0
12/29/2023 04:00,0.0
12/29/2023 04:30,0.0
12/29/2023 05:00,0.0
12/29/2023 05:30,0.0
12/29/2023 06:00,0.0
12/29/2023 06:30,0.0
12/29/2023 07:00,0.0
12/29/2023 07:30,0.0
12/29/2023 08:00,0.0
12/29/2023 08:30,0.0
12/29/2023 09:00,0.0
12/29/2023 09:30,0.0
12/29/2023 10:00,0.0
12/29/2023 10:30,0.0
12/29/2023 11:00,0.0
12/29/2023 11:30,0.0
12/29/2023 12:00,0.0
12/29/2023 12:30,0.0
12/29/2023 13:00,0.0
12/29/2023 13:30,0.0
12/29/2023 14:00,0.0
12/29/2023 14:30,0.0
12/29/2023 15:00,0.0
12/29/2023 15:30,0.0
12/29/2023 16:00,0.0
12/29/2023 16:30,0.0
12/29/2023 17:00,0.0
12/29/2023 17:30,0.0
12/29/2023 18:00,0.0
12/29/2023 18:30,0.0
12/29/2023 19:00,0.0
12/29/2023 19:30,0.0
12/29/2023 20:00,0.0
12/29/2023 20:30,0.0
12/29/2023 21:00,0.0
12/29/2023 21:30,0.0
12/29/2023 22:00,0.0
12/29/2023 22:30,0.0
12/29/2023 23:00,0.0
12/29/2023 23:30,0.0
12/30/2023 00:00,0.0
12/30/2023 00:30,0.0
12/30/2023 01:00,0.0
12/30/2023 01:30,0.0
12/30/2023 02:00,0.0
12/30/2023 02:30,0.0
12/30/2023 03:00,0.0
12/30/2023 03:30,0.0
12/30/2023 04:00,0.0
12/30/2023 04:30,0.0
12/30/2023 05:00,0.0
12/30/2023 05:30,0.0
12/30/2023 06:00,0.0
12/30/2023 06:30,0.0
12/30/2023 07:00,0.0
12/30/2023 07:30,0.0
12/30/2023 08:00,0.0
12/30/2023 08:30,0.0
12/30/2023 09:00,0.0
12/30/2023 09:30,0.0
12/30/2023 10:00,0.0
12/30/2023 10:30,0.0
12/30/2023 11:00,0.0
12/30/2023 11:30,0.0
12/30/2023 12:00,0.0
12/30/2023 12:30,0.0
12/30/2023 13:00,0.0
12/30/2023 13:30,0.0
12/30/2023 14:00,0.0
12/30/2023 14:30,0.0
12/30/2023 15:00,0.0
12/30/2023 15:30,0.0
12/30/2023 16:00,0.0
12/30/2023 16:30,0.0
12/30/2023 17:00,0.0
12/30/2023 17:30,0.0
12/30/2023 18:00,0.0
12/30/2023 18:30,0.0
12/30/2023 19:00,0.0
12/30/2023 19:30,0.0
12/30/2023 20:00,0.0
12/30/2023 20:30,0.0
12/30/2023 21:00,0.0
12/30/2023 21:30,0.0
12/30/2023 22:00,0.0
12/30/2023 22:30,0.0
12/30/2023 23:00,0.0
12/30/2023 23:30,0.0
12/31/2023 00:00,0.0
12/31/2023 00:30,0.0
12/31/2023 01:00,0.0
12/31/2023 01:30,0.0
12/31/2023 02:00,0.0
12/31/2023 02:30,0.0
12/31/2023 03:00,0.0
12/31/2023 03:30,0.0
12/31/2023 04:00,0.0
12/31/2023 04:30,0.0
12/31/2023 05:00,0.0
12/31/2023 05:30,0.0
12/31/2023 06:00,0.0
12/31/2023 06:30,0.0
12/31/2023 07:00,0.0
12/31/2023 07:30,0.0
12/31/2023 08:00,0.0
12/31/2023 08:30,0.0
12/31/2023 09:00,0.0
12/31/2023 09:30,0.0
12/31/2023 10:00,0.0
12/31/2023 10:30,0.0
12/31/2023 11:00,0.0
12/31/2023 11:30,0.0
12/31/2023 12:00,0.0
12/31/2023 12:30,0.0
12/31/2023 13:00,0.0
12/31/2023 13:30,0.0
12/31/2023 14:00,0.0
12/31/2023 14:30,0.0
12/31/2023 15:00,0.0
12/31/2023 15:30,0.0
12/31/2023 16:00,0.0
12/31/2023 16:30,0.0
12/31/2023 17:00,0.0
12/31/2023 17:30,0.0
12/31/2023 18:00,0.0
12/31/2023 18:30,0.0
12/31/2023 19:00,0.0
12/31/2023 19:30,0.0
12/31/2023 20:00,0.0
12/31/2023 20:30,0.0
12/31/2023 21:00,0.0
12/31/2023 21:30,0.0
12/31/2023 22:00,0.0
12/31/2023 22:30,0.0
12/31/2023 23:00,0.0
12/31/2023 23:30,0.0
