01/01/2023 00:00,0.0
01/01/2023 00:30,0.0
01/01/2023 01:00,0.0
01/01/2023 01:30,0.0
01/01/2023 02:00,0.0
01/01/2023 02:30,0.0
01/01/2023 03:00,0.0
01/01/2023 03:30,0.0
01/01/2023 04:00,0.0
01/01/2023 04:30,0.0
01/01/2023 05:00,0.0
01/01/2023 05:30,0.0
01/01/2023 06:00,0.0
01/01/2023 06:30,0.0
01/01/2023 07:00,0.0
01/01/2023 07:30,0.0
01/01/2023 08:00,0.0
01/01/2023 08:30,0.0
01/01/2023 09:00,0.0
01/01/2023 09:30,0.0
01/01/2023 10:00,0.0
01/01/2023 10:30,0.0
01/01/2023 11:00,0.0
01/01/2023 11:30,0.0
01/01/2023 12:00,0.0
01/01/2023 12:30,0.0
01/01/2023 13:00,0.0
01/01/2023 13:30,0.0
01/01/2023 14:00,0.0
01/01/2023 14:30,0.0
01/01/2023 15:00,0.0
01/01/2023 15:30,0.0
01/01/2023 16:00,0.0
01/01/2023 16:30,0.0
01/01/2023 17:00,0.0
01/01/2023 17:30,0.0
01/01/2023 18:00,0.0
01/01/2023 18:30,0.0
01/01/2023 19:00,0.0
01/01/2023 19:30,0.0
01/01/2023 20:00,0.0
01/01/2023 20:30,0.0
01/01/2023 21:00,0.0
01/01/2023 21:30,0.0
01/01/2023 22:00,0.0
01/01/2023 22:30,0.0
01/01/2023 23:00,0.0
01/01/2023 23:30,0.0
01/02/2023 00:00,0.0
01/02/2023 00:30,0.0
01/02/2023 01:00,0.0
01/02/2023 01:30,0.0
01/02/2023 02:00,0.0
01/02/2023 02:30,0.0
01/02/2023 03:00,0.0
01/02/2023 03:30,0.0
01/02/2023 04:00,0.0
01/02/2023 04:30,0.0
01/02/2023 05:00,0.0
01/02/2023 05:30,0.0
01/02/2023 06:00,0.0
01/02/2023 06:30,0.0
01/02/2023 07:00,0.0
01/02/2023 07:30,0.0
01/02/2023 08:00,0.0
01/02/2023 08:30,0.0
01/02/2023 09:00,0.0
01/02/2023 09:30,0.0
01/02/2023 10:00,0.0
01/02/2023 10:30,0.0
01/02/2023 11:00,0.0
01/02/2023 11:30,0.0
01/02/2023 12:00,0.0
01/02/2023 12:30,0.0
01/02/2023 13:00,0.0
01/02/2023 13:30,0.0
01/02/2023 14:00,0.0
01/02/2023 14:30,0.0
01/02/2023 15:00,0.0
01/02/2023 15:30,0.0
01/02/2023 16:00,0.0
01/02/2023 16:30,0.0
01/02/2023 17:00,0.0
01/02/2023 17:30,0.0
01/02/2023 18:00,0.0
01/02/2023 18:30,0.0
01/02/2023 19:00,0.0
01/02/2023 19:30,0.0
01/02/2023 20:00,0.0
01/02/2023 20:30,0.0
01/02/2023 21:00,0.0
01/02/2023 21:30,0.0
01/02/2023 22:00,0.0
01/02/2023 22:30,0.0
01/02/2023 23:00,0.0
01/02/2023 23:30,0.0
01/03/2023 00:00,0.0
01/03/2023 00:30,0.0
01/03/2023 01:00,0.0
01/03/2023 01:30,0.0
01/03/2023 02:00,0.0
01/03/2023 02:30,0.0
01/03/2023 03:00,0.0
01/03/2023 03:30,0.0
01/03/2023 04:00,0.0
01/03/2023 04:30,0.0
01/03/2023 05:00,0.0
01/03/2023 05:30,0.0
01/03/2023 06:00,0.0
01/03/2023 06:30,0.0
01/03/2023 07:00,0.0
01/03/2023 07:30,0.0
01/03/2023 08:00,0.0
01/03/2023 08:30,0.0
01/03/2023 09:00,0.0
01/03/2023 09:30,0.0
01/03/2023 10:00,0.0
01/03/2023 10:30,0.0
01/03/2023 11:00,0.0
01/03/2023 11:30,0.0
01/03/2023 12:00,0.0
01/03/2023 12:30,0.0
01/03/2023 13:00,0.0
01/03/2023 13:30,0.0
01/03/2023 14:00,0.0
01/03/2023 14:30,0.0
01/03/2023 15:00,0.0
01/03/2023 15:30,0.0
01/03/2023 16:00,0.0
01/03/2023 16:30,0.0
01/03/2023 17:00,0.0
01/03/2023 17:30,0.0
01/03/2023 18:00,0.0
01/03/2023 18:30,0.0
01/03/2023 19:00,0.0
01/03/2023 19:30,0.0
01/03/2023 20:00,0.0
01/03/2023 20:30,0.0
01/03/2023 21:00,0.0
01/03/2023 21:30,0.0
01/03/2023 22:00,0.0
01/03/2023 22:30,0.0
01/03/2023 23:00,0.0
01/03/2023 23:30,0.0
01/04/2023 00:00,0.0
01/04/2023 00:30,0.0
01/04/2023 01:00,0.0
01/04/2023 01:30,0.0
01/04/2023 02:00,0.0
01/04/2023 02:30,0.0
01/04/2023 03:00,0.0
01/04/2023 03:30,0.0
01/04/2023 04:00,0.0
01/04/2023 04:30,0.0
01/04/2023 05:00,0.0
01/04/2023 05:30,0.0
01/04/2023 06:00,0.0
01/04/2023 06:30,0.0
01/04/2023 07:00,0.0
01/04/2023 07:30,0.0
01/04/2023 08:00,0.0
01/04/2023 08:30,0.0
01/04/2023 09:00,0.0
01/04/2023 09:30,0.0
01/04/2023 10:00,0.0
01/04/2023 10:30,0.0
01/04/2023 11:00,0.0
01/04/2023 11:30,0.0
01/04/2023 12:00,0.0
01/04/2023 12:30,0.0
01/04/2023 13:00,0.0
01/04/2023 13:30,0.0
01/04/2023 14:00,0.0
01/04/2023 14:30,0.0
01/04/2023 15:00,0.0
01/04/2023 15:30,0.0
01/04/2023 16:00,0.0
01/04/2023 16:30,0.0
01/04/2023 17:00,0.0
01/04/2023 17:30,0.0
01/04/2023 18:00,0.0
01/04/2023 18:30,0.0
01/04/2023 19:00,0.0
01/04/2023 19:30,0.0
01/04/2023 20:00,0.0
01/04/2023 20:30,0.0
01/04/2023 21:00,0.0
01/04/2023 21:30,0.0
01/04/2023 22:00,0.0
01/04/2023 22:30,0.0
01/04/2023 23:00,0.0
01/04/2023 23:30,0.0
01/05/2023 00:00,0.0
01/05/2023 00:30,0.0
01/05/2023 01:00,0.0
01/05/2023 01:30,0.0
01/05/2023 02:00,0.0
01/05/2023 02:30,0.0
01/05/2023 03:00,0.0
01/05/2023 03:30,0.0
01/05/2023 04:00,0.0
01/05/2023 04:30,0.0
01/05/2023 05:00,0.0
01/05/2023 05:30,0.0
01/05/2023 06:00,0.0
01/05/2023 06:30,0.0
01/05/2023 07:00,0.0
01/05/2023 07:30,0.0
01/05/2023 08:00,0.0
01/05/2023 08:30,0.0
01/05/2023 09:00,0.0
01/05/2023 09:30,0.0
01/05/2023 10:00,0.0
01/05/2023 10:30,0.0
01/05/2023 11:00,0.0
01/05/2023 11:30,0.0
01/05/2023 12:00,0.0
01/05/2023 12:30,0.0
01/05/2023 13:00,0.0
01/05/2023 13:30,0.0
01/05/2023 14:00,0.0
01/05/2023 14:30,0.0
01/05/2023 15:00,0.0
01/05/2023 15:30,0.0
01/05/2023 16:00,0.0
01/05/2023 16:30,0.0
01/05/2023 17:00,0.0
01/05/2023 17:30,0.0
01/05/2023 18:00,0.0
01/05/2023 18:30,0.0
01/05/2023 19:00,0.0
01/05/2023 19:30,0.0
01/05/2023 20:00,0.0
01/05/2023 20:30,0.0
01/05/2023 21:00,0.0
01/05/2023 21:30,0.0
01/05/2023 22:00,0.0
01/05/2023 22:30,0.0
01/05/2023 23:00,0.0
01/05/2023 23:30,0.0
01/06/2023 00:00,0.0
01/06/2023 00:30,0.0
01/06/2023 01:00,0.0
01/06/2023 01:30,0.0
01/06/2023 02:00,0.0
01/06/2023 02:30,0.0
01/06/2023 03:00,0.0
01/06/2023 03:30,0.0
01/06/2023 04:00,0.0
01/06/2023 04:30,0.0
01/06/2023 05:00,0.0
01/06/2023 05:30,0.0
01/06/2023 06:00,0.0
01/06/2023 06:30,0.0
01/06/2023 07:00,0.0
01/06/2023 07:30,0.0
01/06/2023 08:00,0.0
01/06/2023 08:30,0.0
01/06/2023 09:00,0.0
01/06/2023 09:30,0.0
01/06/2023 10:00,0.0
01/06/2023 10:30,0.0
01/06/2023 11:00,0.0
01/06/2023 11:30,0.0
01/06/2023 12:00,0.0
01/06/2023 12:30,0.0
01/06/2023 13:00,0.0
01/06/2023 13:30,0.0
01/06/2023 14:00,0.0
01/06/2023 14:30,0.0
01/06/2023 15:00,0.0
01/06/2023 15:30,0.0
01/06/2023 16:00,0.0
01/06/2023 16:30,0.0
01/06/2023 17:00,0.0
01/06/2023 17:30,0.0
01/06/2023 18:00,0.0
01/06/2023 18:30,0.0
01/06/2023 19:00,0.0
01/06/2023 19:30,0.0
01/06/2023 20:00,0.0
01/06/2023 20:30,0.0
01/06/2023 21:00,0.0
01/06/2023 21:30,0.0
01/06/2023 22:00,0.0
01/06/2023 22:30,0.0
01/06/2023 23:00,0.0
01/06/2023 23:30,0.0
01/07/2023 00:00,0.0
01/07/2023 00:30,0.0
01/07/2023 01:00,0.0
01/07/2023 01:30,0.0
01/07/2023 02:00,0.0
01/07/2023 02:30,0.0
01/07/2023 03:00,0.0
01/07/2023 03:30,0.0
01/07/2023 04:00,0.0
01/07/2023 04:30,0.0
01/07/2023 05:00,0.0
01/07/2023 05:30,0.0
01/07/2023 06:00,0.0
01/07/2023 06:30,0.0
01/07/2023 07:00,0.0
01/07/2023 07:30,0.0
01/07/2023 08:00,0.0
01/07/2023 08:30,0.0
01/07/2023 09:00,0.0
01/07/2023 09:30,0.0
01/07/2023 10:00,0.0
01/07/2023 10:30,0.0
01/07/2023 11:00,0.0
01/07/2023 11:30,0.0
01/07/2023 12:00,0.0
01/07/2023 12:30,0.0
01/07/2023 13:00,0.0
01/07/2023 13:30,0.0
01/07/2023 14:00,0.0
01/07/2023 14:30,0.0
01/07/2023 15:00,0.0
01/07/2023 15:30,0.0
01/07/2023 16:00,0.0
01/07/2023 16:30,0.0
01/07/2023 17:00,0.0
01/07/2023 17:30,0.0
01/07/2023 18:00,0.0
01/07/2023 18:30,0.0
01/07/2023 19:00,0.0
01/07/2023 19:30,0.0
01/07/2023 20:00,0.0
01/07/2023 20:30,0.0
01/07/2023 21:00,0.0
01/07/2023 21:30,0.0
01/07/2023 22:00,0.0
01/07/2023 22:30,0.0
01/07/2023 23:00,0.0
01/07/2023 23:30,0.0
01/08/2023 00:00,0.0
01/08/2023 00:30,0.0
01/08/2023 01:00,0.0
01/08/2023 01:30,0.0
01/08/2023 02:00,0.0
01/08/2023 02:30,0.0
01/08/2023 03:00,0.0
01/08/2023 03:30,0.0
01/08/2023 04:00,0.0
01/08/2023 04:30,0.0
01/08/2023 05:00,0.0
01/08/2023 05:30,0.0
01/08/2023 06:00,0.0
01/08/2023 06:30,0.0
01/08/2023 07:00,0.0
01/08/2023 07:30,0.0
01/08/2023 08:00,0.0
01/08/2023 08:30,0.0
01/08/2023 09:00,0.0
01/08/2023 09:30,0.0
01/08/2023 10:00,0.0
01/08/2023 10:30,0.0
01/08/2023 11:00,0.0
01/08/2023 11:30,0.0
01/08/2023 12:00,0.0
01/08/2023 12:30,0.0
01/08/2023 13:00,0.0
01/08/2023 13:30,0.0
01/08/2023 14:00,0.0
01/08/2023 14:30,0.0
01/08/2023 15:00,0.0
01/08/2023 15:30,0.0
01/08/2023 16:00,0.0
01/08/2023 16:30,0.0
01/08/2023 17:00,0.0
01/08/2023 17:30,0.0
01/08/2023 18:00,0.0
01/08/2023 18:30,0.0
01/08/2023 19:00,0.0
01/08/2023 19:30,0.0
01/08/2023 20:00,0.0
01/08/2023 20:30,0.0
01/08/2023 21:00,0.0
01/08/2023 21:30,0.0
01/08/2023 22:00,0.0
01/08/2023 22:30,0.0
01/08/2023 23:00,0.0
01/08/2023 23:30,0.0
01/09/2023 00:00,0.0
01/09/2023 00:30,0.0
01/09/2023 01:00,0.0
01/09/2023 01:30,0.0
01/09/2023 02:00,0.0
01/09/2023 02:30,0.0
01/09/2023 03:00,0.0
01/09/2023 03:30,0.0
01/09/2023 04:00,0.0
01/09/2023 04:30,0.0
01/09/2023 05:00,0.0
01/09/2023 05:30,0.0
01/09/2023 06:00,0.0
01/09/2023 06:30,0.0
01/09/2023 07:00,0.0
01/09/2023 07:30,0.0
01/09/2023 08:00,0.0
01/09/2023 08:30,0.0
01/09/2023 09:00,0.0
01/09/2023 09:30,0.0
01/09/2023 10:00,0.0
01/09/2023 10:30,0.0
01/09/2023 11:00,0.0
01/09/2023 11:30,0.0
01/09/2023 12:00,0.0
01/09/2023 12:30,0.0
01/09/2023 13:00,0.0
01/09/2023 13:30,0.0
01/09/2023 14:00,0.0
01/09/2023 14:30,0.0
01/09/2023 15:00,0.0
01/09/2023 15:30,0.0
01/09/2023 16:00,0.0
01/09/2023 16:30,0.0
01/09/2023 17:00,0.0
01/09/2023 17:30,0.0
01/09/2023 18:00,0.0
01/09/2023 18:30,0.0
01/09/2023 19:00,0.0
01/09/2023 19:30,0.0
01/09/2023 20:00,0.0
01/09/2023 20:30,0.0
01/09/2023 21:00,0.0
01/09/2023 21:30,0.0
01/09/2023 22:00,0.0
01/09/2023 22:30,0.0
01/09/2023 23:00,0.0
01/09/2023 23:30,0.0
01/10/2023 00:00,0.0
01/10/2023 00:30,0.0
01/10/2023 01:00,0.0
01/10/2023 01:30,0.0
01/10/2023 02:00,0.0
01/10/2023 02:30,0.0
01/10/2023 03:00,0.0
01/10/2023 03:30,0.0
01/10/2023 04:00,0.0
01/10/2023 04:30,0.0
01/10/2023 05:00,0.0
01/10/2023 05:30,0.0
01/10/2023 06:00,0.0
01/10/2023 06:30,0.0
01/10/2023 07:00,0.0
01/10/2023 07:30,0.0
01/10/2023 08:00,0.0
01/10/2023 08:30,0.0
01/10/2023 09:00,0.0
01/10/2023 09:30,0.0
01/10/2023 10:00,0.0
01/10/2023 10:30,0.0
01/10/2023 11:00,0.0
01/10/2023 11:30,0.0
01/10/2023 12:00,0.0
01/10/2023 12:30,0.0
01/10/2023 13:00,0.0
01/10/2023 13:30,0.0
01/10/2023 14:00,0.0
01/10/2023 14:30,0.0
01/10/2023 15:00,0.0
01/10/2023 15:30,0.0
01/10/2023 16:00,0.0
01/10/2023 16:30,0.0
01/10/2023 17:00,0.0
01/10/2023 17:30,0.0
01/10/2023 18:00,0.0
01/10/2023 18:30,0.0
01/10/2023 19:00,0.0
01/10/2023 19:30,0.0
01/10/2023 20:00,0.0
01/10/2023 20:30,0.0
01/10/2023 21:00,0.0
01/10/2023 21:30,0.0
01/10/2023 22:00,0.0
01/10/2023 22:30,0.0
01/10/2023 23:00,0.0
01/10/2023 23:30,0.0
01/11/2023 00:00,0.0
01/11/2023 00:30,0.0
01/11/2023 01:00,0.0
01/11/2023 01:30,0.0
01/11/2023 02:00,0.0
01/11/2023 02:30,0.0
01/11/2023 03:00,0.0
01/11/2023 03:30,0.0
01/11/2023 04:00,0.0
01/11/2023 04:30,0.0
01/11/2023 05:00,0.0
01/11/2023 05:30,0.0
01/11/2023 06:00,0.0
01/11/2023 06:30,0.0
01/11/2023 07:00,0.0
01/11/2023 07:30,0.0
01/11/2023 08:00,0.0
01/11/2023 08:30,0.0
01/11/2023 09:00,0.0
01/11/2023 09:30,0.0
01/11/2023 10:00,0.0
01/11/2023 10:30,0.0
01/11/2023 11:00,0.0
01/11/2023 11:30,0.0
01/11/2023 12:00,0.0
01/11/2023 12:30,0.0
01/11/2023 13:00,0.0
01/11/2023 13:30,0.0
01/11/2023 14:00,0.0
01/11/2023 14:30,0.0
01/11/2023 15:00,0.0
01/11/2023 15:30,0.0
01/11/2023 16:00,0.0
01/11/2023 16:30,0.0
01/11/2023 17:00,0.0
01/11/2023 17:30,0.0
01/11/2023 18:00,0.0
01/11/2023 18:30,0.0
01/11/2023 19:00,0.0
01/11/2023 19:30,0.0
01/11/2023 20:00,0.0
01/11/2023 20:30,0.0
01/11/2023 21:00,0.0
01/11/2023 21:30,0.0
01/11/2023 22:00,0.0
01/11/2023 22:30,0.0
01/11/2023 23:00,0.0
01/11/2023 23:30,0.0
01/12/2023 00:00,0.0
01/12/2023 00:30,0.0
01/12/2023 01:00,0.0
01/12/2023 01:30,0.0
01/12/2023 02:00,0.0
01/12/2023 02:30,0.0
01/12/2023 03:00,0.0
01/12/2023 03:30,0.0
01/12/2023 04:00,0.0
01/12/2023 04:30,0.0
01/12/2023 05:00,0.0
01/12/2023 05:30,0.0
01/12/2023 06:00,0.0
01/12/2023 06:30,0.0
01/12/2023 07:00,0.0
01/12/2023 07:30,0.0
01/12/2023 08:00,0.0
01/12/2023 08:30,0.0
01/12/2023 09:00,0.0
01/12/2023 09:30,0.0
01/12/2023 10:00,0.0
01/12/2023 10:30,0.0
01/12/2023 11:00,0.0
01/12/2023 11:30,0.0
01/12/2023 12:00,0.0
01/12/2023 12:30,0.0
01/12/2023 13:00,0.0
01/12/2023 13:30,0.0
01/12/2023 14:00,0.0
01/12/2023 14:30,0.0
01/12/2023 15:00,0.0
01/12/2023 15:30,0.0
01/12/2023 16:00,0.0
01/12/2023 16:30,0.0
01/12/2023 17:00,0.0
01/12/2023 17:30,0.0
01/12/2023 18:00,0.0
01/12/2023 18:30,0.0
01/12/2023 19:00,0.0
01/12/2023 19:30,0.0
01/12/2023 20:00,0.0
01/12/2023 20:30,0.0
01/12/2023 21:00,0.0
01/12/2023 21:30,0.0
01/12/2023 22:00,0.0
01/12/2023 22:30,0.0
01/12/2023 23:00,0.0
01/12/2023 23:30,0.0
01/13/2023 00:00,0.0
01/13/2023 00:30,0.0
01/13/2023 01:00,0.0
01/13/2023 01:30,0.0
01/13/2023 02:00,0.0
01/13/2023 02:30,0.0
01/13/2023 03:00,0.0
01/13/2023 03:30,0.0
01/13/2023 04:00,0.0
01/13/2023 04:30,0.0
01/13/2023 05:00,0.0
01/13/2023 05:30,0.0
01/13/2023 06:00,0.0
01/13/2023 06:30,0.0
01/13/2023 07:00,0.0
01/13/2023 07:30,0.0
01/13/2023 08:00,0.0
01/13/2023 08:30,0.0
01/13/2023 09:00,0.0
01/13/2023 09:30,0.0
01/13/2023 10:00,0.0
01/13/2023 10:30,0.0
01/13/2023 11:00,0.0
01/13/2023 11:30,0.0
01/13/2023 12:00,0.0
01/13/2023 12:30,0.0
01/13/2023 13:00,0.0
01/13/2023 13:30,0.0
01/13/2023 14:00,0.0
01/13/2023 14:30,0.0
01/13/2023 15:00,0.0
01/13/2023 15:30,0.0
01/13/2023 16:00,0.0
01/13/2023 16:30,0.0
01/13/2023 17:00,0.0
01/13/2023 17:30,0.0
01/13/2023 18:00,0.0
01/13/2023 18:30,0.0
01/13/2023 19:00,0.0
01/13/2023 19:30,0.0
01/13/2023 20:00,0.0
01/13/2023 20:30,0.0
01/13/2023 21:00,0.0
01/13/2023 21:30,0.0
01/13/2023 22:00,0.0
01/13/2023 22:30,0.0
01/13/2023 23:00,0.0
01/13/2023 23:30,0.0
01/14/2023 00:00,0.0
01/14/2023 00:30,0.0
01/14/2023 01:00,0.0
01/14/2023 01:30,0.0
01/14/2023 02:00,0.0
01/14/2023 02:30,0.0
01/14/2023 03:00,0.0
01/14/2023 03:30,0.0
01/14/2023 04:00,0.0
01/14/2023 04:30,0.0
01/14/2023 05:00,0.0
01/14/2023 05:30,0.0
01/14/2023 06:00,0.0
01/14/2023 06:30,0.0
01/14/2023 07:00,0.0
01/14/2023 07:30,0.0
01/14/2023 08:00,0.0
01/14/2023 08:30,0.0
01/14/2023 09:00,0.0
01/14/2023 09:30,0.0
01/14/2023 10:00,0.0
01/14/2023 10:30,0.0
01/14/2023 11:00,0.0
01/14/2023 11:30,0.0
01/14/2023 12:00,0.0
01/14/2023 12:30,0.0
01/14/2023 13:00,0.0
01/14/2023 13:30,0.0
01/14/2023 14:00,0.0
01/14/2023 14:30,0.0
01/14/2023 15:00,0.0
01/14/2023 15:30,0.0
01/14/2023 16:00,0.0
01/14/2023 16:30,0.0
01/14/2023 17:00,0.0
01/14/2023 17:30,0.0
01/14/2023 18:00,0.0
01/14/2023 18:30,0.0
01/14/2023 19:00,0.0
01/14/2023 19:30,0.0
01/14/2023 20:00,0.0
01/14/2023 20:30,0.0
01/14/2023 21:00,0.0
01/14/2023 21:30,0.0
01/14/2023 22:00,0.0
01/14/2023 22:30,0.0
01/14/2023 23:00,0.0
01/14/2023 23:30,0.0
01/15/2023 00:00,0.0
01/15/2023 00:30,0.0
01/15/2023 01:00,0.0
01/15/2023 01:30,0.0
01/15/2023 02:00,0.0
01/15/2023 02:30,0.0
01/15/2023 03:00,0.0
01/15/2023 03:30,0.0
01/15/2023 04:00,0.0
01/15/2023 04:30,0.0
01/15/2023 05:00,0.0
01/15/2023 05:30,0.0
01/15/2023 06:00,0.0
01/15/2023 06:30,0.0
01/15/2023 07:00,0.0
01/15/2023 07:30,0.0
01/15/2023 08:00,0.0
01/15/2023 08:30,0.0
01/15/2023 09:00,0.0
01/15/2023 09:30,0.0
01/15/2023 10:00,0.0
01/15/2023 10:30,0.0
01/15/2023 11:00,0.0
01/15/2023 11:30,0.0
01/15/2023 12:00,0.0
01/15/2023 12:30,0.0
01/15/2023 13:00,0.0
01/15/2023 13:30,0.0
01/15/2023 14:00,0.0
01/15/2023 14:30,0.0
01/15/2023 15:00,0.0
01/15/2023 15:30,0.0
01/15/2023 16:00,0.0
01/15/2023 16:30,0.0
01/15/2023 17:00,0.0
01/15/2023 17:30,0.0
01/15/2023 18:00,0.0
01/15/2023 18:30,0.0
01/15/2023 19:00,0.0
01/15/2023 19:30,0.0
01/15/2023 20:00,0.0
01/15/2023 20:30,0.0
01/15/2023 21:00,0.0
01/15/2023 21:30,0.0
01/15/2023 22:00,0.0
01/15/2023 22:30,0.0
01/15/2023 23:00,0.0
01/15/2023 23:30,0.0
01/16/2023 00:00,0.0
01/16/2023 00:30,0.0
01/16/2023 01:00,0.0
01/16/2023 01:30,0.0
01/16/2023 02:00,0.0
01/16/2023 02:30,0.0
01/16/2023 03:00,0.0
01/16/2023 03:30,0.0
01/16/2023 04:00,0.0
01/16/2023 04:30,0.0
01/16/2023 05:00,0.0
01/16/2023 05:30,0.0
01/16/2023 06:00,0.0
01/16/2023 06:30,0.0
01/16/2023 07:00,0.0
01/16/2023 07:30,0.0
01/16/2023 08:00,0.0
01/16/2023 08:30,0.0
01/16/2023 09:00,0.0
01/16/2023 09:30,0.0
01/16/2023 10:00,0.0
01/16/2023 10:30,0.0
01/16/2023 11:00,0.0
01/16/2023 11:30,0.0
01/16/2023 12:00,0.0
01/16/2023 12:30,0.0
01/16/2023 13:00,0.0
01/16/2023 13:30,0.0
01/16/2023 14:00,0.0
01/16/2023 14:30,0.0
01/16/2023 15:00,0.0
01/16/2023 15:30,0.0
01/16/2023 16:00,0.0
01/16/2023 16:30,0.0
01/16/2023 17:00,0.0
01/16/2023 17:30,0.0
01/16/2023 18:00,0.0
01/16/2023 18:30,0.0
01/16/2023 19:00,0.0
01/16/2023 19:30,0.0
01/16/2023 20:00,0.0
01/16/2023 20:30,0.0
01/16/2023 21:00,0.0
01/16/2023 21:30,0.0
01/16/2023 22:00,0.0
01/16/2023 22:30,0.0
01/16/2023 23:00,0.0
01/16/2023 23:30,0.0
01/17/2023 00:00,0.0
01/17/2023 00:30,0.0
01/17/2023 01:00,0.0
01/17/2023 01:30,0.0
01/17/2023 02:00,0.0
01/17/2023 02:30,0.0
01/17/2023 03:00,0.0
01/17/2023 03:30,0.0
01/17/2023 04:00,0.0
01/17/2023 04:30,0.0
01/17/2023 05:00,0.0
01/17/2023 05:30,0.0
01/17/2023 06:00,0.0
01/17/2023 06:30,0.0
01/17/2023 07:00,0.0
01/17/2023 07:30,0.0
01/17/2023 08:00,0.0
01/17/2023 08:30,0.0
01/17/2023 09:00,0.0
01/17/2023 09:30,0.0
01/17/2023 10:00,0.0
01/17/2023 10:30,0.0
01/17/2023 11:00,0.0
01/17/2023 11:30,0.0
01/17/2023 12:00,0.0
01/17/2023 12:30,0.0
01/17/2023 13:00,0.0
01/17/2023 13:30,0.0
01/17/2023 14:00,0.0
01/17/2023 14:30,0.0
01/17/2023 15:00,0.0
01/17/2023 15:30,0.0
01/17/2023 16:00,0.0
01/17/2023 16:30,0.0
01/17/2023 17:00,0.0
01/17/2023 17:30,0.0
01/17/2023 18:00,0.0
01/17/2023 18:30,0.0
01/17/2023 19:00,0.0
01/17/2023 19:30,0.0
01/17/2023 20:00,0.0
01/17/2023 20:30,0.0
01/17/2023 21:00,0.0
01/17/2023 21:30,0.0
01/17/2023 22:00,0.0
01/17/2023 22:30,0.0
01/17/2023 23:00,0.0
01/17/2023 23:30,0.0
01/18/2023 00:00,0.0
01/18/2023 00:30,0.0
01/18/2023 01:00,0.0
01/18/2023 01:30,0.0
01/18/2023 02:00,0.0
01/18/2023 02:30,0.0
01/18/2023 03:00,0.0
01/18/2023 03:30,0.0
01/18/2023 04:00,0.0
01/18/2023 04:30,0.0
01/18/2023 05:00,0.0
01/18/2023 05:30,0.0
01/18/2023 06:00,0.0
01/18/2023 06:30,0.0
01/18/2023 07:00,0.0
01/18/2023 07:30,0.0
01/18/2023 08:00,0.0
01/18/2023 08:30,0.0
01/18/2023 09:00,0.0
01/18/2023 09:30,0.0
01/18/2023 10:00,0.0
01/18/2023 10:30,0.0
01/18/2023 11:00,0.0
01/18/2023 11:30,0.0
01/18/2023 12:00,0.0
01/18/2023 12:30,0.0
01/18/2023 13:00,0.0
01/18/2023 13:30,0.0
01/18/2023 14:00,0.0
01/18/2023 14:30,0.0
01/18/2023 15:00,0.0
01/18/2023 15:30,0.0
01/18/2023 16:00,0.0
01/18/2023 16:30,0.0
01/18/2023 17:00,0.0
01/18/2023 17:30,0.0
01/18/2023 18:00,0.0
01/18/2023 18:30,0.0
01/18/2023 19:00,0.0
01/18/2023 19:30,0.0
01/18/2023 20:00,0.0
01/18/2023 20:30,0.0
01/18/2023 21:00,0.0
01/18/2023 21:30,0.0
01/18/2023 22:00,0.0
01/18/2023 22:30,0.0
01/18/2023 23:00,0.0
01/18/2023 23:30,0.0
01/19/2023 00:00,0.0
01/19/2023 00:30,0.0
01/19/2023 01:00,0.0
01/19/2023 01:30,0.0
01/19/2023 02:00,0.0
01/19/2023 02:30,0.0
01/19/2023 03:00,0.0
01/19/2023 03:30,0.0
01/19/2023 04:00,0.0
01/19/2023 04:30,0.0
01/19/2023 05:00,0.0
01/19/2023 05:30,0.0
01/19/2023 06:00,0.0
01/19/2023 06:30,0.0
01/19/2023 07:00,0.0
01/19/2023 07:30,0.0
01/19/2023 08:00,0.0
01/19/2023 08:30,0.0
01/19/2023 09:00,0.0
01/19/2023 09:30,0.0
01/19/2023 10:00,0.0
01/19/2023 10:30,0.0
01/19/2023 11:00,0.0
01/19/2023 11:30,0.0
01/19/2023 12:00,0.0
01/19/2023 12:30,0.0
01/19/2023 13:00,0.0
01/19/2023 13:30,0.0
01/19/2023 14:00,0.0
01/19/2023 14:30,0.0
01/19/2023 15:00,0.0
01/19/2023 15:30,0.0
01/19/2023 16:00,0.0
01/19/2023 16:30,0.0
01/19/2023 17:00,0.0
01/19/2023 17:30,0.0
01/19/2023 18:00,0.0
01/19/2023 18:30,0.0
01/19/2023 19:00,0.0
01/19/2023 19:30,0.0
01/19/2023 20:00,0.0
01/19/2023 20:30,0.0
01/19/2023 21:00,0.0
01/19/2023 21:30,0.0
01/19/2023 22:00,0.0
01/19/2023 22:30,0.0
01/19/2023 23:00,0.0
01/19/2023 23:30,0.0
01/20/2023 00:00,0.0
01/20/2023 00:30,0.0
01/20/2023 01:00,0.0
01/20/2023 01:30,0.0
01/20/2023 02:00,0.0
01/20/2023 02:30,0.0
01/20/2023 03:00,0.0
01/20/2023 03:30,0.0
01/20/2023 04:00,0.0
01/20/2023 04:30,0.0
01/20/2023 05:00,0.0
01/20/2023 05:30,0.0
01/20/2023 06:00,0.0
01/20/2023 06:30,0.0
01/20/2023 07:00,0.0
01/20/2023 07:30,0.0
01/20/2023 08:00,0.0
01/20/2023 08:30,0.0
01/20/2023 09:00,0.0
01/20/2023 09:30,0.0
01/20/2023 10:00,0.0
01/20/2023 10:30,0.0
01/20/2023 11:00,0.0
01/20/2023 11:30,0.0
01/20/2023 12:00,0.0
01/20/2023 12:30,0.0
01/20/2023 13:00,0.0
01/20/2023 13:30,0.0
01/20/2023 14:00,0.0
01/20/2023 14:30,0.0
01/20/2023 15:00,0.0
01/20/2023 15:30,0.0
01/20/2023 16:00,0.0
01/20/2023 16:30,0.0
01/20/2023 17:00,0.0
01/20/2023 17:30,0.0
01/20/2023 18:00,0.0
01/20/2023 18:30,0.0
01/20/2023 19:00,0.0
01/20/2023 19:30,0.0
01/20/2023 20:00,0.0
01/20/2023 20:30,0.0
01/20/2023 21:00,0.0
01/20/2023 21:30,0.0
01/20/2023 22:00,0.0
01/20/2023 22:30,0.0
01/20/2023 23:00,0.0
01/20/2023 23:30,0.0
01/21/2023 00:00,0.0
01/21/2023 00:30,0.0
01/21/2023 01:00,0.0
01/21/2023 01:30,0.0
01/21/2023 02:00,0.0
01/21/2023 02:30,0.0
01/21/2023 03:00,0.0
01/21/2023 03:30,0.0
01/21/2023 04:00,0.0
01/21/2023 04:30,0.0
01/21/2023 05:00,0.0
01/21/2023 05:30,0.0
01/21/2023 06:00,0.0
01/21/2023 06:30,0.0
01/21/2023 07:00,0.0
01/21/2023 07:30,0.0
01/21/2023 08:00,0.0
01/21/2023 08:30,0.0
01/21/2023 09:00,0.0
01/21/2023 09:30,0.0
01/21/2023 10:00,0.0
01/21/2023 10:30,0.0
01/21/2023 11:00,0.0
01/21/2023 11:30,0.0
01/21/2023 12:00,0.0
01/21/2023 12:30,0.0
01/21/2023 13:00,0.0
01/21/2023 13:30,0.0
01/21/2023 14:00,0.0
01/21/2023 14:30,0.0
01/21/2023 15:00,0.0
01/21/2023 15:30,0.0
01/21/2023 16:00,0.0
01/21/2023 16:30,0.0
01/21/2023 17:00,0.0
01/21/2023 17:30,0.0
01/21/2023 18:00,0.0
01/21/2023 18:30,0.0
01/21/2023 19:00,0.0
01/21/2023 19:30,0.0
01/21/2023 20:00,0.0
01/21/2023 20:30,0.0
01/21/2023 21:00,0.0
01/21/2023 21:30,0.0
01/21/2023 22:00,0.0
01/21/2023 22:30,0.0
01/21/2023 23:00,0.0
01/21/2023 23:30,0.0
01/22/2023 00:00,0.0
01/22/2023 00:30,0.0
01/22/2023 01:00,0.0
01/22/2023 01:30,0.0
01/22/2023 02:00,0.0
01/22/2023 02:30,0.0
01/22/2023 03:00,0.0
01/22/2023 03:30,0.0
01/22/2023 04:00,0.0
01/22/2023 04:30,0.0
01/22/2023 05:00,0.0
01/22/2023 05:30,0.0
01/22/2023 06:00,0.0
01/22/2023 06:30,0.0
01/22/2023 07:00,0.0
01/22/2023 07:30,0.0
01/22/2023 08:00,0.0
01/22/2023 08:30,0.0
01/22/2023 09:00,0.0
01/22/2023 09:30,0.0
01/22/2023 10:00,0.0
01/22/2023 10:30,0.0
01/22/2023 11:00,0.0
01/22/2023 11:30,0.0
01/22/2023 12:00,0.0
01/22/2023 12:30,0.0
01/22/2023 13:00,0.0
01/22/2023 13:30,0.0
01/22/2023 14:00,0.0
01/22/2023 14:30,0.0
01/22/2023 15:00,0.0
01/22/2023 15:30,0.0
01/22/2023 16:00,0.0
01/22/2023 16:30,0.0
01/22/2023 17:00,0.0
01/22/2023 17:30,0.0
01/22/2023 18:00,0.0
01/22/2023 18:30,0.0
01/22/2023 19:00,0.0
01/22/2023 19:30,0.0
01/22/2023 20:00,0.0
01/22/2023 20:30,0.0
01/22/2023 21:00,0.0
01/22/2023 21:30,0.0
01/22/2023 22:00,0.0
01/22/2023 22:30,0.0
01/22/2023 23:00,0.0
01/22/2023 23:30,0.0
01/23/2023 00:00,0.0
01/23/2023 00:30,0.0
01/23/2023 01:00,0.0
01/23/2023 01:30,0.0
01/23/2023 02:00,0.0
01/23/2023 02:30,0.0
01/23/2023 03:00,0.0
01/23/2023 03:30,0.0
01/23/2023 04:00,0.0
01/23/2023 04:30,0.0
01/23/2023 05:00,0.0
01/23/2023 05:30,0.0
01/23/2023 06:00,0.0
01/23/2023 06:30,0.0
01/23/2023 07:00,0.0
01/23/2023 07:30,0.0
01/23/2023 08:00,0.0
01/23/2023 08:30,0.0
01/23/2023 09:00,0.0
01/23/2023 09:30,0.0
01/23/2023 10:00,0.0
01/23/2023 10:30,0.0
01/23/2023 11:00,0.0
01/23/2023 11:30,0.0
01/23/2023 12:00,0.0
01/23/2023 12:30,0.0
01/23/2023 13:00,0.0
01/23/2023 13:30,0.0
01/23/2023 14:00,0.0
01/23/2023 14:30,0.0
01/23/2023 15:00,0.0
01/23/2023 15:30,0.0
01/23/2023 16:00,0.0
01/23/2023 16:30,0.0
01/23/2023 17:00,0.0
01/23/2023 17:30,0.0
01/23/2023 18:00,0.0
01/23/2023 18:30,0.0
01/23/2023 19:00,0.0
01/23/2023 19:30,0.0
01/23/2023 20:00,0.0
01/23/2023 20:30,0.0
01/23/2023 21:00,0.0
01/23/2023 21:30,0.0
01/23/2023 22:00,0.0
01/23/2023 22:30,0.0
01/23/2023 23:00,0.0
01/23/2023 23:30,0.0
01/24/2023 00:00,0.0
01/24/2023 00:30,0.0
01/24/2023 01:00,0.0
01/24/2023 01:30,0.0
01/24/2023 02:00,0.0
01/24/2023 02:30,0.0
01/24/2023 03:00,0.0
01/24/2023 03:30,0.0
01/24/2023 04:00,0.0
01/24/2023 04:30,0.0
01/24/2023 05:00,0.0
01/24/2023 05:30,0.0
01/24/2023 06:00,0.0
01/24/2023 06:30,0.0
01/24/2023 07:00,0.0
01/24/2023 07:30,0.0
01/24/2023 08:00,0.0
01/24/2023 08:30,0.0
01/24/2023 09:00,0.0
01/24/2023 09:30,0.0
01/24/2023 10:00,0.0
01/24/2023 10:30,0.0
01/24/2023 11:00,0.0
01/24/2023 11:30,0.0
01/24/2023 12:00,0.0
01/24/2023 12:30,0.0
01/24/2023 13:00,0.0
01/24/2023 13:30,0.0
01/24/2023 14:00,0.0
01/24/2023 14:30,0.0
01/24/2023 15:00,0.0
01/24/2023 15:30,0.0
01/24/2023 16:00,0.0
01/24/2023 16:30,0.0
01/24/2023 17:00,0.0
01/24/2023 17:30,0.0
01/24/2023 18:00,0.0
01/24/2023 18:30,0.0
01/24/2023 19:00,0.0
01/24/2023 19:30,0.0
01/24/2023 20:00,0.0
01/24/2023 20:30,0.0
01/24/2023 21:00,0.0
01/24/2023 21:30,0.0
01/24/2023 22:00,0.0
01/24/2023 22:30,0.0
01/24/2023 23:00,0.0
01/24/2023 23:30,0.0
01/25/2023 00:00,0.0
01/25/2023 00:30,0.0
01/25/2023 01:00,0.0
01/25/2023 01:30,0.0
01/25/2023 02:00,0.0
01/25/2023 02:30,0.0
01/25/2023 03:00,0.0
01/25/2023 03:30,0.0
01/25/2023 04:00,0.0
01/25/2023 04:30,0.0
01/25/2023 05:00,0.0
01/25/2023 05:30,0.0
01/25/2023 06:00,0.0
01/25/2023 06:30,0.0
01/25/2023 07:00,0.0
01/25/2023 07:30,0.0
01/25/2023 08:00,0.0
01/25/2023 08:30,0.0
01/25/2023 09:00,0.0
01/25/2023 09:30,0.0
01/25/2023 10:00,0.0
01/25/2023 10:30,0.0
01/25/2023 11:00,0.0
01/25/2023 11:30,0.0
01/25/2023 12:00,0.0
01/25/2023 12:30,0.0
01/25/2023 13:00,0.0
01/25/2023 13:30,0.0
01/25/2023 14:00,0.0
01/25/2023 14:30,0.0
01/25/2023 15:00,0.0
01/25/2023 15:30,0.0
01/25/2023 16:00,0.0
01/25/2023 16:30,0.0
01/25/2023 17:00,0.0
01/25/2023 17:30,0.0
01/25/2023 18:00,0.0
01/25/2023 18:30,0.0
01/25/2023 19:00,0.0
01/25/2023 19:30,0.0
01/25/2023 20:00,0.0
01/25/2023 20:30,0.0
01/25/2023 21:00,0.0
01/25/2023 21:30,0.0
01/25/2023 22:00,0.0
01/25/2023 22:30,0.0
01/25/2023 23:00,0.0
01/25/2023 23:30,0.0
01/26/2023 00:00,0.0
01/26/2023 00:30,0.0
01/26/2023 01:00,0.0
01/26/2023 01:30,0.0
01/26/2023 02:00,0.0
01/26/2023 02:30,0.0
01/26/2023 03:00,0.0
01/26/2023 03:30,0.0
01/26/2023 04:00,0.0
01/26/2023 04:30,0.0
01/26/2023 05:00,0.0
01/26/2023 05:30,0.0
01/26/2023 06:00,0.0
01/26/2023 06:30,0.0
01/26/2023 07:00,0.0
01/26/2023 07:30,0.0
01/26/2023 08:00,0.0
01/26/2023 08:30,0.0
01/26/2023 09:00,0.0
01/26/2023 09:30,0.0
01/26/2023 10:00,0.0
01/26/2023 10:30,0.0
01/26/2023 11:00,0.0
01/26/2023 11:30,0.0
01/26/2023 12:00,0.0
01/26/2023 12:30,0.0
01/26/2023 13:00,0.0
01/26/2023 13:30,0.0
01/26/2023 14:00,0.0
01/26/2023 14:30,0.0
01/26/2023 15:00,0.0
01/26/2023 15:30,0.0
01/26/2023 16:00,0.0
01/26/2023 16:30,0.0
01/26/2023 17:00,0.0
01/26/2023 17:30,0.0
01/26/2023 18:00,0.0
01/26/2023 18:30,0.0
01/26/2023 19:00,0.0
01/26/2023 19:30,0.0
01/26/2023 20:00,0.0
01/26/2023 20:30,0.0
01/26/2023 21:00,0.0
01/26/2023 21:30,0.0
01/26/2023 22:00,0.0
01/26/2023 22:30,0.0
01/26/2023 23:00,0.0
01/26/2023 23:30,0.0
01/27/2023 00:00,0.0
01/27/2023 00:30,0.0
01/27/2023 01:00,0.0
01/27/2023 01:30,0.0
01/27/2023 02:00,0.0
01/27/2023 02:30,0.0
01/27/2023 03:00,0.0
01/27/2023 03:30,0.0
01/27/2023 04:00,0.0
01/27/2023 04:30,0.0
01/27/2023 05:00,0.0
01/27/2023 05:30,0.0
01/27/2023 06:00,0.0
01/27/2023 06:30,0.0
01/27/2023 07:00,0.0
01/27/2023 07:30,0.0
01/27/2023 08:00,0.0
01/27/2023 08:30,0.0
01/27/2023 09:00,0.0
01/27/2023 09:30,0.0
01/27/2023 10:00,0.0
01/27/2023 10:30,0.0
01/27/2023 11:00,0.0
01/27/2023 11:30,0.0
01/27/2023 12:00,0.0
01/27/2023 12:30,0.0
01/27/2023 13:00,0.0
01/27/2023 13:30,0.0
01/27/2023 14:00,0.0
01/27/2023 14:30,0.0
01/27/2023 15:00,0.0
01/27/2023 15:30,0.0
01/27/2023 16:00,0.0
01/27/2023 16:30,0.0
01/27/2023 17:00,0.0
01/27/2023 17:30,0.0
01/27/2023 18:00,0.0
01/27/2023 18:30,0.0
01/27/2023 19:00,0.0
01/27/2023 19:30,0.0
01/27/2023 20:00,0.0
01/27/2023 20:30,0.0
01/27/2023 21:00,0.0
01/27/2023 21:30,0.0
01/27/2023 22:00,0.0
01/27/2023 22:30,0.0
01/27/2023 23:00,0.0
01/27/2023 23:30,0.0
01/28/2023 00:00,0.0
01/28/2023 00:30,0.0
01/28/2023 01:00,0.0
01/28/2023 01:30,0.0
01/28/2023 02:00,0.0
01/28/2023 02:30,0.0
01/28/2023 03:00,0.0
01/28/2023 03:30,0.0
01/28/2023 04:00,0.0
01/28/2023 04:30,0.0
01/28/2023 05:00,0.0
01/28/2023 05:30,0.0
01/28/2023 06:00,0.0
01/28/2023 06:30,0.0
01/28/2023 07:00,0.0
01/28/2023 07:30,0.0
01/28/2023 08:00,0.0
01/28/2023 08:30,0.0
01/28/2023 09:00,0.0
01/28/2023 09:30,0.0
01/28/2023 10:00,0.0
01/28/2023 10:30,0.0
01/28/2023 11:00,0.0
01/28/2023 11:30,0.0
01/28/2023 12:00,0.0
01/28/2023 12:30,0.0
01/28/2023 13:00,0.0
01/28/2023 13:30,0.0
01/28/2023 14:00,0.0
01/28/2023 14:30,0.0
01/28/2023 15:00,0.0
01/28/2023 15:30,0.0
01/28/2023 16:00,0.0
01/28/2023 16:30,0.0
01/28/2023 17:00,0.0
01/28/2023 17:30,0.0
01/28/2023 18:00,0.0
01/28/2023 18:30,0.0
01/28/2023 19:00,0.0
01/28/2023 19:30,0.0
01/28/2023 20:00,0.0
01/28/2023 20:30,0.0
01/28/2023 21:00,0.0
01/28/2023 21:30,0.0
01/28/2023 22:00,0.0
01/28/2023 22:30,0.0
01/28/2023 23:00,0.0
01/28/2023 23:30,0.0
01/29/2023 00:00,0.0
01/29/2023 00:30,0.0
01/29/2023 01:00,0.0
01/29/2023 01:30,0.0
01/29/2023 02:00,0.0
01/29/2023 02:30,0.0
01/29/2023 03:00,0.0
01/29/2023 03:30,0.0
01/29/2023 04:00,0.0
01/29/2023 04:30,0.0
01/29/2023 05:00,0.0
01/29/2023 05:30,0.0
01/29/2023 06:00,0.0
01/29/2023 06:30,0.0
01/29/2023 07:00,0.0
01/29/2023 07:30,0.0
01/29/2023 08:00,0.0
01/29/2023 08:30,0.0
01/29/2023 09:00,0.0
01/29/2023 09:30,0.0
01/29/2023 10:00,0.0
01/29/2023 10:30,0.0
01/29/2023 11:00,0.0
01/29/2023 11:30,0.0
01/29/2023 12:00,0.0
01/29/2023 12:30,0.0
01/29/2023 13:00,0.0
01/29/2023 13:30,0.0
01/29/2023 14:00,0.0
01/29/2023 14:30,0.0
01/29/2023 15:00,0.0
01/29/2023 15:30,0.0
01/29/2023 16:00,0.0
01/29/2023 16:30,0.0
01/29/2023 17:00,0.0
01/29/2023 17:30,0.0
01/29/2023 18:00,0.0
01/29/2023 18:30,0.0
01/29/2023 19:00,0.0
01/29/2023 19:30,0.0
01/29/2023 20:00,0.0
01/29/2023 20:30,0.0
01/29/2023 21:00,0.0
01/29/2023 21:30,0.0
01/29/2023 22:00,0.0
01/29/2023 22:30,0.0
01/29/2023 23:00,0.0
01/29/2023 23:30,0.0
01/30/2023 00:00,0.0
01/30/2023 00:30,0.0
01/30/2023 01:00,0.0
01/30/2023 01:30,0.0
01/30/2023 02:00,0.0
01/30/2023 02:30,0.0
01/30/2023 03:00,0.0
01/30/2023 03:30,0.0
01/30/2023 04:00,0.0
01/30/2023 04:30,0.0
01/30/2023 05:00,0.0
01/30/2023 05:30,0.0
01/30/2023 06:00,0.0
01/30/2023 06:30,0.0
01/30/2023 07:00,0.0
01/30/2023 07:30,0.0
01/30/2023 08:00,0.0
01/30/2023 08:30,0.0
01/30/2023 09:00,0.0
01/30/2023 09:30,0.0
01/30/2023 10:00,0.0
01/30/2023 10:30,0.0
01/30/2023 11:00,0.0
01/30/2023 11:30,0.0
01/30/2023 12:00,0.0
01/30/2023 12:30,0.0
01/30/2023 13:00,0.0
01/30/2023 13:30,0.0
01/30/2023 14:00,0.0
01/30/2023 14:30,0.0
01/30/2023 15:00,0.0
01/30/2023 15:30,0.0
01/30/2023 16:00,0.0
01/30/2023 16:30,0.0
01/30/2023 17:00,0.0
01/30/2023 17:30,0.0
01/30/2023 18:00,0.0
01/30/2023 18:30,0.0
01/30/2023 19:00,0.0
01/30/2023 19:30,0.0
01/30/2023 20:00,0.0
01/30/2023 20:30,0.0
01/30/2023 21:00,0.0
01/30/2023 21:30,0.0
01/30/2023 22:00,0.0
01/30/2023 22:30,0.0
01/30/2023 23:00,0.0
01/30/2023 23:30,0.0
01/31/2023 00:00,0.0
01/31/2023 00:30,0.0
01/31/2023 01:00,0.0
01/31/2023 01:30,0.0
01/31/2023 02:00,0.0
01/31/2023 02:30,0.0
01/31/2023 03:00,0.0
01/31/2023 03:30,0.0
01/31/2023 04:00,0.0
01/31/2023 04:30,0.0
01/31/2023 05:00,0.0
01/31/2023 05:30,0.0
01/31/2023 06:00,0.0
01/31/2023 06:30,0.0
01/31/2023 07:00,0.0
01/31/2023 07:30,0.0
01/31/2023 08:00,0.0
01/31/2023 08:30,0.0
01/31/2023 09:00,0.0
01/31/2023 09:30,0.0
01/31/2023 10:00,0.0
01/31/2023 10:30,0.0
01/31/2023 11:00,0.0
01/31/2023 11:30,0.0
01/31/2023 12:00,0.0
01/31/2023 12:30,0.0
01/31/2023 13:00,0.0
01/31/2023 13:30,0.0
01/31/2023 14:00,0.0
01/31/2023 14:30,0.0
01/31/2023 15:00,0.0
01/31/2023 15:30,0.0
01/31/2023 16:00,0.0
01/31/2023 16:30,0.0
01/31/2023 17:00,0.0
01/31/2023 17:30,0.0
01/31/2023 18:00,0.0
01/31/2023 18:30,0.0
01/31/2023 19:00,0.0
01/31/2023 19:30,0.0
01/31/2023 20:00,0.0
01/31/2023 20:30,0.0
01/31/2023 21:00,0.0
01/31/2023 21:30,0.0
01/31/2023 22:00,0.0
01/31/2023 22:30,0.0
01/31/2023 23:00,0.0
01/31/2023 23:30,0.0
02/01/2023 00:00,0.0
02/01/2023 00:30,0.0
02/01/2023 01:00,0.0
02/01/2023 01:30,0.0
02/01/2023 02:00,0.0
02/01/2023 02:30,0.0
02/01/2023 03:00,0.0
02/01/2023 03:30,0.0
02/01/2023 04:00,0.0
02/01/2023 04:30,0.0
02/01/2023 05:00,0.0
02/01/2023 05:30,0.0
02/01/2023 06:00,0.0
02/01/2023 06:30,0.0
02/01/2023 07:00,0.0
02/01/2023 07:30,0.0
02/01/2023 08:00,0.0
02/01/2023 08:30,0.0
02/01/2023 09:00,0.0
02/01/2023 09:30,0.0
02/01/2023 10:00,0.0
02/01/2023 10:30,0.0
02/01/2023 11:00,0.0
02/01/2023 11:30,0.0
02/01/2023 12:00,0.0
02/01/2023 12:30,0.0
02/01/2023 13:00,0.0
02/01/2023 13:30,0.0
02/01/2023 14:00,0.0
02/01/2023 14:30,0.0
02/01/2023 15:00,0.0
02/01/2023 15:30,0.0
02/01/2023 16:00,0.0
02/01/2023 16:30,0.0
02/01/2023 17:00,0.0
02/01/2023 17:30,0.0
02/01/2023 18:00,0.0
02/01/2023 18:30,0.0
02/01/2023 19:00,0.0
02/01/2023 19:30,0.0
02/01/2023 20:00,0.0
02/01/2023 20:30,0.0
02/01/2023 21:00,0.0
02/01/2023 21:30,0.0
02/01/2023 22:00,0.0
02/01/2023 22:30,0.0
02/01/2023 23:00,0.0
02/01/2023 23:30,0.0
02/02/2023 00:00,0.0
02/02/2023 00:30,0.0
02/02/2023 01:00,0.0
02/02/2023 01:30,0.0
02/02/2023 02:00,0.0
02/02/2023 02:30,0.0
02/02/2023 03:00,0.0
02/02/2023 03:30,0.0
02/02/2023 04:00,0.0
02/02/2023 04:30,0.0
02/02/2023 05:00,0.0
02/02/2023 05:30,0.0
02/02/2023 06:00,0.0
02/02/2023 06:30,0.0
02/02/2023 07:00,0.0
02/02/2023 07:30,0.0
02/02/2023 08:00,0.0
02/02/2023 08:30,0.0
02/02/2023 09:00,0.0
02/02/2023 09:30,0.0
02/02/2023 10:00,0.0
02/02/2023 10:30,0.0
02/02/2023 11:00,0.0
02/02/2023 11:30,0.0
02/02/2023 12:00,0.0
02/02/2023 12:30,0.0
02/02/2023 13:00,0.0
02/02/2023 13:30,0.0
02/02/2023 14:00,0.0
02/02/2023 14:30,0.0
02/02/2023 15:00,0.0
02/02/2023 15:30,0.0
02/02/2023 16:00,0.0
02/02/2023 16:30,0.0
02/02/2023 17:00,0.0
02/02/2023 17:30,0.0
02/02/2023 18:00,0.0
02/02/2023 18:30,0.0
02/02/2023 19:00,0.0
02/02/2023 19:30,0.0
02/02/2023 20:00,0.0
02/02/2023 20:30,0.0
02/02/2023 21:00,0.0
02/02/2023 21:30,0.0
02/02/2023 22:00,0.0
02/02/2023 22:30,0.0
02/02/2023 23:00,0.0
02/02/2023 23:30,0.0
02/03/2023 00:00,0.0
02/03/2023 00:30,0.0
02/03/2023 01:00,0.0
02/03/2023 01:30,0.0
02/03/2023 02:00,0.0
02/03/2023 02:30,0.0
02/03/2023 03:00,0.0
02/03/2023 03:30,0.0
02/03/2023 04:00,0.0
02/03/2023 04:30,0.0
02/03/2023 05:00,0.0
02/03/2023 05:30,0.0
02/03/2023 06:00,0.0
02/03/2023 06:30,0.0
02/03/2023 07:00,0.0
02/03/2023 07:30,0.0
02/03/2023 08:00,0.0
02/03/2023 08:30,0.0
02/03/2023 09:00,0.0
02/03/2023 09:30,0.0
02/03/2023 10:00,0.0
02/03/2023 10:30,0.0
02/03/2023 11:00,0.0
02/03/2023 11:30,0.0
02/03/2023 12:00,0.0
02/03/2023 12:30,0.0
02/03/2023 13:00,0.0
02/03/2023 13:30,0.0
02/03/2023 14:00,0.0
02/03/2023 14:30,0.0
02/03/2023 15:00,0.0
02/03/2023 15:30,0.0
02/03/2023 16:00,0.0
02/03/2023 16:30,0.0
02/03/2023 17:00,0.0
02/03/2023 17:30,0.0
02/03/2023 18:00,0.0
02/03/2023 18:30,0.0
02/03/2023 19:00,0.0
02/03/2023 19:30,0.0
02/03/2023 20:00,0.0
02/03/2023 20:30,0.0
02/03/2023 21:00,0.0
02/03/2023 21:30,0.0
02/03/2023 22:00,0.0
02/03/2023 22:30,0.0
02/03/2023 23:00,0.0
02/03/2023 23:30,0.0
02/04/2023 00:00,0.0
02/04/2023 00:30,0.0
02/04/2023 01:00,0.0
02/04/2023 01:30,0.0
02/04/2023 02:00,0.0
02/04/2023 02:30,0.0
02/04/2023 03:00,0.0
02/04/2023 03:30,0.0
02/04/2023 04:00,0.0
02/04/2023 04:30,0.0
02/04/2023 05:00,0.0
02/04/2023 05:30,0.0
02/04/2023 06:00,0.0
02/04/2023 06:30,0.0
02/04/2023 07:00,0.0
02/04/2023 07:30,0.0
02/04/2023 08:00,0.0
02/04/2023 08:30,0.0
02/04/2023 09:00,0.0
02/04/2023 09:30,0.0
02/04/2023 10:00,0.0
02/04/2023 10:30,0.0
02/04/2023 11:00,0.0
02/04/2023 11:30,0.0
02/04/2023 12:00,0.0
02/04/2023 12:30,0.0
02/04/2023 13:00,0.0
02/04/2023 13:30,0.0
02/04/2023 14:00,0.0
02/04/2023 14:30,0.0
02/04/2023 15:00,0.0
02/04/2023 15:30,0.0
02/04/2023 16:00,0.0
02/04/2023 16:30,0.0
02/04/2023 17:00,0.0
02/04/2023 17:30,0.0
02/04/2023 18:00,0.0
02/04/2023 18:30,0.0
02/04/2023 19:00,0.0
02/04/2023 19:30,0.0
02/04/2023 20:00,0.0
02/04/2023 20:30,0.0
02/04/2023 21:00,0.0
02/04/2023 21:30,0.0
02/04/2023 22:00,0.0
02/04/2023 22:30,0.0
02/04/2023 23:00,0.0
02/04/2023 23:30,0.0
02/05/2023 00:00,0.0
02/05/2023 00:30,0.0
02/05/2023 01:00,0.0
02/05/2023 01:30,0.0
02/05/2023 02:00,0.0
02/05/2023 02:30,0.0
02/05/2023 03:00,0.0
02/05/2023 03:30,0.0
02/05/2023 04:00,0.0
02/05/2023 04:30,0.0
02/05/2023 05:00,0.0
02/05/2023 05:30,0.0
02/05/2023 06:00,0.0
02/05/2023 06:30,0.0
02/05/2023 07:00,0.0
02/05/2023 07:30,0.0
02/05/2023 08:00,0.0
02/05/2023 08:30,0.0
02/05/2023 09:00,0.0
02/05/2023 09:30,0.0
02/05/2023 10:00,0.0
02/05/2023 10:30,0.0
02/05/2023 11:00,0.0
02/05/2023 11:30,0.0
02/05/2023 12:00,0.0
02/05/2023 12:30,0.0
02/05/2023 13:00,0.0
02/05/2023 13:30,0.0
02/05/2023 14:00,0.0
02/05/2023 14:30,0.0
02/05/2023 15:00,0.0
02/05/2023 15:30,0.0
02/05/2023 16:00,0.0
02/05/2023 16:30,0.0
02/05/2023 17:00,0.0
02/05/2023 17:30,0.0
02/05/2023 18:00,0.0
02/05/2023 18:30,0.0
02/05/2023 19:00,0.0
02/05/2023 19:30,0.0
02/05/2023 20:00,0.0
02/05/2023 20:30,0.0
02/05/2023 21:00,0.0
02/05/2023 21:30,0.0
02/05/2023 22:00,0.0
02/05/2023 22:30,0.0
02/05/2023 23:00,0.0
02/05/2023 23:30,0.0
02/06/2023 00:00,0.0
02/06/2023 00:30,0.0
02/06/2023 01:00,0.0
02/06/2023 01:30,0.0
02/06/2023 02:00,0.0
02/06/2023 02:30,0.0
02/06/2023 03:00,0.0
02/06/2023 03:30,0.0
02/06/2023 04:00,0.0
02/06/2023 04:30,0.0
02/06/2023 05:00,0.0
02/06/2023 05:30,0.0
02/06/2023 06:00,0.0
02/06/2023 06:30,0.0
02/06/2023 07:00,0.0
02/06/2023 07:30,0.0
02/06/2023 08:00,0.0
02/06/2023 08:30,0.0
02/06/2023 09:00,0.0
02/06/2023 09:30,0.0
02/06/2023 10:00,0.0
02/06/2023 10:30,0.0
02/06/2023 11:00,0.0
02/06/2023 11:30,0.0
02/06/2023 12:00,0.0
02/06/2023 12:30,0.0
02/06/2023 13:00,0.0
02/06/2023 13:30,0.0
02/06/2023 14:00,0.0
02/06/2023 14:30,0.0
02/06/2023 15:00,0.0
02/06/2023 15:30,0.0
02/06/2023 16:00,0.0
02/06/2023 16:30,0.0
02/06/2023 17:00,0.0
02/06/2023 17:30,0.0
02/06/2023 18:00,0.0
02/06/2023 18:30,0.0
02/06/2023 19:00,0.0
02/06/2023 19:30,0.0
02/06/2023 20:00,0.0
02/06/2023 20:30,0.0
02/06/2023 21:00,0.0
02/06/2023 21:30,0.0
02/06/2023 22:00,0.0
02/06/2023 22:30,0.0
02/06/2023 23:00,0.0
02/06/2023 23:30,0.0
02/07/2023 00:00,0.0
02/07/2023 00:30,0.0
02/07/2023 01:00,0.0
02/07/2023 01:30,0.0
02/07/2023 02:00,0.0
02/07/2023 02:30,0.0
02/07/2023 03:00,0.0
02/07/2023 03:30,0.0
02/07/2023 04:00,0.0
02/07/2023 04:30,0.0
02/07/2023 05:00,0.0
02/07/2023 05:30,0.0
02/07/2023 06:00,0.0
02/07/2023 06:30,0.0
02/07/2023 07:00,0.0
02/07/2023 07:30,0.0
02/07/2023 08:00,0.0
02/07/2023 08:30,0.0
02/07/2023 09:00,0.0
02/07/2023 09:30,0.0
02/07/2023 10:00,0.0
02/07/2023 10:30,0.0
02/07/2023 11:00,0.0
02/07/2023 11:30,0.0
02/07/2023 12:00,0.0
02/07/2023 12:30,0.0
02/07/2023 13:00,0.0
02/07/2023 13:30,0.0
02/07/2023 14:00,0.0
02/07/2023 14:30,0.0
02/07/2023 15:00,0.0
02/07/2023 15:30,0.0
02/07/2023 16:00,0.0
02/07/2023 16:30,0.0
02/07/2023 17:00,0.0
02/07/2023 17:30,0.0
02/07/2023 18:00,0.0
02/07/2023 18:30,0.0
02/07/2023 19:00,0.0
02/07/2023 19:30,0.0
02/07/2023 20:00,0.0
02/07/2023 20:30,0.0
02/07/2023 21:00,0.0
02/07/2023 21:30,0.0
02/07/2023 22:00,0.0
02/07/2023 22:30,0.0
02/07/2023 23:00,0.0
02/07/2023 23:30,0.0
02/08/2023 00:00,0.0
02/08/2023 00:30,0.0
02/08/2023 01:00,0.0
02/08/2023 01:30,0.0
02/08/2023 02:00,0.0
02/08/2023 02:30,0.0
02/08/2023 03:00,0.0
02/08/2023 03:30,0.0
02/08/2023 04:00,0.0
02/08/2023 04:30,0.0
02/08/2023 05:00,0.0
02/08/2023 05:30,0.0
02/08/2023 06:00,0.0
02/08/2023 06:30,0.0
02/08/2023 07:00,0.0
02/08/2023 07:30,0.0
02/08/2023 08:00,0.0
02/08/2023 08:30,0.0
02/08/2023 09:00,0.0
02/08/2023 09:30,0.0
02/08/2023 10:00,0.0
02/08/2023 10:30,0.0
02/08/2023 11:00,0.0
02/08/2023 11:30,0.0
02/08/2023 12:00,0.0
02/08/2023 12:30,0.0
02/08/2023 13:00,0.0
02/08/2023 13:30,0.0
02/08/2023 14:00,0.0
02/08/2023 14:30,0.0
02/08/2023 15:00,0.0
02/08/2023 15:30,0.0
02/08/2023 16:00,0.0
02/08/2023 16:30,0.0
02/08/2023 17:00,0.0
02/08/2023 17:30,0.0
02/08/2023 18:00,0.0
02/08/2023 18:30,0.0
02/08/2023 19:00,0.0
02/08/2023 19:30,0.0
02/08/2023 20:00,0.0
02/08/2023 20:30,0.0
02/08/2023 21:00,0.0
02/08/2023 21:30,0.0
02/08/2023 22:00,0.0
02/08/2023 22:30,0.0
02/08/2023 23:00,0.0
02/08/2023 23:30,0.0
02/09/2023 00:00,0.0
02/09/2023 00:30,0.0
02/09/2023 01:00,0.0
02/09/2023 01:30,0.0
02/09/2023 02:00,0.0
02/09/2023 02:30,0.0
02/09/2023 03:00,0.0
02/09/2023 03:30,0.0
02/09/2023 04:00,0.0
02/09/2023 04:30,0.0
02/09/2023 05:00,0.0
02/09/2023 05:30,0.0
02/09/2023 06:00,0.0
02/09/2023 06:30,0.0
02/09/2023 07:00,0.0
02/09/2023 07:30,0.0
02/09/2023 08:00,0.0
02/09/2023 08:30,0.0
02/09/2023 09:00,0.0
02/09/2023 09:30,0.0
02/09/2023 10:00,0.0
02/09/2023 10:30,0.0
02/09/2023 11:00,0.0
02/09/2023 11:30,0.0
02/09/2023 12:00,0.0
02/09/2023 12:30,0.0
02/09/2023 13:00,0.0
02/09/2023 13:30,0.0
02/09/2023 14:00,0.0
02/09/2023 14:30,0.0
02/09/2023 15:00,0.0
02/09/2023 15:30,0.0
02/09/2023 16:00,0.0
02/09/2023 16:30,0.0
02/09/2023 17:00,0.0
02/09/2023 17:30,0.0
02/09/2023 18:00,0.0
02/09/2023 18:30,0.0
02/09/2023 19:00,0.0
02/09/2023 19:30,0.0
02/09/2023 20:00,0.0
02/09/2023 20:30,0.0
02/09/2023 21:00,0.0
02/09/2023 21:30,0.0
02/09/2023 22:00,0.0
02/09/2023 22:30,0.0
02/09/2023 23:00,0.0
02/09/2023 23:30,0.0
02/10/2023 00:00,0.0
02/10/2023 00:30,0.0
02/10/2023 01:00,0.0
02/10/2023 01:30,0.0
02/10/2023 02:00,0.0
02/10/2023 02:30,0.0
02/10/2023 03:00,0.0
02/10/2023 03:30,0.0
02/10/2023 04:00,0.0
02/10/2023 04:30,0.0
02/10/2023 05:00,0.0
02/10/2023 05:30,0.0
02/10/2023 06:00,0.0
02/10/2023 06:30,0.0
02/10/2023 07:00,0.0
02/10/2023 07:30,0.0
02/10/2023 08:00,0.0
02/10/2023 08:30,0.0
02/10/2023 09:00,0.0
02/10/2023 09:30,0.0
02/10/2023 10:00,0.0
02/10/2023 10:30,0.0
02/10/2023 11:00,0.0
02/10/2023 11:30,0.0
02/10/2023 12:00,0.0
02/10/2023 12:30,0.0
02/10/2023 13:00,0.0
02/10/2023 13:30,0.0
02/10/2023 14:00,0.0
02/10/2023 14:30,0.0
02/10/2023 15:00,0.0
02/10/2023 15:30,0.0
02/10/2023 16:00,0.0
02/10/2023 16:30,0.0
02/10/2023 17:00,0.0
02/10/2023 17:30,0.0
02/10/2023 18:00,0.0
02/10/2023 18:30,0.0
02/10/2023 19:00,0.0
02/10/2023 19:30,0.0
02/10/2023 20:00,0.0
02/10/2023 20:30,0.0
02/10/2023 21:00,0.0
02/10/2023 21:30,0.0
02/10/2023 22:00,0.0
02/10/2023 22:30,0.0
02/10/2023 23:00,0.0
02/10/2023 23:30,0.0
02/11/2023 00:00,0.0
02/11/2023 00:30,0.0
02/11/2023 01:00,0.0
02/11/2023 01:30,0.0
02/11/2023 02:00,0.0
02/11/2023 02:30,0.0
02/11/2023 03:00,0.0
02/11/2023 03:30,0.0
02/11/2023 04:00,0.0
02/11/2023 04:30,0.0
02/11/2023 05:00,0.0
02/11/2023 05:30,0.0
02/11/2023 06:00,0.0
02/11/2023 06:30,0.0
02/11/2023 07:00,0.0
02/11/2023 07:30,0.0
02/11/2023 08:00,0.0
02/11/2023 08:30,0.0
02/11/2023 09:00,0.0
02/11/2023 09:30,0.0
02/11/2023 10:00,0.0
02/11/2023 10:30,0.0
02/11/2023 11:00,0.0
02/11/2023 11:30,0.0
02/11/2023 12:00,0.0
02/11/2023 12:30,0.0
02/11/2023 13:00,0.0
02/11/2023 13:30,0.0
02/11/2023 14:00,0.0
02/11/2023 14:30,0.0
02/11/2023 15:00,0.0
02/11/2023 15:30,0.0
02/11/2023 16:00,0.0
02/11/2023 16:30,0.0
02/11/2023 17:00,0.0
02/11/2023 17:30,0.0
02/11/2023 18:00,0.0
02/11/2023 18:30,0.0
02/11/2023 19:00,0.0
02/11/2023 19:30,0.0
02/11/2023 20:00,0.0
02/11/2023 20:30,0.0
02/11/2023 21:00,0.0
02/11/2023 21:30,0.0
02/11/2023 22:00,0.0
02/11/2023 22:30,0.0
02/11/2023 23:00,0.0
02/11/2023 23:30,0.0
02/12/2023 00:00,0.0
02/12/2023 00:30,0.0
02/12/2023 01:00,0.0
02/12/2023 01:30,0.0
02/12/2023 02:00,0.0
02/12/2023 02:30,0.0
02/12/2023 03:00,0.0
02/12/2023 03:30,0.0
02/12/2023 04:00,0.0
02/12/2023 04:30,0.0
02/12/2023 05:00,0.0
02/12/2023 05:30,0.0
02/12/2023 06:00,0.0
02/12/2023 06:30,0.0
02/12/2023 07:00,0.0
02/12/2023 07:30,0.0
02/12/2023 08:00,0.0
02/12/2023 08:30,0.0
02/12/2023 09:00,0.0
02/12/2023 09:30,0.0
02/12/2023 10:00,0.0
02/12/2023 10:30,0.0
02/12/2023 11:00,0.0
02/12/2023 11:30,0.0
02/12/2023 12:00,0.0
02/12/2023 12:30,0.0
02/12/2023 13:00,0.0
02/12/2023 13:30,0.0
02/12/2023 14:00,0.0
02/12/2023 14:30,0.0
02/12/2023 15:00,0.0
02/12/2023 15:30,0.0
02/12/2023 16:00,0.0
02/12/2023 16:30,0.0
02/12/2023 17:00,0.0
02/12/2023 17:30,0.0
02/12/2023 18:00,0.0
02/12/2023 18:30,0.0
02/12/2023 19:00,0.0
02/12/2023 19:30,0.0
02/12/2023 20:00,0.0
02/12/2023 20:30,0.0
02/12/2023 21:00,0.0
02/12/2023 21:30,0.0
02/12/2023 22:00,0.0
02/12/2023 22:30,0.0
02/12/2023 23:00,0.0
02/12/2023 23:30,0.0
02/13/2023 00:00,0.0
02/13/2023 00:30,0.0
02/13/2023 01:00,0.0
02/13/2023 01:30,0.0
02/13/2023 02:00,0.0
02/13/2023 02:30,0.0
02/13/2023 03:00,0.0
02/13/2023 03:30,0.0
02/13/2023 04:00,0.0
02/13/2023 04:30,0.0
02/13/2023 05:00,0.0
02/13/2023 05:30,0.0
02/13/2023 06:00,0.0
02/13/2023 06:30,0.0
02/13/2023 07:00,0.0
02/13/2023 07:30,0.0
02/13/2023 08:00,0.0
02/13/2023 08:30,0.0
02/13/2023 09:00,0.0
02/13/2023 09:30,0.0
02/13/2023 10:00,0.0
02/13/2023 10:30,0.0
02/13/2023 11:00,0.0
02/13/2023 11:30,0.0
02/13/2023 12:00,0.0
02/13/2023 12:30,0.0
02/13/2023 13:00,0.0
02/13/2023 13:30,0.0
02/13/2023 14:00,0.0
02/13/2023 14:30,0.0
02/13/2023 15:00,0.0
02/13/2023 15:30,0.0
02/13/2023 16:00,0.0
02/13/2023 16:30,0.0
02/13/2023 17:00,0.0
02/13/2023 17:30,0.0
02/13/2023 18:00,0.0
02/13/2023 18:30,0.0
02/13/2023 19:00,0.0
02/13/2023 19:30,0.0
02/13/2023 20:00,0.0
02/13/2023 20:30,0.0
02/13/2023 21:00,0.0
02/13/2023 21:30,0.0
02/13/2023 22:00,0.0
02/13/2023 22:30,0.0
02/13/2023 23:00,0.0
02/13/2023 23:30,0.0
02/14/2023 00:00,0.0
02/14/2023 00:30,0.0
02/14/2023 01:00,0.0
02/14/2023 01:30,0.0
02/14/2023 02:00,0.0
02/14/2023 02:30,0.0
02/14/2023 03:00,0.0
02/14/2023 03:30,0.0
02/14/2023 04:00,0.0
02/14/2023 04:30,0.0
02/14/2023 05:00,0.0
02/14/2023 05:30,0.0
02/14/2023 06:00,0.0
02/14/2023 06:30,0.0
02/14/2023 07:00,0.0
02/14/2023 07:30,0.0
02/14/2023 08:00,0.0
02/14/2023 08:30,0.0
02/14/2023 09:00,0.0
02/14/2023 09:30,0.0
02/14/2023 10:00,0.0
02/14/2023 10:30,0.0
02/14/2023 11:00,0.0
02/14/2023 11:30,0.0
02/14/2023 12:00,0.0
02/14/2023 12:30,0.0
02/14/2023 13:00,0.0
02/14/2023 13:30,0.0
02/14/2023 14:00,0.0
02/14/2023 14:30,0.0
02/14/2023 15:00,0.0
02/14/2023 15:30,0.0
02/14/2023 16:00,0.0
02/14/2023 16:30,0.0
02/14/2023 17:00,0.0
02/14/2023 17:30,0.0
02/14/2023 18:00,0.0
02/14/2023 18:30,0.0
02/14/2023 19:00,0.0
02/14/2023 19:30,0.0
02/14/2023 20:00,0.0
02/14/2023 20:30,0.0
02/14/2023 21:00,0.0
02/14/2023 21:30,0.0
02/14/2023 22:00,0.0
02/14/2023 22:30,0.0
02/14/2023 23:00,0.0
02/14/2023 23:30,0.0
02/15/2023 00:00,0.0
02/15/2023 00:30,0.0
02/15/2023 01:00,0.0
02/15/2023 01:30,0.0
02/15/2023 02:00,0.0
02/15/2023 02:30,0.0
02/15/2023 03:00,0.0
02/15/2023 03:30,0.0
02/15/2023 04:00,0.0
02/15/2023 04:30,0.0
02/15/2023 05:00,0.0
02/15/2023 05:30,0.0
02/15/2023 06:00,0.0
02/15/2023 06:30,0.0
02/15/2023 07:00,0.0
02/15/2023 07:30,0.0
02/15/2023 08:00,0.0
02/15/2023 08:30,0.0
02/15/2023 09:00,0.0
02/15/2023 09:30,0.0
02/15/2023 10:00,0.0
02/15/2023 10:30,0.0
02/15/2023 11:00,0.0
02/15/2023 11:30,0.0
02/15/2023 12:00,0.0
02/15/2023 12:30,0.0
02/15/2023 13:00,0.0
02/15/2023 13:30,0.0
02/15/2023 14:00,0.0
02/15/2023 14:30,0.0
02/15/2023 15:00,0.0
02/15/2023 15:30,0.0
02/15/2023 16:00,0.0
02/15/2023 16:30,0.0
02/15/2023 17:00,0.0
02/15/2023 17:30,0.0
02/15/2023 18:00,0.0
02/15/2023 18:30,0.0
02/15/2023 19:00,0.0
02/15/2023 19:30,0.0
02/15/2023 20:00,0.0
02/15/2023 20:30,0.0
02/15/2023 21:00,0.0
02/15/2023 21:30,0.0
02/15/2023 22:00,0.0
02/15/2023 22:30,0.0
02/15/2023 23:00,0.0
02/15/2023 23:30,0.0
02/16/2023 00:00,0.0
02/16/2023 00:30,0.0
02/16/2023 01:00,0.0
02/16/2023 01:30,0.0
02/16/2023 02:00,0.0
02/16/2023 02:30,0.0
02/16/2023 03:00,0.0
02/16/2023 03:30,0.0
02/16/2023 04:00,0.0
02/16/2023 04:30,0.0
02/16/2023 05:00,0.0
02/16/2023 05:30,0.0
02/16/2023 06:00,0.0
02/16/2023 06:30,0.0
02/16/2023 07:00,0.0
02/16/2023 07:30,0.0
02/16/2023 08:00,0.0
02/16/2023 08:30,0.0
02/16/2023 09:00,0.0
02/16/2023 09:30,0.0
02/16/2023 10:00,0.0
02/16/2023 10:30,0.0
02/16/2023 11:00,0.0
02/16/2023 11:30,0.0
02/16/2023 12:00,0.0
02/16/2023 12:30,0.0
02/16/2023 13:00,0.0
02/16/2023 13:30,0.0
02/16/2023 14:00,0.0
02/16/2023 14:30,0.0
02/16/2023 15:00,0.0
02/16/2023 15:30,0.0
02/16/2023 16:00,0.0
02/16/2023 16:30,0.0
02/16/2023 17:00,0.0
02/16/2023 17:30,0.0
02/16/2023 18:00,0.0
02/16/2023 18:30,0.0
02/16/2023 19:00,0.0
02/16/2023 19:30,0.0
02/16/2023 20:00,0.0
02/16/2023 20:30,0.0
02/16/2023 21:00,0.0
02/16/2023 21:30,0.0
02/16/2023 22:00,0.0
02/16/2023 22:30,0.0
02/16/2023 23:00,0.0
02/16/2023 23:30,0.0
02/17/2023 00:00,0.0
02/17/2023 00:30,0.0
02/17/2023 01:00,0.0
02/17/2023 01:30,0.0
02/17/2023 02:00,0.0
02/17/2023 02:30,0.0
02/17/2023 03:00,0.0
02/17/2023 03:30,0.0
02/17/2023 04:00,0.0
02/17/2023 04:30,0.0
02/17/2023 05:00,0.0
02/17/2023 05:30,0.0
02/17/2023 06:00,0.0
02/17/2023 06:30,0.0
02/17/2023 07:00,0.0
02/17/2023 07:30,0.0
02/17/2023 08:00,0.0
02/17/2023 08:30,0.0
02/17/2023 09:00,0.0
02/17/2023 09:30,0.0
02/17/2023 10:00,0.0
02/17/2023 10:30,0.0
02/17/2023 11:00,0.0
02/17/2023 11:30,0.0
02/17/2023 12:00,0.0
02/17/2023 12:30,0.0
02/17/2023 13:00,0.0
02/17/2023 13:30,0.0
02/17/2023 14:00,0.0
02/17/2023 14:30,0.0
02/17/2023 15:00,0.0
02/17/2023 15:30,0.0
02/17/2023 16:00,0.0
02/17/2023 16:30,0.0
02/17/2023 17:00,0.0
02/17/2023 17:30,0.0
02/17/2023 18:00,0.0
02/17/2023 18:30,0.0
02/17/2023 19:00,0.0
02/17/2023 19:30,0.0
02/17/2023 20:00,0.0
02/17/2023 20:30,0.0
02/17/2023 21:00,0.0
02/17/2023 21:30,0.0
02/17/2023 22:00,0.0
02/17/2023 22:30,0.0
02/17/2023 23:00,0.0
02/17/2023 23:30,0.0
02/18/2023 00:00,0.0
02/18/2023 00:30,0.0
02/18/2023 01:00,0.0
02/18/2023 01:30,0.0
02/18/2023 02:00,0.0
02/18/2023 02:30,0.0
02/18/2023 03:00,0.0
02/18/2023 03:30,0.0
02/18/2023 04:00,0.0
02/18/2023 04:30,0.0
02/18/2023 05:00,0.0
02/18/2023 05:30,0.0
02/18/2023 06:00,0.0
02/18/2023 06:30,0.0
02/18/2023 07:00,0.0
02/18/2023 07:30,0.0
02/18/2023 08:00,0.0
02/18/2023 08:30,0.0
02/18/2023 09:00,0.0
02/18/2023 09:30,0.0
02/18/2023 10:00,0.0
02/18/2023 10:30,0.0
02/18/2023 11:00,0.0
02/18/2023 11:30,0.0
02/18/2023 12:00,0.0
02/18/2023 12:30,0.0
02/18/2023 13:00,0.0
02/18/2023 13:30,0.0
02/18/2023 14:00,0.0
02/18/2023 14:30,0.0
02/18/2023 15:00,0.0
02/18/2023 15:30,0.0
02/18/2023 16:00,0.0
02/18/2023 16:30,0.0
02/18/2023 17:00,0.0
02/18/2023 17:30,0.0
02/18/2023 18:00,0.0
02/18/2023 18:30,0.0
02/18/2023 19:00,0.0
02/18/2023 19:30,0.0
02/18/2023 20:00,0.0
02/18/2023 20:30,0.0
02/18/2023 21:00,0.0
02/18/2023 21:30,0.0
02/18/2023 22:00,0.0
02/18/2023 22:30,0.0
02/18/2023 23:00,0.0
02/18/2023 23:30,0.0
02/19/2023 00:00,0.0
02/19/2023 00:30,0.0
02/19/2023 01:00,0.0
02/19/2023 01:30,0.0
02/19/2023 02:00,0.0
02/19/2023 02:30,0.0
02/19/2023 03:00,0.0
02/19/2023 03:30,0.0
02/19/2023 04:00,0.0
02/19/2023 04:30,0.0
02/19/2023 05:00,0.0
02/19/2023 05:30,0.0
02/19/2023 06:00,0.0
02/19/2023 06:30,0.0
02/19/2023 07:00,0.0
02/19/2023 07:30,0.0
02/19/2023 08:00,0.0
02/19/2023 08:30,0.0
02/19/2023 09:00,0.0
02/19/2023 09:30,0.0
02/19/2023 10:00,0.0
02/19/2023 10:30,0.0
02/19/2023 11:00,0.0
02/19/2023 11:30,0.0
02/19/2023 12:00,0.0
02/19/2023 12:30,0.0
02/19/2023 13:00,0.0
02/19/2023 13:30,0.0
02/19/2023 14:00,0.0
02/19/2023 14:30,0.0
02/19/2023 15:00,0.0
02/19/2023 15:30,0.0
02/19/2023 16:00,0.0
02/19/2023 16:30,0.0
02/19/2023 17:00,0.0
02/19/2023 17:30,0.0
02/19/2023 18:00,0.0
02/19/2023 18:30,0.0
02/19/2023 19:00,0.0
02/19/2023 19:30,0.0
02/19/2023 20:00,0.0
02/19/2023 20:30,0.0
02/19/2023 21:00,0.0
02/19/2023 21:30,0.0
02/19/2023 22:00,0.0
02/19/2023 22:30,0.0
02/19/2023 23:00,0.0
02/19/2023 23:30,0.0
02/20/2023 00:00,0.0
02/20/2023 00:30,0.0
02/20/2023 01:00,0.0
02/20/2023 01:30,0.0
02/20/2023 02:00,0.0
02/20/2023 02:30,0.0
02/20/2023 03:00,0.0
02/20/2023 03:30,0.0
02/20/2023 04:00,0.0
02/20/2023 04:30,0.0
02/20/2023 05:00,0.0
02/20/2023 05:30,0.0
02/20/2023 06:00,0.0
02/20/2023 06:30,0.0
02/20/2023 07:00,0.0
02/20/2023 07:30,0.0
02/20/2023 08:00,0.0
02/20/2023 08:30,0.0
02/20/2023 09:00,0.0
02/20/2023 09:30,0.0
02/20/2023 10:00,0.0
02/20/2023 10:30,0.0
02/20/2023 11:00,0.0
02/20/2023 11:30,0.0
02/20/2023 12:00,0.0
02/20/2023 12:30,0.0
02/20/2023 13:00,0.0
02/20/2023 13:30,0.0
02/20/2023 14:00,0.0
02/20/2023 14:30,0.0
02/20/2023 15:00,0.0
02/20/2023 15:30,0.0
02/20/2023 16:00,0.0
02/20/2023 16:30,0.0
02/20/2023 17:00,0.0
02/20/2023 17:30,0.0
02/20/2023 18:00,0.0
02/20/2023 18:30,0.0
02/20/2023 19:00,0.0
02/20/2023 19:30,0.0
02/20/2023 20:00,0.0
02/20/2023 20:30,0.0
02/20/2023 21:00,0.0
02/20/2023 21:30,0.0
02/20/2023 22:00,0.0
02/20/2023 22:30,0.0
02/20/2023 23:00,0.0
02/20/2023 23:30,0.0
02/21/2023 00:00,0.0
02/21/2023 00:30,0.0
02/21/2023 01:00,0.0
02/21/2023 01:30,0.0
02/21/2023 02:00,0.0
02/21/2023 02:30,0.0
02/21/2023 03:00,0.0
02/21/2023 03:30,0.0
02/21/2023 04:00,0.0
02/21/2023 04:30,0.0
02/21/2023 05:00,0.0
02/21/2023 05:30,0.0
02/21/2023 06:00,0.0
02/21/2023 06:30,0.0
02/21/2023 07:00,0.0
02/21/2023 07:30,0.0
02/21/2023 08:00,0.0
02/21/2023 08:30,0.0
02/21/2023 09:00,0.0
02/21/2023 09:30,0.0
02/21/2023 10:00,0.0
02/21/2023 10:30,0.0
02/21/2023 11:00,0.0
02/21/2023 11:30,0.0
02/21/2023 12:00,0.0
02/21/2023 12:30,0.0
02/21/2023 13:00,0.0
02/21/2023 13:30,0.0
02/21/2023 14:00,0.0
02/21/2023 14:30,0.0
02/21/2023 15:00,0.0
02/21/2023 15:30,0.0
02/21/2023 16:00,0.0
02/21/2023 16:30,0.0
02/21/2023 17:00,0.0
02/21/2023 17:30,0.0
02/21/2023 18:00,0.0
02/21/2023 18:30,0.0
02/21/2023 19:00,0.0
02/21/2023 19:30,0.0
02/21/2023 20:00,0.0
02/21/2023 20:30,0.0
02/21/2023 21:00,0.0
02/21/2023 21:30,0.0
02/21/2023 22:00,0.0
02/21/2023 22:30,0.0
02/21/2023 23:00,0.0
02/21/2023 23:30,0.0
02/22/2023 00:00,0.0
02/22/2023 00:30,0.0
02/22/2023 01:00,0.0
02/22/2023 01:30,0.0
02/22/2023 02:00,0.0
02/22/2023 02:30,0.0
02/22/2023 03:00,0.0
02/22/2023 03:30,0.0
02/22/2023 04:00,0.0
02/22/2023 04:30,0.0
02/22/2023 05:00,0.0
02/22/2023 05:30,0.0
02/22/2023 06:00,0.0
02/22/2023 06:30,0.0
02/22/2023 07:00,0.0
02/22/2023 07:30,0.0
02/22/2023 08:00,0.0
02/22/2023 08:30,0.0
02/22/2023 09:00,0.0
02/22/2023 09:30,0.0
02/22/2023 10:00,0.0
02/22/2023 10:30,0.0
02/22/2023 11:00,0.0
02/22/2023 11:30,0.0
02/22/2023 12:00,0.0
02/22/2023 12:30,0.0
02/22/2023 13:00,0.0
02/22/2023 13:30,0.0
02/22/2023 14:00,0.0
02/22/2023 14:30,0.0
02/22/2023 15:00,0.0
02/22/2023 15:30,0.0
02/22/2023 16:00,0.0
02/22/2023 16:30,0.0
02/22/2023 17:00,0.0
02/22/2023 17:30,0.0
02/22/2023 18:00,0.0
02/22/2023 18:30,0.0
02/22/2023 19:00,0.0
02/22/2023 19:30,0.0
02/22/2023 20:00,0.0
02/22/2023 20:30,0.0
02/22/2023 21:00,0.0
02/22/2023 21:30,0.0
02/22/2023 22:00,0.0
02/22/2023 22:30,0.0
02/22/2023 23:00,0.0
02/22/2023 23:30,0.0
02/23/2023 00:00,0.0
02/23/2023 00:30,0.0
02/23/2023 01:00,0.0
02/23/2023 01:30,0.0
02/23/2023 02:00,0.0
02/23/2023 02:30,0.0
02/23/2023 03:00,0.0
02/23/2023 03:30,0.0
02/23/2023 04:00,0.0
02/23/2023 04:30,0.0
02/23/2023 05:00,0.0
02/23/2023 05:30,0.0
02/23/2023 06:00,0.0
02/23/2023 06:30,0.0
02/23/2023 07:00,0.0
02/23/2023 07:30,0.0
02/23/2023 08:00,0.0
02/23/2023 08:30,0.0
02/23/2023 09:00,0.0
02/23/2023 09:30,0.0
02/23/2023 10:00,0.0
02/23/2023 10:30,0.0
02/23/2023 11:00,0.0
02/23/2023 11:30,0.0
02/23/2023 12:00,0.0
02/23/2023 12:30,0.0
02/23/2023 13:00,0.0
02/23/2023 13:30,0.0
02/23/2023 14:00,0.0
02/23/2023 14:30,0.0
02/23/2023 15:00,0.0
02/23/2023 15:30,0.0
02/23/2023 16:00,0.0
02/23/2023 16:30,0.0
02/23/2023 17:00,0.0
02/23/2023 17:30,0.0
02/23/2023 18:00,0.0
02/23/2023 18:30,0.0
02/23/2023 19:00,0.0
02/23/2023 19:30,0.0
02/23/2023 20:00,0.0
02/23/2023 20:30,0.0
02/23/2023 21:00,0.0
02/23/2023 21:30,0.0
02/23/2023 22:00,0.0
02/23/2023 22:30,0.0
02/23/2023 23:00,0.0
02/23/2023 23:30,0.0
02/24/2023 00:00,0.0
02/24/2023 00:30,0.0
02/24/2023 01:00,0.0
02/24/2023 01:30,0.0
02/24/2023 02:00,0.0
02/24/2023 02:30,0.0
02/24/2023 03:00,0.0
02/24/2023 03:30,0.0
02/24/2023 04:00,0.0
02/24/2023 04:30,0.0
02/24/2023 05:00,0.0
02/24/2023 05:30,0.0
02/24/2023 06:00,0.0
02/24/2023 06:30,0.0
02/24/2023 07:00,0.0
02/24/2023 07:30,0.0
02/24/2023 08:00,0.0
02/24/2023 08:30,0.0
02/24/2023 09:00,0.0
02/24/2023 09:30,0.0
02/24/2023 10:00,0.0
02/24/2023 10:30,0.0
02/24/2023 11:00,0.0
02/24/2023 11:30,0.0
02/24/2023 12:00,0.0
02/24/2023 12:30,0.0
02/24/2023 13:00,0.0
02/24/2023 13:30,0.0
02/24/2023 14:00,0.0
02/24/2023 14:30,0.0
02/24/2023 15:00,0.0
02/24/2023 15:30,0.0
02/24/2023 16:00,0.0
02/24/2023 16:30,0.0
02/24/2023 17:00,0.0
02/24/2023 17:30,0.0
02/24/2023 18:00,0.0
02/24/2023 18:30,0.0
02/24/2023 19:00,0.0
02/24/2023 19:30,0.0
02/24/2023 20:00,0.0
02/24/2023 20:30,0.0
02/24/2023 21:00,0.0
02/24/2023 21:30,0.0
02/24/2023 22:00,0.0
02/24/2023 22:30,0.0
02/24/2023 23:00,0.0
02/24/2023 23:30,0.0
02/25/2023 00:00,0.0
02/25/2023 00:30,0.0
02/25/2023 01:00,0.0
02/25/2023 01:30,0.0
02/25/2023 02:00,0.0
02/25/2023 02:30,0.0
02/25/2023 03:00,0.0
02/25/2023 03:30,0.0
02/25/2023 04:00,0.0
02/25/2023 04:30,0.0
02/25/2023 05:00,0.0
02/25/2023 05:30,0.0
02/25/2023 06:00,0.0
02/25/2023 06:30,0.0
02/25/2023 07:00,0.0
02/25/2023 07:30,0.0
02/25/2023 08:00,0.0
02/25/2023 08:30,0.0
02/25/2023 09:00,0.0
02/25/2023 09:30,0.0
02/25/2023 10:00,0.0
02/25/2023 10:30,0.0
02/25/2023 11:00,0.0
02/25/2023 11:30,0.0
02/25/2023 12:00,0.0
02/25/2023 12:30,0.0
02/25/2023 13:00,0.0
02/25/2023 13:30,0.0
02/25/2023 14:00,0.0
02/25/2023 14:30,0.0
02/25/2023 15:00,0.0
02/25/2023 15:30,0.0
02/25/2023 16:00,0.0
02/25/2023 16:30,0.0
02/25/2023 17:00,0.0
02/25/2023 17:30,0.0
02/25/2023 18:00,0.0
02/25/2023 18:30,0.0
02/25/2023 19:00,0.0
02/25/2023 19:30,0.0
02/25/2023 20:00,0.0
02/25/2023 20:30,0.0
02/25/2023 21:00,0.0
02/25/2023 21:30,0.0
02/25/2023 22:00,0.0
02/25/2023 22:30,0.0
02/25/2023 23:00,0.0
02/25/2023 23:30,0.0
02/26/2023 00:00,0.0
02/26/2023 00:30,0.0
02/26/2023 01:00,0.0
02/26/2023 01:30,0.0
02/26/2023 02:00,0.0
02/26/2023 02:30,0.0
02/26/2023 03:00,0.0
02/26/2023 03:30,0.0
02/26/2023 04:00,0.0
02/26/2023 04:30,0.0
02/26/2023 05:00,0.0
02/26/2023 05:30,0.0
02/26/2023 06:00,0.0
02/26/2023 06:30,0.0
02/26/2023 07:00,0.0
02/26/2023 07:30,0.0
02/26/2023 08:00,0.0
02/26/2023 08:30,0.0
02/26/2023 09:00,0.0
02/26/2023 09:30,0.0
02/26/2023 10:00,0.0
02/26/2023 10:30,0.0
02/26/2023 11:00,0.0
02/26/2023 11:30,0.0
02/26/2023 12:00,0.0
02/26/2023 12:30,0.0
02/26/2023 13:00,0.0
02/26/2023 13:30,0.0
02/26/2023 14:00,0.0
02/26/2023 14:30,0.0
02/26/2023 15:00,0.0
02/26/2023 15:30,0.0
02/26/2023 16:00,0.0
02/26/2023 16:30,0.0
02/26/2023 17:00,0.0
02/26/2023 17:30,0.0
02/26/2023 18:00,0.0
02/26/2023 18:30,0.0
02/26/2023 19:00,0.0
02/26/2023 19:30,0.0
02/26/2023 20:00,0.0
02/26/2023 20:30,0.0
02/26/2023 21:00,0.0
02/26/2023 21:30,0.0
02/26/2023 22:00,0.0
02/26/2023 22:30,0.0
02/26/2023 23:00,0.0
02/26/2023 23:30,0.0
02/27/2023 00:00,0.0
02/27/2023 00:30,0.0
02/27/2023 01:00,0.0
02/27/2023 01:30,0.0
02/27/2023 02:00,0.0
02/27/2023 02:30,0.0
02/27/2023 03:00,0.0
02/27/2023 03:30,0.0
02/27/2023 04:00,0.0
02/27/2023 04:30,0.0
02/27/2023 05:00,0.0
02/27/2023 05:30,0.0
02/27/2023 06:00,0.0
02/27/2023 06:30,0.0
02/27/2023 07:00,0.0
02/27/2023 07:30,0.0
02/27/2023 08:00,0.0
02/27/2023 08:30,0.0
02/27/2023 09:00,0.0
02/27/2023 09:30,0.0
02/27/2023 10:00,0.0
02/27/2023 10:30,0.0
02/27/2023 11:00,0.0
02/27/2023 11:30,0.0
02/27/2023 12:00,0.0
02/27/2023 12:30,0.0
02/27/2023 13:00,0.0
02/27/2023 13:30,0.0
02/27/2023 14:00,0.0
02/27/2023 14:30,0.0
02/27/2023 15:00,0.0
02/27/2023 15:30,0.0
02/27/2023 16:00,0.0
02/27/2023 16:30,0.0
02/27/2023 17:00,0.0
02/27/2023 17:30,0.0
02/27/2023 18:00,0.0
02/27/2023 18:30,0.0
02/27/2023 19:00,0.0
02/27/2023 19:30,0.0
02/27/2023 20:00,0.0
02/27/2023 20:30,0.0
02/27/2023 21:00,0.0
02/27/2023 21:30,0.0
02/27/2023 22:00,0.0
02/27/2023 22:30,0.0
02/27/2023 23:00,0.0
02/27/2023 23:30,0.0
02/28/2023 00:00,0.0
02/28/2023 00:30,0.0
02/28/2023 01:00,0.0
02/28/2023 01:30,0.0
02/28/2023 02:00,0.0
02/28/2023 02:30,0.0
02/28/2023 03:00,0.0
02/28/2023 03:30,0.0
02/28/2023 04:00,0.0
02/28/2023 04:30,0.0
02/28/2023 05:00,0.0
02/28/2023 05:30,0.0
02/28/2023 06:00,0.0
02/28/2023 06:30,0.0
02/28/2023 07:00,0.0
02/28/2023 07:30,0.0
02/28/2023 08:00,0.0
02/28/2023 08:30,0.0
02/28/2023 09:00,0.0
02/28/2023 09:30,0.0
02/28/2023 10:00,0.0
02/28/2023 10:30,0.0
02/28/2023 11:00,0.0
02/28/2023 11:30,0.0
02/28/2023 12:00,0.0
02/28/2023 12:30,0.0
02/28/2023 13:00,0.0
02/28/2023 13:30,0.0
02/28/2023 14:00,0.0
02/28/2023 14:30,0.0
02/28/2023 15:00,0.0
02/28/2023 15:30,0.0
02/28/2023 16:00,0.0
02/28/2023 16:30,0.0
02/28/2023 17:00,0.0
02/28/2023 17:30,0.0
02/28/2023 18:00,0.0
02/28/2023 18:30,0.0
02/28/2023 19:00,0.0
02/28/2023 19:30,0.0
02/28/2023 20:00,0.0
02/28/2023 20:30,0.0
02/28/2023 21:00,0.0
02/28/2023 21:30,0.0
02/28/2023 22:00,0.0
02/28/2023 22:30,0.0
02/28/2023 23:00,0.0
02/28/2023 23:30,0.0
03/01/2023 00:00,0.0
03/01/2023 00:30,0.0
03/01/2023 01:00,0.0
03/01/2023 01:30,0.0
03/01/2023 02:00,0.0
03/01/2023 02:30,0.0
03/01/2023 03:00,0.0
03/01/2023 03:30,0.0
03/01/2023 04:00,0.0
03/01/2023 04:30,0.0
03/01/2023 05:00,0.0
03/01/2023 05:30,0.0
03/01/2023 06:00,0.0
03/01/2023 06:30,0.0
03/01/2023 07:00,0.0
03/01/2023 07:30,0.0
03/01/2023 08:00,0.0
03/01/2023 08:30,0.0
03/01/2023 09:00,0.0
03/01/2023 09:30,0.0
03/01/2023 10:00,0.0
03/01/2023 10:30,0.0
03/01/2023 11:00,0.0
03/01/2023 11:30,0.0
03/01/2023 12:00,0.0
03/01/2023 12:30,0.0
03/01/2023 13:00,0.0
03/01/2023 13:30,0.0
03/01/2023 14:00,0.0
03/01/2023 14:30,0.0
03/01/2023 15:00,0.0
03/01/2023 15:30,0.0
03/01/2023 16:00,0.0
03/01/2023 16:30,0.0
03/01/2023 17:00,0.0
03/01/2023 17:30,0.0
03/01/2023 18:00,0.0
03/01/2023 18:30,0.0
03/01/2023 19:00,0.0
03/01/2023 19:30,0.0
03/01/2023 20:00,0.0
03/01/2023 20:30,0.0
03/01/2023 21:00,0.0
03/01/2023 21:30,0.0
03/01/2023 22:00,0.0
03/01/2023 22:30,0.0
03/01/2023 23:00,0.0
03/01/2023 23:30,0.0
03/02/2023 00:00,0.0
03/02/2023 00:30,0.0
03/02/2023 01:00,0.0
03/02/2023 01:30,0.0
03/02/2023 02:00,0.0
03/02/2023 02:30,0.0
03/02/2023 03:00,0.0
03/02/2023 03:30,0.0
03/02/2023 04:00,0.0
03/02/2023 04:30,0.0
03/02/2023 05:00,0.0
03/02/2023 05:30,0.0
03/02/2023 06:00,0.0
03/02/2023 06:30,0.0
03/02/2023 07:00,0.0
03/02/2023 07:30,0.0
03/02/2023 08:00,0.0
03/02/2023 08:30,0.0
03/02/2023 09:00,0.0
03/02/2023 09:30,0.0
03/02/2023 10:00,0.0
03/02/2023 10:30,0.0
03/02/2023 11:00,0.0
03/02/2023 11:30,0.0
03/02/2023 12:00,0.0
03/02/2023 12:30,0.0
03/02/2023 13:00,0.0
03/02/2023 13:30,0.0
03/02/2023 14:00,0.0
03/02/2023 14:30,0.0
03/02/2023 15:00,0.0
03/02/2023 15:30,0.0
03/02/2023 16:00,0.0
03/02/2023 16:30,0.0
03/02/2023 17:00,0.0
03/02/2023 17:30,0.0
03/02/2023 18:00,0.0
03/02/2023 18:30,0.0
03/02/2023 19:00,0.0
03/02/2023 19:30,0.0
03/02/2023 20:00,0.0
03/02/2023 20:30,0.0
03/02/2023 21:00,0.0
03/02/2023 21:30,0.0
03/02/2023 22:00,0.0
03/02/2023 22:30,0.0
03/02/2023 23:00,0.0
03/02/2023 23:30,0.0
03/03/2023 00:00,0.0
03/03/2023 00:30,0.0
03/03/2023 01:00,0.0
03/03/2023 01:30,0.0
03/03/2023 02:00,0.0
03/03/2023 02:30,0.0
03/03/2023 03:00,0.0
03/03/2023 03:30,0.0
03/03/2023 04:00,0.0
03/03/2023 04:30,0.0
03/03/2023 05:00,0.0
03/03/2023 05:30,0.0
03/03/2023 06:00,0.0
03/03/2023 06:30,0.0
03/03/2023 07:00,0.0
03/03/2023 07:30,0.0
03/03/2023 08:00,0.0
03/03/2023 08:30,0.0
03/03/2023 09:00,0.0
03/03/2023 09:30,0.0
03/03/2023 10:00,0.0
03/03/2023 10:30,0.0
03/03/2023 11:00,0.0
03/03/2023 11:30,0.0
03/03/2023 12:00,0.0
03/03/2023 12:30,0.0
03/03/2023 13:00,0.0
03/03/2023 13:30,0.0
03/03/2023 14:00,0.0
03/03/2023 14:30,0.0
03/03/2023 15:00,0.0
03/03/2023 15:30,0.0
03/03/2023 16:00,0.0
03/03/2023 16:30,0.0
03/03/2023 17:00,0.0
03/03/2023 17:30,0.0
03/03/2023 18:00,0.0
03/03/2023 18:30,0.0
03/03/2023 19:00,0.0
03/03/2023 19:30,0.0
03/03/2023 20:00,0.0
03/03/2023 20:30,0.0
03/03/2023 21:00,0.0
03/03/2023 21:30,0.0
03/03/2023 22:00,0.0
03/03/2023 22:30,0.0
03/03/2023 23:00,0.0
03/03/2023 23:30,0.0
03/04/2023 00:00,0.0
03/04/2023 00:30,0.0
03/04/2023 01:00,0.0
03/04/2023 01:30,0.0
03/04/2023 02:00,0.0
03/04/2023 02:30,0.0
03/04/2023 03:00,0.0
03/04/2023 03:30,0.0
03/04/2023 04:00,0.0
03/04/2023 04:30,0.0
03/04/2023 05:00,0.0
03/04/2023 05:30,0.0
03/04/2023 06:00,0.0
03/04/2023 06:30,0.0
03/04/2023 07:00,0.0
03/04/2023 07:30,0.0
03/04/2023 08:00,0.0
03/04/2023 08:30,0.0
03/04/2023 09:00,0.0
03/04/2023 09:30,0.0
03/04/2023 10:00,0.0
03/04/2023 10:30,0.0
03/04/2023 11:00,0.0
03/04/2023 11:30,0.0
03/04/2023 12:00,0.0
03/04/2023 12:30,0.0
03/04/2023 13:00,0.0
03/04/2023 13:30,0.0
03/04/2023 14:00,0.0
03/04/2023 14:30,0.0
03/04/2023 15:00,0.0
03/04/2023 15:30,0.0
03/04/2023 16:00,0.0
03/04/2023 16:30,0.0
03/04/2023 17:00,0.0
03/04/2023 17:30,0.0
03/04/2023 18:00,0.0
03/04/2023 18:30,0.0
03/04/2023 19:00,0.0
03/04/2023 19:30,0.0
03/04/2023 20:00,0.0
03/04/2023 20:30,0.0
03/04/2023 21:00,0.0
03/04/2023 21:30,0.0
03/04/2023 22:00,0.0
03/04/2023 22:30,0.0
03/04/2023 23:00,0.0
03/04/2023 23:30,0.0
03/05/2023 00:00,0.0
03/05/2023 00:30,0.0
03/05/2023 01:00,0.0
03/05/2023 01:30,0.0
03/05/2023 02:00,0.0
03/05/2023 02:30,0.0
03/05/2023 03:00,0.0
03/05/2023 03:30,0.0
03/05/2023 04:00,0.0
03/05/2023 04:30,0.0
03/05/2023 05:00,0.0
03/05/2023 05:30,0.0
03/05/2023 06:00,0.0
03/05/2023 06:30,0.0
03/05/2023 07:00,0.0
03/05/2023 07:30,0.0
03/05/2023 08:00,0.0
03/05/2023 08:30,0.0
03/05/2023 09:00,0.0
03/05/2023 09:30,0.0
03/05/2023 10:00,0.0
03/05/2023 10:30,0.0
03/05/2023 11:00,0.0
03/05/2023 11:30,0.0
03/05/2023 12:00,0.0
03/05/2023 12:30,0.0
03/05/2023 13:00,0.0
03/05/2023 13:30,0.0
03/05/2023 14:00,0.0
03/05/2023 14:30,0.0
03/05/2023 15:00,0.0
03/05/2023 15:30,0.0
03/05/2023 16:00,0.0
03/05/2023 16:30,0.0
03/05/2023 17:00,0.0
03/05/2023 17:30,0.0
03/05/2023 18:00,0.0
03/05/2023 18:30,0.0
03/05/2023 19:00,0.0
03/05/2023 19:30,0.0
03/05/2023 20:00,0.0
03/05/2023 20:30,0.0
03/05/2023 21:00,0.0
03/05/2023 21:30,0.0
03/05/2023 22:00,0.0
03/05/2023 22:30,0.0
03/05/2023 23:00,0.0
03/05/2023 23:30,0.0
03/06/2023 00:00,0.0
03/06/2023 00:30,0.0
03/06/2023 01:00,0.0
03/06/2023 01:30,0.0
03/06/2023 02:00,0.0
03/06/2023 02:30,0.0
03/06/2023 03:00,0.0
03/06/2023 03:30,0.0
03/06/2023 04:00,0.0
03/06/2023 04:30,0.0
03/06/2023 05:00,0.0
03/06/2023 05:30,0.0
03/06/2023 06:00,0.0
03/06/2023 06:30,0.0
03/06/2023 07:00,0.0
03/06/2023 07:30,0.0
03/06/2023 08:00,0.0
03/06/2023 08:30,0.0
03/06/2023 09:00,0.0
03/06/2023 09:30,0.0
03/06/2023 10:00,0.0
03/06/2023 10:30,0.0
03/06/2023 11:00,0.0
03/06/2023 11:30,0.0
03/06/2023 12:00,0.0
03/06/2023 12:30,0.0
03/06/2023 13:00,0.0
03/06/2023 13:30,0.0
03/06/2023 14:00,0.0
03/06/2023 14:30,0.0
03/06/2023 15:00,0.0
03/06/2023 15:30,0.0
03/06/2023 16:00,0.0
03/06/2023 16:30,0.0
03/06/2023 17:00,0.0
03/06/2023 17:30,0.0
03/06/2023 18:00,0.0
03/06/2023 18:30,0.0
03/06/2023 19:00,0.0
03/06/2023 19:30,0.0
03/06/2023 20:00,0.0
03/06/2023 20:30,0.0
03/06/2023 21:00,0.0
03/06/2023 21:30,0.0
03/06/2023 22:00,0.0
03/06/2023 22:30,0.0
03/06/2023 23:00,0.0
03/06/2023 23:30,0.0
03/07/2023 00:00,0.0
03/07/2023 00:30,0.0
03/07/2023 01:00,0.0
03/07/2023 01:30,0.0
03/07/2023 02:00,0.0
03/07/2023 02:30,0.0
03/07/2023 03:00,0.0
03/07/2023 03:30,0.0
03/07/2023 04:00,0.0
03/07/2023 04:30,0.0
03/07/2023 05:00,0.0
03/07/2023 05:30,0.0
03/07/2023 06:00,0.0
03/07/2023 06:30,0.0
03/07/2023 07:00,0.0
03/07/2023 07:30,0.0
03/07/2023 08:00,0.0
03/07/2023 08:30,0.0
03/07/2023 09:00,0.0
03/07/2023 09:30,0.0
03/07/2023 10:00,0.0
03/07/2023 10:30,0.0
03/07/2023 11:00,0.0
03/07/2023 11:30,0.0
03/07/2023 12:00,0.0
03/07/2023 12:30,0.0
03/07/2023 13:00,0.0
03/07/2023 13:30,0.0
03/07/2023 14:00,0.0
03/07/2023 14:30,0.0
03/07/2023 15:00,0.0
03/07/2023 15:30,0.0
03/07/2023 16:00,0.0
03/07/2023 16:30,0.0
03/07/2023 17:00,0.0
03/07/2023 17:30,0.0
03/07/2023 18:00,0.0
03/07/2023 18:30,0.0
03/07/2023 19:00,0.0
03/07/2023 19:30,0.0
03/07/2023 20:00,0.0
03/07/2023 20:30,0.0
03/07/2023 21:00,0.0
03/07/2023 21:30,0.0
03/07/2023 22:00,0.0
03/07/2023 22:30,0.0
03/07/2023 23:00,0.0
03/07/2023 23:30,0.0
03/08/2023 00:00,0.0
03/08/2023 00:30,0.0
03/08/2023 01:00,0.0
03/08/2023 01:30,0.0
03/08/2023 02:00,0.0
03/08/2023 02:30,0.0
03/08/2023 03:00,0.0
03/08/2023 03:30,0.0
03/08/2023 04:00,0.0
03/08/2023 04:30,0.0
03/08/2023 05:00,0.0
03/08/2023 05:30,0.0
03/08/2023 06:00,0.0
03/08/2023 06:30,0.0
03/08/2023 07:00,0.0
03/08/2023 07:30,0.0
03/08/2023 08:00,0.0
03/08/2023 08:30,0.0
03/08/2023 09:00,0.0
03/08/2023 09:30,0.0
03/08/2023 10:00,0.0
03/08/2023 10:30,0.0
03/08/2023 11:00,0.0
03/08/2023 11:30,0.0
03/08/2023 12:00,0.0
03/08/2023 12:30,0.0
03/08/2023 13:00,0.0
03/08/2023 13:30,0.0
03/08/2023 14:00,0.0
03/08/2023 14:30,0.0
03/08/2023 15:00,0.0
03/08/2023 15:30,0.0
03/08/2023 16:00,0.0
03/08/2023 16:30,0.0
03/08/2023 17:00,0.0
03/08/2023 17:30,0.0
03/08/2023 18:00,0.0
03/08/2023 18:30,0.0
03/08/2023 19:00,0.0
03/08/2023 19:30,0.0
03/08/2023 20:00,0.0
03/08/2023 20:30,0.0
03/08/2023 21:00,0.0
03/08/2023 21:30,0.0
03/08/2023 22:00,0.0
03/08/2023 22:30,0.0
03/08/2023 23:00,0.0
03/08/2023 23:30,0.0
03/09/2023 00:00,0.0
03/09/2023 00:30,0.0
03/09/2023 01:00,0.0
03/09/2023 01:30,0.0
03/09/2023 02:00,0.0
03/09/2023 02:30,0.0
03/09/2023 03:00,0.0
03/09/2023 03:30,0.0
03/09/2023 04:00,0.0
03/09/2023 04:30,0.0
03/09/2023 05:00,0.0
03/09/2023 05:30,0.0
03/09/2023 06:00,0.0
03/09/2023 06:30,0.0
03/09/2023 07:00,0.0
03/09/2023 07:30,0.0
03/09/2023 08:00,0.0
03/09/2023 08:30,0.0
03/09/2023 09:00,0.0
03/09/2023 09:30,0.0
03/09/2023 10:00,0.0
03/09/2023 10:30,0.0
03/09/2023 11:00,0.0
03/09/2023 11:30,0.0
03/09/2023 12:00,0.0
03/09/2023 12:30,0.0
03/09/2023 13:00,0.0
03/09/2023 13:30,0.0
03/09/2023 14:00,0.0
03/09/2023 14:30,0.0
03/09/2023 15:00,0.0
03/09/2023 15:30,0.0
03/09/2023 16:00,0.0
03/09/2023 16:30,0.0
03/09/2023 17:00,0.0
03/09/2023 17:30,0.0
03/09/2023 18:00,0.0
03/09/2023 18:30,0.0
03/09/2023 19:00,0.0
03/09/2023 19:30,0.0
03/09/2023 20:00,0.0
03/09/2023 20:30,0.0
03/09/2023 21:00,0.0
03/09/2023 21:30,0.0
03/09/2023 22:00,0.0
03/09/2023 22:30,0.0
03/09/2023 23:00,0.0
03/09/2023 23:30,0.0
03/10/2023 00:00,0.0
03/10/2023 00:30,0.0
03/10/2023 01:00,0.0
03/10/2023 01:30,0.0
03/10/2023 02:00,0.0
03/10/2023 02:30,0.0
03/10/2023 03:00,0.0
03/10/2023 03:30,0.0
03/10/2023 04:00,0.0
03/10/2023 04:30,0.0
03/10/2023 05:00,0.0
03/10/2023 05:30,0.0
03/10/2023 06:00,0.0
03/10/2023 06:30,0.0
03/10/2023 07:00,0.0
03/10/2023 07:30,0.0
03/10/2023 08:00,0.0
03/10/2023 08:30,0.0
03/10/2023 09:00,0.0
03/10/2023 09:30,0.0
03/10/2023 10:00,0.0
03/10/2023 10:30,0.0
03/10/2023 11:00,0.0
03/10/2023 11:30,0.0
03/10/2023 12:00,0.0
03/10/2023 12:30,0.0
03/10/2023 13:00,0.0
03/10/2023 13:30,0.0
03/10/2023 14:00,0.0
03/10/2023 14:30,0.0
03/10/2023 15:00,0.0
03/10/2023 15:30,0.0
03/10/2023 16:00,0.0
03/10/2023 16:30,0.0
03/10/2023 17:00,0.0
03/10/2023 17:30,0.0
03/10/2023 18:00,0.0
03/10/2023 18:30,0.0
03/10/2023 19:00,0.0
03/10/2023 19:30,0.0
03/10/2023 20:00,0.0
03/10/2023 20:30,0.0
03/10/2023 21:00,0.0
03/10/2023 21:30,0.0
03/10/2023 22:00,0.0
03/10/2023 22:30,0.0
03/10/2023 23:00,0.0
03/10/2023 23:30,0.0
03/11/2023 00:00,0.0
03/11/2023 00:30,0.0
03/11/2023 01:00,0.0
03/11/2023 01:30,0.0
03/11/2023 02:00,0.0
03/11/2023 02:30,0.0
03/11/2023 03:00,0.0
03/11/2023 03:30,0.0
03/11/2023 04:00,0.0
03/11/2023 04:30,0.0
03/11/2023 05:00,0.0
03/11/2023 05:30,0.0
03/11/2023 06:00,0.0
03/11/2023 06:30,0.0
03/11/2023 07:00,0.0
03/11/2023 07:30,0.0
03/11/2023 08:00,0.0
03/11/2023 08:30,0.0
03/11/2023 09:00,0.0
03/11/2023 09:30,0.0
03/11/2023 10:00,0.0
03/11/2023 10:30,0.0
03/11/2023 11:00,0.0
03/11/2023 11:30,0.0
03/11/2023 12:00,0.0
03/11/2023 12:30,0.0
03/11/2023 13:00,0.0
03/11/2023 13:30,0.0
03/11/2023 14:00,0.0
03/11/2023 14:30,0.0
03/11/2023 15:00,0.0
03/11/2023 15:30,0.0
03/11/2023 16:00,0.0
03/11/2023 16:30,0.0
03/11/2023 17:00,0.0
03/11/2023 17:30,0.0
03/11/2023 18:00,0.0
03/11/2023 18:30,0.0
03/11/2023 19:00,0.0
03/11/2023 19:30,0.0
03/11/2023 20:00,0.0
03/11/2023 20:30,0.0
03/11/2023 21:00,0.0
03/11/2023 21:30,0.0
03/11/2023 22:00,0.0
03/11/2023 22:30,0.0
03/11/2023 23:00,0.0
03/11/2023 23:30,0.0
03/12/2023 00:00,0.0
03/12/2023 00:30,0.0
03/12/2023 01:00,0.0
03/12/2023 01:30,0.0
03/12/2023 02:00,0.0
03/12/2023 02:30,0.0
03/12/2023 03:00,0.0
03/12/2023 03:30,0.0
03/12/2023 04:00,0.0
03/12/2023 04:30,0.0
03/12/2023 05:00,0.0
03/12/2023 05:30,0.0
03/12/2023 06:00,0.0
03/12/2023 06:30,0.0
03/12/2023 07:00,0.0
03/12/2023 07:30,0.0
03/12/2023 08:00,0.0
03/12/2023 08:30,0.0
03/12/2023 09:00,0.0
03/12/2023 09:30,0.0
03/12/2023 10:00,0.0
03/12/2023 10:30,0.0
03/12/2023 11:00,0.0
03/12/2023 11:30,0.0
03/12/2023 12:00,0.0
03/12/2023 12:30,0.0
03/12/2023 13:00,0.0
03/12/2023 13:30,0.0
03/12/2023 14:00,0.0
03/12/2023 14:30,0.0
03/12/2023 15:00,0.0
03/12/2023 15:30,0.0
03/12/2023 16:00,0.0
03/12/2023 16:30,0.0
03/12/2023 17:00,0.0
03/12/2023 17:30,0.0
03/12/2023 18:00,0.0
03/12/2023 18:30,0.0
03/12/2023 19:00,0.0
03/12/2023 19:30,0.0
03/12/2023 20:00,0.0
03/12/2023 20:30,0.0
03/12/2023 21:00,0.0
03/12/2023 21:30,0.0
03/12/2023 22:00,0.0
03/12/2023 22:30,0.0
03/12/2023 23:00,0.0
03/12/2023 23:30,0.0
03/13/2023 00:00,0.0
03/13/2023 00:30,0.0
03/13/2023 01:00,0.0
03/13/2023 01:30,0.0
03/13/2023 02:00,0.0
03/13/2023 02:30,0.0
03/13/2023 03:00,0.0
03/13/2023 03:30,0.0
03/13/2023 04:00,0.0
03/13/2023 04:30,0.0
03/13/2023 05:00,0.0
03/13/2023 05:30,0.0
03/13/2023 06:00,0.0
03/13/2023 06:30,0.0
03/13/2023 07:00,0.0
03/13/2023 07:30,0.0
03/13/2023 08:00,0.0
03/13/2023 08:30,0.0
03/13/2023 09:00,0.0
03/13/2023 09:30,0.0
03/13/2023 10:00,0.0
03/13/2023 10:30,0.0
03/13/2023 11:00,0.0
03/13/2023 11:30,0.0
03/13/2023 12:00,0.0
03/13/2023 12:30,0.0
03/13/2023 13:00,0.0
03/13/2023 13:30,0.0
03/13/2023 14:00,0.0
03/13/2023 14:30,0.0
03/13/2023 15:00,0.0
03/13/2023 15:30,0.0
03/13/2023 16:00,0.0
03/13/2023 16:30,0.0
03/13/2023 17:00,0.0
03/13/2023 17:30,0.0
03/13/2023 18:00,0.0
03/13/2023 18:30,0.0
03/13/2023 19:00,0.0
03/13/2023 19:30,0.0
03/13/2023 20:00,0.0
03/13/2023 20:30,0.0
03/13/2023 21:00,0.0
03/13/2023 21:30,0.0
03/13/2023 22:00,0.0
03/13/2023 22:30,0.0
03/13/2023 23:00,0.0
03/13/2023 23:30,0.0
03/14/2023 00:00,0.0
03/14/2023 00:30,0.0
03/14/2023 01:00,0.0
03/14/2023 01:30,0.0
03/14/2023 02:00,0.0
03/14/2023 02:30,0.0
03/14/2023 03:00,0.0
03/14/2023 03:30,0.0
03/14/2023 04:00,0.0
03/14/2023 04:30,0.0
03/14/2023 05:00,0.0
03/14/2023 05:30,0.0
03/14/2023 06:00,0.0
03/14/2023 06:30,0.0
03/14/2023 07:00,0.0
03/14/2023 07:30,0.0
03/14/2023 08:00,0.0
03/14/2023 08:30,0.0
03/14/2023 09:00,0.0
03/14/2023 09:30,0.0
03/14/2023 10:00,0.0
03/14/2023 10:30,0.0
03/14/2023 11:00,0.0
03/14/2023 11:30,0.0
03/14/2023 12:00,0.0
03/14/2023 12:30,0.0
03/14/2023 13:00,0.0
03/14/2023 13:30,0.0
03/14/2023 14:00,0.0
03/14/2023 14:30,0.0
03/14/2023 15:00,0.0
03/14/2023 15:30,0.0
03/14/2023 16:00,0.0
03/14/2023 16:30,0.0
03/14/2023 17:00,0.0
03/14/2023 17:30,0.0
03/14/2023 18:00,0.0
03/14/2023 18:30,0.0
03/14/2023 19:00,0.0
03/14/2023 19:30,0.0
03/14/2023 20:00,0.0
03/14/2023 20:30,0.0
03/14/2023 21:00,0.0
03/14/2023 21:30,0.0
03/14/2023 22:00,0.0
03/14/2023 22:30,0.0
03/14/2023 23:00,0.0
03/14/2023 23:30,0.0
03/15/2023 00:00,0.0
03/15/2023 00:30,0.0
03/15/2023 01:00,0.0
03/15/2023 01:30,0.0
03/15/2023 02:00,0.0
03/15/2023 02:30,0.0
03/15/2023 03:00,0.0
03/15/2023 03:30,0.0
03/15/2023 04:00,0.0
03/15/2023 04:30,0.0
03/15/2023 05:00,0.0
03/15/2023 05:30,0.0
03/15/2023 06:00,0.0
03/15/2023 06:30,0.0
03/15/2023 07:00,0.0
03/15/2023 07:30,0.0
03/15/2023 08:00,0.0
03/15/2023 08:30,0.0
03/15/2023 09:00,0.0
03/15/2023 09:30,0.0
03/15/2023 10:00,0.0
03/15/2023 10:30,0.0
03/15/2023 11:00,0.0
03/15/2023 11:30,0.0
03/15/2023 12:00,0.0
03/15/2023 12:30,0.0
03/15/2023 13:00,0.0
03/15/2023 13:30,0.0
03/15/2023 14:00,0.0
03/15/2023 14:30,0.0
03/15/2023 15:00,0.0
03/15/2023 15:30,0.0
03/15/2023 16:00,0.0
03/15/2023 16:30,0.0
03/15/2023 17:00,0.0
03/15/2023 17:30,0.0
03/15/2023 18:00,0.0
03/15/2023 18:30,0.0
03/15/2023 19:00,0.0
03/15/2023 19:30,0.0
03/15/2023 20:00,0.0
03/15/2023 20:30,0.0
03/15/2023 21:00,0.0
03/15/2023 21:30,0.0
03/15/2023 22:00,0.0
03/15/2023 22:30,0.0
03/15/2023 23:00,0.0
03/15/2023 23:30,0.0
03/16/2023 00:00,0.0
03/16/2023 00:30,0.0
03/16/2023 01:00,0.0
03/16/2023 01:30,0.0
03/16/2023 02:00,0.0
03/16/2023 02:30,0.0
03/16/2023 03:00,0.0
03/16/2023 03:30,0.0
03/16/2023 04:00,0.0
03/16/2023 04:30,0.0
03/16/2023 05:00,0.0
03/16/2023 05:30,0.0
03/16/2023 06:00,0.0
03/16/2023 06:30,0.0
03/16/2023 07:00,0.0
03/16/2023 07:30,0.0
03/16/2023 08:00,0.0
03/16/2023 08:30,0.0
03/16/2023 09:00,0.0
03/16/2023 09:30,0.0
03/16/2023 10:00,0.0
03/16/2023 10:30,0.0
03/16/2023 11:00,0.0
03/16/2023 11:30,0.0
03/16/2023 12:00,0.0
03/16/2023 12:30,0.0
03/16/2023 13:00,0.0
03/16/2023 13:30,0.0
03/16/2023 14:00,0.0
03/16/2023 14:30,0.0
03/16/2023 15:00,0.0
03/16/2023 15:30,0.0
03/16/2023 16:00,0.0
03/16/2023 16:30,0.0
03/16/2023 17:00,0.0
03/16/2023 17:30,0.0
03/16/2023 18:00,0.0
03/16/2023 18:30,0.0
03/16/2023 19:00,0.0
03/16/2023 19:30,0.0
03/16/2023 20:00,0.0
03/16/2023 20:30,0.0
03/16/2023 21:00,0.0
03/16/2023 21:30,0.0
03/16/2023 22:00,0.0
03/16/2023 22:30,0.0
03/16/2023 23:00,0.0
03/16/2023 23:30,0.0
03/17/2023 00:00,0.0
03/17/2023 00:30,0.0
03/17/2023 01:00,0.0
03/17/2023 01:30,0.0
03/17/2023 02:00,0.0
03/17/2023 02:30,0.0
03/17/2023 03:00,0.0
03/17/2023 03:30,0.0
03/17/2023 04:00,0.0
03/17/2023 04:30,0.0
03/17/2023 05:00,0.0
03/17/2023 05:30,0.0
03/17/2023 06:00,0.0
03/17/2023 06:30,0.0
03/17/2023 07:00,0.0
03/17/2023 07:30,0.0
03/17/2023 08:00,0.0
03/17/2023 08:30,0.0
03/17/2023 09:00,0.0
03/17/2023 09:30,0.0
03/17/2023 10:00,0.0
03/17/2023 10:30,0.0
03/17/2023 11:00,0.0
03/17/2023 11:30,0.0
03/17/2023 12:00,0.0
03/17/2023 12:30,0.0
03/17/2023 13:00,0.0
03/17/2023 13:30,0.0
03/17/2023 14:00,0.0
03/17/2023 14:30,0.0
03/17/2023 15:00,0.0
03/17/2023 15:30,0.0
03/17/2023 16:00,0.0
03/17/2023 16:30,0.0
03/17/2023 17:00,0.0
03/17/2023 17:30,0.0
03/17/2023 18:00,0.0
03/17/2023 18:30,0.0
03/17/2023 19:00,0.0
03/17/2023 19:30,0.0
03/17/2023 20:00,0.0
03/17/2023 20:30,0.0
03/17/2023 21:00,0.0
03/17/2023 21:30,0.0
03/17/2023 22:00,0.0
03/17/2023 22:30,0.0
03/17/2023 23:00,0.0
03/17/2023 23:30,0.0
03/18/2023 00:00,0.0
03/18/2023 00:30,0.0
03/18/2023 01:00,0.0
03/18/2023 01:30,0.0
03/18/2023 02:00,0.0
03/18/2023 02:30,0.0
03/18/2023 03:00,0.0
03/18/2023 03:30,0.0
03/18/2023 04:00,0.0
03/18/2023 04:30,0.0
03/18/2023 05:00,0.0
03/18/2023 05:30,0.0
03/18/2023 06:00,0.0
03/18/2023 06:30,0.0
03/18/2023 07:00,0.0
03/18/2023 07:30,0.0
03/18/2023 08:00,0.0
03/18/2023 08:30,0.0
03/18/2023 09:00,0.0
03/18/2023 09:30,0.0
03/18/2023 10:00,0.0
03/18/2023 10:30,0.0
03/18/2023 11:00,0.0
03/18/2023 11:30,0.0
03/18/2023 12:00,0.0
03/18/2023 12:30,0.0
03/18/2023 13:00,0.0
03/18/2023 13:30,0.0
03/18/2023 14:00,0.0
03/18/2023 14:30,0.0
03/18/2023 15:00,0.0
03/18/2023 15:30,0.0
03/18/2023 16:00,0.0
03/18/2023 16:30,0.0
03/18/2023 17:00,0.0
03/18/2023 17:30,0.0
03/18/2023 18:00,0.0
03/18/2023 18:30,0.0
03/18/2023 19:00,0.0
03/18/2023 19:30,0.0
03/18/2023 20:00,0.0
03/18/2023 20:30,0.0
03/18/2023 21:00,0.0
03/18/2023 21:30,0.0
03/18/2023 22:00,0.0
03/18/2023 22:30,0.0
03/18/2023 23:00,0.0
03/18/2023 23:30,0.0
03/19/2023 00:00,0.0
03/19/2023 00:30,0.0
03/19/2023 01:00,0.0
03/19/2023 01:30,0.0
03/19/2023 02:00,0.0
03/19/2023 02:30,0.0
03/19/2023 03:00,0.0
03/19/2023 03:30,0.0
03/19/2023 04:00,0.0
03/19/2023 04:30,0.0
03/19/2023 05:00,0.0
03/19/2023 05:30,0.0
03/19/2023 06:00,0.0
03/19/2023 06:30,0.0
03/19/2023 07:00,0.0
03/19/2023 07:30,0.0
03/19/2023 08:00,0.0
03/19/2023 08:30,0.0
03/19/2023 09:00,0.0
03/19/2023 09:30,0.0
03/19/2023 10:00,0.0
03/19/2023 10:30,0.0
03/19/2023 11:00,0.0
03/19/2023 11:30,0.0
03/19/2023 12:00,0.0
03/19/2023 12:30,0.0
03/19/2023 13:00,0.0
03/19/2023 13:30,0.0
03/19/2023 14:00,0.0
03/19/2023 14:30,0.0
03/19/2023 15:00,0.0
03/19/2023 15:30,0.0
03/19/2023 16:00,0.0
03/19/2023 16:30,0.0
03/19/2023 17:00,0.0
03/19/2023 17:30,0.0
03/19/2023 18:00,0.0
03/19/2023 18:30,0.0
03/19/2023 19:00,0.0
03/19/2023 19:30,0.0
03/19/2023 20:00,0.0
03/19/2023 20:30,0.0
03/19/2023 21:00,0.0
03/19/2023 21:30,0.0
03/19/2023 22:00,0.0
03/19/2023 22:30,0.0
03/19/2023 23:00,0.0
03/19/2023 23:30,0.0
03/20/2023 00:00,0.0
03/20/2023 00:30,0.0
03/20/2023 01:00,0.0
03/20/2023 01:30,0.0
03/20/2023 02:00,0.0
03/20/2023 02:30,0.0
03/20/2023 03:00,0.0
03/20/2023 03:30,0.0
03/20/2023 04:00,0.0
03/20/2023 04:30,0.0
03/20/2023 05:00,0.0
03/20/2023 05:30,0.0
03/20/2023 06:00,0.0
03/20/2023 06:30,0.0
03/20/2023 07:00,0.0
03/20/2023 07:30,0.0
03/20/2023 08:00,0.0
03/20/2023 08:30,0.0
03/20/2023 09:00,0.0
03/20/2023 09:30,0.0
03/20/2023 10:00,0.0
03/20/2023 10:30,0.0
03/20/2023 11:00,0.0
03/20/2023 11:30,0.0
03/20/2023 12:00,0.0
03/20/2023 12:30,0.0
03/20/2023 13:00,0.0
03/20/2023 13:30,0.0
03/20/2023 14:00,0.0
03/20/2023 14:30,0.0
03/20/2023 15:00,0.0
03/20/2023 15:30,0.0
03/20/2023 16:00,0.0
03/20/2023 16:30,0.0
03/20/2023 17:00,0.0
03/20/2023 17:30,0.0
03/20/2023 18:00,0.0
03/20/2023 18:30,0.0
03/20/2023 19:00,0.0
03/20/2023 19:30,0.0
03/20/2023 20:00,0.0
03/20/2023 20:30,0.0
03/20/2023 21:00,0.0
03/20/2023 21:30,0.0
03/20/2023 22:00,0.0
03/20/2023 22:30,0.0
03/20/2023 23:00,0.0
03/20/2023 23:30,0.0
03/21/2023 00:00,0.0
03/21/2023 00:30,0.0
03/21/2023 01:00,0.0
03/21/2023 01:30,0.0
03/21/2023 02:00,0.0
03/21/2023 02:30,0.0
03/21/2023 03:00,0.0
03/21/2023 03:30,0.0
03/21/2023 04:00,0.0
03/21/2023 04:30,0.0
03/21/2023 05:00,0.0
03/21/2023 05:30,0.0
03/21/2023 06:00,0.0
03/21/2023 06:30,0.0
03/21/2023 07:00,0.0
03/21/2023 07:30,0.0
03/21/2023 08:00,0.0
03/21/2023 08:30,0.0
03/21/2023 09:00,0.0
03/21/2023 09:30,0.0
03/21/2023 10:00,0.0
03/21/2023 10:30,0.0
03/21/2023 11:00,0.0
03/21/2023 11:30,0.0
03/21/2023 12:00,0.0
03/21/2023 12:30,0.0
03/21/2023 13:00,0.0
03/21/2023 13:30,0.0
03/21/2023 14:00,0.0
03/21/2023 14:30,0.0
03/21/2023 15:00,0.0
03/21/2023 15:30,0.0
03/21/2023 16:00,0.0
03/21/2023 16:30,0.0
03/21/2023 17:00,0.0
03/21/2023 17:30,0.0
03/21/2023 18:00,0.0
03/21/2023 18:30,0.0
03/21/2023 19:00,0.0
03/21/2023 19:30,0.0
03/21/2023 20:00,0.0
03/21/2023 20:30,0.0
03/21/2023 21:00,0.0
03/21/2023 21:30,0.0
03/21/2023 22:00,0.0
03/21/2023 22:30,0.0
03/21/2023 23:00,0.0
03/21/2023 23:30,0.0
03/22/2023 00:00,0.0
03/22/2023 00:30,0.0
03/22/2023 01:00,0.0
03/22/2023 01:30,0.0
03/22/2023 02:00,0.0
03/22/2023 02:30,0.0
03/22/2023 03:00,0.0
03/22/2023 03:30,0.0
03/22/2023 04:00,0.0
03/22/2023 04:30,0.0
03/22/2023 05:00,0.0
03/22/2023 05:30,0.0
03/22/2023 06:00,0.0
03/22/2023 06:30,0.0
03/22/2023 07:00,0.0
03/22/2023 07:30,0.0
03/22/2023 08:00,0.0
03/22/2023 08:30,0.0
03/22/2023 09:00,0.0
03/22/2023 09:30,0.0
03/22/2023 10:00,0.0
03/22/2023 10:30,0.0
03/22/2023 11:00,0.0
03/22/2023 11:30,0.0
03/22/2023 12:00,0.0
03/22/2023 12:30,0.0
03/22/2023 13:00,0.0
03/22/2023 13:30,0.0
03/22/2023 14:00,0.0
03/22/2023 14:30,0.0
03/22/2023 15:00,0.0
03/22/2023 15:30,0.0
03/22/2023 16:00,0.0
03/22/2023 16:30,0.0
03/22/2023 17:00,0.0
03/22/2023 17:30,0.0
03/22/2023 18:00,0.0
03/22/2023 18:30,0.0
03/22/2023 19:00,0.0
03/22/2023 19:30,0.0
03/22/2023 20:00,0.0
03/22/2023 20:30,0.0
03/22/2023 21:00,0.0
03/22/2023 21:30,0.0
03/22/2023 22:00,0.0
03/22/2023 22:30,0.0
03/22/2023 23:00,0.0
03/22/2023 23:30,0.0
03/23/2023 00:00,0.0
03/23/2023 00:30,0.0
03/23/2023 01:00,0.0
03/23/2023 01:30,0.0
03/23/2023 02:00,0.0
03/23/2023 02:30,0.0
03/23/2023 03:00,0.0
03/23/2023 03:30,0.0
03/23/2023 04:00,0.0
03/23/2023 04:30,0.0
03/23/2023 05:00,0.0
03/23/2023 05:30,0.0
03/23/2023 06:00,0.0
03/23/2023 06:30,0.0
03/23/2023 07:00,0.0
03/23/2023 07:30,0.0
03/23/2023 08:00,0.0
03/23/2023 08:30,0.0
03/23/2023 09:00,0.0
03/23/2023 09:30,0.0
03/23/2023 10:00,0.0
03/23/2023 10:30,0.0
03/23/2023 11:00,0.0
03/23/2023 11:30,0.0
03/23/2023 12:00,0.0
03/23/2023 12:30,0.0
03/23/2023 13:00,0.0
03/23/2023 13:30,0.0
03/23/2023 14:00,0.0
03/23/2023 14:30,0.0
03/23/2023 15:00,0.0
03/23/2023 15:30,0.0
03/23/2023 16:00,0.0
03/23/2023 16:30,0.0
03/23/2023 17:00,0.0
03/23/2023 17:30,0.0
03/23/2023 18:00,0.0
03/23/2023 18:30,0.0
03/23/2023 19:00,0.0
03/23/2023 19:30,0.0
03/23/2023 20:00,0.0
03/23/2023 20:30,0.0
03/23/2023 21:00,0.0
03/23/2023 21:30,0.0
03/23/2023 22:00,0.0
03/23/2023 22:30,0.0
03/23/2023 23:00,0.0
03/23/2023 23:30,0.0
03/24/2023 00:00,0.0
03/24/2023 00:30,0.0
03/24/2023 01:00,0.0
03/24/2023 01:30,0.0
03/24/2023 02:00,0.0
03/24/2023 02:30,0.0
03/24/2023 03:00,0.0
03/24/2023 03:30,0.0
03/24/2023 04:00,0.0
03/24/2023 04:30,0.0
03/24/2023 05:00,0.0
03/24/2023 05:30,0.0
03/24/2023 06:00,0.0
03/24/2023 06:30,0.0
03/24/2023 07:00,0.0
03/24/2023 07:30,0.0
03/24/2023 08:00,0.0
03/24/2023 08:30,0.0
03/24/2023 09:00,0.0
03/24/2023 09:30,0.0
03/24/2023 10:00,0.0
03/24/2023 10:30,0.0
03/24/2023 11:00,0.0
03/24/2023 11:30,0.0
03/24/2023 12:00,0.0
03/24/2023 12:30,0.0
03/24/2023 13:00,0.0
03/24/2023 13:30,0.0
03/24/2023 14:00,0.0
03/24/2023 14:30,0.0
03/24/2023 15:00,0.0
03/24/2023 15:30,0.0
03/24/2023 16:00,0.0
03/24/2023 16:30,0.0
03/24/2023 17:00,0.0
03/24/2023 17:30,0.0
03/24/2023 18:00,0.0
03/24/2023 18:30,0.0
03/24/2023 19:00,0.0
03/24/2023 19:30,0.0
03/24/2023 20:00,0.0
03/24/2023 20:30,0.0
03/24/2023 21:00,0.0
03/24/2023 21:30,0.0
03/24/2023 22:00,0.0
03/24/2023 22:30,0.0
03/24/2023 23:00,0.0
03/24/2023 23:30,0.0
03/25/2023 00:00,0.0
03/25/2023 00:30,0.0
03/25/2023 01:00,0.0
03/25/2023 01:30,0.0
03/25/2023 02:00,0.0
03/25/2023 02:30,0.0
03/25/2023 03:00,0.0
03/25/2023 03:30,0.0
03/25/2023 04:00,0.0
03/25/2023 04:30,0.0
03/25/2023 05:00,0.0
03/25/2023 05:30,0.0
03/25/2023 06:00,0.0
03/25/2023 06:30,0.0
03/25/2023 07:00,0.0
03/25/2023 07:30,0.0
03/25/2023 08:00,0.0
03/25/2023 08:30,0.0
03/25/2023 09:00,0.0
03/25/2023 09:30,0.0
03/25/2023 10:00,0.0
03/25/2023 10:30,0.0
03/25/2023 11:00,0.0
03/25/2023 11:30,0.0
03/25/2023 12:00,0.0
03/25/2023 12:30,0.0
03/25/2023 13:00,0.0
03/25/2023 13:30,0.0
03/25/2023 14:00,0.0
03/25/2023 14:30,0.0
03/25/2023 15:00,0.0
03/25/2023 15:30,0.0
03/25/2023 16:00,0.0
03/25/2023 16:30,0.0
03/25/2023 17:00,0.0
03/25/2023 17:30,0.0
03/25/2023 18:00,0.0
03/25/2023 18:30,0.0
03/25/2023 19:00,0.0
03/25/2023 19:30,0.0
03/25/2023 20:00,0.0
03/25/2023 20:30,0.0
03/25/2023 21:00,0.0
03/25/2023 21:30,0.0
03/25/2023 22:00,0.0
03/25/2023 22:30,0.0
03/25/2023 23:00,0.0
03/25/2023 23:30,0.0
03/26/2023 00:00,0.0
03/26/2023 00:30,0.0
03/26/2023 01:00,0.0
03/26/2023 01:30,0.0
03/26/2023 02:00,0.0
03/26/2023 02:30,0.0
03/26/2023 03:00,0.0
03/26/2023 03:30,0.0
03/26/2023 04:00,0.0
03/26/2023 04:30,0.0
03/26/2023 05:00,0.0
03/26/2023 05:30,0.0
03/26/2023 06:00,0.0
03/26/2023 06:30,0.0
03/26/2023 07:00,0.0
03/26/2023 07:30,0.0
03/26/2023 08:00,0.0
03/26/2023 08:30,0.0
03/26/2023 09:00,0.0
03/26/2023 09:30,0.0
03/26/2023 10:00,0.0
03/26/2023 10:30,0.0
03/26/2023 11:00,0.0
03/26/2023 11:30,0.0
03/26/2023 12:00,0.0
03/26/2023 12:30,0.0
03/26/2023 13:00,0.0
03/26/2023 13:30,0.0
03/26/2023 14:00,0.0
03/26/2023 14:30,0.0
03/26/2023 15:00,0.0
03/26/2023 15:30,0.0
03/26/2023 16:00,0.0
03/26/2023 16:30,0.0
03/26/2023 17:00,0.0
03/26/2023 17:30,0.0
03/26/2023 18:00,0.0
03/26/2023 18:30,0.0
03/26/2023 19:00,0.0
03/26/2023 19:30,0.0
03/26/2023 20:00,0.0
03/26/2023 20:30,0.0
03/26/2023 21:00,0.0
03/26/2023 21:30,0.0
03/26/2023 22:00,0.0
03/26/2023 22:30,0.0
03/26/2023 23:00,0.0
03/26/2023 23:30,0.0
03/27/2023 00:00,0.0
03/27/2023 00:30,0.0
03/27/2023 01:00,0.0
03/27/2023 01:30,0.0
03/27/2023 02:00,0.0
03/27/2023 02:30,0.0
03/27/2023 03:00,0.0
03/27/2023 03:30,0.0
03/27/2023 04:00,0.0
03/27/2023 04:30,0.0
03/27/2023 05:00,0.0
03/27/2023 05:30,0.0
03/27/2023 06:00,0.0
03/27/2023 06:30,0.0
03/27/2023 07:00,0.0
03/27/2023 07:30,0.0
03/27/2023 08:00,0.0
03/27/2023 08:30,0.0
03/27/2023 09:00,0.0
03/27/2023 09:30,0.0
03/27/2023 10:00,0.0
03/27/2023 10:30,0.0
03/27/2023 11:00,0.0
03/27/2023 11:30,0.0
03/27/2023 12:00,0.0
03/27/2023 12:30,0.0
03/27/2023 13:00,0.0
03/27/2023 13:30,0.0
03/27/2023 14:00,0.0
03/27/2023 14:30,0.0
03/27/2023 15:00,0.0
03/27/2023 15:30,0.0
03/27/2023 16:00,0.0
03/27/2023 16:30,0.0
03/27/2023 17:00,0.0
03/27/2023 17:30,0.0
03/27/2023 18:00,0.0
03/27/2023 18:30,0.0
03/27/2023 19:00,0.0
03/27/2023 19:30,0.0
03/27/2023 20:00,0.0
03/27/2023 20:30,0.0
03/27/2023 21:00,0.0
03/27/2023 21:30,0.0
03/27/2023 22:00,0.0
03/27/2023 22:30,0.0
03/27/2023 23:00,0.0
03/27/2023 23:30,0.0
03/28/2023 00:00,0.0
03/28/2023 00:30,0.0
03/28/2023 01:00,0.0
03/28/2023 01:30,0.0
03/28/2023 02:00,0.0
03/28/2023 02:30,0.0
03/28/2023 03:00,0.0
03/28/2023 03:30,0.0
03/28/2023 04:00,0.0
03/28/2023 04:30,0.0
03/28/2023 05:00,0.0
03/28/2023 05:30,0.0
03/28/2023 06:00,0.0
03/28/2023 06:30,0.0
03/28/2023 07:00,0.0
03/28/2023 07:30,0.0
03/28/2023 08:00,0.0
03/28/2023 08:30,0.0
03/28/2023 09:00,0.0
03/28/2023 09:30,0.0
03/28/2023 10:00,0.0
03/28/2023 10:30,0.0
03/28/2023 11:00,0.0
03/28/2023 11:30,0.0
03/28/2023 12:00,0.0
03/28/2023 12:30,0.0
03/28/2023 13:00,0.0
03/28/2023 13:30,0.0
03/28/2023 14:00,0.0
03/28/2023 14:30,0.0
03/28/2023 15:00,0.0
03/28/2023 15:30,0.0
03/28/2023 16:00,0.0
03/28/2023 16:30,0.0
03/28/2023 17:00,0.0
03/28/2023 17:30,0.0
03/28/2023 18:00,0.0
03/28/2023 18:30,0.0
03/28/2023 19:00,0.0
03/28/2023 19:30,0.0
03/28/2023 20:00,0.0
03/28/2023 20:30,0.0
03/28/2023 21:00,0.0
03/28/2023 21:30,0.0
03/28/2023 22:00,0.0
03/28/2023 22:30,0.0
03/28/2023 23:00,0.0
03/28/2023 23:30,0.0
03/29/2023 00:00,0.0
03/29/2023 00:30,0.0
03/29/2023 01:00,0.0
03/29/2023 01:30,0.0
03/29/2023 02:00,0.0
03/29/2023 02:30,0.0
03/29/2023 03:00,0.0
03/29/2023 03:30,0.0
03/29/2023 04:00,0.0
03/29/2023 04:30,0.0
03/29/2023 05:00,0.0
03/29/2023 05:30,0.0
03/29/2023 06:00,0.0
03/29/2023 06:30,0.0
03/29/2023 07:00,0.0
03/29/2023 07:30,0.0
03/29/2023 08:00,0.0
03/29/2023 08:30,0.0
03/29/2023 09:00,0.0
03/29/2023 09:30,0.0
03/29/2023 10:00,0.0
03/29/2023 10:30,0.0
03/29/2023 11:00,0.0
03/29/2023 11:30,0.0
03/29/2023 12:00,0.0
03/29/2023 12:30,0.0
03/29/2023 13:00,0.0
03/29/2023 13:30,0.0
03/29/2023 14:00,0.0
03/29/2023 14:30,0.0
03/29/2023 15:00,0.0
03/29/2023 15:30,0.0
03/29/2023 16:00,0.0
03/29/2023 16:30,0.0
03/29/2023 17:00,0.0
03/29/2023 17:30,0.0
03/29/2023 18:00,0.0
03/29/2023 18:30,0.0
03/29/2023 19:00,0.0
03/29/2023 19:30,0.0
03/29/2023 20:00,0.0
03/29/2023 20:30,0.0
03/29/2023 21:00,0.0
03/29/2023 21:30,0.0
03/29/2023 22:00,0.0
03/29/2023 22:30,0.0
03/29/2023 23:00,0.0
03/29/2023 23:30,0.0
03/30/2023 00:00,0.0
03/30/2023 00:30,0.0
03/30/2023 01:00,0.0
03/30/2023 01:30,0.0
03/30/2023 02:00,0.0
03/30/2023 02:30,0.0
03/30/2023 03:00,0.0
03/30/2023 03:30,0.0
03/30/2023 04:00,0.0
03/30/2023 04:30,0.0
03/30/2023 05:00,0.0
03/30/2023 05:30,0.0
03/30/2023 06:00,0.0
03/30/2023 06:30,0.0
03/30/2023 07:00,0.0
03/30/2023 07:30,0.0
03/30/2023 08:00,0.0
03/30/2023 08:30,0.0
03/30/2023 09:00,0.0
03/30/2023 09:30,0.0
03/30/2023 10:00,0.0
03/30/2023 10:30,0.0
03/30/2023 11:00,0.0
03/30/2023 11:30,0.0
03/30/2023 12:00,0.0
03/30/2023 12:30,0.0
03/30/2023 13:00,0.0
03/30/2023 13:30,0.0
03/30/2023 14:00,0.0
03/30/2023 14:30,0.0
03/30/2023 15:00,0.0
03/30/2023 15:30,0.0
03/30/2023 16:00,0.0
03/30/2023 16:30,0.0
03/30/2023 17:00,0.0
03/30/2023 17:30,0.0
03/30/2023 18:00,0.0
03/30/2023 18:30,0.0
03/30/2023 19:00,0.0
03/30/2023 19:30,0.0
03/30/2023 20:00,0.0
03/30/2023 20:30,0.0
03/30/2023 21:00,0.0
03/30/2023 21:30,0.0
03/30/2023 22:00,0.0
03/30/2023 22:30,0.0
03/30/2023 23:00,0.0
03/30/2023 23:30,0.0
03/31/2023 00:00,0.0
03/31/2023 00:30,0.0
03/31/2023 01:00,0.0
03/31/2023 01:30,0.0
03/31/2023 02:00,0.0
03/31/2023 02:30,0.0
03/31/2023 03:00,0.0
03/31/2023 03:30,0.0
03/31/2023 04:00,0.0
03/31/2023 04:30,0.0
03/31/2023 05:00,0.0
03/31/2023 05:30,0.0
03/31/2023 06:00,0.0
03/31/2023 06:30,0.0
03/31/2023 07:00,0.0
03/31/2023 07:30,0.0
03/31/2023 08:00,0.0
03/31/2023 08:30,0.0
03/31/2023 09:00,0.0
03/31/2023 09:30,0.0
03/31/2023 10:00,0.0
03/31/2023 10:30,0.0
03/31/2023 11:00,0.0
03/31/2023 11:30,0.0
03/31/2023 12:00,0.0
03/31/2023 12:30,0.0
03/31/2023 13:00,0.0
03/31/2023 13:30,0.0
03/31/2023 14:00,0.0
03/31/2023 14:30,0.0
03/31/2023 15:00,0.0
03/31/2023 15:30,0.0
03/31/2023 16:00,0.0
03/31/2023 16:30,0.0
03/31/2023 17:00,0.0
03/31/2023 17:30,0.0
03/31/2023 18:00,0.0
03/31/2023 18:30,0.0
03/31/2023 19:00,0.0
03/31/2023 19:30,0.0
03/31/2023 20:00,0.0
03/31/2023 20:30,0.0
03/31/2023 21:00,0.0
03/31/2023 21:30,0.0
03/31/2023 22:00,0.0
03/31/2023 22:30,0.0
03/31/2023 23:00,0.0
03/31/2023 23:30,0.0
04/01/2023 00:00,0.0
04/01/2023 00:30,0.0
04/01/2023 01:00,0.0
04/01/2023 01:30,0.0
04/01/2023 02:00,0.0
04/01/2023 02:30,0.0
04/01/2023 03:00,0.0
04/01/2023 03:30,0.0
04/01/2023 04:00,0.0
04/01/2023 04:30,0.0
04/01/2023 05:00,0.0
04/01/2023 05:30,0.0
04/01/2023 06:00,0.0
04/01/2023 06:30,0.0
04/01/2023 07:00,0.0
04/01/2023 07:30,0.0
04/01/2023 08:00,0.0
04/01/2023 08:30,0.0
04/01/2023 09:00,0.0
04/01/2023 09:30,0.0
04/01/2023 10:00,0.0
04/01/2023 10:30,0.0
04/01/2023 11:00,0.0
04/01/2023 11:30,0.0
04/01/2023 12:00,0.0
04/01/2023 12:30,0.0
04/01/2023 13:00,0.0
04/01/2023 13:30,0.0
04/01/2023 14:00,0.0
04/01/2023 14:30,0.0
04/01/2023 15:00,0.0
04/01/2023 15:30,0.0
04/01/2023 16:00,0.0
04/01/2023 16:30,0.0
04/01/2023 17:00,0.0
04/01/2023 17:30,0.0
04/01/2023 18:00,0.0
04/01/2023 18:30,0.0
04/01/2023 19:00,0.0
04/01/2023 19:30,0.0
04/01/2023 20:00,0.0
04/01/2023 20:30,0.0
04/01/2023 21:00,0.0
04/01/2023 21:30,0.0
04/01/2023 22:00,0.0
04/01/2023 22:30,0.0
04/01/2023 23:00,0.0
04/01/2023 23:30,0.0
04/02/2023 00:00,0.0
04/02/2023 00:30,0.0
04/02/2023 01:00,0.0
04/02/2023 01:30,0.0
04/02/2023 02:00,0.0
04/02/2023 02:30,0.0
04/02/2023 03:00,0.0
04/02/2023 03:30,0.0
04/02/2023 04:00,0.0
04/02/2023 04:30,0.0
04/02/2023 05:00,0.0
04/02/2023 05:30,0.0
04/02/2023 06:00,0.0
04/02/2023 06:30,0.0
04/02/2023 07:00,0.0
04/02/2023 07:30,0.0
04/02/2023 08:00,0.0
04/02/2023 08:30,0.0
04/02/2023 09:00,0.0
04/02/2023 09:30,0.0
04/02/2023 10:00,0.0
04/02/2023 10:30,0.0
04/02/2023 11:00,0.0
04/02/2023 11:30,0.0
04/02/2023 12:00,0.0
04/02/2023 12:30,0.0
04/02/2023 13:00,0.0
04/02/2023 13:30,0.0
04/02/2023 14:00,0.0
04/02/2023 14:30,0.0
04/02/2023 15:00,0.0
04/02/2023 15:30,0.0
04/02/2023 16:00,0.0
04/02/2023 16:30,0.0
04/02/2023 17:00,0.0
04/02/2023 17:30,0.0
04/02/2023 18:00,0.0
04/02/2023 18:30,0.0
04/02/2023 19:00,0.0
04/02/2023 19:30,0.0
04/02/2023 20:00,0.0
04/02/2023 20:30,0.0
04/02/2023 21:00,0.0
04/02/2023 21:30,0.0
04/02/2023 22:00,0.0
04/02/2023 22:30,0.0
04/02/2023 23:00,0.0
04/02/2023 23:30,0.0
04/03/2023 00:00,0.0
04/03/2023 00:30,0.0
04/03/2023 01:00,0.0
04/03/2023 01:30,0.0
04/03/2023 02:00,0.0
04/03/2023 02:30,0.0
04/03/2023 03:00,0.0
04/03/2023 03:30,0.0
04/03/2023 04:00,0.0
04/03/2023 04:30,0.0
04/03/2023 05:00,0.0
04/03/2023 05:30,0.0
04/03/2023 06:00,0.0
04/03/2023 06:30,0.0
04/03/2023 07:00,0.0
04/03/2023 07:30,0.0
04/03/2023 08:00,0.0
04/03/2023 08:30,0.0
04/03/2023 09:00,0.0
04/03/2023 09:30,0.0
04/03/2023 10:00,0.0
04/03/2023 10:30,0.0
04/03/2023 11:00,0.0
04/03/2023 11:30,0.0
04/03/2023 12:00,0.0
04/03/2023 12:30,0.0
04/03/2023 13:00,0.0
04/03/2023 13:30,0.0
04/03/2023 14:00,0.0
04/03/2023 14:30,0.0
04/03/2023 15:00,0.0
04/03/2023 15:30,0.0
04/03/2023 16:00,0.0
04/03/2023 16:30,0.0
04/03/2023 17:00,0.0
04/03/2023 17:30,0.0
04/03/2023 18:00,0.0
04/03/2023 18:30,0.0
04/03/2023 19:00,0.0
04/03/2023 19:30,0.0
04/03/2023 20:00,0.0
04/03/2023 20:30,0.0
04/03/2023 21:00,0.0
04/03/2023 21:30,0.0
04/03/2023 22:00,0.0
04/03/2023 22:30,0.0
04/03/2023 23:00,0.0
04/03/2023 23:30,0.0
04/04/2023 00:00,0.0
04/04/2023 00:30,0.0
04/04/2023 01:00,0.0
04/04/2023 01:30,0.0
04/04/2023 02:00,0.0
04/04/2023 02:30,0.0
04/04/2023 03:00,0.0
04/04/2023 03:30,0.0
04/04/2023 04:00,0.0
04/04/2023 04:30,0.0
04/04/2023 05:00,0.0
04/04/2023 05:30,0.0
04/04/2023 06:00,0.0
04/04/2023 06:30,0.0
04/04/2023 07:00,0.0
04/04/2023 07:30,0.0
04/04/2023 08:00,0.0
04/04/2023 08:30,0.0
04/04/2023 09:00,0.0
04/04/2023 09:30,0.0
04/04/2023 10:00,0.0
04/04/2023 10:30,0.0
04/04/2023 11:00,0.0
04/04/2023 11:30,0.0
04/04/2023 12:00,0.0
04/04/2023 12:30,0.0
04/04/2023 13:00,0.0
04/04/2023 13:30,0.0
04/04/2023 14:00,0.0
04/04/2023 14:30,0.0
04/04/2023 15:00,0.0
04/04/2023 15:30,0.0
04/04/2023 16:00,0.0
04/04/2023 16:30,0.0
04/04/2023 17:00,0.0
04/04/2023 17:30,0.0
04/04/2023 18:00,0.0
04/04/2023 18:30,0.0
04/04/2023 19:00,0.0
04/04/2023 19:30,0.0
04/04/2023 20:00,0.0
04/04/2023 20:30,0.0
04/04/2023 21:00,0.0
04/04/2023 21:30,0.0
04/04/2023 22:00,0.0
04/04/2023 22:30,0.0
04/04/2023 23:00,0.0
04/04/2023 23:30,0.0
04/05/2023 00:00,0.0
04/05/2023 00:30,0.0
04/05/2023 01:00,0.0
04/05/2023 01:30,0.0
04/05/2023 02:00,0.0
04/05/2023 02:30,0.0
04/05/2023 03:00,0.0
04/05/2023 03:30,0.0
04/05/2023 04:00,0.0
04/05/2023 04:30,0.0
04/05/2023 05:00,0.0
04/05/2023 05:30,0.0
04/05/2023 06:00,0.0
04/05/2023 06:30,0.0
04/05/2023 07:00,0.0
04/05/2023 07:30,0.0
04/05/2023 08:00,0.0
04/05/2023 08:30,0.0
04/05/2023 09:00,0.0
04/05/2023 09:30,0.0
04/05/2023 10:00,0.0
04/05/2023 10:30,0.0
04/05/2023 11:00,0.0
04/05/2023 11:30,0.0
04/05/2023 12:00,0.0
04/05/2023 12:30,0.0
04/05/2023 13:00,0.0
04/05/2023 13:30,0.0
04/05/2023 14:00,0.0
04/05/2023 14:30,0.0
04/05/2023 15:00,0.0
04/05/2023 15:30,0.0
04/05/2023 16:00,0.0
04/05/2023 16:30,0.0
04/05/2023 17:00,0.0
04/05/2023 17:30,0.0
04/05/2023 18:00,0.0
04/05/2023 18:30,0.0
04/05/2023 19:00,0.0
04/05/2023 19:30,0.0
04/05/2023 20:00,0.0
04/05/2023 20:30,0.0
04/05/2023 21:00,0.0
04/05/2023 21:30,0.0
04/05/2023 22:00,0.0
04/05/2023 22:30,0.0
04/05/2023 23:00,0.0
04/05/2023 23:30,0.0
04/06/2023 00:00,0.0
04/06/2023 00:30,0.0
04/06/2023 01:00,0.0
04/06/2023 01:30,0.0
04/06/2023 02:00,0.0
04/06/2023 02:30,0.0
04/06/2023 03:00,0.0
04/06/2023 03:30,0.0
04/06/2023 04:00,0.0
04/06/2023 04:30,0.0
04/06/2023 05:00,0.0
04/06/2023 05:30,0.0
04/06/2023 06:00,0.0
04/06/2023 06:30,0.0
04/06/2023 07:00,0.0
04/06/2023 07:30,0.0
04/06/2023 08:00,0.0
04/06/2023 08:30,0.0
04/06/2023 09:00,0.0
04/06/2023 09:30,0.0
04/06/2023 10:00,0.0
04/06/2023 10:30,0.0
04/06/2023 11:00,0.0
04/06/2023 11:30,0.0
04/06/2023 12:00,0.0
04/06/2023 12:30,0.0
04/06/2023 13:00,0.0
04/06/2023 13:30,0.0
04/06/2023 14:00,0.0
04/06/2023 14:30,0.0
04/06/2023 15:00,0.0
04/06/2023 15:30,0.0
04/06/2023 16:00,0.0
04/06/2023 16:30,0.0
04/06/2023 17:00,0.0
04/06/2023 17:30,0.0
04/06/2023 18:00,0.0
04/06/2023 18:30,0.0
04/06/2023 19:00,0.0
04/06/2023 19:30,0.0
04/06/2023 20:00,0.0
04/06/2023 20:30,0.0
04/06/2023 21:00,0.0
04/06/2023 21:30,0.0
04/06/2023 22:00,0.0
04/06/2023 22:30,0.0
04/06/2023 23:00,0.0
04/06/2023 23:30,0.0
04/07/2023 00:00,0.0
04/07/2023 00:30,0.0
04/07/2023 01:00,0.0
04/07/2023 01:30,0.0
04/07/2023 02:00,0.0
04/07/2023 02:30,0.0
04/07/2023 03:00,0.0
04/07/2023 03:30,0.0
04/07/2023 04:00,0.0
04/07/2023 04:30,0.0
04/07/2023 05:00,0.0
04/07/2023 05:30,0.0
04/07/2023 06:00,0.0
04/07/2023 06:30,0.0
04/07/2023 07:00,0.0
04/07/2023 07:30,0.0
04/07/2023 08:00,0.0
04/07/2023 08:30,0.0
04/07/2023 09:00,0.0
04/07/2023 09:30,0.0
04/07/2023 10:00,0.0
04/07/2023 10:30,0.0
04/07/2023 11:00,0.0
04/07/2023 11:30,0.0
04/07/2023 12:00,0.0
04/07/2023 12:30,0.0
04/07/2023 13:00,0.0
04/07/2023 13:30,0.0
04/07/2023 14:00,0.0
04/07/2023 14:30,0.0
04/07/2023 15:00,0.0
04/07/2023 15:30,0.0
04/07/2023 16:00,0.0
04/07/2023 16:30,0.0
04/07/2023 17:00,0.0
04/07/2023 17:30,0.0
04/07/2023 18:00,0.0
04/07/2023 18:30,0.0
04/07/2023 19:00,0.0
04/07/2023 19:30,0.0
04/07/2023 20:00,0.0
04/07/2023 20:30,0.0
04/07/2023 21:00,0.0
04/07/2023 21:30,0.0
04/07/2023 22:00,0.0
04/07/2023 22:30,0.0
04/07/2023 23:00,0.0
04/07/2023 23:30,0.0
04/08/2023 00:00,0.0
04/08/2023 00:30,0.0
04/08/2023 01:00,0.0
04/08/2023 01:30,0.0
04/08/2023 02:00,0.0
04/08/2023 02:30,0.0
04/08/2023 03:00,0.0
04/08/2023 03:30,0.0
04/08/2023 04:00,0.0
04/08/2023 04:30,0.0
04/08/2023 05:00,0.0
04/08/2023 05:30,0.0
04/08/2023 06:00,0.0
04/08/2023 06:30,0.0
04/08/2023 07:00,0.0
04/08/2023 07:30,0.0
04/08/2023 08:00,0.0
04/08/2023 08:30,0.0
04/08/2023 09:00,0.0
04/08/2023 09:30,0.0
04/08/2023 10:00,0.0
04/08/2023 10:30,0.0
04/08/2023 11:00,0.0
04/08/2023 11:30,0.0
04/08/2023 12:00,0.0
04/08/2023 12:30,0.0
04/08/2023 13:00,0.0
04/08/2023 13:30,0.0
04/08/2023 14:00,0.0
04/08/2023 14:30,0.0
04/08/2023 15:00,0.0
04/08/2023 15:30,0.0
04/08/2023 16:00,0.0
04/08/2023 16:30,0.0
04/08/2023 17:00,0.0
04/08/2023 17:30,0.0
04/08/2023 18:00,0.0
04/08/2023 18:30,0.0
04/08/2023 19:00,0.0
04/08/2023 19:30,0.0
04/08/2023 20:00,0.0
04/08/2023 20:30,0.0
04/08/2023 21:00,0.0
04/08/2023 21:30,0.0
04/08/2023 22:00,0.0
04/08/2023 22:30,0.0
04/08/2023 23:00,0.0
04/08/2023 23:30,0.0
04/09/2023 00:00,0.0
04/09/2023 00:30,0.0
04/09/2023 01:00,0.0
04/09/2023 01:30,0.0
04/09/2023 02:00,0.0
04/09/2023 02:30,0.0
04/09/2023 03:00,0.0
04/09/2023 03:30,0.0
04/09/2023 04:00,0.0
04/09/2023 04:30,0.0
04/09/2023 05:00,0.0
04/09/2023 05:30,0.0
04/09/2023 06:00,0.0
04/09/2023 06:30,0.0
04/09/2023 07:00,0.0
04/09/2023 07:30,0.0
04/09/2023 08:00,0.0
04/09/2023 08:30,0.0
04/09/2023 09:00,0.0
04/09/2023 09:30,0.0
04/09/2023 10:00,0.0
04/09/2023 10:30,0.0
04/09/2023 11:00,0.0
04/09/2023 11:30,0.0
04/09/2023 12:00,0.0
04/09/2023 12:30,0.0
04/09/2023 13:00,0.0
04/09/2023 13:30,0.0
04/09/2023 14:00,0.0
04/09/2023 14:30,0.0
04/09/2023 15:00,0.0
04/09/2023 15:30,0.0
04/09/2023 16:00,0.0
04/09/2023 16:30,0.0
04/09/2023 17:00,0.0
04/09/2023 17:30,0.0
04/09/2023 18:00,0.0
04/09/2023 18:30,0.0
04/09/2023 19:00,0.0
04/09/2023 19:30,0.0
04/09/2023 20:00,0.0
04/09/2023 20:30,0.0
04/09/2023 21:00,0.0
04/09/2023 21:30,0.0
04/09/2023 22:00,0.0
04/09/2023 22:30,0.0
04/09/2023 23:00,0.0
04/09/2023 23:30,0.0
04/10/2023 00:00,0.0
04/10/2023 00:30,0.0
04/10/2023 01:00,0.0
04/10/2023 01:30,0.0
04/10/2023 02:00,0.0
04/10/2023 02:30,0.0
04/10/2023 03:00,0.0
04/10/2023 03:30,0.0
04/10/2023 04:00,0.0
04/10/2023 04:30,0.0
04/10/2023 05:00,0.0
04/10/2023 05:30,0.0
04/10/2023 06:00,0.0
04/10/2023 06:30,0.0
04/10/2023 07:00,0.0
04/10/2023 07:30,0.0
04/10/2023 08:00,0.0
04/10/2023 08:30,0.0
04/10/2023 09:00,0.0
04/10/2023 09:30,0.0
04/10/2023 10:00,0.0
04/10/2023 10:30,0.0
04/10/2023 11:00,0.0
04/10/2023 11:30,0.0
04/10/2023 12:00,0.0
04/10/2023 12:30,0.0
04/10/2023 13:00,0.0
04/10/2023 13:30,0.0
04/10/2023 14:00,0.0
04/10/2023 14:30,0.0
04/10/2023 15:00,0.0
04/10/2023 15:30,0.0
04/10/2023 16:00,0.0
04/10/2023 16:30,0.0
04/10/2023 17:00,0.0
04/10/2023 17:30,0.0
04/10/2023 18:00,0.0
04/10/2023 18:30,0.0
04/10/2023 19:00,0.0
04/10/2023 19:30,0.0
04/10/2023 20:00,0.0
04/10/2023 20:30,0.0
04/10/2023 21:00,0.0
04/10/2023 21:30,0.0
04/10/2023 22:00,0.0
04/10/2023 22:30,0.0
04/10/2023 23:00,0.0
04/10/2023 23:30,0.0
04/11/2023 00:00,0.0
04/11/2023 00:30,0.0
04/11/2023 01:00,0.0
04/11/2023 01:30,0.0
04/11/2023 02:00,0.0
04/11/2023 02:30,0.0
04/11/2023 03:00,0.0
04/11/2023 03:30,0.0
04/11/2023 04:00,0.0
04/11/2023 04:30,0.0
04/11/2023 05:00,0.0
04/11/2023 05:30,0.0
04/11/2023 06:00,0.0
04/11/2023 06:30,0.0
04/11/2023 07:00,0.0
04/11/2023 07:30,0.0
04/11/2023 08:00,0.0
04/11/2023 08:30,0.0
04/11/2023 09:00,0.0
04/11/2023 09:30,0.0
04/11/2023 10:00,0.0
04/11/2023 10:30,0.0
04/11/2023 11:00,0.0
04/11/2023 11:30,0.0
04/11/2023 12:00,0.0
04/11/2023 12:30,0.0
04/11/2023 13:00,0.0
04/11/2023 13:30,0.0
04/11/2023 14:00,0.0
04/11/2023 14:30,0.0
04/11/2023 15:00,0.0
04/11/2023 15:30,0.0
04/11/2023 16:00,0.0
04/11/2023 16:30,0.0
04/11/2023 17:00,0.0
04/11/2023 17:30,0.0
04/11/2023 18:00,0.0
04/11/2023 18:30,0.0
04/11/2023 19:00,0.0
04/11/2023 19:30,0.0
04/11/2023 20:00,0.0
04/11/2023 20:30,0.0
04/11/2023 21:00,0.0
04/11/2023 21:30,0.0
04/11/2023 22:00,0.0
04/11/2023 22:30,0.0
04/11/2023 23:00,0.0
04/11/2023 23:30,0.0
04/12/2023 00:00,0.0
04/12/2023 00:30,0.0
04/12/2023 01:00,0.0
04/12/2023 01:30,0.0
04/12/2023 02:00,0.0
04/12/2023 02:30,0.0
04/12/2023 03:00,0.0
04/12/2023 03:30,0.0
04/12/2023 04:00,0.0
04/12/2023 04:30,0.0
04/12/2023 05:00,0.0
04/12/2023 05:30,0.0
04/12/2023 06:00,0.0
04/12/2023 06:30,0.0
04/12/2023 07:00,0.0
04/12/2023 07:30,0.0
04/12/2023 08:00,0.0
04/12/2023 08:30,0.0
04/12/2023 09:00,0.0
04/12/2023 09:30,0.0
04/12/2023 10:00,0.0
04/12/2023 10:30,0.0
04/12/2023 11:00,0.0
04/12/2023 11:30,0.0
04/12/2023 12:00,0.0
04/12/2023 12:30,0.0
04/12/2023 13:00,0.0
04/12/2023 13:30,0.0
04/12/2023 14:00,0.0
04/12/2023 14:30,0.0
04/12/2023 15:00,0.0
04/12/2023 15:30,0.0
04/12/2023 16:00,0.0
04/12/2023 16:30,0.0
04/12/2023 17:00,0.0
04/12/2023 17:30,0.0
04/12/2023 18:00,0.0
04/12/2023 18:30,0.0
04/12/2023 19:00,0.0
04/12/2023 19:30,0.0
04/12/2023 20:00,0.0
04/12/2023 20:30,0.0
04/12/2023 21:00,0.0
04/12/2023 21:30,0.0
04/12/2023 22:00,0.0
04/12/2023 22:30,0.0
04/12/2023 23:00,0.0
04/12/2023 23:30,0.0
04/13/2023 00:00,0.0
04/13/2023 00:30,0.0
04/13/2023 01:00,0.0
04/13/2023 01:30,0.0
04/13/2023 02:00,0.0
04/13/2023 02:30,0.0
04/13/2023 03:00,0.0
04/13/2023 03:30,0.0
04/13/2023 04:00,0.0
04/13/2023 04:30,0.0
04/13/2023 05:00,0.0
04/13/2023 05:30,0.0
04/13/2023 06:00,0.0
04/13/2023 06:30,0.0
04/13/2023 07:00,0.0
04/13/2023 07:30,0.0
04/13/2023 08:00,0.0
04/13/2023 08:30,0.0
04/13/2023 09:00,0.0
04/13/2023 09:30,0.0
04/13/2023 10:00,0.0
04/13/2023 10:30,0.0
04/13/2023 11:00,0.0
04/13/2023 11:30,0.0
04/13/2023 12:00,0.0
04/13/2023 12:30,0.0
04/13/2023 13:00,0.0
04/13/2023 13:30,0.0
04/13/2023 14:00,0.0
04/13/2023 14:30,0.0
04/13/2023 15:00,0.0
04/13/2023 15:30,0.0
04/13/2023 16:00,0.0
04/13/2023 16:30,0.0
04/13/2023 17:00,0.0
04/13/2023 17:30,0.0
04/13/2023 18:00,0.0
04/13/2023 18:30,0.0
04/13/2023 19:00,0.0
04/13/2023 19:30,0.0
04/13/2023 20:00,0.0
04/13/2023 20:30,0.0
04/13/2023 21:00,0.0
04/13/2023 21:30,0.0
04/13/2023 22:00,0.0
04/13/2023 22:30,0.0
04/13/2023 23:00,0.0
04/13/2023 23:30,0.0
04/14/2023 00:00,0.0
04/14/2023 00:30,0.0
04/14/2023 01:00,0.0
04/14/2023 01:30,0.0
04/14/2023 02:00,0.0
04/14/2023 02:30,0.0
04/14/2023 03:00,0.0
04/14/2023 03:30,0.0
04/14/2023 04:00,0.0
04/14/2023 04:30,0.0
04/14/2023 05:00,0.0
04/14/2023 05:30,0.0
04/14/2023 06:00,0.0
04/14/2023 06:30,0.0
04/14/2023 07:00,0.0
04/14/2023 07:30,0.0
04/14/2023 08:00,0.0
04/14/2023 08:30,0.0
04/14/2023 09:00,0.0
04/14/2023 09:30,0.0
04/14/2023 10:00,0.0
04/14/2023 10:30,0.0
04/14/2023 11:00,0.0
04/14/2023 11:30,0.0
04/14/2023 12:00,0.0
04/14/2023 12:30,0.0
04/14/2023 13:00,0.0
04/14/2023 13:30,0.0
04/14/2023 14:00,0.0
04/14/2023 14:30,0.0
04/14/2023 15:00,0.0
04/14/2023 15:30,0.0
04/14/2023 16:00,0.0
04/14/2023 16:30,0.0
04/14/2023 17:00,0.0
04/14/2023 17:30,0.0
04/14/2023 18:00,0.0
04/14/2023 18:30,0.0
04/14/2023 19:00,0.0
04/14/2023 19:30,0.0
04/14/2023 20:00,0.0
04/14/2023 20:30,0.0
04/14/2023 21:00,0.0
04/14/2023 21:30,0.0
04/14/2023 22:00,0.0
04/14/2023 22:30,0.0
04/14/2023 23:00,0.0
04/14/2023 23:30,0.0
04/15/2023 00:00,0.0
04/15/2023 00:30,0.0
04/15/2023 01:00,0.0
04/15/2023 01:30,0.0
04/15/2023 02:00,0.0
04/15/2023 02:30,0.0
04/15/2023 03:00,0.0
04/15/2023 03:30,0.0
04/15/2023 04:00,0.0
04/15/2023 04:30,0.0
04/15/2023 05:00,0.0
04/15/2023 05:30,0.0
04/15/2023 06:00,0.0
04/15/2023 06:30,0.0
04/15/2023 07:00,0.0
04/15/2023 07:30,0.0
04/15/2023 08:00,0.0
04/15/2023 08:30,0.0
04/15/2023 09:00,0.0
04/15/2023 09:30,0.0
04/15/2023 10:00,0.0
04/15/2023 10:30,0.0
04/15/2023 11:00,0.0
04/15/2023 11:30,0.0
04/15/2023 12:00,0.0
04/15/2023 12:30,0.0
04/15/2023 13:00,0.0
04/15/2023 13:30,0.0
04/15/2023 14:00,0.0
04/15/2023 14:30,0.0
04/15/2023 15:00,0.0
04/15/2023 15:30,0.0
04/15/2023 16:00,0.0
04/15/2023 16:30,0.0
04/15/2023 17:00,0.0
04/15/2023 17:30,0.0
04/15/2023 18:00,0.0
04/15/2023 18:30,0.0
04/15/2023 19:00,0.0
04/15/2023 19:30,0.0
04/15/2023 20:00,0.0
04/15/2023 20:30,0.0
04/15/2023 21:00,0.0
04/15/2023 21:30,0.0
04/15/2023 22:00,0.0
04/15/2023 22:30,0.0
04/15/2023 23:00,0.0
04/15/2023 23:30,0.0
04/16/2023 00:00,0.0
04/16/2023 00:30,0.0
04/16/2023 01:00,0.0
04/16/2023 01:30,0.0
04/16/2023 02:00,0.0
04/16/2023 02:30,0.0
04/16/2023 03:00,0.0
04/16/2023 03:30,0.0
04/16/2023 04:00,0.0
04/16/2023 04:30,0.0
04/16/2023 05:00,0.0
04/16/2023 05:30,0.0
04/16/2023 06:00,0.0
04/16/2023 06:30,0.0
04/16/2023 07:00,0.0
04/16/2023 07:30,0.0
04/16/2023 08:00,0.0
04/16/2023 08:30,0.0
04/16/2023 09:00,0.0
04/16/2023 09:30,0.0
04/16/2023 10:00,0.0
04/16/2023 10:30,0.0
04/16/2023 11:00,0.0
04/16/2023 11:30,0.0
04/16/2023 12:00,0.0
04/16/2023 12:30,0.0
04/16/2023 13:00,0.0
04/16/2023 13:30,0.0
04/16/2023 14:00,0.0
04/16/2023 14:30,0.0
04/16/2023 15:00,0.0
04/16/2023 15:30,0.0
04/16/2023 16:00,0.0
04/16/2023 16:30,0.0
04/16/2023 17:00,0.0
04/16/2023 17:30,0.0
04/16/2023 18:00,0.0
04/16/2023 18:30,0.0
04/16/2023 19:00,0.0
04/16/2023 19:30,0.0
04/16/2023 20:00,0.0
04/16/2023 20:30,0.0
04/16/2023 21:00,0.0
04/16/2023 21:30,0.0
04/16/2023 22:00,0.0
04/16/2023 22:30,0.0
04/16/2023 23:00,0.0
04/16/2023 23:30,0.0
04/17/2023 00:00,0.0
04/17/2023 00:30,0.0
04/17/2023 01:00,0.0
04/17/2023 01:30,0.0
04/17/2023 02:00,0.0
04/17/2023 02:30,0.0
04/17/2023 03:00,0.0
04/17/2023 03:30,0.0
04/17/2023 04:00,0.0
04/17/2023 04:30,0.0
04/17/2023 05:00,0.0
04/17/2023 05:30,0.0
04/17/2023 06:00,0.0
04/17/2023 06:30,0.0
04/17/2023 07:00,0.0
04/17/2023 07:30,0.0
04/17/2023 08:00,0.0
04/17/2023 08:30,0.0
04/17/2023 09:00,0.0
04/17/2023 09:30,0.0
04/17/2023 10:00,0.0
04/17/2023 10:30,0.0
04/17/2023 11:00,0.0
04/17/2023 11:30,0.0
04/17/2023 12:00,0.0
04/17/2023 12:30,0.0
04/17/2023 13:00,0.0
04/17/2023 13:30,0.0
04/17/2023 14:00,0.0
04/17/2023 14:30,0.0
04/17/2023 15:00,0.0
04/17/2023 15:30,0.0
04/17/2023 16:00,0.0
04/17/2023 16:30,0.0
04/17/2023 17:00,0.0
04/17/2023 17:30,0.0
04/17/2023 18:00,0.0
04/17/2023 18:30,0.0
04/17/2023 19:00,0.0
04/17/2023 19:30,0.0
04/17/2023 20:00,0.0
04/17/2023 20:30,0.0
04/17/2023 21:00,0.0
04/17/2023 21:30,0.0
04/17/2023 22:00,0.0
04/17/2023 22:30,0.0
04/17/2023 23:00,0.0
04/17/2023 23:30,0.0
04/18/2023 00:00,0.0
04/18/2023 00:30,0.0
04/18/2023 01:00,0.0
04/18/2023 01:30,0.0
04/18/2023 02:00,0.0
04/18/2023 02:30,0.0
04/18/2023 03:00,0.0
04/18/2023 03:30,0.0
04/18/2023 04:00,0.0
04/18/2023 04:30,0.0
04/18/2023 05:00,0.0
04/18/2023 05:30,0.0
04/18/2023 06:00,0.0
04/18/2023 06:30,0.0
04/18/2023 07:00,0.0
04/18/2023 07:30,0.0
04/18/2023 08:00,0.0
04/18/2023 08:30,0.0
04/18/2023 09:00,0.0
04/18/2023 09:30,0.0
04/18/2023 10:00,0.0
04/18/2023 10:30,0.0
04/18/2023 11:00,0.0
04/18/2023 11:30,0.0
04/18/2023 12:00,0.0
04/18/2023 12:30,0.0
04/18/2023 13:00,0.0
04/18/2023 13:30,0.0
04/18/2023 14:00,0.0
04/18/2023 14:30,0.0
04/18/2023 15:00,0.0
04/18/2023 15:30,0.0
04/18/2023 16:00,0.0
04/18/2023 16:30,0.0
04/18/2023 17:00,0.0
04/18/2023 17:30,0.0
04/18/2023 18:00,0.0
04/18/2023 18:30,0.0
04/18/2023 19:00,0.0
04/18/2023 19:30,0.0
04/18/2023 20:00,0.0
04/18/2023 20:30,0.0
04/18/2023 21:00,0.0
04/18/2023 21:30,0.0
04/18/2023 22:00,0.0
04/18/2023 22:30,0.0
04/18/2023 23:00,0.0
04/18/2023 23:30,0.0
04/19/2023 00:00,0.0
04/19/2023 00:30,0.0
04/19/2023 01:00,0.0
04/19/2023 01:30,0.0
04/19/2023 02:00,0.0
04/19/2023 02:30,0.0
04/19/2023 03:00,0.0
04/19/2023 03:30,0.0
04/19/2023 04:00,0.0
04/19/2023 04:30,0.0
04/19/2023 05:00,0.0
04/19/2023 05:30,0.0
04/19/2023 06:00,0.0
04/19/2023 06:30,0.0
04/19/2023 07:00,0.0
04/19/2023 07:30,0.0
04/19/2023 08:00,0.0
04/19/2023 08:30,0.0
04/19/2023 09:00,0.0
04/19/2023 09:30,0.0
04/19/2023 10:00,0.0
04/19/2023 10:30,0.0
04/19/2023 11:00,0.0
04/19/2023 11:30,0.0
04/19/2023 12:00,0.0
04/19/2023 12:30,0.0
04/19/2023 13:00,0.0
04/19/2023 13:30,0.0
04/19/2023 14:00,0.0
04/19/2023 14:30,0.0
04/19/2023 15:00,0.0
04/19/2023 15:30,0.0
04/19/2023 16:00,0.0
04/19/2023 16:30,0.0
04/19/2023 17:00,0.0
04/19/2023 17:30,0.0
04/19/2023 18:00,0.0
04/19/2023 18:30,0.0
04/19/2023 19:00,0.0
04/19/2023 19:30,0.0
04/19/2023 20:00,0.0
04/19/2023 20:30,0.0
04/19/2023 21:00,0.0
04/19/2023 21:30,0.0
04/19/2023 22:00,0.0
04/19/2023 22:30,0.0
04/19/2023 23:00,0.0
04/19/2023 23:30,0.0
04/20/2023 00:00,0.0
04/20/2023 00:30,0.0
04/20/2023 01:00,0.0
04/20/2023 01:30,0.0
04/20/2023 02:00,0.0
04/20/2023 02:30,0.0
04/20/2023 03:00,0.0
04/20/2023 03:30,0.0
04/20/2023 04:00,0.0
04/20/2023 04:30,0.0
04/20/2023 05:00,0.0
04/20/2023 05:30,0.0
04/20/2023 06:00,0.0
04/20/2023 06:30,0.0
04/20/2023 07:00,0.0
04/20/2023 07:30,0.0
04/20/2023 08:00,0.0
04/20/2023 08:30,0.0
04/20/2023 09:00,0.0
04/20/2023 09:30,0.0
04/20/2023 10:00,0.0
04/20/2023 10:30,0.0
04/20/2023 11:00,0.0
04/20/2023 11:30,0.0
04/20/2023 12:00,0.0
04/20/2023 12:30,0.0
04/20/2023 13:00,0.0
04/20/2023 13:30,0.0
04/20/2023 14:00,0.0
04/20/2023 14:30,0.0
04/20/2023 15:00,0.0
04/20/2023 15:30,0.0
04/20/2023 16:00,0.0
04/20/2023 16:30,0.0
04/20/2023 17:00,0.0
04/20/2023 17:30,0.0
04/20/2023 18:00,0.0
04/20/2023 18:30,0.0
04/20/2023 19:00,0.0
04/20/2023 19:30,0.0
04/20/2023 20:00,0.0
04/20/2023 20:30,0.0
04/20/2023 21:00,0.0
04/20/2023 21:30,0.0
04/20/2023 22:00,0.0
04/20/2023 22:30,0.0
04/20/2023 23:00,0.0
04/20/2023 23:30,0.0
04/21/2023 00:00,0.0
04/21/2023 00:30,0.0
04/21/2023 01:00,0.0
04/21/2023 01:30,0.0
04/21/2023 02:00,0.0
04/21/2023 02:30,0.0
04/21/2023 03:00,0.0
04/21/2023 03:30,0.0
04/21/2023 04:00,0.0
04/21/2023 04:30,0.0
04/21/2023 05:00,0.0
04/21/2023 05:30,0.0
04/21/2023 06:00,0.0
04/21/2023 06:30,0.0
04/21/2023 07:00,0.0
04/21/2023 07:30,0.0
04/21/2023 08:00,0.0
04/21/2023 08:30,0.0
04/21/2023 09:00,0.0
04/21/2023 09:30,0.0
04/21/2023 10:00,0.0
04/21/2023 10:30,0.0
04/21/2023 11:00,0.0
04/21/2023 11:30,0.0
04/21/2023 12:00,0.0
04/21/2023 12:30,0.0
04/21/2023 13:00,0.0
04/21/2023 13:30,0.0
04/21/2023 14:00,0.0
04/21/2023 14:30,0.0
04/21/2023 15:00,0.0
04/21/2023 15:30,0.0
04/21/2023 16:00,0.0
04/21/2023 16:30,0.0
04/21/2023 17:00,0.0
04/21/2023 17:30,0.0
04/21/2023 18:00,0.0
04/21/2023 18:30,0.0
04/21/2023 19:00,0.0
04/21/2023 19:30,0.0
04/21/2023 20:00,0.0
04/21/2023 20:30,0.0
04/21/2023 21:00,0.0
04/21/2023 21:30,0.0
04/21/2023 22:00,0.0
04/21/2023 22:30,0.0
04/21/2023 23:00,0.0
04/21/2023 23:30,0.0
04/22/2023 00:00,0.0
04/22/2023 00:30,0.0
04/22/2023 01:00,0.0
04/22/2023 01:30,0.0
04/22/2023 02:00,0.0
04/22/2023 02:30,0.0
04/22/2023 03:00,0.0
04/22/2023 03:30,0.0
04/22/2023 04:00,0.0
04/22/2023 04:30,0.0
04/22/2023 05:00,0.0
04/22/2023 05:30,0.0
04/22/2023 06:00,0.0
04/22/2023 06:30,0.0
04/22/2023 07:00,0.0
04/22/2023 07:30,0.0
04/22/2023 08:00,0.0
04/22/2023 08:30,0.0
04/22/2023 09:00,0.0
04/22/2023 09:30,0.0
04/22/2023 10:00,0.0
04/22/2023 10:30,0.0
04/22/2023 11:00,0.0
04/22/2023 11:30,0.0
04/22/2023 12:00,0.0
04/22/2023 12:30,0.0
04/22/2023 13:00,0.0
04/22/2023 13:30,0.0
04/22/2023 14:00,0.0
04/22/2023 14:30,0.0
04/22/2023 15:00,0.0
04/22/2023 15:30,0.0
04/22/2023 16:00,0.0
04/22/2023 16:30,0.0
04/22/2023 17:00,0.0
04/22/2023 17:30,0.0
04/22/2023 18:00,0.0
04/22/2023 18:30,0.0
04/22/2023 19:00,0.0
04/22/2023 19:30,0.0
04/22/2023 20:00,0.0
04/22/2023 20:30,0.0
04/22/2023 21:00,0.0
04/22/2023 21:30,0.0
04/22/2023 22:00,0.0
04/22/2023 22:30,0.0
04/22/2023 23:00,0.0
04/22/2023 23:30,0.0
04/23/2023 00:00,0.0
04/23/2023 00:30,0.0
04/23/2023 01:00,0.0
04/23/2023 01:30,0.0
04/23/2023 02:00,0.0
04/23/2023 02:30,0.0
04/23/2023 03:00,0.0
04/23/2023 03:30,0.0
04/23/2023 04:00,0.0
04/23/2023 04:30,0.0
04/23/2023 05:00,0.0
04/23/2023 05:30,0.0
04/23/2023 06:00,0.0
04/23/2023 06:30,0.0
04/23/2023 07:00,0.0
04/23/2023 07:30,0.0
04/23/2023 08:00,0.0
04/23/2023 08:30,0.0
04/23/2023 09:00,0.0
04/23/2023 09:30,0.0
04/23/2023 10:00,0.0
04/23/2023 10:30,0.0
04/23/2023 11:00,0.0
04/23/2023 11:30,0.0
04/23/2023 12:00,0.0
04/23/2023 12:30,0.0
04/23/2023 13:00,0.0
04/23/2023 13:30,0.0
04/23/2023 14:00,0.0
04/23/2023 14:30,0.0
04/23/2023 15:00,0.0
04/23/2023 15:30,0.0
04/23/2023 16:00,0.0
04/23/2023 16:30,0.0
04/23/2023 17:00,0.0
04/23/2023 17:30,0.0
04/23/2023 18:00,0.0
04/23/2023 18:30,0.0
04/23/2023 19:00,0.0
04/23/2023 19:30,0.0
04/23/2023 20:00,0.0
04/23/2023 20:30,0.0
04/23/2023 21:00,0.0
04/23/2023 21:30,0.0
04/23/2023 22:00,0.0
04/23/2023 22:30,0.0
04/23/2023 23:00,0.0
04/23/2023 23:30,0.0
04/24/2023 00:00,0.0
04/24/2023 00:30,0.0
04/24/2023 01:00,0.0
04/24/2023 01:30,0.0
04/24/2023 02:00,0.0
04/24/2023 02:30,0.0
04/24/2023 03:00,0.0
04/24/2023 03:30,0.0
04/24/2023 04:00,0.0
04/24/2023 04:30,0.0
04/24/2023 05:00,0.0
04/24/2023 05:30,0.0
04/24/2023 06:00,0.0
04/24/2023 06:30,0.0
04/24/2023 07:00,0.0
04/24/2023 07:30,0.0
04/24/2023 08:00,0.0
04/24/2023 08:30,0.0
04/24/2023 09:00,0.0
04/24/2023 09:30,0.0
04/24/2023 10:00,0.0
04/24/2023 10:30,0.0
04/24/2023 11:00,0.0
04/24/2023 11:30,0.0
04/24/2023 12:00,0.0
04/24/2023 12:30,0.0
04/24/2023 13:00,0.0
04/24/2023 13:30,0.0
04/24/2023 14:00,0.0
04/24/2023 14:30,0.0
04/24/2023 15:00,0.0
04/24/2023 15:30,0.0
04/24/2023 16:00,0.0
04/24/2023 16:30,0.0
04/24/2023 17:00,0.0
04/24/2023 17:30,0.0
04/24/2023 18:00,0.0
04/24/2023 18:30,0.0
04/24/2023 19:00,0.0
04/24/2023 19:30,0.0
04/24/2023 20:00,0.0
04/24/2023 20:30,0.0
04/24/2023 21:00,0.0
04/24/2023 21:30,0.0
04/24/2023 22:00,0.0
04/24/2023 22:30,0.0
04/24/2023 23:00,0.0
04/24/2023 23:30,0.0
04/25/2023 00:00,0.0
04/25/2023 00:30,0.0
04/25/2023 01:00,0.0
04/25/2023 01:30,0.0
04/25/2023 02:00,0.0
04/25/2023 02:30,0.0
04/25/2023 03:00,0.0
04/25/2023 03:30,0.0
04/25/2023 04:00,0.0
04/25/2023 04:30,0.0
04/25/2023 05:00,0.0
04/25/2023 05:30,0.0
04/25/2023 06:00,0.0
04/25/2023 06:30,0.0
04/25/2023 07:00,0.0
04/25/2023 07:30,0.0
04/25/2023 08:00,0.0
04/25/2023 08:30,0.0
04/25/2023 09:00,0.0
04/25/2023 09:30,0.0
04/25/2023 10:00,0.0
04/25/2023 10:30,0.0
04/25/2023 11:00,0.0
04/25/2023 11:30,0.0
04/25/2023 12:00,0.0
04/25/2023 12:30,0.0
04/25/2023 13:00,0.0
04/25/2023 13:30,0.0
04/25/2023 14:00,0.0
04/25/2023 14:30,0.0
04/25/2023 15:00,0.0
04/25/2023 15:30,0.0
04/25/2023 16:00,0.0
04/25/2023 16:30,0.0
04/25/2023 17:00,0.0
04/25/2023 17:30,0.0
04/25/2023 18:00,0.0
04/25/2023 18:30,0.0
04/25/2023 19:00,0.0
04/25/2023 19:30,0.0
04/25/2023 20:00,0.0
04/25/2023 20:30,0.0
04/25/2023 21:00,0.0
04/25/2023 21:30,0.0
04/25/2023 22:00,0.0
04/25/2023 22:30,0.0
04/25/2023 23:00,0.0
04/25/2023 23:30,0.0
04/26/2023 00:00,0.0
04/26/2023 00:30,0.0
04/26/2023 01:00,0.0
04/26/2023 01:30,0.0
04/26/2023 02:00,0.0
04/26/2023 02:30,0.0
04/26/2023 03:00,0.0
04/26/2023 03:30,0.0
04/26/2023 04:00,0.0
04/26/2023 04:30,0.0
04/26/2023 05:00,0.0
04/26/2023 05:30,0.0
04/26/2023 06:00,0.0
04/26/2023 06:30,0.0
04/26/2023 07:00,0.0
04/26/2023 07:30,0.0
04/26/2023 08:00,0.0
04/26/2023 08:30,0.0
04/26/2023 09:00,0.0
04/26/2023 09:30,0.0
04/26/2023 10:00,0.0
04/26/2023 10:30,0.0
04/26/2023 11:00,0.0
04/26/2023 11:30,0.0
04/26/2023 12:00,0.0
04/26/2023 12:30,0.0
04/26/2023 13:00,0.0
04/26/2023 13:30,0.0
04/26/2023 14:00,0.0
04/26/2023 14:30,0.0
04/26/2023 15:00,0.0
04/26/2023 15:30,0.0
04/26/2023 16:00,0.0
04/26/2023 16:30,0.0
04/26/2023 17:00,0.0
04/26/2023 17:30,0.0
04/26/2023 18:00,0.0
04/26/2023 18:30,0.0
04/26/2023 19:00,0.0
04/26/2023 19:30,0.0
04/26/2023 20:00,0.0
04/26/2023 20:30,0.0
04/26/2023 21:00,0.0
04/26/2023 21:30,0.0
04/26/2023 22:00,0.0
04/26/2023 22:30,0.0
04/26/2023 23:00,0.0
04/26/2023 23:30,0.0
04/27/2023 00:00,0.0
04/27/2023 00:30,0.0
04/27/2023 01:00,0.0
04/27/2023 01:30,0.0
04/27/2023 02:00,0.0
04/27/2023 02:30,0.0
04/27/2023 03:00,0.0
04/27/2023 03:30,0.0
04/27/2023 04:00,0.0
04/27/2023 04:30,0.0
04/27/2023 05:00,0.0
04/27/2023 05:30,0.0
04/27/2023 06:00,0.0
04/27/2023 06:30,0.0
04/27/2023 07:00,0.0
04/27/2023 07:30,0.0
04/27/2023 08:00,0.0
04/27/2023 08:30,0.0
04/27/2023 09:00,0.0
04/27/2023 09:30,0.0
04/27/2023 10:00,0.0
04/27/2023 10:30,0.0
04/27/2023 11:00,0.0
04/27/2023 11:30,0.0
04/27/2023 12:00,0.0
04/27/2023 12:30,0.0
04/27/2023 13:00,0.0
04/27/2023 13:30,0.0
04/27/2023 14:00,0.0
04/27/2023 14:30,0.0
04/27/2023 15:00,0.0
04/27/2023 15:30,0.0
04/27/2023 16:00,0.0
04/27/2023 16:30,0.0
04/27/2023 17:00,0.0
04/27/2023 17:30,0.0
04/27/2023 18:00,0.0
04/27/2023 18:30,0.0
04/27/2023 19:00,0.0
04/27/2023 19:30,0.0
04/27/2023 20:00,0.0
04/27/2023 20:30,0.0
04/27/2023 21:00,0.0
04/27/2023 21:30,0.0
04/27/2023 22:00,0.0
04/27/2023 22:30,0.0
04/27/2023 23:00,0.0
04/27/2023 23:30,0.0
04/28/2023 00:00,0.0
04/28/2023 00:30,0.0
04/28/2023 01:00,0.0
04/28/2023 01:30,0.0
04/28/2023 02:00,0.0
04/28/2023 02:30,0.0
04/28/2023 03:00,0.0
04/28/2023 03:30,0.0
04/28/2023 04:00,0.0
04/28/2023 04:30,0.0
04/28/2023 05:00,0.0
04/28/2023 05:30,0.0
04/28/2023 06:00,0.0
04/28/2023 06:30,0.0
04/28/2023 07:00,0.0
04/28/2023 07:30,0.0
04/28/2023 08:00,0.0
04/28/2023 08:30,0.0
04/28/2023 09:00,0.0
04/28/2023 09:30,0.0
04/28/2023 10:00,0.0
04/28/2023 10:30,0.0
04/28/2023 11:00,0.0
04/28/2023 11:30,0.0
04/28/2023 12:00,0.0
04/28/2023 12:30,0.0
04/28/2023 13:00,0.0
04/28/2023 13:30,0.0
04/28/2023 14:00,0.0
04/28/2023 14:30,0.0
04/28/2023 15:00,0.0
04/28/2023 15:30,0.0
04/28/2023 16:00,0.0
04/28/2023 16:30,0.0
04/28/2023 17:00,0.0
04/28/2023 17:30,0.0
04/28/2023 18:00,0.0
04/28/2023 18:30,0.0
04/28/2023 19:00,0.0
04/28/2023 19:30,0.0
04/28/2023 20:00,0.0
04/28/2023 20:30,0.0
04/28/2023 21:00,0.0
04/28/2023 21:30,0.0
04/28/2023 22:00,0.0
04/28/2023 22:30,0.0
04/28/2023 23:00,0.0
04/28/2023 23:30,0.0
04/29/2023 00:00,0.0
04/29/2023 00:30,0.0
04/29/2023 01:00,0.0
04/29/2023 01:30,0.0
04/29/2023 02:00,0.0
04/29/2023 02:30,0.0
04/29/2023 03:00,0.0
04/29/2023 03:30,0.0
04/29/2023 04:00,0.0
04/29/2023 04:30,0.0
04/29/2023 05:00,0.0
04/29/2023 05:30,0.0
04/29/2023 06:00,0.0
04/29/2023 06:30,0.0
04/29/2023 07:00,0.0
04/29/2023 07:30,0.0
04/29/2023 08:00,0.0
04/29/2023 08:30,0.0
04/29/2023 09:00,0.0
04/29/2023 09:30,0.0
04/29/2023 10:00,0.0
04/29/2023 10:30,0.0
04/29/2023 11:00,0.0
04/29/2023 11:30,0.0
04/29/2023 12:00,0.0
04/29/2023 12:30,0.0
04/29/2023 13:00,0.0
04/29/2023 13:30,0.0
04/29/2023 14:00,0.0
04/29/2023 14:30,0.0
04/29/2023 15:00,0.0
04/29/2023 15:30,0.0
04/29/2023 16:00,0.0
04/29/2023 16:30,0.0
04/29/2023 17:00,0.0
04/29/2023 17:30,0.0
04/29/2023 18:00,0.0
04/29/2023 18:30,0.0
04/29/2023 19:00,0.0
04/29/2023 19:30,0.0
04/29/2023 20:00,0.0
04/29/2023 20:30,0.0
04/29/2023 21:00,0.0
04/29/2023 21:30,0.0
04/29/2023 22:00,0.0
04/29/2023 22:30,0.0
04/29/2023 23:00,0.0
04/29/2023 23:30,0.0
04/30/2023 00:00,0.0
04/30/2023 00:30,0.0
04/30/2023 01:00,0.0
04/30/2023 01:30,0.0
04/30/2023 02:00,0.0
04/30/2023 02:30,0.0
04/30/2023 03:00,0.0
04/30/2023 03:30,0.0
04/30/2023 04:00,0.0
04/30/2023 04:30,0.0
04/30/2023 05:00,0.0
04/30/2023 05:30,0.0
04/30/2023 06:00,0.0
04/30/2023 06:30,0.0
04/30/2023 07:00,0.0
04/30/2023 07:30,0.0
04/30/2023 08:00,0.0
04/30/2023 08:30,0.0
04/30/2023 09:00,0.0
04/30/2023 09:30,0.0
04/30/2023 10:00,0.0
04/30/2023 10:30,0.0
04/30/2023 11:00,0.0
04/30/2023 11:30,0.0
04/30/2023 12:00,0.0
04/30/2023 12:30,0.0
04/30/2023 13:00,0.0
04/30/2023 13:30,0.0
04/30/2023 14:00,0.0
04/30/2023 14:30,0.0
04/30/2023 15:00,0.0
04/30/2023 15:30,0.0
04/30/2023 16:00,0.0
04/30/2023 16:30,0.0
04/30/2023 17:00,0.0
04/30/2023 17:30,0.0
04/30/2023 18:00,0.0
04/30/2023 18:30,0.0
04/30/2023 19:00,0.0
04/30/2023 19:30,0.0
04/30/2023 20:00,0.0
04/30/2023 20:30,0.0
04/30/2023 21:00,0.0
04/30/2023 21:30,0.0
04/30/2023 22:00,0.0
04/30/2023 22:30,0.0
04/30/2023 23:00,0.0
04/30/2023 23:30,0.0
05/01/2023 00:00,0.0
05/01/2023 00:30,0.0
05/01/2023 01:00,0.0
05/01/2023 01:30,0.0
05/01/2023 02:00,0.0
05/01/2023 02:30,0.0
05/01/2023 03:00,0.0
05/01/2023 03:30,0.0
05/01/2023 04:00,0.0
05/01/2023 04:30,0.0
05/01/2023 05:00,0.0
05/01/2023 05:30,0.0
05/01/2023 06:00,0.0
05/01/2023 06:30,0.0
05/01/2023 07:00,0.0
05/01/2023 07:30,0.0
05/01/2023 08:00,0.0
05/01/2023 08:30,0.0
05/01/2023 09:00,0.0
05/01/2023 09:30,0.0
05/01/2023 10:00,0.0
05/01/2023 10:30,0.0
05/01/2023 11:00,0.0
05/01/2023 11:30,0.0
05/01/2023 12:00,0.0
05/01/2023 12:30,0.0
05/01/2023 13:00,0.0
05/01/2023 13:30,0.0
05/01/2023 14:00,0.0
05/01/2023 14:30,0.0
05/01/2023 15:00,0.0
05/01/2023 15:30,0.0
05/01/2023 16:00,0.0
05/01/2023 16:30,0.0
05/01/2023 17:00,0.0
05/01/2023 17:30,0.0
05/01/2023 18:00,0.0
05/01/2023 18:30,0.0
05/01/2023 19:00,0.0
05/01/2023 19:30,0.0
05/01/2023 20:00,0.0
05/01/2023 20:30,0.0
05/01/2023 21:00,0.0
05/01/2023 21:30,0.0
05/01/2023 22:00,0.0
05/01/2023 22:30,0.0
05/01/2023 23:00,0.0
05/01/2023 23:30,0.0
05/02/2023 00:00,0.0
05/02/2023 00:30,0.0
05/02/2023 01:00,0.0
05/02/2023 01:30,0.0
05/02/2023 02:00,0.0
05/02/2023 02:30,0.0
05/02/2023 03:00,0.0
05/02/2023 03:30,0.0
05/02/2023 04:00,0.0
05/02/2023 04:30,0.0
05/02/2023 05:00,0.0
05/02/2023 05:30,0.0
05/02/2023 06:00,0.0
05/02/2023 06:30,0.0
05/02/2023 07:00,0.0
05/02/2023 07:30,0.0
05/02/2023 08:00,0.0
05/02/2023 08:30,0.0
05/02/2023 09:00,0.0
05/02/2023 09:30,0.0
05/02/2023 10:00,0.0
05/02/2023 10:30,0.0
05/02/2023 11:00,0.0
05/02/2023 11:30,0.0
05/02/2023 12:00,0.0
05/02/2023 12:30,0.0
05/02/2023 13:00,0.0
05/02/2023 13:30,0.0
05/02/2023 14:00,0.0
05/02/2023 14:30,0.0
05/02/2023 15:00,0.0
05/02/2023 15:30,0.0
05/02/2023 16:00,0.0
05/02/2023 16:30,0.0
05/02/2023 17:00,0.0
05/02/2023 17:30,0.0
05/02/2023 18:00,0.0
05/02/2023 18:30,0.0
05/02/2023 19:00,0.0
05/02/2023 19:30,0.0
05/02/2023 20:00,0.0
05/02/2023 20:30,0.0
05/02/2023 21:00,0.0
05/02/2023 21:30,0.0
05/02/2023 22:00,0.0
05/02/2023 22:30,0.0
05/02/2023 23:00,0.0
05/02/2023 23:30,0.0
05/03/2023 00:00,0.0
05/03/2023 00:30,0.0
05/03/2023 01:00,0.0
05/03/2023 01:30,0.0
05/03/2023 02:00,0.0
05/03/2023 02:30,0.0
05/03/2023 03:00,0.0
05/03/2023 03:30,0.0
05/03/2023 04:00,0.0
05/03/2023 04:30,0.0
05/03/2023 05:00,0.0
05/03/2023 05:30,0.0
05/03/2023 06:00,0.0
05/03/2023 06:30,0.0
05/03/2023 07:00,0.0
05/03/2023 07:30,0.0
05/03/2023 08:00,0.0
05/03/2023 08:30,0.0
05/03/2023 09:00,0.0
05/03/2023 09:30,0.0
05/03/2023 10:00,0.0
05/03/2023 10:30,0.0
05/03/2023 11:00,0.0
05/03/2023 11:30,0.0
05/03/2023 12:00,0.0
05/03/2023 12:30,0.0
05/03/2023 13:00,0.0
05/03/2023 13:30,0.0
05/03/2023 14:00,0.0
05/03/2023 14:30,0.0
05/03/2023 15:00,0.0
05/03/2023 15:30,0.0
05/03/2023 16:00,0.0
05/03/2023 16:30,0.0
05/03/2023 17:00,0.0
05/03/2023 17:30,0.0
05/03/2023 18:00,0.0
05/03/2023 18:30,0.0
05/03/2023 19:00,0.0
05/03/2023 19:30,0.0
05/03/2023 20:00,0.0
05/03/2023 20:30,0.0
05/03/2023 21:00,0.0
05/03/2023 21:30,0.0
05/03/2023 22:00,0.0
05/03/2023 22:30,0.0
05/03/2023 23:00,0.0
05/03/2023 23:30,0.0
05/04/2023 00:00,0.0
05/04/2023 00:30,0.0
05/04/2023 01:00,0.0
05/04/2023 01:30,0.0
05/04/2023 02:00,0.0
05/04/2023 02:30,0.0
05/04/2023 03:00,0.0
05/04/2023 03:30,0.0
05/04/2023 04:00,0.0
05/04/2023 04:30,0.0
05/04/2023 05:00,0.0
05/04/2023 05:30,0.0
05/04/2023 06:00,0.0
05/04/2023 06:30,0.0
05/04/2023 07:00,0.0
05/04/2023 07:30,0.0
05/04/2023 08:00,0.0
05/04/2023 08:30,0.0
05/04/2023 09:00,0.0
05/04/2023 09:30,0.0
05/04/2023 10:00,0.0
05/04/2023 10:30,0.0
05/04/2023 11:00,0.0
05/04/2023 11:30,0.0
05/04/2023 12:00,0.0
05/04/2023 12:30,0.0
05/04/2023 13:00,0.0
05/04/2023 13:30,0.0
05/04/2023 14:00,0.0
05/04/2023 14:30,0.0
05/04/2023 15:00,0.0
05/04/2023 15:30,0.0
05/04/2023 16:00,0.0
05/04/2023 16:30,0.0
05/04/2023 17:00,0.0
05/04/2023 17:30,0.0
05/04/2023 18:00,0.0
05/04/2023 18:30,0.0
05/04/2023 19:00,0.0
05/04/2023 19:30,0.0
05/04/2023 20:00,0.0
05/04/2023 20:30,0.0
05/04/2023 21:00,0.0
05/04/2023 21:30,0.0
05/04/2023 22:00,0.0
05/04/2023 22:30,0.0
05/04/2023 23:00,0.0
05/04/2023 23:30,0.0
05/05/2023 00:00,0.0
05/05/2023 00:30,0.0
05/05/2023 01:00,0.0
05/05/2023 01:30,0.0
05/05/2023 02:00,0.0
05/05/2023 02:30,0.0
05/05/2023 03:00,0.0
05/05/2023 03:30,0.0
05/05/2023 04:00,0.0
05/05/2023 04:30,0.0
05/05/2023 05:00,0.0
05/05/2023 05:30,0.0
05/05/2023 06:00,0.0
05/05/2023 06:30,0.0
05/05/2023 07:00,0.0
05/05/2023 07:30,0.0
05/05/2023 08:00,0.0
05/05/2023 08:30,0.0
05/05/2023 09:00,0.0
05/05/2023 09:30,0.0
05/05/2023 10:00,0.0
05/05/2023 10:30,0.0
05/05/2023 11:00,0.0
05/05/2023 11:30,0.0
05/05/2023 12:00,0.0
05/05/2023 12:30,0.0
05/05/2023 13:00,0.0
05/05/2023 13:30,0.0
05/05/2023 14:00,0.0
05/05/2023 14:30,0.0
05/05/2023 15:00,0.0
05/05/2023 15:30,0.0
05/05/2023 16:00,0.0
05/05/2023 16:30,0.0
05/05/2023 17:00,0.0
05/05/2023 17:30,0.0
05/05/2023 18:00,0.0
05/05/2023 18:30,0.0
05/05/2023 19:00,0.0
05/05/2023 19:30,0.0
05/05/2023 20:00,0.0
05/05/2023 20:30,0.0
05/05/2023 21:00,0.0
05/05/2023 21:30,0.0
05/05/2023 22:00,0.0
05/05/2023 22:30,0.0
05/05/2023 23:00,0.0
05/05/2023 23:30,0.0
05/06/2023 00:00,0.0
05/06/2023 00:30,0.0
05/06/2023 01:00,0.0
05/06/2023 01:30,0.0
05/06/2023 02:00,0.0
05/06/2023 02:30,0.0
05/06/2023 03:00,0.0
05/06/2023 03:30,0.0
05/06/2023 04:00,0.0
05/06/2023 04:30,0.0
05/06/2023 05:00,0.0
05/06/2023 05:30,0.0
05/06/2023 06:00,0.0
05/06/2023 06:30,0.0
05/06/2023 07:00,0.0
05/06/2023 07:30,0.0
05/06/2023 08:00,0.0
05/06/2023 08:30,0.0
05/06/2023 09:00,0.0
05/06/2023 09:30,0.0
05/06/2023 10:00,0.0
05/06/2023 10:30,0.0
05/06/2023 11:00,0.0
05/06/2023 11:30,0.0
05/06/2023 12:00,0.0
05/06/2023 12:30,0.0
05/06/2023 13:00,0.0
05/06/2023 13:30,0.0
05/06/2023 14:00,0.0
05/06/2023 14:30,0.0
05/06/2023 15:00,0.0
05/06/2023 15:30,0.0
05/06/2023 16:00,0.0
05/06/2023 16:30,0.0
05/06/2023 17:00,0.0
05/06/2023 17:30,0.0
05/06/2023 18:00,0.0
05/06/2023 18:30,0.0
05/06/2023 19:00,0.0
05/06/2023 19:30,0.0
05/06/2023 20:00,0.0
05/06/2023 20:30,0.0
05/06/2023 21:00,0.0
05/06/2023 21:30,0.0
05/06/2023 22:00,0.0
05/06/2023 22:30,0.0
05/06/2023 23:00,0.0
05/06/2023 23:30,0.0
05/07/2023 00:00,0.0
05/07/2023 00:30,0.0
05/07/2023 01:00,0.0
05/07/2023 01:30,0.0
05/07/2023 02:00,0.0
05/07/2023 02:30,0.0
05/07/2023 03:00,0.0
05/07/2023 03:30,0.0
05/07/2023 04:00,0.0
05/07/2023 04:30,0.0
05/07/2023 05:00,0.0
05/07/2023 05:30,0.0
05/07/2023 06:00,0.0
05/07/2023 06:30,0.0
05/07/2023 07:00,0.0
05/07/2023 07:30,0.0
05/07/2023 08:00,0.0
05/07/2023 08:30,0.0
05/07/2023 09:00,0.0
05/07/2023 09:30,0.0
05/07/2023 10:00,0.0
05/07/2023 10:30,0.0
05/07/2023 11:00,0.0
05/07/2023 11:30,0.0
05/07/2023 12:00,0.0
05/07/2023 12:30,0.0
05/07/2023 13:00,0.0
05/07/2023 13:30,0.0
05/07/2023 14:00,0.0
05/07/2023 14:30,0.0
05/07/2023 15:00,0.0
05/07/2023 15:30,0.0
05/07/2023 16:00,0.0
05/07/2023 16:30,0.0
05/07/2023 17:00,0.0
05/07/2023 17:30,0.0
05/07/2023 18:00,0.0
05/07/2023 18:30,0.0
05/07/2023 19:00,0.0
05/07/2023 19:30,0.0
05/07/2023 20:00,0.0
05/07/2023 20:30,0.0
05/07/2023 21:00,0.0
05/07/2023 21:30,0.0
05/07/2023 22:00,0.0
05/07/2023 22:30,0.0
05/07/2023 23:00,0.0
05/07/2023 23:30,0.0
05/08/2023 00:00,0.0
05/08/2023 00:30,0.0
05/08/2023 01:00,0.0
05/08/2023 01:30,0.0
05/08/2023 02:00,0.0
05/08/2023 02:30,0.0
05/08/2023 03:00,0.0
05/08/2023 03:30,0.0
05/08/2023 04:00,0.0
05/08/2023 04:30,0.0
05/08/2023 05:00,0.0
05/08/2023 05:30,0.0
05/08/2023 06:00,0.0
05/08/2023 06:30,0.0
05/08/2023 07:00,0.0
05/08/2023 07:30,0.0
05/08/2023 08:00,0.0
05/08/2023 08:30,0.0
05/08/2023 09:00,0.0
05/08/2023 09:30,0.0
05/08/2023 10:00,0.0
05/08/2023 10:30,0.0
05/08/2023 11:00,0.0
05/08/2023 11:30,0.0
05/08/2023 12:00,0.0
05/08/2023 12:30,0.0
05/08/2023 13:00,0.0
05/08/2023 13:30,0.0
05/08/2023 14:00,0.0
05/08/2023 14:30,0.0
05/08/2023 15:00,0.0
05/08/2023 15:30,0.0
05/08/2023 16:00,0.0
05/08/2023 16:30,0.0
05/08/2023 17:00,0.0
05/08/2023 17:30,0.0
05/08/2023 18:00,0.0
05/08/2023 18:30,0.0
05/08/2023 19:00,0.0
05/08/2023 19:30,0.0
05/08/2023 20:00,0.0
05/08/2023 20:30,0.0
05/08/2023 21:00,0.0
05/08/2023 21:30,0.0
05/08/2023 22:00,0.0
05/08/2023 22:30,0.0
05/08/2023 23:00,0.0
05/08/2023 23:30,0.0
05/09/2023 00:00,0.0
05/09/2023 00:30,0.0
05/09/2023 01:00,0.0
05/09/2023 01:30,0.0
05/09/2023 02:00,0.0
05/09/2023 02:30,0.0
05/09/2023 03:00,0.0
05/09/2023 03:30,0.0
05/09/2023 04:00,0.0
05/09/2023 04:30,0.0
05/09/2023 05:00,0.0
05/09/2023 05:30,0.0
05/09/2023 06:00,0.0
05/09/2023 06:30,0.0
05/09/2023 07:00,0.0
05/09/2023 07:30,0.0
05/09/2023 08:00,0.0
05/09/2023 08:30,0.0
05/09/2023 09:00,0.0
05/09/2023 09:30,0.0
05/09/2023 10:00,0.0
05/09/2023 10:30,0.0
05/09/2023 11:00,0.0
05/09/2023 11:30,0.0
05/09/2023 12:00,0.0
05/09/2023 12:30,0.0
05/09/2023 13:00,0.0
05/09/2023 13:30,0.0
05/09/2023 14:00,0.0
05/09/2023 14:30,0.0
05/09/2023 15:00,0.0
05/09/2023 15:30,0.0
05/09/2023 16:00,0.0
05/09/2023 16:30,0.0
05/09/2023 17:00,0.0
05/09/2023 17:30,0.0
05/09/2023 18:00,0.0
05/09/2023 18:30,0.0
05/09/2023 19:00,0.0
05/09/2023 19:30,0.0
05/09/2023 20:00,0.0
05/09/2023 20:30,0.0
05/09/2023 21:00,0.0
05/09/2023 21:30,0.0
05/09/2023 22:00,0.0
05/09/2023 22:30,0.0
05/09/2023 23:00,0.0
05/09/2023 23:30,0.0
05/10/2023 00:00,0.0
05/10/2023 00:30,0.0
05/10/2023 01:00,0.0
05/10/2023 01:30,0.0
05/10/2023 02:00,0.0
05/10/2023 02:30,0.0
05/10/2023 03:00,0.0
05/10/2023 03:30,0.0
05/10/2023 04:00,0.0
05/10/2023 04:30,0.0
05/10/2023 05:00,0.0
05/10/2023 05:30,0.0
05/10/2023 06:00,0.0
05/10/2023 06:30,0.0
05/10/2023 07:00,0.0
05/10/2023 07:30,0.0
05/10/2023 08:00,0.0
05/10/2023 08:30,0.0
05/10/2023 09:00,0.0
05/10/2023 09:30,0.0
05/10/2023 10:00,0.0
05/10/2023 10:30,0.0
05/10/2023 11:00,0.0
05/10/2023 11:30,0.0
05/10/2023 12:00,0.0
05/10/2023 12:30,0.0
05/10/2023 13:00,0.0
05/10/2023 13:30,0.0
05/10/2023 14:00,0.0
05/10/2023 14:30,0.0
05/10/2023 15:00,0.0
05/10/2023 15:30,0.0
05/10/2023 16:00,0.0
05/10/2023 16:30,0.0
05/10/2023 17:00,0.0
05/10/2023 17:30,0.0
05/10/2023 18:00,0.0
05/10/2023 18:30,0.0
05/10/2023 19:00,0.0
05/10/2023 19:30,0.0
05/10/2023 20:00,0.0
05/10/2023 20:30,0.0
05/10/2023 21:00,0.0
05/10/2023 21:30,0.0
05/10/2023 22:00,0.0
05/10/2023 22:30,0.0
05/10/2023 23:00,0.0
05/10/2023 23:30,0.0
05/11/2023 00:00,0.0
05/11/2023 00:30,0.0
05/11/2023 01:00,0.0
05/11/2023 01:30,0.0
05/11/2023 02:00,0.0
05/11/2023 02:30,0.0
05/11/2023 03:00,0.0
05/11/2023 03:30,0.0
05/11/2023 04:00,0.0
05/11/2023 04:30,0.0
05/11/2023 05:00,0.0
05/11/2023 05:30,0.0
05/11/2023 06:00,0.0
05/11/2023 06:30,0.0
05/11/2023 07:00,0.0
05/11/2023 07:30,0.0
05/11/2023 08:00,0.0
05/11/2023 08:30,0.0
05/11/2023 09:00,0.0
05/11/2023 09:30,0.0
05/11/2023 10:00,0.0
05/11/2023 10:30,0.0
05/11/2023 11:00,0.0
05/11/2023 11:30,0.0
05/11/2023 12:00,0.0
05/11/2023 12:30,0.0
05/11/2023 13:00,0.0
05/11/2023 13:30,0.0
05/11/2023 14:00,0.0
05/11/2023 14:30,0.0
05/11/2023 15:00,0.0
05/11/2023 15:30,0.0
05/11/2023 16:00,0.0
05/11/2023 16:30,0.0
05/11/2023 17:00,0.0
05/11/2023 17:30,0.0
05/11/2023 18:00,0.0
05/11/2023 18:30,0.0
05/11/2023 19:00,0.0
05/11/2023 19:30,0.0
05/11/2023 20:00,0.0
05/11/2023 20:30,0.0
05/11/2023 21:00,0.0
05/11/2023 21:30,0.0
05/11/2023 22:00,0.0
05/11/2023 22:30,0.0
05/11/2023 23:00,0.0
05/11/2023 23:30,0.0
05/12/2023 00:00,0.0
05/12/2023 00:30,0.0
05/12/2023 01:00,0.0
05/12/2023 01:30,0.0
05/12/2023 02:00,0.0
05/12/2023 02:30,0.0
05/12/2023 03:00,0.0
05/12/2023 03:30,0.0
05/12/2023 04:00,0.0
05/12/2023 04:30,0.0
05/12/2023 05:00,0.0
05/12/2023 05:30,0.0
05/12/2023 06:00,0.0
05/12/2023 06:30,0.0
05/12/2023 07:00,0.0
05/12/2023 07:30,0.0
05/12/2023 08:00,0.0
05/12/2023 08:30,0.0
05/12/2023 09:00,0.0
05/12/2023 09:30,0.0
05/12/2023 10:00,0.0
05/12/2023 10:30,0.0
05/12/2023 11:00,0.0
05/12/2023 11:30,0.0
05/12/2023 12:00,0.0
05/12/2023 12:30,0.0
05/12/2023 13:00,0.0
05/12/2023 13:30,0.0
05/12/2023 14:00,0.0
05/12/2023 14:30,0.0
05/12/2023 15:00,0.0
05/12/2023 15:30,0.0
05/12/2023 16:00,0.0
05/12/2023 16:30,0.0
05/12/2023 17:00,0.0
05/12/2023 17:30,0.0
05/12/2023 18:00,0.0
05/12/2023 18:30,0.0
05/12/2023 19:00,0.0
05/12/2023 19:30,0.0
05/12/2023 20:00,0.0
05/12/2023 20:30,0.0
05/12/2023 21:00,0.0
05/12/2023 21:30,0.0
05/12/2023 22:00,0.0
05/12/2023 22:30,0.0
05/12/2023 23:00,0.0
05/12/2023 23:30,0.0
05/13/2023 00:00,0.0
05/13/2023 00:30,0.0
05/13/2023 01:00,0.0
05/13/2023 01:30,0.0
05/13/2023 02:00,0.0
05/13/2023 02:30,0.0
05/13/2023 03:00,0.0
05/13/2023 03:30,0.0
05/13/2023 04:00,0.0
05/13/2023 04:30,0.0
05/13/2023 05:00,0.0
05/13/2023 05:30,0.0
05/13/2023 06:00,0.0
05/13/2023 06:30,0.0
05/13/2023 07:00,0.0
05/13/2023 07:30,0.0
05/13/2023 08:00,0.0
05/13/2023 08:30,0.0
05/13/2023 09:00,0.0
05/13/2023 09:30,0.0
05/13/2023 10:00,0.0
05/13/2023 10:30,0.0
05/13/2023 11:00,0.0
05/13/2023 11:30,0.0
05/13/2023 12:00,0.0
05/13/2023 12:30,0.0
05/13/2023 13:00,0.0
05/13/2023 13:30,0.0
05/13/2023 14:00,0.0
05/13/2023 14:30,0.0
05/13/2023 15:00,0.0
05/13/2023 15:30,0.0
05/13/2023 16:00,0.0
05/13/2023 16:30,0.0
05/13/2023 17:00,0.0
05/13/2023 17:30,0.0
05/13/2023 18:00,0.0
05/13/2023 18:30,0.0
05/13/2023 19:00,0.0
05/13/2023 19:30,0.0
05/13/2023 20:00,0.0
05/13/2023 20:30,0.0
05/13/2023 21:00,0.0
05/13/2023 21:30,0.0
05/13/2023 22:00,0.0
05/13/2023 22:30,0.0
05/13/2023 23:00,0.0
05/13/2023 23:30,0.0
05/14/2023 00:00,0.0
05/14/2023 00:30,0.0
05/14/2023 01:00,0.0
05/14/2023 01:30,0.0
05/14/2023 02:00,0.0
05/14/2023 02:30,0.0
05/14/2023 03:00,0.0
05/14/2023 03:30,0.0
05/14/2023 04:00,0.0
05/14/2023 04:30,0.0
05/14/2023 05:00,0.0
05/14/2023 05:30,0.0
05/14/2023 06:00,0.0
05/14/2023 06:30,0.0
05/14/2023 07:00,0.0
05/14/2023 07:30,0.0
05/14/2023 08:00,0.0
05/14/2023 08:30,0.0
05/14/2023 09:00,0.0
05/14/2023 09:30,0.0
05/14/2023 10:00,0.0
05/14/2023 10:30,0.0
05/14/2023 11:00,0.0
05/14/2023 11:30,0.0
05/14/2023 12:00,0.0
05/14/2023 12:30,0.0
05/14/2023 13:00,0.0
05/14/2023 13:30,0.0
05/14/2023 14:00,0.0
05/14/2023 14:30,0.0
05/14/2023 15:00,0.0
05/14/2023 15:30,0.0
05/14/2023 16:00,0.0
05/14/2023 16:30,0.0
05/14/2023 17:00,0.0
05/14/2023 17:30,0.0
05/14/2023 18:00,0.0
05/14/2023 18:30,0.0
05/14/2023 19:00,0.0
05/14/2023 19:30,0.0
05/14/2023 20:00,0.0
05/14/2023 20:30,0.0
05/14/2023 21:00,0.0
05/14/2023 21:30,0.0
05/14/2023 22:00,0.0
05/14/2023 22:30,0.0
05/14/2023 23:00,0.0
05/14/2023 23:30,0.0
05/15/2023 00:00,0.0
05/15/2023 00:30,0.0
05/15/2023 01:00,0.0
05/15/2023 01:30,0.0
05/15/2023 02:00,0.0
05/15/2023 02:30,0.0
05/15/2023 03:00,0.0
05/15/2023 03:30,0.0
05/15/2023 04:00,0.0
05/15/2023 04:30,0.0
05/15/2023 05:00,0.0
05/15/2023 05:30,0.0
05/15/2023 06:00,0.0
05/15/2023 06:30,0.0
05/15/2023 07:00,0.0
05/15/2023 07:30,0.0
05/15/2023 08:00,0.0
05/15/2023 08:30,0.0
05/15/2023 09:00,0.0
05/15/2023 09:30,0.0
05/15/2023 10:00,0.0
05/15/2023 10:30,0.0
05/15/2023 11:00,0.0
05/15/2023 11:30,0.0
05/15/2023 12:00,0.0
05/15/2023 12:30,0.0
05/15/2023 13:00,0.0
05/15/2023 13:30,0.0
05/15/2023 14:00,0.0
05/15/2023 14:30,0.0
05/15/2023 15:00,0.0
05/15/2023 15:30,0.0
05/15/2023 16:00,0.0
05/15/2023 16:30,0.0
05/15/2023 17:00,0.0
05/15/2023 17:30,0.0
05/15/2023 18:00,0.0
05/15/2023 18:30,0.0
05/15/2023 19:00,0.0
05/15/2023 19:30,0.0
05/15/2023 20:00,0.0
05/15/2023 20:30,0.0
05/15/2023 21:00,0.0
05/15/2023 21:30,0.0
05/15/2023 22:00,0.0
05/15/2023 22:30,0.0
05/15/2023 23:00,0.0
05/15/2023 23:30,0.0
05/16/2023 00:00,0.0
05/16/2023 00:30,0.0
05/16/2023 01:00,0.0
05/16/2023 01:30,0.0
05/16/2023 02:00,0.0
05/16/2023 02:30,0.0
05/16/2023 03:00,0.0
05/16/2023 03:30,0.0
05/16/2023 04:00,0.0
05/16/2023 04:30,0.0
05/16/2023 05:00,0.0
05/16/2023 05:30,0.0
05/16/2023 06:00,0.0
05/16/2023 06:30,0.0
05/16/2023 07:00,0.0
05/16/2023 07:30,0.0
05/16/2023 08:00,0.0
05/16/2023 08:30,0.0
05/16/2023 09:00,0.0
05/16/2023 09:30,0.0
05/16/2023 10:00,0.0
05/16/2023 10:30,0.0
05/16/2023 11:00,0.0
05/16/2023 11:30,0.0
05/16/2023 12:00,0.0
05/16/2023 12:30,0.0
05/16/2023 13:00,0.0
05/16/2023 13:30,0.0
05/16/2023 14:00,0.0
05/16/2023 14:30,0.0
05/16/2023 15:00,0.0
05/16/2023 15:30,0.0
05/16/2023 16:00,0.0
05/16/2023 16:30,0.0
05/16/2023 17:00,0.0
05/16/2023 17:30,0.0
05/16/2023 18:00,0.0
05/16/2023 18:30,0.0
05/16/2023 19:00,0.0
05/16/2023 19:30,0.0
05/16/2023 20:00,0.0
05/16/2023 20:30,0.0
05/16/2023 21:00,0.0
05/16/2023 21:30,0.0
05/16/2023 22:00,0.0
05/16/2023 22:30,0.0
05/16/2023 23:00,0.0
05/16/2023 23:30,0.0
05/17/2023 00:00,0.0
05/17/2023 00:30,0.0
05/17/2023 01:00,0.0
05/17/2023 01:30,0.0
05/17/2023 02:00,0.0
05/17/2023 02:30,0.0
05/17/2023 03:00,0.0
05/17/2023 03:30,0.0
05/17/2023 04:00,0.0
05/17/2023 04:30,0.0
05/17/2023 05:00,0.0
05/17/2023 05:30,0.0
05/17/2023 06:00,0.0
05/17/2023 06:30,0.0
05/17/2023 07:00,0.0
05/17/2023 07:30,0.0
05/17/2023 08:00,0.0
05/17/2023 08:30,0.0
05/17/2023 09:00,0.0
05/17/2023 09:30,0.0
05/17/2023 10:00,0.0
05/17/2023 10:30,0.0
05/17/2023 11:00,0.0
05/17/2023 11:30,0.0
05/17/2023 12:00,0.0
05/17/2023 12:30,0.0
05/17/2023 13:00,0.0
05/17/2023 13:30,0.0
05/17/2023 14:00,0.0
05/17/2023 14:30,0.0
05/17/2023 15:00,0.0
05/17/2023 15:30,0.0
05/17/2023 16:00,0.0
05/17/2023 16:30,0.0
05/17/2023 17:00,0.0
05/17/2023 17:30,0.0
05/17/2023 18:00,0.0
05/17/2023 18:30,0.0
05/17/2023 19:00,0.0
05/17/2023 19:30,0.0
05/17/2023 20:00,0.0
05/17/2023 20:30,0.0
05/17/2023 21:00,0.0
05/17/2023 21:30,0.0
05/17/2023 22:00,0.0
05/17/2023 22:30,0.0
05/17/2023 23:00,0.0
05/17/2023 23:30,0.0
05/18/2023 00:00,0.0
05/18/2023 00:30,0.0
05/18/2023 01:00,0.0
05/18/2023 01:30,0.0
05/18/2023 02:00,0.0
05/18/2023 02:30,0.0
05/18/2023 03:00,0.0
05/18/2023 03:30,0.0
05/18/2023 04:00,0.0
05/18/2023 04:30,0.0
05/18/2023 05:00,0.0
05/18/2023 05:30,0.0
05/18/2023 06:00,0.0
05/18/2023 06:30,0.0
05/18/2023 07:00,0.0
05/18/2023 07:30,0.0
05/18/2023 08:00,0.0
05/18/2023 08:30,0.0
05/18/2023 09:00,0.0
05/18/2023 09:30,0.0
05/18/2023 10:00,0.0
05/18/2023 10:30,0.0
05/18/2023 11:00,0.0
05/18/2023 11:30,0.0
05/18/2023 12:00,0.0
05/18/2023 12:30,0.0
05/18/2023 13:00,0.0
05/18/2023 13:30,0.0
05/18/2023 14:00,0.0
05/18/2023 14:30,0.0
05/18/2023 15:00,0.0
05/18/2023 15:30,0.0
05/18/2023 16:00,0.0
05/18/2023 16:30,0.0
05/18/2023 17:00,0.0
05/18/2023 17:30,0.0
05/18/2023 18:00,0.0
05/18/2023 18:30,0.0
05/18/2023 19:00,0.0
05/18/2023 19:30,0.0
05/18/2023 20:00,0.0
05/18/2023 20:30,0.0
05/18/2023 21:00,0.0
05/18/2023 21:30,0.0
05/18/2023 22:00,0.0
05/18/2023 22:30,0.0
05/18/2023 23:00,0.0
05/18/2023 23:30,0.0
05/19/2023 00:00,0.0
05/19/2023 00:30,0.0
05/19/2023 01:00,0.0
05/19/2023 01:30,0.0
05/19/2023 02:00,0.0
05/19/2023 02:30,0.0
05/19/2023 03:00,0.0
05/19/2023 03:30,0.0
05/19/2023 04:00,0.0
05/19/2023 04:30,0.0
05/19/2023 05:00,0.0
05/19/2023 05:30,0.0
05/19/2023 06:00,0.0
05/19/2023 06:30,0.0
05/19/2023 07:00,0.0
05/19/2023 07:30,0.0
05/19/2023 08:00,0.0
05/19/2023 08:30,0.0
05/19/2023 09:00,0.0
05/19/2023 09:30,0.0
05/19/2023 10:00,0.0
05/19/2023 10:30,0.0
05/19/2023 11:00,0.0
05/19/2023 11:30,0.0
05/19/2023 12:00,0.0
05/19/2023 12:30,0.0
05/19/2023 13:00,0.0
05/19/2023 13:30,0.0
05/19/2023 14:00,0.0
05/19/2023 14:30,0.0
05/19/2023 15:00,0.0
05/19/2023 15:30,0.0
05/19/2023 16:00,0.0
05/19/2023 16:30,0.0
05/19/2023 17:00,0.0
05/19/2023 17:30,0.0
05/19/2023 18:00,0.0
05/19/2023 18:30,0.0
05/19/2023 19:00,0.0
05/19/2023 19:30,0.0
05/19/2023 20:00,0.0
05/19/2023 20:30,0.0
05/19/2023 21:00,0.0
05/19/2023 21:30,0.0
05/19/2023 22:00,0.0
05/19/2023 22:30,0.0
05/19/2023 23:00,0.0
05/19/2023 23:30,0.0
05/20/2023 00:00,0.0
05/20/2023 00:30,0.0
05/20/2023 01:00,0.0
05/20/2023 01:30,0.0
05/20/2023 02:00,0.0
05/20/2023 02:30,0.0
05/20/2023 03:00,0.0
05/20/2023 03:30,0.0
05/20/2023 04:00,0.0
05/20/2023 04:30,0.0
05/20/2023 05:00,0.0
05/20/2023 05:30,0.0
05/20/2023 06:00,0.0
05/20/2023 06:30,0.0
05/20/2023 07:00,0.0
05/20/2023 07:30,0.0
05/20/2023 08:00,0.0
05/20/2023 08:30,0.0
05/20/2023 09:00,0.0
05/20/2023 09:30,0.0
05/20/2023 10:00,0.0
05/20/2023 10:30,0.0
05/20/2023 11:00,0.0
05/20/2023 11:30,0.0
05/20/2023 12:00,0.0
05/20/2023 12:30,0.0
05/20/2023 13:00,0.0
05/20/2023 13:30,0.0
05/20/2023 14:00,0.0
05/20/2023 14:30,0.0
05/20/2023 15:00,0.0
05/20/2023 15:30,0.0
05/20/2023 16:00,0.0
05/20/2023 16:30,0.0
05/20/2023 17:00,0.0
05/20/2023 17:30,0.0
05/20/2023 18:00,0.0
05/20/2023 18:30,0.0
05/20/2023 19:00,0.0
05/20/2023 19:30,0.0
05/20/2023 20:00,0.0
05/20/2023 20:30,0.0
05/20/2023 21:00,0.0
05/20/2023 21:30,0.0
05/20/2023 22:00,0.0
05/20/2023 22:30,0.0
05/20/2023 23:00,0.0
05/20/2023 23:30,0.0
05/21/2023 00:00,0.0
05/21/2023 00:30,0.0
05/21/2023 01:00,0.0
05/21/2023 01:30,0.0
05/21/2023 02:00,0.0
05/21/2023 02:30,0.0
05/21/2023 03:00,0.0
05/21/2023 03:30,0.0
05/21/2023 04:00,0.0
05/21/2023 04:30,0.0
05/21/2023 05:00,0.0
05/21/2023 05:30,0.0
05/21/2023 06:00,0.0
05/21/2023 06:30,0.0
05/21/2023 07:00,0.0
05/21/2023 07:30,0.0
05/21/2023 08:00,0.0
05/21/2023 08:30,0.0
05/21/2023 09:00,0.0
05/21/2023 09:30,0.0
05/21/2023 10:00,0.0
05/21/2023 10:30,0.0
05/21/2023 11:00,0.0
05/21/2023 11:30,0.0
05/21/2023 12:00,0.0
05/21/2023 12:30,0.0
05/21/2023 13:00,0.0
05/21/2023 13:30,0.0
05/21/2023 14:00,0.0
05/21/2023 14:30,0.0
05/21/2023 15:00,0.0
05/21/2023 15:30,0.0
05/21/2023 16:00,0.0
05/21/2023 16:30,0.0
05/21/2023 17:00,0.0
05/21/2023 17:30,0.0
05/21/2023 18:00,0.0
05/21/2023 18:30,0.0
05/21/2023 19:00,0.0
05/21/2023 19:30,0.0
05/21/2023 20:00,0.0
05/21/2023 20:30,0.0
05/21/2023 21:00,0.0
05/21/2023 21:30,0.0
05/21/2023 22:00,0.0
05/21/2023 22:30,0.0
05/21/2023 23:00,0.0
05/21/2023 23:30,0.0
05/22/2023 00:00,0.0
05/22/2023 00:30,0.0
05/22/2023 01:00,0.0
05/22/2023 01:30,0.0
05/22/2023 02:00,0.0
05/22/2023 02:30,0.0
05/22/2023 03:00,0.0
05/22/2023 03:30,0.0
05/22/2023 04:00,0.0
05/22/2023 04:30,0.0
05/22/2023 05:00,0.0
05/22/2023 05:30,0.0
05/22/2023 06:00,0.0
05/22/2023 06:30,0.0
05/22/2023 07:00,0.0
05/22/2023 07:30,0.0
05/22/2023 08:00,0.0
05/22/2023 08:30,0.0
05/22/2023 09:00,0.0
05/22/2023 09:30,0.0
05/22/2023 10:00,0.0
05/22/2023 10:30,0.0
05/22/2023 11:00,0.0
05/22/2023 11:30,0.0
05/22/2023 12:00,0.0
05/22/2023 12:30,0.0
05/22/2023 13:00,0.0
05/22/2023 13:30,0.0
05/22/2023 14:00,0.0
05/22/2023 14:30,0.0
05/22/2023 15:00,0.0
05/22/2023 15:30,0.0
05/22/2023 16:00,0.0
05/22/2023 16:30,0.0
05/22/2023 17:00,0.0
05/22/2023 17:30,0.0
05/22/2023 18:00,0.0
05/22/2023 18:30,0.0
05/22/2023 19:00,0.0
05/22/2023 19:30,0.0
05/22/2023 20:00,0.0
05/22/2023 20:30,0.0
05/22/2023 21:00,0.0
05/22/2023 21:30,0.0
05/22/2023 22:00,0.0
05/22/2023 22:30,0.0
05/22/2023 23:00,0.0
05/22/2023 23:30,0.0
05/23/2023 00:00,0.0
05/23/2023 00:30,0.0
05/23/2023 01:00,0.0
05/23/2023 01:30,0.0
05/23/2023 02:00,0.0
05/23/2023 02:30,0.0
05/23/2023 03:00,0.0
05/23/2023 03:30,0.0
05/23/2023 04:00,0.0
05/23/2023 04:30,0.0
05/23/2023 05:00,0.0
05/23/2023 05:30,0.0
05/23/2023 06:00,0.0
05/23/2023 06:30,0.0
05/23/2023 07:00,0.0
05/23/2023 07:30,0.0
05/23/2023 08:00,0.0
05/23/2023 08:30,0.0
05/23/2023 09:00,0.0
05/23/2023 09:30,0.0
05/23/2023 10:00,0.0
05/23/2023 10:30,0.0
05/23/2023 11:00,0.0
05/23/2023 11:30,0.0
05/23/2023 12:00,0.0
05/23/2023 12:30,0.0
05/23/2023 13:00,0.0
05/23/2023 13:30,0.0
05/23/2023 14:00,0.0
05/23/2023 14:30,0.0
05/23/2023 15:00,0.0
05/23/2023 15:30,0.0
05/23/2023 16:00,0.0
05/23/2023 16:30,0.0
05/23/2023 17:00,0.0
05/23/2023 17:30,0.0
05/23/2023 18:00,0.0
05/23/2023 18:30,0.0
05/23/2023 19:00,0.0
05/23/2023 19:30,0.0
05/23/2023 20:00,0.0
05/23/2023 20:30,0.0
05/23/2023 21:00,0.0
05/23/2023 21:30,0.0
05/23/2023 22:00,0.0
05/23/2023 22:30,0.0
05/23/2023 23:00,0.0
05/23/2023 23:30,0.0
05/24/2023 00:00,0.0
05/24/2023 00:30,0.0
05/24/2023 01:00,0.0
05/24/2023 01:30,0.0
05/24/2023 02:00,0.0
05/24/2023 02:30,0.0
05/24/2023 03:00,0.0
05/24/2023 03:30,0.0
05/24/2023 04:00,0.0
05/24/2023 04:30,0.0
05/24/2023 05:00,0.0
05/24/2023 05:30,0.0
05/24/2023 06:00,0.0
05/24/2023 06:30,0.0
05/24/2023 07:00,0.0
05/24/2023 07:30,0.0
05/24/2023 08:00,0.0
05/24/2023 08:30,0.0
05/24/2023 09:00,0.0
05/24/2023 09:30,0.0
05/24/2023 10:00,0.0
05/24/2023 10:30,0.0
05/24/2023 11:00,0.0
05/24/2023 11:30,0.0
05/24/2023 12:00,0.0
05/24/2023 12:30,0.0
05/24/2023 13:00,0.0
05/24/2023 13:30,0.0
05/24/2023 14:00,0.0
05/24/2023 14:30,0.0
05/24/2023 15:00,0.0
05/24/2023 15:30,0.0
05/24/2023 16:00,0.0
05/24/2023 16:30,0.0
05/24/2023 17:00,0.0
05/24/2023 17:30,0.0
05/24/2023 18:00,0.0
05/24/2023 18:30,0.0
05/24/2023 19:00,0.0
05/24/2023 19:30,0.0
05/24/2023 20:00,0.0
05/24/2023 20:30,0.0
05/24/2023 21:00,0.0
05/24/2023 21:30,0.0
05/24/2023 22:00,0.0
05/24/2023 22:30,0.0
05/24/2023 23:00,0.0
05/24/2023 23:30,0.0
05/25/2023 00:00,0.0
05/25/2023 00:30,0.0
05/25/2023 01:00,0.0
05/25/2023 01:30,0.0
05/25/2023 02:00,0.0
05/25/2023 02:30,0.0
05/25/2023 03:00,0.0
05/25/2023 03:30,0.0
05/25/2023 04:00,0.0
05/25/2023 04:30,0.0
05/25/2023 05:00,0.0
05/25/2023 05:30,0.0
05/25/2023 06:00,0.0
05/25/2023 06:30,0.0
05/25/2023 07:00,0.0
05/25/2023 07:30,0.0
05/25/2023 08:00,0.0
05/25/2023 08:30,0.0
05/25/2023 09:00,0.0
05/25/2023 09:30,0.0
05/25/2023 10:00,0.0
05/25/2023 10:30,0.0
05/25/2023 11:00,0.0
05/25/2023 11:30,0.0
05/25/2023 12:00,0.0
05/25/2023 12:30,0.0
05/25/2023 13:00,0.0
05/25/2023 13:30,0.0
05/25/2023 14:00,0.0
05/25/2023 14:30,0.0
05/25/2023 15:00,0.0
05/25/2023 15:30,0.0
05/25/2023 16:00,0.0
05/25/2023 16:30,0.0
05/25/2023 17:00,0.0
05/25/2023 17:30,0.0
05/25/2023 18:00,0.0
05/25/2023 18:30,0.0
05/25/2023 19:00,0.0
05/25/2023 19:30,0.0
05/25/2023 20:00,0.0
05/25/2023 20:30,0.0
05/25/2023 21:00,0.0
05/25/2023 21:30,0.0
05/25/2023 22:00,0.0
05/25/2023 22:30,0.0
05/25/2023 23:00,0.0
05/25/2023 23:30,0.0
05/26/2023 00:00,0.0
05/26/2023 00:30,0.0
05/26/2023 01:00,0.0
05/26/2023 01:30,0.0
05/26/2023 02:00,0.0
05/26/2023 02:30,0.0
05/26/2023 03:00,0.0
05/26/2023 03:30,0.0
05/26/2023 04:00,0.0
05/26/2023 04:30,0.0
05/26/2023 05:00,0.0
05/26/2023 05:30,0.0
05/26/2023 06:00,0.0
05/26/2023 06:30,0.0
05/26/2023 07:00,0.0
05/26/2023 07:30,0.0
05/26/2023 08:00,0.0
05/26/2023 08:30,0.0
05/26/2023 09:00,0.0
05/26/2023 09:30,0.0
05/26/2023 10:00,0.0
05/26/2023 10:30,0.0
05/26/2023 11:00,0.0
05/26/2023 11:30,0.0
05/26/2023 12:00,0.0
05/26/2023 12:30,0.0
05/26/2023 13:00,0.0
05/26/2023 13:30,0.0
05/26/2023 14:00,0.0
05/26/2023 14:30,0.0
05/26/2023 15:00,0.0
05/26/2023 15:30,0.0
05/26/2023 16:00,0.0
05/26/2023 16:30,0.0
05/26/2023 17:00,0.0
05/26/2023 17:30,0.0
05/26/2023 18:00,0.0
05/26/2023 18:30,0.0
05/26/2023 19:00,0.0
05/26/2023 19:30,0.0
05/26/2023 20:00,0.0
05/26/2023 20:30,0.0
05/26/2023 21:00,0.0
05/26/2023 21:30,0.0
05/26/2023 22:00,0.0
05/26/2023 22:30,0.0
05/26/2023 23:00,0.0
05/26/2023 23:30,0.0
05/27/2023 00:00,0.0
05/27/2023 00:30,0.0
05/27/2023 01:00,0.0
05/27/2023 01:30,0.0
05/27/2023 02:00,0.0
05/27/2023 02:30,0.0
05/27/2023 03:00,0.0
05/27/2023 03:30,0.0
05/27/2023 04:00,0.0
05/27/2023 04:30,0.0
05/27/2023 05:00,0.0
05/27/2023 05:30,0.0
05/27/2023 06:00,0.0
05/27/2023 06:30,0.0
05/27/2023 07:00,0.0
05/27/2023 07:30,0.0
05/27/2023 08:00,0.0
05/27/2023 08:30,0.0
05/27/2023 09:00,0.0
05/27/2023 09:30,0.0
05/27/2023 10:00,0.0
05/27/2023 10:30,0.0
05/27/2023 11:00,0.0
05/27/2023 11:30,0.0
05/27/2023 12:00,0.0
05/27/2023 12:30,0.0
05/27/2023 13:00,0.0
05/27/2023 13:30,0.0
05/27/2023 14:00,0.0
05/27/2023 14:30,0.0
05/27/2023 15:00,0.0
05/27/2023 15:30,0.0
05/27/2023 16:00,0.0
05/27/2023 16:30,0.0
05/27/2023 17:00,0.0
05/27/2023 17:30,0.0
05/27/2023 18:00,0.0
05/27/2023 18:30,0.0
05/27/2023 19:00,0.0
05/27/2023 19:30,0.0
05/27/2023 20:00,0.0
05/27/2023 20:30,0.0
05/27/2023 21:00,0.0
05/27/2023 21:30,0.0
05/27/2023 22:00,0.0
05/27/2023 22:30,0.0
05/27/2023 23:00,0.0
05/27/2023 23:30,0.0
05/28/2023 00:00,0.0
05/28/2023 00:30,0.0
05/28/2023 01:00,0.0
05/28/2023 01:30,0.0
05/28/2023 02:00,0.0
05/28/2023 02:30,0.0
05/28/2023 03:00,0.0
05/28/2023 03:30,0.0
05/28/2023 04:00,0.0
05/28/2023 04:30,0.0
05/28/2023 05:00,0.0
05/28/2023 05:30,0.0
05/28/2023 06:00,0.0
05/28/2023 06:30,0.0
05/28/2023 07:00,0.0
05/28/2023 07:30,0.0
05/28/2023 08:00,0.0
05/28/2023 08:30,0.0
05/28/2023 09:00,0.0
05/28/2023 09:30,0.0
05/28/2023 10:00,0.0
05/28/2023 10:30,0.0
05/28/2023 11:00,0.0
05/28/2023 11:30,0.0
05/28/2023 12:00,0.0
05/28/2023 12:30,0.0
05/28/2023 13:00,0.0
05/28/2023 13:30,0.0
05/28/2023 14:00,0.0
05/28/2023 14:30,0.0
05/28/2023 15:00,0.0
05/28/2023 15:30,0.0
05/28/2023 16:00,0.0
05/28/2023 16:30,0.0
05/28/2023 17:00,0.0
05/28/2023 17:30,0.0
05/28/2023 18:00,0.0
05/28/2023 18:30,0.0
05/28/2023 19:00,0.0
05/28/2023 19:30,0.0
05/28/2023 20:00,0.0
05/28/2023 20:30,0.0
05/28/2023 21:00,0.0
05/28/2023 21:30,0.0
05/28/2023 22:00,0.0
05/28/2023 22:30,0.0
05/28/2023 23:00,0.0
05/28/2023 23:30,0.0
05/29/2023 00:00,0.0
05/29/2023 00:30,0.0
05/29/2023 01:00,0.0
05/29/2023 01:30,0.0
05/29/2023 02:00,0.0
05/29/2023 02:30,0.0
05/29/2023 03:00,0.0
05/29/2023 03:30,0.0
05/29/2023 04:00,0.0
05/29/2023 04:30,0.0
05/29/2023 05:00,0.0
05/29/2023 05:30,0.0
05/29/2023 06:00,0.0
05/29/2023 06:30,0.0
05/29/2023 07:00,0.0
05/29/2023 07:30,0.0
05/29/2023 08:00,0.0
05/29/2023 08:30,0.0
05/29/2023 09:00,0.0
05/29/2023 09:30,0.0
05/29/2023 10:00,0.0
05/29/2023 10:30,0.0
05/29/2023 11:00,0.0
05/29/2023 11:30,0.0
05/29/2023 12:00,0.0
05/29/2023 12:30,0.0
05/29/2023 13:00,0.0
05/29/2023 13:30,0.0
05/29/2023 14:00,0.0
05/29/2023 14:30,0.0
05/29/2023 15:00,0.0
05/29/2023 15:30,0.0
05/29/2023 16:00,0.0
05/29/2023 16:30,0.0
05/29/2023 17:00,0.0
05/29/2023 17:30,0.0
05/29/2023 18:00,0.0
05/29/2023 18:30,0.0
05/29/2023 19:00,0.0
05/29/2023 19:30,0.0
05/29/2023 20:00,0.0
05/29/2023 20:30,0.0
05/29/2023 21:00,0.0
05/29/2023 21:30,0.0
05/29/2023 22:00,0.0
05/29/2023 22:30,0.0
05/29/2023 23:00,0.0
05/29/2023 23:30,0.0
05/30/2023 00:00,0.0
05/30/2023 00:30,0.0
05/30/2023 01:00,0.0
05/30/2023 01:30,0.0
05/30/2023 02:00,0.0
05/30/2023 02:30,0.0
05/30/2023 03:00,0.0
05/30/2023 03:30,0.0
05/30/2023 04:00,0.0
05/30/2023 04:30,0.0
05/30/2023 05:00,0.0
05/30/2023 05:30,0.0
05/30/2023 06:00,0.0
05/30/2023 06:30,0.0
05/30/2023 07:00,0.0
05/30/2023 07:30,0.0
05/30/2023 08:00,0.0
05/30/2023 08:30,0.0
05/30/2023 09:00,0.0
05/30/2023 09:30,0.0
05/30/2023 10:00,0.0
05/30/2023 10:30,0.0
05/30/2023 11:00,0.0
05/30/2023 11:30,0.0
05/30/2023 12:00,0.0
05/30/2023 12:30,0.0
05/30/2023 13:00,0.0
05/30/2023 13:30,0.0
05/30/2023 14:00,0.0
05/30/2023 14:30,0.0
05/30/2023 15:00,0.0
05/30/2023 15:30,0.0
05/30/2023 16:00,0.0
05/30/2023 16:30,0.0
05/30/2023 17:00,0.0
05/30/2023 17:30,0.0
05/30/2023 18:00,0.0
05/30/2023 18:30,0.0
05/30/2023 19:00,0.0
05/30/2023 19:30,0.0
05/30/2023 20:00,0.0
05/30/2023 20:30,0.0
05/30/2023 21:00,0.0
05/30/2023 21:30,0.0
05/30/2023 22:00,0.0
05/30/2023 22:30,0.0
05/30/2023 23:00,0.0
05/30/2023 23:30,0.0
05/31/2023 00:00,0.0
05/31/2023 00:30,0.0
05/31/2023 01:00,0.0
05/31/2023 01:30,0.0
05/31/2023 02:00,0.0
05/31/2023 02:30,0.0
05/31/2023 03:00,0.0
05/31/2023 03:30,0.0
05/31/2023 04:00,0.0
05/31/2023 04:30,0.0
05/31/2023 05:00,0.0
05/31/2023 05:30,0.0
05/31/2023 06:00,0.0
05/31/2023 06:30,0.0
05/31/2023 07:00,0.0
05/31/2023 07:30,0.0
05/31/2023 08:00,0.0
05/31/2023 08:30,0.0
05/31/2023 09:00,0.0
05/31/2023 09:30,0.0
05/31/2023 10:00,0.0
05/31/2023 10:30,0.0
05/31/2023 11:00,0.0
05/31/2023 11:30,0.0
05/31/2023 12:00,0.0
05/31/2023 12:30,0.0
05/31/2023 13:00,0.0
05/31/2023 13:30,0.0
05/31/2023 14:00,0.0
05/31/2023 14:30,0.0
05/31/2023 15:00,0.0
05/31/2023 15:30,0.0
05/31/2023 16:00,0.0
05/31/2023 16:30,0.0
05/31/2023 17:00,0.0
05/31/2023 17:30,0.0
05/31/2023 18:00,0.0
05/31/2023 18:30,0.0
05/31/2023 19:00,0.0
05/31/2023 19:30,0.0
05/31/2023 20:00,0.0
05/31/2023 20:30,0.0
05/31/2023 21:00,0.0
05/31/2023 21:30,0.0
05/31/2023 22:00,0.0
05/31/2023 22:30,0.0
05/31/2023 23:00,0.0
05/31/2023 23:30,0.0
06/01/2023 00:00,0.0
06/01/2023 00:30,0.0
06/01/2023 01:00,0.0
06/01/2023 01:30,0.0
06/01/2023 02:00,0.0
06/01/2023 02:30,0.0
06/01/2023 03:00,0.0
06/01/2023 03:30,0.0
06/01/2023 04:00,0.0
06/01/2023 04:30,0.0
06/01/2023 05:00,0.0
06/01/2023 05:30,0.0
06/01/2023 06:00,0.0
06/01/2023 06:30,0.0
06/01/2023 07:00,0.0
06/01/2023 07:30,0.0
06/01/2023 08:00,0.0
06/01/2023 08:30,0.0
06/01/2023 09:00,0.0
06/01/2023 09:30,0.0
06/01/2023 10:00,0.0
06/01/2023 10:30,0.0
06/01/2023 11:00,0.0
06/01/2023 11:30,0.0
06/01/2023 12:00,0.0
06/01/2023 12:30,0.0
06/01/2023 13:00,0.0
06/01/2023 13:30,0.0
06/01/2023 14:00,0.0
06/01/2023 14:30,0.0
06/01/2023 15:00,0.0
06/01/2023 15:30,0.0
06/01/2023 16:00,0.0
06/01/2023 16:30,0.0
06/01/2023 17:00,0.0
06/01/2023 17:30,0.0
06/01/2023 18:00,0.0
06/01/2023 18:30,0.0
06/01/2023 19:00,0.0
06/01/2023 19:30,0.0
06/01/2023 20:00,0.0
06/01/2023 20:30,0.0
06/01/2023 21:00,0.0
06/01/2023 21:30,0.0
06/01/2023 22:00,0.0
06/01/2023 22:30,0.0
06/01/2023 23:00,0.0
06/01/2023 23:30,0.0
06/02/2023 00:00,0.0
06/02/2023 00:30,0.0
06/02/2023 01:00,0.0
06/02/2023 01:30,0.0
06/02/2023 02:00,0.0
06/02/2023 02:30,0.0
06/02/2023 03:00,0.0
06/02/2023 03:30,0.0
06/02/2023 04:00,0.0
06/02/2023 04:30,0.0
06/02/2023 05:00,0.0
06/02/2023 05:30,0.0
06/02/2023 06:00,0.0
06/02/2023 06:30,0.0
06/02/2023 07:00,0.0
06/02/2023 07:30,0.0
06/02/2023 08:00,0.0
06/02/2023 08:30,0.0
06/02/2023 09:00,0.0
06/02/2023 09:30,0.0
06/02/2023 10:00,0.0
06/02/2023 10:30,0.0
06/02/2023 11:00,0.0
06/02/2023 11:30,0.0
06/02/2023 12:00,0.0
06/02/2023 12:30,0.0
06/02/2023 13:00,0.0
06/02/2023 13:30,0.0
06/02/2023 14:00,0.0
06/02/2023 14:30,0.0
06/02/2023 15:00,0.0
06/02/2023 15:30,0.0
06/02/2023 16:00,0.0
06/02/2023 16:30,0.0
06/02/2023 17:00,0.0
06/02/2023 17:30,0.0
06/02/2023 18:00,0.0
06/02/2023 18:30,0.0
06/02/2023 19:00,0.0
06/02/2023 19:30,0.0
06/02/2023 20:00,0.0
06/02/2023 20:30,0.0
06/02/2023 21:00,0.0
06/02/2023 21:30,0.0
06/02/2023 22:00,0.0
06/02/2023 22:30,0.0
06/02/2023 23:00,0.0
06/02/2023 23:30,0.0
06/03/2023 00:00,0.0
06/03/2023 00:30,0.0
06/03/2023 01:00,0.0
06/03/2023 01:30,0.0
06/03/2023 02:00,0.0
06/03/2023 02:30,0.0
06/03/2023 03:00,0.0
06/03/2023 03:30,0.0
06/03/2023 04:00,0.0
06/03/2023 04:30,0.0
06/03/2023 05:00,0.0
06/03/2023 05:30,0.0
06/03/2023 06:00,0.0
06/03/2023 06:30,0.0
06/03/2023 07:00,0.0
06/03/2023 07:30,0.0
06/03/2023 08:00,0.0
06/03/2023 08:30,0.0
06/03/2023 09:00,0.0
06/03/2023 09:30,0.0
06/03/2023 10:00,0.0
06/03/2023 10:30,0.0
06/03/2023 11:00,0.0
06/03/2023 11:30,0.0
06/03/2023 12:00,0.0
06/03/2023 12:30,0.0
06/03/2023 13:00,0.0
06/03/2023 13:30,0.0
06/03/2023 14:00,0.0
06/03/2023 14:30,0.0
06/03/2023 15:00,0.0
06/03/2023 15:30,0.0
06/03/2023 16:00,0.0
06/03/2023 16:30,0.0
06/03/2023 17:00,0.0
06/03/2023 17:30,0.0
06/03/2023 18:00,0.0
06/03/2023 18:30,0.0
06/03/2023 19:00,0.0
06/03/2023 19:30,0.0
06/03/2023 20:00,0.0
06/03/2023 20:30,0.0
06/03/2023 21:00,0.0
06/03/2023 21:30,0.0
06/03/2023 22:00,0.0
06/03/2023 22:30,0.0
06/03/2023 23:00,0.0
06/03/2023 23:30,0.0
06/04/2023 00:00,0.0
06/04/2023 00:30,0.0
06/04/2023 01:00,0.0
06/04/2023 01:30,0.0
06/04/2023 02:00,0.0
06/04/2023 02:30,0.0
06/04/2023 03:00,0.0
06/04/2023 03:30,0.0
06/04/2023 04:00,0.0
06/04/2023 04:30,0.0
06/04/2023 05:00,0.0
06/04/2023 05:30,0.0
06/04/2023 06:00,0.0
06/04/2023 06:30,0.0
06/04/2023 07:00,0.0
06/04/2023 07:30,0.0
06/04/2023 08:00,0.0
06/04/2023 08:30,0.0
06/04/2023 09:00,0.0
06/04/2023 09:30,0.0
06/04/2023 10:00,0.0
06/04/2023 10:30,0.0
06/04/2023 11:00,0.0
06/04/2023 11:30,0.0
06/04/2023 12:00,0.0
06/04/2023 12:30,0.0
06/04/2023 13:00,0.0
06/04/2023 13:30,0.0
06/04/2023 14:00,0.0
06/04/2023 14:30,0.0
06/04/2023 15:00,0.0
06/04/2023 15:30,0.0
06/04/2023 16:00,0.0
06/04/2023 16:30,0.0
06/04/2023 17:00,0.0
06/04/2023 17:30,0.0
06/04/2023 18:00,0.0
06/04/2023 18:30,0.0
06/04/2023 19:00,0.0
06/04/2023 19:30,0.0
06/04/2023 20:00,0.0
06/04/2023 20:30,0.0
06/04/2023 21:00,0.0
06/04/2023 21:30,0.0
06/04/2023 22:00,0.0
06/04/2023 22:30,0.0
06/04/2023 23:00,0.0
06/04/2023 23:30,0.0
06/05/2023 00:00,0.0
06/05/2023 00:30,0.0
06/05/2023 01:00,0.0
06/05/2023 01:30,0.0
06/05/2023 02:00,0.0
06/05/2023 02:30,0.0
06/05/2023 03:00,0.0
06/05/2023 03:30,0.0
06/05/2023 04:00,0.0
06/05/2023 04:30,0.0
06/05/2023 05:00,0.0
06/05/2023 05:30,0.0
06/05/2023 06:00,0.0
06/05/2023 06:30,0.0
06/05/2023 07:00,0.0
06/05/2023 07:30,0.0
06/05/2023 08:00,0.0
06/05/2023 08:30,0.0
06/05/2023 09:00,0.0
06/05/2023 09:30,0.0
06/05/2023 10:00,0.0
06/05/2023 10:30,0.0
06/05/2023 11:00,0.0
06/05/2023 11:30,0.0
06/05/2023 12:00,0.0
06/05/2023 12:30,0.0
06/05/2023 13:00,0.0
06/05/2023 13:30,0.0
06/05/2023 14:00,0.0
06/05/2023 14:30,0.0
06/05/2023 15:00,0.0
06/05/2023 15:30,0.0
06/05/2023 16:00,0.0
06/05/2023 16:30,0.0
06/05/2023 17:00,0.0
06/05/2023 17:30,0.0
06/05/2023 18:00,0.0
06/05/2023 18:30,0.0
06/05/2023 19:00,0.0
06/05/2023 19:30,0.0
06/05/2023 20:00,0.0
06/05/2023 20:30,0.0
06/05/2023 21:00,0.0
06/05/2023 21:30,0.0
06/05/2023 22:00,0.0
06/05/2023 22:30,0.0
06/05/2023 23:00,0.0
06/05/2023 23:30,0.0
06/06/2023 00:00,0.0
06/06/2023 00:30,0.0
06/06/2023 01:00,0.0
06/06/2023 01:30,0.0
06/06/2023 02:00,0.0
06/06/2023 02:30,0.0
06/06/2023 03:00,0.0
06/06/2023 03:30,0.0
06/06/2023 04:00,0.0
06/06/2023 04:30,0.0
06/06/2023 05:00,0.0
06/06/2023 05:30,0.0
06/06/2023 06:00,0.0
06/06/2023 06:30,0.0
06/06/2023 07:00,0.0
06/06/2023 07:30,0.0
06/06/2023 08:00,0.0
06/06/2023 08:30,0.0
06/06/2023 09:00,0.0
06/06/2023 09:30,0.0
06/06/2023 10:00,0.0
06/06/2023 10:30,0.0
06/06/2023 11:00,0.0
06/06/2023 11:30,0.0
06/06/2023 12:00,0.0
06/06/2023 12:30,0.0
06/06/2023 13:00,0.0
06/06/2023 13:30,0.0
06/06/2023 14:00,0.0
06/06/2023 14:30,0.0
06/06/2023 15:00,0.0
06/06/2023 15:30,0.0
06/06/2023 16:00,0.0
06/06/2023 16:30,0.0
06/06/2023 17:00,0.0
06/06/2023 17:30,0.0
06/06/2023 18:00,0.0
06/06/2023 18:30,0.0
06/06/2023 19:00,0.0
06/06/2023 19:30,0.0
06/06/2023 20:00,0.0
06/06/2023 20:30,0.0
06/06/2023 21:00,0.0
06/06/2023 21:30,0.0
06/06/2023 22:00,0.0
06/06/2023 22:30,0.0
06/06/2023 23:00,0.0
06/06/2023 23:30,0.0
06/07/2023 00:00,0.0
06/07/2023 00:30,0.0
06/07/2023 01:00,0.0
06/07/2023 01:30,0.0
06/07/2023 02:00,0.0
06/07/2023 02:30,0.0
06/07/2023 03:00,0.0
06/07/2023 03:30,0.0
06/07/2023 04:00,0.0
06/07/2023 04:30,0.0
06/07/2023 05:00,0.0
06/07/2023 05:30,0.0
06/07/2023 06:00,0.0
06/07/2023 06:30,0.0
06/07/2023 07:00,0.0
06/07/2023 07:30,0.0
06/07/2023 08:00,0.0
06/07/2023 08:30,0.0
06/07/2023 09:00,0.0
06/07/2023 09:30,0.0
06/07/2023 10:00,0.0
06/07/2023 10:30,0.0
06/07/2023 11:00,0.0
06/07/2023 11:30,0.0
06/07/2023 12:00,0.0
06/07/2023 12:30,0.0
06/07/2023 13:00,0.0
06/07/2023 13:30,0.0
06/07/2023 14:00,0.0
06/07/2023 14:30,0.0
06/07/2023 15:00,0.0
06/07/2023 15:30,0.0
06/07/2023 16:00,0.0
06/07/2023 16:30,0.0
06/07/2023 17:00,0.0
06/07/2023 17:30,0.0
06/07/2023 18:00,0.0
06/07/2023 18:30,0.0
06/07/2023 19:00,0.0
06/07/2023 19:30,0.0
06/07/2023 20:00,0.0
06/07/2023 20:30,0.0
06/07/2023 21:00,0.0
06/07/2023 21:30,0.0
06/07/2023 22:00,0.0
06/07/2023 22:30,0.0
06/07/2023 23:00,0.0
06/07/2023 23:30,0.0
06/08/2023 00:00,0.0
06/08/2023 00:00,0.0
06/08/2023 00:30,0.0
06/08/2023 00:30,0.0
06/08/2023 01:00,0.0
06/08/2023 01:00,0.0
06/08/2023 01:30,0.0
06/08/2023 01:30,0.0
06/08/2023 02:00,0.0
06/08/2023 02:00,0.0
06/08/2023 02:30,0.0
06/08/2023 02:30,0.0
06/08/2023 03:00,0.0
06/08/2023 03:00,0.0
06/08/2023 03:30,0.0
06/08/2023 03:30,0.0
06/08/2023 04:00,0.0
06/08/2023 04:00,0.0
06/08/2023 04:30,0.0
06/08/2023 04:30,0.0
06/08/2023 05:00,0.0
06/08/2023 05:00,0.0
06/08/2023 05:30,0.0
06/08/2023 05:30,0.0
06/08/2023 06:00,0.0
06/08/2023 06:00,0.0
06/08/2023 06:30,0.0
06/08/2023 06:30,0.0
06/08/2023 07:00,0.0
06/08/2023 07:00,0.0
06/08/2023 07:30,0.0
06/08/2023 07:30,0.0
06/08/2023 08:00,0.0
06/08/2023 08:00,0.0
06/08/2023 08:30,0.0
06/08/2023 08:30,0.0
06/08/2023 09:00,0.0
06/08/2023 09:00,0.0
06/08/2023 09:30,0.0
06/08/2023 09:30,0.0
06/08/2023 10:00,0.0
06/08/2023 10:00,0.0
06/08/2023 10:30,0.0
06/08/2023 10:30,0.0
06/08/2023 11:00,0.0
06/08/2023 11:00,0.0
06/08/2023 11:30,0.0
06/08/2023 11:30,0.0
06/08/2023 12:00,0.0
06/08/2023 12:00,0.0
06/08/2023 12:30,0.0
06/08/2023 12:30,0.0
06/08/2023 13:00,0.0
06/08/2023 13:00,0.0
06/08/2023 13:30,0.0
06/08/2023 13:30,0.0
06/08/2023 14:00,0.0
06/08/2023 14:00,0.0
06/08/2023 14:30,0.0
06/08/2023 14:30,0.0
06/08/2023 15:00,0.0
06/08/2023 15:00,0.0
06/08/2023 15:30,0.0
06/08/2023 15:30,0.0
06/08/2023 16:00,0.0
06/08/2023 16:00,0.0
06/08/2023 16:30,0.0
06/08/2023 16:30,0.0
06/08/2023 17:00,0.0
06/08/2023 17:00,0.0
06/08/2023 17:30,0.0
06/08/2023 17:30,0.0
06/08/2023 18:00,0.0
06/08/2023 18:00,0.0
06/08/2023 18:30,0.0
06/08/2023 18:30,0.0
06/08/2023 19:00,0.0
06/08/2023 19:00,0.0
06/08/2023 19:30,0.0
06/08/2023 19:30,0.0
06/08/2023 20:00,0.0
06/08/2023 20:00,0.0
06/08/2023 20:30,0.0
06/08/2023 20:30,0.0
06/08/2023 21:00,0.0
06/08/2023 21:00,0.0
06/08/2023 21:30,0.0
06/08/2023 21:30,0.0
06/08/2023 22:00,0.0
06/08/2023 22:00,0.0
06/08/2023 22:30,0.0
06/08/2023 22:30,0.0
06/08/2023 23:00,0.0
06/08/2023 23:00,0.0
06/08/2023 23:30,0.0
06/08/2023 23:30,0.0
06/09/2023 00:00,0.0
06/09/2023 00:00,0.0
06/09/2023 00:00,0.0
06/09/2023 00:00,0.0
06/09/2023 00:00,0.0
06/09/2023 00:00,0.0
06/09/2023 00:30,0.0
06/09/2023 00:30,0.0
06/09/2023 00:30,0.0
06/09/2023 00:30,0.0
06/09/2023 00:30,0.0
06/09/2023 00:30,0.0
06/09/2023 01:00,0.0
06/09/2023 01:00,0.0
06/09/2023 01:00,0.0
06/09/2023 01:00,0.0
06/09/2023 01:00,0.0
06/09/2023 01:00,0.0
06/09/2023 01:30,0.0
06/09/2023 01:30,0.0
06/09/2023 01:30,0.0
06/09/2023 01:30,0.0
06/09/2023 01:30,0.0
06/09/2023 01:30,0.0
06/09/2023 02:00,0.0
06/09/2023 02:00,0.0
06/09/2023 02:00,0.0
06/09/2023 02:00,0.0
06/09/2023 02:00,0.0
06/09/2023 02:00,0.0
06/09/2023 02:30,0.0
06/09/2023 02:30,0.0
06/09/2023 02:30,0.0
06/09/2023 02:30,0.0
06/09/2023 02:30,0.0
06/09/2023 02:30,0.0
06/09/2023 03:00,0.0
06/09/2023 03:00,0.0
06/09/2023 03:00,0.0
06/09/2023 03:00,0.0
06/09/2023 03:00,0.0
06/09/2023 03:00,0.0
06/09/2023 03:30,0.0
06/09/2023 03:30,0.0
06/09/2023 03:30,0.0
06/09/2023 03:30,0.0
06/09/2023 03:30,0.0
06/09/2023 03:30,0.0
06/09/2023 04:00,0.0
06/09/2023 04:00,0.0
06/09/2023 04:00,0.0
06/09/2023 04:00,0.0
06/09/2023 04:00,0.0
06/09/2023 04:00,0.0
06/09/2023 04:30,0.0
06/09/2023 04:30,0.0
06/09/2023 04:30,0.0
06/09/2023 04:30,0.0
06/09/2023 04:30,0.0
06/09/2023 04:30,0.0
06/09/2023 05:00,0.0
06/09/2023 05:00,0.0
06/09/2023 05:00,0.0
06/09/2023 05:00,0.0
06/09/2023 05:00,0.0
06/09/2023 05:00,0.0
06/09/2023 05:30,0.0
06/09/2023 05:30,0.0
06/09/2023 05:30,0.0
06/09/2023 05:30,0.0
06/09/2023 05:30,0.0
06/09/2023 05:30,0.0
06/09/2023 06:00,0.0
06/09/2023 06:00,0.0
06/09/2023 06:00,0.0
06/09/2023 06:00,0.0
06/09/2023 06:00,0.0
06/09/2023 06:00,0.0
06/09/2023 06:30,0.0
06/09/2023 06:30,0.0
06/09/2023 06:30,0.0
06/09/2023 06:30,0.0
06/09/2023 06:30,0.0
06/09/2023 06:30,0.0
06/09/2023 07:00,0.0
06/09/2023 07:00,0.0
06/09/2023 07:00,0.0
06/09/2023 07:00,0.0
06/09/2023 07:00,0.0
06/09/2023 07:00,0.0
06/09/2023 07:30,0.0
06/09/2023 07:30,0.0
06/09/2023 07:30,0.0
06/09/2023 07:30,0.0
06/09/2023 07:30,0.0
06/09/2023 07:30,0.0
06/09/2023 08:00,0.0
06/09/2023 08:00,0.0
06/09/2023 08:00,0.0
06/09/2023 08:00,0.0
06/09/2023 08:00,0.0
06/09/2023 08:00,0.0
06/09/2023 08:30,0.0
06/09/2023 08:30,0.0
06/09/2023 08:30,0.0
06/09/2023 08:30,0.0
06/09/2023 08:30,0.0
06/09/2023 08:30,0.0
06/09/2023 09:00,0.0
06/09/2023 09:00,0.0
06/09/2023 09:00,0.0
06/09/2023 09:00,0.0
06/09/2023 09:00,0.0
06/09/2023 09:00,0.0
06/09/2023 09:30,0.0
06/09/2023 09:30,0.0
06/09/2023 09:30,0.0
06/09/2023 09:30,0.0
06/09/2023 09:30,0.0
06/09/2023 09:30,0.0
06/09/2023 10:00,0.0
06/09/2023 10:00,0.0
06/09/2023 10:00,0.0
06/09/2023 10:00,0.0
06/09/2023 10:00,0.0
06/09/2023 10:00,0.0
06/09/2023 10:30,0.0
06/09/2023 10:30,0.0
06/09/2023 10:30,0.0
06/09/2023 10:30,0.0
06/09/2023 10:30,0.0
06/09/2023 10:30,0.0
06/09/2023 11:00,0.0
06/09/2023 11:00,0.0
06/09/2023 11:00,0.0
06/09/2023 11:00,0.0
06/09/2023 11:00,0.0
06/09/2023 11:00,0.0
06/09/2023 11:30,0.0
06/09/2023 11:30,0.0
06/09/2023 11:30,0.0
06/09/2023 11:30,0.0
06/09/2023 11:30,0.0
06/09/2023 11:30,0.0
06/09/2023 12:00,0.0
06/09/2023 12:00,0.0
06/09/2023 12:00,0.0
06/09/2023 12:00,0.0
06/09/2023 12:00,0.0
06/09/2023 12:00,0.0
06/09/2023 12:30,0.0
06/09/2023 12:30,0.0
06/09/2023 12:30,0.0
06/09/2023 12:30,0.0
06/09/2023 12:30,0.0
06/09/2023 12:30,0.0
06/09/2023 13:00,0.0
06/09/2023 13:00,0.0
06/09/2023 13:00,0.0
06/09/2023 13:00,0.0
06/09/2023 13:00,0.0
06/09/2023 13:00,0.0
06/09/2023 13:30,0.0
06/09/2023 13:30,0.0
06/09/2023 13:30,0.0
06/09/2023 13:30,0.0
06/09/2023 13:30,0.0
06/09/2023 13:30,0.0
06/09/2023 14:00,0.0
06/09/2023 14:00,0.0
06/09/2023 14:00,0.0
06/09/2023 14:00,0.0
06/09/2023 14:00,0.0
06/09/2023 14:00,0.0
06/09/2023 14:30,0.0
06/09/2023 14:30,0.0
06/09/2023 14:30,0.0
06/09/2023 14:30,0.0
06/09/2023 14:30,0.0
06/09/2023 14:30,0.0
06/09/2023 15:00,0.0
06/09/2023 15:00,0.0
06/09/2023 15:00,0.0
06/09/2023 15:00,0.0
06/09/2023 15:00,0.0
06/09/2023 15:00,0.0
06/09/2023 15:30,0.0
06/09/2023 15:30,0.0
06/09/2023 15:30,0.0
06/09/2023 15:30,0.0
06/09/2023 15:30,0.0
06/09/2023 15:30,0.0
06/09/2023 16:00,0.0
06/09/2023 16:00,0.0
06/09/2023 16:00,0.0
06/09/2023 16:00,0.0
06/09/2023 16:00,0.0
06/09/2023 16:00,0.0
06/09/2023 16:30,0.0
06/09/2023 16:30,0.0
06/09/2023 16:30,0.0
06/09/2023 16:30,0.0
06/09/2023 16:30,0.0
06/09/2023 16:30,0.0
06/09/2023 17:00,0.0
06/09/2023 17:00,0.0
06/09/2023 17:00,0.0
06/09/2023 17:00,0.0
06/09/2023 17:00,0.0
06/09/2023 17:00,0.0
06/09/2023 17:30,0.0
06/09/2023 17:30,0.0
06/09/2023 17:30,0.0
06/09/2023 17:30,0.0
06/09/2023 17:30,0.0
06/09/2023 17:30,0.0
06/09/2023 18:00,0.0
06/09/2023 18:00,0.0
06/09/2023 18:00,0.0
06/09/2023 18:00,0.0
06/09/2023 18:00,0.0
06/09/2023 18:00,0.0
06/09/2023 18:30,0.0
06/09/2023 18:30,0.0
06/09/2023 18:30,0.0
06/09/2023 18:30,0.0
06/09/2023 18:30,0.0
06/09/2023 18:30,0.0
06/09/2023 19:00,0.0
06/09/2023 19:00,0.0
06/09/2023 19:00,0.0
06/09/2023 19:00,0.0
06/09/2023 19:00,0.0
06/09/2023 19:00,0.0
06/09/2023 19:30,0.0
06/09/2023 19:30,0.0
06/09/2023 19:30,0.0
06/09/2023 19:30,0.0
06/09/2023 19:30,0.0
06/09/2023 19:30,0.0
06/09/2023 20:00,0.0
06/09/2023 20:00,0.0
06/09/2023 20:00,0.0
06/09/2023 20:00,0.0
06/09/2023 20:00,0.0
06/09/2023 20:00,0.0
06/09/2023 20:30,0.0
06/09/2023 20:30,0.0
06/09/2023 20:30,0.0
06/09/2023 20:30,0.0
06/09/2023 20:30,0.0
06/09/2023 20:30,0.0
06/09/2023 21:00,0.0
06/09/2023 21:00,0.0
06/09/2023 21:00,0.0
06/09/2023 21:00,0.0
06/09/2023 21:00,0.0
06/09/2023 21:00,0.0
06/09/2023 21:30,0.0
06/09/2023 21:30,0.0
06/09/2023 21:30,0.0
06/09/2023 21:30,0.0
06/09/2023 21:30,0.0
06/09/2023 21:30,0.0
06/09/2023 22:00,0.0
06/09/2023 22:00,0.0
06/09/2023 22:00,0.0
06/09/2023 22:00,0.0
06/09/2023 22:00,0.0
06/09/2023 22:00,0.0
06/09/2023 22:30,0.0
06/09/2023 22:30,0.0
06/09/2023 22:30,0.0
06/09/2023 22:30,0.0
06/09/2023 22:30,0.0
06/09/2023 22:30,0.0
06/09/2023 23:00,0.0
06/09/2023 23:00,0.0
06/09/2023 23:00,0.0
06/09/2023 23:00,0.0
06/09/2023 23:00,0.0
06/09/2023 23:00,0.0
06/09/2023 23:30,0.0
06/09/2023 23:30,0.0
06/09/2023 23:30,0.0
06/09/2023 23:30,0.0
06/09/2023 23:30,0.0
06/09/2023 23:30,0.0
06/10/2023 00:00,90.125
06/10/2023 00:00,94.149
06/10/2023 00:00,94.149
06/10/2023 00:00,50.313
06/10/2023 00:00,84.007
06/10/2023 00:00,4.01
06/10/2023 00:30,84.007
06/10/2023 00:30,4.01
06/10/2023 00:30,94.149
06/10/2023 00:30,90.125
06/10/2023 00:30,94.149
06/10/2023 00:30,50.313
06/10/2023 01:00,84.007
06/10/2023 01:00,4.01
06/10/2023 01:00,94.149
06/10/2023 01:00,90.125
06/10/2023 01:00,50.313
06/10/2023 01:00,94.149
06/10/2023 01:30,94.149
06/10/2023 01:30,94.149
06/10/2023 01:30,84.007
06/10/2023 01:30,50.313
06/10/2023 01:30,4.01
06/10/2023 01:30,90.125
06/10/2023 02:00,94.149
06/10/2023 02:00,4.01
06/10/2023 02:00,50.313
06/10/2023 02:00,94.149
06/10/2023 02:00,90.125
06/10/2023 02:00,84.007
06/10/2023 02:30,50.313
06/10/2023 02:30,94.149
06/10/2023 02:30,90.125
06/10/2023 02:30,4.01
06/10/2023 02:30,94.149
06/10/2023 02:30,84.007
06/10/2023 03:00,50.313
06/10/2023 03:00,4.01
06/10/2023 03:00,94.149
06/10/2023 03:00,90.125
06/10/2023 03:00,94.149
06/10/2023 03:00,84.007
06/10/2023 03:30,4.01
06/10/2023 03:30,90.125
06/10/2023 03:30,50.313
06/10/2023 03:30,94.149
06/10/2023 03:30,94.149
06/10/2023 03:30,84.007
06/10/2023 04:00,90.125
06/10/2023 04:00,84.007
06/10/2023 04:00,50.313
06/10/2023 04:00,94.149
06/10/2023 04:00,94.149
06/10/2023 04:00,4.01
06/10/2023 04:30,94.149
06/10/2023 04:30,90.125
06/10/2023 04:30,84.007
06/10/2023 04:30,50.313
06/10/2023 04:30,94.149
06/10/2023 04:30,4.01
06/10/2023 05:00,84.007
06/10/2023 05:00,50.313
06/10/2023 05:00,94.149
06/10/2023 05:00,90.125
06/10/2023 05:00,94.149
06/10/2023 05:00,4.01
06/10/2023 05:30,94.149
06/10/2023 05:30,84.007
06/10/2023 05:30,50.313
06/10/2023 05:30,94.149
06/10/2023 05:30,4.01
06/10/2023 05:30,90.125
06/10/2023 06:00,94.149
06/10/2023 06:00,4.01
06/10/2023 06:00,84.007
06/10/2023 06:00,94.149
06/10/2023 06:00,50.313
06/10/2023 06:00,90.125
06/10/2023 06:30,84.007
06/10/2023 06:30,50.313
06/10/2023 06:30,94.149
06/10/2023 06:30,90.125
06/10/2023 06:30,4.01
06/10/2023 06:30,94.149
06/10/2023 07:00,4.01
06/10/2023 07:00,90.125
06/10/2023 07:00,84.007
06/10/2023 07:00,50.313
06/10/2023 07:00,94.149
06/10/2023 07:00,94.149
06/10/2023 07:30,94.149
06/10/2023 07:30,4.01
06/10/2023 07:30,50.313
06/10/2023 07:30,90.125
06/10/2023 07:30,94.149
06/10/2023 07:30,84.007
06/10/2023 08:00,94.149
06/10/2023 08:00,4.01
06/10/2023 08:00,84.007
06/10/2023 08:00,94.149
06/10/2023 08:00,90.125
06/10/2023 08:00,50.313
06/10/2023 08:30,4.01
06/10/2023 08:30,94.149
06/10/2023 08:30,90.125
06/10/2023 08:30,50.313
06/10/2023 08:30,94.149
06/10/2023 08:30,84.007
06/10/2023 09:00,84.007
06/10/2023 09:00,90.125
06/10/2023 09:00,4.01
06/10/2023 09:00,50.313
06/10/2023 09:00,94.149
06/10/2023 09:00,94.149
06/10/2023 09:30,94.149
06/10/2023 09:30,4.01
06/10/2023 09:30,94.149
06/10/2023 09:30,84.007
06/10/2023 09:30,50.313
06/10/2023 09:30,90.125
06/10/2023 10:00,4.01
06/10/2023 10:00,94.149
06/10/2023 10:00,90.125
06/10/2023 10:00,94.149
06/10/2023 10:00,50.313
06/10/2023 10:00,84.007
06/10/2023 10:30,94.149
06/10/2023 10:30,94.149
06/10/2023 10:30,4.01
06/10/2023 10:30,50.313
06/10/2023 10:30,84.007
06/10/2023 10:30,90.125
06/10/2023 11:00,84.007
06/10/2023 11:00,94.149
06/10/2023 11:00,50.313
06/10/2023 11:00,90.125
06/10/2023 11:00,4.01
06/10/2023 11:00,94.149
06/10/2023 11:30,50.313
06/10/2023 11:30,4.01
06/10/2023 11:30,84.007
06/10/2023 11:30,94.149
06/10/2023 11:30,90.125
06/10/2023 11:30,94.149
06/10/2023 12:00,84.007
06/10/2023 12:00,94.149
06/10/2023 12:00,90.125
06/10/2023 12:00,50.313
06/10/2023 12:00,4.01
06/10/2023 12:00,94.149
06/10/2023 12:30,94.149
06/10/2023 12:30,90.125
06/10/2023 12:30,50.313
06/10/2023 12:30,4.01
06/10/2023 12:30,84.007
06/10/2023 12:30,94.149
06/10/2023 13:00,50.313
06/10/2023 13:00,94.149
06/10/2023 13:00,94.149
06/10/2023 13:00,4.01
06/10/2023 13:00,84.007
06/10/2023 13:00,90.125
06/10/2023 13:30,94.149
06/10/2023 13:30,4.01
06/10/2023 13:30,84.007
06/10/2023 13:30,50.313
06/10/2023 13:30,90.125
06/10/2023 13:30,94.149
06/10/2023 14:00,94.149
06/10/2023 14:00,90.125
06/10/2023 14:00,94.149
06/10/2023 14:00,50.313
06/10/2023 14:00,84.007
06/10/2023 14:00,4.01
06/10/2023 14:30,94.149
06/10/2023 14:30,50.313
06/10/2023 14:30,84.007
06/10/2023 14:30,4.01
06/10/2023 14:30,94.149
06/10/2023 14:30,90.125
06/10/2023 15:00,50.313
06/10/2023 15:00,94.149
06/10/2023 15:00,90.125
06/10/2023 15:00,84.007
06/10/2023 15:00,94.149
06/10/2023 15:00,4.01
06/10/2023 15:30,4.01
06/10/2023 15:30,90.125
06/10/2023 15:30,84.007
06/10/2023 15:30,94.149
06/10/2023 15:30,94.149
06/10/2023 15:30,50.313
06/10/2023 16:00,84.007
06/10/2023 16:00,94.149
06/10/2023 16:00,50.313
06/10/2023 16:00,4.01
06/10/2023 16:00,94.149
06/10/2023 16:00,90.125
06/10/2023 16:30,4.01
06/10/2023 16:30,50.313
06/10/2023 16:30,94.149
06/10/2023 16:30,90.125
06/10/2023 16:30,84.007
06/10/2023 16:30,94.149
06/10/2023 17:00,94.149
06/10/2023 17:00,4.01
06/10/2023 17:00,90.125
06/10/2023 17:00,50.313
06/10/2023 17:00,94.149
06/10/2023 17:00,84.007
06/10/2023 17:30,90.125
06/10/2023 17:30,94.149
06/10/2023 17:30,4.01
06/10/2023 17:30,94.149
06/10/2023 17:30,84.007
06/10/2023 17:30,50.313
06/10/2023 18:00,94.149
06/10/2023 18:00,50.313
06/10/2023 18:00,90.125
06/10/2023 18:00,84.007
06/10/2023 18:00,4.01
06/10/2023 18:00,94.149
06/10/2023 18:30,84.007
06/10/2023 18:30,50.313
06/10/2023 18:30,94.149
06/10/2023 18:30,4.01
06/10/2023 18:30,90.125
06/10/2023 18:30,94.149
06/10/2023 19:00,50.313
06/10/2023 19:00,90.125
06/10/2023 19:00,94.149
06/10/2023 19:00,94.149
06/10/2023 19:00,4.01
06/10/2023 19:00,84.007
06/10/2023 19:30,84.007
06/10/2023 19:30,94.149
06/10/2023 19:30,90.125
06/10/2023 19:30,50.313
06/10/2023 19:30,94.149
06/10/2023 19:30,4.01
06/10/2023 20:00,84.007
06/10/2023 20:00,94.149
06/10/2023 20:00,90.125
06/10/2023 20:00,50.313
06/10/2023 20:00,4.01
06/10/2023 20:00,94.149
06/10/2023 20:30,4.01
06/10/2023 20:30,90.125
06/10/2023 20:30,84.007
06/10/2023 20:30,50.313
06/10/2023 20:30,94.149
06/10/2023 20:30,94.149
06/10/2023 21:00,84.007
06/10/2023 21:00,94.149
06/10/2023 21:00,50.313
06/10/2023 21:00,94.149
06/10/2023 21:00,90.125
06/10/2023 21:00,4.01
06/10/2023 21:30,84.007
06/10/2023 21:30,4.01
06/10/2023 21:30,50.313
06/10/2023 21:30,94.149
06/10/2023 21:30,90.125
06/10/2023 21:30,94.149
06/10/2023 22:00,50.313
06/10/2023 22:00,84.007
06/10/2023 22:00,4.01
06/10/2023 22:00,90.125
06/10/2023 22:00,94.149
06/10/2023 22:00,94.149
06/10/2023 22:30,50.313
06/10/2023 22:30,4.01
06/10/2023 22:30,90.125
06/10/2023 22:30,94.149
06/10/2023 22:30,84.007
06/10/2023 22:30,94.149
06/10/2023 23:00,90.125
06/10/2023 23:00,4.01
06/10/2023 23:00,94.149
06/10/2023 23:00,94.149
06/10/2023 23:00,84.007
06/10/2023 23:00,50.313
06/10/2023 23:30,94.149
06/10/2023 23:30,4.01
06/10/2023 23:30,94.149
06/10/2023 23:30,84.007
06/10/2023 23:30,50.313
06/10/2023 23:30,90.125
06/11/2023 00:00,53.135
06/11/2023 00:00,56.06
06/11/2023 00:00,61.899
06/11/2023 00:00,67.984
06/11/2023 00:30,53.135
06/11/2023 00:30,67.984
06/11/2023 00:30,56.06
06/11/2023 00:30,61.899
06/11/2023 01:00,61.899
06/11/2023 01:00,53.135
06/11/2023 01:00,67.984
06/11/2023 01:00,56.06
06/11/2023 01:30,61.899
06/11/2023 01:30,53.135
06/11/2023 01:30,56.06
06/11/2023 01:30,67.984
06/11/2023 02:00,56.06
06/11/2023 02:00,67.984
06/11/2023 02:00,61.899
06/11/2023 02:00,53.135
06/11/2023 02:30,67.984
06/11/2023 02:30,61.899
06/11/2023 02:30,53.135
06/11/2023 02:30,56.06
06/11/2023 03:00,67.984
06/11/2023 03:00,61.899
06/11/2023 03:00,53.135
06/11/2023 03:00,56.06
06/11/2023 03:30,56.06
06/11/2023 03:30,61.899
06/11/2023 03:30,67.984
06/11/2023 03:30,53.135
06/11/2023 04:00,61.899
06/11/2023 04:00,53.135
06/11/2023 04:00,56.06
06/11/2023 04:00,67.984
06/11/2023 04:30,53.135
06/11/2023 04:30,67.984
06/11/2023 04:30,56.06
06/11/2023 04:30,61.899
06/11/2023 05:00,56.06
06/11/2023 05:00,53.135
06/11/2023 05:00,61.899
06/11/2023 05:00,67.984
06/11/2023 05:30,56.06
06/11/2023 05:30,53.135
06/11/2023 05:30,67.984
06/11/2023 05:30,61.899
06/11/2023 06:00,53.135
06/11/2023 06:00,67.984
06/11/2023 06:00,61.899
06/11/2023 06:00,56.06
06/11/2023 06:30,67.984
06/11/2023 06:30,61.899
06/11/2023 06:30,56.06
06/11/2023 06:30,53.135
06/11/2023 07:00,61.899
06/11/2023 07:00,53.135
06/11/2023 07:00,67.984
06/11/2023 07:00,56.06
06/11/2023 07:30,56.06
06/11/2023 07:30,67.984
06/11/2023 07:30,53.135
06/11/2023 07:30,61.899
06/11/2023 08:00,56.06
06/11/2023 08:00,53.135
06/11/2023 08:00,61.899
06/11/2023 08:00,67.984
06/11/2023 08:30,53.135
06/11/2023 08:30,67.984
06/11/2023 08:30,56.06
06/11/2023 08:30,61.899
06/11/2023 09:00,61.899
06/11/2023 09:00,53.135
06/11/2023 09:00,67.984
06/11/2023 09:00,56.06
06/11/2023 09:30,67.984
06/11/2023 09:30,53.135
06/11/2023 09:30,61.899
06/11/2023 09:30,56.06
06/11/2023 10:00,67.984
06/11/2023 10:00,61.899
06/11/2023 10:00,53.135
06/11/2023 10:00,56.06
06/11/2023 10:30,61.899
06/11/2023 10:30,56.06
06/11/2023 10:30,53.135
06/11/2023 10:30,67.984
06/11/2023 11:00,61.899
06/11/2023 11:00,53.135
06/11/2023 11:00,56.06
06/11/2023 11:00,67.984
06/11/2023 11:30,61.899
06/11/2023 11:30,67.984
06/11/2023 11:30,53.135
06/11/2023 11:30,56.06
06/11/2023 12:00,53.135
06/11/2023 12:00,56.06
06/11/2023 12:00,67.984
06/11/2023 12:00,61.899
06/11/2023 12:30,56.06
06/11/2023 12:30,53.135
06/11/2023 12:30,61.899
06/11/2023 12:30,67.984
06/11/2023 13:00,53.135
06/11/2023 13:00,67.984
06/11/2023 13:00,56.06
06/11/2023 13:00,61.899
06/11/2023 13:30,56.06
06/11/2023 13:30,61.899
06/11/2023 13:30,53.135
06/11/2023 13:30,67.984
06/11/2023 14:00,67.984
06/11/2023 14:00,61.899
06/11/2023 14:00,53.135
06/11/2023 14:00,56.06
06/11/2023 14:30,67.984
06/11/2023 14:30,56.06
06/11/2023 14:30,61.899
06/11/2023 14:30,53.135
06/11/2023 15:00,67.984
06/11/2023 15:00,61.899
06/11/2023 15:00,56.06
06/11/2023 15:00,53.135
06/11/2023 15:30,67.984
06/11/2023 15:30,61.899
06/11/2023 15:30,53.135
06/11/2023 15:30,56.06
06/11/2023 16:00,53.135
06/11/2023 16:00,67.984
06/11/2023 16:00,61.899
06/11/2023 16:00,56.06
06/11/2023 16:30,56.06
06/11/2023 16:30,67.984
06/11/2023 16:30,61.899
06/11/2023 16:30,53.135
06/11/2023 17:00,56.06
06/11/2023 17:00,67.984
06/11/2023 17:00,61.899
06/11/2023 17:00,53.135
06/11/2023 17:30,67.984
06/11/2023 17:30,61.899
06/11/2023 17:30,56.06
06/11/2023 17:30,53.135
06/11/2023 18:00,53.135
06/11/2023 18:00,56.06
06/11/2023 18:00,67.984
06/11/2023 18:00,61.899
06/11/2023 18:30,53.135
06/11/2023 18:30,56.06
06/11/2023 18:30,67.984
06/11/2023 18:30,61.899
06/11/2023 19:00,53.135
06/11/2023 19:00,56.06
06/11/2023 19:00,67.984
06/11/2023 19:00,61.899
06/11/2023 19:30,67.984
06/11/2023 19:30,56.06
06/11/2023 19:30,61.899
06/11/2023 19:30,53.135
06/11/2023 20:00,53.135
06/11/2023 20:00,61.899
06/11/2023 20:00,56.06
06/11/2023 20:00,67.984
06/11/2023 20:30,56.06
06/11/2023 20:30,61.899
06/11/2023 20:30,53.135
06/11/2023 20:30,67.984
06/11/2023 21:00,67.984
06/11/2023 21:00,61.899
06/11/2023 21:00,53.135
06/11/2023 21:00,56.06
06/11/2023 21:30,67.984
06/11/2023 21:30,61.899
06/11/2023 21:30,53.135
06/11/2023 21:30,56.06
06/11/2023 22:00,53.135
06/11/2023 22:00,61.899
06/11/2023 22:00,56.06
06/11/2023 22:00,67.984
06/11/2023 22:30,56.06
06/11/2023 22:30,61.899
06/11/2023 22:30,67.984
06/11/2023 22:30,53.135
06/11/2023 23:00,56.06
06/11/2023 23:00,61.899
06/11/2023 23:00,67.984
06/11/2023 23:00,53.135
06/11/2023 23:30,61.899
06/11/2023 23:30,56.06
06/11/2023 23:30,67.984
06/11/2023 23:30,53.135
06/12/2023 00:00,34.512
06/12/2023 00:30,34.512
06/12/2023 01:00,34.512
06/12/2023 01:30,34.512
06/12/2023 02:00,34.512
06/12/2023 02:30,34.512
06/12/2023 03:00,34.512
06/12/2023 03:30,34.512
06/12/2023 04:00,34.512
06/12/2023 04:30,34.512
06/12/2023 05:00,34.512
06/12/2023 05:30,34.512
06/12/2023 06:00,34.512
06/12/2023 06:30,34.512
06/12/2023 07:00,34.512
06/12/2023 07:30,34.512
06/12/2023 08:00,34.512
06/12/2023 08:30,34.512
06/12/2023 09:00,34.512
06/12/2023 09:30,34.512
06/12/2023 10:00,34.512
06/12/2023 10:30,34.512
06/12/2023 11:00,34.512
06/12/2023 11:30,34.512
06/12/2023 12:00,34.512
06/12/2023 12:30,34.512
06/12/2023 13:00,34.512
06/12/2023 13:30,34.512
06/12/2023 14:00,34.512
06/12/2023 14:30,34.512
06/12/2023 15:00,34.512
06/12/2023 15:30,34.512
06/12/2023 16:00,34.512
06/12/2023 16:30,34.512
06/12/2023 17:00,34.512
06/12/2023 17:30,34.512
06/12/2023 18:00,34.512
06/12/2023 18:30,34.512
06/12/2023 19:00,34.512
06/12/2023 19:30,34.512
06/12/2023 20:00,34.512
06/12/2023 20:30,34.512
06/12/2023 21:00,34.512
06/12/2023 21:30,34.512
06/12/2023 22:00,34.512
06/12/2023 22:30,34.512
06/12/2023 23:00,34.512
06/12/2023 23:30,34.512
06/13/2023 00:00,25.137
06/13/2023 00:30,25.137
06/13/2023 01:00,25.137
06/13/2023 01:30,25.137
06/13/2023 02:00,25.137
06/13/2023 02:30,25.137
06/13/2023 03:00,25.137
06/13/2023 03:30,25.137
06/13/2023 04:00,25.137
06/13/2023 04:30,25.137
06/13/2023 05:00,25.137
06/13/2023 05:30,25.137
06/13/2023 06:00,25.137
06/13/2023 06:30,25.137
06/13/2023 07:00,25.137
06/13/2023 07:30,25.137
06/13/2023 08:00,25.137
06/13/2023 08:30,25.137
06/13/2023 09:00,25.137
06/13/2023 09:30,25.137
06/13/2023 10:00,25.137
06/13/2023 10:30,25.137
06/13/2023 11:00,25.137
06/13/2023 11:30,25.137
06/13/2023 12:00,25.137
06/13/2023 12:30,25.137
06/13/2023 13:00,25.137
06/13/2023 13:30,25.137
06/13/2023 14:00,25.137
06/13/2023 14:30,25.137
06/13/2023 15:00,25.137
06/13/2023 15:30,25.137
06/13/2023 16:00,25.137
06/13/2023 16:30,25.137
06/13/2023 17:00,25.137
06/13/2023 17:30,25.137
06/13/2023 18:00,25.137
06/13/2023 18:30,25.137
06/13/2023 19:00,25.137
06/13/2023 19:30,25.137
06/13/2023 20:00,25.137
06/13/2023 20:30,25.137
06/13/2023 21:00,25.137
06/13/2023 21:30,25.137
06/13/2023 22:00,25.137
06/13/2023 22:30,25.137
06/13/2023 23:00,25.137
06/13/2023 23:30,25.137
06/14/2023 00:00,20.834
06/14/2023 00:30,20.834
06/14/2023 01:00,20.834
06/14/2023 01:30,20.834
06/14/2023 02:00,20.834
06/14/2023 02:30,20.834
06/14/2023 03:00,20.834
06/14/2023 03:30,20.834
06/14/2023 04:00,20.834
06/14/2023 04:30,20.834
06/14/2023 05:00,20.834
06/14/2023 05:30,20.834
06/14/2023 06:00,20.834
06/14/2023 06:30,20.834
06/14/2023 07:00,20.834
06/14/2023 07:30,20.834
06/14/2023 08:00,20.834
06/14/2023 08:30,20.834
06/14/2023 09:00,20.834
06/14/2023 09:30,20.834
06/14/2023 10:00,20.834
06/14/2023 10:30,20.834
06/14/2023 11:00,20.834
06/14/2023 11:30,20.834
06/14/2023 12:00,20.834
06/14/2023 12:30,20.834
06/14/2023 13:00,20.834
06/14/2023 13:30,20.834
06/14/2023 14:00,20.834
06/14/2023 14:30,20.834
06/14/2023 15:00,20.834
06/14/2023 15:30,20.834
06/14/2023 16:00,20.834
06/14/2023 16:30,20.834
06/14/2023 17:00,20.834
06/14/2023 17:30,20.834
06/14/2023 18:00,20.834
06/14/2023 18:30,20.834
06/14/2023 19:00,20.834
06/14/2023 19:30,20.834
06/14/2023 20:00,20.834
06/14/2023 20:30,20.834
06/14/2023 21:00,20.834
06/14/2023 21:30,20.834
06/14/2023 22:00,20.834
06/14/2023 22:30,20.834
06/14/2023 23:00,20.834
06/14/2023 23:30,20.834
06/15/2023 00:00,18.786
06/15/2023 00:30,18.786
06/15/2023 01:00,18.786
06/15/2023 01:30,18.786
06/15/2023 02:00,18.786
06/15/2023 02:30,18.786
06/15/2023 03:00,18.786
06/15/2023 03:30,18.786
06/15/2023 04:00,18.786
06/15/2023 04:30,18.786
06/15/2023 05:00,18.786
06/15/2023 05:30,18.786
06/15/2023 06:00,18.786
06/15/2023 06:30,18.786
06/15/2023 07:00,18.786
06/15/2023 07:30,18.786
06/15/2023 08:00,18.786
06/15/2023 08:30,18.786
06/15/2023 09:00,18.786
06/15/2023 09:30,18.786
06/15/2023 10:00,18.786
06/15/2023 10:30,18.786
06/15/2023 11:00,18.786
06/15/2023 11:30,18.786
06/15/2023 12:00,18.786
06/15/2023 12:30,18.786
06/15/2023 13:00,18.786
06/15/2023 13:30,18.786
06/15/2023 14:00,18.786
06/15/2023 14:30,18.786
06/15/2023 15:00,18.786
06/15/2023 15:30,18.786
06/15/2023 16:00,18.786
06/15/2023 16:30,18.786
06/15/2023 17:00,18.786
06/15/2023 17:30,18.786
06/15/2023 18:00,18.786
06/15/2023 18:30,18.786
06/15/2023 19:00,18.786
06/15/2023 19:30,18.786
06/15/2023 20:00,18.786
06/15/2023 20:30,18.786
06/15/2023 21:00,18.786
06/15/2023 21:30,18.786
06/15/2023 22:00,18.786
06/15/2023 22:30,18.786
06/15/2023 23:00,18.786
06/15/2023 23:30,18.786
06/16/2023 00:00,14.908
06/16/2023 00:30,14.908
06/16/2023 01:00,14.908
06/16/2023 01:30,14.908
06/16/2023 02:00,14.908
06/16/2023 02:30,14.908
06/16/2023 03:00,14.908
06/16/2023 03:30,14.908
06/16/2023 04:00,14.908
06/16/2023 04:30,14.908
06/16/2023 05:00,14.908
06/16/2023 05:30,14.908
06/16/2023 06:00,14.908
06/16/2023 06:30,14.908
06/16/2023 07:00,14.908
06/16/2023 07:30,14.908
06/16/2023 08:00,14.908
06/16/2023 08:30,14.908
06/16/2023 09:00,14.908
06/16/2023 09:30,14.908
06/16/2023 10:00,14.908
06/16/2023 10:30,14.908
06/16/2023 11:00,14.908
06/16/2023 11:30,14.908
06/16/2023 12:00,14.908
06/16/2023 12:30,14.908
06/16/2023 13:00,14.908
06/16/2023 13:30,14.908
06/16/2023 14:00,14.908
06/16/2023 14:30,14.908
06/16/2023 15:00,14.908
06/16/2023 15:30,14.908
06/16/2023 16:00,14.908
06/16/2023 16:30,14.908
06/16/2023 17:00,14.908
06/16/2023 17:30,14.908
06/16/2023 18:00,14.908
06/16/2023 18:30,14.908
06/16/2023 19:00,14.908
06/16/2023 19:30,14.908
06/16/2023 20:00,14.908
06/16/2023 20:30,14.908
06/16/2023 21:00,14.908
06/16/2023 21:30,14.908
06/16/2023 22:00,14.908
06/16/2023 22:30,14.908
06/16/2023 23:00,14.908
06/16/2023 23:30,14.908
06/17/2023 00:00,11.341
06/17/2023 00:30,11.341
06/17/2023 01:00,11.341
06/17/2023 01:30,11.341
06/17/2023 02:00,11.341
06/17/2023 02:30,11.341
06/17/2023 03:00,11.341
06/17/2023 03:30,11.341
06/17/2023 04:00,11.341
06/17/2023 04:30,11.341
06/17/2023 05:00,11.341
06/17/2023 05:30,11.341
06/17/2023 06:00,11.341
06/17/2023 06:30,11.341
06/17/2023 07:00,11.341
06/17/2023 07:30,11.341
06/17/2023 08:00,11.341
06/17/2023 08:30,11.341
06/17/2023 09:00,11.341
06/17/2023 09:30,11.341
06/17/2023 10:00,11.341
06/17/2023 10:30,11.341
06/17/2023 11:00,11.341
06/17/2023 11:30,11.341
06/17/2023 12:00,11.341
06/17/2023 12:30,11.341
06/17/2023 13:00,11.341
06/17/2023 13:30,11.341
06/17/2023 14:00,11.341
06/17/2023 14:30,11.341
06/17/2023 15:00,11.341
06/17/2023 15:30,11.341
06/17/2023 16:00,11.341
06/17/2023 16:30,11.341
06/17/2023 17:00,11.341
06/17/2023 17:30,11.341
06/17/2023 18:00,11.341
06/17/2023 18:30,11.341
06/17/2023 19:00,11.341
06/17/2023 19:30,11.341
06/17/2023 20:00,11.341
06/17/2023 20:30,11.341
06/17/2023 21:00,11.341
06/17/2023 21:30,11.341
06/17/2023 22:00,11.341
06/17/2023 22:30,11.341
06/17/2023 23:00,11.341
06/17/2023 23:30,11.341
06/18/2023 00:00,8.115
06/18/2023 00:30,8.115
06/18/2023 01:00,8.115
06/18/2023 01:30,8.115
06/18/2023 02:00,8.115
06/18/2023 02:30,8.115
06/18/2023 03:00,8.115
06/18/2023 03:30,8.115
06/18/2023 04:00,8.115
06/18/2023 04:30,8.115
06/18/2023 05:00,8.115
06/18/2023 05:30,8.115
06/18/2023 06:00,8.115
06/18/2023 06:30,8.115
06/18/2023 07:00,8.115
06/18/2023 07:30,8.115
06/18/2023 08:00,8.115
06/18/2023 08:30,8.115
06/18/2023 09:00,8.115
06/18/2023 09:30,8.115
06/18/2023 10:00,8.115
06/18/2023 10:30,8.115
06/18/2023 11:00,8.115
06/18/2023 11:30,8.115
06/18/2023 12:00,8.115
06/18/2023 12:30,8.115
06/18/2023 13:00,8.115
06/18/2023 13:30,8.115
06/18/2023 14:00,8.115
06/18/2023 14:30,8.115
06/18/2023 15:00,8.115
06/18/2023 15:30,8.115
06/18/2023 16:00,8.115
06/18/2023 16:30,8.115
06/18/2023 17:00,8.115
06/18/2023 17:30,8.115
06/18/2023 18:00,8.115
06/18/2023 18:30,8.115
06/18/2023 19:00,8.115
06/18/2023 19:30,8.115
06/18/2023 20:00,8.115
06/18/2023 20:30,8.115
06/18/2023 21:00,8.115
06/18/2023 21:30,8.115
06/18/2023 22:00,8.115
06/18/2023 22:30,8.115
06/18/2023 23:00,8.115
06/18/2023 23:30,8.115
06/19/2023 00:00,6.642
06/19/2023 00:30,6.642
06/19/2023 01:00,6.642
06/19/2023 01:30,6.642
06/19/2023 02:00,6.642
06/19/2023 02:30,6.642
06/19/2023 03:00,6.642
06/19/2023 03:30,6.642
06/19/2023 04:00,6.642
06/19/2023 04:30,6.642
06/19/2023 05:00,6.642
06/19/2023 05:30,6.642
06/19/2023 06:00,6.642
06/19/2023 06:30,6.642
06/19/2023 07:00,6.642
06/19/2023 07:30,6.642
06/19/2023 08:00,6.642
06/19/2023 08:30,6.642
06/19/2023 09:00,6.642
06/19/2023 09:30,6.642
06/19/2023 10:00,6.642
06/19/2023 10:30,6.642
06/19/2023 11:00,6.642
06/19/2023 11:30,6.642
06/19/2023 12:00,6.642
06/19/2023 12:30,6.642
06/19/2023 13:00,6.642
06/19/2023 13:30,6.642
06/19/2023 14:00,6.642
06/19/2023 14:30,6.642
06/19/2023 15:00,6.642
06/19/2023 15:30,6.642
06/19/2023 16:00,6.642
06/19/2023 16:30,6.642
06/19/2023 17:00,6.642
06/19/2023 17:30,6.642
06/19/2023 18:00,6.642
06/19/2023 18:30,6.642
06/19/2023 19:00,6.642
06/19/2023 19:30,6.642
06/19/2023 20:00,6.642
06/19/2023 20:30,6.642
06/19/2023 21:00,6.642
06/19/2023 21:30,6.642
06/19/2023 22:00,6.642
06/19/2023 22:30,6.642
06/19/2023 23:00,6.642
06/19/2023 23:30,6.642
06/20/2023 00:00,4.01
06/20/2023 00:30,4.01
06/20/2023 01:00,4.01
06/20/2023 01:30,4.01
06/20/2023 02:00,4.01
06/20/2023 02:30,4.01
06/20/2023 03:00,4.01
06/20/2023 03:30,4.01
06/20/2023 04:00,4.01
06/20/2023 04:30,4.01
06/20/2023 05:00,4.01
06/20/2023 05:30,4.01
06/20/2023 06:00,4.01
06/20/2023 06:30,4.01
06/20/2023 07:00,4.01
06/20/2023 07:30,4.01
06/20/2023 08:00,4.01
06/20/2023 08:30,4.01
06/20/2023 09:00,4.01
06/20/2023 09:30,4.01
06/20/2023 10:00,4.01
06/20/2023 10:30,4.01
06/20/2023 11:00,4.01
06/20/2023 11:30,4.01
06/20/2023 12:00,4.01
06/20/2023 12:30,4.01
06/20/2023 13:00,4.01
06/20/2023 13:30,4.01
06/20/2023 14:00,4.01
06/20/2023 14:30,4.01
06/20/2023 15:00,4.01
06/20/2023 15:30,4.01
06/20/2023 16:00,4.01
06/20/2023 16:30,4.01
06/20/2023 17:00,4.01
06/20/2023 17:30,4.01
06/20/2023 18:00,4.01
06/20/2023 18:30,4.01
06/20/2023 19:00,4.01
06/20/2023 19:30,4.01
06/20/2023 20:00,4.01
06/20/2023 20:30,4.01
06/20/2023 21:00,4.01
06/20/2023 21:30,4.01
06/20/2023 22:00,4.01
06/20/2023 22:30,4.01
06/20/2023 23:00,4.01
06/20/2023 23:30,4.01
06/21/2023 00:00,4.01
06/21/2023 00:30,4.01
06/21/2023 01:00,4.01
06/21/2023 01:30,4.01
06/21/2023 02:00,4.01
06/21/2023 02:30,4.01
06/21/2023 03:00,4.01
06/21/2023 03:30,4.01
06/21/2023 04:00,4.01
06/21/2023 04:30,4.01
06/21/2023 05:00,4.01
06/21/2023 05:30,4.01
06/21/2023 06:00,4.01
06/21/2023 06:30,4.01
06/21/2023 07:00,4.01
06/21/2023 07:30,4.01
06/21/2023 08:00,4.01
06/21/2023 08:30,4.01
06/21/2023 09:00,4.01
06/21/2023 09:30,4.01
06/21/2023 10:00,4.01
06/21/2023 10:30,4.01
06/21/2023 11:00,4.01
06/21/2023 11:30,4.01
06/21/2023 12:00,4.01
06/21/2023 12:30,4.01
06/21/2023 13:00,4.01
06/21/2023 13:30,4.01
06/21/2023 14:00,4.01
06/21/2023 14:30,4.01
06/21/2023 15:00,4.01
06/21/2023 15:30,4.01
06/21/2023 16:00,4.01
06/21/2023 16:30,4.01
06/21/2023 17:00,4.01
06/21/2023 17:30,4.01
06/21/2023 18:00,4.01
06/21/2023 18:30,4.01
06/21/2023 19:00,4.01
06/21/2023 19:30,4.01
06/21/2023 20:00,4.01
06/21/2023 20:30,4.01
06/21/2023 21:00,4.01
06/21/2023 21:30,4.01
06/21/2023 22:00,4.01
06/21/2023 22:30,4.01
06/21/2023 23:00,4.01
06/21/2023 23:30,4.01
06/22/2023 00:00,2.879
06/22/2023 00:30,2.879
06/22/2023 01:00,2.879
06/22/2023 01:30,2.879
06/22/2023 02:00,2.879
06/22/2023 02:30,2.879
06/22/2023 03:00,2.879
06/22/2023 03:30,2.879
06/22/2023 04:00,2.879
06/22/2023 04:30,2.879
06/22/2023 05:00,2.879
06/22/2023 05:30,2.879
06/22/2023 06:00,2.879
06/22/2023 06:30,2.879
06/22/2023 07:00,2.879
06/22/2023 07:30,2.879
06/22/2023 08:00,2.879
06/22/2023 08:30,2.879
06/22/2023 09:00,2.879
06/22/2023 09:30,2.879
06/22/2023 10:00,2.879
06/22/2023 10:30,2.879
06/22/2023 11:00,2.879
06/22/2023 11:30,2.879
06/22/2023 12:00,2.879
06/22/2023 12:30,2.879
06/22/2023 13:00,2.879
06/22/2023 13:30,2.879
06/22/2023 14:00,2.879
06/22/2023 14:30,2.879
06/22/2023 15:00,2.879
06/22/2023 15:30,2.879
06/22/2023 16:00,2.879
06/22/2023 16:30,2.879
06/22/2023 17:00,2.879
06/22/2023 17:30,2.879
06/22/2023 18:00,2.879
06/22/2023 18:30,2.879
06/22/2023 19:00,2.879
06/22/2023 19:30,2.879
06/22/2023 20:00,2.879
06/22/2023 20:30,2.879
06/22/2023 21:00,2.879
06/22/2023 21:30,2.879
06/22/2023 22:00,2.879
06/22/2023 22:30,2.879
06/22/2023 23:00,2.879
06/22/2023 23:30,2.879
06/23/2023 00:00,4.01
06/23/2023 00:30,4.01
06/23/2023 01:00,4.01
06/23/2023 01:30,4.01
06/23/2023 02:00,4.01
06/23/2023 02:30,4.01
06/23/2023 03:00,4.01
06/23/2023 03:30,4.01
06/23/2023 04:00,4.01
06/23/2023 04:30,4.01
06/23/2023 05:00,4.01
06/23/2023 05:30,4.01
06/23/2023 06:00,4.01
06/23/2023 06:30,4.01
06/23/2023 07:00,4.01
06/23/2023 07:30,4.01
06/23/2023 08:00,4.01
06/23/2023 08:30,4.01
06/23/2023 09:00,4.01
06/23/2023 09:30,4.01
06/23/2023 10:00,4.01
06/23/2023 10:30,4.01
06/23/2023 11:00,4.01
06/23/2023 11:30,4.01
06/23/2023 12:00,4.01
06/23/2023 12:30,4.01
06/23/2023 13:00,4.01
06/23/2023 13:30,4.01
06/23/2023 14:00,4.01
06/23/2023 14:30,4.01
06/23/2023 15:00,4.01
06/23/2023 15:30,4.01
06/23/2023 16:00,4.01
06/23/2023 16:30,4.01
06/23/2023 17:00,4.01
06/23/2023 17:30,4.01
06/23/2023 18:00,4.01
06/23/2023 18:30,4.01
06/23/2023 19:00,4.01
06/23/2023 19:30,4.01
06/23/2023 20:00,4.01
06/23/2023 20:30,4.01
06/23/2023 21:00,4.01
06/23/2023 21:30,4.01
06/23/2023 22:00,4.01
06/23/2023 22:30,4.01
06/23/2023 23:00,4.01
06/23/2023 23:30,4.01
06/24/2023 00:00,2.869
06/24/2023 00:30,2.869
06/24/2023 01:00,2.869
06/24/2023 01:30,2.869
06/24/2023 02:00,2.869
06/24/2023 02:30,2.869
06/24/2023 03:00,2.869
06/24/2023 03:30,2.869
06/24/2023 04:00,2.869
06/24/2023 04:30,2.869
06/24/2023 05:00,2.869
06/24/2023 05:30,2.869
06/24/2023 06:00,2.869
06/24/2023 06:30,2.869
06/24/2023 07:00,2.869
06/24/2023 07:30,2.869
06/24/2023 08:00,2.869
06/24/2023 08:30,2.869
06/24/2023 09:00,2.869
06/24/2023 09:30,2.869
06/24/2023 10:00,2.869
06/24/2023 10:30,2.869
06/24/2023 11:00,2.869
06/24/2023 11:30,2.869
06/24/2023 12:00,2.869
06/24/2023 12:30,2.869
06/24/2023 13:00,2.869
06/24/2023 13:30,2.869
06/24/2023 14:00,2.869
06/24/2023 14:30,2.869
06/24/2023 15:00,2.869
06/24/2023 15:30,2.869
06/24/2023 16:00,2.869
06/24/2023 16:30,2.869
06/24/2023 17:00,2.869
06/24/2023 17:30,2.869
06/24/2023 18:00,2.869
06/24/2023 18:30,2.869
06/24/2023 19:00,2.869
06/24/2023 19:30,2.869
06/24/2023 20:00,2.869
06/24/2023 20:30,2.869
06/24/2023 21:00,2.869
06/24/2023 21:30,2.869
06/24/2023 22:00,2.869
06/24/2023 22:30,2.869
06/24/2023 23:00,2.869
06/24/2023 23:30,2.869
06/25/2023 00:00,2.869
06/25/2023 00:30,2.869
06/25/2023 01:00,2.869
06/25/2023 01:30,2.869
06/25/2023 02:00,2.869
06/25/2023 02:30,2.869
06/25/2023 03:00,2.869
06/25/2023 03:30,2.869
06/25/2023 04:00,2.869
06/25/2023 04:30,2.869
06/25/2023 05:00,2.869
06/25/2023 05:30,2.869
06/25/2023 06:00,2.869
06/25/2023 06:30,2.869
06/25/2023 07:00,2.869
06/25/2023 07:30,2.869
06/25/2023 08:00,2.869
06/25/2023 08:30,2.869
06/25/2023 09:00,2.869
06/25/2023 09:30,2.869
06/25/2023 10:00,2.869
06/25/2023 10:30,2.869
06/25/2023 11:00,2.869
06/25/2023 11:30,2.869
06/25/2023 12:00,2.869
06/25/2023 12:30,2.869
06/25/2023 13:00,2.869
06/25/2023 13:30,2.869
06/25/2023 14:00,2.869
06/25/2023 14:30,2.869
06/25/2023 15:00,2.869
06/25/2023 15:30,2.869
06/25/2023 16:00,2.869
06/25/2023 16:30,2.869
06/25/2023 17:00,2.869
06/25/2023 17:30,2.869
06/25/2023 18:00,2.869
06/25/2023 18:30,2.869
06/25/2023 19:00,2.869
06/25/2023 19:30,2.869
06/25/2023 20:00,2.869
06/25/2023 20:30,2.869
06/25/2023 21:00,2.869
06/25/2023 21:30,2.869
06/25/2023 22:00,2.869
06/25/2023 22:30,2.869
06/25/2023 23:00,2.869
06/25/2023 23:30,2.869
06/26/2023 00:00,1.873
06/26/2023 00:30,1.873
06/26/2023 01:00,1.873
06/26/2023 01:30,1.873
06/26/2023 02:00,1.873
06/26/2023 02:30,1.873
06/26/2023 03:00,1.873
06/26/2023 03:30,1.873
06/26/2023 04:00,1.873
06/26/2023 04:30,1.873
06/26/2023 05:00,1.873
06/26/2023 05:30,1.873
06/26/2023 06:00,1.873
06/26/2023 06:30,1.873
06/26/2023 07:00,1.873
06/26/2023 07:30,1.873
06/26/2023 08:00,1.873
06/26/2023 08:30,1.873
06/26/2023 09:00,1.873
06/26/2023 09:30,1.873
06/26/2023 10:00,1.873
06/26/2023 10:30,1.873
06/26/2023 11:00,1.873
06/26/2023 11:30,1.873
06/26/2023 12:00,1.873
06/26/2023 12:30,1.873
06/26/2023 13:00,1.873
06/26/2023 13:30,1.873
06/26/2023 14:00,1.873
06/26/2023 14:30,1.873
06/26/2023 15:00,1.873
06/26/2023 15:30,1.873
06/26/2023 16:00,1.873
06/26/2023 16:30,1.873
06/26/2023 17:00,1.873
06/26/2023 17:30,1.873
06/26/2023 18:00,1.873
06/26/2023 18:30,1.873
06/26/2023 19:00,1.873
06/26/2023 19:30,1.873
06/26/2023 20:00,1.873
06/26/2023 20:30,1.873
06/26/2023 21:00,1.873
06/26/2023 21:30,1.873
06/26/2023 22:00,1.873
06/26/2023 22:30,1.873
06/26/2023 23:00,1.873
06/26/2023 23:30,1.873
06/27/2023 00:00,1.014
06/27/2023 00:30,1.014
06/27/2023 01:00,1.014
06/27/2023 01:30,1.014
06/27/2023 02:00,1.014
06/27/2023 02:30,1.014
06/27/2023 03:00,1.014
06/27/2023 03:30,1.014
06/27/2023 04:00,1.014
06/27/2023 04:30,1.014
06/27/2023 05:00,1.014
06/27/2023 05:30,1.014
06/27/2023 06:00,1.014
06/27/2023 06:30,1.014
06/27/2023 07:00,1.014
06/27/2023 07:30,1.014
06/27/2023 08:00,1.014
06/27/2023 08:30,1.014
06/27/2023 09:00,1.014
06/27/2023 09:30,1.014
06/27/2023 10:00,1.014
06/27/2023 10:30,1.014
06/27/2023 11:00,1.014
06/27/2023 11:30,1.014
06/27/2023 12:00,1.014
06/27/2023 12:30,1.014
06/27/2023 13:00,1.014
06/27/2023 13:30,1.014
06/27/2023 14:00,1.014
06/27/2023 14:30,1.014
06/27/2023 15:00,1.014
06/27/2023 15:30,1.014
06/27/2023 16:00,1.014
06/27/2023 16:30,1.014
06/27/2023 17:00,1.014
06/27/2023 17:30,1.014
06/27/2023 18:00,1.014
06/27/2023 18:30,1.014
06/27/2023 19:00,1.014
06/27/2023 19:30,1.014
06/27/2023 20:00,1.014
06/27/2023 20:30,1.014
06/27/2023 21:00,1.014
06/27/2023 21:30,1.014
06/27/2023 22:00,1.014
06/27/2023 22:30,1.014
06/27/2023 23:00,1.014
06/27/2023 23:30,1.014
06/28/2023 00:00,0.359
06/28/2023 00:30,0.359
06/28/2023 01:00,0.359
06/28/2023 01:30,0.359
06/28/2023 02:00,0.359
06/28/2023 02:30,0.359
06/28/2023 03:00,0.359
06/28/2023 03:30,0.359
06/28/2023 04:00,0.359
06/28/2023 04:30,0.359
06/28/2023 05:00,0.359
06/28/2023 05:30,0.359
06/28/2023 06:00,0.359
06/28/2023 06:30,0.359
06/28/2023 07:00,0.359
06/28/2023 07:30,0.359
06/28/2023 08:00,0.359
06/28/2023 08:30,0.359
06/28/2023 09:00,0.359
06/28/2023 09:30,0.359
06/28/2023 10:00,0.359
06/28/2023 10:30,0.359
06/28/2023 11:00,0.359
06/28/2023 11:30,0.359
06/28/2023 12:00,0.359
06/28/2023 12:30,0.359
06/28/2023 13:00,0.359
06/28/2023 13:30,0.359
06/28/2023 14:00,0.359
06/28/2023 14:30,0.359
06/28/2023 15:00,0.359
06/28/2023 15:30,0.359
06/28/2023 16:00,0.359
06/28/2023 16:30,0.359
06/28/2023 17:00,0.359
06/28/2023 17:30,0.359
06/28/2023 18:00,0.359
06/28/2023 18:30,0.359
06/28/2023 19:00,0.359
06/28/2023 19:30,0.359
06/28/2023 20:00,0.359
06/28/2023 20:30,0.359
06/28/2023 21:00,0.359
06/28/2023 21:30,0.359
06/28/2023 22:00,0.359
06/28/2023 22:30,0.359
06/28/2023 23:00,0.359
06/28/2023 23:30,0.359
06/29/2023 00:00,0.0
06/29/2023 00:30,0.0
06/29/2023 01:00,0.0
06/29/2023 01:30,0.0
06/29/2023 02:00,0.0
06/29/2023 02:30,0.0
06/29/2023 03:00,0.0
06/29/2023 03:30,0.0
06/29/2023 04:00,0.0
06/29/2023 04:30,0.0
06/29/2023 05:00,0.0
06/29/2023 05:30,0.0
06/29/2023 06:00,0.0
06/29/2023 06:30,0.0
06/29/2023 07:00,0.0
06/29/2023 07:30,0.0
06/29/2023 08:00,0.0
06/29/2023 08:30,0.0
06/29/2023 09:00,0.0
06/29/2023 09:30,0.0
06/29/2023 10:00,0.0
06/29/2023 10:30,0.0
06/29/2023 11:00,0.0
06/29/2023 11:30,0.0
06/29/2023 12:00,0.0
06/29/2023 12:30,0.0
06/29/2023 13:00,0.0
06/29/2023 13:30,0.0
06/29/2023 14:00,0.0
06/29/2023 14:30,0.0
06/29/2023 15:00,0.0
06/29/2023 15:30,0.0
06/29/2023 16:00,0.0
06/29/2023 16:30,0.0
06/29/2023 17:00,0.0
06/29/2023 17:30,0.0
06/29/2023 18:00,0.0
06/29/2023 18:30,0.0
06/29/2023 19:00,0.0
06/29/2023 19:30,0.0
06/29/2023 20:00,0.0
06/29/2023 20:30,0.0
06/29/2023 21:00,0.0
06/29/2023 21:30,0.0
06/29/2023 22:00,0.0
06/29/2023 22:30,0.0
06/29/2023 23:00,0.0
06/29/2023 23:30,0.0
06/30/2023 00:00,0.0
06/30/2023 00:30,0.0
06/30/2023 01:00,0.0
06/30/2023 01:30,0.0
06/30/2023 02:00,0.0
06/30/2023 02:30,0.0
06/30/2023 03:00,0.0
06/30/2023 03:30,0.0
06/30/2023 04:00,0.0
06/30/2023 04:30,0.0
06/30/2023 05:00,0.0
06/30/2023 05:30,0.0
06/30/2023 06:00,0.0
06/30/2023 06:30,0.0
06/30/2023 07:00,0.0
06/30/2023 07:30,0.0
06/30/2023 08:00,0.0
06/30/2023 08:30,0.0
06/30/2023 09:00,0.0
06/30/2023 09:30,0.0
06/30/2023 10:00,0.0
06/30/2023 10:30,0.0
06/30/2023 11:00,0.0
06/30/2023 11:30,0.0
06/30/2023 12:00,0.0
06/30/2023 12:30,0.0
06/30/2023 13:00,0.0
06/30/2023 13:30,0.0
06/30/2023 14:00,0.0
06/30/2023 14:30,0.0
06/30/2023 15:00,0.0
06/30/2023 15:30,0.0
06/30/2023 16:00,0.0
06/30/2023 16:30,0.0
06/30/2023 17:00,0.0
06/30/2023 17:30,0.0
06/30/2023 18:00,0.0
06/30/2023 18:30,0.0
06/30/2023 19:00,0.0
06/30/2023 19:30,0.0
06/30/2023 20:00,0.0
06/30/2023 20:30,0.0
06/30/2023 21:00,0.0
06/30/2023 21:30,0.0
06/30/2023 22:00,0.0
06/30/2023 22:30,0.0
06/30/2023 23:00,0.0
06/30/2023 23:30,0.0
07/01/2023 00:00,1.863
07/01/2023 00:30,1.863
07/01/2023 01:00,1.863
07/01/2023 01:30,1.863
07/01/2023 02:00,1.863
07/01/2023 02:30,1.863
07/01/2023 03:00,1.863
07/01/2023 03:30,1.863
07/01/2023 04:00,1.863
07/01/2023 04:30,1.863
07/01/2023 05:00,1.863
07/01/2023 05:30,1.863
07/01/2023 06:00,1.863
07/01/2023 06:30,1.863
07/01/2023 07:00,1.863
07/01/2023 07:30,1.863
07/01/2023 08:00,1.863
07/01/2023 08:30,1.863
07/01/2023 09:00,1.863
07/01/2023 09:30,1.863
07/01/2023 10:00,1.863
07/01/2023 10:30,1.863
07/01/2023 11:00,1.863
07/01/2023 11:30,1.863
07/01/2023 12:00,1.863
07/01/2023 12:30,1.863
07/01/2023 13:00,1.863
07/01/2023 13:30,1.863
07/01/2023 14:00,1.863
07/01/2023 14:30,1.863
07/01/2023 15:00,1.863
07/01/2023 15:30,1.863
07/01/2023 16:00,1.863
07/01/2023 16:30,1.863
07/01/2023 17:00,1.863
07/01/2023 17:30,1.863
07/01/2023 18:00,1.863
07/01/2023 18:30,1.863
07/01/2023 19:00,1.863
07/01/2023 19:30,1.863
07/01/2023 20:00,1.863
07/01/2023 20:30,1.863
07/01/2023 21:00,1.863
07/01/2023 21:30,1.863
07/01/2023 22:00,1.863
07/01/2023 22:30,1.863
07/01/2023 23:00,1.863
07/01/2023 23:30,1.863
07/02/2023 00:00,2.869
07/02/2023 00:30,2.869
07/02/2023 01:00,2.869
07/02/2023 01:30,2.869
07/02/2023 02:00,2.869
07/02/2023 02:30,2.869
07/02/2023 03:00,2.869
07/02/2023 03:30,2.869
07/02/2023 04:00,2.869
07/02/2023 04:30,2.869
07/02/2023 05:00,2.869
07/02/2023 05:30,2.869
07/02/2023 06:00,2.869
07/02/2023 06:30,2.869
07/02/2023 07:00,2.869
07/02/2023 07:30,2.869
07/02/2023 08:00,2.869
07/02/2023 08:30,2.869
07/02/2023 09:00,2.869
07/02/2023 09:30,2.869
07/02/2023 10:00,2.869
07/02/2023 10:30,2.869
07/02/2023 11:00,2.869
07/02/2023 11:30,2.869
07/02/2023 12:00,2.869
07/02/2023 12:30,2.869
07/02/2023 13:00,2.869
07/02/2023 13:30,2.869
07/02/2023 14:00,2.869
07/02/2023 14:30,2.869
07/02/2023 15:00,2.869
07/02/2023 15:30,2.869
07/02/2023 16:00,2.869
07/02/2023 16:30,2.869
07/02/2023 17:00,2.869
07/02/2023 17:30,2.869
07/02/2023 18:00,2.869
07/02/2023 18:30,2.869
07/02/2023 19:00,2.869
07/02/2023 19:30,2.869
07/02/2023 20:00,2.869
07/02/2023 20:30,2.869
07/02/2023 21:00,2.869
07/02/2023 21:30,2.869
07/02/2023 22:00,2.869
07/02/2023 22:30,2.869
07/02/2023 23:00,2.869
07/02/2023 23:30,2.869
07/03/2023 00:00,1.863
07/03/2023 00:30,1.863
07/03/2023 01:00,1.863
07/03/2023 01:30,1.863
07/03/2023 02:00,1.863
07/03/2023 02:30,1.863
07/03/2023 03:00,1.863
07/03/2023 03:30,1.863
07/03/2023 04:00,1.863
07/03/2023 04:30,1.863
07/03/2023 05:00,1.863
07/03/2023 05:30,1.863
07/03/2023 06:00,1.863
07/03/2023 06:30,1.863
07/03/2023 07:00,1.863
07/03/2023 07:30,1.863
07/03/2023 08:00,1.863
07/03/2023 08:30,1.863
07/03/2023 09:00,1.863
07/03/2023 09:30,1.863
07/03/2023 10:00,1.863
07/03/2023 10:30,1.863
07/03/2023 11:00,1.863
07/03/2023 11:30,1.863
07/03/2023 12:00,1.863
07/03/2023 12:30,1.863
07/03/2023 13:00,1.863
07/03/2023 13:30,1.863
07/03/2023 14:00,1.863
07/03/2023 14:30,1.863
07/03/2023 15:00,1.863
07/03/2023 15:30,1.863
07/03/2023 16:00,1.863
07/03/2023 16:30,1.863
07/03/2023 17:00,1.863
07/03/2023 17:30,1.863
07/03/2023 18:00,1.863
07/03/2023 18:30,1.863
07/03/2023 19:00,1.863
07/03/2023 19:30,1.863
07/03/2023 20:00,1.863
07/03/2023 20:30,1.863
07/03/2023 21:00,1.863
07/03/2023 21:30,1.863
07/03/2023 22:00,1.863
07/03/2023 22:30,1.863
07/03/2023 23:00,1.863
07/03/2023 23:30,1.863
07/04/2023 00:00,1.863
07/04/2023 00:30,1.863
07/04/2023 01:00,1.863
07/04/2023 01:30,1.863
07/04/2023 02:00,1.863
07/04/2023 02:30,1.863
07/04/2023 03:00,1.863
07/04/2023 03:30,1.863
07/04/2023 04:00,1.863
07/04/2023 04:30,1.863
07/04/2023 05:00,1.863
07/04/2023 05:30,1.863
07/04/2023 06:00,1.863
07/04/2023 06:30,1.863
07/04/2023 07:00,1.863
07/04/2023 07:30,1.863
07/04/2023 08:00,1.863
07/04/2023 08:30,1.863
07/04/2023 09:00,1.863
07/04/2023 09:30,1.863
07/04/2023 10:00,1.863
07/04/2023 10:30,1.863
07/04/2023 11:00,1.863
07/04/2023 11:30,1.863
07/04/2023 12:00,1.863
07/04/2023 12:30,1.863
07/04/2023 13:00,1.863
07/04/2023 13:30,1.863
07/04/2023 14:00,1.863
07/04/2023 14:30,1.863
07/04/2023 15:00,1.863
07/04/2023 15:30,1.863
07/04/2023 16:00,1.863
07/04/2023 16:30,1.863
07/04/2023 17:00,1.863
07/04/2023 17:30,1.863
07/04/2023 18:00,1.863
07/04/2023 18:30,1.863
07/04/2023 19:00,1.863
07/04/2023 19:30,1.863
07/04/2023 20:00,1.863
07/04/2023 20:30,1.863
07/04/2023 21:00,1.863
07/04/2023 21:30,1.863
07/04/2023 22:00,1.863
07/04/2023 22:30,1.863
07/04/2023 23:00,1.863
07/04/2023 23:30,1.863
07/05/2023 00:00,1.014
07/05/2023 00:30,1.014
07/05/2023 01:00,1.014
07/05/2023 01:30,1.014
07/05/2023 02:00,1.014
07/05/2023 02:30,1.014
07/05/2023 03:00,1.014
07/05/2023 03:30,1.014
07/05/2023 04:00,1.014
07/05/2023 04:30,1.014
07/05/2023 05:00,1.014
07/05/2023 05:30,1.014
07/05/2023 06:00,1.014
07/05/2023 06:30,1.014
07/05/2023 07:00,1.014
07/05/2023 07:30,1.014
07/05/2023 08:00,1.014
07/05/2023 08:30,1.014
07/05/2023 09:00,1.014
07/05/2023 09:30,1.014
07/05/2023 10:00,1.014
07/05/2023 10:30,1.014
07/05/2023 11:00,1.014
07/05/2023 11:30,1.014
07/05/2023 12:00,1.014
07/05/2023 12:30,1.014
07/05/2023 13:00,1.014
07/05/2023 13:30,1.014
07/05/2023 14:00,1.014
07/05/2023 14:30,1.014
07/05/2023 15:00,1.014
07/05/2023 15:30,1.014
07/05/2023 16:00,1.014
07/05/2023 16:30,1.014
07/05/2023 17:00,1.014
07/05/2023 17:30,1.014
07/05/2023 18:00,1.014
07/05/2023 18:30,1.014
07/05/2023 19:00,1.014
07/05/2023 19:30,1.014
07/05/2023 20:00,1.014
07/05/2023 20:30,1.014
07/05/2023 21:00,1.014
07/05/2023 21:30,1.014
07/05/2023 22:00,1.014
07/05/2023 22:30,1.014
07/05/2023 23:00,1.014
07/05/2023 23:30,1.014
07/06/2023 00:00,0.359
07/06/2023 00:30,0.359
07/06/2023 01:00,0.359
07/06/2023 01:30,0.359
07/06/2023 02:00,0.359
07/06/2023 02:30,0.359
07/06/2023 03:00,0.359
07/06/2023 03:30,0.359
07/06/2023 04:00,0.359
07/06/2023 04:30,0.359
07/06/2023 05:00,0.359
07/06/2023 05:30,0.359
07/06/2023 06:00,0.359
07/06/2023 06:30,0.359
07/06/2023 07:00,0.359
07/06/2023 07:30,0.359
07/06/2023 08:00,0.359
07/06/2023 08:30,0.359
07/06/2023 09:00,0.359
07/06/2023 09:30,0.359
07/06/2023 10:00,0.359
07/06/2023 10:30,0.359
07/06/2023 11:00,0.359
07/06/2023 11:30,0.359
07/06/2023 12:00,0.359
07/06/2023 12:30,0.359
07/06/2023 13:00,0.359
07/06/2023 13:30,0.359
07/06/2023 14:00,0.359
07/06/2023 14:30,0.359
07/06/2023 15:00,0.359
07/06/2023 15:30,0.359
07/06/2023 16:00,0.359
07/06/2023 16:30,0.359
07/06/2023 17:00,0.359
07/06/2023 17:30,0.359
07/06/2023 18:00,0.359
07/06/2023 18:30,0.359
07/06/2023 19:00,0.359
07/06/2023 19:30,0.359
07/06/2023 20:00,0.359
07/06/2023 20:30,0.359
07/06/2023 21:00,0.359
07/06/2023 21:30,0.359
07/06/2023 22:00,0.359
07/06/2023 22:30,0.359
07/06/2023 23:00,0.359
07/06/2023 23:30,0.359
07/07/2023 00:00,0.0
07/07/2023 00:30,0.0
07/07/2023 01:00,0.0
07/07/2023 01:30,0.0
07/07/2023 02:00,0.0
07/07/2023 02:30,0.0
07/07/2023 03:00,0.0
07/07/2023 03:30,0.0
07/07/2023 04:00,0.0
07/07/2023 04:30,0.0
07/07/2023 05:00,0.0
07/07/2023 05:30,0.0
07/07/2023 06:00,0.0
07/07/2023 06:30,0.0
07/07/2023 07:00,0.0
07/07/2023 07:30,0.0
07/07/2023 08:00,0.0
07/07/2023 08:30,0.0
07/07/2023 09:00,0.0
07/07/2023 09:30,0.0
07/07/2023 10:00,0.0
07/07/2023 10:30,0.0
07/07/2023 11:00,0.0
07/07/2023 11:30,0.0
07/07/2023 12:00,0.0
07/07/2023 12:30,0.0
07/07/2023 13:00,0.0
07/07/2023 13:30,0.0
07/07/2023 14:00,0.0
07/07/2023 14:30,0.0
07/07/2023 15:00,0.0
07/07/2023 15:30,0.0
07/07/2023 16:00,0.0
07/07/2023 16:30,0.0
07/07/2023 17:00,0.0
07/07/2023 17:30,0.0
07/07/2023 18:00,0.0
07/07/2023 18:30,0.0
07/07/2023 19:00,0.0
07/07/2023 19:30,0.0
07/07/2023 20:00,0.0
07/07/2023 20:30,0.0
07/07/2023 21:00,0.0
07/07/2023 21:30,0.0
07/07/2023 22:00,0.0
07/07/2023 22:30,0.0
07/07/2023 23:00,0.0
07/07/2023 23:30,0.0
07/08/2023 00:00,0.0
07/08/2023 00:30,0.0
07/08/2023 01:00,0.0
07/08/2023 01:30,0.0
07/08/2023 02:00,0.0
07/08/2023 02:30,0.0
07/08/2023 03:00,0.0
07/08/2023 03:30,0.0
07/08/2023 04:00,0.0
07/08/2023 04:30,0.0
07/08/2023 05:00,0.0
07/08/2023 05:30,0.0
07/08/2023 06:00,0.0
07/08/2023 06:30,0.0
07/08/2023 07:00,0.0
07/08/2023 07:30,0.0
07/08/2023 08:00,0.0
07/08/2023 08:30,0.0
07/08/2023 09:00,0.0
07/08/2023 09:30,0.0
07/08/2023 10:00,0.0
07/08/2023 10:30,0.0
07/08/2023 11:00,0.0
07/08/2023 11:30,0.0
07/08/2023 12:00,0.0
07/08/2023 12:30,0.0
07/08/2023 13:00,0.0
07/08/2023 13:30,0.0
07/08/2023 14:00,0.0
07/08/2023 14:30,0.0
07/08/2023 15:00,0.0
07/08/2023 15:30,0.0
07/08/2023 16:00,0.0
07/08/2023 16:30,0.0
07/08/2023 17:00,0.0
07/08/2023 17:30,0.0
07/08/2023 18:00,0.0
07/08/2023 18:30,0.0
07/08/2023 19:00,0.0
07/08/2023 19:30,0.0
07/08/2023 20:00,0.0
07/08/2023 20:30,0.0
07/08/2023 21:00,0.0
07/08/2023 21:30,0.0
07/08/2023 22:00,0.0
07/08/2023 22:30,0.0
07/08/2023 23:00,0.0
07/08/2023 23:30,0.0
07/09/2023 00:00,0.0
07/09/2023 00:30,0.0
07/09/2023 01:00,0.0
07/09/2023 01:30,0.0
07/09/2023 02:00,0.0
07/09/2023 02:30,0.0
07/09/2023 03:00,0.0
07/09/2023 03:30,0.0
07/09/2023 04:00,0.0
07/09/2023 04:30,0.0
07/09/2023 05:00,0.0
07/09/2023 05:30,0.0
07/09/2023 06:00,0.0
07/09/2023 06:30,0.0
07/09/2023 07:00,0.0
07/09/2023 07:30,0.0
07/09/2023 08:00,0.0
07/09/2023 08:30,0.0
07/09/2023 09:00,0.0
07/09/2023 09:30,0.0
07/09/2023 10:00,0.0
07/09/2023 10:30,0.0
07/09/2023 11:00,0.0
07/09/2023 11:30,0.0
07/09/2023 12:00,0.0
07/09/2023 12:30,0.0
07/09/2023 13:00,0.0
07/09/2023 13:30,0.0
07/09/2023 14:00,0.0
07/09/2023 14:30,0.0
07/09/2023 15:00,0.0
07/09/2023 15:30,0.0
07/09/2023 16:00,0.0
07/09/2023 16:30,0.0
07/09/2023 17:00,0.0
07/09/2023 17:30,0.0
07/09/2023 18:00,0.0
07/09/2023 18:30,0.0
07/09/2023 19:00,0.0
07/09/2023 19:30,0.0
07/09/2023 20:00,0.0
07/09/2023 20:30,0.0
07/09/2023 21:00,0.0
07/09/2023 21:30,0.0
07/09/2023 22:00,0.0
07/09/2023 22:30,0.0
07/09/2023 23:00,0.0
07/09/2023 23:30,0.0
07/10/2023 00:00,0.0
07/10/2023 00:30,0.0
07/10/2023 01:00,0.0
07/10/2023 01:30,0.0
07/10/2023 02:00,0.0
07/10/2023 02:30,0.0
07/10/2023 03:00,0.0
07/10/2023 03:30,0.0
07/10/2023 04:00,0.0
07/10/2023 04:30,0.0
07/10/2023 05:00,0.0
07/10/2023 05:30,0.0
07/10/2023 06:00,0.0
07/10/2023 06:30,0.0
07/10/2023 07:00,0.0
07/10/2023 07:30,0.0
07/10/2023 08:00,0.0
07/10/2023 08:30,0.0
07/10/2023 09:00,0.0
07/10/2023 09:30,0.0
07/10/2023 10:00,0.0
07/10/2023 10:30,0.0
07/10/2023 11:00,0.0
07/10/2023 11:30,0.0
07/10/2023 12:00,0.0
07/10/2023 12:30,0.0
07/10/2023 13:00,0.0
07/10/2023 13:30,0.0
07/10/2023 14:00,0.0
07/10/2023 14:30,0.0
07/10/2023 15:00,0.0
07/10/2023 15:30,0.0
07/10/2023 16:00,0.0
07/10/2023 16:30,0.0
07/10/2023 17:00,0.0
07/10/2023 17:30,0.0
07/10/2023 18:00,0.0
07/10/2023 18:30,0.0
07/10/2023 19:00,0.0
07/10/2023 19:30,0.0
07/10/2023 20:00,0.0
07/10/2023 20:30,0.0
07/10/2023 21:00,0.0
07/10/2023 21:30,0.0
07/10/2023 22:00,0.0
07/10/2023 22:30,0.0
07/10/2023 23:00,0.0
07/10/2023 23:30,0.0
07/11/2023 00:00,0.0
07/11/2023 00:30,0.0
07/11/2023 01:00,0.0
07/11/2023 01:30,0.0
07/11/2023 02:00,0.0
07/11/2023 02:30,0.0
07/11/2023 03:00,0.0
07/11/2023 03:30,0.0
07/11/2023 04:00,0.0
07/11/2023 04:30,0.0
07/11/2023 05:00,0.0
07/11/2023 05:30,0.0
07/11/2023 06:00,0.0
07/11/2023 06:30,0.0
07/11/2023 07:00,0.0
07/11/2023 07:30,0.0
07/11/2023 08:00,0.0
07/11/2023 08:30,0.0
07/11/2023 09:00,0.0
07/11/2023 09:30,0.0
07/11/2023 10:00,0.0
07/11/2023 10:30,0.0
07/11/2023 11:00,0.0
07/11/2023 11:30,0.0
07/11/2023 12:00,0.0
07/11/2023 12:30,0.0
07/11/2023 13:00,0.0
07/11/2023 13:30,0.0
07/11/2023 14:00,0.0
07/11/2023 14:30,0.0
07/11/2023 15:00,0.0
07/11/2023 15:30,0.0
07/11/2023 16:00,0.0
07/11/2023 16:30,0.0
07/11/2023 17:00,0.0
07/11/2023 17:30,0.0
07/11/2023 18:00,0.0
07/11/2023 18:30,0.0
07/11/2023 19:00,0.0
07/11/2023 19:30,0.0
07/11/2023 20:00,0.0
07/11/2023 20:30,0.0
07/11/2023 21:00,0.0
07/11/2023 21:30,0.0
07/11/2023 22:00,0.0
07/11/2023 22:30,0.0
07/11/2023 23:00,0.0
07/11/2023 23:30,0.0
07/12/2023 00:00,0.0
07/12/2023 00:30,0.0
07/12/2023 01:00,0.0
07/12/2023 01:30,0.0
07/12/2023 02:00,0.0
07/12/2023 02:30,0.0
07/12/2023 03:00,0.0
07/12/2023 03:30,0.0
07/12/2023 04:00,0.0
07/12/2023 04:30,0.0
07/12/2023 05:00,0.0
07/12/2023 05:30,0.0
07/12/2023 06:00,0.0
07/12/2023 06:30,0.0
07/12/2023 07:00,0.0
07/12/2023 07:30,0.0
07/12/2023 08:00,0.0
07/12/2023 08:30,0.0
07/12/2023 09:00,0.0
07/12/2023 09:30,0.0
07/12/2023 10:00,0.0
07/12/2023 10:30,0.0
07/12/2023 11:00,0.0
07/12/2023 11:30,0.0
07/12/2023 12:00,0.0
07/12/2023 12:30,0.0
07/12/2023 13:00,0.0
07/12/2023 13:30,0.0
07/12/2023 14:00,0.0
07/12/2023 14:30,0.0
07/12/2023 15:00,0.0
07/12/2023 15:30,0.0
07/12/2023 16:00,0.0
07/12/2023 16:30,0.0
07/12/2023 17:00,0.0
07/12/2023 17:30,0.0
07/12/2023 18:00,0.0
07/12/2023 18:30,0.0
07/12/2023 19:00,0.0
07/12/2023 19:30,0.0
07/12/2023 20:00,0.0
07/12/2023 20:30,0.0
07/12/2023 21:00,0.0
07/12/2023 21:30,0.0
07/12/2023 22:00,0.0
07/12/2023 22:30,0.0
07/12/2023 23:00,0.0
07/12/2023 23:30,0.0
07/13/2023 00:00,0.0
07/13/2023 00:30,0.0
07/13/2023 01:00,0.0
07/13/2023 01:30,0.0
07/13/2023 02:00,0.0
07/13/2023 02:30,0.0
07/13/2023 03:00,0.0
07/13/2023 03:30,0.0
07/13/2023 04:00,0.0
07/13/2023 04:30,0.0
07/13/2023 05:00,0.0
07/13/2023 05:30,0.0
07/13/2023 06:00,0.0
07/13/2023 06:30,0.0
07/13/2023 07:00,0.0
07/13/2023 07:30,0.0
07/13/2023 08:00,0.0
07/13/2023 08:30,0.0
07/13/2023 09:00,0.0
07/13/2023 09:30,0.0
07/13/2023 10:00,0.0
07/13/2023 10:30,0.0
07/13/2023 11:00,0.0
07/13/2023 11:30,0.0
07/13/2023 12:00,0.0
07/13/2023 12:30,0.0
07/13/2023 13:00,0.0
07/13/2023 13:30,0.0
07/13/2023 14:00,0.0
07/13/2023 14:30,0.0
07/13/2023 15:00,0.0
07/13/2023 15:30,0.0
07/13/2023 16:00,0.0
07/13/2023 16:30,0.0
07/13/2023 17:00,0.0
07/13/2023 17:30,0.0
07/13/2023 18:00,0.0
07/13/2023 18:30,0.0
07/13/2023 19:00,0.0
07/13/2023 19:30,0.0
07/13/2023 20:00,0.0
07/13/2023 20:30,0.0
07/13/2023 21:00,0.0
07/13/2023 21:30,0.0
07/13/2023 22:00,0.0
07/13/2023 22:30,0.0
07/13/2023 23:00,0.0
07/13/2023 23:30,0.0
07/14/2023 00:00,0.0
07/14/2023 00:30,0.0
07/14/2023 01:00,0.0
07/14/2023 01:30,0.0
07/14/2023 02:00,0.0
07/14/2023 02:30,0.0
07/14/2023 03:00,0.0
07/14/2023 03:30,0.0
07/14/2023 04:00,0.0
07/14/2023 04:30,0.0
07/14/2023 05:00,0.0
07/14/2023 05:30,0.0
07/14/2023 06:00,0.0
07/14/2023 06:30,0.0
07/14/2023 07:00,0.0
07/14/2023 07:30,0.0
07/14/2023 08:00,0.0
07/14/2023 08:30,0.0
07/14/2023 09:00,0.0
07/14/2023 09:30,0.0
07/14/2023 10:00,0.0
07/14/2023 10:30,0.0
07/14/2023 11:00,0.0
07/14/2023 11:30,0.0
07/14/2023 12:00,0.0
07/14/2023 12:30,0.0
07/14/2023 13:00,0.0
07/14/2023 13:30,0.0
07/14/2023 14:00,0.0
07/14/2023 14:30,0.0
07/14/2023 15:00,0.0
07/14/2023 15:30,0.0
07/14/2023 16:00,0.0
07/14/2023 16:30,0.0
07/14/2023 17:00,0.0
07/14/2023 17:30,0.0
07/14/2023 18:00,0.0
07/14/2023 18:30,0.0
07/14/2023 19:00,0.0
07/14/2023 19:30,0.0
07/14/2023 20:00,0.0
07/14/2023 20:30,0.0
07/14/2023 21:00,0.0
07/14/2023 21:30,0.0
07/14/2023 22:00,0.0
07/14/2023 22:30,0.0
07/14/2023 23:00,0.0
07/14/2023 23:30,0.0
07/15/2023 00:00,0.0
07/15/2023 00:30,0.0
07/15/2023 01:00,0.0
07/15/2023 01:30,0.0
07/15/2023 02:00,0.0
07/15/2023 02:30,0.0
07/15/2023 03:00,0.0
07/15/2023 03:30,0.0
07/15/2023 04:00,0.0
07/15/2023 04:30,0.0
07/15/2023 05:00,0.0
07/15/2023 05:30,0.0
07/15/2023 06:00,0.0
07/15/2023 06:30,0.0
07/15/2023 07:00,0.0
07/15/2023 07:30,0.0
07/15/2023 08:00,0.0
07/15/2023 08:30,0.0
07/15/2023 09:00,0.0
07/15/2023 09:30,0.0
07/15/2023 10:00,0.0
07/15/2023 10:30,0.0
07/15/2023 11:00,0.0
07/15/2023 11:30,0.0
07/15/2023 12:00,0.0
07/15/2023 12:30,0.0
07/15/2023 13:00,0.0
07/15/2023 13:30,0.0
07/15/2023 14:00,0.0
07/15/2023 14:30,0.0
07/15/2023 15:00,0.0
07/15/2023 15:30,0.0
07/15/2023 16:00,0.0
07/15/2023 16:30,0.0
07/15/2023 17:00,0.0
07/15/2023 17:30,0.0
07/15/2023 18:00,0.0
07/15/2023 18:30,0.0
07/15/2023 19:00,0.0
07/15/2023 19:30,0.0
07/15/2023 20:00,0.0
07/15/2023 20:30,0.0
07/15/2023 21:00,0.0
07/15/2023 21:30,0.0
07/15/2023 22:00,0.0
07/15/2023 22:30,0.0
07/15/2023 23:00,0.0
07/15/2023 23:30,0.0
07/16/2023 00:00,0.0
07/16/2023 00:30,0.0
07/16/2023 01:00,0.0
07/16/2023 01:30,0.0
07/16/2023 02:00,0.0
07/16/2023 02:30,0.0
07/16/2023 03:00,0.0
07/16/2023 03:30,0.0
07/16/2023 04:00,0.0
07/16/2023 04:30,0.0
07/16/2023 05:00,0.0
07/16/2023 05:30,0.0
07/16/2023 06:00,0.0
07/16/2023 06:30,0.0
07/16/2023 07:00,0.0
07/16/2023 07:30,0.0
07/16/2023 08:00,0.0
07/16/2023 08:30,0.0
07/16/2023 09:00,0.0
07/16/2023 09:30,0.0
07/16/2023 10:00,0.0
07/16/2023 10:30,0.0
07/16/2023 11:00,0.0
07/16/2023 11:30,0.0
07/16/2023 12:00,0.0
07/16/2023 12:30,0.0
07/16/2023 13:00,0.0
07/16/2023 13:30,0.0
07/16/2023 14:00,0.0
07/16/2023 14:30,0.0
07/16/2023 15:00,0.0
07/16/2023 15:30,0.0
07/16/2023 16:00,0.0
07/16/2023 16:30,0.0
07/16/2023 17:00,0.0
07/16/2023 17:30,0.0
07/16/2023 18:00,0.0
07/16/2023 18:30,0.0
07/16/2023 19:00,0.0
07/16/2023 19:30,0.0
07/16/2023 20:00,0.0
07/16/2023 20:30,0.0
07/16/2023 21:00,0.0
07/16/2023 21:30,0.0
07/16/2023 22:00,0.0
07/16/2023 22:30,0.0
07/16/2023 23:00,0.0
07/16/2023 23:30,0.0
07/17/2023 00:00,0.0
07/17/2023 00:30,0.0
07/17/2023 01:00,0.0
07/17/2023 01:30,0.0
07/17/2023 02:00,0.0
07/17/2023 02:30,0.0
07/17/2023 03:00,0.0
07/17/2023 03:30,0.0
07/17/2023 04:00,0.0
07/17/2023 04:30,0.0
07/17/2023 05:00,0.0
07/17/2023 05:30,0.0
07/17/2023 06:00,0.0
07/17/2023 06:30,0.0
07/17/2023 07:00,0.0
07/17/2023 07:30,0.0
07/17/2023 08:00,0.0
07/17/2023 08:30,0.0
07/17/2023 09:00,0.0
07/17/2023 09:30,0.0
07/17/2023 10:00,0.0
07/17/2023 10:30,0.0
07/17/2023 11:00,0.0
07/17/2023 11:30,0.0
07/17/2023 12:00,0.0
07/17/2023 12:30,0.0
07/17/2023 13:00,0.0
07/17/2023 13:30,0.0
07/17/2023 14:00,0.0
07/17/2023 14:30,0.0
07/17/2023 15:00,0.0
07/17/2023 15:30,0.0
07/17/2023 16:00,0.0
07/17/2023 16:30,0.0
07/17/2023 17:00,0.0
07/17/2023 17:30,0.0
07/17/2023 18:00,0.0
07/17/2023 18:30,0.0
07/17/2023 19:00,0.0
07/17/2023 19:30,0.0
07/17/2023 20:00,0.0
07/17/2023 20:30,0.0
07/17/2023 21:00,0.0
07/17/2023 21:30,0.0
07/17/2023 22:00,0.0
07/17/2023 22:30,0.0
07/17/2023 23:00,0.0
07/17/2023 23:30,0.0
07/18/2023 00:00,0.0
07/18/2023 00:30,0.0
07/18/2023 01:00,0.0
07/18/2023 01:30,0.0
07/18/2023 02:00,0.0
07/18/2023 02:30,0.0
07/18/2023 03:00,0.0
07/18/2023 03:30,0.0
07/18/2023 04:00,0.0
07/18/2023 04:30,0.0
07/18/2023 05:00,0.0
07/18/2023 05:30,0.0
07/18/2023 06:00,0.0
07/18/2023 06:30,0.0
07/18/2023 07:00,0.0
07/18/2023 07:30,0.0
07/18/2023 08:00,0.0
07/18/2023 08:30,0.0
07/18/2023 09:00,0.0
07/18/2023 09:30,0.0
07/18/2023 10:00,0.0
07/18/2023 10:30,0.0
07/18/2023 11:00,0.0
07/18/2023 11:30,0.0
07/18/2023 12:00,0.0
07/18/2023 12:30,0.0
07/18/2023 13:00,0.0
07/18/2023 13:30,0.0
07/18/2023 14:00,0.0
07/18/2023 14:30,0.0
07/18/2023 15:00,0.0
07/18/2023 15:30,0.0
07/18/2023 16:00,0.0
07/18/2023 16:30,0.0
07/18/2023 17:00,0.0
07/18/2023 17:30,0.0
07/18/2023 18:00,0.0
07/18/2023 18:30,0.0
07/18/2023 19:00,0.0
07/18/2023 19:30,0.0
07/18/2023 20:00,0.0
07/18/2023 20:30,0.0
07/18/2023 21:00,0.0
07/18/2023 21:30,0.0
07/18/2023 22:00,0.0
07/18/2023 22:30,0.0
07/18/2023 23:00,0.0
07/18/2023 23:30,0.0
07/19/2023 00:00,0.0
07/19/2023 00:30,0.0
07/19/2023 01:00,0.0
07/19/2023 01:30,0.0
07/19/2023 02:00,0.0
07/19/2023 02:30,0.0
07/19/2023 03:00,0.0
07/19/2023 03:30,0.0
07/19/2023 04:00,0.0
07/19/2023 04:30,0.0
07/19/2023 05:00,0.0
07/19/2023 05:30,0.0
07/19/2023 06:00,0.0
07/19/2023 06:30,0.0
07/19/2023 07:00,0.0
07/19/2023 07:30,0.0
07/19/2023 08:00,0.0
07/19/2023 08:30,0.0
07/19/2023 09:00,0.0
07/19/2023 09:30,0.0
07/19/2023 10:00,0.0
07/19/2023 10:30,0.0
07/19/2023 11:00,0.0
07/19/2023 11:30,0.0
07/19/2023 12:00,0.0
07/19/2023 12:30,0.0
07/19/2023 13:00,0.0
07/19/2023 13:30,0.0
07/19/2023 14:00,0.0
07/19/2023 14:30,0.0
07/19/2023 15:00,0.0
07/19/2023 15:30,0.0
07/19/2023 16:00,0.0
07/19/2023 16:30,0.0
07/19/2023 17:00,0.0
07/19/2023 17:30,0.0
07/19/2023 18:00,0.0
07/19/2023 18:30,0.0
07/19/2023 19:00,0.0
07/19/2023 19:30,0.0
07/19/2023 20:00,0.0
07/19/2023 20:30,0.0
07/19/2023 21:00,0.0
07/19/2023 21:30,0.0
07/19/2023 22:00,0.0
07/19/2023 22:30,0.0
07/19/2023 23:00,0.0
07/19/2023 23:30,0.0
07/20/2023 00:00,0.0
07/20/2023 00:30,0.0
07/20/2023 01:00,0.0
07/20/2023 01:30,0.0
07/20/2023 02:00,0.0
07/20/2023 02:30,0.0
07/20/2023 03:00,0.0
07/20/2023 03:30,0.0
07/20/2023 04:00,0.0
07/20/2023 04:30,0.0
07/20/2023 05:00,0.0
07/20/2023 05:30,0.0
07/20/2023 06:00,0.0
07/20/2023 06:30,0.0
07/20/2023 07:00,0.0
07/20/2023 07:30,0.0
07/20/2023 08:00,0.0
07/20/2023 08:30,0.0
07/20/2023 09:00,0.0
07/20/2023 09:30,0.0
07/20/2023 10:00,0.0
07/20/2023 10:30,0.0
07/20/2023 11:00,0.0
07/20/2023 11:30,0.0
07/20/2023 12:00,0.0
07/20/2023 12:30,0.0
07/20/2023 13:00,0.0
07/20/2023 13:30,0.0
07/20/2023 14:00,0.0
07/20/2023 14:30,0.0
07/20/2023 15:00,0.0
07/20/2023 15:30,0.0
07/20/2023 16:00,0.0
07/20/2023 16:30,0.0
07/20/2023 17:00,0.0
07/20/2023 17:30,0.0
07/20/2023 18:00,0.0
07/20/2023 18:30,0.0
07/20/2023 19:00,0.0
07/20/2023 19:30,0.0
07/20/2023 20:00,0.0
07/20/2023 20:30,0.0
07/20/2023 21:00,0.0
07/20/2023 21:30,0.0
07/20/2023 22:00,0.0
07/20/2023 22:30,0.0
07/20/2023 23:00,0.0
07/20/2023 23:30,0.0
07/21/2023 00:00,0.0
07/21/2023 00:30,0.0
07/21/2023 01:00,0.0
07/21/2023 01:30,0.0
07/21/2023 02:00,0.0
07/21/2023 02:30,0.0
07/21/2023 03:00,0.0
07/21/2023 03:30,0.0
07/21/2023 04:00,0.0
07/21/2023 04:30,0.0
07/21/2023 05:00,0.0
07/21/2023 05:30,0.0
07/21/2023 06:00,0.0
07/21/2023 06:30,0.0
07/21/2023 07:00,0.0
07/21/2023 07:30,0.0
07/21/2023 08:00,0.0
07/21/2023 08:30,0.0
07/21/2023 09:00,0.0
07/21/2023 09:30,0.0
07/21/2023 10:00,0.0
07/21/2023 10:30,0.0
07/21/2023 11:00,0.0
07/21/2023 11:30,0.0
07/21/2023 12:00,0.0
07/21/2023 12:30,0.0
07/21/2023 13:00,0.0
07/21/2023 13:30,0.0
07/21/2023 14:00,0.0
07/21/2023 14:30,0.0
07/21/2023 15:00,0.0
07/21/2023 15:30,0.0
07/21/2023 16:00,0.0
07/21/2023 16:30,0.0
07/21/2023 17:00,0.0
07/21/2023 17:30,0.0
07/21/2023 18:00,0.0
07/21/2023 18:30,0.0
07/21/2023 19:00,0.0
07/21/2023 19:30,0.0
07/21/2023 20:00,0.0
07/21/2023 20:30,0.0
07/21/2023 21:00,0.0
07/21/2023 21:30,0.0
07/21/2023 22:00,0.0
07/21/2023 22:30,0.0
07/21/2023 23:00,0.0
07/21/2023 23:30,0.0
07/22/2023 00:00,0.0
07/22/2023 00:30,0.0
07/22/2023 01:00,0.0
07/22/2023 01:30,0.0
07/22/2023 02:00,0.0
07/22/2023 02:30,0.0
07/22/2023 03:00,0.0
07/22/2023 03:30,0.0
07/22/2023 04:00,0.0
07/22/2023 04:30,0.0
07/22/2023 05:00,0.0
07/22/2023 05:30,0.0
07/22/2023 06:00,0.0
07/22/2023 06:30,0.0
07/22/2023 07:00,0.0
07/22/2023 07:30,0.0
07/22/2023 08:00,0.0
07/22/2023 08:30,0.0
07/22/2023 09:00,0.0
07/22/2023 09:30,0.0
07/22/2023 10:00,0.0
07/22/2023 10:30,0.0
07/22/2023 11:00,0.0
07/22/2023 11:30,0.0
07/22/2023 12:00,0.0
07/22/2023 12:30,0.0
07/22/2023 13:00,0.0
07/22/2023 13:30,0.0
07/22/2023 14:00,0.0
07/22/2023 14:30,0.0
07/22/2023 15:00,0.0
07/22/2023 15:30,0.0
07/22/2023 16:00,0.0
07/22/2023 16:30,0.0
07/22/2023 17:00,0.0
07/22/2023 17:30,0.0
07/22/2023 18:00,0.0
07/22/2023 18:30,0.0
07/22/2023 19:00,0.0
07/22/2023 19:30,0.0
07/22/2023 20:00,0.0
07/22/2023 20:30,0.0
07/22/2023 21:00,0.0
07/22/2023 21:30,0.0
07/22/2023 22:00,0.0
07/22/2023 22:30,0.0
07/22/2023 23:00,0.0
07/22/2023 23:30,0.0
07/23/2023 00:00,0.0
07/23/2023 00:30,0.0
07/23/2023 01:00,0.0
07/23/2023 01:30,0.0
07/23/2023 02:00,0.0
07/23/2023 02:30,0.0
07/23/2023 03:00,0.0
07/23/2023 03:30,0.0
07/23/2023 04:00,0.0
07/23/2023 04:30,0.0
07/23/2023 05:00,0.0
07/23/2023 05:30,0.0
07/23/2023 06:00,0.0
07/23/2023 06:30,0.0
07/23/2023 07:00,0.0
07/23/2023 07:30,0.0
07/23/2023 08:00,0.0
07/23/2023 08:30,0.0
07/23/2023 09:00,0.0
07/23/2023 09:30,0.0
07/23/2023 10:00,0.0
07/23/2023 10:30,0.0
07/23/2023 11:00,0.0
07/23/2023 11:30,0.0
07/23/2023 12:00,0.0
07/23/2023 12:30,0.0
07/23/2023 13:00,0.0
07/23/2023 13:30,0.0
07/23/2023 14:00,0.0
07/23/2023 14:30,0.0
07/23/2023 15:00,0.0
07/23/2023 15:30,0.0
07/23/2023 16:00,0.0
07/23/2023 16:30,0.0
07/23/2023 17:00,0.0
07/23/2023 17:30,0.0
07/23/2023 18:00,0.0
07/23/2023 18:30,0.0
07/23/2023 19:00,0.0
07/23/2023 19:30,0.0
07/23/2023 20:00,0.0
07/23/2023 20:30,0.0
07/23/2023 21:00,0.0
07/23/2023 21:30,0.0
07/23/2023 22:00,0.0
07/23/2023 22:30,0.0
07/23/2023 23:00,0.0
07/23/2023 23:30,0.0
07/24/2023 00:00,0.0
07/24/2023 00:30,0.0
07/24/2023 01:00,0.0
07/24/2023 01:30,0.0
07/24/2023 02:00,0.0
07/24/2023 02:30,0.0
07/24/2023 03:00,0.0
07/24/2023 03:30,0.0
07/24/2023 04:00,0.0
07/24/2023 04:30,0.0
07/24/2023 05:00,0.0
07/24/2023 05:30,0.0
07/24/2023 06:00,0.0
07/24/2023 06:30,0.0
07/24/2023 07:00,0.0
07/24/2023 07:30,0.0
07/24/2023 08:00,0.0
07/24/2023 08:30,0.0
07/24/2023 09:00,0.0
07/24/2023 09:30,0.0
07/24/2023 10:00,0.0
07/24/2023 10:30,0.0
07/24/2023 11:00,0.0
07/24/2023 11:30,0.0
07/24/2023 12:00,0.0
07/24/2023 12:30,0.0
07/24/2023 13:00,0.0
07/24/2023 13:30,0.0
07/24/2023 14:00,0.0
07/24/2023 14:30,0.0
07/24/2023 15:00,0.0
07/24/2023 15:30,0.0
07/24/2023 16:00,0.0
07/24/2023 16:30,0.0
07/24/2023 17:00,0.0
07/24/2023 17:30,0.0
07/24/2023 18:00,0.0
07/24/2023 18:30,0.0
07/24/2023 19:00,0.0
07/24/2023 19:30,0.0
07/24/2023 20:00,0.0
07/24/2023 20:30,0.0
07/24/2023 21:00,0.0
07/24/2023 21:30,0.0
07/24/2023 22:00,0.0
07/24/2023 22:30,0.0
07/24/2023 23:00,0.0
07/24/2023 23:30,0.0
07/25/2023 00:00,0.0
07/25/2023 00:30,0.0
07/25/2023 01:00,0.0
07/25/2023 01:30,0.0
07/25/2023 02:00,0.0
07/25/2023 02:30,0.0
07/25/2023 03:00,0.0
07/25/2023 03:30,0.0
07/25/2023 04:00,0.0
07/25/2023 04:30,0.0
07/25/2023 05:00,0.0
07/25/2023 05:30,0.0
07/25/2023 06:00,0.0
07/25/2023 06:30,0.0
07/25/2023 07:00,0.0
07/25/2023 07:30,0.0
07/25/2023 08:00,0.0
07/25/2023 08:30,0.0
07/25/2023 09:00,0.0
07/25/2023 09:30,0.0
07/25/2023 10:00,0.0
07/25/2023 10:30,0.0
07/25/2023 11:00,0.0
07/25/2023 11:30,0.0
07/25/2023 12:00,0.0
07/25/2023 12:30,0.0
07/25/2023 13:00,0.0
07/25/2023 13:30,0.0
07/25/2023 14:00,0.0
07/25/2023 14:30,0.0
07/25/2023 15:00,0.0
07/25/2023 15:30,0.0
07/25/2023 16:00,0.0
07/25/2023 16:30,0.0
07/25/2023 17:00,0.0
07/25/2023 17:30,0.0
07/25/2023 18:00,0.0
07/25/2023 18:30,0.0
07/25/2023 19:00,0.0
07/25/2023 19:30,0.0
07/25/2023 20:00,0.0
07/25/2023 20:30,0.0
07/25/2023 21:00,0.0
07/25/2023 21:30,0.0
07/25/2023 22:00,0.0
07/25/2023 22:30,0.0
07/25/2023 23:00,0.0
07/25/2023 23:30,0.0
07/26/2023 00:00,0.0
07/26/2023 00:30,0.0
07/26/2023 01:00,0.0
07/26/2023 01:30,0.0
07/26/2023 02:00,0.0
07/26/2023 02:30,0.0
07/26/2023 03:00,0.0
07/26/2023 03:30,0.0
07/26/2023 04:00,0.0
07/26/2023 04:30,0.0
07/26/2023 05:00,0.0
07/26/2023 05:30,0.0
07/26/2023 06:00,0.0
07/26/2023 06:30,0.0
07/26/2023 07:00,0.0
07/26/2023 07:30,0.0
07/26/2023 08:00,0.0
07/26/2023 08:30,0.0
07/26/2023 09:00,0.0
07/26/2023 09:30,0.0
07/26/2023 10:00,0.0
07/26/2023 10:30,0.0
07/26/2023 11:00,0.0
07/26/2023 11:30,0.0
07/26/2023 12:00,0.0
07/26/2023 12:30,0.0
07/26/2023 13:00,0.0
07/26/2023 13:30,0.0
07/26/2023 14:00,0.0
07/26/2023 14:30,0.0
07/26/2023 15:00,0.0
07/26/2023 15:30,0.0
07/26/2023 16:00,0.0
07/26/2023 16:30,0.0
07/26/2023 17:00,0.0
07/26/2023 17:30,0.0
07/26/2023 18:00,0.0
07/26/2023 18:30,0.0
07/26/2023 19:00,0.0
07/26/2023 19:30,0.0
07/26/2023 20:00,0.0
07/26/2023 20:30,0.0
07/26/2023 21:00,0.0
07/26/2023 21:30,0.0
07/26/2023 22:00,0.0
07/26/2023 22:30,0.0
07/26/2023 23:00,0.0
07/26/2023 23:30,0.0
07/27/2023 00:00,0.0
07/27/2023 00:30,0.0
07/27/2023 01:00,0.0
07/27/2023 01:30,0.0
07/27/2023 02:00,0.0
07/27/2023 02:30,0.0
07/27/2023 03:00,0.0
07/27/2023 03:30,0.0
07/27/2023 04:00,0.0
07/27/2023 04:30,0.0
07/27/2023 05:00,0.0
07/27/2023 05:30,0.0
07/27/2023 06:00,0.0
07/27/2023 06:30,0.0
07/27/2023 07:00,0.0
07/27/2023 07:30,0.0
07/27/2023 08:00,0.0
07/27/2023 08:30,0.0
07/27/2023 09:00,0.0
07/27/2023 09:30,0.0
07/27/2023 10:00,0.0
07/27/2023 10:30,0.0
07/27/2023 11:00,0.0
07/27/2023 11:30,0.0
07/27/2023 12:00,0.0
07/27/2023 12:30,0.0
07/27/2023 13:00,0.0
07/27/2023 13:30,0.0
07/27/2023 14:00,0.0
07/27/2023 14:30,0.0
07/27/2023 15:00,0.0
07/27/2023 15:30,0.0
07/27/2023 16:00,0.0
07/27/2023 16:30,0.0
07/27/2023 17:00,0.0
07/27/2023 17:30,0.0
07/27/2023 18:00,0.0
07/27/2023 18:30,0.0
07/27/2023 19:00,0.0
07/27/2023 19:30,0.0
07/27/2023 20:00,0.0
07/27/2023 20:30,0.0
07/27/2023 21:00,0.0
07/27/2023 21:30,0.0
07/27/2023 22:00,0.0
07/27/2023 22:30,0.0
07/27/2023 23:00,0.0
07/27/2023 23:30,0.0
07/28/2023 00:00,0.0
07/28/2023 00:30,0.0
07/28/2023 01:00,0.0
07/28/2023 01:30,0.0
07/28/2023 02:00,0.0
07/28/2023 02:30,0.0
07/28/2023 03:00,0.0
07/28/2023 03:30,0.0
07/28/2023 04:00,0.0
07/28/2023 04:30,0.0
07/28/2023 05:00,0.0
07/28/2023 05:30,0.0
07/28/2023 06:00,0.0
07/28/2023 06:30,0.0
07/28/2023 07:00,0.0
07/28/2023 07:30,0.0
07/28/2023 08:00,0.0
07/28/2023 08:30,0.0
07/28/2023 09:00,0.0
07/28/2023 09:30,0.0
07/28/2023 10:00,0.0
07/28/2023 10:30,0.0
07/28/2023 11:00,0.0
07/28/2023 11:30,0.0
07/28/2023 12:00,0.0
07/28/2023 12:30,0.0
07/28/2023 13:00,0.0
07/28/2023 13:30,0.0
07/28/2023 14:00,0.0
07/28/2023 14:30,0.0
07/28/2023 15:00,0.0
07/28/2023 15:30,0.0
07/28/2023 16:00,0.0
07/28/2023 16:30,0.0
07/28/2023 17:00,0.0
07/28/2023 17:30,0.0
07/28/2023 18:00,0.0
07/28/2023 18:30,0.0
07/28/2023 19:00,0.0
07/28/2023 19:30,0.0
07/28/2023 20:00,0.0
07/28/2023 20:30,0.0
07/28/2023 21:00,0.0
07/28/2023 21:30,0.0
07/28/2023 22:00,0.0
07/28/2023 22:30,0.0
07/28/2023 23:00,0.0
07/28/2023 23:30,0.0
07/29/2023 00:00,0.0
07/29/2023 00:30,0.0
07/29/2023 01:00,0.0
07/29/2023 01:30,0.0
07/29/2023 02:00,0.0
07/29/2023 02:30,0.0
07/29/2023 03:00,0.0
07/29/2023 03:30,0.0
07/29/2023 04:00,0.0
07/29/2023 04:30,0.0
07/29/2023 05:00,0.0
07/29/2023 05:30,0.0
07/29/2023 06:00,0.0
07/29/2023 06:30,0.0
07/29/2023 07:00,0.0
07/29/2023 07:30,0.0
07/29/2023 08:00,0.0
07/29/2023 08:30,0.0
07/29/2023 09:00,0.0
07/29/2023 09:30,0.0
07/29/2023 10:00,0.0
07/29/2023 10:30,0.0
07/29/2023 11:00,0.0
07/29/2023 11:30,0.0
07/29/2023 12:00,0.0
07/29/2023 12:30,0.0
07/29/2023 13:00,0.0
07/29/2023 13:30,0.0
07/29/2023 14:00,0.0
07/29/2023 14:30,0.0
07/29/2023 15:00,0.0
07/29/2023 15:30,0.0
07/29/2023 16:00,0.0
07/29/2023 16:30,0.0
07/29/2023 17:00,0.0
07/29/2023 17:30,0.0
07/29/2023 18:00,0.0
07/29/2023 18:30,0.0
07/29/2023 19:00,0.0
07/29/2023 19:30,0.0
07/29/2023 20:00,0.0
07/29/2023 20:30,0.0
07/29/2023 21:00,0.0
07/29/2023 21:30,0.0
07/29/2023 22:00,0.0
07/29/2023 22:30,0.0
07/29/2023 23:00,0.0
07/29/2023 23:30,0.0
07/30/2023 00:00,0.0
07/30/2023 00:30,0.0
07/30/2023 01:00,0.0
07/30/2023 01:30,0.0
07/30/2023 02:00,0.0
07/30/2023 02:30,0.0
07/30/2023 03:00,0.0
07/30/2023 03:30,0.0
07/30/2023 04:00,0.0
07/30/2023 04:30,0.0
07/30/2023 05:00,0.0
07/30/2023 05:30,0.0
07/30/2023 06:00,0.0
07/30/2023 06:30,0.0
07/30/2023 07:00,0.0
07/30/2023 07:30,0.0
07/30/2023 08:00,0.0
07/30/2023 08:30,0.0
07/30/2023 09:00,0.0
07/30/2023 09:30,0.0
07/30/2023 10:00,0.0
07/30/2023 10:30,0.0
07/30/2023 11:00,0.0
07/30/2023 11:30,0.0
07/30/2023 12:00,0.0
07/30/2023 12:30,0.0
07/30/2023 13:00,0.0
07/30/2023 13:30,0.0
07/30/2023 14:00,0.0
07/30/2023 14:30,0.0
07/30/2023 15:00,0.0
07/30/2023 15:30,0.0
07/30/2023 16:00,0.0
07/30/2023 16:30,0.0
07/30/2023 17:00,0.0
07/30/2023 17:30,0.0
07/30/2023 18:00,0.0
07/30/2023 18:30,0.0
07/30/2023 19:00,0.0
07/30/2023 19:30,0.0
07/30/2023 20:00,0.0
07/30/2023 20:30,0.0
07/30/2023 21:00,0.0
07/30/2023 21:30,0.0
07/30/2023 22:00,0.0
07/30/2023 22:30,0.0
07/30/2023 23:00,0.0
07/30/2023 23:30,0.0
07/31/2023 00:00,0.0
07/31/2023 00:30,0.0
07/31/2023 01:00,0.0
07/31/2023 01:30,0.0
07/31/2023 02:00,0.0
07/31/2023 02:30,0.0
07/31/2023 03:00,0.0
07/31/2023 03:30,0.0
07/31/2023 04:00,0.0
07/31/2023 04:30,0.0
07/31/2023 05:00,0.0
07/31/2023 05:30,0.0
07/31/2023 06:00,0.0
07/31/2023 06:30,0.0
07/31/2023 07:00,0.0
07/31/2023 07:30,0.0
07/31/2023 08:00,0.0
07/31/2023 08:30,0.0
07/31/2023 09:00,0.0
07/31/2023 09:30,0.0
07/31/2023 10:00,0.0
07/31/2023 10:30,0.0
07/31/2023 11:00,0.0
07/31/2023 11:30,0.0
07/31/2023 12:00,0.0
07/31/2023 12:30,0.0
07/31/2023 13:00,0.0
07/31/2023 13:30,0.0
07/31/2023 14:00,0.0
07/31/2023 14:30,0.0
07/31/2023 15:00,0.0
07/31/2023 15:30,0.0
07/31/2023 16:00,0.0
07/31/2023 16:30,0.0
07/31/2023 17:00,0.0
07/31/2023 17:30,0.0
07/31/2023 18:00,0.0
07/31/2023 18:30,0.0
07/31/2023 19:00,0.0
07/31/2023 19:30,0.0
07/31/2023 20:00,0.0
07/31/2023 20:30,0.0
07/31/2023 21:00,0.0
07/31/2023 21:30,0.0
07/31/2023 22:00,0.0
07/31/2023 22:30,0.0
07/31/2023 23:00,0.0
07/31/2023 23:30,0.0
08/01/2023 00:00,0.0
08/01/2023 00:30,0.0
08/01/2023 01:00,0.0
08/01/2023 01:30,0.0
08/01/2023 02:00,0.0
08/01/2023 02:30,0.0
08/01/2023 03:00,0.0
08/01/2023 03:30,0.0
08/01/2023 04:00,0.0
08/01/2023 04:30,0.0
08/01/2023 05:00,0.0
08/01/2023 05:30,0.0
08/01/2023 06:00,0.0
08/01/2023 06:30,0.0
08/01/2023 07:00,0.0
08/01/2023 07:30,0.0
08/01/2023 08:00,0.0
08/01/2023 08:30,0.0
08/01/2023 09:00,0.0
08/01/2023 09:30,0.0
08/01/2023 10:00,0.0
08/01/2023 10:30,0.0
08/01/2023 11:00,0.0
08/01/2023 11:30,0.0
08/01/2023 12:00,0.0
08/01/2023 12:30,0.0
08/01/2023 13:00,0.0
08/01/2023 13:30,0.0
08/01/2023 14:00,0.0
08/01/2023 14:30,0.0
08/01/2023 15:00,0.0
08/01/2023 15:30,0.0
08/01/2023 16:00,0.0
08/01/2023 16:30,0.0
08/01/2023 17:00,0.0
08/01/2023 17:30,0.0
08/01/2023 18:00,0.0
08/01/2023 18:30,0.0
08/01/2023 19:00,0.0
08/01/2023 19:30,0.0
08/01/2023 20:00,0.0
08/01/2023 20:30,0.0
08/01/2023 21:00,0.0
08/01/2023 21:30,0.0
08/01/2023 22:00,0.0
08/01/2023 22:30,0.0
08/01/2023 23:00,0.0
08/01/2023 23:30,0.0
08/02/2023 00:00,0.0
08/02/2023 00:30,0.0
08/02/2023 01:00,0.0
08/02/2023 01:30,0.0
08/02/2023 02:00,0.0
08/02/2023 02:30,0.0
08/02/2023 03:00,0.0
08/02/2023 03:30,0.0
08/02/2023 04:00,0.0
08/02/2023 04:30,0.0
08/02/2023 05:00,0.0
08/02/2023 05:30,0.0
08/02/2023 06:00,0.0
08/02/2023 06:30,0.0
08/02/2023 07:00,0.0
08/02/2023 07:30,0.0
08/02/2023 08:00,0.0
08/02/2023 08:30,0.0
08/02/2023 09:00,0.0
08/02/2023 09:30,0.0
08/02/2023 10:00,0.0
08/02/2023 10:30,0.0
08/02/2023 11:00,0.0
08/02/2023 11:30,0.0
08/02/2023 12:00,0.0
08/02/2023 12:30,0.0
08/02/2023 13:00,0.0
08/02/2023 13:30,0.0
08/02/2023 14:00,0.0
08/02/2023 14:30,0.0
08/02/2023 15:00,0.0
08/02/2023 15:30,0.0
08/02/2023 16:00,0.0
08/02/2023 16:30,0.0
08/02/2023 17:00,0.0
08/02/2023 17:30,0.0
08/02/2023 18:00,0.0
08/02/2023 18:30,0.0
08/02/2023 19:00,0.0
08/02/2023 19:30,0.0
08/02/2023 20:00,0.0
08/02/2023 20:30,0.0
08/02/2023 21:00,0.0
08/02/2023 21:30,0.0
08/02/2023 22:00,0.0
08/02/2023 22:30,0.0
08/02/2023 23:00,0.0
08/02/2023 23:30,0.0
08/03/2023 00:00,0.0
08/03/2023 00:30,0.0
08/03/2023 01:00,0.0
08/03/2023 01:30,0.0
08/03/2023 02:00,0.0
08/03/2023 02:30,0.0
08/03/2023 03:00,0.0
08/03/2023 03:30,0.0
08/03/2023 04:00,0.0
08/03/2023 04:30,0.0
08/03/2023 05:00,0.0
08/03/2023 05:30,0.0
08/03/2023 06:00,0.0
08/03/2023 06:30,0.0
08/03/2023 07:00,0.0
08/03/2023 07:30,0.0
08/03/2023 08:00,0.0
08/03/2023 08:30,0.0
08/03/2023 09:00,0.0
08/03/2023 09:30,0.0
08/03/2023 10:00,0.0
08/03/2023 10:30,0.0
08/03/2023 11:00,0.0
08/03/2023 11:30,0.0
08/03/2023 12:00,0.0
08/03/2023 12:30,0.0
08/03/2023 13:00,0.0
08/03/2023 13:30,0.0
08/03/2023 14:00,0.0
08/03/2023 14:30,0.0
08/03/2023 15:00,0.0
08/03/2023 15:30,0.0
08/03/2023 16:00,0.0
08/03/2023 16:30,0.0
08/03/2023 17:00,0.0
08/03/2023 17:30,0.0
08/03/2023 18:00,0.0
08/03/2023 18:30,0.0
08/03/2023 19:00,0.0
08/03/2023 19:30,0.0
08/03/2023 20:00,0.0
08/03/2023 20:30,0.0
08/03/2023 21:00,0.0
08/03/2023 21:30,0.0
08/03/2023 22:00,0.0
08/03/2023 22:30,0.0
08/03/2023 23:00,0.0
08/03/2023 23:30,0.0
08/04/2023 00:00,0.0
08/04/2023 00:30,0.0
08/04/2023 01:00,0.0
08/04/2023 01:30,0.0
08/04/2023 02:00,0.0
08/04/2023 02:30,0.0
08/04/2023 03:00,0.0
08/04/2023 03:30,0.0
08/04/2023 04:00,0.0
08/04/2023 04:30,0.0
08/04/2023 05:00,0.0
08/04/2023 05:30,0.0
08/04/2023 06:00,0.0
08/04/2023 06:30,0.0
08/04/2023 07:00,0.0
08/04/2023 07:30,0.0
08/04/2023 08:00,0.0
08/04/2023 08:30,0.0
08/04/2023 09:00,0.0
08/04/2023 09:30,0.0
08/04/2023 10:00,0.0
08/04/2023 10:30,0.0
08/04/2023 11:00,0.0
08/04/2023 11:30,0.0
08/04/2023 12:00,0.0
08/04/2023 12:30,0.0
08/04/2023 13:00,0.0
08/04/2023 13:30,0.0
08/04/2023 14:00,0.0
08/04/2023 14:30,0.0
08/04/2023 15:00,0.0
08/04/2023 15:30,0.0
08/04/2023 16:00,0.0
08/04/2023 16:30,0.0
08/04/2023 17:00,0.0
08/04/2023 17:30,0.0
08/04/2023 18:00,0.0
08/04/2023 18:30,0.0
08/04/2023 19:00,0.0
08/04/2023 19:30,0.0
08/04/2023 20:00,0.0
08/04/2023 20:30,0.0
08/04/2023 21:00,0.0
08/04/2023 21:30,0.0
08/04/2023 22:00,0.0
08/04/2023 22:30,0.0
08/04/2023 23:00,0.0
08/04/2023 23:30,0.0
08/05/2023 00:00,0.0
08/05/2023 00:30,0.0
08/05/2023 01:00,0.0
08/05/2023 01:30,0.0
08/05/2023 02:00,0.0
08/05/2023 02:30,0.0
08/05/2023 03:00,0.0
08/05/2023 03:30,0.0
08/05/2023 04:00,0.0
08/05/2023 04:30,0.0
08/05/2023 05:00,0.0
08/05/2023 05:30,0.0
08/05/2023 06:00,0.0
08/05/2023 06:30,0.0
08/05/2023 07:00,0.0
08/05/2023 07:30,0.0
08/05/2023 08:00,0.0
08/05/2023 08:30,0.0
08/05/2023 09:00,0.0
08/05/2023 09:30,0.0
08/05/2023 10:00,0.0
08/05/2023 10:30,0.0
08/05/2023 11:00,0.0
08/05/2023 11:30,0.0
08/05/2023 12:00,0.0
08/05/2023 12:30,0.0
08/05/2023 13:00,0.0
08/05/2023 13:30,0.0
08/05/2023 14:00,0.0
08/05/2023 14:30,0.0
08/05/2023 15:00,0.0
08/05/2023 15:30,0.0
08/05/2023 16:00,0.0
08/05/2023 16:30,0.0
08/05/2023 17:00,0.0
08/05/2023 17:30,0.0
08/05/2023 18:00,0.0
08/05/2023 18:30,0.0
08/05/2023 19:00,0.0
08/05/2023 19:30,0.0
08/05/2023 20:00,0.0
08/05/2023 20:30,0.0
08/05/2023 21:00,0.0
08/05/2023 21:30,0.0
08/05/2023 22:00,0.0
08/05/2023 22:30,0.0
08/05/2023 23:00,0.0
08/05/2023 23:30,0.0
08/06/2023 00:00,0.0
08/06/2023 00:30,0.0
08/06/2023 01:00,0.0
08/06/2023 01:30,0.0
08/06/2023 02:00,0.0
08/06/2023 02:30,0.0
08/06/2023 03:00,0.0
08/06/2023 03:30,0.0
08/06/2023 04:00,0.0
08/06/2023 04:30,0.0
08/06/2023 05:00,0.0
08/06/2023 05:30,0.0
08/06/2023 06:00,0.0
08/06/2023 06:30,0.0
08/06/2023 07:00,0.0
08/06/2023 07:30,0.0
08/06/2023 08:00,0.0
08/06/2023 08:30,0.0
08/06/2023 09:00,0.0
08/06/2023 09:30,0.0
08/06/2023 10:00,0.0
08/06/2023 10:30,0.0
08/06/2023 11:00,0.0
08/06/2023 11:30,0.0
08/06/2023 12:00,0.0
08/06/2023 12:30,0.0
08/06/2023 13:00,0.0
08/06/2023 13:30,0.0
08/06/2023 14:00,0.0
08/06/2023 14:30,0.0
08/06/2023 15:00,0.0
08/06/2023 15:30,0.0
08/06/2023 16:00,0.0
08/06/2023 16:30,0.0
08/06/2023 17:00,0.0
08/06/2023 17:30,0.0
08/06/2023 18:00,0.0
08/06/2023 18:30,0.0
08/06/2023 19:00,0.0
08/06/2023 19:30,0.0
08/06/2023 20:00,0.0
08/06/2023 20:30,0.0
08/06/2023 21:00,0.0
08/06/2023 21:30,0.0
08/06/2023 22:00,0.0
08/06/2023 22:30,0.0
08/06/2023 23:00,0.0
08/06/2023 23:30,0.0
08/07/2023 00:00,0.0
08/07/2023 00:30,0.0
08/07/2023 01:00,0.0
08/07/2023 01:30,0.0
08/07/2023 02:00,0.0
08/07/2023 02:30,0.0
08/07/2023 03:00,0.0
08/07/2023 03:30,0.0
08/07/2023 04:00,0.0
08/07/2023 04:30,0.0
08/07/2023 05:00,0.0
08/07/2023 05:30,0.0
08/07/2023 06:00,0.0
08/07/2023 06:30,0.0
08/07/2023 07:00,0.0
08/07/2023 07:30,0.0
08/07/2023 08:00,0.0
08/07/2023 08:30,0.0
08/07/2023 09:00,0.0
08/07/2023 09:30,0.0
08/07/2023 10:00,0.0
08/07/2023 10:30,0.0
08/07/2023 11:00,0.0
08/07/2023 11:30,0.0
08/07/2023 12:00,0.0
08/07/2023 12:30,0.0
08/07/2023 13:00,0.0
08/07/2023 13:30,0.0
08/07/2023 14:00,0.0
08/07/2023 14:30,0.0
08/07/2023 15:00,0.0
08/07/2023 15:30,0.0
08/07/2023 16:00,0.0
08/07/2023 16:30,0.0
08/07/2023 17:00,0.0
08/07/2023 17:30,0.0
08/07/2023 18:00,0.0
08/07/2023 18:30,0.0
08/07/2023 19:00,0.0
08/07/2023 19:30,0.0
08/07/2023 20:00,0.0
08/07/2023 20:30,0.0
08/07/2023 21:00,0.0
08/07/2023 21:30,0.0
08/07/2023 22:00,0.0
08/07/2023 22:30,0.0
08/07/2023 23:00,0.0
08/07/2023 23:30,0.0
08/08/2023 00:00,0.0
08/08/2023 00:30,0.0
08/08/2023 01:00,0.0
08/08/2023 01:30,0.0
08/08/2023 02:00,0.0
08/08/2023 02:30,0.0
08/08/2023 03:00,0.0
08/08/2023 03:30,0.0
08/08/2023 04:00,0.0
08/08/2023 04:30,0.0
08/08/2023 05:00,0.0
08/08/2023 05:30,0.0
08/08/2023 06:00,0.0
08/08/2023 06:30,0.0
08/08/2023 07:00,0.0
08/08/2023 07:30,0.0
08/08/2023 08:00,0.0
08/08/2023 08:30,0.0
08/08/2023 09:00,0.0
08/08/2023 09:30,0.0
08/08/2023 10:00,0.0
08/08/2023 10:30,0.0
08/08/2023 11:00,0.0
08/08/2023 11:30,0.0
08/08/2023 12:00,0.0
08/08/2023 12:30,0.0
08/08/2023 13:00,0.0
08/08/2023 13:30,0.0
08/08/2023 14:00,0.0
08/08/2023 14:30,0.0
08/08/2023 15:00,0.0
08/08/2023 15:30,0.0
08/08/2023 16:00,0.0
08/08/2023 16:30,0.0
08/08/2023 17:00,0.0
08/08/2023 17:30,0.0
08/08/2023 18:00,0.0
08/08/2023 18:30,0.0
08/08/2023 19:00,0.0
08/08/2023 19:30,0.0
08/08/2023 20:00,0.0
08/08/2023 20:30,0.0
08/08/2023 21:00,0.0
08/08/2023 21:30,0.0
08/08/2023 22:00,0.0
08/08/2023 22:30,0.0
08/08/2023 23:00,0.0
08/08/2023 23:30,0.0
08/09/2023 00:00,0.0
08/09/2023 00:30,0.0
08/09/2023 01:00,0.0
08/09/2023 01:30,0.0
08/09/2023 02:00,0.0
08/09/2023 02:30,0.0
08/09/2023 03:00,0.0
08/09/2023 03:30,0.0
08/09/2023 04:00,0.0
08/09/2023 04:30,0.0
08/09/2023 05:00,0.0
08/09/2023 05:30,0.0
08/09/2023 06:00,0.0
08/09/2023 06:30,0.0
08/09/2023 07:00,0.0
08/09/2023 07:30,0.0
08/09/2023 08:00,0.0
08/09/2023 08:30,0.0
08/09/2023 09:00,0.0
08/09/2023 09:30,0.0
08/09/2023 10:00,0.0
08/09/2023 10:30,0.0
08/09/2023 11:00,0.0
08/09/2023 11:30,0.0
08/09/2023 12:00,0.0
08/09/2023 12:30,0.0
08/09/2023 13:00,0.0
08/09/2023 13:30,0.0
08/09/2023 14:00,0.0
08/09/2023 14:30,0.0
08/09/2023 15:00,0.0
08/09/2023 15:30,0.0
08/09/2023 16:00,0.0
08/09/2023 16:30,0.0
08/09/2023 17:00,0.0
08/09/2023 17:30,0.0
08/09/2023 18:00,0.0
08/09/2023 18:30,0.0
08/09/2023 19:00,0.0
08/09/2023 19:30,0.0
08/09/2023 20:00,0.0
08/09/2023 20:30,0.0
08/09/2023 21:00,0.0
08/09/2023 21:30,0.0
08/09/2023 22:00,0.0
08/09/2023 22:30,0.0
08/09/2023 23:00,0.0
08/09/2023 23:30,0.0
08/10/2023 00:00,0.0
08/10/2023 00:30,0.0
08/10/2023 01:00,0.0
08/10/2023 01:30,0.0
08/10/2023 02:00,0.0
08/10/2023 02:30,0.0
08/10/2023 03:00,0.0
08/10/2023 03:30,0.0
08/10/2023 04:00,0.0
08/10/2023 04:30,0.0
08/10/2023 05:00,0.0
08/10/2023 05:30,0.0
08/10/2023 06:00,0.0
08/10/2023 06:30,0.0
08/10/2023 07:00,0.0
08/10/2023 07:30,0.0
08/10/2023 08:00,0.0
08/10/2023 08:30,0.0
08/10/2023 09:00,0.0
08/10/2023 09:30,0.0
08/10/2023 10:00,0.0
08/10/2023 10:30,0.0
08/10/2023 11:00,0.0
08/10/2023 11:30,0.0
08/10/2023 12:00,0.0
08/10/2023 12:30,0.0
08/10/2023 13:00,0.0
08/10/2023 13:30,0.0
08/10/2023 14:00,0.0
08/10/2023 14:30,0.0
08/10/2023 15:00,0.0
08/10/2023 15:30,0.0
08/10/2023 16:00,0.0
08/10/2023 16:30,0.0
08/10/2023 17:00,0.0
08/10/2023 17:30,0.0
08/10/2023 18:00,0.0
08/10/2023 18:30,0.0
08/10/2023 19:00,0.0
08/10/2023 19:30,0.0
08/10/2023 20:00,0.0
08/10/2023 20:30,0.0
08/10/2023 21:00,0.0
08/10/2023 21:30,0.0
08/10/2023 22:00,0.0
08/10/2023 22:30,0.0
08/10/2023 23:00,0.0
08/10/2023 23:30,0.0
08/11/2023 00:00,0.0
08/11/2023 00:30,0.0
08/11/2023 01:00,0.0
08/11/2023 01:30,0.0
08/11/2023 02:00,0.0
08/11/2023 02:30,0.0
08/11/2023 03:00,0.0
08/11/2023 03:30,0.0
08/11/2023 04:00,0.0
08/11/2023 04:30,0.0
08/11/2023 05:00,0.0
08/11/2023 05:30,0.0
08/11/2023 06:00,0.0
08/11/2023 06:30,0.0
08/11/2023 07:00,0.0
08/11/2023 07:30,0.0
08/11/2023 08:00,0.0
08/11/2023 08:30,0.0
08/11/2023 09:00,0.0
08/11/2023 09:30,0.0
08/11/2023 10:00,0.0
08/11/2023 10:30,0.0
08/11/2023 11:00,0.0
08/11/2023 11:30,0.0
08/11/2023 12:00,0.0
08/11/2023 12:30,0.0
08/11/2023 13:00,0.0
08/11/2023 13:30,0.0
08/11/2023 14:00,0.0
08/11/2023 14:30,0.0
08/11/2023 15:00,0.0
08/11/2023 15:30,0.0
08/11/2023 16:00,0.0
08/11/2023 16:30,0.0
08/11/2023 17:00,0.0
08/11/2023 17:30,0.0
08/11/2023 18:00,0.0
08/11/2023 18:30,0.0
08/11/2023 19:00,0.0
08/11/2023 19:30,0.0
08/11/2023 20:00,0.0
08/11/2023 20:30,0.0
08/11/2023 21:00,0.0
08/11/2023 21:30,0.0
08/11/2023 22:00,0.0
08/11/2023 22:30,0.0
08/11/2023 23:00,0.0
08/11/2023 23:30,0.0
08/12/2023 00:00,0.0
08/12/2023 00:30,0.0
08/12/2023 01:00,0.0
08/12/2023 01:30,0.0
08/12/2023 02:00,0.0
08/12/2023 02:30,0.0
08/12/2023 03:00,0.0
08/12/2023 03:30,0.0
08/12/2023 04:00,0.0
08/12/2023 04:30,0.0
08/12/2023 05:00,0.0
08/12/2023 05:30,0.0
08/12/2023 06:00,0.0
08/12/2023 06:30,0.0
08/12/2023 07:00,0.0
08/12/2023 07:30,0.0
08/12/2023 08:00,0.0
08/12/2023 08:30,0.0
08/12/2023 09:00,0.0
08/12/2023 09:30,0.0
08/12/2023 10:00,0.0
08/12/2023 10:30,0.0
08/12/2023 11:00,0.0
08/12/2023 11:30,0.0
08/12/2023 12:00,0.0
08/12/2023 12:30,0.0
08/12/2023 13:00,0.0
08/12/2023 13:30,0.0
08/12/2023 14:00,0.0
08/12/2023 14:30,0.0
08/12/2023 15:00,0.0
08/12/2023 15:30,0.0
08/12/2023 16:00,0.0
08/12/2023 16:30,0.0
08/12/2023 17:00,0.0
08/12/2023 17:30,0.0
08/12/2023 18:00,0.0
08/12/2023 18:30,0.0
08/12/2023 19:00,0.0
08/12/2023 19:30,0.0
08/12/2023 20:00,0.0
08/12/2023 20:30,0.0
08/12/2023 21:00,0.0
08/12/2023 21:30,0.0
08/12/2023 22:00,0.0
08/12/2023 22:30,0.0
08/12/2023 23:00,0.0
08/12/2023 23:30,0.0
08/13/2023 00:00,0.0
08/13/2023 00:30,0.0
08/13/2023 01:00,0.0
08/13/2023 01:30,0.0
08/13/2023 02:00,0.0
08/13/2023 02:30,0.0
08/13/2023 03:00,0.0
08/13/2023 03:30,0.0
08/13/2023 04:00,0.0
08/13/2023 04:30,0.0
08/13/2023 05:00,0.0
08/13/2023 05:30,0.0
08/13/2023 06:00,0.0
08/13/2023 06:30,0.0
08/13/2023 07:00,0.0
08/13/2023 07:30,0.0
08/13/2023 08:00,0.0
08/13/2023 08:30,0.0
08/13/2023 09:00,0.0
08/13/2023 09:30,0.0
08/13/2023 10:00,0.0
08/13/2023 10:30,0.0
08/13/2023 11:00,0.0
08/13/2023 11:30,0.0
08/13/2023 12:00,0.0
08/13/2023 12:30,0.0
08/13/2023 13:00,0.0
08/13/2023 13:30,0.0
08/13/2023 14:00,0.0
08/13/2023 14:30,0.0
08/13/2023 15:00,0.0
08/13/2023 15:30,0.0
08/13/2023 16:00,0.0
08/13/2023 16:30,0.0
08/13/2023 17:00,0.0
08/13/2023 17:30,0.0
08/13/2023 18:00,0.0
08/13/2023 18:30,0.0
08/13/2023 19:00,0.0
08/13/2023 19:30,0.0
08/13/2023 20:00,0.0
08/13/2023 20:30,0.0
08/13/2023 21:00,0.0
08/13/2023 21:30,0.0
08/13/2023 22:00,0.0
08/13/2023 22:30,0.0
08/13/2023 23:00,0.0
08/13/2023 23:30,0.0
08/14/2023 00:00,0.0
08/14/2023 00:30,0.0
08/14/2023 01:00,0.0
08/14/2023 01:30,0.0
08/14/2023 02:00,0.0
08/14/2023 02:30,0.0
08/14/2023 03:00,0.0
08/14/2023 03:30,0.0
08/14/2023 04:00,0.0
08/14/2023 04:30,0.0
08/14/2023 05:00,0.0
08/14/2023 05:30,0.0
08/14/2023 06:00,0.0
08/14/2023 06:30,0.0
08/14/2023 07:00,0.0
08/14/2023 07:30,0.0
08/14/2023 08:00,0.0
08/14/2023 08:30,0.0
08/14/2023 09:00,0.0
08/14/2023 09:30,0.0
08/14/2023 10:00,0.0
08/14/2023 10:30,0.0
08/14/2023 11:00,0.0
08/14/2023 11:30,0.0
08/14/2023 12:00,0.0
08/14/2023 12:30,0.0
08/14/2023 13:00,0.0
08/14/2023 13:30,0.0
08/14/2023 14:00,0.0
08/14/2023 14:30,0.0
08/14/2023 15:00,0.0
08/14/2023 15:30,0.0
08/14/2023 16:00,0.0
08/14/2023 16:30,0.0
08/14/2023 17:00,0.0
08/14/2023 17:30,0.0
08/14/2023 18:00,0.0
08/14/2023 18:30,0.0
08/14/2023 19:00,0.0
08/14/2023 19:30,0.0
08/14/2023 20:00,0.0
08/14/2023 20:30,0.0
08/14/2023 21:00,0.0
08/14/2023 21:30,0.0
08/14/2023 22:00,0.0
08/14/2023 22:30,0.0
08/14/2023 23:00,0.0
08/14/2023 23:30,0.0
08/15/2023 00:00,0.0
08/15/2023 00:30,0.0
08/15/2023 01:00,0.0
08/15/2023 01:30,0.0
08/15/2023 02:00,0.0
08/15/2023 02:30,0.0
08/15/2023 03:00,0.0
08/15/2023 03:30,0.0
08/15/2023 04:00,0.0
08/15/2023 04:30,0.0
08/15/2023 05:00,0.0
08/15/2023 05:30,0.0
08/15/2023 06:00,0.0
08/15/2023 06:30,0.0
08/15/2023 07:00,0.0
08/15/2023 07:30,0.0
08/15/2023 08:00,0.0
08/15/2023 08:30,0.0
08/15/2023 09:00,0.0
08/15/2023 09:30,0.0
08/15/2023 10:00,0.0
08/15/2023 10:30,0.0
08/15/2023 11:00,0.0
08/15/2023 11:30,0.0
08/15/2023 12:00,0.0
08/15/2023 12:30,0.0
08/15/2023 13:00,0.0
08/15/2023 13:30,0.0
08/15/2023 14:00,0.0
08/15/2023 14:30,0.0
08/15/2023 15:00,0.0
08/15/2023 15:30,0.0
08/15/2023 16:00,0.0
08/15/2023 16:30,0.0
08/15/2023 17:00,0.0
08/15/2023 17:30,0.0
08/15/2023 18:00,0.0
08/15/2023 18:30,0.0
08/15/2023 19:00,0.0
08/15/2023 19:30,0.0
08/15/2023 20:00,0.0
08/15/2023 20:30,0.0
08/15/2023 21:00,0.0
08/15/2023 21:30,0.0
08/15/2023 22:00,0.0
08/15/2023 22:30,0.0
08/15/2023 23:00,0.0
08/15/2023 23:30,0.0
08/16/2023 00:00,0.0
08/16/2023 00:30,0.0
08/16/2023 01:00,0.0
08/16/2023 01:30,0.0
08/16/2023 02:00,0.0
08/16/2023 02:30,0.0
08/16/2023 03:00,0.0
08/16/2023 03:30,0.0
08/16/2023 04:00,0.0
08/16/2023 04:30,0.0
08/16/2023 05:00,0.0
08/16/2023 05:30,0.0
08/16/2023 06:00,0.0
08/16/2023 06:30,0.0
08/16/2023 07:00,0.0
08/16/2023 07:30,0.0
08/16/2023 08:00,0.0
08/16/2023 08:30,0.0
08/16/2023 09:00,0.0
08/16/2023 09:30,0.0
08/16/2023 10:00,0.0
08/16/2023 10:30,0.0
08/16/2023 11:00,0.0
08/16/2023 11:30,0.0
08/16/2023 12:00,0.0
08/16/2023 12:30,0.0
08/16/2023 13:00,0.0
08/16/2023 13:30,0.0
08/16/2023 14:00,0.0
08/16/2023 14:30,0.0
08/16/2023 15:00,0.0
08/16/2023 15:30,0.0
08/16/2023 16:00,0.0
08/16/2023 16:30,0.0
08/16/2023 17:00,0.0
08/16/2023 17:30,0.0
08/16/2023 18:00,0.0
08/16/2023 18:30,0.0
08/16/2023 19:00,0.0
08/16/2023 19:30,0.0
08/16/2023 20:00,0.0
08/16/2023 20:30,0.0
08/16/2023 21:00,0.0
08/16/2023 21:30,0.0
08/16/2023 22:00,0.0
08/16/2023 22:30,0.0
08/16/2023 23:00,0.0
08/16/2023 23:30,0.0
08/17/2023 00:00,0.0
08/17/2023 00:30,0.0
08/17/2023 01:00,0.0
08/17/2023 01:30,0.0
08/17/2023 02:00,0.0
08/17/2023 02:30,0.0
08/17/2023 03:00,0.0
08/17/2023 03:30,0.0
08/17/2023 04:00,0.0
08/17/2023 04:30,0.0
08/17/2023 05:00,0.0
08/17/2023 05:30,0.0
08/17/2023 06:00,0.0
08/17/2023 06:30,0.0
08/17/2023 07:00,0.0
08/17/2023 07:30,0.0
08/17/2023 08:00,0.0
08/17/2023 08:30,0.0
08/17/2023 09:00,0.0
08/17/2023 09:30,0.0
08/17/2023 10:00,0.0
08/17/2023 10:30,0.0
08/17/2023 11:00,0.0
08/17/2023 11:30,0.0
08/17/2023 12:00,0.0
08/17/2023 12:30,0.0
08/17/2023 13:00,0.0
08/17/2023 13:30,0.0
08/17/2023 14:00,0.0
08/17/2023 14:30,0.0
08/17/2023 15:00,0.0
08/17/2023 15:30,0.0
08/17/2023 16:00,0.0
08/17/2023 16:30,0.0
08/17/2023 17:00,0.0
08/17/2023 17:30,0.0
08/17/2023 18:00,0.0
08/17/2023 18:30,0.0
08/17/2023 19:00,0.0
08/17/2023 19:30,0.0
08/17/2023 20:00,0.0
08/17/2023 20:30,0.0
08/17/2023 21:00,0.0
08/17/2023 21:30,0.0
08/17/2023 22:00,0.0
08/17/2023 22:30,0.0
08/17/2023 23:00,0.0
08/17/2023 23:30,0.0
08/18/2023 00:00,0.0
08/18/2023 00:30,0.0
08/18/2023 01:00,0.0
08/18/2023 01:30,0.0
08/18/2023 02:00,0.0
08/18/2023 02:30,0.0
08/18/2023 03:00,0.0
08/18/2023 03:30,0.0
08/18/2023 04:00,0.0
08/18/2023 04:30,0.0
08/18/2023 05:00,0.0
08/18/2023 05:30,0.0
08/18/2023 06:00,0.0
08/18/2023 06:30,0.0
08/18/2023 07:00,0.0
08/18/2023 07:30,0.0
08/18/2023 08:00,0.0
08/18/2023 08:30,0.0
08/18/2023 09:00,0.0
08/18/2023 09:30,0.0
08/18/2023 10:00,0.0
08/18/2023 10:30,0.0
08/18/2023 11:00,0.0
08/18/2023 11:30,0.0
08/18/2023 12:00,0.0
08/18/2023 12:30,0.0
08/18/2023 13:00,0.0
08/18/2023 13:30,0.0
08/18/2023 14:00,0.0
08/18/2023 14:30,0.0
08/18/2023 15:00,0.0
08/18/2023 15:30,0.0
08/18/2023 16:00,0.0
08/18/2023 16:30,0.0
08/18/2023 17:00,0.0
08/18/2023 17:30,0.0
08/18/2023 18:00,0.0
08/18/2023 18:30,0.0
08/18/2023 19:00,0.0
08/18/2023 19:30,0.0
08/18/2023 20:00,0.0
08/18/2023 20:30,0.0
08/18/2023 21:00,0.0
08/18/2023 21:30,0.0
08/18/2023 22:00,0.0
08/18/2023 22:30,0.0
08/18/2023 23:00,0.0
08/18/2023 23:30,0.0
08/19/2023 00:00,0.0
08/19/2023 00:30,0.0
08/19/2023 01:00,0.0
08/19/2023 01:30,0.0
08/19/2023 02:00,0.0
08/19/2023 02:30,0.0
08/19/2023 03:00,0.0
08/19/2023 03:30,0.0
08/19/2023 04:00,0.0
08/19/2023 04:30,0.0
08/19/2023 05:00,0.0
08/19/2023 05:30,0.0
08/19/2023 06:00,0.0
08/19/2023 06:30,0.0
08/19/2023 07:00,0.0
08/19/2023 07:30,0.0
08/19/2023 08:00,0.0
08/19/2023 08:30,0.0
08/19/2023 09:00,0.0
08/19/2023 09:30,0.0
08/19/2023 10:00,0.0
08/19/2023 10:30,0.0
08/19/2023 11:00,0.0
08/19/2023 11:30,0.0
08/19/2023 12:00,0.0
08/19/2023 12:30,0.0
08/19/2023 13:00,0.0
08/19/2023 13:30,0.0
08/19/2023 14:00,0.0
08/19/2023 14:30,0.0
08/19/2023 15:00,0.0
08/19/2023 15:30,0.0
08/19/2023 16:00,0.0
08/19/2023 16:30,0.0
08/19/2023 17:00,0.0
08/19/2023 17:30,0.0
08/19/2023 18:00,0.0
08/19/2023 18:30,0.0
08/19/2023 19:00,0.0
08/19/2023 19:30,0.0
08/19/2023 20:00,0.0
08/19/2023 20:30,0.0
08/19/2023 21:00,0.0
08/19/2023 21:30,0.0
08/19/2023 22:00,0.0
08/19/2023 22:30,0.0
08/19/2023 23:00,0.0
08/19/2023 23:30,0.0
08/20/2023 00:00,0.0
08/20/2023 00:30,0.0
08/20/2023 01:00,0.0
08/20/2023 01:30,0.0
08/20/2023 02:00,0.0
08/20/2023 02:30,0.0
08/20/2023 03:00,0.0
08/20/2023 03:30,0.0
08/20/2023 04:00,0.0
08/20/2023 04:30,0.0
08/20/2023 05:00,0.0
08/20/2023 05:30,0.0
08/20/2023 06:00,0.0
08/20/2023 06:30,0.0
08/20/2023 07:00,0.0
08/20/2023 07:30,0.0
08/20/2023 08:00,0.0
08/20/2023 08:30,0.0
08/20/2023 09:00,0.0
08/20/2023 09:30,0.0
08/20/2023 10:00,0.0
08/20/2023 10:30,0.0
08/20/2023 11:00,0.0
08/20/2023 11:30,0.0
08/20/2023 12:00,0.0
08/20/2023 12:30,0.0
08/20/2023 13:00,0.0
08/20/2023 13:30,0.0
08/20/2023 14:00,0.0
08/20/2023 14:30,0.0
08/20/2023 15:00,0.0
08/20/2023 15:30,0.0
08/20/2023 16:00,0.0
08/20/2023 16:30,0.0
08/20/2023 17:00,0.0
08/20/2023 17:30,0.0
08/20/2023 18:00,0.0
08/20/2023 18:30,0.0
08/20/2023 19:00,0.0
08/20/2023 19:30,0.0
08/20/2023 20:00,0.0
08/20/2023 20:30,0.0
08/20/2023 21:00,0.0
08/20/2023 21:30,0.0
08/20/2023 22:00,0.0
08/20/2023 22:30,0.0
08/20/2023 23:00,0.0
08/20/2023 23:30,0.0
08/21/2023 00:00,0.0
08/21/2023 00:30,0.0
08/21/2023 01:00,0.0
08/21/2023 01:30,0.0
08/21/2023 02:00,0.0
08/21/2023 02:30,0.0
08/21/2023 03:00,0.0
08/21/2023 03:30,0.0
08/21/2023 04:00,0.0
08/21/2023 04:30,0.0
08/21/2023 05:00,0.0
08/21/2023 05:30,0.0
08/21/2023 06:00,0.0
08/21/2023 06:30,0.0
08/21/2023 07:00,0.0
08/21/2023 07:30,0.0
08/21/2023 08:00,0.0
08/21/2023 08:30,0.0
08/21/2023 09:00,0.0
08/21/2023 09:30,0.0
08/21/2023 10:00,0.0
08/21/2023 10:30,0.0
08/21/2023 11:00,0.0
08/21/2023 11:30,0.0
08/21/2023 12:00,0.0
08/21/2023 12:30,0.0
08/21/2023 13:00,0.0
08/21/2023 13:30,0.0
08/21/2023 14:00,0.0
08/21/2023 14:30,0.0
08/21/2023 15:00,0.0
08/21/2023 15:30,0.0
08/21/2023 16:00,0.0
08/21/2023 16:30,0.0
08/21/2023 17:00,0.0
08/21/2023 17:30,0.0
08/21/2023 18:00,0.0
08/21/2023 18:30,0.0
08/21/2023 19:00,0.0
08/21/2023 19:30,0.0
08/21/2023 20:00,0.0
08/21/2023 20:30,0.0
08/21/2023 21:00,0.0
08/21/2023 21:30,0.0
08/21/2023 22:00,0.0
08/21/2023 22:30,0.0
08/21/2023 23:00,0.0
08/21/2023 23:30,0.0
08/22/2023 00:00,0.0
08/22/2023 00:30,0.0
08/22/2023 01:00,0.0
08/22/2023 01:30,0.0
08/22/2023 02:00,0.0
08/22/2023 02:30,0.0
08/22/2023 03:00,0.0
08/22/2023 03:30,0.0
08/22/2023 04:00,0.0
08/22/2023 04:30,0.0
08/22/2023 05:00,0.0
08/22/2023 05:30,0.0
08/22/2023 06:00,0.0
08/22/2023 06:30,0.0
08/22/2023 07:00,0.0
08/22/2023 07:30,0.0
08/22/2023 08:00,0.0
08/22/2023 08:30,0.0
08/22/2023 09:00,0.0
08/22/2023 09:30,0.0
08/22/2023 10:00,0.0
08/22/2023 10:30,0.0
08/22/2023 11:00,0.0
08/22/2023 11:30,0.0
08/22/2023 12:00,0.0
08/22/2023 12:30,0.0
08/22/2023 13:00,0.0
08/22/2023 13:30,0.0
08/22/2023 14:00,0.0
08/22/2023 14:30,0.0
08/22/2023 15:00,0.0
08/22/2023 15:30,0.0
08/22/2023 16:00,0.0
08/22/2023 16:30,0.0
08/22/2023 17:00,0.0
08/22/2023 17:30,0.0
08/22/2023 18:00,0.0
08/22/2023 18:30,0.0
08/22/2023 19:00,0.0
08/22/2023 19:30,0.0
08/22/2023 20:00,0.0
08/22/2023 20:30,0.0
08/22/2023 21:00,0.0
08/22/2023 21:30,0.0
08/22/2023 22:00,0.0
08/22/2023 22:30,0.0
08/22/2023 23:00,0.0
08/22/2023 23:30,0.0
08/23/2023 00:00,0.0
08/23/2023 00:30,0.0
08/23/2023 01:00,0.0
08/23/2023 01:30,0.0
08/23/2023 02:00,0.0
08/23/2023 02:30,0.0
08/23/2023 03:00,0.0
08/23/2023 03:30,0.0
08/23/2023 04:00,0.0
08/23/2023 04:30,0.0
08/23/2023 05:00,0.0
08/23/2023 05:30,0.0
08/23/2023 06:00,0.0
08/23/2023 06:30,0.0
08/23/2023 07:00,0.0
08/23/2023 07:30,0.0
08/23/2023 08:00,0.0
08/23/2023 08:30,0.0
08/23/2023 09:00,0.0
08/23/2023 09:30,0.0
08/23/2023 10:00,0.0
08/23/2023 10:30,0.0
08/23/2023 11:00,0.0
08/23/2023 11:30,0.0
08/23/2023 12:00,0.0
08/23/2023 12:30,0.0
08/23/2023 13:00,0.0
08/23/2023 13:30,0.0
08/23/2023 14:00,0.0
08/23/2023 14:30,0.0
08/23/2023 15:00,0.0
08/23/2023 15:30,0.0
08/23/2023 16:00,0.0
08/23/2023 16:30,0.0
08/23/2023 17:00,0.0
08/23/2023 17:30,0.0
08/23/2023 18:00,0.0
08/23/2023 18:30,0.0
08/23/2023 19:00,0.0
08/23/2023 19:30,0.0
08/23/2023 20:00,0.0
08/23/2023 20:30,0.0
08/23/2023 21:00,0.0
08/23/2023 21:30,0.0
08/23/2023 22:00,0.0
08/23/2023 22:30,0.0
08/23/2023 23:00,0.0
08/23/2023 23:30,0.0
08/24/2023 00:00,0.0
08/24/2023 00:30,0.0
08/24/2023 01:00,0.0
08/24/2023 01:30,0.0
08/24/2023 02:00,0.0
08/24/2023 02:30,0.0
08/24/2023 03:00,0.0
08/24/2023 03:30,0.0
08/24/2023 04:00,0.0
08/24/2023 04:30,0.0
08/24/2023 05:00,0.0
08/24/2023 05:30,0.0
08/24/2023 06:00,0.0
08/24/2023 06:30,0.0
08/24/2023 07:00,0.0
08/24/2023 07:30,0.0
08/24/2023 08:00,0.0
08/24/2023 08:30,0.0
08/24/2023 09:00,0.0
08/24/2023 09:30,0.0
08/24/2023 10:00,0.0
08/24/2023 10:30,0.0
08/24/2023 11:00,0.0
08/24/2023 11:30,0.0
08/24/2023 12:00,0.0
08/24/2023 12:30,0.0
08/24/2023 13:00,0.0
08/24/2023 13:30,0.0
08/24/2023 14:00,0.0
08/24/2023 14:30,0.0
08/24/2023 15:00,0.0
08/24/2023 15:30,0.0
08/24/2023 16:00,0.0
08/24/2023 16:30,0.0
08/24/2023 17:00,0.0
08/24/2023 17:30,0.0
08/24/2023 18:00,0.0
08/24/2023 18:30,0.0
08/24/2023 19:00,0.0
08/24/2023 19:30,0.0
08/24/2023 20:00,0.0
08/24/2023 20:30,0.0
08/24/2023 21:00,0.0
08/24/2023 21:30,0.0
08/24/2023 22:00,0.0
08/24/2023 22:30,0.0
08/24/2023 23:00,0.0
08/24/2023 23:30,0.0
08/25/2023 00:00,0.0
08/25/2023 00:30,0.0
08/25/2023 01:00,0.0
08/25/2023 01:30,0.0
08/25/2023 02:00,0.0
08/25/2023 02:30,0.0
08/25/2023 03:00,0.0
08/25/2023 03:30,0.0
08/25/2023 04:00,0.0
08/25/2023 04:30,0.0
08/25/2023 05:00,0.0
08/25/2023 05:30,0.0
08/25/2023 06:00,0.0
08/25/2023 06:30,0.0
08/25/2023 07:00,0.0
08/25/2023 07:30,0.0
08/25/2023 08:00,0.0
08/25/2023 08:30,0.0
08/25/2023 09:00,0.0
08/25/2023 09:30,0.0
08/25/2023 10:00,0.0
08/25/2023 10:30,0.0
08/25/2023 11:00,0.0
08/25/2023 11:30,0.0
08/25/2023 12:00,0.0
08/25/2023 12:30,0.0
08/25/2023 13:00,0.0
08/25/2023 13:30,0.0
08/25/2023 14:00,0.0
08/25/2023 14:30,0.0
08/25/2023 15:00,0.0
08/25/2023 15:30,0.0
08/25/2023 16:00,0.0
08/25/2023 16:30,0.0
08/25/2023 17:00,0.0
08/25/2023 17:30,0.0
08/25/2023 18:00,0.0
08/25/2023 18:30,0.0
08/25/2023 19:00,0.0
08/25/2023 19:30,0.0
08/25/2023 20:00,0.0
08/25/2023 20:30,0.0
08/25/2023 21:00,0.0
08/25/2023 21:30,0.0
08/25/2023 22:00,0.0
08/25/2023 22:30,0.0
08/25/2023 23:00,0.0
08/25/2023 23:30,0.0
08/26/2023 00:00,0.0
08/26/2023 00:30,0.0
08/26/2023 01:00,0.0
08/26/2023 01:30,0.0
08/26/2023 02:00,0.0
08/26/2023 02:30,0.0
08/26/2023 03:00,0.0
08/26/2023 03:30,0.0
08/26/2023 04:00,0.0
08/26/2023 04:30,0.0
08/26/2023 05:00,0.0
08/26/2023 05:30,0.0
08/26/2023 06:00,0.0
08/26/2023 06:30,0.0
08/26/2023 07:00,0.0
08/26/2023 07:30,0.0
08/26/2023 08:00,0.0
08/26/2023 08:30,0.0
08/26/2023 09:00,0.0
08/26/2023 09:30,0.0
08/26/2023 10:00,0.0
08/26/2023 10:30,0.0
08/26/2023 11:00,0.0
08/26/2023 11:30,0.0
08/26/2023 12:00,0.0
08/26/2023 12:30,0.0
08/26/2023 13:00,0.0
08/26/2023 13:30,0.0
08/26/2023 14:00,0.0
08/26/2023 14:30,0.0
08/26/2023 15:00,0.0
08/26/2023 15:30,0.0
08/26/2023 16:00,0.0
08/26/2023 16:30,0.0
08/26/2023 17:00,0.0
08/26/2023 17:30,0.0
08/26/2023 18:00,0.0
08/26/2023 18:30,0.0
08/26/2023 19:00,0.0
08/26/2023 19:30,0.0
08/26/2023 20:00,0.0
08/26/2023 20:30,0.0
08/26/2023 21:00,0.0
08/26/2023 21:30,0.0
08/26/2023 22:00,0.0
08/26/2023 22:30,0.0
08/26/2023 23:00,0.0
08/26/2023 23:30,0.0
08/27/2023 00:00,0.0
08/27/2023 00:30,0.0
08/27/2023 01:00,0.0
08/27/2023 01:30,0.0
08/27/2023 02:00,0.0
08/27/2023 02:30,0.0
08/27/2023 03:00,0.0
08/27/2023 03:30,0.0
08/27/2023 04:00,0.0
08/27/2023 04:30,0.0
08/27/2023 05:00,0.0
08/27/2023 05:30,0.0
08/27/2023 06:00,0.0
08/27/2023 06:30,0.0
08/27/2023 07:00,0.0
08/27/2023 07:30,0.0
08/27/2023 08:00,0.0
08/27/2023 08:30,0.0
08/27/2023 09:00,0.0
08/27/2023 09:30,0.0
08/27/2023 10:00,0.0
08/27/2023 10:30,0.0
08/27/2023 11:00,0.0
08/27/2023 11:30,0.0
08/27/2023 12:00,0.0
08/27/2023 12:30,0.0
08/27/2023 13:00,0.0
08/27/2023 13:30,0.0
08/27/2023 14:00,0.0
08/27/2023 14:30,0.0
08/27/2023 15:00,0.0
08/27/2023 15:30,0.0
08/27/2023 16:00,0.0
08/27/2023 16:30,0.0
08/27/2023 17:00,0.0
08/27/2023 17:30,0.0
08/27/2023 18:00,0.0
08/27/2023 18:30,0.0
08/27/2023 19:00,0.0
08/27/2023 19:30,0.0
08/27/2023 20:00,0.0
08/27/2023 20:30,0.0
08/27/2023 21:00,0.0
08/27/2023 21:30,0.0
08/27/2023 22:00,0.0
08/27/2023 22:30,0.0
08/27/2023 23:00,0.0
08/27/2023 23:30,0.0
08/28/2023 00:00,0.0
08/28/2023 00:30,0.0
08/28/2023 01:00,0.0
08/28/2023 01:30,0.0
08/28/2023 02:00,0.0
08/28/2023 02:30,0.0
08/28/2023 03:00,0.0
08/28/2023 03:30,0.0
08/28/2023 04:00,0.0
08/28/2023 04:30,0.0
08/28/2023 05:00,0.0
08/28/2023 05:30,0.0
08/28/2023 06:00,0.0
08/28/2023 06:30,0.0
08/28/2023 07:00,0.0
08/28/2023 07:30,0.0
08/28/2023 08:00,0.0
08/28/2023 08:30,0.0
08/28/2023 09:00,0.0
08/28/2023 09:30,0.0
08/28/2023 10:00,0.0
08/28/2023 10:30,0.0
08/28/2023 11:00,0.0
08/28/2023 11:30,0.0
08/28/2023 12:00,0.0
08/28/2023 12:30,0.0
08/28/2023 13:00,0.0
08/28/2023 13:30,0.0
08/28/2023 14:00,0.0
08/28/2023 14:30,0.0
08/28/2023 15:00,0.0
08/28/2023 15:30,0.0
08/28/2023 16:00,0.0
08/28/2023 16:30,0.0
08/28/2023 17:00,0.0
08/28/2023 17:30,0.0
08/28/2023 18:00,0.0
08/28/2023 18:30,0.0
08/28/2023 19:00,0.0
08/28/2023 19:30,0.0
08/28/2023 20:00,0.0
08/28/2023 20:30,0.0
08/28/2023 21:00,0.0
08/28/2023 21:30,0.0
08/28/2023 22:00,0.0
08/28/2023 22:30,0.0
08/28/2023 23:00,0.0
08/28/2023 23:30,0.0
08/29/2023 00:00,0.0
08/29/2023 00:30,0.0
08/29/2023 01:00,0.0
08/29/2023 01:30,0.0
08/29/2023 02:00,0.0
08/29/2023 02:30,0.0
08/29/2023 03:00,0.0
08/29/2023 03:30,0.0
08/29/2023 04:00,0.0
08/29/2023 04:30,0.0
08/29/2023 05:00,0.0
08/29/2023 05:30,0.0
08/29/2023 06:00,0.0
08/29/2023 06:30,0.0
08/29/2023 07:00,0.0
08/29/2023 07:30,0.0
08/29/2023 08:00,0.0
08/29/2023 08:30,0.0
08/29/2023 09:00,0.0
08/29/2023 09:30,0.0
08/29/2023 10:00,0.0
08/29/2023 10:30,0.0
08/29/2023 11:00,0.0
08/29/2023 11:30,0.0
08/29/2023 12:00,0.0
08/29/2023 12:30,0.0
08/29/2023 13:00,0.0
08/29/2023 13:30,0.0
08/29/2023 14:00,0.0
08/29/2023 14:30,0.0
08/29/2023 15:00,0.0
08/29/2023 15:30,0.0
08/29/2023 16:00,0.0
08/29/2023 16:30,0.0
08/29/2023 17:00,0.0
08/29/2023 17:30,0.0
08/29/2023 18:00,0.0
08/29/2023 18:30,0.0
08/29/2023 19:00,0.0
08/29/2023 19:30,0.0
08/29/2023 20:00,0.0
08/29/2023 20:30,0.0
08/29/2023 21:00,0.0
08/29/2023 21:30,0.0
08/29/2023 22:00,0.0
08/29/2023 22:30,0.0
08/29/2023 23:00,0.0
08/29/2023 23:30,0.0
08/30/2023 00:00,0.0
08/30/2023 00:30,0.0
08/30/2023 01:00,0.0
08/30/2023 01:30,0.0
08/30/2023 02:00,0.0
08/30/2023 02:30,0.0
08/30/2023 03:00,0.0
08/30/2023 03:30,0.0
08/30/2023 04:00,0.0
08/30/2023 04:30,0.0
08/30/2023 05:00,0.0
08/30/2023 05:30,0.0
08/30/2023 06:00,0.0
08/30/2023 06:30,0.0
08/30/2023 07:00,0.0
08/30/2023 07:30,0.0
08/30/2023 08:00,0.0
08/30/2023 08:30,0.0
08/30/2023 09:00,0.0
08/30/2023 09:30,0.0
08/30/2023 10:00,0.0
08/30/2023 10:30,0.0
08/30/2023 11:00,0.0
08/30/2023 11:30,0.0
08/30/2023 12:00,0.0
08/30/2023 12:30,0.0
08/30/2023 13:00,0.0
08/30/2023 13:30,0.0
08/30/2023 14:00,0.0
08/30/2023 14:30,0.0
08/30/2023 15:00,0.0
08/30/2023 15:30,0.0
08/30/2023 16:00,0.0
08/30/2023 16:30,0.0
08/30/2023 17:00,0.0
08/30/2023 17:30,0.0
08/30/2023 18:00,0.0
08/30/2023 18:30,0.0
08/30/2023 19:00,0.0
08/30/2023 19:30,0.0
08/30/2023 20:00,0.0
08/30/2023 20:30,0.0
08/30/2023 21:00,0.0
08/30/2023 21:30,0.0
08/30/2023 22:00,0.0
08/30/2023 22:30,0.0
08/30/2023 23:00,0.0
08/30/2023 23:30,0.0
08/31/2023 00:00,0.0
08/31/2023 00:30,0.0
08/31/2023 01:00,0.0
08/31/2023 01:30,0.0
08/31/2023 02:00,0.0
08/31/2023 02:30,0.0
08/31/2023 03:00,0.0
08/31/2023 03:30,0.0
08/31/2023 04:00,0.0
08/31/2023 04:30,0.0
08/31/2023 05:00,0.0
08/31/2023 05:30,0.0
08/31/2023 06:00,0.0
08/31/2023 06:30,0.0
08/31/2023 07:00,0.0
08/31/2023 07:30,0.0
08/31/2023 08:00,0.0
08/31/2023 08:30,0.0
08/31/2023 09:00,0.0
08/31/2023 09:30,0.0
08/31/2023 10:00,0.0
08/31/2023 10:30,0.0
08/31/2023 11:00,0.0
08/31/2023 11:30,0.0
08/31/2023 12:00,0.0
08/31/2023 12:30,0.0
08/31/2023 13:00,0.0
08/31/2023 13:30,0.0
08/31/2023 14:00,0.0
08/31/2023 14:30,0.0
08/31/2023 15:00,0.0
08/31/2023 15:30,0.0
08/31/2023 16:00,0.0
08/31/2023 16:30,0.0
08/31/2023 17:00,0.0
08/31/2023 17:30,0.0
08/31/2023 18:00,0.0
08/31/2023 18:30,0.0
08/31/2023 19:00,0.0
08/31/2023 19:30,0.0
08/31/2023 20:00,0.0
08/31/2023 20:30,0.0
08/31/2023 21:00,0.0
08/31/2023 21:30,0.0
08/31/2023 22:00,0.0
08/31/2023 22:30,0.0
08/31/2023 23:00,0.0
08/31/2023 23:30,0.0
09/01/2023 00:00,0.0
09/01/2023 00:30,0.0
09/01/2023 01:00,0.0
09/01/2023 01:30,0.0
09/01/2023 02:00,0.0
09/01/2023 02:30,0.0
09/01/2023 03:00,0.0
09/01/2023 03:30,0.0
09/01/2023 04:00,0.0
09/01/2023 04:30,0.0
09/01/2023 05:00,0.0
09/01/2023 05:30,0.0
09/01/2023 06:00,0.0
09/01/2023 06:30,0.0
09/01/2023 07:00,0.0
09/01/2023 07:30,0.0
09/01/2023 08:00,0.0
09/01/2023 08:30,0.0
09/01/2023 09:00,0.0
09/01/2023 09:30,0.0
09/01/2023 10:00,0.0
09/01/2023 10:30,0.0
09/01/2023 11:00,0.0
09/01/2023 11:30,0.0
09/01/2023 12:00,0.0
09/01/2023 12:30,0.0
09/01/2023 13:00,0.0
09/01/2023 13:30,0.0
09/01/2023 14:00,0.0
09/01/2023 14:30,0.0
09/01/2023 15:00,0.0
09/01/2023 15:30,0.0
09/01/2023 16:00,0.0
09/01/2023 16:30,0.0
09/01/2023 17:00,0.0
09/01/2023 17:30,0.0
09/01/2023 18:00,0.0
09/01/2023 18:30,0.0
09/01/2023 19:00,0.0
09/01/2023 19:30,0.0
09/01/2023 20:00,0.0
09/01/2023 20:30,0.0
09/01/2023 21:00,0.0
09/01/2023 21:30,0.0
09/01/2023 22:00,0.0
09/01/2023 22:30,0.0
09/01/2023 23:00,0.0
09/01/2023 23:30,0.0
09/02/2023 00:00,0.0
09/02/2023 00:30,0.0
09/02/2023 01:00,0.0
09/02/2023 01:30,0.0
09/02/2023 02:00,0.0
09/02/2023 02:30,0.0
09/02/2023 03:00,0.0
09/02/2023 03:30,0.0
09/02/2023 04:00,0.0
09/02/2023 04:30,0.0
09/02/2023 05:00,0.0
09/02/2023 05:30,0.0
09/02/2023 06:00,0.0
09/02/2023 06:30,0.0
09/02/2023 07:00,0.0
09/02/2023 07:30,0.0
09/02/2023 08:00,0.0
09/02/2023 08:30,0.0
09/02/2023 09:00,0.0
09/02/2023 09:30,0.0
09/02/2023 10:00,0.0
09/02/2023 10:30,0.0
09/02/2023 11:00,0.0
09/02/2023 11:30,0.0
09/02/2023 12:00,0.0
09/02/2023 12:30,0.0
09/02/2023 13:00,0.0
09/02/2023 13:30,0.0
09/02/2023 14:00,0.0
09/02/2023 14:30,0.0
09/02/2023 15:00,0.0
09/02/2023 15:30,0.0
09/02/2023 16:00,0.0
09/02/2023 16:30,0.0
09/02/2023 17:00,0.0
09/02/2023 17:30,0.0
09/02/2023 18:00,0.0
09/02/2023 18:30,0.0
09/02/2023 19:00,0.0
09/02/2023 19:30,0.0
09/02/2023 20:00,0.0
09/02/2023 20:30,0.0
09/02/2023 21:00,0.0
09/02/2023 21:30,0.0
09/02/2023 22:00,0.0
09/02/2023 22:30,0.0
09/02/2023 23:00,0.0
09/02/2023 23:30,0.0
09/03/2023 00:00,0.0
09/03/2023 00:30,0.0
09/03/2023 01:00,0.0
09/03/2023 01:30,0.0
09/03/2023 02:00,0.0
09/03/2023 02:30,0.0
09/03/2023 03:00,0.0
09/03/2023 03:30,0.0
09/03/2023 04:00,0.0
09/03/2023 04:30,0.0
09/03/2023 05:00,0.0
09/03/2023 05:30,0.0
09/03/2023 06:00,0.0
09/03/2023 06:30,0.0
09/03/2023 07:00,0.0
09/03/2023 07:30,0.0
09/03/2023 08:00,0.0
09/03/2023 08:30,0.0
09/03/2023 09:00,0.0
09/03/2023 09:30,0.0
09/03/2023 10:00,0.0
09/03/2023 10:30,0.0
09/03/2023 11:00,0.0
09/03/2023 11:30,0.0
09/03/2023 12:00,0.0
09/03/2023 12:30,0.0
09/03/2023 13:00,0.0
09/03/2023 13:30,0.0
09/03/2023 14:00,0.0
09/03/2023 14:30,0.0
09/03/2023 15:00,0.0
09/03/2023 15:30,0.0
09/03/2023 16:00,0.0
09/03/2023 16:30,0.0
09/03/2023 17:00,0.0
09/03/2023 17:30,0.0
09/03/2023 18:00,0.0
09/03/2023 18:30,0.0
09/03/2023 19:00,0.0
09/03/2023 19:30,0.0
09/03/2023 20:00,0.0
09/03/2023 20:30,0.0
09/03/2023 21:00,0.0
09/03/2023 21:30,0.0
09/03/2023 22:00,0.0
09/03/2023 22:30,0.0
09/03/2023 23:00,0.0
09/03/2023 23:30,0.0
09/04/2023 00:00,0.0
09/04/2023 00:30,0.0
09/04/2023 01:00,0.0
09/04/2023 01:30,0.0
09/04/2023 02:00,0.0
09/04/2023 02:30,0.0
09/04/2023 03:00,0.0
09/04/2023 03:30,0.0
09/04/2023 04:00,0.0
09/04/2023 04:30,0.0
09/04/2023 05:00,0.0
09/04/2023 05:30,0.0
09/04/2023 06:00,0.0
09/04/2023 06:30,0.0
09/04/2023 07:00,0.0
09/04/2023 07:30,0.0
09/04/2023 08:00,0.0
09/04/2023 08:30,0.0
09/04/2023 09:00,0.0
09/04/2023 09:30,0.0
09/04/2023 10:00,0.0
09/04/2023 10:30,0.0
09/04/2023 11:00,0.0
09/04/2023 11:30,0.0
09/04/2023 12:00,0.0
09/04/2023 12:30,0.0
09/04/2023 13:00,0.0
09/04/2023 13:30,0.0
09/04/2023 14:00,0.0
09/04/2023 14:30,0.0
09/04/2023 15:00,0.0
09/04/2023 15:30,0.0
09/04/2023 16:00,0.0
09/04/2023 16:30,0.0
09/04/2023 17:00,0.0
09/04/2023 17:30,0.0
09/04/2023 18:00,0.0
09/04/2023 18:30,0.0
09/04/2023 19:00,0.0
09/04/2023 19:30,0.0
09/04/2023 20:00,0.0
09/04/2023 20:30,0.0
09/04/2023 21:00,0.0
09/04/2023 21:30,0.0
09/04/2023 22:00,0.0
09/04/2023 22:30,0.0
09/04/2023 23:00,0.0
09/04/2023 23:30,0.0
09/05/2023 00:00,0.0
09/05/2023 00:30,0.0
09/05/2023 01:00,0.0
09/05/2023 01:30,0.0
09/05/2023 02:00,0.0
09/05/2023 02:30,0.0
09/05/2023 03:00,0.0
09/05/2023 03:30,0.0
09/05/2023 04:00,0.0
09/05/2023 04:30,0.0
09/05/2023 05:00,0.0
09/05/2023 05:30,0.0
09/05/2023 06:00,0.0
09/05/2023 06:30,0.0
09/05/2023 07:00,0.0
09/05/2023 07:30,0.0
09/05/2023 08:00,0.0
09/05/2023 08:30,0.0
09/05/2023 09:00,0.0
09/05/2023 09:30,0.0
09/05/2023 10:00,0.0
09/05/2023 10:30,0.0
09/05/2023 11:00,0.0
09/05/2023 11:30,0.0
09/05/2023 12:00,0.0
09/05/2023 12:30,0.0
09/05/2023 13:00,0.0
09/05/2023 13:30,0.0
09/05/2023 14:00,0.0
09/05/2023 14:30,0.0
09/05/2023 15:00,0.0
09/05/2023 15:30,0.0
09/05/2023 16:00,0.0
09/05/2023 16:30,0.0
09/05/2023 17:00,0.0
09/05/2023 17:30,0.0
09/05/2023 18:00,0.0
09/05/2023 18:30,0.0
09/05/2023 19:00,0.0
09/05/2023 19:30,0.0
09/05/2023 20:00,0.0
09/05/2023 20:30,0.0
09/05/2023 21:00,0.0
09/05/2023 21:30,0.0
09/05/2023 22:00,0.0
09/05/2023 22:30,0.0
09/05/2023 23:00,0.0
09/05/2023 23:30,0.0
09/06/2023 00:00,0.0
09/06/2023 00:30,0.0
09/06/2023 01:00,0.0
09/06/2023 01:30,0.0
09/06/2023 02:00,0.0
09/06/2023 02:30,0.0
09/06/2023 03:00,0.0
09/06/2023 03:30,0.0
09/06/2023 04:00,0.0
09/06/2023 04:30,0.0
09/06/2023 05:00,0.0
09/06/2023 05:30,0.0
09/06/2023 06:00,0.0
09/06/2023 06:30,0.0
09/06/2023 07:00,0.0
09/06/2023 07:30,0.0
09/06/2023 08:00,0.0
09/06/2023 08:30,0.0
09/06/2023 09:00,0.0
09/06/2023 09:30,0.0
09/06/2023 10:00,0.0
09/06/2023 10:30,0.0
09/06/2023 11:00,0.0
09/06/2023 11:30,0.0
09/06/2023 12:00,0.0
09/06/2023 12:30,0.0
09/06/2023 13:00,0.0
09/06/2023 13:30,0.0
09/06/2023 14:00,0.0
09/06/2023 14:30,0.0
09/06/2023 15:00,0.0
09/06/2023 15:30,0.0
09/06/2023 16:00,0.0
09/06/2023 16:30,0.0
09/06/2023 17:00,0.0
09/06/2023 17:30,0.0
09/06/2023 18:00,0.0
09/06/2023 18:30,0.0
09/06/2023 19:00,0.0
09/06/2023 19:30,0.0
09/06/2023 20:00,0.0
09/06/2023 20:30,0.0
09/06/2023 21:00,0.0
09/06/2023 21:30,0.0
09/06/2023 22:00,0.0
09/06/2023 22:30,0.0
09/06/2023 23:00,0.0
09/06/2023 23:30,0.0
09/07/2023 00:00,0.0
09/07/2023 00:30,0.0
09/07/2023 01:00,0.0
09/07/2023 01:30,0.0
09/07/2023 02:00,0.0
09/07/2023 02:30,0.0
09/07/2023 03:00,0.0
09/07/2023 03:30,0.0
09/07/2023 04:00,0.0
09/07/2023 04:30,0.0
09/07/2023 05:00,0.0
09/07/2023 05:30,0.0
09/07/2023 06:00,0.0
09/07/2023 06:30,0.0
09/07/2023 07:00,0.0
09/07/2023 07:30,0.0
09/07/2023 08:00,0.0
09/07/2023 08:30,0.0
09/07/2023 09:00,0.0
09/07/2023 09:30,0.0
09/07/2023 10:00,0.0
09/07/2023 10:30,0.0
09/07/2023 11:00,0.0
09/07/2023 11:30,0.0
09/07/2023 12:00,0.0
09/07/2023 12:30,0.0
09/07/2023 13:00,0.0
09/07/2023 13:30,0.0
09/07/2023 14:00,0.0
09/07/2023 14:30,0.0
09/07/2023 15:00,0.0
09/07/2023 15:30,0.0
09/07/2023 16:00,0.0
09/07/2023 16:30,0.0
09/07/2023 17:00,0.0
09/07/2023 17:30,0.0
09/07/2023 18:00,0.0
09/07/2023 18:30,0.0
09/07/2023 19:00,0.0
09/07/2023 19:30,0.0
09/07/2023 20:00,0.0
09/07/2023 20:30,0.0
09/07/2023 21:00,0.0
09/07/2023 21:30,0.0
09/07/2023 22:00,0.0
09/07/2023 22:30,0.0
09/07/2023 23:00,0.0
09/07/2023 23:30,0.0
09/08/2023 00:00,0.0
09/08/2023 00:30,0.0
09/08/2023 01:00,0.0
09/08/2023 01:30,0.0
09/08/2023 02:00,0.0
09/08/2023 02:30,0.0
09/08/2023 03:00,0.0
09/08/2023 03:30,0.0
09/08/2023 04:00,0.0
09/08/2023 04:30,0.0
09/08/2023 05:00,0.0
09/08/2023 05:30,0.0
09/08/2023 06:00,0.0
09/08/2023 06:30,0.0
09/08/2023 07:00,0.0
09/08/2023 07:30,0.0
09/08/2023 08:00,0.0
09/08/2023 08:30,0.0
09/08/2023 09:00,0.0
09/08/2023 09:30,0.0
09/08/2023 10:00,0.0
09/08/2023 10:30,0.0
09/08/2023 11:00,0.0
09/08/2023 11:30,0.0
09/08/2023 12:00,0.0
09/08/2023 12:30,0.0
09/08/2023 13:00,0.0
09/08/2023 13:30,0.0
09/08/2023 14:00,0.0
09/08/2023 14:30,0.0
09/08/2023 15:00,0.0
09/08/2023 15:30,0.0
09/08/2023 16:00,0.0
09/08/2023 16:30,0.0
09/08/2023 17:00,0.0
09/08/2023 17:30,0.0
09/08/2023 18:00,0.0
09/08/2023 18:30,0.0
09/08/2023 19:00,0.0
09/08/2023 19:30,0.0
09/08/2023 20:00,0.0
09/08/2023 20:30,0.0
09/08/2023 21:00,0.0
09/08/2023 21:30,0.0
09/08/2023 22:00,0.0
09/08/2023 22:30,0.0
09/08/2023 23:00,0.0
09/08/2023 23:30,0.0
09/09/2023 00:00,0.0
09/09/2023 00:30,0.0
09/09/2023 01:00,0.0
09/09/2023 01:30,0.0
09/09/2023 02:00,0.0
09/09/2023 02:30,0.0
09/09/2023 03:00,0.0
09/09/2023 03:30,0.0
09/09/2023 04:00,0.0
09/09/2023 04:30,0.0
09/09/2023 05:00,0.0
09/09/2023 05:30,0.0
09/09/2023 06:00,0.0
09/09/2023 06:30,0.0
09/09/2023 07:00,0.0
09/09/2023 07:30,0.0
09/09/2023 08:00,0.0
09/09/2023 08:30,0.0
09/09/2023 09:00,0.0
09/09/2023 09:30,0.0
09/09/2023 10:00,0.0
09/09/2023 10:30,0.0
09/09/2023 11:00,0.0
09/09/2023 11:30,0.0
09/09/2023 12:00,0.0
09/09/2023 12:30,0.0
09/09/2023 13:00,0.0
09/09/2023 13:30,0.0
09/09/2023 14:00,0.0
09/09/2023 14:30,0.0
09/09/2023 15:00,0.0
09/09/2023 15:30,0.0
09/09/2023 16:00,0.0
09/09/2023 16:30,0.0
09/09/2023 17:00,0.0
09/09/2023 17:30,0.0
09/09/2023 18:00,0.0
09/09/2023 18:30,0.0
09/09/2023 19:00,0.0
09/09/2023 19:30,0.0
09/09/2023 20:00,0.0
09/09/2023 20:30,0.0
09/09/2023 21:00,0.0
09/09/2023 21:30,0.0
09/09/2023 22:00,0.0
09/09/2023 22:30,0.0
09/09/2023 23:00,0.0
09/09/2023 23:30,0.0
09/10/2023 00:00,0.0
09/10/2023 00:30,0.0
09/10/2023 01:00,0.0
09/10/2023 01:30,0.0
09/10/2023 02:00,0.0
09/10/2023 02:30,0.0
09/10/2023 03:00,0.0
09/10/2023 03:30,0.0
09/10/2023 04:00,0.0
09/10/2023 04:30,0.0
09/10/2023 05:00,0.0
09/10/2023 05:30,0.0
09/10/2023 06:00,0.0
09/10/2023 06:30,0.0
09/10/2023 07:00,0.0
09/10/2023 07:30,0.0
09/10/2023 08:00,0.0
09/10/2023 08:30,0.0
09/10/2023 09:00,0.0
09/10/2023 09:30,0.0
09/10/2023 10:00,0.0
09/10/2023 10:30,0.0
09/10/2023 11:00,0.0
09/10/2023 11:30,0.0
09/10/2023 12:00,0.0
09/10/2023 12:30,0.0
09/10/2023 13:00,0.0
09/10/2023 13:30,0.0
09/10/2023 14:00,0.0
09/10/2023 14:30,0.0
09/10/2023 15:00,0.0
09/10/2023 15:30,0.0
09/10/2023 16:00,0.0
09/10/2023 16:30,0.0
09/10/2023 17:00,0.0
09/10/2023 17:30,0.0
09/10/2023 18:00,0.0
09/10/2023 18:30,0.0
09/10/2023 19:00,0.0
09/10/2023 19:30,0.0
09/10/2023 20:00,0.0
09/10/2023 20:30,0.0
09/10/2023 21:00,0.0
09/10/2023 21:30,0.0
09/10/2023 22:00,0.0
09/10/2023 22:30,0.0
09/10/2023 23:00,0.0
09/10/2023 23:30,0.0
09/11/2023 00:00,0.0
09/11/2023 00:30,0.0
09/11/2023 01:00,0.0
09/11/2023 01:30,0.0
09/11/2023 02:00,0.0
09/11/2023 02:30,0.0
09/11/2023 03:00,0.0
09/11/2023 03:30,0.0
09/11/2023 04:00,0.0
09/11/2023 04:30,0.0
09/11/2023 05:00,0.0
09/11/2023 05:30,0.0
09/11/2023 06:00,0.0
09/11/2023 06:30,0.0
09/11/2023 07:00,0.0
09/11/2023 07:30,0.0
09/11/2023 08:00,0.0
09/11/2023 08:30,0.0
09/11/2023 09:00,0.0
09/11/2023 09:30,0.0
09/11/2023 10:00,0.0
09/11/2023 10:30,0.0
09/11/2023 11:00,0.0
09/11/2023 11:30,0.0
09/11/2023 12:00,0.0
09/11/2023 12:30,0.0
09/11/2023 13:00,0.0
09/11/2023 13:30,0.0
09/11/2023 14:00,0.0
09/11/2023 14:30,0.0
09/11/2023 15:00,0.0
09/11/2023 15:30,0.0
09/11/2023 16:00,0.0
09/11/2023 16:30,0.0
09/11/2023 17:00,0.0
09/11/2023 17:30,0.0
09/11/2023 18:00,0.0
09/11/2023 18:30,0.0
09/11/2023 19:00,0.0
09/11/2023 19:30,0.0
09/11/2023 20:00,0.0
09/11/2023 20:30,0.0
09/11/2023 21:00,0.0
09/11/2023 21:30,0.0
09/11/2023 22:00,0.0
09/11/2023 22:30,0.0
09/11/2023 23:00,0.0
09/11/2023 23:30,0.0
09/12/2023 00:00,0.0
09/12/2023 00:30,0.0
09/12/2023 01:00,0.0
09/12/2023 01:30,0.0
09/12/2023 02:00,0.0
09/12/2023 02:30,0.0
09/12/2023 03:00,0.0
09/12/2023 03:30,0.0
09/12/2023 04:00,0.0
09/12/2023 04:30,0.0
09/12/2023 05:00,0.0
09/12/2023 05:30,0.0
09/12/2023 06:00,0.0
09/12/2023 06:30,0.0
09/12/2023 07:00,0.0
09/12/2023 07:30,0.0
09/12/2023 08:00,0.0
09/12/2023 08:30,0.0
09/12/2023 09:00,0.0
09/12/2023 09:30,0.0
09/12/2023 10:00,0.0
09/12/2023 10:30,0.0
09/12/2023 11:00,0.0
09/12/2023 11:30,0.0
09/12/2023 12:00,0.0
09/12/2023 12:30,0.0
09/12/2023 13:00,0.0
09/12/2023 13:30,0.0
09/12/2023 14:00,0.0
09/12/2023 14:30,0.0
09/12/2023 15:00,0.0
09/12/2023 15:30,0.0
09/12/2023 16:00,0.0
09/12/2023 16:30,0.0
09/12/2023 17:00,0.0
09/12/2023 17:30,0.0
09/12/2023 18:00,0.0
09/12/2023 18:30,0.0
09/12/2023 19:00,0.0
09/12/2023 19:30,0.0
09/12/2023 20:00,0.0
09/12/2023 20:30,0.0
09/12/2023 21:00,0.0
09/12/2023 21:30,0.0
09/12/2023 22:00,0.0
09/12/2023 22:30,0.0
09/12/2023 23:00,0.0
09/12/2023 23:30,0.0
09/13/2023 00:00,0.0
09/13/2023 00:30,0.0
09/13/2023 01:00,0.0
09/13/2023 01:30,0.0
09/13/2023 02:00,0.0
09/13/2023 02:30,0.0
09/13/2023 03:00,0.0
09/13/2023 03:30,0.0
09/13/2023 04:00,0.0
09/13/2023 04:30,0.0
09/13/2023 05:00,0.0
09/13/2023 05:30,0.0
09/13/2023 06:00,0.0
09/13/2023 06:30,0.0
09/13/2023 07:00,0.0
09/13/2023 07:30,0.0
09/13/2023 08:00,0.0
09/13/2023 08:30,0.0
09/13/2023 09:00,0.0
09/13/2023 09:30,0.0
09/13/2023 10:00,0.0
09/13/2023 10:30,0.0
09/13/2023 11:00,0.0
09/13/2023 11:30,0.0
09/13/2023 12:00,0.0
09/13/2023 12:30,0.0
09/13/2023 13:00,0.0
09/13/2023 13:30,0.0
09/13/2023 14:00,0.0
09/13/2023 14:30,0.0
09/13/2023 15:00,0.0
09/13/2023 15:30,0.0
09/13/2023 16:00,0.0
09/13/2023 16:30,0.0
09/13/2023 17:00,0.0
09/13/2023 17:30,0.0
09/13/2023 18:00,0.0
09/13/2023 18:30,0.0
09/13/2023 19:00,0.0
09/13/2023 19:30,0.0
09/13/2023 20:00,0.0
09/13/2023 20:30,0.0
09/13/2023 21:00,0.0
09/13/2023 21:30,0.0
09/13/2023 22:00,0.0
09/13/2023 22:30,0.0
09/13/2023 23:00,0.0
09/13/2023 23:30,0.0
09/14/2023 00:00,0.0
09/14/2023 00:30,0.0
09/14/2023 01:00,0.0
09/14/2023 01:30,0.0
09/14/2023 02:00,0.0
09/14/2023 02:30,0.0
09/14/2023 03:00,0.0
09/14/2023 03:30,0.0
09/14/2023 04:00,0.0
09/14/2023 04:30,0.0
09/14/2023 05:00,0.0
09/14/2023 05:30,0.0
09/14/2023 06:00,0.0
09/14/2023 06:30,0.0
09/14/2023 07:00,0.0
09/14/2023 07:30,0.0
09/14/2023 08:00,0.0
09/14/2023 08:30,0.0
09/14/2023 09:00,0.0
09/14/2023 09:30,0.0
09/14/2023 10:00,0.0
09/14/2023 10:30,0.0
09/14/2023 11:00,0.0
09/14/2023 11:30,0.0
09/14/2023 12:00,0.0
09/14/2023 12:30,0.0
09/14/2023 13:00,0.0
09/14/2023 13:30,0.0
09/14/2023 14:00,0.0
09/14/2023 14:30,0.0
09/14/2023 15:00,0.0
09/14/2023 15:30,0.0
09/14/2023 16:00,0.0
09/14/2023 16:30,0.0
09/14/2023 17:00,0.0
09/14/2023 17:30,0.0
09/14/2023 18:00,0.0
09/14/2023 18:30,0.0
09/14/2023 19:00,0.0
09/14/2023 19:30,0.0
09/14/2023 20:00,0.0
09/14/2023 20:30,0.0
09/14/2023 21:00,0.0
09/14/2023 21:30,0.0
09/14/2023 22:00,0.0
09/14/2023 22:30,0.0
09/14/2023 23:00,0.0
09/14/2023 23:30,0.0
09/15/2023 00:00,0.0
09/15/2023 00:30,0.0
09/15/2023 01:00,0.0
09/15/2023 01:30,0.0
09/15/2023 02:00,0.0
09/15/2023 02:30,0.0
09/15/2023 03:00,0.0
09/15/2023 03:30,0.0
09/15/2023 04:00,0.0
09/15/2023 04:30,0.0
09/15/2023 05:00,0.0
09/15/2023 05:30,0.0
09/15/2023 06:00,0.0
09/15/2023 06:30,0.0
09/15/2023 07:00,0.0
09/15/2023 07:30,0.0
09/15/2023 08:00,0.0
09/15/2023 08:30,0.0
09/15/2023 09:00,0.0
09/15/2023 09:30,0.0
09/15/2023 10:00,0.0
09/15/2023 10:30,0.0
09/15/2023 11:00,0.0
09/15/2023 11:30,0.0
09/15/2023 12:00,0.0
09/15/2023 12:30,0.0
09/15/2023 13:00,0.0
09/15/2023 13:30,0.0
09/15/2023 14:00,0.0
09/15/2023 14:30,0.0
09/15/2023 15:00,0.0
09/15/2023 15:30,0.0
09/15/2023 16:00,0.0
09/15/2023 16:30,0.0
09/15/2023 17:00,0.0
09/15/2023 17:30,0.0
09/15/2023 18:00,0.0
09/15/2023 18:30,0.0
09/15/2023 19:00,0.0
09/15/2023 19:30,0.0
09/15/2023 20:00,0.0
09/15/2023 20:30,0.0
09/15/2023 21:00,0.0
09/15/2023 21:30,0.0
09/15/2023 22:00,0.0
09/15/2023 22:30,0.0
09/15/2023 23:00,0.0
09/15/2023 23:30,0.0
09/16/2023 00:00,0.0
09/16/2023 00:30,0.0
09/16/2023 01:00,0.0
09/16/2023 01:30,0.0
09/16/2023 02:00,0.0
09/16/2023 02:30,0.0
09/16/2023 03:00,0.0
09/16/2023 03:30,0.0
09/16/2023 04:00,0.0
09/16/2023 04:30,0.0
09/16/2023 05:00,0.0
09/16/2023 05:30,0.0
09/16/2023 06:00,0.0
09/16/2023 06:30,0.0
09/16/2023 07:00,0.0
09/16/2023 07:30,0.0
09/16/2023 08:00,0.0
09/16/2023 08:30,0.0
09/16/2023 09:00,0.0
09/16/2023 09:30,0.0
09/16/2023 10:00,0.0
09/16/2023 10:30,0.0
09/16/2023 11:00,0.0
09/16/2023 11:30,0.0
09/16/2023 12:00,0.0
09/16/2023 12:30,0.0
09/16/2023 13:00,0.0
09/16/2023 13:30,0.0
09/16/2023 14:00,0.0
09/16/2023 14:30,0.0
09/16/2023 15:00,0.0
09/16/2023 15:30,0.0
09/16/2023 16:00,0.0
09/16/2023 16:30,0.0
09/16/2023 17:00,0.0
09/16/2023 17:30,0.0
09/16/2023 18:00,0.0
09/16/2023 18:30,0.0
09/16/2023 19:00,0.0
09/16/2023 19:30,0.0
09/16/2023 20:00,0.0
09/16/2023 20:30,0.0
09/16/2023 21:00,0.0
09/16/2023 21:30,0.0
09/16/2023 22:00,0.0
09/16/2023 22:30,0.0
09/16/2023 23:00,0.0
09/16/2023 23:30,0.0
09/17/2023 00:00,0.0
09/17/2023 00:30,0.0
09/17/2023 01:00,0.0
09/17/2023 01:30,0.0
09/17/2023 02:00,0.0
09/17/2023 02:30,0.0
09/17/2023 03:00,0.0
09/17/2023 03:30,0.0
09/17/2023 04:00,0.0
09/17/2023 04:30,0.0
09/17/2023 05:00,0.0
09/17/2023 05:30,0.0
09/17/2023 06:00,0.0
09/17/2023 06:30,0.0
09/17/2023 07:00,0.0
09/17/2023 07:30,0.0
09/17/2023 08:00,0.0
09/17/2023 08:30,0.0
09/17/2023 09:00,0.0
09/17/2023 09:30,0.0
09/17/2023 10:00,0.0
09/17/2023 10:30,0.0
09/17/2023 11:00,0.0
09/17/2023 11:30,0.0
09/17/2023 12:00,0.0
09/17/2023 12:30,0.0
09/17/2023 13:00,0.0
09/17/2023 13:30,0.0
09/17/2023 14:00,0.0
09/17/2023 14:30,0.0
09/17/2023 15:00,0.0
09/17/2023 15:30,0.0
09/17/2023 16:00,0.0
09/17/2023 16:30,0.0
09/17/2023 17:00,0.0
09/17/2023 17:30,0.0
09/17/2023 18:00,0.0
09/17/2023 18:30,0.0
09/17/2023 19:00,0.0
09/17/2023 19:30,0.0
09/17/2023 20:00,0.0
09/17/2023 20:30,0.0
09/17/2023 21:00,0.0
09/17/2023 21:30,0.0
09/17/2023 22:00,0.0
09/17/2023 22:30,0.0
09/17/2023 23:00,0.0
09/17/2023 23:30,0.0
09/18/2023 00:00,0.0
09/18/2023 00:30,0.0
09/18/2023 01:00,0.0
09/18/2023 01:30,0.0
09/18/2023 02:00,0.0
09/18/2023 02:30,0.0
09/18/2023 03:00,0.0
09/18/2023 03:30,0.0
09/18/2023 04:00,0.0
09/18/2023 04:30,0.0
09/18/2023 05:00,0.0
09/18/2023 05:30,0.0
09/18/2023 06:00,0.0
09/18/2023 06:30,0.0
09/18/2023 07:00,0.0
09/18/2023 07:30,0.0
09/18/2023 08:00,0.0
09/18/2023 08:30,0.0
09/18/2023 09:00,0.0
09/18/2023 09:30,0.0
09/18/2023 10:00,0.0
09/18/2023 10:30,0.0
09/18/2023 11:00,0.0
09/18/2023 11:30,0.0
09/18/2023 12:00,0.0
09/18/2023 12:30,0.0
09/18/2023 13:00,0.0
09/18/2023 13:30,0.0
09/18/2023 14:00,0.0
09/18/2023 14:30,0.0
09/18/2023 15:00,0.0
09/18/2023 15:30,0.0
09/18/2023 16:00,0.0
09/18/2023 16:30,0.0
09/18/2023 17:00,0.0
09/18/2023 17:30,0.0
09/18/2023 18:00,0.0
09/18/2023 18:30,0.0
09/18/2023 19:00,0.0
09/18/2023 19:30,0.0
09/18/2023 20:00,0.0
09/18/2023 20:30,0.0
09/18/2023 21:00,0.0
09/18/2023 21:30,0.0
09/18/2023 22:00,0.0
09/18/2023 22:30,0.0
09/18/2023 23:00,0.0
09/18/2023 23:30,0.0
09/19/2023 00:00,0.0
09/19/2023 00:30,0.0
09/19/2023 01:00,0.0
09/19/2023 01:30,0.0
09/19/2023 02:00,0.0
09/19/2023 02:30,0.0
09/19/2023 03:00,0.0
09/19/2023 03:30,0.0
09/19/2023 04:00,0.0
09/19/2023 04:30,0.0
09/19/2023 05:00,0.0
09/19/2023 05:30,0.0
09/19/2023 06:00,0.0
09/19/2023 06:30,0.0
09/19/2023 07:00,0.0
09/19/2023 07:30,0.0
09/19/2023 08:00,0.0
09/19/2023 08:30,0.0
09/19/2023 09:00,0.0
09/19/2023 09:30,0.0
09/19/2023 10:00,0.0
09/19/2023 10:30,0.0
09/19/2023 11:00,0.0
09/19/2023 11:30,0.0
09/19/2023 12:00,0.0
09/19/2023 12:30,0.0
09/19/2023 13:00,0.0
09/19/2023 13:30,0.0
09/19/2023 14:00,0.0
09/19/2023 14:30,0.0
09/19/2023 15:00,0.0
09/19/2023 15:30,0.0
09/19/2023 16:00,0.0
09/19/2023 16:30,0.0
09/19/2023 17:00,0.0
09/19/2023 17:30,0.0
09/19/2023 18:00,0.0
09/19/2023 18:30,0.0
09/19/2023 19:00,0.0
09/19/2023 19:30,0.0
09/19/2023 20:00,0.0
09/19/2023 20:30,0.0
09/19/2023 21:00,0.0
09/19/2023 21:30,0.0
09/19/2023 22:00,0.0
09/19/2023 22:30,0.0
09/19/2023 23:00,0.0
09/19/2023 23:30,0.0
09/20/2023 00:00,0.0
09/20/2023 00:30,0.0
09/20/2023 01:00,0.0
09/20/2023 01:30,0.0
09/20/2023 02:00,0.0
09/20/2023 02:30,0.0
09/20/2023 03:00,0.0
09/20/2023 03:30,0.0
09/20/2023 04:00,0.0
09/20/2023 04:30,0.0
09/20/2023 05:00,0.0
09/20/2023 05:30,0.0
09/20/2023 06:00,0.0
09/20/2023 06:30,0.0
09/20/2023 07:00,0.0
09/20/2023 07:30,0.0
09/20/2023 08:00,0.0
09/20/2023 08:30,0.0
09/20/2023 09:00,0.0
09/20/2023 09:30,0.0
09/20/2023 10:00,0.0
09/20/2023 10:30,0.0
09/20/2023 11:00,0.0
09/20/2023 11:30,0.0
09/20/2023 12:00,0.0
09/20/2023 12:30,0.0
09/20/2023 13:00,0.0
09/20/2023 13:30,0.0
09/20/2023 14:00,0.0
09/20/2023 14:30,0.0
09/20/2023 15:00,0.0
09/20/2023 15:30,0.0
09/20/2023 16:00,0.0
09/20/2023 16:30,0.0
09/20/2023 17:00,0.0
09/20/2023 17:30,0.0
09/20/2023 18:00,0.0
09/20/2023 18:30,0.0
09/20/2023 19:00,0.0
09/20/2023 19:30,0.0
09/20/2023 20:00,0.0
09/20/2023 20:30,0.0
09/20/2023 21:00,0.0
09/20/2023 21:30,0.0
09/20/2023 22:00,0.0
09/20/2023 22:30,0.0
09/20/2023 23:00,0.0
09/20/2023 23:30,0.0
09/21/2023 00:00,0.0
09/21/2023 00:30,0.0
09/21/2023 01:00,0.0
09/21/2023 01:30,0.0
09/21/2023 02:00,0.0
09/21/2023 02:30,0.0
09/21/2023 03:00,0.0
09/21/2023 03:30,0.0
09/21/2023 04:00,0.0
09/21/2023 04:30,0.0
09/21/2023 05:00,0.0
09/21/2023 05:30,0.0
09/21/2023 06:00,0.0
09/21/2023 06:30,0.0
09/21/2023 07:00,0.0
09/21/2023 07:30,0.0
09/21/2023 08:00,0.0
09/21/2023 08:30,0.0
09/21/2023 09:00,0.0
09/21/2023 09:30,0.0
09/21/2023 10:00,0.0
09/21/2023 10:30,0.0
09/21/2023 11:00,0.0
09/21/2023 11:30,0.0
09/21/2023 12:00,0.0
09/21/2023 12:30,0.0
09/21/2023 13:00,0.0
09/21/2023 13:30,0.0
09/21/2023 14:00,0.0
09/21/2023 14:30,0.0
09/21/2023 15:00,0.0
09/21/2023 15:30,0.0
09/21/2023 16:00,0.0
09/21/2023 16:30,0.0
09/21/2023 17:00,0.0
09/21/2023 17:30,0.0
09/21/2023 18:00,0.0
09/21/2023 18:30,0.0
09/21/2023 19:00,0.0
09/21/2023 19:30,0.0
09/21/2023 20:00,0.0
09/21/2023 20:30,0.0
09/21/2023 21:00,0.0
09/21/2023 21:30,0.0
09/21/2023 22:00,0.0
09/21/2023 22:30,0.0
09/21/2023 23:00,0.0
09/21/2023 23:30,0.0
09/22/2023 00:00,0.0
09/22/2023 00:30,0.0
09/22/2023 01:00,0.0
09/22/2023 01:30,0.0
09/22/2023 02:00,0.0
09/22/2023 02:30,0.0
09/22/2023 03:00,0.0
09/22/2023 03:30,0.0
09/22/2023 04:00,0.0
09/22/2023 04:30,0.0
09/22/2023 05:00,0.0
09/22/2023 05:30,0.0
09/22/2023 06:00,0.0
09/22/2023 06:30,0.0
09/22/2023 07:00,0.0
09/22/2023 07:30,0.0
09/22/2023 08:00,0.0
09/22/2023 08:30,0.0
09/22/2023 09:00,0.0
09/22/2023 09:30,0.0
09/22/2023 10:00,0.0
09/22/2023 10:30,0.0
09/22/2023 11:00,0.0
09/22/2023 11:30,0.0
09/22/2023 12:00,0.0
09/22/2023 12:30,0.0
09/22/2023 13:00,0.0
09/22/2023 13:30,0.0
09/22/2023 14:00,0.0
09/22/2023 14:30,0.0
09/22/2023 15:00,0.0
09/22/2023 15:30,0.0
09/22/2023 16:00,0.0
09/22/2023 16:30,0.0
09/22/2023 17:00,0.0
09/22/2023 17:30,0.0
09/22/2023 18:00,0.0
09/22/2023 18:30,0.0
09/22/2023 19:00,0.0
09/22/2023 19:30,0.0
09/22/2023 20:00,0.0
09/22/2023 20:30,0.0
09/22/2023 21:00,0.0
09/22/2023 21:30,0.0
09/22/2023 22:00,0.0
09/22/2023 22:30,0.0
09/22/2023 23:00,0.0
09/22/2023 23:30,0.0
09/23/2023 00:00,0.0
09/23/2023 00:30,0.0
09/23/2023 01:00,0.0
09/23/2023 01:30,0.0
09/23/2023 02:00,0.0
09/23/2023 02:30,0.0
09/23/2023 03:00,0.0
09/23/2023 03:30,0.0
09/23/2023 04:00,0.0
09/23/2023 04:30,0.0
09/23/2023 05:00,0.0
09/23/2023 05:30,0.0
09/23/2023 06:00,0.0
09/23/2023 06:30,0.0
09/23/2023 07:00,0.0
09/23/2023 07:30,0.0
09/23/2023 08:00,0.0
09/23/2023 08:30,0.0
09/23/2023 09:00,0.0
09/23/2023 09:30,0.0
09/23/2023 10:00,0.0
09/23/2023 10:30,0.0
09/23/2023 11:00,0.0
09/23/2023 11:30,0.0
09/23/2023 12:00,0.0
09/23/2023 12:30,0.0
09/23/2023 13:00,0.0
09/23/2023 13:30,0.0
09/23/2023 14:00,0.0
09/23/2023 14:30,0.0
09/23/2023 15:00,0.0
09/23/2023 15:30,0.0
09/23/2023 16:00,0.0
09/23/2023 16:30,0.0
09/23/2023 17:00,0.0
09/23/2023 17:30,0.0
09/23/2023 18:00,0.0
09/23/2023 18:30,0.0
09/23/2023 19:00,0.0
09/23/2023 19:30,0.0
09/23/2023 20:00,0.0
09/23/2023 20:30,0.0
09/23/2023 21:00,0.0
09/23/2023 21:30,0.0
09/23/2023 22:00,0.0
09/23/2023 22:30,0.0
09/23/2023 23:00,0.0
09/23/2023 23:30,0.0
09/24/2023 00:00,0.0
09/24/2023 00:30,0.0
09/24/2023 01:00,0.0
09/24/2023 01:30,0.0
09/24/2023 02:00,0.0
09/24/2023 02:30,0.0
09/24/2023 03:00,0.0
09/24/2023 03:30,0.0
09/24/2023 04:00,0.0
09/24/2023 04:30,0.0
09/24/2023 05:00,0.0
09/24/2023 05:30,0.0
09/24/2023 06:00,0.0
09/24/2023 06:30,0.0
09/24/2023 07:00,0.0
09/24/2023 07:30,0.0
09/24/2023 08:00,0.0
09/24/2023 08:30,0.0
09/24/2023 09:00,0.0
09/24/2023 09:30,0.0
09/24/2023 10:00,0.0
09/24/2023 10:30,0.0
09/24/2023 11:00,0.0
09/24/2023 11:30,0.0
09/24/2023 12:00,0.0
09/24/2023 12:30,0.0
09/24/2023 13:00,0.0
09/24/2023 13:30,0.0
09/24/2023 14:00,0.0
09/24/2023 14:30,0.0
09/24/2023 15:00,0.0
09/24/2023 15:30,0.0
09/24/2023 16:00,0.0
09/24/2023 16:30,0.0
09/24/2023 17:00,0.0
09/24/2023 17:30,0.0
09/24/2023 18:00,0.0
09/24/2023 18:30,0.0
09/24/2023 19:00,0.0
09/24/2023 19:30,0.0
09/24/2023 20:00,0.0
09/24/2023 20:30,0.0
09/24/2023 21:00,0.0
09/24/2023 21:30,0.0
09/24/2023 22:00,0.0
09/24/2023 22:30,0.0
09/24/2023 23:00,0.0
09/24/2023 23:30,0.0
09/25/2023 00:00,0.0
09/25/2023 00:30,0.0
09/25/2023 01:00,0.0
09/25/2023 01:30,0.0
09/25/2023 02:00,0.0
09/25/2023 02:30,0.0
09/25/2023 03:00,0.0
09/25/2023 03:30,0.0
09/25/2023 04:00,0.0
09/25/2023 04:30,0.0
09/25/2023 05:00,0.0
09/25/2023 05:30,0.0
09/25/2023 06:00,0.0
09/25/2023 06:30,0.0
09/25/2023 07:00,0.0
09/25/2023 07:30,0.0
09/25/2023 08:00,0.0
09/25/2023 08:30,0.0
09/25/2023 09:00,0.0
09/25/2023 09:30,0.0
09/25/2023 10:00,0.0
09/25/2023 10:30,0.0
09/25/2023 11:00,0.0
09/25/2023 11:30,0.0
09/25/2023 12:00,0.0
09/25/2023 12:30,0.0
09/25/2023 13:00,0.0
09/25/2023 13:30,0.0
09/25/2023 14:00,0.0
09/25/2023 14:30,0.0
09/25/2023 15:00,0.0
09/25/2023 15:30,0.0
09/25/2023 16:00,0.0
09/25/2023 16:30,0.0
09/25/2023 17:00,0.0
09/25/2023 17:30,0.0
09/25/2023 18:00,0.0
09/25/2023 18:30,0.0
09/25/2023 19:00,0.0
09/25/2023 19:30,0.0
09/25/2023 20:00,0.0
09/25/2023 20:30,0.0
09/25/2023 21:00,0.0
09/25/2023 21:30,0.0
09/25/2023 22:00,0.0
09/25/2023 22:30,0.0
09/25/2023 23:00,0.0
09/25/2023 23:30,0.0
09/26/2023 00:00,0.0
09/26/2023 00:30,0.0
09/26/2023 01:00,0.0
09/26/2023 01:30,0.0
09/26/2023 02:00,0.0
09/26/2023 02:30,0.0
09/26/2023 03:00,0.0
09/26/2023 03:30,0.0
09/26/2023 04:00,0.0
09/26/2023 04:30,0.0
09/26/2023 05:00,0.0
09/26/2023 05:30,0.0
09/26/2023 06:00,0.0
09/26/2023 06:30,0.0
09/26/2023 07:00,0.0
09/26/2023 07:30,0.0
09/26/2023 08:00,0.0
09/26/2023 08:30,0.0
09/26/2023 09:00,0.0
09/26/2023 09:30,0.0
09/26/2023 10:00,0.0
09/26/2023 10:30,0.0
09/26/2023 11:00,0.0
09/26/2023 11:30,0.0
09/26/2023 12:00,0.0
09/26/2023 12:30,0.0
09/26/2023 13:00,0.0
09/26/2023 13:30,0.0
09/26/2023 14:00,0.0
09/26/2023 14:30,0.0
09/26/2023 15:00,0.0
09/26/2023 15:30,0.0
09/26/2023 16:00,0.0
09/26/2023 16:30,0.0
09/26/2023 17:00,0.0
09/26/2023 17:30,0.0
09/26/2023 18:00,0.0
09/26/2023 18:30,0.0
09/26/2023 19:00,0.0
09/26/2023 19:30,0.0
09/26/2023 20:00,0.0
09/26/2023 20:30,0.0
09/26/2023 21:00,0.0
09/26/2023 21:30,0.0
09/26/2023 22:00,0.0
09/26/2023 22:30,0.0
09/26/2023 23:00,0.0
09/26/2023 23:30,0.0
09/27/2023 00:00,0.0
09/27/2023 00:30,0.0
09/27/2023 01:00,0.0
09/27/2023 01:30,0.0
09/27/2023 02:00,0.0
09/27/2023 02:30,0.0
09/27/2023 03:00,0.0
09/27/2023 03:30,0.0
09/27/2023 04:00,0.0
09/27/2023 04:30,0.0
09/27/2023 05:00,0.0
09/27/2023 05:30,0.0
09/27/2023 06:00,0.0
09/27/2023 06:30,0.0
09/27/2023 07:00,0.0
09/27/2023 07:30,0.0
09/27/2023 08:00,0.0
09/27/2023 08:30,0.0
09/27/2023 09:00,0.0
09/27/2023 09:30,0.0
09/27/2023 10:00,0.0
09/27/2023 10:30,0.0
09/27/2023 11:00,0.0
09/27/2023 11:30,0.0
09/27/2023 12:00,0.0
09/27/2023 12:30,0.0
09/27/2023 13:00,0.0
09/27/2023 13:30,0.0
09/27/2023 14:00,0.0
09/27/2023 14:30,0.0
09/27/2023 15:00,0.0
09/27/2023 15:30,0.0
09/27/2023 16:00,0.0
09/27/2023 16:30,0.0
09/27/2023 17:00,0.0
09/27/2023 17:30,0.0
09/27/2023 18:00,0.0
09/27/2023 18:30,0.0
09/27/2023 19:00,0.0
09/27/2023 19:30,0.0
09/27/2023 20:00,0.0
09/27/2023 20:30,0.0
09/27/2023 21:00,0.0
09/27/2023 21:30,0.0
09/27/2023 22:00,0.0
09/27/2023 22:30,0.0
09/27/2023 23:00,0.0
09/27/2023 23:30,0.0
09/28/2023 00:00,0.0
09/28/2023 00:30,0.0
09/28/2023 01:00,0.0
09/28/2023 01:30,0.0
09/28/2023 02:00,0.0
09/28/2023 02:30,0.0
09/28/2023 03:00,0.0
09/28/2023 03:30,0.0
09/28/2023 04:00,0.0
09/28/2023 04:30,0.0
09/28/2023 05:00,0.0
09/28/2023 05:30,0.0
09/28/2023 06:00,0.0
09/28/2023 06:30,0.0
09/28/2023 07:00,0.0
09/28/2023 07:30,0.0
09/28/2023 08:00,0.0
09/28/2023 08:30,0.0
09/28/2023 09:00,0.0
09/28/2023 09:30,0.0
09/28/2023 10:00,0.0
09/28/2023 10:30,0.0
09/28/2023 11:00,0.0
09/28/2023 11:30,0.0
09/28/2023 12:00,0.0
09/28/2023 12:30,0.0
09/28/2023 13:00,0.0
09/28/2023 13:30,0.0
09/28/2023 14:00,0.0
09/28/2023 14:30,0.0
09/28/2023 15:00,0.0
09/28/2023 15:30,0.0
09/28/2023 16:00,0.0
09/28/2023 16:30,0.0
09/28/2023 17:00,0.0
09/28/2023 17:30,0.0
09/28/2023 18:00,0.0
09/28/2023 18:30,0.0
09/28/2023 19:00,0.0
09/28/2023 19:30,0.0
09/28/2023 20:00,0.0
09/28/2023 20:30,0.0
09/28/2023 21:00,0.0
09/28/2023 21:30,0.0
09/28/2023 22:00,0.0
09/28/2023 22:30,0.0
09/28/2023 23:00,0.0
09/28/2023 23:30,0.0
09/29/2023 00:00,0.0
09/29/2023 00:30,0.0
09/29/2023 01:00,0.0
09/29/2023 01:30,0.0
09/29/2023 02:00,0.0
09/29/2023 02:30,0.0
09/29/2023 03:00,0.0
09/29/2023 03:30,0.0
09/29/2023 04:00,0.0
09/29/2023 04:30,0.0
09/29/2023 05:00,0.0
09/29/2023 05:30,0.0
09/29/2023 06:00,0.0
09/29/2023 06:30,0.0
09/29/2023 07:00,0.0
09/29/2023 07:30,0.0
09/29/2023 08:00,0.0
09/29/2023 08:30,0.0
09/29/2023 09:00,0.0
09/29/2023 09:30,0.0
09/29/2023 10:00,0.0
09/29/2023 10:30,0.0
09/29/2023 11:00,0.0
09/29/2023 11:30,0.0
09/29/2023 12:00,0.0
09/29/2023 12:30,0.0
09/29/2023 13:00,0.0
09/29/2023 13:30,0.0
09/29/2023 14:00,0.0
09/29/2023 14:30,0.0
09/29/2023 15:00,0.0
09/29/2023 15:30,0.0
09/29/2023 16:00,0.0
09/29/2023 16:30,0.0
09/29/2023 17:00,0.0
09/29/2023 17:30,0.0
09/29/2023 18:00,0.0
09/29/2023 18:30,0.0
09/29/2023 19:00,0.0
09/29/2023 19:30,0.0
09/29/2023 20:00,0.0
09/29/2023 20:30,0.0
09/29/2023 21:00,0.0
09/29/2023 21:30,0.0
09/29/2023 22:00,0.0
09/29/2023 22:30,0.0
09/29/2023 23:00,0.0
09/29/2023 23:30,0.0
09/30/2023 00:00,0.0
09/30/2023 00:30,0.0
09/30/2023 01:00,0.0
09/30/2023 01:30,0.0
09/30/2023 02:00,0.0
09/30/2023 02:30,0.0
09/30/2023 03:00,0.0
09/30/2023 03:30,0.0
09/30/2023 04:00,0.0
09/30/2023 04:30,0.0
09/30/2023 05:00,0.0
09/30/2023 05:30,0.0
09/30/2023 06:00,0.0
09/30/2023 06:30,0.0
09/30/2023 07:00,0.0
09/30/2023 07:30,0.0
09/30/2023 08:00,0.0
09/30/2023 08:30,0.0
09/30/2023 09:00,0.0
09/30/2023 09:30,0.0
09/30/2023 10:00,0.0
09/30/2023 10:30,0.0
09/30/2023 11:00,0.0
09/30/2023 11:30,0.0
09/30/2023 12:00,0.0
09/30/2023 12:30,0.0
09/30/2023 13:00,0.0
09/30/2023 13:30,0.0
09/30/2023 14:00,0.0
09/30/2023 14:30,0.0
09/30/2023 15:00,0.0
09/30/2023 15:30,0.0
09/30/2023 16:00,0.0
09/30/2023 16:30,0.0
09/30/2023 17:00,0.0
09/30/2023 17:30,0.0
09/30/2023 18:00,0.0
09/30/2023 18:30,0.0
09/30/2023 19:00,0.0
09/30/2023 19:30,0.0
09/30/2023 20:00,0.0
09/30/2023 20:30,0.0
09/30/2023 21:00,0.0
09/30/2023 21:30,0.0
09/30/2023 22:00,0.0
09/30/2023 22:30,0.0
09/30/2023 23:00,0.0
09/30/2023 23:30,0.0
10/01/2023 00:00,0.0
10/01/2023 00:30,0.0
10/01/2023 01:00,0.0
10/01/2023 01:30,0.0
10/01/2023 02:00,0.0
10/01/2023 02:30,0.0
10/01/2023 03:00,0.0
10/01/2023 03:30,0.0
10/01/2023 04:00,0.0
10/01/2023 04:30,0.0
10/01/2023 05:00,0.0
10/01/2023 05:30,0.0
10/01/2023 06:00,0.0
10/01/2023 06:30,0.0
10/01/2023 07:00,0.0
10/01/2023 07:30,0.0
10/01/2023 08:00,0.0
10/01/2023 08:30,0.0
10/01/2023 09:00,0.0
10/01/2023 09:30,0.0
10/01/2023 10:00,0.0
10/01/2023 10:30,0.0
10/01/2023 11:00,0.0
10/01/2023 11:30,0.0
10/01/2023 12:00,0.0
10/01/2023 12:30,0.0
10/01/2023 13:00,0.0
10/01/2023 13:30,0.0
10/01/2023 14:00,0.0
10/01/2023 14:30,0.0
10/01/2023 15:00,0.0
10/01/2023 15:30,0.0
10/01/2023 16:00,0.0
10/01/2023 16:30,0.0
10/01/2023 17:00,0.0
10/01/2023 17:30,0.0
10/01/2023 18:00,0.0
10/01/2023 18:30,0.0
10/01/2023 19:00,0.0
10/01/2023 19:30,0.0
10/01/2023 20:00,0.0
10/01/2023 20:30,0.0
10/01/2023 21:00,0.0
10/01/2023 21:30,0.0
10/01/2023 22:00,0.0
10/01/2023 22:30,0.0
10/01/2023 23:00,0.0
10/01/2023 23:30,0.0
10/02/2023 00:00,0.0
10/02/2023 00:30,0.0
10/02/2023 01:00,0.0
10/02/2023 01:30,0.0
10/02/2023 02:00,0.0
10/02/2023 02:30,0.0
10/02/2023 03:00,0.0
10/02/2023 03:30,0.0
10/02/2023 04:00,0.0
10/02/2023 04:30,0.0
10/02/2023 05:00,0.0
10/02/2023 05:30,0.0
10/02/2023 06:00,0.0
10/02/2023 06:30,0.0
10/02/2023 07:00,0.0
10/02/2023 07:30,0.0
10/02/2023 08:00,0.0
10/02/2023 08:30,0.0
10/02/2023 09:00,0.0
10/02/2023 09:30,0.0
10/02/2023 10:00,0.0
10/02/2023 10:30,0.0
10/02/2023 11:00,0.0
10/02/2023 11:30,0.0
10/02/2023 12:00,0.0
10/02/2023 12:30,0.0
10/02/2023 13:00,0.0
10/02/2023 13:30,0.0
10/02/2023 14:00,0.0
10/02/2023 14:30,0.0
10/02/2023 15:00,0.0
10/02/2023 15:30,0.0
10/02/2023 16:00,0.0
10/02/2023 16:30,0.0
10/02/2023 17:00,0.0
10/02/2023 17:30,0.0
10/02/2023 18:00,0.0
10/02/2023 18:30,0.0
10/02/2023 19:00,0.0
10/02/2023 19:30,0.0
10/02/2023 20:00,0.0
10/02/2023 20:30,0.0
10/02/2023 21:00,0.0
10/02/2023 21:30,0.0
10/02/2023 22:00,0.0
10/02/2023 22:30,0.0
10/02/2023 23:00,0.0
10/02/2023 23:30,0.0
10/03/2023 00:00,0.0
10/03/2023 00:30,0.0
10/03/2023 01:00,0.0
10/03/2023 01:30,0.0
10/03/2023 02:00,0.0
10/03/2023 02:30,0.0
10/03/2023 03:00,0.0
10/03/2023 03:30,0.0
10/03/2023 04:00,0.0
10/03/2023 04:30,0.0
10/03/2023 05:00,0.0
10/03/2023 05:30,0.0
10/03/2023 06:00,0.0
10/03/2023 06:30,0.0
10/03/2023 07:00,0.0
10/03/2023 07:30,0.0
10/03/2023 08:00,0.0
10/03/2023 08:30,0.0
10/03/2023 09:00,0.0
10/03/2023 09:30,0.0
10/03/2023 10:00,0.0
10/03/2023 10:30,0.0
10/03/2023 11:00,0.0
10/03/2023 11:30,0.0
10/03/2023 12:00,0.0
10/03/2023 12:30,0.0
10/03/2023 13:00,0.0
10/03/2023 13:30,0.0
10/03/2023 14:00,0.0
10/03/2023 14:30,0.0
10/03/2023 15:00,0.0
10/03/2023 15:30,0.0
10/03/2023 16:00,0.0
10/03/2023 16:30,0.0
10/03/2023 17:00,0.0
10/03/2023 17:30,0.0
10/03/2023 18:00,0.0
10/03/2023 18:30,0.0
10/03/2023 19:00,0.0
10/03/2023 19:30,0.0
10/03/2023 20:00,0.0
10/03/2023 20:30,0.0
10/03/2023 21:00,0.0
10/03/2023 21:30,0.0
10/03/2023 22:00,0.0
10/03/2023 22:30,0.0
10/03/2023 23:00,0.0
10/03/2023 23:30,0.0
10/04/2023 00:00,0.0
10/04/2023 00:30,0.0
10/04/2023 01:00,0.0
10/04/2023 01:30,0.0
10/04/2023 02:00,0.0
10/04/2023 02:30,0.0
10/04/2023 03:00,0.0
10/04/2023 03:30,0.0
10/04/2023 04:00,0.0
10/04/2023 04:30,0.0
10/04/2023 05:00,0.0
10/04/2023 05:30,0.0
10/04/2023 06:00,0.0
10/04/2023 06:30,0.0
10/04/2023 07:00,0.0
10/04/2023 07:30,0.0
10/04/2023 08:00,0.0
10/04/2023 08:30,0.0
10/04/2023 09:00,0.0
10/04/2023 09:30,0.0
10/04/2023 10:00,0.0
10/04/2023 10:30,0.0
10/04/2023 11:00,0.0
10/04/2023 11:30,0.0
10/04/2023 12:00,0.0
10/04/2023 12:30,0.0
10/04/2023 13:00,0.0
10/04/2023 13:30,0.0
10/04/2023 14:00,0.0
10/04/2023 14:30,0.0
10/04/2023 15:00,0.0
10/04/2023 15:30,0.0
10/04/2023 16:00,0.0
10/04/2023 16:30,0.0
10/04/2023 17:00,0.0
10/04/2023 17:30,0.0
10/04/2023 18:00,0.0
10/04/2023 18:30,0.0
10/04/2023 19:00,0.0
10/04/2023 19:30,0.0
10/04/2023 20:00,0.0
10/04/2023 20:30,0.0
10/04/2023 21:00,0.0
10/04/2023 21:30,0.0
10/04/2023 22:00,0.0
10/04/2023 22:30,0.0
10/04/2023 23:00,0.0
10/04/2023 23:30,0.0
10/05/2023 00:00,0.0
10/05/2023 00:30,0.0
10/05/2023 01:00,0.0
10/05/2023 01:30,0.0
10/05/2023 02:00,0.0
10/05/2023 02:30,0.0
10/05/2023 03:00,0.0
10/05/2023 03:30,0.0
10/05/2023 04:00,0.0
10/05/2023 04:30,0.0
10/05/2023 05:00,0.0
10/05/2023 05:30,0.0
10/05/2023 06:00,0.0
10/05/2023 06:30,0.0
10/05/2023 07:00,0.0
10/05/2023 07:30,0.0
10/05/2023 08:00,0.0
10/05/2023 08:30,0.0
10/05/2023 09:00,0.0
10/05/2023 09:30,0.0
10/05/2023 10:00,0.0
10/05/2023 10:30,0.0
10/05/2023 11:00,0.0
10/05/2023 11:30,0.0
10/05/2023 12:00,0.0
10/05/2023 12:30,0.0
10/05/2023 13:00,0.0
10/05/2023 13:30,0.0
10/05/2023 14:00,0.0
10/05/2023 14:30,0.0
10/05/2023 15:00,0.0
10/05/2023 15:30,0.0
10/05/2023 16:00,0.0
10/05/2023 16:30,0.0
10/05/2023 17:00,0.0
10/05/2023 17:30,0.0
10/05/2023 18:00,0.0
10/05/2023 18:30,0.0
10/05/2023 19:00,0.0
10/05/2023 19:30,0.0
10/05/2023 20:00,0.0
10/05/2023 20:30,0.0
10/05/2023 21:00,0.0
10/05/2023 21:30,0.0
10/05/2023 22:00,0.0
10/05/2023 22:30,0.0
10/05/2023 23:00,0.0
10/05/2023 23:30,0.0
10/06/2023 00:00,0.0
10/06/2023 00:30,0.0
10/06/2023 01:00,0.0
10/06/2023 01:30,0.0
10/06/2023 02:00,0.0
10/06/2023 02:30,0.0
10/06/2023 03:00,0.0
10/06/2023 03:30,0.0
10/06/2023 04:00,0.0
10/06/2023 04:30,0.0
10/06/2023 05:00,0.0
10/06/2023 05:30,0.0
10/06/2023 06:00,0.0
10/06/2023 06:30,0.0
10/06/2023 07:00,0.0
10/06/2023 07:30,0.0
10/06/2023 08:00,0.0
10/06/2023 08:30,0.0
10/06/2023 09:00,0.0
10/06/2023 09:30,0.0
10/06/2023 10:00,0.0
10/06/2023 10:30,0.0
10/06/2023 11:00,0.0
10/06/2023 11:30,0.0
10/06/2023 12:00,0.0
10/06/2023 12:30,0.0
10/06/2023 13:00,0.0
10/06/2023 13:30,0.0
10/06/2023 14:00,0.0
10/06/2023 14:30,0.0
10/06/2023 15:00,0.0
10/06/2023 15:30,0.0
10/06/2023 16:00,0.0
10/06/2023 16:30,0.0
10/06/2023 17:00,0.0
10/06/2023 17:30,0.0
10/06/2023 18:00,0.0
10/06/2023 18:30,0.0
10/06/2023 19:00,0.0
10/06/2023 19:30,0.0
10/06/2023 20:00,0.0
10/06/2023 20:30,0.0
10/06/2023 21:00,0.0
10/06/2023 21:30,0.0
10/06/2023 22:00,0.0
10/06/2023 22:30,0.0
10/06/2023 23:00,0.0
10/06/2023 23:30,0.0
10/07/2023 00:00,0.0
10/07/2023 00:30,0.0
10/07/2023 01:00,0.0
10/07/2023 01:30,0.0
10/07/2023 02:00,0.0
10/07/2023 02:30,0.0
10/07/2023 03:00,0.0
10/07/2023 03:30,0.0
10/07/2023 04:00,0.0
10/07/2023 04:30,0.0
10/07/2023 05:00,0.0
10/07/2023 05:30,0.0
10/07/2023 06:00,0.0
10/07/2023 06:30,0.0
10/07/2023 07:00,0.0
10/07/2023 07:30,0.0
10/07/2023 08:00,0.0
10/07/2023 08:30,0.0
10/07/2023 09:00,0.0
10/07/2023 09:30,0.0
10/07/2023 10:00,0.0
10/07/2023 10:30,0.0
10/07/2023 11:00,0.0
10/07/2023 11:30,0.0
10/07/2023 12:00,0.0
10/07/2023 12:30,0.0
10/07/2023 13:00,0.0
10/07/2023 13:30,0.0
10/07/2023 14:00,0.0
10/07/2023 14:30,0.0
10/07/2023 15:00,0.0
10/07/2023 15:30,0.0
10/07/2023 16:00,0.0
10/07/2023 16:30,0.0
10/07/2023 17:00,0.0
10/07/2023 17:30,0.0
10/07/2023 18:00,0.0
10/07/2023 18:30,0.0
10/07/2023 19:00,0.0
10/07/2023 19:30,0.0
10/07/2023 20:00,0.0
10/07/2023 20:30,0.0
10/07/2023 21:00,0.0
10/07/2023 21:30,0.0
10/07/2023 22:00,0.0
10/07/2023 22:30,0.0
10/07/2023 23:00,0.0
10/07/2023 23:30,0.0
10/08/2023 00:00,0.0
10/08/2023 00:30,0.0
10/08/2023 01:00,0.0
10/08/2023 01:30,0.0
10/08/2023 02:00,0.0
10/08/2023 02:30,0.0
10/08/2023 03:00,0.0
10/08/2023 03:30,0.0
10/08/2023 04:00,0.0
10/08/2023 04:30,0.0
10/08/2023 05:00,0.0
10/08/2023 05:30,0.0
10/08/2023 06:00,0.0
10/08/2023 06:30,0.0
10/08/2023 07:00,0.0
10/08/2023 07:30,0.0
10/08/2023 08:00,0.0
10/08/2023 08:30,0.0
10/08/2023 09:00,0.0
10/08/2023 09:30,0.0
10/08/2023 10:00,0.0
10/08/2023 10:30,0.0
10/08/2023 11:00,0.0
10/08/2023 11:30,0.0
10/08/2023 12:00,0.0
10/08/2023 12:30,0.0
10/08/2023 13:00,0.0
10/08/2023 13:30,0.0
10/08/2023 14:00,0.0
10/08/2023 14:30,0.0
10/08/2023 15:00,0.0
10/08/2023 15:30,0.0
10/08/2023 16:00,0.0
10/08/2023 16:30,0.0
10/08/2023 17:00,0.0
10/08/2023 17:30,0.0
10/08/2023 18:00,0.0
10/08/2023 18:30,0.0
10/08/2023 19:00,0.0
10/08/2023 19:30,0.0
10/08/2023 20:00,0.0
10/08/2023 20:30,0.0
10/08/2023 21:00,0.0
10/08/2023 21:30,0.0
10/08/2023 22:00,0.0
10/08/2023 22:30,0.0
10/08/2023 23:00,0.0
10/08/2023 23:30,0.0
10/09/2023 00:00,0.0
10/09/2023 00:30,0.0
10/09/2023 01:00,0.0
10/09/2023 01:30,0.0
10/09/2023 02:00,0.0
10/09/2023 02:30,0.0
10/09/2023 03:00,0.0
10/09/2023 03:30,0.0
10/09/2023 04:00,0.0
10/09/2023 04:30,0.0
10/09/2023 05:00,0.0
10/09/2023 05:30,0.0
10/09/2023 06:00,0.0
10/09/2023 06:30,0.0
10/09/2023 07:00,0.0
10/09/2023 07:30,0.0
10/09/2023 08:00,0.0
10/09/2023 08:30,0.0
10/09/2023 09:00,0.0
10/09/2023 09:30,0.0
10/09/2023 10:00,0.0
10/09/2023 10:30,0.0
10/09/2023 11:00,0.0
10/09/2023 11:30,0.0
10/09/2023 12:00,0.0
10/09/2023 12:30,0.0
10/09/2023 13:00,0.0
10/09/2023 13:30,0.0
10/09/2023 14:00,0.0
10/09/2023 14:30,0.0
10/09/2023 15:00,0.0
10/09/2023 15:30,0.0
10/09/2023 16:00,0.0
10/09/2023 16:30,0.0
10/09/2023 17:00,0.0
10/09/2023 17:30,0.0
10/09/2023 18:00,0.0
10/09/2023 18:30,0.0
10/09/2023 19:00,0.0
10/09/2023 19:30,0.0
10/09/2023 20:00,0.0
10/09/2023 20:30,0.0
10/09/2023 21:00,0.0
10/09/2023 21:30,0.0
10/09/2023 22:00,0.0
10/09/2023 22:30,0.0
10/09/2023 23:00,0.0
10/09/2023 23:30,0.0
10/10/2023 00:00,0.0
10/10/2023 00:30,0.0
10/10/2023 01:00,0.0
10/10/2023 01:30,0.0
10/10/2023 02:00,0.0
10/10/2023 02:30,0.0
10/10/2023 03:00,0.0
10/10/2023 03:30,0.0
10/10/2023 04:00,0.0
10/10/2023 04:30,0.0
10/10/2023 05:00,0.0
10/10/2023 05:30,0.0
10/10/2023 06:00,0.0
10/10/2023 06:30,0.0
10/10/2023 07:00,0.0
10/10/2023 07:30,0.0
10/10/2023 08:00,0.0
10/10/2023 08:30,0.0
10/10/2023 09:00,0.0
10/10/2023 09:30,0.0
10/10/2023 10:00,0.0
10/10/2023 10:30,0.0
10/10/2023 11:00,0.0
10/10/2023 11:30,0.0
10/10/2023 12:00,0.0
10/10/2023 12:30,0.0
10/10/2023 13:00,0.0
10/10/2023 13:30,0.0
10/10/2023 14:00,0.0
10/10/2023 14:30,0.0
10/10/2023 15:00,0.0
10/10/2023 15:30,0.0
10/10/2023 16:00,0.0
10/10/2023 16:30,0.0
10/10/2023 17:00,0.0
10/10/2023 17:30,0.0
10/10/2023 18:00,0.0
10/10/2023 18:30,0.0
10/10/2023 19:00,0.0
10/10/2023 19:30,0.0
10/10/2023 20:00,0.0
10/10/2023 20:30,0.0
10/10/2023 21:00,0.0
10/10/2023 21:30,0.0
10/10/2023 22:00,0.0
10/10/2023 22:30,0.0
10/10/2023 23:00,0.0
10/10/2023 23:30,0.0
10/11/2023 00:00,0.0
10/11/2023 00:30,0.0
10/11/2023 01:00,0.0
10/11/2023 01:30,0.0
10/11/2023 02:00,0.0
10/11/2023 02:30,0.0
10/11/2023 03:00,0.0
10/11/2023 03:30,0.0
10/11/2023 04:00,0.0
10/11/2023 04:30,0.0
10/11/2023 05:00,0.0
10/11/2023 05:30,0.0
10/11/2023 06:00,0.0
10/11/2023 06:30,0.0
10/11/2023 07:00,0.0
10/11/2023 07:30,0.0
10/11/2023 08:00,0.0
10/11/2023 08:30,0.0
10/11/2023 09:00,0.0
10/11/2023 09:30,0.0
10/11/2023 10:00,0.0
10/11/2023 10:30,0.0
10/11/2023 11:00,0.0
10/11/2023 11:30,0.0
10/11/2023 12:00,0.0
10/11/2023 12:30,0.0
10/11/2023 13:00,0.0
10/11/2023 13:30,0.0
10/11/2023 14:00,0.0
10/11/2023 14:30,0.0
10/11/2023 15:00,0.0
10/11/2023 15:30,0.0
10/11/2023 16:00,0.0
10/11/2023 16:30,0.0
10/11/2023 17:00,0.0
10/11/2023 17:30,0.0
10/11/2023 18:00,0.0
10/11/2023 18:30,0.0
10/11/2023 19:00,0.0
10/11/2023 19:30,0.0
10/11/2023 20:00,0.0
10/11/2023 20:30,0.0
10/11/2023 21:00,0.0
10/11/2023 21:30,0.0
10/11/2023 22:00,0.0
10/11/2023 22:30,0.0
10/11/2023 23:00,0.0
10/11/2023 23:30,0.0
10/12/2023 00:00,0.0
10/12/2023 00:30,0.0
10/12/2023 01:00,0.0
10/12/2023 01:30,0.0
10/12/2023 02:00,0.0
10/12/2023 02:30,0.0
10/12/2023 03:00,0.0
10/12/2023 03:30,0.0
10/12/2023 04:00,0.0
10/12/2023 04:30,0.0
10/12/2023 05:00,0.0
10/12/2023 05:30,0.0
10/12/2023 06:00,0.0
10/12/2023 06:30,0.0
10/12/2023 07:00,0.0
10/12/2023 07:30,0.0
10/12/2023 08:00,0.0
10/12/2023 08:30,0.0
10/12/2023 09:00,0.0
10/12/2023 09:30,0.0
10/12/2023 10:00,0.0
10/12/2023 10:30,0.0
10/12/2023 11:00,0.0
10/12/2023 11:30,0.0
10/12/2023 12:00,0.0
10/12/2023 12:30,0.0
10/12/2023 13:00,0.0
10/12/2023 13:30,0.0
10/12/2023 14:00,0.0
10/12/2023 14:30,0.0
10/12/2023 15:00,0.0
10/12/2023 15:30,0.0
10/12/2023 16:00,0.0
10/12/2023 16:30,0.0
10/12/2023 17:00,0.0
10/12/2023 17:30,0.0
10/12/2023 18:00,0.0
10/12/2023 18:30,0.0
10/12/2023 19:00,0.0
10/12/2023 19:30,0.0
10/12/2023 20:00,0.0
10/12/2023 20:30,0.0
10/12/2023 21:00,0.0
10/12/2023 21:30,0.0
10/12/2023 22:00,0.0
10/12/2023 22:30,0.0
10/12/2023 23:00,0.0
10/12/2023 23:30,0.0
10/13/2023 00:00,0.0
10/13/2023 00:30,0.0
10/13/2023 01:00,0.0
10/13/2023 01:30,0.0
10/13/2023 02:00,0.0
10/13/2023 02:30,0.0
10/13/2023 03:00,0.0
10/13/2023 03:30,0.0
10/13/2023 04:00,0.0
10/13/2023 04:30,0.0
10/13/2023 05:00,0.0
10/13/2023 05:30,0.0
10/13/2023 06:00,0.0
10/13/2023 06:30,0.0
10/13/2023 07:00,0.0
10/13/2023 07:30,0.0
10/13/2023 08:00,0.0
10/13/2023 08:30,0.0
10/13/2023 09:00,0.0
10/13/2023 09:30,0.0
10/13/2023 10:00,0.0
10/13/2023 10:30,0.0
10/13/2023 11:00,0.0
10/13/2023 11:30,0.0
10/13/2023 12:00,0.0
10/13/2023 12:30,0.0
10/13/2023 13:00,0.0
10/13/2023 13:30,0.0
10/13/2023 14:00,0.0
10/13/2023 14:30,0.0
10/13/2023 15:00,0.0
10/13/2023 15:30,0.0
10/13/2023 16:00,0.0
10/13/2023 16:30,0.0
10/13/2023 17:00,0.0
10/13/2023 17:30,0.0
10/13/2023 18:00,0.0
10/13/2023 18:30,0.0
10/13/2023 19:00,0.0
10/13/2023 19:30,0.0
10/13/2023 20:00,0.0
10/13/2023 20:30,0.0
10/13/2023 21:00,0.0
10/13/2023 21:30,0.0
10/13/2023 22:00,0.0
10/13/2023 22:30,0.0
10/13/2023 23:00,0.0
10/13/2023 23:30,0.0
10/14/2023 00:00,0.0
10/14/2023 00:30,0.0
10/14/2023 01:00,0.0
10/14/2023 01:30,0.0
10/14/2023 02:00,0.0
10/14/2023 02:30,0.0
10/14/2023 03:00,0.0
10/14/2023 03:30,0.0
10/14/2023 04:00,0.0
10/14/2023 04:30,0.0
10/14/2023 05:00,0.0
10/14/2023 05:30,0.0
10/14/2023 06:00,0.0
10/14/2023 06:30,0.0
10/14/2023 07:00,0.0
10/14/2023 07:30,0.0
10/14/2023 08:00,0.0
10/14/2023 08:30,0.0
10/14/2023 09:00,0.0
10/14/2023 09:30,0.0
10/14/2023 10:00,0.0
10/14/2023 10:30,0.0
10/14/2023 11:00,0.0
10/14/2023 11:30,0.0
10/14/2023 12:00,0.0
10/14/2023 12:30,0.0
10/14/2023 13:00,0.0
10/14/2023 13:30,0.0
10/14/2023 14:00,0.0
10/14/2023 14:30,0.0
10/14/2023 15:00,0.0
10/14/2023 15:30,0.0
10/14/2023 16:00,0.0
10/14/2023 16:30,0.0
10/14/2023 17:00,0.0
10/14/2023 17:30,0.0
10/14/2023 18:00,0.0
10/14/2023 18:30,0.0
10/14/2023 19:00,0.0
10/14/2023 19:30,0.0
10/14/2023 20:00,0.0
10/14/2023 20:30,0.0
10/14/2023 21:00,0.0
10/14/2023 21:30,0.0
10/14/2023 22:00,0.0
10/14/2023 22:30,0.0
10/14/2023 23:00,0.0
10/14/2023 23:30,0.0
10/15/2023 00:00,0.0
10/15/2023 00:30,0.0
10/15/2023 01:00,0.0
10/15/2023 01:30,0.0
10/15/2023 02:00,0.0
10/15/2023 02:30,0.0
10/15/2023 03:00,0.0
10/15/2023 03:30,0.0
10/15/2023 04:00,0.0
10/15/2023 04:30,0.0
10/15/2023 05:00,0.0
10/15/2023 05:30,0.0
10/15/2023 06:00,0.0
10/15/2023 06:30,0.0
10/15/2023 07:00,0.0
10/15/2023 07:30,0.0
10/15/2023 08:00,0.0
10/15/2023 08:30,0.0
10/15/2023 09:00,0.0
10/15/2023 09:30,0.0
10/15/2023 10:00,0.0
10/15/2023 10:30,0.0
10/15/2023 11:00,0.0
10/15/2023 11:30,0.0
10/15/2023 12:00,0.0
10/15/2023 12:30,0.0
10/15/2023 13:00,0.0
10/15/2023 13:30,0.0
10/15/2023 14:00,0.0
10/15/2023 14:30,0.0
10/15/2023 15:00,0.0
10/15/2023 15:30,0.0
10/15/2023 16:00,0.0
10/15/2023 16:30,0.0
10/15/2023 17:00,0.0
10/15/2023 17:30,0.0
10/15/2023 18:00,0.0
10/15/2023 18:30,0.0
10/15/2023 19:00,0.0
10/15/2023 19:30,0.0
10/15/2023 20:00,0.0
10/15/2023 20:30,0.0
10/15/2023 21:00,0.0
10/15/2023 21:30,0.0
10/15/2023 22:00,0.0
10/15/2023 22:30,0.0
10/15/2023 23:00,0.0
10/15/2023 23:30,0.0
10/16/2023 00:00,0.0
10/16/2023 00:30,0.0
10/16/2023 01:00,0.0
10/16/2023 01:30,0.0
10/16/2023 02:00,0.0
10/16/2023 02:30,0.0
10/16/2023 03:00,0.0
10/16/2023 03:30,0.0
10/16/2023 04:00,0.0
10/16/2023 04:30,0.0
10/16/2023 05:00,0.0
10/16/2023 05:30,0.0
10/16/2023 06:00,0.0
10/16/2023 06:30,0.0
10/16/2023 07:00,0.0
10/16/2023 07:30,0.0
10/16/2023 08:00,0.0
10/16/2023 08:30,0.0
10/16/2023 09:00,0.0
10/16/2023 09:30,0.0
10/16/2023 10:00,0.0
10/16/2023 10:30,0.0
10/16/2023 11:00,0.0
10/16/2023 11:30,0.0
10/16/2023 12:00,0.0
10/16/2023 12:30,0.0
10/16/2023 13:00,0.0
10/16/2023 13:30,0.0
10/16/2023 14:00,0.0
10/16/2023 14:30,0.0
10/16/2023 15:00,0.0
10/16/2023 15:30,0.0
10/16/2023 16:00,0.0
10/16/2023 16:30,0.0
10/16/2023 17:00,0.0
10/16/2023 17:30,0.0
10/16/2023 18:00,0.0
10/16/2023 18:30,0.0
10/16/2023 19:00,0.0
10/16/2023 19:30,0.0
10/16/2023 20:00,0.0
10/16/2023 20:30,0.0
10/16/2023 21:00,0.0
10/16/2023 21:30,0.0
10/16/2023 22:00,0.0
10/16/2023 22:30,0.0
10/16/2023 23:00,0.0
10/16/2023 23:30,0.0
10/17/2023 00:00,0.0
10/17/2023 00:30,0.0
10/17/2023 01:00,0.0
10/17/2023 01:30,0.0
10/17/2023 02:00,0.0
10/17/2023 02:30,0.0
10/17/2023 03:00,0.0
10/17/2023 03:30,0.0
10/17/2023 04:00,0.0
10/17/2023 04:30,0.0
10/17/2023 05:00,0.0
10/17/2023 05:30,0.0
10/17/2023 06:00,0.0
10/17/2023 06:30,0.0
10/17/2023 07:00,0.0
10/17/2023 07:30,0.0
10/17/2023 08:00,0.0
10/17/2023 08:30,0.0
10/17/2023 09:00,0.0
10/17/2023 09:30,0.0
10/17/2023 10:00,0.0
10/17/2023 10:30,0.0
10/17/2023 11:00,0.0
10/17/2023 11:30,0.0
10/17/2023 12:00,0.0
10/17/2023 12:30,0.0
10/17/2023 13:00,0.0
10/17/2023 13:30,0.0
10/17/2023 14:00,0.0
10/17/2023 14:30,0.0
10/17/2023 15:00,0.0
10/17/2023 15:30,0.0
10/17/2023 16:00,0.0
10/17/2023 16:30,0.0
10/17/2023 17:00,0.0
10/17/2023 17:30,0.0
10/17/2023 18:00,0.0
10/17/2023 18:30,0.0
10/17/2023 19:00,0.0
10/17/2023 19:30,0.0
10/17/2023 20:00,0.0
10/17/2023 20:30,0.0
10/17/2023 21:00,0.0
10/17/2023 21:30,0.0
10/17/2023 22:00,0.0
10/17/2023 22:30,0.0
10/17/2023 23:00,0.0
10/17/2023 23:30,0.0
10/18/2023 00:00,0.0
10/18/2023 00:30,0.0
10/18/2023 01:00,0.0
10/18/2023 01:30,0.0
10/18/2023 02:00,0.0
10/18/2023 02:30,0.0
10/18/2023 03:00,0.0
10/18/2023 03:30,0.0
10/18/2023 04:00,0.0
10/18/2023 04:30,0.0
10/18/2023 05:00,0.0
10/18/2023 05:30,0.0
10/18/2023 06:00,0.0
10/18/2023 06:30,0.0
10/18/2023 07:00,0.0
10/18/2023 07:30,0.0
10/18/2023 08:00,0.0
10/18/2023 08:30,0.0
10/18/2023 09:00,0.0
10/18/2023 09:30,0.0
10/18/2023 10:00,0.0
10/18/2023 10:30,0.0
10/18/2023 11:00,0.0
10/18/2023 11:30,0.0
10/18/2023 12:00,0.0
10/18/2023 12:30,0.0
10/18/2023 13:00,0.0
10/18/2023 13:30,0.0
10/18/2023 14:00,0.0
10/18/2023 14:30,0.0
10/18/2023 15:00,0.0
10/18/2023 15:30,0.0
10/18/2023 16:00,0.0
10/18/2023 16:30,0.0
10/18/2023 17:00,0.0
10/18/2023 17:30,0.0
10/18/2023 18:00,0.0
10/18/2023 18:30,0.0
10/18/2023 19:00,0.0
10/18/2023 19:30,0.0
10/18/2023 20:00,0.0
10/18/2023 20:30,0.0
10/18/2023 21:00,0.0
10/18/2023 21:30,0.0
10/18/2023 22:00,0.0
10/18/2023 22:30,0.0
10/18/2023 23:00,0.0
10/18/2023 23:30,0.0
10/19/2023 00:00,0.0
10/19/2023 00:30,0.0
10/19/2023 01:00,0.0
10/19/2023 01:30,0.0
10/19/2023 02:00,0.0
10/19/2023 02:30,0.0
10/19/2023 03:00,0.0
10/19/2023 03:30,0.0
10/19/2023 04:00,0.0
10/19/2023 04:30,0.0
10/19/2023 05:00,0.0
10/19/2023 05:30,0.0
10/19/2023 06:00,0.0
10/19/2023 06:30,0.0
10/19/2023 07:00,0.0
10/19/2023 07:30,0.0
10/19/2023 08:00,0.0
10/19/2023 08:30,0.0
10/19/2023 09:00,0.0
10/19/2023 09:30,0.0
10/19/2023 10:00,0.0
10/19/2023 10:30,0.0
10/19/2023 11:00,0.0
10/19/2023 11:30,0.0
10/19/2023 12:00,0.0
10/19/2023 12:30,0.0
10/19/2023 13:00,0.0
10/19/2023 13:30,0.0
10/19/2023 14:00,0.0
10/19/2023 14:30,0.0
10/19/2023 15:00,0.0
10/19/2023 15:30,0.0
10/19/2023 16:00,0.0
10/19/2023 16:30,0.0
10/19/2023 17:00,0.0
10/19/2023 17:30,0.0
10/19/2023 18:00,0.0
10/19/2023 18:30,0.0
10/19/2023 19:00,0.0
10/19/2023 19:30,0.0
10/19/2023 20:00,0.0
10/19/2023 20:30,0.0
10/19/2023 21:00,0.0
10/19/2023 21:30,0.0
10/19/2023 22:00,0.0
10/19/2023 22:30,0.0
10/19/2023 23:00,0.0
10/19/2023 23:30,0.0
10/20/2023 00:00,0.0
10/20/2023 00:30,0.0
10/20/2023 01:00,0.0
10/20/2023 01:30,0.0
10/20/2023 02:00,0.0
10/20/2023 02:30,0.0
10/20/2023 03:00,0.0
10/20/2023 03:30,0.0
10/20/2023 04:00,0.0
10/20/2023 04:30,0.0
10/20/2023 05:00,0.0
10/20/2023 05:30,0.0
10/20/2023 06:00,0.0
10/20/2023 06:30,0.0
10/20/2023 07:00,0.0
10/20/2023 07:30,0.0
10/20/2023 08:00,0.0
10/20/2023 08:30,0.0
10/20/2023 09:00,0.0
10/20/2023 09:30,0.0
10/20/2023 10:00,0.0
10/20/2023 10:30,0.0
10/20/2023 11:00,0.0
10/20/2023 11:30,0.0
10/20/2023 12:00,0.0
10/20/2023 12:30,0.0
10/20/2023 13:00,0.0
10/20/2023 13:30,0.0
10/20/2023 14:00,0.0
10/20/2023 14:30,0.0
10/20/2023 15:00,0.0
10/20/2023 15:30,0.0
10/20/2023 16:00,0.0
10/20/2023 16:30,0.0
10/20/2023 17:00,0.0
10/20/2023 17:30,0.0
10/20/2023 18:00,0.0
10/20/2023 18:30,0.0
10/20/2023 19:00,0.0
10/20/2023 19:30,0.0
10/20/2023 20:00,0.0
10/20/2023 20:30,0.0
10/20/2023 21:00,0.0
10/20/2023 21:30,0.0
10/20/2023 22:00,0.0
10/20/2023 22:30,0.0
10/20/2023 23:00,0.0
10/20/2023 23:30,0.0
10/21/2023 00:00,0.0
10/21/2023 00:30,0.0
10/21/2023 01:00,0.0
10/21/2023 01:30,0.0
10/21/2023 02:00,0.0
10/21/2023 02:30,0.0
10/21/2023 03:00,0.0
10/21/2023 03:30,0.0
10/21/2023 04:00,0.0
10/21/2023 04:30,0.0
10/21/2023 05:00,0.0
10/21/2023 05:30,0.0
10/21/2023 06:00,0.0
10/21/2023 06:30,0.0
10/21/2023 07:00,0.0
10/21/2023 07:30,0.0
10/21/2023 08:00,0.0
10/21/2023 08:30,0.0
10/21/2023 09:00,0.0
10/21/2023 09:30,0.0
10/21/2023 10:00,0.0
10/21/2023 10:30,0.0
10/21/2023 11:00,0.0
10/21/2023 11:30,0.0
10/21/2023 12:00,0.0
10/21/2023 12:30,0.0
10/21/2023 13:00,0.0
10/21/2023 13:30,0.0
10/21/2023 14:00,0.0
10/21/2023 14:30,0.0
10/21/2023 15:00,0.0
10/21/2023 15:30,0.0
10/21/2023 16:00,0.0
10/21/2023 16:30,0.0
10/21/2023 17:00,0.0
10/21/2023 17:30,0.0
10/21/2023 18:00,0.0
10/21/2023 18:30,0.0
10/21/2023 19:00,0.0
10/21/2023 19:30,0.0
10/21/2023 20:00,0.0
10/21/2023 20:30,0.0
10/21/2023 21:00,0.0
10/21/2023 21:30,0.0
10/21/2023 22:00,0.0
10/21/2023 22:30,0.0
10/21/2023 23:00,0.0
10/21/2023 23:30,0.0
10/22/2023 00:00,0.0
10/22/2023 00:30,0.0
10/22/2023 01:00,0.0
10/22/2023 01:30,0.0
10/22/2023 02:00,0.0
10/22/2023 02:30,0.0
10/22/2023 03:00,0.0
10/22/2023 03:30,0.0
10/22/2023 04:00,0.0
10/22/2023 04:30,0.0
10/22/2023 05:00,0.0
10/22/2023 05:30,0.0
10/22/2023 06:00,0.0
10/22/2023 06:30,0.0
10/22/2023 07:00,0.0
10/22/2023 07:30,0.0
10/22/2023 08:00,0.0
10/22/2023 08:30,0.0
10/22/2023 09:00,0.0
10/22/2023 09:30,0.0
10/22/2023 10:00,0.0
10/22/2023 10:30,0.0
10/22/2023 11:00,0.0
10/22/2023 11:30,0.0
10/22/2023 12:00,0.0
10/22/2023 12:30,0.0
10/22/2023 13:00,0.0
10/22/2023 13:30,0.0
10/22/2023 14:00,0.0
10/22/2023 14:30,0.0
10/22/2023 15:00,0.0
10/22/2023 15:30,0.0
10/22/2023 16:00,0.0
10/22/2023 16:30,0.0
10/22/2023 17:00,0.0
10/22/2023 17:30,0.0
10/22/2023 18:00,0.0
10/22/2023 18:30,0.0
10/22/2023 19:00,0.0
10/22/2023 19:30,0.0
10/22/2023 20:00,0.0
10/22/2023 20:30,0.0
10/22/2023 21:00,0.0
10/22/2023 21:30,0.0
10/22/2023 22:00,0.0
10/22/2023 22:30,0.0
10/22/2023 23:00,0.0
10/22/2023 23:30,0.0
10/23/2023 00:00,1.014
10/23/2023 00:30,1.014
10/23/2023 01:00,1.014
10/23/2023 01:30,1.014
10/23/2023 02:00,1.014
10/23/2023 02:30,1.014
10/23/2023 03:00,1.014
10/23/2023 03:30,1.014
10/23/2023 04:00,1.014
10/23/2023 04:30,1.014
10/23/2023 05:00,1.014
10/23/2023 05:30,1.014
10/23/2023 06:00,1.014
10/23/2023 06:30,1.014
10/23/2023 07:00,1.014
10/23/2023 07:30,1.014
10/23/2023 08:00,1.014
10/23/2023 08:30,1.014
10/23/2023 09:00,1.014
10/23/2023 09:30,1.014
10/23/2023 10:00,1.014
10/23/2023 10:30,1.014
10/23/2023 11:00,1.014
10/23/2023 11:30,1.014
10/23/2023 12:00,1.014
10/23/2023 12:30,1.014
10/23/2023 13:00,1.014
10/23/2023 13:30,1.014
10/23/2023 14:00,1.014
10/23/2023 14:30,1.014
10/23/2023 15:00,1.014
10/23/2023 15:30,1.014
10/23/2023 16:00,1.014
10/23/2023 16:30,1.014
10/23/2023 17:00,1.014
10/23/2023 17:30,1.014
10/23/2023 18:00,1.014
10/23/2023 18:30,1.014
10/23/2023 19:00,1.014
10/23/2023 19:30,1.014
10/23/2023 20:00,1.014
10/23/2023 20:30,1.014
10/23/2023 21:00,1.014
10/23/2023 21:30,1.014
10/23/2023 22:00,1.014
10/23/2023 22:30,1.014
10/23/2023 23:00,1.014
10/23/2023 23:30,1.014
10/24/2023 00:00,1.014
10/24/2023 00:30,1.014
10/24/2023 01:00,1.014
10/24/2023 01:30,1.014
10/24/2023 02:00,1.014
10/24/2023 02:30,1.014
10/24/2023 03:00,1.014
10/24/2023 03:30,1.014
10/24/2023 04:00,1.014
10/24/2023 04:30,1.014
10/24/2023 05:00,1.014
10/24/2023 05:30,1.014
10/24/2023 06:00,1.014
10/24/2023 06:30,1.014
10/24/2023 07:00,1.014
10/24/2023 07:30,1.014
10/24/2023 08:00,1.014
10/24/2023 08:30,1.014
10/24/2023 09:00,1.014
10/24/2023 09:30,1.014
10/24/2023 10:00,1.014
10/24/2023 10:30,1.014
10/24/2023 11:00,1.014
10/24/2023 11:30,1.014
10/24/2023 12:00,1.014
10/24/2023 12:30,1.014
10/24/2023 13:00,1.014
10/24/2023 13:30,1.014
10/24/2023 14:00,1.014
10/24/2023 14:30,1.014
10/24/2023 15:00,1.014
10/24/2023 15:30,1.014
10/24/2023 16:00,1.014
10/24/2023 16:30,1.014
10/24/2023 17:00,1.014
10/24/2023 17:30,1.014
10/24/2023 18:00,1.014
10/24/2023 18:30,1.014
10/24/2023 19:00,1.014
10/24/2023 19:30,1.014
10/24/2023 20:00,1.014
10/24/2023 20:30,1.014
10/24/2023 21:00,1.014
10/24/2023 21:30,1.014
10/24/2023 22:00,1.014
10/24/2023 22:30,1.014
10/24/2023 23:00,1.014
10/24/2023 23:30,1.014
10/25/2023 00:00,2.869
10/25/2023 00:30,2.869
10/25/2023 01:00,2.869
10/25/2023 01:30,2.869
10/25/2023 02:00,2.869
10/25/2023 02:30,2.869
10/25/2023 03:00,2.869
10/25/2023 03:30,2.869
10/25/2023 04:00,2.869
10/25/2023 04:30,2.869
10/25/2023 05:00,2.869
10/25/2023 05:30,2.869
10/25/2023 06:00,2.869
10/25/2023 06:30,2.869
10/25/2023 07:00,2.869
10/25/2023 07:30,2.869
10/25/2023 08:00,2.869
10/25/2023 08:30,2.869
10/25/2023 09:00,2.869
10/25/2023 09:30,2.869
10/25/2023 10:00,2.869
10/25/2023 10:30,2.869
10/25/2023 11:00,2.869
10/25/2023 11:30,2.869
10/25/2023 12:00,2.869
10/25/2023 12:30,2.869
10/25/2023 13:00,2.869
10/25/2023 13:30,2.869
10/25/2023 14:00,2.869
10/25/2023 14:30,2.869
10/25/2023 15:00,2.869
10/25/2023 15:30,2.869
10/25/2023 16:00,2.869
10/25/2023 16:30,2.869
10/25/2023 17:00,2.869
10/25/2023 17:30,2.869
10/25/2023 18:00,2.869
10/25/2023 18:30,2.869
10/25/2023 19:00,2.869
10/25/2023 19:30,2.869
10/25/2023 20:00,2.869
10/25/2023 20:30,2.869
10/25/2023 21:00,2.869
10/25/2023 21:30,2.869
10/25/2023 22:00,2.869
10/25/2023 22:30,2.869
10/25/2023 23:00,2.869
10/25/2023 23:30,2.869
10/26/2023 00:00,2.869
10/26/2023 00:30,2.869
10/26/2023 01:00,2.869
10/26/2023 01:30,2.869
10/26/2023 02:00,2.869
10/26/2023 02:30,2.869
10/26/2023 03:00,2.869
10/26/2023 03:30,2.869
10/26/2023 04:00,2.869
10/26/2023 04:30,2.869
10/26/2023 05:00,2.869
10/26/2023 05:30,2.869
10/26/2023 06:00,2.869
10/26/2023 06:30,2.869
10/26/2023 07:00,2.869
10/26/2023 07:30,2.869
10/26/2023 08:00,2.869
10/26/2023 08:30,2.869
10/26/2023 09:00,2.869
10/26/2023 09:30,2.869
10/26/2023 10:00,2.869
10/26/2023 10:30,2.869
10/26/2023 11:00,2.869
10/26/2023 11:30,2.869
10/26/2023 12:00,2.869
10/26/2023 12:30,2.869
10/26/2023 13:00,2.869
10/26/2023 13:30,2.869
10/26/2023 14:00,2.869
10/26/2023 14:30,2.869
10/26/2023 15:00,2.869
10/26/2023 15:30,2.869
10/26/2023 16:00,2.869
10/26/2023 16:30,2.869
10/26/2023 17:00,2.869
10/26/2023 17:30,2.869
10/26/2023 18:00,2.869
10/26/2023 18:30,2.869
10/26/2023 19:00,2.869
10/26/2023 19:30,2.869
10/26/2023 20:00,2.869
10/26/2023 20:30,2.869
10/26/2023 21:00,2.869
10/26/2023 21:30,2.869
10/26/2023 22:00,2.869
10/26/2023 22:30,2.869
10/26/2023 23:00,2.869
10/26/2023 23:30,2.869
10/27/2023 00:00,1.863
10/27/2023 00:30,1.863
10/27/2023 01:00,1.863
10/27/2023 01:30,1.863
10/27/2023 02:00,1.863
10/27/2023 02:30,1.863
10/27/2023 03:00,1.863
10/27/2023 03:30,1.863
10/27/2023 04:00,1.863
10/27/2023 04:30,1.863
10/27/2023 05:00,1.863
10/27/2023 05:30,1.863
10/27/2023 06:00,1.863
10/27/2023 06:30,1.863
10/27/2023 07:00,1.863
10/27/2023 07:30,1.863
10/27/2023 08:00,1.863
10/27/2023 08:30,1.863
10/27/2023 09:00,1.863
10/27/2023 09:30,1.863
10/27/2023 10:00,1.863
10/27/2023 10:30,1.863
10/27/2023 11:00,1.863
10/27/2023 11:30,1.863
10/27/2023 12:00,1.863
10/27/2023 12:30,1.863
10/27/2023 13:00,1.863
10/27/2023 13:30,1.863
10/27/2023 14:00,1.863
10/27/2023 14:30,1.863
10/27/2023 15:00,1.863
10/27/2023 15:30,1.863
10/27/2023 16:00,1.863
10/27/2023 16:30,1.863
10/27/2023 17:00,1.863
10/27/2023 17:30,1.863
10/27/2023 18:00,1.863
10/27/2023 18:30,1.863
10/27/2023 19:00,1.863
10/27/2023 19:30,1.863
10/27/2023 20:00,1.863
10/27/2023 20:30,1.863
10/27/2023 21:00,1.863
10/27/2023 21:30,1.863
10/27/2023 22:00,1.863
10/27/2023 22:30,1.863
10/27/2023 23:00,1.863
10/27/2023 23:30,1.863
10/28/2023 00:00,1.014
10/28/2023 00:30,1.014
10/28/2023 01:00,1.014
10/28/2023 01:30,1.014
10/28/2023 02:00,1.014
10/28/2023 02:30,1.014
10/28/2023 03:00,1.014
10/28/2023 03:30,1.014
10/28/2023 04:00,1.014
10/28/2023 04:30,1.014
10/28/2023 05:00,1.014
10/28/2023 05:30,1.014
10/28/2023 06:00,1.014
10/28/2023 06:30,1.014
10/28/2023 07:00,1.014
10/28/2023 07:30,1.014
10/28/2023 08:00,1.014
10/28/2023 08:30,1.014
10/28/2023 09:00,1.014
10/28/2023 09:30,1.014
10/28/2023 10:00,1.014
10/28/2023 10:30,1.014
10/28/2023 11:00,1.014
10/28/2023 11:30,1.014
10/28/2023 12:00,1.014
10/28/2023 12:30,1.014
10/28/2023 13:00,1.014
10/28/2023 13:30,1.014
10/28/2023 14:00,1.014
10/28/2023 14:30,1.014
10/28/2023 15:00,1.014
10/28/2023 15:30,1.014
10/28/2023 16:00,1.014
10/28/2023 16:30,1.014
10/28/2023 17:00,1.014
10/28/2023 17:30,1.014
10/28/2023 18:00,1.014
10/28/2023 18:30,1.014
10/28/2023 19:00,1.014
10/28/2023 19:30,1.014
10/28/2023 20:00,1.014
10/28/2023 20:30,1.014
10/28/2023 21:00,1.014
10/28/2023 21:30,1.014
10/28/2023 22:00,1.014
10/28/2023 22:30,1.014
10/28/2023 23:00,1.014
10/28/2023 23:30,1.014
10/29/2023 00:00,2.869
10/29/2023 00:30,2.869
10/29/2023 01:00,2.869
10/29/2023 01:30,2.869
10/29/2023 02:00,2.869
10/29/2023 02:30,2.869
10/29/2023 03:00,2.869
10/29/2023 03:30,2.869
10/29/2023 04:00,2.869
10/29/2023 04:30,2.869
10/29/2023 05:00,2.869
10/29/2023 05:30,2.869
10/29/2023 06:00,2.869
10/29/2023 06:30,2.869
10/29/2023 07:00,2.869
10/29/2023 07:30,2.869
10/29/2023 08:00,2.869
10/29/2023 08:30,2.869
10/29/2023 09:00,2.869
10/29/2023 09:30,2.869
10/29/2023 10:00,2.869
10/29/2023 10:30,2.869
10/29/2023 11:00,2.869
10/29/2023 11:30,2.869
10/29/2023 12:00,2.869
10/29/2023 12:30,2.869
10/29/2023 13:00,2.869
10/29/2023 13:30,2.869
10/29/2023 14:00,2.869
10/29/2023 14:30,2.869
10/29/2023 15:00,2.869
10/29/2023 15:30,2.869
10/29/2023 16:00,2.869
10/29/2023 16:30,2.869
10/29/2023 17:00,2.869
10/29/2023 17:30,2.869
10/29/2023 18:00,2.869
10/29/2023 18:30,2.869
10/29/2023 19:00,2.869
10/29/2023 19:30,2.869
10/29/2023 20:00,2.869
10/29/2023 20:30,2.869
10/29/2023 21:00,2.869
10/29/2023 21:30,2.869
10/29/2023 22:00,2.869
10/29/2023 22:30,2.869
10/29/2023 23:00,2.869
10/29/2023 23:30,2.869
10/30/2023 00:00,2.869
10/30/2023 00:30,2.869
10/30/2023 01:00,2.869
10/30/2023 01:30,2.869
10/30/2023 02:00,2.869
10/30/2023 02:30,2.869
10/30/2023 03:00,2.869
10/30/2023 03:30,2.869
10/30/2023 04:00,2.869
10/30/2023 04:30,2.869
10/30/2023 05:00,2.869
10/30/2023 05:30,2.869
10/30/2023 06:00,2.869
10/30/2023 06:30,2.869
10/30/2023 07:00,2.869
10/30/2023 07:30,2.869
10/30/2023 08:00,2.869
10/30/2023 08:30,2.869
10/30/2023 09:00,2.869
10/30/2023 09:30,2.869
10/30/2023 10:00,2.869
10/30/2023 10:30,2.869
10/30/2023 11:00,2.869
10/30/2023 11:30,2.869
10/30/2023 12:00,2.869
10/30/2023 12:30,2.869
10/30/2023 13:00,2.869
10/30/2023 13:30,2.869
10/30/2023 14:00,2.869
10/30/2023 14:30,2.869
10/30/2023 15:00,2.869
10/30/2023 15:30,2.869
10/30/2023 16:00,2.869
10/30/2023 16:30,2.869
10/30/2023 17:00,2.869
10/30/2023 17:30,2.869
10/30/2023 18:00,2.869
10/30/2023 18:30,2.869
10/30/2023 19:00,2.869
10/30/2023 19:30,2.869
10/30/2023 20:00,2.869
10/30/2023 20:30,2.869
10/30/2023 21:00,2.869
10/30/2023 21:30,2.869
10/30/2023 22:00,2.869
10/30/2023 22:30,2.869
10/30/2023 23:00,2.869
10/30/2023 23:30,2.869
10/31/2023 00:00,2.869
10/31/2023 00:30,2.869
10/31/2023 01:00,2.869
10/31/2023 01:30,2.869
10/31/2023 02:00,2.869
10/31/2023 02:30,2.869
10/31/2023 03:00,2.869
10/31/2023 03:30,2.869
10/31/2023 04:00,2.869
10/31/2023 04:30,2.869
10/31/2023 05:00,2.869
10/31/2023 05:30,2.869
10/31/2023 06:00,2.869
10/31/2023 06:30,2.869
10/31/2023 07:00,2.869
10/31/2023 07:30,2.869
10/31/2023 08:00,2.869
10/31/2023 08:30,2.869
10/31/2023 09:00,2.869
10/31/2023 09:30,2.869
10/31/2023 10:00,2.869
10/31/2023 10:30,2.869
10/31/2023 11:00,2.869
10/31/2023 11:30,2.869
10/31/2023 12:00,2.869
10/31/2023 12:30,2.869
10/31/2023 13:00,2.869
10/31/2023 13:30,2.869
10/31/2023 14:00,2.869
10/31/2023 14:30,2.869
10/31/2023 15:00,2.869
10/31/2023 15:30,2.869
10/31/2023 16:00,2.869
10/31/2023 16:30,2.869
10/31/2023 17:00,2.869
10/31/2023 17:30,2.869
10/31/2023 18:00,2.869
10/31/2023 18:30,2.869
10/31/2023 19:00,2.869
10/31/2023 19:30,2.869
10/31/2023 20:00,2.869
10/31/2023 20:30,2.869
10/31/2023 21:00,2.869
10/31/2023 21:30,2.869
10/31/2023 22:00,2.869
10/31/2023 22:30,2.869
10/31/2023 23:00,2.869
10/31/2023 23:30,2.869
11/01/2023 00:00,2.869
11/01/2023 00:30,2.869
11/01/2023 01:00,2.869
11/01/2023 01:30,2.869
11/01/2023 02:00,2.869
11/01/2023 02:30,2.869
11/01/2023 03:00,2.869
11/01/2023 03:30,2.869
11/01/2023 04:00,2.869
11/01/2023 04:30,2.869
11/01/2023 05:00,2.869
11/01/2023 05:30,2.869
11/01/2023 06:00,2.869
11/01/2023 06:30,2.869
11/01/2023 07:00,2.869
11/01/2023 07:30,2.869
11/01/2023 08:00,2.869
11/01/2023 08:30,2.869
11/01/2023 09:00,2.869
11/01/2023 09:30,2.869
11/01/2023 10:00,2.869
11/01/2023 10:30,2.869
11/01/2023 11:00,2.869
11/01/2023 11:30,2.869
11/01/2023 12:00,2.869
11/01/2023 12:30,2.869
11/01/2023 13:00,2.869
11/01/2023 13:30,2.869
11/01/2023 14:00,2.869
11/01/2023 14:30,2.869
11/01/2023 15:00,2.869
11/01/2023 15:30,2.869
11/01/2023 16:00,2.869
11/01/2023 16:30,2.869
11/01/2023 17:00,2.869
11/01/2023 17:30,2.869
11/01/2023 18:00,2.869
11/01/2023 18:30,2.869
11/01/2023 19:00,2.869
11/01/2023 19:30,2.869
11/01/2023 20:00,2.869
11/01/2023 20:30,2.869
11/01/2023 21:00,2.869
11/01/2023 21:30,2.869
11/01/2023 22:00,2.869
11/01/2023 22:30,2.869
11/01/2023 23:00,2.869
11/01/2023 23:30,2.869
11/02/2023 00:00,34.512
11/02/2023 00:00,27.387
11/02/2023 00:30,27.387
11/02/2023 00:30,34.512
11/02/2023 01:00,34.512
11/02/2023 01:00,27.387
11/02/2023 01:30,34.512
11/02/2023 01:30,27.387
11/02/2023 02:00,27.387
11/02/2023 02:00,34.512
11/02/2023 02:30,27.387
11/02/2023 02:30,34.512
11/02/2023 03:00,27.387
11/02/2023 03:00,34.512
11/02/2023 03:30,27.387
11/02/2023 03:30,34.512
11/02/2023 04:00,27.387
11/02/2023 04:00,34.512
11/02/2023 04:30,27.387
11/02/2023 04:30,34.512
11/02/2023 05:00,27.387
11/02/2023 05:00,34.512
11/02/2023 05:30,34.512
11/02/2023 05:30,27.387
11/02/2023 06:00,34.512
11/02/2023 06:00,27.387
11/02/2023 06:30,34.512
11/02/2023 06:30,27.387
11/02/2023 07:00,34.512
11/02/2023 07:00,27.387
11/02/2023 07:30,34.512
11/02/2023 07:30,27.387
11/02/2023 08:00,34.512
11/02/2023 08:00,27.387
11/02/2023 08:30,27.387
11/02/2023 08:30,34.512
11/02/2023 09:00,27.387
11/02/2023 09:00,34.512
11/02/2023 09:30,34.512
11/02/2023 09:30,27.387
11/02/2023 10:00,34.512
11/02/2023 10:00,27.387
11/02/2023 10:30,34.512
11/02/2023 10:30,27.387
11/02/2023 11:00,34.512
11/02/2023 11:00,27.387
11/02/2023 11:30,27.387
11/02/2023 11:30,34.512
11/02/2023 12:00,34.512
11/02/2023 12:00,27.387
11/02/2023 12:30,34.512
11/02/2023 12:30,27.387
11/02/2023 13:00,34.512
11/02/2023 13:00,27.387
11/02/2023 13:30,27.387
11/02/2023 13:30,34.512
11/02/2023 14:00,34.512
11/02/2023 14:00,27.387
11/02/2023 14:30,34.512
11/02/2023 14:30,27.387
11/02/2023 15:00,34.512
11/02/2023 15:00,27.387
11/02/2023 15:30,34.512
11/02/2023 15:30,27.387
11/02/2023 16:00,34.512
11/02/2023 16:00,27.387
11/02/2023 16:30,27.387
11/02/2023 16:30,34.512
11/02/2023 17:00,34.512
11/02/2023 17:00,27.387
11/02/2023 17:30,34.512
11/02/2023 17:30,27.387
11/02/2023 18:00,27.387
11/02/2023 18:00,34.512
11/02/2023 18:30,27.387
11/02/2023 18:30,34.512
11/02/2023 19:00,27.387
11/02/2023 19:00,34.512
11/02/2023 19:30,27.387
11/02/2023 19:30,34.512
11/02/2023 20:00,27.387
11/02/2023 20:00,34.512
11/02/2023 20:30,27.387
11/02/2023 20:30,34.512
11/02/2023 21:00,27.387
11/02/2023 21:00,34.512
11/02/2023 21:30,34.512
11/02/2023 21:30,27.387
11/02/2023 22:00,34.512
11/02/2023 22:00,27.387
11/02/2023 22:30,34.512
11/02/2023 22:30,27.387
11/02/2023 23:00,34.512
11/02/2023 23:00,27.387
11/02/2023 23:30,34.512
11/02/2023 23:30,27.387
11/03/2023 00:00,61.899
11/03/2023 00:30,61.899
11/03/2023 01:00,61.899
11/03/2023 01:30,61.899
11/03/2023 02:00,61.899
11/03/2023 02:30,61.899
11/03/2023 03:00,61.899
11/03/2023 03:30,61.899
11/03/2023 04:00,61.899
11/03/2023 04:30,61.899
11/03/2023 05:00,61.899
11/03/2023 05:30,61.899
11/03/2023 06:00,61.899
11/03/2023 06:30,61.899
11/03/2023 07:00,61.899
11/03/2023 07:30,61.899
11/03/2023 08:00,61.899
11/03/2023 08:30,61.899
11/03/2023 09:00,61.899
11/03/2023 09:30,61.899
11/03/2023 10:00,61.899
11/03/2023 10:30,61.899
11/03/2023 11:00,61.899
11/03/2023 11:30,61.899
11/03/2023 12:00,61.899
11/03/2023 12:30,61.899
11/03/2023 13:00,61.899
11/03/2023 13:30,61.899
11/03/2023 14:00,61.899
11/03/2023 14:30,61.899
11/03/2023 15:00,61.899
11/03/2023 15:30,61.899
11/03/2023 16:00,61.899
11/03/2023 16:30,61.899
11/03/2023 17:00,61.899
11/03/2023 17:30,61.899
11/03/2023 18:00,61.899
11/03/2023 18:30,61.899
11/03/2023 19:00,61.899
11/03/2023 19:30,61.899
11/03/2023 20:00,61.899
11/03/2023 20:30,61.899
11/03/2023 21:00,61.899
11/03/2023 21:30,61.899
11/03/2023 22:00,61.899
11/03/2023 22:30,61.899
11/03/2023 23:00,61.899
11/03/2023 23:30,61.899
11/04/2023 00:00,44.828
11/04/2023 00:30,44.828
11/04/2023 01:00,44.828
11/04/2023 01:30,44.828
11/04/2023 02:00,44.828
11/04/2023 02:30,44.828
11/04/2023 03:00,44.828
11/04/2023 03:30,44.828
11/04/2023 04:00,44.828
11/04/2023 04:30,44.828
11/04/2023 05:00,44.828
11/04/2023 05:30,44.828
11/04/2023 06:00,44.828
11/04/2023 06:30,44.828
11/04/2023 07:00,44.828
11/04/2023 07:30,44.828
11/04/2023 08:00,44.828
11/04/2023 08:30,44.828
11/04/2023 09:00,44.828
11/04/2023 09:30,44.828
11/04/2023 10:00,44.828
11/04/2023 10:30,44.828
11/04/2023 11:00,44.828
11/04/2023 11:30,44.828
11/04/2023 12:00,44.828
11/04/2023 12:30,44.828
11/04/2023 13:00,44.828
11/04/2023 13:30,44.828
11/04/2023 14:00,44.828
11/04/2023 14:30,44.828
11/04/2023 15:00,44.828
11/04/2023 15:30,44.828
11/04/2023 16:00,44.828
11/04/2023 16:30,44.828
11/04/2023 17:00,44.828
11/04/2023 17:30,44.828
11/04/2023 18:00,44.828
11/04/2023 18:30,44.828
11/04/2023 19:00,44.828
11/04/2023 19:30,44.828
11/04/2023 20:00,44.828
11/04/2023 20:30,44.828
11/04/2023 21:00,44.828
11/04/2023 21:30,44.828
11/04/2023 22:00,44.828
11/04/2023 22:30,44.828
11/04/2023 23:00,44.828
11/04/2023 23:30,44.828
11/05/2023 00:00,37.006
11/05/2023 00:30,37.006
11/05/2023 01:00,37.006
11/05/2023 01:30,37.006
11/05/2023 02:00,37.006
11/05/2023 02:30,37.006
11/05/2023 03:00,37.006
11/05/2023 03:30,37.006
11/05/2023 04:00,37.006
11/05/2023 04:30,37.006
11/05/2023 05:00,37.006
11/05/2023 05:30,37.006
11/05/2023 06:00,37.006
11/05/2023 06:30,37.006
11/05/2023 07:00,37.006
11/05/2023 07:30,37.006
11/05/2023 08:00,37.006
11/05/2023 08:30,37.006
11/05/2023 09:00,37.006
11/05/2023 09:30,37.006
11/05/2023 10:00,37.006
11/05/2023 10:30,37.006
11/05/2023 11:00,37.006
11/05/2023 11:30,37.006
11/05/2023 12:00,37.006
11/05/2023 12:30,37.006
11/05/2023 13:00,37.006
11/05/2023 13:30,37.006
11/05/2023 14:00,37.006
11/05/2023 14:30,37.006
11/05/2023 15:00,37.006
11/05/2023 15:30,37.006
11/05/2023 16:00,37.006
11/05/2023 16:30,37.006
11/05/2023 17:00,37.006
11/05/2023 17:30,37.006
11/05/2023 18:00,37.006
11/05/2023 18:30,37.006
11/05/2023 19:00,37.006
11/05/2023 19:30,37.006
11/05/2023 20:00,37.006
11/05/2023 20:30,37.006
11/05/2023 21:00,37.006
11/05/2023 21:30,37.006
11/05/2023 22:00,37.006
11/05/2023 22:30,37.006
11/05/2023 23:00,37.006
11/05/2023 23:30,37.006
11/06/2023 00:00,29.701
11/06/2023 00:30,29.701
11/06/2023 01:00,29.701
11/06/2023 01:30,29.701
11/06/2023 02:00,29.701
11/06/2023 02:30,29.701
11/06/2023 03:00,29.701
11/06/2023 03:30,29.701
11/06/2023 04:00,29.701
11/06/2023 04:30,29.701
11/06/2023 05:00,29.701
11/06/2023 05:30,29.701
11/06/2023 06:00,29.701
11/06/2023 06:30,29.701
11/06/2023 07:00,29.701
11/06/2023 07:30,29.701
11/06/2023 08:00,29.701
11/06/2023 08:30,29.701
11/06/2023 09:00,29.701
11/06/2023 09:30,29.701
11/06/2023 10:00,29.701
11/06/2023 10:30,29.701
11/06/2023 11:00,29.701
11/06/2023 11:30,29.701
11/06/2023 12:00,29.701
11/06/2023 12:30,29.701
11/06/2023 13:00,29.701
11/06/2023 13:30,29.701
11/06/2023 14:00,29.701
11/06/2023 14:30,29.701
11/06/2023 15:00,29.701
11/06/2023 15:30,29.701
11/06/2023 16:00,29.701
11/06/2023 16:30,29.701
11/06/2023 17:00,29.701
11/06/2023 17:30,29.701
11/06/2023 18:00,29.701
11/06/2023 18:30,29.701
11/06/2023 19:00,29.701
11/06/2023 19:30,29.701
11/06/2023 20:00,29.701
11/06/2023 20:30,29.701
11/06/2023 21:00,29.701
11/06/2023 21:30,29.701
11/06/2023 22:00,29.701
11/06/2023 22:30,29.701
11/06/2023 23:00,29.701
11/06/2023 23:30,29.701
11/07/2023 00:00,22.952
11/07/2023 00:30,22.952
11/07/2023 01:00,22.952
11/07/2023 01:30,22.952
11/07/2023 02:00,22.952
11/07/2023 02:30,22.952
11/07/2023 03:00,22.952
11/07/2023 03:30,22.952
11/07/2023 04:00,22.952
11/07/2023 04:30,22.952
11/07/2023 05:00,22.952
11/07/2023 05:30,22.952
11/07/2023 06:00,22.952
11/07/2023 06:30,22.952
11/07/2023 07:00,22.952
11/07/2023 07:30,22.952
11/07/2023 08:00,22.952
11/07/2023 08:30,22.952
11/07/2023 09:00,22.952
11/07/2023 09:30,22.952
11/07/2023 10:00,22.952
11/07/2023 10:30,22.952
11/07/2023 11:00,22.952
11/07/2023 11:30,22.952
11/07/2023 12:00,22.952
11/07/2023 12:30,22.952
11/07/2023 13:00,22.952
11/07/2023 13:30,22.952
11/07/2023 14:00,22.952
11/07/2023 14:30,22.952
11/07/2023 15:00,22.952
11/07/2023 15:30,22.952
11/07/2023 16:00,22.952
11/07/2023 16:30,22.952
11/07/2023 17:00,22.952
11/07/2023 17:30,22.952
11/07/2023 18:00,22.952
11/07/2023 18:30,22.952
11/07/2023 19:00,22.952
11/07/2023 19:30,22.952
11/07/2023 20:00,22.952
11/07/2023 20:30,22.952
11/07/2023 21:00,22.952
11/07/2023 21:30,22.952
11/07/2023 22:00,22.952
11/07/2023 22:30,22.952
11/07/2023 23:00,22.952
11/07/2023 23:30,22.952
11/08/2023 00:00,20.834
11/08/2023 00:30,20.834
11/08/2023 01:00,20.834
11/08/2023 01:30,20.834
11/08/2023 02:00,20.834
11/08/2023 02:30,20.834
11/08/2023 03:00,20.834
11/08/2023 03:30,20.834
11/08/2023 04:00,20.834
11/08/2023 04:30,20.834
11/08/2023 05:00,20.834
11/08/2023 05:30,20.834
11/08/2023 06:00,20.834
11/08/2023 06:30,20.834
11/08/2023 07:00,20.834
11/08/2023 07:30,20.834
11/08/2023 08:00,20.834
11/08/2023 08:30,20.834
11/08/2023 09:00,20.834
11/08/2023 09:30,20.834
11/08/2023 10:00,20.834
11/08/2023 10:30,20.834
11/08/2023 11:00,20.834
11/08/2023 11:30,20.834
11/08/2023 12:00,20.834
11/08/2023 12:30,20.834
11/08/2023 13:00,20.834
11/08/2023 13:30,20.834
11/08/2023 14:00,20.834
11/08/2023 14:30,20.834
11/08/2023 15:00,20.834
11/08/2023 15:30,20.834
11/08/2023 16:00,20.834
11/08/2023 16:30,20.834
11/08/2023 17:00,20.834
11/08/2023 17:30,20.834
11/08/2023 18:00,20.834
11/08/2023 18:30,20.834
11/08/2023 19:00,20.834
11/08/2023 19:30,20.834
11/08/2023 20:00,20.834
11/08/2023 20:30,20.834
11/08/2023 21:00,20.834
11/08/2023 21:30,20.834
11/08/2023 22:00,20.834
11/08/2023 22:30,20.834
11/08/2023 23:00,20.834
11/08/2023 23:30,20.834
11/09/2023 00:00,16.809
11/09/2023 00:30,16.809
11/09/2023 01:00,16.809
11/09/2023 01:30,16.809
11/09/2023 02:00,16.809
11/09/2023 02:30,16.809
11/09/2023 03:00,16.809
11/09/2023 03:30,16.809
11/09/2023 04:00,16.809
11/09/2023 04:30,16.809
11/09/2023 05:00,16.809
11/09/2023 05:30,16.809
11/09/2023 06:00,16.809
11/09/2023 06:30,16.809
11/09/2023 07:00,16.809
11/09/2023 07:30,16.809
11/09/2023 08:00,16.809
11/09/2023 08:30,16.809
11/09/2023 09:00,16.809
11/09/2023 09:30,16.809
11/09/2023 10:00,16.809
11/09/2023 10:30,16.809
11/09/2023 11:00,16.809
11/09/2023 11:30,16.809
11/09/2023 12:00,16.809
11/09/2023 12:30,16.809
11/09/2023 13:00,16.809
11/09/2023 13:30,16.809
11/09/2023 14:00,16.809
11/09/2023 14:30,16.809
11/09/2023 15:00,16.809
11/09/2023 15:30,16.809
11/09/2023 16:00,16.809
11/09/2023 16:30,16.809
11/09/2023 17:00,16.809
11/09/2023 17:30,16.809
11/09/2023 18:00,16.809
11/09/2023 18:30,16.809
11/09/2023 19:00,16.809
11/09/2023 19:30,16.809
11/09/2023 20:00,16.809
11/09/2023 20:30,16.809
11/09/2023 21:00,16.809
11/09/2023 21:30,16.809
11/09/2023 22:00,16.809
11/09/2023 22:30,16.809
11/09/2023 23:00,16.809
11/09/2023 23:30,16.809
11/10/2023 00:00,13.084
11/10/2023 00:30,13.084
11/10/2023 01:00,13.084
11/10/2023 01:30,13.084
11/10/2023 02:00,13.084
11/10/2023 02:30,13.084
11/10/2023 03:00,13.084
11/10/2023 03:30,13.084
11/10/2023 04:00,13.084
11/10/2023 04:30,13.084
11/10/2023 05:00,13.084
11/10/2023 05:30,13.084
11/10/2023 06:00,13.084
11/10/2023 06:30,13.084
11/10/2023 07:00,13.084
11/10/2023 07:30,13.084
11/10/2023 08:00,13.084
11/10/2023 08:30,13.084
11/10/2023 09:00,13.084
11/10/2023 09:30,13.084
11/10/2023 10:00,13.084
11/10/2023 10:30,13.084
11/10/2023 11:00,13.084
11/10/2023 11:30,13.084
11/10/2023 12:00,13.084
11/10/2023 12:30,13.084
11/10/2023 13:00,13.084
11/10/2023 13:30,13.084
11/10/2023 14:00,13.084
11/10/2023 14:30,13.084
11/10/2023 15:00,13.084
11/10/2023 15:30,13.084
11/10/2023 16:00,13.084
11/10/2023 16:30,13.084
11/10/2023 17:00,13.084
11/10/2023 17:30,13.084
11/10/2023 18:00,13.084
11/10/2023 18:30,13.084
11/10/2023 19:00,13.084
11/10/2023 19:30,13.084
11/10/2023 20:00,13.084
11/10/2023 20:30,13.084
11/10/2023 21:00,13.084
11/10/2023 21:30,13.084
11/10/2023 22:00,13.084
11/10/2023 22:30,13.084
11/10/2023 23:00,13.084
11/10/2023 23:30,13.084
11/11/2023 00:00,13.084
11/11/2023 00:30,13.084
11/11/2023 01:00,13.084
11/11/2023 01:30,13.084
11/11/2023 02:00,13.084
11/11/2023 02:30,13.084
11/11/2023 03:00,13.084
11/11/2023 03:30,13.084
11/11/2023 04:00,13.084
11/11/2023 04:30,13.084
11/11/2023 05:00,13.084
11/11/2023 05:30,13.084
11/11/2023 06:00,13.084
11/11/2023 06:30,13.084
11/11/2023 07:00,13.084
11/11/2023 07:30,13.084
11/11/2023 08:00,13.084
11/11/2023 08:30,13.084
11/11/2023 09:00,13.084
11/11/2023 09:30,13.084
11/11/2023 10:00,13.084
11/11/2023 10:30,13.084
11/11/2023 11:00,13.084
11/11/2023 11:30,13.084
11/11/2023 12:00,13.084
11/11/2023 12:30,13.084
11/11/2023 13:00,13.084
11/11/2023 13:30,13.084
11/11/2023 14:00,13.084
11/11/2023 14:30,13.084
11/11/2023 15:00,13.084
11/11/2023 15:30,13.084
11/11/2023 16:00,13.084
11/11/2023 16:30,13.084
11/11/2023 17:00,13.084
11/11/2023 17:30,13.084
11/11/2023 18:00,13.084
11/11/2023 18:30,13.084
11/11/2023 19:00,13.084
11/11/2023 19:30,13.084
11/11/2023 20:00,13.084
11/11/2023 20:30,13.084
11/11/2023 21:00,13.084
11/11/2023 21:30,13.084
11/11/2023 22:00,13.084
11/11/2023 22:30,13.084
11/11/2023 23:00,13.084
11/11/2023 23:30,13.084
11/12/2023 00:00,11.341
11/12/2023 00:30,11.341
11/12/2023 01:00,11.341
11/12/2023 01:30,11.341
11/12/2023 02:00,11.341
11/12/2023 02:30,11.341
11/12/2023 03:00,11.341
11/12/2023 03:30,11.341
11/12/2023 04:00,11.341
11/12/2023 04:30,11.341
11/12/2023 05:00,11.341
11/12/2023 05:30,11.341
11/12/2023 06:00,11.341
11/12/2023 06:30,11.341
11/12/2023 07:00,11.341
11/12/2023 07:30,11.341
11/12/2023 08:00,11.341
11/12/2023 08:30,11.341
11/12/2023 09:00,11.341
11/12/2023 09:30,11.341
11/12/2023 10:00,11.341
11/12/2023 10:30,11.341
11/12/2023 11:00,11.341
11/12/2023 11:30,11.341
11/12/2023 12:00,11.341
11/12/2023 12:30,11.341
11/12/2023 13:00,11.341
11/12/2023 13:30,11.341
11/12/2023 14:00,11.341
11/12/2023 14:30,11.341
11/12/2023 15:00,11.341
11/12/2023 15:30,11.341
11/12/2023 16:00,11.341
11/12/2023 16:30,11.341
11/12/2023 17:00,11.341
11/12/2023 17:30,11.341
11/12/2023 18:00,11.341
11/12/2023 18:30,11.341
11/12/2023 19:00,11.341
11/12/2023 19:30,11.341
11/12/2023 20:00,11.341
11/12/2023 20:30,11.341
11/12/2023 21:00,11.341
11/12/2023 21:30,11.341
11/12/2023 22:00,11.341
11/12/2023 22:30,11.341
11/12/2023 23:00,11.341
11/12/2023 23:30,11.341
11/13/2023 00:00,9.683
11/13/2023 00:30,9.683
11/13/2023 01:00,9.683
11/13/2023 01:30,9.683
11/13/2023 02:00,9.683
11/13/2023 02:30,9.683
11/13/2023 03:00,9.683
11/13/2023 03:30,9.683
11/13/2023 04:00,9.683
11/13/2023 04:30,9.683
11/13/2023 05:00,9.683
11/13/2023 05:30,9.683
11/13/2023 06:00,9.683
11/13/2023 06:30,9.683
11/13/2023 07:00,9.683
11/13/2023 07:30,9.683
11/13/2023 08:00,9.683
11/13/2023 08:30,9.683
11/13/2023 09:00,9.683
11/13/2023 09:30,9.683
11/13/2023 10:00,9.683
11/13/2023 10:30,9.683
11/13/2023 11:00,9.683
11/13/2023 11:30,9.683
11/13/2023 12:00,9.683
11/13/2023 12:30,9.683
11/13/2023 13:00,9.683
11/13/2023 13:30,9.683
11/13/2023 14:00,9.683
11/13/2023 14:30,9.683
11/13/2023 15:00,9.683
11/13/2023 15:30,9.683
11/13/2023 16:00,9.683
11/13/2023 16:30,9.683
11/13/2023 17:00,9.683
11/13/2023 17:30,9.683
11/13/2023 18:00,9.683
11/13/2023 18:30,9.683
11/13/2023 19:00,9.683
11/13/2023 19:30,9.683
11/13/2023 20:00,9.683
11/13/2023 20:30,9.683
11/13/2023 21:00,9.683
11/13/2023 21:30,9.683
11/13/2023 22:00,9.683
11/13/2023 22:30,9.683
11/13/2023 23:00,9.683
11/13/2023 23:30,9.683
11/14/2023 00:00,8.115
11/14/2023 00:30,8.115
11/14/2023 01:00,8.115
11/14/2023 01:30,8.115
11/14/2023 02:00,8.115
11/14/2023 02:30,8.115
11/14/2023 03:00,8.115
11/14/2023 03:30,8.115
11/14/2023 04:00,8.115
11/14/2023 04:30,8.115
11/14/2023 05:00,8.115
11/14/2023 05:30,8.115
11/14/2023 06:00,8.115
11/14/2023 06:30,8.115
11/14/2023 07:00,8.115
11/14/2023 07:30,8.115
11/14/2023 08:00,8.115
11/14/2023 08:30,8.115
11/14/2023 09:00,8.115
11/14/2023 09:30,8.115
11/14/2023 10:00,8.115
11/14/2023 10:30,8.115
11/14/2023 11:00,8.115
11/14/2023 11:30,8.115
11/14/2023 12:00,8.115
11/14/2023 12:30,8.115
11/14/2023 13:00,8.115
11/14/2023 13:30,8.115
11/14/2023 14:00,8.115
11/14/2023 14:30,8.115
11/14/2023 15:00,8.115
11/14/2023 15:30,8.115
11/14/2023 16:00,8.115
11/14/2023 16:30,8.115
11/14/2023 17:00,8.115
11/14/2023 17:30,8.115
11/14/2023 18:00,8.115
11/14/2023 18:30,8.115
11/14/2023 19:00,8.115
11/14/2023 19:30,8.115
11/14/2023 20:00,8.115
11/14/2023 20:30,8.115
11/14/2023 21:00,8.115
11/14/2023 21:30,8.115
11/14/2023 22:00,8.115
11/14/2023 22:30,8.115
11/14/2023 23:00,8.115
11/14/2023 23:30,8.115
11/15/2023 00:00,6.642
11/15/2023 00:00,6.642
11/15/2023 00:30,6.642
11/15/2023 00:30,6.642
11/15/2023 01:00,6.642
11/15/2023 01:00,6.642
11/15/2023 01:30,6.642
11/15/2023 01:30,6.642
11/15/2023 02:00,6.642
11/15/2023 02:00,6.642
11/15/2023 02:30,6.642
11/15/2023 02:30,6.642
11/15/2023 03:00,6.642
11/15/2023 03:00,6.642
11/15/2023 03:30,6.642
11/15/2023 03:30,6.642
11/15/2023 04:00,6.642
11/15/2023 04:00,6.642
11/15/2023 04:30,6.642
11/15/2023 04:30,6.642
11/15/2023 05:00,6.642
11/15/2023 05:00,6.642
11/15/2023 05:30,6.642
11/15/2023 05:30,6.642
11/15/2023 06:00,6.642
11/15/2023 06:00,6.642
11/15/2023 06:30,6.642
11/15/2023 06:30,6.642
11/15/2023 07:00,6.642
11/15/2023 07:00,6.642
11/15/2023 07:30,6.642
11/15/2023 07:30,6.642
11/15/2023 08:00,6.642
11/15/2023 08:00,6.642
11/15/2023 08:30,6.642
11/15/2023 08:30,6.642
11/15/2023 09:00,6.642
11/15/2023 09:00,6.642
11/15/2023 09:30,6.642
11/15/2023 09:30,6.642
11/15/2023 10:00,6.642
11/15/2023 10:00,6.642
11/15/2023 10:30,6.642
11/15/2023 10:30,6.642
11/15/2023 11:00,6.642
11/15/2023 11:00,6.642
11/15/2023 11:30,6.642
11/15/2023 11:30,6.642
11/15/2023 12:00,6.642
11/15/2023 12:00,6.642
11/15/2023 12:30,6.642
11/15/2023 12:30,6.642
11/15/2023 13:00,6.642
11/15/2023 13:00,6.642
11/15/2023 13:30,6.642
11/15/2023 13:30,6.642
11/15/2023 14:00,6.642
11/15/2023 14:00,6.642
11/15/2023 14:30,6.642
11/15/2023 14:30,6.642
11/15/2023 15:00,6.642
11/15/2023 15:00,6.642
11/15/2023 15:30,6.642
11/15/2023 15:30,6.642
11/15/2023 16:00,6.642
11/15/2023 16:00,6.642
11/15/2023 16:30,6.642
11/15/2023 16:30,6.642
11/15/2023 17:00,6.642
11/15/2023 17:00,6.642
11/15/2023 17:30,6.642
11/15/2023 17:30,6.642
11/15/2023 18:00,6.642
11/15/2023 18:00,6.642
11/15/2023 18:30,6.642
11/15/2023 18:30,6.642
11/15/2023 19:00,6.642
11/15/2023 19:00,6.642
11/15/2023 19:30,6.642
11/15/2023 19:30,6.642
11/15/2023 20:00,6.642
11/15/2023 20:00,6.642
11/15/2023 20:30,6.642
11/15/2023 20:30,6.642
11/15/2023 21:00,6.642
11/15/2023 21:00,6.642
11/15/2023 21:30,6.642
11/15/2023 21:30,6.642
11/15/2023 22:00,6.642
11/15/2023 22:00,6.642
11/15/2023 22:30,6.642
11/15/2023 22:30,6.642
11/15/2023 23:00,6.642
11/15/2023 23:00,6.642
11/15/2023 23:30,6.642
11/15/2023 23:30,6.642
11/16/2023 00:00,11.341
11/16/2023 00:00,8.115
11/16/2023 00:30,11.341
11/16/2023 00:30,8.115
11/16/2023 01:00,11.341
11/16/2023 01:00,8.115
11/16/2023 01:30,11.341
11/16/2023 01:30,8.115
11/16/2023 02:00,11.341
11/16/2023 02:00,8.115
11/16/2023 02:30,11.341
11/16/2023 02:30,8.115
11/16/2023 03:00,11.341
11/16/2023 03:00,8.115
11/16/2023 03:30,8.115
11/16/2023 03:30,11.341
11/16/2023 04:00,8.115
11/16/2023 04:00,11.341
11/16/2023 04:30,8.115
11/16/2023 04:30,11.341
11/16/2023 05:00,8.115
11/16/2023 05:00,11.341
11/16/2023 05:30,8.115
11/16/2023 05:30,11.341
11/16/2023 06:00,8.115
11/16/2023 06:00,11.341
11/16/2023 06:30,8.115
11/16/2023 06:30,11.341
11/16/2023 07:00,11.341
11/16/2023 07:00,8.115
11/16/2023 07:30,8.115
11/16/2023 07:30,11.341
11/16/2023 08:00,8.115
11/16/2023 08:00,11.341
11/16/2023 08:30,11.341
11/16/2023 08:30,8.115
11/16/2023 09:00,8.115
11/16/2023 09:00,11.341
11/16/2023 09:30,8.115
11/16/2023 09:30,11.341
11/16/2023 10:00,8.115
11/16/2023 10:00,11.341
11/16/2023 10:30,8.115
11/16/2023 10:30,11.341
11/16/2023 11:00,8.115
11/16/2023 11:00,11.341
11/16/2023 11:30,11.341
11/16/2023 11:30,8.115
11/16/2023 12:00,8.115
11/16/2023 12:00,11.341
11/16/2023 12:30,8.115
11/16/2023 12:30,11.341
11/16/2023 13:00,8.115
11/16/2023 13:00,11.341
11/16/2023 13:30,11.341
11/16/2023 13:30,8.115
11/16/2023 14:00,11.341
11/16/2023 14:00,8.115
11/16/2023 14:30,11.341
11/16/2023 14:30,8.115
11/16/2023 15:00,11.341
11/16/2023 15:00,8.115
11/16/2023 15:30,11.341
11/16/2023 15:30,8.115
11/16/2023 16:00,8.115
11/16/2023 16:00,11.341
11/16/2023 16:30,8.115
11/16/2023 16:30,11.341
11/16/2023 17:00,8.115
11/16/2023 17:00,11.341
11/16/2023 17:30,11.341
11/16/2023 17:30,8.115
11/16/2023 18:00,11.341
11/16/2023 18:00,8.115
11/16/2023 18:30,11.341
11/16/2023 18:30,8.115
11/16/2023 19:00,8.115
11/16/2023 19:00,11.341
11/16/2023 19:30,8.115
11/16/2023 19:30,11.341
11/16/2023 20:00,11.341
11/16/2023 20:00,8.115
11/16/2023 20:30,8.115
11/16/2023 20:30,11.341
11/16/2023 21:00,11.341
11/16/2023 21:00,8.115
11/16/2023 21:30,11.341
11/16/2023 21:30,8.115
11/16/2023 22:00,11.341
11/16/2023 22:00,8.115
11/16/2023 22:30,11.341
11/16/2023 22:30,8.115
11/16/2023 23:00,11.341
11/16/2023 23:00,8.115
11/16/2023 23:30,8.115
11/16/2023 23:30,11.341
11/17/2023 00:00,11.341
11/17/2023 00:00,11.341
11/17/2023 00:00,11.341
11/17/2023 00:00,11.341
11/17/2023 00:00,11.341
11/17/2023 00:30,11.341
11/17/2023 00:30,11.341
11/17/2023 00:30,11.341
11/17/2023 00:30,11.341
11/17/2023 00:30,11.341
11/17/2023 01:00,11.341
11/17/2023 01:00,11.341
11/17/2023 01:00,11.341
11/17/2023 01:00,11.341
11/17/2023 01:00,11.341
11/17/2023 01:30,11.341
11/17/2023 01:30,11.341
11/17/2023 01:30,11.341
11/17/2023 01:30,11.341
11/17/2023 01:30,11.341
11/17/2023 02:00,11.341
11/17/2023 02:00,11.341
11/17/2023 02:00,11.341
11/17/2023 02:00,11.341
11/17/2023 02:00,11.341
11/17/2023 02:30,11.341
11/17/2023 02:30,11.341
11/17/2023 02:30,11.341
11/17/2023 02:30,11.341
11/17/2023 02:30,11.341
11/17/2023 03:00,11.341
11/17/2023 03:00,11.341
11/17/2023 03:00,11.341
11/17/2023 03:00,11.341
11/17/2023 03:00,11.341
11/17/2023 03:30,11.341
11/17/2023 03:30,11.341
11/17/2023 03:30,11.341
11/17/2023 03:30,11.341
11/17/2023 03:30,11.341
11/17/2023 04:00,11.341
11/17/2023 04:00,11.341
11/17/2023 04:00,11.341
11/17/2023 04:00,11.341
11/17/2023 04:00,11.341
11/17/2023 04:30,11.341
11/17/2023 04:30,11.341
11/17/2023 04:30,11.341
11/17/2023 04:30,11.341
11/17/2023 04:30,11.341
11/17/2023 05:00,11.341
11/17/2023 05:00,11.341
11/17/2023 05:00,11.341
11/17/2023 05:00,11.341
11/17/2023 05:00,11.341
11/17/2023 05:30,11.341
11/17/2023 05:30,11.341
11/17/2023 05:30,11.341
11/17/2023 05:30,11.341
11/17/2023 05:30,11.341
11/17/2023 06:00,11.341
11/17/2023 06:00,11.341
11/17/2023 06:00,11.341
11/17/2023 06:00,11.341
11/17/2023 06:00,11.341
11/17/2023 06:30,11.341
11/17/2023 06:30,11.341
11/17/2023 06:30,11.341
11/17/2023 06:30,11.341
11/17/2023 06:30,11.341
11/17/2023 07:00,11.341
11/17/2023 07:00,11.341
11/17/2023 07:00,11.341
11/17/2023 07:00,11.341
11/17/2023 07:00,11.341
11/17/2023 07:30,11.341
11/17/2023 07:30,11.341
11/17/2023 07:30,11.341
11/17/2023 07:30,11.341
11/17/2023 07:30,11.341
11/17/2023 08:00,11.341
11/17/2023 08:00,11.341
11/17/2023 08:00,11.341
11/17/2023 08:00,11.341
11/17/2023 08:00,11.341
11/17/2023 08:30,11.341
11/17/2023 08:30,11.341
11/17/2023 08:30,11.341
11/17/2023 08:30,11.341
11/17/2023 08:30,11.341
11/17/2023 09:00,11.341
11/17/2023 09:00,11.341
11/17/2023 09:00,11.341
11/17/2023 09:00,11.341
11/17/2023 09:00,11.341
11/17/2023 09:30,11.341
11/17/2023 09:30,11.341
11/17/2023 09:30,11.341
11/17/2023 09:30,11.341
11/17/2023 09:30,11.341
11/17/2023 10:00,11.341
11/17/2023 10:00,11.341
11/17/2023 10:00,11.341
11/17/2023 10:00,11.341
11/17/2023 10:00,11.341
11/17/2023 10:30,11.341
11/17/2023 10:30,11.341
11/17/2023 10:30,11.341
11/17/2023 10:30,11.341
11/17/2023 10:30,11.341
11/17/2023 11:00,11.341
11/17/2023 11:00,11.341
11/17/2023 11:00,11.341
11/17/2023 11:00,11.341
11/17/2023 11:00,11.341
11/17/2023 11:30,11.341
11/17/2023 11:30,11.341
11/17/2023 11:30,11.341
11/17/2023 11:30,11.341
11/17/2023 11:30,11.341
11/17/2023 12:00,11.341
11/17/2023 12:00,11.341
11/17/2023 12:00,11.341
11/17/2023 12:00,11.341
11/17/2023 12:00,11.341
11/17/2023 12:30,11.341
11/17/2023 12:30,11.341
11/17/2023 12:30,11.341
11/17/2023 12:30,11.341
11/17/2023 12:30,11.341
11/17/2023 13:00,11.341
11/17/2023 13:00,11.341
11/17/2023 13:00,11.341
11/17/2023 13:00,11.341
11/17/2023 13:00,11.341
11/17/2023 13:30,11.341
11/17/2023 13:30,11.341
11/17/2023 13:30,11.341
11/17/2023 13:30,11.341
11/17/2023 13:30,11.341
11/17/2023 14:00,11.341
11/17/2023 14:00,11.341
11/17/2023 14:00,11.341
11/17/2023 14:00,11.341
11/17/2023 14:00,11.341
11/17/2023 14:30,11.341
11/17/2023 14:30,11.341
11/17/2023 14:30,11.341
11/17/2023 14:30,11.341
11/17/2023 14:30,11.341
11/17/2023 15:00,11.341
11/17/2023 15:00,11.341
11/17/2023 15:00,11.341
11/17/2023 15:00,11.341
11/17/2023 15:00,11.341
11/17/2023 15:30,11.341
11/17/2023 15:30,11.341
11/17/2023 15:30,11.341
11/17/2023 15:30,11.341
11/17/2023 15:30,11.341
11/17/2023 16:00,11.341
11/17/2023 16:00,11.341
11/17/2023 16:00,11.341
11/17/2023 16:00,11.341
11/17/2023 16:00,11.341
11/17/2023 16:30,11.341
11/17/2023 16:30,11.341
11/17/2023 16:30,11.341
11/17/2023 16:30,11.341
11/17/2023 16:30,11.341
11/17/2023 17:00,11.341
11/17/2023 17:00,11.341
11/17/2023 17:00,11.341
11/17/2023 17:00,11.341
11/17/2023 17:00,11.341
11/17/2023 17:30,11.341
11/17/2023 17:30,11.341
11/17/2023 17:30,11.341
11/17/2023 17:30,11.341
11/17/2023 17:30,11.341
11/17/2023 18:00,11.341
11/17/2023 18:00,11.341
11/17/2023 18:00,11.341
11/17/2023 18:00,11.341
11/17/2023 18:00,11.341
11/17/2023 18:30,11.341
11/17/2023 18:30,11.341
11/17/2023 18:30,11.341
11/17/2023 18:30,11.341
11/17/2023 18:30,11.341
11/17/2023 19:00,11.341
11/17/2023 19:00,11.341
11/17/2023 19:00,11.341
11/17/2023 19:00,11.341
11/17/2023 19:00,11.341
11/17/2023 19:30,11.341
11/17/2023 19:30,11.341
11/17/2023 19:30,11.341
11/17/2023 19:30,11.341
11/17/2023 19:30,11.341
11/17/2023 20:00,11.341
11/17/2023 20:00,11.341
11/17/2023 20:00,11.341
11/17/2023 20:00,11.341
11/17/2023 20:00,11.341
11/17/2023 20:30,11.341
11/17/2023 20:30,11.341
11/17/2023 20:30,11.341
11/17/2023 20:30,11.341
11/17/2023 20:30,11.341
11/17/2023 21:00,11.341
11/17/2023 21:00,11.341
11/17/2023 21:00,11.341
11/17/2023 21:00,11.341
11/17/2023 21:00,11.341
11/17/2023 21:30,11.341
11/17/2023 21:30,11.341
11/17/2023 21:30,11.341
11/17/2023 21:30,11.341
11/17/2023 21:30,11.341
11/17/2023 22:00,11.341
11/17/2023 22:00,11.341
11/17/2023 22:00,11.341
11/17/2023 22:00,11.341
11/17/2023 22:00,11.341
11/17/2023 22:30,11.341
11/17/2023 22:30,11.341
11/17/2023 22:30,11.341
11/17/2023 22:30,11.341
11/17/2023 22:30,11.341
11/17/2023 23:00,11.341
11/17/2023 23:00,11.341
11/17/2023 23:00,11.341
11/17/2023 23:00,11.341
11/17/2023 23:00,11.341
11/17/2023 23:30,11.341
11/17/2023 23:30,11.341
11/17/2023 23:30,11.341
11/17/2023 23:30,11.341
11/17/2023 23:30,11.341
11/18/2023 00:00,9.683
11/18/2023 00:00,9.683
11/18/2023 00:00,11.341
11/18/2023 00:00,11.341
11/18/2023 00:30,11.341
11/18/2023 00:30,9.683
11/18/2023 00:30,9.683
11/18/2023 00:30,11.341
11/18/2023 01:00,9.683
11/18/2023 01:00,9.683
11/18/2023 01:00,11.341
11/18/2023 01:00,11.341
11/18/2023 01:30,11.341
11/18/2023 01:30,9.683
11/18/2023 01:30,11.341
11/18/2023 01:30,9.683
11/18/2023 02:00,9.683
11/18/2023 02:00,11.341
11/18/2023 02:00,9.683
11/18/2023 02:00,11.341
11/18/2023 02:30,9.683
11/18/2023 02:30,9.683
11/18/2023 02:30,11.341
11/18/2023 02:30,11.341
11/18/2023 03:00,11.341
11/18/2023 03:00,9.683
11/18/2023 03:00,9.683
11/18/2023 03:00,11.341
11/18/2023 03:30,9.683
11/18/2023 03:30,11.341
11/18/2023 03:30,9.683
11/18/2023 03:30,11.341
11/18/2023 04:00,11.341
11/18/2023 04:00,9.683
11/18/2023 04:00,9.683
11/18/2023 04:00,11.341
11/18/2023 04:30,11.341
11/18/2023 04:30,9.683
11/18/2023 04:30,11.341
11/18/2023 04:30,9.683
11/18/2023 05:00,11.341
11/18/2023 05:00,9.683
11/18/2023 05:00,11.341
11/18/2023 05:00,9.683
11/18/2023 05:30,11.341
11/18/2023 05:30,9.683
11/18/2023 05:30,9.683
11/18/2023 05:30,11.341
11/18/2023 06:00,9.683
11/18/2023 06:00,9.683
11/18/2023 06:00,11.341
11/18/2023 06:00,11.341
11/18/2023 06:30,9.683
11/18/2023 06:30,9.683
11/18/2023 06:30,11.341
11/18/2023 06:30,11.341
11/18/2023 07:00,11.341
11/18/2023 07:00,11.341
11/18/2023 07:00,9.683
11/18/2023 07:00,9.683
11/18/2023 07:30,9.683
11/18/2023 07:30,11.341
11/18/2023 07:30,11.341
11/18/2023 07:30,9.683
11/18/2023 08:00,11.341
11/18/2023 08:00,11.341
11/18/2023 08:00,9.683
11/18/2023 08:00,9.683
11/18/2023 08:30,9.683
11/18/2023 08:30,9.683
11/18/2023 08:30,11.341
11/18/2023 08:30,11.341
11/18/2023 09:00,11.341
11/18/2023 09:00,9.683
11/18/2023 09:00,9.683
11/18/2023 09:00,11.341
11/18/2023 09:30,11.341
11/18/2023 09:30,11.341
11/18/2023 09:30,9.683
11/18/2023 09:30,9.683
11/18/2023 10:00,9.683
11/18/2023 10:00,11.341
11/18/2023 10:00,9.683
11/18/2023 10:00,11.341
11/18/2023 10:30,11.341
11/18/2023 10:30,9.683
11/18/2023 10:30,9.683
11/18/2023 10:30,11.341
11/18/2023 11:00,11.341
11/18/2023 11:00,11.341
11/18/2023 11:00,9.683
11/18/2023 11:00,9.683
11/18/2023 11:30,11.341
11/18/2023 11:30,9.683
11/18/2023 11:30,11.341
11/18/2023 11:30,9.683
11/18/2023 12:00,11.341
11/18/2023 12:00,9.683
11/18/2023 12:00,11.341
11/18/2023 12:00,9.683
11/18/2023 12:30,11.341
11/18/2023 12:30,11.341
11/18/2023 12:30,9.683
11/18/2023 12:30,9.683
11/18/2023 13:00,11.341
11/18/2023 13:00,9.683
11/18/2023 13:00,11.341
11/18/2023 13:00,9.683
11/18/2023 13:30,9.683
11/18/2023 13:30,11.341
11/18/2023 13:30,9.683
11/18/2023 13:30,11.341
11/18/2023 14:00,9.683
11/18/2023 14:00,11.341
11/18/2023 14:00,11.341
11/18/2023 14:00,9.683
11/18/2023 14:30,9.683
11/18/2023 14:30,9.683
11/18/2023 14:30,11.341
11/18/2023 14:30,11.341
11/18/2023 15:00,9.683
11/18/2023 15:00,11.341
11/18/2023 15:00,9.683
11/18/2023 15:00,11.341
11/18/2023 15:30,9.683
11/18/2023 15:30,11.341
11/18/2023 15:30,9.683
11/18/2023 15:30,11.341
11/18/2023 16:00,9.683
11/18/2023 16:00,11.341
11/18/2023 16:00,11.341
11/18/2023 16:00,9.683
11/18/2023 16:30,11.341
11/18/2023 16:30,9.683
11/18/2023 16:30,11.341
11/18/2023 16:30,9.683
11/18/2023 17:00,11.341
11/18/2023 17:00,9.683
11/18/2023 17:00,11.341
11/18/2023 17:00,9.683
11/18/2023 17:30,9.683
11/18/2023 17:30,9.683
11/18/2023 17:30,11.341
11/18/2023 17:30,11.341
11/18/2023 18:00,9.683
11/18/2023 18:00,11.341
11/18/2023 18:00,9.683
11/18/2023 18:00,11.341
11/18/2023 18:30,11.341
11/18/2023 18:30,11.341
11/18/2023 18:30,9.683
11/18/2023 18:30,9.683
11/18/2023 19:00,11.341
11/18/2023 19:00,9.683
11/18/2023 19:00,9.683
11/18/2023 19:00,11.341
11/18/2023 19:30,9.683
11/18/2023 19:30,11.341
11/18/2023 19:30,9.683
11/18/2023 19:30,11.341
11/18/2023 20:00,11.341
11/18/2023 20:00,11.341
11/18/2023 20:00,9.683
11/18/2023 20:00,9.683
11/18/2023 20:30,9.683
11/18/2023 20:30,9.683
11/18/2023 20:30,11.341
11/18/2023 20:30,11.341
11/18/2023 21:00,11.341
11/18/2023 21:00,9.683
11/18/2023 21:00,9.683
11/18/2023 21:00,11.341
11/18/2023 21:30,9.683
11/18/2023 21:30,11.341
11/18/2023 21:30,9.683
11/18/2023 21:30,11.341
11/18/2023 22:00,11.341
11/18/2023 22:00,9.683
11/18/2023 22:00,9.683
11/18/2023 22:00,11.341
11/18/2023 22:30,11.341
11/18/2023 22:30,9.683
11/18/2023 22:30,9.683
11/18/2023 22:30,11.341
11/18/2023 23:00,9.683
11/18/2023 23:00,11.341
11/18/2023 23:00,11.341
11/18/2023 23:00,9.683
11/18/2023 23:30,11.341
11/18/2023 23:30,9.683
11/18/2023 23:30,11.341
11/18/2023 23:30,9.683
11/19/2023 00:00,8.115
11/19/2023 00:30,8.115
11/19/2023 01:00,8.115
11/19/2023 01:30,8.115
11/19/2023 02:00,8.115
11/19/2023 02:30,8.115
11/19/2023 03:00,8.115
11/19/2023 03:30,8.115
11/19/2023 04:00,8.115
11/19/2023 04:30,8.115
11/19/2023 05:00,8.115
11/19/2023 05:30,8.115
11/19/2023 06:00,8.115
11/19/2023 06:30,8.115
11/19/2023 07:00,8.115
11/19/2023 07:30,8.115
11/19/2023 08:00,8.115
11/19/2023 08:30,8.115
11/19/2023 09:00,8.115
11/19/2023 09:30,8.115
11/19/2023 10:00,8.115
11/19/2023 10:30,8.115
11/19/2023 11:00,8.115
11/19/2023 11:30,8.115
11/19/2023 12:00,8.115
11/19/2023 12:30,8.115
11/19/2023 13:00,8.115
11/19/2023 13:30,8.115
11/19/2023 14:00,8.115
11/19/2023 14:30,8.115
11/19/2023 15:00,8.115
11/19/2023 15:30,8.115
11/19/2023 16:00,8.115
11/19/2023 16:30,8.115
11/19/2023 17:00,8.115
11/19/2023 17:30,8.115
11/19/2023 18:00,8.115
11/19/2023 18:30,8.115
11/19/2023 19:00,8.115
11/19/2023 19:30,8.115
11/19/2023 20:00,8.115
11/19/2023 20:30,8.115
11/19/2023 21:00,8.115
11/19/2023 21:30,8.115
11/19/2023 22:00,8.115
11/19/2023 22:30,8.115
11/19/2023 23:00,8.115
11/19/2023 23:30,8.115
11/20/2023 00:00,6.642
11/20/2023 00:30,6.642
11/20/2023 01:00,6.642
11/20/2023 01:30,6.642
11/20/2023 02:00,6.642
11/20/2023 02:30,6.642
11/20/2023 03:00,6.642
11/20/2023 03:30,6.642
11/20/2023 04:00,6.642
11/20/2023 04:30,6.642
11/20/2023 05:00,6.642
11/20/2023 05:30,6.642
11/20/2023 06:00,6.642
11/20/2023 06:30,6.642
11/20/2023 07:00,6.642
11/20/2023 07:30,6.642
11/20/2023 08:00,6.642
11/20/2023 08:30,6.642
11/20/2023 09:00,6.642
11/20/2023 09:30,6.642
11/20/2023 10:00,6.642
11/20/2023 10:30,6.642
11/20/2023 11:00,6.642
11/20/2023 11:30,6.642
11/20/2023 12:00,6.642
11/20/2023 12:30,6.642
11/20/2023 13:00,6.642
11/20/2023 13:30,6.642
11/20/2023 14:00,6.642
11/20/2023 14:30,6.642
11/20/2023 15:00,6.642
11/20/2023 15:30,6.642
11/20/2023 16:00,6.642
11/20/2023 16:30,6.642
11/20/2023 17:00,6.642
11/20/2023 17:30,6.642
11/20/2023 18:00,6.642
11/20/2023 18:30,6.642
11/20/2023 19:00,6.642
11/20/2023 19:30,6.642
11/20/2023 20:00,6.642
11/20/2023 20:30,6.642
11/20/2023 21:00,6.642
11/20/2023 21:30,6.642
11/20/2023 22:00,6.642
11/20/2023 22:30,6.642
11/20/2023 23:00,6.642
11/20/2023 23:30,6.642
11/21/2023 00:00,5.271
11/21/2023 00:30,5.271
11/21/2023 01:00,5.271
11/21/2023 01:30,5.271
11/21/2023 02:00,5.271
11/21/2023 02:30,5.271
11/21/2023 03:00,5.271
11/21/2023 03:30,5.271
11/21/2023 04:00,5.271
11/21/2023 04:30,5.271
11/21/2023 05:00,5.271
11/21/2023 05:30,5.271
11/21/2023 06:00,5.271
11/21/2023 06:30,5.271
11/21/2023 07:00,5.271
11/21/2023 07:30,5.271
11/21/2023 08:00,5.271
11/21/2023 08:30,5.271
11/21/2023 09:00,5.271
11/21/2023 09:30,5.271
11/21/2023 10:00,5.271
11/21/2023 10:30,5.271
11/21/2023 11:00,5.271
11/21/2023 11:30,5.271
11/21/2023 12:00,5.271
11/21/2023 12:30,5.271
11/21/2023 13:00,5.271
11/21/2023 13:30,5.271
11/21/2023 14:00,5.271
11/21/2023 14:30,5.271
11/21/2023 15:00,5.271
11/21/2023 15:30,5.271
11/21/2023 16:00,5.271
11/21/2023 16:30,5.271
11/21/2023 17:00,5.271
11/21/2023 17:30,5.271
11/21/2023 18:00,5.271
11/21/2023 18:30,5.271
11/21/2023 19:00,5.271
11/21/2023 19:30,5.271
11/21/2023 20:00,5.271
11/21/2023 20:30,5.271
11/21/2023 21:00,5.271
11/21/2023 21:30,5.271
11/21/2023 22:00,5.271
11/21/2023 22:30,5.271
11/21/2023 23:00,5.271
11/21/2023 23:30,5.271
11/22/2023 00:00,4.01
11/22/2023 00:30,4.01
11/22/2023 01:00,4.01
11/22/2023 01:30,4.01
11/22/2023 02:00,4.01
11/22/2023 02:30,4.01
11/22/2023 03:00,4.01
11/22/2023 03:30,4.01
11/22/2023 04:00,4.01
11/22/2023 04:30,4.01
11/22/2023 05:00,4.01
11/22/2023 05:30,4.01
11/22/2023 06:00,4.01
11/22/2023 06:30,4.01
11/22/2023 07:00,4.01
11/22/2023 07:30,4.01
11/22/2023 08:00,4.01
11/22/2023 08:30,4.01
11/22/2023 09:00,4.01
11/22/2023 09:30,4.01
11/22/2023 10:00,4.01
11/22/2023 10:30,4.01
11/22/2023 11:00,4.01
11/22/2023 11:30,4.01
11/22/2023 12:00,4.01
11/22/2023 12:30,4.01
11/22/2023 13:00,4.01
11/22/2023 13:30,4.01
11/22/2023 14:00,4.01
11/22/2023 14:30,4.01
11/22/2023 15:00,4.01
11/22/2023 15:30,4.01
11/22/2023 16:00,4.01
11/22/2023 16:30,4.01
11/22/2023 17:00,4.01
11/22/2023 17:30,4.01
11/22/2023 18:00,4.01
11/22/2023 18:30,4.01
11/22/2023 19:00,4.01
11/22/2023 19:30,4.01
11/22/2023 20:00,4.01
11/22/2023 20:30,4.01
11/22/2023 21:00,4.01
11/22/2023 21:30,4.01
11/22/2023 22:00,4.01
11/22/2023 22:30,4.01
11/22/2023 23:00,4.01
11/22/2023 23:30,4.01
11/23/2023 00:00,4.01
11/23/2023 00:30,4.01
11/23/2023 01:00,4.01
11/23/2023 01:30,4.01
11/23/2023 02:00,4.01
11/23/2023 02:30,4.01
11/23/2023 03:00,4.01
11/23/2023 03:30,4.01
11/23/2023 04:00,4.01
11/23/2023 04:30,4.01
11/23/2023 05:00,4.01
11/23/2023 05:30,4.01
11/23/2023 06:00,4.01
11/23/2023 06:30,4.01
11/23/2023 07:00,4.01
11/23/2023 07:30,4.01
11/23/2023 08:00,4.01
11/23/2023 08:30,4.01
11/23/2023 09:00,4.01
11/23/2023 09:30,4.01
11/23/2023 10:00,4.01
11/23/2023 10:30,4.01
11/23/2023 11:00,4.01
11/23/2023 11:30,4.01
11/23/2023 12:00,4.01
11/23/2023 12:30,4.01
11/23/2023 13:00,4.01
11/23/2023 13:30,4.01
11/23/2023 14:00,4.01
11/23/2023 14:30,4.01
11/23/2023 15:00,4.01
11/23/2023 15:30,4.01
11/23/2023 16:00,4.01
11/23/2023 16:30,4.01
11/23/2023 17:00,4.01
11/23/2023 17:30,4.01
11/23/2023 18:00,4.01
11/23/2023 18:30,4.01
11/23/2023 19:00,4.01
11/23/2023 19:30,4.01
11/23/2023 20:00,4.01
11/23/2023 20:30,4.01
11/23/2023 21:00,4.01
11/23/2023 21:30,4.01
11/23/2023 22:00,4.01
11/23/2023 22:30,4.01
11/23/2023 23:00,4.01
11/23/2023 23:30,4.01
11/24/2023 00:00,2.869
11/24/2023 00:30,2.869
11/24/2023 01:00,2.869
11/24/2023 01:30,2.869
11/24/2023 02:00,2.869
11/24/2023 02:30,2.869
11/24/2023 03:00,2.869
11/24/2023 03:30,2.869
11/24/2023 04:00,2.869
11/24/2023 04:30,2.869
11/24/2023 05:00,2.869
11/24/2023 05:30,2.869
11/24/2023 06:00,2.869
11/24/2023 06:30,2.869
11/24/2023 07:00,2.869
11/24/2023 07:30,2.869
11/24/2023 08:00,2.869
11/24/2023 08:30,2.869
11/24/2023 09:00,2.869
11/24/2023 09:30,2.869
11/24/2023 10:00,2.869
11/24/2023 10:30,2.869
11/24/2023 11:00,2.869
11/24/2023 11:30,2.869
11/24/2023 12:00,2.869
11/24/2023 12:30,2.869
11/24/2023 13:00,2.869
11/24/2023 13:30,2.869
11/24/2023 14:00,2.869
11/24/2023 14:30,2.869
11/24/2023 15:00,2.869
11/24/2023 15:30,2.869
11/24/2023 16:00,2.869
11/24/2023 16:30,2.869
11/24/2023 17:00,2.869
11/24/2023 17:30,2.869
11/24/2023 18:00,2.869
11/24/2023 18:30,2.869
11/24/2023 19:00,2.869
11/24/2023 19:30,2.869
11/24/2023 20:00,2.869
11/24/2023 20:30,2.869
11/24/2023 21:00,2.869
11/24/2023 21:30,2.869
11/24/2023 22:00,2.869
11/24/2023 22:30,2.869
11/24/2023 23:00,2.869
11/24/2023 23:30,2.869
11/25/2023 00:00,2.869
11/25/2023 00:30,2.869
11/25/2023 01:00,2.869
11/25/2023 01:30,2.869
11/25/2023 02:00,2.869
11/25/2023 02:30,2.869
11/25/2023 03:00,2.869
11/25/2023 03:30,2.869
11/25/2023 04:00,2.869
11/25/2023 04:30,2.869
11/25/2023 05:00,2.869
11/25/2023 05:30,2.869
11/25/2023 06:00,2.869
11/25/2023 06:30,2.869
11/25/2023 07:00,2.869
11/25/2023 07:30,2.869
11/25/2023 08:00,2.869
11/25/2023 08:30,2.869
11/25/2023 09:00,2.869
11/25/2023 09:30,2.869
11/25/2023 10:00,2.869
11/25/2023 10:30,2.869
11/25/2023 11:00,2.869
11/25/2023 11:30,2.869
11/25/2023 12:00,2.869
11/25/2023 12:30,2.869
11/25/2023 13:00,2.869
11/25/2023 13:30,2.869
11/25/2023 14:00,2.869
11/25/2023 14:30,2.869
11/25/2023 15:00,2.869
11/25/2023 15:30,2.869
11/25/2023 16:00,2.869
11/25/2023 16:30,2.869
11/25/2023 17:00,2.869
11/25/2023 17:30,2.869
11/25/2023 18:00,2.869
11/25/2023 18:30,2.869
11/25/2023 19:00,2.869
11/25/2023 19:30,2.869
11/25/2023 20:00,2.869
11/25/2023 20:30,2.869
11/25/2023 21:00,2.869
11/25/2023 21:30,2.869
11/25/2023 22:00,2.869
11/25/2023 22:30,2.869
11/25/2023 23:00,2.869
11/25/2023 23:30,2.869
11/26/2023 00:00,1.863
11/26/2023 00:30,1.863
11/26/2023 01:00,1.863
11/26/2023 01:30,1.863
11/26/2023 02:00,1.863
11/26/2023 02:30,1.863
11/26/2023 03:00,1.863
11/26/2023 03:30,1.863
11/26/2023 04:00,1.863
11/26/2023 04:30,1.863
11/26/2023 05:00,1.863
11/26/2023 05:30,1.863
11/26/2023 06:00,1.863
11/26/2023 06:30,1.863
11/26/2023 07:00,1.863
11/26/2023 07:30,1.863
11/26/2023 08:00,1.863
11/26/2023 08:30,1.863
11/26/2023 09:00,1.863
11/26/2023 09:30,1.863
11/26/2023 10:00,1.863
11/26/2023 10:30,1.863
11/26/2023 11:00,1.863
11/26/2023 11:30,1.863
11/26/2023 12:00,1.863
11/26/2023 12:30,1.863
11/26/2023 13:00,1.863
11/26/2023 13:30,1.863
11/26/2023 14:00,1.863
11/26/2023 14:30,1.863
11/26/2023 15:00,1.863
11/26/2023 15:30,1.863
11/26/2023 16:00,1.863
11/26/2023 16:30,1.863
11/26/2023 17:00,1.863
11/26/2023 17:30,1.863
11/26/2023 18:00,1.863
11/26/2023 18:30,1.863
11/26/2023 19:00,1.863
11/26/2023 19:30,1.863
11/26/2023 20:00,1.863
11/26/2023 20:30,1.863
11/26/2023 21:00,1.863
11/26/2023 21:30,1.863
11/26/2023 22:00,1.863
11/26/2023 22:30,1.863
11/26/2023 23:00,1.863
11/26/2023 23:30,1.863
11/27/2023 00:00,1.863
11/27/2023 00:30,1.863
11/27/2023 01:00,1.863
11/27/2023 01:30,1.863
11/27/2023 02:00,1.863
11/27/2023 02:30,1.863
11/27/2023 03:00,1.863
11/27/2023 03:30,1.863
11/27/2023 04:00,1.863
11/27/2023 04:30,1.863
11/27/2023 05:00,1.863
11/27/2023 05:30,1.863
11/27/2023 06:00,1.863
11/27/2023 06:30,1.863
11/27/2023 07:00,1.863
11/27/2023 07:30,1.863
11/27/2023 08:00,1.863
11/27/2023 08:30,1.863
11/27/2023 09:00,1.863
11/27/2023 09:30,1.863
11/27/2023 10:00,1.863
11/27/2023 10:30,1.863
11/27/2023 11:00,1.863
11/27/2023 11:30,1.863
11/27/2023 12:00,1.863
11/27/2023 12:30,1.863
11/27/2023 13:00,1.863
11/27/2023 13:30,1.863
11/27/2023 14:00,1.863
11/27/2023 14:30,1.863
11/27/2023 15:00,1.863
11/27/2023 15:30,1.863
11/27/2023 16:00,1.863
11/27/2023 16:30,1.863
11/27/2023 17:00,1.863
11/27/2023 17:30,1.863
11/27/2023 18:00,1.863
11/27/2023 18:30,1.863
11/27/2023 19:00,1.863
11/27/2023 19:30,1.863
11/27/2023 20:00,1.863
11/27/2023 20:30,1.863
11/27/2023 21:00,1.863
11/27/2023 21:30,1.863
11/27/2023 22:00,1.863
11/27/2023 22:30,1.863
11/27/2023 23:00,1.863
11/27/2023 23:30,1.863
11/28/2023 00:00,1.014
11/28/2023 00:30,1.014
11/28/2023 01:00,1.014
11/28/2023 01:30,1.014
11/28/2023 02:00,1.014
11/28/2023 02:30,1.014
11/28/2023 03:00,1.014
11/28/2023 03:30,1.014
11/28/2023 04:00,1.014
11/28/2023 04:30,1.014
11/28/2023 05:00,1.014
11/28/2023 05:30,1.014
11/28/2023 06:00,1.014
11/28/2023 06:30,1.014
11/28/2023 07:00,1.014
11/28/2023 07:30,1.014
11/28/2023 08:00,1.014
11/28/2023 08:30,1.014
11/28/2023 09:00,1.014
11/28/2023 09:30,1.014
11/28/2023 10:00,1.014
11/28/2023 10:30,1.014
11/28/2023 11:00,1.014
11/28/2023 11:30,1.014
11/28/2023 12:00,1.014
11/28/2023 12:30,1.014
11/28/2023 13:00,1.014
11/28/2023 13:30,1.014
11/28/2023 14:00,1.014
11/28/2023 14:30,1.014
11/28/2023 15:00,1.014
11/28/2023 15:30,1.014
11/28/2023 16:00,1.014
11/28/2023 16:30,1.014
11/28/2023 17:00,1.014
11/28/2023 17:30,1.014
11/28/2023 18:00,1.014
11/28/2023 18:30,1.014
11/28/2023 19:00,1.014
11/28/2023 19:30,1.014
11/28/2023 20:00,1.014
11/28/2023 20:30,1.014
11/28/2023 21:00,1.014
11/28/2023 21:30,1.014
11/28/2023 22:00,1.014
11/28/2023 22:30,1.014
11/28/2023 23:00,1.014
11/28/2023 23:30,1.014
11/29/2023 00:00,1.014
11/29/2023 00:30,1.014
11/29/2023 01:00,1.014
11/29/2023 01:30,1.014
11/29/2023 02:00,1.014
11/29/2023 02:30,1.014
11/29/2023 03:00,1.014
11/29/2023 03:30,1.014
11/29/2023 04:00,1.014
11/29/2023 04:30,1.014
11/29/2023 05:00,1.014
11/29/2023 05:30,1.014
11/29/2023 06:00,1.014
11/29/2023 06:30,1.014
11/29/2023 07:00,1.014
11/29/2023 07:30,1.014
11/29/2023 08:00,1.014
11/29/2023 08:30,1.014
11/29/2023 09:00,1.014
11/29/2023 09:30,1.014
11/29/2023 10:00,1.014
11/29/2023 10:30,1.014
11/29/2023 11:00,1.014
11/29/2023 11:30,1.014
11/29/2023 12:00,1.014
11/29/2023 12:30,1.014
11/29/2023 13:00,1.014
11/29/2023 13:30,1.014
11/29/2023 14:00,1.014
11/29/2023 14:30,1.014
11/29/2023 15:00,1.014
11/29/2023 15:30,1.014
11/29/2023 16:00,1.014
11/29/2023 16:30,1.014
11/29/2023 17:00,1.014
11/29/2023 17:30,1.014
11/29/2023 18:00,1.014
11/29/2023 18:30,1.014
11/29/2023 19:00,1.014
11/29/2023 19:30,1.014
11/29/2023 20:00,1.014
11/29/2023 20:30,1.014
11/29/2023 21:00,1.014
11/29/2023 21:30,1.014
11/29/2023 22:00,1.014
11/29/2023 22:30,1.014
11/29/2023 23:00,1.014
11/29/2023 23:30,1.014
11/30/2023 00:00,0.359
11/30/2023 00:30,0.359
11/30/2023 01:00,0.359
11/30/2023 01:30,0.359
11/30/2023 02:00,0.359
11/30/2023 02:30,0.359
11/30/2023 03:00,0.359
11/30/2023 03:30,0.359
11/30/2023 04:00,0.359
11/30/2023 04:30,0.359
11/30/2023 05:00,0.359
11/30/2023 05:30,0.359
11/30/2023 06:00,0.359
11/30/2023 06:30,0.359
11/30/2023 07:00,0.359
11/30/2023 07:30,0.359
11/30/2023 08:00,0.359
11/30/2023 08:30,0.359
11/30/2023 09:00,0.359
11/30/2023 09:30,0.359
11/30/2023 10:00,0.359
11/30/2023 10:30,0.359
11/30/2023 11:00,0.359
11/30/2023 11:30,0.359
11/30/2023 12:00,0.359
11/30/2023 12:30,0.359
11/30/2023 13:00,0.359
11/30/2023 13:30,0.359
11/30/2023 14:00,0.359
11/30/2023 14:30,0.359
11/30/2023 15:00,0.359
11/30/2023 15:30,0.359
11/30/2023 16:00,0.359
11/30/2023 16:30,0.359
11/30/2023 17:00,0.359
11/30/2023 17:30,0.359
11/30/2023 18:00,0.359
11/30/2023 18:30,0.359
11/30/2023 19:00,0.359
11/30/2023 19:30,0.359
11/30/2023 20:00,0.359
11/30/2023 20:30,0.359
11/30/2023 21:00,0.359
11/30/2023 21:30,0.359
11/30/2023 22:00,0.359
11/30/2023 22:30,0.359
11/30/2023 23:00,0.359
11/30/2023 23:30,0.359
12/01/2023 00:00,0.359
12/01/2023 00:30,0.359
12/01/2023 01:00,0.359
12/01/2023 01:30,0.359
12/01/2023 02:00,0.359
12/01/2023 02:30,0.359
12/01/2023 03:00,0.359
12/01/2023 03:30,0.359
12/01/2023 04:00,0.359
12/01/2023 04:30,0.359
12/01/2023 05:00,0.359
12/01/2023 05:30,0.359
12/01/2023 06:00,0.359
12/01/2023 06:30,0.359
12/01/2023 07:00,0.359
12/01/2023 07:30,0.359
12/01/2023 08:00,0.359
12/01/2023 08:30,0.359
12/01/2023 09:00,0.359
12/01/2023 09:30,0.359
12/01/2023 10:00,0.359
12/01/2023 10:30,0.359
12/01/2023 11:00,0.359
12/01/2023 11:30,0.359
12/01/2023 12:00,0.359
12/01/2023 12:30,0.359
12/01/2023 13:00,0.359
12/01/2023 13:30,0.359
12/01/2023 14:00,0.359
12/01/2023 14:30,0.359
12/01/2023 15:00,0.359
12/01/2023 15:30,0.359
12/01/2023 16:00,0.359
12/01/2023 16:30,0.359
12/01/2023 17:00,0.359
12/01/2023 17:30,0.359
12/01/2023 18:00,0.359
12/01/2023 18:30,0.359
12/01/2023 19:00,0.359
12/01/2023 19:30,0.359
12/01/2023 20:00,0.359
12/01/2023 20:30,0.359
12/01/2023 21:00,0.359
12/01/2023 21:30,0.359
12/01/2023 22:00,0.359
12/01/2023 22:30,0.359
12/01/2023 23:00,0.359
12/01/2023 23:30,0.359
12/02/2023 00:00,0.0
12/02/2023 00:30,0.0
12/02/2023 01:00,0.0
12/02/2023 01:30,0.0
12/02/2023 02:00,0.0
12/02/2023 02:30,0.0
12/02/2023 03:00,0.0
12/02/2023 03:30,0.0
12/02/2023 04:00,0.0
12/02/2023 04:30,0.0
12/02/2023 05:00,0.0
12/02/2023 05:30,0.0
12/02/2023 06:00,0.0
12/02/2023 06:30,0.0
12/02/2023 07:00,0.0
12/02/2023 07:30,0.0
12/02/2023 08:00,0.0
12/02/2023 08:30,0.0
12/02/2023 09:00,0.0
12/02/2023 09:30,0.0
12/02/2023 10:00,0.0
12/02/2023 10:30,0.0
12/02/2023 11:00,0.0
12/02/2023 11:30,0.0
12/02/2023 12:00,0.0
12/02/2023 12:30,0.0
12/02/2023 13:00,0.0
12/02/2023 13:30,0.0
12/02/2023 14:00,0.0
12/02/2023 14:30,0.0
12/02/2023 15:00,0.0
12/02/2023 15:30,0.0
12/02/2023 16:00,0.0
12/02/2023 16:30,0.0
12/02/2023 17:00,0.0
12/02/2023 17:30,0.0
12/02/2023 18:00,0.0
12/02/2023 18:30,0.0
12/02/2023 19:00,0.0
12/02/2023 19:30,0.0
12/02/2023 20:00,0.0
12/02/2023 20:30,0.0
12/02/2023 21:00,0.0
12/02/2023 21:30,0.0
12/02/2023 22:00,0.0
12/02/2023 22:30,0.0
12/02/2023 23:00,0.0
12/02/2023 23:30,0.0
12/03/2023 00:00,0.0
12/03/2023 00:30,0.0
12/03/2023 01:00,0.0
12/03/2023 01:30,0.0
12/03/2023 02:00,0.0
12/03/2023 02:30,0.0
12/03/2023 03:00,0.0
12/03/2023 03:30,0.0
12/03/2023 04:00,0.0
12/03/2023 04:30,0.0
12/03/2023 05:00,0.0
12/03/2023 05:30,0.0
12/03/2023 06:00,0.0
12/03/2023 06:30,0.0
12/03/2023 07:00,0.0
12/03/2023 07:30,0.0
12/03/2023 08:00,0.0
12/03/2023 08:30,0.0
12/03/2023 09:00,0.0
12/03/2023 09:30,0.0
12/03/2023 10:00,0.0
12/03/2023 10:30,0.0
12/03/2023 11:00,0.0
12/03/2023 11:30,0.0
12/03/2023 12:00,0.0
12/03/2023 12:30,0.0
12/03/2023 13:00,0.0
12/03/2023 13:30,0.0
12/03/2023 14:00,0.0
12/03/2023 14:30,0.0
12/03/2023 15:00,0.0
12/03/2023 15:30,0.0
12/03/2023 16:00,0.0
12/03/2023 16:30,0.0
12/03/2023 17:00,0.0
12/03/2023 17:30,0.0
12/03/2023 18:00,0.0
12/03/2023 18:30,0.0
12/03/2023 19:00,0.0
12/03/2023 19:30,0.0
12/03/2023 20:00,0.0
12/03/2023 20:30,0.0
12/03/2023 21:00,0.0
12/03/2023 21:30,0.0
12/03/2023 22:00,0.0
12/03/2023 22:30,0.0
12/03/2023 23:00,0.0
12/03/2023 23:30,0.0
12/04/2023 00:00,0.0
12/04/2023 00:30,0.0
12/04/2023 01:00,0.0
12/04/2023 01:30,0.0
12/04/2023 02:00,0.0
12/04/2023 02:30,0.0
12/04/2023 03:00,0.0
12/04/2023 03:30,0.0
12/04/2023 04:00,0.0
12/04/2023 04:30,0.0
12/04/2023 05:00,0.0
12/04/2023 05:30,0.0
12/04/2023 06:00,0.0
12/04/2023 06:30,0.0
12/04/2023 07:00,0.0
12/04/2023 07:30,0.0
12/04/2023 08:00,0.0
12/04/2023 08:30,0.0
12/04/2023 09:00,0.0
12/04/2023 09:30,0.0
12/04/2023 10:00,0.0
12/04/2023 10:30,0.0
12/04/2023 11:00,0.0
12/04/2023 11:30,0.0
12/04/2023 12:00,0.0
12/04/2023 12:30,0.0
12/04/2023 13:00,0.0
12/04/2023 13:30,0.0
12/04/2023 14:00,0.0
12/04/2023 14:30,0.0
12/04/2023 15:00,0.0
12/04/2023 15:30,0.0
12/04/2023 16:00,0.0
12/04/2023 16:30,0.0
12/04/2023 17:00,0.0
12/04/2023 17:30,0.0
12/04/2023 18:00,0.0
12/04/2023 18:30,0.0
12/04/2023 19:00,0.0
12/04/2023 19:30,0.0
12/04/2023 20:00,0.0
12/04/2023 20:30,0.0
12/04/2023 21:00,0.0
12/04/2023 21:30,0.0
12/04/2023 22:00,0.0
12/04/2023 22:30,0.0
12/04/2023 23:00,0.0
12/04/2023 23:30,0.0
12/05/2023 00:00,0.0
12/05/2023 00:30,0.0
12/05/2023 01:00,0.0
12/05/2023 01:30,0.0
12/05/2023 02:00,0.0
12/05/2023 02:30,0.0
12/05/2023 03:00,0.0
12/05/2023 03:30,0.0
12/05/2023 04:00,0.0
12/05/2023 04:30,0.0
12/05/2023 05:00,0.0
12/05/2023 05:30,0.0
12/05/2023 06:00,0.0
12/05/2023 06:30,0.0
12/05/2023 07:00,0.0
12/05/2023 07:30,0.0
12/05/2023 08:00,0.0
12/05/2023 08:30,0.0
12/05/2023 09:00,0.0
12/05/2023 09:30,0.0
12/05/2023 10:00,0.0
12/05/2023 10:30,0.0
12/05/2023 11:00,0.0
12/05/2023 11:30,0.0
12/05/2023 12:00,0.0
12/05/2023 12:30,0.0
12/05/2023 13:00,0.0
12/05/2023 13:30,0.0
12/05/2023 14:00,0.0
12/05/2023 14:30,0.0
12/05/2023 15:00,0.0
12/05/2023 15:30,0.0
12/05/2023 16:00,0.0
12/05/2023 16:30,0.0
12/05/2023 17:00,0.0
12/05/2023 17:30,0.0
12/05/2023 18:00,0.0
12/05/2023 18:30,0.0
12/05/2023 19:00,0.0
12/05/2023 19:30,0.0
12/05/2023 20:00,0.0
12/05/2023 20:30,0.0
12/05/2023 21:00,0.0
12/05/2023 21:30,0.0
12/05/2023 22:00,0.0
12/05/2023 22:30,0.0
12/05/2023 23:00,0.0
12/05/2023 23:30,0.0
12/06/2023 00:00,0.0
12/06/2023 00:30,0.0
12/06/2023 01:00,0.0
12/06/2023 01:30,0.0
12/06/2023 02:00,0.0
12/06/2023 02:30,0.0
12/06/2023 03:00,0.0
12/06/2023 03:30,0.0
12/06/2023 04:00,0.0
12/06/2023 04:30,0.0
12/06/2023 05:00,0.0
12/06/2023 05:30,0.0
12/06/2023 06:00,0.0
12/06/2023 06:30,0.0
12/06/2023 07:00,0.0
12/06/2023 07:30,0.0
12/06/2023 08:00,0.0
12/06/2023 08:30,0.0
12/06/2023 09:00,0.0
12/06/2023 09:30,0.0
12/06/2023 10:00,0.0
12/06/2023 10:30,0.0
12/06/2023 11:00,0.0
12/06/2023 11:30,0.0
12/06/2023 12:00,0.0
12/06/2023 12:30,0.0
12/06/2023 13:00,0.0
12/06/2023 13:30,0.0
12/06/2023 14:00,0.0
12/06/2023 14:30,0.0
12/06/2023 15:00,0.0
12/06/2023 15:30,0.0
12/06/2023 16:00,0.0
12/06/2023 16:30,0.0
12/06/2023 17:00,0.0
12/06/2023 17:30,0.0
12/06/2023 18:00,0.0
12/06/2023 18:30,0.0
12/06/2023 19:00,0.0
12/06/2023 19:30,0.0
12/06/2023 20:00,0.0
12/06/2023 20:30,0.0
12/06/2023 21:00,0.0
12/06/2023 21:30,0.0
12/06/2023 22:00,0.0
12/06/2023 22:30,0.0
12/06/2023 23:00,0.0
12/06/2023 23:30,0.0
12/07/2023 00:00,0.0
12/07/2023 00:30,0.0
12/07/2023 01:00,0.0
12/07/2023 01:30,0.0
12/07/2023 02:00,0.0
12/07/2023 02:30,0.0
12/07/2023 03:00,0.0
12/07/2023 03:30,0.0
12/07/2023 04:00,0.0
12/07/2023 04:30,0.0
12/07/2023 05:00,0.0
12/07/2023 05:30,0.0
12/07/2023 06:00,0.0
12/07/2023 06:30,0.0
12/07/2023 07:00,0.0
12/07/2023 07:30,0.0
12/07/2023 08:00,0.0
12/07/2023 08:30,0.0
12/07/2023 09:00,0.0
12/07/2023 09:30,0.0
12/07/2023 10:00,0.0
12/07/2023 10:30,0.0
12/07/2023 11:00,0.0
12/07/2023 11:30,0.0
12/07/2023 12:00,0.0
12/07/2023 12:30,0.0
12/07/2023 13:00,0.0
12/07/2023 13:30,0.0
12/07/2023 14:00,0.0
12/07/2023 14:30,0.0
12/07/2023 15:00,0.0
12/07/2023 15:30,0.0
12/07/2023 16:00,0.0
12/07/2023 16:30,0.0
12/07/2023 17:00,0.0
12/07/2023 17:30,0.0
12/07/2023 18:00,0.0
12/07/2023 18:30,0.0
12/07/2023 19:00,0.0
12/07/2023 19:30,0.0
12/07/2023 20:00,0.0
12/07/2023 20:30,0.0
12/07/2023 21:00,0.0
12/07/2023 21:30,0.0
12/07/2023 22:00,0.0
12/07/2023 22:30,0.0
12/07/2023 23:00,0.0
12/07/2023 23:30,0.0
12/08/2023 00:00,0.0
12/08/2023 00:30,0.0
12/08/2023 01:00,0.0
12/08/2023 01:30,0.0
12/08/2023 02:00,0.0
12/08/2023 02:30,0.0
12/08/2023 03:00,0.0
12/08/2023 03:30,0.0
12/08/2023 04:00,0.0
12/08/2023 04:30,0.0
12/08/2023 05:00,0.0
12/08/2023 05:30,0.0
12/08/2023 06:00,0.0
12/08/2023 06:30,0.0
12/08/2023 07:00,0.0
12/08/2023 07:30,0.0
12/08/2023 08:00,0.0
12/08/2023 08:30,0.0
12/08/2023 09:00,0.0
12/08/2023 09:30,0.0
12/08/2023 10:00,0.0
12/08/2023 10:30,0.0
12/08/2023 11:00,0.0
12/08/2023 11:30,0.0
12/08/2023 12:00,0.0
12/08/2023 12:30,0.0
12/08/2023 13:00,0.0
12/08/2023 13:30,0.0
12/08/2023 14:00,0.0
12/08/2023 14:30,0.0
12/08/2023 15:00,0.0
12/08/2023 15:30,0.0
12/08/2023 16:00,0.0
12/08/2023 16:30,0.0
12/08/2023 17:00,0.0
12/08/2023 17:30,0.0
12/08/2023 18:00,0.0
12/08/2023 18:30,0.0
12/08/2023 19:00,0.0
12/08/2023 19:30,0.0
12/08/2023 20:00,0.0
12/08/2023 20:30,0.0
12/08/2023 21:00,0.0
12/08/2023 21:30,0.0
12/08/2023 22:00,0.0
12/08/2023 22:30,0.0
12/08/2023 23:00,0.0
12/08/2023 23:30,0.0
12/09/2023 00:00,0.0
12/09/2023 00:30,0.0
12/09/2023 01:00,0.0
12/09/2023 01:30,0.0
12/09/2023 02:00,0.0
12/09/2023 02:30,0.0
12/09/2023 03:00,0.0
12/09/2023 03:30,0.0
12/09/2023 04:00,0.0
12/09/2023 04:30,0.0
12/09/2023 05:00,0.0
12/09/2023 05:30,0.0
12/09/2023 06:00,0.0
12/09/2023 06:30,0.0
12/09/2023 07:00,0.0
12/09/2023 07:30,0.0
12/09/2023 08:00,0.0
12/09/2023 08:30,0.0
12/09/2023 09:00,0.0
12/09/2023 09:30,0.0
12/09/2023 10:00,0.0
12/09/2023 10:30,0.0
12/09/2023 11:00,0.0
12/09/2023 11:30,0.0
12/09/2023 12:00,0.0
12/09/2023 12:30,0.0
12/09/2023 13:00,0.0
12/09/2023 13:30,0.0
12/09/2023 14:00,0.0
12/09/2023 14:30,0.0
12/09/2023 15:00,0.0
12/09/2023 15:30,0.0
12/09/2023 16:00,0.0
12/09/2023 16:30,0.0
12/09/2023 17:00,0.0
12/09/2023 17:30,0.0
12/09/2023 18:00,0.0
12/09/2023 18:30,0.0
12/09/2023 19:00,0.0
12/09/2023 19:30,0.0
12/09/2023 20:00,0.0
12/09/2023 20:30,0.0
12/09/2023 21:00,0.0
12/09/2023 21:30,0.0
12/09/2023 22:00,0.0
12/09/2023 22:30,0.0
12/09/2023 23:00,0.0
12/09/2023 23:30,0.0
12/10/2023 00:00,0.0
12/10/2023 00:30,0.0
12/10/2023 01:00,0.0
12/10/2023 01:30,0.0
12/10/2023 02:00,0.0
12/10/2023 02:30,0.0
12/10/2023 03:00,0.0
12/10/2023 03:30,0.0
12/10/2023 04:00,0.0
12/10/2023 04:30,0.0
12/10/2023 05:00,0.0
12/10/2023 05:30,0.0
12/10/2023 06:00,0.0
12/10/2023 06:30,0.0
12/10/2023 07:00,0.0
12/10/2023 07:30,0.0
12/10/2023 08:00,0.0
12/10/2023 08:30,0.0
12/10/2023 09:00,0.0
12/10/2023 09:30,0.0
12/10/2023 10:00,0.0
12/10/2023 10:30,0.0
12/10/2023 11:00,0.0
12/10/2023 11:30,0.0
12/10/2023 12:00,0.0
12/10/2023 12:30,0.0
12/10/2023 13:00,0.0
12/10/2023 13:30,0.0
12/10/2023 14:00,0.0
12/10/2023 14:30,0.0
12/10/2023 15:00,0.0
12/10/2023 15:30,0.0
12/10/2023 16:00,0.0
12/10/2023 16:30,0.0
12/10/2023 17:00,0.0
12/10/2023 17:30,0.0
12/10/2023 18:00,0.0
12/10/2023 18:30,0.0
12/10/2023 19:00,0.0
12/10/2023 19:30,0.0
12/10/2023 20:00,0.0
12/10/2023 20:30,0.0
12/10/2023 21:00,0.0
12/10/2023 21:30,0.0
12/10/2023 22:00,0.0
12/10/2023 22:30,0.0
12/10/2023 23:00,0.0
12/10/2023 23:30,0.0
12/11/2023 00:00,0.0
12/11/2023 00:30,0.0
12/11/2023 01:00,0.0
12/11/2023 01:30,0.0
12/11/2023 02:00,0.0
12/11/2023 02:30,0.0
12/11/2023 03:00,0.0
12/11/2023 03:30,0.0
12/11/2023 04:00,0.0
12/11/2023 04:30,0.0
12/11/2023 05:00,0.0
12/11/2023 05:30,0.0
12/11/2023 06:00,0.0
12/11/2023 06:30,0.0
12/11/2023 07:00,0.0
12/11/2023 07:30,0.0
12/11/2023 08:00,0.0
12/11/2023 08:30,0.0
12/11/2023 09:00,0.0
12/11/2023 09:30,0.0
12/11/2023 10:00,0.0
12/11/2023 10:30,0.0
12/11/2023 11:00,0.0
12/11/2023 11:30,0.0
12/11/2023 12:00,0.0
12/11/2023 12:30,0.0
12/11/2023 13:00,0.0
12/11/2023 13:30,0.0
12/11/2023 14:00,0.0
12/11/2023 14:30,0.0
12/11/2023 15:00,0.0
12/11/2023 15:30,0.0
12/11/2023 16:00,0.0
12/11/2023 16:30,0.0
12/11/2023 17:00,0.0
12/11/2023 17:30,0.0
12/11/2023 18:00,0.0
12/11/2023 18:30,0.0
12/11/2023 19:00,0.0
12/11/2023 19:30,0.0
12/11/2023 20:00,0.0
12/11/2023 20:30,0.0
12/11/2023 21:00,0.0
12/11/2023 21:30,0.0
12/11/2023 22:00,0.0
12/11/2023 22:30,0.0
12/11/2023 23:00,0.0
12/11/2023 23:30,0.0
12/12/2023 00:00,0.0
12/12/2023 00:30,0.0
12/12/2023 01:00,0.0
12/12/2023 01:30,0.0
12/12/2023 02:00,0.0
12/12/2023 02:30,0.0
12/12/2023 03:00,0.0
12/12/2023 03:30,0.0
12/12/2023 04:00,0.0
12/12/2023 04:30,0.0
12/12/2023 05:00,0.0
12/12/2023 05:30,0.0
12/12/2023 06:00,0.0
12/12/2023 06:30,0.0
12/12/2023 07:00,0.0
12/12/2023 07:30,0.0
12/12/2023 08:00,0.0
12/12/2023 08:30,0.0
12/12/2023 09:00,0.0
12/12/2023 09:30,0.0
12/12/2023 10:00,0.0
12/12/2023 10:30,0.0
12/12/2023 11:00,0.0
12/12/2023 11:30,0.0
12/12/2023 12:00,0.0
12/12/2023 12:30,0.0
12/12/2023 13:00,0.0
12/12/2023 13:30,0.0
12/12/2023 14:00,0.0
12/12/2023 14:30,0.0
12/12/2023 15:00,0.0
12/12/2023 15:30,0.0
12/12/2023 16:00,0.0
12/12/2023 16:30,0.0
12/12/2023 17:00,0.0
12/12/2023 17:30,0.0
12/12/2023 18:00,0.0
12/12/2023 18:30,0.0
12/12/2023 19:00,0.0
12/12/2023 19:30,0.0
12/12/2023 20:00,0.0
12/12/2023 20:30,0.0
12/12/2023 21:00,0.0
12/12/2023 21:30,0.0
12/12/2023 22:00,0.0
12/12/2023 22:30,0.0
12/12/2023 23:00,0.0
12/12/2023 23:30,0.0
12/13/2023 00:00,0.0
12/13/2023 00:30,0.0
12/13/2023 01:00,0.0
12/13/2023 01:30,0.0
12/13/2023 02:00,0.0
12/13/2023 02:30,0.0
12/13/2023 03:00,0.0
12/13/2023 03:30,0.0
12/13/2023 04:00,0.0
12/13/2023 04:30,0.0
12/13/2023 05:00,0.0
12/13/2023 05:30,0.0
12/13/2023 06:00,0.0
12/13/2023 06:30,0.0
12/13/2023 07:00,0.0
12/13/2023 07:30,0.0
12/13/2023 08:00,0.0
12/13/2023 08:30,0.0
12/13/2023 09:00,0.0
12/13/2023 09:30,0.0
12/13/2023 10:00,0.0
12/13/2023 10:30,0.0
12/13/2023 11:00,0.0
12/13/2023 11:30,0.0
12/13/2023 12:00,0.0
12/13/2023 12:30,0.0
12/13/2023 13:00,0.0
12/13/2023 13:30,0.0
12/13/2023 14:00,0.0
12/13/2023 14:30,0.0
12/13/2023 15:00,0.0
12/13/2023 15:30,0.0
12/13/2023 16:00,0.0
12/13/2023 16:30,0.0
12/13/2023 17:00,0.0
12/13/2023 17:30,0.0
12/13/2023 18:00,0.0
12/13/2023 18:30,0.0
12/13/2023 19:00,0.0
12/13/2023 19:30,0.0
12/13/2023 20:00,0.0
12/13/2023 20:30,0.0
12/13/2023 21:00,0.0
12/13/2023 21:30,0.0
12/13/2023 22:00,0.0
12/13/2023 22:30,0.0
12/13/2023 23:00,0.0
12/13/2023 23:30,0.0
12/14/2023 00:00,0.0
12/14/2023 00:30,0.0
12/14/2023 01:00,0.0
12/14/2023 01:30,0.0
12/14/2023 02:00,0.0
12/14/2023 02:30,0.0
12/14/2023 03:00,0.0
12/14/2023 03:30,0.0
12/14/2023 04:00,0.0
12/14/2023 04:30,0.0
12/14/2023 05:00,0.0
12/14/2023 05:30,0.0
12/14/2023 06:00,0.0
12/14/2023 06:30,0.0
12/14/2023 07:00,0.0
12/14/2023 07:30,0.0
12/14/2023 08:00,0.0
12/14/2023 08:30,0.0
12/14/2023 09:00,0.0
12/14/2023 09:30,0.0
12/14/2023 10:00,0.0
12/14/2023 10:30,0.0
12/14/2023 11:00,0.0
12/14/2023 11:30,0.0
12/14/2023 12:00,0.0
12/14/2023 12:30,0.0
12/14/2023 13:00,0.0
12/14/2023 13:30,0.0
12/14/2023 14:00,0.0
12/14/2023 14:30,0.0
12/14/2023 15:00,0.0
12/14/2023 15:30,0.0
12/14/2023 16:00,0.0
12/14/2023 16:30,0.0
12/14/2023 17:00,0.0
12/14/2023 17:30,0.0
12/14/2023 18:00,0.0
12/14/2023 18:30,0.0
12/14/2023 19:00,0.0
12/14/2023 19:30,0.0
12/14/2023 20:00,0.0
12/14/2023 20:30,0.0
12/14/2023 21:00,0.0
12/14/2023 21:30,0.0
12/14/2023 22:00,0.0
12/14/2023 22:30,0.0
12/14/2023 23:00,0.0
12/14/2023 23:30,0.0
12/15/2023 00:00,0.0
12/15/2023 00:30,0.0
12/15/2023 01:00,0.0
12/15/2023 01:30,0.0
12/15/2023 02:00,0.0
12/15/2023 02:30,0.0
12/15/2023 03:00,0.0
12/15/2023 03:30,0.0
12/15/2023 04:00,0.0
12/15/2023 04:30,0.0
12/15/2023 05:00,0.0
12/15/2023 05:30,0.0
12/15/2023 06:00,0.0
12/15/2023 06:30,0.0
12/15/2023 07:00,0.0
12/15/2023 07:30,0.0
12/15/2023 08:00,0.0
12/15/2023 08:30,0.0
12/15/2023 09:00,0.0
12/15/2023 09:30,0.0
12/15/2023 10:00,0.0
12/15/2023 10:30,0.0
12/15/2023 11:00,0.0
12/15/2023 11:30,0.0
12/15/2023 12:00,0.0
12/15/2023 12:30,0.0
12/15/2023 13:00,0.0
12/15/2023 13:30,0.0
12/15/2023 14:00,0.0
12/15/2023 14:30,0.0
12/15/2023 15:00,0.0
12/15/2023 15:30,0.0
12/15/2023 16:00,0.0
12/15/2023 16:30,0.0
12/15/2023 17:00,0.0
12/15/2023 17:30,0.0
12/15/2023 18:00,0.0
12/15/2023 18:30,0.0
12/15/2023 19:00,0.0
12/15/2023 19:30,0.0
12/15/2023 20:00,0.0
12/15/2023 20:30,0.0
12/15/2023 21:00,0.0
12/15/2023 21:30,0.0
12/15/2023 22:00,0.0
12/15/2023 22:30,0.0
12/15/2023 23:00,0.0
12/15/2023 23:30,0.0
12/16/2023 00:00,0.0
12/16/2023 00:30,0.0
12/16/2023 01:00,0.0
12/16/2023 01:30,0.0
12/16/2023 02:00,0.0
12/16/2023 02:30,0.0
12/16/2023 03:00,0.0
12/16/2023 03:30,0.0
12/16/2023 04:00,0.0
12/16/2023 04:30,0.0
12/16/2023 05:00,0.0
12/16/2023 05:30,0.0
12/16/2023 06:00,0.0
12/16/2023 06:30,0.0
12/16/2023 07:00,0.0
12/16/2023 07:30,0.0
12/16/2023 08:00,0.0
12/16/2023 08:30,0.0
12/16/2023 09:00,0.0
12/16/2023 09:30,0.0
12/16/2023 10:00,0.0
12/16/2023 10:30,0.0
12/16/2023 11:00,0.0
12/16/2023 11:30,0.0
12/16/2023 12:00,0.0
12/16/2023 12:30,0.0
12/16/2023 13:00,0.0
12/16/2023 13:30,0.0
12/16/2023 14:00,0.0
12/16/2023 14:30,0.0
12/16/2023 15:00,0.0
12/16/2023 15:30,0.0
12/16/2023 16:00,0.0
12/16/2023 16:30,0.0
12/16/2023 17:00,0.0
12/16/2023 17:30,0.0
12/16/2023 18:00,0.0
12/16/2023 18:30,0.0
12/16/2023 19:00,0.0
12/16/2023 19:30,0.0
12/16/2023 20:00,0.0
12/16/2023 20:30,0.0
12/16/2023 21:00,0.0
12/16/2023 21:30,0.0
12/16/2023 22:00,0.0
12/16/2023 22:30,0.0
12/16/2023 23:00,0.0
12/16/2023 23:30,0.0
12/17/2023 00:00,0.0
12/17/2023 00:30,0.0
12/17/2023 01:00,0.0
12/17/2023 01:30,0.0
12/17/2023 02:00,0.0
12/17/2023 02:30,0.0
12/17/2023 03:00,0.0
12/17/2023 03:30,0.0
12/17/2023 04:00,0.0
12/17/2023 04:30,0.0
12/17/2023 05:00,0.0
12/17/2023 05:30,0.0
12/17/2023 06:00,0.0
12/17/2023 06:30,0.0
12/17/2023 07:00,0.0
12/17/2023 07:30,0.0
12/17/2023 08:00,0.0
12/17/2023 08:30,0.0
12/17/2023 09:00,0.0
12/17/2023 09:30,0.0
12/17/2023 10:00,0.0
12/17/2023 10:30,0.0
12/17/2023 11:00,0.0
12/17/2023 11:30,0.0
12/17/2023 12:00,0.0
12/17/2023 12:30,0.0
12/17/2023 13:00,0.0
12/17/2023 13:30,0.0
12/17/2023 14:00,0.0
12/17/2023 14:30,0.0
12/17/2023 15:00,0.0
12/17/2023 15:30,0.0
12/17/2023 16:00,0.0
12/17/2023 16:30,0.0
12/17/2023 17:00,0.0
12/17/2023 17:30,0.0
12/17/2023 18:00,0.0
12/17/2023 18:30,0.0
12/17/2023 19:00,0.0
12/17/2023 19:30,0.0
12/17/2023 20:00,0.0
12/17/2023 20:30,0.0
12/17/2023 21:00,0.0
12/17/2023 21:30,0.0
12/17/2023 22:00,0.0
12/17/2023 22:30,0.0
12/17/2023 23:00,0.0
12/17/2023 23:30,0.0
12/18/2023 00:00,0.0
12/18/2023 00:30,0.0
12/18/2023 01:00,0.0
12/18/2023 01:30,0.0
12/18/2023 02:00,0.0
12/18/2023 02:30,0.0
12/18/2023 03:00,0.0
12/18/2023 03:30,0.0
12/18/2023 04:00,0.0
12/18/2023 04:30,0.0
12/18/2023 05:00,0.0
12/18/2023 05:30,0.0
12/18/2023 06:00,0.0
12/18/2023 06:30,0.0
12/18/2023 07:00,0.0
12/18/2023 07:30,0.0
12/18/2023 08:00,0.0
12/18/2023 08:30,0.0
12/18/2023 09:00,0.0
12/18/2023 09:30,0.0
12/18/2023 10:00,0.0
12/18/2023 10:30,0.0
12/18/2023 11:00,0.0
12/18/2023 11:30,0.0
12/18/2023 12:00,0.0
12/18/2023 12:30,0.0
12/18/2023 13:00,0.0
12/18/2023 13:30,0.0
12/18/2023 14:00,0.0
12/18/2023 14:30,0.0
12/18/2023 15:00,0.0
12/18/2023 15:30,0.0
12/18/2023 16:00,0.0
12/18/2023 16:30,0.0
12/18/2023 17:00,0.0
12/18/2023 17:30,0.0
12/18/2023 18:00,0.0
12/18/2023 18:30,0.0
12/18/2023 19:00,0.0
12/18/2023 19:30,0.0
12/18/2023 20:00,0.0
12/18/2023 20:30,0.0
12/18/2023 21:00,0.0
12/18/2023 21:30,0.0
12/18/2023 22:00,0.0
12/18/2023 22:30,0.0
12/18/2023 23:00,0.0
12/18/2023 23:30,0.0
12/19/2023 00:00,0.0
12/19/2023 00:30,0.0
12/19/2023 01:00,0.0
12/19/2023 01:30,0.0
12/19/2023 02:00,0.0
12/19/2023 02:30,0.0
12/19/2023 03:00,0.0
12/19/2023 03:30,0.0
12/19/2023 04:00,0.0
12/19/2023 04:30,0.0
12/19/2023 05:00,0.0
12/19/2023 05:30,0.0
12/19/2023 06:00,0.0
12/19/2023 06:30,0.0
12/19/2023 07:00,0.0
12/19/2023 07:30,0.0
12/19/2023 08:00,0.0
12/19/2023 08:30,0.0
12/19/2023 09:00,0.0
12/19/2023 09:30,0.0
12/19/2023 10:00,0.0
12/19/2023 10:30,0.0
12/19/2023 11:00,0.0
12/19/2023 11:30,0.0
12/19/2023 12:00,0.0
12/19/2023 12:30,0.0
12/19/2023 13:00,0.0
12/19/2023 13:30,0.0
12/19/2023 14:00,0.0
12/19/2023 14:30,0.0
12/19/2023 15:00,0.0
12/19/2023 15:30,0.0
12/19/2023 16:00,0.0
12/19/2023 16:30,0.0
12/19/2023 17:00,0.0
12/19/2023 17:30,0.0
12/19/2023 18:00,0.0
12/19/2023 18:30,0.0
12/19/2023 19:00,0.0
12/19/2023 19:30,0.0
12/19/2023 20:00,0.0
12/19/2023 20:30,0.0
12/19/2023 21:00,0.0
12/19/2023 21:30,0.0
12/19/2023 22:00,0.0
12/19/2023 22:30,0.0
12/19/2023 23:00,0.0
12/19/2023 23:30,0.0
12/20/2023 00:00,0.0
12/20/2023 00:30,0.0
12/20/2023 01:00,0.0
12/20/2023 01:30,0.0
12/20/2023 02:00,0.0
12/20/2023 02:30,0.0
12/20/2023 03:00,0.0
12/20/2023 03:30,0.0
12/20/2023 04:00,0.0
12/20/2023 04:30,0.0
12/20/2023 05:00,0.0
12/20/2023 05:30,0.0
12/20/2023 06:00,0.0
12/20/2023 06:30,0.0
12/20/2023 07:00,0.0
12/20/2023 07:30,0.0
12/20/2023 08:00,0.0
12/20/2023 08:30,0.0
12/20/2023 09:00,0.0
12/20/2023 09:30,0.0
12/20/2023 10:00,0.0
12/20/2023 10:30,0.0
12/20/2023 11:00,0.0
12/20/2023 11:30,0.0
12/20/2023 12:00,0.0
12/20/2023 12:30,0.0
12/20/2023 13:00,0.0
12/20/2023 13:30,0.0
12/20/2023 14:00,0.0
12/20/2023 14:30,0.0
12/20/2023 15:00,0.0
12/20/2023 15:30,0.0
12/20/2023 16:00,0.0
12/20/2023 16:30,0.0
12/20/2023 17:00,0.0
12/20/2023 17:30,0.0
12/20/2023 18:00,0.0
12/20/2023 18:30,0.0
12/20/2023 19:00,0.0
12/20/2023 19:30,0.0
12/20/2023 20:00,0.0
12/20/2023 20:30,0.0
12/20/2023 21:00,0.0
12/20/2023 21:30,0.0
12/20/2023 22:00,0.0
12/20/2023 22:30,0.0
12/20/2023 23:00,0.0
12/20/2023 23:30,0.0
12/21/2023 00:00,0.0
12/21/2023 00:30,0.0
12/21/2023 01:00,0.0
12/21/2023 01:30,0.0
12/21/2023 02:00,0.0
12/21/2023 02:30,0.0
12/21/2023 03:00,0.0
12/21/2023 03:30,0.0
12/21/2023 04:00,0.0
12/21/2023 04:30,0.0
12/21/2023 05:00,0.0
12/21/2023 05:30,0.0
12/21/2023 06:00,0.0
12/21/2023 06:30,0.0
12/21/2023 07:00,0.0
12/21/2023 07:30,0.0
12/21/2023 08:00,0.0
12/21/2023 08:30,0.0
12/21/2023 09:00,0.0
12/21/2023 09:30,0.0
12/21/2023 10:00,0.0
12/21/2023 10:30,0.0
12/21/2023 11:00,0.0
12/21/2023 11:30,0.0
12/21/2023 12:00,0.0
12/21/2023 12:30,0.0
12/21/2023 13:00,0.0
12/21/2023 13:30,0.0
12/21/2023 14:00,0.0
12/21/2023 14:30,0.0
12/21/2023 15:00,0.0
12/21/2023 15:30,0.0
12/21/2023 16:00,0.0
12/21/2023 16:30,0.0
12/21/2023 17:00,0.0
12/21/2023 17:30,0.0
12/21/2023 18:00,0.0
12/21/2023 18:30,0.0
12/21/2023 19:00,0.0
12/21/2023 19:30,0.0
12/21/2023 20:00,0.0
12/21/2023 20:30,0.0
12/21/2023 21:00,0.0
12/21/2023 21:30,0.0
12/21/2023 22:00,0.0
12/21/2023 22:30,0.0
12/21/2023 23:00,0.0
12/21/2023 23:30,0.0
12/22/2023 00:00,0.0
12/22/2023 00:30,0.0
12/22/2023 01:00,0.0
12/22/2023 01:30,0.0
12/22/2023 02:00,0.0
12/22/2023 02:30,0.0
12/22/2023 03:00,0.0
12/22/2023 03:30,0.0
12/22/2023 04:00,0.0
12/22/2023 04:30,0.0
12/22/2023 05:00,0.0
12/22/2023 05:30,0.0
12/22/2023 06:00,0.0
12/22/2023 06:30,0.0
12/22/2023 07:00,0.0
12/22/2023 07:30,0.0
12/22/2023 08:00,0.0
12/22/2023 08:30,0.0
12/22/2023 09:00,0.0
12/22/2023 09:30,0.0
12/22/2023 10:00,0.0
12/22/2023 10:30,0.0
12/22/2023 11:00,0.0
12/22/2023 11:30,0.0
12/22/2023 12:00,0.0
12/22/2023 12:30,0.0
12/22/2023 13:00,0.0
12/22/2023 13:30,0.0
12/22/2023 14:00,0.0
12/22/2023 14:30,0.0
12/22/2023 15:00,0.0
12/22/2023 15:30,0.0
12/22/2023 16:00,0.0
12/22/2023 16:30,0.0
12/22/2023 17:00,0.0
12/22/2023 17:30,0.0
12/22/2023 18:00,0.0
12/22/2023 18:30,0.0
12/22/2023 19:00,0.0
12/22/2023 19:30,0.0
12/22/2023 20:00,0.0
12/22/2023 20:30,0.0
12/22/2023 21:00,0.0
12/22/2023 21:30,0.0
12/22/2023 22:00,0.0
12/22/2023 22:30,0.0
12/22/2023 23:00,0.0
12/22/2023 23:30,0.0
12/23/2023 00:00,0.0
12/23/2023 00:30,0.0
12/23/2023 01:00,0.0
12/23/2023 01:30,0.0
12/23/2023 02:00,0.0
12/23/2023 02:30,0.0
12/23/2023 03:00,0.0
12/23/2023 03:30,0.0
12/23/2023 04:00,0.0
12/23/2023 04:30,0.0
12/23/2023 05:00,0.0
12/23/2023 05:30,0.0
12/23/2023 06:00,0.0
12/23/2023 06:30,0.0
12/23/2023 07:00,0.0
12/23/2023 07:30,0.0
12/23/2023 08:00,0.0
12/23/2023 08:30,0.0
12/23/2023 09:00,0.0
12/23/2023 09:30,0.0
12/23/2023 10:00,0.0
12/23/2023 10:30,0.0
12/23/2023 11:00,0.0
12/23/2023 11:30,0.0
12/23/2023 12:00,0.0
12/23/2023 12:30,0.0
12/23/2023 13:00,0.0
12/23/2023 13:30,0.0
12/23/2023 14:00,0.0
12/23/2023 14:30,0.0
12/23/2023 15:00,0.0
12/23/2023 15:30,0.0
12/23/2023 16:00,0.0
12/23/2023 16:30,0.0
12/23/2023 17:00,0.0
12/23/2023 17:30,0.0
12/23/2023 18:00,0.0
12/23/2023 18:30,0.0
12/23/2023 19:00,0.0
12/23/2023 19:30,0.0
12/23/2023 20:00,0.0
12/23/2023 20:30,0.0
12/23/2023 21:00,0.0
12/23/2023 21:30,0.0
12/23/2023 22:00,0.0
12/23/2023 22:30,0.0
12/23/2023 23:00,0.0
12/23/2023 23:30,0.0
12/24/2023 00:00,0.0
12/24/2023 00:30,0.0
12/24/2023 01:00,0.0
12/24/2023 01:30,0.0
12/24/2023 02:00,0.0
12/24/2023 02:30,0.0
12/24/2023 03:00,0.0
12/24/2023 03:30,0.0
12/24/2023 04:00,0.0
12/24/2023 04:30,0.0
12/24/2023 05:00,0.0
12/24/2023 05:30,0.0
12/24/2023 06:00,0.0
12/24/2023 06:30,0.0
12/24/2023 07:00,0.0
12/24/2023 07:30,0.0
12/24/2023 08:00,0.0
12/24/2023 08:30,0.0
12/24/2023 09:00,0.0
12/24/2023 09:30,0.0
12/24/2023 10:00,0.0
12/24/2023 10:30,0.0
12/24/2023 11:00,0.0
12/24/2023 11:30,0.0
12/24/2023 12:00,0.0
12/24/2023 12:30,0.0
12/24/2023 13:00,0.0
12/24/2023 13:30,0.0
12/24/2023 14:00,0.0
12/24/2023 14:30,0.0
12/24/2023 15:00,0.0
12/24/2023 15:30,0.0
12/24/2023 16:00,0.0
12/24/2023 16:30,0.0
12/24/2023 17:00,0.0
12/24/2023 17:30,0.0
12/24/2023 18:00,0.0
12/24/2023 18:30,0.0
12/24/2023 19:00,0.0
12/24/2023 19:30,0.0
12/24/2023 20:00,0.0
12/24/2023 20:30,0.0
12/24/2023 21:00,0.0
12/24/2023 21:30,0.0
12/24/2023 22:00,0.0
12/24/2023 22:30,0.0
12/24/2023 23:00,0.0
12/24/2023 23:30,0.0
12/25/2023 00:00,0.0
12/25/2023 00:30,0.0
12/25/2023 01:00,0.0
12/25/2023 01:30,0.0
12/25/2023 02:00,0.0
12/25/2023 02:30,0.0
12/25/2023 03:00,0.0
12/25/2023 03:30,0.0
12/25/2023 04:00,0.0
12/25/2023 04:30,0.0
12/25/2023 05:00,0.0
12/25/2023 05:30,0.0
12/25/2023 06:00,0.0
12/25/2023 06:30,0.0
12/25/2023 07:00,0.0
12/25/2023 07:30,0.0
12/25/2023 08:00,0.0
12/25/2023 08:30,0.0
12/25/2023 09:00,0.0
12/25/2023 09:30,0.0
12/25/2023 10:00,0.0
12/25/2023 10:30,0.0
12/25/2023 11:00,0.0
12/25/2023 11:30,0.0
12/25/2023 12:00,0.0
12/25/2023 12:30,0.0
12/25/2023 13:00,0.0
12/25/2023 13:30,0.0
12/25/2023 14:00,0.0
12/25/2023 14:30,0.0
12/25/2023 15:00,0.0
12/25/2023 15:30,0.0
12/25/2023 16:00,0.0
12/25/2023 16:30,0.0
12/25/2023 17:00,0.0
12/25/2023 17:30,0.0
12/25/2023 18:00,0.0
12/25/2023 18:30,0.0
12/25/2023 19:00,0.0
12/25/2023 19:30,0.0
12/25/2023 20:00,0.0
12/25/2023 20:30,0.0
12/25/2023 21:00,0.0
12/25/2023 21:30,0.0
12/25/2023 22:00,0.0
12/25/2023 22:30,0.0
12/25/2023 23:00,0.0
12/25/2023 23:30,0.0
12/26/2023 00:00,0.0
12/26/2023 00:30,0.0
12/26/2023 01:00,0.0
12/26/2023 01:30,0.0
12/26/2023 02:00,0.0
12/26/2023 02:30,0.0
12/26/2023 03:00,0.0
12/26/2023 03:30,0.0
12/26/2023 04:00,0.0
12/26/2023 04:30,0.0
12/26/2023 05:00,0.0
12/26/2023 05:30,0.0
12/26/2023 06:00,0.0
12/26/2023 06:30,0.0
12/26/2023 07:00,0.0
12/26/2023 07:30,0.0
12/26/2023 08:00,0.0
12/26/2023 08:30,0.0
12/26/2023 09:00,0.0
12/26/2023 09:30,0.0
12/26/2023 10:00,0.0
12/26/2023 10:30,0.0
12/26/2023 11:00,0.0
12/26/2023 11:30,0.0
12/26/2023 12:00,0.0
12/26/2023 12:30,0.0
12/26/2023 13:00,0.0
12/26/2023 13:30,0.0
12/26/2023 14:00,0.0
12/26/2023 14:30,0.0
12/26/2023 15:00,0.0
12/26/2023 15:30,0.0
12/26/2023 16:00,0.0
12/26/2023 16:30,0.0
12/26/2023 17:00,0.0
12/26/2023 17:30,0.0
12/26/2023 18:00,0.0
12/26/2023 18:30,0.0
12/26/2023 19:00,0.0
12/26/2023 19:30,0.0
12/26/2023 20:00,0.0
12/26/2023 20:30,0.0
12/26/2023 21:00,0.0
12/26/2023 21:30,0.0
12/26/2023 22:00,0.0
12/26/2023 22:30,0.0
12/26/2023 23:00,0.0
12/26/2023 23:30,0.0
12/27/2023 00:00,0.0
12/27/2023 00:30,0.0
12/27/2023 01:00,0.0
12/27/2023 01:30,0.0
12/27/2023 02:00,0.0
12/27/2023 02:30,0.0
12/27/2023 03:00,0.0
12/27/2023 03:30,0.0
12/27/2023 04:00,0.0
12/27/2023 04:30,0.0
12/27/2023 05:00,0.0
12/27/2023 05:30,0.0
12/27/2023 06:00,0.0
12/27/2023 06:30,0.0
12/27/2023 07:00,0.0
12/27/2023 07:30,0.0
12/27/2023 08:00,0.0
12/27/2023 08:30,0.0
12/27/2023 09:00,0.0
12/27/2023 09:30,0.0
12/27/2023 10:00,0.0
12/27/2023 10:30,0.0
12/27/2023 11:00,0.0
12/27/2023 11:30,0.0
12/27/2023 12:00,0.0
12/27/2023 12:30,0.0
12/27/2023 13:00,0.0
12/27/2023 13:30,0.0
12/27/2023 14:00,0.0
12/27/2023 14:30,0.0
12/27/2023 15:00,0.0
12/27/2023 15:30,0.0
12/27/2023 16:00,0.0
12/27/2023 16:30,0.0
12/27/2023 17:00,0.0
12/27/2023 17:30,0.0
12/27/2023 18:00,0.0
12/27/2023 18:30,0.0
12/27/2023 19:00,0.0
12/27/2023 19:30,0.0
12/27/2023 20:00,0.0
12/27/2023 20:30,0.0
12/27/2023 21:00,0.0
12/27/2023 21:30,0.0
12/27/2023 22:00,0.0
12/27/2023 22:30,0.0
12/27/2023 23:00,0.0
12/27/2023 23:30,0.0
12/28/2023 00:00,0.0
12/28/2023 00:30,0.0
12/28/2023 01:00,0.0
12/28/2023 01:30,0.0
12/28/2023 02:00,0.0
12/28/2023 02:30,0.0
12/28/2023 03:00,0.0
12/28/2023 03:30,0.0
12/28/2023 04:00,0.0
12/28/2023 04:30,0.0
12/28/2023 05:00,0.0
12/28/2023 05:30,0.0
12/28/2023 06:00,0.0
12/28/2023 06:30,0.0
12/28/2023 07:00,0.0
12/28/2023 07:30,0.0
12/28/2023 08:00,0.0
12/28/2023 08:30,0.0
12/28/2023 09:00,0.0
12/28/2023 09:30,0.0
12/28/2023 10:00,0.0
12/28/2023 10:30,0.0
12/28/2023 11:00,0.0
12/28/2023 11:30,0.0
12/28/2023 12:00,0.0
12/28/2023 12:30,0.0
12/28/2023 13:00,0.0
12/28/2023 13:30,0.0
12/28/2023 14:00,0.0
12/28/2023 14:30,0.0
12/28/2023 15:00,0.0
12/28/2023 15:30,0.0
12/28/2023 16:00,0.0
12/28/2023 16:30,0.0
12/28/2023 17:00,0.0
12/28/2023 17:30,0.0
12/28/2023 18:00,0.0
12/28/2023 18:30,0.0
12/28/2023 19:00,0.0
12/28/2023 19:30,0.0
12/28/2023 20:00,0.0
12/28/2023 20:30,0.0
12/28/2023 21:00,0.0
12/28/2023 21:30,0.0
12/28/2023 22:00,0.0
12/28/2023 22:30,0.0
12/28/2023 23:00,0.0
12/28/2023 23:30,0.0
12/29/2023 00:00,0.0
12/29/2023 00:30,0.0
12/29/2023 01:00,0.0
12/29/2023 01:30,0.0
12/29/2023 02:00,0.0
12/29/2023 02:30,0.0
12/29/2023 03:00,0.0
12/29/2023 03:30,0.0
12/29/2023 04:00,0.0
12/29/2023 04:30,0.0
12/29/2023 05:00,0.0
12/29/2023 05:30,0.0
12/29/2023 06:00,0.0
12/29/2023 06:30,0.0
12/29/2023 07:00,0.0
12/29/2023 07:30,0.0
12/29/2023 08:00,0.0
12/29/2023 08:30,0.0
12/29/2023 09:00,0.0
12/29/2023 09:30,0.0
12/29/2023 10:00,0.0
12/29/2023 10:30,0.0
12/29/2023 11:00,0.0
12/29/2023 11:30,0.0
12/29/2023 12:00,0.0
12/29/2023 12:30,0.0
12/29/2023 13:00,0.0
12/29/2023 13:30,0.0
12/29/2023 14:00,0.0
12/29/2023 14:30,0.0
12/29/2023 15:00,0.0
12/29/2023 15:30,0.0
12/29/2023 16:00,0.0
12/29/2023 16:30,0.0
12/29/2023 17:00,0.0
12/29/2023 17:30,0.0
12/29/2023 18:00,0.0
12/29/2023 18:30,0.0
12/29/2023 19:00,0.0
12/29/2023 19:30,0.0
12/29/2023 20:00,0.0
12/29/2023 20:30,0.0
12/29/2023 21:00,0.0
12/29/2023 21:30,0.0
12/29/2023 22:00,0.0
12/29/2023 22:30,0.0
12/29/2023 23:00,0.0
12/29/2023 23:30,0.0
12/30/2023 00:00,0.0
12/30/2023 00:30,0.0
12/30/2023 01:00,0.0
12/30/2023 01:30,0.0
12/30/2023 02:00,0.0
12/30/2023 02:30,0.0
12/30/2023 03:00,0.0
12/30/2023 03:30,0.0
12/30/2023 04:00,0.0
12/30/2023 04:30,0.0
12/30/2023 05:00,0.0
12/30/2023 05:30,0.0
12/30/2023 06:00,0.0
12/30/2023 06:30,0.0
12/30/2023 07:00,0.0
12/30/2023 07:30,0.0
12/30/2023 08:00,0.0
12/30/2023 08:30,0.0
12/30/2023 09:00,0.0
12/30/2023 09:30,0.0
12/30/2023 10:00,0.0
12/30/2023 10:30,0.0
12/30/2023 11:00,0.0
12/30/2023 11:30,0.0
12/30/2023 12:00,0.0
12/30/2023 12:30,0.0
12/30/2023 13:00,0.0
12/30/2023 13:30,0.0
12/30/2023 14:00,0.0
12/30/2023 14:30,0.0
12/30/2023 15:00,0.0
12/30/2023 15:30,0.0
12/30/2023 16:00,0.0
12/30/2023 16:30,0.0
12/30/2023 17:00,0.0
12/30/2023 17:30,0.0
12/30/2023 18:00,0.0
12/30/2023 18:30,0.0
12/30/2023 19:00,0.0
12/30/2023 19:30,0.0
12/30/2023 20:00,0.0
12/30/2023 20:30,0.0
12/30/2023 21:00,0.0
12/30/2023 21:30,0.0
12/30/2023 22:00,0.0
12/30/2023 22:30,0.0
12/30/2023 23:00,0.0
12/30/2023 23:30,0.0
12/31/2023 00:00,0.0
12/31/2023 00:30,0.0
12/31/2023 01:00,0.0
12/31/2023 01:30,0.0
12/31/2023 02:00,0.0
12/31/2023 02:30,0.0
12/31/2023 03:00,0.0
12/31/2023 03:30,0.0
12/31/2023 04:00,0.0
12/31/2023 04:30,0.0
12/31/2023 05:00,0.0
12/31/2023 05:30,0.0
12/31/2023 06:00,0.0
12/31/2023 06:30,0.0
12/31/2023 07:00,0.0
12/31/2023 07:30,0.0
12/31/2023 08:00,0.0
12/31/2023 08:30,0.0
12/31/2023 09:00,0.0
12/31/2023 09:30,0.0
12/31/2023 10:00,0.0
12/31/2023 10:30,0.0
12/31/2023 11:00,0.0
12/31/2023 11:30,0.0
12/31/2023 12:00,0.0
12/31/2023 12:30,0.0
12/31/2023 13:00,0.0
12/31/2023 13:30,0.0
12/31/2023 14:00,0.0
12/31/2023 14:30,0.0
12/31/2023 15:00,0.0
12/31/2023 15:30,0.0
12/31/2023 16:00,0.0
12/31/2023 16:30,0.0
12/31/2023 17:00,0.0
12/31/2023 17:30,0.0
12/31/2023 18:00,0.0
12/31/2023 18:30,0.0
12/31/2023 19:00,0.0
12/31/2023 19:30,0.0
12/31/2023 20:00,0.0
12/31/2023 20:30,0.0
12/31/2023 21:00,0.0
12/31/2023 21:30,0.0
12/31/2023 22:00,0.0
12/31/2023 22:30,0.0
12/31/2023 23:00,0.0
12/31/2023 23:30,0.0
