01/01/2023 00:00,0.0
01/01/2023 00:30,0.0
01/01/2023 01:00,0.0
01/01/2023 01:30,0.0
01/01/2023 02:00,0.0
01/01/2023 02:30,0.0
01/01/2023 03:00,0.0
01/01/2023 03:30,0.0
01/01/2023 04:00,0.0
01/01/2023 04:30,0.0
01/01/2023 05:00,0.0
01/01/2023 05:30,0.0
01/01/2023 06:00,0.0
01/01/2023 06:30,0.0
01/01/2023 07:00,0.0
01/01/2023 07:30,0.0
01/01/2023 08:00,0.0
01/01/2023 08:30,0.0
01/01/2023 09:00,0.0
01/01/2023 09:30,0.0
01/01/2023 10:00,0.0
01/01/2023 10:30,0.0
01/01/2023 11:00,0.0
01/01/2023 11:30,0.0
01/01/2023 12:00,0.0
01/01/2023 12:30,0.0
01/01/2023 13:00,0.0
01/01/2023 13:30,0.0
01/01/2023 14:00,0.0
01/01/2023 14:30,0.0
01/01/2023 15:00,0.0
01/01/2023 15:30,0.0
01/01/2023 16:00,0.0
01/01/2023 16:30,0.0
01/01/2023 17:00,0.0
01/01/2023 17:30,0.0
01/01/2023 18:00,0.0
01/01/2023 18:30,0.0
01/01/2023 19:00,0.0
01/01/2023 19:30,0.0
01/01/2023 20:00,0.0
01/01/2023 20:30,0.0
01/01/2023 21:00,0.0
01/01/2023 21:30,0.0
01/01/2023 22:00,0.0
01/01/2023 22:30,0.0
01/01/2023 23:00,0.0
01/01/2023 23:30,0.0
01/02/2023 00:00,0.0
01/02/2023 00:30,0.0
01/02/2023 01:00,0.0
01/02/2023 01:30,0.0
01/02/2023 02:00,0.0
01/02/2023 02:30,0.0
01/02/2023 03:00,0.0
01/02/2023 03:30,0.0
01/02/2023 04:00,0.0
01/02/2023 04:30,0.0
01/02/2023 05:00,0.0
01/02/2023 05:30,0.0
01/02/2023 06:00,0.0
01/02/2023 06:30,0.0
01/02/2023 07:00,0.0
01/02/2023 07:30,0.0
01/02/2023 08:00,0.0
01/02/2023 08:30,0.0
01/02/2023 09:00,0.0
01/02/2023 09:30,0.0
01/02/2023 10:00,0.0
01/02/2023 10:30,0.0
01/02/2023 11:00,0.0
01/02/2023 11:30,0.0
01/02/2023 12:00,0.0
01/02/2023 12:30,0.0
01/02/2023 13:00,0.0
01/02/2023 13:30,0.0
01/02/2023 14:00,0.0
01/02/2023 14:30,0.0
01/02/2023 15:00,0.0
01/02/2023 15:30,0.0
01/02/2023 16:00,0.0
01/02/2023 16:30,0.0
01/02/2023 17:00,0.0
01/02/2023 17:30,0.0
01/02/2023 18:00,0.0
01/02/2023 18:30,0.0
01/02/2023 19:00,0.0
01/02/2023 19:30,0.0
01/02/2023 20:00,0.0
01/02/2023 20:30,0.0
01/02/2023 21:00,0.0
01/02/2023 21:30,0.0
01/02/2023 22:00,0.0
01/02/2023 22:30,0.0
01/02/2023 23:00,0.0
01/02/2023 23:30,0.0
01/03/2023 00:00,0.0
01/03/2023 00:30,0.0
01/03/2023 01:00,0.0
01/03/2023 01:30,0.0
01/03/2023 02:00,0.0
01/03/2023 02:30,0.0
01/03/2023 03:00,0.0
01/03/2023 03:30,0.0
01/03/2023 04:00,0.0
01/03/2023 04:30,0.0
01/03/2023 05:00,0.0
01/03/2023 05:30,0.0
01/03/2023 06:00,0.0
01/03/2023 06:30,0.0
01/03/2023 07:00,0.0
01/03/2023 07:30,0.0
01/03/2023 08:00,0.0
01/03/2023 08:30,0.0
01/03/2023 09:00,0.0
01/03/2023 09:30,0.0
01/03/2023 10:00,0.0
01/03/2023 10:30,0.0
01/03/2023 11:00,0.0
01/03/2023 11:30,0.0
01/03/2023 12:00,0.0
01/03/2023 12:30,0.0
01/03/2023 13:00,0.0
01/03/2023 13:30,0.0
01/03/2023 14:00,0.0
01/03/2023 14:30,0.0
01/03/2023 15:00,0.0
01/03/2023 15:30,0.0
01/03/2023 16:00,0.0
01/03/2023 16:30,0.0
01/03/2023 17:00,0.0
01/03/2023 17:30,0.0
01/03/2023 18:00,0.0
01/03/2023 18:30,0.0
01/03/2023 19:00,0.0
01/03/2023 19:30,0.0
01/03/2023 20:00,0.0
01/03/2023 20:30,0.0
01/03/2023 21:00,0.0
01/03/2023 21:30,0.0
01/03/2023 22:00,0.0
01/03/2023 22:30,0.0
01/03/2023 23:00,0.0
01/03/2023 23:30,0.0
01/04/2023 00:00,0.0
01/04/2023 00:30,0.0
01/04/2023 01:00,0.0
01/04/2023 01:30,0.0
01/04/2023 02:00,0.0
01/04/2023 02:30,0.0
01/04/2023 03:00,0.0
01/04/2023 03:30,0.0
01/04/2023 04:00,0.0
01/04/2023 04:30,0.0
01/04/2023 05:00,0.0
01/04/2023 05:30,0.0
01/04/2023 06:00,0.0
01/04/2023 06:30,0.0
01/04/2023 07:00,0.0
01/04/2023 07:30,0.0
01/04/2023 08:00,0.0
01/04/2023 08:30,0.0
01/04/2023 09:00,0.0
01/04/2023 09:30,0.0
01/04/2023 10:00,0.0
01/04/2023 10:30,0.0
01/04/2023 11:00,0.0
01/04/2023 11:30,0.0
01/04/2023 12:00,0.0
01/04/2023 12:30,0.0
01/04/2023 13:00,0.0
01/04/2023 13:30,0.0
01/04/2023 14:00,0.0
01/04/2023 14:30,0.0
01/04/2023 15:00,0.0
01/04/2023 15:30,0.0
01/04/2023 16:00,0.0
01/04/2023 16:30,0.0
01/04/2023 17:00,0.0
01/04/2023 17:30,0.0
01/04/2023 18:00,0.0
01/04/2023 18:30,0.0
01/04/2023 19:00,0.0
01/04/2023 19:30,0.0
01/04/2023 20:00,0.0
01/04/2023 20:30,0.0
01/04/2023 21:00,0.0
01/04/2023 21:30,0.0
01/04/2023 22:00,0.0
01/04/2023 22:30,0.0
01/04/2023 23:00,0.0
01/04/2023 23:30,0.0
01/05/2023 00:00,0.0
01/05/2023 00:30,0.0
01/05/2023 01:00,0.0
01/05/2023 01:30,0.0
01/05/2023 02:00,0.0
01/05/2023 02:30,0.0
01/05/2023 03:00,0.0
01/05/2023 03:30,0.0
01/05/2023 04:00,0.0
01/05/2023 04:30,0.0
01/05/2023 05:00,0.0
01/05/2023 05:30,0.0
01/05/2023 06:00,0.0
01/05/2023 06:30,0.0
01/05/2023 07:00,0.0
01/05/2023 07:30,0.0
01/05/2023 08:00,0.0
01/05/2023 08:30,0.0
01/05/2023 09:00,0.0
01/05/2023 09:30,0.0
01/05/2023 10:00,0.0
01/05/2023 10:30,0.0
01/05/2023 11:00,0.0
01/05/2023 11:30,0.0
01/05/2023 12:00,0.0
01/05/2023 12:30,0.0
01/05/2023 13:00,0.0
01/05/2023 13:30,0.0
01/05/2023 14:00,0.0
01/05/2023 14:30,0.0
01/05/2023 15:00,0.0
01/05/2023 15:30,0.0
01/05/2023 16:00,0.0
01/05/2023 16:30,0.0
01/05/2023 17:00,0.0
01/05/2023 17:30,0.0
01/05/2023 18:00,0.0
01/05/2023 18:30,0.0
01/05/2023 19:00,0.0
01/05/2023 19:30,0.0
01/05/2023 20:00,0.0
01/05/2023 20:30,0.0
01/05/2023 21:00,0.0
01/05/2023 21:30,0.0
01/05/2023 22:00,0.0
01/05/2023 22:30,0.0
01/05/2023 23:00,0.0
01/05/2023 23:30,0.0
01/06/2023 00:00,0.0
01/06/2023 00:30,0.0
01/06/2023 01:00,0.0
01/06/2023 01:30,0.0
01/06/2023 02:00,0.0
01/06/2023 02:30,0.0
01/06/2023 03:00,0.0
01/06/2023 03:30,0.0
01/06/2023 04:00,0.0
01/06/2023 04:30,0.0
01/06/2023 05:00,0.0
01/06/2023 05:30,0.0
01/06/2023 06:00,0.0
01/06/2023 06:30,0.0
01/06/2023 07:00,0.0
01/06/2023 07:30,0.0
01/06/2023 08:00,0.0
01/06/2023 08:30,0.0
01/06/2023 09:00,0.0
01/06/2023 09:30,0.0
01/06/2023 10:00,0.0
01/06/2023 10:30,0.0
01/06/2023 11:00,0.0
01/06/2023 11:30,0.0
01/06/2023 12:00,0.0
01/06/2023 12:30,0.0
01/06/2023 13:00,0.0
01/06/2023 13:30,0.0
01/06/2023 14:00,0.0
01/06/2023 14:30,0.0
01/06/2023 15:00,0.0
01/06/2023 15:30,0.0
01/06/2023 16:00,0.0
01/06/2023 16:30,0.0
01/06/2023 17:00,0.0
01/06/2023 17:30,0.0
01/06/2023 18:00,0.0
01/06/2023 18:30,0.0
01/06/2023 19:00,0.0
01/06/2023 19:30,0.0
01/06/2023 20:00,0.0
01/06/2023 20:30,0.0
01/06/2023 21:00,0.0
01/06/2023 21:30,0.0
01/06/2023 22:00,0.0
01/06/2023 22:30,0.0
01/06/2023 23:00,0.0
01/06/2023 23:30,0.0
01/07/2023 00:00,0.0
01/07/2023 00:30,0.0
01/07/2023 01:00,0.0
01/07/2023 01:30,0.0
01/07/2023 02:00,0.0
01/07/2023 02:30,0.0
01/07/2023 03:00,0.0
01/07/2023 03:30,0.0
01/07/2023 04:00,0.0
01/07/2023 04:30,0.0
01/07/2023 05:00,0.0
01/07/2023 05:30,0.0
01/07/2023 06:00,0.0
01/07/2023 06:30,0.0
01/07/2023 07:00,0.0
01/07/2023 07:30,0.0
01/07/2023 08:00,0.0
01/07/2023 08:30,0.0
01/07/2023 09:00,0.0
01/07/2023 09:30,0.0
01/07/2023 10:00,0.0
01/07/2023 10:30,0.0
01/07/2023 11:00,0.0
01/07/2023 11:30,0.0
01/07/2023 12:00,0.0
01/07/2023 12:30,0.0
01/07/2023 13:00,0.0
01/07/2023 13:30,0.0
01/07/2023 14:00,0.0
01/07/2023 14:30,0.0
01/07/2023 15:00,0.0
01/07/2023 15:30,0.0
01/07/2023 16:00,0.0
01/07/2023 16:30,0.0
01/07/2023 17:00,0.0
01/07/2023 17:30,0.0
01/07/2023 18:00,0.0
01/07/2023 18:30,0.0
01/07/2023 19:00,0.0
01/07/2023 19:30,0.0
01/07/2023 20:00,0.0
01/07/2023 20:30,0.0
01/07/2023 21:00,0.0
01/07/2023 21:30,0.0
01/07/2023 22:00,0.0
01/07/2023 22:30,0.0
01/07/2023 23:00,0.0
01/07/2023 23:30,0.0
01/08/2023 00:00,0.0
01/08/2023 00:30,0.0
01/08/2023 01:00,0.0
01/08/2023 01:30,0.0
01/08/2023 02:00,0.0
01/08/2023 02:30,0.0
01/08/2023 03:00,0.0
01/08/2023 03:30,0.0
01/08/2023 04:00,0.0
01/08/2023 04:30,0.0
01/08/2023 05:00,0.0
01/08/2023 05:30,0.0
01/08/2023 06:00,0.0
01/08/2023 06:30,0.0
01/08/2023 07:00,0.0
01/08/2023 07:30,0.0
01/08/2023 08:00,0.0
01/08/2023 08:30,0.0
01/08/2023 09:00,0.0
01/08/2023 09:30,0.0
01/08/2023 10:00,0.0
01/08/2023 10:30,0.0
01/08/2023 11:00,0.0
01/08/2023 11:30,0.0
01/08/2023 12:00,0.0
01/08/2023 12:30,0.0
01/08/2023 13:00,0.0
01/08/2023 13:30,0.0
01/08/2023 14:00,0.0
01/08/2023 14:30,0.0
01/08/2023 15:00,0.0
01/08/2023 15:30,0.0
01/08/2023 16:00,0.0
01/08/2023 16:30,0.0
01/08/2023 17:00,0.0
01/08/2023 17:30,0.0
01/08/2023 18:00,0.0
01/08/2023 18:30,0.0
01/08/2023 19:00,0.0
01/08/2023 19:30,0.0
01/08/2023 20:00,0.0
01/08/2023 20:30,0.0
01/08/2023 21:00,0.0
01/08/2023 21:30,0.0
01/08/2023 22:00,0.0
01/08/2023 22:30,0.0
01/08/2023 23:00,0.0
01/08/2023 23:30,0.0
01/09/2023 00:00,0.0
01/09/2023 00:30,0.0
01/09/2023 01:00,0.0
01/09/2023 01:30,0.0
01/09/2023 02:00,0.0
01/09/2023 02:30,0.0
01/09/2023 03:00,0.0
01/09/2023 03:30,0.0
01/09/2023 04:00,0.0
01/09/2023 04:30,0.0
01/09/2023 05:00,0.0
01/09/2023 05:30,0.0
01/09/2023 06:00,0.0
01/09/2023 06:30,0.0
01/09/2023 07:00,0.0
01/09/2023 07:30,0.0
01/09/2023 08:00,0.0
01/09/2023 08:30,0.0
01/09/2023 09:00,0.0
01/09/2023 09:30,0.0
01/09/2023 10:00,0.0
01/09/2023 10:30,0.0
01/09/2023 11:00,0.0
01/09/2023 11:30,0.0
01/09/2023 12:00,0.0
01/09/2023 12:30,0.0
01/09/2023 13:00,0.0
01/09/2023 13:30,0.0
01/09/2023 14:00,0.0
01/09/2023 14:30,0.0
01/09/2023 15:00,0.0
01/09/2023 15:30,0.0
01/09/2023 16:00,0.0
01/09/2023 16:30,0.0
01/09/2023 17:00,0.0
01/09/2023 17:30,0.0
01/09/2023 18:00,0.0
01/09/2023 18:30,0.0
01/09/2023 19:00,0.0
01/09/2023 19:30,0.0
01/09/2023 20:00,0.0
01/09/2023 20:30,0.0
01/09/2023 21:00,0.0
01/09/2023 21:30,0.0
01/09/2023 22:00,0.0
01/09/2023 22:30,0.0
01/09/2023 23:00,0.0
01/09/2023 23:30,0.0
01/10/2023 00:00,0.0
01/10/2023 00:30,0.0
01/10/2023 01:00,0.0
01/10/2023 01:30,0.0
01/10/2023 02:00,0.0
01/10/2023 02:30,0.0
01/10/2023 03:00,0.0
01/10/2023 03:30,0.0
01/10/2023 04:00,0.0
01/10/2023 04:30,0.0
01/10/2023 05:00,0.0
01/10/2023 05:30,0.0
01/10/2023 06:00,0.0
01/10/2023 06:30,0.0
01/10/2023 07:00,0.0
01/10/2023 07:30,0.0
01/10/2023 08:00,0.0
01/10/2023 08:30,0.0
01/10/2023 09:00,0.0
01/10/2023 09:30,0.0
01/10/2023 10:00,0.0
01/10/2023 10:30,0.0
01/10/2023 11:00,0.0
01/10/2023 11:30,0.0
01/10/2023 12:00,0.0
01/10/2023 12:30,0.0
01/10/2023 13:00,0.0
01/10/2023 13:30,0.0
01/10/2023 14:00,0.0
01/10/2023 14:30,0.0
01/10/2023 15:00,0.0
01/10/2023 15:30,0.0
01/10/2023 16:00,0.0
01/10/2023 16:30,0.0
01/10/2023 17:00,0.0
01/10/2023 17:30,0.0
01/10/2023 18:00,0.0
01/10/2023 18:30,0.0
01/10/2023 19:00,0.0
01/10/2023 19:30,0.0
01/10/2023 20:00,0.0
01/10/2023 20:30,0.0
01/10/2023 21:00,0.0
01/10/2023 21:30,0.0
01/10/2023 22:00,0.0
01/10/2023 22:30,0.0
01/10/2023 23:00,0.0
01/10/2023 23:30,0.0
01/11/2023 00:00,0.0
01/11/2023 00:30,0.0
01/11/2023 01:00,0.0
01/11/2023 01:30,0.0
01/11/2023 02:00,0.0
01/11/2023 02:30,0.0
01/11/2023 03:00,0.0
01/11/2023 03:30,0.0
01/11/2023 04:00,0.0
01/11/2023 04:30,0.0
01/11/2023 05:00,0.0
01/11/2023 05:30,0.0
01/11/2023 06:00,0.0
01/11/2023 06:30,0.0
01/11/2023 07:00,0.0
01/11/2023 07:30,0.0
01/11/2023 08:00,0.0
01/11/2023 08:30,0.0
01/11/2023 09:00,0.0
01/11/2023 09:30,0.0
01/11/2023 10:00,0.0
01/11/2023 10:30,0.0
01/11/2023 11:00,0.0
01/11/2023 11:30,0.0
01/11/2023 12:00,0.0
01/11/2023 12:30,0.0
01/11/2023 13:00,0.0
01/11/2023 13:30,0.0
01/11/2023 14:00,0.0
01/11/2023 14:30,0.0
01/11/2023 15:00,0.0
01/11/2023 15:30,0.0
01/11/2023 16:00,0.0
01/11/2023 16:30,0.0
01/11/2023 17:00,0.0
01/11/2023 17:30,0.0
01/11/2023 18:00,0.0
01/11/2023 18:30,0.0
01/11/2023 19:00,0.0
01/11/2023 19:30,0.0
01/11/2023 20:00,0.0
01/11/2023 20:30,0.0
01/11/2023 21:00,0.0
01/11/2023 21:30,0.0
01/11/2023 22:00,0.0
01/11/2023 22:30,0.0
01/11/2023 23:00,0.0
01/11/2023 23:30,0.0
01/12/2023 00:00,0.0
01/12/2023 00:30,0.0
01/12/2023 01:00,0.0
01/12/2023 01:30,0.0
01/12/2023 02:00,0.0
01/12/2023 02:30,0.0
01/12/2023 03:00,0.0
01/12/2023 03:30,0.0
01/12/2023 04:00,0.0
01/12/2023 04:30,0.0
01/12/2023 05:00,0.0
01/12/2023 05:30,0.0
01/12/2023 06:00,0.0
01/12/2023 06:30,0.0
01/12/2023 07:00,0.0
01/12/2023 07:30,0.0
01/12/2023 08:00,0.0
01/12/2023 08:30,0.0
01/12/2023 09:00,0.0
01/12/2023 09:30,0.0
01/12/2023 10:00,0.0
01/12/2023 10:30,0.0
01/12/2023 11:00,0.0
01/12/2023 11:30,0.0
01/12/2023 12:00,0.0
01/12/2023 12:30,0.0
01/12/2023 13:00,0.0
01/12/2023 13:30,0.0
01/12/2023 14:00,0.0
01/12/2023 14:30,0.0
01/12/2023 15:00,0.0
01/12/2023 15:30,0.0
01/12/2023 16:00,0.0
01/12/2023 16:30,0.0
01/12/2023 17:00,0.0
01/12/2023 17:30,0.0
01/12/2023 18:00,0.0
01/12/2023 18:30,0.0
01/12/2023 19:00,0.0
01/12/2023 19:30,0.0
01/12/2023 20:00,0.0
01/12/2023 20:30,0.0
01/12/2023 21:00,0.0
01/12/2023 21:30,0.0
01/12/2023 22:00,0.0
01/12/2023 22:30,0.0
01/12/2023 23:00,0.0
01/12/2023 23:30,0.0
01/13/2023 00:00,0.0
01/13/2023 00:30,0.0
01/13/2023 01:00,0.0
01/13/2023 01:30,0.0
01/13/2023 02:00,0.0
01/13/2023 02:30,0.0
01/13/2023 03:00,0.0
01/13/2023 03:30,0.0
01/13/2023 04:00,0.0
01/13/2023 04:30,0.0
01/13/2023 05:00,0.0
01/13/2023 05:30,0.0
01/13/2023 06:00,0.0
01/13/2023 06:30,0.0
01/13/2023 07:00,0.0
01/13/2023 07:30,0.0
01/13/2023 08:00,0.0
01/13/2023 08:30,0.0
01/13/2023 09:00,0.0
01/13/2023 09:30,0.0
01/13/2023 10:00,0.0
01/13/2023 10:30,0.0
01/13/2023 11:00,0.0
01/13/2023 11:30,0.0
01/13/2023 12:00,0.0
01/13/2023 12:30,0.0
01/13/2023 13:00,0.0
01/13/2023 13:30,0.0
01/13/2023 14:00,0.0
01/13/2023 14:30,0.0
01/13/2023 15:00,0.0
01/13/2023 15:30,0.0
01/13/2023 16:00,0.0
01/13/2023 16:30,0.0
01/13/2023 17:00,0.0
01/13/2023 17:30,0.0
01/13/2023 18:00,0.0
01/13/2023 18:30,0.0
01/13/2023 19:00,0.0
01/13/2023 19:30,0.0
01/13/2023 20:00,0.0
01/13/2023 20:30,0.0
01/13/2023 21:00,0.0
01/13/2023 21:30,0.0
01/13/2023 22:00,0.0
01/13/2023 22:30,0.0
01/13/2023 23:00,0.0
01/13/2023 23:30,0.0
01/14/2023 00:00,0.0
01/14/2023 00:30,0.0
01/14/2023 01:00,0.0
01/14/2023 01:30,0.0
01/14/2023 02:00,0.0
01/14/2023 02:30,0.0
01/14/2023 03:00,0.0
01/14/2023 03:30,0.0
01/14/2023 04:00,0.0
01/14/2023 04:30,0.0
01/14/2023 05:00,0.0
01/14/2023 05:30,0.0
01/14/2023 06:00,0.0
01/14/2023 06:30,0.0
01/14/2023 07:00,0.0
01/14/2023 07:30,0.0
01/14/2023 08:00,0.0
01/14/2023 08:30,0.0
01/14/2023 09:00,0.0
01/14/2023 09:30,0.0
01/14/2023 10:00,0.0
01/14/2023 10:30,0.0
01/14/2023 11:00,0.0
01/14/2023 11:30,0.0
01/14/2023 12:00,0.0
01/14/2023 12:30,0.0
01/14/2023 13:00,0.0
01/14/2023 13:30,0.0
01/14/2023 14:00,0.0
01/14/2023 14:30,0.0
01/14/2023 15:00,0.0
01/14/2023 15:30,0.0
01/14/2023 16:00,0.0
01/14/2023 16:30,0.0
01/14/2023 17:00,0.0
01/14/2023 17:30,0.0
01/14/2023 18:00,0.0
01/14/2023 18:30,0.0
01/14/2023 19:00,0.0
01/14/2023 19:30,0.0
01/14/2023 20:00,0.0
01/14/2023 20:30,0.0
01/14/2023 21:00,0.0
01/14/2023 21:30,0.0
01/14/2023 22:00,0.0
01/14/2023 22:30,0.0
01/14/2023 23:00,0.0
01/14/2023 23:30,0.0
01/15/2023 00:00,0.0
01/15/2023 00:30,0.0
01/15/2023 01:00,0.0
01/15/2023 01:30,0.0
01/15/2023 02:00,0.0
01/15/2023 02:30,0.0
01/15/2023 03:00,0.0
01/15/2023 03:30,0.0
01/15/2023 04:00,0.0
01/15/2023 04:30,0.0
01/15/2023 05:00,0.0
01/15/2023 05:30,0.0
01/15/2023 06:00,0.0
01/15/2023 06:30,0.0
01/15/2023 07:00,0.0
01/15/2023 07:30,0.0
01/15/2023 08:00,0.0
01/15/2023 08:30,0.0
01/15/2023 09:00,0.0
01/15/2023 09:30,0.0
01/15/2023 10:00,0.0
01/15/2023 10:30,0.0
01/15/2023 11:00,0.0
01/15/2023 11:30,0.0
01/15/2023 12:00,0.0
01/15/2023 12:30,0.0
01/15/2023 13:00,0.0
01/15/2023 13:30,0.0
01/15/2023 14:00,0.0
01/15/2023 14:30,0.0
01/15/2023 15:00,0.0
01/15/2023 15:30,0.0
01/15/2023 16:00,0.0
01/15/2023 16:30,0.0
01/15/2023 17:00,0.0
01/15/2023 17:30,0.0
01/15/2023 18:00,0.0
01/15/2023 18:30,0.0
01/15/2023 19:00,0.0
01/15/2023 19:30,0.0
01/15/2023 20:00,0.0
01/15/2023 20:30,0.0
01/15/2023 21:00,0.0
01/15/2023 21:30,0.0
01/15/2023 22:00,0.0
01/15/2023 22:30,0.0
01/15/2023 23:00,0.0
01/15/2023 23:30,0.0
01/16/2023 00:00,0.0
01/16/2023 00:30,0.0
01/16/2023 01:00,0.0
01/16/2023 01:30,0.0
01/16/2023 02:00,0.0
01/16/2023 02:30,0.0
01/16/2023 03:00,0.0
01/16/2023 03:30,0.0
01/16/2023 04:00,0.0
01/16/2023 04:30,0.0
01/16/2023 05:00,0.0
01/16/2023 05:30,0.0
01/16/2023 06:00,0.0
01/16/2023 06:30,0.0
01/16/2023 07:00,0.0
01/16/2023 07:30,0.0
01/16/2023 08:00,0.0
01/16/2023 08:30,0.0
01/16/2023 09:00,0.0
01/16/2023 09:30,0.0
01/16/2023 10:00,0.0
01/16/2023 10:30,0.0
01/16/2023 11:00,0.0
01/16/2023 11:30,0.0
01/16/2023 12:00,0.0
01/16/2023 12:30,0.0
01/16/2023 13:00,0.0
01/16/2023 13:30,0.0
01/16/2023 14:00,0.0
01/16/2023 14:30,0.0
01/16/2023 15:00,0.0
01/16/2023 15:30,0.0
01/16/2023 16:00,0.0
01/16/2023 16:30,0.0
01/16/2023 17:00,0.0
01/16/2023 17:30,0.0
01/16/2023 18:00,0.0
01/16/2023 18:30,0.0
01/16/2023 19:00,0.0
01/16/2023 19:30,0.0
01/16/2023 20:00,0.0
01/16/2023 20:30,0.0
01/16/2023 21:00,0.0
01/16/2023 21:30,0.0
01/16/2023 22:00,0.0
01/16/2023 22:30,0.0
01/16/2023 23:00,0.0
01/16/2023 23:30,0.0
01/17/2023 00:00,0.0
01/17/2023 00:30,0.0
01/17/2023 01:00,0.0
01/17/2023 01:30,0.0
01/17/2023 02:00,0.0
01/17/2023 02:30,0.0
01/17/2023 03:00,0.0
01/17/2023 03:30,0.0
01/17/2023 04:00,0.0
01/17/2023 04:30,0.0
01/17/2023 05:00,0.0
01/17/2023 05:30,0.0
01/17/2023 06:00,0.0
01/17/2023 06:30,0.0
01/17/2023 07:00,0.0
01/17/2023 07:30,0.0
01/17/2023 08:00,0.0
01/17/2023 08:30,0.0
01/17/2023 09:00,0.0
01/17/2023 09:30,0.0
01/17/2023 10:00,0.0
01/17/2023 10:30,0.0
01/17/2023 11:00,0.0
01/17/2023 11:30,0.0
01/17/2023 12:00,0.0
01/17/2023 12:30,0.0
01/17/2023 13:00,0.0
01/17/2023 13:30,0.0
01/17/2023 14:00,0.0
01/17/2023 14:30,0.0
01/17/2023 15:00,0.0
01/17/2023 15:30,0.0
01/17/2023 16:00,0.0
01/17/2023 16:30,0.0
01/17/2023 17:00,0.0
01/17/2023 17:30,0.0
01/17/2023 18:00,0.0
01/17/2023 18:30,0.0
01/17/2023 19:00,0.0
01/17/2023 19:30,0.0
01/17/2023 20:00,0.0
01/17/2023 20:30,0.0
01/17/2023 21:00,0.0
01/17/2023 21:30,0.0
01/17/2023 22:00,0.0
01/17/2023 22:30,0.0
01/17/2023 23:00,0.0
01/17/2023 23:30,0.0
01/18/2023 00:00,0.0
01/18/2023 00:30,0.0
01/18/2023 01:00,0.0
01/18/2023 01:30,0.0
01/18/2023 02:00,0.0
01/18/2023 02:30,0.0
01/18/2023 03:00,0.0
01/18/2023 03:30,0.0
01/18/2023 04:00,0.0
01/18/2023 04:30,0.0
01/18/2023 05:00,0.0
01/18/2023 05:30,0.0
01/18/2023 06:00,0.0
01/18/2023 06:30,0.0
01/18/2023 07:00,0.0
01/18/2023 07:30,0.0
01/18/2023 08:00,0.0
01/18/2023 08:30,0.0
01/18/2023 09:00,0.0
01/18/2023 09:30,0.0
01/18/2023 10:00,0.0
01/18/2023 10:30,0.0
01/18/2023 11:00,0.0
01/18/2023 11:30,0.0
01/18/2023 12:00,0.0
01/18/2023 12:30,0.0
01/18/2023 13:00,0.0
01/18/2023 13:30,0.0
01/18/2023 14:00,0.0
01/18/2023 14:30,0.0
01/18/2023 15:00,0.0
01/18/2023 15:30,0.0
01/18/2023 16:00,0.0
01/18/2023 16:30,0.0
01/18/2023 17:00,0.0
01/18/2023 17:30,0.0
01/18/2023 18:00,0.0
01/18/2023 18:30,0.0
01/18/2023 19:00,0.0
01/18/2023 19:30,0.0
01/18/2023 20:00,0.0
01/18/2023 20:30,0.0
01/18/2023 21:00,0.0
01/18/2023 21:30,0.0
01/18/2023 22:00,0.0
01/18/2023 22:30,0.0
01/18/2023 23:00,0.0
01/18/2023 23:30,0.0
01/19/2023 00:00,0.0
01/19/2023 00:30,0.0
01/19/2023 01:00,0.0
01/19/2023 01:30,0.0
01/19/2023 02:00,0.0
01/19/2023 02:30,0.0
01/19/2023 03:00,0.0
01/19/2023 03:30,0.0
01/19/2023 04:00,0.0
01/19/2023 04:30,0.0
01/19/2023 05:00,0.0
01/19/2023 05:30,0.0
01/19/2023 06:00,0.0
01/19/2023 06:30,0.0
01/19/2023 07:00,0.0
01/19/2023 07:30,0.0
01/19/2023 08:00,0.0
01/19/2023 08:30,0.0
01/19/2023 09:00,0.0
01/19/2023 09:30,0.0
01/19/2023 10:00,0.0
01/19/2023 10:30,0.0
01/19/2023 11:00,0.0
01/19/2023 11:30,0.0
01/19/2023 12:00,0.0
01/19/2023 12:30,0.0
01/19/2023 13:00,0.0
01/19/2023 13:30,0.0
01/19/2023 14:00,0.0
01/19/2023 14:30,0.0
01/19/2023 15:00,0.0
01/19/2023 15:30,0.0
01/19/2023 16:00,0.0
01/19/2023 16:30,0.0
01/19/2023 17:00,0.0
01/19/2023 17:30,0.0
01/19/2023 18:00,0.0
01/19/2023 18:30,0.0
01/19/2023 19:00,0.0
01/19/2023 19:30,0.0
01/19/2023 20:00,0.0
01/19/2023 20:30,0.0
01/19/2023 21:00,0.0
01/19/2023 21:30,0.0
01/19/2023 22:00,0.0
01/19/2023 22:30,0.0
01/19/2023 23:00,0.0
01/19/2023 23:30,0.0
01/20/2023 00:00,0.0
01/20/2023 00:30,0.0
01/20/2023 01:00,0.0
01/20/2023 01:30,0.0
01/20/2023 02:00,0.0
01/20/2023 02:30,0.0
01/20/2023 03:00,0.0
01/20/2023 03:30,0.0
01/20/2023 04:00,0.0
01/20/2023 04:30,0.0
01/20/2023 05:00,0.0
01/20/2023 05:30,0.0
01/20/2023 06:00,0.0
01/20/2023 06:30,0.0
01/20/2023 07:00,0.0
01/20/2023 07:30,0.0
01/20/2023 08:00,0.0
01/20/2023 08:30,0.0
01/20/2023 09:00,0.0
01/20/2023 09:30,0.0
01/20/2023 10:00,0.0
01/20/2023 10:30,0.0
01/20/2023 11:00,0.0
01/20/2023 11:30,0.0
01/20/2023 12:00,0.0
01/20/2023 12:30,0.0
01/20/2023 13:00,0.0
01/20/2023 13:30,0.0
01/20/2023 14:00,0.0
01/20/2023 14:30,0.0
01/20/2023 15:00,0.0
01/20/2023 15:30,0.0
01/20/2023 16:00,0.0
01/20/2023 16:30,0.0
01/20/2023 17:00,0.0
01/20/2023 17:30,0.0
01/20/2023 18:00,0.0
01/20/2023 18:30,0.0
01/20/2023 19:00,0.0
01/20/2023 19:30,0.0
01/20/2023 20:00,0.0
01/20/2023 20:30,0.0
01/20/2023 21:00,0.0
01/20/2023 21:30,0.0
01/20/2023 22:00,0.0
01/20/2023 22:30,0.0
01/20/2023 23:00,0.0
01/20/2023 23:30,0.0
01/21/2023 00:00,0.0
01/21/2023 00:30,0.0
01/21/2023 01:00,0.0
01/21/2023 01:30,0.0
01/21/2023 02:00,0.0
01/21/2023 02:30,0.0
01/21/2023 03:00,0.0
01/21/2023 03:30,0.0
01/21/2023 04:00,0.0
01/21/2023 04:30,0.0
01/21/2023 05:00,0.0
01/21/2023 05:30,0.0
01/21/2023 06:00,0.0
01/21/2023 06:30,0.0
01/21/2023 07:00,0.0
01/21/2023 07:30,0.0
01/21/2023 08:00,0.0
01/21/2023 08:30,0.0
01/21/2023 09:00,0.0
01/21/2023 09:30,0.0
01/21/2023 10:00,0.0
01/21/2023 10:30,0.0
01/21/2023 11:00,0.0
01/21/2023 11:30,0.0
01/21/2023 12:00,0.0
01/21/2023 12:30,0.0
01/21/2023 13:00,0.0
01/21/2023 13:30,0.0
01/21/2023 14:00,0.0
01/21/2023 14:30,0.0
01/21/2023 15:00,0.0
01/21/2023 15:30,0.0
01/21/2023 16:00,0.0
01/21/2023 16:30,0.0
01/21/2023 17:00,0.0
01/21/2023 17:30,0.0
01/21/2023 18:00,0.0
01/21/2023 18:30,0.0
01/21/2023 19:00,0.0
01/21/2023 19:30,0.0
01/21/2023 20:00,0.0
01/21/2023 20:30,0.0
01/21/2023 21:00,0.0
01/21/2023 21:30,0.0
01/21/2023 22:00,0.0
01/21/2023 22:30,0.0
01/21/2023 23:00,0.0
01/21/2023 23:30,0.0
01/22/2023 00:00,0.0
01/22/2023 00:30,0.0
01/22/2023 01:00,0.0
01/22/2023 01:30,0.0
01/22/2023 02:00,0.0
01/22/2023 02:30,0.0
01/22/2023 03:00,0.0
01/22/2023 03:30,0.0
01/22/2023 04:00,0.0
01/22/2023 04:30,0.0
01/22/2023 05:00,0.0
01/22/2023 05:30,0.0
01/22/2023 06:00,0.0
01/22/2023 06:30,0.0
01/22/2023 07:00,0.0
01/22/2023 07:30,0.0
01/22/2023 08:00,0.0
01/22/2023 08:30,0.0
01/22/2023 09:00,0.0
01/22/2023 09:30,0.0
01/22/2023 10:00,0.0
01/22/2023 10:30,0.0
01/22/2023 11:00,0.0
01/22/2023 11:30,0.0
01/22/2023 12:00,0.0
01/22/2023 12:30,0.0
01/22/2023 13:00,0.0
01/22/2023 13:30,0.0
01/22/2023 14:00,0.0
01/22/2023 14:30,0.0
01/22/2023 15:00,0.0
01/22/2023 15:30,0.0
01/22/2023 16:00,0.0
01/22/2023 16:30,0.0
01/22/2023 17:00,0.0
01/22/2023 17:30,0.0
01/22/2023 18:00,0.0
01/22/2023 18:30,0.0
01/22/2023 19:00,0.0
01/22/2023 19:30,0.0
01/22/2023 20:00,0.0
01/22/2023 20:30,0.0
01/22/2023 21:00,0.0
01/22/2023 21:30,0.0
01/22/2023 22:00,0.0
01/22/2023 22:30,0.0
01/22/2023 23:00,0.0
01/22/2023 23:30,0.0
01/23/2023 00:00,0.0
01/23/2023 00:30,0.0
01/23/2023 01:00,0.0
01/23/2023 01:30,0.0
01/23/2023 02:00,0.0
01/23/2023 02:30,0.0
01/23/2023 03:00,0.0
01/23/2023 03:30,0.0
01/23/2023 04:00,0.0
01/23/2023 04:30,0.0
01/23/2023 05:00,0.0
01/23/2023 05:30,0.0
01/23/2023 06:00,0.0
01/23/2023 06:30,0.0
01/23/2023 07:00,0.0
01/23/2023 07:30,0.0
01/23/2023 08:00,0.0
01/23/2023 08:30,0.0
01/23/2023 09:00,0.0
01/23/2023 09:30,0.0
01/23/2023 10:00,0.0
01/23/2023 10:30,0.0
01/23/2023 11:00,0.0
01/23/2023 11:30,0.0
01/23/2023 12:00,0.0
01/23/2023 12:30,0.0
01/23/2023 13:00,0.0
01/23/2023 13:30,0.0
01/23/2023 14:00,0.0
01/23/2023 14:30,0.0
01/23/2023 15:00,0.0
01/23/2023 15:30,0.0
01/23/2023 16:00,0.0
01/23/2023 16:30,0.0
01/23/2023 17:00,0.0
01/23/2023 17:30,0.0
01/23/2023 18:00,0.0
01/23/2023 18:30,0.0
01/23/2023 19:00,0.0
01/23/2023 19:30,0.0
01/23/2023 20:00,0.0
01/23/2023 20:30,0.0
01/23/2023 21:00,0.0
01/23/2023 21:30,0.0
01/23/2023 22:00,0.0
01/23/2023 22:30,0.0
01/23/2023 23:00,0.0
01/23/2023 23:30,0.0
01/24/2023 00:00,0.0
01/24/2023 00:30,0.0
01/24/2023 01:00,0.0
01/24/2023 01:30,0.0
01/24/2023 02:00,0.0
01/24/2023 02:30,0.0
01/24/2023 03:00,0.0
01/24/2023 03:30,0.0
01/24/2023 04:00,0.0
01/24/2023 04:30,0.0
01/24/2023 05:00,0.0
01/24/2023 05:30,0.0
01/24/2023 06:00,0.0
01/24/2023 06:30,0.0
01/24/2023 07:00,0.0
01/24/2023 07:30,0.0
01/24/2023 08:00,0.0
01/24/2023 08:30,0.0
01/24/2023 09:00,0.0
01/24/2023 09:30,0.0
01/24/2023 10:00,0.0
01/24/2023 10:30,0.0
01/24/2023 11:00,0.0
01/24/2023 11:30,0.0
01/24/2023 12:00,0.0
01/24/2023 12:30,0.0
01/24/2023 13:00,0.0
01/24/2023 13:30,0.0
01/24/2023 14:00,0.0
01/24/2023 14:30,0.0
01/24/2023 15:00,0.0
01/24/2023 15:30,0.0
01/24/2023 16:00,0.0
01/24/2023 16:30,0.0
01/24/2023 17:00,0.0
01/24/2023 17:30,0.0
01/24/2023 18:00,0.0
01/24/2023 18:30,0.0
01/24/2023 19:00,0.0
01/24/2023 19:30,0.0
01/24/2023 20:00,0.0
01/24/2023 20:30,0.0
01/24/2023 21:00,0.0
01/24/2023 21:30,0.0
01/24/2023 22:00,0.0
01/24/2023 22:30,0.0
01/24/2023 23:00,0.0
01/24/2023 23:30,0.0
01/25/2023 00:00,0.0
01/25/2023 00:30,0.0
01/25/2023 01:00,0.0
01/25/2023 01:30,0.0
01/25/2023 02:00,0.0
01/25/2023 02:30,0.0
01/25/2023 03:00,0.0
01/25/2023 03:30,0.0
01/25/2023 04:00,0.0
01/25/2023 04:30,0.0
01/25/2023 05:00,0.0
01/25/2023 05:30,0.0
01/25/2023 06:00,0.0
01/25/2023 06:30,0.0
01/25/2023 07:00,0.0
01/25/2023 07:30,0.0
01/25/2023 08:00,0.0
01/25/2023 08:30,0.0
01/25/2023 09:00,0.0
01/25/2023 09:30,0.0
01/25/2023 10:00,0.0
01/25/2023 10:30,0.0
01/25/2023 11:00,0.0
01/25/2023 11:30,0.0
01/25/2023 12:00,0.0
01/25/2023 12:30,0.0
01/25/2023 13:00,0.0
01/25/2023 13:30,0.0
01/25/2023 14:00,0.0
01/25/2023 14:30,0.0
01/25/2023 15:00,0.0
01/25/2023 15:30,0.0
01/25/2023 16:00,0.0
01/25/2023 16:30,0.0
01/25/2023 17:00,0.0
01/25/2023 17:30,0.0
01/25/2023 18:00,0.0
01/25/2023 18:30,0.0
01/25/2023 19:00,0.0
01/25/2023 19:30,0.0
01/25/2023 20:00,0.0
01/25/2023 20:30,0.0
01/25/2023 21:00,0.0
01/25/2023 21:30,0.0
01/25/2023 22:00,0.0
01/25/2023 22:30,0.0
01/25/2023 23:00,0.0
01/25/2023 23:30,0.0
01/26/2023 00:00,0.0
01/26/2023 00:30,0.0
01/26/2023 01:00,0.0
01/26/2023 01:30,0.0
01/26/2023 02:00,0.0
01/26/2023 02:30,0.0
01/26/2023 03:00,0.0
01/26/2023 03:30,0.0
01/26/2023 04:00,0.0
01/26/2023 04:30,0.0
01/26/2023 05:00,0.0
01/26/2023 05:30,0.0
01/26/2023 06:00,0.0
01/26/2023 06:30,0.0
01/26/2023 07:00,0.0
01/26/2023 07:30,0.0
01/26/2023 08:00,0.0
01/26/2023 08:30,0.0
01/26/2023 09:00,0.0
01/26/2023 09:30,0.0
01/26/2023 10:00,0.0
01/26/2023 10:30,0.0
01/26/2023 11:00,0.0
01/26/2023 11:30,0.0
01/26/2023 12:00,0.0
01/26/2023 12:30,0.0
01/26/2023 13:00,0.0
01/26/2023 13:30,0.0
01/26/2023 14:00,0.0
01/26/2023 14:30,0.0
01/26/2023 15:00,0.0
01/26/2023 15:30,0.0
01/26/2023 16:00,0.0
01/26/2023 16:30,0.0
01/26/2023 17:00,0.0
01/26/2023 17:30,0.0
01/26/2023 18:00,0.0
01/26/2023 18:30,0.0
01/26/2023 19:00,0.0
01/26/2023 19:30,0.0
01/26/2023 20:00,0.0
01/26/2023 20:30,0.0
01/26/2023 21:00,0.0
01/26/2023 21:30,0.0
01/26/2023 22:00,0.0
01/26/2023 22:30,0.0
01/26/2023 23:00,0.0
01/26/2023 23:30,0.0
01/27/2023 00:00,0.0
01/27/2023 00:30,0.0
01/27/2023 01:00,0.0
01/27/2023 01:30,0.0
01/27/2023 02:00,0.0
01/27/2023 02:30,0.0
01/27/2023 03:00,0.0
01/27/2023 03:30,0.0
01/27/2023 04:00,0.0
01/27/2023 04:30,0.0
01/27/2023 05:00,0.0
01/27/2023 05:30,0.0
01/27/2023 06:00,0.0
01/27/2023 06:30,0.0
01/27/2023 07:00,0.0
01/27/2023 07:30,0.0
01/27/2023 08:00,0.0
01/27/2023 08:30,0.0
01/27/2023 09:00,0.0
01/27/2023 09:30,0.0
01/27/2023 10:00,0.0
01/27/2023 10:30,0.0
01/27/2023 11:00,0.0
01/27/2023 11:30,0.0
01/27/2023 12:00,0.0
01/27/2023 12:30,0.0
01/27/2023 13:00,0.0
01/27/2023 13:30,0.0
01/27/2023 14:00,0.0
01/27/2023 14:30,0.0
01/27/2023 15:00,0.0
01/27/2023 15:30,0.0
01/27/2023 16:00,0.0
01/27/2023 16:30,0.0
01/27/2023 17:00,0.0
01/27/2023 17:30,0.0
01/27/2023 18:00,0.0
01/27/2023 18:30,0.0
01/27/2023 19:00,0.0
01/27/2023 19:30,0.0
01/27/2023 20:00,0.0
01/27/2023 20:30,0.0
01/27/2023 21:00,0.0
01/27/2023 21:30,0.0
01/27/2023 22:00,0.0
01/27/2023 22:30,0.0
01/27/2023 23:00,0.0
01/27/2023 23:30,0.0
01/28/2023 00:00,0.0
01/28/2023 00:30,0.0
01/28/2023 01:00,0.0
01/28/2023 01:30,0.0
01/28/2023 02:00,0.0
01/28/2023 02:30,0.0
01/28/2023 03:00,0.0
01/28/2023 03:30,0.0
01/28/2023 04:00,0.0
01/28/2023 04:30,0.0
01/28/2023 05:00,0.0
01/28/2023 05:30,0.0
01/28/2023 06:00,0.0
01/28/2023 06:30,0.0
01/28/2023 07:00,0.0
01/28/2023 07:30,0.0
01/28/2023 08:00,0.0
01/28/2023 08:30,0.0
01/28/2023 09:00,0.0
01/28/2023 09:30,0.0
01/28/2023 10:00,0.0
01/28/2023 10:30,0.0
01/28/2023 11:00,0.0
01/28/2023 11:30,0.0
01/28/2023 12:00,0.0
01/28/2023 12:30,0.0
01/28/2023 13:00,0.0
01/28/2023 13:30,0.0
01/28/2023 14:00,0.0
01/28/2023 14:30,0.0
01/28/2023 15:00,0.0
01/28/2023 15:30,0.0
01/28/2023 16:00,0.0
01/28/2023 16:30,0.0
01/28/2023 17:00,0.0
01/28/2023 17:30,0.0
01/28/2023 18:00,0.0
01/28/2023 18:30,0.0
01/28/2023 19:00,0.0
01/28/2023 19:30,0.0
01/28/2023 20:00,0.0
01/28/2023 20:30,0.0
01/28/2023 21:00,0.0
01/28/2023 21:30,0.0
01/28/2023 22:00,0.0
01/28/2023 22:30,0.0
01/28/2023 23:00,0.0
01/28/2023 23:30,0.0
01/29/2023 00:00,0.0
01/29/2023 00:30,0.0
01/29/2023 01:00,0.0
01/29/2023 01:30,0.0
01/29/2023 02:00,0.0
01/29/2023 02:30,0.0
01/29/2023 03:00,0.0
01/29/2023 03:30,0.0
01/29/2023 04:00,0.0
01/29/2023 04:30,0.0
01/29/2023 05:00,0.0
01/29/2023 05:30,0.0
01/29/2023 06:00,0.0
01/29/2023 06:30,0.0
01/29/2023 07:00,0.0
01/29/2023 07:30,0.0
01/29/2023 08:00,0.0
01/29/2023 08:30,0.0
01/29/2023 09:00,0.0
01/29/2023 09:30,0.0
01/29/2023 10:00,0.0
01/29/2023 10:30,0.0
01/29/2023 11:00,0.0
01/29/2023 11:30,0.0
01/29/2023 12:00,0.0
01/29/2023 12:30,0.0
01/29/2023 13:00,0.0
01/29/2023 13:30,0.0
01/29/2023 14:00,0.0
01/29/2023 14:30,0.0
01/29/2023 15:00,0.0
01/29/2023 15:30,0.0
01/29/2023 16:00,0.0
01/29/2023 16:30,0.0
01/29/2023 17:00,0.0
01/29/2023 17:30,0.0
01/29/2023 18:00,0.0
01/29/2023 18:30,0.0
01/29/2023 19:00,0.0
01/29/2023 19:30,0.0
01/29/2023 20:00,0.0
01/29/2023 20:30,0.0
01/29/2023 21:00,0.0
01/29/2023 21:30,0.0
01/29/2023 22:00,0.0
01/29/2023 22:30,0.0
01/29/2023 23:00,0.0
01/29/2023 23:30,0.0
01/30/2023 00:00,0.0
01/30/2023 00:30,0.0
01/30/2023 01:00,0.0
01/30/2023 01:30,0.0
01/30/2023 02:00,0.0
01/30/2023 02:30,0.0
01/30/2023 03:00,0.0
01/30/2023 03:30,0.0
01/30/2023 04:00,0.0
01/30/2023 04:30,0.0
01/30/2023 05:00,0.0
01/30/2023 05:30,0.0
01/30/2023 06:00,0.0
01/30/2023 06:30,0.0
01/30/2023 07:00,0.0
01/30/2023 07:30,0.0
01/30/2023 08:00,0.0
01/30/2023 08:30,0.0
01/30/2023 09:00,0.0
01/30/2023 09:30,0.0
01/30/2023 10:00,0.0
01/30/2023 10:30,0.0
01/30/2023 11:00,0.0
01/30/2023 11:30,0.0
01/30/2023 12:00,0.0
01/30/2023 12:30,0.0
01/30/2023 13:00,0.0
01/30/2023 13:30,0.0
01/30/2023 14:00,0.0
01/30/2023 14:30,0.0
01/30/2023 15:00,0.0
01/30/2023 15:30,0.0
01/30/2023 16:00,0.0
01/30/2023 16:30,0.0
01/30/2023 17:00,0.0
01/30/2023 17:30,0.0
01/30/2023 18:00,0.0
01/30/2023 18:30,0.0
01/30/2023 19:00,0.0
01/30/2023 19:30,0.0
01/30/2023 20:00,0.0
01/30/2023 20:30,0.0
01/30/2023 21:00,0.0
01/30/2023 21:30,0.0
01/30/2023 22:00,0.0
01/30/2023 22:30,0.0
01/30/2023 23:00,0.0
01/30/2023 23:30,0.0
01/31/2023 00:00,0.0
01/31/2023 00:30,0.0
01/31/2023 01:00,0.0
01/31/2023 01:30,0.0
01/31/2023 02:00,0.0
01/31/2023 02:30,0.0
01/31/2023 03:00,0.0
01/31/2023 03:30,0.0
01/31/2023 04:00,0.0
01/31/2023 04:30,0.0
01/31/2023 05:00,0.0
01/31/2023 05:30,0.0
01/31/2023 06:00,0.0
01/31/2023 06:30,0.0
01/31/2023 07:00,0.0
01/31/2023 07:30,0.0
01/31/2023 08:00,0.0
01/31/2023 08:30,0.0
01/31/2023 09:00,0.0
01/31/2023 09:30,0.0
01/31/2023 10:00,0.0
01/31/2023 10:30,0.0
01/31/2023 11:00,0.0
01/31/2023 11:30,0.0
01/31/2023 12:00,0.0
01/31/2023 12:30,0.0
01/31/2023 13:00,0.0
01/31/2023 13:30,0.0
01/31/2023 14:00,0.0
01/31/2023 14:30,0.0
01/31/2023 15:00,0.0
01/31/2023 15:30,0.0
01/31/2023 16:00,0.0
01/31/2023 16:30,0.0
01/31/2023 17:00,0.0
01/31/2023 17:30,0.0
01/31/2023 18:00,0.0
01/31/2023 18:30,0.0
01/31/2023 19:00,0.0
01/31/2023 19:30,0.0
01/31/2023 20:00,0.0
01/31/2023 20:30,0.0
01/31/2023 21:00,0.0
01/31/2023 21:30,0.0
01/31/2023 22:00,0.0
01/31/2023 22:30,0.0
01/31/2023 23:00,0.0
01/31/2023 23:30,0.0
02/01/2023 00:00,0.0
02/01/2023 00:30,0.0
02/01/2023 01:00,0.0
02/01/2023 01:30,0.0
02/01/2023 02:00,0.0
02/01/2023 02:30,0.0
02/01/2023 03:00,0.0
02/01/2023 03:30,0.0
02/01/2023 04:00,0.0
02/01/2023 04:30,0.0
02/01/2023 05:00,0.0
02/01/2023 05:30,0.0
02/01/2023 06:00,0.0
02/01/2023 06:30,0.0
02/01/2023 07:00,0.0
02/01/2023 07:30,0.0
02/01/2023 08:00,0.0
02/01/2023 08:30,0.0
02/01/2023 09:00,0.0
02/01/2023 09:30,0.0
02/01/2023 10:00,0.0
02/01/2023 10:30,0.0
02/01/2023 11:00,0.0
02/01/2023 11:30,0.0
02/01/2023 12:00,0.0
02/01/2023 12:30,0.0
02/01/2023 13:00,0.0
02/01/2023 13:30,0.0
02/01/2023 14:00,0.0
02/01/2023 14:30,0.0
02/01/2023 15:00,0.0
02/01/2023 15:30,0.0
02/01/2023 16:00,0.0
02/01/2023 16:30,0.0
02/01/2023 17:00,0.0
02/01/2023 17:30,0.0
02/01/2023 18:00,0.0
02/01/2023 18:30,0.0
02/01/2023 19:00,0.0
02/01/2023 19:30,0.0
02/01/2023 20:00,0.0
02/01/2023 20:30,0.0
02/01/2023 21:00,0.0
02/01/2023 21:30,0.0
02/01/2023 22:00,0.0
02/01/2023 22:30,0.0
02/01/2023 23:00,0.0
02/01/2023 23:30,0.0
02/02/2023 00:00,0.0
02/02/2023 00:30,0.0
02/02/2023 01:00,0.0
02/02/2023 01:30,0.0
02/02/2023 02:00,0.0
02/02/2023 02:30,0.0
02/02/2023 03:00,0.0
02/02/2023 03:30,0.0
02/02/2023 04:00,0.0
02/02/2023 04:30,0.0
02/02/2023 05:00,0.0
02/02/2023 05:30,0.0
02/02/2023 06:00,0.0
02/02/2023 06:30,0.0
02/02/2023 07:00,0.0
02/02/2023 07:30,0.0
02/02/2023 08:00,0.0
02/02/2023 08:30,0.0
02/02/2023 09:00,0.0
02/02/2023 09:30,0.0
02/02/2023 10:00,0.0
02/02/2023 10:30,0.0
02/02/2023 11:00,0.0
02/02/2023 11:30,0.0
02/02/2023 12:00,0.0
02/02/2023 12:30,0.0
02/02/2023 13:00,0.0
02/02/2023 13:30,0.0
02/02/2023 14:00,0.0
02/02/2023 14:30,0.0
02/02/2023 15:00,0.0
02/02/2023 15:30,0.0
02/02/2023 16:00,0.0
02/02/2023 16:30,0.0
02/02/2023 17:00,0.0
02/02/2023 17:30,0.0
02/02/2023 18:00,0.0
02/02/2023 18:30,0.0
02/02/2023 19:00,0.0
02/02/2023 19:30,0.0
02/02/2023 20:00,0.0
02/02/2023 20:30,0.0
02/02/2023 21:00,0.0
02/02/2023 21:30,0.0
02/02/2023 22:00,0.0
02/02/2023 22:30,0.0
02/02/2023 23:00,0.0
02/02/2023 23:30,0.0
02/03/2023 00:00,0.0
02/03/2023 00:30,0.0
02/03/2023 01:00,0.0
02/03/2023 01:30,0.0
02/03/2023 02:00,0.0
02/03/2023 02:30,0.0
02/03/2023 03:00,0.0
02/03/2023 03:30,0.0
02/03/2023 04:00,0.0
02/03/2023 04:30,0.0
02/03/2023 05:00,0.0
02/03/2023 05:30,0.0
02/03/2023 06:00,0.0
02/03/2023 06:30,0.0
02/03/2023 07:00,0.0
02/03/2023 07:30,0.0
02/03/2023 08:00,0.0
02/03/2023 08:30,0.0
02/03/2023 09:00,0.0
02/03/2023 09:30,0.0
02/03/2023 10:00,0.0
02/03/2023 10:30,0.0
02/03/2023 11:00,0.0
02/03/2023 11:30,0.0
02/03/2023 12:00,0.0
02/03/2023 12:30,0.0
02/03/2023 13:00,0.0
02/03/2023 13:30,0.0
02/03/2023 14:00,0.0
02/03/2023 14:30,0.0
02/03/2023 15:00,0.0
02/03/2023 15:30,0.0
02/03/2023 16:00,0.0
02/03/2023 16:30,0.0
02/03/2023 17:00,0.0
02/03/2023 17:30,0.0
02/03/2023 18:00,0.0
02/03/2023 18:30,0.0
02/03/2023 19:00,0.0
02/03/2023 19:30,0.0
02/03/2023 20:00,0.0
02/03/2023 20:30,0.0
02/03/2023 21:00,0.0
02/03/2023 21:30,0.0
02/03/2023 22:00,0.0
02/03/2023 22:30,0.0
02/03/2023 23:00,0.0
02/03/2023 23:30,0.0
02/04/2023 00:00,0.0
02/04/2023 00:30,0.0
02/04/2023 01:00,0.0
02/04/2023 01:30,0.0
02/04/2023 02:00,0.0
02/04/2023 02:30,0.0
02/04/2023 03:00,0.0
02/04/2023 03:30,0.0
02/04/2023 04:00,0.0
02/04/2023 04:30,0.0
02/04/2023 05:00,0.0
02/04/2023 05:30,0.0
02/04/2023 06:00,0.0
02/04/2023 06:30,0.0
02/04/2023 07:00,0.0
02/04/2023 07:30,0.0
02/04/2023 08:00,0.0
02/04/2023 08:30,0.0
02/04/2023 09:00,0.0
02/04/2023 09:30,0.0
02/04/2023 10:00,0.0
02/04/2023 10:30,0.0
02/04/2023 11:00,0.0
02/04/2023 11:30,0.0
02/04/2023 12:00,0.0
02/04/2023 12:30,0.0
02/04/2023 13:00,0.0
02/04/2023 13:30,0.0
02/04/2023 14:00,0.0
02/04/2023 14:30,0.0
02/04/2023 15:00,0.0
02/04/2023 15:30,0.0
02/04/2023 16:00,0.0
02/04/2023 16:30,0.0
02/04/2023 17:00,0.0
02/04/2023 17:30,0.0
02/04/2023 18:00,0.0
02/04/2023 18:30,0.0
02/04/2023 19:00,0.0
02/04/2023 19:30,0.0
02/04/2023 20:00,0.0
02/04/2023 20:30,0.0
02/04/2023 21:00,0.0
02/04/2023 21:30,0.0
02/04/2023 22:00,0.0
02/04/2023 22:30,0.0
02/04/2023 23:00,0.0
02/04/2023 23:30,0.0
02/05/2023 00:00,0.0
02/05/2023 00:30,0.0
02/05/2023 01:00,0.0
02/05/2023 01:30,0.0
02/05/2023 02:00,0.0
02/05/2023 02:30,0.0
02/05/2023 03:00,0.0
02/05/2023 03:30,0.0
02/05/2023 04:00,0.0
02/05/2023 04:30,0.0
02/05/2023 05:00,0.0
02/05/2023 05:30,0.0
02/05/2023 06:00,0.0
02/05/2023 06:30,0.0
02/05/2023 07:00,0.0
02/05/2023 07:30,0.0
02/05/2023 08:00,0.0
02/05/2023 08:30,0.0
02/05/2023 09:00,0.0
02/05/2023 09:30,0.0
02/05/2023 10:00,0.0
02/05/2023 10:30,0.0
02/05/2023 11:00,0.0
02/05/2023 11:30,0.0
02/05/2023 12:00,0.0
02/05/2023 12:30,0.0
02/05/2023 13:00,0.0
02/05/2023 13:30,0.0
02/05/2023 14:00,0.0
02/05/2023 14:30,0.0
02/05/2023 15:00,0.0
02/05/2023 15:30,0.0
02/05/2023 16:00,0.0
02/05/2023 16:30,0.0
02/05/2023 17:00,0.0
02/05/2023 17:30,0.0
02/05/2023 18:00,0.0
02/05/2023 18:30,0.0
02/05/2023 19:00,0.0
02/05/2023 19:30,0.0
02/05/2023 20:00,0.0
02/05/2023 20:30,0.0
02/05/2023 21:00,0.0
02/05/2023 21:30,0.0
02/05/2023 22:00,0.0
02/05/2023 22:30,0.0
02/05/2023 23:00,0.0
02/05/2023 23:30,0.0
02/06/2023 00:00,0.0
02/06/2023 00:30,0.0
02/06/2023 01:00,0.0
02/06/2023 01:30,0.0
02/06/2023 02:00,0.0
02/06/2023 02:30,0.0
02/06/2023 03:00,0.0
02/06/2023 03:30,0.0
02/06/2023 04:00,0.0
02/06/2023 04:30,0.0
02/06/2023 05:00,0.0
02/06/2023 05:30,0.0
02/06/2023 06:00,0.0
02/06/2023 06:30,0.0
02/06/2023 07:00,0.0
02/06/2023 07:30,0.0
02/06/2023 08:00,0.0
02/06/2023 08:30,0.0
02/06/2023 09:00,0.0
02/06/2023 09:30,0.0
02/06/2023 10:00,0.0
02/06/2023 10:30,0.0
02/06/2023 11:00,0.0
02/06/2023 11:30,0.0
02/06/2023 12:00,0.0
02/06/2023 12:30,0.0
02/06/2023 13:00,0.0
02/06/2023 13:30,0.0
02/06/2023 14:00,0.0
02/06/2023 14:30,0.0
02/06/2023 15:00,0.0
02/06/2023 15:30,0.0
02/06/2023 16:00,0.0
02/06/2023 16:30,0.0
02/06/2023 17:00,0.0
02/06/2023 17:30,0.0
02/06/2023 18:00,0.0
02/06/2023 18:30,0.0
02/06/2023 19:00,0.0
02/06/2023 19:30,0.0
02/06/2023 20:00,0.0
02/06/2023 20:30,0.0
02/06/2023 21:00,0.0
02/06/2023 21:30,0.0
02/06/2023 22:00,0.0
02/06/2023 22:30,0.0
02/06/2023 23:00,0.0
02/06/2023 23:30,0.0
02/07/2023 00:00,0.0
02/07/2023 00:30,0.0
02/07/2023 01:00,0.0
02/07/2023 01:30,0.0
02/07/2023 02:00,0.0
02/07/2023 02:30,0.0
02/07/2023 03:00,0.0
02/07/2023 03:30,0.0
02/07/2023 04:00,0.0
02/07/2023 04:30,0.0
02/07/2023 05:00,0.0
02/07/2023 05:30,0.0
02/07/2023 06:00,0.0
02/07/2023 06:30,0.0
02/07/2023 07:00,0.0
02/07/2023 07:30,0.0
02/07/2023 08:00,0.0
02/07/2023 08:30,0.0
02/07/2023 09:00,0.0
02/07/2023 09:30,0.0
02/07/2023 10:00,0.0
02/07/2023 10:30,0.0
02/07/2023 11:00,0.0
02/07/2023 11:30,0.0
02/07/2023 12:00,0.0
02/07/2023 12:30,0.0
02/07/2023 13:00,0.0
02/07/2023 13:30,0.0
02/07/2023 14:00,0.0
02/07/2023 14:30,0.0
02/07/2023 15:00,0.0
02/07/2023 15:30,0.0
02/07/2023 16:00,0.0
02/07/2023 16:30,0.0
02/07/2023 17:00,0.0
02/07/2023 17:30,0.0
02/07/2023 18:00,0.0
02/07/2023 18:30,0.0
02/07/2023 19:00,0.0
02/07/2023 19:30,0.0
02/07/2023 20:00,0.0
02/07/2023 20:30,0.0
02/07/2023 21:00,0.0
02/07/2023 21:30,0.0
02/07/2023 22:00,0.0
02/07/2023 22:30,0.0
02/07/2023 23:00,0.0
02/07/2023 23:30,0.0
02/08/2023 00:00,0.0
02/08/2023 00:30,0.0
02/08/2023 01:00,0.0
02/08/2023 01:30,0.0
02/08/2023 02:00,0.0
02/08/2023 02:30,0.0
02/08/2023 03:00,0.0
02/08/2023 03:30,0.0
02/08/2023 04:00,0.0
02/08/2023 04:30,0.0
02/08/2023 05:00,0.0
02/08/2023 05:30,0.0
02/08/2023 06:00,0.0
02/08/2023 06:30,0.0
02/08/2023 07:00,0.0
02/08/2023 07:30,0.0
02/08/2023 08:00,0.0
02/08/2023 08:30,0.0
02/08/2023 09:00,0.0
02/08/2023 09:30,0.0
02/08/2023 10:00,0.0
02/08/2023 10:30,0.0
02/08/2023 11:00,0.0
02/08/2023 11:30,0.0
02/08/2023 12:00,0.0
02/08/2023 12:30,0.0
02/08/2023 13:00,0.0
02/08/2023 13:30,0.0
02/08/2023 14:00,0.0
02/08/2023 14:30,0.0
02/08/2023 15:00,0.0
02/08/2023 15:30,0.0
02/08/2023 16:00,0.0
02/08/2023 16:30,0.0
02/08/2023 17:00,0.0
02/08/2023 17:30,0.0
02/08/2023 18:00,0.0
02/08/2023 18:30,0.0
02/08/2023 19:00,0.0
02/08/2023 19:30,0.0
02/08/2023 20:00,0.0
02/08/2023 20:30,0.0
02/08/2023 21:00,0.0
02/08/2023 21:30,0.0
02/08/2023 22:00,0.0
02/08/2023 22:30,0.0
02/08/2023 23:00,0.0
02/08/2023 23:30,0.0
02/09/2023 00:00,0.0
02/09/2023 00:30,0.0
02/09/2023 01:00,0.0
02/09/2023 01:30,0.0
02/09/2023 02:00,0.0
02/09/2023 02:30,0.0
02/09/2023 03:00,0.0
02/09/2023 03:30,0.0
02/09/2023 04:00,0.0
02/09/2023 04:30,0.0
02/09/2023 05:00,0.0
02/09/2023 05:30,0.0
02/09/2023 06:00,0.0
02/09/2023 06:30,0.0
02/09/2023 07:00,0.0
02/09/2023 07:30,0.0
02/09/2023 08:00,0.0
02/09/2023 08:30,0.0
02/09/2023 09:00,0.0
02/09/2023 09:30,0.0
02/09/2023 10:00,0.0
02/09/2023 10:30,0.0
02/09/2023 11:00,0.0
02/09/2023 11:30,0.0
02/09/2023 12:00,0.0
02/09/2023 12:30,0.0
02/09/2023 13:00,0.0
02/09/2023 13:30,0.0
02/09/2023 14:00,0.0
02/09/2023 14:30,0.0
02/09/2023 15:00,0.0
02/09/2023 15:30,0.0
02/09/2023 16:00,0.0
02/09/2023 16:30,0.0
02/09/2023 17:00,0.0
02/09/2023 17:30,0.0
02/09/2023 18:00,0.0
02/09/2023 18:30,0.0
02/09/2023 19:00,0.0
02/09/2023 19:30,0.0
02/09/2023 20:00,0.0
02/09/2023 20:30,0.0
02/09/2023 21:00,0.0
02/09/2023 21:30,0.0
02/09/2023 22:00,0.0
02/09/2023 22:30,0.0
02/09/2023 23:00,0.0
02/09/2023 23:30,0.0
02/10/2023 00:00,0.0
02/10/2023 00:30,0.0
02/10/2023 01:00,0.0
02/10/2023 01:30,0.0
02/10/2023 02:00,0.0
02/10/2023 02:30,0.0
02/10/2023 03:00,0.0
02/10/2023 03:30,0.0
02/10/2023 04:00,0.0
02/10/2023 04:30,0.0
02/10/2023 05:00,0.0
02/10/2023 05:30,0.0
02/10/2023 06:00,0.0
02/10/2023 06:30,0.0
02/10/2023 07:00,0.0
02/10/2023 07:30,0.0
02/10/2023 08:00,0.0
02/10/2023 08:30,0.0
02/10/2023 09:00,0.0
02/10/2023 09:30,0.0
02/10/2023 10:00,0.0
02/10/2023 10:30,0.0
02/10/2023 11:00,0.0
02/10/2023 11:30,0.0
02/10/2023 12:00,0.0
02/10/2023 12:30,0.0
02/10/2023 13:00,0.0
02/10/2023 13:30,0.0
02/10/2023 14:00,0.0
02/10/2023 14:30,0.0
02/10/2023 15:00,0.0
02/10/2023 15:30,0.0
02/10/2023 16:00,0.0
02/10/2023 16:30,0.0
02/10/2023 17:00,0.0
02/10/2023 17:30,0.0
02/10/2023 18:00,0.0
02/10/2023 18:30,0.0
02/10/2023 19:00,0.0
02/10/2023 19:30,0.0
02/10/2023 20:00,0.0
02/10/2023 20:30,0.0
02/10/2023 21:00,0.0
02/10/2023 21:30,0.0
02/10/2023 22:00,0.0
02/10/2023 22:30,0.0
02/10/2023 23:00,0.0
02/10/2023 23:30,0.0
02/11/2023 00:00,0.0
02/11/2023 00:30,0.0
02/11/2023 01:00,0.0
02/11/2023 01:30,0.0
02/11/2023 02:00,0.0
02/11/2023 02:30,0.0
02/11/2023 03:00,0.0
02/11/2023 03:30,0.0
02/11/2023 04:00,0.0
02/11/2023 04:30,0.0
02/11/2023 05:00,0.0
02/11/2023 05:30,0.0
02/11/2023 06:00,0.0
02/11/2023 06:30,0.0
02/11/2023 07:00,0.0
02/11/2023 07:30,0.0
02/11/2023 08:00,0.0
02/11/2023 08:30,0.0
02/11/2023 09:00,0.0
02/11/2023 09:30,0.0
02/11/2023 10:00,0.0
02/11/2023 10:30,0.0
02/11/2023 11:00,0.0
02/11/2023 11:30,0.0
02/11/2023 12:00,0.0
02/11/2023 12:30,0.0
02/11/2023 13:00,0.0
02/11/2023 13:30,0.0
02/11/2023 14:00,0.0
02/11/2023 14:30,0.0
02/11/2023 15:00,0.0
02/11/2023 15:30,0.0
02/11/2023 16:00,0.0
02/11/2023 16:30,0.0
02/11/2023 17:00,0.0
02/11/2023 17:30,0.0
02/11/2023 18:00,0.0
02/11/2023 18:30,0.0
02/11/2023 19:00,0.0
02/11/2023 19:30,0.0
02/11/2023 20:00,0.0
02/11/2023 20:30,0.0
02/11/2023 21:00,0.0
02/11/2023 21:30,0.0
02/11/2023 22:00,0.0
02/11/2023 22:30,0.0
02/11/2023 23:00,0.0
02/11/2023 23:30,0.0
02/12/2023 00:00,0.0
02/12/2023 00:30,0.0
02/12/2023 01:00,0.0
02/12/2023 01:30,0.0
02/12/2023 02:00,0.0
02/12/2023 02:30,0.0
02/12/2023 03:00,0.0
02/12/2023 03:30,0.0
02/12/2023 04:00,0.0
02/12/2023 04:30,0.0
02/12/2023 05:00,0.0
02/12/2023 05:30,0.0
02/12/2023 06:00,0.0
02/12/2023 06:30,0.0
02/12/2023 07:00,0.0
02/12/2023 07:30,0.0
02/12/2023 08:00,0.0
02/12/2023 08:30,0.0
02/12/2023 09:00,0.0
02/12/2023 09:30,0.0
02/12/2023 10:00,0.0
02/12/2023 10:30,0.0
02/12/2023 11:00,0.0
02/12/2023 11:30,0.0
02/12/2023 12:00,0.0
02/12/2023 12:30,0.0
02/12/2023 13:00,0.0
02/12/2023 13:30,0.0
02/12/2023 14:00,0.0
02/12/2023 14:30,0.0
02/12/2023 15:00,0.0
02/12/2023 15:30,0.0
02/12/2023 16:00,0.0
02/12/2023 16:30,0.0
02/12/2023 17:00,0.0
02/12/2023 17:30,0.0
02/12/2023 18:00,0.0
02/12/2023 18:30,0.0
02/12/2023 19:00,0.0
02/12/2023 19:30,0.0
02/12/2023 20:00,0.0
02/12/2023 20:30,0.0
02/12/2023 21:00,0.0
02/12/2023 21:30,0.0
02/12/2023 22:00,0.0
02/12/2023 22:30,0.0
02/12/2023 23:00,0.0
02/12/2023 23:30,0.0
02/13/2023 00:00,0.0
02/13/2023 00:30,0.0
02/13/2023 01:00,0.0
02/13/2023 01:30,0.0
02/13/2023 02:00,0.0
02/13/2023 02:30,0.0
02/13/2023 03:00,0.0
02/13/2023 03:30,0.0
02/13/2023 04:00,0.0
02/13/2023 04:30,0.0
02/13/2023 05:00,0.0
02/13/2023 05:30,0.0
02/13/2023 06:00,0.0
02/13/2023 06:30,0.0
02/13/2023 07:00,0.0
02/13/2023 07:30,0.0
02/13/2023 08:00,0.0
02/13/2023 08:30,0.0
02/13/2023 09:00,0.0
02/13/2023 09:30,0.0
02/13/2023 10:00,0.0
02/13/2023 10:30,0.0
02/13/2023 11:00,0.0
02/13/2023 11:30,0.0
02/13/2023 12:00,0.0
02/13/2023 12:30,0.0
02/13/2023 13:00,0.0
02/13/2023 13:30,0.0
02/13/2023 14:00,0.0
02/13/2023 14:30,0.0
02/13/2023 15:00,0.0
02/13/2023 15:30,0.0
02/13/2023 16:00,0.0
02/13/2023 16:30,0.0
02/13/2023 17:00,0.0
02/13/2023 17:30,0.0
02/13/2023 18:00,0.0
02/13/2023 18:30,0.0
02/13/2023 19:00,0.0
02/13/2023 19:30,0.0
02/13/2023 20:00,0.0
02/13/2023 20:30,0.0
02/13/2023 21:00,0.0
02/13/2023 21:30,0.0
02/13/2023 22:00,0.0
02/13/2023 22:30,0.0
02/13/2023 23:00,0.0
02/13/2023 23:30,0.0
02/14/2023 00:00,0.0
02/14/2023 00:30,0.0
02/14/2023 01:00,0.0
02/14/2023 01:30,0.0
02/14/2023 02:00,0.0
02/14/2023 02:30,0.0
02/14/2023 03:00,0.0
02/14/2023 03:30,0.0
02/14/2023 04:00,0.0
02/14/2023 04:30,0.0
02/14/2023 05:00,0.0
02/14/2023 05:30,0.0
02/14/2023 06:00,0.0
02/14/2023 06:30,0.0
02/14/2023 07:00,0.0
02/14/2023 07:30,0.0
02/14/2023 08:00,0.0
02/14/2023 08:30,0.0
02/14/2023 09:00,0.0
02/14/2023 09:30,0.0
02/14/2023 10:00,0.0
02/14/2023 10:30,0.0
02/14/2023 11:00,0.0
02/14/2023 11:30,0.0
02/14/2023 12:00,0.0
02/14/2023 12:30,0.0
02/14/2023 13:00,0.0
02/14/2023 13:30,0.0
02/14/2023 14:00,0.0
02/14/2023 14:30,0.0
02/14/2023 15:00,0.0
02/14/2023 15:30,0.0
02/14/2023 16:00,0.0
02/14/2023 16:30,0.0
02/14/2023 17:00,0.0
02/14/2023 17:30,0.0
02/14/2023 18:00,0.0
02/14/2023 18:30,0.0
02/14/2023 19:00,0.0
02/14/2023 19:30,0.0
02/14/2023 20:00,0.0
02/14/2023 20:30,0.0
02/14/2023 21:00,0.0
02/14/2023 21:30,0.0
02/14/2023 22:00,0.0
02/14/2023 22:30,0.0
02/14/2023 23:00,0.0
02/14/2023 23:30,0.0
02/15/2023 00:00,0.0
02/15/2023 00:30,0.0
02/15/2023 01:00,0.0
02/15/2023 01:30,0.0
02/15/2023 02:00,0.0
02/15/2023 02:30,0.0
02/15/2023 03:00,0.0
02/15/2023 03:30,0.0
02/15/2023 04:00,0.0
02/15/2023 04:30,0.0
02/15/2023 05:00,0.0
02/15/2023 05:30,0.0
02/15/2023 06:00,0.0
02/15/2023 06:30,0.0
02/15/2023 07:00,0.0
02/15/2023 07:30,0.0
02/15/2023 08:00,0.0
02/15/2023 08:30,0.0
02/15/2023 09:00,0.0
02/15/2023 09:30,0.0
02/15/2023 10:00,0.0
02/15/2023 10:30,0.0
02/15/2023 11:00,0.0
02/15/2023 11:30,0.0
02/15/2023 12:00,0.0
02/15/2023 12:30,0.0
02/15/2023 13:00,0.0
02/15/2023 13:30,0.0
02/15/2023 14:00,0.0
02/15/2023 14:30,0.0
02/15/2023 15:00,0.0
02/15/2023 15:30,0.0
02/15/2023 16:00,0.0
02/15/2023 16:30,0.0
02/15/2023 17:00,0.0
02/15/2023 17:30,0.0
02/15/2023 18:00,0.0
02/15/2023 18:30,0.0
02/15/2023 19:00,0.0
02/15/2023 19:30,0.0
02/15/2023 20:00,0.0
02/15/2023 20:30,0.0
02/15/2023 21:00,0.0
02/15/2023 21:30,0.0
02/15/2023 22:00,0.0
02/15/2023 22:30,0.0
02/15/2023 23:00,0.0
02/15/2023 23:30,0.0
02/16/2023 00:00,0.0
02/16/2023 00:30,0.0
02/16/2023 01:00,0.0
02/16/2023 01:30,0.0
02/16/2023 02:00,0.0
02/16/2023 02:30,0.0
02/16/2023 03:00,0.0
02/16/2023 03:30,0.0
02/16/2023 04:00,0.0
02/16/2023 04:30,0.0
02/16/2023 05:00,0.0
02/16/2023 05:30,0.0
02/16/2023 06:00,0.0
02/16/2023 06:30,0.0
02/16/2023 07:00,0.0
02/16/2023 07:30,0.0
02/16/2023 08:00,0.0
02/16/2023 08:30,0.0
02/16/2023 09:00,0.0
02/16/2023 09:30,0.0
02/16/2023 10:00,0.0
02/16/2023 10:30,0.0
02/16/2023 11:00,0.0
02/16/2023 11:30,0.0
02/16/2023 12:00,0.0
02/16/2023 12:30,0.0
02/16/2023 13:00,0.0
02/16/2023 13:30,0.0
02/16/2023 14:00,0.0
02/16/2023 14:30,0.0
02/16/2023 15:00,0.0
02/16/2023 15:30,0.0
02/16/2023 16:00,0.0
02/16/2023 16:30,0.0
02/16/2023 17:00,0.0
02/16/2023 17:30,0.0
02/16/2023 18:00,0.0
02/16/2023 18:30,0.0
02/16/2023 19:00,0.0
02/16/2023 19:30,0.0
02/16/2023 20:00,0.0
02/16/2023 20:30,0.0
02/16/2023 21:00,0.0
02/16/2023 21:30,0.0
02/16/2023 22:00,0.0
02/16/2023 22:30,0.0
02/16/2023 23:00,0.0
02/16/2023 23:30,0.0
02/17/2023 00:00,0.0
02/17/2023 00:30,0.0
02/17/2023 01:00,0.0
02/17/2023 01:30,0.0
02/17/2023 02:00,0.0
02/17/2023 02:30,0.0
02/17/2023 03:00,0.0
02/17/2023 03:30,0.0
02/17/2023 04:00,0.0
02/17/2023 04:30,0.0
02/17/2023 05:00,0.0
02/17/2023 05:30,0.0
02/17/2023 06:00,0.0
02/17/2023 06:30,0.0
02/17/2023 07:00,0.0
02/17/2023 07:30,0.0
02/17/2023 08:00,0.0
02/17/2023 08:30,0.0
02/17/2023 09:00,0.0
02/17/2023 09:30,0.0
02/17/2023 10:00,0.0
02/17/2023 10:30,0.0
02/17/2023 11:00,0.0
02/17/2023 11:30,0.0
02/17/2023 12:00,0.0
02/17/2023 12:30,0.0
02/17/2023 13:00,0.0
02/17/2023 13:30,0.0
02/17/2023 14:00,0.0
02/17/2023 14:30,0.0
02/17/2023 15:00,0.0
02/17/2023 15:30,0.0
02/17/2023 16:00,0.0
02/17/2023 16:30,0.0
02/17/2023 17:00,0.0
02/17/2023 17:30,0.0
02/17/2023 18:00,0.0
02/17/2023 18:30,0.0
02/17/2023 19:00,0.0
02/17/2023 19:30,0.0
02/17/2023 20:00,0.0
02/17/2023 20:30,0.0
02/17/2023 21:00,0.0
02/17/2023 21:30,0.0
02/17/2023 22:00,0.0
02/17/2023 22:30,0.0
02/17/2023 23:00,0.0
02/17/2023 23:30,0.0
02/18/2023 00:00,0.0
02/18/2023 00:30,0.0
02/18/2023 01:00,0.0
02/18/2023 01:30,0.0
02/18/2023 02:00,0.0
02/18/2023 02:30,0.0
02/18/2023 03:00,0.0
02/18/2023 03:30,0.0
02/18/2023 04:00,0.0
02/18/2023 04:30,0.0
02/18/2023 05:00,0.0
02/18/2023 05:30,0.0
02/18/2023 06:00,0.0
02/18/2023 06:30,0.0
02/18/2023 07:00,0.0
02/18/2023 07:30,0.0
02/18/2023 08:00,0.0
02/18/2023 08:30,0.0
02/18/2023 09:00,0.0
02/18/2023 09:30,0.0
02/18/2023 10:00,0.0
02/18/2023 10:30,0.0
02/18/2023 11:00,0.0
02/18/2023 11:30,0.0
02/18/2023 12:00,0.0
02/18/2023 12:30,0.0
02/18/2023 13:00,0.0
02/18/2023 13:30,0.0
02/18/2023 14:00,0.0
02/18/2023 14:30,0.0
02/18/2023 15:00,0.0
02/18/2023 15:30,0.0
02/18/2023 16:00,0.0
02/18/2023 16:30,0.0
02/18/2023 17:00,0.0
02/18/2023 17:30,0.0
02/18/2023 18:00,0.0
02/18/2023 18:30,0.0
02/18/2023 19:00,0.0
02/18/2023 19:30,0.0
02/18/2023 20:00,0.0
02/18/2023 20:30,0.0
02/18/2023 21:00,0.0
02/18/2023 21:30,0.0
02/18/2023 22:00,0.0
02/18/2023 22:30,0.0
02/18/2023 23:00,0.0
02/18/2023 23:30,0.0
02/19/2023 00:00,0.0
02/19/2023 00:30,0.0
02/19/2023 01:00,0.0
02/19/2023 01:30,0.0
02/19/2023 02:00,0.0
02/19/2023 02:30,0.0
02/19/2023 03:00,0.0
02/19/2023 03:30,0.0
02/19/2023 04:00,0.0
02/19/2023 04:30,0.0
02/19/2023 05:00,0.0
02/19/2023 05:30,0.0
02/19/2023 06:00,0.0
02/19/2023 06:30,0.0
02/19/2023 07:00,0.0
02/19/2023 07:30,0.0
02/19/2023 08:00,0.0
02/19/2023 08:30,0.0
02/19/2023 09:00,0.0
02/19/2023 09:30,0.0
02/19/2023 10:00,0.0
02/19/2023 10:30,0.0
02/19/2023 11:00,0.0
02/19/2023 11:30,0.0
02/19/2023 12:00,0.0
02/19/2023 12:30,0.0
02/19/2023 13:00,0.0
02/19/2023 13:30,0.0
02/19/2023 14:00,0.0
02/19/2023 14:30,0.0
02/19/2023 15:00,0.0
02/19/2023 15:30,0.0
02/19/2023 16:00,0.0
02/19/2023 16:30,0.0
02/19/2023 17:00,0.0
02/19/2023 17:30,0.0
02/19/2023 18:00,0.0
02/19/2023 18:30,0.0
02/19/2023 19:00,0.0
02/19/2023 19:30,0.0
02/19/2023 20:00,0.0
02/19/2023 20:30,0.0
02/19/2023 21:00,0.0
02/19/2023 21:30,0.0
02/19/2023 22:00,0.0
02/19/2023 22:30,0.0
02/19/2023 23:00,0.0
02/19/2023 23:30,0.0
02/20/2023 00:00,0.0
02/20/2023 00:30,0.0
02/20/2023 01:00,0.0
02/20/2023 01:30,0.0
02/20/2023 02:00,0.0
02/20/2023 02:30,0.0
02/20/2023 03:00,0.0
02/20/2023 03:30,0.0
02/20/2023 04:00,0.0
02/20/2023 04:30,0.0
02/20/2023 05:00,0.0
02/20/2023 05:30,0.0
02/20/2023 06:00,0.0
02/20/2023 06:30,0.0
02/20/2023 07:00,0.0
02/20/2023 07:30,0.0
02/20/2023 08:00,0.0
02/20/2023 08:30,0.0
02/20/2023 09:00,0.0
02/20/2023 09:30,0.0
02/20/2023 10:00,0.0
02/20/2023 10:30,0.0
02/20/2023 11:00,0.0
02/20/2023 11:30,0.0
02/20/2023 12:00,0.0
02/20/2023 12:30,0.0
02/20/2023 13:00,0.0
02/20/2023 13:30,0.0
02/20/2023 14:00,0.0
02/20/2023 14:30,0.0
02/20/2023 15:00,0.0
02/20/2023 15:30,0.0
02/20/2023 16:00,0.0
02/20/2023 16:30,0.0
02/20/2023 17:00,0.0
02/20/2023 17:30,0.0
02/20/2023 18:00,0.0
02/20/2023 18:30,0.0
02/20/2023 19:00,0.0
02/20/2023 19:30,0.0
02/20/2023 20:00,0.0
02/20/2023 20:30,0.0
02/20/2023 21:00,0.0
02/20/2023 21:30,0.0
02/20/2023 22:00,0.0
02/20/2023 22:30,0.0
02/20/2023 23:00,0.0
02/20/2023 23:30,0.0
02/21/2023 00:00,0.0
02/21/2023 00:30,0.0
02/21/2023 01:00,0.0
02/21/2023 01:30,0.0
02/21/2023 02:00,0.0
02/21/2023 02:30,0.0
02/21/2023 03:00,0.0
02/21/2023 03:30,0.0
02/21/2023 04:00,0.0
02/21/2023 04:30,0.0
02/21/2023 05:00,0.0
02/21/2023 05:30,0.0
02/21/2023 06:00,0.0
02/21/2023 06:30,0.0
02/21/2023 07:00,0.0
02/21/2023 07:30,0.0
02/21/2023 08:00,0.0
02/21/2023 08:30,0.0
02/21/2023 09:00,0.0
02/21/2023 09:30,0.0
02/21/2023 10:00,0.0
02/21/2023 10:30,0.0
02/21/2023 11:00,0.0
02/21/2023 11:30,0.0
02/21/2023 12:00,0.0
02/21/2023 12:30,0.0
02/21/2023 13:00,0.0
02/21/2023 13:30,0.0
02/21/2023 14:00,0.0
02/21/2023 14:30,0.0
02/21/2023 15:00,0.0
02/21/2023 15:30,0.0
02/21/2023 16:00,0.0
02/21/2023 16:30,0.0
02/21/2023 17:00,0.0
02/21/2023 17:30,0.0
02/21/2023 18:00,0.0
02/21/2023 18:30,0.0
02/21/2023 19:00,0.0
02/21/2023 19:30,0.0
02/21/2023 20:00,0.0
02/21/2023 20:30,0.0
02/21/2023 21:00,0.0
02/21/2023 21:30,0.0
02/21/2023 22:00,0.0
02/21/2023 22:30,0.0
02/21/2023 23:00,0.0
02/21/2023 23:30,0.0
02/22/2023 00:00,0.0
02/22/2023 00:30,0.0
02/22/2023 01:00,0.0
02/22/2023 01:30,0.0
02/22/2023 02:00,0.0
02/22/2023 02:30,0.0
02/22/2023 03:00,0.0
02/22/2023 03:30,0.0
02/22/2023 04:00,0.0
02/22/2023 04:30,0.0
02/22/2023 05:00,0.0
02/22/2023 05:30,0.0
02/22/2023 06:00,0.0
02/22/2023 06:30,0.0
02/22/2023 07:00,0.0
02/22/2023 07:30,0.0
02/22/2023 08:00,0.0
02/22/2023 08:30,0.0
02/22/2023 09:00,0.0
02/22/2023 09:30,0.0
02/22/2023 10:00,0.0
02/22/2023 10:30,0.0
02/22/2023 11:00,0.0
02/22/2023 11:30,0.0
02/22/2023 12:00,0.0
02/22/2023 12:30,0.0
02/22/2023 13:00,0.0
02/22/2023 13:30,0.0
02/22/2023 14:00,0.0
02/22/2023 14:30,0.0
02/22/2023 15:00,0.0
02/22/2023 15:30,0.0
02/22/2023 16:00,0.0
02/22/2023 16:30,0.0
02/22/2023 17:00,0.0
02/22/2023 17:30,0.0
02/22/2023 18:00,0.0
02/22/2023 18:30,0.0
02/22/2023 19:00,0.0
02/22/2023 19:30,0.0
02/22/2023 20:00,0.0
02/22/2023 20:30,0.0
02/22/2023 21:00,0.0
02/22/2023 21:30,0.0
02/22/2023 22:00,0.0
02/22/2023 22:30,0.0
02/22/2023 23:00,0.0
02/22/2023 23:30,0.0
02/23/2023 00:00,0.0
02/23/2023 00:30,0.0
02/23/2023 01:00,0.0
02/23/2023 01:30,0.0
02/23/2023 02:00,0.0
02/23/2023 02:30,0.0
02/23/2023 03:00,0.0
02/23/2023 03:30,0.0
02/23/2023 04:00,0.0
02/23/2023 04:30,0.0
02/23/2023 05:00,0.0
02/23/2023 05:30,0.0
02/23/2023 06:00,0.0
02/23/2023 06:30,0.0
02/23/2023 07:00,0.0
02/23/2023 07:30,0.0
02/23/2023 08:00,0.0
02/23/2023 08:30,0.0
02/23/2023 09:00,0.0
02/23/2023 09:30,0.0
02/23/2023 10:00,0.0
02/23/2023 10:30,0.0
02/23/2023 11:00,0.0
02/23/2023 11:30,0.0
02/23/2023 12:00,0.0
02/23/2023 12:30,0.0
02/23/2023 13:00,0.0
02/23/2023 13:30,0.0
02/23/2023 14:00,0.0
02/23/2023 14:30,0.0
02/23/2023 15:00,0.0
02/23/2023 15:30,0.0
02/23/2023 16:00,0.0
02/23/2023 16:30,0.0
02/23/2023 17:00,0.0
02/23/2023 17:30,0.0
02/23/2023 18:00,0.0
02/23/2023 18:30,0.0
02/23/2023 19:00,0.0
02/23/2023 19:30,0.0
02/23/2023 20:00,0.0
02/23/2023 20:30,0.0
02/23/2023 21:00,0.0
02/23/2023 21:30,0.0
02/23/2023 22:00,0.0
02/23/2023 22:30,0.0
02/23/2023 23:00,0.0
02/23/2023 23:30,0.0
02/24/2023 00:00,0.0
02/24/2023 00:30,0.0
02/24/2023 01:00,0.0
02/24/2023 01:30,0.0
02/24/2023 02:00,0.0
02/24/2023 02:30,0.0
02/24/2023 03:00,0.0
02/24/2023 03:30,0.0
02/24/2023 04:00,0.0
02/24/2023 04:30,0.0
02/24/2023 05:00,0.0
02/24/2023 05:30,0.0
02/24/2023 06:00,0.0
02/24/2023 06:30,0.0
02/24/2023 07:00,0.0
02/24/2023 07:30,0.0
02/24/2023 08:00,0.0
02/24/2023 08:30,0.0
02/24/2023 09:00,0.0
02/24/2023 09:30,0.0
02/24/2023 10:00,0.0
02/24/2023 10:30,0.0
02/24/2023 11:00,0.0
02/24/2023 11:30,0.0
02/24/2023 12:00,0.0
02/24/2023 12:30,0.0
02/24/2023 13:00,0.0
02/24/2023 13:30,0.0
02/24/2023 14:00,0.0
02/24/2023 14:30,0.0
02/24/2023 15:00,0.0
02/24/2023 15:30,0.0
02/24/2023 16:00,0.0
02/24/2023 16:30,0.0
02/24/2023 17:00,0.0
02/24/2023 17:30,0.0
02/24/2023 18:00,0.0
02/24/2023 18:30,0.0
02/24/2023 19:00,0.0
02/24/2023 19:30,0.0
02/24/2023 20:00,0.0
02/24/2023 20:30,0.0
02/24/2023 21:00,0.0
02/24/2023 21:30,0.0
02/24/2023 22:00,0.0
02/24/2023 22:30,0.0
02/24/2023 23:00,0.0
02/24/2023 23:30,0.0
02/25/2023 00:00,0.0
02/25/2023 00:30,0.0
02/25/2023 01:00,0.0
02/25/2023 01:30,0.0
02/25/2023 02:00,0.0
02/25/2023 02:30,0.0
02/25/2023 03:00,0.0
02/25/2023 03:30,0.0
02/25/2023 04:00,0.0
02/25/2023 04:30,0.0
02/25/2023 05:00,0.0
02/25/2023 05:30,0.0
02/25/2023 06:00,0.0
02/25/2023 06:30,0.0
02/25/2023 07:00,0.0
02/25/2023 07:30,0.0
02/25/2023 08:00,0.0
02/25/2023 08:30,0.0
02/25/2023 09:00,0.0
02/25/2023 09:30,0.0
02/25/2023 10:00,0.0
02/25/2023 10:30,0.0
02/25/2023 11:00,0.0
02/25/2023 11:30,0.0
02/25/2023 12:00,0.0
02/25/2023 12:30,0.0
02/25/2023 13:00,0.0
02/25/2023 13:30,0.0
02/25/2023 14:00,0.0
02/25/2023 14:30,0.0
02/25/2023 15:00,0.0
02/25/2023 15:30,0.0
02/25/2023 16:00,0.0
02/25/2023 16:30,0.0
02/25/2023 17:00,0.0
02/25/2023 17:30,0.0
02/25/2023 18:00,0.0
02/25/2023 18:30,0.0
02/25/2023 19:00,0.0
02/25/2023 19:30,0.0
02/25/2023 20:00,0.0
02/25/2023 20:30,0.0
02/25/2023 21:00,0.0
02/25/2023 21:30,0.0
02/25/2023 22:00,0.0
02/25/2023 22:30,0.0
02/25/2023 23:00,0.0
02/25/2023 23:30,0.0
02/26/2023 00:00,0.0
02/26/2023 00:30,0.0
02/26/2023 01:00,0.0
02/26/2023 01:30,0.0
02/26/2023 02:00,0.0
02/26/2023 02:30,0.0
02/26/2023 03:00,0.0
02/26/2023 03:30,0.0
02/26/2023 04:00,0.0
02/26/2023 04:30,0.0
02/26/2023 05:00,0.0
02/26/2023 05:30,0.0
02/26/2023 06:00,0.0
02/26/2023 06:30,0.0
02/26/2023 07:00,0.0
02/26/2023 07:30,0.0
02/26/2023 08:00,0.0
02/26/2023 08:30,0.0
02/26/2023 09:00,0.0
02/26/2023 09:30,0.0
02/26/2023 10:00,0.0
02/26/2023 10:30,0.0
02/26/2023 11:00,0.0
02/26/2023 11:30,0.0
02/26/2023 12:00,0.0
02/26/2023 12:30,0.0
02/26/2023 13:00,0.0
02/26/2023 13:30,0.0
02/26/2023 14:00,0.0
02/26/2023 14:30,0.0
02/26/2023 15:00,0.0
02/26/2023 15:30,0.0
02/26/2023 16:00,0.0
02/26/2023 16:30,0.0
02/26/2023 17:00,0.0
02/26/2023 17:30,0.0
02/26/2023 18:00,0.0
02/26/2023 18:30,0.0
02/26/2023 19:00,0.0
02/26/2023 19:30,0.0
02/26/2023 20:00,0.0
02/26/2023 20:30,0.0
02/26/2023 21:00,0.0
02/26/2023 21:30,0.0
02/26/2023 22:00,0.0
02/26/2023 22:30,0.0
02/26/2023 23:00,0.0
02/26/2023 23:30,0.0
02/27/2023 00:00,0.0
02/27/2023 00:30,0.0
02/27/2023 01:00,0.0
02/27/2023 01:30,0.0
02/27/2023 02:00,0.0
02/27/2023 02:30,0.0
02/27/2023 03:00,0.0
02/27/2023 03:30,0.0
02/27/2023 04:00,0.0
02/27/2023 04:30,0.0
02/27/2023 05:00,0.0
02/27/2023 05:30,0.0
02/27/2023 06:00,0.0
02/27/2023 06:30,0.0
02/27/2023 07:00,0.0
02/27/2023 07:30,0.0
02/27/2023 08:00,0.0
02/27/2023 08:30,0.0
02/27/2023 09:00,0.0
02/27/2023 09:30,0.0
02/27/2023 10:00,0.0
02/27/2023 10:30,0.0
02/27/2023 11:00,0.0
02/27/2023 11:30,0.0
02/27/2023 12:00,0.0
02/27/2023 12:30,0.0
02/27/2023 13:00,0.0
02/27/2023 13:30,0.0
02/27/2023 14:00,0.0
02/27/2023 14:30,0.0
02/27/2023 15:00,0.0
02/27/2023 15:30,0.0
02/27/2023 16:00,0.0
02/27/2023 16:30,0.0
02/27/2023 17:00,0.0
02/27/2023 17:30,0.0
02/27/2023 18:00,0.0
02/27/2023 18:30,0.0
02/27/2023 19:00,0.0
02/27/2023 19:30,0.0
02/27/2023 20:00,0.0
02/27/2023 20:30,0.0
02/27/2023 21:00,0.0
02/27/2023 21:30,0.0
02/27/2023 22:00,0.0
02/27/2023 22:30,0.0
02/27/2023 23:00,0.0
02/27/2023 23:30,0.0
02/28/2023 00:00,0.0
02/28/2023 00:30,0.0
02/28/2023 01:00,0.0
02/28/2023 01:30,0.0
02/28/2023 02:00,0.0
02/28/2023 02:30,0.0
02/28/2023 03:00,0.0
02/28/2023 03:30,0.0
02/28/2023 04:00,0.0
02/28/2023 04:30,0.0
02/28/2023 05:00,0.0
02/28/2023 05:30,0.0
02/28/2023 06:00,0.0
02/28/2023 06:30,0.0
02/28/2023 07:00,0.0
02/28/2023 07:30,0.0
02/28/2023 08:00,0.0
02/28/2023 08:30,0.0
02/28/2023 09:00,0.0
02/28/2023 09:30,0.0
02/28/2023 10:00,0.0
02/28/2023 10:30,0.0
02/28/2023 11:00,0.0
02/28/2023 11:30,0.0
02/28/2023 12:00,0.0
02/28/2023 12:30,0.0
02/28/2023 13:00,0.0
02/28/2023 13:30,0.0
02/28/2023 14:00,0.0
02/28/2023 14:30,0.0
02/28/2023 15:00,0.0
02/28/2023 15:30,0.0
02/28/2023 16:00,0.0
02/28/2023 16:30,0.0
02/28/2023 17:00,0.0
02/28/2023 17:30,0.0
02/28/2023 18:00,0.0
02/28/2023 18:30,0.0
02/28/2023 19:00,0.0
02/28/2023 19:30,0.0
02/28/2023 20:00,0.0
02/28/2023 20:30,0.0
02/28/2023 21:00,0.0
02/28/2023 21:30,0.0
02/28/2023 22:00,0.0
02/28/2023 22:30,0.0
02/28/2023 23:00,0.0
02/28/2023 23:30,0.0
03/01/2023 00:00,0.0
03/01/2023 00:30,0.0
03/01/2023 01:00,0.0
03/01/2023 01:30,0.0
03/01/2023 02:00,0.0
03/01/2023 02:30,0.0
03/01/2023 03:00,0.0
03/01/2023 03:30,0.0
03/01/2023 04:00,0.0
03/01/2023 04:30,0.0
03/01/2023 05:00,0.0
03/01/2023 05:30,0.0
03/01/2023 06:00,0.0
03/01/2023 06:30,0.0
03/01/2023 07:00,0.0
03/01/2023 07:30,0.0
03/01/2023 08:00,0.0
03/01/2023 08:30,0.0
03/01/2023 09:00,0.0
03/01/2023 09:30,0.0
03/01/2023 10:00,0.0
03/01/2023 10:30,0.0
03/01/2023 11:00,0.0
03/01/2023 11:30,0.0
03/01/2023 12:00,0.0
03/01/2023 12:30,0.0
03/01/2023 13:00,0.0
03/01/2023 13:30,0.0
03/01/2023 14:00,0.0
03/01/2023 14:30,0.0
03/01/2023 15:00,0.0
03/01/2023 15:30,0.0
03/01/2023 16:00,0.0
03/01/2023 16:30,0.0
03/01/2023 17:00,0.0
03/01/2023 17:30,0.0
03/01/2023 18:00,0.0
03/01/2023 18:30,0.0
03/01/2023 19:00,0.0
03/01/2023 19:30,0.0
03/01/2023 20:00,0.0
03/01/2023 20:30,0.0
03/01/2023 21:00,0.0
03/01/2023 21:30,0.0
03/01/2023 22:00,0.0
03/01/2023 22:30,0.0
03/01/2023 23:00,0.0
03/01/2023 23:30,0.0
03/02/2023 00:00,0.0
03/02/2023 00:30,0.0
03/02/2023 01:00,0.0
03/02/2023 01:30,0.0
03/02/2023 02:00,0.0
03/02/2023 02:30,0.0
03/02/2023 03:00,0.0
03/02/2023 03:30,0.0
03/02/2023 04:00,0.0
03/02/2023 04:30,0.0
03/02/2023 05:00,0.0
03/02/2023 05:30,0.0
03/02/2023 06:00,0.0
03/02/2023 06:30,0.0
03/02/2023 07:00,0.0
03/02/2023 07:30,0.0
03/02/2023 08:00,0.0
03/02/2023 08:30,0.0
03/02/2023 09:00,0.0
03/02/2023 09:30,0.0
03/02/2023 10:00,0.0
03/02/2023 10:30,0.0
03/02/2023 11:00,0.0
03/02/2023 11:30,0.0
03/02/2023 12:00,0.0
03/02/2023 12:30,0.0
03/02/2023 13:00,0.0
03/02/2023 13:30,0.0
03/02/2023 14:00,0.0
03/02/2023 14:30,0.0
03/02/2023 15:00,0.0
03/02/2023 15:30,0.0
03/02/2023 16:00,0.0
03/02/2023 16:30,0.0
03/02/2023 17:00,0.0
03/02/2023 17:30,0.0
03/02/2023 18:00,0.0
03/02/2023 18:30,0.0
03/02/2023 19:00,0.0
03/02/2023 19:30,0.0
03/02/2023 20:00,0.0
03/02/2023 20:30,0.0
03/02/2023 21:00,0.0
03/02/2023 21:30,0.0
03/02/2023 22:00,0.0
03/02/2023 22:30,0.0
03/02/2023 23:00,0.0
03/02/2023 23:30,0.0
03/03/2023 00:00,0.0
03/03/2023 00:30,0.0
03/03/2023 01:00,0.0
03/03/2023 01:30,0.0
03/03/2023 02:00,0.0
03/03/2023 02:30,0.0
03/03/2023 03:00,0.0
03/03/2023 03:30,0.0
03/03/2023 04:00,0.0
03/03/2023 04:30,0.0
03/03/2023 05:00,0.0
03/03/2023 05:30,0.0
03/03/2023 06:00,0.0
03/03/2023 06:30,0.0
03/03/2023 07:00,0.0
03/03/2023 07:30,0.0
03/03/2023 08:00,0.0
03/03/2023 08:30,0.0
03/03/2023 09:00,0.0
03/03/2023 09:30,0.0
03/03/2023 10:00,0.0
03/03/2023 10:30,0.0
03/03/2023 11:00,0.0
03/03/2023 11:30,0.0
03/03/2023 12:00,0.0
03/03/2023 12:30,0.0
03/03/2023 13:00,0.0
03/03/2023 13:30,0.0
03/03/2023 14:00,0.0
03/03/2023 14:30,0.0
03/03/2023 15:00,0.0
03/03/2023 15:30,0.0
03/03/2023 16:00,0.0
03/03/2023 16:30,0.0
03/03/2023 17:00,0.0
03/03/2023 17:30,0.0
03/03/2023 18:00,0.0
03/03/2023 18:30,0.0
03/03/2023 19:00,0.0
03/03/2023 19:30,0.0
03/03/2023 20:00,0.0
03/03/2023 20:30,0.0
03/03/2023 21:00,0.0
03/03/2023 21:30,0.0
03/03/2023 22:00,0.0
03/03/2023 22:30,0.0
03/03/2023 23:00,0.0
03/03/2023 23:30,0.0
03/04/2023 00:00,0.0
03/04/2023 00:30,0.0
03/04/2023 01:00,0.0
03/04/2023 01:30,0.0
03/04/2023 02:00,0.0
03/04/2023 02:30,0.0
03/04/2023 03:00,0.0
03/04/2023 03:30,0.0
03/04/2023 04:00,0.0
03/04/2023 04:30,0.0
03/04/2023 05:00,0.0
03/04/2023 05:30,0.0
03/04/2023 06:00,0.0
03/04/2023 06:30,0.0
03/04/2023 07:00,0.0
03/04/2023 07:30,0.0
03/04/2023 08:00,0.0
03/04/2023 08:30,0.0
03/04/2023 09:00,0.0
03/04/2023 09:30,0.0
03/04/2023 10:00,0.0
03/04/2023 10:30,0.0
03/04/2023 11:00,0.0
03/04/2023 11:30,0.0
03/04/2023 12:00,0.0
03/04/2023 12:30,0.0
03/04/2023 13:00,0.0
03/04/2023 13:30,0.0
03/04/2023 14:00,0.0
03/04/2023 14:30,0.0
03/04/2023 15:00,0.0
03/04/2023 15:30,0.0
03/04/2023 16:00,0.0
03/04/2023 16:30,0.0
03/04/2023 17:00,0.0
03/04/2023 17:30,0.0
03/04/2023 18:00,0.0
03/04/2023 18:30,0.0
03/04/2023 19:00,0.0
03/04/2023 19:30,0.0
03/04/2023 20:00,0.0
03/04/2023 20:30,0.0
03/04/2023 21:00,0.0
03/04/2023 21:30,0.0
03/04/2023 22:00,0.0
03/04/2023 22:30,0.0
03/04/2023 23:00,0.0
03/04/2023 23:30,0.0
03/05/2023 00:00,0.0
03/05/2023 00:30,0.0
03/05/2023 01:00,0.0
03/05/2023 01:30,0.0
03/05/2023 02:00,0.0
03/05/2023 02:30,0.0
03/05/2023 03:00,0.0
03/05/2023 03:30,0.0
03/05/2023 04:00,0.0
03/05/2023 04:30,0.0
03/05/2023 05:00,0.0
03/05/2023 05:30,0.0
03/05/2023 06:00,0.0
03/05/2023 06:30,0.0
03/05/2023 07:00,0.0
03/05/2023 07:30,0.0
03/05/2023 08:00,0.0
03/05/2023 08:30,0.0
03/05/2023 09:00,0.0
03/05/2023 09:30,0.0
03/05/2023 10:00,0.0
03/05/2023 10:30,0.0
03/05/2023 11:00,0.0
03/05/2023 11:30,0.0
03/05/2023 12:00,0.0
03/05/2023 12:30,0.0
03/05/2023 13:00,0.0
03/05/2023 13:30,0.0
03/05/2023 14:00,0.0
03/05/2023 14:30,0.0
03/05/2023 15:00,0.0
03/05/2023 15:30,0.0
03/05/2023 16:00,0.0
03/05/2023 16:30,0.0
03/05/2023 17:00,0.0
03/05/2023 17:30,0.0
03/05/2023 18:00,0.0
03/05/2023 18:30,0.0
03/05/2023 19:00,0.0
03/05/2023 19:30,0.0
03/05/2023 20:00,0.0
03/05/2023 20:30,0.0
03/05/2023 21:00,0.0
03/05/2023 21:30,0.0
03/05/2023 22:00,0.0
03/05/2023 22:30,0.0
03/05/2023 23:00,0.0
03/05/2023 23:30,0.0
03/06/2023 00:00,0.0
03/06/2023 00:00,0.0
03/06/2023 00:30,0.0
03/06/2023 00:30,0.0
03/06/2023 01:00,0.0
03/06/2023 01:00,0.0
03/06/2023 01:30,0.0
03/06/2023 01:30,0.0
03/06/2023 02:00,0.0
03/06/2023 02:00,0.0
03/06/2023 02:30,0.0
03/06/2023 02:30,0.0
03/06/2023 03:00,0.0
03/06/2023 03:00,0.0
03/06/2023 03:30,0.0
03/06/2023 03:30,0.0
03/06/2023 04:00,0.0
03/06/2023 04:00,0.0
03/06/2023 04:30,0.0
03/06/2023 04:30,0.0
03/06/2023 05:00,0.0
03/06/2023 05:00,0.0
03/06/2023 05:30,0.0
03/06/2023 05:30,0.0
03/06/2023 06:00,0.0
03/06/2023 06:00,0.0
03/06/2023 06:30,0.0
03/06/2023 06:30,0.0
03/06/2023 07:00,0.0
03/06/2023 07:00,0.0
03/06/2023 07:30,0.0
03/06/2023 07:30,0.0
03/06/2023 08:00,0.0
03/06/2023 08:00,0.0
03/06/2023 08:30,0.0
03/06/2023 08:30,0.0
03/06/2023 09:00,0.0
03/06/2023 09:00,0.0
03/06/2023 09:30,0.0
03/06/2023 09:30,0.0
03/06/2023 10:00,0.0
03/06/2023 10:00,0.0
03/06/2023 10:30,0.0
03/06/2023 10:30,0.0
03/06/2023 11:00,0.0
03/06/2023 11:00,0.0
03/06/2023 11:30,0.0
03/06/2023 11:30,0.0
03/06/2023 12:00,0.0
03/06/2023 12:00,0.0
03/06/2023 12:30,0.0
03/06/2023 12:30,0.0
03/06/2023 13:00,0.0
03/06/2023 13:00,0.0
03/06/2023 13:30,0.0
03/06/2023 13:30,0.0
03/06/2023 14:00,0.0
03/06/2023 14:00,0.0
03/06/2023 14:30,0.0
03/06/2023 14:30,0.0
03/06/2023 15:00,0.0
03/06/2023 15:00,0.0
03/06/2023 15:30,0.0
03/06/2023 15:30,0.0
03/06/2023 16:00,0.0
03/06/2023 16:00,0.0
03/06/2023 16:30,0.0
03/06/2023 16:30,0.0
03/06/2023 17:00,0.0
03/06/2023 17:00,0.0
03/06/2023 17:30,0.0
03/06/2023 17:30,0.0
03/06/2023 18:00,0.0
03/06/2023 18:00,0.0
03/06/2023 18:30,0.0
03/06/2023 18:30,0.0
03/06/2023 19:00,0.0
03/06/2023 19:00,0.0
03/06/2023 19:30,0.0
03/06/2023 19:30,0.0
03/06/2023 20:00,0.0
03/06/2023 20:00,0.0
03/06/2023 20:30,0.0
03/06/2023 20:30,0.0
03/06/2023 21:00,0.0
03/06/2023 21:00,0.0
03/06/2023 21:30,0.0
03/06/2023 21:30,0.0
03/06/2023 22:00,0.0
03/06/2023 22:00,0.0
03/06/2023 22:30,0.0
03/06/2023 22:30,0.0
03/06/2023 23:00,0.0
03/06/2023 23:00,0.0
03/06/2023 23:30,0.0
03/06/2023 23:30,0.0
03/07/2023 00:00,0.0
03/07/2023 00:30,0.0
03/07/2023 01:00,0.0
03/07/2023 01:30,0.0
03/07/2023 02:00,0.0
03/07/2023 02:30,0.0
03/07/2023 03:00,0.0
03/07/2023 03:30,0.0
03/07/2023 04:00,0.0
03/07/2023 04:30,0.0
03/07/2023 05:00,0.0
03/07/2023 05:30,0.0
03/07/2023 06:00,0.0
03/07/2023 06:30,0.0
03/07/2023 07:00,0.0
03/07/2023 07:30,0.0
03/07/2023 08:00,0.0
03/07/2023 08:30,0.0
03/07/2023 09:00,0.0
03/07/2023 09:30,0.0
03/07/2023 10:00,0.0
03/07/2023 10:30,0.0
03/07/2023 11:00,0.0
03/07/2023 11:30,0.0
03/07/2023 12:00,0.0
03/07/2023 12:30,0.0
03/07/2023 13:00,0.0
03/07/2023 13:30,0.0
03/07/2023 14:00,0.0
03/07/2023 14:30,0.0
03/07/2023 15:00,0.0
03/07/2023 15:30,0.0
03/07/2023 16:00,0.0
03/07/2023 16:30,0.0
03/07/2023 17:00,0.0
03/07/2023 17:30,0.0
03/07/2023 18:00,0.0
03/07/2023 18:30,0.0
03/07/2023 19:00,0.0
03/07/2023 19:30,0.0
03/07/2023 20:00,0.0
03/07/2023 20:30,0.0
03/07/2023 21:00,0.0
03/07/2023 21:30,0.0
03/07/2023 22:00,0.0
03/07/2023 22:30,0.0
03/07/2023 23:00,0.0
03/07/2023 23:30,0.0
03/08/2023 00:00,0.0
03/08/2023 00:30,0.0
03/08/2023 01:00,0.0
03/08/2023 01:30,0.0
03/08/2023 02:00,0.0
03/08/2023 02:30,0.0
03/08/2023 03:00,0.0
03/08/2023 03:30,0.0
03/08/2023 04:00,0.0
03/08/2023 04:30,0.0
03/08/2023 05:00,0.0
03/08/2023 05:30,0.0
03/08/2023 06:00,0.0
03/08/2023 06:30,0.0
03/08/2023 07:00,0.0
03/08/2023 07:30,0.0
03/08/2023 08:00,0.0
03/08/2023 08:30,0.0
03/08/2023 09:00,0.0
03/08/2023 09:30,0.0
03/08/2023 10:00,0.0
03/08/2023 10:30,0.0
03/08/2023 11:00,0.0
03/08/2023 11:30,0.0
03/08/2023 12:00,0.0
03/08/2023 12:30,0.0
03/08/2023 13:00,0.0
03/08/2023 13:30,0.0
03/08/2023 14:00,0.0
03/08/2023 14:30,0.0
03/08/2023 15:00,0.0
03/08/2023 15:30,0.0
03/08/2023 16:00,0.0
03/08/2023 16:30,0.0
03/08/2023 17:00,0.0
03/08/2023 17:30,0.0
03/08/2023 18:00,0.0
03/08/2023 18:30,0.0
03/08/2023 19:00,0.0
03/08/2023 19:30,0.0
03/08/2023 20:00,0.0
03/08/2023 20:30,0.0
03/08/2023 21:00,0.0
03/08/2023 21:30,0.0
03/08/2023 22:00,0.0
03/08/2023 22:30,0.0
03/08/2023 23:00,0.0
03/08/2023 23:30,0.0
03/09/2023 00:00,0.0
03/09/2023 00:30,0.0
03/09/2023 01:00,0.0
03/09/2023 01:30,0.0
03/09/2023 02:00,0.0
03/09/2023 02:30,0.0
03/09/2023 03:00,0.0
03/09/2023 03:30,0.0
03/09/2023 04:00,0.0
03/09/2023 04:30,0.0
03/09/2023 05:00,0.0
03/09/2023 05:30,0.0
03/09/2023 06:00,0.0
03/09/2023 06:30,0.0
03/09/2023 07:00,0.0
03/09/2023 07:30,0.0
03/09/2023 08:00,0.0
03/09/2023 08:30,0.0
03/09/2023 09:00,0.0
03/09/2023 09:30,0.0
03/09/2023 10:00,0.0
03/09/2023 10:30,0.0
03/09/2023 11:00,0.0
03/09/2023 11:30,0.0
03/09/2023 12:00,0.0
03/09/2023 12:30,0.0
03/09/2023 13:00,0.0
03/09/2023 13:30,0.0
03/09/2023 14:00,0.0
03/09/2023 14:30,0.0
03/09/2023 15:00,0.0
03/09/2023 15:30,0.0
03/09/2023 16:00,0.0
03/09/2023 16:30,0.0
03/09/2023 17:00,0.0
03/09/2023 17:30,0.0
03/09/2023 18:00,0.0
03/09/2023 18:30,0.0
03/09/2023 19:00,0.0
03/09/2023 19:30,0.0
03/09/2023 20:00,0.0
03/09/2023 20:30,0.0
03/09/2023 21:00,0.0
03/09/2023 21:30,0.0
03/09/2023 22:00,0.0
03/09/2023 22:30,0.0
03/09/2023 23:00,0.0
03/09/2023 23:30,0.0
03/10/2023 00:00,0.0
03/10/2023 00:30,0.0
03/10/2023 01:00,0.0
03/10/2023 01:30,0.0
03/10/2023 02:00,0.0
03/10/2023 02:30,0.0
03/10/2023 03:00,0.0
03/10/2023 03:30,0.0
03/10/2023 04:00,0.0
03/10/2023 04:30,0.0
03/10/2023 05:00,0.0
03/10/2023 05:30,0.0
03/10/2023 06:00,0.0
03/10/2023 06:30,0.0
03/10/2023 07:00,0.0
03/10/2023 07:30,0.0
03/10/2023 08:00,0.0
03/10/2023 08:30,0.0
03/10/2023 09:00,0.0
03/10/2023 09:30,0.0
03/10/2023 10:00,0.0
03/10/2023 10:30,0.0
03/10/2023 11:00,0.0
03/10/2023 11:30,0.0
03/10/2023 12:00,0.0
03/10/2023 12:30,0.0
03/10/2023 13:00,0.0
03/10/2023 13:30,0.0
03/10/2023 14:00,0.0
03/10/2023 14:30,0.0
03/10/2023 15:00,0.0
03/10/2023 15:30,0.0
03/10/2023 16:00,0.0
03/10/2023 16:30,0.0
03/10/2023 17:00,0.0
03/10/2023 17:30,0.0
03/10/2023 18:00,0.0
03/10/2023 18:30,0.0
03/10/2023 19:00,0.0
03/10/2023 19:30,0.0
03/10/2023 20:00,0.0
03/10/2023 20:30,0.0
03/10/2023 21:00,0.0
03/10/2023 21:30,0.0
03/10/2023 22:00,0.0
03/10/2023 22:30,0.0
03/10/2023 23:00,0.0
03/10/2023 23:30,0.0
03/11/2023 00:00,0.0
03/11/2023 00:30,0.0
03/11/2023 01:00,0.0
03/11/2023 01:30,0.0
03/11/2023 02:00,0.0
03/11/2023 02:30,0.0
03/11/2023 03:00,0.0
03/11/2023 03:30,0.0
03/11/2023 04:00,0.0
03/11/2023 04:30,0.0
03/11/2023 05:00,0.0
03/11/2023 05:30,0.0
03/11/2023 06:00,0.0
03/11/2023 06:30,0.0
03/11/2023 07:00,0.0
03/11/2023 07:30,0.0
03/11/2023 08:00,0.0
03/11/2023 08:30,0.0
03/11/2023 09:00,0.0
03/11/2023 09:30,0.0
03/11/2023 10:00,0.0
03/11/2023 10:30,0.0
03/11/2023 11:00,0.0
03/11/2023 11:30,0.0
03/11/2023 12:00,0.0
03/11/2023 12:30,0.0
03/11/2023 13:00,0.0
03/11/2023 13:30,0.0
03/11/2023 14:00,0.0
03/11/2023 14:30,0.0
03/11/2023 15:00,0.0
03/11/2023 15:30,0.0
03/11/2023 16:00,0.0
03/11/2023 16:30,0.0
03/11/2023 17:00,0.0
03/11/2023 17:30,0.0
03/11/2023 18:00,0.0
03/11/2023 18:30,0.0
03/11/2023 19:00,0.0
03/11/2023 19:30,0.0
03/11/2023 20:00,0.0
03/11/2023 20:30,0.0
03/11/2023 21:00,0.0
03/11/2023 21:30,0.0
03/11/2023 22:00,0.0
03/11/2023 22:30,0.0
03/11/2023 23:00,0.0
03/11/2023 23:30,0.0
03/12/2023 00:00,0.0
03/12/2023 00:30,0.0
03/12/2023 01:00,0.0
03/12/2023 01:30,0.0
03/12/2023 02:00,0.0
03/12/2023 02:30,0.0
03/12/2023 03:00,0.0
03/12/2023 03:30,0.0
03/12/2023 04:00,0.0
03/12/2023 04:30,0.0
03/12/2023 05:00,0.0
03/12/2023 05:30,0.0
03/12/2023 06:00,0.0
03/12/2023 06:30,0.0
03/12/2023 07:00,0.0
03/12/2023 07:30,0.0
03/12/2023 08:00,0.0
03/12/2023 08:30,0.0
03/12/2023 09:00,0.0
03/12/2023 09:30,0.0
03/12/2023 10:00,0.0
03/12/2023 10:30,0.0
03/12/2023 11:00,0.0
03/12/2023 11:30,0.0
03/12/2023 12:00,0.0
03/12/2023 12:30,0.0
03/12/2023 13:00,0.0
03/12/2023 13:30,0.0
03/12/2023 14:00,0.0
03/12/2023 14:30,0.0
03/12/2023 15:00,0.0
03/12/2023 15:30,0.0
03/12/2023 16:00,0.0
03/12/2023 16:30,0.0
03/12/2023 17:00,0.0
03/12/2023 17:30,0.0
03/12/2023 18:00,0.0
03/12/2023 18:30,0.0
03/12/2023 19:00,0.0
03/12/2023 19:30,0.0
03/12/2023 20:00,0.0
03/12/2023 20:30,0.0
03/12/2023 21:00,0.0
03/12/2023 21:30,0.0
03/12/2023 22:00,0.0
03/12/2023 22:30,0.0
03/12/2023 23:00,0.0
03/12/2023 23:30,0.0
03/13/2023 00:00,0.0
03/13/2023 00:30,0.0
03/13/2023 01:00,0.0
03/13/2023 01:30,0.0
03/13/2023 02:00,0.0
03/13/2023 02:30,0.0
03/13/2023 03:00,0.0
03/13/2023 03:30,0.0
03/13/2023 04:00,0.0
03/13/2023 04:30,0.0
03/13/2023 05:00,0.0
03/13/2023 05:30,0.0
03/13/2023 06:00,0.0
03/13/2023 06:30,0.0
03/13/2023 07:00,0.0
03/13/2023 07:30,0.0
03/13/2023 08:00,0.0
03/13/2023 08:30,0.0
03/13/2023 09:00,0.0
03/13/2023 09:30,0.0
03/13/2023 10:00,0.0
03/13/2023 10:30,0.0
03/13/2023 11:00,0.0
03/13/2023 11:30,0.0
03/13/2023 12:00,0.0
03/13/2023 12:30,0.0
03/13/2023 13:00,0.0
03/13/2023 13:30,0.0
03/13/2023 14:00,0.0
03/13/2023 14:30,0.0
03/13/2023 15:00,0.0
03/13/2023 15:30,0.0
03/13/2023 16:00,0.0
03/13/2023 16:30,0.0
03/13/2023 17:00,0.0
03/13/2023 17:30,0.0
03/13/2023 18:00,0.0
03/13/2023 18:30,0.0
03/13/2023 19:00,0.0
03/13/2023 19:30,0.0
03/13/2023 20:00,0.0
03/13/2023 20:30,0.0
03/13/2023 21:00,0.0
03/13/2023 21:30,0.0
03/13/2023 22:00,0.0
03/13/2023 22:30,0.0
03/13/2023 23:00,0.0
03/13/2023 23:30,0.0
03/14/2023 00:00,0.0
03/14/2023 00:30,0.0
03/14/2023 01:00,0.0
03/14/2023 01:30,0.0
03/14/2023 02:00,0.0
03/14/2023 02:30,0.0
03/14/2023 03:00,0.0
03/14/2023 03:30,0.0
03/14/2023 04:00,0.0
03/14/2023 04:30,0.0
03/14/2023 05:00,0.0
03/14/2023 05:30,0.0
03/14/2023 06:00,0.0
03/14/2023 06:30,0.0
03/14/2023 07:00,0.0
03/14/2023 07:30,0.0
03/14/2023 08:00,0.0
03/14/2023 08:30,0.0
03/14/2023 09:00,0.0
03/14/2023 09:30,0.0
03/14/2023 10:00,0.0
03/14/2023 10:30,0.0
03/14/2023 11:00,0.0
03/14/2023 11:30,0.0
03/14/2023 12:00,0.0
03/14/2023 12:30,0.0
03/14/2023 13:00,0.0
03/14/2023 13:30,0.0
03/14/2023 14:00,0.0
03/14/2023 14:30,0.0
03/14/2023 15:00,0.0
03/14/2023 15:30,0.0
03/14/2023 16:00,0.0
03/14/2023 16:30,0.0
03/14/2023 17:00,0.0
03/14/2023 17:30,0.0
03/14/2023 18:00,0.0
03/14/2023 18:30,0.0
03/14/2023 19:00,0.0
03/14/2023 19:30,0.0
03/14/2023 20:00,0.0
03/14/2023 20:30,0.0
03/14/2023 21:00,0.0
03/14/2023 21:30,0.0
03/14/2023 22:00,0.0
03/14/2023 22:30,0.0
03/14/2023 23:00,0.0
03/14/2023 23:30,0.0
03/15/2023 00:00,0.0
03/15/2023 00:30,0.0
03/15/2023 01:00,0.0
03/15/2023 01:30,0.0
03/15/2023 02:00,0.0
03/15/2023 02:30,0.0
03/15/2023 03:00,0.0
03/15/2023 03:30,0.0
03/15/2023 04:00,0.0
03/15/2023 04:30,0.0
03/15/2023 05:00,0.0
03/15/2023 05:30,0.0
03/15/2023 06:00,0.0
03/15/2023 06:30,0.0
03/15/2023 07:00,0.0
03/15/2023 07:30,0.0
03/15/2023 08:00,0.0
03/15/2023 08:30,0.0
03/15/2023 09:00,0.0
03/15/2023 09:30,0.0
03/15/2023 10:00,0.0
03/15/2023 10:30,0.0
03/15/2023 11:00,0.0
03/15/2023 11:30,0.0
03/15/2023 12:00,0.0
03/15/2023 12:30,0.0
03/15/2023 13:00,0.0
03/15/2023 13:30,0.0
03/15/2023 14:00,0.0
03/15/2023 14:30,0.0
03/15/2023 15:00,0.0
03/15/2023 15:30,0.0
03/15/2023 16:00,0.0
03/15/2023 16:30,0.0
03/15/2023 17:00,0.0
03/15/2023 17:30,0.0
03/15/2023 18:00,0.0
03/15/2023 18:30,0.0
03/15/2023 19:00,0.0
03/15/2023 19:30,0.0
03/15/2023 20:00,0.0
03/15/2023 20:30,0.0
03/15/2023 21:00,0.0
03/15/2023 21:30,0.0
03/15/2023 22:00,0.0
03/15/2023 22:30,0.0
03/15/2023 23:00,0.0
03/15/2023 23:30,0.0
03/16/2023 00:00,0.0
03/16/2023 00:30,0.0
03/16/2023 01:00,0.0
03/16/2023 01:30,0.0
03/16/2023 02:00,0.0
03/16/2023 02:30,0.0
03/16/2023 03:00,0.0
03/16/2023 03:30,0.0
03/16/2023 04:00,0.0
03/16/2023 04:30,0.0
03/16/2023 05:00,0.0
03/16/2023 05:30,0.0
03/16/2023 06:00,0.0
03/16/2023 06:30,0.0
03/16/2023 07:00,0.0
03/16/2023 07:30,0.0
03/16/2023 08:00,0.0
03/16/2023 08:30,0.0
03/16/2023 09:00,0.0
03/16/2023 09:30,0.0
03/16/2023 10:00,0.0
03/16/2023 10:30,0.0
03/16/2023 11:00,0.0
03/16/2023 11:30,0.0
03/16/2023 12:00,0.0
03/16/2023 12:30,0.0
03/16/2023 13:00,0.0
03/16/2023 13:30,0.0
03/16/2023 14:00,0.0
03/16/2023 14:30,0.0
03/16/2023 15:00,0.0
03/16/2023 15:30,0.0
03/16/2023 16:00,0.0
03/16/2023 16:30,0.0
03/16/2023 17:00,0.0
03/16/2023 17:30,0.0
03/16/2023 18:00,0.0
03/16/2023 18:30,0.0
03/16/2023 19:00,0.0
03/16/2023 19:30,0.0
03/16/2023 20:00,0.0
03/16/2023 20:30,0.0
03/16/2023 21:00,0.0
03/16/2023 21:30,0.0
03/16/2023 22:00,0.0
03/16/2023 22:30,0.0
03/16/2023 23:00,0.0
03/16/2023 23:30,0.0
03/17/2023 00:00,0.0
03/17/2023 00:30,0.0
03/17/2023 01:00,0.0
03/17/2023 01:30,0.0
03/17/2023 02:00,0.0
03/17/2023 02:30,0.0
03/17/2023 03:00,0.0
03/17/2023 03:30,0.0
03/17/2023 04:00,0.0
03/17/2023 04:30,0.0
03/17/2023 05:00,0.0
03/17/2023 05:30,0.0
03/17/2023 06:00,0.0
03/17/2023 06:30,0.0
03/17/2023 07:00,0.0
03/17/2023 07:30,0.0
03/17/2023 08:00,0.0
03/17/2023 08:30,0.0
03/17/2023 09:00,0.0
03/17/2023 09:30,0.0
03/17/2023 10:00,0.0
03/17/2023 10:30,0.0
03/17/2023 11:00,0.0
03/17/2023 11:30,0.0
03/17/2023 12:00,0.0
03/17/2023 12:30,0.0
03/17/2023 13:00,0.0
03/17/2023 13:30,0.0
03/17/2023 14:00,0.0
03/17/2023 14:30,0.0
03/17/2023 15:00,0.0
03/17/2023 15:30,0.0
03/17/2023 16:00,0.0
03/17/2023 16:30,0.0
03/17/2023 17:00,0.0
03/17/2023 17:30,0.0
03/17/2023 18:00,0.0
03/17/2023 18:30,0.0
03/17/2023 19:00,0.0
03/17/2023 19:30,0.0
03/17/2023 20:00,0.0
03/17/2023 20:30,0.0
03/17/2023 21:00,0.0
03/17/2023 21:30,0.0
03/17/2023 22:00,0.0
03/17/2023 22:30,0.0
03/17/2023 23:00,0.0
03/17/2023 23:30,0.0
03/18/2023 00:00,0.0
03/18/2023 00:30,0.0
03/18/2023 01:00,0.0
03/18/2023 01:30,0.0
03/18/2023 02:00,0.0
03/18/2023 02:30,0.0
03/18/2023 03:00,0.0
03/18/2023 03:30,0.0
03/18/2023 04:00,0.0
03/18/2023 04:30,0.0
03/18/2023 05:00,0.0
03/18/2023 05:30,0.0
03/18/2023 06:00,0.0
03/18/2023 06:30,0.0
03/18/2023 07:00,0.0
03/18/2023 07:30,0.0
03/18/2023 08:00,0.0
03/18/2023 08:30,0.0
03/18/2023 09:00,0.0
03/18/2023 09:30,0.0
03/18/2023 10:00,0.0
03/18/2023 10:30,0.0
03/18/2023 11:00,0.0
03/18/2023 11:30,0.0
03/18/2023 12:00,0.0
03/18/2023 12:30,0.0
03/18/2023 13:00,0.0
03/18/2023 13:30,0.0
03/18/2023 14:00,0.0
03/18/2023 14:30,0.0
03/18/2023 15:00,0.0
03/18/2023 15:30,0.0
03/18/2023 16:00,0.0
03/18/2023 16:30,0.0
03/18/2023 17:00,0.0
03/18/2023 17:30,0.0
03/18/2023 18:00,0.0
03/18/2023 18:30,0.0
03/18/2023 19:00,0.0
03/18/2023 19:30,0.0
03/18/2023 20:00,0.0
03/18/2023 20:30,0.0
03/18/2023 21:00,0.0
03/18/2023 21:30,0.0
03/18/2023 22:00,0.0
03/18/2023 22:30,0.0
03/18/2023 23:00,0.0
03/18/2023 23:30,0.0
03/19/2023 00:00,0.0
03/19/2023 00:30,0.0
03/19/2023 01:00,0.0
03/19/2023 01:30,0.0
03/19/2023 02:00,0.0
03/19/2023 02:30,0.0
03/19/2023 03:00,0.0
03/19/2023 03:30,0.0
03/19/2023 04:00,0.0
03/19/2023 04:30,0.0
03/19/2023 05:00,0.0
03/19/2023 05:30,0.0
03/19/2023 06:00,0.0
03/19/2023 06:30,0.0
03/19/2023 07:00,0.0
03/19/2023 07:30,0.0
03/19/2023 08:00,0.0
03/19/2023 08:30,0.0
03/19/2023 09:00,0.0
03/19/2023 09:30,0.0
03/19/2023 10:00,0.0
03/19/2023 10:30,0.0
03/19/2023 11:00,0.0
03/19/2023 11:30,0.0
03/19/2023 12:00,0.0
03/19/2023 12:30,0.0
03/19/2023 13:00,0.0
03/19/2023 13:30,0.0
03/19/2023 14:00,0.0
03/19/2023 14:30,0.0
03/19/2023 15:00,0.0
03/19/2023 15:30,0.0
03/19/2023 16:00,0.0
03/19/2023 16:30,0.0
03/19/2023 17:00,0.0
03/19/2023 17:30,0.0
03/19/2023 18:00,0.0
03/19/2023 18:30,0.0
03/19/2023 19:00,0.0
03/19/2023 19:30,0.0
03/19/2023 20:00,0.0
03/19/2023 20:30,0.0
03/19/2023 21:00,0.0
03/19/2023 21:30,0.0
03/19/2023 22:00,0.0
03/19/2023 22:30,0.0
03/19/2023 23:00,0.0
03/19/2023 23:30,0.0
03/20/2023 00:00,0.0
03/20/2023 00:30,0.0
03/20/2023 01:00,0.0
03/20/2023 01:30,0.0
03/20/2023 02:00,0.0
03/20/2023 02:30,0.0
03/20/2023 03:00,0.0
03/20/2023 03:30,0.0
03/20/2023 04:00,0.0
03/20/2023 04:30,0.0
03/20/2023 05:00,0.0
03/20/2023 05:30,0.0
03/20/2023 06:00,0.0
03/20/2023 06:30,0.0
03/20/2023 07:00,0.0
03/20/2023 07:30,0.0
03/20/2023 08:00,0.0
03/20/2023 08:30,0.0
03/20/2023 09:00,0.0
03/20/2023 09:30,0.0
03/20/2023 10:00,0.0
03/20/2023 10:30,0.0
03/20/2023 11:00,0.0
03/20/2023 11:30,0.0
03/20/2023 12:00,0.0
03/20/2023 12:30,0.0
03/20/2023 13:00,0.0
03/20/2023 13:30,0.0
03/20/2023 14:00,0.0
03/20/2023 14:30,0.0
03/20/2023 15:00,0.0
03/20/2023 15:30,0.0
03/20/2023 16:00,0.0
03/20/2023 16:30,0.0
03/20/2023 17:00,0.0
03/20/2023 17:30,0.0
03/20/2023 18:00,0.0
03/20/2023 18:30,0.0
03/20/2023 19:00,0.0
03/20/2023 19:30,0.0
03/20/2023 20:00,0.0
03/20/2023 20:30,0.0
03/20/2023 21:00,0.0
03/20/2023 21:30,0.0
03/20/2023 22:00,0.0
03/20/2023 22:30,0.0
03/20/2023 23:00,0.0
03/20/2023 23:30,0.0
03/21/2023 00:00,0.0
03/21/2023 00:00,0.0
03/21/2023 00:30,0.0
03/21/2023 00:30,0.0
03/21/2023 01:00,0.0
03/21/2023 01:00,0.0
03/21/2023 01:30,0.0
03/21/2023 01:30,0.0
03/21/2023 02:00,0.0
03/21/2023 02:00,0.0
03/21/2023 02:30,0.0
03/21/2023 02:30,0.0
03/21/2023 03:00,0.0
03/21/2023 03:00,0.0
03/21/2023 03:30,0.0
03/21/2023 03:30,0.0
03/21/2023 04:00,0.0
03/21/2023 04:00,0.0
03/21/2023 04:30,0.0
03/21/2023 04:30,0.0
03/21/2023 05:00,0.0
03/21/2023 05:00,0.0
03/21/2023 05:30,0.0
03/21/2023 05:30,0.0
03/21/2023 06:00,0.0
03/21/2023 06:00,0.0
03/21/2023 06:30,0.0
03/21/2023 06:30,0.0
03/21/2023 07:00,0.0
03/21/2023 07:00,0.0
03/21/2023 07:30,0.0
03/21/2023 07:30,0.0
03/21/2023 08:00,0.0
03/21/2023 08:00,0.0
03/21/2023 08:30,0.0
03/21/2023 08:30,0.0
03/21/2023 09:00,0.0
03/21/2023 09:00,0.0
03/21/2023 09:30,0.0
03/21/2023 09:30,0.0
03/21/2023 10:00,0.0
03/21/2023 10:00,0.0
03/21/2023 10:30,0.0
03/21/2023 10:30,0.0
03/21/2023 11:00,0.0
03/21/2023 11:00,0.0
03/21/2023 11:30,0.0
03/21/2023 11:30,0.0
03/21/2023 12:00,0.0
03/21/2023 12:00,0.0
03/21/2023 12:30,0.0
03/21/2023 12:30,0.0
03/21/2023 13:00,0.0
03/21/2023 13:00,0.0
03/21/2023 13:30,0.0
03/21/2023 13:30,0.0
03/21/2023 14:00,0.0
03/21/2023 14:00,0.0
03/21/2023 14:30,0.0
03/21/2023 14:30,0.0
03/21/2023 15:00,0.0
03/21/2023 15:00,0.0
03/21/2023 15:30,0.0
03/21/2023 15:30,0.0
03/21/2023 16:00,0.0
03/21/2023 16:00,0.0
03/21/2023 16:30,0.0
03/21/2023 16:30,0.0
03/21/2023 17:00,0.0
03/21/2023 17:00,0.0
03/21/2023 17:30,0.0
03/21/2023 17:30,0.0
03/21/2023 18:00,0.0
03/21/2023 18:00,0.0
03/21/2023 18:30,0.0
03/21/2023 18:30,0.0
03/21/2023 19:00,0.0
03/21/2023 19:00,0.0
03/21/2023 19:30,0.0
03/21/2023 19:30,0.0
03/21/2023 20:00,0.0
03/21/2023 20:00,0.0
03/21/2023 20:30,0.0
03/21/2023 20:30,0.0
03/21/2023 21:00,0.0
03/21/2023 21:00,0.0
03/21/2023 21:30,0.0
03/21/2023 21:30,0.0
03/21/2023 22:00,0.0
03/21/2023 22:00,0.0
03/21/2023 22:30,0.0
03/21/2023 22:30,0.0
03/21/2023 23:00,0.0
03/21/2023 23:00,0.0
03/21/2023 23:30,0.0
03/21/2023 23:30,0.0
03/22/2023 00:00,0.0
03/22/2023 00:30,0.0
03/22/2023 01:00,0.0
03/22/2023 01:30,0.0
03/22/2023 02:00,0.0
03/22/2023 02:30,0.0
03/22/2023 03:00,0.0
03/22/2023 03:30,0.0
03/22/2023 04:00,0.0
03/22/2023 04:30,0.0
03/22/2023 05:00,0.0
03/22/2023 05:30,0.0
03/22/2023 06:00,0.0
03/22/2023 06:30,0.0
03/22/2023 07:00,0.0
03/22/2023 07:30,0.0
03/22/2023 08:00,0.0
03/22/2023 08:30,0.0
03/22/2023 09:00,0.0
03/22/2023 09:30,0.0
03/22/2023 10:00,0.0
03/22/2023 10:30,0.0
03/22/2023 11:00,0.0
03/22/2023 11:30,0.0
03/22/2023 12:00,0.0
03/22/2023 12:30,0.0
03/22/2023 13:00,0.0
03/22/2023 13:30,0.0
03/22/2023 14:00,0.0
03/22/2023 14:30,0.0
03/22/2023 15:00,0.0
03/22/2023 15:30,0.0
03/22/2023 16:00,0.0
03/22/2023 16:30,0.0
03/22/2023 17:00,0.0
03/22/2023 17:30,0.0
03/22/2023 18:00,0.0
03/22/2023 18:30,0.0
03/22/2023 19:00,0.0
03/22/2023 19:30,0.0
03/22/2023 20:00,0.0
03/22/2023 20:30,0.0
03/22/2023 21:00,0.0
03/22/2023 21:30,0.0
03/22/2023 22:00,0.0
03/22/2023 22:30,0.0
03/22/2023 23:00,0.0
03/22/2023 23:30,0.0
03/23/2023 00:00,0.0
03/23/2023 00:30,0.0
03/23/2023 01:00,0.0
03/23/2023 01:30,0.0
03/23/2023 02:00,0.0
03/23/2023 02:30,0.0
03/23/2023 03:00,0.0
03/23/2023 03:30,0.0
03/23/2023 04:00,0.0
03/23/2023 04:30,0.0
03/23/2023 05:00,0.0
03/23/2023 05:30,0.0
03/23/2023 06:00,0.0
03/23/2023 06:30,0.0
03/23/2023 07:00,0.0
03/23/2023 07:30,0.0
03/23/2023 08:00,0.0
03/23/2023 08:30,0.0
03/23/2023 09:00,0.0
03/23/2023 09:30,0.0
03/23/2023 10:00,0.0
03/23/2023 10:30,0.0
03/23/2023 11:00,0.0
03/23/2023 11:30,0.0
03/23/2023 12:00,0.0
03/23/2023 12:30,0.0
03/23/2023 13:00,0.0
03/23/2023 13:30,0.0
03/23/2023 14:00,0.0
03/23/2023 14:30,0.0
03/23/2023 15:00,0.0
03/23/2023 15:30,0.0
03/23/2023 16:00,0.0
03/23/2023 16:30,0.0
03/23/2023 17:00,0.0
03/23/2023 17:30,0.0
03/23/2023 18:00,0.0
03/23/2023 18:30,0.0
03/23/2023 19:00,0.0
03/23/2023 19:30,0.0
03/23/2023 20:00,0.0
03/23/2023 20:30,0.0
03/23/2023 21:00,0.0
03/23/2023 21:30,0.0
03/23/2023 22:00,0.0
03/23/2023 22:30,0.0
03/23/2023 23:00,0.0
03/23/2023 23:30,0.0
03/24/2023 00:00,0.0
03/24/2023 00:30,0.0
03/24/2023 01:00,0.0
03/24/2023 01:30,0.0
03/24/2023 02:00,0.0
03/24/2023 02:30,0.0
03/24/2023 03:00,0.0
03/24/2023 03:30,0.0
03/24/2023 04:00,0.0
03/24/2023 04:30,0.0
03/24/2023 05:00,0.0
03/24/2023 05:30,0.0
03/24/2023 06:00,0.0
03/24/2023 06:30,0.0
03/24/2023 07:00,0.0
03/24/2023 07:30,0.0
03/24/2023 08:00,0.0
03/24/2023 08:30,0.0
03/24/2023 09:00,0.0
03/24/2023 09:30,0.0
03/24/2023 10:00,0.0
03/24/2023 10:30,0.0
03/24/2023 11:00,0.0
03/24/2023 11:30,0.0
03/24/2023 12:00,0.0
03/24/2023 12:30,0.0
03/24/2023 13:00,0.0
03/24/2023 13:30,0.0
03/24/2023 14:00,0.0
03/24/2023 14:30,0.0
03/24/2023 15:00,0.0
03/24/2023 15:30,0.0
03/24/2023 16:00,0.0
03/24/2023 16:30,0.0
03/24/2023 17:00,0.0
03/24/2023 17:30,0.0
03/24/2023 18:00,0.0
03/24/2023 18:30,0.0
03/24/2023 19:00,0.0
03/24/2023 19:30,0.0
03/24/2023 20:00,0.0
03/24/2023 20:30,0.0
03/24/2023 21:00,0.0
03/24/2023 21:30,0.0
03/24/2023 22:00,0.0
03/24/2023 22:30,0.0
03/24/2023 23:00,0.0
03/24/2023 23:30,0.0
03/25/2023 00:00,0.0
03/25/2023 00:30,0.0
03/25/2023 01:00,0.0
03/25/2023 01:30,0.0
03/25/2023 02:00,0.0
03/25/2023 02:30,0.0
03/25/2023 03:00,0.0
03/25/2023 03:30,0.0
03/25/2023 04:00,0.0
03/25/2023 04:30,0.0
03/25/2023 05:00,0.0
03/25/2023 05:30,0.0
03/25/2023 06:00,0.0
03/25/2023 06:30,0.0
03/25/2023 07:00,0.0
03/25/2023 07:30,0.0
03/25/2023 08:00,0.0
03/25/2023 08:30,0.0
03/25/2023 09:00,0.0
03/25/2023 09:30,0.0
03/25/2023 10:00,0.0
03/25/2023 10:30,0.0
03/25/2023 11:00,0.0
03/25/2023 11:30,0.0
03/25/2023 12:00,0.0
03/25/2023 12:30,0.0
03/25/2023 13:00,0.0
03/25/2023 13:30,0.0
03/25/2023 14:00,0.0
03/25/2023 14:30,0.0
03/25/2023 15:00,0.0
03/25/2023 15:30,0.0
03/25/2023 16:00,0.0
03/25/2023 16:30,0.0
03/25/2023 17:00,0.0
03/25/2023 17:30,0.0
03/25/2023 18:00,0.0
03/25/2023 18:30,0.0
03/25/2023 19:00,0.0
03/25/2023 19:30,0.0
03/25/2023 20:00,0.0
03/25/2023 20:30,0.0
03/25/2023 21:00,0.0
03/25/2023 21:30,0.0
03/25/2023 22:00,0.0
03/25/2023 22:30,0.0
03/25/2023 23:00,0.0
03/25/2023 23:30,0.0
03/26/2023 00:00,0.0
03/26/2023 00:30,0.0
03/26/2023 01:00,0.0
03/26/2023 01:30,0.0
03/26/2023 02:00,0.0
03/26/2023 02:30,0.0
03/26/2023 03:00,0.0
03/26/2023 03:30,0.0
03/26/2023 04:00,0.0
03/26/2023 04:30,0.0
03/26/2023 05:00,0.0
03/26/2023 05:30,0.0
03/26/2023 06:00,0.0
03/26/2023 06:30,0.0
03/26/2023 07:00,0.0
03/26/2023 07:30,0.0
03/26/2023 08:00,0.0
03/26/2023 08:30,0.0
03/26/2023 09:00,0.0
03/26/2023 09:30,0.0
03/26/2023 10:00,0.0
03/26/2023 10:30,0.0
03/26/2023 11:00,0.0
03/26/2023 11:30,0.0
03/26/2023 12:00,0.0
03/26/2023 12:30,0.0
03/26/2023 13:00,0.0
03/26/2023 13:30,0.0
03/26/2023 14:00,0.0
03/26/2023 14:30,0.0
03/26/2023 15:00,0.0
03/26/2023 15:30,0.0
03/26/2023 16:00,0.0
03/26/2023 16:30,0.0
03/26/2023 17:00,0.0
03/26/2023 17:30,0.0
03/26/2023 18:00,0.0
03/26/2023 18:30,0.0
03/26/2023 19:00,0.0
03/26/2023 19:30,0.0
03/26/2023 20:00,0.0
03/26/2023 20:30,0.0
03/26/2023 21:00,0.0
03/26/2023 21:30,0.0
03/26/2023 22:00,0.0
03/26/2023 22:30,0.0
03/26/2023 23:00,0.0
03/26/2023 23:30,0.0
03/27/2023 00:00,0.0
03/27/2023 00:30,0.0
03/27/2023 01:00,0.0
03/27/2023 01:30,0.0
03/27/2023 02:00,0.0
03/27/2023 02:30,0.0
03/27/2023 03:00,0.0
03/27/2023 03:30,0.0
03/27/2023 04:00,0.0
03/27/2023 04:30,0.0
03/27/2023 05:00,0.0
03/27/2023 05:30,0.0
03/27/2023 06:00,0.0
03/27/2023 06:30,0.0
03/27/2023 07:00,0.0
03/27/2023 07:30,0.0
03/27/2023 08:00,0.0
03/27/2023 08:30,0.0
03/27/2023 09:00,0.0
03/27/2023 09:30,0.0
03/27/2023 10:00,0.0
03/27/2023 10:30,0.0
03/27/2023 11:00,0.0
03/27/2023 11:30,0.0
03/27/2023 12:00,0.0
03/27/2023 12:30,0.0
03/27/2023 13:00,0.0
03/27/2023 13:30,0.0
03/27/2023 14:00,0.0
03/27/2023 14:30,0.0
03/27/2023 15:00,0.0
03/27/2023 15:30,0.0
03/27/2023 16:00,0.0
03/27/2023 16:30,0.0
03/27/2023 17:00,0.0
03/27/2023 17:30,0.0
03/27/2023 18:00,0.0
03/27/2023 18:30,0.0
03/27/2023 19:00,0.0
03/27/2023 19:30,0.0
03/27/2023 20:00,0.0
03/27/2023 20:30,0.0
03/27/2023 21:00,0.0
03/27/2023 21:30,0.0
03/27/2023 22:00,0.0
03/27/2023 22:30,0.0
03/27/2023 23:00,0.0
03/27/2023 23:30,0.0
03/28/2023 00:00,0.0
03/28/2023 00:30,0.0
03/28/2023 01:00,0.0
03/28/2023 01:30,0.0
03/28/2023 02:00,0.0
03/28/2023 02:30,0.0
03/28/2023 03:00,0.0
03/28/2023 03:30,0.0
03/28/2023 04:00,0.0
03/28/2023 04:30,0.0
03/28/2023 05:00,0.0
03/28/2023 05:30,0.0
03/28/2023 06:00,0.0
03/28/2023 06:30,0.0
03/28/2023 07:00,0.0
03/28/2023 07:30,0.0
03/28/2023 08:00,0.0
03/28/2023 08:30,0.0
03/28/2023 09:00,0.0
03/28/2023 09:30,0.0
03/28/2023 10:00,0.0
03/28/2023 10:30,0.0
03/28/2023 11:00,0.0
03/28/2023 11:30,0.0
03/28/2023 12:00,0.0
03/28/2023 12:30,0.0
03/28/2023 13:00,0.0
03/28/2023 13:30,0.0
03/28/2023 14:00,0.0
03/28/2023 14:30,0.0
03/28/2023 15:00,0.0
03/28/2023 15:30,0.0
03/28/2023 16:00,0.0
03/28/2023 16:30,0.0
03/28/2023 17:00,0.0
03/28/2023 17:30,0.0
03/28/2023 18:00,0.0
03/28/2023 18:30,0.0
03/28/2023 19:00,0.0
03/28/2023 19:30,0.0
03/28/2023 20:00,0.0
03/28/2023 20:30,0.0
03/28/2023 21:00,0.0
03/28/2023 21:30,0.0
03/28/2023 22:00,0.0
03/28/2023 22:30,0.0
03/28/2023 23:00,0.0
03/28/2023 23:30,0.0
03/29/2023 00:00,0.0
03/29/2023 00:30,0.0
03/29/2023 01:00,0.0
03/29/2023 01:30,0.0
03/29/2023 02:00,0.0
03/29/2023 02:30,0.0
03/29/2023 03:00,0.0
03/29/2023 03:30,0.0
03/29/2023 04:00,0.0
03/29/2023 04:30,0.0
03/29/2023 05:00,0.0
03/29/2023 05:30,0.0
03/29/2023 06:00,0.0
03/29/2023 06:30,0.0
03/29/2023 07:00,0.0
03/29/2023 07:30,0.0
03/29/2023 08:00,0.0
03/29/2023 08:30,0.0
03/29/2023 09:00,0.0
03/29/2023 09:30,0.0
03/29/2023 10:00,0.0
03/29/2023 10:30,0.0
03/29/2023 11:00,0.0
03/29/2023 11:30,0.0
03/29/2023 12:00,0.0
03/29/2023 12:30,0.0
03/29/2023 13:00,0.0
03/29/2023 13:30,0.0
03/29/2023 14:00,0.0
03/29/2023 14:30,0.0
03/29/2023 15:00,0.0
03/29/2023 15:30,0.0
03/29/2023 16:00,0.0
03/29/2023 16:30,0.0
03/29/2023 17:00,0.0
03/29/2023 17:30,0.0
03/29/2023 18:00,0.0
03/29/2023 18:30,0.0
03/29/2023 19:00,0.0
03/29/2023 19:30,0.0
03/29/2023 20:00,0.0
03/29/2023 20:30,0.0
03/29/2023 21:00,0.0
03/29/2023 21:30,0.0
03/29/2023 22:00,0.0
03/29/2023 22:30,0.0
03/29/2023 23:00,0.0
03/29/2023 23:30,0.0
03/30/2023 00:00,0.0
03/30/2023 00:30,0.0
03/30/2023 01:00,0.0
03/30/2023 01:30,0.0
03/30/2023 02:00,0.0
03/30/2023 02:30,0.0
03/30/2023 03:00,0.0
03/30/2023 03:30,0.0
03/30/2023 04:00,0.0
03/30/2023 04:30,0.0
03/30/2023 05:00,0.0
03/30/2023 05:30,0.0
03/30/2023 06:00,0.0
03/30/2023 06:30,0.0
03/30/2023 07:00,0.0
03/30/2023 07:30,0.0
03/30/2023 08:00,0.0
03/30/2023 08:30,0.0
03/30/2023 09:00,0.0
03/30/2023 09:30,0.0
03/30/2023 10:00,0.0
03/30/2023 10:30,0.0
03/30/2023 11:00,0.0
03/30/2023 11:30,0.0
03/30/2023 12:00,0.0
03/30/2023 12:30,0.0
03/30/2023 13:00,0.0
03/30/2023 13:30,0.0
03/30/2023 14:00,0.0
03/30/2023 14:30,0.0
03/30/2023 15:00,0.0
03/30/2023 15:30,0.0
03/30/2023 16:00,0.0
03/30/2023 16:30,0.0
03/30/2023 17:00,0.0
03/30/2023 17:30,0.0
03/30/2023 18:00,0.0
03/30/2023 18:30,0.0
03/30/2023 19:00,0.0
03/30/2023 19:30,0.0
03/30/2023 20:00,0.0
03/30/2023 20:30,0.0
03/30/2023 21:00,0.0
03/30/2023 21:30,0.0
03/30/2023 22:00,0.0
03/30/2023 22:30,0.0
03/30/2023 23:00,0.0
03/30/2023 23:30,0.0
03/31/2023 00:00,0.0
03/31/2023 00:30,0.0
03/31/2023 01:00,0.0
03/31/2023 01:30,0.0
03/31/2023 02:00,0.0
03/31/2023 02:30,0.0
03/31/2023 03:00,0.0
03/31/2023 03:30,0.0
03/31/2023 04:00,0.0
03/31/2023 04:30,0.0
03/31/2023 05:00,0.0
03/31/2023 05:30,0.0
03/31/2023 06:00,0.0
03/31/2023 06:30,0.0
03/31/2023 07:00,0.0
03/31/2023 07:30,0.0
03/31/2023 08:00,0.0
03/31/2023 08:30,0.0
03/31/2023 09:00,0.0
03/31/2023 09:30,0.0
03/31/2023 10:00,0.0
03/31/2023 10:30,0.0
03/31/2023 11:00,0.0
03/31/2023 11:30,0.0
03/31/2023 12:00,0.0
03/31/2023 12:30,0.0
03/31/2023 13:00,0.0
03/31/2023 13:30,0.0
03/31/2023 14:00,0.0
03/31/2023 14:30,0.0
03/31/2023 15:00,0.0
03/31/2023 15:30,0.0
03/31/2023 16:00,0.0
03/31/2023 16:30,0.0
03/31/2023 17:00,0.0
03/31/2023 17:30,0.0
03/31/2023 18:00,0.0
03/31/2023 18:30,0.0
03/31/2023 19:00,0.0
03/31/2023 19:30,0.0
03/31/2023 20:00,0.0
03/31/2023 20:30,0.0
03/31/2023 21:00,0.0
03/31/2023 21:30,0.0
03/31/2023 22:00,0.0
03/31/2023 22:30,0.0
03/31/2023 23:00,0.0
03/31/2023 23:30,0.0
04/01/2023 00:00,0.0
04/01/2023 00:30,0.0
04/01/2023 01:00,0.0
04/01/2023 01:30,0.0
04/01/2023 02:00,0.0
04/01/2023 02:30,0.0
04/01/2023 03:00,0.0
04/01/2023 03:30,0.0
04/01/2023 04:00,0.0
04/01/2023 04:30,0.0
04/01/2023 05:00,0.0
04/01/2023 05:30,0.0
04/01/2023 06:00,0.0
04/01/2023 06:30,0.0
04/01/2023 07:00,0.0
04/01/2023 07:30,0.0
04/01/2023 08:00,0.0
04/01/2023 08:30,0.0
04/01/2023 09:00,0.0
04/01/2023 09:30,0.0
04/01/2023 10:00,0.0
04/01/2023 10:30,0.0
04/01/2023 11:00,0.0
04/01/2023 11:30,0.0
04/01/2023 12:00,0.0
04/01/2023 12:30,0.0
04/01/2023 13:00,0.0
04/01/2023 13:30,0.0
04/01/2023 14:00,0.0
04/01/2023 14:30,0.0
04/01/2023 15:00,0.0
04/01/2023 15:30,0.0
04/01/2023 16:00,0.0
04/01/2023 16:30,0.0
04/01/2023 17:00,0.0
04/01/2023 17:30,0.0
04/01/2023 18:00,0.0
04/01/2023 18:30,0.0
04/01/2023 19:00,0.0
04/01/2023 19:30,0.0
04/01/2023 20:00,0.0
04/01/2023 20:30,0.0
04/01/2023 21:00,0.0
04/01/2023 21:30,0.0
04/01/2023 22:00,0.0
04/01/2023 22:30,0.0
04/01/2023 23:00,0.0
04/01/2023 23:30,0.0
04/02/2023 00:00,0.0
04/02/2023 00:30,0.0
04/02/2023 01:00,0.0
04/02/2023 01:30,0.0
04/02/2023 02:00,0.0
04/02/2023 02:30,0.0
04/02/2023 03:00,0.0
04/02/2023 03:30,0.0
04/02/2023 04:00,0.0
04/02/2023 04:30,0.0
04/02/2023 05:00,0.0
04/02/2023 05:30,0.0
04/02/2023 06:00,0.0
04/02/2023 06:30,0.0
04/02/2023 07:00,0.0
04/02/2023 07:30,0.0
04/02/2023 08:00,0.0
04/02/2023 08:30,0.0
04/02/2023 09:00,0.0
04/02/2023 09:30,0.0
04/02/2023 10:00,0.0
04/02/2023 10:30,0.0
04/02/2023 11:00,0.0
04/02/2023 11:30,0.0
04/02/2023 12:00,0.0
04/02/2023 12:30,0.0
04/02/2023 13:00,0.0
04/02/2023 13:30,0.0
04/02/2023 14:00,0.0
04/02/2023 14:30,0.0
04/02/2023 15:00,0.0
04/02/2023 15:30,0.0
04/02/2023 16:00,0.0
04/02/2023 16:30,0.0
04/02/2023 17:00,0.0
04/02/2023 17:30,0.0
04/02/2023 18:00,0.0
04/02/2023 18:30,0.0
04/02/2023 19:00,0.0
04/02/2023 19:30,0.0
04/02/2023 20:00,0.0
04/02/2023 20:30,0.0
04/02/2023 21:00,0.0
04/02/2023 21:30,0.0
04/02/2023 22:00,0.0
04/02/2023 22:30,0.0
04/02/2023 23:00,0.0
04/02/2023 23:30,0.0
04/03/2023 00:00,0.0
04/03/2023 00:30,0.0
04/03/2023 01:00,0.0
04/03/2023 01:30,0.0
04/03/2023 02:00,0.0
04/03/2023 02:30,0.0
04/03/2023 03:00,0.0
04/03/2023 03:30,0.0
04/03/2023 04:00,0.0
04/03/2023 04:30,0.0
04/03/2023 05:00,0.0
04/03/2023 05:30,0.0
04/03/2023 06:00,0.0
04/03/2023 06:30,0.0
04/03/2023 07:00,0.0
04/03/2023 07:30,0.0
04/03/2023 08:00,0.0
04/03/2023 08:30,0.0
04/03/2023 09:00,0.0
04/03/2023 09:30,0.0
04/03/2023 10:00,0.0
04/03/2023 10:30,0.0
04/03/2023 11:00,0.0
04/03/2023 11:30,0.0
04/03/2023 12:00,0.0
04/03/2023 12:30,0.0
04/03/2023 13:00,0.0
04/03/2023 13:30,0.0
04/03/2023 14:00,0.0
04/03/2023 14:30,0.0
04/03/2023 15:00,0.0
04/03/2023 15:30,0.0
04/03/2023 16:00,0.0
04/03/2023 16:30,0.0
04/03/2023 17:00,0.0
04/03/2023 17:30,0.0
04/03/2023 18:00,0.0
04/03/2023 18:30,0.0
04/03/2023 19:00,0.0
04/03/2023 19:30,0.0
04/03/2023 20:00,0.0
04/03/2023 20:30,0.0
04/03/2023 21:00,0.0
04/03/2023 21:30,0.0
04/03/2023 22:00,0.0
04/03/2023 22:30,0.0
04/03/2023 23:00,0.0
04/03/2023 23:30,0.0
04/04/2023 00:00,0.0
04/04/2023 00:30,0.0
04/04/2023 01:00,0.0
04/04/2023 01:30,0.0
04/04/2023 02:00,0.0
04/04/2023 02:30,0.0
04/04/2023 03:00,0.0
04/04/2023 03:30,0.0
04/04/2023 04:00,0.0
04/04/2023 04:30,0.0
04/04/2023 05:00,0.0
04/04/2023 05:30,0.0
04/04/2023 06:00,0.0
04/04/2023 06:30,0.0
04/04/2023 07:00,0.0
04/04/2023 07:30,0.0
04/04/2023 08:00,0.0
04/04/2023 08:30,0.0
04/04/2023 09:00,0.0
04/04/2023 09:30,0.0
04/04/2023 10:00,0.0
04/04/2023 10:30,0.0
04/04/2023 11:00,0.0
04/04/2023 11:30,0.0
04/04/2023 12:00,0.0
04/04/2023 12:30,0.0
04/04/2023 13:00,0.0
04/04/2023 13:30,0.0
04/04/2023 14:00,0.0
04/04/2023 14:30,0.0
04/04/2023 15:00,0.0
04/04/2023 15:30,0.0
04/04/2023 16:00,0.0
04/04/2023 16:30,0.0
04/04/2023 17:00,0.0
04/04/2023 17:30,0.0
04/04/2023 18:00,0.0
04/04/2023 18:30,0.0
04/04/2023 19:00,0.0
04/04/2023 19:30,0.0
04/04/2023 20:00,0.0
04/04/2023 20:30,0.0
04/04/2023 21:00,0.0
04/04/2023 21:30,0.0
04/04/2023 22:00,0.0
04/04/2023 22:30,0.0
04/04/2023 23:00,0.0
04/04/2023 23:30,0.0
04/05/2023 00:00,0.0
04/05/2023 00:30,0.0
04/05/2023 01:00,0.0
04/05/2023 01:30,0.0
04/05/2023 02:00,0.0
04/05/2023 02:30,0.0
04/05/2023 03:00,0.0
04/05/2023 03:30,0.0
04/05/2023 04:00,0.0
04/05/2023 04:30,0.0
04/05/2023 05:00,0.0
04/05/2023 05:30,0.0
04/05/2023 06:00,0.0
04/05/2023 06:30,0.0
04/05/2023 07:00,0.0
04/05/2023 07:30,0.0
04/05/2023 08:00,0.0
04/05/2023 08:30,0.0
04/05/2023 09:00,0.0
04/05/2023 09:30,0.0
04/05/2023 10:00,0.0
04/05/2023 10:30,0.0
04/05/2023 11:00,0.0
04/05/2023 11:30,0.0
04/05/2023 12:00,0.0
04/05/2023 12:30,0.0
04/05/2023 13:00,0.0
04/05/2023 13:30,0.0
04/05/2023 14:00,0.0
04/05/2023 14:30,0.0
04/05/2023 15:00,0.0
04/05/2023 15:30,0.0
04/05/2023 16:00,0.0
04/05/2023 16:30,0.0
04/05/2023 17:00,0.0
04/05/2023 17:30,0.0
04/05/2023 18:00,0.0
04/05/2023 18:30,0.0
04/05/2023 19:00,0.0
04/05/2023 19:30,0.0
04/05/2023 20:00,0.0
04/05/2023 20:30,0.0
04/05/2023 21:00,0.0
04/05/2023 21:30,0.0
04/05/2023 22:00,0.0
04/05/2023 22:30,0.0
04/05/2023 23:00,0.0
04/05/2023 23:30,0.0
04/06/2023 00:00,0.0
04/06/2023 00:30,0.0
04/06/2023 01:00,0.0
04/06/2023 01:30,0.0
04/06/2023 02:00,0.0
04/06/2023 02:30,0.0
04/06/2023 03:00,0.0
04/06/2023 03:30,0.0
04/06/2023 04:00,0.0
04/06/2023 04:30,0.0
04/06/2023 05:00,0.0
04/06/2023 05:30,0.0
04/06/2023 06:00,0.0
04/06/2023 06:30,0.0
04/06/2023 07:00,0.0
04/06/2023 07:30,0.0
04/06/2023 08:00,0.0
04/06/2023 08:30,0.0
04/06/2023 09:00,0.0
04/06/2023 09:30,0.0
04/06/2023 10:00,0.0
04/06/2023 10:30,0.0
04/06/2023 11:00,0.0
04/06/2023 11:30,0.0
04/06/2023 12:00,0.0
04/06/2023 12:30,0.0
04/06/2023 13:00,0.0
04/06/2023 13:30,0.0
04/06/2023 14:00,0.0
04/06/2023 14:30,0.0
04/06/2023 15:00,0.0
04/06/2023 15:30,0.0
04/06/2023 16:00,0.0
04/06/2023 16:30,0.0
04/06/2023 17:00,0.0
04/06/2023 17:30,0.0
04/06/2023 18:00,0.0
04/06/2023 18:30,0.0
04/06/2023 19:00,0.0
04/06/2023 19:30,0.0
04/06/2023 20:00,0.0
04/06/2023 20:30,0.0
04/06/2023 21:00,0.0
04/06/2023 21:30,0.0
04/06/2023 22:00,0.0
04/06/2023 22:30,0.0
04/06/2023 23:00,0.0
04/06/2023 23:30,0.0
04/07/2023 00:00,0.0
04/07/2023 00:30,0.0
04/07/2023 01:00,0.0
04/07/2023 01:30,0.0
04/07/2023 02:00,0.0
04/07/2023 02:30,0.0
04/07/2023 03:00,0.0
04/07/2023 03:30,0.0
04/07/2023 04:00,0.0
04/07/2023 04:30,0.0
04/07/2023 05:00,0.0
04/07/2023 05:30,0.0
04/07/2023 06:00,0.0
04/07/2023 06:30,0.0
04/07/2023 07:00,0.0
04/07/2023 07:30,0.0
04/07/2023 08:00,0.0
04/07/2023 08:30,0.0
04/07/2023 09:00,0.0
04/07/2023 09:30,0.0
04/07/2023 10:00,0.0
04/07/2023 10:30,0.0
04/07/2023 11:00,0.0
04/07/2023 11:30,0.0
04/07/2023 12:00,0.0
04/07/2023 12:30,0.0
04/07/2023 13:00,0.0
04/07/2023 13:30,0.0
04/07/2023 14:00,0.0
04/07/2023 14:30,0.0
04/07/2023 15:00,0.0
04/07/2023 15:30,0.0
04/07/2023 16:00,0.0
04/07/2023 16:30,0.0
04/07/2023 17:00,0.0
04/07/2023 17:30,0.0
04/07/2023 18:00,0.0
04/07/2023 18:30,0.0
04/07/2023 19:00,0.0
04/07/2023 19:30,0.0
04/07/2023 20:00,0.0
04/07/2023 20:30,0.0
04/07/2023 21:00,0.0
04/07/2023 21:30,0.0
04/07/2023 22:00,0.0
04/07/2023 22:30,0.0
04/07/2023 23:00,0.0
04/07/2023 23:30,0.0
04/08/2023 00:00,0.0
04/08/2023 00:30,0.0
04/08/2023 01:00,0.0
04/08/2023 01:30,0.0
04/08/2023 02:00,0.0
04/08/2023 02:30,0.0
04/08/2023 03:00,0.0
04/08/2023 03:30,0.0
04/08/2023 04:00,0.0
04/08/2023 04:30,0.0
04/08/2023 05:00,0.0
04/08/2023 05:30,0.0
04/08/2023 06:00,0.0
04/08/2023 06:30,0.0
04/08/2023 07:00,0.0
04/08/2023 07:30,0.0
04/08/2023 08:00,0.0
04/08/2023 08:30,0.0
04/08/2023 09:00,0.0
04/08/2023 09:30,0.0
04/08/2023 10:00,0.0
04/08/2023 10:30,0.0
04/08/2023 11:00,0.0
04/08/2023 11:30,0.0
04/08/2023 12:00,0.0
04/08/2023 12:30,0.0
04/08/2023 13:00,0.0
04/08/2023 13:30,0.0
04/08/2023 14:00,0.0
04/08/2023 14:30,0.0
04/08/2023 15:00,0.0
04/08/2023 15:30,0.0
04/08/2023 16:00,0.0
04/08/2023 16:30,0.0
04/08/2023 17:00,0.0
04/08/2023 17:30,0.0
04/08/2023 18:00,0.0
04/08/2023 18:30,0.0
04/08/2023 19:00,0.0
04/08/2023 19:30,0.0
04/08/2023 20:00,0.0
04/08/2023 20:30,0.0
04/08/2023 21:00,0.0
04/08/2023 21:30,0.0
04/08/2023 22:00,0.0
04/08/2023 22:30,0.0
04/08/2023 23:00,0.0
04/08/2023 23:30,0.0
04/09/2023 00:00,0.0
04/09/2023 00:30,0.0
04/09/2023 01:00,0.0
04/09/2023 01:30,0.0
04/09/2023 02:00,0.0
04/09/2023 02:30,0.0
04/09/2023 03:00,0.0
04/09/2023 03:30,0.0
04/09/2023 04:00,0.0
04/09/2023 04:30,0.0
04/09/2023 05:00,0.0
04/09/2023 05:30,0.0
04/09/2023 06:00,0.0
04/09/2023 06:30,0.0
04/09/2023 07:00,0.0
04/09/2023 07:30,0.0
04/09/2023 08:00,0.0
04/09/2023 08:30,0.0
04/09/2023 09:00,0.0
04/09/2023 09:30,0.0
04/09/2023 10:00,0.0
04/09/2023 10:30,0.0
04/09/2023 11:00,0.0
04/09/2023 11:30,0.0
04/09/2023 12:00,0.0
04/09/2023 12:30,0.0
04/09/2023 13:00,0.0
04/09/2023 13:30,0.0
04/09/2023 14:00,0.0
04/09/2023 14:30,0.0
04/09/2023 15:00,0.0
04/09/2023 15:30,0.0
04/09/2023 16:00,0.0
04/09/2023 16:30,0.0
04/09/2023 17:00,0.0
04/09/2023 17:30,0.0
04/09/2023 18:00,0.0
04/09/2023 18:30,0.0
04/09/2023 19:00,0.0
04/09/2023 19:30,0.0
04/09/2023 20:00,0.0
04/09/2023 20:30,0.0
04/09/2023 21:00,0.0
04/09/2023 21:30,0.0
04/09/2023 22:00,0.0
04/09/2023 22:30,0.0
04/09/2023 23:00,0.0
04/09/2023 23:30,0.0
04/10/2023 00:00,0.0
04/10/2023 00:30,0.0
04/10/2023 01:00,0.0
04/10/2023 01:30,0.0
04/10/2023 02:00,0.0
04/10/2023 02:30,0.0
04/10/2023 03:00,0.0
04/10/2023 03:30,0.0
04/10/2023 04:00,0.0
04/10/2023 04:30,0.0
04/10/2023 05:00,0.0
04/10/2023 05:30,0.0
04/10/2023 06:00,0.0
04/10/2023 06:30,0.0
04/10/2023 07:00,0.0
04/10/2023 07:30,0.0
04/10/2023 08:00,0.0
04/10/2023 08:30,0.0
04/10/2023 09:00,0.0
04/10/2023 09:30,0.0
04/10/2023 10:00,0.0
04/10/2023 10:30,0.0
04/10/2023 11:00,0.0
04/10/2023 11:30,0.0
04/10/2023 12:00,0.0
04/10/2023 12:30,0.0
04/10/2023 13:00,0.0
04/10/2023 13:30,0.0
04/10/2023 14:00,0.0
04/10/2023 14:30,0.0
04/10/2023 15:00,0.0
04/10/2023 15:30,0.0
04/10/2023 16:00,0.0
04/10/2023 16:30,0.0
04/10/2023 17:00,0.0
04/10/2023 17:30,0.0
04/10/2023 18:00,0.0
04/10/2023 18:30,0.0
04/10/2023 19:00,0.0
04/10/2023 19:30,0.0
04/10/2023 20:00,0.0
04/10/2023 20:30,0.0
04/10/2023 21:00,0.0
04/10/2023 21:30,0.0
04/10/2023 22:00,0.0
04/10/2023 22:30,0.0
04/10/2023 23:00,0.0
04/10/2023 23:30,0.0
04/11/2023 00:00,0.0
04/11/2023 00:30,0.0
04/11/2023 01:00,0.0
04/11/2023 01:30,0.0
04/11/2023 02:00,0.0
04/11/2023 02:30,0.0
04/11/2023 03:00,0.0
04/11/2023 03:30,0.0
04/11/2023 04:00,0.0
04/11/2023 04:30,0.0
04/11/2023 05:00,0.0
04/11/2023 05:30,0.0
04/11/2023 06:00,0.0
04/11/2023 06:30,0.0
04/11/2023 07:00,0.0
04/11/2023 07:30,0.0
04/11/2023 08:00,0.0
04/11/2023 08:30,0.0
04/11/2023 09:00,0.0
04/11/2023 09:30,0.0
04/11/2023 10:00,0.0
04/11/2023 10:30,0.0
04/11/2023 11:00,0.0
04/11/2023 11:30,0.0
04/11/2023 12:00,0.0
04/11/2023 12:30,0.0
04/11/2023 13:00,0.0
04/11/2023 13:30,0.0
04/11/2023 14:00,0.0
04/11/2023 14:30,0.0
04/11/2023 15:00,0.0
04/11/2023 15:30,0.0
04/11/2023 16:00,0.0
04/11/2023 16:30,0.0
04/11/2023 17:00,0.0
04/11/2023 17:30,0.0
04/11/2023 18:00,0.0
04/11/2023 18:30,0.0
04/11/2023 19:00,0.0
04/11/2023 19:30,0.0
04/11/2023 20:00,0.0
04/11/2023 20:30,0.0
04/11/2023 21:00,0.0
04/11/2023 21:30,0.0
04/11/2023 22:00,0.0
04/11/2023 22:30,0.0
04/11/2023 23:00,0.0
04/11/2023 23:30,0.0
04/12/2023 00:00,0.0
04/12/2023 00:30,0.0
04/12/2023 01:00,0.0
04/12/2023 01:30,0.0
04/12/2023 02:00,0.0
04/12/2023 02:30,0.0
04/12/2023 03:00,0.0
04/12/2023 03:30,0.0
04/12/2023 04:00,0.0
04/12/2023 04:30,0.0
04/12/2023 05:00,0.0
04/12/2023 05:30,0.0
04/12/2023 06:00,0.0
04/12/2023 06:30,0.0
04/12/2023 07:00,0.0
04/12/2023 07:30,0.0
04/12/2023 08:00,0.0
04/12/2023 08:30,0.0
04/12/2023 09:00,0.0
04/12/2023 09:30,0.0
04/12/2023 10:00,0.0
04/12/2023 10:30,0.0
04/12/2023 11:00,0.0
04/12/2023 11:30,0.0
04/12/2023 12:00,0.0
04/12/2023 12:30,0.0
04/12/2023 13:00,0.0
04/12/2023 13:30,0.0
04/12/2023 14:00,0.0
04/12/2023 14:30,0.0
04/12/2023 15:00,0.0
04/12/2023 15:30,0.0
04/12/2023 16:00,0.0
04/12/2023 16:30,0.0
04/12/2023 17:00,0.0
04/12/2023 17:30,0.0
04/12/2023 18:00,0.0
04/12/2023 18:30,0.0
04/12/2023 19:00,0.0
04/12/2023 19:30,0.0
04/12/2023 20:00,0.0
04/12/2023 20:30,0.0
04/12/2023 21:00,0.0
04/12/2023 21:30,0.0
04/12/2023 22:00,0.0
04/12/2023 22:30,0.0
04/12/2023 23:00,0.0
04/12/2023 23:30,0.0
04/13/2023 00:00,0.0
04/13/2023 00:30,0.0
04/13/2023 01:00,0.0
04/13/2023 01:30,0.0
04/13/2023 02:00,0.0
04/13/2023 02:30,0.0
04/13/2023 03:00,0.0
04/13/2023 03:30,0.0
04/13/2023 04:00,0.0
04/13/2023 04:30,0.0
04/13/2023 05:00,0.0
04/13/2023 05:30,0.0
04/13/2023 06:00,0.0
04/13/2023 06:30,0.0
04/13/2023 07:00,0.0
04/13/2023 07:30,0.0
04/13/2023 08:00,0.0
04/13/2023 08:30,0.0
04/13/2023 09:00,0.0
04/13/2023 09:30,0.0
04/13/2023 10:00,0.0
04/13/2023 10:30,0.0
04/13/2023 11:00,0.0
04/13/2023 11:30,0.0
04/13/2023 12:00,0.0
04/13/2023 12:30,0.0
04/13/2023 13:00,0.0
04/13/2023 13:30,0.0
04/13/2023 14:00,0.0
04/13/2023 14:30,0.0
04/13/2023 15:00,0.0
04/13/2023 15:30,0.0
04/13/2023 16:00,0.0
04/13/2023 16:30,0.0
04/13/2023 17:00,0.0
04/13/2023 17:30,0.0
04/13/2023 18:00,0.0
04/13/2023 18:30,0.0
04/13/2023 19:00,0.0
04/13/2023 19:30,0.0
04/13/2023 20:00,0.0
04/13/2023 20:30,0.0
04/13/2023 21:00,0.0
04/13/2023 21:30,0.0
04/13/2023 22:00,0.0
04/13/2023 22:30,0.0
04/13/2023 23:00,0.0
04/13/2023 23:30,0.0
04/14/2023 00:00,0.0
04/14/2023 00:30,0.0
04/14/2023 01:00,0.0
04/14/2023 01:30,0.0
04/14/2023 02:00,0.0
04/14/2023 02:30,0.0
04/14/2023 03:00,0.0
04/14/2023 03:30,0.0
04/14/2023 04:00,0.0
04/14/2023 04:30,0.0
04/14/2023 05:00,0.0
04/14/2023 05:30,0.0
04/14/2023 06:00,0.0
04/14/2023 06:30,0.0
04/14/2023 07:00,0.0
04/14/2023 07:30,0.0
04/14/2023 08:00,0.0
04/14/2023 08:30,0.0
04/14/2023 09:00,0.0
04/14/2023 09:30,0.0
04/14/2023 10:00,0.0
04/14/2023 10:30,0.0
04/14/2023 11:00,0.0
04/14/2023 11:30,0.0
04/14/2023 12:00,0.0
04/14/2023 12:30,0.0
04/14/2023 13:00,0.0
04/14/2023 13:30,0.0
04/14/2023 14:00,0.0
04/14/2023 14:30,0.0
04/14/2023 15:00,0.0
04/14/2023 15:30,0.0
04/14/2023 16:00,0.0
04/14/2023 16:30,0.0
04/14/2023 17:00,0.0
04/14/2023 17:30,0.0
04/14/2023 18:00,0.0
04/14/2023 18:30,0.0
04/14/2023 19:00,0.0
04/14/2023 19:30,0.0
04/14/2023 20:00,0.0
04/14/2023 20:30,0.0
04/14/2023 21:00,0.0
04/14/2023 21:30,0.0
04/14/2023 22:00,0.0
04/14/2023 22:30,0.0
04/14/2023 23:00,0.0
04/14/2023 23:30,0.0
04/15/2023 00:00,0.0
04/15/2023 00:30,0.0
04/15/2023 01:00,0.0
04/15/2023 01:30,0.0
04/15/2023 02:00,0.0
04/15/2023 02:30,0.0
04/15/2023 03:00,0.0
04/15/2023 03:30,0.0
04/15/2023 04:00,0.0
04/15/2023 04:30,0.0
04/15/2023 05:00,0.0
04/15/2023 05:30,0.0
04/15/2023 06:00,0.0
04/15/2023 06:30,0.0
04/15/2023 07:00,0.0
04/15/2023 07:30,0.0
04/15/2023 08:00,0.0
04/15/2023 08:30,0.0
04/15/2023 09:00,0.0
04/15/2023 09:30,0.0
04/15/2023 10:00,0.0
04/15/2023 10:30,0.0
04/15/2023 11:00,0.0
04/15/2023 11:30,0.0
04/15/2023 12:00,0.0
04/15/2023 12:30,0.0
04/15/2023 13:00,0.0
04/15/2023 13:30,0.0
04/15/2023 14:00,0.0
04/15/2023 14:30,0.0
04/15/2023 15:00,0.0
04/15/2023 15:30,0.0
04/15/2023 16:00,0.0
04/15/2023 16:30,0.0
04/15/2023 17:00,0.0
04/15/2023 17:30,0.0
04/15/2023 18:00,0.0
04/15/2023 18:30,0.0
04/15/2023 19:00,0.0
04/15/2023 19:30,0.0
04/15/2023 20:00,0.0
04/15/2023 20:30,0.0
04/15/2023 21:00,0.0
04/15/2023 21:30,0.0
04/15/2023 22:00,0.0
04/15/2023 22:30,0.0
04/15/2023 23:00,0.0
04/15/2023 23:30,0.0
04/16/2023 00:00,0.0
04/16/2023 00:30,0.0
04/16/2023 01:00,0.0
04/16/2023 01:30,0.0
04/16/2023 02:00,0.0
04/16/2023 02:30,0.0
04/16/2023 03:00,0.0
04/16/2023 03:30,0.0
04/16/2023 04:00,0.0
04/16/2023 04:30,0.0
04/16/2023 05:00,0.0
04/16/2023 05:30,0.0
04/16/2023 06:00,0.0
04/16/2023 06:30,0.0
04/16/2023 07:00,0.0
04/16/2023 07:30,0.0
04/16/2023 08:00,0.0
04/16/2023 08:30,0.0
04/16/2023 09:00,0.0
04/16/2023 09:30,0.0
04/16/2023 10:00,0.0
04/16/2023 10:30,0.0
04/16/2023 11:00,0.0
04/16/2023 11:30,0.0
04/16/2023 12:00,0.0
04/16/2023 12:30,0.0
04/16/2023 13:00,0.0
04/16/2023 13:30,0.0
04/16/2023 14:00,0.0
04/16/2023 14:30,0.0
04/16/2023 15:00,0.0
04/16/2023 15:30,0.0
04/16/2023 16:00,0.0
04/16/2023 16:30,0.0
04/16/2023 17:00,0.0
04/16/2023 17:30,0.0
04/16/2023 18:00,0.0
04/16/2023 18:30,0.0
04/16/2023 19:00,0.0
04/16/2023 19:30,0.0
04/16/2023 20:00,0.0
04/16/2023 20:30,0.0
04/16/2023 21:00,0.0
04/16/2023 21:30,0.0
04/16/2023 22:00,0.0
04/16/2023 22:30,0.0
04/16/2023 23:00,0.0
04/16/2023 23:30,0.0
04/17/2023 00:00,0.0
04/17/2023 00:30,0.0
04/17/2023 01:00,0.0
04/17/2023 01:30,0.0
04/17/2023 02:00,0.0
04/17/2023 02:30,0.0
04/17/2023 03:00,0.0
04/17/2023 03:30,0.0
04/17/2023 04:00,0.0
04/17/2023 04:30,0.0
04/17/2023 05:00,0.0
04/17/2023 05:30,0.0
04/17/2023 06:00,0.0
04/17/2023 06:30,0.0
04/17/2023 07:00,0.0
04/17/2023 07:30,0.0
04/17/2023 08:00,0.0
04/17/2023 08:30,0.0
04/17/2023 09:00,0.0
04/17/2023 09:30,0.0
04/17/2023 10:00,0.0
04/17/2023 10:30,0.0
04/17/2023 11:00,0.0
04/17/2023 11:30,0.0
04/17/2023 12:00,0.0
04/17/2023 12:30,0.0
04/17/2023 13:00,0.0
04/17/2023 13:30,0.0
04/17/2023 14:00,0.0
04/17/2023 14:30,0.0
04/17/2023 15:00,0.0
04/17/2023 15:30,0.0
04/17/2023 16:00,0.0
04/17/2023 16:30,0.0
04/17/2023 17:00,0.0
04/17/2023 17:30,0.0
04/17/2023 18:00,0.0
04/17/2023 18:30,0.0
04/17/2023 19:00,0.0
04/17/2023 19:30,0.0
04/17/2023 20:00,0.0
04/17/2023 20:30,0.0
04/17/2023 21:00,0.0
04/17/2023 21:30,0.0
04/17/2023 22:00,0.0
04/17/2023 22:30,0.0
04/17/2023 23:00,0.0
04/17/2023 23:30,0.0
04/18/2023 00:00,0.0
04/18/2023 00:30,0.0
04/18/2023 01:00,0.0
04/18/2023 01:30,0.0
04/18/2023 02:00,0.0
04/18/2023 02:30,0.0
04/18/2023 03:00,0.0
04/18/2023 03:30,0.0
04/18/2023 04:00,0.0
04/18/2023 04:30,0.0
04/18/2023 05:00,0.0
04/18/2023 05:30,0.0
04/18/2023 06:00,0.0
04/18/2023 06:30,0.0
04/18/2023 07:00,0.0
04/18/2023 07:30,0.0
04/18/2023 08:00,0.0
04/18/2023 08:30,0.0
04/18/2023 09:00,0.0
04/18/2023 09:30,0.0
04/18/2023 10:00,0.0
04/18/2023 10:30,0.0
04/18/2023 11:00,0.0
04/18/2023 11:30,0.0
04/18/2023 12:00,0.0
04/18/2023 12:30,0.0
04/18/2023 13:00,0.0
04/18/2023 13:30,0.0
04/18/2023 14:00,0.0
04/18/2023 14:30,0.0
04/18/2023 15:00,0.0
04/18/2023 15:30,0.0
04/18/2023 16:00,0.0
04/18/2023 16:30,0.0
04/18/2023 17:00,0.0
04/18/2023 17:30,0.0
04/18/2023 18:00,0.0
04/18/2023 18:30,0.0
04/18/2023 19:00,0.0
04/18/2023 19:30,0.0
04/18/2023 20:00,0.0
04/18/2023 20:30,0.0
04/18/2023 21:00,0.0
04/18/2023 21:30,0.0
04/18/2023 22:00,0.0
04/18/2023 22:30,0.0
04/18/2023 23:00,0.0
04/18/2023 23:30,0.0
04/19/2023 00:00,0.0
04/19/2023 00:30,0.0
04/19/2023 01:00,0.0
04/19/2023 01:30,0.0
04/19/2023 02:00,0.0
04/19/2023 02:30,0.0
04/19/2023 03:00,0.0
04/19/2023 03:30,0.0
04/19/2023 04:00,0.0
04/19/2023 04:30,0.0
04/19/2023 05:00,0.0
04/19/2023 05:30,0.0
04/19/2023 06:00,0.0
04/19/2023 06:30,0.0
04/19/2023 07:00,0.0
04/19/2023 07:30,0.0
04/19/2023 08:00,0.0
04/19/2023 08:30,0.0
04/19/2023 09:00,0.0
04/19/2023 09:30,0.0
04/19/2023 10:00,0.0
04/19/2023 10:30,0.0
04/19/2023 11:00,0.0
04/19/2023 11:30,0.0
04/19/2023 12:00,0.0
04/19/2023 12:30,0.0
04/19/2023 13:00,0.0
04/19/2023 13:30,0.0
04/19/2023 14:00,0.0
04/19/2023 14:30,0.0
04/19/2023 15:00,0.0
04/19/2023 15:30,0.0
04/19/2023 16:00,0.0
04/19/2023 16:30,0.0
04/19/2023 17:00,0.0
04/19/2023 17:30,0.0
04/19/2023 18:00,0.0
04/19/2023 18:30,0.0
04/19/2023 19:00,0.0
04/19/2023 19:30,0.0
04/19/2023 20:00,0.0
04/19/2023 20:30,0.0
04/19/2023 21:00,0.0
04/19/2023 21:30,0.0
04/19/2023 22:00,0.0
04/19/2023 22:30,0.0
04/19/2023 23:00,0.0
04/19/2023 23:30,0.0
04/20/2023 00:00,0.0
04/20/2023 00:30,0.0
04/20/2023 01:00,0.0
04/20/2023 01:30,0.0
04/20/2023 02:00,0.0
04/20/2023 02:30,0.0
04/20/2023 03:00,0.0
04/20/2023 03:30,0.0
04/20/2023 04:00,0.0
04/20/2023 04:30,0.0
04/20/2023 05:00,0.0
04/20/2023 05:30,0.0
04/20/2023 06:00,0.0
04/20/2023 06:30,0.0
04/20/2023 07:00,0.0
04/20/2023 07:30,0.0
04/20/2023 08:00,0.0
04/20/2023 08:30,0.0
04/20/2023 09:00,0.0
04/20/2023 09:30,0.0
04/20/2023 10:00,0.0
04/20/2023 10:30,0.0
04/20/2023 11:00,0.0
04/20/2023 11:30,0.0
04/20/2023 12:00,0.0
04/20/2023 12:30,0.0
04/20/2023 13:00,0.0
04/20/2023 13:30,0.0
04/20/2023 14:00,0.0
04/20/2023 14:30,0.0
04/20/2023 15:00,0.0
04/20/2023 15:30,0.0
04/20/2023 16:00,0.0
04/20/2023 16:30,0.0
04/20/2023 17:00,0.0
04/20/2023 17:30,0.0
04/20/2023 18:00,0.0
04/20/2023 18:30,0.0
04/20/2023 19:00,0.0
04/20/2023 19:30,0.0
04/20/2023 20:00,0.0
04/20/2023 20:30,0.0
04/20/2023 21:00,0.0
04/20/2023 21:30,0.0
04/20/2023 22:00,0.0
04/20/2023 22:30,0.0
04/20/2023 23:00,0.0
04/20/2023 23:30,0.0
04/21/2023 00:00,0.0
04/21/2023 00:30,0.0
04/21/2023 01:00,0.0
04/21/2023 01:30,0.0
04/21/2023 02:00,0.0
04/21/2023 02:30,0.0
04/21/2023 03:00,0.0
04/21/2023 03:30,0.0
04/21/2023 04:00,0.0
04/21/2023 04:30,0.0
04/21/2023 05:00,0.0
04/21/2023 05:30,0.0
04/21/2023 06:00,0.0
04/21/2023 06:30,0.0
04/21/2023 07:00,0.0
04/21/2023 07:30,0.0
04/21/2023 08:00,0.0
04/21/2023 08:30,0.0
04/21/2023 09:00,0.0
04/21/2023 09:30,0.0
04/21/2023 10:00,0.0
04/21/2023 10:30,0.0
04/21/2023 11:00,0.0
04/21/2023 11:30,0.0
04/21/2023 12:00,0.0
04/21/2023 12:30,0.0
04/21/2023 13:00,0.0
04/21/2023 13:30,0.0
04/21/2023 14:00,0.0
04/21/2023 14:30,0.0
04/21/2023 15:00,0.0
04/21/2023 15:30,0.0
04/21/2023 16:00,0.0
04/21/2023 16:30,0.0
04/21/2023 17:00,0.0
04/21/2023 17:30,0.0
04/21/2023 18:00,0.0
04/21/2023 18:30,0.0
04/21/2023 19:00,0.0
04/21/2023 19:30,0.0
04/21/2023 20:00,0.0
04/21/2023 20:30,0.0
04/21/2023 21:00,0.0
04/21/2023 21:30,0.0
04/21/2023 22:00,0.0
04/21/2023 22:30,0.0
04/21/2023 23:00,0.0
04/21/2023 23:30,0.0
04/22/2023 00:00,0.0
04/22/2023 00:30,0.0
04/22/2023 01:00,0.0
04/22/2023 01:30,0.0
04/22/2023 02:00,0.0
04/22/2023 02:30,0.0
04/22/2023 03:00,0.0
04/22/2023 03:30,0.0
04/22/2023 04:00,0.0
04/22/2023 04:30,0.0
04/22/2023 05:00,0.0
04/22/2023 05:30,0.0
04/22/2023 06:00,0.0
04/22/2023 06:30,0.0
04/22/2023 07:00,0.0
04/22/2023 07:30,0.0
04/22/2023 08:00,0.0
04/22/2023 08:30,0.0
04/22/2023 09:00,0.0
04/22/2023 09:30,0.0
04/22/2023 10:00,0.0
04/22/2023 10:30,0.0
04/22/2023 11:00,0.0
04/22/2023 11:30,0.0
04/22/2023 12:00,0.0
04/22/2023 12:30,0.0
04/22/2023 13:00,0.0
04/22/2023 13:30,0.0
04/22/2023 14:00,0.0
04/22/2023 14:30,0.0
04/22/2023 15:00,0.0
04/22/2023 15:30,0.0
04/22/2023 16:00,0.0
04/22/2023 16:30,0.0
04/22/2023 17:00,0.0
04/22/2023 17:30,0.0
04/22/2023 18:00,0.0
04/22/2023 18:30,0.0
04/22/2023 19:00,0.0
04/22/2023 19:30,0.0
04/22/2023 20:00,0.0
04/22/2023 20:30,0.0
04/22/2023 21:00,0.0
04/22/2023 21:30,0.0
04/22/2023 22:00,0.0
04/22/2023 22:30,0.0
04/22/2023 23:00,0.0
04/22/2023 23:30,0.0
04/23/2023 00:00,0.0
04/23/2023 00:30,0.0
04/23/2023 01:00,0.0
04/23/2023 01:30,0.0
04/23/2023 02:00,0.0
04/23/2023 02:30,0.0
04/23/2023 03:00,0.0
04/23/2023 03:30,0.0
04/23/2023 04:00,0.0
04/23/2023 04:30,0.0
04/23/2023 05:00,0.0
04/23/2023 05:30,0.0
04/23/2023 06:00,0.0
04/23/2023 06:30,0.0
04/23/2023 07:00,0.0
04/23/2023 07:30,0.0
04/23/2023 08:00,0.0
04/23/2023 08:30,0.0
04/23/2023 09:00,0.0
04/23/2023 09:30,0.0
04/23/2023 10:00,0.0
04/23/2023 10:30,0.0
04/23/2023 11:00,0.0
04/23/2023 11:30,0.0
04/23/2023 12:00,0.0
04/23/2023 12:30,0.0
04/23/2023 13:00,0.0
04/23/2023 13:30,0.0
04/23/2023 14:00,0.0
04/23/2023 14:30,0.0
04/23/2023 15:00,0.0
04/23/2023 15:30,0.0
04/23/2023 16:00,0.0
04/23/2023 16:30,0.0
04/23/2023 17:00,0.0
04/23/2023 17:30,0.0
04/23/2023 18:00,0.0
04/23/2023 18:30,0.0
04/23/2023 19:00,0.0
04/23/2023 19:30,0.0
04/23/2023 20:00,0.0
04/23/2023 20:30,0.0
04/23/2023 21:00,0.0
04/23/2023 21:30,0.0
04/23/2023 22:00,0.0
04/23/2023 22:30,0.0
04/23/2023 23:00,0.0
04/23/2023 23:30,0.0
04/24/2023 00:00,0.0
04/24/2023 00:30,0.0
04/24/2023 01:00,0.0
04/24/2023 01:30,0.0
04/24/2023 02:00,0.0
04/24/2023 02:30,0.0
04/24/2023 03:00,0.0
04/24/2023 03:30,0.0
04/24/2023 04:00,0.0
04/24/2023 04:30,0.0
04/24/2023 05:00,0.0
04/24/2023 05:30,0.0
04/24/2023 06:00,0.0
04/24/2023 06:30,0.0
04/24/2023 07:00,0.0
04/24/2023 07:30,0.0
04/24/2023 08:00,0.0
04/24/2023 08:30,0.0
04/24/2023 09:00,0.0
04/24/2023 09:30,0.0
04/24/2023 10:00,0.0
04/24/2023 10:30,0.0
04/24/2023 11:00,0.0
04/24/2023 11:30,0.0
04/24/2023 12:00,0.0
04/24/2023 12:30,0.0
04/24/2023 13:00,0.0
04/24/2023 13:30,0.0
04/24/2023 14:00,0.0
04/24/2023 14:30,0.0
04/24/2023 15:00,0.0
04/24/2023 15:30,0.0
04/24/2023 16:00,0.0
04/24/2023 16:30,0.0
04/24/2023 17:00,0.0
04/24/2023 17:30,0.0
04/24/2023 18:00,0.0
04/24/2023 18:30,0.0
04/24/2023 19:00,0.0
04/24/2023 19:30,0.0
04/24/2023 20:00,0.0
04/24/2023 20:30,0.0
04/24/2023 21:00,0.0
04/24/2023 21:30,0.0
04/24/2023 22:00,0.0
04/24/2023 22:30,0.0
04/24/2023 23:00,0.0
04/24/2023 23:30,0.0
04/25/2023 00:00,0.0
04/25/2023 00:30,0.0
04/25/2023 01:00,0.0
04/25/2023 01:30,0.0
04/25/2023 02:00,0.0
04/25/2023 02:30,0.0
04/25/2023 03:00,0.0
04/25/2023 03:30,0.0
04/25/2023 04:00,0.0
04/25/2023 04:30,0.0
04/25/2023 05:00,0.0
04/25/2023 05:30,0.0
04/25/2023 06:00,0.0
04/25/2023 06:30,0.0
04/25/2023 07:00,0.0
04/25/2023 07:30,0.0
04/25/2023 08:00,0.0
04/25/2023 08:30,0.0
04/25/2023 09:00,0.0
04/25/2023 09:30,0.0
04/25/2023 10:00,0.0
04/25/2023 10:30,0.0
04/25/2023 11:00,0.0
04/25/2023 11:30,0.0
04/25/2023 12:00,0.0
04/25/2023 12:30,0.0
04/25/2023 13:00,0.0
04/25/2023 13:30,0.0
04/25/2023 14:00,0.0
04/25/2023 14:30,0.0
04/25/2023 15:00,0.0
04/25/2023 15:30,0.0
04/25/2023 16:00,0.0
04/25/2023 16:30,0.0
04/25/2023 17:00,0.0
04/25/2023 17:30,0.0
04/25/2023 18:00,0.0
04/25/2023 18:30,0.0
04/25/2023 19:00,0.0
04/25/2023 19:30,0.0
04/25/2023 20:00,0.0
04/25/2023 20:30,0.0
04/25/2023 21:00,0.0
04/25/2023 21:30,0.0
04/25/2023 22:00,0.0
04/25/2023 22:30,0.0
04/25/2023 23:00,0.0
04/25/2023 23:30,0.0
04/26/2023 00:00,0.0
04/26/2023 00:30,0.0
04/26/2023 01:00,0.0
04/26/2023 01:30,0.0
04/26/2023 02:00,0.0
04/26/2023 02:30,0.0
04/26/2023 03:00,0.0
04/26/2023 03:30,0.0
04/26/2023 04:00,0.0
04/26/2023 04:30,0.0
04/26/2023 05:00,0.0
04/26/2023 05:30,0.0
04/26/2023 06:00,0.0
04/26/2023 06:30,0.0
04/26/2023 07:00,0.0
04/26/2023 07:30,0.0
04/26/2023 08:00,0.0
04/26/2023 08:30,0.0
04/26/2023 09:00,0.0
04/26/2023 09:30,0.0
04/26/2023 10:00,0.0
04/26/2023 10:30,0.0
04/26/2023 11:00,0.0
04/26/2023 11:30,0.0
04/26/2023 12:00,0.0
04/26/2023 12:30,0.0
04/26/2023 13:00,0.0
04/26/2023 13:30,0.0
04/26/2023 14:00,0.0
04/26/2023 14:30,0.0
04/26/2023 15:00,0.0
04/26/2023 15:30,0.0
04/26/2023 16:00,0.0
04/26/2023 16:30,0.0
04/26/2023 17:00,0.0
04/26/2023 17:30,0.0
04/26/2023 18:00,0.0
04/26/2023 18:30,0.0
04/26/2023 19:00,0.0
04/26/2023 19:30,0.0
04/26/2023 20:00,0.0
04/26/2023 20:30,0.0
04/26/2023 21:00,0.0
04/26/2023 21:30,0.0
04/26/2023 22:00,0.0
04/26/2023 22:30,0.0
04/26/2023 23:00,0.0
04/26/2023 23:30,0.0
04/27/2023 00:00,0.0
04/27/2023 00:30,0.0
04/27/2023 01:00,0.0
04/27/2023 01:30,0.0
04/27/2023 02:00,0.0
04/27/2023 02:30,0.0
04/27/2023 03:00,0.0
04/27/2023 03:30,0.0
04/27/2023 04:00,0.0
04/27/2023 04:30,0.0
04/27/2023 05:00,0.0
04/27/2023 05:30,0.0
04/27/2023 06:00,0.0
04/27/2023 06:30,0.0
04/27/2023 07:00,0.0
04/27/2023 07:30,0.0
04/27/2023 08:00,0.0
04/27/2023 08:30,0.0
04/27/2023 09:00,0.0
04/27/2023 09:30,0.0
04/27/2023 10:00,0.0
04/27/2023 10:30,0.0
04/27/2023 11:00,0.0
04/27/2023 11:30,0.0
04/27/2023 12:00,0.0
04/27/2023 12:30,0.0
04/27/2023 13:00,0.0
04/27/2023 13:30,0.0
04/27/2023 14:00,0.0
04/27/2023 14:30,0.0
04/27/2023 15:00,0.0
04/27/2023 15:30,0.0
04/27/2023 16:00,0.0
04/27/2023 16:30,0.0
04/27/2023 17:00,0.0
04/27/2023 17:30,0.0
04/27/2023 18:00,0.0
04/27/2023 18:30,0.0
04/27/2023 19:00,0.0
04/27/2023 19:30,0.0
04/27/2023 20:00,0.0
04/27/2023 20:30,0.0
04/27/2023 21:00,0.0
04/27/2023 21:30,0.0
04/27/2023 22:00,0.0
04/27/2023 22:30,0.0
04/27/2023 23:00,0.0
04/27/2023 23:30,0.0
04/28/2023 00:00,0.0
04/28/2023 00:30,0.0
04/28/2023 01:00,0.0
04/28/2023 01:30,0.0
04/28/2023 02:00,0.0
04/28/2023 02:30,0.0
04/28/2023 03:00,0.0
04/28/2023 03:30,0.0
04/28/2023 04:00,0.0
04/28/2023 04:30,0.0
04/28/2023 05:00,0.0
04/28/2023 05:30,0.0
04/28/2023 06:00,0.0
04/28/2023 06:30,0.0
04/28/2023 07:00,0.0
04/28/2023 07:30,0.0
04/28/2023 08:00,0.0
04/28/2023 08:30,0.0
04/28/2023 09:00,0.0
04/28/2023 09:30,0.0
04/28/2023 10:00,0.0
04/28/2023 10:30,0.0
04/28/2023 11:00,0.0
04/28/2023 11:30,0.0
04/28/2023 12:00,0.0
04/28/2023 12:30,0.0
04/28/2023 13:00,0.0
04/28/2023 13:30,0.0
04/28/2023 14:00,0.0
04/28/2023 14:30,0.0
04/28/2023 15:00,0.0
04/28/2023 15:30,0.0
04/28/2023 16:00,0.0
04/28/2023 16:30,0.0
04/28/2023 17:00,0.0
04/28/2023 17:30,0.0
04/28/2023 18:00,0.0
04/28/2023 18:30,0.0
04/28/2023 19:00,0.0
04/28/2023 19:30,0.0
04/28/2023 20:00,0.0
04/28/2023 20:30,0.0
04/28/2023 21:00,0.0
04/28/2023 21:30,0.0
04/28/2023 22:00,0.0
04/28/2023 22:30,0.0
04/28/2023 23:00,0.0
04/28/2023 23:30,0.0
04/29/2023 00:00,0.0
04/29/2023 00:30,0.0
04/29/2023 01:00,0.0
04/29/2023 01:30,0.0
04/29/2023 02:00,0.0
04/29/2023 02:30,0.0
04/29/2023 03:00,0.0
04/29/2023 03:30,0.0
04/29/2023 04:00,0.0
04/29/2023 04:30,0.0
04/29/2023 05:00,0.0
04/29/2023 05:30,0.0
04/29/2023 06:00,0.0
04/29/2023 06:30,0.0
04/29/2023 07:00,0.0
04/29/2023 07:30,0.0
04/29/2023 08:00,0.0
04/29/2023 08:30,0.0
04/29/2023 09:00,0.0
04/29/2023 09:30,0.0
04/29/2023 10:00,0.0
04/29/2023 10:30,0.0
04/29/2023 11:00,0.0
04/29/2023 11:30,0.0
04/29/2023 12:00,0.0
04/29/2023 12:30,0.0
04/29/2023 13:00,0.0
04/29/2023 13:30,0.0
04/29/2023 14:00,0.0
04/29/2023 14:30,0.0
04/29/2023 15:00,0.0
04/29/2023 15:30,0.0
04/29/2023 16:00,0.0
04/29/2023 16:30,0.0
04/29/2023 17:00,0.0
04/29/2023 17:30,0.0
04/29/2023 18:00,0.0
04/29/2023 18:30,0.0
04/29/2023 19:00,0.0
04/29/2023 19:30,0.0
04/29/2023 20:00,0.0
04/29/2023 20:30,0.0
04/29/2023 21:00,0.0
04/29/2023 21:30,0.0
04/29/2023 22:00,0.0
04/29/2023 22:30,0.0
04/29/2023 23:00,0.0
04/29/2023 23:30,0.0
04/30/2023 00:00,0.0
04/30/2023 00:30,0.0
04/30/2023 01:00,0.0
04/30/2023 01:30,0.0
04/30/2023 02:00,0.0
04/30/2023 02:30,0.0
04/30/2023 03:00,0.0
04/30/2023 03:30,0.0
04/30/2023 04:00,0.0
04/30/2023 04:30,0.0
04/30/2023 05:00,0.0
04/30/2023 05:30,0.0
04/30/2023 06:00,0.0
04/30/2023 06:30,0.0
04/30/2023 07:00,0.0
04/30/2023 07:30,0.0
04/30/2023 08:00,0.0
04/30/2023 08:30,0.0
04/30/2023 09:00,0.0
04/30/2023 09:30,0.0
04/30/2023 10:00,0.0
04/30/2023 10:30,0.0
04/30/2023 11:00,0.0
04/30/2023 11:30,0.0
04/30/2023 12:00,0.0
04/30/2023 12:30,0.0
04/30/2023 13:00,0.0
04/30/2023 13:30,0.0
04/30/2023 14:00,0.0
04/30/2023 14:30,0.0
04/30/2023 15:00,0.0
04/30/2023 15:30,0.0
04/30/2023 16:00,0.0
04/30/2023 16:30,0.0
04/30/2023 17:00,0.0
04/30/2023 17:30,0.0
04/30/2023 18:00,0.0
04/30/2023 18:30,0.0
04/30/2023 19:00,0.0
04/30/2023 19:30,0.0
04/30/2023 20:00,0.0
04/30/2023 20:30,0.0
04/30/2023 21:00,0.0
04/30/2023 21:30,0.0
04/30/2023 22:00,0.0
04/30/2023 22:30,0.0
04/30/2023 23:00,0.0
04/30/2023 23:30,0.0
05/01/2023 00:00,0.0
05/01/2023 00:30,0.0
05/01/2023 01:00,0.0
05/01/2023 01:30,0.0
05/01/2023 02:00,0.0
05/01/2023 02:30,0.0
05/01/2023 03:00,0.0
05/01/2023 03:30,0.0
05/01/2023 04:00,0.0
05/01/2023 04:30,0.0
05/01/2023 05:00,0.0
05/01/2023 05:30,0.0
05/01/2023 06:00,0.0
05/01/2023 06:30,0.0
05/01/2023 07:00,0.0
05/01/2023 07:30,0.0
05/01/2023 08:00,0.0
05/01/2023 08:30,0.0
05/01/2023 09:00,0.0
05/01/2023 09:30,0.0
05/01/2023 10:00,0.0
05/01/2023 10:30,0.0
05/01/2023 11:00,0.0
05/01/2023 11:30,0.0
05/01/2023 12:00,0.0
05/01/2023 12:30,0.0
05/01/2023 13:00,0.0
05/01/2023 13:30,0.0
05/01/2023 14:00,0.0
05/01/2023 14:30,0.0
05/01/2023 15:00,0.0
05/01/2023 15:30,0.0
05/01/2023 16:00,0.0
05/01/2023 16:30,0.0
05/01/2023 17:00,0.0
05/01/2023 17:30,0.0
05/01/2023 18:00,0.0
05/01/2023 18:30,0.0
05/01/2023 19:00,0.0
05/01/2023 19:30,0.0
05/01/2023 20:00,0.0
05/01/2023 20:30,0.0
05/01/2023 21:00,0.0
05/01/2023 21:30,0.0
05/01/2023 22:00,0.0
05/01/2023 22:30,0.0
05/01/2023 23:00,0.0
05/01/2023 23:30,0.0
05/02/2023 00:00,0.0
05/02/2023 00:30,0.0
05/02/2023 01:00,0.0
05/02/2023 01:30,0.0
05/02/2023 02:00,0.0
05/02/2023 02:30,0.0
05/02/2023 03:00,0.0
05/02/2023 03:30,0.0
05/02/2023 04:00,0.0
05/02/2023 04:30,0.0
05/02/2023 05:00,0.0
05/02/2023 05:30,0.0
05/02/2023 06:00,0.0
05/02/2023 06:30,0.0
05/02/2023 07:00,0.0
05/02/2023 07:30,0.0
05/02/2023 08:00,0.0
05/02/2023 08:30,0.0
05/02/2023 09:00,0.0
05/02/2023 09:30,0.0
05/02/2023 10:00,0.0
05/02/2023 10:30,0.0
05/02/2023 11:00,0.0
05/02/2023 11:30,0.0
05/02/2023 12:00,0.0
05/02/2023 12:30,0.0
05/02/2023 13:00,0.0
05/02/2023 13:30,0.0
05/02/2023 14:00,0.0
05/02/2023 14:30,0.0
05/02/2023 15:00,0.0
05/02/2023 15:30,0.0
05/02/2023 16:00,0.0
05/02/2023 16:30,0.0
05/02/2023 17:00,0.0
05/02/2023 17:30,0.0
05/02/2023 18:00,0.0
05/02/2023 18:30,0.0
05/02/2023 19:00,0.0
05/02/2023 19:30,0.0
05/02/2023 20:00,0.0
05/02/2023 20:30,0.0
05/02/2023 21:00,0.0
05/02/2023 21:30,0.0
05/02/2023 22:00,0.0
05/02/2023 22:30,0.0
05/02/2023 23:00,0.0
05/02/2023 23:30,0.0
05/03/2023 00:00,0.0
05/03/2023 00:30,0.0
05/03/2023 01:00,0.0
05/03/2023 01:30,0.0
05/03/2023 02:00,0.0
05/03/2023 02:30,0.0
05/03/2023 03:00,0.0
05/03/2023 03:30,0.0
05/03/2023 04:00,0.0
05/03/2023 04:30,0.0
05/03/2023 05:00,0.0
05/03/2023 05:30,0.0
05/03/2023 06:00,0.0
05/03/2023 06:30,0.0
05/03/2023 07:00,0.0
05/03/2023 07:30,0.0
05/03/2023 08:00,0.0
05/03/2023 08:30,0.0
05/03/2023 09:00,0.0
05/03/2023 09:30,0.0
05/03/2023 10:00,0.0
05/03/2023 10:30,0.0
05/03/2023 11:00,0.0
05/03/2023 11:30,0.0
05/03/2023 12:00,0.0
05/03/2023 12:30,0.0
05/03/2023 13:00,0.0
05/03/2023 13:30,0.0
05/03/2023 14:00,0.0
05/03/2023 14:30,0.0
05/03/2023 15:00,0.0
05/03/2023 15:30,0.0
05/03/2023 16:00,0.0
05/03/2023 16:30,0.0
05/03/2023 17:00,0.0
05/03/2023 17:30,0.0
05/03/2023 18:00,0.0
05/03/2023 18:30,0.0
05/03/2023 19:00,0.0
05/03/2023 19:30,0.0
05/03/2023 20:00,0.0
05/03/2023 20:30,0.0
05/03/2023 21:00,0.0
05/03/2023 21:30,0.0
05/03/2023 22:00,0.0
05/03/2023 22:30,0.0
05/03/2023 23:00,0.0
05/03/2023 23:30,0.0
05/04/2023 00:00,0.0
05/04/2023 00:30,0.0
05/04/2023 01:00,0.0
05/04/2023 01:30,0.0
05/04/2023 02:00,0.0
05/04/2023 02:30,0.0
05/04/2023 03:00,0.0
05/04/2023 03:30,0.0
05/04/2023 04:00,0.0
05/04/2023 04:30,0.0
05/04/2023 05:00,0.0
05/04/2023 05:30,0.0
05/04/2023 06:00,0.0
05/04/2023 06:30,0.0
05/04/2023 07:00,0.0
05/04/2023 07:30,0.0
05/04/2023 08:00,0.0
05/04/2023 08:30,0.0
05/04/2023 09:00,0.0
05/04/2023 09:30,0.0
05/04/2023 10:00,0.0
05/04/2023 10:30,0.0
05/04/2023 11:00,0.0
05/04/2023 11:30,0.0
05/04/2023 12:00,0.0
05/04/2023 12:30,0.0
05/04/2023 13:00,0.0
05/04/2023 13:30,0.0
05/04/2023 14:00,0.0
05/04/2023 14:30,0.0
05/04/2023 15:00,0.0
05/04/2023 15:30,0.0
05/04/2023 16:00,0.0
05/04/2023 16:30,0.0
05/04/2023 17:00,0.0
05/04/2023 17:30,0.0
05/04/2023 18:00,0.0
05/04/2023 18:30,0.0
05/04/2023 19:00,0.0
05/04/2023 19:30,0.0
05/04/2023 20:00,0.0
05/04/2023 20:30,0.0
05/04/2023 21:00,0.0
05/04/2023 21:30,0.0
05/04/2023 22:00,0.0
05/04/2023 22:30,0.0
05/04/2023 23:00,0.0
05/04/2023 23:30,0.0
05/05/2023 00:00,0.0
05/05/2023 00:30,0.0
05/05/2023 01:00,0.0
05/05/2023 01:30,0.0
05/05/2023 02:00,0.0
05/05/2023 02:30,0.0
05/05/2023 03:00,0.0
05/05/2023 03:30,0.0
05/05/2023 04:00,0.0
05/05/2023 04:30,0.0
05/05/2023 05:00,0.0
05/05/2023 05:30,0.0
05/05/2023 06:00,0.0
05/05/2023 06:30,0.0
05/05/2023 07:00,0.0
05/05/2023 07:30,0.0
05/05/2023 08:00,0.0
05/05/2023 08:30,0.0
05/05/2023 09:00,0.0
05/05/2023 09:30,0.0
05/05/2023 10:00,0.0
05/05/2023 10:30,0.0
05/05/2023 11:00,0.0
05/05/2023 11:30,0.0
05/05/2023 12:00,0.0
05/05/2023 12:30,0.0
05/05/2023 13:00,0.0
05/05/2023 13:30,0.0
05/05/2023 14:00,0.0
05/05/2023 14:30,0.0
05/05/2023 15:00,0.0
05/05/2023 15:30,0.0
05/05/2023 16:00,0.0
05/05/2023 16:30,0.0
05/05/2023 17:00,0.0
05/05/2023 17:30,0.0
05/05/2023 18:00,0.0
05/05/2023 18:30,0.0
05/05/2023 19:00,0.0
05/05/2023 19:30,0.0
05/05/2023 20:00,0.0
05/05/2023 20:30,0.0
05/05/2023 21:00,0.0
05/05/2023 21:30,0.0
05/05/2023 22:00,0.0
05/05/2023 22:30,0.0
05/05/2023 23:00,0.0
05/05/2023 23:30,0.0
05/06/2023 00:00,0.0
05/06/2023 00:30,0.0
05/06/2023 01:00,0.0
05/06/2023 01:30,0.0
05/06/2023 02:00,0.0
05/06/2023 02:30,0.0
05/06/2023 03:00,0.0
05/06/2023 03:30,0.0
05/06/2023 04:00,0.0
05/06/2023 04:30,0.0
05/06/2023 05:00,0.0
05/06/2023 05:30,0.0
05/06/2023 06:00,0.0
05/06/2023 06:30,0.0
05/06/2023 07:00,0.0
05/06/2023 07:30,0.0
05/06/2023 08:00,0.0
05/06/2023 08:30,0.0
05/06/2023 09:00,0.0
05/06/2023 09:30,0.0
05/06/2023 10:00,0.0
05/06/2023 10:30,0.0
05/06/2023 11:00,0.0
05/06/2023 11:30,0.0
05/06/2023 12:00,0.0
05/06/2023 12:30,0.0
05/06/2023 13:00,0.0
05/06/2023 13:30,0.0
05/06/2023 14:00,0.0
05/06/2023 14:30,0.0
05/06/2023 15:00,0.0
05/06/2023 15:30,0.0
05/06/2023 16:00,0.0
05/06/2023 16:30,0.0
05/06/2023 17:00,0.0
05/06/2023 17:30,0.0
05/06/2023 18:00,0.0
05/06/2023 18:30,0.0
05/06/2023 19:00,0.0
05/06/2023 19:30,0.0
05/06/2023 20:00,0.0
05/06/2023 20:30,0.0
05/06/2023 21:00,0.0
05/06/2023 21:30,0.0
05/06/2023 22:00,0.0
05/06/2023 22:30,0.0
05/06/2023 23:00,0.0
05/06/2023 23:30,0.0
05/07/2023 00:00,0.0
05/07/2023 00:30,0.0
05/07/2023 01:00,0.0
05/07/2023 01:30,0.0
05/07/2023 02:00,0.0
05/07/2023 02:30,0.0
05/07/2023 03:00,0.0
05/07/2023 03:30,0.0
05/07/2023 04:00,0.0
05/07/2023 04:30,0.0
05/07/2023 05:00,0.0
05/07/2023 05:30,0.0
05/07/2023 06:00,0.0
05/07/2023 06:30,0.0
05/07/2023 07:00,0.0
05/07/2023 07:30,0.0
05/07/2023 08:00,0.0
05/07/2023 08:30,0.0
05/07/2023 09:00,0.0
05/07/2023 09:30,0.0
05/07/2023 10:00,0.0
05/07/2023 10:30,0.0
05/07/2023 11:00,0.0
05/07/2023 11:30,0.0
05/07/2023 12:00,0.0
05/07/2023 12:30,0.0
05/07/2023 13:00,0.0
05/07/2023 13:30,0.0
05/07/2023 14:00,0.0
05/07/2023 14:30,0.0
05/07/2023 15:00,0.0
05/07/2023 15:30,0.0
05/07/2023 16:00,0.0
05/07/2023 16:30,0.0
05/07/2023 17:00,0.0
05/07/2023 17:30,0.0
05/07/2023 18:00,0.0
05/07/2023 18:30,0.0
05/07/2023 19:00,0.0
05/07/2023 19:30,0.0
05/07/2023 20:00,0.0
05/07/2023 20:30,0.0
05/07/2023 21:00,0.0
05/07/2023 21:30,0.0
05/07/2023 22:00,0.0
05/07/2023 22:30,0.0
05/07/2023 23:00,0.0
05/07/2023 23:30,0.0
05/08/2023 00:00,0.0
05/08/2023 00:30,0.0
05/08/2023 01:00,0.0
05/08/2023 01:30,0.0
05/08/2023 02:00,0.0
05/08/2023 02:30,0.0
05/08/2023 03:00,0.0
05/08/2023 03:30,0.0
05/08/2023 04:00,0.0
05/08/2023 04:30,0.0
05/08/2023 05:00,0.0
05/08/2023 05:30,0.0
05/08/2023 06:00,0.0
05/08/2023 06:30,0.0
05/08/2023 07:00,0.0
05/08/2023 07:30,0.0
05/08/2023 08:00,0.0
05/08/2023 08:30,0.0
05/08/2023 09:00,0.0
05/08/2023 09:30,0.0
05/08/2023 10:00,0.0
05/08/2023 10:30,0.0
05/08/2023 11:00,0.0
05/08/2023 11:30,0.0
05/08/2023 12:00,0.0
05/08/2023 12:30,0.0
05/08/2023 13:00,0.0
05/08/2023 13:30,0.0
05/08/2023 14:00,0.0
05/08/2023 14:30,0.0
05/08/2023 15:00,0.0
05/08/2023 15:30,0.0
05/08/2023 16:00,0.0
05/08/2023 16:30,0.0
05/08/2023 17:00,0.0
05/08/2023 17:30,0.0
05/08/2023 18:00,0.0
05/08/2023 18:30,0.0
05/08/2023 19:00,0.0
05/08/2023 19:30,0.0
05/08/2023 20:00,0.0
05/08/2023 20:30,0.0
05/08/2023 21:00,0.0
05/08/2023 21:30,0.0
05/08/2023 22:00,0.0
05/08/2023 22:30,0.0
05/08/2023 23:00,0.0
05/08/2023 23:30,0.0
05/09/2023 00:00,0.0
05/09/2023 00:30,0.0
05/09/2023 01:00,0.0
05/09/2023 01:30,0.0
05/09/2023 02:00,0.0
05/09/2023 02:30,0.0
05/09/2023 03:00,0.0
05/09/2023 03:30,0.0
05/09/2023 04:00,0.0
05/09/2023 04:30,0.0
05/09/2023 05:00,0.0
05/09/2023 05:30,0.0
05/09/2023 06:00,0.0
05/09/2023 06:30,0.0
05/09/2023 07:00,0.0
05/09/2023 07:30,0.0
05/09/2023 08:00,0.0
05/09/2023 08:30,0.0
05/09/2023 09:00,0.0
05/09/2023 09:30,0.0
05/09/2023 10:00,0.0
05/09/2023 10:30,0.0
05/09/2023 11:00,0.0
05/09/2023 11:30,0.0
05/09/2023 12:00,0.0
05/09/2023 12:30,0.0
05/09/2023 13:00,0.0
05/09/2023 13:30,0.0
05/09/2023 14:00,0.0
05/09/2023 14:30,0.0
05/09/2023 15:00,0.0
05/09/2023 15:30,0.0
05/09/2023 16:00,0.0
05/09/2023 16:30,0.0
05/09/2023 17:00,0.0
05/09/2023 17:30,0.0
05/09/2023 18:00,0.0
05/09/2023 18:30,0.0
05/09/2023 19:00,0.0
05/09/2023 19:30,0.0
05/09/2023 20:00,0.0
05/09/2023 20:30,0.0
05/09/2023 21:00,0.0
05/09/2023 21:30,0.0
05/09/2023 22:00,0.0
05/09/2023 22:30,0.0
05/09/2023 23:00,0.0
05/09/2023 23:30,0.0
05/10/2023 00:00,0.0
05/10/2023 00:30,0.0
05/10/2023 01:00,0.0
05/10/2023 01:30,0.0
05/10/2023 02:00,0.0
05/10/2023 02:30,0.0
05/10/2023 03:00,0.0
05/10/2023 03:30,0.0
05/10/2023 04:00,0.0
05/10/2023 04:30,0.0
05/10/2023 05:00,0.0
05/10/2023 05:30,0.0
05/10/2023 06:00,0.0
05/10/2023 06:30,0.0
05/10/2023 07:00,0.0
05/10/2023 07:30,0.0
05/10/2023 08:00,0.0
05/10/2023 08:30,0.0
05/10/2023 09:00,0.0
05/10/2023 09:30,0.0
05/10/2023 10:00,0.0
05/10/2023 10:30,0.0
05/10/2023 11:00,0.0
05/10/2023 11:30,0.0
05/10/2023 12:00,0.0
05/10/2023 12:30,0.0
05/10/2023 13:00,0.0
05/10/2023 13:30,0.0
05/10/2023 14:00,0.0
05/10/2023 14:30,0.0
05/10/2023 15:00,0.0
05/10/2023 15:30,0.0
05/10/2023 16:00,0.0
05/10/2023 16:30,0.0
05/10/2023 17:00,0.0
05/10/2023 17:30,0.0
05/10/2023 18:00,0.0
05/10/2023 18:30,0.0
05/10/2023 19:00,0.0
05/10/2023 19:30,0.0
05/10/2023 20:00,0.0
05/10/2023 20:30,0.0
05/10/2023 21:00,0.0
05/10/2023 21:30,0.0
05/10/2023 22:00,0.0
05/10/2023 22:30,0.0
05/10/2023 23:00,0.0
05/10/2023 23:30,0.0
05/11/2023 00:00,0.0
05/11/2023 00:30,0.0
05/11/2023 01:00,0.0
05/11/2023 01:30,0.0
05/11/2023 02:00,0.0
05/11/2023 02:30,0.0
05/11/2023 03:00,0.0
05/11/2023 03:30,0.0
05/11/2023 04:00,0.0
05/11/2023 04:30,0.0
05/11/2023 05:00,0.0
05/11/2023 05:30,0.0
05/11/2023 06:00,0.0
05/11/2023 06:30,0.0
05/11/2023 07:00,0.0
05/11/2023 07:30,0.0
05/11/2023 08:00,0.0
05/11/2023 08:30,0.0
05/11/2023 09:00,0.0
05/11/2023 09:30,0.0
05/11/2023 10:00,0.0
05/11/2023 10:30,0.0
05/11/2023 11:00,0.0
05/11/2023 11:30,0.0
05/11/2023 12:00,0.0
05/11/2023 12:30,0.0
05/11/2023 13:00,0.0
05/11/2023 13:30,0.0
05/11/2023 14:00,0.0
05/11/2023 14:30,0.0
05/11/2023 15:00,0.0
05/11/2023 15:30,0.0
05/11/2023 16:00,0.0
05/11/2023 16:30,0.0
05/11/2023 17:00,0.0
05/11/2023 17:30,0.0
05/11/2023 18:00,0.0
05/11/2023 18:30,0.0
05/11/2023 19:00,0.0
05/11/2023 19:30,0.0
05/11/2023 20:00,0.0
05/11/2023 20:30,0.0
05/11/2023 21:00,0.0
05/11/2023 21:30,0.0
05/11/2023 22:00,0.0
05/11/2023 22:30,0.0
05/11/2023 23:00,0.0
05/11/2023 23:30,0.0
05/12/2023 00:00,0.0
05/12/2023 00:30,0.0
05/12/2023 01:00,0.0
05/12/2023 01:30,0.0
05/12/2023 02:00,0.0
05/12/2023 02:30,0.0
05/12/2023 03:00,0.0
05/12/2023 03:30,0.0
05/12/2023 04:00,0.0
05/12/2023 04:30,0.0
05/12/2023 05:00,0.0
05/12/2023 05:30,0.0
05/12/2023 06:00,0.0
05/12/2023 06:30,0.0
05/12/2023 07:00,0.0
05/12/2023 07:30,0.0
05/12/2023 08:00,0.0
05/12/2023 08:30,0.0
05/12/2023 09:00,0.0
05/12/2023 09:30,0.0
05/12/2023 10:00,0.0
05/12/2023 10:30,0.0
05/12/2023 11:00,0.0
05/12/2023 11:30,0.0
05/12/2023 12:00,0.0
05/12/2023 12:30,0.0
05/12/2023 13:00,0.0
05/12/2023 13:30,0.0
05/12/2023 14:00,0.0
05/12/2023 14:30,0.0
05/12/2023 15:00,0.0
05/12/2023 15:30,0.0
05/12/2023 16:00,0.0
05/12/2023 16:30,0.0
05/12/2023 17:00,0.0
05/12/2023 17:30,0.0
05/12/2023 18:00,0.0
05/12/2023 18:30,0.0
05/12/2023 19:00,0.0
05/12/2023 19:30,0.0
05/12/2023 20:00,0.0
05/12/2023 20:30,0.0
05/12/2023 21:00,0.0
05/12/2023 21:30,0.0
05/12/2023 22:00,0.0
05/12/2023 22:30,0.0
05/12/2023 23:00,0.0
05/12/2023 23:30,0.0
05/13/2023 00:00,0.0
05/13/2023 00:30,0.0
05/13/2023 01:00,0.0
05/13/2023 01:30,0.0
05/13/2023 02:00,0.0
05/13/2023 02:30,0.0
05/13/2023 03:00,0.0
05/13/2023 03:30,0.0
05/13/2023 04:00,0.0
05/13/2023 04:30,0.0
05/13/2023 05:00,0.0
05/13/2023 05:30,0.0
05/13/2023 06:00,0.0
05/13/2023 06:30,0.0
05/13/2023 07:00,0.0
05/13/2023 07:30,0.0
05/13/2023 08:00,0.0
05/13/2023 08:30,0.0
05/13/2023 09:00,0.0
05/13/2023 09:30,0.0
05/13/2023 10:00,0.0
05/13/2023 10:30,0.0
05/13/2023 11:00,0.0
05/13/2023 11:30,0.0
05/13/2023 12:00,0.0
05/13/2023 12:30,0.0
05/13/2023 13:00,0.0
05/13/2023 13:30,0.0
05/13/2023 14:00,0.0
05/13/2023 14:30,0.0
05/13/2023 15:00,0.0
05/13/2023 15:30,0.0
05/13/2023 16:00,0.0
05/13/2023 16:30,0.0
05/13/2023 17:00,0.0
05/13/2023 17:30,0.0
05/13/2023 18:00,0.0
05/13/2023 18:30,0.0
05/13/2023 19:00,0.0
05/13/2023 19:30,0.0
05/13/2023 20:00,0.0
05/13/2023 20:30,0.0
05/13/2023 21:00,0.0
05/13/2023 21:30,0.0
05/13/2023 22:00,0.0
05/13/2023 22:30,0.0
05/13/2023 23:00,0.0
05/13/2023 23:30,0.0
05/14/2023 00:00,0.0
05/14/2023 00:30,0.0
05/14/2023 01:00,0.0
05/14/2023 01:30,0.0
05/14/2023 02:00,0.0
05/14/2023 02:30,0.0
05/14/2023 03:00,0.0
05/14/2023 03:30,0.0
05/14/2023 04:00,0.0
05/14/2023 04:30,0.0
05/14/2023 05:00,0.0
05/14/2023 05:30,0.0
05/14/2023 06:00,0.0
05/14/2023 06:30,0.0
05/14/2023 07:00,0.0
05/14/2023 07:30,0.0
05/14/2023 08:00,0.0
05/14/2023 08:30,0.0
05/14/2023 09:00,0.0
05/14/2023 09:30,0.0
05/14/2023 10:00,0.0
05/14/2023 10:30,0.0
05/14/2023 11:00,0.0
05/14/2023 11:30,0.0
05/14/2023 12:00,0.0
05/14/2023 12:30,0.0
05/14/2023 13:00,0.0
05/14/2023 13:30,0.0
05/14/2023 14:00,0.0
05/14/2023 14:30,0.0
05/14/2023 15:00,0.0
05/14/2023 15:30,0.0
05/14/2023 16:00,0.0
05/14/2023 16:30,0.0
05/14/2023 17:00,0.0
05/14/2023 17:30,0.0
05/14/2023 18:00,0.0
05/14/2023 18:30,0.0
05/14/2023 19:00,0.0
05/14/2023 19:30,0.0
05/14/2023 20:00,0.0
05/14/2023 20:30,0.0
05/14/2023 21:00,0.0
05/14/2023 21:30,0.0
05/14/2023 22:00,0.0
05/14/2023 22:30,0.0
05/14/2023 23:00,0.0
05/14/2023 23:30,0.0
05/15/2023 00:00,0.0
05/15/2023 00:30,0.0
05/15/2023 01:00,0.0
05/15/2023 01:30,0.0
05/15/2023 02:00,0.0
05/15/2023 02:30,0.0
05/15/2023 03:00,0.0
05/15/2023 03:30,0.0
05/15/2023 04:00,0.0
05/15/2023 04:30,0.0
05/15/2023 05:00,0.0
05/15/2023 05:30,0.0
05/15/2023 06:00,0.0
05/15/2023 06:30,0.0
05/15/2023 07:00,0.0
05/15/2023 07:30,0.0
05/15/2023 08:00,0.0
05/15/2023 08:30,0.0
05/15/2023 09:00,0.0
05/15/2023 09:30,0.0
05/15/2023 10:00,0.0
05/15/2023 10:30,0.0
05/15/2023 11:00,0.0
05/15/2023 11:30,0.0
05/15/2023 12:00,0.0
05/15/2023 12:30,0.0
05/15/2023 13:00,0.0
05/15/2023 13:30,0.0
05/15/2023 14:00,0.0
05/15/2023 14:30,0.0
05/15/2023 15:00,0.0
05/15/2023 15:30,0.0
05/15/2023 16:00,0.0
05/15/2023 16:30,0.0
05/15/2023 17:00,0.0
05/15/2023 17:30,0.0
05/15/2023 18:00,0.0
05/15/2023 18:30,0.0
05/15/2023 19:00,0.0
05/15/2023 19:30,0.0
05/15/2023 20:00,0.0
05/15/2023 20:30,0.0
05/15/2023 21:00,0.0
05/15/2023 21:30,0.0
05/15/2023 22:00,0.0
05/15/2023 22:30,0.0
05/15/2023 23:00,0.0
05/15/2023 23:30,0.0
05/16/2023 00:00,0.0
05/16/2023 00:30,0.0
05/16/2023 01:00,0.0
05/16/2023 01:30,0.0
05/16/2023 02:00,0.0
05/16/2023 02:30,0.0
05/16/2023 03:00,0.0
05/16/2023 03:30,0.0
05/16/2023 04:00,0.0
05/16/2023 04:30,0.0
05/16/2023 05:00,0.0
05/16/2023 05:30,0.0
05/16/2023 06:00,0.0
05/16/2023 06:30,0.0
05/16/2023 07:00,0.0
05/16/2023 07:30,0.0
05/16/2023 08:00,0.0
05/16/2023 08:30,0.0
05/16/2023 09:00,0.0
05/16/2023 09:30,0.0
05/16/2023 10:00,0.0
05/16/2023 10:30,0.0
05/16/2023 11:00,0.0
05/16/2023 11:30,0.0
05/16/2023 12:00,0.0
05/16/2023 12:30,0.0
05/16/2023 13:00,0.0
05/16/2023 13:30,0.0
05/16/2023 14:00,0.0
05/16/2023 14:30,0.0
05/16/2023 15:00,0.0
05/16/2023 15:30,0.0
05/16/2023 16:00,0.0
05/16/2023 16:30,0.0
05/16/2023 17:00,0.0
05/16/2023 17:30,0.0
05/16/2023 18:00,0.0
05/16/2023 18:30,0.0
05/16/2023 19:00,0.0
05/16/2023 19:30,0.0
05/16/2023 20:00,0.0
05/16/2023 20:30,0.0
05/16/2023 21:00,0.0
05/16/2023 21:30,0.0
05/16/2023 22:00,0.0
05/16/2023 22:30,0.0
05/16/2023 23:00,0.0
05/16/2023 23:30,0.0
05/17/2023 00:00,0.0
05/17/2023 00:30,0.0
05/17/2023 01:00,0.0
05/17/2023 01:30,0.0
05/17/2023 02:00,0.0
05/17/2023 02:30,0.0
05/17/2023 03:00,0.0
05/17/2023 03:30,0.0
05/17/2023 04:00,0.0
05/17/2023 04:30,0.0
05/17/2023 05:00,0.0
05/17/2023 05:30,0.0
05/17/2023 06:00,0.0
05/17/2023 06:30,0.0
05/17/2023 07:00,0.0
05/17/2023 07:30,0.0
05/17/2023 08:00,0.0
05/17/2023 08:30,0.0
05/17/2023 09:00,0.0
05/17/2023 09:30,0.0
05/17/2023 10:00,0.0
05/17/2023 10:30,0.0
05/17/2023 11:00,0.0
05/17/2023 11:30,0.0
05/17/2023 12:00,0.0
05/17/2023 12:30,0.0
05/17/2023 13:00,0.0
05/17/2023 13:30,0.0
05/17/2023 14:00,0.0
05/17/2023 14:30,0.0
05/17/2023 15:00,0.0
05/17/2023 15:30,0.0
05/17/2023 16:00,0.0
05/17/2023 16:30,0.0
05/17/2023 17:00,0.0
05/17/2023 17:30,0.0
05/17/2023 18:00,0.0
05/17/2023 18:30,0.0
05/17/2023 19:00,0.0
05/17/2023 19:30,0.0
05/17/2023 20:00,0.0
05/17/2023 20:30,0.0
05/17/2023 21:00,0.0
05/17/2023 21:30,0.0
05/17/2023 22:00,0.0
05/17/2023 22:30,0.0
05/17/2023 23:00,0.0
05/17/2023 23:30,0.0
05/18/2023 00:00,0.0
05/18/2023 00:30,0.0
05/18/2023 01:00,0.0
05/18/2023 01:30,0.0
05/18/2023 02:00,0.0
05/18/2023 02:30,0.0
05/18/2023 03:00,0.0
05/18/2023 03:30,0.0
05/18/2023 04:00,0.0
05/18/2023 04:30,0.0
05/18/2023 05:00,0.0
05/18/2023 05:30,0.0
05/18/2023 06:00,0.0
05/18/2023 06:30,0.0
05/18/2023 07:00,0.0
05/18/2023 07:30,0.0
05/18/2023 08:00,0.0
05/18/2023 08:30,0.0
05/18/2023 09:00,0.0
05/18/2023 09:30,0.0
05/18/2023 10:00,0.0
05/18/2023 10:30,0.0
05/18/2023 11:00,0.0
05/18/2023 11:30,0.0
05/18/2023 12:00,0.0
05/18/2023 12:30,0.0
05/18/2023 13:00,0.0
05/18/2023 13:30,0.0
05/18/2023 14:00,0.0
05/18/2023 14:30,0.0
05/18/2023 15:00,0.0
05/18/2023 15:30,0.0
05/18/2023 16:00,0.0
05/18/2023 16:30,0.0
05/18/2023 17:00,0.0
05/18/2023 17:30,0.0
05/18/2023 18:00,0.0
05/18/2023 18:30,0.0
05/18/2023 19:00,0.0
05/18/2023 19:30,0.0
05/18/2023 20:00,0.0
05/18/2023 20:30,0.0
05/18/2023 21:00,0.0
05/18/2023 21:30,0.0
05/18/2023 22:00,0.0
05/18/2023 22:30,0.0
05/18/2023 23:00,0.0
05/18/2023 23:30,0.0
05/19/2023 00:00,0.0
05/19/2023 00:30,0.0
05/19/2023 01:00,0.0
05/19/2023 01:30,0.0
05/19/2023 02:00,0.0
05/19/2023 02:30,0.0
05/19/2023 03:00,0.0
05/19/2023 03:30,0.0
05/19/2023 04:00,0.0
05/19/2023 04:30,0.0
05/19/2023 05:00,0.0
05/19/2023 05:30,0.0
05/19/2023 06:00,0.0
05/19/2023 06:30,0.0
05/19/2023 07:00,0.0
05/19/2023 07:30,0.0
05/19/2023 08:00,0.0
05/19/2023 08:30,0.0
05/19/2023 09:00,0.0
05/19/2023 09:30,0.0
05/19/2023 10:00,0.0
05/19/2023 10:30,0.0
05/19/2023 11:00,0.0
05/19/2023 11:30,0.0
05/19/2023 12:00,0.0
05/19/2023 12:30,0.0
05/19/2023 13:00,0.0
05/19/2023 13:30,0.0
05/19/2023 14:00,0.0
05/19/2023 14:30,0.0
05/19/2023 15:00,0.0
05/19/2023 15:30,0.0
05/19/2023 16:00,0.0
05/19/2023 16:30,0.0
05/19/2023 17:00,0.0
05/19/2023 17:30,0.0
05/19/2023 18:00,0.0
05/19/2023 18:30,0.0
05/19/2023 19:00,0.0
05/19/2023 19:30,0.0
05/19/2023 20:00,0.0
05/19/2023 20:30,0.0
05/19/2023 21:00,0.0
05/19/2023 21:30,0.0
05/19/2023 22:00,0.0
05/19/2023 22:30,0.0
05/19/2023 23:00,0.0
05/19/2023 23:30,0.0
05/20/2023 00:00,0.0
05/20/2023 00:30,0.0
05/20/2023 01:00,0.0
05/20/2023 01:30,0.0
05/20/2023 02:00,0.0
05/20/2023 02:30,0.0
05/20/2023 03:00,0.0
05/20/2023 03:30,0.0
05/20/2023 04:00,0.0
05/20/2023 04:30,0.0
05/20/2023 05:00,0.0
05/20/2023 05:30,0.0
05/20/2023 06:00,0.0
05/20/2023 06:30,0.0
05/20/2023 07:00,0.0
05/20/2023 07:30,0.0
05/20/2023 08:00,0.0
05/20/2023 08:30,0.0
05/20/2023 09:00,0.0
05/20/2023 09:30,0.0
05/20/2023 10:00,0.0
05/20/2023 10:30,0.0
05/20/2023 11:00,0.0
05/20/2023 11:30,0.0
05/20/2023 12:00,0.0
05/20/2023 12:30,0.0
05/20/2023 13:00,0.0
05/20/2023 13:30,0.0
05/20/2023 14:00,0.0
05/20/2023 14:30,0.0
05/20/2023 15:00,0.0
05/20/2023 15:30,0.0
05/20/2023 16:00,0.0
05/20/2023 16:30,0.0
05/20/2023 17:00,0.0
05/20/2023 17:30,0.0
05/20/2023 18:00,0.0
05/20/2023 18:30,0.0
05/20/2023 19:00,0.0
05/20/2023 19:30,0.0
05/20/2023 20:00,0.0
05/20/2023 20:30,0.0
05/20/2023 21:00,0.0
05/20/2023 21:30,0.0
05/20/2023 22:00,0.0
05/20/2023 22:30,0.0
05/20/2023 23:00,0.0
05/20/2023 23:30,0.0
05/21/2023 00:00,0.0
05/21/2023 00:30,0.0
05/21/2023 01:00,0.0
05/21/2023 01:30,0.0
05/21/2023 02:00,0.0
05/21/2023 02:30,0.0
05/21/2023 03:00,0.0
05/21/2023 03:30,0.0
05/21/2023 04:00,0.0
05/21/2023 04:30,0.0
05/21/2023 05:00,0.0
05/21/2023 05:30,0.0
05/21/2023 06:00,0.0
05/21/2023 06:30,0.0
05/21/2023 07:00,0.0
05/21/2023 07:30,0.0
05/21/2023 08:00,0.0
05/21/2023 08:30,0.0
05/21/2023 09:00,0.0
05/21/2023 09:30,0.0
05/21/2023 10:00,0.0
05/21/2023 10:30,0.0
05/21/2023 11:00,0.0
05/21/2023 11:30,0.0
05/21/2023 12:00,0.0
05/21/2023 12:30,0.0
05/21/2023 13:00,0.0
05/21/2023 13:30,0.0
05/21/2023 14:00,0.0
05/21/2023 14:30,0.0
05/21/2023 15:00,0.0
05/21/2023 15:30,0.0
05/21/2023 16:00,0.0
05/21/2023 16:30,0.0
05/21/2023 17:00,0.0
05/21/2023 17:30,0.0
05/21/2023 18:00,0.0
05/21/2023 18:30,0.0
05/21/2023 19:00,0.0
05/21/2023 19:30,0.0
05/21/2023 20:00,0.0
05/21/2023 20:30,0.0
05/21/2023 21:00,0.0
05/21/2023 21:30,0.0
05/21/2023 22:00,0.0
05/21/2023 22:30,0.0
05/21/2023 23:00,0.0
05/21/2023 23:30,0.0
05/22/2023 00:00,0.0
05/22/2023 00:30,0.0
05/22/2023 01:00,0.0
05/22/2023 01:30,0.0
05/22/2023 02:00,0.0
05/22/2023 02:30,0.0
05/22/2023 03:00,0.0
05/22/2023 03:30,0.0
05/22/2023 04:00,0.0
05/22/2023 04:30,0.0
05/22/2023 05:00,0.0
05/22/2023 05:30,0.0
05/22/2023 06:00,0.0
05/22/2023 06:30,0.0
05/22/2023 07:00,0.0
05/22/2023 07:30,0.0
05/22/2023 08:00,0.0
05/22/2023 08:30,0.0
05/22/2023 09:00,0.0
05/22/2023 09:30,0.0
05/22/2023 10:00,0.0
05/22/2023 10:30,0.0
05/22/2023 11:00,0.0
05/22/2023 11:30,0.0
05/22/2023 12:00,0.0
05/22/2023 12:30,0.0
05/22/2023 13:00,0.0
05/22/2023 13:30,0.0
05/22/2023 14:00,0.0
05/22/2023 14:30,0.0
05/22/2023 15:00,0.0
05/22/2023 15:30,0.0
05/22/2023 16:00,0.0
05/22/2023 16:30,0.0
05/22/2023 17:00,0.0
05/22/2023 17:30,0.0
05/22/2023 18:00,0.0
05/22/2023 18:30,0.0
05/22/2023 19:00,0.0
05/22/2023 19:30,0.0
05/22/2023 20:00,0.0
05/22/2023 20:30,0.0
05/22/2023 21:00,0.0
05/22/2023 21:30,0.0
05/22/2023 22:00,0.0
05/22/2023 22:30,0.0
05/22/2023 23:00,0.0
05/22/2023 23:30,0.0
05/23/2023 00:00,0.0
05/23/2023 00:30,0.0
05/23/2023 01:00,0.0
05/23/2023 01:30,0.0
05/23/2023 02:00,0.0
05/23/2023 02:30,0.0
05/23/2023 03:00,0.0
05/23/2023 03:30,0.0
05/23/2023 04:00,0.0
05/23/2023 04:30,0.0
05/23/2023 05:00,0.0
05/23/2023 05:30,0.0
05/23/2023 06:00,0.0
05/23/2023 06:30,0.0
05/23/2023 07:00,0.0
05/23/2023 07:30,0.0
05/23/2023 08:00,0.0
05/23/2023 08:30,0.0
05/23/2023 09:00,0.0
05/23/2023 09:30,0.0
05/23/2023 10:00,0.0
05/23/2023 10:30,0.0
05/23/2023 11:00,0.0
05/23/2023 11:30,0.0
05/23/2023 12:00,0.0
05/23/2023 12:30,0.0
05/23/2023 13:00,0.0
05/23/2023 13:30,0.0
05/23/2023 14:00,0.0
05/23/2023 14:30,0.0
05/23/2023 15:00,0.0
05/23/2023 15:30,0.0
05/23/2023 16:00,0.0
05/23/2023 16:30,0.0
05/23/2023 17:00,0.0
05/23/2023 17:30,0.0
05/23/2023 18:00,0.0
05/23/2023 18:30,0.0
05/23/2023 19:00,0.0
05/23/2023 19:30,0.0
05/23/2023 20:00,0.0
05/23/2023 20:30,0.0
05/23/2023 21:00,0.0
05/23/2023 21:30,0.0
05/23/2023 22:00,0.0
05/23/2023 22:30,0.0
05/23/2023 23:00,0.0
05/23/2023 23:30,0.0
05/24/2023 00:00,0.0
05/24/2023 00:30,0.0
05/24/2023 01:00,0.0
05/24/2023 01:30,0.0
05/24/2023 02:00,0.0
05/24/2023 02:30,0.0
05/24/2023 03:00,0.0
05/24/2023 03:30,0.0
05/24/2023 04:00,0.0
05/24/2023 04:30,0.0
05/24/2023 05:00,0.0
05/24/2023 05:30,0.0
05/24/2023 06:00,0.0
05/24/2023 06:30,0.0
05/24/2023 07:00,0.0
05/24/2023 07:30,0.0
05/24/2023 08:00,0.0
05/24/2023 08:30,0.0
05/24/2023 09:00,0.0
05/24/2023 09:30,0.0
05/24/2023 10:00,0.0
05/24/2023 10:30,0.0
05/24/2023 11:00,0.0
05/24/2023 11:30,0.0
05/24/2023 12:00,0.0
05/24/2023 12:30,0.0
05/24/2023 13:00,0.0
05/24/2023 13:30,0.0
05/24/2023 14:00,0.0
05/24/2023 14:30,0.0
05/24/2023 15:00,0.0
05/24/2023 15:30,0.0
05/24/2023 16:00,0.0
05/24/2023 16:30,0.0
05/24/2023 17:00,0.0
05/24/2023 17:30,0.0
05/24/2023 18:00,0.0
05/24/2023 18:30,0.0
05/24/2023 19:00,0.0
05/24/2023 19:30,0.0
05/24/2023 20:00,0.0
05/24/2023 20:30,0.0
05/24/2023 21:00,0.0
05/24/2023 21:30,0.0
05/24/2023 22:00,0.0
05/24/2023 22:30,0.0
05/24/2023 23:00,0.0
05/24/2023 23:30,0.0
05/25/2023 00:00,0.0
05/25/2023 00:30,0.0
05/25/2023 01:00,0.0
05/25/2023 01:30,0.0
05/25/2023 02:00,0.0
05/25/2023 02:30,0.0
05/25/2023 03:00,0.0
05/25/2023 03:30,0.0
05/25/2023 04:00,0.0
05/25/2023 04:30,0.0
05/25/2023 05:00,0.0
05/25/2023 05:30,0.0
05/25/2023 06:00,0.0
05/25/2023 06:30,0.0
05/25/2023 07:00,0.0
05/25/2023 07:30,0.0
05/25/2023 08:00,0.0
05/25/2023 08:30,0.0
05/25/2023 09:00,0.0
05/25/2023 09:30,0.0
05/25/2023 10:00,0.0
05/25/2023 10:30,0.0
05/25/2023 11:00,0.0
05/25/2023 11:30,0.0
05/25/2023 12:00,0.0
05/25/2023 12:30,0.0
05/25/2023 13:00,0.0
05/25/2023 13:30,0.0
05/25/2023 14:00,0.0
05/25/2023 14:30,0.0
05/25/2023 15:00,0.0
05/25/2023 15:30,0.0
05/25/2023 16:00,0.0
05/25/2023 16:30,0.0
05/25/2023 17:00,0.0
05/25/2023 17:30,0.0
05/25/2023 18:00,0.0
05/25/2023 18:30,0.0
05/25/2023 19:00,0.0
05/25/2023 19:30,0.0
05/25/2023 20:00,0.0
05/25/2023 20:30,0.0
05/25/2023 21:00,0.0
05/25/2023 21:30,0.0
05/25/2023 22:00,0.0
05/25/2023 22:30,0.0
05/25/2023 23:00,0.0
05/25/2023 23:30,0.0
05/26/2023 00:00,0.0
05/26/2023 00:30,0.0
05/26/2023 01:00,0.0
05/26/2023 01:30,0.0
05/26/2023 02:00,0.0
05/26/2023 02:30,0.0
05/26/2023 03:00,0.0
05/26/2023 03:30,0.0
05/26/2023 04:00,0.0
05/26/2023 04:30,0.0
05/26/2023 05:00,0.0
05/26/2023 05:30,0.0
05/26/2023 06:00,0.0
05/26/2023 06:30,0.0
05/26/2023 07:00,0.0
05/26/2023 07:30,0.0
05/26/2023 08:00,0.0
05/26/2023 08:30,0.0
05/26/2023 09:00,0.0
05/26/2023 09:30,0.0
05/26/2023 10:00,0.0
05/26/2023 10:30,0.0
05/26/2023 11:00,0.0
05/26/2023 11:30,0.0
05/26/2023 12:00,0.0
05/26/2023 12:30,0.0
05/26/2023 13:00,0.0
05/26/2023 13:30,0.0
05/26/2023 14:00,0.0
05/26/2023 14:30,0.0
05/26/2023 15:00,0.0
05/26/2023 15:30,0.0
05/26/2023 16:00,0.0
05/26/2023 16:30,0.0
05/26/2023 17:00,0.0
05/26/2023 17:30,0.0
05/26/2023 18:00,0.0
05/26/2023 18:30,0.0
05/26/2023 19:00,0.0
05/26/2023 19:30,0.0
05/26/2023 20:00,0.0
05/26/2023 20:30,0.0
05/26/2023 21:00,0.0
05/26/2023 21:30,0.0
05/26/2023 22:00,0.0
05/26/2023 22:30,0.0
05/26/2023 23:00,0.0
05/26/2023 23:30,0.0
05/27/2023 00:00,0.0
05/27/2023 00:30,0.0
05/27/2023 01:00,0.0
05/27/2023 01:30,0.0
05/27/2023 02:00,0.0
05/27/2023 02:30,0.0
05/27/2023 03:00,0.0
05/27/2023 03:30,0.0
05/27/2023 04:00,0.0
05/27/2023 04:30,0.0
05/27/2023 05:00,0.0
05/27/2023 05:30,0.0
05/27/2023 06:00,0.0
05/27/2023 06:30,0.0
05/27/2023 07:00,0.0
05/27/2023 07:30,0.0
05/27/2023 08:00,0.0
05/27/2023 08:30,0.0
05/27/2023 09:00,0.0
05/27/2023 09:30,0.0
05/27/2023 10:00,0.0
05/27/2023 10:30,0.0
05/27/2023 11:00,0.0
05/27/2023 11:30,0.0
05/27/2023 12:00,0.0
05/27/2023 12:30,0.0
05/27/2023 13:00,0.0
05/27/2023 13:30,0.0
05/27/2023 14:00,0.0
05/27/2023 14:30,0.0
05/27/2023 15:00,0.0
05/27/2023 15:30,0.0
05/27/2023 16:00,0.0
05/27/2023 16:30,0.0
05/27/2023 17:00,0.0
05/27/2023 17:30,0.0
05/27/2023 18:00,0.0
05/27/2023 18:30,0.0
05/27/2023 19:00,0.0
05/27/2023 19:30,0.0
05/27/2023 20:00,0.0
05/27/2023 20:30,0.0
05/27/2023 21:00,0.0
05/27/2023 21:30,0.0
05/27/2023 22:00,0.0
05/27/2023 22:30,0.0
05/27/2023 23:00,0.0
05/27/2023 23:30,0.0
05/28/2023 00:00,0.0
05/28/2023 00:30,0.0
05/28/2023 01:00,0.0
05/28/2023 01:30,0.0
05/28/2023 02:00,0.0
05/28/2023 02:30,0.0
05/28/2023 03:00,0.0
05/28/2023 03:30,0.0
05/28/2023 04:00,0.0
05/28/2023 04:30,0.0
05/28/2023 05:00,0.0
05/28/2023 05:30,0.0
05/28/2023 06:00,0.0
05/28/2023 06:30,0.0
05/28/2023 07:00,0.0
05/28/2023 07:30,0.0
05/28/2023 08:00,0.0
05/28/2023 08:30,0.0
05/28/2023 09:00,0.0
05/28/2023 09:30,0.0
05/28/2023 10:00,0.0
05/28/2023 10:30,0.0
05/28/2023 11:00,0.0
05/28/2023 11:30,0.0
05/28/2023 12:00,0.0
05/28/2023 12:30,0.0
05/28/2023 13:00,0.0
05/28/2023 13:30,0.0
05/28/2023 14:00,0.0
05/28/2023 14:30,0.0
05/28/2023 15:00,0.0
05/28/2023 15:30,0.0
05/28/2023 16:00,0.0
05/28/2023 16:30,0.0
05/28/2023 17:00,0.0
05/28/2023 17:30,0.0
05/28/2023 18:00,0.0
05/28/2023 18:30,0.0
05/28/2023 19:00,0.0
05/28/2023 19:30,0.0
05/28/2023 20:00,0.0
05/28/2023 20:30,0.0
05/28/2023 21:00,0.0
05/28/2023 21:30,0.0
05/28/2023 22:00,0.0
05/28/2023 22:30,0.0
05/28/2023 23:00,0.0
05/28/2023 23:30,0.0
05/29/2023 00:00,0.0
05/29/2023 00:30,0.0
05/29/2023 01:00,0.0
05/29/2023 01:30,0.0
05/29/2023 02:00,0.0
05/29/2023 02:30,0.0
05/29/2023 03:00,0.0
05/29/2023 03:30,0.0
05/29/2023 04:00,0.0
05/29/2023 04:30,0.0
05/29/2023 05:00,0.0
05/29/2023 05:30,0.0
05/29/2023 06:00,0.0
05/29/2023 06:30,0.0
05/29/2023 07:00,0.0
05/29/2023 07:30,0.0
05/29/2023 08:00,0.0
05/29/2023 08:30,0.0
05/29/2023 09:00,0.0
05/29/2023 09:30,0.0
05/29/2023 10:00,0.0
05/29/2023 10:30,0.0
05/29/2023 11:00,0.0
05/29/2023 11:30,0.0
05/29/2023 12:00,0.0
05/29/2023 12:30,0.0
05/29/2023 13:00,0.0
05/29/2023 13:30,0.0
05/29/2023 14:00,0.0
05/29/2023 14:30,0.0
05/29/2023 15:00,0.0
05/29/2023 15:30,0.0
05/29/2023 16:00,0.0
05/29/2023 16:30,0.0
05/29/2023 17:00,0.0
05/29/2023 17:30,0.0
05/29/2023 18:00,0.0
05/29/2023 18:30,0.0
05/29/2023 19:00,0.0
05/29/2023 19:30,0.0
05/29/2023 20:00,0.0
05/29/2023 20:30,0.0
05/29/2023 21:00,0.0
05/29/2023 21:30,0.0
05/29/2023 22:00,0.0
05/29/2023 22:30,0.0
05/29/2023 23:00,0.0
05/29/2023 23:30,0.0
05/30/2023 00:00,0.0
05/30/2023 00:30,0.0
05/30/2023 01:00,0.0
05/30/2023 01:30,0.0
05/30/2023 02:00,0.0
05/30/2023 02:30,0.0
05/30/2023 03:00,0.0
05/30/2023 03:30,0.0
05/30/2023 04:00,0.0
05/30/2023 04:30,0.0
05/30/2023 05:00,0.0
05/30/2023 05:30,0.0
05/30/2023 06:00,0.0
05/30/2023 06:30,0.0
05/30/2023 07:00,0.0
05/30/2023 07:30,0.0
05/30/2023 08:00,0.0
05/30/2023 08:30,0.0
05/30/2023 09:00,0.0
05/30/2023 09:30,0.0
05/30/2023 10:00,0.0
05/30/2023 10:30,0.0
05/30/2023 11:00,0.0
05/30/2023 11:30,0.0
05/30/2023 12:00,0.0
05/30/2023 12:30,0.0
05/30/2023 13:00,0.0
05/30/2023 13:30,0.0
05/30/2023 14:00,0.0
05/30/2023 14:30,0.0
05/30/2023 15:00,0.0
05/30/2023 15:30,0.0
05/30/2023 16:00,0.0
05/30/2023 16:30,0.0
05/30/2023 17:00,0.0
05/30/2023 17:30,0.0
05/30/2023 18:00,0.0
05/30/2023 18:30,0.0
05/30/2023 19:00,0.0
05/30/2023 19:30,0.0
05/30/2023 20:00,0.0
05/30/2023 20:30,0.0
05/30/2023 21:00,0.0
05/30/2023 21:30,0.0
05/30/2023 22:00,0.0
05/30/2023 22:30,0.0
05/30/2023 23:00,0.0
05/30/2023 23:30,0.0
05/31/2023 00:00,0.0
05/31/2023 00:30,0.0
05/31/2023 01:00,0.0
05/31/2023 01:30,0.0
05/31/2023 02:00,0.0
05/31/2023 02:30,0.0
05/31/2023 03:00,0.0
05/31/2023 03:30,0.0
05/31/2023 04:00,0.0
05/31/2023 04:30,0.0
05/31/2023 05:00,0.0
05/31/2023 05:30,0.0
05/31/2023 06:00,0.0
05/31/2023 06:30,0.0
05/31/2023 07:00,0.0
05/31/2023 07:30,0.0
05/31/2023 08:00,0.0
05/31/2023 08:30,0.0
05/31/2023 09:00,0.0
05/31/2023 09:30,0.0
05/31/2023 10:00,0.0
05/31/2023 10:30,0.0
05/31/2023 11:00,0.0
05/31/2023 11:30,0.0
05/31/2023 12:00,0.0
05/31/2023 12:30,0.0
05/31/2023 13:00,0.0
05/31/2023 13:30,0.0
05/31/2023 14:00,0.0
05/31/2023 14:30,0.0
05/31/2023 15:00,0.0
05/31/2023 15:30,0.0
05/31/2023 16:00,0.0
05/31/2023 16:30,0.0
05/31/2023 17:00,0.0
05/31/2023 17:30,0.0
05/31/2023 18:00,0.0
05/31/2023 18:30,0.0
05/31/2023 19:00,0.0
05/31/2023 19:30,0.0
05/31/2023 20:00,0.0
05/31/2023 20:30,0.0
05/31/2023 21:00,0.0
05/31/2023 21:30,0.0
05/31/2023 22:00,0.0
05/31/2023 22:30,0.0
05/31/2023 23:00,0.0
05/31/2023 23:30,0.0
06/01/2023 00:00,0.0
06/01/2023 00:30,0.0
06/01/2023 01:00,0.0
06/01/2023 01:30,0.0
06/01/2023 02:00,0.0
06/01/2023 02:30,0.0
06/01/2023 03:00,0.0
06/01/2023 03:30,0.0
06/01/2023 04:00,0.0
06/01/2023 04:30,0.0
06/01/2023 05:00,0.0
06/01/2023 05:30,0.0
06/01/2023 06:00,0.0
06/01/2023 06:30,0.0
06/01/2023 07:00,0.0
06/01/2023 07:30,0.0
06/01/2023 08:00,0.0
06/01/2023 08:30,0.0
06/01/2023 09:00,0.0
06/01/2023 09:30,0.0
06/01/2023 10:00,0.0
06/01/2023 10:30,0.0
06/01/2023 11:00,0.0
06/01/2023 11:30,0.0
06/01/2023 12:00,0.0
06/01/2023 12:30,0.0
06/01/2023 13:00,0.0
06/01/2023 13:30,0.0
06/01/2023 14:00,0.0
06/01/2023 14:30,0.0
06/01/2023 15:00,0.0
06/01/2023 15:30,0.0
06/01/2023 16:00,0.0
06/01/2023 16:30,0.0
06/01/2023 17:00,0.0
06/01/2023 17:30,0.0
06/01/2023 18:00,0.0
06/01/2023 18:30,0.0
06/01/2023 19:00,0.0
06/01/2023 19:30,0.0
06/01/2023 20:00,0.0
06/01/2023 20:30,0.0
06/01/2023 21:00,0.0
06/01/2023 21:30,0.0
06/01/2023 22:00,0.0
06/01/2023 22:30,0.0
06/01/2023 23:00,0.0
06/01/2023 23:30,0.0
06/02/2023 00:00,0.0
06/02/2023 00:30,0.0
06/02/2023 01:00,0.0
06/02/2023 01:30,0.0
06/02/2023 02:00,0.0
06/02/2023 02:30,0.0
06/02/2023 03:00,0.0
06/02/2023 03:30,0.0
06/02/2023 04:00,0.0
06/02/2023 04:30,0.0
06/02/2023 05:00,0.0
06/02/2023 05:30,0.0
06/02/2023 06:00,0.0
06/02/2023 06:30,0.0
06/02/2023 07:00,0.0
06/02/2023 07:30,0.0
06/02/2023 08:00,0.0
06/02/2023 08:30,0.0
06/02/2023 09:00,0.0
06/02/2023 09:30,0.0
06/02/2023 10:00,0.0
06/02/2023 10:30,0.0
06/02/2023 11:00,0.0
06/02/2023 11:30,0.0
06/02/2023 12:00,0.0
06/02/2023 12:30,0.0
06/02/2023 13:00,0.0
06/02/2023 13:30,0.0
06/02/2023 14:00,0.0
06/02/2023 14:30,0.0
06/02/2023 15:00,0.0
06/02/2023 15:30,0.0
06/02/2023 16:00,0.0
06/02/2023 16:30,0.0
06/02/2023 17:00,0.0
06/02/2023 17:30,0.0
06/02/2023 18:00,0.0
06/02/2023 18:30,0.0
06/02/2023 19:00,0.0
06/02/2023 19:30,0.0
06/02/2023 20:00,0.0
06/02/2023 20:30,0.0
06/02/2023 21:00,0.0
06/02/2023 21:30,0.0
06/02/2023 22:00,0.0
06/02/2023 22:30,0.0
06/02/2023 23:00,0.0
06/02/2023 23:30,0.0
06/03/2023 00:00,0.0
06/03/2023 00:30,0.0
06/03/2023 01:00,0.0
06/03/2023 01:30,0.0
06/03/2023 02:00,0.0
06/03/2023 02:30,0.0
06/03/2023 03:00,0.0
06/03/2023 03:30,0.0
06/03/2023 04:00,0.0
06/03/2023 04:30,0.0
06/03/2023 05:00,0.0
06/03/2023 05:30,0.0
06/03/2023 06:00,0.0
06/03/2023 06:30,0.0
06/03/2023 07:00,0.0
06/03/2023 07:30,0.0
06/03/2023 08:00,0.0
06/03/2023 08:30,0.0
06/03/2023 09:00,0.0
06/03/2023 09:30,0.0
06/03/2023 10:00,0.0
06/03/2023 10:30,0.0
06/03/2023 11:00,0.0
06/03/2023 11:30,0.0
06/03/2023 12:00,0.0
06/03/2023 12:30,0.0
06/03/2023 13:00,0.0
06/03/2023 13:30,0.0
06/03/2023 14:00,0.0
06/03/2023 14:30,0.0
06/03/2023 15:00,0.0
06/03/2023 15:30,0.0
06/03/2023 16:00,0.0
06/03/2023 16:30,0.0
06/03/2023 17:00,0.0
06/03/2023 17:30,0.0
06/03/2023 18:00,0.0
06/03/2023 18:30,0.0
06/03/2023 19:00,0.0
06/03/2023 19:30,0.0
06/03/2023 20:00,0.0
06/03/2023 20:30,0.0
06/03/2023 21:00,0.0
06/03/2023 21:30,0.0
06/03/2023 22:00,0.0
06/03/2023 22:30,0.0
06/03/2023 23:00,0.0
06/03/2023 23:30,0.0
06/04/2023 00:00,0.0
06/04/2023 00:30,0.0
06/04/2023 01:00,0.0
06/04/2023 01:30,0.0
06/04/2023 02:00,0.0
06/04/2023 02:30,0.0
06/04/2023 03:00,0.0
06/04/2023 03:30,0.0
06/04/2023 04:00,0.0
06/04/2023 04:30,0.0
06/04/2023 05:00,0.0
06/04/2023 05:30,0.0
06/04/2023 06:00,0.0
06/04/2023 06:30,0.0
06/04/2023 07:00,0.0
06/04/2023 07:30,0.0
06/04/2023 08:00,0.0
06/04/2023 08:30,0.0
06/04/2023 09:00,0.0
06/04/2023 09:30,0.0
06/04/2023 10:00,0.0
06/04/2023 10:30,0.0
06/04/2023 11:00,0.0
06/04/2023 11:30,0.0
06/04/2023 12:00,0.0
06/04/2023 12:30,0.0
06/04/2023 13:00,0.0
06/04/2023 13:30,0.0
06/04/2023 14:00,0.0
06/04/2023 14:30,0.0
06/04/2023 15:00,0.0
06/04/2023 15:30,0.0
06/04/2023 16:00,0.0
06/04/2023 16:30,0.0
06/04/2023 17:00,0.0
06/04/2023 17:30,0.0
06/04/2023 18:00,0.0
06/04/2023 18:30,0.0
06/04/2023 19:00,0.0
06/04/2023 19:30,0.0
06/04/2023 20:00,0.0
06/04/2023 20:30,0.0
06/04/2023 21:00,0.0
06/04/2023 21:30,0.0
06/04/2023 22:00,0.0
06/04/2023 22:30,0.0
06/04/2023 23:00,0.0
06/04/2023 23:30,0.0
06/05/2023 00:00,0.0
06/05/2023 00:30,0.0
06/05/2023 01:00,0.0
06/05/2023 01:30,0.0
06/05/2023 02:00,0.0
06/05/2023 02:30,0.0
06/05/2023 03:00,0.0
06/05/2023 03:30,0.0
06/05/2023 04:00,0.0
06/05/2023 04:30,0.0
06/05/2023 05:00,0.0
06/05/2023 05:30,0.0
06/05/2023 06:00,0.0
06/05/2023 06:30,0.0
06/05/2023 07:00,0.0
06/05/2023 07:30,0.0
06/05/2023 08:00,0.0
06/05/2023 08:30,0.0
06/05/2023 09:00,0.0
06/05/2023 09:30,0.0
06/05/2023 10:00,0.0
06/05/2023 10:30,0.0
06/05/2023 11:00,0.0
06/05/2023 11:30,0.0
06/05/2023 12:00,0.0
06/05/2023 12:30,0.0
06/05/2023 13:00,0.0
06/05/2023 13:30,0.0
06/05/2023 14:00,0.0
06/05/2023 14:30,0.0
06/05/2023 15:00,0.0
06/05/2023 15:30,0.0
06/05/2023 16:00,0.0
06/05/2023 16:30,0.0
06/05/2023 17:00,0.0
06/05/2023 17:30,0.0
06/05/2023 18:00,0.0
06/05/2023 18:30,0.0
06/05/2023 19:00,0.0
06/05/2023 19:30,0.0
06/05/2023 20:00,0.0
06/05/2023 20:30,0.0
06/05/2023 21:00,0.0
06/05/2023 21:30,0.0
06/05/2023 22:00,0.0
06/05/2023 22:30,0.0
06/05/2023 23:00,0.0
06/05/2023 23:30,0.0
06/06/2023 00:00,0.0
06/06/2023 00:30,0.0
06/06/2023 01:00,0.0
06/06/2023 01:30,0.0
06/06/2023 02:00,0.0
06/06/2023 02:30,0.0
06/06/2023 03:00,0.0
06/06/2023 03:30,0.0
06/06/2023 04:00,0.0
06/06/2023 04:30,0.0
06/06/2023 05:00,0.0
06/06/2023 05:30,0.0
06/06/2023 06:00,0.0
06/06/2023 06:30,0.0
06/06/2023 07:00,0.0
06/06/2023 07:30,0.0
06/06/2023 08:00,0.0
06/06/2023 08:30,0.0
06/06/2023 09:00,0.0
06/06/2023 09:30,0.0
06/06/2023 10:00,0.0
06/06/2023 10:30,0.0
06/06/2023 11:00,0.0
06/06/2023 11:30,0.0
06/06/2023 12:00,0.0
06/06/2023 12:30,0.0
06/06/2023 13:00,0.0
06/06/2023 13:30,0.0
06/06/2023 14:00,0.0
06/06/2023 14:30,0.0
06/06/2023 15:00,0.0
06/06/2023 15:30,0.0
06/06/2023 16:00,0.0
06/06/2023 16:30,0.0
06/06/2023 17:00,0.0
06/06/2023 17:30,0.0
06/06/2023 18:00,0.0
06/06/2023 18:30,0.0
06/06/2023 19:00,0.0
06/06/2023 19:30,0.0
06/06/2023 20:00,0.0
06/06/2023 20:30,0.0
06/06/2023 21:00,0.0
06/06/2023 21:30,0.0
06/06/2023 22:00,0.0
06/06/2023 22:30,0.0
06/06/2023 23:00,0.0
06/06/2023 23:30,0.0
06/07/2023 00:00,0.0
06/07/2023 00:30,0.0
06/07/2023 01:00,0.0
06/07/2023 01:30,0.0
06/07/2023 02:00,0.0
06/07/2023 02:30,0.0
06/07/2023 03:00,0.0
06/07/2023 03:30,0.0
06/07/2023 04:00,0.0
06/07/2023 04:30,0.0
06/07/2023 05:00,0.0
06/07/2023 05:30,0.0
06/07/2023 06:00,0.0
06/07/2023 06:30,0.0
06/07/2023 07:00,0.0
06/07/2023 07:30,0.0
06/07/2023 08:00,0.0
06/07/2023 08:30,0.0
06/07/2023 09:00,0.0
06/07/2023 09:30,0.0
06/07/2023 10:00,0.0
06/07/2023 10:30,0.0
06/07/2023 11:00,0.0
06/07/2023 11:30,0.0
06/07/2023 12:00,0.0
06/07/2023 12:30,0.0
06/07/2023 13:00,0.0
06/07/2023 13:30,0.0
06/07/2023 14:00,0.0
06/07/2023 14:30,0.0
06/07/2023 15:00,0.0
06/07/2023 15:30,0.0
06/07/2023 16:00,0.0
06/07/2023 16:30,0.0
06/07/2023 17:00,0.0
06/07/2023 17:30,0.0
06/07/2023 18:00,0.0
06/07/2023 18:30,0.0
06/07/2023 19:00,0.0
06/07/2023 19:30,0.0
06/07/2023 20:00,0.0
06/07/2023 20:30,0.0
06/07/2023 21:00,0.0
06/07/2023 21:30,0.0
06/07/2023 22:00,0.0
06/07/2023 22:30,0.0
06/07/2023 23:00,0.0
06/07/2023 23:30,0.0
06/08/2023 00:00,0.0
06/08/2023 00:00,0.0
06/08/2023 00:30,0.0
06/08/2023 00:30,0.0
06/08/2023 01:00,0.0
06/08/2023 01:00,0.0
06/08/2023 01:30,0.0
06/08/2023 01:30,0.0
06/08/2023 02:00,0.0
06/08/2023 02:00,0.0
06/08/2023 02:30,0.0
06/08/2023 02:30,0.0
06/08/2023 03:00,0.0
06/08/2023 03:00,0.0
06/08/2023 03:30,0.0
06/08/2023 03:30,0.0
06/08/2023 04:00,0.0
06/08/2023 04:00,0.0
06/08/2023 04:30,0.0
06/08/2023 04:30,0.0
06/08/2023 05:00,0.0
06/08/2023 05:00,0.0
06/08/2023 05:30,0.0
06/08/2023 05:30,0.0
06/08/2023 06:00,0.0
06/08/2023 06:00,0.0
06/08/2023 06:30,0.0
06/08/2023 06:30,0.0
06/08/2023 07:00,0.0
06/08/2023 07:00,0.0
06/08/2023 07:30,0.0
06/08/2023 07:30,0.0
06/08/2023 08:00,0.0
06/08/2023 08:00,0.0
06/08/2023 08:30,0.0
06/08/2023 08:30,0.0
06/08/2023 09:00,0.0
06/08/2023 09:00,0.0
06/08/2023 09:30,0.0
06/08/2023 09:30,0.0
06/08/2023 10:00,0.0
06/08/2023 10:00,0.0
06/08/2023 10:30,0.0
06/08/2023 10:30,0.0
06/08/2023 11:00,0.0
06/08/2023 11:00,0.0
06/08/2023 11:30,0.0
06/08/2023 11:30,0.0
06/08/2023 12:00,0.0
06/08/2023 12:00,0.0
06/08/2023 12:30,0.0
06/08/2023 12:30,0.0
06/08/2023 13:00,0.0
06/08/2023 13:00,0.0
06/08/2023 13:30,0.0
06/08/2023 13:30,0.0
06/08/2023 14:00,0.0
06/08/2023 14:00,0.0
06/08/2023 14:30,0.0
06/08/2023 14:30,0.0
06/08/2023 15:00,0.0
06/08/2023 15:00,0.0
06/08/2023 15:30,0.0
06/08/2023 15:30,0.0
06/08/2023 16:00,0.0
06/08/2023 16:00,0.0
06/08/2023 16:30,0.0
06/08/2023 16:30,0.0
06/08/2023 17:00,0.0
06/08/2023 17:00,0.0
06/08/2023 17:30,0.0
06/08/2023 17:30,0.0
06/08/2023 18:00,0.0
06/08/2023 18:00,0.0
06/08/2023 18:30,0.0
06/08/2023 18:30,0.0
06/08/2023 19:00,0.0
06/08/2023 19:00,0.0
06/08/2023 19:30,0.0
06/08/2023 19:30,0.0
06/08/2023 20:00,0.0
06/08/2023 20:00,0.0
06/08/2023 20:30,0.0
06/08/2023 20:30,0.0
06/08/2023 21:00,0.0
06/08/2023 21:00,0.0
06/08/2023 21:30,0.0
06/08/2023 21:30,0.0
06/08/2023 22:00,0.0
06/08/2023 22:00,0.0
06/08/2023 22:30,0.0
06/08/2023 22:30,0.0
06/08/2023 23:00,0.0
06/08/2023 23:00,0.0
06/08/2023 23:30,0.0
06/08/2023 23:30,0.0
06/09/2023 00:00,0.0
06/09/2023 00:00,0.0
06/09/2023 00:00,1.012
06/09/2023 00:00,1.012
06/09/2023 00:00,1.012
06/09/2023 00:30,1.012
06/09/2023 00:30,1.012
06/09/2023 00:30,1.012
06/09/2023 00:30,0.0
06/09/2023 00:30,0.0
06/09/2023 01:00,1.012
06/09/2023 01:00,0.0
06/09/2023 01:00,1.012
06/09/2023 01:00,0.0
06/09/2023 01:00,1.012
06/09/2023 01:30,0.0
06/09/2023 01:30,1.012
06/09/2023 01:30,0.0
06/09/2023 01:30,1.012
06/09/2023 01:30,1.012
06/09/2023 02:00,1.012
06/09/2023 02:00,1.012
06/09/2023 02:00,0.0
06/09/2023 02:00,1.012
06/09/2023 02:00,0.0
06/09/2023 02:30,1.012
06/09/2023 02:30,1.012
06/09/2023 02:30,0.0
06/09/2023 02:30,0.0
06/09/2023 02:30,1.012
06/09/2023 03:00,1.012
06/09/2023 03:00,1.012
06/09/2023 03:00,0.0
06/09/2023 03:00,1.012
06/09/2023 03:00,0.0
06/09/2023 03:30,0.0
06/09/2023 03:30,0.0
06/09/2023 03:30,1.012
06/09/2023 03:30,1.012
06/09/2023 03:30,1.012
06/09/2023 04:00,1.012
06/09/2023 04:00,0.0
06/09/2023 04:00,1.012
06/09/2023 04:00,0.0
06/09/2023 04:00,1.012
06/09/2023 04:30,0.0
06/09/2023 04:30,1.012
06/09/2023 04:30,0.0
06/09/2023 04:30,1.012
06/09/2023 04:30,1.012
06/09/2023 05:00,0.0
06/09/2023 05:00,1.012
06/09/2023 05:00,1.012
06/09/2023 05:00,1.012
06/09/2023 05:00,0.0
06/09/2023 05:30,1.012
06/09/2023 05:30,1.012
06/09/2023 05:30,1.012
06/09/2023 05:30,0.0
06/09/2023 05:30,0.0
06/09/2023 06:00,1.012
06/09/2023 06:00,1.012
06/09/2023 06:00,0.0
06/09/2023 06:00,1.012
06/09/2023 06:00,0.0
06/09/2023 06:30,1.012
06/09/2023 06:30,0.0
06/09/2023 06:30,0.0
06/09/2023 06:30,1.012
06/09/2023 06:30,1.012
06/09/2023 07:00,0.0
06/09/2023 07:00,1.012
06/09/2023 07:00,1.012
06/09/2023 07:00,0.0
06/09/2023 07:00,1.012
06/09/2023 07:30,0.0
06/09/2023 07:30,1.012
06/09/2023 07:30,1.012
06/09/2023 07:30,1.012
06/09/2023 07:30,0.0
06/09/2023 08:00,0.0
06/09/2023 08:00,1.012
06/09/2023 08:00,1.012
06/09/2023 08:00,1.012
06/09/2023 08:00,0.0
06/09/2023 08:30,0.0
06/09/2023 08:30,1.012
06/09/2023 08:30,1.012
06/09/2023 08:30,1.012
06/09/2023 08:30,0.0
06/09/2023 09:00,1.012
06/09/2023 09:00,0.0
06/09/2023 09:00,0.0
06/09/2023 09:00,1.012
06/09/2023 09:00,1.012
06/09/2023 09:30,1.012
06/09/2023 09:30,0.0
06/09/2023 09:30,1.012
06/09/2023 09:30,1.012
06/09/2023 09:30,0.0
06/09/2023 10:00,1.012
06/09/2023 10:00,1.012
06/09/2023 10:00,1.012
06/09/2023 10:00,0.0
06/09/2023 10:00,0.0
06/09/2023 10:30,0.0
06/09/2023 10:30,1.012
06/09/2023 10:30,1.012
06/09/2023 10:30,1.012
06/09/2023 10:30,0.0
06/09/2023 11:00,1.012
06/09/2023 11:00,1.012
06/09/2023 11:00,1.012
06/09/2023 11:00,0.0
06/09/2023 11:00,0.0
06/09/2023 11:30,1.012
06/09/2023 11:30,1.012
06/09/2023 11:30,1.012
06/09/2023 11:30,0.0
06/09/2023 11:30,0.0
06/09/2023 12:00,0.0
06/09/2023 12:00,1.012
06/09/2023 12:00,0.0
06/09/2023 12:00,1.012
06/09/2023 12:00,1.012
06/09/2023 12:30,1.012
06/09/2023 12:30,1.012
06/09/2023 12:30,1.012
06/09/2023 12:30,0.0
06/09/2023 12:30,0.0
06/09/2023 13:00,1.012
06/09/2023 13:00,1.012
06/09/2023 13:00,1.012
06/09/2023 13:00,0.0
06/09/2023 13:00,0.0
06/09/2023 13:30,0.0
06/09/2023 13:30,1.012
06/09/2023 13:30,1.012
06/09/2023 13:30,1.012
06/09/2023 13:30,0.0
06/09/2023 14:00,1.012
06/09/2023 14:00,0.0
06/09/2023 14:00,1.012
06/09/2023 14:00,0.0
06/09/2023 14:00,1.012
06/09/2023 14:30,0.0
06/09/2023 14:30,0.0
06/09/2023 14:30,1.012
06/09/2023 14:30,1.012
06/09/2023 14:30,1.012
06/09/2023 15:00,1.012
06/09/2023 15:00,1.012
06/09/2023 15:00,0.0
06/09/2023 15:00,0.0
06/09/2023 15:00,1.012
06/09/2023 15:30,1.012
06/09/2023 15:30,0.0
06/09/2023 15:30,1.012
06/09/2023 15:30,0.0
06/09/2023 15:30,1.012
06/09/2023 16:00,1.012
06/09/2023 16:00,0.0
06/09/2023 16:00,0.0
06/09/2023 16:00,1.012
06/09/2023 16:00,1.012
06/09/2023 16:30,1.012
06/09/2023 16:30,1.012
06/09/2023 16:30,0.0
06/09/2023 16:30,0.0
06/09/2023 16:30,1.012
06/09/2023 17:00,1.012
06/09/2023 17:00,1.012
06/09/2023 17:00,1.012
06/09/2023 17:00,0.0
06/09/2023 17:00,0.0
06/09/2023 17:30,0.0
06/09/2023 17:30,1.012
06/09/2023 17:30,1.012
06/09/2023 17:30,1.012
06/09/2023 17:30,0.0
06/09/2023 18:00,0.0
06/09/2023 18:00,0.0
06/09/2023 18:00,1.012
06/09/2023 18:00,1.012
06/09/2023 18:00,1.012
06/09/2023 18:30,0.0
06/09/2023 18:30,1.012
06/09/2023 18:30,0.0
06/09/2023 18:30,1.012
06/09/2023 18:30,1.012
06/09/2023 19:00,0.0
06/09/2023 19:00,0.0
06/09/2023 19:00,1.012
06/09/2023 19:00,1.012
06/09/2023 19:00,1.012
06/09/2023 19:30,0.0
06/09/2023 19:30,1.012
06/09/2023 19:30,1.012
06/09/2023 19:30,0.0
06/09/2023 19:30,1.012
06/09/2023 20:00,0.0
06/09/2023 20:00,1.012
06/09/2023 20:00,1.012
06/09/2023 20:00,0.0
06/09/2023 20:00,1.012
06/09/2023 20:30,1.012
06/09/2023 20:30,1.012
06/09/2023 20:30,0.0
06/09/2023 20:30,0.0
06/09/2023 20:30,1.012
06/09/2023 21:00,1.012
06/09/2023 21:00,1.012
06/09/2023 21:00,0.0
06/09/2023 21:00,0.0
06/09/2023 21:00,1.012
06/09/2023 21:30,1.012
06/09/2023 21:30,1.012
06/09/2023 21:30,1.012
06/09/2023 21:30,0.0
06/09/2023 21:30,0.0
06/09/2023 22:00,1.012
06/09/2023 22:00,1.012
06/09/2023 22:00,0.0
06/09/2023 22:00,1.012
06/09/2023 22:00,0.0
06/09/2023 22:30,1.012
06/09/2023 22:30,1.012
06/09/2023 22:30,0.0
06/09/2023 22:30,1.012
06/09/2023 22:30,0.0
06/09/2023 23:00,1.012
06/09/2023 23:00,1.012
06/09/2023 23:00,0.0
06/09/2023 23:00,1.012
06/09/2023 23:00,0.0
06/09/2023 23:30,0.0
06/09/2023 23:30,1.012
06/09/2023 23:30,0.0
06/09/2023 23:30,1.012
06/09/2023 23:30,1.012
06/10/2023 00:00,36.939
06/10/2023 00:00,36.939
06/10/2023 00:00,22.91
06/10/2023 00:00,5.261
06/10/2023 00:00,14.881
06/10/2023 00:00,3.655
06/10/2023 00:00,2.864
06/10/2023 00:30,5.261
06/10/2023 00:30,22.91
06/10/2023 00:30,14.881
06/10/2023 00:30,2.864
06/10/2023 00:30,3.655
06/10/2023 00:30,36.939
06/10/2023 00:30,36.939
06/10/2023 01:00,22.91
06/10/2023 01:00,36.939
06/10/2023 01:00,5.261
06/10/2023 01:00,14.881
06/10/2023 01:00,36.939
06/10/2023 01:00,2.864
06/10/2023 01:00,3.655
06/10/2023 01:30,5.261
06/10/2023 01:30,14.881
06/10/2023 01:30,36.939
06/10/2023 01:30,22.91
06/10/2023 01:30,3.655
06/10/2023 01:30,36.939
06/10/2023 01:30,2.864
06/10/2023 02:00,22.91
06/10/2023 02:00,5.261
06/10/2023 02:00,3.655
06/10/2023 02:00,36.939
06/10/2023 02:00,2.864
06/10/2023 02:00,14.881
06/10/2023 02:00,36.939
06/10/2023 02:30,14.881
06/10/2023 02:30,22.91
06/10/2023 02:30,36.939
06/10/2023 02:30,5.261
06/10/2023 02:30,3.655
06/10/2023 02:30,36.939
06/10/2023 02:30,2.864
06/10/2023 03:00,3.655
06/10/2023 03:00,5.261
06/10/2023 03:00,22.91
06/10/2023 03:00,2.864
06/10/2023 03:00,14.881
06/10/2023 03:00,36.939
06/10/2023 03:00,36.939
06/10/2023 03:30,2.864
06/10/2023 03:30,3.655
06/10/2023 03:30,14.881
06/10/2023 03:30,36.939
06/10/2023 03:30,22.91
06/10/2023 03:30,5.261
06/10/2023 03:30,36.939
06/10/2023 04:00,3.655
06/10/2023 04:00,2.864
06/10/2023 04:00,22.91
06/10/2023 04:00,36.939
06/10/2023 04:00,14.881
06/10/2023 04:00,36.939
06/10/2023 04:00,5.261
06/10/2023 04:30,5.261
06/10/2023 04:30,36.939
06/10/2023 04:30,14.881
06/10/2023 04:30,36.939
06/10/2023 04:30,3.655
06/10/2023 04:30,2.864
06/10/2023 04:30,22.91
06/10/2023 05:00,36.939
06/10/2023 05:00,5.261
06/10/2023 05:00,14.881
06/10/2023 05:00,36.939
06/10/2023 05:00,3.655
06/10/2023 05:00,22.91
06/10/2023 05:00,2.864
06/10/2023 05:30,5.261
06/10/2023 05:30,36.939
06/10/2023 05:30,22.91
06/10/2023 05:30,3.655
06/10/2023 05:30,14.881
06/10/2023 05:30,36.939
06/10/2023 05:30,2.864
06/10/2023 06:00,22.91
06/10/2023 06:00,14.881
06/10/2023 06:00,5.261
06/10/2023 06:00,36.939
06/10/2023 06:00,36.939
06/10/2023 06:00,3.655
06/10/2023 06:00,2.864
06/10/2023 06:30,3.655
06/10/2023 06:30,36.939
06/10/2023 06:30,14.881
06/10/2023 06:30,22.91
06/10/2023 06:30,5.261
06/10/2023 06:30,2.864
06/10/2023 06:30,36.939
06/10/2023 07:00,36.939
06/10/2023 07:00,2.864
06/10/2023 07:00,3.655
06/10/2023 07:00,36.939
06/10/2023 07:00,14.881
06/10/2023 07:00,5.261
06/10/2023 07:00,22.91
06/10/2023 07:30,36.939
06/10/2023 07:30,14.881
06/10/2023 07:30,3.655
06/10/2023 07:30,22.91
06/10/2023 07:30,2.864
06/10/2023 07:30,5.261
06/10/2023 07:30,36.939
06/10/2023 08:00,36.939
06/10/2023 08:00,5.261
06/10/2023 08:00,3.655
06/10/2023 08:00,2.864
06/10/2023 08:00,36.939
06/10/2023 08:00,22.91
06/10/2023 08:00,14.881
06/10/2023 08:30,36.939
06/10/2023 08:30,36.939
06/10/2023 08:30,2.864
06/10/2023 08:30,22.91
06/10/2023 08:30,3.655
06/10/2023 08:30,14.881
06/10/2023 08:30,5.261
06/10/2023 09:00,36.939
06/10/2023 09:00,3.655
06/10/2023 09:00,22.91
06/10/2023 09:00,2.864
06/10/2023 09:00,36.939
06/10/2023 09:00,14.881
06/10/2023 09:00,5.261
06/10/2023 09:30,2.864
06/10/2023 09:30,36.939
06/10/2023 09:30,5.261
06/10/2023 09:30,36.939
06/10/2023 09:30,3.655
06/10/2023 09:30,14.881
06/10/2023 09:30,22.91
06/10/2023 10:00,36.939
06/10/2023 10:00,22.91
06/10/2023 10:00,14.881
06/10/2023 10:00,3.655
06/10/2023 10:00,36.939
06/10/2023 10:00,2.864
06/10/2023 10:00,5.261
06/10/2023 10:30,14.881
06/10/2023 10:30,36.939
06/10/2023 10:30,22.91
06/10/2023 10:30,3.655
06/10/2023 10:30,36.939
06/10/2023 10:30,2.864
06/10/2023 10:30,5.261
06/10/2023 11:00,3.655
06/10/2023 11:00,14.881
06/10/2023 11:00,36.939
06/10/2023 11:00,36.939
06/10/2023 11:00,22.91
06/10/2023 11:00,2.864
06/10/2023 11:00,5.261
06/10/2023 11:30,36.939
06/10/2023 11:30,14.881
06/10/2023 11:30,3.655
06/10/2023 11:30,5.261
06/10/2023 11:30,22.91
06/10/2023 11:30,36.939
06/10/2023 11:30,2.864
06/10/2023 12:00,36.939
06/10/2023 12:00,14.881
06/10/2023 12:00,3.655
06/10/2023 12:00,22.91
06/10/2023 12:00,5.261
06/10/2023 12:00,36.939
06/10/2023 12:00,2.864
06/10/2023 12:30,22.91
06/10/2023 12:30,36.939
06/10/2023 12:30,36.939
06/10/2023 12:30,2.864
06/10/2023 12:30,5.261
06/10/2023 12:30,3.655
06/10/2023 12:30,14.881
06/10/2023 13:00,36.939
06/10/2023 13:00,22.91
06/10/2023 13:00,5.261
06/10/2023 13:00,3.655
06/10/2023 13:00,36.939
06/10/2023 13:00,2.864
06/10/2023 13:00,14.881
06/10/2023 13:30,3.655
06/10/2023 13:30,36.939
06/10/2023 13:30,2.864
06/10/2023 13:30,36.939
06/10/2023 13:30,14.881
06/10/2023 13:30,22.91
06/10/2023 13:30,5.261
06/10/2023 14:00,14.881
06/10/2023 14:00,5.261
06/10/2023 14:00,36.939
06/10/2023 14:00,36.939
06/10/2023 14:00,3.655
06/10/2023 14:00,2.864
06/10/2023 14:00,22.91
06/10/2023 14:30,36.939
06/10/2023 14:30,36.939
06/10/2023 14:30,2.864
06/10/2023 14:30,5.261
06/10/2023 14:30,22.91
06/10/2023 14:30,3.655
06/10/2023 14:30,14.881
06/10/2023 15:00,3.655
06/10/2023 15:00,36.939
06/10/2023 15:00,5.261
06/10/2023 15:00,22.91
06/10/2023 15:00,14.881
06/10/2023 15:00,36.939
06/10/2023 15:00,2.864
06/10/2023 15:30,22.91
06/10/2023 15:30,3.655
06/10/2023 15:30,36.939
06/10/2023 15:30,14.881
06/10/2023 15:30,36.939
06/10/2023 15:30,5.261
06/10/2023 15:30,2.864
06/10/2023 16:00,3.655
06/10/2023 16:00,2.864
06/10/2023 16:00,22.91
06/10/2023 16:00,36.939
06/10/2023 16:00,5.261
06/10/2023 16:00,36.939
06/10/2023 16:00,14.881
06/10/2023 16:30,36.939
06/10/2023 16:30,3.655
06/10/2023 16:30,36.939
06/10/2023 16:30,22.91
06/10/2023 16:30,14.881
06/10/2023 16:30,5.261
06/10/2023 16:30,2.864
06/10/2023 17:00,2.864
06/10/2023 17:00,36.939
06/10/2023 17:00,22.91
06/10/2023 17:00,14.881
06/10/2023 17:00,3.655
06/10/2023 17:00,5.261
06/10/2023 17:00,36.939
06/10/2023 17:30,2.864
06/10/2023 17:30,3.655
06/10/2023 17:30,5.261
06/10/2023 17:30,36.939
06/10/2023 17:30,22.91
06/10/2023 17:30,36.939
06/10/2023 17:30,14.881
06/10/2023 18:00,2.864
06/10/2023 18:00,14.881
06/10/2023 18:00,5.261
06/10/2023 18:00,36.939
06/10/2023 18:00,22.91
06/10/2023 18:00,3.655
06/10/2023 18:00,36.939
06/10/2023 18:30,14.881
06/10/2023 18:30,36.939
06/10/2023 18:30,22.91
06/10/2023 18:30,3.655
06/10/2023 18:30,36.939
06/10/2023 18:30,5.261
06/10/2023 18:30,2.864
06/10/2023 19:00,36.939
06/10/2023 19:00,36.939
06/10/2023 19:00,3.655
06/10/2023 19:00,5.261
06/10/2023 19:00,22.91
06/10/2023 19:00,14.881
06/10/2023 19:00,2.864
06/10/2023 19:30,3.655
06/10/2023 19:30,5.261
06/10/2023 19:30,36.939
06/10/2023 19:30,22.91
06/10/2023 19:30,14.881
06/10/2023 19:30,36.939
06/10/2023 19:30,2.864
06/10/2023 20:00,36.939
06/10/2023 20:00,14.881
06/10/2023 20:00,3.655
06/10/2023 20:00,36.939
06/10/2023 20:00,5.261
06/10/2023 20:00,22.91
06/10/2023 20:00,2.864
06/10/2023 20:30,3.655
06/10/2023 20:30,5.261
06/10/2023 20:30,14.881
06/10/2023 20:30,22.91
06/10/2023 20:30,36.939
06/10/2023 20:30,2.864
06/10/2023 20:30,36.939
06/10/2023 21:00,5.261
06/10/2023 21:00,14.881
06/10/2023 21:00,3.655
06/10/2023 21:00,22.91
06/10/2023 21:00,36.939
06/10/2023 21:00,36.939
06/10/2023 21:00,2.864
06/10/2023 21:30,14.881
06/10/2023 21:30,22.91
06/10/2023 21:30,3.655
06/10/2023 21:30,2.864
06/10/2023 21:30,36.939
06/10/2023 21:30,5.261
06/10/2023 21:30,36.939
06/10/2023 22:00,36.939
06/10/2023 22:00,36.939
06/10/2023 22:00,5.261
06/10/2023 22:00,14.881
06/10/2023 22:00,3.655
06/10/2023 22:00,22.91
06/10/2023 22:00,2.864
06/10/2023 22:30,36.939
06/10/2023 22:30,14.881
06/10/2023 22:30,3.655
06/10/2023 22:30,22.91
06/10/2023 22:30,2.864
06/10/2023 22:30,36.939
06/10/2023 22:30,5.261
06/10/2023 23:00,36.939
06/10/2023 23:00,22.91
06/10/2023 23:00,5.261
06/10/2023 23:00,14.881
06/10/2023 23:00,3.655
06/10/2023 23:00,36.939
06/10/2023 23:00,2.864
06/10/2023 23:30,2.864
06/10/2023 23:30,5.261
06/10/2023 23:30,14.881
06/10/2023 23:30,36.939
06/10/2023 23:30,22.91
06/10/2023 23:30,3.655
06/10/2023 23:30,36.939
06/11/2023 00:00,53.038
06/11/2023 00:00,58.821
06/11/2023 00:00,53.038
06/11/2023 00:00,47.458
06/11/2023 00:30,53.038
06/11/2023 00:30,58.821
06/11/2023 00:30,47.458
06/11/2023 00:30,53.038
06/11/2023 01:00,53.038
06/11/2023 01:00,58.821
06/11/2023 01:00,47.458
06/11/2023 01:00,53.038
06/11/2023 01:30,47.458
06/11/2023 01:30,58.821
06/11/2023 01:30,53.038
06/11/2023 01:30,53.038
06/11/2023 02:00,58.821
06/11/2023 02:00,53.038
06/11/2023 02:00,53.038
06/11/2023 02:00,47.458
06/11/2023 02:30,53.038
06/11/2023 02:30,53.038
06/11/2023 02:30,47.458
06/11/2023 02:30,58.821
06/11/2023 03:00,53.038
06/11/2023 03:00,53.038
06/11/2023 03:00,58.821
06/11/2023 03:00,47.458
06/11/2023 03:30,53.038
06/11/2023 03:30,47.458
06/11/2023 03:30,58.821
06/11/2023 03:30,53.038
06/11/2023 04:00,58.821
06/11/2023 04:00,47.458
06/11/2023 04:00,53.038
06/11/2023 04:00,53.038
06/11/2023 04:30,53.038
06/11/2023 04:30,58.821
06/11/2023 04:30,53.038
06/11/2023 04:30,47.458
06/11/2023 05:00,47.458
06/11/2023 05:00,53.038
06/11/2023 05:00,53.038
06/11/2023 05:00,58.821
06/11/2023 05:30,58.821
06/11/2023 05:30,53.038
06/11/2023 05:30,53.038
06/11/2023 05:30,47.458
06/11/2023 06:00,53.038
06/11/2023 06:00,53.038
06/11/2023 06:00,58.821
06/11/2023 06:00,47.458
06/11/2023 06:30,47.458
06/11/2023 06:30,58.821
06/11/2023 06:30,53.038
06/11/2023 06:30,53.038
06/11/2023 07:00,47.458
06/11/2023 07:00,53.038
06/11/2023 07:00,53.038
06/11/2023 07:00,58.821
06/11/2023 07:30,53.038
06/11/2023 07:30,53.038
06/11/2023 07:30,47.458
06/11/2023 07:30,58.821
06/11/2023 08:00,53.038
06/11/2023 08:00,53.038
06/11/2023 08:00,47.458
06/11/2023 08:00,58.821
06/11/2023 08:30,47.458
06/11/2023 08:30,58.821
06/11/2023 08:30,53.038
06/11/2023 08:30,53.038
06/11/2023 09:00,58.821
06/11/2023 09:00,53.038
06/11/2023 09:00,53.038
06/11/2023 09:00,47.458
06/11/2023 09:30,58.821
06/11/2023 09:30,47.458
06/11/2023 09:30,53.038
06/11/2023 09:30,53.038
06/11/2023 10:00,53.038
06/11/2023 10:00,58.821
06/11/2023 10:00,53.038
06/11/2023 10:00,47.458
06/11/2023 10:30,47.458
06/11/2023 10:30,58.821
06/11/2023 10:30,53.038
06/11/2023 10:30,53.038
06/11/2023 11:00,53.038
06/11/2023 11:00,47.458
06/11/2023 11:00,58.821
06/11/2023 11:00,53.038
06/11/2023 11:30,47.458
06/11/2023 11:30,58.821
06/11/2023 11:30,53.038
06/11/2023 11:30,53.038
06/11/2023 12:00,47.458
06/11/2023 12:00,53.038
06/11/2023 12:00,53.038
06/11/2023 12:00,58.821
06/11/2023 12:30,47.458
06/11/2023 12:30,58.821
06/11/2023 12:30,53.038
06/11/2023 12:30,53.038
06/11/2023 13:00,53.038
06/11/2023 13:00,53.038
06/11/2023 13:00,47.458
06/11/2023 13:00,58.821
06/11/2023 13:30,53.038
06/11/2023 13:30,47.458
06/11/2023 13:30,58.821
06/11/2023 13:30,53.038
06/11/2023 14:00,58.821
06/11/2023 14:00,53.038
06/11/2023 14:00,47.458
06/11/2023 14:00,53.038
06/11/2023 14:30,58.821
06/11/2023 14:30,47.458
06/11/2023 14:30,53.038
06/11/2023 14:30,53.038
06/11/2023 15:00,47.458
06/11/2023 15:00,58.821
06/11/2023 15:00,53.038
06/11/2023 15:00,53.038
06/11/2023 15:30,53.038
06/11/2023 15:30,53.038
06/11/2023 15:30,47.458
06/11/2023 15:30,58.821
06/11/2023 16:00,47.458
06/11/2023 16:00,53.038
06/11/2023 16:00,58.821
06/11/2023 16:00,53.038
06/11/2023 16:30,47.458
06/11/2023 16:30,53.038
06/11/2023 16:30,53.038
06/11/2023 16:30,58.821
06/11/2023 17:00,53.038
06/11/2023 17:00,58.821
06/11/2023 17:00,47.458
06/11/2023 17:00,53.038
06/11/2023 17:30,47.458
06/11/2023 17:30,53.038
06/11/2023 17:30,58.821
06/11/2023 17:30,53.038
06/11/2023 18:00,53.038
06/11/2023 18:00,53.038
06/11/2023 18:00,58.821
06/11/2023 18:00,47.458
06/11/2023 18:30,53.038
06/11/2023 18:30,58.821
06/11/2023 18:30,53.038
06/11/2023 18:30,47.458
06/11/2023 19:00,53.038
06/11/2023 19:00,53.038
06/11/2023 19:00,47.458
06/11/2023 19:00,58.821
06/11/2023 19:30,53.038
06/11/2023 19:30,47.458
06/11/2023 19:30,53.038
06/11/2023 19:30,58.821
06/11/2023 20:00,58.821
06/11/2023 20:00,47.458
06/11/2023 20:00,53.038
06/11/2023 20:00,53.038
06/11/2023 20:30,58.821
06/11/2023 20:30,47.458
06/11/2023 20:30,53.038
06/11/2023 20:30,53.038
06/11/2023 21:00,53.038
06/11/2023 21:00,47.458
06/11/2023 21:00,58.821
06/11/2023 21:00,53.038
06/11/2023 21:30,53.038
06/11/2023 21:30,47.458
06/11/2023 21:30,53.038
06/11/2023 21:30,58.821
06/11/2023 22:00,53.038
06/11/2023 22:00,58.821
06/11/2023 22:00,47.458
06/11/2023 22:00,53.038
06/11/2023 22:30,53.038
06/11/2023 22:30,53.038
06/11/2023 22:30,58.821
06/11/2023 22:30,47.458
06/11/2023 23:00,58.821
06/11/2023 23:00,53.038
06/11/2023 23:00,53.038
06/11/2023 23:00,47.458
06/11/2023 23:30,53.038
06/11/2023 23:30,53.038
06/11/2023 23:30,47.458
06/11/2023 23:30,58.821
06/12/2023 00:00,70.969
06/12/2023 00:30,70.969
06/12/2023 01:00,70.969
06/12/2023 01:30,70.969
06/12/2023 02:00,70.969
06/12/2023 02:30,70.969
06/12/2023 03:00,70.969
06/12/2023 03:30,70.969
06/12/2023 04:00,70.969
06/12/2023 04:30,70.969
06/12/2023 05:00,70.969
06/12/2023 05:30,70.969
06/12/2023 06:00,70.969
06/12/2023 06:30,70.969
06/12/2023 07:00,70.969
06/12/2023 07:30,70.969
06/12/2023 08:00,70.969
06/12/2023 08:30,70.969
06/12/2023 09:00,70.969
06/12/2023 09:30,70.969
06/12/2023 10:00,70.969
06/12/2023 10:30,70.969
06/12/2023 11:00,70.969
06/12/2023 11:30,70.969
06/12/2023 12:00,70.969
06/12/2023 12:30,70.969
06/12/2023 13:00,70.969
06/12/2023 13:30,70.969
06/12/2023 14:00,70.969
06/12/2023 14:30,70.969
06/12/2023 15:00,70.969
06/12/2023 15:30,70.969
06/12/2023 16:00,70.969
06/12/2023 16:30,70.969
06/12/2023 17:00,70.969
06/12/2023 17:30,70.969
06/12/2023 18:00,70.969
06/12/2023 18:30,70.969
06/12/2023 19:00,70.969
06/12/2023 19:30,70.969
06/12/2023 20:00,70.969
06/12/2023 20:30,70.969
06/12/2023 21:00,70.969
06/12/2023 21:30,70.969
06/12/2023 22:00,70.969
06/12/2023 22:30,70.969
06/12/2023 23:00,70.969
06/12/2023 23:30,70.969
06/13/2023 00:00,77.322
06/13/2023 00:30,77.322
06/13/2023 01:00,77.322
06/13/2023 01:30,77.322
06/13/2023 02:00,77.322
06/13/2023 02:30,77.322
06/13/2023 03:00,77.322
06/13/2023 03:30,77.322
06/13/2023 04:00,77.322
06/13/2023 04:30,77.322
06/13/2023 05:00,77.322
06/13/2023 05:30,77.322
06/13/2023 06:00,77.322
06/13/2023 06:30,77.322
06/13/2023 07:00,77.322
06/13/2023 07:30,77.322
06/13/2023 08:00,77.322
06/13/2023 08:30,77.322
06/13/2023 09:00,77.322
06/13/2023 09:30,77.322
06/13/2023 10:00,77.322
06/13/2023 10:30,77.322
06/13/2023 11:00,77.322
06/13/2023 11:30,77.322
06/13/2023 12:00,77.322
06/13/2023 12:30,77.322
06/13/2023 13:00,77.322
06/13/2023 13:30,77.322
06/13/2023 14:00,77.322
06/13/2023 14:30,77.322
06/13/2023 15:00,77.322
06/13/2023 15:30,77.322
06/13/2023 16:00,77.322
06/13/2023 16:30,77.322
06/13/2023 17:00,77.322
06/13/2023 17:30,77.322
06/13/2023 18:00,77.322
06/13/2023 18:30,77.322
06/13/2023 19:00,77.322
06/13/2023 19:30,77.322
06/13/2023 20:00,77.322
06/13/2023 20:30,77.322
06/13/2023 21:00,77.322
06/13/2023 21:30,77.322
06/13/2023 22:00,77.322
06/13/2023 22:30,77.322
06/13/2023 23:00,77.322
06/13/2023 23:30,77.322
06/14/2023 00:00,77.322
06/14/2023 00:30,77.322
06/14/2023 01:00,77.322
06/14/2023 01:30,77.322
06/14/2023 02:00,77.322
06/14/2023 02:30,77.322
06/14/2023 03:00,77.322
06/14/2023 03:30,77.322
06/14/2023 04:00,77.322
06/14/2023 04:30,77.322
06/14/2023 05:00,77.322
06/14/2023 05:30,77.322
06/14/2023 06:00,77.322
06/14/2023 06:30,77.322
06/14/2023 07:00,77.322
06/14/2023 07:30,77.322
06/14/2023 08:00,77.322
06/14/2023 08:30,77.322
06/14/2023 09:00,77.322
06/14/2023 09:30,77.322
06/14/2023 10:00,77.322
06/14/2023 10:30,77.322
06/14/2023 11:00,77.322
06/14/2023 11:30,77.322
06/14/2023 12:00,77.322
06/14/2023 12:30,77.322
06/14/2023 13:00,77.322
06/14/2023 13:30,77.322
06/14/2023 14:00,77.322
06/14/2023 14:30,77.322
06/14/2023 15:00,77.322
06/14/2023 15:30,77.322
06/14/2023 16:00,77.322
06/14/2023 16:30,77.322
06/14/2023 17:00,77.322
06/14/2023 17:30,77.322
06/14/2023 18:00,77.322
06/14/2023 18:30,77.322
06/14/2023 19:00,77.322
06/14/2023 19:30,77.322
06/14/2023 20:00,77.322
06/14/2023 20:30,77.322
06/14/2023 21:00,77.322
06/14/2023 21:30,77.322
06/14/2023 22:00,77.322
06/14/2023 22:30,77.322
06/14/2023 23:00,77.322
06/14/2023 23:30,77.322
06/15/2023 00:00,77.322
06/15/2023 00:30,77.322
06/15/2023 01:00,77.322
06/15/2023 01:30,77.322
06/15/2023 02:00,77.322
06/15/2023 02:30,77.322
06/15/2023 03:00,77.322
06/15/2023 03:30,77.322
06/15/2023 04:00,77.322
06/15/2023 04:30,77.322
06/15/2023 05:00,77.322
06/15/2023 05:30,77.322
06/15/2023 06:00,77.322
06/15/2023 06:30,77.322
06/15/2023 07:00,77.322
06/15/2023 07:30,77.322
06/15/2023 08:00,77.322
06/15/2023 08:30,77.322
06/15/2023 09:00,77.322
06/15/2023 09:30,77.322
06/15/2023 10:00,77.322
06/15/2023 10:30,77.322
06/15/2023 11:00,77.322
06/15/2023 11:30,77.322
06/15/2023 12:00,77.322
06/15/2023 12:30,77.322
06/15/2023 13:00,77.322
06/15/2023 13:30,77.322
06/15/2023 14:00,77.322
06/15/2023 14:30,77.322
06/15/2023 15:00,77.322
06/15/2023 15:30,77.322
06/15/2023 16:00,77.322
06/15/2023 16:30,77.322
06/15/2023 17:00,77.322
06/15/2023 17:30,77.322
06/15/2023 18:00,77.322
06/15/2023 18:30,77.322
06/15/2023 19:00,77.322
06/15/2023 19:30,77.322
06/15/2023 20:00,77.322
06/15/2023 20:30,77.322
06/15/2023 21:00,77.322
06/15/2023 21:30,77.322
06/15/2023 22:00,77.322
06/15/2023 22:30,77.322
06/15/2023 23:00,77.322
06/15/2023 23:30,77.322
06/16/2023 00:00,70.969
06/16/2023 00:30,70.969
06/16/2023 01:00,70.969
06/16/2023 01:30,70.969
06/16/2023 02:00,70.969
06/16/2023 02:30,70.969
06/16/2023 03:00,70.969
06/16/2023 03:30,70.969
06/16/2023 04:00,70.969
06/16/2023 04:30,70.969
06/16/2023 05:00,70.969
06/16/2023 05:30,70.969
06/16/2023 06:00,70.969
06/16/2023 06:30,70.969
06/16/2023 07:00,70.969
06/16/2023 07:30,70.969
06/16/2023 08:00,70.969
06/16/2023 08:30,70.969
06/16/2023 09:00,70.969
06/16/2023 09:30,70.969
06/16/2023 10:00,70.969
06/16/2023 10:30,70.969
06/16/2023 11:00,70.969
06/16/2023 11:30,70.969
06/16/2023 12:00,70.969
06/16/2023 12:30,70.969
06/16/2023 13:00,70.969
06/16/2023 13:30,70.969
06/16/2023 14:00,70.969
06/16/2023 14:30,70.969
06/16/2023 15:00,70.969
06/16/2023 15:30,70.969
06/16/2023 16:00,70.969
06/16/2023 16:30,70.969
06/16/2023 17:00,70.969
06/16/2023 17:30,70.969
06/16/2023 18:00,70.969
06/16/2023 18:30,70.969
06/16/2023 19:00,70.969
06/16/2023 19:30,70.969
06/16/2023 20:00,70.969
06/16/2023 20:30,70.969
06/16/2023 21:00,70.969
06/16/2023 21:30,70.969
06/16/2023 22:00,70.969
06/16/2023 22:30,70.969
06/16/2023 23:00,70.969
06/16/2023 23:30,70.969
06/17/2023 00:00,58.821
06/17/2023 00:30,58.821
06/17/2023 01:00,58.821
06/17/2023 01:30,58.821
06/17/2023 02:00,58.821
06/17/2023 02:30,58.821
06/17/2023 03:00,58.821
06/17/2023 03:30,58.821
06/17/2023 04:00,58.821
06/17/2023 04:30,58.821
06/17/2023 05:00,58.821
06/17/2023 05:30,58.821
06/17/2023 06:00,58.821
06/17/2023 06:30,58.821
06/17/2023 07:00,58.821
06/17/2023 07:30,58.821
06/17/2023 08:00,58.821
06/17/2023 08:30,58.821
06/17/2023 09:00,58.821
06/17/2023 09:30,58.821
06/17/2023 10:00,58.821
06/17/2023 10:30,58.821
06/17/2023 11:00,58.821
06/17/2023 11:30,58.821
06/17/2023 12:00,58.821
06/17/2023 12:30,58.821
06/17/2023 13:00,58.821
06/17/2023 13:30,58.821
06/17/2023 14:00,58.821
06/17/2023 14:30,58.821
06/17/2023 15:00,58.821
06/17/2023 15:30,58.821
06/17/2023 16:00,58.821
06/17/2023 16:30,58.821
06/17/2023 17:00,58.821
06/17/2023 17:30,58.821
06/17/2023 18:00,58.821
06/17/2023 18:30,58.821
06/17/2023 19:00,58.821
06/17/2023 19:30,58.821
06/17/2023 20:00,58.821
06/17/2023 20:30,58.821
06/17/2023 21:00,58.821
06/17/2023 21:30,58.821
06/17/2023 22:00,58.821
06/17/2023 22:30,58.821
06/17/2023 23:00,58.821
06/17/2023 23:30,58.821
06/18/2023 00:00,58.821
06/18/2023 00:00,58.821
06/18/2023 00:30,58.821
06/18/2023 00:30,58.821
06/18/2023 01:00,58.821
06/18/2023 01:00,58.821
06/18/2023 01:30,58.821
06/18/2023 01:30,58.821
06/18/2023 02:00,58.821
06/18/2023 02:00,58.821
06/18/2023 02:30,58.821
06/18/2023 02:30,58.821
06/18/2023 03:00,58.821
06/18/2023 03:00,58.821
06/18/2023 03:30,58.821
06/18/2023 03:30,58.821
06/18/2023 04:00,58.821
06/18/2023 04:00,58.821
06/18/2023 04:30,58.821
06/18/2023 04:30,58.821
06/18/2023 05:00,58.821
06/18/2023 05:00,58.821
06/18/2023 05:30,58.821
06/18/2023 05:30,58.821
06/18/2023 06:00,58.821
06/18/2023 06:00,58.821
06/18/2023 06:30,58.821
06/18/2023 06:30,58.821
06/18/2023 07:00,58.821
06/18/2023 07:00,58.821
06/18/2023 07:30,58.821
06/18/2023 07:30,58.821
06/18/2023 08:00,58.821
06/18/2023 08:00,58.821
06/18/2023 08:30,58.821
06/18/2023 08:30,58.821
06/18/2023 09:00,58.821
06/18/2023 09:00,58.821
06/18/2023 09:30,58.821
06/18/2023 09:30,58.821
06/18/2023 10:00,58.821
06/18/2023 10:00,58.821
06/18/2023 10:30,58.821
06/18/2023 10:30,58.821
06/18/2023 11:00,58.821
06/18/2023 11:00,58.821
06/18/2023 11:30,58.821
06/18/2023 11:30,58.821
06/18/2023 12:00,58.821
06/18/2023 12:00,58.821
06/18/2023 12:30,58.821
06/18/2023 12:30,58.821
06/18/2023 13:00,58.821
06/18/2023 13:00,58.821
06/18/2023 13:30,58.821
06/18/2023 13:30,58.821
06/18/2023 14:00,58.821
06/18/2023 14:00,58.821
06/18/2023 14:30,58.821
06/18/2023 14:30,58.821
06/18/2023 15:00,58.821
06/18/2023 15:00,58.821
06/18/2023 15:30,58.821
06/18/2023 15:30,58.821
06/18/2023 16:00,58.821
06/18/2023 16:00,58.821
06/18/2023 16:30,58.821
06/18/2023 16:30,58.821
06/18/2023 17:00,58.821
06/18/2023 17:00,58.821
06/18/2023 17:30,58.821
06/18/2023 17:30,58.821
06/18/2023 18:00,58.821
06/18/2023 18:00,58.821
06/18/2023 18:30,58.821
06/18/2023 18:30,58.821
06/18/2023 19:00,58.821
06/18/2023 19:00,58.821
06/18/2023 19:30,58.821
06/18/2023 19:30,58.821
06/18/2023 20:00,58.821
06/18/2023 20:00,58.821
06/18/2023 20:30,58.821
06/18/2023 20:30,58.821
06/18/2023 21:00,58.821
06/18/2023 21:00,58.821
06/18/2023 21:30,58.821
06/18/2023 21:30,58.821
06/18/2023 22:00,58.821
06/18/2023 22:00,58.821
06/18/2023 22:30,58.821
06/18/2023 22:30,58.821
06/18/2023 23:00,58.821
06/18/2023 23:00,58.821
06/18/2023 23:30,58.821
06/18/2023 23:30,58.821
06/19/2023 00:00,58.821
06/19/2023 00:30,58.821
06/19/2023 01:00,58.821
06/19/2023 01:30,58.821
06/19/2023 02:00,58.821
06/19/2023 02:30,58.821
06/19/2023 03:00,58.821
06/19/2023 03:30,58.821
06/19/2023 04:00,58.821
06/19/2023 04:30,58.821
06/19/2023 05:00,58.821
06/19/2023 05:30,58.821
06/19/2023 06:00,58.821
06/19/2023 06:30,58.821
06/19/2023 07:00,58.821
06/19/2023 07:30,58.821
06/19/2023 08:00,58.821
06/19/2023 08:30,58.821
06/19/2023 09:00,58.821
06/19/2023 09:30,58.821
06/19/2023 10:00,58.821
06/19/2023 10:30,58.821
06/19/2023 11:00,58.821
06/19/2023 11:30,58.821
06/19/2023 12:00,58.821
06/19/2023 12:30,58.821
06/19/2023 13:00,58.821
06/19/2023 13:30,58.821
06/19/2023 14:00,58.821
06/19/2023 14:30,58.821
06/19/2023 15:00,58.821
06/19/2023 15:30,58.821
06/19/2023 16:00,58.821
06/19/2023 16:30,58.821
06/19/2023 17:00,58.821
06/19/2023 17:30,58.821
06/19/2023 18:00,58.821
06/19/2023 18:30,58.821
06/19/2023 19:00,58.821
06/19/2023 19:30,58.821
06/19/2023 20:00,58.821
06/19/2023 20:30,58.821
06/19/2023 21:00,58.821
06/19/2023 21:30,58.821
06/19/2023 22:00,58.821
06/19/2023 22:30,58.821
06/19/2023 23:00,58.821
06/19/2023 23:30,58.821
06/20/2023 00:00,58.821
06/20/2023 00:30,58.821
06/20/2023 01:00,58.821
06/20/2023 01:30,58.821
06/20/2023 02:00,58.821
06/20/2023 02:30,58.821
06/20/2023 03:00,58.821
06/20/2023 03:30,58.821
06/20/2023 04:00,58.821
06/20/2023 04:30,58.821
06/20/2023 05:00,58.821
06/20/2023 05:30,58.821
06/20/2023 06:00,58.821
06/20/2023 06:30,58.821
06/20/2023 07:00,58.821
06/20/2023 07:30,58.821
06/20/2023 08:00,58.821
06/20/2023 08:30,58.821
06/20/2023 09:00,58.821
06/20/2023 09:30,58.821
06/20/2023 10:00,58.821
06/20/2023 10:30,58.821
06/20/2023 11:00,58.821
06/20/2023 11:30,58.821
06/20/2023 12:00,58.821
06/20/2023 12:30,58.821
06/20/2023 13:00,58.821
06/20/2023 13:30,58.821
06/20/2023 14:00,58.821
06/20/2023 14:30,58.821
06/20/2023 15:00,58.821
06/20/2023 15:30,58.821
06/20/2023 16:00,58.821
06/20/2023 16:30,58.821
06/20/2023 17:00,58.821
06/20/2023 17:30,58.821
06/20/2023 18:00,58.821
06/20/2023 18:30,58.821
06/20/2023 19:00,58.821
06/20/2023 19:30,58.821
06/20/2023 20:00,58.821
06/20/2023 20:30,58.821
06/20/2023 21:00,58.821
06/20/2023 21:30,58.821
06/20/2023 22:00,58.821
06/20/2023 22:30,58.821
06/20/2023 23:00,58.821
06/20/2023 23:30,58.821
06/21/2023 00:00,58.821
06/21/2023 00:30,58.821
06/21/2023 01:00,58.821
06/21/2023 01:30,58.821
06/21/2023 02:00,58.821
06/21/2023 02:30,58.821
06/21/2023 03:00,58.821
06/21/2023 03:30,58.821
06/21/2023 04:00,58.821
06/21/2023 04:30,58.821
06/21/2023 05:00,58.821
06/21/2023 05:30,58.821
06/21/2023 06:00,58.821
06/21/2023 06:30,58.821
06/21/2023 07:00,58.821
06/21/2023 07:30,58.821
06/21/2023 08:00,58.821
06/21/2023 08:30,58.821
06/21/2023 09:00,58.821
06/21/2023 09:30,58.821
06/21/2023 10:00,58.821
06/21/2023 10:30,58.821
06/21/2023 11:00,58.821
06/21/2023 11:30,58.821
06/21/2023 12:00,58.821
06/21/2023 12:30,58.821
06/21/2023 13:00,58.821
06/21/2023 13:30,58.821
06/21/2023 14:00,58.821
06/21/2023 14:30,58.821
06/21/2023 15:00,58.821
06/21/2023 15:30,58.821
06/21/2023 16:00,58.821
06/21/2023 16:30,58.821
06/21/2023 17:00,58.821
06/21/2023 17:30,58.821
06/21/2023 18:00,58.821
06/21/2023 18:30,58.821
06/21/2023 19:00,58.821
06/21/2023 19:30,58.821
06/21/2023 20:00,58.821
06/21/2023 20:30,58.821
06/21/2023 21:00,58.821
06/21/2023 21:30,58.821
06/21/2023 22:00,58.821
06/21/2023 22:30,58.821
06/21/2023 23:00,58.821
06/21/2023 23:30,58.821
06/22/2023 00:00,53.038
06/22/2023 00:30,53.038
06/22/2023 01:00,53.038
06/22/2023 01:30,53.038
06/22/2023 02:00,53.038
06/22/2023 02:30,53.038
06/22/2023 03:00,53.038
06/22/2023 03:30,53.038
06/22/2023 04:00,53.038
06/22/2023 04:30,53.038
06/22/2023 05:00,53.038
06/22/2023 05:30,53.038
06/22/2023 06:00,53.038
06/22/2023 06:30,53.038
06/22/2023 07:00,53.038
06/22/2023 07:30,53.038
06/22/2023 08:00,53.038
06/22/2023 08:30,53.038
06/22/2023 09:00,53.038
06/22/2023 09:30,53.038
06/22/2023 10:00,53.038
06/22/2023 10:30,53.038
06/22/2023 11:00,53.038
06/22/2023 11:30,53.038
06/22/2023 12:00,53.038
06/22/2023 12:30,53.038
06/22/2023 13:00,53.038
06/22/2023 13:30,53.038
06/22/2023 14:00,53.038
06/22/2023 14:30,53.038
06/22/2023 15:00,53.038
06/22/2023 15:30,53.038
06/22/2023 16:00,53.038
06/22/2023 16:30,53.038
06/22/2023 17:00,53.038
06/22/2023 17:30,53.038
06/22/2023 18:00,53.038
06/22/2023 18:30,53.038
06/22/2023 19:00,53.038
06/22/2023 19:30,53.038
06/22/2023 20:00,53.038
06/22/2023 20:30,53.038
06/22/2023 21:00,53.038
06/22/2023 21:30,53.038
06/22/2023 22:00,53.038
06/22/2023 22:30,53.038
06/22/2023 23:00,53.038
06/22/2023 23:30,53.038
06/23/2023 00:00,36.939
06/23/2023 00:30,36.939
06/23/2023 01:00,36.939
06/23/2023 01:30,36.939
06/23/2023 02:00,36.939
06/23/2023 02:30,36.939
06/23/2023 03:00,36.939
06/23/2023 03:30,36.939
06/23/2023 04:00,36.939
06/23/2023 04:30,36.939
06/23/2023 05:00,36.939
06/23/2023 05:30,36.939
06/23/2023 06:00,36.939
06/23/2023 06:30,36.939
06/23/2023 07:00,36.939
06/23/2023 07:30,36.939
06/23/2023 08:00,36.939
06/23/2023 08:30,36.939
06/23/2023 09:00,36.939
06/23/2023 09:30,36.939
06/23/2023 10:00,36.939
06/23/2023 10:30,36.939
06/23/2023 11:00,36.939
06/23/2023 11:30,36.939
06/23/2023 12:00,36.939
06/23/2023 12:30,36.939
06/23/2023 13:00,36.939
06/23/2023 13:30,36.939
06/23/2023 14:00,36.939
06/23/2023 14:30,36.939
06/23/2023 15:00,36.939
06/23/2023 15:30,36.939
06/23/2023 16:00,36.939
06/23/2023 16:30,36.939
06/23/2023 17:00,36.939
06/23/2023 17:30,36.939
06/23/2023 18:00,36.939
06/23/2023 18:30,36.939
06/23/2023 19:00,36.939
06/23/2023 19:30,36.939
06/23/2023 20:00,36.939
06/23/2023 20:30,36.939
06/23/2023 21:00,36.939
06/23/2023 21:30,36.939
06/23/2023 22:00,36.939
06/23/2023 22:30,36.939
06/23/2023 23:00,36.939
06/23/2023 23:30,36.939
06/24/2023 00:00,32.018
06/24/2023 00:30,32.018
06/24/2023 01:00,32.018
06/24/2023 01:30,32.018
06/24/2023 02:00,32.018
06/24/2023 02:30,32.018
06/24/2023 03:00,32.018
06/24/2023 03:30,32.018
06/24/2023 04:00,32.018
06/24/2023 04:30,32.018
06/24/2023 05:00,32.018
06/24/2023 05:30,32.018
06/24/2023 06:00,32.018
06/24/2023 06:30,32.018
06/24/2023 07:00,32.018
06/24/2023 07:30,32.018
06/24/2023 08:00,32.018
06/24/2023 08:30,32.018
06/24/2023 09:00,32.018
06/24/2023 09:30,32.018
06/24/2023 10:00,32.018
06/24/2023 10:30,32.018
06/24/2023 11:00,32.018
06/24/2023 11:30,32.018
06/24/2023 12:00,32.018
06/24/2023 12:30,32.018
06/24/2023 13:00,32.018
06/24/2023 13:30,32.018
06/24/2023 14:00,32.018
06/24/2023 14:30,32.018
06/24/2023 15:00,32.018
06/24/2023 15:30,32.018
06/24/2023 16:00,32.018
06/24/2023 16:30,32.018
06/24/2023 17:00,32.018
06/24/2023 17:30,32.018
06/24/2023 18:00,32.018
06/24/2023 18:30,32.018
06/24/2023 19:00,32.018
06/24/2023 19:30,32.018
06/24/2023 20:00,32.018
06/24/2023 20:30,32.018
06/24/2023 21:00,32.018
06/24/2023 21:30,32.018
06/24/2023 22:00,32.018
06/24/2023 22:30,32.018
06/24/2023 23:00,32.018
06/24/2023 23:30,32.018
06/25/2023 00:00,22.91
06/25/2023 00:30,22.91
06/25/2023 01:00,22.91
06/25/2023 01:30,22.91
06/25/2023 02:00,22.91
06/25/2023 02:30,22.91
06/25/2023 03:00,22.91
06/25/2023 03:30,22.91
06/25/2023 04:00,22.91
06/25/2023 04:30,22.91
06/25/2023 05:00,22.91
06/25/2023 05:30,22.91
06/25/2023 06:00,22.91
06/25/2023 06:30,22.91
06/25/2023 07:00,22.91
06/25/2023 07:30,22.91
06/25/2023 08:00,22.91
06/25/2023 08:30,22.91
06/25/2023 09:00,22.91
06/25/2023 09:30,22.91
06/25/2023 10:00,22.91
06/25/2023 10:30,22.91
06/25/2023 11:00,22.91
06/25/2023 11:30,22.91
06/25/2023 12:00,22.91
06/25/2023 12:30,22.91
06/25/2023 13:00,22.91
06/25/2023 13:30,22.91
06/25/2023 14:00,22.91
06/25/2023 14:30,22.91
06/25/2023 15:00,22.91
06/25/2023 15:30,22.91
06/25/2023 16:00,22.91
06/25/2023 16:30,22.91
06/25/2023 17:00,22.91
06/25/2023 17:30,22.91
06/25/2023 18:00,22.91
06/25/2023 18:30,22.91
06/25/2023 19:00,22.91
06/25/2023 19:30,22.91
06/25/2023 20:00,22.91
06/25/2023 20:30,22.91
06/25/2023 21:00,22.91
06/25/2023 21:30,22.91
06/25/2023 22:00,22.91
06/25/2023 22:30,22.91
06/25/2023 23:00,22.91
06/25/2023 23:30,22.91
06/26/2023 00:00,22.91
06/26/2023 00:30,22.91
06/26/2023 01:00,22.91
06/26/2023 01:30,22.91
06/26/2023 02:00,22.91
06/26/2023 02:30,22.91
06/26/2023 03:00,22.91
06/26/2023 03:30,22.91
06/26/2023 04:00,22.91
06/26/2023 04:30,22.91
06/26/2023 05:00,22.91
06/26/2023 05:30,22.91
06/26/2023 06:00,22.91
06/26/2023 06:30,22.91
06/26/2023 07:00,22.91
06/26/2023 07:30,22.91
06/26/2023 08:00,22.91
06/26/2023 08:30,22.91
06/26/2023 09:00,22.91
06/26/2023 09:30,22.91
06/26/2023 10:00,22.91
06/26/2023 10:30,22.91
06/26/2023 11:00,22.91
06/26/2023 11:30,22.91
06/26/2023 12:00,22.91
06/26/2023 12:30,22.91
06/26/2023 13:00,22.91
06/26/2023 13:30,22.91
06/26/2023 14:00,22.91
06/26/2023 14:30,22.91
06/26/2023 15:00,22.91
06/26/2023 15:30,22.91
06/26/2023 16:00,22.91
06/26/2023 16:30,22.91
06/26/2023 17:00,22.91
06/26/2023 17:30,22.91
06/26/2023 18:00,22.91
06/26/2023 18:30,22.91
06/26/2023 19:00,22.91
06/26/2023 19:30,22.91
06/26/2023 20:00,22.91
06/26/2023 20:30,22.91
06/26/2023 21:00,22.91
06/26/2023 21:30,22.91
06/26/2023 22:00,22.91
06/26/2023 22:30,22.91
06/26/2023 23:00,22.91
06/26/2023 23:30,22.91
06/27/2023 00:00,8.1
06/27/2023 00:30,8.1
06/27/2023 01:00,8.1
06/27/2023 01:30,8.1
06/27/2023 02:00,8.1
06/27/2023 02:30,8.1
06/27/2023 03:00,8.1
06/27/2023 03:30,8.1
06/27/2023 04:00,8.1
06/27/2023 04:30,8.1
06/27/2023 05:00,8.1
06/27/2023 05:30,8.1
06/27/2023 06:00,8.1
06/27/2023 06:30,8.1
06/27/2023 07:00,8.1
06/27/2023 07:30,8.1
06/27/2023 08:00,8.1
06/27/2023 08:30,8.1
06/27/2023 09:00,8.1
06/27/2023 09:30,8.1
06/27/2023 10:00,8.1
06/27/2023 10:30,8.1
06/27/2023 11:00,8.1
06/27/2023 11:30,8.1
06/27/2023 12:00,8.1
06/27/2023 12:30,8.1
06/27/2023 13:00,8.1
06/27/2023 13:30,8.1
06/27/2023 14:00,8.1
06/27/2023 14:30,8.1
06/27/2023 15:00,8.1
06/27/2023 15:30,8.1
06/27/2023 16:00,8.1
06/27/2023 16:30,8.1
06/27/2023 17:00,8.1
06/27/2023 17:30,8.1
06/27/2023 18:00,8.1
06/27/2023 18:30,8.1
06/27/2023 19:00,8.1
06/27/2023 19:30,8.1
06/27/2023 20:00,8.1
06/27/2023 20:30,8.1
06/27/2023 21:00,8.1
06/27/2023 21:30,8.1
06/27/2023 22:00,8.1
06/27/2023 22:30,8.1
06/27/2023 23:00,8.1
06/27/2023 23:30,8.1
06/28/2023 00:00,8.1
06/28/2023 00:30,8.1
06/28/2023 01:00,8.1
06/28/2023 01:30,8.1
06/28/2023 02:00,8.1
06/28/2023 02:30,8.1
06/28/2023 03:00,8.1
06/28/2023 03:30,8.1
06/28/2023 04:00,8.1
06/28/2023 04:30,8.1
06/28/2023 05:00,8.1
06/28/2023 05:30,8.1
06/28/2023 06:00,8.1
06/28/2023 06:30,8.1
06/28/2023 07:00,8.1
06/28/2023 07:30,8.1
06/28/2023 08:00,8.1
06/28/2023 08:30,8.1
06/28/2023 09:00,8.1
06/28/2023 09:30,8.1
06/28/2023 10:00,8.1
06/28/2023 10:30,8.1
06/28/2023 11:00,8.1
06/28/2023 11:30,8.1
06/28/2023 12:00,8.1
06/28/2023 12:30,8.1
06/28/2023 13:00,8.1
06/28/2023 13:30,8.1
06/28/2023 14:00,8.1
06/28/2023 14:30,8.1
06/28/2023 15:00,8.1
06/28/2023 15:30,8.1
06/28/2023 16:00,8.1
06/28/2023 16:30,8.1
06/28/2023 17:00,8.1
06/28/2023 17:30,8.1
06/28/2023 18:00,8.1
06/28/2023 18:30,8.1
06/28/2023 19:00,8.1
06/28/2023 19:30,8.1
06/28/2023 20:00,8.1
06/28/2023 20:30,8.1
06/28/2023 21:00,8.1
06/28/2023 21:30,8.1
06/28/2023 22:00,8.1
06/28/2023 22:30,8.1
06/28/2023 23:00,8.1
06/28/2023 23:30,8.1
06/29/2023 00:00,22.91
06/29/2023 00:30,22.91
06/29/2023 01:00,22.91
06/29/2023 01:30,22.91
06/29/2023 02:00,22.91
06/29/2023 02:30,22.91
06/29/2023 03:00,22.91
06/29/2023 03:30,22.91
06/29/2023 04:00,22.91
06/29/2023 04:30,22.91
06/29/2023 05:00,22.91
06/29/2023 05:30,22.91
06/29/2023 06:00,22.91
06/29/2023 06:30,22.91
06/29/2023 07:00,22.91
06/29/2023 07:30,22.91
06/29/2023 08:00,22.91
06/29/2023 08:30,22.91
06/29/2023 09:00,22.91
06/29/2023 09:30,22.91
06/29/2023 10:00,22.91
06/29/2023 10:30,22.91
06/29/2023 11:00,22.91
06/29/2023 11:30,22.91
06/29/2023 12:00,22.91
06/29/2023 12:30,22.91
06/29/2023 13:00,22.91
06/29/2023 13:30,22.91
06/29/2023 14:00,22.91
06/29/2023 14:30,22.91
06/29/2023 15:00,22.91
06/29/2023 15:30,22.91
06/29/2023 16:00,22.91
06/29/2023 16:30,22.91
06/29/2023 17:00,22.91
06/29/2023 17:30,22.91
06/29/2023 18:00,22.91
06/29/2023 18:30,22.91
06/29/2023 19:00,22.91
06/29/2023 19:30,22.91
06/29/2023 20:00,22.91
06/29/2023 20:30,22.91
06/29/2023 21:00,22.91
06/29/2023 21:30,22.91
06/29/2023 22:00,22.91
06/29/2023 22:30,22.91
06/29/2023 23:00,22.91
06/29/2023 23:30,22.91
06/30/2023 00:00,22.91
06/30/2023 00:30,22.91
06/30/2023 01:00,22.91
06/30/2023 01:30,22.91
06/30/2023 02:00,22.91
06/30/2023 02:30,22.91
06/30/2023 03:00,22.91
06/30/2023 03:30,22.91
06/30/2023 04:00,22.91
06/30/2023 04:30,22.91
06/30/2023 05:00,22.91
06/30/2023 05:30,22.91
06/30/2023 06:00,22.91
06/30/2023 06:30,22.91
06/30/2023 07:00,22.91
06/30/2023 07:30,22.91
06/30/2023 08:00,22.91
06/30/2023 08:30,22.91
06/30/2023 09:00,22.91
06/30/2023 09:30,22.91
06/30/2023 10:00,22.91
06/30/2023 10:30,22.91
06/30/2023 11:00,22.91
06/30/2023 11:30,22.91
06/30/2023 12:00,22.91
06/30/2023 12:30,22.91
06/30/2023 13:00,22.91
06/30/2023 13:30,22.91
06/30/2023 14:00,22.91
06/30/2023 14:30,22.91
06/30/2023 15:00,22.91
06/30/2023 15:30,22.91
06/30/2023 16:00,22.91
06/30/2023 16:30,22.91
06/30/2023 17:00,22.91
06/30/2023 17:30,22.91
06/30/2023 18:00,22.91
06/30/2023 18:30,22.91
06/30/2023 19:00,22.91
06/30/2023 19:30,22.91
06/30/2023 20:00,22.91
06/30/2023 20:30,22.91
06/30/2023 21:00,22.91
06/30/2023 21:30,22.91
06/30/2023 22:00,22.91
06/30/2023 22:30,22.91
06/30/2023 23:00,22.91
06/30/2023 23:30,22.91
07/01/2023 00:00,22.91
07/01/2023 00:30,22.91
07/01/2023 01:00,22.91
07/01/2023 01:30,22.91
07/01/2023 02:00,22.91
07/01/2023 02:30,22.91
07/01/2023 03:00,22.91
07/01/2023 03:30,22.91
07/01/2023 04:00,22.91
07/01/2023 04:30,22.91
07/01/2023 05:00,22.91
07/01/2023 05:30,22.91
07/01/2023 06:00,22.91
07/01/2023 06:30,22.91
07/01/2023 07:00,22.91
07/01/2023 07:30,22.91
07/01/2023 08:00,22.91
07/01/2023 08:30,22.91
07/01/2023 09:00,22.91
07/01/2023 09:30,22.91
07/01/2023 10:00,22.91
07/01/2023 10:30,22.91
07/01/2023 11:00,22.91
07/01/2023 11:30,22.91
07/01/2023 12:00,22.91
07/01/2023 12:30,22.91
07/01/2023 13:00,22.91
07/01/2023 13:30,22.91
07/01/2023 14:00,22.91
07/01/2023 14:30,22.91
07/01/2023 15:00,22.91
07/01/2023 15:30,22.91
07/01/2023 16:00,22.91
07/01/2023 16:30,22.91
07/01/2023 17:00,22.91
07/01/2023 17:30,22.91
07/01/2023 18:00,22.91
07/01/2023 18:30,22.91
07/01/2023 19:00,22.91
07/01/2023 19:30,22.91
07/01/2023 20:00,22.91
07/01/2023 20:30,22.91
07/01/2023 21:00,22.91
07/01/2023 21:30,22.91
07/01/2023 22:00,22.91
07/01/2023 22:30,22.91
07/01/2023 23:00,22.91
07/01/2023 23:30,22.91
07/02/2023 00:00,32.018
07/02/2023 00:30,32.018
07/02/2023 01:00,32.018
07/02/2023 01:30,32.018
07/02/2023 02:00,32.018
07/02/2023 02:30,32.018
07/02/2023 03:00,32.018
07/02/2023 03:30,32.018
07/02/2023 04:00,32.018
07/02/2023 04:30,32.018
07/02/2023 05:00,32.018
07/02/2023 05:30,32.018
07/02/2023 06:00,32.018
07/02/2023 06:30,32.018
07/02/2023 07:00,32.018
07/02/2023 07:30,32.018
07/02/2023 08:00,32.018
07/02/2023 08:30,32.018
07/02/2023 09:00,32.018
07/02/2023 09:30,32.018
07/02/2023 10:00,32.018
07/02/2023 10:30,32.018
07/02/2023 11:00,32.018
07/02/2023 11:30,32.018
07/02/2023 12:00,32.018
07/02/2023 12:30,32.018
07/02/2023 13:00,32.018
07/02/2023 13:30,32.018
07/02/2023 14:00,32.018
07/02/2023 14:30,32.018
07/02/2023 15:00,32.018
07/02/2023 15:30,32.018
07/02/2023 16:00,32.018
07/02/2023 16:30,32.018
07/02/2023 17:00,32.018
07/02/2023 17:30,32.018
07/02/2023 18:00,32.018
07/02/2023 18:30,32.018
07/02/2023 19:00,32.018
07/02/2023 19:30,32.018
07/02/2023 20:00,32.018
07/02/2023 20:30,32.018
07/02/2023 21:00,32.018
07/02/2023 21:30,32.018
07/02/2023 22:00,32.018
07/02/2023 22:30,32.018
07/02/2023 23:00,32.018
07/02/2023 23:30,32.018
07/03/2023 00:00,32.018
07/03/2023 00:30,32.018
07/03/2023 01:00,32.018
07/03/2023 01:30,32.018
07/03/2023 02:00,32.018
07/03/2023 02:30,32.018
07/03/2023 03:00,32.018
07/03/2023 03:30,32.018
07/03/2023 04:00,32.018
07/03/2023 04:30,32.018
07/03/2023 05:00,32.018
07/03/2023 05:30,32.018
07/03/2023 06:00,32.018
07/03/2023 06:30,32.018
07/03/2023 07:00,32.018
07/03/2023 07:30,32.018
07/03/2023 08:00,32.018
07/03/2023 08:30,32.018
07/03/2023 09:00,32.018
07/03/2023 09:30,32.018
07/03/2023 10:00,32.018
07/03/2023 10:30,32.018
07/03/2023 11:00,32.018
07/03/2023 11:30,32.018
07/03/2023 12:00,32.018
07/03/2023 12:30,32.018
07/03/2023 13:00,32.018
07/03/2023 13:30,32.018
07/03/2023 14:00,32.018
07/03/2023 14:30,32.018
07/03/2023 15:00,32.018
07/03/2023 15:30,32.018
07/03/2023 16:00,32.018
07/03/2023 16:30,32.018
07/03/2023 17:00,32.018
07/03/2023 17:30,32.018
07/03/2023 18:00,32.018
07/03/2023 18:30,32.018
07/03/2023 19:00,32.018
07/03/2023 19:30,32.018
07/03/2023 20:00,32.018
07/03/2023 20:30,32.018
07/03/2023 21:00,32.018
07/03/2023 21:30,32.018
07/03/2023 22:00,32.018
07/03/2023 22:30,32.018
07/03/2023 23:00,32.018
07/03/2023 23:30,32.018
07/04/2023 00:00,8.1
07/04/2023 00:30,8.1
07/04/2023 01:00,8.1
07/04/2023 01:30,8.1
07/04/2023 02:00,8.1
07/04/2023 02:30,8.1
07/04/2023 03:00,8.1
07/04/2023 03:30,8.1
07/04/2023 04:00,8.1
07/04/2023 04:30,8.1
07/04/2023 05:00,8.1
07/04/2023 05:30,8.1
07/04/2023 06:00,8.1
07/04/2023 06:30,8.1
07/04/2023 07:00,8.1
07/04/2023 07:30,8.1
07/04/2023 08:00,8.1
07/04/2023 08:30,8.1
07/04/2023 09:00,8.1
07/04/2023 09:30,8.1
07/04/2023 10:00,8.1
07/04/2023 10:30,8.1
07/04/2023 11:00,8.1
07/04/2023 11:30,8.1
07/04/2023 12:00,8.1
07/04/2023 12:30,8.1
07/04/2023 13:00,8.1
07/04/2023 13:30,8.1
07/04/2023 14:00,8.1
07/04/2023 14:30,8.1
07/04/2023 15:00,8.1
07/04/2023 15:30,8.1
07/04/2023 16:00,8.1
07/04/2023 16:30,8.1
07/04/2023 17:00,8.1
07/04/2023 17:30,8.1
07/04/2023 18:00,8.1
07/04/2023 18:30,8.1
07/04/2023 19:00,8.1
07/04/2023 19:30,8.1
07/04/2023 20:00,8.1
07/04/2023 20:30,8.1
07/04/2023 21:00,8.1
07/04/2023 21:30,8.1
07/04/2023 22:00,8.1
07/04/2023 22:30,8.1
07/04/2023 23:00,8.1
07/04/2023 23:30,8.1
07/05/2023 00:00,1.979
07/05/2023 00:30,1.979
07/05/2023 01:00,1.979
07/05/2023 01:30,1.979
07/05/2023 02:00,1.979
07/05/2023 02:30,1.979
07/05/2023 03:00,1.979
07/05/2023 03:30,1.979
07/05/2023 04:00,1.979
07/05/2023 04:30,1.979
07/05/2023 05:00,1.979
07/05/2023 05:30,1.979
07/05/2023 06:00,1.979
07/05/2023 06:30,1.979
07/05/2023 07:00,1.979
07/05/2023 07:30,1.979
07/05/2023 08:00,1.979
07/05/2023 08:30,1.979
07/05/2023 09:00,1.979
07/05/2023 09:30,1.979
07/05/2023 10:00,1.979
07/05/2023 10:30,1.979
07/05/2023 11:00,1.979
07/05/2023 11:30,1.979
07/05/2023 12:00,1.979
07/05/2023 12:30,1.979
07/05/2023 13:00,1.979
07/05/2023 13:30,1.979
07/05/2023 14:00,1.979
07/05/2023 14:30,1.979
07/05/2023 15:00,1.979
07/05/2023 15:30,1.979
07/05/2023 16:00,1.979
07/05/2023 16:30,1.979
07/05/2023 17:00,1.979
07/05/2023 17:30,1.979
07/05/2023 18:00,1.979
07/05/2023 18:30,1.979
07/05/2023 19:00,1.979
07/05/2023 19:30,1.979
07/05/2023 20:00,1.979
07/05/2023 20:30,1.979
07/05/2023 21:00,1.979
07/05/2023 21:30,1.979
07/05/2023 22:00,1.979
07/05/2023 22:30,1.979
07/05/2023 23:00,1.979
07/05/2023 23:30,1.979
07/06/2023 00:00,22.91
07/06/2023 00:30,22.91
07/06/2023 01:00,22.91
07/06/2023 01:30,22.91
07/06/2023 02:00,22.91
07/06/2023 02:30,22.91
07/06/2023 03:00,22.91
07/06/2023 03:30,22.91
07/06/2023 04:00,22.91
07/06/2023 04:30,22.91
07/06/2023 05:00,22.91
07/06/2023 05:30,22.91
07/06/2023 06:00,22.91
07/06/2023 06:30,22.91
07/06/2023 07:00,22.91
07/06/2023 07:30,22.91
07/06/2023 08:00,22.91
07/06/2023 08:30,22.91
07/06/2023 09:00,22.91
07/06/2023 09:30,22.91
07/06/2023 10:00,22.91
07/06/2023 10:30,22.91
07/06/2023 11:00,22.91
07/06/2023 11:30,22.91
07/06/2023 12:00,22.91
07/06/2023 12:30,22.91
07/06/2023 13:00,22.91
07/06/2023 13:30,22.91
07/06/2023 14:00,22.91
07/06/2023 14:30,22.91
07/06/2023 15:00,22.91
07/06/2023 15:30,22.91
07/06/2023 16:00,22.91
07/06/2023 16:30,22.91
07/06/2023 17:00,22.91
07/06/2023 17:30,22.91
07/06/2023 18:00,22.91
07/06/2023 18:30,22.91
07/06/2023 19:00,22.91
07/06/2023 19:30,22.91
07/06/2023 20:00,22.91
07/06/2023 20:30,22.91
07/06/2023 21:00,22.91
07/06/2023 21:30,22.91
07/06/2023 22:00,22.91
07/06/2023 22:30,22.91
07/06/2023 23:00,22.91
07/06/2023 23:30,22.91
07/07/2023 00:00,22.91
07/07/2023 00:30,22.91
07/07/2023 01:00,22.91
07/07/2023 01:30,22.91
07/07/2023 02:00,22.91
07/07/2023 02:30,22.91
07/07/2023 03:00,22.91
07/07/2023 03:30,22.91
07/07/2023 04:00,22.91
07/07/2023 04:30,22.91
07/07/2023 05:00,22.91
07/07/2023 05:30,22.91
07/07/2023 06:00,22.91
07/07/2023 06:30,22.91
07/07/2023 07:00,22.91
07/07/2023 07:30,22.91
07/07/2023 08:00,22.91
07/07/2023 08:30,22.91
07/07/2023 09:00,22.91
07/07/2023 09:30,22.91
07/07/2023 10:00,22.91
07/07/2023 10:30,22.91
07/07/2023 11:00,22.91
07/07/2023 11:30,22.91
07/07/2023 12:00,22.91
07/07/2023 12:30,22.91
07/07/2023 13:00,22.91
07/07/2023 13:30,22.91
07/07/2023 14:00,22.91
07/07/2023 14:30,22.91
07/07/2023 15:00,22.91
07/07/2023 15:30,22.91
07/07/2023 16:00,22.91
07/07/2023 16:30,22.91
07/07/2023 17:00,22.91
07/07/2023 17:30,22.91
07/07/2023 18:00,22.91
07/07/2023 18:30,22.91
07/07/2023 19:00,22.91
07/07/2023 19:30,22.91
07/07/2023 20:00,22.91
07/07/2023 20:30,22.91
07/07/2023 21:00,22.91
07/07/2023 21:30,22.91
07/07/2023 22:00,22.91
07/07/2023 22:30,22.91
07/07/2023 23:00,22.91
07/07/2023 23:30,22.91
07/08/2023 00:00,14.881
07/08/2023 00:30,14.881
07/08/2023 01:00,14.881
07/08/2023 01:30,14.881
07/08/2023 02:00,14.881
07/08/2023 02:30,14.881
07/08/2023 03:00,14.881
07/08/2023 03:30,14.881
07/08/2023 04:00,14.881
07/08/2023 04:30,14.881
07/08/2023 05:00,14.881
07/08/2023 05:30,14.881
07/08/2023 06:00,14.881
07/08/2023 06:30,14.881
07/08/2023 07:00,14.881
07/08/2023 07:30,14.881
07/08/2023 08:00,14.881
07/08/2023 08:30,14.881
07/08/2023 09:00,14.881
07/08/2023 09:30,14.881
07/08/2023 10:00,14.881
07/08/2023 10:30,14.881
07/08/2023 11:00,14.881
07/08/2023 11:30,14.881
07/08/2023 12:00,14.881
07/08/2023 12:30,14.881
07/08/2023 13:00,14.881
07/08/2023 13:30,14.881
07/08/2023 14:00,14.881
07/08/2023 14:30,14.881
07/08/2023 15:00,14.881
07/08/2023 15:30,14.881
07/08/2023 16:00,14.881
07/08/2023 16:30,14.881
07/08/2023 17:00,14.881
07/08/2023 17:30,14.881
07/08/2023 18:00,14.881
07/08/2023 18:30,14.881
07/08/2023 19:00,14.881
07/08/2023 19:30,14.881
07/08/2023 20:00,14.881
07/08/2023 20:30,14.881
07/08/2023 21:00,14.881
07/08/2023 21:30,14.881
07/08/2023 22:00,14.881
07/08/2023 22:30,14.881
07/08/2023 23:00,14.881
07/08/2023 23:30,14.881
07/09/2023 00:00,14.881
07/09/2023 00:30,14.881
07/09/2023 01:00,14.881
07/09/2023 01:30,14.881
07/09/2023 02:00,14.881
07/09/2023 02:30,14.881
07/09/2023 03:00,14.881
07/09/2023 03:30,14.881
07/09/2023 04:00,14.881
07/09/2023 04:30,14.881
07/09/2023 05:00,14.881
07/09/2023 05:30,14.881
07/09/2023 06:00,14.881
07/09/2023 06:30,14.881
07/09/2023 07:00,14.881
07/09/2023 07:30,14.881
07/09/2023 08:00,14.881
07/09/2023 08:30,14.881
07/09/2023 09:00,14.881
07/09/2023 09:30,14.881
07/09/2023 10:00,14.881
07/09/2023 10:30,14.881
07/09/2023 11:00,14.881
07/09/2023 11:30,14.881
07/09/2023 12:00,14.881
07/09/2023 12:30,14.881
07/09/2023 13:00,14.881
07/09/2023 13:30,14.881
07/09/2023 14:00,14.881
07/09/2023 14:30,14.881
07/09/2023 15:00,14.881
07/09/2023 15:30,14.881
07/09/2023 16:00,14.881
07/09/2023 16:30,14.881
07/09/2023 17:00,14.881
07/09/2023 17:30,14.881
07/09/2023 18:00,14.881
07/09/2023 18:30,14.881
07/09/2023 19:00,14.881
07/09/2023 19:30,14.881
07/09/2023 20:00,14.881
07/09/2023 20:30,14.881
07/09/2023 21:00,14.881
07/09/2023 21:30,14.881
07/09/2023 22:00,14.881
07/09/2023 22:30,14.881
07/09/2023 23:00,14.881
07/09/2023 23:30,14.881
07/10/2023 00:00,1.848
07/10/2023 00:30,1.848
07/10/2023 01:00,1.848
07/10/2023 01:30,1.848
07/10/2023 02:00,1.848
07/10/2023 02:30,1.848
07/10/2023 03:00,1.848
07/10/2023 03:30,1.848
07/10/2023 04:00,1.848
07/10/2023 04:30,1.848
07/10/2023 05:00,1.848
07/10/2023 05:30,1.848
07/10/2023 06:00,1.848
07/10/2023 06:30,1.848
07/10/2023 07:00,1.848
07/10/2023 07:30,1.848
07/10/2023 08:00,1.848
07/10/2023 08:30,1.848
07/10/2023 09:00,1.848
07/10/2023 09:30,1.848
07/10/2023 10:00,1.848
07/10/2023 10:30,1.848
07/10/2023 11:00,1.848
07/10/2023 11:30,1.848
07/10/2023 12:00,1.848
07/10/2023 12:30,1.848
07/10/2023 13:00,1.848
07/10/2023 13:30,1.848
07/10/2023 14:00,1.848
07/10/2023 14:30,1.848
07/10/2023 15:00,1.848
07/10/2023 15:30,1.848
07/10/2023 16:00,1.848
07/10/2023 16:30,1.848
07/10/2023 17:00,1.848
07/10/2023 17:30,1.848
07/10/2023 18:00,1.848
07/10/2023 18:30,1.848
07/10/2023 19:00,1.848
07/10/2023 19:30,1.848
07/10/2023 20:00,1.848
07/10/2023 20:30,1.848
07/10/2023 21:00,1.848
07/10/2023 21:30,1.848
07/10/2023 22:00,1.848
07/10/2023 22:30,1.848
07/10/2023 23:00,1.848
07/10/2023 23:30,1.848
07/11/2023 00:00,0.978
07/11/2023 00:30,0.978
07/11/2023 01:00,0.978
07/11/2023 01:30,0.978
07/11/2023 02:00,0.978
07/11/2023 02:30,0.978
07/11/2023 03:00,0.978
07/11/2023 03:30,0.978
07/11/2023 04:00,0.978
07/11/2023 04:30,0.978
07/11/2023 05:00,0.978
07/11/2023 05:30,0.978
07/11/2023 06:00,0.978
07/11/2023 06:30,0.978
07/11/2023 07:00,0.978
07/11/2023 07:30,0.978
07/11/2023 08:00,0.978
07/11/2023 08:30,0.978
07/11/2023 09:00,0.978
07/11/2023 09:30,0.978
07/11/2023 10:00,0.978
07/11/2023 10:30,0.978
07/11/2023 11:00,0.978
07/11/2023 11:30,0.978
07/11/2023 12:00,0.978
07/11/2023 12:30,0.978
07/11/2023 13:00,0.978
07/11/2023 13:30,0.978
07/11/2023 14:00,0.978
07/11/2023 14:30,0.978
07/11/2023 15:00,0.978
07/11/2023 15:30,0.978
07/11/2023 16:00,0.978
07/11/2023 16:30,0.978
07/11/2023 17:00,0.978
07/11/2023 17:30,0.978
07/11/2023 18:00,0.978
07/11/2023 18:30,0.978
07/11/2023 19:00,0.978
07/11/2023 19:30,0.978
07/11/2023 20:00,0.978
07/11/2023 20:30,0.978
07/11/2023 21:00,0.978
07/11/2023 21:30,0.978
07/11/2023 22:00,0.978
07/11/2023 22:30,0.978
07/11/2023 23:00,0.978
07/11/2023 23:30,0.978
07/12/2023 00:00,8.1
07/12/2023 00:30,8.1
07/12/2023 01:00,8.1
07/12/2023 01:30,8.1
07/12/2023 02:00,8.1
07/12/2023 02:30,8.1
07/12/2023 03:00,8.1
07/12/2023 03:30,8.1
07/12/2023 04:00,8.1
07/12/2023 04:30,8.1
07/12/2023 05:00,8.1
07/12/2023 05:30,8.1
07/12/2023 06:00,8.1
07/12/2023 06:30,8.1
07/12/2023 07:00,8.1
07/12/2023 07:30,8.1
07/12/2023 08:00,8.1
07/12/2023 08:30,8.1
07/12/2023 09:00,8.1
07/12/2023 09:30,8.1
07/12/2023 10:00,8.1
07/12/2023 10:30,8.1
07/12/2023 11:00,8.1
07/12/2023 11:30,8.1
07/12/2023 12:00,8.1
07/12/2023 12:30,8.1
07/12/2023 13:00,8.1
07/12/2023 13:30,8.1
07/12/2023 14:00,8.1
07/12/2023 14:30,8.1
07/12/2023 15:00,8.1
07/12/2023 15:30,8.1
07/12/2023 16:00,8.1
07/12/2023 16:30,8.1
07/12/2023 17:00,8.1
07/12/2023 17:30,8.1
07/12/2023 18:00,8.1
07/12/2023 18:30,8.1
07/12/2023 19:00,8.1
07/12/2023 19:30,8.1
07/12/2023 20:00,8.1
07/12/2023 20:30,8.1
07/12/2023 21:00,8.1
07/12/2023 21:30,8.1
07/12/2023 22:00,8.1
07/12/2023 22:30,8.1
07/12/2023 23:00,8.1
07/12/2023 23:30,8.1
07/13/2023 00:00,0.7
07/13/2023 00:30,0.7
07/13/2023 01:00,0.7
07/13/2023 01:30,0.7
07/13/2023 02:00,0.7
07/13/2023 02:30,0.7
07/13/2023 03:00,0.7
07/13/2023 03:30,0.7
07/13/2023 04:00,0.7
07/13/2023 04:30,0.7
07/13/2023 05:00,0.7
07/13/2023 05:30,0.7
07/13/2023 06:00,0.7
07/13/2023 06:30,0.7
07/13/2023 07:00,0.7
07/13/2023 07:30,0.7
07/13/2023 08:00,0.7
07/13/2023 08:30,0.7
07/13/2023 09:00,0.7
07/13/2023 09:30,0.7
07/13/2023 10:00,0.7
07/13/2023 10:30,0.7
07/13/2023 11:00,0.7
07/13/2023 11:30,0.7
07/13/2023 12:00,0.7
07/13/2023 12:30,0.7
07/13/2023 13:00,0.7
07/13/2023 13:30,0.7
07/13/2023 14:00,0.7
07/13/2023 14:30,0.7
07/13/2023 15:00,0.7
07/13/2023 15:30,0.7
07/13/2023 16:00,0.7
07/13/2023 16:30,0.7
07/13/2023 17:00,0.7
07/13/2023 17:30,0.7
07/13/2023 18:00,0.7
07/13/2023 18:30,0.7
07/13/2023 19:00,0.7
07/13/2023 19:30,0.7
07/13/2023 20:00,0.7
07/13/2023 20:30,0.7
07/13/2023 21:00,0.7
07/13/2023 21:30,0.7
07/13/2023 22:00,0.7
07/13/2023 22:30,0.7
07/13/2023 23:00,0.7
07/13/2023 23:30,0.7
07/14/2023 00:00,1.466
07/14/2023 00:30,1.466
07/14/2023 01:00,1.466
07/14/2023 01:30,1.466
07/14/2023 02:00,1.466
07/14/2023 02:30,1.466
07/14/2023 03:00,1.466
07/14/2023 03:30,1.466
07/14/2023 04:00,1.466
07/14/2023 04:30,1.466
07/14/2023 05:00,1.466
07/14/2023 05:30,1.466
07/14/2023 06:00,1.466
07/14/2023 06:30,1.466
07/14/2023 07:00,1.466
07/14/2023 07:30,1.466
07/14/2023 08:00,1.466
07/14/2023 08:30,1.466
07/14/2023 09:00,1.466
07/14/2023 09:30,1.466
07/14/2023 10:00,1.466
07/14/2023 10:30,1.466
07/14/2023 11:00,1.466
07/14/2023 11:30,1.466
07/14/2023 12:00,1.466
07/14/2023 12:30,1.466
07/14/2023 13:00,1.466
07/14/2023 13:30,1.466
07/14/2023 14:00,1.466
07/14/2023 14:30,1.466
07/14/2023 15:00,1.466
07/14/2023 15:30,1.466
07/14/2023 16:00,1.466
07/14/2023 16:30,1.466
07/14/2023 17:00,1.466
07/14/2023 17:30,1.466
07/14/2023 18:00,1.466
07/14/2023 18:30,1.466
07/14/2023 19:00,1.466
07/14/2023 19:30,1.466
07/14/2023 20:00,1.466
07/14/2023 20:30,1.466
07/14/2023 21:00,1.466
07/14/2023 21:30,1.466
07/14/2023 22:00,1.466
07/14/2023 22:30,1.466
07/14/2023 23:00,1.466
07/14/2023 23:30,1.466
07/15/2023 00:00,11.32
07/15/2023 00:00,0.978
07/15/2023 00:30,0.978
07/15/2023 00:30,11.32
07/15/2023 01:00,0.978
07/15/2023 01:00,11.32
07/15/2023 01:30,0.978
07/15/2023 01:30,11.32
07/15/2023 02:00,0.978
07/15/2023 02:00,11.32
07/15/2023 02:30,0.978
07/15/2023 02:30,11.32
07/15/2023 03:00,0.978
07/15/2023 03:00,11.32
07/15/2023 03:30,0.978
07/15/2023 03:30,11.32
07/15/2023 04:00,11.32
07/15/2023 04:00,0.978
07/15/2023 04:30,11.32
07/15/2023 04:30,0.978
07/15/2023 05:00,11.32
07/15/2023 05:00,0.978
07/15/2023 05:30,0.978
07/15/2023 05:30,11.32
07/15/2023 06:00,11.32
07/15/2023 06:00,0.978
07/15/2023 06:30,0.978
07/15/2023 06:30,11.32
07/15/2023 07:00,0.978
07/15/2023 07:00,11.32
07/15/2023 07:30,11.32
07/15/2023 07:30,0.978
07/15/2023 08:00,11.32
07/15/2023 08:00,0.978
07/15/2023 08:30,0.978
07/15/2023 08:30,11.32
07/15/2023 09:00,0.978
07/15/2023 09:00,11.32
07/15/2023 09:30,0.978
07/15/2023 09:30,11.32
07/15/2023 10:00,0.978
07/15/2023 10:00,11.32
07/15/2023 10:30,0.978
07/15/2023 10:30,11.32
07/15/2023 11:00,0.978
07/15/2023 11:00,11.32
07/15/2023 11:30,11.32
07/15/2023 11:30,0.978
07/15/2023 12:00,11.32
07/15/2023 12:00,0.978
07/15/2023 12:30,0.978
07/15/2023 12:30,11.32
07/15/2023 13:00,0.978
07/15/2023 13:00,11.32
07/15/2023 13:30,11.32
07/15/2023 13:30,0.978
07/15/2023 14:00,0.978
07/15/2023 14:00,11.32
07/15/2023 14:30,0.978
07/15/2023 14:30,11.32
07/15/2023 15:00,0.978
07/15/2023 15:00,11.32
07/15/2023 15:30,11.32
07/15/2023 15:30,0.978
07/15/2023 16:00,11.32
07/15/2023 16:00,0.978
07/15/2023 16:30,0.978
07/15/2023 16:30,11.32
07/15/2023 17:00,11.32
07/15/2023 17:00,0.978
07/15/2023 17:30,11.32
07/15/2023 17:30,0.978
07/15/2023 18:00,11.32
07/15/2023 18:00,0.978
07/15/2023 18:30,11.32
07/15/2023 18:30,0.978
07/15/2023 19:00,11.32
07/15/2023 19:00,0.978
07/15/2023 19:30,11.32
07/15/2023 19:30,0.978
07/15/2023 20:00,11.32
07/15/2023 20:00,0.978
07/15/2023 20:30,0.978
07/15/2023 20:30,11.32
07/15/2023 21:00,0.978
07/15/2023 21:00,11.32
07/15/2023 21:30,0.978
07/15/2023 21:30,11.32
07/15/2023 22:00,0.978
07/15/2023 22:00,11.32
07/15/2023 22:30,0.978
07/15/2023 22:30,11.32
07/15/2023 23:00,0.978
07/15/2023 23:00,11.32
07/15/2023 23:30,11.32
07/15/2023 23:30,0.978
07/16/2023 00:00,22.91
07/16/2023 00:30,22.91
07/16/2023 01:00,22.91
07/16/2023 01:30,22.91
07/16/2023 02:00,22.91
07/16/2023 02:30,22.91
07/16/2023 03:00,22.91
07/16/2023 03:30,22.91
07/16/2023 04:00,22.91
07/16/2023 04:30,22.91
07/16/2023 05:00,22.91
07/16/2023 05:30,22.91
07/16/2023 06:00,22.91
07/16/2023 06:30,22.91
07/16/2023 07:00,22.91
07/16/2023 07:30,22.91
07/16/2023 08:00,22.91
07/16/2023 08:30,22.91
07/16/2023 09:00,22.91
07/16/2023 09:30,22.91
07/16/2023 10:00,22.91
07/16/2023 10:30,22.91
07/16/2023 11:00,22.91
07/16/2023 11:30,22.91
07/16/2023 12:00,22.91
07/16/2023 12:30,22.91
07/16/2023 13:00,22.91
07/16/2023 13:30,22.91
07/16/2023 14:00,22.91
07/16/2023 14:30,22.91
07/16/2023 15:00,22.91
07/16/2023 15:30,22.91
07/16/2023 16:00,22.91
07/16/2023 16:30,22.91
07/16/2023 17:00,22.91
07/16/2023 17:30,22.91
07/16/2023 18:00,22.91
07/16/2023 18:30,22.91
07/16/2023 19:00,22.91
07/16/2023 19:30,22.91
07/16/2023 20:00,22.91
07/16/2023 20:30,22.91
07/16/2023 21:00,22.91
07/16/2023 21:30,22.91
07/16/2023 22:00,22.91
07/16/2023 22:30,22.91
07/16/2023 23:00,22.91
07/16/2023 23:30,22.91
07/17/2023 00:00,0.978
07/17/2023 00:30,0.978
07/17/2023 01:00,0.978
07/17/2023 01:30,0.978
07/17/2023 02:00,0.978
07/17/2023 02:30,0.978
07/17/2023 03:00,0.978
07/17/2023 03:30,0.978
07/17/2023 04:00,0.978
07/17/2023 04:30,0.978
07/17/2023 05:00,0.978
07/17/2023 05:30,0.978
07/17/2023 06:00,0.978
07/17/2023 06:30,0.978
07/17/2023 07:00,0.978
07/17/2023 07:30,0.978
07/17/2023 08:00,0.978
07/17/2023 08:30,0.978
07/17/2023 09:00,0.978
07/17/2023 09:30,0.978
07/17/2023 10:00,0.978
07/17/2023 10:30,0.978
07/17/2023 11:00,0.978
07/17/2023 11:30,0.978
07/17/2023 12:00,0.978
07/17/2023 12:30,0.978
07/17/2023 13:00,0.978
07/17/2023 13:30,0.978
07/17/2023 14:00,0.978
07/17/2023 14:30,0.978
07/17/2023 15:00,0.978
07/17/2023 15:30,0.978
07/17/2023 16:00,0.978
07/17/2023 16:30,0.978
07/17/2023 17:00,0.978
07/17/2023 17:30,0.978
07/17/2023 18:00,0.978
07/17/2023 18:30,0.978
07/17/2023 19:00,0.978
07/17/2023 19:30,0.978
07/17/2023 20:00,0.978
07/17/2023 20:30,0.978
07/17/2023 21:00,0.978
07/17/2023 21:30,0.978
07/17/2023 22:00,0.978
07/17/2023 22:30,0.978
07/17/2023 23:00,0.978
07/17/2023 23:30,0.978
07/18/2023 00:00,0.7
07/18/2023 00:30,0.7
07/18/2023 01:00,0.7
07/18/2023 01:30,0.7
07/18/2023 02:00,0.7
07/18/2023 02:30,0.7
07/18/2023 03:00,0.7
07/18/2023 03:30,0.7
07/18/2023 04:00,0.7
07/18/2023 04:30,0.7
07/18/2023 05:00,0.7
07/18/2023 05:30,0.7
07/18/2023 06:00,0.7
07/18/2023 06:30,0.7
07/18/2023 07:00,0.7
07/18/2023 07:30,0.7
07/18/2023 08:00,0.7
07/18/2023 08:30,0.7
07/18/2023 09:00,0.7
07/18/2023 09:30,0.7
07/18/2023 10:00,0.7
07/18/2023 10:30,0.7
07/18/2023 11:00,0.7
07/18/2023 11:30,0.7
07/18/2023 12:00,0.7
07/18/2023 12:30,0.7
07/18/2023 13:00,0.7
07/18/2023 13:30,0.7
07/18/2023 14:00,0.7
07/18/2023 14:30,0.7
07/18/2023 15:00,0.7
07/18/2023 15:30,0.7
07/18/2023 16:00,0.7
07/18/2023 16:30,0.7
07/18/2023 17:00,0.7
07/18/2023 17:30,0.7
07/18/2023 18:00,0.7
07/18/2023 18:30,0.7
07/18/2023 19:00,0.7
07/18/2023 19:30,0.7
07/18/2023 20:00,0.7
07/18/2023 20:30,0.7
07/18/2023 21:00,0.7
07/18/2023 21:30,0.7
07/18/2023 22:00,0.7
07/18/2023 22:30,0.7
07/18/2023 23:00,0.7
07/18/2023 23:30,0.7
07/19/2023 00:00,0.7
07/19/2023 00:30,0.7
07/19/2023 01:00,0.7
07/19/2023 01:30,0.7
07/19/2023 02:00,0.7
07/19/2023 02:30,0.7
07/19/2023 03:00,0.7
07/19/2023 03:30,0.7
07/19/2023 04:00,0.7
07/19/2023 04:30,0.7
07/19/2023 05:00,0.7
07/19/2023 05:30,0.7
07/19/2023 06:00,0.7
07/19/2023 06:30,0.7
07/19/2023 07:00,0.7
07/19/2023 07:30,0.7
07/19/2023 08:00,0.7
07/19/2023 08:30,0.7
07/19/2023 09:00,0.7
07/19/2023 09:30,0.7
07/19/2023 10:00,0.7
07/19/2023 10:30,0.7
07/19/2023 11:00,0.7
07/19/2023 11:30,0.7
07/19/2023 12:00,0.7
07/19/2023 12:30,0.7
07/19/2023 13:00,0.7
07/19/2023 13:30,0.7
07/19/2023 14:00,0.7
07/19/2023 14:30,0.7
07/19/2023 15:00,0.7
07/19/2023 15:30,0.7
07/19/2023 16:00,0.7
07/19/2023 16:30,0.7
07/19/2023 17:00,0.7
07/19/2023 17:30,0.7
07/19/2023 18:00,0.7
07/19/2023 18:30,0.7
07/19/2023 19:00,0.7
07/19/2023 19:30,0.7
07/19/2023 20:00,0.7
07/19/2023 20:30,0.7
07/19/2023 21:00,0.7
07/19/2023 21:30,0.7
07/19/2023 22:00,0.7
07/19/2023 22:30,0.7
07/19/2023 23:00,0.7
07/19/2023 23:30,0.7
07/20/2023 00:00,0.978
07/20/2023 00:30,0.978
07/20/2023 01:00,0.978
07/20/2023 01:30,0.978
07/20/2023 02:00,0.978
07/20/2023 02:30,0.978
07/20/2023 03:00,0.978
07/20/2023 03:30,0.978
07/20/2023 04:00,0.978
07/20/2023 04:30,0.978
07/20/2023 05:00,0.978
07/20/2023 05:30,0.978
07/20/2023 06:00,0.978
07/20/2023 06:30,0.978
07/20/2023 07:00,0.978
07/20/2023 07:30,0.978
07/20/2023 08:00,0.978
07/20/2023 08:30,0.978
07/20/2023 09:00,0.978
07/20/2023 09:30,0.978
07/20/2023 10:00,0.978
07/20/2023 10:30,0.978
07/20/2023 11:00,0.978
07/20/2023 11:30,0.978
07/20/2023 12:00,0.978
07/20/2023 12:30,0.978
07/20/2023 13:00,0.978
07/20/2023 13:30,0.978
07/20/2023 14:00,0.978
07/20/2023 14:30,0.978
07/20/2023 15:00,0.978
07/20/2023 15:30,0.978
07/20/2023 16:00,0.978
07/20/2023 16:30,0.978
07/20/2023 17:00,0.978
07/20/2023 17:30,0.978
07/20/2023 18:00,0.978
07/20/2023 18:30,0.978
07/20/2023 19:00,0.978
07/20/2023 19:30,0.978
07/20/2023 20:00,0.978
07/20/2023 20:30,0.978
07/20/2023 21:00,0.978
07/20/2023 21:30,0.978
07/20/2023 22:00,0.978
07/20/2023 22:30,0.978
07/20/2023 23:00,0.978
07/20/2023 23:30,0.978
07/21/2023 00:00,0.978
07/21/2023 00:30,0.978
07/21/2023 01:00,0.978
07/21/2023 01:30,0.978
07/21/2023 02:00,0.978
07/21/2023 02:30,0.978
07/21/2023 03:00,0.978
07/21/2023 03:30,0.978
07/21/2023 04:00,0.978
07/21/2023 04:30,0.978
07/21/2023 05:00,0.978
07/21/2023 05:30,0.978
07/21/2023 06:00,0.978
07/21/2023 06:30,0.978
07/21/2023 07:00,0.978
07/21/2023 07:30,0.978
07/21/2023 08:00,0.978
07/21/2023 08:30,0.978
07/21/2023 09:00,0.978
07/21/2023 09:30,0.978
07/21/2023 10:00,0.978
07/21/2023 10:30,0.978
07/21/2023 11:00,0.978
07/21/2023 11:30,0.978
07/21/2023 12:00,0.978
07/21/2023 12:30,0.978
07/21/2023 13:00,0.978
07/21/2023 13:30,0.978
07/21/2023 14:00,0.978
07/21/2023 14:30,0.978
07/21/2023 15:00,0.978
07/21/2023 15:30,0.978
07/21/2023 16:00,0.978
07/21/2023 16:30,0.978
07/21/2023 17:00,0.978
07/21/2023 17:30,0.978
07/21/2023 18:00,0.978
07/21/2023 18:30,0.978
07/21/2023 19:00,0.978
07/21/2023 19:30,0.978
07/21/2023 20:00,0.978
07/21/2023 20:30,0.978
07/21/2023 21:00,0.978
07/21/2023 21:30,0.978
07/21/2023 22:00,0.978
07/21/2023 22:30,0.978
07/21/2023 23:00,0.978
07/21/2023 23:30,0.978
07/22/2023 00:00,0.7
07/22/2023 00:30,0.7
07/22/2023 01:00,0.7
07/22/2023 01:30,0.7
07/22/2023 02:00,0.7
07/22/2023 02:30,0.7
07/22/2023 03:00,0.7
07/22/2023 03:30,0.7
07/22/2023 04:00,0.7
07/22/2023 04:30,0.7
07/22/2023 05:00,0.7
07/22/2023 05:30,0.7
07/22/2023 06:00,0.7
07/22/2023 06:30,0.7
07/22/2023 07:00,0.7
07/22/2023 07:30,0.7
07/22/2023 08:00,0.7
07/22/2023 08:30,0.7
07/22/2023 09:00,0.7
07/22/2023 09:30,0.7
07/22/2023 10:00,0.7
07/22/2023 10:30,0.7
07/22/2023 11:00,0.7
07/22/2023 11:30,0.7
07/22/2023 12:00,0.7
07/22/2023 12:30,0.7
07/22/2023 13:00,0.7
07/22/2023 13:30,0.7
07/22/2023 14:00,0.7
07/22/2023 14:30,0.7
07/22/2023 15:00,0.7
07/22/2023 15:30,0.7
07/22/2023 16:00,0.7
07/22/2023 16:30,0.7
07/22/2023 17:00,0.7
07/22/2023 17:30,0.7
07/22/2023 18:00,0.7
07/22/2023 18:30,0.7
07/22/2023 19:00,0.7
07/22/2023 19:30,0.7
07/22/2023 20:00,0.7
07/22/2023 20:30,0.7
07/22/2023 21:00,0.7
07/22/2023 21:30,0.7
07/22/2023 22:00,0.7
07/22/2023 22:30,0.7
07/22/2023 23:00,0.7
07/22/2023 23:30,0.7
07/23/2023 00:00,0.286
07/23/2023 00:30,0.286
07/23/2023 01:00,0.286
07/23/2023 01:30,0.286
07/23/2023 02:00,0.286
07/23/2023 02:30,0.286
07/23/2023 03:00,0.286
07/23/2023 03:30,0.286
07/23/2023 04:00,0.286
07/23/2023 04:30,0.286
07/23/2023 05:00,0.286
07/23/2023 05:30,0.286
07/23/2023 06:00,0.286
07/23/2023 06:30,0.286
07/23/2023 07:00,0.286
07/23/2023 07:30,0.286
07/23/2023 08:00,0.286
07/23/2023 08:30,0.286
07/23/2023 09:00,0.286
07/23/2023 09:30,0.286
07/23/2023 10:00,0.286
07/23/2023 10:30,0.286
07/23/2023 11:00,0.286
07/23/2023 11:30,0.286
07/23/2023 12:00,0.286
07/23/2023 12:30,0.286
07/23/2023 13:00,0.286
07/23/2023 13:30,0.286
07/23/2023 14:00,0.286
07/23/2023 14:30,0.286
07/23/2023 15:00,0.286
07/23/2023 15:30,0.286
07/23/2023 16:00,0.286
07/23/2023 16:30,0.286
07/23/2023 17:00,0.286
07/23/2023 17:30,0.286
07/23/2023 18:00,0.286
07/23/2023 18:30,0.286
07/23/2023 19:00,0.286
07/23/2023 19:30,0.286
07/23/2023 20:00,0.286
07/23/2023 20:30,0.286
07/23/2023 21:00,0.286
07/23/2023 21:30,0.286
07/23/2023 22:00,0.286
07/23/2023 22:30,0.286
07/23/2023 23:00,0.286
07/23/2023 23:30,0.286
07/24/2023 00:00,0.286
07/24/2023 00:30,0.286
07/24/2023 01:00,0.286
07/24/2023 01:30,0.286
07/24/2023 02:00,0.286
07/24/2023 02:30,0.286
07/24/2023 03:00,0.286
07/24/2023 03:30,0.286
07/24/2023 04:00,0.286
07/24/2023 04:30,0.286
07/24/2023 05:00,0.286
07/24/2023 05:30,0.286
07/24/2023 06:00,0.286
07/24/2023 06:30,0.286
07/24/2023 07:00,0.286
07/24/2023 07:30,0.286
07/24/2023 08:00,0.286
07/24/2023 08:30,0.286
07/24/2023 09:00,0.286
07/24/2023 09:30,0.286
07/24/2023 10:00,0.286
07/24/2023 10:30,0.286
07/24/2023 11:00,0.286
07/24/2023 11:30,0.286
07/24/2023 12:00,0.286
07/24/2023 12:30,0.286
07/24/2023 13:00,0.286
07/24/2023 13:30,0.286
07/24/2023 14:00,0.286
07/24/2023 14:30,0.286
07/24/2023 15:00,0.286
07/24/2023 15:30,0.286
07/24/2023 16:00,0.286
07/24/2023 16:30,0.286
07/24/2023 17:00,0.286
07/24/2023 17:30,0.286
07/24/2023 18:00,0.286
07/24/2023 18:30,0.286
07/24/2023 19:00,0.286
07/24/2023 19:30,0.286
07/24/2023 20:00,0.286
07/24/2023 20:30,0.286
07/24/2023 21:00,0.286
07/24/2023 21:30,0.286
07/24/2023 22:00,0.286
07/24/2023 22:30,0.286
07/24/2023 23:00,0.286
07/24/2023 23:30,0.286
07/25/2023 00:00,0.286
07/25/2023 00:30,0.286
07/25/2023 01:00,0.286
07/25/2023 01:30,0.286
07/25/2023 02:00,0.286
07/25/2023 02:30,0.286
07/25/2023 03:00,0.286
07/25/2023 03:30,0.286
07/25/2023 04:00,0.286
07/25/2023 04:30,0.286
07/25/2023 05:00,0.286
07/25/2023 05:30,0.286
07/25/2023 06:00,0.286
07/25/2023 06:30,0.286
07/25/2023 07:00,0.286
07/25/2023 07:30,0.286
07/25/2023 08:00,0.286
07/25/2023 08:30,0.286
07/25/2023 09:00,0.286
07/25/2023 09:30,0.286
07/25/2023 10:00,0.286
07/25/2023 10:30,0.286
07/25/2023 11:00,0.286
07/25/2023 11:30,0.286
07/25/2023 12:00,0.286
07/25/2023 12:30,0.286
07/25/2023 13:00,0.286
07/25/2023 13:30,0.286
07/25/2023 14:00,0.286
07/25/2023 14:30,0.286
07/25/2023 15:00,0.286
07/25/2023 15:30,0.286
07/25/2023 16:00,0.286
07/25/2023 16:30,0.286
07/25/2023 17:00,0.286
07/25/2023 17:30,0.286
07/25/2023 18:00,0.286
07/25/2023 18:30,0.286
07/25/2023 19:00,0.286
07/25/2023 19:30,0.286
07/25/2023 20:00,0.286
07/25/2023 20:30,0.286
07/25/2023 21:00,0.286
07/25/2023 21:30,0.286
07/25/2023 22:00,0.286
07/25/2023 22:30,0.286
07/25/2023 23:00,0.286
07/25/2023 23:30,0.286
07/26/2023 00:00,0.286
07/26/2023 00:30,0.286
07/26/2023 01:00,0.286
07/26/2023 01:30,0.286
07/26/2023 02:00,0.286
07/26/2023 02:30,0.286
07/26/2023 03:00,0.286
07/26/2023 03:30,0.286
07/26/2023 04:00,0.286
07/26/2023 04:30,0.286
07/26/2023 05:00,0.286
07/26/2023 05:30,0.286
07/26/2023 06:00,0.286
07/26/2023 06:30,0.286
07/26/2023 07:00,0.286
07/26/2023 07:30,0.286
07/26/2023 08:00,0.286
07/26/2023 08:30,0.286
07/26/2023 09:00,0.286
07/26/2023 09:30,0.286
07/26/2023 10:00,0.286
07/26/2023 10:30,0.286
07/26/2023 11:00,0.286
07/26/2023 11:30,0.286
07/26/2023 12:00,0.286
07/26/2023 12:30,0.286
07/26/2023 13:00,0.286
07/26/2023 13:30,0.286
07/26/2023 14:00,0.286
07/26/2023 14:30,0.286
07/26/2023 15:00,0.286
07/26/2023 15:30,0.286
07/26/2023 16:00,0.286
07/26/2023 16:30,0.286
07/26/2023 17:00,0.286
07/26/2023 17:30,0.286
07/26/2023 18:00,0.286
07/26/2023 18:30,0.286
07/26/2023 19:00,0.286
07/26/2023 19:30,0.286
07/26/2023 20:00,0.286
07/26/2023 20:30,0.286
07/26/2023 21:00,0.286
07/26/2023 21:30,0.286
07/26/2023 22:00,0.286
07/26/2023 22:30,0.286
07/26/2023 23:00,0.286
07/26/2023 23:30,0.286
07/27/2023 00:00,0.286
07/27/2023 00:30,0.286
07/27/2023 01:00,0.286
07/27/2023 01:30,0.286
07/27/2023 02:00,0.286
07/27/2023 02:30,0.286
07/27/2023 03:00,0.286
07/27/2023 03:30,0.286
07/27/2023 04:00,0.286
07/27/2023 04:30,0.286
07/27/2023 05:00,0.286
07/27/2023 05:30,0.286
07/27/2023 06:00,0.286
07/27/2023 06:30,0.286
07/27/2023 07:00,0.286
07/27/2023 07:30,0.286
07/27/2023 08:00,0.286
07/27/2023 08:30,0.286
07/27/2023 09:00,0.286
07/27/2023 09:30,0.286
07/27/2023 10:00,0.286
07/27/2023 10:30,0.286
07/27/2023 11:00,0.286
07/27/2023 11:30,0.286
07/27/2023 12:00,0.286
07/27/2023 12:30,0.286
07/27/2023 13:00,0.286
07/27/2023 13:30,0.286
07/27/2023 14:00,0.286
07/27/2023 14:30,0.286
07/27/2023 15:00,0.286
07/27/2023 15:30,0.286
07/27/2023 16:00,0.286
07/27/2023 16:30,0.286
07/27/2023 17:00,0.286
07/27/2023 17:30,0.286
07/27/2023 18:00,0.286
07/27/2023 18:30,0.286
07/27/2023 19:00,0.286
07/27/2023 19:30,0.286
07/27/2023 20:00,0.286
07/27/2023 20:30,0.286
07/27/2023 21:00,0.286
07/27/2023 21:30,0.286
07/27/2023 22:00,0.286
07/27/2023 22:30,0.286
07/27/2023 23:00,0.286
07/27/2023 23:30,0.286
07/28/2023 00:00,2.864
07/28/2023 00:30,2.864
07/28/2023 01:00,2.864
07/28/2023 01:30,2.864
07/28/2023 02:00,2.864
07/28/2023 02:30,2.864
07/28/2023 03:00,2.864
07/28/2023 03:30,2.864
07/28/2023 04:00,2.864
07/28/2023 04:30,2.864
07/28/2023 05:00,2.864
07/28/2023 05:30,2.864
07/28/2023 06:00,2.864
07/28/2023 06:30,2.864
07/28/2023 07:00,2.864
07/28/2023 07:30,2.864
07/28/2023 08:00,2.864
07/28/2023 08:30,2.864
07/28/2023 09:00,2.864
07/28/2023 09:30,2.864
07/28/2023 10:00,2.864
07/28/2023 10:30,2.864
07/28/2023 11:00,2.864
07/28/2023 11:30,2.864
07/28/2023 12:00,2.864
07/28/2023 12:30,2.864
07/28/2023 13:00,2.864
07/28/2023 13:30,2.864
07/28/2023 14:00,2.864
07/28/2023 14:30,2.864
07/28/2023 15:00,2.864
07/28/2023 15:30,2.864
07/28/2023 16:00,2.864
07/28/2023 16:30,2.864
07/28/2023 17:00,2.864
07/28/2023 17:30,2.864
07/28/2023 18:00,2.864
07/28/2023 18:30,2.864
07/28/2023 19:00,2.864
07/28/2023 19:30,2.864
07/28/2023 20:00,2.864
07/28/2023 20:30,2.864
07/28/2023 21:00,2.864
07/28/2023 21:30,2.864
07/28/2023 22:00,2.864
07/28/2023 22:30,2.864
07/28/2023 23:00,2.864
07/28/2023 23:30,2.864
07/29/2023 00:00,1.012
07/29/2023 00:30,1.012
07/29/2023 01:00,1.012
07/29/2023 01:30,1.012
07/29/2023 02:00,1.012
07/29/2023 02:30,1.012
07/29/2023 03:00,1.012
07/29/2023 03:30,1.012
07/29/2023 04:00,1.012
07/29/2023 04:30,1.012
07/29/2023 05:00,1.012
07/29/2023 05:30,1.012
07/29/2023 06:00,1.012
07/29/2023 06:30,1.012
07/29/2023 07:00,1.012
07/29/2023 07:30,1.012
07/29/2023 08:00,1.012
07/29/2023 08:30,1.012
07/29/2023 09:00,1.012
07/29/2023 09:30,1.012
07/29/2023 10:00,1.012
07/29/2023 10:30,1.012
07/29/2023 11:00,1.012
07/29/2023 11:30,1.012
07/29/2023 12:00,1.012
07/29/2023 12:30,1.012
07/29/2023 13:00,1.012
07/29/2023 13:30,1.012
07/29/2023 14:00,1.012
07/29/2023 14:30,1.012
07/29/2023 15:00,1.012
07/29/2023 15:30,1.012
07/29/2023 16:00,1.012
07/29/2023 16:30,1.012
07/29/2023 17:00,1.012
07/29/2023 17:30,1.012
07/29/2023 18:00,1.012
07/29/2023 18:30,1.012
07/29/2023 19:00,1.012
07/29/2023 19:30,1.012
07/29/2023 20:00,1.012
07/29/2023 20:30,1.012
07/29/2023 21:00,1.012
07/29/2023 21:30,1.012
07/29/2023 22:00,1.012
07/29/2023 22:30,1.012
07/29/2023 23:00,1.012
07/29/2023 23:30,1.012
07/30/2023 00:00,1.012
07/30/2023 00:30,1.012
07/30/2023 01:00,1.012
07/30/2023 01:30,1.012
07/30/2023 02:00,1.012
07/30/2023 02:30,1.012
07/30/2023 03:00,1.012
07/30/2023 03:30,1.012
07/30/2023 04:00,1.012
07/30/2023 04:30,1.012
07/30/2023 05:00,1.012
07/30/2023 05:30,1.012
07/30/2023 06:00,1.012
07/30/2023 06:30,1.012
07/30/2023 07:00,1.012
07/30/2023 07:30,1.012
07/30/2023 08:00,1.012
07/30/2023 08:30,1.012
07/30/2023 09:00,1.012
07/30/2023 09:30,1.012
07/30/2023 10:00,1.012
07/30/2023 10:30,1.012
07/30/2023 11:00,1.012
07/30/2023 11:30,1.012
07/30/2023 12:00,1.012
07/30/2023 12:30,1.012
07/30/2023 13:00,1.012
07/30/2023 13:30,1.012
07/30/2023 14:00,1.012
07/30/2023 14:30,1.012
07/30/2023 15:00,1.012
07/30/2023 15:30,1.012
07/30/2023 16:00,1.012
07/30/2023 16:30,1.012
07/30/2023 17:00,1.012
07/30/2023 17:30,1.012
07/30/2023 18:00,1.012
07/30/2023 18:30,1.012
07/30/2023 19:00,1.012
07/30/2023 19:30,1.012
07/30/2023 20:00,1.012
07/30/2023 20:30,1.012
07/30/2023 21:00,1.012
07/30/2023 21:30,1.012
07/30/2023 22:00,1.012
07/30/2023 22:30,1.012
07/30/2023 23:00,1.012
07/30/2023 23:30,1.012
07/31/2023 00:00,1.012
07/31/2023 00:30,1.012
07/31/2023 01:00,1.012
07/31/2023 01:30,1.012
07/31/2023 02:00,1.012
07/31/2023 02:30,1.012
07/31/2023 03:00,1.012
07/31/2023 03:30,1.012
07/31/2023 04:00,1.012
07/31/2023 04:30,1.012
07/31/2023 05:00,1.012
07/31/2023 05:30,1.012
07/31/2023 06:00,1.012
07/31/2023 06:30,1.012
07/31/2023 07:00,1.012
07/31/2023 07:30,1.012
07/31/2023 08:00,1.012
07/31/2023 08:30,1.012
07/31/2023 09:00,1.012
07/31/2023 09:30,1.012
07/31/2023 10:00,1.012
07/31/2023 10:30,1.012
07/31/2023 11:00,1.012
07/31/2023 11:30,1.012
07/31/2023 12:00,1.012
07/31/2023 12:30,1.012
07/31/2023 13:00,1.012
07/31/2023 13:30,1.012
07/31/2023 14:00,1.012
07/31/2023 14:30,1.012
07/31/2023 15:00,1.012
07/31/2023 15:30,1.012
07/31/2023 16:00,1.012
07/31/2023 16:30,1.012
07/31/2023 17:00,1.012
07/31/2023 17:30,1.012
07/31/2023 18:00,1.012
07/31/2023 18:30,1.012
07/31/2023 19:00,1.012
07/31/2023 19:30,1.012
07/31/2023 20:00,1.012
07/31/2023 20:30,1.012
07/31/2023 21:00,1.012
07/31/2023 21:30,1.012
07/31/2023 22:00,1.012
07/31/2023 22:30,1.012
07/31/2023 23:00,1.012
07/31/2023 23:30,1.012
08/01/2023 00:00,1.012
08/01/2023 00:30,1.012
08/01/2023 01:00,1.012
08/01/2023 01:30,1.012
08/01/2023 02:00,1.012
08/01/2023 02:30,1.012
08/01/2023 03:00,1.012
08/01/2023 03:30,1.012
08/01/2023 04:00,1.012
08/01/2023 04:30,1.012
08/01/2023 05:00,1.012
08/01/2023 05:30,1.012
08/01/2023 06:00,1.012
08/01/2023 06:30,1.012
08/01/2023 07:00,1.012
08/01/2023 07:30,1.012
08/01/2023 08:00,1.012
08/01/2023 08:30,1.012
08/01/2023 09:00,1.012
08/01/2023 09:30,1.012
08/01/2023 10:00,1.012
08/01/2023 10:30,1.012
08/01/2023 11:00,1.012
08/01/2023 11:30,1.012
08/01/2023 12:00,1.012
08/01/2023 12:30,1.012
08/01/2023 13:00,1.012
08/01/2023 13:30,1.012
08/01/2023 14:00,1.012
08/01/2023 14:30,1.012
08/01/2023 15:00,1.012
08/01/2023 15:30,1.012
08/01/2023 16:00,1.012
08/01/2023 16:30,1.012
08/01/2023 17:00,1.012
08/01/2023 17:30,1.012
08/01/2023 18:00,1.012
08/01/2023 18:30,1.012
08/01/2023 19:00,1.012
08/01/2023 19:30,1.012
08/01/2023 20:00,1.012
08/01/2023 20:30,1.012
08/01/2023 21:00,1.012
08/01/2023 21:30,1.012
08/01/2023 22:00,1.012
08/01/2023 22:30,1.012
08/01/2023 23:00,1.012
08/01/2023 23:30,1.012
08/02/2023 00:00,2.864
08/02/2023 00:30,2.864
08/02/2023 01:00,2.864
08/02/2023 01:30,2.864
08/02/2023 02:00,2.864
08/02/2023 02:30,2.864
08/02/2023 03:00,2.864
08/02/2023 03:30,2.864
08/02/2023 04:00,2.864
08/02/2023 04:30,2.864
08/02/2023 05:00,2.864
08/02/2023 05:30,2.864
08/02/2023 06:00,2.864
08/02/2023 06:30,2.864
08/02/2023 07:00,2.864
08/02/2023 07:30,2.864
08/02/2023 08:00,2.864
08/02/2023 08:30,2.864
08/02/2023 09:00,2.864
08/02/2023 09:30,2.864
08/02/2023 10:00,2.864
08/02/2023 10:30,2.864
08/02/2023 11:00,2.864
08/02/2023 11:30,2.864
08/02/2023 12:00,2.864
08/02/2023 12:30,2.864
08/02/2023 13:00,2.864
08/02/2023 13:30,2.864
08/02/2023 14:00,2.864
08/02/2023 14:30,2.864
08/02/2023 15:00,2.864
08/02/2023 15:30,2.864
08/02/2023 16:00,2.864
08/02/2023 16:30,2.864
08/02/2023 17:00,2.864
08/02/2023 17:30,2.864
08/02/2023 18:00,2.864
08/02/2023 18:30,2.864
08/02/2023 19:00,2.864
08/02/2023 19:30,2.864
08/02/2023 20:00,2.864
08/02/2023 20:30,2.864
08/02/2023 21:00,2.864
08/02/2023 21:30,2.864
08/02/2023 22:00,2.864
08/02/2023 22:30,2.864
08/02/2023 23:00,2.864
08/02/2023 23:30,2.864
08/03/2023 00:00,2.864
08/03/2023 00:30,2.864
08/03/2023 01:00,2.864
08/03/2023 01:30,2.864
08/03/2023 02:00,2.864
08/03/2023 02:30,2.864
08/03/2023 03:00,2.864
08/03/2023 03:30,2.864
08/03/2023 04:00,2.864
08/03/2023 04:30,2.864
08/03/2023 05:00,2.864
08/03/2023 05:30,2.864
08/03/2023 06:00,2.864
08/03/2023 06:30,2.864
08/03/2023 07:00,2.864
08/03/2023 07:30,2.864
08/03/2023 08:00,2.864
08/03/2023 08:30,2.864
08/03/2023 09:00,2.864
08/03/2023 09:30,2.864
08/03/2023 10:00,2.864
08/03/2023 10:30,2.864
08/03/2023 11:00,2.864
08/03/2023 11:30,2.864
08/03/2023 12:00,2.864
08/03/2023 12:30,2.864
08/03/2023 13:00,2.864
08/03/2023 13:30,2.864
08/03/2023 14:00,2.864
08/03/2023 14:30,2.864
08/03/2023 15:00,2.864
08/03/2023 15:30,2.864
08/03/2023 16:00,2.864
08/03/2023 16:30,2.864
08/03/2023 17:00,2.864
08/03/2023 17:30,2.864
08/03/2023 18:00,2.864
08/03/2023 18:30,2.864
08/03/2023 19:00,2.864
08/03/2023 19:30,2.864
08/03/2023 20:00,2.864
08/03/2023 20:30,2.864
08/03/2023 21:00,2.864
08/03/2023 21:30,2.864
08/03/2023 22:00,2.864
08/03/2023 22:30,2.864
08/03/2023 23:00,2.864
08/03/2023 23:30,2.864
08/04/2023 00:00,2.864
08/04/2023 00:00,2.864
08/04/2023 00:30,2.864
08/04/2023 00:30,2.864
08/04/2023 01:00,2.864
08/04/2023 01:00,2.864
08/04/2023 01:30,2.864
08/04/2023 01:30,2.864
08/04/2023 02:00,2.864
08/04/2023 02:00,2.864
08/04/2023 02:30,2.864
08/04/2023 02:30,2.864
08/04/2023 03:00,2.864
08/04/2023 03:00,2.864
08/04/2023 03:30,2.864
08/04/2023 03:30,2.864
08/04/2023 04:00,2.864
08/04/2023 04:00,2.864
08/04/2023 04:30,2.864
08/04/2023 04:30,2.864
08/04/2023 05:00,2.864
08/04/2023 05:00,2.864
08/04/2023 05:30,2.864
08/04/2023 05:30,2.864
08/04/2023 06:00,2.864
08/04/2023 06:00,2.864
08/04/2023 06:30,2.864
08/04/2023 06:30,2.864
08/04/2023 07:00,2.864
08/04/2023 07:00,2.864
08/04/2023 07:30,2.864
08/04/2023 07:30,2.864
08/04/2023 08:00,2.864
08/04/2023 08:00,2.864
08/04/2023 08:30,2.864
08/04/2023 08:30,2.864
08/04/2023 09:00,2.864
08/04/2023 09:00,2.864
08/04/2023 09:30,2.864
08/04/2023 09:30,2.864
08/04/2023 10:00,2.864
08/04/2023 10:00,2.864
08/04/2023 10:30,2.864
08/04/2023 10:30,2.864
08/04/2023 11:00,2.864
08/04/2023 11:00,2.864
08/04/2023 11:30,2.864
08/04/2023 11:30,2.864
08/04/2023 12:00,2.864
08/04/2023 12:00,2.864
08/04/2023 12:30,2.864
08/04/2023 12:30,2.864
08/04/2023 13:00,2.864
08/04/2023 13:00,2.864
08/04/2023 13:30,2.864
08/04/2023 13:30,2.864
08/04/2023 14:00,2.864
08/04/2023 14:00,2.864
08/04/2023 14:30,2.864
08/04/2023 14:30,2.864
08/04/2023 15:00,2.864
08/04/2023 15:00,2.864
08/04/2023 15:30,2.864
08/04/2023 15:30,2.864
08/04/2023 16:00,2.864
08/04/2023 16:00,2.864
08/04/2023 16:30,2.864
08/04/2023 16:30,2.864
08/04/2023 17:00,2.864
08/04/2023 17:00,2.864
08/04/2023 17:30,2.864
08/04/2023 17:30,2.864
08/04/2023 18:00,2.864
08/04/2023 18:00,2.864
08/04/2023 18:30,2.864
08/04/2023 18:30,2.864
08/04/2023 19:00,2.864
08/04/2023 19:00,2.864
08/04/2023 19:30,2.864
08/04/2023 19:30,2.864
08/04/2023 20:00,2.864
08/04/2023 20:00,2.864
08/04/2023 20:30,2.864
08/04/2023 20:30,2.864
08/04/2023 21:00,2.864
08/04/2023 21:00,2.864
08/04/2023 21:30,2.864
08/04/2023 21:30,2.864
08/04/2023 22:00,2.864
08/04/2023 22:00,2.864
08/04/2023 22:30,2.864
08/04/2023 22:30,2.864
08/04/2023 23:00,2.864
08/04/2023 23:00,2.864
08/04/2023 23:30,2.864
08/04/2023 23:30,2.864
08/05/2023 00:00,2.864
08/05/2023 00:30,2.864
08/05/2023 01:00,2.864
08/05/2023 01:30,2.864
08/05/2023 02:00,2.864
08/05/2023 02:30,2.864
08/05/2023 03:00,2.864
08/05/2023 03:30,2.864
08/05/2023 04:00,2.864
08/05/2023 04:30,2.864
08/05/2023 05:00,2.864
08/05/2023 05:30,2.864
08/05/2023 06:00,2.864
08/05/2023 06:30,2.864
08/05/2023 07:00,2.864
08/05/2023 07:30,2.864
08/05/2023 08:00,2.864
08/05/2023 08:30,2.864
08/05/2023 09:00,2.864
08/05/2023 09:30,2.864
08/05/2023 10:00,2.864
08/05/2023 10:30,2.864
08/05/2023 11:00,2.864
08/05/2023 11:30,2.864
08/05/2023 12:00,2.864
08/05/2023 12:30,2.864
08/05/2023 13:00,2.864
08/05/2023 13:30,2.864
08/05/2023 14:00,2.864
08/05/2023 14:30,2.864
08/05/2023 15:00,2.864
08/05/2023 15:30,2.864
08/05/2023 16:00,2.864
08/05/2023 16:30,2.864
08/05/2023 17:00,2.864
08/05/2023 17:30,2.864
08/05/2023 18:00,2.864
08/05/2023 18:30,2.864
08/05/2023 19:00,2.864
08/05/2023 19:30,2.864
08/05/2023 20:00,2.864
08/05/2023 20:30,2.864
08/05/2023 21:00,2.864
08/05/2023 21:30,2.864
08/05/2023 22:00,2.864
08/05/2023 22:30,2.864
08/05/2023 23:00,2.864
08/05/2023 23:30,2.864
08/06/2023 00:00,1.012
08/06/2023 00:30,1.012
08/06/2023 01:00,1.012
08/06/2023 01:30,1.012
08/06/2023 02:00,1.012
08/06/2023 02:30,1.012
08/06/2023 03:00,1.012
08/06/2023 03:30,1.012
08/06/2023 04:00,1.012
08/06/2023 04:30,1.012
08/06/2023 05:00,1.012
08/06/2023 05:30,1.012
08/06/2023 06:00,1.012
08/06/2023 06:30,1.012
08/06/2023 07:00,1.012
08/06/2023 07:30,1.012
08/06/2023 08:00,1.012
08/06/2023 08:30,1.012
08/06/2023 09:00,1.012
08/06/2023 09:30,1.012
08/06/2023 10:00,1.012
08/06/2023 10:30,1.012
08/06/2023 11:00,1.012
08/06/2023 11:30,1.012
08/06/2023 12:00,1.012
08/06/2023 12:30,1.012
08/06/2023 13:00,1.012
08/06/2023 13:30,1.012
08/06/2023 14:00,1.012
08/06/2023 14:30,1.012
08/06/2023 15:00,1.012
08/06/2023 15:30,1.012
08/06/2023 16:00,1.012
08/06/2023 16:30,1.012
08/06/2023 17:00,1.012
08/06/2023 17:30,1.012
08/06/2023 18:00,1.012
08/06/2023 18:30,1.012
08/06/2023 19:00,1.012
08/06/2023 19:30,1.012
08/06/2023 20:00,1.012
08/06/2023 20:30,1.012
08/06/2023 21:00,1.012
08/06/2023 21:30,1.012
08/06/2023 22:00,1.012
08/06/2023 22:30,1.012
08/06/2023 23:00,1.012
08/06/2023 23:30,1.012
08/07/2023 00:00,1.012
08/07/2023 00:30,1.012
08/07/2023 01:00,1.012
08/07/2023 01:30,1.012
08/07/2023 02:00,1.012
08/07/2023 02:30,1.012
08/07/2023 03:00,1.012
08/07/2023 03:30,1.012
08/07/2023 04:00,1.012
08/07/2023 04:30,1.012
08/07/2023 05:00,1.012
08/07/2023 05:30,1.012
08/07/2023 06:00,1.012
08/07/2023 06:30,1.012
08/07/2023 07:00,1.012
08/07/2023 07:30,1.012
08/07/2023 08:00,1.012
08/07/2023 08:30,1.012
08/07/2023 09:00,1.012
08/07/2023 09:30,1.012
08/07/2023 10:00,1.012
08/07/2023 10:30,1.012
08/07/2023 11:00,1.012
08/07/2023 11:30,1.012
08/07/2023 12:00,1.012
08/07/2023 12:30,1.012
08/07/2023 13:00,1.012
08/07/2023 13:30,1.012
08/07/2023 14:00,1.012
08/07/2023 14:30,1.012
08/07/2023 15:00,1.012
08/07/2023 15:30,1.012
08/07/2023 16:00,1.012
08/07/2023 16:30,1.012
08/07/2023 17:00,1.012
08/07/2023 17:30,1.012
08/07/2023 18:00,1.012
08/07/2023 18:30,1.012
08/07/2023 19:00,1.012
08/07/2023 19:30,1.012
08/07/2023 20:00,1.012
08/07/2023 20:30,1.012
08/07/2023 21:00,1.012
08/07/2023 21:30,1.012
08/07/2023 22:00,1.012
08/07/2023 22:30,1.012
08/07/2023 23:00,1.012
08/07/2023 23:30,1.012
08/08/2023 00:00,1.012
08/08/2023 00:30,1.012
08/08/2023 01:00,1.012
08/08/2023 01:30,1.012
08/08/2023 02:00,1.012
08/08/2023 02:30,1.012
08/08/2023 03:00,1.012
08/08/2023 03:30,1.012
08/08/2023 04:00,1.012
08/08/2023 04:30,1.012
08/08/2023 05:00,1.012
08/08/2023 05:30,1.012
08/08/2023 06:00,1.012
08/08/2023 06:30,1.012
08/08/2023 07:00,1.012
08/08/2023 07:30,1.012
08/08/2023 08:00,1.012
08/08/2023 08:30,1.012
08/08/2023 09:00,1.012
08/08/2023 09:30,1.012
08/08/2023 10:00,1.012
08/08/2023 10:30,1.012
08/08/2023 11:00,1.012
08/08/2023 11:30,1.012
08/08/2023 12:00,1.012
08/08/2023 12:30,1.012
08/08/2023 13:00,1.012
08/08/2023 13:30,1.012
08/08/2023 14:00,1.012
08/08/2023 14:30,1.012
08/08/2023 15:00,1.012
08/08/2023 15:30,1.012
08/08/2023 16:00,1.012
08/08/2023 16:30,1.012
08/08/2023 17:00,1.012
08/08/2023 17:30,1.012
08/08/2023 18:00,1.012
08/08/2023 18:30,1.012
08/08/2023 19:00,1.012
08/08/2023 19:30,1.012
08/08/2023 20:00,1.012
08/08/2023 20:30,1.012
08/08/2023 21:00,1.012
08/08/2023 21:30,1.012
08/08/2023 22:00,1.012
08/08/2023 22:30,1.012
08/08/2023 23:00,1.012
08/08/2023 23:30,1.012
08/09/2023 00:00,1.012
08/09/2023 00:30,1.012
08/09/2023 01:00,1.012
08/09/2023 01:30,1.012
08/09/2023 02:00,1.012
08/09/2023 02:30,1.012
08/09/2023 03:00,1.012
08/09/2023 03:30,1.012
08/09/2023 04:00,1.012
08/09/2023 04:30,1.012
08/09/2023 05:00,1.012
08/09/2023 05:30,1.012
08/09/2023 06:00,1.012
08/09/2023 06:30,1.012
08/09/2023 07:00,1.012
08/09/2023 07:30,1.012
08/09/2023 08:00,1.012
08/09/2023 08:30,1.012
08/09/2023 09:00,1.012
08/09/2023 09:30,1.012
08/09/2023 10:00,1.012
08/09/2023 10:30,1.012
08/09/2023 11:00,1.012
08/09/2023 11:30,1.012
08/09/2023 12:00,1.012
08/09/2023 12:30,1.012
08/09/2023 13:00,1.012
08/09/2023 13:30,1.012
08/09/2023 14:00,1.012
08/09/2023 14:30,1.012
08/09/2023 15:00,1.012
08/09/2023 15:30,1.012
08/09/2023 16:00,1.012
08/09/2023 16:30,1.012
08/09/2023 17:00,1.012
08/09/2023 17:30,1.012
08/09/2023 18:00,1.012
08/09/2023 18:30,1.012
08/09/2023 19:00,1.012
08/09/2023 19:30,1.012
08/09/2023 20:00,1.012
08/09/2023 20:30,1.012
08/09/2023 21:00,1.012
08/09/2023 21:30,1.012
08/09/2023 22:00,1.012
08/09/2023 22:30,1.012
08/09/2023 23:00,1.012
08/09/2023 23:30,1.012
08/10/2023 00:00,1.012
08/10/2023 00:30,1.012
08/10/2023 01:00,1.012
08/10/2023 01:30,1.012
08/10/2023 02:00,1.012
08/10/2023 02:30,1.012
08/10/2023 03:00,1.012
08/10/2023 03:30,1.012
08/10/2023 04:00,1.012
08/10/2023 04:30,1.012
08/10/2023 05:00,1.012
08/10/2023 05:30,1.012
08/10/2023 06:00,1.012
08/10/2023 06:30,1.012
08/10/2023 07:00,1.012
08/10/2023 07:30,1.012
08/10/2023 08:00,1.012
08/10/2023 08:30,1.012
08/10/2023 09:00,1.012
08/10/2023 09:30,1.012
08/10/2023 10:00,1.012
08/10/2023 10:30,1.012
08/10/2023 11:00,1.012
08/10/2023 11:30,1.012
08/10/2023 12:00,1.012
08/10/2023 12:30,1.012
08/10/2023 13:00,1.012
08/10/2023 13:30,1.012
08/10/2023 14:00,1.012
08/10/2023 14:30,1.012
08/10/2023 15:00,1.012
08/10/2023 15:30,1.012
08/10/2023 16:00,1.012
08/10/2023 16:30,1.012
08/10/2023 17:00,1.012
08/10/2023 17:30,1.012
08/10/2023 18:00,1.012
08/10/2023 18:30,1.012
08/10/2023 19:00,1.012
08/10/2023 19:30,1.012
08/10/2023 20:00,1.012
08/10/2023 20:30,1.012
08/10/2023 21:00,1.012
08/10/2023 21:30,1.012
08/10/2023 22:00,1.012
08/10/2023 22:30,1.012
08/10/2023 23:00,1.012
08/10/2023 23:30,1.012
08/11/2023 00:00,2.864
08/11/2023 00:30,2.864
08/11/2023 01:00,2.864
08/11/2023 01:30,2.864
08/11/2023 02:00,2.864
08/11/2023 02:30,2.864
08/11/2023 03:00,2.864
08/11/2023 03:30,2.864
08/11/2023 04:00,2.864
08/11/2023 04:30,2.864
08/11/2023 05:00,2.864
08/11/2023 05:30,2.864
08/11/2023 06:00,2.864
08/11/2023 06:30,2.864
08/11/2023 07:00,2.864
08/11/2023 07:30,2.864
08/11/2023 08:00,2.864
08/11/2023 08:30,2.864
08/11/2023 09:00,2.864
08/11/2023 09:30,2.864
08/11/2023 10:00,2.864
08/11/2023 10:30,2.864
08/11/2023 11:00,2.864
08/11/2023 11:30,2.864
08/11/2023 12:00,2.864
08/11/2023 12:30,2.864
08/11/2023 13:00,2.864
08/11/2023 13:30,2.864
08/11/2023 14:00,2.864
08/11/2023 14:30,2.864
08/11/2023 15:00,2.864
08/11/2023 15:30,2.864
08/11/2023 16:00,2.864
08/11/2023 16:30,2.864
08/11/2023 17:00,2.864
08/11/2023 17:30,2.864
08/11/2023 18:00,2.864
08/11/2023 18:30,2.864
08/11/2023 19:00,2.864
08/11/2023 19:30,2.864
08/11/2023 20:00,2.864
08/11/2023 20:30,2.864
08/11/2023 21:00,2.864
08/11/2023 21:30,2.864
08/11/2023 22:00,2.864
08/11/2023 22:30,2.864
08/11/2023 23:00,2.864
08/11/2023 23:30,2.864
08/12/2023 00:00,2.864
08/12/2023 00:30,2.864
08/12/2023 01:00,2.864
08/12/2023 01:30,2.864
08/12/2023 02:00,2.864
08/12/2023 02:30,2.864
08/12/2023 03:00,2.864
08/12/2023 03:30,2.864
08/12/2023 04:00,2.864
08/12/2023 04:30,2.864
08/12/2023 05:00,2.864
08/12/2023 05:30,2.864
08/12/2023 06:00,2.864
08/12/2023 06:30,2.864
08/12/2023 07:00,2.864
08/12/2023 07:30,2.864
08/12/2023 08:00,2.864
08/12/2023 08:30,2.864
08/12/2023 09:00,2.864
08/12/2023 09:30,2.864
08/12/2023 10:00,2.864
08/12/2023 10:30,2.864
08/12/2023 11:00,2.864
08/12/2023 11:30,2.864
08/12/2023 12:00,2.864
08/12/2023 12:30,2.864
08/12/2023 13:00,2.864
08/12/2023 13:30,2.864
08/12/2023 14:00,2.864
08/12/2023 14:30,2.864
08/12/2023 15:00,2.864
08/12/2023 15:30,2.864
08/12/2023 16:00,2.864
08/12/2023 16:30,2.864
08/12/2023 17:00,2.864
08/12/2023 17:30,2.864
08/12/2023 18:00,2.864
08/12/2023 18:30,2.864
08/12/2023 19:00,2.864
08/12/2023 19:30,2.864
08/12/2023 20:00,2.864
08/12/2023 20:30,2.864
08/12/2023 21:00,2.864
08/12/2023 21:30,2.864
08/12/2023 22:00,2.864
08/12/2023 22:30,2.864
08/12/2023 23:00,2.864
08/12/2023 23:30,2.864
08/13/2023 00:00,2.864
08/13/2023 00:30,2.864
08/13/2023 01:00,2.864
08/13/2023 01:30,2.864
08/13/2023 02:00,2.864
08/13/2023 02:30,2.864
08/13/2023 03:00,2.864
08/13/2023 03:30,2.864
08/13/2023 04:00,2.864
08/13/2023 04:30,2.864
08/13/2023 05:00,2.864
08/13/2023 05:30,2.864
08/13/2023 06:00,2.864
08/13/2023 06:30,2.864
08/13/2023 07:00,2.864
08/13/2023 07:30,2.864
08/13/2023 08:00,2.864
08/13/2023 08:30,2.864
08/13/2023 09:00,2.864
08/13/2023 09:30,2.864
08/13/2023 10:00,2.864
08/13/2023 10:30,2.864
08/13/2023 11:00,2.864
08/13/2023 11:30,2.864
08/13/2023 12:00,2.864
08/13/2023 12:30,2.864
08/13/2023 13:00,2.864
08/13/2023 13:30,2.864
08/13/2023 14:00,2.864
08/13/2023 14:30,2.864
08/13/2023 15:00,2.864
08/13/2023 15:30,2.864
08/13/2023 16:00,2.864
08/13/2023 16:30,2.864
08/13/2023 17:00,2.864
08/13/2023 17:30,2.864
08/13/2023 18:00,2.864
08/13/2023 18:30,2.864
08/13/2023 19:00,2.864
08/13/2023 19:30,2.864
08/13/2023 20:00,2.864
08/13/2023 20:30,2.864
08/13/2023 21:00,2.864
08/13/2023 21:30,2.864
08/13/2023 22:00,2.864
08/13/2023 22:30,2.864
08/13/2023 23:00,2.864
08/13/2023 23:30,2.864
08/14/2023 00:00,2.865
08/14/2023 00:30,2.865
08/14/2023 01:00,2.865
08/14/2023 01:30,2.865
08/14/2023 02:00,2.865
08/14/2023 02:30,2.865
08/14/2023 03:00,2.865
08/14/2023 03:30,2.865
08/14/2023 04:00,2.865
08/14/2023 04:30,2.865
08/14/2023 05:00,2.865
08/14/2023 05:30,2.865
08/14/2023 06:00,2.865
08/14/2023 06:30,2.865
08/14/2023 07:00,2.865
08/14/2023 07:30,2.865
08/14/2023 08:00,2.865
08/14/2023 08:30,2.865
08/14/2023 09:00,2.865
08/14/2023 09:30,2.865
08/14/2023 10:00,2.865
08/14/2023 10:30,2.865
08/14/2023 11:00,2.865
08/14/2023 11:30,2.865
08/14/2023 12:00,2.865
08/14/2023 12:30,2.865
08/14/2023 13:00,2.865
08/14/2023 13:30,2.865
08/14/2023 14:00,2.865
08/14/2023 14:30,2.865
08/14/2023 15:00,2.865
08/14/2023 15:30,2.865
08/14/2023 16:00,2.865
08/14/2023 16:30,2.865
08/14/2023 17:00,2.865
08/14/2023 17:30,2.865
08/14/2023 18:00,2.865
08/14/2023 18:30,2.865
08/14/2023 19:00,2.865
08/14/2023 19:30,2.865
08/14/2023 20:00,2.865
08/14/2023 20:30,2.865
08/14/2023 21:00,2.865
08/14/2023 21:30,2.865
08/14/2023 22:00,2.865
08/14/2023 22:30,2.865
08/14/2023 23:00,2.865
08/14/2023 23:30,2.865
08/15/2023 00:00,2.864
08/15/2023 00:00,2.864
08/15/2023 00:30,2.864
08/15/2023 00:30,2.864
08/15/2023 01:00,2.864
08/15/2023 01:00,2.864
08/15/2023 01:30,2.864
08/15/2023 01:30,2.864
08/15/2023 02:00,2.864
08/15/2023 02:00,2.864
08/15/2023 02:30,2.864
08/15/2023 02:30,2.864
08/15/2023 03:00,2.864
08/15/2023 03:00,2.864
08/15/2023 03:30,2.864
08/15/2023 03:30,2.864
08/15/2023 04:00,2.864
08/15/2023 04:00,2.864
08/15/2023 04:30,2.864
08/15/2023 04:30,2.864
08/15/2023 05:00,2.864
08/15/2023 05:00,2.864
08/15/2023 05:30,2.864
08/15/2023 05:30,2.864
08/15/2023 06:00,2.864
08/15/2023 06:00,2.864
08/15/2023 06:30,2.864
08/15/2023 06:30,2.864
08/15/2023 07:00,2.864
08/15/2023 07:00,2.864
08/15/2023 07:30,2.864
08/15/2023 07:30,2.864
08/15/2023 08:00,2.864
08/15/2023 08:00,2.864
08/15/2023 08:30,2.864
08/15/2023 08:30,2.864
08/15/2023 09:00,2.864
08/15/2023 09:00,2.864
08/15/2023 09:30,2.864
08/15/2023 09:30,2.864
08/15/2023 10:00,2.864
08/15/2023 10:00,2.864
08/15/2023 10:30,2.864
08/15/2023 10:30,2.864
08/15/2023 11:00,2.864
08/15/2023 11:00,2.864
08/15/2023 11:30,2.864
08/15/2023 11:30,2.864
08/15/2023 12:00,2.864
08/15/2023 12:00,2.864
08/15/2023 12:30,2.864
08/15/2023 12:30,2.864
08/15/2023 13:00,2.864
08/15/2023 13:00,2.864
08/15/2023 13:30,2.864
08/15/2023 13:30,2.864
08/15/2023 14:00,2.864
08/15/2023 14:00,2.864
08/15/2023 14:30,2.864
08/15/2023 14:30,2.864
08/15/2023 15:00,2.864
08/15/2023 15:00,2.864
08/15/2023 15:30,2.864
08/15/2023 15:30,2.864
08/15/2023 16:00,2.864
08/15/2023 16:00,2.864
08/15/2023 16:30,2.864
08/15/2023 16:30,2.864
08/15/2023 17:00,2.864
08/15/2023 17:00,2.864
08/15/2023 17:30,2.864
08/15/2023 17:30,2.864
08/15/2023 18:00,2.864
08/15/2023 18:00,2.864
08/15/2023 18:30,2.864
08/15/2023 18:30,2.864
08/15/2023 19:00,2.864
08/15/2023 19:00,2.864
08/15/2023 19:30,2.864
08/15/2023 19:30,2.864
08/15/2023 20:00,2.864
08/15/2023 20:00,2.864
08/15/2023 20:30,2.864
08/15/2023 20:30,2.864
08/15/2023 21:00,2.864
08/15/2023 21:00,2.864
08/15/2023 21:30,2.864
08/15/2023 21:30,2.864
08/15/2023 22:00,2.864
08/15/2023 22:00,2.864
08/15/2023 22:30,2.864
08/15/2023 22:30,2.864
08/15/2023 23:00,2.864
08/15/2023 23:00,2.864
08/15/2023 23:30,2.864
08/15/2023 23:30,2.864
08/16/2023 00:00,1.012
08/16/2023 00:30,1.012
08/16/2023 01:00,1.012
08/16/2023 01:30,1.012
08/16/2023 02:00,1.012
08/16/2023 02:30,1.012
08/16/2023 03:00,1.012
08/16/2023 03:30,1.012
08/16/2023 04:00,1.012
08/16/2023 04:30,1.012
08/16/2023 05:00,1.012
08/16/2023 05:30,1.012
08/16/2023 06:00,1.012
08/16/2023 06:30,1.012
08/16/2023 07:00,1.012
08/16/2023 07:30,1.012
08/16/2023 08:00,1.012
08/16/2023 08:30,1.012
08/16/2023 09:00,1.012
08/16/2023 09:30,1.012
08/16/2023 10:00,1.012
08/16/2023 10:30,1.012
08/16/2023 11:00,1.012
08/16/2023 11:30,1.012
08/16/2023 12:00,1.012
08/16/2023 12:30,1.012
08/16/2023 13:00,1.012
08/16/2023 13:30,1.012
08/16/2023 14:00,1.012
08/16/2023 14:30,1.012
08/16/2023 15:00,1.012
08/16/2023 15:30,1.012
08/16/2023 16:00,1.012
08/16/2023 16:30,1.012
08/16/2023 17:00,1.012
08/16/2023 17:30,1.012
08/16/2023 18:00,1.012
08/16/2023 18:30,1.012
08/16/2023 19:00,1.012
08/16/2023 19:30,1.012
08/16/2023 20:00,1.012
08/16/2023 20:30,1.012
08/16/2023 21:00,1.012
08/16/2023 21:30,1.012
08/16/2023 22:00,1.012
08/16/2023 22:30,1.012
08/16/2023 23:00,1.012
08/16/2023 23:30,1.012
08/17/2023 00:00,1.012
08/17/2023 00:30,1.012
08/17/2023 01:00,1.012
08/17/2023 01:30,1.012
08/17/2023 02:00,1.012
08/17/2023 02:30,1.012
08/17/2023 03:00,1.012
08/17/2023 03:30,1.012
08/17/2023 04:00,1.012
08/17/2023 04:30,1.012
08/17/2023 05:00,1.012
08/17/2023 05:30,1.012
08/17/2023 06:00,1.012
08/17/2023 06:30,1.012
08/17/2023 07:00,1.012
08/17/2023 07:30,1.012
08/17/2023 08:00,1.012
08/17/2023 08:30,1.012
08/17/2023 09:00,1.012
08/17/2023 09:30,1.012
08/17/2023 10:00,1.012
08/17/2023 10:30,1.012
08/17/2023 11:00,1.012
08/17/2023 11:30,1.012
08/17/2023 12:00,1.012
08/17/2023 12:30,1.012
08/17/2023 13:00,1.012
08/17/2023 13:30,1.012
08/17/2023 14:00,1.012
08/17/2023 14:30,1.012
08/17/2023 15:00,1.012
08/17/2023 15:30,1.012
08/17/2023 16:00,1.012
08/17/2023 16:30,1.012
08/17/2023 17:00,1.012
08/17/2023 17:30,1.012
08/17/2023 18:00,1.012
08/17/2023 18:30,1.012
08/17/2023 19:00,1.012
08/17/2023 19:30,1.012
08/17/2023 20:00,1.012
08/17/2023 20:30,1.012
08/17/2023 21:00,1.012
08/17/2023 21:30,1.012
08/17/2023 22:00,1.012
08/17/2023 22:30,1.012
08/17/2023 23:00,1.012
08/17/2023 23:30,1.012
08/18/2023 00:00,1.012
08/18/2023 00:30,1.012
08/18/2023 01:00,1.012
08/18/2023 01:30,1.012
08/18/2023 02:00,1.012
08/18/2023 02:30,1.012
08/18/2023 03:00,1.012
08/18/2023 03:30,1.012
08/18/2023 04:00,1.012
08/18/2023 04:30,1.012
08/18/2023 05:00,1.012
08/18/2023 05:30,1.012
08/18/2023 06:00,1.012
08/18/2023 06:30,1.012
08/18/2023 07:00,1.012
08/18/2023 07:30,1.012
08/18/2023 08:00,1.012
08/18/2023 08:30,1.012
08/18/2023 09:00,1.012
08/18/2023 09:30,1.012
08/18/2023 10:00,1.012
08/18/2023 10:30,1.012
08/18/2023 11:00,1.012
08/18/2023 11:30,1.012
08/18/2023 12:00,1.012
08/18/2023 12:30,1.012
08/18/2023 13:00,1.012
08/18/2023 13:30,1.012
08/18/2023 14:00,1.012
08/18/2023 14:30,1.012
08/18/2023 15:00,1.012
08/18/2023 15:30,1.012
08/18/2023 16:00,1.012
08/18/2023 16:30,1.012
08/18/2023 17:00,1.012
08/18/2023 17:30,1.012
08/18/2023 18:00,1.012
08/18/2023 18:30,1.012
08/18/2023 19:00,1.012
08/18/2023 19:30,1.012
08/18/2023 20:00,1.012
08/18/2023 20:30,1.012
08/18/2023 21:00,1.012
08/18/2023 21:30,1.012
08/18/2023 22:00,1.012
08/18/2023 22:30,1.012
08/18/2023 23:00,1.012
08/18/2023 23:30,1.012
08/19/2023 00:00,0.0
08/19/2023 00:30,0.0
08/19/2023 01:00,0.0
08/19/2023 01:30,0.0
08/19/2023 02:00,0.0
08/19/2023 02:30,0.0
08/19/2023 03:00,0.0
08/19/2023 03:30,0.0
08/19/2023 04:00,0.0
08/19/2023 04:30,0.0
08/19/2023 05:00,0.0
08/19/2023 05:30,0.0
08/19/2023 06:00,0.0
08/19/2023 06:30,0.0
08/19/2023 07:00,0.0
08/19/2023 07:30,0.0
08/19/2023 08:00,0.0
08/19/2023 08:30,0.0
08/19/2023 09:00,0.0
08/19/2023 09:30,0.0
08/19/2023 10:00,0.0
08/19/2023 10:30,0.0
08/19/2023 11:00,0.0
08/19/2023 11:30,0.0
08/19/2023 12:00,0.0
08/19/2023 12:30,0.0
08/19/2023 13:00,0.0
08/19/2023 13:30,0.0
08/19/2023 14:00,0.0
08/19/2023 14:30,0.0
08/19/2023 15:00,0.0
08/19/2023 15:30,0.0
08/19/2023 16:00,0.0
08/19/2023 16:30,0.0
08/19/2023 17:00,0.0
08/19/2023 17:30,0.0
08/19/2023 18:00,0.0
08/19/2023 18:30,0.0
08/19/2023 19:00,0.0
08/19/2023 19:30,0.0
08/19/2023 20:00,0.0
08/19/2023 20:30,0.0
08/19/2023 21:00,0.0
08/19/2023 21:30,0.0
08/19/2023 22:00,0.0
08/19/2023 22:30,0.0
08/19/2023 23:00,0.0
08/19/2023 23:30,0.0
08/20/2023 00:00,0.0
08/20/2023 00:30,0.0
08/20/2023 01:00,0.0
08/20/2023 01:30,0.0
08/20/2023 02:00,0.0
08/20/2023 02:30,0.0
08/20/2023 03:00,0.0
08/20/2023 03:30,0.0
08/20/2023 04:00,0.0
08/20/2023 04:30,0.0
08/20/2023 05:00,0.0
08/20/2023 05:30,0.0
08/20/2023 06:00,0.0
08/20/2023 06:30,0.0
08/20/2023 07:00,0.0
08/20/2023 07:30,0.0
08/20/2023 08:00,0.0
08/20/2023 08:30,0.0
08/20/2023 09:00,0.0
08/20/2023 09:30,0.0
08/20/2023 10:00,0.0
08/20/2023 10:30,0.0
08/20/2023 11:00,0.0
08/20/2023 11:30,0.0
08/20/2023 12:00,0.0
08/20/2023 12:30,0.0
08/20/2023 13:00,0.0
08/20/2023 13:30,0.0
08/20/2023 14:00,0.0
08/20/2023 14:30,0.0
08/20/2023 15:00,0.0
08/20/2023 15:30,0.0
08/20/2023 16:00,0.0
08/20/2023 16:30,0.0
08/20/2023 17:00,0.0
08/20/2023 17:30,0.0
08/20/2023 18:00,0.0
08/20/2023 18:30,0.0
08/20/2023 19:00,0.0
08/20/2023 19:30,0.0
08/20/2023 20:00,0.0
08/20/2023 20:30,0.0
08/20/2023 21:00,0.0
08/20/2023 21:30,0.0
08/20/2023 22:00,0.0
08/20/2023 22:30,0.0
08/20/2023 23:00,0.0
08/20/2023 23:30,0.0
08/21/2023 00:00,0.0
08/21/2023 00:30,0.0
08/21/2023 01:00,0.0
08/21/2023 01:30,0.0
08/21/2023 02:00,0.0
08/21/2023 02:30,0.0
08/21/2023 03:00,0.0
08/21/2023 03:30,0.0
08/21/2023 04:00,0.0
08/21/2023 04:30,0.0
08/21/2023 05:00,0.0
08/21/2023 05:30,0.0
08/21/2023 06:00,0.0
08/21/2023 06:30,0.0
08/21/2023 07:00,0.0
08/21/2023 07:30,0.0
08/21/2023 08:00,0.0
08/21/2023 08:30,0.0
08/21/2023 09:00,0.0
08/21/2023 09:30,0.0
08/21/2023 10:00,0.0
08/21/2023 10:30,0.0
08/21/2023 11:00,0.0
08/21/2023 11:30,0.0
08/21/2023 12:00,0.0
08/21/2023 12:30,0.0
08/21/2023 13:00,0.0
08/21/2023 13:30,0.0
08/21/2023 14:00,0.0
08/21/2023 14:30,0.0
08/21/2023 15:00,0.0
08/21/2023 15:30,0.0
08/21/2023 16:00,0.0
08/21/2023 16:30,0.0
08/21/2023 17:00,0.0
08/21/2023 17:30,0.0
08/21/2023 18:00,0.0
08/21/2023 18:30,0.0
08/21/2023 19:00,0.0
08/21/2023 19:30,0.0
08/21/2023 20:00,0.0
08/21/2023 20:30,0.0
08/21/2023 21:00,0.0
08/21/2023 21:30,0.0
08/21/2023 22:00,0.0
08/21/2023 22:30,0.0
08/21/2023 23:00,0.0
08/21/2023 23:30,0.0
08/22/2023 00:00,0.0
08/22/2023 00:30,0.0
08/22/2023 01:00,0.0
08/22/2023 01:30,0.0
08/22/2023 02:00,0.0
08/22/2023 02:30,0.0
08/22/2023 03:00,0.0
08/22/2023 03:30,0.0
08/22/2023 04:00,0.0
08/22/2023 04:30,0.0
08/22/2023 05:00,0.0
08/22/2023 05:30,0.0
08/22/2023 06:00,0.0
08/22/2023 06:30,0.0
08/22/2023 07:00,0.0
08/22/2023 07:30,0.0
08/22/2023 08:00,0.0
08/22/2023 08:30,0.0
08/22/2023 09:00,0.0
08/22/2023 09:30,0.0
08/22/2023 10:00,0.0
08/22/2023 10:30,0.0
08/22/2023 11:00,0.0
08/22/2023 11:30,0.0
08/22/2023 12:00,0.0
08/22/2023 12:30,0.0
08/22/2023 13:00,0.0
08/22/2023 13:30,0.0
08/22/2023 14:00,0.0
08/22/2023 14:30,0.0
08/22/2023 15:00,0.0
08/22/2023 15:30,0.0
08/22/2023 16:00,0.0
08/22/2023 16:30,0.0
08/22/2023 17:00,0.0
08/22/2023 17:30,0.0
08/22/2023 18:00,0.0
08/22/2023 18:30,0.0
08/22/2023 19:00,0.0
08/22/2023 19:30,0.0
08/22/2023 20:00,0.0
08/22/2023 20:30,0.0
08/22/2023 21:00,0.0
08/22/2023 21:30,0.0
08/22/2023 22:00,0.0
08/22/2023 22:30,0.0
08/22/2023 23:00,0.0
08/22/2023 23:30,0.0
08/23/2023 00:00,0.0
08/23/2023 00:30,0.0
08/23/2023 01:00,0.0
08/23/2023 01:30,0.0
08/23/2023 02:00,0.0
08/23/2023 02:30,0.0
08/23/2023 03:00,0.0
08/23/2023 03:30,0.0
08/23/2023 04:00,0.0
08/23/2023 04:30,0.0
08/23/2023 05:00,0.0
08/23/2023 05:30,0.0
08/23/2023 06:00,0.0
08/23/2023 06:30,0.0
08/23/2023 07:00,0.0
08/23/2023 07:30,0.0
08/23/2023 08:00,0.0
08/23/2023 08:30,0.0
08/23/2023 09:00,0.0
08/23/2023 09:30,0.0
08/23/2023 10:00,0.0
08/23/2023 10:30,0.0
08/23/2023 11:00,0.0
08/23/2023 11:30,0.0
08/23/2023 12:00,0.0
08/23/2023 12:30,0.0
08/23/2023 13:00,0.0
08/23/2023 13:30,0.0
08/23/2023 14:00,0.0
08/23/2023 14:30,0.0
08/23/2023 15:00,0.0
08/23/2023 15:30,0.0
08/23/2023 16:00,0.0
08/23/2023 16:30,0.0
08/23/2023 17:00,0.0
08/23/2023 17:30,0.0
08/23/2023 18:00,0.0
08/23/2023 18:30,0.0
08/23/2023 19:00,0.0
08/23/2023 19:30,0.0
08/23/2023 20:00,0.0
08/23/2023 20:30,0.0
08/23/2023 21:00,0.0
08/23/2023 21:30,0.0
08/23/2023 22:00,0.0
08/23/2023 22:30,0.0
08/23/2023 23:00,0.0
08/23/2023 23:30,0.0
08/24/2023 00:00,0.0
08/24/2023 00:30,0.0
08/24/2023 01:00,0.0
08/24/2023 01:30,0.0
08/24/2023 02:00,0.0
08/24/2023 02:30,0.0
08/24/2023 03:00,0.0
08/24/2023 03:30,0.0
08/24/2023 04:00,0.0
08/24/2023 04:30,0.0
08/24/2023 05:00,0.0
08/24/2023 05:30,0.0
08/24/2023 06:00,0.0
08/24/2023 06:30,0.0
08/24/2023 07:00,0.0
08/24/2023 07:30,0.0
08/24/2023 08:00,0.0
08/24/2023 08:30,0.0
08/24/2023 09:00,0.0
08/24/2023 09:30,0.0
08/24/2023 10:00,0.0
08/24/2023 10:30,0.0
08/24/2023 11:00,0.0
08/24/2023 11:30,0.0
08/24/2023 12:00,0.0
08/24/2023 12:30,0.0
08/24/2023 13:00,0.0
08/24/2023 13:30,0.0
08/24/2023 14:00,0.0
08/24/2023 14:30,0.0
08/24/2023 15:00,0.0
08/24/2023 15:30,0.0
08/24/2023 16:00,0.0
08/24/2023 16:30,0.0
08/24/2023 17:00,0.0
08/24/2023 17:30,0.0
08/24/2023 18:00,0.0
08/24/2023 18:30,0.0
08/24/2023 19:00,0.0
08/24/2023 19:30,0.0
08/24/2023 20:00,0.0
08/24/2023 20:30,0.0
08/24/2023 21:00,0.0
08/24/2023 21:30,0.0
08/24/2023 22:00,0.0
08/24/2023 22:30,0.0
08/24/2023 23:00,0.0
08/24/2023 23:30,0.0
08/25/2023 00:00,0.0
08/25/2023 00:30,0.0
08/25/2023 01:00,0.0
08/25/2023 01:30,0.0
08/25/2023 02:00,0.0
08/25/2023 02:30,0.0
08/25/2023 03:00,0.0
08/25/2023 03:30,0.0
08/25/2023 04:00,0.0
08/25/2023 04:30,0.0
08/25/2023 05:00,0.0
08/25/2023 05:30,0.0
08/25/2023 06:00,0.0
08/25/2023 06:30,0.0
08/25/2023 07:00,0.0
08/25/2023 07:30,0.0
08/25/2023 08:00,0.0
08/25/2023 08:30,0.0
08/25/2023 09:00,0.0
08/25/2023 09:30,0.0
08/25/2023 10:00,0.0
08/25/2023 10:30,0.0
08/25/2023 11:00,0.0
08/25/2023 11:30,0.0
08/25/2023 12:00,0.0
08/25/2023 12:30,0.0
08/25/2023 13:00,0.0
08/25/2023 13:30,0.0
08/25/2023 14:00,0.0
08/25/2023 14:30,0.0
08/25/2023 15:00,0.0
08/25/2023 15:30,0.0
08/25/2023 16:00,0.0
08/25/2023 16:30,0.0
08/25/2023 17:00,0.0
08/25/2023 17:30,0.0
08/25/2023 18:00,0.0
08/25/2023 18:30,0.0
08/25/2023 19:00,0.0
08/25/2023 19:30,0.0
08/25/2023 20:00,0.0
08/25/2023 20:30,0.0
08/25/2023 21:00,0.0
08/25/2023 21:30,0.0
08/25/2023 22:00,0.0
08/25/2023 22:30,0.0
08/25/2023 23:00,0.0
08/25/2023 23:30,0.0
08/26/2023 00:00,0.0
08/26/2023 00:30,0.0
08/26/2023 01:00,0.0
08/26/2023 01:30,0.0
08/26/2023 02:00,0.0
08/26/2023 02:30,0.0
08/26/2023 03:00,0.0
08/26/2023 03:30,0.0
08/26/2023 04:00,0.0
08/26/2023 04:30,0.0
08/26/2023 05:00,0.0
08/26/2023 05:30,0.0
08/26/2023 06:00,0.0
08/26/2023 06:30,0.0
08/26/2023 07:00,0.0
08/26/2023 07:30,0.0
08/26/2023 08:00,0.0
08/26/2023 08:30,0.0
08/26/2023 09:00,0.0
08/26/2023 09:30,0.0
08/26/2023 10:00,0.0
08/26/2023 10:30,0.0
08/26/2023 11:00,0.0
08/26/2023 11:30,0.0
08/26/2023 12:00,0.0
08/26/2023 12:30,0.0
08/26/2023 13:00,0.0
08/26/2023 13:30,0.0
08/26/2023 14:00,0.0
08/26/2023 14:30,0.0
08/26/2023 15:00,0.0
08/26/2023 15:30,0.0
08/26/2023 16:00,0.0
08/26/2023 16:30,0.0
08/26/2023 17:00,0.0
08/26/2023 17:30,0.0
08/26/2023 18:00,0.0
08/26/2023 18:30,0.0
08/26/2023 19:00,0.0
08/26/2023 19:30,0.0
08/26/2023 20:00,0.0
08/26/2023 20:30,0.0
08/26/2023 21:00,0.0
08/26/2023 21:30,0.0
08/26/2023 22:00,0.0
08/26/2023 22:30,0.0
08/26/2023 23:00,0.0
08/26/2023 23:30,0.0
08/27/2023 00:00,0.0
08/27/2023 00:30,0.0
08/27/2023 01:00,0.0
08/27/2023 01:30,0.0
08/27/2023 02:00,0.0
08/27/2023 02:30,0.0
08/27/2023 03:00,0.0
08/27/2023 03:30,0.0
08/27/2023 04:00,0.0
08/27/2023 04:30,0.0
08/27/2023 05:00,0.0
08/27/2023 05:30,0.0
08/27/2023 06:00,0.0
08/27/2023 06:30,0.0
08/27/2023 07:00,0.0
08/27/2023 07:30,0.0
08/27/2023 08:00,0.0
08/27/2023 08:30,0.0
08/27/2023 09:00,0.0
08/27/2023 09:30,0.0
08/27/2023 10:00,0.0
08/27/2023 10:30,0.0
08/27/2023 11:00,0.0
08/27/2023 11:30,0.0
08/27/2023 12:00,0.0
08/27/2023 12:30,0.0
08/27/2023 13:00,0.0
08/27/2023 13:30,0.0
08/27/2023 14:00,0.0
08/27/2023 14:30,0.0
08/27/2023 15:00,0.0
08/27/2023 15:30,0.0
08/27/2023 16:00,0.0
08/27/2023 16:30,0.0
08/27/2023 17:00,0.0
08/27/2023 17:30,0.0
08/27/2023 18:00,0.0
08/27/2023 18:30,0.0
08/27/2023 19:00,0.0
08/27/2023 19:30,0.0
08/27/2023 20:00,0.0
08/27/2023 20:30,0.0
08/27/2023 21:00,0.0
08/27/2023 21:30,0.0
08/27/2023 22:00,0.0
08/27/2023 22:30,0.0
08/27/2023 23:00,0.0
08/27/2023 23:30,0.0
08/28/2023 00:00,0.0
08/28/2023 00:30,0.0
08/28/2023 01:00,0.0
08/28/2023 01:30,0.0
08/28/2023 02:00,0.0
08/28/2023 02:30,0.0
08/28/2023 03:00,0.0
08/28/2023 03:30,0.0
08/28/2023 04:00,0.0
08/28/2023 04:30,0.0
08/28/2023 05:00,0.0
08/28/2023 05:30,0.0
08/28/2023 06:00,0.0
08/28/2023 06:30,0.0
08/28/2023 07:00,0.0
08/28/2023 07:30,0.0
08/28/2023 08:00,0.0
08/28/2023 08:30,0.0
08/28/2023 09:00,0.0
08/28/2023 09:30,0.0
08/28/2023 10:00,0.0
08/28/2023 10:30,0.0
08/28/2023 11:00,0.0
08/28/2023 11:30,0.0
08/28/2023 12:00,0.0
08/28/2023 12:30,0.0
08/28/2023 13:00,0.0
08/28/2023 13:30,0.0
08/28/2023 14:00,0.0
08/28/2023 14:30,0.0
08/28/2023 15:00,0.0
08/28/2023 15:30,0.0
08/28/2023 16:00,0.0
08/28/2023 16:30,0.0
08/28/2023 17:00,0.0
08/28/2023 17:30,0.0
08/28/2023 18:00,0.0
08/28/2023 18:30,0.0
08/28/2023 19:00,0.0
08/28/2023 19:30,0.0
08/28/2023 20:00,0.0
08/28/2023 20:30,0.0
08/28/2023 21:00,0.0
08/28/2023 21:30,0.0
08/28/2023 22:00,0.0
08/28/2023 22:30,0.0
08/28/2023 23:00,0.0
08/28/2023 23:30,0.0
08/29/2023 00:00,0.0
08/29/2023 00:30,0.0
08/29/2023 01:00,0.0
08/29/2023 01:30,0.0
08/29/2023 02:00,0.0
08/29/2023 02:30,0.0
08/29/2023 03:00,0.0
08/29/2023 03:30,0.0
08/29/2023 04:00,0.0
08/29/2023 04:30,0.0
08/29/2023 05:00,0.0
08/29/2023 05:30,0.0
08/29/2023 06:00,0.0
08/29/2023 06:30,0.0
08/29/2023 07:00,0.0
08/29/2023 07:30,0.0
08/29/2023 08:00,0.0
08/29/2023 08:30,0.0
08/29/2023 09:00,0.0
08/29/2023 09:30,0.0
08/29/2023 10:00,0.0
08/29/2023 10:30,0.0
08/29/2023 11:00,0.0
08/29/2023 11:30,0.0
08/29/2023 12:00,0.0
08/29/2023 12:30,0.0
08/29/2023 13:00,0.0
08/29/2023 13:30,0.0
08/29/2023 14:00,0.0
08/29/2023 14:30,0.0
08/29/2023 15:00,0.0
08/29/2023 15:30,0.0
08/29/2023 16:00,0.0
08/29/2023 16:30,0.0
08/29/2023 17:00,0.0
08/29/2023 17:30,0.0
08/29/2023 18:00,0.0
08/29/2023 18:30,0.0
08/29/2023 19:00,0.0
08/29/2023 19:30,0.0
08/29/2023 20:00,0.0
08/29/2023 20:30,0.0
08/29/2023 21:00,0.0
08/29/2023 21:30,0.0
08/29/2023 22:00,0.0
08/29/2023 22:30,0.0
08/29/2023 23:00,0.0
08/29/2023 23:30,0.0
08/30/2023 00:00,0.0
08/30/2023 00:30,0.0
08/30/2023 01:00,0.0
08/30/2023 01:30,0.0
08/30/2023 02:00,0.0
08/30/2023 02:30,0.0
08/30/2023 03:00,0.0
08/30/2023 03:30,0.0
08/30/2023 04:00,0.0
08/30/2023 04:30,0.0
08/30/2023 05:00,0.0
08/30/2023 05:30,0.0
08/30/2023 06:00,0.0
08/30/2023 06:30,0.0
08/30/2023 07:00,0.0
08/30/2023 07:30,0.0
08/30/2023 08:00,0.0
08/30/2023 08:30,0.0
08/30/2023 09:00,0.0
08/30/2023 09:30,0.0
08/30/2023 10:00,0.0
08/30/2023 10:30,0.0
08/30/2023 11:00,0.0
08/30/2023 11:30,0.0
08/30/2023 12:00,0.0
08/30/2023 12:30,0.0
08/30/2023 13:00,0.0
08/30/2023 13:30,0.0
08/30/2023 14:00,0.0
08/30/2023 14:30,0.0
08/30/2023 15:00,0.0
08/30/2023 15:30,0.0
08/30/2023 16:00,0.0
08/30/2023 16:30,0.0
08/30/2023 17:00,0.0
08/30/2023 17:30,0.0
08/30/2023 18:00,0.0
08/30/2023 18:30,0.0
08/30/2023 19:00,0.0
08/30/2023 19:30,0.0
08/30/2023 20:00,0.0
08/30/2023 20:30,0.0
08/30/2023 21:00,0.0
08/30/2023 21:30,0.0
08/30/2023 22:00,0.0
08/30/2023 22:30,0.0
08/30/2023 23:00,0.0
08/30/2023 23:30,0.0
08/31/2023 00:00,0.0
08/31/2023 00:30,0.0
08/31/2023 01:00,0.0
08/31/2023 01:30,0.0
08/31/2023 02:00,0.0
08/31/2023 02:30,0.0
08/31/2023 03:00,0.0
08/31/2023 03:30,0.0
08/31/2023 04:00,0.0
08/31/2023 04:30,0.0
08/31/2023 05:00,0.0
08/31/2023 05:30,0.0
08/31/2023 06:00,0.0
08/31/2023 06:30,0.0
08/31/2023 07:00,0.0
08/31/2023 07:30,0.0
08/31/2023 08:00,0.0
08/31/2023 08:30,0.0
08/31/2023 09:00,0.0
08/31/2023 09:30,0.0
08/31/2023 10:00,0.0
08/31/2023 10:30,0.0
08/31/2023 11:00,0.0
08/31/2023 11:30,0.0
08/31/2023 12:00,0.0
08/31/2023 12:30,0.0
08/31/2023 13:00,0.0
08/31/2023 13:30,0.0
08/31/2023 14:00,0.0
08/31/2023 14:30,0.0
08/31/2023 15:00,0.0
08/31/2023 15:30,0.0
08/31/2023 16:00,0.0
08/31/2023 16:30,0.0
08/31/2023 17:00,0.0
08/31/2023 17:30,0.0
08/31/2023 18:00,0.0
08/31/2023 18:30,0.0
08/31/2023 19:00,0.0
08/31/2023 19:30,0.0
08/31/2023 20:00,0.0
08/31/2023 20:30,0.0
08/31/2023 21:00,0.0
08/31/2023 21:30,0.0
08/31/2023 22:00,0.0
08/31/2023 22:30,0.0
08/31/2023 23:00,0.0
08/31/2023 23:30,0.0
09/01/2023 00:00,1.012
09/01/2023 00:30,1.012
09/01/2023 01:00,1.012
09/01/2023 01:30,1.012
09/01/2023 02:00,1.012
09/01/2023 02:30,1.012
09/01/2023 03:00,1.012
09/01/2023 03:30,1.012
09/01/2023 04:00,1.012
09/01/2023 04:30,1.012
09/01/2023 05:00,1.012
09/01/2023 05:30,1.012
09/01/2023 06:00,1.012
09/01/2023 06:30,1.012
09/01/2023 07:00,1.012
09/01/2023 07:30,1.012
09/01/2023 08:00,1.012
09/01/2023 08:30,1.012
09/01/2023 09:00,1.012
09/01/2023 09:30,1.012
09/01/2023 10:00,1.012
09/01/2023 10:30,1.012
09/01/2023 11:00,1.012
09/01/2023 11:30,1.012
09/01/2023 12:00,1.012
09/01/2023 12:30,1.012
09/01/2023 13:00,1.012
09/01/2023 13:30,1.012
09/01/2023 14:00,1.012
09/01/2023 14:30,1.012
09/01/2023 15:00,1.012
09/01/2023 15:30,1.012
09/01/2023 16:00,1.012
09/01/2023 16:30,1.012
09/01/2023 17:00,1.012
09/01/2023 17:30,1.012
09/01/2023 18:00,1.012
09/01/2023 18:30,1.012
09/01/2023 19:00,1.012
09/01/2023 19:30,1.012
09/01/2023 20:00,1.012
09/01/2023 20:30,1.012
09/01/2023 21:00,1.012
09/01/2023 21:30,1.012
09/01/2023 22:00,1.012
09/01/2023 22:30,1.012
09/01/2023 23:00,1.012
09/01/2023 23:30,1.012
09/02/2023 00:00,1.012
09/02/2023 00:30,1.012
09/02/2023 01:00,1.012
09/02/2023 01:30,1.012
09/02/2023 02:00,1.012
09/02/2023 02:30,1.012
09/02/2023 03:00,1.012
09/02/2023 03:30,1.012
09/02/2023 04:00,1.012
09/02/2023 04:30,1.012
09/02/2023 05:00,1.012
09/02/2023 05:30,1.012
09/02/2023 06:00,1.012
09/02/2023 06:30,1.012
09/02/2023 07:00,1.012
09/02/2023 07:30,1.012
09/02/2023 08:00,1.012
09/02/2023 08:30,1.012
09/02/2023 09:00,1.012
09/02/2023 09:30,1.012
09/02/2023 10:00,1.012
09/02/2023 10:30,1.012
09/02/2023 11:00,1.012
09/02/2023 11:30,1.012
09/02/2023 12:00,1.012
09/02/2023 12:30,1.012
09/02/2023 13:00,1.012
09/02/2023 13:30,1.012
09/02/2023 14:00,1.012
09/02/2023 14:30,1.012
09/02/2023 15:00,1.012
09/02/2023 15:30,1.012
09/02/2023 16:00,1.012
09/02/2023 16:30,1.012
09/02/2023 17:00,1.012
09/02/2023 17:30,1.012
09/02/2023 18:00,1.012
09/02/2023 18:30,1.012
09/02/2023 19:00,1.012
09/02/2023 19:30,1.012
09/02/2023 20:00,1.012
09/02/2023 20:30,1.012
09/02/2023 21:00,1.012
09/02/2023 21:30,1.012
09/02/2023 22:00,1.012
09/02/2023 22:30,1.012
09/02/2023 23:00,1.012
09/02/2023 23:30,1.012
09/03/2023 00:00,0.0
09/03/2023 00:30,0.0
09/03/2023 01:00,0.0
09/03/2023 01:30,0.0
09/03/2023 02:00,0.0
09/03/2023 02:30,0.0
09/03/2023 03:00,0.0
09/03/2023 03:30,0.0
09/03/2023 04:00,0.0
09/03/2023 04:30,0.0
09/03/2023 05:00,0.0
09/03/2023 05:30,0.0
09/03/2023 06:00,0.0
09/03/2023 06:30,0.0
09/03/2023 07:00,0.0
09/03/2023 07:30,0.0
09/03/2023 08:00,0.0
09/03/2023 08:30,0.0
09/03/2023 09:00,0.0
09/03/2023 09:30,0.0
09/03/2023 10:00,0.0
09/03/2023 10:30,0.0
09/03/2023 11:00,0.0
09/03/2023 11:30,0.0
09/03/2023 12:00,0.0
09/03/2023 12:30,0.0
09/03/2023 13:00,0.0
09/03/2023 13:30,0.0
09/03/2023 14:00,0.0
09/03/2023 14:30,0.0
09/03/2023 15:00,0.0
09/03/2023 15:30,0.0
09/03/2023 16:00,0.0
09/03/2023 16:30,0.0
09/03/2023 17:00,0.0
09/03/2023 17:30,0.0
09/03/2023 18:00,0.0
09/03/2023 18:30,0.0
09/03/2023 19:00,0.0
09/03/2023 19:30,0.0
09/03/2023 20:00,0.0
09/03/2023 20:30,0.0
09/03/2023 21:00,0.0
09/03/2023 21:30,0.0
09/03/2023 22:00,0.0
09/03/2023 22:30,0.0
09/03/2023 23:00,0.0
09/03/2023 23:30,0.0
09/04/2023 00:00,0.0
09/04/2023 00:30,0.0
09/04/2023 01:00,0.0
09/04/2023 01:30,0.0
09/04/2023 02:00,0.0
09/04/2023 02:30,0.0
09/04/2023 03:00,0.0
09/04/2023 03:30,0.0
09/04/2023 04:00,0.0
09/04/2023 04:30,0.0
09/04/2023 05:00,0.0
09/04/2023 05:30,0.0
09/04/2023 06:00,0.0
09/04/2023 06:30,0.0
09/04/2023 07:00,0.0
09/04/2023 07:30,0.0
09/04/2023 08:00,0.0
09/04/2023 08:30,0.0
09/04/2023 09:00,0.0
09/04/2023 09:30,0.0
09/04/2023 10:00,0.0
09/04/2023 10:30,0.0
09/04/2023 11:00,0.0
09/04/2023 11:30,0.0
09/04/2023 12:00,0.0
09/04/2023 12:30,0.0
09/04/2023 13:00,0.0
09/04/2023 13:30,0.0
09/04/2023 14:00,0.0
09/04/2023 14:30,0.0
09/04/2023 15:00,0.0
09/04/2023 15:30,0.0
09/04/2023 16:00,0.0
09/04/2023 16:30,0.0
09/04/2023 17:00,0.0
09/04/2023 17:30,0.0
09/04/2023 18:00,0.0
09/04/2023 18:30,0.0
09/04/2023 19:00,0.0
09/04/2023 19:30,0.0
09/04/2023 20:00,0.0
09/04/2023 20:30,0.0
09/04/2023 21:00,0.0
09/04/2023 21:30,0.0
09/04/2023 22:00,0.0
09/04/2023 22:30,0.0
09/04/2023 23:00,0.0
09/04/2023 23:30,0.0
09/05/2023 00:00,0.0
09/05/2023 00:30,0.0
09/05/2023 01:00,0.0
09/05/2023 01:30,0.0
09/05/2023 02:00,0.0
09/05/2023 02:30,0.0
09/05/2023 03:00,0.0
09/05/2023 03:30,0.0
09/05/2023 04:00,0.0
09/05/2023 04:30,0.0
09/05/2023 05:00,0.0
09/05/2023 05:30,0.0
09/05/2023 06:00,0.0
09/05/2023 06:30,0.0
09/05/2023 07:00,0.0
09/05/2023 07:30,0.0
09/05/2023 08:00,0.0
09/05/2023 08:30,0.0
09/05/2023 09:00,0.0
09/05/2023 09:30,0.0
09/05/2023 10:00,0.0
09/05/2023 10:30,0.0
09/05/2023 11:00,0.0
09/05/2023 11:30,0.0
09/05/2023 12:00,0.0
09/05/2023 12:30,0.0
09/05/2023 13:00,0.0
09/05/2023 13:30,0.0
09/05/2023 14:00,0.0
09/05/2023 14:30,0.0
09/05/2023 15:00,0.0
09/05/2023 15:30,0.0
09/05/2023 16:00,0.0
09/05/2023 16:30,0.0
09/05/2023 17:00,0.0
09/05/2023 17:30,0.0
09/05/2023 18:00,0.0
09/05/2023 18:30,0.0
09/05/2023 19:00,0.0
09/05/2023 19:30,0.0
09/05/2023 20:00,0.0
09/05/2023 20:30,0.0
09/05/2023 21:00,0.0
09/05/2023 21:30,0.0
09/05/2023 22:00,0.0
09/05/2023 22:30,0.0
09/05/2023 23:00,0.0
09/05/2023 23:30,0.0
09/06/2023 00:00,1.012
09/06/2023 00:30,1.012
09/06/2023 01:00,1.012
09/06/2023 01:30,1.012
09/06/2023 02:00,1.012
09/06/2023 02:30,1.012
09/06/2023 03:00,1.012
09/06/2023 03:30,1.012
09/06/2023 04:00,1.012
09/06/2023 04:30,1.012
09/06/2023 05:00,1.012
09/06/2023 05:30,1.012
09/06/2023 06:00,1.012
09/06/2023 06:30,1.012
09/06/2023 07:00,1.012
09/06/2023 07:30,1.012
09/06/2023 08:00,1.012
09/06/2023 08:30,1.012
09/06/2023 09:00,1.012
09/06/2023 09:30,1.012
09/06/2023 10:00,1.012
09/06/2023 10:30,1.012
09/06/2023 11:00,1.012
09/06/2023 11:30,1.012
09/06/2023 12:00,1.012
09/06/2023 12:30,1.012
09/06/2023 13:00,1.012
09/06/2023 13:30,1.012
09/06/2023 14:00,1.012
09/06/2023 14:30,1.012
09/06/2023 15:00,1.012
09/06/2023 15:30,1.012
09/06/2023 16:00,1.012
09/06/2023 16:30,1.012
09/06/2023 17:00,1.012
09/06/2023 17:30,1.012
09/06/2023 18:00,1.012
09/06/2023 18:30,1.012
09/06/2023 19:00,1.012
09/06/2023 19:30,1.012
09/06/2023 20:00,1.012
09/06/2023 20:30,1.012
09/06/2023 21:00,1.012
09/06/2023 21:30,1.012
09/06/2023 22:00,1.012
09/06/2023 22:30,1.012
09/06/2023 23:00,1.012
09/06/2023 23:30,1.012
09/07/2023 00:00,1.012
09/07/2023 00:30,1.012
09/07/2023 01:00,1.012
09/07/2023 01:30,1.012
09/07/2023 02:00,1.012
09/07/2023 02:30,1.012
09/07/2023 03:00,1.012
09/07/2023 03:30,1.012
09/07/2023 04:00,1.012
09/07/2023 04:30,1.012
09/07/2023 05:00,1.012
09/07/2023 05:30,1.012
09/07/2023 06:00,1.012
09/07/2023 06:30,1.012
09/07/2023 07:00,1.012
09/07/2023 07:30,1.012
09/07/2023 08:00,1.012
09/07/2023 08:30,1.012
09/07/2023 09:00,1.012
09/07/2023 09:30,1.012
09/07/2023 10:00,1.012
09/07/2023 10:30,1.012
09/07/2023 11:00,1.012
09/07/2023 11:30,1.012
09/07/2023 12:00,1.012
09/07/2023 12:30,1.012
09/07/2023 13:00,1.012
09/07/2023 13:30,1.012
09/07/2023 14:00,1.012
09/07/2023 14:30,1.012
09/07/2023 15:00,1.012
09/07/2023 15:30,1.012
09/07/2023 16:00,1.012
09/07/2023 16:30,1.012
09/07/2023 17:00,1.012
09/07/2023 17:30,1.012
09/07/2023 18:00,1.012
09/07/2023 18:30,1.012
09/07/2023 19:00,1.012
09/07/2023 19:30,1.012
09/07/2023 20:00,1.012
09/07/2023 20:30,1.012
09/07/2023 21:00,1.012
09/07/2023 21:30,1.012
09/07/2023 22:00,1.012
09/07/2023 22:30,1.012
09/07/2023 23:00,1.012
09/07/2023 23:30,1.012
09/08/2023 00:00,2.864
09/08/2023 00:30,2.864
09/08/2023 01:00,2.864
09/08/2023 01:30,2.864
09/08/2023 02:00,2.864
09/08/2023 02:30,2.864
09/08/2023 03:00,2.864
09/08/2023 03:30,2.864
09/08/2023 04:00,2.864
09/08/2023 04:30,2.864
09/08/2023 05:00,2.864
09/08/2023 05:30,2.864
09/08/2023 06:00,2.864
09/08/2023 06:30,2.864
09/08/2023 07:00,2.864
09/08/2023 07:30,2.864
09/08/2023 08:00,2.864
09/08/2023 08:30,2.864
09/08/2023 09:00,2.864
09/08/2023 09:30,2.864
09/08/2023 10:00,2.864
09/08/2023 10:30,2.864
09/08/2023 11:00,2.864
09/08/2023 11:30,2.864
09/08/2023 12:00,2.864
09/08/2023 12:30,2.864
09/08/2023 13:00,2.864
09/08/2023 13:30,2.864
09/08/2023 14:00,2.864
09/08/2023 14:30,2.864
09/08/2023 15:00,2.864
09/08/2023 15:30,2.864
09/08/2023 16:00,2.864
09/08/2023 16:30,2.864
09/08/2023 17:00,2.864
09/08/2023 17:30,2.864
09/08/2023 18:00,2.864
09/08/2023 18:30,2.864
09/08/2023 19:00,2.864
09/08/2023 19:30,2.864
09/08/2023 20:00,2.864
09/08/2023 20:30,2.864
09/08/2023 21:00,2.864
09/08/2023 21:30,2.864
09/08/2023 22:00,2.864
09/08/2023 22:30,2.864
09/08/2023 23:00,2.864
09/08/2023 23:30,2.864
09/09/2023 00:00,2.864
09/09/2023 00:30,2.864
09/09/2023 01:00,2.864
09/09/2023 01:30,2.864
09/09/2023 02:00,2.864
09/09/2023 02:30,2.864
09/09/2023 03:00,2.864
09/09/2023 03:30,2.864
09/09/2023 04:00,2.864
09/09/2023 04:30,2.864
09/09/2023 05:00,2.864
09/09/2023 05:30,2.864
09/09/2023 06:00,2.864
09/09/2023 06:30,2.864
09/09/2023 07:00,2.864
09/09/2023 07:30,2.864
09/09/2023 08:00,2.864
09/09/2023 08:30,2.864
09/09/2023 09:00,2.864
09/09/2023 09:30,2.864
09/09/2023 10:00,2.864
09/09/2023 10:30,2.864
09/09/2023 11:00,2.864
09/09/2023 11:30,2.864
09/09/2023 12:00,2.864
09/09/2023 12:30,2.864
09/09/2023 13:00,2.864
09/09/2023 13:30,2.864
09/09/2023 14:00,2.864
09/09/2023 14:30,2.864
09/09/2023 15:00,2.864
09/09/2023 15:30,2.864
09/09/2023 16:00,2.864
09/09/2023 16:30,2.864
09/09/2023 17:00,2.864
09/09/2023 17:30,2.864
09/09/2023 18:00,2.864
09/09/2023 18:30,2.864
09/09/2023 19:00,2.864
09/09/2023 19:30,2.864
09/09/2023 20:00,2.864
09/09/2023 20:30,2.864
09/09/2023 21:00,2.864
09/09/2023 21:30,2.864
09/09/2023 22:00,2.864
09/09/2023 22:30,2.864
09/09/2023 23:00,2.864
09/09/2023 23:30,2.864
09/10/2023 00:00,2.864
09/10/2023 00:30,2.864
09/10/2023 01:00,2.864
09/10/2023 01:30,2.864
09/10/2023 02:00,2.864
09/10/2023 02:30,2.864
09/10/2023 03:00,2.864
09/10/2023 03:30,2.864
09/10/2023 04:00,2.864
09/10/2023 04:30,2.864
09/10/2023 05:00,2.864
09/10/2023 05:30,2.864
09/10/2023 06:00,2.864
09/10/2023 06:30,2.864
09/10/2023 07:00,2.864
09/10/2023 07:30,2.864
09/10/2023 08:00,2.864
09/10/2023 08:30,2.864
09/10/2023 09:00,2.864
09/10/2023 09:30,2.864
09/10/2023 10:00,2.864
09/10/2023 10:30,2.864
09/10/2023 11:00,2.864
09/10/2023 11:30,2.864
09/10/2023 12:00,2.864
09/10/2023 12:30,2.864
09/10/2023 13:00,2.864
09/10/2023 13:30,2.864
09/10/2023 14:00,2.864
09/10/2023 14:30,2.864
09/10/2023 15:00,2.864
09/10/2023 15:30,2.864
09/10/2023 16:00,2.864
09/10/2023 16:30,2.864
09/10/2023 17:00,2.864
09/10/2023 17:30,2.864
09/10/2023 18:00,2.864
09/10/2023 18:30,2.864
09/10/2023 19:00,2.864
09/10/2023 19:30,2.864
09/10/2023 20:00,2.864
09/10/2023 20:30,2.864
09/10/2023 21:00,2.864
09/10/2023 21:30,2.864
09/10/2023 22:00,2.864
09/10/2023 22:30,2.864
09/10/2023 23:00,2.864
09/10/2023 23:30,2.864
09/11/2023 00:00,1.012
09/11/2023 00:30,1.012
09/11/2023 01:00,1.012
09/11/2023 01:30,1.012
09/11/2023 02:00,1.012
09/11/2023 02:30,1.012
09/11/2023 03:00,1.012
09/11/2023 03:30,1.012
09/11/2023 04:00,1.012
09/11/2023 04:30,1.012
09/11/2023 05:00,1.012
09/11/2023 05:30,1.012
09/11/2023 06:00,1.012
09/11/2023 06:30,1.012
09/11/2023 07:00,1.012
09/11/2023 07:30,1.012
09/11/2023 08:00,1.012
09/11/2023 08:30,1.012
09/11/2023 09:00,1.012
09/11/2023 09:30,1.012
09/11/2023 10:00,1.012
09/11/2023 10:30,1.012
09/11/2023 11:00,1.012
09/11/2023 11:30,1.012
09/11/2023 12:00,1.012
09/11/2023 12:30,1.012
09/11/2023 13:00,1.012
09/11/2023 13:30,1.012
09/11/2023 14:00,1.012
09/11/2023 14:30,1.012
09/11/2023 15:00,1.012
09/11/2023 15:30,1.012
09/11/2023 16:00,1.012
09/11/2023 16:30,1.012
09/11/2023 17:00,1.012
09/11/2023 17:30,1.012
09/11/2023 18:00,1.012
09/11/2023 18:30,1.012
09/11/2023 19:00,1.012
09/11/2023 19:30,1.012
09/11/2023 20:00,1.012
09/11/2023 20:30,1.012
09/11/2023 21:00,1.012
09/11/2023 21:30,1.012
09/11/2023 22:00,1.012
09/11/2023 22:30,1.012
09/11/2023 23:00,1.012
09/11/2023 23:30,1.012
09/12/2023 00:00,1.012
09/12/2023 00:30,1.012
09/12/2023 01:00,1.012
09/12/2023 01:30,1.012
09/12/2023 02:00,1.012
09/12/2023 02:30,1.012
09/12/2023 03:00,1.012
09/12/2023 03:30,1.012
09/12/2023 04:00,1.012
09/12/2023 04:30,1.012
09/12/2023 05:00,1.012
09/12/2023 05:30,1.012
09/12/2023 06:00,1.012
09/12/2023 06:30,1.012
09/12/2023 07:00,1.012
09/12/2023 07:30,1.012
09/12/2023 08:00,1.012
09/12/2023 08:30,1.012
09/12/2023 09:00,1.012
09/12/2023 09:30,1.012
09/12/2023 10:00,1.012
09/12/2023 10:30,1.012
09/12/2023 11:00,1.012
09/12/2023 11:30,1.012
09/12/2023 12:00,1.012
09/12/2023 12:30,1.012
09/12/2023 13:00,1.012
09/12/2023 13:30,1.012
09/12/2023 14:00,1.012
09/12/2023 14:30,1.012
09/12/2023 15:00,1.012
09/12/2023 15:30,1.012
09/12/2023 16:00,1.012
09/12/2023 16:30,1.012
09/12/2023 17:00,1.012
09/12/2023 17:30,1.012
09/12/2023 18:00,1.012
09/12/2023 18:30,1.012
09/12/2023 19:00,1.012
09/12/2023 19:30,1.012
09/12/2023 20:00,1.012
09/12/2023 20:30,1.012
09/12/2023 21:00,1.012
09/12/2023 21:30,1.012
09/12/2023 22:00,1.012
09/12/2023 22:30,1.012
09/12/2023 23:00,1.012
09/12/2023 23:30,1.012
09/13/2023 00:00,1.012
09/13/2023 00:30,1.012
09/13/2023 01:00,1.012
09/13/2023 01:30,1.012
09/13/2023 02:00,1.012
09/13/2023 02:30,1.012
09/13/2023 03:00,1.012
09/13/2023 03:30,1.012
09/13/2023 04:00,1.012
09/13/2023 04:30,1.012
09/13/2023 05:00,1.012
09/13/2023 05:30,1.012
09/13/2023 06:00,1.012
09/13/2023 06:30,1.012
09/13/2023 07:00,1.012
09/13/2023 07:30,1.012
09/13/2023 08:00,1.012
09/13/2023 08:30,1.012
09/13/2023 09:00,1.012
09/13/2023 09:30,1.012
09/13/2023 10:00,1.012
09/13/2023 10:30,1.012
09/13/2023 11:00,1.012
09/13/2023 11:30,1.012
09/13/2023 12:00,1.012
09/13/2023 12:30,1.012
09/13/2023 13:00,1.012
09/13/2023 13:30,1.012
09/13/2023 14:00,1.012
09/13/2023 14:30,1.012
09/13/2023 15:00,1.012
09/13/2023 15:30,1.012
09/13/2023 16:00,1.012
09/13/2023 16:30,1.012
09/13/2023 17:00,1.012
09/13/2023 17:30,1.012
09/13/2023 18:00,1.012
09/13/2023 18:30,1.012
09/13/2023 19:00,1.012
09/13/2023 19:30,1.012
09/13/2023 20:00,1.012
09/13/2023 20:30,1.012
09/13/2023 21:00,1.012
09/13/2023 21:30,1.012
09/13/2023 22:00,1.012
09/13/2023 22:30,1.012
09/13/2023 23:00,1.012
09/13/2023 23:30,1.012
09/14/2023 00:00,1.012
09/14/2023 00:30,1.012
09/14/2023 01:00,1.012
09/14/2023 01:30,1.012
09/14/2023 02:00,1.012
09/14/2023 02:30,1.012
09/14/2023 03:00,1.012
09/14/2023 03:30,1.012
09/14/2023 04:00,1.012
09/14/2023 04:30,1.012
09/14/2023 05:00,1.012
09/14/2023 05:30,1.012
09/14/2023 06:00,1.012
09/14/2023 06:30,1.012
09/14/2023 07:00,1.012
09/14/2023 07:30,1.012
09/14/2023 08:00,1.012
09/14/2023 08:30,1.012
09/14/2023 09:00,1.012
09/14/2023 09:30,1.012
09/14/2023 10:00,1.012
09/14/2023 10:30,1.012
09/14/2023 11:00,1.012
09/14/2023 11:30,1.012
09/14/2023 12:00,1.012
09/14/2023 12:30,1.012
09/14/2023 13:00,1.012
09/14/2023 13:30,1.012
09/14/2023 14:00,1.012
09/14/2023 14:30,1.012
09/14/2023 15:00,1.012
09/14/2023 15:30,1.012
09/14/2023 16:00,1.012
09/14/2023 16:30,1.012
09/14/2023 17:00,1.012
09/14/2023 17:30,1.012
09/14/2023 18:00,1.012
09/14/2023 18:30,1.012
09/14/2023 19:00,1.012
09/14/2023 19:30,1.012
09/14/2023 20:00,1.012
09/14/2023 20:30,1.012
09/14/2023 21:00,1.012
09/14/2023 21:30,1.012
09/14/2023 22:00,1.012
09/14/2023 22:30,1.012
09/14/2023 23:00,1.012
09/14/2023 23:30,1.012
09/15/2023 00:00,1.012
09/15/2023 00:30,1.012
09/15/2023 01:00,1.012
09/15/2023 01:30,1.012
09/15/2023 02:00,1.012
09/15/2023 02:30,1.012
09/15/2023 03:00,1.012
09/15/2023 03:30,1.012
09/15/2023 04:00,1.012
09/15/2023 04:30,1.012
09/15/2023 05:00,1.012
09/15/2023 05:30,1.012
09/15/2023 06:00,1.012
09/15/2023 06:30,1.012
09/15/2023 07:00,1.012
09/15/2023 07:30,1.012
09/15/2023 08:00,1.012
09/15/2023 08:30,1.012
09/15/2023 09:00,1.012
09/15/2023 09:30,1.012
09/15/2023 10:00,1.012
09/15/2023 10:30,1.012
09/15/2023 11:00,1.012
09/15/2023 11:30,1.012
09/15/2023 12:00,1.012
09/15/2023 12:30,1.012
09/15/2023 13:00,1.012
09/15/2023 13:30,1.012
09/15/2023 14:00,1.012
09/15/2023 14:30,1.012
09/15/2023 15:00,1.012
09/15/2023 15:30,1.012
09/15/2023 16:00,1.012
09/15/2023 16:30,1.012
09/15/2023 17:00,1.012
09/15/2023 17:30,1.012
09/15/2023 18:00,1.012
09/15/2023 18:30,1.012
09/15/2023 19:00,1.012
09/15/2023 19:30,1.012
09/15/2023 20:00,1.012
09/15/2023 20:30,1.012
09/15/2023 21:00,1.012
09/15/2023 21:30,1.012
09/15/2023 22:00,1.012
09/15/2023 22:30,1.012
09/15/2023 23:00,1.012
09/15/2023 23:30,1.012
09/16/2023 00:00,1.012
09/16/2023 00:30,1.012
09/16/2023 01:00,1.012
09/16/2023 01:30,1.012
09/16/2023 02:00,1.012
09/16/2023 02:30,1.012
09/16/2023 03:00,1.012
09/16/2023 03:30,1.012
09/16/2023 04:00,1.012
09/16/2023 04:30,1.012
09/16/2023 05:00,1.012
09/16/2023 05:30,1.012
09/16/2023 06:00,1.012
09/16/2023 06:30,1.012
09/16/2023 07:00,1.012
09/16/2023 07:30,1.012
09/16/2023 08:00,1.012
09/16/2023 08:30,1.012
09/16/2023 09:00,1.012
09/16/2023 09:30,1.012
09/16/2023 10:00,1.012
09/16/2023 10:30,1.012
09/16/2023 11:00,1.012
09/16/2023 11:30,1.012
09/16/2023 12:00,1.012
09/16/2023 12:30,1.012
09/16/2023 13:00,1.012
09/16/2023 13:30,1.012
09/16/2023 14:00,1.012
09/16/2023 14:30,1.012
09/16/2023 15:00,1.012
09/16/2023 15:30,1.012
09/16/2023 16:00,1.012
09/16/2023 16:30,1.012
09/16/2023 17:00,1.012
09/16/2023 17:30,1.012
09/16/2023 18:00,1.012
09/16/2023 18:30,1.012
09/16/2023 19:00,1.012
09/16/2023 19:30,1.012
09/16/2023 20:00,1.012
09/16/2023 20:30,1.012
09/16/2023 21:00,1.012
09/16/2023 21:30,1.012
09/16/2023 22:00,1.012
09/16/2023 22:30,1.012
09/16/2023 23:00,1.012
09/16/2023 23:30,1.012
09/17/2023 00:00,1.012
09/17/2023 00:30,1.012
09/17/2023 01:00,1.012
09/17/2023 01:30,1.012
09/17/2023 02:00,1.012
09/17/2023 02:30,1.012
09/17/2023 03:00,1.012
09/17/2023 03:30,1.012
09/17/2023 04:00,1.012
09/17/2023 04:30,1.012
09/17/2023 05:00,1.012
09/17/2023 05:30,1.012
09/17/2023 06:00,1.012
09/17/2023 06:30,1.012
09/17/2023 07:00,1.012
09/17/2023 07:30,1.012
09/17/2023 08:00,1.012
09/17/2023 08:30,1.012
09/17/2023 09:00,1.012
09/17/2023 09:30,1.012
09/17/2023 10:00,1.012
09/17/2023 10:30,1.012
09/17/2023 11:00,1.012
09/17/2023 11:30,1.012
09/17/2023 12:00,1.012
09/17/2023 12:30,1.012
09/17/2023 13:00,1.012
09/17/2023 13:30,1.012
09/17/2023 14:00,1.012
09/17/2023 14:30,1.012
09/17/2023 15:00,1.012
09/17/2023 15:30,1.012
09/17/2023 16:00,1.012
09/17/2023 16:30,1.012
09/17/2023 17:00,1.012
09/17/2023 17:30,1.012
09/17/2023 18:00,1.012
09/17/2023 18:30,1.012
09/17/2023 19:00,1.012
09/17/2023 19:30,1.012
09/17/2023 20:00,1.012
09/17/2023 20:30,1.012
09/17/2023 21:00,1.012
09/17/2023 21:30,1.012
09/17/2023 22:00,1.012
09/17/2023 22:30,1.012
09/17/2023 23:00,1.012
09/17/2023 23:30,1.012
09/18/2023 00:00,2.864
09/18/2023 00:30,2.864
09/18/2023 01:00,2.864
09/18/2023 01:30,2.864
09/18/2023 02:00,2.864
09/18/2023 02:30,2.864
09/18/2023 03:00,2.864
09/18/2023 03:30,2.864
09/18/2023 04:00,2.864
09/18/2023 04:30,2.864
09/18/2023 05:00,2.864
09/18/2023 05:30,2.864
09/18/2023 06:00,2.864
09/18/2023 06:30,2.864
09/18/2023 07:00,2.864
09/18/2023 07:30,2.864
09/18/2023 08:00,2.864
09/18/2023 08:30,2.864
09/18/2023 09:00,2.864
09/18/2023 09:30,2.864
09/18/2023 10:00,2.864
09/18/2023 10:30,2.864
09/18/2023 11:00,2.864
09/18/2023 11:30,2.864
09/18/2023 12:00,2.864
09/18/2023 12:30,2.864
09/18/2023 13:00,2.864
09/18/2023 13:30,2.864
09/18/2023 14:00,2.864
09/18/2023 14:30,2.864
09/18/2023 15:00,2.864
09/18/2023 15:30,2.864
09/18/2023 16:00,2.864
09/18/2023 16:30,2.864
09/18/2023 17:00,2.864
09/18/2023 17:30,2.864
09/18/2023 18:00,2.864
09/18/2023 18:30,2.864
09/18/2023 19:00,2.864
09/18/2023 19:30,2.864
09/18/2023 20:00,2.864
09/18/2023 20:30,2.864
09/18/2023 21:00,2.864
09/18/2023 21:30,2.864
09/18/2023 22:00,2.864
09/18/2023 22:30,2.864
09/18/2023 23:00,2.864
09/18/2023 23:30,2.864
09/19/2023 00:00,1.012
09/19/2023 00:30,1.012
09/19/2023 01:00,1.012
09/19/2023 01:30,1.012
09/19/2023 02:00,1.012
09/19/2023 02:30,1.012
09/19/2023 03:00,1.012
09/19/2023 03:30,1.012
09/19/2023 04:00,1.012
09/19/2023 04:30,1.012
09/19/2023 05:00,1.012
09/19/2023 05:30,1.012
09/19/2023 06:00,1.012
09/19/2023 06:30,1.012
09/19/2023 07:00,1.012
09/19/2023 07:30,1.012
09/19/2023 08:00,1.012
09/19/2023 08:30,1.012
09/19/2023 09:00,1.012
09/19/2023 09:30,1.012
09/19/2023 10:00,1.012
09/19/2023 10:30,1.012
09/19/2023 11:00,1.012
09/19/2023 11:30,1.012
09/19/2023 12:00,1.012
09/19/2023 12:30,1.012
09/19/2023 13:00,1.012
09/19/2023 13:30,1.012
09/19/2023 14:00,1.012
09/19/2023 14:30,1.012
09/19/2023 15:00,1.012
09/19/2023 15:30,1.012
09/19/2023 16:00,1.012
09/19/2023 16:30,1.012
09/19/2023 17:00,1.012
09/19/2023 17:30,1.012
09/19/2023 18:00,1.012
09/19/2023 18:30,1.012
09/19/2023 19:00,1.012
09/19/2023 19:30,1.012
09/19/2023 20:00,1.012
09/19/2023 20:30,1.012
09/19/2023 21:00,1.012
09/19/2023 21:30,1.012
09/19/2023 22:00,1.012
09/19/2023 22:30,1.012
09/19/2023 23:00,1.012
09/19/2023 23:30,1.012
09/20/2023 00:00,1.012
09/20/2023 00:30,1.012
09/20/2023 01:00,1.012
09/20/2023 01:30,1.012
09/20/2023 02:00,1.012
09/20/2023 02:30,1.012
09/20/2023 03:00,1.012
09/20/2023 03:30,1.012
09/20/2023 04:00,1.012
09/20/2023 04:30,1.012
09/20/2023 05:00,1.012
09/20/2023 05:30,1.012
09/20/2023 06:00,1.012
09/20/2023 06:30,1.012
09/20/2023 07:00,1.012
09/20/2023 07:30,1.012
09/20/2023 08:00,1.012
09/20/2023 08:30,1.012
09/20/2023 09:00,1.012
09/20/2023 09:30,1.012
09/20/2023 10:00,1.012
09/20/2023 10:30,1.012
09/20/2023 11:00,1.012
09/20/2023 11:30,1.012
09/20/2023 12:00,1.012
09/20/2023 12:30,1.012
09/20/2023 13:00,1.012
09/20/2023 13:30,1.012
09/20/2023 14:00,1.012
09/20/2023 14:30,1.012
09/20/2023 15:00,1.012
09/20/2023 15:30,1.012
09/20/2023 16:00,1.012
09/20/2023 16:30,1.012
09/20/2023 17:00,1.012
09/20/2023 17:30,1.012
09/20/2023 18:00,1.012
09/20/2023 18:30,1.012
09/20/2023 19:00,1.012
09/20/2023 19:30,1.012
09/20/2023 20:00,1.012
09/20/2023 20:30,1.012
09/20/2023 21:00,1.012
09/20/2023 21:30,1.012
09/20/2023 22:00,1.012
09/20/2023 22:30,1.012
09/20/2023 23:00,1.012
09/20/2023 23:30,1.012
09/21/2023 00:00,1.012
09/21/2023 00:30,1.012
09/21/2023 01:00,1.012
09/21/2023 01:30,1.012
09/21/2023 02:00,1.012
09/21/2023 02:30,1.012
09/21/2023 03:00,1.012
09/21/2023 03:30,1.012
09/21/2023 04:00,1.012
09/21/2023 04:30,1.012
09/21/2023 05:00,1.012
09/21/2023 05:30,1.012
09/21/2023 06:00,1.012
09/21/2023 06:30,1.012
09/21/2023 07:00,1.012
09/21/2023 07:30,1.012
09/21/2023 08:00,1.012
09/21/2023 08:30,1.012
09/21/2023 09:00,1.012
09/21/2023 09:30,1.012
09/21/2023 10:00,1.012
09/21/2023 10:30,1.012
09/21/2023 11:00,1.012
09/21/2023 11:30,1.012
09/21/2023 12:00,1.012
09/21/2023 12:30,1.012
09/21/2023 13:00,1.012
09/21/2023 13:30,1.012
09/21/2023 14:00,1.012
09/21/2023 14:30,1.012
09/21/2023 15:00,1.012
09/21/2023 15:30,1.012
09/21/2023 16:00,1.012
09/21/2023 16:30,1.012
09/21/2023 17:00,1.012
09/21/2023 17:30,1.012
09/21/2023 18:00,1.012
09/21/2023 18:30,1.012
09/21/2023 19:00,1.012
09/21/2023 19:30,1.012
09/21/2023 20:00,1.012
09/21/2023 20:30,1.012
09/21/2023 21:00,1.012
09/21/2023 21:30,1.012
09/21/2023 22:00,1.012
09/21/2023 22:30,1.012
09/21/2023 23:00,1.012
09/21/2023 23:30,1.012
09/22/2023 00:00,1.012
09/22/2023 00:30,1.012
09/22/2023 01:00,1.012
09/22/2023 01:30,1.012
09/22/2023 02:00,1.012
09/22/2023 02:30,1.012
09/22/2023 03:00,1.012
09/22/2023 03:30,1.012
09/22/2023 04:00,1.012
09/22/2023 04:30,1.012
09/22/2023 05:00,1.012
09/22/2023 05:30,1.012
09/22/2023 06:00,1.012
09/22/2023 06:30,1.012
09/22/2023 07:00,1.012
09/22/2023 07:30,1.012
09/22/2023 08:00,1.012
09/22/2023 08:30,1.012
09/22/2023 09:00,1.012
09/22/2023 09:30,1.012
09/22/2023 10:00,1.012
09/22/2023 10:30,1.012
09/22/2023 11:00,1.012
09/22/2023 11:30,1.012
09/22/2023 12:00,1.012
09/22/2023 12:30,1.012
09/22/2023 13:00,1.012
09/22/2023 13:30,1.012
09/22/2023 14:00,1.012
09/22/2023 14:30,1.012
09/22/2023 15:00,1.012
09/22/2023 15:30,1.012
09/22/2023 16:00,1.012
09/22/2023 16:30,1.012
09/22/2023 17:00,1.012
09/22/2023 17:30,1.012
09/22/2023 18:00,1.012
09/22/2023 18:30,1.012
09/22/2023 19:00,1.012
09/22/2023 19:30,1.012
09/22/2023 20:00,1.012
09/22/2023 20:30,1.012
09/22/2023 21:00,1.012
09/22/2023 21:30,1.012
09/22/2023 22:00,1.012
09/22/2023 22:30,1.012
09/22/2023 23:00,1.012
09/22/2023 23:30,1.012
09/23/2023 00:00,1.012
09/23/2023 00:30,1.012
09/23/2023 01:00,1.012
09/23/2023 01:30,1.012
09/23/2023 02:00,1.012
09/23/2023 02:30,1.012
09/23/2023 03:00,1.012
09/23/2023 03:30,1.012
09/23/2023 04:00,1.012
09/23/2023 04:30,1.012
09/23/2023 05:00,1.012
09/23/2023 05:30,1.012
09/23/2023 06:00,1.012
09/23/2023 06:30,1.012
09/23/2023 07:00,1.012
09/23/2023 07:30,1.012
09/23/2023 08:00,1.012
09/23/2023 08:30,1.012
09/23/2023 09:00,1.012
09/23/2023 09:30,1.012
09/23/2023 10:00,1.012
09/23/2023 10:30,1.012
09/23/2023 11:00,1.012
09/23/2023 11:30,1.012
09/23/2023 12:00,1.012
09/23/2023 12:30,1.012
09/23/2023 13:00,1.012
09/23/2023 13:30,1.012
09/23/2023 14:00,1.012
09/23/2023 14:30,1.012
09/23/2023 15:00,1.012
09/23/2023 15:30,1.012
09/23/2023 16:00,1.012
09/23/2023 16:30,1.012
09/23/2023 17:00,1.012
09/23/2023 17:30,1.012
09/23/2023 18:00,1.012
09/23/2023 18:30,1.012
09/23/2023 19:00,1.012
09/23/2023 19:30,1.012
09/23/2023 20:00,1.012
09/23/2023 20:30,1.012
09/23/2023 21:00,1.012
09/23/2023 21:30,1.012
09/23/2023 22:00,1.012
09/23/2023 22:30,1.012
09/23/2023 23:00,1.012
09/23/2023 23:30,1.012
09/24/2023 00:00,1.012
09/24/2023 00:30,1.012
09/24/2023 01:00,1.012
09/24/2023 01:30,1.012
09/24/2023 02:00,1.012
09/24/2023 02:30,1.012
09/24/2023 03:00,1.012
09/24/2023 03:30,1.012
09/24/2023 04:00,1.012
09/24/2023 04:30,1.012
09/24/2023 05:00,1.012
09/24/2023 05:30,1.012
09/24/2023 06:00,1.012
09/24/2023 06:30,1.012
09/24/2023 07:00,1.012
09/24/2023 07:30,1.012
09/24/2023 08:00,1.012
09/24/2023 08:30,1.012
09/24/2023 09:00,1.012
09/24/2023 09:30,1.012
09/24/2023 10:00,1.012
09/24/2023 10:30,1.012
09/24/2023 11:00,1.012
09/24/2023 11:30,1.012
09/24/2023 12:00,1.012
09/24/2023 12:30,1.012
09/24/2023 13:00,1.012
09/24/2023 13:30,1.012
09/24/2023 14:00,1.012
09/24/2023 14:30,1.012
09/24/2023 15:00,1.012
09/24/2023 15:30,1.012
09/24/2023 16:00,1.012
09/24/2023 16:30,1.012
09/24/2023 17:00,1.012
09/24/2023 17:30,1.012
09/24/2023 18:00,1.012
09/24/2023 18:30,1.012
09/24/2023 19:00,1.012
09/24/2023 19:30,1.012
09/24/2023 20:00,1.012
09/24/2023 20:30,1.012
09/24/2023 21:00,1.012
09/24/2023 21:30,1.012
09/24/2023 22:00,1.012
09/24/2023 22:30,1.012
09/24/2023 23:00,1.012
09/24/2023 23:30,1.012
09/25/2023 00:00,1.012
09/25/2023 00:30,1.012
09/25/2023 01:00,1.012
09/25/2023 01:30,1.012
09/25/2023 02:00,1.012
09/25/2023 02:30,1.012
09/25/2023 03:00,1.012
09/25/2023 03:30,1.012
09/25/2023 04:00,1.012
09/25/2023 04:30,1.012
09/25/2023 05:00,1.012
09/25/2023 05:30,1.012
09/25/2023 06:00,1.012
09/25/2023 06:30,1.012
09/25/2023 07:00,1.012
09/25/2023 07:30,1.012
09/25/2023 08:00,1.012
09/25/2023 08:30,1.012
09/25/2023 09:00,1.012
09/25/2023 09:30,1.012
09/25/2023 10:00,1.012
09/25/2023 10:30,1.012
09/25/2023 11:00,1.012
09/25/2023 11:30,1.012
09/25/2023 12:00,1.012
09/25/2023 12:30,1.012
09/25/2023 13:00,1.012
09/25/2023 13:30,1.012
09/25/2023 14:00,1.012
09/25/2023 14:30,1.012
09/25/2023 15:00,1.012
09/25/2023 15:30,1.012
09/25/2023 16:00,1.012
09/25/2023 16:30,1.012
09/25/2023 17:00,1.012
09/25/2023 17:30,1.012
09/25/2023 18:00,1.012
09/25/2023 18:30,1.012
09/25/2023 19:00,1.012
09/25/2023 19:30,1.012
09/25/2023 20:00,1.012
09/25/2023 20:30,1.012
09/25/2023 21:00,1.012
09/25/2023 21:30,1.012
09/25/2023 22:00,1.012
09/25/2023 22:30,1.012
09/25/2023 23:00,1.012
09/25/2023 23:30,1.012
09/26/2023 00:00,1.012
09/26/2023 00:30,1.012
09/26/2023 01:00,1.012
09/26/2023 01:30,1.012
09/26/2023 02:00,1.012
09/26/2023 02:30,1.012
09/26/2023 03:00,1.012
09/26/2023 03:30,1.012
09/26/2023 04:00,1.012
09/26/2023 04:30,1.012
09/26/2023 05:00,1.012
09/26/2023 05:30,1.012
09/26/2023 06:00,1.012
09/26/2023 06:30,1.012
09/26/2023 07:00,1.012
09/26/2023 07:30,1.012
09/26/2023 08:00,1.012
09/26/2023 08:30,1.012
09/26/2023 09:00,1.012
09/26/2023 09:30,1.012
09/26/2023 10:00,1.012
09/26/2023 10:30,1.012
09/26/2023 11:00,1.012
09/26/2023 11:30,1.012
09/26/2023 12:00,1.012
09/26/2023 12:30,1.012
09/26/2023 13:00,1.012
09/26/2023 13:30,1.012
09/26/2023 14:00,1.012
09/26/2023 14:30,1.012
09/26/2023 15:00,1.012
09/26/2023 15:30,1.012
09/26/2023 16:00,1.012
09/26/2023 16:30,1.012
09/26/2023 17:00,1.012
09/26/2023 17:30,1.012
09/26/2023 18:00,1.012
09/26/2023 18:30,1.012
09/26/2023 19:00,1.012
09/26/2023 19:30,1.012
09/26/2023 20:00,1.012
09/26/2023 20:30,1.012
09/26/2023 21:00,1.012
09/26/2023 21:30,1.012
09/26/2023 22:00,1.012
09/26/2023 22:30,1.012
09/26/2023 23:00,1.012
09/26/2023 23:30,1.012
09/27/2023 00:00,1.012
09/27/2023 00:30,1.012
09/27/2023 01:00,1.012
09/27/2023 01:30,1.012
09/27/2023 02:00,1.012
09/27/2023 02:30,1.012
09/27/2023 03:00,1.012
09/27/2023 03:30,1.012
09/27/2023 04:00,1.012
09/27/2023 04:30,1.012
09/27/2023 05:00,1.012
09/27/2023 05:30,1.012
09/27/2023 06:00,1.012
09/27/2023 06:30,1.012
09/27/2023 07:00,1.012
09/27/2023 07:30,1.012
09/27/2023 08:00,1.012
09/27/2023 08:30,1.012
09/27/2023 09:00,1.012
09/27/2023 09:30,1.012
09/27/2023 10:00,1.012
09/27/2023 10:30,1.012
09/27/2023 11:00,1.012
09/27/2023 11:30,1.012
09/27/2023 12:00,1.012
09/27/2023 12:30,1.012
09/27/2023 13:00,1.012
09/27/2023 13:30,1.012
09/27/2023 14:00,1.012
09/27/2023 14:30,1.012
09/27/2023 15:00,1.012
09/27/2023 15:30,1.012
09/27/2023 16:00,1.012
09/27/2023 16:30,1.012
09/27/2023 17:00,1.012
09/27/2023 17:30,1.012
09/27/2023 18:00,1.012
09/27/2023 18:30,1.012
09/27/2023 19:00,1.012
09/27/2023 19:30,1.012
09/27/2023 20:00,1.012
09/27/2023 20:30,1.012
09/27/2023 21:00,1.012
09/27/2023 21:30,1.012
09/27/2023 22:00,1.012
09/27/2023 22:30,1.012
09/27/2023 23:00,1.012
09/27/2023 23:30,1.012
09/28/2023 00:00,1.012
09/28/2023 00:30,1.012
09/28/2023 01:00,1.012
09/28/2023 01:30,1.012
09/28/2023 02:00,1.012
09/28/2023 02:30,1.012
09/28/2023 03:00,1.012
09/28/2023 03:30,1.012
09/28/2023 04:00,1.012
09/28/2023 04:30,1.012
09/28/2023 05:00,1.012
09/28/2023 05:30,1.012
09/28/2023 06:00,1.012
09/28/2023 06:30,1.012
09/28/2023 07:00,1.012
09/28/2023 07:30,1.012
09/28/2023 08:00,1.012
09/28/2023 08:30,1.012
09/28/2023 09:00,1.012
09/28/2023 09:30,1.012
09/28/2023 10:00,1.012
09/28/2023 10:30,1.012
09/28/2023 11:00,1.012
09/28/2023 11:30,1.012
09/28/2023 12:00,1.012
09/28/2023 12:30,1.012
09/28/2023 13:00,1.012
09/28/2023 13:30,1.012
09/28/2023 14:00,1.012
09/28/2023 14:30,1.012
09/28/2023 15:00,1.012
09/28/2023 15:30,1.012
09/28/2023 16:00,1.012
09/28/2023 16:30,1.012
09/28/2023 17:00,1.012
09/28/2023 17:30,1.012
09/28/2023 18:00,1.012
09/28/2023 18:30,1.012
09/28/2023 19:00,1.012
09/28/2023 19:30,1.012
09/28/2023 20:00,1.012
09/28/2023 20:30,1.012
09/28/2023 21:00,1.012
09/28/2023 21:30,1.012
09/28/2023 22:00,1.012
09/28/2023 22:30,1.012
09/28/2023 23:00,1.012
09/28/2023 23:30,1.012
09/29/2023 00:00,1.012
09/29/2023 00:30,1.012
09/29/2023 01:00,1.012
09/29/2023 01:30,1.012
09/29/2023 02:00,1.012
09/29/2023 02:30,1.012
09/29/2023 03:00,1.012
09/29/2023 03:30,1.012
09/29/2023 04:00,1.012
09/29/2023 04:30,1.012
09/29/2023 05:00,1.012
09/29/2023 05:30,1.012
09/29/2023 06:00,1.012
09/29/2023 06:30,1.012
09/29/2023 07:00,1.012
09/29/2023 07:30,1.012
09/29/2023 08:00,1.012
09/29/2023 08:30,1.012
09/29/2023 09:00,1.012
09/29/2023 09:30,1.012
09/29/2023 10:00,1.012
09/29/2023 10:30,1.012
09/29/2023 11:00,1.012
09/29/2023 11:30,1.012
09/29/2023 12:00,1.012
09/29/2023 12:30,1.012
09/29/2023 13:00,1.012
09/29/2023 13:30,1.012
09/29/2023 14:00,1.012
09/29/2023 14:30,1.012
09/29/2023 15:00,1.012
09/29/2023 15:30,1.012
09/29/2023 16:00,1.012
09/29/2023 16:30,1.012
09/29/2023 17:00,1.012
09/29/2023 17:30,1.012
09/29/2023 18:00,1.012
09/29/2023 18:30,1.012
09/29/2023 19:00,1.012
09/29/2023 19:30,1.012
09/29/2023 20:00,1.012
09/29/2023 20:30,1.012
09/29/2023 21:00,1.012
09/29/2023 21:30,1.012
09/29/2023 22:00,1.012
09/29/2023 22:30,1.012
09/29/2023 23:00,1.012
09/29/2023 23:30,1.012
09/30/2023 00:00,1.012
09/30/2023 00:30,1.012
09/30/2023 01:00,1.012
09/30/2023 01:30,1.012
09/30/2023 02:00,1.012
09/30/2023 02:30,1.012
09/30/2023 03:00,1.012
09/30/2023 03:30,1.012
09/30/2023 04:00,1.012
09/30/2023 04:30,1.012
09/30/2023 05:00,1.012
09/30/2023 05:30,1.012
09/30/2023 06:00,1.012
09/30/2023 06:30,1.012
09/30/2023 07:00,1.012
09/30/2023 07:30,1.012
09/30/2023 08:00,1.012
09/30/2023 08:30,1.012
09/30/2023 09:00,1.012
09/30/2023 09:30,1.012
09/30/2023 10:00,1.012
09/30/2023 10:30,1.012
09/30/2023 11:00,1.012
09/30/2023 11:30,1.012
09/30/2023 12:00,1.012
09/30/2023 12:30,1.012
09/30/2023 13:00,1.012
09/30/2023 13:30,1.012
09/30/2023 14:00,1.012
09/30/2023 14:30,1.012
09/30/2023 15:00,1.012
09/30/2023 15:30,1.012
09/30/2023 16:00,1.012
09/30/2023 16:30,1.012
09/30/2023 17:00,1.012
09/30/2023 17:30,1.012
09/30/2023 18:00,1.012
09/30/2023 18:30,1.012
09/30/2023 19:00,1.012
09/30/2023 19:30,1.012
09/30/2023 20:00,1.012
09/30/2023 20:30,1.012
09/30/2023 21:00,1.012
09/30/2023 21:30,1.012
09/30/2023 22:00,1.012
09/30/2023 22:30,1.012
09/30/2023 23:00,1.012
09/30/2023 23:30,1.012
10/01/2023 00:00,1.012
10/01/2023 00:30,1.012
10/01/2023 01:00,1.012
10/01/2023 01:30,1.012
10/01/2023 02:00,1.012
10/01/2023 02:30,1.012
10/01/2023 03:00,1.012
10/01/2023 03:30,1.012
10/01/2023 04:00,1.012
10/01/2023 04:30,1.012
10/01/2023 05:00,1.012
10/01/2023 05:30,1.012
10/01/2023 06:00,1.012
10/01/2023 06:30,1.012
10/01/2023 07:00,1.012
10/01/2023 07:30,1.012
10/01/2023 08:00,1.012
10/01/2023 08:30,1.012
10/01/2023 09:00,1.012
10/01/2023 09:30,1.012
10/01/2023 10:00,1.012
10/01/2023 10:30,1.012
10/01/2023 11:00,1.012
10/01/2023 11:30,1.012
10/01/2023 12:00,1.012
10/01/2023 12:30,1.012
10/01/2023 13:00,1.012
10/01/2023 13:30,1.012
10/01/2023 14:00,1.012
10/01/2023 14:30,1.012
10/01/2023 15:00,1.012
10/01/2023 15:30,1.012
10/01/2023 16:00,1.012
10/01/2023 16:30,1.012
10/01/2023 17:00,1.012
10/01/2023 17:30,1.012
10/01/2023 18:00,1.012
10/01/2023 18:30,1.012
10/01/2023 19:00,1.012
10/01/2023 19:30,1.012
10/01/2023 20:00,1.012
10/01/2023 20:30,1.012
10/01/2023 21:00,1.012
10/01/2023 21:30,1.012
10/01/2023 22:00,1.012
10/01/2023 22:30,1.012
10/01/2023 23:00,1.012
10/01/2023 23:30,1.012
10/02/2023 00:00,1.012
10/02/2023 00:30,1.012
10/02/2023 01:00,1.012
10/02/2023 01:30,1.012
10/02/2023 02:00,1.012
10/02/2023 02:30,1.012
10/02/2023 03:00,1.012
10/02/2023 03:30,1.012
10/02/2023 04:00,1.012
10/02/2023 04:30,1.012
10/02/2023 05:00,1.012
10/02/2023 05:30,1.012
10/02/2023 06:00,1.012
10/02/2023 06:30,1.012
10/02/2023 07:00,1.012
10/02/2023 07:30,1.012
10/02/2023 08:00,1.012
10/02/2023 08:30,1.012
10/02/2023 09:00,1.012
10/02/2023 09:30,1.012
10/02/2023 10:00,1.012
10/02/2023 10:30,1.012
10/02/2023 11:00,1.012
10/02/2023 11:30,1.012
10/02/2023 12:00,1.012
10/02/2023 12:30,1.012
10/02/2023 13:00,1.012
10/02/2023 13:30,1.012
10/02/2023 14:00,1.012
10/02/2023 14:30,1.012
10/02/2023 15:00,1.012
10/02/2023 15:30,1.012
10/02/2023 16:00,1.012
10/02/2023 16:30,1.012
10/02/2023 17:00,1.012
10/02/2023 17:30,1.012
10/02/2023 18:00,1.012
10/02/2023 18:30,1.012
10/02/2023 19:00,1.012
10/02/2023 19:30,1.012
10/02/2023 20:00,1.012
10/02/2023 20:30,1.012
10/02/2023 21:00,1.012
10/02/2023 21:30,1.012
10/02/2023 22:00,1.012
10/02/2023 22:30,1.012
10/02/2023 23:00,1.012
10/02/2023 23:30,1.012
10/03/2023 00:00,2.864
10/03/2023 00:30,2.864
10/03/2023 01:00,2.864
10/03/2023 01:30,2.864
10/03/2023 02:00,2.864
10/03/2023 02:30,2.864
10/03/2023 03:00,2.864
10/03/2023 03:30,2.864
10/03/2023 04:00,2.864
10/03/2023 04:30,2.864
10/03/2023 05:00,2.864
10/03/2023 05:30,2.864
10/03/2023 06:00,2.864
10/03/2023 06:30,2.864
10/03/2023 07:00,2.864
10/03/2023 07:30,2.864
10/03/2023 08:00,2.864
10/03/2023 08:30,2.864
10/03/2023 09:00,2.864
10/03/2023 09:30,2.864
10/03/2023 10:00,2.864
10/03/2023 10:30,2.864
10/03/2023 11:00,2.864
10/03/2023 11:30,2.864
10/03/2023 12:00,2.864
10/03/2023 12:30,2.864
10/03/2023 13:00,2.864
10/03/2023 13:30,2.864
10/03/2023 14:00,2.864
10/03/2023 14:30,2.864
10/03/2023 15:00,2.864
10/03/2023 15:30,2.864
10/03/2023 16:00,2.864
10/03/2023 16:30,2.864
10/03/2023 17:00,2.864
10/03/2023 17:30,2.864
10/03/2023 18:00,2.864
10/03/2023 18:30,2.864
10/03/2023 19:00,2.864
10/03/2023 19:30,2.864
10/03/2023 20:00,2.864
10/03/2023 20:30,2.864
10/03/2023 21:00,2.864
10/03/2023 21:30,2.864
10/03/2023 22:00,2.864
10/03/2023 22:30,2.864
10/03/2023 23:00,2.864
10/03/2023 23:30,2.864
10/04/2023 00:00,2.864
10/04/2023 00:30,2.864
10/04/2023 01:00,2.864
10/04/2023 01:30,2.864
10/04/2023 02:00,2.864
10/04/2023 02:30,2.864
10/04/2023 03:00,2.864
10/04/2023 03:30,2.864
10/04/2023 04:00,2.864
10/04/2023 04:30,2.864
10/04/2023 05:00,2.864
10/04/2023 05:30,2.864
10/04/2023 06:00,2.864
10/04/2023 06:30,2.864
10/04/2023 07:00,2.864
10/04/2023 07:30,2.864
10/04/2023 08:00,2.864
10/04/2023 08:30,2.864
10/04/2023 09:00,2.864
10/04/2023 09:30,2.864
10/04/2023 10:00,2.864
10/04/2023 10:30,2.864
10/04/2023 11:00,2.864
10/04/2023 11:30,2.864
10/04/2023 12:00,2.864
10/04/2023 12:30,2.864
10/04/2023 13:00,2.864
10/04/2023 13:30,2.864
10/04/2023 14:00,2.864
10/04/2023 14:30,2.864
10/04/2023 15:00,2.864
10/04/2023 15:30,2.864
10/04/2023 16:00,2.864
10/04/2023 16:30,2.864
10/04/2023 17:00,2.864
10/04/2023 17:30,2.864
10/04/2023 18:00,2.864
10/04/2023 18:30,2.864
10/04/2023 19:00,2.864
10/04/2023 19:30,2.864
10/04/2023 20:00,2.864
10/04/2023 20:30,2.864
10/04/2023 21:00,2.864
10/04/2023 21:30,2.864
10/04/2023 22:00,2.864
10/04/2023 22:30,2.864
10/04/2023 23:00,2.864
10/04/2023 23:30,2.864
10/05/2023 00:00,2.864
10/05/2023 00:30,2.864
10/05/2023 01:00,2.864
10/05/2023 01:30,2.864
10/05/2023 02:00,2.864
10/05/2023 02:30,2.864
10/05/2023 03:00,2.864
10/05/2023 03:30,2.864
10/05/2023 04:00,2.864
10/05/2023 04:30,2.864
10/05/2023 05:00,2.864
10/05/2023 05:30,2.864
10/05/2023 06:00,2.864
10/05/2023 06:30,2.864
10/05/2023 07:00,2.864
10/05/2023 07:30,2.864
10/05/2023 08:00,2.864
10/05/2023 08:30,2.864
10/05/2023 09:00,2.864
10/05/2023 09:30,2.864
10/05/2023 10:00,2.864
10/05/2023 10:30,2.864
10/05/2023 11:00,2.864
10/05/2023 11:30,2.864
10/05/2023 12:00,2.864
10/05/2023 12:30,2.864
10/05/2023 13:00,2.864
10/05/2023 13:30,2.864
10/05/2023 14:00,2.864
10/05/2023 14:30,2.864
10/05/2023 15:00,2.864
10/05/2023 15:30,2.864
10/05/2023 16:00,2.864
10/05/2023 16:30,2.864
10/05/2023 17:00,2.864
10/05/2023 17:30,2.864
10/05/2023 18:00,2.864
10/05/2023 18:30,2.864
10/05/2023 19:00,2.864
10/05/2023 19:30,2.864
10/05/2023 20:00,2.864
10/05/2023 20:30,2.864
10/05/2023 21:00,2.864
10/05/2023 21:30,2.864
10/05/2023 22:00,2.864
10/05/2023 22:30,2.864
10/05/2023 23:00,2.864
10/05/2023 23:30,2.864
10/06/2023 00:00,2.864
10/06/2023 00:30,2.864
10/06/2023 01:00,2.864
10/06/2023 01:30,2.864
10/06/2023 02:00,2.864
10/06/2023 02:30,2.864
10/06/2023 03:00,2.864
10/06/2023 03:30,2.864
10/06/2023 04:00,2.864
10/06/2023 04:30,2.864
10/06/2023 05:00,2.864
10/06/2023 05:30,2.864
10/06/2023 06:00,2.864
10/06/2023 06:30,2.864
10/06/2023 07:00,2.864
10/06/2023 07:30,2.864
10/06/2023 08:00,2.864
10/06/2023 08:30,2.864
10/06/2023 09:00,2.864
10/06/2023 09:30,2.864
10/06/2023 10:00,2.864
10/06/2023 10:30,2.864
10/06/2023 11:00,2.864
10/06/2023 11:30,2.864
10/06/2023 12:00,2.864
10/06/2023 12:30,2.864
10/06/2023 13:00,2.864
10/06/2023 13:30,2.864
10/06/2023 14:00,2.864
10/06/2023 14:30,2.864
10/06/2023 15:00,2.864
10/06/2023 15:30,2.864
10/06/2023 16:00,2.864
10/06/2023 16:30,2.864
10/06/2023 17:00,2.864
10/06/2023 17:30,2.864
10/06/2023 18:00,2.864
10/06/2023 18:30,2.864
10/06/2023 19:00,2.864
10/06/2023 19:30,2.864
10/06/2023 20:00,2.864
10/06/2023 20:30,2.864
10/06/2023 21:00,2.864
10/06/2023 21:30,2.864
10/06/2023 22:00,2.864
10/06/2023 22:30,2.864
10/06/2023 23:00,2.864
10/06/2023 23:30,2.864
10/07/2023 00:00,2.864
10/07/2023 00:30,2.864
10/07/2023 01:00,2.864
10/07/2023 01:30,2.864
10/07/2023 02:00,2.864
10/07/2023 02:30,2.864
10/07/2023 03:00,2.864
10/07/2023 03:30,2.864
10/07/2023 04:00,2.864
10/07/2023 04:30,2.864
10/07/2023 05:00,2.864
10/07/2023 05:30,2.864
10/07/2023 06:00,2.864
10/07/2023 06:30,2.864
10/07/2023 07:00,2.864
10/07/2023 07:30,2.864
10/07/2023 08:00,2.864
10/07/2023 08:30,2.864
10/07/2023 09:00,2.864
10/07/2023 09:30,2.864
10/07/2023 10:00,2.864
10/07/2023 10:30,2.864
10/07/2023 11:00,2.864
10/07/2023 11:30,2.864
10/07/2023 12:00,2.864
10/07/2023 12:30,2.864
10/07/2023 13:00,2.864
10/07/2023 13:30,2.864
10/07/2023 14:00,2.864
10/07/2023 14:30,2.864
10/07/2023 15:00,2.864
10/07/2023 15:30,2.864
10/07/2023 16:00,2.864
10/07/2023 16:30,2.864
10/07/2023 17:00,2.864
10/07/2023 17:30,2.864
10/07/2023 18:00,2.864
10/07/2023 18:30,2.864
10/07/2023 19:00,2.864
10/07/2023 19:30,2.864
10/07/2023 20:00,2.864
10/07/2023 20:30,2.864
10/07/2023 21:00,2.864
10/07/2023 21:30,2.864
10/07/2023 22:00,2.864
10/07/2023 22:30,2.864
10/07/2023 23:00,2.864
10/07/2023 23:30,2.864
10/08/2023 00:00,2.864
10/08/2023 00:30,2.864
10/08/2023 01:00,2.864
10/08/2023 01:30,2.864
10/08/2023 02:00,2.864
10/08/2023 02:30,2.864
10/08/2023 03:00,2.864
10/08/2023 03:30,2.864
10/08/2023 04:00,2.864
10/08/2023 04:30,2.864
10/08/2023 05:00,2.864
10/08/2023 05:30,2.864
10/08/2023 06:00,2.864
10/08/2023 06:30,2.864
10/08/2023 07:00,2.864
10/08/2023 07:30,2.864
10/08/2023 08:00,2.864
10/08/2023 08:30,2.864
10/08/2023 09:00,2.864
10/08/2023 09:30,2.864
10/08/2023 10:00,2.864
10/08/2023 10:30,2.864
10/08/2023 11:00,2.864
10/08/2023 11:30,2.864
10/08/2023 12:00,2.864
10/08/2023 12:30,2.864
10/08/2023 13:00,2.864
10/08/2023 13:30,2.864
10/08/2023 14:00,2.864
10/08/2023 14:30,2.864
10/08/2023 15:00,2.864
10/08/2023 15:30,2.864
10/08/2023 16:00,2.864
10/08/2023 16:30,2.864
10/08/2023 17:00,2.864
10/08/2023 17:30,2.864
10/08/2023 18:00,2.864
10/08/2023 18:30,2.864
10/08/2023 19:00,2.864
10/08/2023 19:30,2.864
10/08/2023 20:00,2.864
10/08/2023 20:30,2.864
10/08/2023 21:00,2.864
10/08/2023 21:30,2.864
10/08/2023 22:00,2.864
10/08/2023 22:30,2.864
10/08/2023 23:00,2.864
10/08/2023 23:30,2.864
10/09/2023 00:00,2.864
10/09/2023 00:30,2.864
10/09/2023 01:00,2.864
10/09/2023 01:30,2.864
10/09/2023 02:00,2.864
10/09/2023 02:30,2.864
10/09/2023 03:00,2.864
10/09/2023 03:30,2.864
10/09/2023 04:00,2.864
10/09/2023 04:30,2.864
10/09/2023 05:00,2.864
10/09/2023 05:30,2.864
10/09/2023 06:00,2.864
10/09/2023 06:30,2.864
10/09/2023 07:00,2.864
10/09/2023 07:30,2.864
10/09/2023 08:00,2.864
10/09/2023 08:30,2.864
10/09/2023 09:00,2.864
10/09/2023 09:30,2.864
10/09/2023 10:00,2.864
10/09/2023 10:30,2.864
10/09/2023 11:00,2.864
10/09/2023 11:30,2.864
10/09/2023 12:00,2.864
10/09/2023 12:30,2.864
10/09/2023 13:00,2.864
10/09/2023 13:30,2.864
10/09/2023 14:00,2.864
10/09/2023 14:30,2.864
10/09/2023 15:00,2.864
10/09/2023 15:30,2.864
10/09/2023 16:00,2.864
10/09/2023 16:30,2.864
10/09/2023 17:00,2.864
10/09/2023 17:30,2.864
10/09/2023 18:00,2.864
10/09/2023 18:30,2.864
10/09/2023 19:00,2.864
10/09/2023 19:30,2.864
10/09/2023 20:00,2.864
10/09/2023 20:30,2.864
10/09/2023 21:00,2.864
10/09/2023 21:30,2.864
10/09/2023 22:00,2.864
10/09/2023 22:30,2.864
10/09/2023 23:00,2.864
10/09/2023 23:30,2.864
10/10/2023 00:00,2.864
10/10/2023 00:30,2.864
10/10/2023 01:00,2.864
10/10/2023 01:30,2.864
10/10/2023 02:00,2.864
10/10/2023 02:30,2.864
10/10/2023 03:00,2.864
10/10/2023 03:30,2.864
10/10/2023 04:00,2.864
10/10/2023 04:30,2.864
10/10/2023 05:00,2.864
10/10/2023 05:30,2.864
10/10/2023 06:00,2.864
10/10/2023 06:30,2.864
10/10/2023 07:00,2.864
10/10/2023 07:30,2.864
10/10/2023 08:00,2.864
10/10/2023 08:30,2.864
10/10/2023 09:00,2.864
10/10/2023 09:30,2.864
10/10/2023 10:00,2.864
10/10/2023 10:30,2.864
10/10/2023 11:00,2.864
10/10/2023 11:30,2.864
10/10/2023 12:00,2.864
10/10/2023 12:30,2.864
10/10/2023 13:00,2.864
10/10/2023 13:30,2.864
10/10/2023 14:00,2.864
10/10/2023 14:30,2.864
10/10/2023 15:00,2.864
10/10/2023 15:30,2.864
10/10/2023 16:00,2.864
10/10/2023 16:30,2.864
10/10/2023 17:00,2.864
10/10/2023 17:30,2.864
10/10/2023 18:00,2.864
10/10/2023 18:30,2.864
10/10/2023 19:00,2.864
10/10/2023 19:30,2.864
10/10/2023 20:00,2.864
10/10/2023 20:30,2.864
10/10/2023 21:00,2.864
10/10/2023 21:30,2.864
10/10/2023 22:00,2.864
10/10/2023 22:30,2.864
10/10/2023 23:00,2.864
10/10/2023 23:30,2.864
10/11/2023 00:00,2.864
10/11/2023 00:30,2.864
10/11/2023 01:00,2.864
10/11/2023 01:30,2.864
10/11/2023 02:00,2.864
10/11/2023 02:30,2.864
10/11/2023 03:00,2.864
10/11/2023 03:30,2.864
10/11/2023 04:00,2.864
10/11/2023 04:30,2.864
10/11/2023 05:00,2.864
10/11/2023 05:30,2.864
10/11/2023 06:00,2.864
10/11/2023 06:30,2.864
10/11/2023 07:00,2.864
10/11/2023 07:30,2.864
10/11/2023 08:00,2.864
10/11/2023 08:30,2.864
10/11/2023 09:00,2.864
10/11/2023 09:30,2.864
10/11/2023 10:00,2.864
10/11/2023 10:30,2.864
10/11/2023 11:00,2.864
10/11/2023 11:30,2.864
10/11/2023 12:00,2.864
10/11/2023 12:30,2.864
10/11/2023 13:00,2.864
10/11/2023 13:30,2.864
10/11/2023 14:00,2.864
10/11/2023 14:30,2.864
10/11/2023 15:00,2.864
10/11/2023 15:30,2.864
10/11/2023 16:00,2.864
10/11/2023 16:30,2.864
10/11/2023 17:00,2.864
10/11/2023 17:30,2.864
10/11/2023 18:00,2.864
10/11/2023 18:30,2.864
10/11/2023 19:00,2.864
10/11/2023 19:30,2.864
10/11/2023 20:00,2.864
10/11/2023 20:30,2.864
10/11/2023 21:00,2.864
10/11/2023 21:30,2.864
10/11/2023 22:00,2.864
10/11/2023 22:30,2.864
10/11/2023 23:00,2.864
10/11/2023 23:30,2.864
10/12/2023 00:00,2.864
10/12/2023 00:30,2.864
10/12/2023 01:00,2.864
10/12/2023 01:30,2.864
10/12/2023 02:00,2.864
10/12/2023 02:30,2.864
10/12/2023 03:00,2.864
10/12/2023 03:30,2.864
10/12/2023 04:00,2.864
10/12/2023 04:30,2.864
10/12/2023 05:00,2.864
10/12/2023 05:30,2.864
10/12/2023 06:00,2.864
10/12/2023 06:30,2.864
10/12/2023 07:00,2.864
10/12/2023 07:30,2.864
10/12/2023 08:00,2.864
10/12/2023 08:30,2.864
10/12/2023 09:00,2.864
10/12/2023 09:30,2.864
10/12/2023 10:00,2.864
10/12/2023 10:30,2.864
10/12/2023 11:00,2.864
10/12/2023 11:30,2.864
10/12/2023 12:00,2.864
10/12/2023 12:30,2.864
10/12/2023 13:00,2.864
10/12/2023 13:30,2.864
10/12/2023 14:00,2.864
10/12/2023 14:30,2.864
10/12/2023 15:00,2.864
10/12/2023 15:30,2.864
10/12/2023 16:00,2.864
10/12/2023 16:30,2.864
10/12/2023 17:00,2.864
10/12/2023 17:30,2.864
10/12/2023 18:00,2.864
10/12/2023 18:30,2.864
10/12/2023 19:00,2.864
10/12/2023 19:30,2.864
10/12/2023 20:00,2.864
10/12/2023 20:30,2.864
10/12/2023 21:00,2.864
10/12/2023 21:30,2.864
10/12/2023 22:00,2.864
10/12/2023 22:30,2.864
10/12/2023 23:00,2.864
10/12/2023 23:30,2.864
10/13/2023 00:00,2.864
10/13/2023 00:30,2.864
10/13/2023 01:00,2.864
10/13/2023 01:30,2.864
10/13/2023 02:00,2.864
10/13/2023 02:30,2.864
10/13/2023 03:00,2.864
10/13/2023 03:30,2.864
10/13/2023 04:00,2.864
10/13/2023 04:30,2.864
10/13/2023 05:00,2.864
10/13/2023 05:30,2.864
10/13/2023 06:00,2.864
10/13/2023 06:30,2.864
10/13/2023 07:00,2.864
10/13/2023 07:30,2.864
10/13/2023 08:00,2.864
10/13/2023 08:30,2.864
10/13/2023 09:00,2.864
10/13/2023 09:30,2.864
10/13/2023 10:00,2.864
10/13/2023 10:30,2.864
10/13/2023 11:00,2.864
10/13/2023 11:30,2.864
10/13/2023 12:00,2.864
10/13/2023 12:30,2.864
10/13/2023 13:00,2.864
10/13/2023 13:30,2.864
10/13/2023 14:00,2.864
10/13/2023 14:30,2.864
10/13/2023 15:00,2.864
10/13/2023 15:30,2.864
10/13/2023 16:00,2.864
10/13/2023 16:30,2.864
10/13/2023 17:00,2.864
10/13/2023 17:30,2.864
10/13/2023 18:00,2.864
10/13/2023 18:30,2.864
10/13/2023 19:00,2.864
10/13/2023 19:30,2.864
10/13/2023 20:00,2.864
10/13/2023 20:30,2.864
10/13/2023 21:00,2.864
10/13/2023 21:30,2.864
10/13/2023 22:00,2.864
10/13/2023 22:30,2.864
10/13/2023 23:00,2.864
10/13/2023 23:30,2.864
10/14/2023 00:00,1.012
10/14/2023 00:30,1.012
10/14/2023 01:00,1.012
10/14/2023 01:30,1.012
10/14/2023 02:00,1.012
10/14/2023 02:30,1.012
10/14/2023 03:00,1.012
10/14/2023 03:30,1.012
10/14/2023 04:00,1.012
10/14/2023 04:30,1.012
10/14/2023 05:00,1.012
10/14/2023 05:30,1.012
10/14/2023 06:00,1.012
10/14/2023 06:30,1.012
10/14/2023 07:00,1.012
10/14/2023 07:30,1.012
10/14/2023 08:00,1.012
10/14/2023 08:30,1.012
10/14/2023 09:00,1.012
10/14/2023 09:30,1.012
10/14/2023 10:00,1.012
10/14/2023 10:30,1.012
10/14/2023 11:00,1.012
10/14/2023 11:30,1.012
10/14/2023 12:00,1.012
10/14/2023 12:30,1.012
10/14/2023 13:00,1.012
10/14/2023 13:30,1.012
10/14/2023 14:00,1.012
10/14/2023 14:30,1.012
10/14/2023 15:00,1.012
10/14/2023 15:30,1.012
10/14/2023 16:00,1.012
10/14/2023 16:30,1.012
10/14/2023 17:00,1.012
10/14/2023 17:30,1.012
10/14/2023 18:00,1.012
10/14/2023 18:30,1.012
10/14/2023 19:00,1.012
10/14/2023 19:30,1.012
10/14/2023 20:00,1.012
10/14/2023 20:30,1.012
10/14/2023 21:00,1.012
10/14/2023 21:30,1.012
10/14/2023 22:00,1.012
10/14/2023 22:30,1.012
10/14/2023 23:00,1.012
10/14/2023 23:30,1.012
10/15/2023 00:00,1.012
10/15/2023 00:30,1.012
10/15/2023 01:00,1.012
10/15/2023 01:30,1.012
10/15/2023 02:00,1.012
10/15/2023 02:30,1.012
10/15/2023 03:00,1.012
10/15/2023 03:30,1.012
10/15/2023 04:00,1.012
10/15/2023 04:30,1.012
10/15/2023 05:00,1.012
10/15/2023 05:30,1.012
10/15/2023 06:00,1.012
10/15/2023 06:30,1.012
10/15/2023 07:00,1.012
10/15/2023 07:30,1.012
10/15/2023 08:00,1.012
10/15/2023 08:30,1.012
10/15/2023 09:00,1.012
10/15/2023 09:30,1.012
10/15/2023 10:00,1.012
10/15/2023 10:30,1.012
10/15/2023 11:00,1.012
10/15/2023 11:30,1.012
10/15/2023 12:00,1.012
10/15/2023 12:30,1.012
10/15/2023 13:00,1.012
10/15/2023 13:30,1.012
10/15/2023 14:00,1.012
10/15/2023 14:30,1.012
10/15/2023 15:00,1.012
10/15/2023 15:30,1.012
10/15/2023 16:00,1.012
10/15/2023 16:30,1.012
10/15/2023 17:00,1.012
10/15/2023 17:30,1.012
10/15/2023 18:00,1.012
10/15/2023 18:30,1.012
10/15/2023 19:00,1.012
10/15/2023 19:30,1.012
10/15/2023 20:00,1.012
10/15/2023 20:30,1.012
10/15/2023 21:00,1.012
10/15/2023 21:30,1.012
10/15/2023 22:00,1.012
10/15/2023 22:30,1.012
10/15/2023 23:00,1.012
10/15/2023 23:30,1.012
10/16/2023 00:00,1.012
10/16/2023 00:30,1.012
10/16/2023 01:00,1.012
10/16/2023 01:30,1.012
10/16/2023 02:00,1.012
10/16/2023 02:30,1.012
10/16/2023 03:00,1.012
10/16/2023 03:30,1.012
10/16/2023 04:00,1.012
10/16/2023 04:30,1.012
10/16/2023 05:00,1.012
10/16/2023 05:30,1.012
10/16/2023 06:00,1.012
10/16/2023 06:30,1.012
10/16/2023 07:00,1.012
10/16/2023 07:30,1.012
10/16/2023 08:00,1.012
10/16/2023 08:30,1.012
10/16/2023 09:00,1.012
10/16/2023 09:30,1.012
10/16/2023 10:00,1.012
10/16/2023 10:30,1.012
10/16/2023 11:00,1.012
10/16/2023 11:30,1.012
10/16/2023 12:00,1.012
10/16/2023 12:30,1.012
10/16/2023 13:00,1.012
10/16/2023 13:30,1.012
10/16/2023 14:00,1.012
10/16/2023 14:30,1.012
10/16/2023 15:00,1.012
10/16/2023 15:30,1.012
10/16/2023 16:00,1.012
10/16/2023 16:30,1.012
10/16/2023 17:00,1.012
10/16/2023 17:30,1.012
10/16/2023 18:00,1.012
10/16/2023 18:30,1.012
10/16/2023 19:00,1.012
10/16/2023 19:30,1.012
10/16/2023 20:00,1.012
10/16/2023 20:30,1.012
10/16/2023 21:00,1.012
10/16/2023 21:30,1.012
10/16/2023 22:00,1.012
10/16/2023 22:30,1.012
10/16/2023 23:00,1.012
10/16/2023 23:30,1.012
10/17/2023 00:00,1.012
10/17/2023 00:30,1.012
10/17/2023 01:00,1.012
10/17/2023 01:30,1.012
10/17/2023 02:00,1.012
10/17/2023 02:30,1.012
10/17/2023 03:00,1.012
10/17/2023 03:30,1.012
10/17/2023 04:00,1.012
10/17/2023 04:30,1.012
10/17/2023 05:00,1.012
10/17/2023 05:30,1.012
10/17/2023 06:00,1.012
10/17/2023 06:30,1.012
10/17/2023 07:00,1.012
10/17/2023 07:30,1.012
10/17/2023 08:00,1.012
10/17/2023 08:30,1.012
10/17/2023 09:00,1.012
10/17/2023 09:30,1.012
10/17/2023 10:00,1.012
10/17/2023 10:30,1.012
10/17/2023 11:00,1.012
10/17/2023 11:30,1.012
10/17/2023 12:00,1.012
10/17/2023 12:30,1.012
10/17/2023 13:00,1.012
10/17/2023 13:30,1.012
10/17/2023 14:00,1.012
10/17/2023 14:30,1.012
10/17/2023 15:00,1.012
10/17/2023 15:30,1.012
10/17/2023 16:00,1.012
10/17/2023 16:30,1.012
10/17/2023 17:00,1.012
10/17/2023 17:30,1.012
10/17/2023 18:00,1.012
10/17/2023 18:30,1.012
10/17/2023 19:00,1.012
10/17/2023 19:30,1.012
10/17/2023 20:00,1.012
10/17/2023 20:30,1.012
10/17/2023 21:00,1.012
10/17/2023 21:30,1.012
10/17/2023 22:00,1.012
10/17/2023 22:30,1.012
10/17/2023 23:00,1.012
10/17/2023 23:30,1.012
10/18/2023 00:00,1.012
10/18/2023 00:30,1.012
10/18/2023 01:00,1.012
10/18/2023 01:30,1.012
10/18/2023 02:00,1.012
10/18/2023 02:30,1.012
10/18/2023 03:00,1.012
10/18/2023 03:30,1.012
10/18/2023 04:00,1.012
10/18/2023 04:30,1.012
10/18/2023 05:00,1.012
10/18/2023 05:30,1.012
10/18/2023 06:00,1.012
10/18/2023 06:30,1.012
10/18/2023 07:00,1.012
10/18/2023 07:30,1.012
10/18/2023 08:00,1.012
10/18/2023 08:30,1.012
10/18/2023 09:00,1.012
10/18/2023 09:30,1.012
10/18/2023 10:00,1.012
10/18/2023 10:30,1.012
10/18/2023 11:00,1.012
10/18/2023 11:30,1.012
10/18/2023 12:00,1.012
10/18/2023 12:30,1.012
10/18/2023 13:00,1.012
10/18/2023 13:30,1.012
10/18/2023 14:00,1.012
10/18/2023 14:30,1.012
10/18/2023 15:00,1.012
10/18/2023 15:30,1.012
10/18/2023 16:00,1.012
10/18/2023 16:30,1.012
10/18/2023 17:00,1.012
10/18/2023 17:30,1.012
10/18/2023 18:00,1.012
10/18/2023 18:30,1.012
10/18/2023 19:00,1.012
10/18/2023 19:30,1.012
10/18/2023 20:00,1.012
10/18/2023 20:30,1.012
10/18/2023 21:00,1.012
10/18/2023 21:30,1.012
10/18/2023 22:00,1.012
10/18/2023 22:30,1.012
10/18/2023 23:00,1.012
10/18/2023 23:30,1.012
10/19/2023 00:00,1.012
10/19/2023 00:30,1.012
10/19/2023 01:00,1.012
10/19/2023 01:30,1.012
10/19/2023 02:00,1.012
10/19/2023 02:30,1.012
10/19/2023 03:00,1.012
10/19/2023 03:30,1.012
10/19/2023 04:00,1.012
10/19/2023 04:30,1.012
10/19/2023 05:00,1.012
10/19/2023 05:30,1.012
10/19/2023 06:00,1.012
10/19/2023 06:30,1.012
10/19/2023 07:00,1.012
10/19/2023 07:30,1.012
10/19/2023 08:00,1.012
10/19/2023 08:30,1.012
10/19/2023 09:00,1.012
10/19/2023 09:30,1.012
10/19/2023 10:00,1.012
10/19/2023 10:30,1.012
10/19/2023 11:00,1.012
10/19/2023 11:30,1.012
10/19/2023 12:00,1.012
10/19/2023 12:30,1.012
10/19/2023 13:00,1.012
10/19/2023 13:30,1.012
10/19/2023 14:00,1.012
10/19/2023 14:30,1.012
10/19/2023 15:00,1.012
10/19/2023 15:30,1.012
10/19/2023 16:00,1.012
10/19/2023 16:30,1.012
10/19/2023 17:00,1.012
10/19/2023 17:30,1.012
10/19/2023 18:00,1.012
10/19/2023 18:30,1.012
10/19/2023 19:00,1.012
10/19/2023 19:30,1.012
10/19/2023 20:00,1.012
10/19/2023 20:30,1.012
10/19/2023 21:00,1.012
10/19/2023 21:30,1.012
10/19/2023 22:00,1.012
10/19/2023 22:30,1.012
10/19/2023 23:00,1.012
10/19/2023 23:30,1.012
10/20/2023 00:00,1.012
10/20/2023 00:30,1.012
10/20/2023 01:00,1.012
10/20/2023 01:30,1.012
10/20/2023 02:00,1.012
10/20/2023 02:30,1.012
10/20/2023 03:00,1.012
10/20/2023 03:30,1.012
10/20/2023 04:00,1.012
10/20/2023 04:30,1.012
10/20/2023 05:00,1.012
10/20/2023 05:30,1.012
10/20/2023 06:00,1.012
10/20/2023 06:30,1.012
10/20/2023 07:00,1.012
10/20/2023 07:30,1.012
10/20/2023 08:00,1.012
10/20/2023 08:30,1.012
10/20/2023 09:00,1.012
10/20/2023 09:30,1.012
10/20/2023 10:00,1.012
10/20/2023 10:30,1.012
10/20/2023 11:00,1.012
10/20/2023 11:30,1.012
10/20/2023 12:00,1.012
10/20/2023 12:30,1.012
10/20/2023 13:00,1.012
10/20/2023 13:30,1.012
10/20/2023 14:00,1.012
10/20/2023 14:30,1.012
10/20/2023 15:00,1.012
10/20/2023 15:30,1.012
10/20/2023 16:00,1.012
10/20/2023 16:30,1.012
10/20/2023 17:00,1.012
10/20/2023 17:30,1.012
10/20/2023 18:00,1.012
10/20/2023 18:30,1.012
10/20/2023 19:00,1.012
10/20/2023 19:30,1.012
10/20/2023 20:00,1.012
10/20/2023 20:30,1.012
10/20/2023 21:00,1.012
10/20/2023 21:30,1.012
10/20/2023 22:00,1.012
10/20/2023 22:30,1.012
10/20/2023 23:00,1.012
10/20/2023 23:30,1.012
10/21/2023 00:00,1.012
10/21/2023 00:30,1.012
10/21/2023 01:00,1.012
10/21/2023 01:30,1.012
10/21/2023 02:00,1.012
10/21/2023 02:30,1.012
10/21/2023 03:00,1.012
10/21/2023 03:30,1.012
10/21/2023 04:00,1.012
10/21/2023 04:30,1.012
10/21/2023 05:00,1.012
10/21/2023 05:30,1.012
10/21/2023 06:00,1.012
10/21/2023 06:30,1.012
10/21/2023 07:00,1.012
10/21/2023 07:30,1.012
10/21/2023 08:00,1.012
10/21/2023 08:30,1.012
10/21/2023 09:00,1.012
10/21/2023 09:30,1.012
10/21/2023 10:00,1.012
10/21/2023 10:30,1.012
10/21/2023 11:00,1.012
10/21/2023 11:30,1.012
10/21/2023 12:00,1.012
10/21/2023 12:30,1.012
10/21/2023 13:00,1.012
10/21/2023 13:30,1.012
10/21/2023 14:00,1.012
10/21/2023 14:30,1.012
10/21/2023 15:00,1.012
10/21/2023 15:30,1.012
10/21/2023 16:00,1.012
10/21/2023 16:30,1.012
10/21/2023 17:00,1.012
10/21/2023 17:30,1.012
10/21/2023 18:00,1.012
10/21/2023 18:30,1.012
10/21/2023 19:00,1.012
10/21/2023 19:30,1.012
10/21/2023 20:00,1.012
10/21/2023 20:30,1.012
10/21/2023 21:00,1.012
10/21/2023 21:30,1.012
10/21/2023 22:00,1.012
10/21/2023 22:30,1.012
10/21/2023 23:00,1.012
10/21/2023 23:30,1.012
10/22/2023 00:00,2.864
10/22/2023 00:30,2.864
10/22/2023 01:00,2.864
10/22/2023 01:30,2.864
10/22/2023 02:00,2.864
10/22/2023 02:30,2.864
10/22/2023 03:00,2.864
10/22/2023 03:30,2.864
10/22/2023 04:00,2.864
10/22/2023 04:30,2.864
10/22/2023 05:00,2.864
10/22/2023 05:30,2.864
10/22/2023 06:00,2.864
10/22/2023 06:30,2.864
10/22/2023 07:00,2.864
10/22/2023 07:30,2.864
10/22/2023 08:00,2.864
10/22/2023 08:30,2.864
10/22/2023 09:00,2.864
10/22/2023 09:30,2.864
10/22/2023 10:00,2.864
10/22/2023 10:30,2.864
10/22/2023 11:00,2.864
10/22/2023 11:30,2.864
10/22/2023 12:00,2.864
10/22/2023 12:30,2.864
10/22/2023 13:00,2.864
10/22/2023 13:30,2.864
10/22/2023 14:00,2.864
10/22/2023 14:30,2.864
10/22/2023 15:00,2.864
10/22/2023 15:30,2.864
10/22/2023 16:00,2.864
10/22/2023 16:30,2.864
10/22/2023 17:00,2.864
10/22/2023 17:30,2.864
10/22/2023 18:00,2.864
10/22/2023 18:30,2.864
10/22/2023 19:00,2.864
10/22/2023 19:30,2.864
10/22/2023 20:00,2.864
10/22/2023 20:30,2.864
10/22/2023 21:00,2.864
10/22/2023 21:30,2.864
10/22/2023 22:00,2.864
10/22/2023 22:30,2.864
10/22/2023 23:00,2.864
10/22/2023 23:30,2.864
10/23/2023 00:00,2.864
10/23/2023 00:30,2.864
10/23/2023 01:00,2.864
10/23/2023 01:30,2.864
10/23/2023 02:00,2.864
10/23/2023 02:30,2.864
10/23/2023 03:00,2.864
10/23/2023 03:30,2.864
10/23/2023 04:00,2.864
10/23/2023 04:30,2.864
10/23/2023 05:00,2.864
10/23/2023 05:30,2.864
10/23/2023 06:00,2.864
10/23/2023 06:30,2.864
10/23/2023 07:00,2.864
10/23/2023 07:30,2.864
10/23/2023 08:00,2.864
10/23/2023 08:30,2.864
10/23/2023 09:00,2.864
10/23/2023 09:30,2.864
10/23/2023 10:00,2.864
10/23/2023 10:30,2.864
10/23/2023 11:00,2.864
10/23/2023 11:30,2.864
10/23/2023 12:00,2.864
10/23/2023 12:30,2.864
10/23/2023 13:00,2.864
10/23/2023 13:30,2.864
10/23/2023 14:00,2.864
10/23/2023 14:30,2.864
10/23/2023 15:00,2.864
10/23/2023 15:30,2.864
10/23/2023 16:00,2.864
10/23/2023 16:30,2.864
10/23/2023 17:00,2.864
10/23/2023 17:30,2.864
10/23/2023 18:00,2.864
10/23/2023 18:30,2.864
10/23/2023 19:00,2.864
10/23/2023 19:30,2.864
10/23/2023 20:00,2.864
10/23/2023 20:30,2.864
10/23/2023 21:00,2.864
10/23/2023 21:30,2.864
10/23/2023 22:00,2.864
10/23/2023 22:30,2.864
10/23/2023 23:00,2.864
10/23/2023 23:30,2.864
10/24/2023 00:00,2.864
10/24/2023 00:30,2.864
10/24/2023 01:00,2.864
10/24/2023 01:30,2.864
10/24/2023 02:00,2.864
10/24/2023 02:30,2.864
10/24/2023 03:00,2.864
10/24/2023 03:30,2.864
10/24/2023 04:00,2.864
10/24/2023 04:30,2.864
10/24/2023 05:00,2.864
10/24/2023 05:30,2.864
10/24/2023 06:00,2.864
10/24/2023 06:30,2.864
10/24/2023 07:00,2.864
10/24/2023 07:30,2.864
10/24/2023 08:00,2.864
10/24/2023 08:30,2.864
10/24/2023 09:00,2.864
10/24/2023 09:30,2.864
10/24/2023 10:00,2.864
10/24/2023 10:30,2.864
10/24/2023 11:00,2.864
10/24/2023 11:30,2.864
10/24/2023 12:00,2.864
10/24/2023 12:30,2.864
10/24/2023 13:00,2.864
10/24/2023 13:30,2.864
10/24/2023 14:00,2.864
10/24/2023 14:30,2.864
10/24/2023 15:00,2.864
10/24/2023 15:30,2.864
10/24/2023 16:00,2.864
10/24/2023 16:30,2.864
10/24/2023 17:00,2.864
10/24/2023 17:30,2.864
10/24/2023 18:00,2.864
10/24/2023 18:30,2.864
10/24/2023 19:00,2.864
10/24/2023 19:30,2.864
10/24/2023 20:00,2.864
10/24/2023 20:30,2.864
10/24/2023 21:00,2.864
10/24/2023 21:30,2.864
10/24/2023 22:00,2.864
10/24/2023 22:30,2.864
10/24/2023 23:00,2.864
10/24/2023 23:30,2.864
10/25/2023 00:00,2.864
10/25/2023 00:30,2.864
10/25/2023 01:00,2.864
10/25/2023 01:30,2.864
10/25/2023 02:00,2.864
10/25/2023 02:30,2.864
10/25/2023 03:00,2.864
10/25/2023 03:30,2.864
10/25/2023 04:00,2.864
10/25/2023 04:30,2.864
10/25/2023 05:00,2.864
10/25/2023 05:30,2.864
10/25/2023 06:00,2.864
10/25/2023 06:30,2.864
10/25/2023 07:00,2.864
10/25/2023 07:30,2.864
10/25/2023 08:00,2.864
10/25/2023 08:30,2.864
10/25/2023 09:00,2.864
10/25/2023 09:30,2.864
10/25/2023 10:00,2.864
10/25/2023 10:30,2.864
10/25/2023 11:00,2.864
10/25/2023 11:30,2.864
10/25/2023 12:00,2.864
10/25/2023 12:30,2.864
10/25/2023 13:00,2.864
10/25/2023 13:30,2.864
10/25/2023 14:00,2.864
10/25/2023 14:30,2.864
10/25/2023 15:00,2.864
10/25/2023 15:30,2.864
10/25/2023 16:00,2.864
10/25/2023 16:30,2.864
10/25/2023 17:00,2.864
10/25/2023 17:30,2.864
10/25/2023 18:00,2.864
10/25/2023 18:30,2.864
10/25/2023 19:00,2.864
10/25/2023 19:30,2.864
10/25/2023 20:00,2.864
10/25/2023 20:30,2.864
10/25/2023 21:00,2.864
10/25/2023 21:30,2.864
10/25/2023 22:00,2.864
10/25/2023 22:30,2.864
10/25/2023 23:00,2.864
10/25/2023 23:30,2.864
10/26/2023 00:00,2.864
10/26/2023 00:30,2.864
10/26/2023 01:00,2.864
10/26/2023 01:30,2.864
10/26/2023 02:00,2.864
10/26/2023 02:30,2.864
10/26/2023 03:00,2.864
10/26/2023 03:30,2.864
10/26/2023 04:00,2.864
10/26/2023 04:30,2.864
10/26/2023 05:00,2.864
10/26/2023 05:30,2.864
10/26/2023 06:00,2.864
10/26/2023 06:30,2.864
10/26/2023 07:00,2.864
10/26/2023 07:30,2.864
10/26/2023 08:00,2.864
10/26/2023 08:30,2.864
10/26/2023 09:00,2.864
10/26/2023 09:30,2.864
10/26/2023 10:00,2.864
10/26/2023 10:30,2.864
10/26/2023 11:00,2.864
10/26/2023 11:30,2.864
10/26/2023 12:00,2.864
10/26/2023 12:30,2.864
10/26/2023 13:00,2.864
10/26/2023 13:30,2.864
10/26/2023 14:00,2.864
10/26/2023 14:30,2.864
10/26/2023 15:00,2.864
10/26/2023 15:30,2.864
10/26/2023 16:00,2.864
10/26/2023 16:30,2.864
10/26/2023 17:00,2.864
10/26/2023 17:30,2.864
10/26/2023 18:00,2.864
10/26/2023 18:30,2.864
10/26/2023 19:00,2.864
10/26/2023 19:30,2.864
10/26/2023 20:00,2.864
10/26/2023 20:30,2.864
10/26/2023 21:00,2.864
10/26/2023 21:30,2.864
10/26/2023 22:00,2.864
10/26/2023 22:30,2.864
10/26/2023 23:00,2.864
10/26/2023 23:30,2.864
10/27/2023 00:00,2.864
10/27/2023 00:30,2.864
10/27/2023 01:00,2.864
10/27/2023 01:30,2.864
10/27/2023 02:00,2.864
10/27/2023 02:30,2.864
10/27/2023 03:00,2.864
10/27/2023 03:30,2.864
10/27/2023 04:00,2.864
10/27/2023 04:30,2.864
10/27/2023 05:00,2.864
10/27/2023 05:30,2.864
10/27/2023 06:00,2.864
10/27/2023 06:30,2.864
10/27/2023 07:00,2.864
10/27/2023 07:30,2.864
10/27/2023 08:00,2.864
10/27/2023 08:30,2.864
10/27/2023 09:00,2.864
10/27/2023 09:30,2.864
10/27/2023 10:00,2.864
10/27/2023 10:30,2.864
10/27/2023 11:00,2.864
10/27/2023 11:30,2.864
10/27/2023 12:00,2.864
10/27/2023 12:30,2.864
10/27/2023 13:00,2.864
10/27/2023 13:30,2.864
10/27/2023 14:00,2.864
10/27/2023 14:30,2.864
10/27/2023 15:00,2.864
10/27/2023 15:30,2.864
10/27/2023 16:00,2.864
10/27/2023 16:30,2.864
10/27/2023 17:00,2.864
10/27/2023 17:30,2.864
10/27/2023 18:00,2.864
10/27/2023 18:30,2.864
10/27/2023 19:00,2.864
10/27/2023 19:30,2.864
10/27/2023 20:00,2.864
10/27/2023 20:30,2.864
10/27/2023 21:00,2.864
10/27/2023 21:30,2.864
10/27/2023 22:00,2.864
10/27/2023 22:30,2.864
10/27/2023 23:00,2.864
10/27/2023 23:30,2.864
10/28/2023 00:00,1.012
10/28/2023 00:30,1.012
10/28/2023 01:00,1.012
10/28/2023 01:30,1.012
10/28/2023 02:00,1.012
10/28/2023 02:30,1.012
10/28/2023 03:00,1.012
10/28/2023 03:30,1.012
10/28/2023 04:00,1.012
10/28/2023 04:30,1.012
10/28/2023 05:00,1.012
10/28/2023 05:30,1.012
10/28/2023 06:00,1.012
10/28/2023 06:30,1.012
10/28/2023 07:00,1.012
10/28/2023 07:30,1.012
10/28/2023 08:00,1.012
10/28/2023 08:30,1.012
10/28/2023 09:00,1.012
10/28/2023 09:30,1.012
10/28/2023 10:00,1.012
10/28/2023 10:30,1.012
10/28/2023 11:00,1.012
10/28/2023 11:30,1.012
10/28/2023 12:00,1.012
10/28/2023 12:30,1.012
10/28/2023 13:00,1.012
10/28/2023 13:30,1.012
10/28/2023 14:00,1.012
10/28/2023 14:30,1.012
10/28/2023 15:00,1.012
10/28/2023 15:30,1.012
10/28/2023 16:00,1.012
10/28/2023 16:30,1.012
10/28/2023 17:00,1.012
10/28/2023 17:30,1.012
10/28/2023 18:00,1.012
10/28/2023 18:30,1.012
10/28/2023 19:00,1.012
10/28/2023 19:30,1.012
10/28/2023 20:00,1.012
10/28/2023 20:30,1.012
10/28/2023 21:00,1.012
10/28/2023 21:30,1.012
10/28/2023 22:00,1.012
10/28/2023 22:30,1.012
10/28/2023 23:00,1.012
10/28/2023 23:30,1.012
10/29/2023 00:00,1.012
10/29/2023 00:30,1.012
10/29/2023 01:00,1.012
10/29/2023 01:30,1.012
10/29/2023 02:00,1.012
10/29/2023 02:30,1.012
10/29/2023 03:00,1.012
10/29/2023 03:30,1.012
10/29/2023 04:00,1.012
10/29/2023 04:30,1.012
10/29/2023 05:00,1.012
10/29/2023 05:30,1.012
10/29/2023 06:00,1.012
10/29/2023 06:30,1.012
10/29/2023 07:00,1.012
10/29/2023 07:30,1.012
10/29/2023 08:00,1.012
10/29/2023 08:30,1.012
10/29/2023 09:00,1.012
10/29/2023 09:30,1.012
10/29/2023 10:00,1.012
10/29/2023 10:30,1.012
10/29/2023 11:00,1.012
10/29/2023 11:30,1.012
10/29/2023 12:00,1.012
10/29/2023 12:30,1.012
10/29/2023 13:00,1.012
10/29/2023 13:30,1.012
10/29/2023 14:00,1.012
10/29/2023 14:30,1.012
10/29/2023 15:00,1.012
10/29/2023 15:30,1.012
10/29/2023 16:00,1.012
10/29/2023 16:30,1.012
10/29/2023 17:00,1.012
10/29/2023 17:30,1.012
10/29/2023 18:00,1.012
10/29/2023 18:30,1.012
10/29/2023 19:00,1.012
10/29/2023 19:30,1.012
10/29/2023 20:00,1.012
10/29/2023 20:30,1.012
10/29/2023 21:00,1.012
10/29/2023 21:30,1.012
10/29/2023 22:00,1.012
10/29/2023 22:30,1.012
10/29/2023 23:00,1.012
10/29/2023 23:30,1.012
10/30/2023 00:00,1.012
10/30/2023 00:30,1.012
10/30/2023 01:00,1.012
10/30/2023 01:30,1.012
10/30/2023 02:00,1.012
10/30/2023 02:30,1.012
10/30/2023 03:00,1.012
10/30/2023 03:30,1.012
10/30/2023 04:00,1.012
10/30/2023 04:30,1.012
10/30/2023 05:00,1.012
10/30/2023 05:30,1.012
10/30/2023 06:00,1.012
10/30/2023 06:30,1.012
10/30/2023 07:00,1.012
10/30/2023 07:30,1.012
10/30/2023 08:00,1.012
10/30/2023 08:30,1.012
10/30/2023 09:00,1.012
10/30/2023 09:30,1.012
10/30/2023 10:00,1.012
10/30/2023 10:30,1.012
10/30/2023 11:00,1.012
10/30/2023 11:30,1.012
10/30/2023 12:00,1.012
10/30/2023 12:30,1.012
10/30/2023 13:00,1.012
10/30/2023 13:30,1.012
10/30/2023 14:00,1.012
10/30/2023 14:30,1.012
10/30/2023 15:00,1.012
10/30/2023 15:30,1.012
10/30/2023 16:00,1.012
10/30/2023 16:30,1.012
10/30/2023 17:00,1.012
10/30/2023 17:30,1.012
10/30/2023 18:00,1.012
10/30/2023 18:30,1.012
10/30/2023 19:00,1.012
10/30/2023 19:30,1.012
10/30/2023 20:00,1.012
10/30/2023 20:30,1.012
10/30/2023 21:00,1.012
10/30/2023 21:30,1.012
10/30/2023 22:00,1.012
10/30/2023 22:30,1.012
10/30/2023 23:00,1.012
10/30/2023 23:30,1.012
10/31/2023 00:00,1.012
10/31/2023 00:30,1.012
10/31/2023 01:00,1.012
10/31/2023 01:30,1.012
10/31/2023 02:00,1.012
10/31/2023 02:30,1.012
10/31/2023 03:00,1.012
10/31/2023 03:30,1.012
10/31/2023 04:00,1.012
10/31/2023 04:30,1.012
10/31/2023 05:00,1.012
10/31/2023 05:30,1.012
10/31/2023 06:00,1.012
10/31/2023 06:30,1.012
10/31/2023 07:00,1.012
10/31/2023 07:30,1.012
10/31/2023 08:00,1.012
10/31/2023 08:30,1.012
10/31/2023 09:00,1.012
10/31/2023 09:30,1.012
10/31/2023 10:00,1.012
10/31/2023 10:30,1.012
10/31/2023 11:00,1.012
10/31/2023 11:30,1.012
10/31/2023 12:00,1.012
10/31/2023 12:30,1.012
10/31/2023 13:00,1.012
10/31/2023 13:30,1.012
10/31/2023 14:00,1.012
10/31/2023 14:30,1.012
10/31/2023 15:00,1.012
10/31/2023 15:30,1.012
10/31/2023 16:00,1.012
10/31/2023 16:30,1.012
10/31/2023 17:00,1.012
10/31/2023 17:30,1.012
10/31/2023 18:00,1.012
10/31/2023 18:30,1.012
10/31/2023 19:00,1.012
10/31/2023 19:30,1.012
10/31/2023 20:00,1.012
10/31/2023 20:30,1.012
10/31/2023 21:00,1.012
10/31/2023 21:30,1.012
10/31/2023 22:00,1.012
10/31/2023 22:30,1.012
10/31/2023 23:00,1.012
10/31/2023 23:30,1.012
11/01/2023 00:00,1.012
11/01/2023 00:30,1.012
11/01/2023 01:00,1.012
11/01/2023 01:30,1.012
11/01/2023 02:00,1.012
11/01/2023 02:30,1.012
11/01/2023 03:00,1.012
11/01/2023 03:30,1.012
11/01/2023 04:00,1.012
11/01/2023 04:30,1.012
11/01/2023 05:00,1.012
11/01/2023 05:30,1.012
11/01/2023 06:00,1.012
11/01/2023 06:30,1.012
11/01/2023 07:00,1.012
11/01/2023 07:30,1.012
11/01/2023 08:00,1.012
11/01/2023 08:30,1.012
11/01/2023 09:00,1.012
11/01/2023 09:30,1.012
11/01/2023 10:00,1.012
11/01/2023 10:30,1.012
11/01/2023 11:00,1.012
11/01/2023 11:30,1.012
11/01/2023 12:00,1.012
11/01/2023 12:30,1.012
11/01/2023 13:00,1.012
11/01/2023 13:30,1.012
11/01/2023 14:00,1.012
11/01/2023 14:30,1.012
11/01/2023 15:00,1.012
11/01/2023 15:30,1.012
11/01/2023 16:00,1.012
11/01/2023 16:30,1.012
11/01/2023 17:00,1.012
11/01/2023 17:30,1.012
11/01/2023 18:00,1.012
11/01/2023 18:30,1.012
11/01/2023 19:00,1.012
11/01/2023 19:30,1.012
11/01/2023 20:00,1.012
11/01/2023 20:30,1.012
11/01/2023 21:00,1.012
11/01/2023 21:30,1.012
11/01/2023 22:00,1.012
11/01/2023 22:30,1.012
11/01/2023 23:00,1.012
11/01/2023 23:30,1.012
11/02/2023 00:00,14.881
11/02/2023 00:00,64.8
11/02/2023 00:30,14.881
11/02/2023 00:30,64.8
11/02/2023 01:00,64.8
11/02/2023 01:00,14.881
11/02/2023 01:30,14.881
11/02/2023 01:30,64.8
11/02/2023 02:00,64.8
11/02/2023 02:00,14.881
11/02/2023 02:30,14.881
11/02/2023 02:30,64.8
11/02/2023 03:00,14.881
11/02/2023 03:00,64.8
11/02/2023 03:30,14.881
11/02/2023 03:30,64.8
11/02/2023 04:00,14.881
11/02/2023 04:00,64.8
11/02/2023 04:30,14.881
11/02/2023 04:30,64.8
11/02/2023 05:00,14.881
11/02/2023 05:00,64.8
11/02/2023 05:30,14.881
11/02/2023 05:30,64.8
11/02/2023 06:00,14.881
11/02/2023 06:00,64.8
11/02/2023 06:30,14.881
11/02/2023 06:30,64.8
11/02/2023 07:00,64.8
11/02/2023 07:00,14.881
11/02/2023 07:30,14.881
11/02/2023 07:30,64.8
11/02/2023 08:00,64.8
11/02/2023 08:00,14.881
11/02/2023 08:30,14.881
11/02/2023 08:30,64.8
11/02/2023 09:00,14.881
11/02/2023 09:00,64.8
11/02/2023 09:30,14.881
11/02/2023 09:30,64.8
11/02/2023 10:00,14.881
11/02/2023 10:00,64.8
11/02/2023 10:30,64.8
11/02/2023 10:30,14.881
11/02/2023 11:00,64.8
11/02/2023 11:00,14.881
11/02/2023 11:30,14.881
11/02/2023 11:30,64.8
11/02/2023 12:00,14.881
11/02/2023 12:00,64.8
11/02/2023 12:30,14.881
11/02/2023 12:30,64.8
11/02/2023 13:00,64.8
11/02/2023 13:00,14.881
11/02/2023 13:30,64.8
11/02/2023 13:30,14.881
11/02/2023 14:00,64.8
11/02/2023 14:00,14.881
11/02/2023 14:30,14.881
11/02/2023 14:30,64.8
11/02/2023 15:00,64.8
11/02/2023 15:00,14.881
11/02/2023 15:30,64.8
11/02/2023 15:30,14.881
11/02/2023 16:00,64.8
11/02/2023 16:00,14.881
11/02/2023 16:30,14.881
11/02/2023 16:30,64.8
11/02/2023 17:00,64.8
11/02/2023 17:00,14.881
11/02/2023 17:30,14.881
11/02/2023 17:30,64.8
11/02/2023 18:00,64.8
11/02/2023 18:00,14.881
11/02/2023 18:30,64.8
11/02/2023 18:30,14.881
11/02/2023 19:00,64.8
11/02/2023 19:00,14.881
11/02/2023 19:30,64.8
11/02/2023 19:30,14.881
11/02/2023 20:00,14.881
11/02/2023 20:00,64.8
11/02/2023 20:30,14.881
11/02/2023 20:30,64.8
11/02/2023 21:00,14.881
11/02/2023 21:00,64.8
11/02/2023 21:30,64.8
11/02/2023 21:30,14.881
11/02/2023 22:00,14.881
11/02/2023 22:00,64.8
11/02/2023 22:30,64.8
11/02/2023 22:30,14.881
11/02/2023 23:00,14.881
11/02/2023 23:00,64.8
11/02/2023 23:30,14.881
11/02/2023 23:30,64.8
11/03/2023 00:00,42.08
11/03/2023 00:30,42.08
11/03/2023 01:00,42.08
11/03/2023 01:30,42.08
11/03/2023 02:00,42.08
11/03/2023 02:30,42.08
11/03/2023 03:00,42.08
11/03/2023 03:30,42.08
11/03/2023 04:00,42.08
11/03/2023 04:30,42.08
11/03/2023 05:00,42.08
11/03/2023 05:30,42.08
11/03/2023 06:00,42.08
11/03/2023 06:30,42.08
11/03/2023 07:00,42.08
11/03/2023 07:30,42.08
11/03/2023 08:00,42.08
11/03/2023 08:30,42.08
11/03/2023 09:00,42.08
11/03/2023 09:30,42.08
11/03/2023 10:00,42.08
11/03/2023 10:30,42.08
11/03/2023 11:00,42.08
11/03/2023 11:30,42.08
11/03/2023 12:00,42.08
11/03/2023 12:30,42.08
11/03/2023 13:00,42.08
11/03/2023 13:30,42.08
11/03/2023 14:00,42.08
11/03/2023 14:30,42.08
11/03/2023 15:00,42.08
11/03/2023 15:30,42.08
11/03/2023 16:00,42.08
11/03/2023 16:30,42.08
11/03/2023 17:00,42.08
11/03/2023 17:30,42.08
11/03/2023 18:00,42.08
11/03/2023 18:30,42.08
11/03/2023 19:00,42.08
11/03/2023 19:30,42.08
11/03/2023 20:00,42.08
11/03/2023 20:30,42.08
11/03/2023 21:00,42.08
11/03/2023 21:30,42.08
11/03/2023 22:00,42.08
11/03/2023 22:30,42.08
11/03/2023 23:00,42.08
11/03/2023 23:30,42.08
11/04/2023 00:00,22.91
11/04/2023 00:30,22.91
11/04/2023 01:00,22.91
11/04/2023 01:30,22.91
11/04/2023 02:00,22.91
11/04/2023 02:30,22.91
11/04/2023 03:00,22.91
11/04/2023 03:30,22.91
11/04/2023 04:00,22.91
11/04/2023 04:30,22.91
11/04/2023 05:00,22.91
11/04/2023 05:30,22.91
11/04/2023 06:00,22.91
11/04/2023 06:30,22.91
11/04/2023 07:00,22.91
11/04/2023 07:30,22.91
11/04/2023 08:00,22.91
11/04/2023 08:30,22.91
11/04/2023 09:00,22.91
11/04/2023 09:30,22.91
11/04/2023 10:00,22.91
11/04/2023 10:30,22.91
11/04/2023 11:00,22.91
11/04/2023 11:30,22.91
11/04/2023 12:00,22.91
11/04/2023 12:30,22.91
11/04/2023 13:00,22.91
11/04/2023 13:30,22.91
11/04/2023 14:00,22.91
11/04/2023 14:30,22.91
11/04/2023 15:00,22.91
11/04/2023 15:30,22.91
11/04/2023 16:00,22.91
11/04/2023 16:30,22.91
11/04/2023 17:00,22.91
11/04/2023 17:30,22.91
11/04/2023 18:00,22.91
11/04/2023 18:30,22.91
11/04/2023 19:00,22.91
11/04/2023 19:30,22.91
11/04/2023 20:00,22.91
11/04/2023 20:30,22.91
11/04/2023 21:00,22.91
11/04/2023 21:30,22.91
11/04/2023 22:00,22.91
11/04/2023 22:30,22.91
11/04/2023 23:00,22.91
11/04/2023 23:30,22.91
11/05/2023 00:00,14.881
11/05/2023 00:30,14.881
11/05/2023 01:00,14.881
11/05/2023 01:30,14.881
11/05/2023 02:00,14.881
11/05/2023 02:30,14.881
11/05/2023 03:00,14.881
11/05/2023 03:30,14.881
11/05/2023 04:00,14.881
11/05/2023 04:30,14.881
11/05/2023 05:00,14.881
11/05/2023 05:30,14.881
11/05/2023 06:00,14.881
11/05/2023 06:30,14.881
11/05/2023 07:00,14.881
11/05/2023 07:30,14.881
11/05/2023 08:00,14.881
11/05/2023 08:30,14.881
11/05/2023 09:00,14.881
11/05/2023 09:30,14.881
11/05/2023 10:00,14.881
11/05/2023 10:30,14.881
11/05/2023 11:00,14.881
11/05/2023 11:30,14.881
11/05/2023 12:00,14.881
11/05/2023 12:30,14.881
11/05/2023 13:00,14.881
11/05/2023 13:30,14.881
11/05/2023 14:00,14.881
11/05/2023 14:30,14.881
11/05/2023 15:00,14.881
11/05/2023 15:30,14.881
11/05/2023 16:00,14.881
11/05/2023 16:30,14.881
11/05/2023 17:00,14.881
11/05/2023 17:30,14.881
11/05/2023 18:00,14.881
11/05/2023 18:30,14.881
11/05/2023 19:00,14.881
11/05/2023 19:30,14.881
11/05/2023 20:00,14.881
11/05/2023 20:30,14.881
11/05/2023 21:00,14.881
11/05/2023 21:30,14.881
11/05/2023 22:00,14.881
11/05/2023 22:30,14.881
11/05/2023 23:00,14.881
11/05/2023 23:30,14.881
11/06/2023 00:00,11.32
11/06/2023 00:30,11.32
11/06/2023 01:00,11.32
11/06/2023 01:30,11.32
11/06/2023 02:00,11.32
11/06/2023 02:30,11.32
11/06/2023 03:00,11.32
11/06/2023 03:30,11.32
11/06/2023 04:00,11.32
11/06/2023 04:30,11.32
11/06/2023 05:00,11.32
11/06/2023 05:30,11.32
11/06/2023 06:00,11.32
11/06/2023 06:30,11.32
11/06/2023 07:00,11.32
11/06/2023 07:30,11.32
11/06/2023 08:00,11.32
11/06/2023 08:30,11.32
11/06/2023 09:00,11.32
11/06/2023 09:30,11.32
11/06/2023 10:00,11.32
11/06/2023 10:30,11.32
11/06/2023 11:00,11.32
11/06/2023 11:30,11.32
11/06/2023 12:00,11.32
11/06/2023 12:30,11.32
11/06/2023 13:00,11.32
11/06/2023 13:30,11.32
11/06/2023 14:00,11.32
11/06/2023 14:30,11.32
11/06/2023 15:00,11.32
11/06/2023 15:30,11.32
11/06/2023 16:00,11.32
11/06/2023 16:30,11.32
11/06/2023 17:00,11.32
11/06/2023 17:30,11.32
11/06/2023 18:00,11.32
11/06/2023 18:30,11.32
11/06/2023 19:00,11.32
11/06/2023 19:30,11.32
11/06/2023 20:00,11.32
11/06/2023 20:30,11.32
11/06/2023 21:00,11.32
11/06/2023 21:30,11.32
11/06/2023 22:00,11.32
11/06/2023 22:30,11.32
11/06/2023 23:00,11.32
11/06/2023 23:30,11.32
11/07/2023 00:00,11.32
11/07/2023 00:30,11.32
11/07/2023 01:00,11.32
11/07/2023 01:30,11.32
11/07/2023 02:00,11.32
11/07/2023 02:30,11.32
11/07/2023 03:00,11.32
11/07/2023 03:30,11.32
11/07/2023 04:00,11.32
11/07/2023 04:30,11.32
11/07/2023 05:00,11.32
11/07/2023 05:30,11.32
11/07/2023 06:00,11.32
11/07/2023 06:30,11.32
11/07/2023 07:00,11.32
11/07/2023 07:30,11.32
11/07/2023 08:00,11.32
11/07/2023 08:30,11.32
11/07/2023 09:00,11.32
11/07/2023 09:30,11.32
11/07/2023 10:00,11.32
11/07/2023 10:30,11.32
11/07/2023 11:00,11.32
11/07/2023 11:30,11.32
11/07/2023 12:00,11.32
11/07/2023 12:30,11.32
11/07/2023 13:00,11.32
11/07/2023 13:30,11.32
11/07/2023 14:00,11.32
11/07/2023 14:30,11.32
11/07/2023 15:00,11.32
11/07/2023 15:30,11.32
11/07/2023 16:00,11.32
11/07/2023 16:30,11.32
11/07/2023 17:00,11.32
11/07/2023 17:30,11.32
11/07/2023 18:00,11.32
11/07/2023 18:30,11.32
11/07/2023 19:00,11.32
11/07/2023 19:30,11.32
11/07/2023 20:00,11.32
11/07/2023 20:30,11.32
11/07/2023 21:00,11.32
11/07/2023 21:30,11.32
11/07/2023 22:00,11.32
11/07/2023 22:30,11.32
11/07/2023 23:00,11.32
11/07/2023 23:30,11.32
11/08/2023 00:00,8.1
11/08/2023 00:30,8.1
11/08/2023 01:00,8.1
11/08/2023 01:30,8.1
11/08/2023 02:00,8.1
11/08/2023 02:30,8.1
11/08/2023 03:00,8.1
11/08/2023 03:30,8.1
11/08/2023 04:00,8.1
11/08/2023 04:30,8.1
11/08/2023 05:00,8.1
11/08/2023 05:30,8.1
11/08/2023 06:00,8.1
11/08/2023 06:30,8.1
11/08/2023 07:00,8.1
11/08/2023 07:30,8.1
11/08/2023 08:00,8.1
11/08/2023 08:30,8.1
11/08/2023 09:00,8.1
11/08/2023 09:30,8.1
11/08/2023 10:00,8.1
11/08/2023 10:30,8.1
11/08/2023 11:00,8.1
11/08/2023 11:30,8.1
11/08/2023 12:00,8.1
11/08/2023 12:30,8.1
11/08/2023 13:00,8.1
11/08/2023 13:30,8.1
11/08/2023 14:00,8.1
11/08/2023 14:30,8.1
11/08/2023 15:00,8.1
11/08/2023 15:30,8.1
11/08/2023 16:00,8.1
11/08/2023 16:30,8.1
11/08/2023 17:00,8.1
11/08/2023 17:30,8.1
11/08/2023 18:00,8.1
11/08/2023 18:30,8.1
11/08/2023 19:00,8.1
11/08/2023 19:30,8.1
11/08/2023 20:00,8.1
11/08/2023 20:30,8.1
11/08/2023 21:00,8.1
11/08/2023 21:30,8.1
11/08/2023 22:00,8.1
11/08/2023 22:30,8.1
11/08/2023 23:00,8.1
11/08/2023 23:30,8.1
11/09/2023 00:00,8.1
11/09/2023 00:30,8.1
11/09/2023 01:00,8.1
11/09/2023 01:30,8.1
11/09/2023 02:00,8.1
11/09/2023 02:30,8.1
11/09/2023 03:00,8.1
11/09/2023 03:30,8.1
11/09/2023 04:00,8.1
11/09/2023 04:30,8.1
11/09/2023 05:00,8.1
11/09/2023 05:30,8.1
11/09/2023 06:00,8.1
11/09/2023 06:30,8.1
11/09/2023 07:00,8.1
11/09/2023 07:30,8.1
11/09/2023 08:00,8.1
11/09/2023 08:30,8.1
11/09/2023 09:00,8.1
11/09/2023 09:30,8.1
11/09/2023 10:00,8.1
11/09/2023 10:30,8.1
11/09/2023 11:00,8.1
11/09/2023 11:30,8.1
11/09/2023 12:00,8.1
11/09/2023 12:30,8.1
11/09/2023 13:00,8.1
11/09/2023 13:30,8.1
11/09/2023 14:00,8.1
11/09/2023 14:30,8.1
11/09/2023 15:00,8.1
11/09/2023 15:30,8.1
11/09/2023 16:00,8.1
11/09/2023 16:30,8.1
11/09/2023 17:00,8.1
11/09/2023 17:30,8.1
11/09/2023 18:00,8.1
11/09/2023 18:30,8.1
11/09/2023 19:00,8.1
11/09/2023 19:30,8.1
11/09/2023 20:00,8.1
11/09/2023 20:30,8.1
11/09/2023 21:00,8.1
11/09/2023 21:30,8.1
11/09/2023 22:00,8.1
11/09/2023 22:30,8.1
11/09/2023 23:00,8.1
11/09/2023 23:30,8.1
11/10/2023 00:00,8.1
11/10/2023 00:30,8.1
11/10/2023 01:00,8.1
11/10/2023 01:30,8.1
11/10/2023 02:00,8.1
11/10/2023 02:30,8.1
11/10/2023 03:00,8.1
11/10/2023 03:30,8.1
11/10/2023 04:00,8.1
11/10/2023 04:30,8.1
11/10/2023 05:00,8.1
11/10/2023 05:30,8.1
11/10/2023 06:00,8.1
11/10/2023 06:30,8.1
11/10/2023 07:00,8.1
11/10/2023 07:30,8.1
11/10/2023 08:00,8.1
11/10/2023 08:30,8.1
11/10/2023 09:00,8.1
11/10/2023 09:30,8.1
11/10/2023 10:00,8.1
11/10/2023 10:30,8.1
11/10/2023 11:00,8.1
11/10/2023 11:30,8.1
11/10/2023 12:00,8.1
11/10/2023 12:30,8.1
11/10/2023 13:00,8.1
11/10/2023 13:30,8.1
11/10/2023 14:00,8.1
11/10/2023 14:30,8.1
11/10/2023 15:00,8.1
11/10/2023 15:30,8.1
11/10/2023 16:00,8.1
11/10/2023 16:30,8.1
11/10/2023 17:00,8.1
11/10/2023 17:30,8.1
11/10/2023 18:00,8.1
11/10/2023 18:30,8.1
11/10/2023 19:00,8.1
11/10/2023 19:30,8.1
11/10/2023 20:00,8.1
11/10/2023 20:30,8.1
11/10/2023 21:00,8.1
11/10/2023 21:30,8.1
11/10/2023 22:00,8.1
11/10/2023 22:30,8.1
11/10/2023 23:00,8.1
11/10/2023 23:30,8.1
11/11/2023 00:00,8.1
11/11/2023 00:30,8.1
11/11/2023 01:00,8.1
11/11/2023 01:30,8.1
11/11/2023 02:00,8.1
11/11/2023 02:30,8.1
11/11/2023 03:00,8.1
11/11/2023 03:30,8.1
11/11/2023 04:00,8.1
11/11/2023 04:30,8.1
11/11/2023 05:00,8.1
11/11/2023 05:30,8.1
11/11/2023 06:00,8.1
11/11/2023 06:30,8.1
11/11/2023 07:00,8.1
11/11/2023 07:30,8.1
11/11/2023 08:00,8.1
11/11/2023 08:30,8.1
11/11/2023 09:00,8.1
11/11/2023 09:30,8.1
11/11/2023 10:00,8.1
11/11/2023 10:30,8.1
11/11/2023 11:00,8.1
11/11/2023 11:30,8.1
11/11/2023 12:00,8.1
11/11/2023 12:30,8.1
11/11/2023 13:00,8.1
11/11/2023 13:30,8.1
11/11/2023 14:00,8.1
11/11/2023 14:30,8.1
11/11/2023 15:00,8.1
11/11/2023 15:30,8.1
11/11/2023 16:00,8.1
11/11/2023 16:30,8.1
11/11/2023 17:00,8.1
11/11/2023 17:30,8.1
11/11/2023 18:00,8.1
11/11/2023 18:30,8.1
11/11/2023 19:00,8.1
11/11/2023 19:30,8.1
11/11/2023 20:00,8.1
11/11/2023 20:30,8.1
11/11/2023 21:00,8.1
11/11/2023 21:30,8.1
11/11/2023 22:00,8.1
11/11/2023 22:30,8.1
11/11/2023 23:00,8.1
11/11/2023 23:30,8.1
11/12/2023 00:00,5.261
11/12/2023 00:30,5.261
11/12/2023 01:00,5.261
11/12/2023 01:30,5.261
11/12/2023 02:00,5.261
11/12/2023 02:30,5.261
11/12/2023 03:00,5.261
11/12/2023 03:30,5.261
11/12/2023 04:00,5.261
11/12/2023 04:30,5.261
11/12/2023 05:00,5.261
11/12/2023 05:30,5.261
11/12/2023 06:00,5.261
11/12/2023 06:30,5.261
11/12/2023 07:00,5.261
11/12/2023 07:30,5.261
11/12/2023 08:00,5.261
11/12/2023 08:30,5.261
11/12/2023 09:00,5.261
11/12/2023 09:30,5.261
11/12/2023 10:00,5.261
11/12/2023 10:30,5.261
11/12/2023 11:00,5.261
11/12/2023 11:30,5.261
11/12/2023 12:00,5.261
11/12/2023 12:30,5.261
11/12/2023 13:00,5.261
11/12/2023 13:30,5.261
11/12/2023 14:00,5.261
11/12/2023 14:30,5.261
11/12/2023 15:00,5.261
11/12/2023 15:30,5.261
11/12/2023 16:00,5.261
11/12/2023 16:30,5.261
11/12/2023 17:00,5.261
11/12/2023 17:30,5.261
11/12/2023 18:00,5.261
11/12/2023 18:30,5.261
11/12/2023 19:00,5.261
11/12/2023 19:30,5.261
11/12/2023 20:00,5.261
11/12/2023 20:30,5.261
11/12/2023 21:00,5.261
11/12/2023 21:30,5.261
11/12/2023 22:00,5.261
11/12/2023 22:30,5.261
11/12/2023 23:00,5.261
11/12/2023 23:30,5.261
11/13/2023 00:00,5.261
11/13/2023 00:30,5.261
11/13/2023 01:00,5.261
11/13/2023 01:30,5.261
11/13/2023 02:00,5.261
11/13/2023 02:30,5.261
11/13/2023 03:00,5.261
11/13/2023 03:30,5.261
11/13/2023 04:00,5.261
11/13/2023 04:30,5.261
11/13/2023 05:00,5.261
11/13/2023 05:30,5.261
11/13/2023 06:00,5.261
11/13/2023 06:30,5.261
11/13/2023 07:00,5.261
11/13/2023 07:30,5.261
11/13/2023 08:00,5.261
11/13/2023 08:30,5.261
11/13/2023 09:00,5.261
11/13/2023 09:30,5.261
11/13/2023 10:00,5.261
11/13/2023 10:30,5.261
11/13/2023 11:00,5.261
11/13/2023 11:30,5.261
11/13/2023 12:00,5.261
11/13/2023 12:30,5.261
11/13/2023 13:00,5.261
11/13/2023 13:30,5.261
11/13/2023 14:00,5.261
11/13/2023 14:30,5.261
11/13/2023 15:00,5.261
11/13/2023 15:30,5.261
11/13/2023 16:00,5.261
11/13/2023 16:30,5.261
11/13/2023 17:00,5.261
11/13/2023 17:30,5.261
11/13/2023 18:00,5.261
11/13/2023 18:30,5.261
11/13/2023 19:00,5.261
11/13/2023 19:30,5.261
11/13/2023 20:00,5.261
11/13/2023 20:30,5.261
11/13/2023 21:00,5.261
11/13/2023 21:30,5.261
11/13/2023 22:00,5.261
11/13/2023 22:30,5.261
11/13/2023 23:00,5.261
11/13/2023 23:30,5.261
11/14/2023 00:00,11.32
11/14/2023 00:30,11.32
11/14/2023 01:00,11.32
11/14/2023 01:30,11.32
11/14/2023 02:00,11.32
11/14/2023 02:30,11.32
11/14/2023 03:00,11.32
11/14/2023 03:30,11.32
11/14/2023 04:00,11.32
11/14/2023 04:30,11.32
11/14/2023 05:00,11.32
11/14/2023 05:30,11.32
11/14/2023 06:00,11.32
11/14/2023 06:30,11.32
11/14/2023 07:00,11.32
11/14/2023 07:30,11.32
11/14/2023 08:00,11.32
11/14/2023 08:30,11.32
11/14/2023 09:00,11.32
11/14/2023 09:30,11.32
11/14/2023 10:00,11.32
11/14/2023 10:30,11.32
11/14/2023 11:00,11.32
11/14/2023 11:30,11.32
11/14/2023 12:00,11.32
11/14/2023 12:30,11.32
11/14/2023 13:00,11.32
11/14/2023 13:30,11.32
11/14/2023 14:00,11.32
11/14/2023 14:30,11.32
11/14/2023 15:00,11.32
11/14/2023 15:30,11.32
11/14/2023 16:00,11.32
11/14/2023 16:30,11.32
11/14/2023 17:00,11.32
11/14/2023 17:30,11.32
11/14/2023 18:00,11.32
11/14/2023 18:30,11.32
11/14/2023 19:00,11.32
11/14/2023 19:30,11.32
11/14/2023 20:00,11.32
11/14/2023 20:30,11.32
11/14/2023 21:00,11.32
11/14/2023 21:30,11.32
11/14/2023 22:00,11.32
11/14/2023 22:30,11.32
11/14/2023 23:00,11.32
11/14/2023 23:30,11.32
11/15/2023 00:00,32.018
11/15/2023 00:00,18.752
11/15/2023 00:30,18.752
11/15/2023 00:30,32.018
11/15/2023 01:00,18.752
11/15/2023 01:00,32.018
11/15/2023 01:30,18.752
11/15/2023 01:30,32.018
11/15/2023 02:00,18.752
11/15/2023 02:00,32.018
11/15/2023 02:30,18.752
11/15/2023 02:30,32.018
11/15/2023 03:00,18.752
11/15/2023 03:00,32.018
11/15/2023 03:30,18.752
11/15/2023 03:30,32.018
11/15/2023 04:00,18.752
11/15/2023 04:00,32.018
11/15/2023 04:30,32.018
11/15/2023 04:30,18.752
11/15/2023 05:00,32.018
11/15/2023 05:00,18.752
11/15/2023 05:30,18.752
11/15/2023 05:30,32.018
11/15/2023 06:00,18.752
11/15/2023 06:00,32.018
11/15/2023 06:30,18.752
11/15/2023 06:30,32.018
11/15/2023 07:00,18.752
11/15/2023 07:00,32.018
11/15/2023 07:30,18.752
11/15/2023 07:30,32.018
11/15/2023 08:00,18.752
11/15/2023 08:00,32.018
11/15/2023 08:30,18.752
11/15/2023 08:30,32.018
11/15/2023 09:00,18.752
11/15/2023 09:00,32.018
11/15/2023 09:30,18.752
11/15/2023 09:30,32.018
11/15/2023 10:00,32.018
11/15/2023 10:00,18.752
11/15/2023 10:30,18.752
11/15/2023 10:30,32.018
11/15/2023 11:00,18.752
11/15/2023 11:00,32.018
11/15/2023 11:30,32.018
11/15/2023 11:30,18.752
11/15/2023 12:00,32.018
11/15/2023 12:00,18.752
11/15/2023 12:30,32.018
11/15/2023 12:30,18.752
11/15/2023 13:00,32.018
11/15/2023 13:00,18.752
11/15/2023 13:30,32.018
11/15/2023 13:30,18.752
11/15/2023 14:00,32.018
11/15/2023 14:00,18.752
11/15/2023 14:30,32.018
11/15/2023 14:30,18.752
11/15/2023 15:00,32.018
11/15/2023 15:00,18.752
11/15/2023 15:30,32.018
11/15/2023 15:30,18.752
11/15/2023 16:00,32.018
11/15/2023 16:00,18.752
11/15/2023 16:30,18.752
11/15/2023 16:30,32.018
11/15/2023 17:00,32.018
11/15/2023 17:00,18.752
11/15/2023 17:30,32.018
11/15/2023 17:30,18.752
11/15/2023 18:00,32.018
11/15/2023 18:00,18.752
11/15/2023 18:30,32.018
11/15/2023 18:30,18.752
11/15/2023 19:00,32.018
11/15/2023 19:00,18.752
11/15/2023 19:30,18.752
11/15/2023 19:30,32.018
11/15/2023 20:00,18.752
11/15/2023 20:00,32.018
11/15/2023 20:30,18.752
11/15/2023 20:30,32.018
11/15/2023 21:00,18.752
11/15/2023 21:00,32.018
11/15/2023 21:30,32.018
11/15/2023 21:30,18.752
11/15/2023 22:00,18.752
11/15/2023 22:00,32.018
11/15/2023 22:30,18.752
11/15/2023 22:30,32.018
11/15/2023 23:00,18.752
11/15/2023 23:00,32.018
11/15/2023 23:30,18.752
11/15/2023 23:30,32.018
11/16/2023 00:00,18.752
11/16/2023 00:30,18.752
11/16/2023 01:00,18.752
11/16/2023 01:30,18.752
11/16/2023 02:00,18.752
11/16/2023 02:30,18.752
11/16/2023 03:00,18.752
11/16/2023 03:30,18.752
11/16/2023 04:00,18.752
11/16/2023 04:30,18.752
11/16/2023 05:00,18.752
11/16/2023 05:30,18.752
11/16/2023 06:00,18.752
11/16/2023 06:30,18.752
11/16/2023 07:00,18.752
11/16/2023 07:30,18.752
11/16/2023 08:00,18.752
11/16/2023 08:30,18.752
11/16/2023 09:00,18.752
11/16/2023 09:30,18.752
11/16/2023 10:00,18.752
11/16/2023 10:30,18.752
11/16/2023 11:00,18.752
11/16/2023 11:30,18.752
11/16/2023 12:00,18.752
11/16/2023 12:30,18.752
11/16/2023 13:00,18.752
11/16/2023 13:30,18.752
11/16/2023 14:00,18.752
11/16/2023 14:30,18.752
11/16/2023 15:00,18.752
11/16/2023 15:30,18.752
11/16/2023 16:00,18.752
11/16/2023 16:30,18.752
11/16/2023 17:00,18.752
11/16/2023 17:30,18.752
11/16/2023 18:00,18.752
11/16/2023 18:30,18.752
11/16/2023 19:00,18.752
11/16/2023 19:30,18.752
11/16/2023 20:00,18.752
11/16/2023 20:30,18.752
11/16/2023 21:00,18.752
11/16/2023 21:30,18.752
11/16/2023 22:00,18.752
11/16/2023 22:30,18.752
11/16/2023 23:00,18.752
11/16/2023 23:30,18.752
11/17/2023 00:00,22.91
11/17/2023 00:00,22.91
11/17/2023 00:00,22.91
11/17/2023 00:00,18.752
11/17/2023 00:30,22.91
11/17/2023 00:30,22.91
11/17/2023 00:30,18.752
11/17/2023 00:30,22.91
11/17/2023 01:00,22.91
11/17/2023 01:00,22.91
11/17/2023 01:00,18.752
11/17/2023 01:00,22.91
11/17/2023 01:30,18.752
11/17/2023 01:30,22.91
11/17/2023 01:30,22.91
11/17/2023 01:30,22.91
11/17/2023 02:00,22.91
11/17/2023 02:00,18.752
11/17/2023 02:00,22.91
11/17/2023 02:00,22.91
11/17/2023 02:30,22.91
11/17/2023 02:30,22.91
11/17/2023 02:30,18.752
11/17/2023 02:30,22.91
11/17/2023 03:00,22.91
11/17/2023 03:00,18.752
11/17/2023 03:00,22.91
11/17/2023 03:00,22.91
11/17/2023 03:30,22.91
11/17/2023 03:30,18.752
11/17/2023 03:30,22.91
11/17/2023 03:30,22.91
11/17/2023 04:00,18.752
11/17/2023 04:00,22.91
11/17/2023 04:00,22.91
11/17/2023 04:00,22.91
11/17/2023 04:30,22.91
11/17/2023 04:30,22.91
11/17/2023 04:30,18.752
11/17/2023 04:30,22.91
11/17/2023 05:00,22.91
11/17/2023 05:00,22.91
11/17/2023 05:00,18.752
11/17/2023 05:00,22.91
11/17/2023 05:30,22.91
11/17/2023 05:30,22.91
11/17/2023 05:30,22.91
11/17/2023 05:30,18.752
11/17/2023 06:00,22.91
11/17/2023 06:00,18.752
11/17/2023 06:00,22.91
11/17/2023 06:00,22.91
11/17/2023 06:30,22.91
11/17/2023 06:30,22.91
11/17/2023 06:30,22.91
11/17/2023 06:30,18.752
11/17/2023 07:00,22.91
11/17/2023 07:00,18.752
11/17/2023 07:00,22.91
11/17/2023 07:00,22.91
11/17/2023 07:30,22.91
11/17/2023 07:30,18.752
11/17/2023 07:30,22.91
11/17/2023 07:30,22.91
11/17/2023 08:00,22.91
11/17/2023 08:00,22.91
11/17/2023 08:00,18.752
11/17/2023 08:00,22.91
11/17/2023 08:30,22.91
11/17/2023 08:30,22.91
11/17/2023 08:30,22.91
11/17/2023 08:30,18.752
11/17/2023 09:00,18.752
11/17/2023 09:00,22.91
11/17/2023 09:00,22.91
11/17/2023 09:00,22.91
11/17/2023 09:30,18.752
11/17/2023 09:30,22.91
11/17/2023 09:30,22.91
11/17/2023 09:30,22.91
11/17/2023 10:00,18.752
11/17/2023 10:00,22.91
11/17/2023 10:00,22.91
11/17/2023 10:00,22.91
11/17/2023 10:30,22.91
11/17/2023 10:30,22.91
11/17/2023 10:30,18.752
11/17/2023 10:30,22.91
11/17/2023 11:00,22.91
11/17/2023 11:00,18.752
11/17/2023 11:00,22.91
11/17/2023 11:00,22.91
11/17/2023 11:30,22.91
11/17/2023 11:30,18.752
11/17/2023 11:30,22.91
11/17/2023 11:30,22.91
11/17/2023 12:00,18.752
11/17/2023 12:00,22.91
11/17/2023 12:00,22.91
11/17/2023 12:00,22.91
11/17/2023 12:30,22.91
11/17/2023 12:30,22.91
11/17/2023 12:30,18.752
11/17/2023 12:30,22.91
11/17/2023 13:00,22.91
11/17/2023 13:00,22.91
11/17/2023 13:00,18.752
11/17/2023 13:00,22.91
11/17/2023 13:30,22.91
11/17/2023 13:30,22.91
11/17/2023 13:30,18.752
11/17/2023 13:30,22.91
11/17/2023 14:00,22.91
11/17/2023 14:00,22.91
11/17/2023 14:00,22.91
11/17/2023 14:00,18.752
11/17/2023 14:30,22.91
11/17/2023 14:30,22.91
11/17/2023 14:30,18.752
11/17/2023 14:30,22.91
11/17/2023 15:00,22.91
11/17/2023 15:00,22.91
11/17/2023 15:00,22.91
11/17/2023 15:00,18.752
11/17/2023 15:30,22.91
11/17/2023 15:30,22.91
11/17/2023 15:30,22.91
11/17/2023 15:30,18.752
11/17/2023 16:00,22.91
11/17/2023 16:00,22.91
11/17/2023 16:00,22.91
11/17/2023 16:00,18.752
11/17/2023 16:30,22.91
11/17/2023 16:30,18.752
11/17/2023 16:30,22.91
11/17/2023 16:30,22.91
11/17/2023 17:00,18.752
11/17/2023 17:00,22.91
11/17/2023 17:00,22.91
11/17/2023 17:00,22.91
11/17/2023 17:30,22.91
11/17/2023 17:30,22.91
11/17/2023 17:30,18.752
11/17/2023 17:30,22.91
11/17/2023 18:00,22.91
11/17/2023 18:00,22.91
11/17/2023 18:00,18.752
11/17/2023 18:00,22.91
11/17/2023 18:30,22.91
11/17/2023 18:30,22.91
11/17/2023 18:30,18.752
11/17/2023 18:30,22.91
11/17/2023 19:00,18.752
11/17/2023 19:00,22.91
11/17/2023 19:00,22.91
11/17/2023 19:00,22.91
11/17/2023 19:30,22.91
11/17/2023 19:30,22.91
11/17/2023 19:30,22.91
11/17/2023 19:30,18.752
11/17/2023 20:00,22.91
11/17/2023 20:00,22.91
11/17/2023 20:00,18.752
11/17/2023 20:00,22.91
11/17/2023 20:30,18.752
11/17/2023 20:30,22.91
11/17/2023 20:30,22.91
11/17/2023 20:30,22.91
11/17/2023 21:00,22.91
11/17/2023 21:00,22.91
11/17/2023 21:00,18.752
11/17/2023 21:00,22.91
11/17/2023 21:30,22.91
11/17/2023 21:30,18.752
11/17/2023 21:30,22.91
11/17/2023 21:30,22.91
11/17/2023 22:00,22.91
11/17/2023 22:00,18.752
11/17/2023 22:00,22.91
11/17/2023 22:00,22.91
11/17/2023 22:30,22.91
11/17/2023 22:30,18.752
11/17/2023 22:30,22.91
11/17/2023 22:30,22.91
11/17/2023 23:00,22.91
11/17/2023 23:00,22.91
11/17/2023 23:00,18.752
11/17/2023 23:00,22.91
11/17/2023 23:30,18.752
11/17/2023 23:30,22.91
11/17/2023 23:30,22.91
11/17/2023 23:30,22.91
11/18/2023 00:00,119.045
11/18/2023 00:00,42.089
11/18/2023 00:00,150.014
11/18/2023 00:00,22.91
11/18/2023 00:00,22.91
11/18/2023 00:30,22.91
11/18/2023 00:30,119.045
11/18/2023 00:30,22.91
11/18/2023 00:30,150.014
11/18/2023 00:30,42.089
11/18/2023 01:00,119.045
11/18/2023 01:00,22.91
11/18/2023 01:00,150.014
11/18/2023 01:00,22.91
11/18/2023 01:00,42.089
11/18/2023 01:30,119.045
11/18/2023 01:30,150.014
11/18/2023 01:30,22.91
11/18/2023 01:30,42.089
11/18/2023 01:30,22.91
11/18/2023 02:00,119.045
11/18/2023 02:00,42.089
11/18/2023 02:00,150.014
11/18/2023 02:00,22.91
11/18/2023 02:00,22.91
11/18/2023 02:30,42.089
11/18/2023 02:30,119.045
11/18/2023 02:30,22.91
11/18/2023 02:30,150.014
11/18/2023 02:30,22.91
11/18/2023 03:00,42.089
11/18/2023 03:00,22.91
11/18/2023 03:00,150.014
11/18/2023 03:00,119.045
11/18/2023 03:00,22.91
11/18/2023 03:30,22.91
11/18/2023 03:30,22.91
11/18/2023 03:30,150.014
11/18/2023 03:30,42.089
11/18/2023 03:30,119.045
11/18/2023 04:00,150.014
11/18/2023 04:00,42.089
11/18/2023 04:00,22.91
11/18/2023 04:00,22.91
11/18/2023 04:00,119.045
11/18/2023 04:30,119.045
11/18/2023 04:30,42.089
11/18/2023 04:30,22.91
11/18/2023 04:30,22.91
11/18/2023 04:30,150.014
11/18/2023 05:00,119.045
11/18/2023 05:00,42.089
11/18/2023 05:00,150.014
11/18/2023 05:00,22.91
11/18/2023 05:00,22.91
11/18/2023 05:30,150.014
11/18/2023 05:30,42.089
11/18/2023 05:30,119.045
11/18/2023 05:30,22.91
11/18/2023 05:30,22.91
11/18/2023 06:00,22.91
11/18/2023 06:00,150.014
11/18/2023 06:00,42.089
11/18/2023 06:00,22.91
11/18/2023 06:00,119.045
11/18/2023 06:30,22.91
11/18/2023 06:30,150.014
11/18/2023 06:30,119.045
11/18/2023 06:30,42.089
11/18/2023 06:30,22.91
11/18/2023 07:00,150.014
11/18/2023 07:00,119.045
11/18/2023 07:00,42.089
11/18/2023 07:00,22.91
11/18/2023 07:00,22.91
11/18/2023 07:30,22.91
11/18/2023 07:30,22.91
11/18/2023 07:30,150.014
11/18/2023 07:30,42.089
11/18/2023 07:30,119.045
11/18/2023 08:00,22.91
11/18/2023 08:00,22.91
11/18/2023 08:00,150.014
11/18/2023 08:00,42.089
11/18/2023 08:00,119.045
11/18/2023 08:30,22.91
11/18/2023 08:30,119.045
11/18/2023 08:30,22.91
11/18/2023 08:30,150.014
11/18/2023 08:30,42.089
11/18/2023 09:00,22.91
11/18/2023 09:00,22.91
11/18/2023 09:00,150.014
11/18/2023 09:00,119.045
11/18/2023 09:00,42.089
11/18/2023 09:30,22.91
11/18/2023 09:30,150.014
11/18/2023 09:30,22.91
11/18/2023 09:30,42.089
11/18/2023 09:30,119.045
11/18/2023 10:00,42.089
11/18/2023 10:00,22.91
11/18/2023 10:00,150.014
11/18/2023 10:00,119.045
11/18/2023 10:00,22.91
11/18/2023 10:30,42.089
11/18/2023 10:30,150.014
11/18/2023 10:30,22.91
11/18/2023 10:30,119.045
11/18/2023 10:30,22.91
11/18/2023 11:00,119.045
11/18/2023 11:00,42.089
11/18/2023 11:00,22.91
11/18/2023 11:00,150.014
11/18/2023 11:00,22.91
11/18/2023 11:30,22.91
11/18/2023 11:30,22.91
11/18/2023 11:30,150.014
11/18/2023 11:30,119.045
11/18/2023 11:30,42.089
11/18/2023 12:00,119.045
11/18/2023 12:00,22.91
11/18/2023 12:00,22.91
11/18/2023 12:00,150.014
11/18/2023 12:00,42.089
11/18/2023 12:30,22.91
11/18/2023 12:30,119.045
11/18/2023 12:30,22.91
11/18/2023 12:30,150.014
11/18/2023 12:30,42.089
11/18/2023 13:00,42.089
11/18/2023 13:00,119.045
11/18/2023 13:00,22.91
11/18/2023 13:00,22.91
11/18/2023 13:00,150.014
11/18/2023 13:30,22.91
11/18/2023 13:30,22.91
11/18/2023 13:30,119.045
11/18/2023 13:30,42.089
11/18/2023 13:30,150.014
11/18/2023 14:00,119.045
11/18/2023 14:00,22.91
11/18/2023 14:00,150.014
11/18/2023 14:00,22.91
11/18/2023 14:00,42.089
11/18/2023 14:30,22.91
11/18/2023 14:30,42.089
11/18/2023 14:30,150.014
11/18/2023 14:30,119.045
11/18/2023 14:30,22.91
11/18/2023 15:00,42.089
11/18/2023 15:00,22.91
11/18/2023 15:00,22.91
11/18/2023 15:00,119.045
11/18/2023 15:00,150.014
11/18/2023 15:30,119.045
11/18/2023 15:30,22.91
11/18/2023 15:30,22.91
11/18/2023 15:30,150.014
11/18/2023 15:30,42.089
11/18/2023 16:00,119.045
11/18/2023 16:00,42.089
11/18/2023 16:00,22.91
11/18/2023 16:00,150.014
11/18/2023 16:00,22.91
11/18/2023 16:30,119.045
11/18/2023 16:30,42.089
11/18/2023 16:30,22.91
11/18/2023 16:30,150.014
11/18/2023 16:30,22.91
11/18/2023 17:00,119.045
11/18/2023 17:00,22.91
11/18/2023 17:00,22.91
11/18/2023 17:00,150.014
11/18/2023 17:00,42.089
11/18/2023 17:30,150.014
11/18/2023 17:30,42.089
11/18/2023 17:30,22.91
11/18/2023 17:30,22.91
11/18/2023 17:30,119.045
11/18/2023 18:00,150.014
11/18/2023 18:00,42.089
11/18/2023 18:00,22.91
11/18/2023 18:00,119.045
11/18/2023 18:00,22.91
11/18/2023 18:30,119.045
11/18/2023 18:30,42.089
11/18/2023 18:30,22.91
11/18/2023 18:30,150.014
11/18/2023 18:30,22.91
11/18/2023 19:00,22.91
11/18/2023 19:00,22.91
11/18/2023 19:00,150.014
11/18/2023 19:00,119.045
11/18/2023 19:00,42.089
11/18/2023 19:30,22.91
11/18/2023 19:30,150.014
11/18/2023 19:30,22.91
11/18/2023 19:30,119.045
11/18/2023 19:30,42.089
11/18/2023 20:00,150.014
11/18/2023 20:00,22.91
11/18/2023 20:00,22.91
11/18/2023 20:00,42.089
11/18/2023 20:00,119.045
11/18/2023 20:30,42.089
11/18/2023 20:30,150.014
11/18/2023 20:30,119.045
11/18/2023 20:30,22.91
11/18/2023 20:30,22.91
11/18/2023 21:00,119.045
11/18/2023 21:00,22.91
11/18/2023 21:00,150.014
11/18/2023 21:00,42.089
11/18/2023 21:00,22.91
11/18/2023 21:30,150.014
11/18/2023 21:30,22.91
11/18/2023 21:30,42.089
11/18/2023 21:30,119.045
11/18/2023 21:30,22.91
11/18/2023 22:00,22.91
11/18/2023 22:00,119.045
11/18/2023 22:00,150.014
11/18/2023 22:00,42.089
11/18/2023 22:00,22.91
11/18/2023 22:30,150.014
11/18/2023 22:30,119.045
11/18/2023 22:30,22.91
11/18/2023 22:30,42.089
11/18/2023 22:30,22.91
11/18/2023 23:00,119.045
11/18/2023 23:00,22.91
11/18/2023 23:00,42.089
11/18/2023 23:00,22.91
11/18/2023 23:00,150.014
11/18/2023 23:30,150.014
11/18/2023 23:30,119.045
11/18/2023 23:30,42.089
11/18/2023 23:30,22.91
11/18/2023 23:30,22.91
11/19/2023 00:00,90.561
11/19/2023 00:30,90.561
11/19/2023 01:00,90.561
11/19/2023 01:30,90.561
11/19/2023 02:00,90.561
11/19/2023 02:30,90.561
11/19/2023 03:00,90.561
11/19/2023 03:30,90.561
11/19/2023 04:00,90.561
11/19/2023 04:30,90.561
11/19/2023 05:00,90.561
11/19/2023 05:30,90.561
11/19/2023 06:00,90.561
11/19/2023 06:30,90.561
11/19/2023 07:00,90.561
11/19/2023 07:30,90.561
11/19/2023 08:00,90.561
11/19/2023 08:30,90.561
11/19/2023 09:00,90.561
11/19/2023 09:30,90.561
11/19/2023 10:00,90.561
11/19/2023 10:30,90.561
11/19/2023 11:00,90.561
11/19/2023 11:30,90.561
11/19/2023 12:00,90.561
11/19/2023 12:30,90.561
11/19/2023 13:00,90.561
11/19/2023 13:30,90.561
11/19/2023 14:00,90.561
11/19/2023 14:30,90.561
11/19/2023 15:00,90.561
11/19/2023 15:30,90.561
11/19/2023 16:00,90.561
11/19/2023 16:30,90.561
11/19/2023 17:00,90.561
11/19/2023 17:30,90.561
11/19/2023 18:00,90.561
11/19/2023 18:30,90.561
11/19/2023 19:00,90.561
11/19/2023 19:30,90.561
11/19/2023 20:00,90.561
11/19/2023 20:30,90.561
11/19/2023 21:00,90.561
11/19/2023 21:30,90.561
11/19/2023 22:00,90.561
11/19/2023 22:30,90.561
11/19/2023 23:00,90.561
11/19/2023 23:30,90.561
11/20/2023 00:00,42.089
11/20/2023 00:30,42.089
11/20/2023 01:00,42.089
11/20/2023 01:30,42.089
11/20/2023 02:00,42.089
11/20/2023 02:30,42.089
11/20/2023 03:00,42.089
11/20/2023 03:30,42.089
11/20/2023 04:00,42.089
11/20/2023 04:30,42.089
11/20/2023 05:00,42.089
11/20/2023 05:30,42.089
11/20/2023 06:00,42.089
11/20/2023 06:30,42.089
11/20/2023 07:00,42.089
11/20/2023 07:30,42.089
11/20/2023 08:00,42.089
11/20/2023 08:30,42.089
11/20/2023 09:00,42.089
11/20/2023 09:30,42.089
11/20/2023 10:00,42.089
11/20/2023 10:30,42.089
11/20/2023 11:00,42.089
11/20/2023 11:30,42.089
11/20/2023 12:00,42.089
11/20/2023 12:30,42.089
11/20/2023 13:00,42.089
11/20/2023 13:30,42.089
11/20/2023 14:00,42.089
11/20/2023 14:30,42.089
11/20/2023 15:00,42.089
11/20/2023 15:30,42.089
11/20/2023 16:00,42.089
11/20/2023 16:30,42.089
11/20/2023 17:00,42.089
11/20/2023 17:30,42.089
11/20/2023 18:00,42.089
11/20/2023 18:30,42.089
11/20/2023 19:00,42.089
11/20/2023 19:30,42.089
11/20/2023 20:00,42.089
11/20/2023 20:30,42.089
11/20/2023 21:00,42.089
11/20/2023 21:30,42.089
11/20/2023 22:00,42.089
11/20/2023 22:30,42.089
11/20/2023 23:00,42.089
11/20/2023 23:30,42.089
11/21/2023 00:00,22.91
11/21/2023 00:30,22.91
11/21/2023 01:00,22.91
11/21/2023 01:30,22.91
11/21/2023 02:00,22.91
11/21/2023 02:30,22.91
11/21/2023 03:00,22.91
11/21/2023 03:30,22.91
11/21/2023 04:00,22.91
11/21/2023 04:30,22.91
11/21/2023 05:00,22.91
11/21/2023 05:30,22.91
11/21/2023 06:00,22.91
11/21/2023 06:30,22.91
11/21/2023 07:00,22.91
11/21/2023 07:30,22.91
11/21/2023 08:00,22.91
11/21/2023 08:30,22.91
11/21/2023 09:00,22.91
11/21/2023 09:30,22.91
11/21/2023 10:00,22.91
11/21/2023 10:30,22.91
11/21/2023 11:00,22.91
11/21/2023 11:30,22.91
11/21/2023 12:00,22.91
11/21/2023 12:30,22.91
11/21/2023 13:00,22.91
11/21/2023 13:30,22.91
11/21/2023 14:00,22.91
11/21/2023 14:30,22.91
11/21/2023 15:00,22.91
11/21/2023 15:30,22.91
11/21/2023 16:00,22.91
11/21/2023 16:30,22.91
11/21/2023 17:00,22.91
11/21/2023 17:30,22.91
11/21/2023 18:00,22.91
11/21/2023 18:30,22.91
11/21/2023 19:00,22.91
11/21/2023 19:30,22.91
11/21/2023 20:00,22.91
11/21/2023 20:30,22.91
11/21/2023 21:00,22.91
11/21/2023 21:30,22.91
11/21/2023 22:00,22.91
11/21/2023 22:30,22.91
11/21/2023 23:00,22.91
11/21/2023 23:30,22.91
11/22/2023 00:00,14.881
11/22/2023 00:30,14.881
11/22/2023 01:00,14.881
11/22/2023 01:30,14.881
11/22/2023 02:00,14.881
11/22/2023 02:30,14.881
11/22/2023 03:00,14.881
11/22/2023 03:30,14.881
11/22/2023 04:00,14.881
11/22/2023 04:30,14.881
11/22/2023 05:00,14.881
11/22/2023 05:30,14.881
11/22/2023 06:00,14.881
11/22/2023 06:30,14.881
11/22/2023 07:00,14.881
11/22/2023 07:30,14.881
11/22/2023 08:00,14.881
11/22/2023 08:30,14.881
11/22/2023 09:00,14.881
11/22/2023 09:30,14.881
11/22/2023 10:00,14.881
11/22/2023 10:30,14.881
11/22/2023 11:00,14.881
11/22/2023 11:30,14.881
11/22/2023 12:00,14.881
11/22/2023 12:30,14.881
11/22/2023 13:00,14.881
11/22/2023 13:30,14.881
11/22/2023 14:00,14.881
11/22/2023 14:30,14.881
11/22/2023 15:00,14.881
11/22/2023 15:30,14.881
11/22/2023 16:00,14.881
11/22/2023 16:30,14.881
11/22/2023 17:00,14.881
11/22/2023 17:30,14.881
11/22/2023 18:00,14.881
11/22/2023 18:30,14.881
11/22/2023 19:00,14.881
11/22/2023 19:30,14.881
11/22/2023 20:00,14.881
11/22/2023 20:30,14.881
11/22/2023 21:00,14.881
11/22/2023 21:30,14.881
11/22/2023 22:00,14.881
11/22/2023 22:30,14.881
11/22/2023 23:00,14.881
11/22/2023 23:30,14.881
11/23/2023 00:00,8.1
11/23/2023 00:30,8.1
11/23/2023 01:00,8.1
11/23/2023 01:30,8.1
11/23/2023 02:00,8.1
11/23/2023 02:30,8.1
11/23/2023 03:00,8.1
11/23/2023 03:30,8.1
11/23/2023 04:00,8.1
11/23/2023 04:30,8.1
11/23/2023 05:00,8.1
11/23/2023 05:30,8.1
11/23/2023 06:00,8.1
11/23/2023 06:30,8.1
11/23/2023 07:00,8.1
11/23/2023 07:30,8.1
11/23/2023 08:00,8.1
11/23/2023 08:30,8.1
11/23/2023 09:00,8.1
11/23/2023 09:30,8.1
11/23/2023 10:00,8.1
11/23/2023 10:30,8.1
11/23/2023 11:00,8.1
11/23/2023 11:30,8.1
11/23/2023 12:00,8.1
11/23/2023 12:30,8.1
11/23/2023 13:00,8.1
11/23/2023 13:30,8.1
11/23/2023 14:00,8.1
11/23/2023 14:30,8.1
11/23/2023 15:00,8.1
11/23/2023 15:30,8.1
11/23/2023 16:00,8.1
11/23/2023 16:30,8.1
11/23/2023 17:00,8.1
11/23/2023 17:30,8.1
11/23/2023 18:00,8.1
11/23/2023 18:30,8.1
11/23/2023 19:00,8.1
11/23/2023 19:30,8.1
11/23/2023 20:00,8.1
11/23/2023 20:30,8.1
11/23/2023 21:00,8.1
11/23/2023 21:30,8.1
11/23/2023 22:00,8.1
11/23/2023 22:30,8.1
11/23/2023 23:00,8.1
11/23/2023 23:30,8.1
11/24/2023 00:00,8.1
11/24/2023 00:30,8.1
11/24/2023 01:00,8.1
11/24/2023 01:30,8.1
11/24/2023 02:00,8.1
11/24/2023 02:30,8.1
11/24/2023 03:00,8.1
11/24/2023 03:30,8.1
11/24/2023 04:00,8.1
11/24/2023 04:30,8.1
11/24/2023 05:00,8.1
11/24/2023 05:30,8.1
11/24/2023 06:00,8.1
11/24/2023 06:30,8.1
11/24/2023 07:00,8.1
11/24/2023 07:30,8.1
11/24/2023 08:00,8.1
11/24/2023 08:30,8.1
11/24/2023 09:00,8.1
11/24/2023 09:30,8.1
11/24/2023 10:00,8.1
11/24/2023 10:30,8.1
11/24/2023 11:00,8.1
11/24/2023 11:30,8.1
11/24/2023 12:00,8.1
11/24/2023 12:30,8.1
11/24/2023 13:00,8.1
11/24/2023 13:30,8.1
11/24/2023 14:00,8.1
11/24/2023 14:30,8.1
11/24/2023 15:00,8.1
11/24/2023 15:30,8.1
11/24/2023 16:00,8.1
11/24/2023 16:30,8.1
11/24/2023 17:00,8.1
11/24/2023 17:30,8.1
11/24/2023 18:00,8.1
11/24/2023 18:30,8.1
11/24/2023 19:00,8.1
11/24/2023 19:30,8.1
11/24/2023 20:00,8.1
11/24/2023 20:30,8.1
11/24/2023 21:00,8.1
11/24/2023 21:30,8.1
11/24/2023 22:00,8.1
11/24/2023 22:30,8.1
11/24/2023 23:00,8.1
11/24/2023 23:30,8.1
11/25/2023 00:00,8.1
11/25/2023 00:30,8.1
11/25/2023 01:00,8.1
11/25/2023 01:30,8.1
11/25/2023 02:00,8.1
11/25/2023 02:30,8.1
11/25/2023 03:00,8.1
11/25/2023 03:30,8.1
11/25/2023 04:00,8.1
11/25/2023 04:30,8.1
11/25/2023 05:00,8.1
11/25/2023 05:30,8.1
11/25/2023 06:00,8.1
11/25/2023 06:30,8.1
11/25/2023 07:00,8.1
11/25/2023 07:30,8.1
11/25/2023 08:00,8.1
11/25/2023 08:30,8.1
11/25/2023 09:00,8.1
11/25/2023 09:30,8.1
11/25/2023 10:00,8.1
11/25/2023 10:30,8.1
11/25/2023 11:00,8.1
11/25/2023 11:30,8.1
11/25/2023 12:00,8.1
11/25/2023 12:30,8.1
11/25/2023 13:00,8.1
11/25/2023 13:30,8.1
11/25/2023 14:00,8.1
11/25/2023 14:30,8.1
11/25/2023 15:00,8.1
11/25/2023 15:30,8.1
11/25/2023 16:00,8.1
11/25/2023 16:30,8.1
11/25/2023 17:00,8.1
11/25/2023 17:30,8.1
11/25/2023 18:00,8.1
11/25/2023 18:30,8.1
11/25/2023 19:00,8.1
11/25/2023 19:30,8.1
11/25/2023 20:00,8.1
11/25/2023 20:30,8.1
11/25/2023 21:00,8.1
11/25/2023 21:30,8.1
11/25/2023 22:00,8.1
11/25/2023 22:30,8.1
11/25/2023 23:00,8.1
11/25/2023 23:30,8.1
11/26/2023 00:00,8.1
11/26/2023 00:30,8.1
11/26/2023 01:00,8.1
11/26/2023 01:30,8.1
11/26/2023 02:00,8.1
11/26/2023 02:30,8.1
11/26/2023 03:00,8.1
11/26/2023 03:30,8.1
11/26/2023 04:00,8.1
11/26/2023 04:30,8.1
11/26/2023 05:00,8.1
11/26/2023 05:30,8.1
11/26/2023 06:00,8.1
11/26/2023 06:30,8.1
11/26/2023 07:00,8.1
11/26/2023 07:30,8.1
11/26/2023 08:00,8.1
11/26/2023 08:30,8.1
11/26/2023 09:00,8.1
11/26/2023 09:30,8.1
11/26/2023 10:00,8.1
11/26/2023 10:30,8.1
11/26/2023 11:00,8.1
11/26/2023 11:30,8.1
11/26/2023 12:00,8.1
11/26/2023 12:30,8.1
11/26/2023 13:00,8.1
11/26/2023 13:30,8.1
11/26/2023 14:00,8.1
11/26/2023 14:30,8.1
11/26/2023 15:00,8.1
11/26/2023 15:30,8.1
11/26/2023 16:00,8.1
11/26/2023 16:30,8.1
11/26/2023 17:00,8.1
11/26/2023 17:30,8.1
11/26/2023 18:00,8.1
11/26/2023 18:30,8.1
11/26/2023 19:00,8.1
11/26/2023 19:30,8.1
11/26/2023 20:00,8.1
11/26/2023 20:30,8.1
11/26/2023 21:00,8.1
11/26/2023 21:30,8.1
11/26/2023 22:00,8.1
11/26/2023 22:30,8.1
11/26/2023 23:00,8.1
11/26/2023 23:30,8.1
11/27/2023 00:00,5.261
11/27/2023 00:30,5.261
11/27/2023 01:00,5.261
11/27/2023 01:30,5.261
11/27/2023 02:00,5.261
11/27/2023 02:30,5.261
11/27/2023 03:00,5.261
11/27/2023 03:30,5.261
11/27/2023 04:00,5.261
11/27/2023 04:30,5.261
11/27/2023 05:00,5.261
11/27/2023 05:30,5.261
11/27/2023 06:00,5.261
11/27/2023 06:30,5.261
11/27/2023 07:00,5.261
11/27/2023 07:30,5.261
11/27/2023 08:00,5.261
11/27/2023 08:30,5.261
11/27/2023 09:00,5.261
11/27/2023 09:30,5.261
11/27/2023 10:00,5.261
11/27/2023 10:30,5.261
11/27/2023 11:00,5.261
11/27/2023 11:30,5.261
11/27/2023 12:00,5.261
11/27/2023 12:30,5.261
11/27/2023 13:00,5.261
11/27/2023 13:30,5.261
11/27/2023 14:00,5.261
11/27/2023 14:30,5.261
11/27/2023 15:00,5.261
11/27/2023 15:30,5.261
11/27/2023 16:00,5.261
11/27/2023 16:30,5.261
11/27/2023 17:00,5.261
11/27/2023 17:30,5.261
11/27/2023 18:00,5.261
11/27/2023 18:30,5.261
11/27/2023 19:00,5.261
11/27/2023 19:30,5.261
11/27/2023 20:00,5.261
11/27/2023 20:30,5.261
11/27/2023 21:00,5.261
11/27/2023 21:30,5.261
11/27/2023 22:00,5.261
11/27/2023 22:30,5.261
11/27/2023 23:00,5.261
11/27/2023 23:30,5.261
11/28/2023 00:00,5.261
11/28/2023 00:00,5.261
11/28/2023 00:30,5.261
11/28/2023 00:30,5.261
11/28/2023 01:00,5.261
11/28/2023 01:00,5.261
11/28/2023 01:30,5.261
11/28/2023 01:30,5.261
11/28/2023 02:00,5.261
11/28/2023 02:00,5.261
11/28/2023 02:30,5.261
11/28/2023 02:30,5.261
11/28/2023 03:00,5.261
11/28/2023 03:00,5.261
11/28/2023 03:30,5.261
11/28/2023 03:30,5.261
11/28/2023 04:00,5.261
11/28/2023 04:00,5.261
11/28/2023 04:30,5.261
11/28/2023 04:30,5.261
11/28/2023 05:00,5.261
11/28/2023 05:00,5.261
11/28/2023 05:30,5.261
11/28/2023 05:30,5.261
11/28/2023 06:00,5.261
11/28/2023 06:00,5.261
11/28/2023 06:30,5.261
11/28/2023 06:30,5.261
11/28/2023 07:00,5.261
11/28/2023 07:00,5.261
11/28/2023 07:30,5.261
11/28/2023 07:30,5.261
11/28/2023 08:00,5.261
11/28/2023 08:00,5.261
11/28/2023 08:30,5.261
11/28/2023 08:30,5.261
11/28/2023 09:00,5.261
11/28/2023 09:00,5.261
11/28/2023 09:30,5.261
11/28/2023 09:30,5.261
11/28/2023 10:00,5.261
11/28/2023 10:00,5.261
11/28/2023 10:30,5.261
11/28/2023 10:30,5.261
11/28/2023 11:00,5.261
11/28/2023 11:00,5.261
11/28/2023 11:30,5.261
11/28/2023 11:30,5.261
11/28/2023 12:00,5.261
11/28/2023 12:00,5.261
11/28/2023 12:30,5.261
11/28/2023 12:30,5.261
11/28/2023 13:00,5.261
11/28/2023 13:00,5.261
11/28/2023 13:30,5.261
11/28/2023 13:30,5.261
11/28/2023 14:00,5.261
11/28/2023 14:00,5.261
11/28/2023 14:30,5.261
11/28/2023 14:30,5.261
11/28/2023 15:00,5.261
11/28/2023 15:00,5.261
11/28/2023 15:30,5.261
11/28/2023 15:30,5.261
11/28/2023 16:00,5.261
11/28/2023 16:00,5.261
11/28/2023 16:30,5.261
11/28/2023 16:30,5.261
11/28/2023 17:00,5.261
11/28/2023 17:00,5.261
11/28/2023 17:30,5.261
11/28/2023 17:30,5.261
11/28/2023 18:00,5.261
11/28/2023 18:00,5.261
11/28/2023 18:30,5.261
11/28/2023 18:30,5.261
11/28/2023 19:00,5.261
11/28/2023 19:00,5.261
11/28/2023 19:30,5.261
11/28/2023 19:30,5.261
11/28/2023 20:00,5.261
11/28/2023 20:00,5.261
11/28/2023 20:30,5.261
11/28/2023 20:30,5.261
11/28/2023 21:00,5.261
11/28/2023 21:00,5.261
11/28/2023 21:30,5.261
11/28/2023 21:30,5.261
11/28/2023 22:00,5.261
11/28/2023 22:00,5.261
11/28/2023 22:30,5.261
11/28/2023 22:30,5.261
11/28/2023 23:00,5.261
11/28/2023 23:00,5.261
11/28/2023 23:30,5.261
11/28/2023 23:30,5.261
11/29/2023 00:00,5.261
11/29/2023 00:30,5.261
11/29/2023 01:00,5.261
11/29/2023 01:30,5.261
11/29/2023 02:00,5.261
11/29/2023 02:30,5.261
11/29/2023 03:00,5.261
11/29/2023 03:30,5.261
11/29/2023 04:00,5.261
11/29/2023 04:30,5.261
11/29/2023 05:00,5.261
11/29/2023 05:30,5.261
11/29/2023 06:00,5.261
11/29/2023 06:30,5.261
11/29/2023 07:00,5.261
11/29/2023 07:30,5.261
11/29/2023 08:00,5.261
11/29/2023 08:30,5.261
11/29/2023 09:00,5.261
11/29/2023 09:30,5.261
11/29/2023 10:00,5.261
11/29/2023 10:30,5.261
11/29/2023 11:00,5.261
11/29/2023 11:30,5.261
11/29/2023 12:00,5.261
11/29/2023 12:30,5.261
11/29/2023 13:00,5.261
11/29/2023 13:30,5.261
11/29/2023 14:00,5.261
11/29/2023 14:30,5.261
11/29/2023 15:00,5.261
11/29/2023 15:30,5.261
11/29/2023 16:00,5.261
11/29/2023 16:30,5.261
11/29/2023 17:00,5.261
11/29/2023 17:30,5.261
11/29/2023 18:00,5.261
11/29/2023 18:30,5.261
11/29/2023 19:00,5.261
11/29/2023 19:30,5.261
11/29/2023 20:00,5.261
11/29/2023 20:30,5.261
11/29/2023 21:00,5.261
11/29/2023 21:30,5.261
11/29/2023 22:00,5.261
11/29/2023 22:30,5.261
11/29/2023 23:00,5.261
11/29/2023 23:30,5.261
11/30/2023 00:00,5.261
11/30/2023 00:30,5.261
11/30/2023 01:00,5.261
11/30/2023 01:30,5.261
11/30/2023 02:00,5.261
11/30/2023 02:30,5.261
11/30/2023 03:00,5.261
11/30/2023 03:30,5.261
11/30/2023 04:00,5.261
11/30/2023 04:30,5.261
11/30/2023 05:00,5.261
11/30/2023 05:30,5.261
11/30/2023 06:00,5.261
11/30/2023 06:30,5.261
11/30/2023 07:00,5.261
11/30/2023 07:30,5.261
11/30/2023 08:00,5.261
11/30/2023 08:30,5.261
11/30/2023 09:00,5.261
11/30/2023 09:30,5.261
11/30/2023 10:00,5.261
11/30/2023 10:30,5.261
11/30/2023 11:00,5.261
11/30/2023 11:30,5.261
11/30/2023 12:00,5.261
11/30/2023 12:30,5.261
11/30/2023 13:00,5.261
11/30/2023 13:30,5.261
11/30/2023 14:00,5.261
11/30/2023 14:30,5.261
11/30/2023 15:00,5.261
11/30/2023 15:30,5.261
11/30/2023 16:00,5.261
11/30/2023 16:30,5.261
11/30/2023 17:00,5.261
11/30/2023 17:30,5.261
11/30/2023 18:00,5.261
11/30/2023 18:30,5.261
11/30/2023 19:00,5.261
11/30/2023 19:30,5.261
11/30/2023 20:00,5.261
11/30/2023 20:30,5.261
11/30/2023 21:00,5.261
11/30/2023 21:30,5.261
11/30/2023 22:00,5.261
11/30/2023 22:30,5.261
11/30/2023 23:00,5.261
11/30/2023 23:30,5.261
12/01/2023 00:00,8.1
12/01/2023 00:30,8.1
12/01/2023 01:00,8.1
12/01/2023 01:30,8.1
12/01/2023 02:00,8.1
12/01/2023 02:30,8.1
12/01/2023 03:00,8.1
12/01/2023 03:30,8.1
12/01/2023 04:00,8.1
12/01/2023 04:30,8.1
12/01/2023 05:00,8.1
12/01/2023 05:30,8.1
12/01/2023 06:00,8.1
12/01/2023 06:30,8.1
12/01/2023 07:00,8.1
12/01/2023 07:30,8.1
12/01/2023 08:00,8.1
12/01/2023 08:30,8.1
12/01/2023 09:00,8.1
12/01/2023 09:30,8.1
12/01/2023 10:00,8.1
12/01/2023 10:30,8.1
12/01/2023 11:00,8.1
12/01/2023 11:30,8.1
12/01/2023 12:00,8.1
12/01/2023 12:30,8.1
12/01/2023 13:00,8.1
12/01/2023 13:30,8.1
12/01/2023 14:00,8.1
12/01/2023 14:30,8.1
12/01/2023 15:00,8.1
12/01/2023 15:30,8.1
12/01/2023 16:00,8.1
12/01/2023 16:30,8.1
12/01/2023 17:00,8.1
12/01/2023 17:30,8.1
12/01/2023 18:00,8.1
12/01/2023 18:30,8.1
12/01/2023 19:00,8.1
12/01/2023 19:30,8.1
12/01/2023 20:00,8.1
12/01/2023 20:30,8.1
12/01/2023 21:00,8.1
12/01/2023 21:30,8.1
12/01/2023 22:00,8.1
12/01/2023 22:30,8.1
12/01/2023 23:00,8.1
12/01/2023 23:30,8.1
12/02/2023 00:00,8.1
12/02/2023 00:30,8.1
12/02/2023 01:00,8.1
12/02/2023 01:30,8.1
12/02/2023 02:00,8.1
12/02/2023 02:30,8.1
12/02/2023 03:00,8.1
12/02/2023 03:30,8.1
12/02/2023 04:00,8.1
12/02/2023 04:30,8.1
12/02/2023 05:00,8.1
12/02/2023 05:30,8.1
12/02/2023 06:00,8.1
12/02/2023 06:30,8.1
12/02/2023 07:00,8.1
12/02/2023 07:30,8.1
12/02/2023 08:00,8.1
12/02/2023 08:30,8.1
12/02/2023 09:00,8.1
12/02/2023 09:30,8.1
12/02/2023 10:00,8.1
12/02/2023 10:30,8.1
12/02/2023 11:00,8.1
12/02/2023 11:30,8.1
12/02/2023 12:00,8.1
12/02/2023 12:30,8.1
12/02/2023 13:00,8.1
12/02/2023 13:30,8.1
12/02/2023 14:00,8.1
12/02/2023 14:30,8.1
12/02/2023 15:00,8.1
12/02/2023 15:30,8.1
12/02/2023 16:00,8.1
12/02/2023 16:30,8.1
12/02/2023 17:00,8.1
12/02/2023 17:30,8.1
12/02/2023 18:00,8.1
12/02/2023 18:30,8.1
12/02/2023 19:00,8.1
12/02/2023 19:30,8.1
12/02/2023 20:00,8.1
12/02/2023 20:30,8.1
12/02/2023 21:00,8.1
12/02/2023 21:30,8.1
12/02/2023 22:00,8.1
12/02/2023 22:30,8.1
12/02/2023 23:00,8.1
12/02/2023 23:30,8.1
12/03/2023 00:00,5.261
12/03/2023 00:30,5.261
12/03/2023 01:00,5.261
12/03/2023 01:30,5.261
12/03/2023 02:00,5.261
12/03/2023 02:30,5.261
12/03/2023 03:00,5.261
12/03/2023 03:30,5.261
12/03/2023 04:00,5.261
12/03/2023 04:30,5.261
12/03/2023 05:00,5.261
12/03/2023 05:30,5.261
12/03/2023 06:00,5.261
12/03/2023 06:30,5.261
12/03/2023 07:00,5.261
12/03/2023 07:30,5.261
12/03/2023 08:00,5.261
12/03/2023 08:30,5.261
12/03/2023 09:00,5.261
12/03/2023 09:30,5.261
12/03/2023 10:00,5.261
12/03/2023 10:30,5.261
12/03/2023 11:00,5.261
12/03/2023 11:30,5.261
12/03/2023 12:00,5.261
12/03/2023 12:30,5.261
12/03/2023 13:00,5.261
12/03/2023 13:30,5.261
12/03/2023 14:00,5.261
12/03/2023 14:30,5.261
12/03/2023 15:00,5.261
12/03/2023 15:30,5.261
12/03/2023 16:00,5.261
12/03/2023 16:30,5.261
12/03/2023 17:00,5.261
12/03/2023 17:30,5.261
12/03/2023 18:00,5.261
12/03/2023 18:30,5.261
12/03/2023 19:00,5.261
12/03/2023 19:30,5.261
12/03/2023 20:00,5.261
12/03/2023 20:30,5.261
12/03/2023 21:00,5.261
12/03/2023 21:30,5.261
12/03/2023 22:00,5.261
12/03/2023 22:30,5.261
12/03/2023 23:00,5.261
12/03/2023 23:30,5.261
12/04/2023 00:00,5.261
12/04/2023 00:30,5.261
12/04/2023 01:00,5.261
12/04/2023 01:30,5.261
12/04/2023 02:00,5.261
12/04/2023 02:30,5.261
12/04/2023 03:00,5.261
12/04/2023 03:30,5.261
12/04/2023 04:00,5.261
12/04/2023 04:30,5.261
12/04/2023 05:00,5.261
12/04/2023 05:30,5.261
12/04/2023 06:00,5.261
12/04/2023 06:30,5.261
12/04/2023 07:00,5.261
12/04/2023 07:30,5.261
12/04/2023 08:00,5.261
12/04/2023 08:30,5.261
12/04/2023 09:00,5.261
12/04/2023 09:30,5.261
12/04/2023 10:00,5.261
12/04/2023 10:30,5.261
12/04/2023 11:00,5.261
12/04/2023 11:30,5.261
12/04/2023 12:00,5.261
12/04/2023 12:30,5.261
12/04/2023 13:00,5.261
12/04/2023 13:30,5.261
12/04/2023 14:00,5.261
12/04/2023 14:30,5.261
12/04/2023 15:00,5.261
12/04/2023 15:30,5.261
12/04/2023 16:00,5.261
12/04/2023 16:30,5.261
12/04/2023 17:00,5.261
12/04/2023 17:30,5.261
12/04/2023 18:00,5.261
12/04/2023 18:30,5.261
12/04/2023 19:00,5.261
12/04/2023 19:30,5.261
12/04/2023 20:00,5.261
12/04/2023 20:30,5.261
12/04/2023 21:00,5.261
12/04/2023 21:30,5.261
12/04/2023 22:00,5.261
12/04/2023 22:30,5.261
12/04/2023 23:00,5.261
12/04/2023 23:30,5.261
12/05/2023 00:00,5.261
12/05/2023 00:30,5.261
12/05/2023 01:00,5.261
12/05/2023 01:30,5.261
12/05/2023 02:00,5.261
12/05/2023 02:30,5.261
12/05/2023 03:00,5.261
12/05/2023 03:30,5.261
12/05/2023 04:00,5.261
12/05/2023 04:30,5.261
12/05/2023 05:00,5.261
12/05/2023 05:30,5.261
12/05/2023 06:00,5.261
12/05/2023 06:30,5.261
12/05/2023 07:00,5.261
12/05/2023 07:30,5.261
12/05/2023 08:00,5.261
12/05/2023 08:30,5.261
12/05/2023 09:00,5.261
12/05/2023 09:30,5.261
12/05/2023 10:00,5.261
12/05/2023 10:30,5.261
12/05/2023 11:00,5.261
12/05/2023 11:30,5.261
12/05/2023 12:00,5.261
12/05/2023 12:30,5.261
12/05/2023 13:00,5.261
12/05/2023 13:30,5.261
12/05/2023 14:00,5.261
12/05/2023 14:30,5.261
12/05/2023 15:00,5.261
12/05/2023 15:30,5.261
12/05/2023 16:00,5.261
12/05/2023 16:30,5.261
12/05/2023 17:00,5.261
12/05/2023 17:30,5.261
12/05/2023 18:00,5.261
12/05/2023 18:30,5.261
12/05/2023 19:00,5.261
12/05/2023 19:30,5.261
12/05/2023 20:00,5.261
12/05/2023 20:30,5.261
12/05/2023 21:00,5.261
12/05/2023 21:30,5.261
12/05/2023 22:00,5.261
12/05/2023 22:30,5.261
12/05/2023 23:00,5.261
12/05/2023 23:30,5.261
12/06/2023 00:00,2.864
12/06/2023 00:30,2.864
12/06/2023 01:00,2.864
12/06/2023 01:30,2.864
12/06/2023 02:00,2.864
12/06/2023 02:30,2.864
12/06/2023 03:00,2.864
12/06/2023 03:30,2.864
12/06/2023 04:00,2.864
12/06/2023 04:30,2.864
12/06/2023 05:00,2.864
12/06/2023 05:30,2.864
12/06/2023 06:00,2.864
12/06/2023 06:30,2.864
12/06/2023 07:00,2.864
12/06/2023 07:30,2.864
12/06/2023 08:00,2.864
12/06/2023 08:30,2.864
12/06/2023 09:00,2.864
12/06/2023 09:30,2.864
12/06/2023 10:00,2.864
12/06/2023 10:30,2.864
12/06/2023 11:00,2.864
12/06/2023 11:30,2.864
12/06/2023 12:00,2.864
12/06/2023 12:30,2.864
12/06/2023 13:00,2.864
12/06/2023 13:30,2.864
12/06/2023 14:00,2.864
12/06/2023 14:30,2.864
12/06/2023 15:00,2.864
12/06/2023 15:30,2.864
12/06/2023 16:00,2.864
12/06/2023 16:30,2.864
12/06/2023 17:00,2.864
12/06/2023 17:30,2.864
12/06/2023 18:00,2.864
12/06/2023 18:30,2.864
12/06/2023 19:00,2.864
12/06/2023 19:30,2.864
12/06/2023 20:00,2.864
12/06/2023 20:30,2.864
12/06/2023 21:00,2.864
12/06/2023 21:30,2.864
12/06/2023 22:00,2.864
12/06/2023 22:30,2.864
12/06/2023 23:00,2.864
12/06/2023 23:30,2.864
12/07/2023 00:00,2.864
12/07/2023 00:30,2.864
12/07/2023 01:00,2.864
12/07/2023 01:30,2.864
12/07/2023 02:00,2.864
12/07/2023 02:30,2.864
12/07/2023 03:00,2.864
12/07/2023 03:30,2.864
12/07/2023 04:00,2.864
12/07/2023 04:30,2.864
12/07/2023 05:00,2.864
12/07/2023 05:30,2.864
12/07/2023 06:00,2.864
12/07/2023 06:30,2.864
12/07/2023 07:00,2.864
12/07/2023 07:30,2.864
12/07/2023 08:00,2.864
12/07/2023 08:30,2.864
12/07/2023 09:00,2.864
12/07/2023 09:30,2.864
12/07/2023 10:00,2.864
12/07/2023 10:30,2.864
12/07/2023 11:00,2.864
12/07/2023 11:30,2.864
12/07/2023 12:00,2.864
12/07/2023 12:30,2.864
12/07/2023 13:00,2.864
12/07/2023 13:30,2.864
12/07/2023 14:00,2.864
12/07/2023 14:30,2.864
12/07/2023 15:00,2.864
12/07/2023 15:30,2.864
12/07/2023 16:00,2.864
12/07/2023 16:30,2.864
12/07/2023 17:00,2.864
12/07/2023 17:30,2.864
12/07/2023 18:00,2.864
12/07/2023 18:30,2.864
12/07/2023 19:00,2.864
12/07/2023 19:30,2.864
12/07/2023 20:00,2.864
12/07/2023 20:30,2.864
12/07/2023 21:00,2.864
12/07/2023 21:30,2.864
12/07/2023 22:00,2.864
12/07/2023 22:30,2.864
12/07/2023 23:00,2.864
12/07/2023 23:30,2.864
12/08/2023 00:00,2.864
12/08/2023 00:30,2.864
12/08/2023 01:00,2.864
12/08/2023 01:30,2.864
12/08/2023 02:00,2.864
12/08/2023 02:30,2.864
12/08/2023 03:00,2.864
12/08/2023 03:30,2.864
12/08/2023 04:00,2.864
12/08/2023 04:30,2.864
12/08/2023 05:00,2.864
12/08/2023 05:30,2.864
12/08/2023 06:00,2.864
12/08/2023 06:30,2.864
12/08/2023 07:00,2.864
12/08/2023 07:30,2.864
12/08/2023 08:00,2.864
12/08/2023 08:30,2.864
12/08/2023 09:00,2.864
12/08/2023 09:30,2.864
12/08/2023 10:00,2.864
12/08/2023 10:30,2.864
12/08/2023 11:00,2.864
12/08/2023 11:30,2.864
12/08/2023 12:00,2.864
12/08/2023 12:30,2.864
12/08/2023 13:00,2.864
12/08/2023 13:30,2.864
12/08/2023 14:00,2.864
12/08/2023 14:30,2.864
12/08/2023 15:00,2.864
12/08/2023 15:30,2.864
12/08/2023 16:00,2.864
12/08/2023 16:30,2.864
12/08/2023 17:00,2.864
12/08/2023 17:30,2.864
12/08/2023 18:00,2.864
12/08/2023 18:30,2.864
12/08/2023 19:00,2.864
12/08/2023 19:30,2.864
12/08/2023 20:00,2.864
12/08/2023 20:30,2.864
12/08/2023 21:00,2.864
12/08/2023 21:30,2.864
12/08/2023 22:00,2.864
12/08/2023 22:30,2.864
12/08/2023 23:00,2.864
12/08/2023 23:30,2.864
12/09/2023 00:00,2.864
12/09/2023 00:30,2.864
12/09/2023 01:00,2.864
12/09/2023 01:30,2.864
12/09/2023 02:00,2.864
12/09/2023 02:30,2.864
12/09/2023 03:00,2.864
12/09/2023 03:30,2.864
12/09/2023 04:00,2.864
12/09/2023 04:30,2.864
12/09/2023 05:00,2.864
12/09/2023 05:30,2.864
12/09/2023 06:00,2.864
12/09/2023 06:30,2.864
12/09/2023 07:00,2.864
12/09/2023 07:30,2.864
12/09/2023 08:00,2.864
12/09/2023 08:30,2.864
12/09/2023 09:00,2.864
12/09/2023 09:30,2.864
12/09/2023 10:00,2.864
12/09/2023 10:30,2.864
12/09/2023 11:00,2.864
12/09/2023 11:30,2.864
12/09/2023 12:00,2.864
12/09/2023 12:30,2.864
12/09/2023 13:00,2.864
12/09/2023 13:30,2.864
12/09/2023 14:00,2.864
12/09/2023 14:30,2.864
12/09/2023 15:00,2.864
12/09/2023 15:30,2.864
12/09/2023 16:00,2.864
12/09/2023 16:30,2.864
12/09/2023 17:00,2.864
12/09/2023 17:30,2.864
12/09/2023 18:00,2.864
12/09/2023 18:30,2.864
12/09/2023 19:00,2.864
12/09/2023 19:30,2.864
12/09/2023 20:00,2.864
12/09/2023 20:30,2.864
12/09/2023 21:00,2.864
12/09/2023 21:30,2.864
12/09/2023 22:00,2.864
12/09/2023 22:30,2.864
12/09/2023 23:00,2.864
12/09/2023 23:30,2.864
12/10/2023 00:00,2.864
12/10/2023 00:30,2.864
12/10/2023 01:00,2.864
12/10/2023 01:30,2.864
12/10/2023 02:00,2.864
12/10/2023 02:30,2.864
12/10/2023 03:00,2.864
12/10/2023 03:30,2.864
12/10/2023 04:00,2.864
12/10/2023 04:30,2.864
12/10/2023 05:00,2.864
12/10/2023 05:30,2.864
12/10/2023 06:00,2.864
12/10/2023 06:30,2.864
12/10/2023 07:00,2.864
12/10/2023 07:30,2.864
12/10/2023 08:00,2.864
12/10/2023 08:30,2.864
12/10/2023 09:00,2.864
12/10/2023 09:30,2.864
12/10/2023 10:00,2.864
12/10/2023 10:30,2.864
12/10/2023 11:00,2.864
12/10/2023 11:30,2.864
12/10/2023 12:00,2.864
12/10/2023 12:30,2.864
12/10/2023 13:00,2.864
12/10/2023 13:30,2.864
12/10/2023 14:00,2.864
12/10/2023 14:30,2.864
12/10/2023 15:00,2.864
12/10/2023 15:30,2.864
12/10/2023 16:00,2.864
12/10/2023 16:30,2.864
12/10/2023 17:00,2.864
12/10/2023 17:30,2.864
12/10/2023 18:00,2.864
12/10/2023 18:30,2.864
12/10/2023 19:00,2.864
12/10/2023 19:30,2.864
12/10/2023 20:00,2.864
12/10/2023 20:30,2.864
12/10/2023 21:00,2.864
12/10/2023 21:30,2.864
12/10/2023 22:00,2.864
12/10/2023 22:30,2.864
12/10/2023 23:00,2.864
12/10/2023 23:30,2.864
12/11/2023 00:00,2.864
12/11/2023 00:30,2.864
12/11/2023 01:00,2.864
12/11/2023 01:30,2.864
12/11/2023 02:00,2.864
12/11/2023 02:30,2.864
12/11/2023 03:00,2.864
12/11/2023 03:30,2.864
12/11/2023 04:00,2.864
12/11/2023 04:30,2.864
12/11/2023 05:00,2.864
12/11/2023 05:30,2.864
12/11/2023 06:00,2.864
12/11/2023 06:30,2.864
12/11/2023 07:00,2.864
12/11/2023 07:30,2.864
12/11/2023 08:00,2.864
12/11/2023 08:30,2.864
12/11/2023 09:00,2.864
12/11/2023 09:30,2.864
12/11/2023 10:00,2.864
12/11/2023 10:30,2.864
12/11/2023 11:00,2.864
12/11/2023 11:30,2.864
12/11/2023 12:00,2.864
12/11/2023 12:30,2.864
12/11/2023 13:00,2.864
12/11/2023 13:30,2.864
12/11/2023 14:00,2.864
12/11/2023 14:30,2.864
12/11/2023 15:00,2.864
12/11/2023 15:30,2.864
12/11/2023 16:00,2.864
12/11/2023 16:30,2.864
12/11/2023 17:00,2.864
12/11/2023 17:30,2.864
12/11/2023 18:00,2.864
12/11/2023 18:30,2.864
12/11/2023 19:00,2.864
12/11/2023 19:30,2.864
12/11/2023 20:00,2.864
12/11/2023 20:30,2.864
12/11/2023 21:00,2.864
12/11/2023 21:30,2.864
12/11/2023 22:00,2.864
12/11/2023 22:30,2.864
12/11/2023 23:00,2.864
12/11/2023 23:30,2.864
12/12/2023 00:00,2.861
12/12/2023 00:30,2.861
12/12/2023 01:00,2.861
12/12/2023 01:30,2.861
12/12/2023 02:00,2.861
12/12/2023 02:30,2.861
12/12/2023 03:00,2.861
12/12/2023 03:30,2.861
12/12/2023 04:00,2.861
12/12/2023 04:30,2.861
12/12/2023 05:00,2.861
12/12/2023 05:30,2.861
12/12/2023 06:00,2.861
12/12/2023 06:30,2.861
12/12/2023 07:00,2.861
12/12/2023 07:30,2.861
12/12/2023 08:00,2.861
12/12/2023 08:30,2.861
12/12/2023 09:00,2.861
12/12/2023 09:30,2.861
12/12/2023 10:00,2.861
12/12/2023 10:30,2.861
12/12/2023 11:00,2.861
12/12/2023 11:30,2.861
12/12/2023 12:00,2.861
12/12/2023 12:30,2.861
12/12/2023 13:00,2.861
12/12/2023 13:30,2.861
12/12/2023 14:00,2.861
12/12/2023 14:30,2.861
12/12/2023 15:00,2.861
12/12/2023 15:30,2.861
12/12/2023 16:00,2.861
12/12/2023 16:30,2.861
12/12/2023 17:00,2.861
12/12/2023 17:30,2.861
12/12/2023 18:00,2.861
12/12/2023 18:30,2.861
12/12/2023 19:00,2.861
12/12/2023 19:30,2.861
12/12/2023 20:00,2.861
12/12/2023 20:30,2.861
12/12/2023 21:00,2.861
12/12/2023 21:30,2.861
12/12/2023 22:00,2.861
12/12/2023 22:30,2.861
12/12/2023 23:00,2.861
12/12/2023 23:30,2.861
12/13/2023 00:00,2.864
12/13/2023 00:30,2.864
12/13/2023 01:00,2.864
12/13/2023 01:30,2.864
12/13/2023 02:00,2.864
12/13/2023 02:30,2.864
12/13/2023 03:00,2.864
12/13/2023 03:30,2.864
12/13/2023 04:00,2.864
12/13/2023 04:30,2.864
12/13/2023 05:00,2.864
12/13/2023 05:30,2.864
12/13/2023 06:00,2.864
12/13/2023 06:30,2.864
12/13/2023 07:00,2.864
12/13/2023 07:30,2.864
12/13/2023 08:00,2.864
12/13/2023 08:30,2.864
12/13/2023 09:00,2.864
12/13/2023 09:30,2.864
12/13/2023 10:00,2.864
12/13/2023 10:30,2.864
12/13/2023 11:00,2.864
12/13/2023 11:30,2.864
12/13/2023 12:00,2.864
12/13/2023 12:30,2.864
12/13/2023 13:00,2.864
12/13/2023 13:30,2.864
12/13/2023 14:00,2.864
12/13/2023 14:30,2.864
12/13/2023 15:00,2.864
12/13/2023 15:30,2.864
12/13/2023 16:00,2.864
12/13/2023 16:30,2.864
12/13/2023 17:00,2.864
12/13/2023 17:30,2.864
12/13/2023 18:00,2.864
12/13/2023 18:30,2.864
12/13/2023 19:00,2.864
12/13/2023 19:30,2.864
12/13/2023 20:00,2.864
12/13/2023 20:30,2.864
12/13/2023 21:00,2.864
12/13/2023 21:30,2.864
12/13/2023 22:00,2.864
12/13/2023 22:30,2.864
12/13/2023 23:00,2.864
12/13/2023 23:30,2.864
12/14/2023 00:00,2.864
12/14/2023 00:30,2.864
12/14/2023 01:00,2.864
12/14/2023 01:30,2.864
12/14/2023 02:00,2.864
12/14/2023 02:30,2.864
12/14/2023 03:00,2.864
12/14/2023 03:30,2.864
12/14/2023 04:00,2.864
12/14/2023 04:30,2.864
12/14/2023 05:00,2.864
12/14/2023 05:30,2.864
12/14/2023 06:00,2.864
12/14/2023 06:30,2.864
12/14/2023 07:00,2.864
12/14/2023 07:30,2.864
12/14/2023 08:00,2.864
12/14/2023 08:30,2.864
12/14/2023 09:00,2.864
12/14/2023 09:30,2.864
12/14/2023 10:00,2.864
12/14/2023 10:30,2.864
12/14/2023 11:00,2.864
12/14/2023 11:30,2.864
12/14/2023 12:00,2.864
12/14/2023 12:30,2.864
12/14/2023 13:00,2.864
12/14/2023 13:30,2.864
12/14/2023 14:00,2.864
12/14/2023 14:30,2.864
12/14/2023 15:00,2.864
12/14/2023 15:30,2.864
12/14/2023 16:00,2.864
12/14/2023 16:30,2.864
12/14/2023 17:00,2.864
12/14/2023 17:30,2.864
12/14/2023 18:00,2.864
12/14/2023 18:30,2.864
12/14/2023 19:00,2.864
12/14/2023 19:30,2.864
12/14/2023 20:00,2.864
12/14/2023 20:30,2.864
12/14/2023 21:00,2.864
12/14/2023 21:30,2.864
12/14/2023 22:00,2.864
12/14/2023 22:30,2.864
12/14/2023 23:00,2.864
12/14/2023 23:30,2.864
12/15/2023 00:00,2.864
12/15/2023 00:30,2.864
12/15/2023 01:00,2.864
12/15/2023 01:30,2.864
12/15/2023 02:00,2.864
12/15/2023 02:30,2.864
12/15/2023 03:00,2.864
12/15/2023 03:30,2.864
12/15/2023 04:00,2.864
12/15/2023 04:30,2.864
12/15/2023 05:00,2.864
12/15/2023 05:30,2.864
12/15/2023 06:00,2.864
12/15/2023 06:30,2.864
12/15/2023 07:00,2.864
12/15/2023 07:30,2.864
12/15/2023 08:00,2.864
12/15/2023 08:30,2.864
12/15/2023 09:00,2.864
12/15/2023 09:30,2.864
12/15/2023 10:00,2.864
12/15/2023 10:30,2.864
12/15/2023 11:00,2.864
12/15/2023 11:30,2.864
12/15/2023 12:00,2.864
12/15/2023 12:30,2.864
12/15/2023 13:00,2.864
12/15/2023 13:30,2.864
12/15/2023 14:00,2.864
12/15/2023 14:30,2.864
12/15/2023 15:00,2.864
12/15/2023 15:30,2.864
12/15/2023 16:00,2.864
12/15/2023 16:30,2.864
12/15/2023 17:00,2.864
12/15/2023 17:30,2.864
12/15/2023 18:00,2.864
12/15/2023 18:30,2.864
12/15/2023 19:00,2.864
12/15/2023 19:30,2.864
12/15/2023 20:00,2.864
12/15/2023 20:30,2.864
12/15/2023 21:00,2.864
12/15/2023 21:30,2.864
12/15/2023 22:00,2.864
12/15/2023 22:30,2.864
12/15/2023 23:00,2.864
12/15/2023 23:30,2.864
12/16/2023 00:00,2.864
12/16/2023 00:30,2.864
12/16/2023 01:00,2.864
12/16/2023 01:30,2.864
12/16/2023 02:00,2.864
12/16/2023 02:30,2.864
12/16/2023 03:00,2.864
12/16/2023 03:30,2.864
12/16/2023 04:00,2.864
12/16/2023 04:30,2.864
12/16/2023 05:00,2.864
12/16/2023 05:30,2.864
12/16/2023 06:00,2.864
12/16/2023 06:30,2.864
12/16/2023 07:00,2.864
12/16/2023 07:30,2.864
12/16/2023 08:00,2.864
12/16/2023 08:30,2.864
12/16/2023 09:00,2.864
12/16/2023 09:30,2.864
12/16/2023 10:00,2.864
12/16/2023 10:30,2.864
12/16/2023 11:00,2.864
12/16/2023 11:30,2.864
12/16/2023 12:00,2.864
12/16/2023 12:30,2.864
12/16/2023 13:00,2.864
12/16/2023 13:30,2.864
12/16/2023 14:00,2.864
12/16/2023 14:30,2.864
12/16/2023 15:00,2.864
12/16/2023 15:30,2.864
12/16/2023 16:00,2.864
12/16/2023 16:30,2.864
12/16/2023 17:00,2.864
12/16/2023 17:30,2.864
12/16/2023 18:00,2.864
12/16/2023 18:30,2.864
12/16/2023 19:00,2.864
12/16/2023 19:30,2.864
12/16/2023 20:00,2.864
12/16/2023 20:30,2.864
12/16/2023 21:00,2.864
12/16/2023 21:30,2.864
12/16/2023 22:00,2.864
12/16/2023 22:30,2.864
12/16/2023 23:00,2.864
12/16/2023 23:30,2.864
12/17/2023 00:00,2.864
12/17/2023 00:30,2.864
12/17/2023 01:00,2.864
12/17/2023 01:30,2.864
12/17/2023 02:00,2.864
12/17/2023 02:30,2.864
12/17/2023 03:00,2.864
12/17/2023 03:30,2.864
12/17/2023 04:00,2.864
12/17/2023 04:30,2.864
12/17/2023 05:00,2.864
12/17/2023 05:30,2.864
12/17/2023 06:00,2.864
12/17/2023 06:30,2.864
12/17/2023 07:00,2.864
12/17/2023 07:30,2.864
12/17/2023 08:00,2.864
12/17/2023 08:30,2.864
12/17/2023 09:00,2.864
12/17/2023 09:30,2.864
12/17/2023 10:00,2.864
12/17/2023 10:30,2.864
12/17/2023 11:00,2.864
12/17/2023 11:30,2.864
12/17/2023 12:00,2.864
12/17/2023 12:30,2.864
12/17/2023 13:00,2.864
12/17/2023 13:30,2.864
12/17/2023 14:00,2.864
12/17/2023 14:30,2.864
12/17/2023 15:00,2.864
12/17/2023 15:30,2.864
12/17/2023 16:00,2.864
12/17/2023 16:30,2.864
12/17/2023 17:00,2.864
12/17/2023 17:30,2.864
12/17/2023 18:00,2.864
12/17/2023 18:30,2.864
12/17/2023 19:00,2.864
12/17/2023 19:30,2.864
12/17/2023 20:00,2.864
12/17/2023 20:30,2.864
12/17/2023 21:00,2.864
12/17/2023 21:30,2.864
12/17/2023 22:00,2.864
12/17/2023 22:30,2.864
12/17/2023 23:00,2.864
12/17/2023 23:30,2.864
12/18/2023 00:00,8.1
12/18/2023 00:30,8.1
12/18/2023 01:00,8.1
12/18/2023 01:30,8.1
12/18/2023 02:00,8.1
12/18/2023 02:30,8.1
12/18/2023 03:00,8.1
12/18/2023 03:30,8.1
12/18/2023 04:00,8.1
12/18/2023 04:30,8.1
12/18/2023 05:00,8.1
12/18/2023 05:30,8.1
12/18/2023 06:00,8.1
12/18/2023 06:30,8.1
12/18/2023 07:00,8.1
12/18/2023 07:30,8.1
12/18/2023 08:00,8.1
12/18/2023 08:30,8.1
12/18/2023 09:00,8.1
12/18/2023 09:30,8.1
12/18/2023 10:00,8.1
12/18/2023 10:30,8.1
12/18/2023 11:00,8.1
12/18/2023 11:30,8.1
12/18/2023 12:00,8.1
12/18/2023 12:30,8.1
12/18/2023 13:00,8.1
12/18/2023 13:30,8.1
12/18/2023 14:00,8.1
12/18/2023 14:30,8.1
12/18/2023 15:00,8.1
12/18/2023 15:30,8.1
12/18/2023 16:00,8.1
12/18/2023 16:30,8.1
12/18/2023 17:00,8.1
12/18/2023 17:30,8.1
12/18/2023 18:00,8.1
12/18/2023 18:30,8.1
12/18/2023 19:00,8.1
12/18/2023 19:30,8.1
12/18/2023 20:00,8.1
12/18/2023 20:30,8.1
12/18/2023 21:00,8.1
12/18/2023 21:30,8.1
12/18/2023 22:00,8.1
12/18/2023 22:30,8.1
12/18/2023 23:00,8.1
12/18/2023 23:30,8.1
12/19/2023 00:00,8.1
12/19/2023 00:30,8.1
12/19/2023 01:00,8.1
12/19/2023 01:30,8.1
12/19/2023 02:00,8.1
12/19/2023 02:30,8.1
12/19/2023 03:00,8.1
12/19/2023 03:30,8.1
12/19/2023 04:00,8.1
12/19/2023 04:30,8.1
12/19/2023 05:00,8.1
12/19/2023 05:30,8.1
12/19/2023 06:00,8.1
12/19/2023 06:30,8.1
12/19/2023 07:00,8.1
12/19/2023 07:30,8.1
12/19/2023 08:00,8.1
12/19/2023 08:30,8.1
12/19/2023 09:00,8.1
12/19/2023 09:30,8.1
12/19/2023 10:00,8.1
12/19/2023 10:30,8.1
12/19/2023 11:00,8.1
12/19/2023 11:30,8.1
12/19/2023 12:00,8.1
12/19/2023 12:30,8.1
12/19/2023 13:00,8.1
12/19/2023 13:30,8.1
12/19/2023 14:00,8.1
12/19/2023 14:30,8.1
12/19/2023 15:00,8.1
12/19/2023 15:30,8.1
12/19/2023 16:00,8.1
12/19/2023 16:30,8.1
12/19/2023 17:00,8.1
12/19/2023 17:30,8.1
12/19/2023 18:00,8.1
12/19/2023 18:30,8.1
12/19/2023 19:00,8.1
12/19/2023 19:30,8.1
12/19/2023 20:00,8.1
12/19/2023 20:30,8.1
12/19/2023 21:00,8.1
12/19/2023 21:30,8.1
12/19/2023 22:00,8.1
12/19/2023 22:30,8.1
12/19/2023 23:00,8.1
12/19/2023 23:30,8.1
12/20/2023 00:00,8.1
12/20/2023 00:30,8.1
12/20/2023 01:00,8.1
12/20/2023 01:30,8.1
12/20/2023 02:00,8.1
12/20/2023 02:30,8.1
12/20/2023 03:00,8.1
12/20/2023 03:30,8.1
12/20/2023 04:00,8.1
12/20/2023 04:30,8.1
12/20/2023 05:00,8.1
12/20/2023 05:30,8.1
12/20/2023 06:00,8.1
12/20/2023 06:30,8.1
12/20/2023 07:00,8.1
12/20/2023 07:30,8.1
12/20/2023 08:00,8.1
12/20/2023 08:30,8.1
12/20/2023 09:00,8.1
12/20/2023 09:30,8.1
12/20/2023 10:00,8.1
12/20/2023 10:30,8.1
12/20/2023 11:00,8.1
12/20/2023 11:30,8.1
12/20/2023 12:00,8.1
12/20/2023 12:30,8.1
12/20/2023 13:00,8.1
12/20/2023 13:30,8.1
12/20/2023 14:00,8.1
12/20/2023 14:30,8.1
12/20/2023 15:00,8.1
12/20/2023 15:30,8.1
12/20/2023 16:00,8.1
12/20/2023 16:30,8.1
12/20/2023 17:00,8.1
12/20/2023 17:30,8.1
12/20/2023 18:00,8.1
12/20/2023 18:30,8.1
12/20/2023 19:00,8.1
12/20/2023 19:30,8.1
12/20/2023 20:00,8.1
12/20/2023 20:30,8.1
12/20/2023 21:00,8.1
12/20/2023 21:30,8.1
12/20/2023 22:00,8.1
12/20/2023 22:30,8.1
12/20/2023 23:00,8.1
12/20/2023 23:30,8.1
12/21/2023 00:00,14.881
12/21/2023 00:30,14.881
12/21/2023 01:00,14.881
12/21/2023 01:30,14.881
12/21/2023 02:00,14.881
12/21/2023 02:30,14.881
12/21/2023 03:00,14.881
12/21/2023 03:30,14.881
12/21/2023 04:00,14.881
12/21/2023 04:30,14.881
12/21/2023 05:00,14.881
12/21/2023 05:30,14.881
12/21/2023 06:00,14.881
12/21/2023 06:30,14.881
12/21/2023 07:00,14.881
12/21/2023 07:30,14.881
12/21/2023 08:00,14.881
12/21/2023 08:30,14.881
12/21/2023 09:00,14.881
12/21/2023 09:30,14.881
12/21/2023 10:00,14.881
12/21/2023 10:30,14.881
12/21/2023 11:00,14.881
12/21/2023 11:30,14.881
12/21/2023 12:00,14.881
12/21/2023 12:30,14.881
12/21/2023 13:00,14.881
12/21/2023 13:30,14.881
12/21/2023 14:00,14.881
12/21/2023 14:30,14.881
12/21/2023 15:00,14.881
12/21/2023 15:30,14.881
12/21/2023 16:00,14.881
12/21/2023 16:30,14.881
12/21/2023 17:00,14.881
12/21/2023 17:30,14.881
12/21/2023 18:00,14.881
12/21/2023 18:30,14.881
12/21/2023 19:00,14.881
12/21/2023 19:30,14.881
12/21/2023 20:00,14.881
12/21/2023 20:30,14.881
12/21/2023 21:00,14.881
12/21/2023 21:30,14.881
12/21/2023 22:00,14.881
12/21/2023 22:30,14.881
12/21/2023 23:00,14.881
12/21/2023 23:30,14.881
12/22/2023 00:00,8.1
12/22/2023 00:30,8.1
12/22/2023 01:00,8.1
12/22/2023 01:30,8.1
12/22/2023 02:00,8.1
12/22/2023 02:30,8.1
12/22/2023 03:00,8.1
12/22/2023 03:30,8.1
12/22/2023 04:00,8.1
12/22/2023 04:30,8.1
12/22/2023 05:00,8.1
12/22/2023 05:30,8.1
12/22/2023 06:00,8.1
12/22/2023 06:30,8.1
12/22/2023 07:00,8.1
12/22/2023 07:30,8.1
12/22/2023 08:00,8.1
12/22/2023 08:30,8.1
12/22/2023 09:00,8.1
12/22/2023 09:30,8.1
12/22/2023 10:00,8.1
12/22/2023 10:30,8.1
12/22/2023 11:00,8.1
12/22/2023 11:30,8.1
12/22/2023 12:00,8.1
12/22/2023 12:30,8.1
12/22/2023 13:00,8.1
12/22/2023 13:30,8.1
12/22/2023 14:00,8.1
12/22/2023 14:30,8.1
12/22/2023 15:00,8.1
12/22/2023 15:30,8.1
12/22/2023 16:00,8.1
12/22/2023 16:30,8.1
12/22/2023 17:00,8.1
12/22/2023 17:30,8.1
12/22/2023 18:00,8.1
12/22/2023 18:30,8.1
12/22/2023 19:00,8.1
12/22/2023 19:30,8.1
12/22/2023 20:00,8.1
12/22/2023 20:30,8.1
12/22/2023 21:00,8.1
12/22/2023 21:30,8.1
12/22/2023 22:00,8.1
12/22/2023 22:30,8.1
12/22/2023 23:00,8.1
12/22/2023 23:30,8.1
12/23/2023 00:00,8.1
12/23/2023 00:30,8.1
12/23/2023 01:00,8.1
12/23/2023 01:30,8.1
12/23/2023 02:00,8.1
12/23/2023 02:30,8.1
12/23/2023 03:00,8.1
12/23/2023 03:30,8.1
12/23/2023 04:00,8.1
12/23/2023 04:30,8.1
12/23/2023 05:00,8.1
12/23/2023 05:30,8.1
12/23/2023 06:00,8.1
12/23/2023 06:30,8.1
12/23/2023 07:00,8.1
12/23/2023 07:30,8.1
12/23/2023 08:00,8.1
12/23/2023 08:30,8.1
12/23/2023 09:00,8.1
12/23/2023 09:30,8.1
12/23/2023 10:00,8.1
12/23/2023 10:30,8.1
12/23/2023 11:00,8.1
12/23/2023 11:30,8.1
12/23/2023 12:00,8.1
12/23/2023 12:30,8.1
12/23/2023 13:00,8.1
12/23/2023 13:30,8.1
12/23/2023 14:00,8.1
12/23/2023 14:30,8.1
12/23/2023 15:00,8.1
12/23/2023 15:30,8.1
12/23/2023 16:00,8.1
12/23/2023 16:30,8.1
12/23/2023 17:00,8.1
12/23/2023 17:30,8.1
12/23/2023 18:00,8.1
12/23/2023 18:30,8.1
12/23/2023 19:00,8.1
12/23/2023 19:30,8.1
12/23/2023 20:00,8.1
12/23/2023 20:30,8.1
12/23/2023 21:00,8.1
12/23/2023 21:30,8.1
12/23/2023 22:00,8.1
12/23/2023 22:30,8.1
12/23/2023 23:00,8.1
12/23/2023 23:30,8.1
12/24/2023 00:00,5.261
12/24/2023 00:30,5.261
12/24/2023 01:00,5.261
12/24/2023 01:30,5.261
12/24/2023 02:00,5.261
12/24/2023 02:30,5.261
12/24/2023 03:00,5.261
12/24/2023 03:30,5.261
12/24/2023 04:00,5.261
12/24/2023 04:30,5.261
12/24/2023 05:00,5.261
12/24/2023 05:30,5.261
12/24/2023 06:00,5.261
12/24/2023 06:30,5.261
12/24/2023 07:00,5.261
12/24/2023 07:30,5.261
12/24/2023 08:00,5.261
12/24/2023 08:30,5.261
12/24/2023 09:00,5.261
12/24/2023 09:30,5.261
12/24/2023 10:00,5.261
12/24/2023 10:30,5.261
12/24/2023 11:00,5.261
12/24/2023 11:30,5.261
12/24/2023 12:00,5.261
12/24/2023 12:30,5.261
12/24/2023 13:00,5.261
12/24/2023 13:30,5.261
12/24/2023 14:00,5.261
12/24/2023 14:30,5.261
12/24/2023 15:00,5.261
12/24/2023 15:30,5.261
12/24/2023 16:00,5.261
12/24/2023 16:30,5.261
12/24/2023 17:00,5.261
12/24/2023 17:30,5.261
12/24/2023 18:00,5.261
12/24/2023 18:30,5.261
12/24/2023 19:00,5.261
12/24/2023 19:30,5.261
12/24/2023 20:00,5.261
12/24/2023 20:30,5.261
12/24/2023 21:00,5.261
12/24/2023 21:30,5.261
12/24/2023 22:00,5.261
12/24/2023 22:30,5.261
12/24/2023 23:00,5.261
12/24/2023 23:30,5.261
12/25/2023 00:00,5.261
12/25/2023 00:30,5.261
12/25/2023 01:00,5.261
12/25/2023 01:30,5.261
12/25/2023 02:00,5.261
12/25/2023 02:30,5.261
12/25/2023 03:00,5.261
12/25/2023 03:30,5.261
12/25/2023 04:00,5.261
12/25/2023 04:30,5.261
12/25/2023 05:00,5.261
12/25/2023 05:30,5.261
12/25/2023 06:00,5.261
12/25/2023 06:30,5.261
12/25/2023 07:00,5.261
12/25/2023 07:30,5.261
12/25/2023 08:00,5.261
12/25/2023 08:30,5.261
12/25/2023 09:00,5.261
12/25/2023 09:30,5.261
12/25/2023 10:00,5.261
12/25/2023 10:30,5.261
12/25/2023 11:00,5.261
12/25/2023 11:30,5.261
12/25/2023 12:00,5.261
12/25/2023 12:30,5.261
12/25/2023 13:00,5.261
12/25/2023 13:30,5.261
12/25/2023 14:00,5.261
12/25/2023 14:30,5.261
12/25/2023 15:00,5.261
12/25/2023 15:30,5.261
12/25/2023 16:00,5.261
12/25/2023 16:30,5.261
12/25/2023 17:00,5.261
12/25/2023 17:30,5.261
12/25/2023 18:00,5.261
12/25/2023 18:30,5.261
12/25/2023 19:00,5.261
12/25/2023 19:30,5.261
12/25/2023 20:00,5.261
12/25/2023 20:30,5.261
12/25/2023 21:00,5.261
12/25/2023 21:30,5.261
12/25/2023 22:00,5.261
12/25/2023 22:30,5.261
12/25/2023 23:00,5.261
12/25/2023 23:30,5.261
12/26/2023 00:00,5.261
12/26/2023 00:30,5.261
12/26/2023 01:00,5.261
12/26/2023 01:30,5.261
12/26/2023 02:00,5.261
12/26/2023 02:30,5.261
12/26/2023 03:00,5.261
12/26/2023 03:30,5.261
12/26/2023 04:00,5.261
12/26/2023 04:30,5.261
12/26/2023 05:00,5.261
12/26/2023 05:30,5.261
12/26/2023 06:00,5.261
12/26/2023 06:30,5.261
12/26/2023 07:00,5.261
12/26/2023 07:30,5.261
12/26/2023 08:00,5.261
12/26/2023 08:30,5.261
12/26/2023 09:00,5.261
12/26/2023 09:30,5.261
12/26/2023 10:00,5.261
12/26/2023 10:30,5.261
12/26/2023 11:00,5.261
12/26/2023 11:30,5.261
12/26/2023 12:00,5.261
12/26/2023 12:30,5.261
12/26/2023 13:00,5.261
12/26/2023 13:30,5.261
12/26/2023 14:00,5.261
12/26/2023 14:30,5.261
12/26/2023 15:00,5.261
12/26/2023 15:30,5.261
12/26/2023 16:00,5.261
12/26/2023 16:30,5.261
12/26/2023 17:00,5.261
12/26/2023 17:30,5.261
12/26/2023 18:00,5.261
12/26/2023 18:30,5.261
12/26/2023 19:00,5.261
12/26/2023 19:30,5.261
12/26/2023 20:00,5.261
12/26/2023 20:30,5.261
12/26/2023 21:00,5.261
12/26/2023 21:30,5.261
12/26/2023 22:00,5.261
12/26/2023 22:30,5.261
12/26/2023 23:00,5.261
12/26/2023 23:30,5.261
12/27/2023 00:00,5.261
12/27/2023 00:30,5.261
12/27/2023 01:00,5.261
12/27/2023 01:30,5.261
12/27/2023 02:00,5.261
12/27/2023 02:30,5.261
12/27/2023 03:00,5.261
12/27/2023 03:30,5.261
12/27/2023 04:00,5.261
12/27/2023 04:30,5.261
12/27/2023 05:00,5.261
12/27/2023 05:30,5.261
12/27/2023 06:00,5.261
12/27/2023 06:30,5.261
12/27/2023 07:00,5.261
12/27/2023 07:30,5.261
12/27/2023 08:00,5.261
12/27/2023 08:30,5.261
12/27/2023 09:00,5.261
12/27/2023 09:30,5.261
12/27/2023 10:00,5.261
12/27/2023 10:30,5.261
12/27/2023 11:00,5.261
12/27/2023 11:30,5.261
12/27/2023 12:00,5.261
12/27/2023 12:30,5.261
12/27/2023 13:00,5.261
12/27/2023 13:30,5.261
12/27/2023 14:00,5.261
12/27/2023 14:30,5.261
12/27/2023 15:00,5.261
12/27/2023 15:30,5.261
12/27/2023 16:00,5.261
12/27/2023 16:30,5.261
12/27/2023 17:00,5.261
12/27/2023 17:30,5.261
12/27/2023 18:00,5.261
12/27/2023 18:30,5.261
12/27/2023 19:00,5.261
12/27/2023 19:30,5.261
12/27/2023 20:00,5.261
12/27/2023 20:30,5.261
12/27/2023 21:00,5.261
12/27/2023 21:30,5.261
12/27/2023 22:00,5.261
12/27/2023 22:30,5.261
12/27/2023 23:00,5.261
12/27/2023 23:30,5.261
12/28/2023 00:00,5.261
12/28/2023 00:30,5.261
12/28/2023 01:00,5.261
12/28/2023 01:30,5.261
12/28/2023 02:00,5.261
12/28/2023 02:30,5.261
12/28/2023 03:00,5.261
12/28/2023 03:30,5.261
12/28/2023 04:00,5.261
12/28/2023 04:30,5.261
12/28/2023 05:00,5.261
12/28/2023 05:30,5.261
12/28/2023 06:00,5.261
12/28/2023 06:30,5.261
12/28/2023 07:00,5.261
12/28/2023 07:30,5.261
12/28/2023 08:00,5.261
12/28/2023 08:30,5.261
12/28/2023 09:00,5.261
12/28/2023 09:30,5.261
12/28/2023 10:00,5.261
12/28/2023 10:30,5.261
12/28/2023 11:00,5.261
12/28/2023 11:30,5.261
12/28/2023 12:00,5.261
12/28/2023 12:30,5.261
12/28/2023 13:00,5.261
12/28/2023 13:30,5.261
12/28/2023 14:00,5.261
12/28/2023 14:30,5.261
12/28/2023 15:00,5.261
12/28/2023 15:30,5.261
12/28/2023 16:00,5.261
12/28/2023 16:30,5.261
12/28/2023 17:00,5.261
12/28/2023 17:30,5.261
12/28/2023 18:00,5.261
12/28/2023 18:30,5.261
12/28/2023 19:00,5.261
12/28/2023 19:30,5.261
12/28/2023 20:00,5.261
12/28/2023 20:30,5.261
12/28/2023 21:00,5.261
12/28/2023 21:30,5.261
12/28/2023 22:00,5.261
12/28/2023 22:30,5.261
12/28/2023 23:00,5.261
12/28/2023 23:30,5.261
12/29/2023 00:00,2.864
12/29/2023 00:30,2.864
12/29/2023 01:00,2.864
12/29/2023 01:30,2.864
12/29/2023 02:00,2.864
12/29/2023 02:30,2.864
12/29/2023 03:00,2.864
12/29/2023 03:30,2.864
12/29/2023 04:00,2.864
12/29/2023 04:30,2.864
12/29/2023 05:00,2.864
12/29/2023 05:30,2.864
12/29/2023 06:00,2.864
12/29/2023 06:30,2.864
12/29/2023 07:00,2.864
12/29/2023 07:30,2.864
12/29/2023 08:00,2.864
12/29/2023 08:30,2.864
12/29/2023 09:00,2.864
12/29/2023 09:30,2.864
12/29/2023 10:00,2.864
12/29/2023 10:30,2.864
12/29/2023 11:00,2.864
12/29/2023 11:30,2.864
12/29/2023 12:00,2.864
12/29/2023 12:30,2.864
12/29/2023 13:00,2.864
12/29/2023 13:30,2.864
12/29/2023 14:00,2.864
12/29/2023 14:30,2.864
12/29/2023 15:00,2.864
12/29/2023 15:30,2.864
12/29/2023 16:00,2.864
12/29/2023 16:30,2.864
12/29/2023 17:00,2.864
12/29/2023 17:30,2.864
12/29/2023 18:00,2.864
12/29/2023 18:30,2.864
12/29/2023 19:00,2.864
12/29/2023 19:30,2.864
12/29/2023 20:00,2.864
12/29/2023 20:30,2.864
12/29/2023 21:00,2.864
12/29/2023 21:30,2.864
12/29/2023 22:00,2.864
12/29/2023 22:30,2.864
12/29/2023 23:00,2.864
12/29/2023 23:30,2.864
12/30/2023 00:00,2.864
12/30/2023 00:30,2.864
12/30/2023 01:00,2.864
12/30/2023 01:30,2.864
12/30/2023 02:00,2.864
12/30/2023 02:30,2.864
12/30/2023 03:00,2.864
12/30/2023 03:30,2.864
12/30/2023 04:00,2.864
12/30/2023 04:30,2.864
12/30/2023 05:00,2.864
12/30/2023 05:30,2.864
12/30/2023 06:00,2.864
12/30/2023 06:30,2.864
12/30/2023 07:00,2.864
12/30/2023 07:30,2.864
12/30/2023 08:00,2.864
12/30/2023 08:30,2.864
12/30/2023 09:00,2.864
12/30/2023 09:30,2.864
12/30/2023 10:00,2.864
12/30/2023 10:30,2.864
12/30/2023 11:00,2.864
12/30/2023 11:30,2.864
12/30/2023 12:00,2.864
12/30/2023 12:30,2.864
12/30/2023 13:00,2.864
12/30/2023 13:30,2.864
12/30/2023 14:00,2.864
12/30/2023 14:30,2.864
12/30/2023 15:00,2.864
12/30/2023 15:30,2.864
12/30/2023 16:00,2.864
12/30/2023 16:30,2.864
12/30/2023 17:00,2.864
12/30/2023 17:30,2.864
12/30/2023 18:00,2.864
12/30/2023 18:30,2.864
12/30/2023 19:00,2.864
12/30/2023 19:30,2.864
12/30/2023 20:00,2.864
12/30/2023 20:30,2.864
12/30/2023 21:00,2.864
12/30/2023 21:30,2.864
12/30/2023 22:00,2.864
12/30/2023 22:30,2.864
12/30/2023 23:00,2.864
12/30/2023 23:30,2.864
12/31/2023 00:00,2.864
12/31/2023 00:30,2.864
12/31/2023 01:00,2.864
12/31/2023 01:30,2.864
12/31/2023 02:00,2.864
12/31/2023 02:30,2.864
12/31/2023 03:00,2.864
12/31/2023 03:30,2.864
12/31/2023 04:00,2.864
12/31/2023 04:30,2.864
12/31/2023 05:00,2.864
12/31/2023 05:30,2.864
12/31/2023 06:00,2.864
12/31/2023 06:30,2.864
12/31/2023 07:00,2.864
12/31/2023 07:30,2.864
12/31/2023 08:00,2.864
12/31/2023 08:30,2.864
12/31/2023 09:00,2.864
12/31/2023 09:30,2.864
12/31/2023 10:00,2.864
12/31/2023 10:30,2.864
12/31/2023 11:00,2.864
12/31/2023 11:30,2.864
12/31/2023 12:00,2.864
12/31/2023 12:30,2.864
12/31/2023 13:00,2.864
12/31/2023 13:30,2.864
12/31/2023 14:00,2.864
12/31/2023 14:30,2.864
12/31/2023 15:00,2.864
12/31/2023 15:30,2.864
12/31/2023 16:00,2.864
12/31/2023 16:30,2.864
12/31/2023 17:00,2.864
12/31/2023 17:30,2.864
12/31/2023 18:00,2.864
12/31/2023 18:30,2.864
12/31/2023 19:00,2.864
12/31/2023 19:30,2.864
12/31/2023 20:00,2.864
12/31/2023 20:30,2.864
12/31/2023 21:00,2.864
12/31/2023 21:30,2.864
12/31/2023 22:00,2.864
12/31/2023 22:30,2.864
12/31/2023 23:00,2.864
12/31/2023 23:30,2.864
