01/01/2023 00:00,0.0
01/01/2023 00:30,0.0
01/01/2023 01:00,0.0
01/01/2023 01:30,0.0
01/01/2023 02:00,0.0
01/01/2023 02:30,0.0
01/01/2023 03:00,0.0
01/01/2023 03:30,0.0
01/01/2023 04:00,0.0
01/01/2023 04:30,0.0
01/01/2023 05:00,0.0
01/01/2023 05:30,0.0
01/01/2023 06:00,0.0
01/01/2023 06:30,0.0
01/01/2023 07:00,0.0
01/01/2023 07:30,0.0
01/01/2023 08:00,0.0
01/01/2023 08:30,0.0
01/01/2023 09:00,0.0
01/01/2023 09:30,0.0
01/01/2023 10:00,0.0
01/01/2023 10:30,0.0
01/01/2023 11:00,0.0
01/01/2023 11:30,0.0
01/01/2023 12:00,0.0
01/01/2023 12:30,0.0
01/01/2023 13:00,0.0
01/01/2023 13:30,0.0
01/01/2023 14:00,0.0
01/01/2023 14:30,0.0
01/01/2023 15:00,0.0
01/01/2023 15:30,0.0
01/01/2023 16:00,0.0
01/01/2023 16:30,0.0
01/01/2023 17:00,0.0
01/01/2023 17:30,0.0
01/01/2023 18:00,0.0
01/01/2023 18:30,0.0
01/01/2023 19:00,0.0
01/01/2023 19:30,0.0
01/01/2023 20:00,0.0
01/01/2023 20:30,0.0
01/01/2023 21:00,0.0
01/01/2023 21:30,0.0
01/01/2023 22:00,0.0
01/01/2023 22:30,0.0
01/01/2023 23:00,0.0
01/01/2023 23:30,0.0
01/02/2023 00:00,0.0
01/02/2023 00:30,0.0
01/02/2023 01:00,0.0
01/02/2023 01:30,0.0
01/02/2023 02:00,0.0
01/02/2023 02:30,0.0
01/02/2023 03:00,0.0
01/02/2023 03:30,0.0
01/02/2023 04:00,0.0
01/02/2023 04:30,0.0
01/02/2023 05:00,0.0
01/02/2023 05:30,0.0
01/02/2023 06:00,0.0
01/02/2023 06:30,0.0
01/02/2023 07:00,0.0
01/02/2023 07:30,0.0
01/02/2023 08:00,0.0
01/02/2023 08:30,0.0
01/02/2023 09:00,0.0
01/02/2023 09:30,0.0
01/02/2023 10:00,0.0
01/02/2023 10:30,0.0
01/02/2023 11:00,0.0
01/02/2023 11:30,0.0
01/02/2023 12:00,0.0
01/02/2023 12:30,0.0
01/02/2023 13:00,0.0
01/02/2023 13:30,0.0
01/02/2023 14:00,0.0
01/02/2023 14:30,0.0
01/02/2023 15:00,0.0
01/02/2023 15:30,0.0
01/02/2023 16:00,0.0
01/02/2023 16:30,0.0
01/02/2023 17:00,0.0
01/02/2023 17:30,0.0
01/02/2023 18:00,0.0
01/02/2023 18:30,0.0
01/02/2023 19:00,0.0
01/02/2023 19:30,0.0
01/02/2023 20:00,0.0
01/02/2023 20:30,0.0
01/02/2023 21:00,0.0
01/02/2023 21:30,0.0
01/02/2023 22:00,0.0
01/02/2023 22:30,0.0
01/02/2023 23:00,0.0
01/02/2023 23:30,0.0
01/03/2023 00:00,0.0
01/03/2023 00:30,0.0
01/03/2023 01:00,0.0
01/03/2023 01:30,0.0
01/03/2023 02:00,0.0
01/03/2023 02:30,0.0
01/03/2023 03:00,0.0
01/03/2023 03:30,0.0
01/03/2023 04:00,0.0
01/03/2023 04:30,0.0
01/03/2023 05:00,0.0
01/03/2023 05:30,0.0
01/03/2023 06:00,0.0
01/03/2023 06:30,0.0
01/03/2023 07:00,0.0
01/03/2023 07:30,0.0
01/03/2023 08:00,0.0
01/03/2023 08:30,0.0
01/03/2023 09:00,0.0
01/03/2023 09:30,0.0
01/03/2023 10:00,0.0
01/03/2023 10:30,0.0
01/03/2023 11:00,0.0
01/03/2023 11:30,0.0
01/03/2023 12:00,0.0
01/03/2023 12:30,0.0
01/03/2023 13:00,0.0
01/03/2023 13:30,0.0
01/03/2023 14:00,0.0
01/03/2023 14:30,0.0
01/03/2023 15:00,0.0
01/03/2023 15:30,0.0
01/03/2023 16:00,0.0
01/03/2023 16:30,0.0
01/03/2023 17:00,0.0
01/03/2023 17:30,0.0
01/03/2023 18:00,0.0
01/03/2023 18:30,0.0
01/03/2023 19:00,0.0
01/03/2023 19:30,0.0
01/03/2023 20:00,0.0
01/03/2023 20:30,0.0
01/03/2023 21:00,0.0
01/03/2023 21:30,0.0
01/03/2023 22:00,0.0
01/03/2023 22:30,0.0
01/03/2023 23:00,0.0
01/03/2023 23:30,0.0
01/04/2023 00:00,0.0
01/04/2023 00:30,0.0
01/04/2023 01:00,0.0
01/04/2023 01:30,0.0
01/04/2023 02:00,0.0
01/04/2023 02:30,0.0
01/04/2023 03:00,0.0
01/04/2023 03:30,0.0
01/04/2023 04:00,0.0
01/04/2023 04:30,0.0
01/04/2023 05:00,0.0
01/04/2023 05:30,0.0
01/04/2023 06:00,0.0
01/04/2023 06:30,0.0
01/04/2023 07:00,0.0
01/04/2023 07:30,0.0
01/04/2023 08:00,0.0
01/04/2023 08:30,0.0
01/04/2023 09:00,0.0
01/04/2023 09:30,0.0
01/04/2023 10:00,0.0
01/04/2023 10:30,0.0
01/04/2023 11:00,0.0
01/04/2023 11:30,0.0
01/04/2023 12:00,0.0
01/04/2023 12:30,0.0
01/04/2023 13:00,0.0
01/04/2023 13:30,0.0
01/04/2023 14:00,0.0
01/04/2023 14:30,0.0
01/04/2023 15:00,0.0
01/04/2023 15:30,0.0
01/04/2023 16:00,0.0
01/04/2023 16:30,0.0
01/04/2023 17:00,0.0
01/04/2023 17:30,0.0
01/04/2023 18:00,0.0
01/04/2023 18:30,0.0
01/04/2023 19:00,0.0
01/04/2023 19:30,0.0
01/04/2023 20:00,0.0
01/04/2023 20:30,0.0
01/04/2023 21:00,0.0
01/04/2023 21:30,0.0
01/04/2023 22:00,0.0
01/04/2023 22:30,0.0
01/04/2023 23:00,0.0
01/04/2023 23:30,0.0
01/05/2023 00:00,0.0
01/05/2023 00:30,0.0
01/05/2023 01:00,0.0
01/05/2023 01:30,0.0
01/05/2023 02:00,0.0
01/05/2023 02:30,0.0
01/05/2023 03:00,0.0
01/05/2023 03:30,0.0
01/05/2023 04:00,0.0
01/05/2023 04:30,0.0
01/05/2023 05:00,0.0
01/05/2023 05:30,0.0
01/05/2023 06:00,0.0
01/05/2023 06:30,0.0
01/05/2023 07:00,0.0
01/05/2023 07:30,0.0
01/05/2023 08:00,0.0
01/05/2023 08:30,0.0
01/05/2023 09:00,0.0
01/05/2023 09:30,0.0
01/05/2023 10:00,0.0
01/05/2023 10:30,0.0
01/05/2023 11:00,0.0
01/05/2023 11:30,0.0
01/05/2023 12:00,0.0
01/05/2023 12:30,0.0
01/05/2023 13:00,0.0
01/05/2023 13:30,0.0
01/05/2023 14:00,0.0
01/05/2023 14:30,0.0
01/05/2023 15:00,0.0
01/05/2023 15:30,0.0
01/05/2023 16:00,0.0
01/05/2023 16:30,0.0
01/05/2023 17:00,0.0
01/05/2023 17:30,0.0
01/05/2023 18:00,0.0
01/05/2023 18:30,0.0
01/05/2023 19:00,0.0
01/05/2023 19:30,0.0
01/05/2023 20:00,0.0
01/05/2023 20:30,0.0
01/05/2023 21:00,0.0
01/05/2023 21:30,0.0
01/05/2023 22:00,0.0
01/05/2023 22:30,0.0
01/05/2023 23:00,0.0
01/05/2023 23:30,0.0
01/06/2023 00:00,0.0
01/06/2023 00:30,0.0
01/06/2023 01:00,0.0
01/06/2023 01:30,0.0
01/06/2023 02:00,0.0
01/06/2023 02:30,0.0
01/06/2023 03:00,0.0
01/06/2023 03:30,0.0
01/06/2023 04:00,0.0
01/06/2023 04:30,0.0
01/06/2023 05:00,0.0
01/06/2023 05:30,0.0
01/06/2023 06:00,0.0
01/06/2023 06:30,0.0
01/06/2023 07:00,0.0
01/06/2023 07:30,0.0
01/06/2023 08:00,0.0
01/06/2023 08:30,0.0
01/06/2023 09:00,0.0
01/06/2023 09:30,0.0
01/06/2023 10:00,0.0
01/06/2023 10:30,0.0
01/06/2023 11:00,0.0
01/06/2023 11:30,0.0
01/06/2023 12:00,0.0
01/06/2023 12:30,0.0
01/06/2023 13:00,0.0
01/06/2023 13:30,0.0
01/06/2023 14:00,0.0
01/06/2023 14:30,0.0
01/06/2023 15:00,0.0
01/06/2023 15:30,0.0
01/06/2023 16:00,0.0
01/06/2023 16:30,0.0
01/06/2023 17:00,0.0
01/06/2023 17:30,0.0
01/06/2023 18:00,0.0
01/06/2023 18:30,0.0
01/06/2023 19:00,0.0
01/06/2023 19:30,0.0
01/06/2023 20:00,0.0
01/06/2023 20:30,0.0
01/06/2023 21:00,0.0
01/06/2023 21:30,0.0
01/06/2023 22:00,0.0
01/06/2023 22:30,0.0
01/06/2023 23:00,0.0
01/06/2023 23:30,0.0
01/07/2023 00:00,0.0
01/07/2023 00:30,0.0
01/07/2023 01:00,0.0
01/07/2023 01:30,0.0
01/07/2023 02:00,0.0
01/07/2023 02:30,0.0
01/07/2023 03:00,0.0
01/07/2023 03:30,0.0
01/07/2023 04:00,0.0
01/07/2023 04:30,0.0
01/07/2023 05:00,0.0
01/07/2023 05:30,0.0
01/07/2023 06:00,0.0
01/07/2023 06:30,0.0
01/07/2023 07:00,0.0
01/07/2023 07:30,0.0
01/07/2023 08:00,0.0
01/07/2023 08:30,0.0
01/07/2023 09:00,0.0
01/07/2023 09:30,0.0
01/07/2023 10:00,0.0
01/07/2023 10:30,0.0
01/07/2023 11:00,0.0
01/07/2023 11:30,0.0
01/07/2023 12:00,0.0
01/07/2023 12:30,0.0
01/07/2023 13:00,0.0
01/07/2023 13:30,0.0
01/07/2023 14:00,0.0
01/07/2023 14:30,0.0
01/07/2023 15:00,0.0
01/07/2023 15:30,0.0
01/07/2023 16:00,0.0
01/07/2023 16:30,0.0
01/07/2023 17:00,0.0
01/07/2023 17:30,0.0
01/07/2023 18:00,0.0
01/07/2023 18:30,0.0
01/07/2023 19:00,0.0
01/07/2023 19:30,0.0
01/07/2023 20:00,0.0
01/07/2023 20:30,0.0
01/07/2023 21:00,0.0
01/07/2023 21:30,0.0
01/07/2023 22:00,0.0
01/07/2023 22:30,0.0
01/07/2023 23:00,0.0
01/07/2023 23:30,0.0
01/08/2023 00:00,0.0
01/08/2023 00:30,0.0
01/08/2023 01:00,0.0
01/08/2023 01:30,0.0
01/08/2023 02:00,0.0
01/08/2023 02:30,0.0
01/08/2023 03:00,0.0
01/08/2023 03:30,0.0
01/08/2023 04:00,0.0
01/08/2023 04:30,0.0
01/08/2023 05:00,0.0
01/08/2023 05:30,0.0
01/08/2023 06:00,0.0
01/08/2023 06:30,0.0
01/08/2023 07:00,0.0
01/08/2023 07:30,0.0
01/08/2023 08:00,0.0
01/08/2023 08:30,0.0
01/08/2023 09:00,0.0
01/08/2023 09:30,0.0
01/08/2023 10:00,0.0
01/08/2023 10:30,0.0
01/08/2023 11:00,0.0
01/08/2023 11:30,0.0
01/08/2023 12:00,0.0
01/08/2023 12:30,0.0
01/08/2023 13:00,0.0
01/08/2023 13:30,0.0
01/08/2023 14:00,0.0
01/08/2023 14:30,0.0
01/08/2023 15:00,0.0
01/08/2023 15:30,0.0
01/08/2023 16:00,0.0
01/08/2023 16:30,0.0
01/08/2023 17:00,0.0
01/08/2023 17:30,0.0
01/08/2023 18:00,0.0
01/08/2023 18:30,0.0
01/08/2023 19:00,0.0
01/08/2023 19:30,0.0
01/08/2023 20:00,0.0
01/08/2023 20:30,0.0
01/08/2023 21:00,0.0
01/08/2023 21:30,0.0
01/08/2023 22:00,0.0
01/08/2023 22:30,0.0
01/08/2023 23:00,0.0
01/08/2023 23:30,0.0
01/09/2023 00:00,0.0
01/09/2023 00:30,0.0
01/09/2023 01:00,0.0
01/09/2023 01:30,0.0
01/09/2023 02:00,0.0
01/09/2023 02:30,0.0
01/09/2023 03:00,0.0
01/09/2023 03:30,0.0
01/09/2023 04:00,0.0
01/09/2023 04:30,0.0
01/09/2023 05:00,0.0
01/09/2023 05:30,0.0
01/09/2023 06:00,0.0
01/09/2023 06:30,0.0
01/09/2023 07:00,0.0
01/09/2023 07:30,0.0
01/09/2023 08:00,0.0
01/09/2023 08:30,0.0
01/09/2023 09:00,0.0
01/09/2023 09:30,0.0
01/09/2023 10:00,0.0
01/09/2023 10:30,0.0
01/09/2023 11:00,0.0
01/09/2023 11:30,0.0
01/09/2023 12:00,0.0
01/09/2023 12:30,0.0
01/09/2023 13:00,0.0
01/09/2023 13:30,0.0
01/09/2023 14:00,0.0
01/09/2023 14:30,0.0
01/09/2023 15:00,0.0
01/09/2023 15:30,0.0
01/09/2023 16:00,0.0
01/09/2023 16:30,0.0
01/09/2023 17:00,0.0
01/09/2023 17:30,0.0
01/09/2023 18:00,0.0
01/09/2023 18:30,0.0
01/09/2023 19:00,0.0
01/09/2023 19:30,0.0
01/09/2023 20:00,0.0
01/09/2023 20:30,0.0
01/09/2023 21:00,0.0
01/09/2023 21:30,0.0
01/09/2023 22:00,0.0
01/09/2023 22:30,0.0
01/09/2023 23:00,0.0
01/09/2023 23:30,0.0
01/10/2023 00:00,0.0
01/10/2023 00:30,0.0
01/10/2023 01:00,0.0
01/10/2023 01:30,0.0
01/10/2023 02:00,0.0
01/10/2023 02:30,0.0
01/10/2023 03:00,0.0
01/10/2023 03:30,0.0
01/10/2023 04:00,0.0
01/10/2023 04:30,0.0
01/10/2023 05:00,0.0
01/10/2023 05:30,0.0
01/10/2023 06:00,0.0
01/10/2023 06:30,0.0
01/10/2023 07:00,0.0
01/10/2023 07:30,0.0
01/10/2023 08:00,0.0
01/10/2023 08:30,0.0
01/10/2023 09:00,0.0
01/10/2023 09:30,0.0
01/10/2023 10:00,0.0
01/10/2023 10:30,0.0
01/10/2023 11:00,0.0
01/10/2023 11:30,0.0
01/10/2023 12:00,0.0
01/10/2023 12:30,0.0
01/10/2023 13:00,0.0
01/10/2023 13:30,0.0
01/10/2023 14:00,0.0
01/10/2023 14:30,0.0
01/10/2023 15:00,0.0
01/10/2023 15:30,0.0
01/10/2023 16:00,0.0
01/10/2023 16:30,0.0
01/10/2023 17:00,0.0
01/10/2023 17:30,0.0
01/10/2023 18:00,0.0
01/10/2023 18:30,0.0
01/10/2023 19:00,0.0
01/10/2023 19:30,0.0
01/10/2023 20:00,0.0
01/10/2023 20:30,0.0
01/10/2023 21:00,0.0
01/10/2023 21:30,0.0
01/10/2023 22:00,0.0
01/10/2023 22:30,0.0
01/10/2023 23:00,0.0
01/10/2023 23:30,0.0
01/11/2023 00:00,0.0
01/11/2023 00:30,0.0
01/11/2023 01:00,0.0
01/11/2023 01:30,0.0
01/11/2023 02:00,0.0
01/11/2023 02:30,0.0
01/11/2023 03:00,0.0
01/11/2023 03:30,0.0
01/11/2023 04:00,0.0
01/11/2023 04:30,0.0
01/11/2023 05:00,0.0
01/11/2023 05:30,0.0
01/11/2023 06:00,0.0
01/11/2023 06:30,0.0
01/11/2023 07:00,0.0
01/11/2023 07:30,0.0
01/11/2023 08:00,0.0
01/11/2023 08:30,0.0
01/11/2023 09:00,0.0
01/11/2023 09:30,0.0
01/11/2023 10:00,0.0
01/11/2023 10:30,0.0
01/11/2023 11:00,0.0
01/11/2023 11:30,0.0
01/11/2023 12:00,0.0
01/11/2023 12:30,0.0
01/11/2023 13:00,0.0
01/11/2023 13:30,0.0
01/11/2023 14:00,0.0
01/11/2023 14:30,0.0
01/11/2023 15:00,0.0
01/11/2023 15:30,0.0
01/11/2023 16:00,0.0
01/11/2023 16:30,0.0
01/11/2023 17:00,0.0
01/11/2023 17:30,0.0
01/11/2023 18:00,0.0
01/11/2023 18:30,0.0
01/11/2023 19:00,0.0
01/11/2023 19:30,0.0
01/11/2023 20:00,0.0
01/11/2023 20:30,0.0
01/11/2023 21:00,0.0
01/11/2023 21:30,0.0
01/11/2023 22:00,0.0
01/11/2023 22:30,0.0
01/11/2023 23:00,0.0
01/11/2023 23:30,0.0
01/12/2023 00:00,0.0
01/12/2023 00:30,0.0
01/12/2023 01:00,0.0
01/12/2023 01:30,0.0
01/12/2023 02:00,0.0
01/12/2023 02:30,0.0
01/12/2023 03:00,0.0
01/12/2023 03:30,0.0
01/12/2023 04:00,0.0
01/12/2023 04:30,0.0
01/12/2023 05:00,0.0
01/12/2023 05:30,0.0
01/12/2023 06:00,0.0
01/12/2023 06:30,0.0
01/12/2023 07:00,0.0
01/12/2023 07:30,0.0
01/12/2023 08:00,0.0
01/12/2023 08:30,0.0
01/12/2023 09:00,0.0
01/12/2023 09:30,0.0
01/12/2023 10:00,0.0
01/12/2023 10:30,0.0
01/12/2023 11:00,0.0
01/12/2023 11:30,0.0
01/12/2023 12:00,0.0
01/12/2023 12:30,0.0
01/12/2023 13:00,0.0
01/12/2023 13:30,0.0
01/12/2023 14:00,0.0
01/12/2023 14:30,0.0
01/12/2023 15:00,0.0
01/12/2023 15:30,0.0
01/12/2023 16:00,0.0
01/12/2023 16:30,0.0
01/12/2023 17:00,0.0
01/12/2023 17:30,0.0
01/12/2023 18:00,0.0
01/12/2023 18:30,0.0
01/12/2023 19:00,0.0
01/12/2023 19:30,0.0
01/12/2023 20:00,0.0
01/12/2023 20:30,0.0
01/12/2023 21:00,0.0
01/12/2023 21:30,0.0
01/12/2023 22:00,0.0
01/12/2023 22:30,0.0
01/12/2023 23:00,0.0
01/12/2023 23:30,0.0
01/13/2023 00:00,0.0
01/13/2023 00:30,0.0
01/13/2023 01:00,0.0
01/13/2023 01:30,0.0
01/13/2023 02:00,0.0
01/13/2023 02:30,0.0
01/13/2023 03:00,0.0
01/13/2023 03:30,0.0
01/13/2023 04:00,0.0
01/13/2023 04:30,0.0
01/13/2023 05:00,0.0
01/13/2023 05:30,0.0
01/13/2023 06:00,0.0
01/13/2023 06:30,0.0
01/13/2023 07:00,0.0
01/13/2023 07:30,0.0
01/13/2023 08:00,0.0
01/13/2023 08:30,0.0
01/13/2023 09:00,0.0
01/13/2023 09:30,0.0
01/13/2023 10:00,0.0
01/13/2023 10:30,0.0
01/13/2023 11:00,0.0
01/13/2023 11:30,0.0
01/13/2023 12:00,0.0
01/13/2023 12:30,0.0
01/13/2023 13:00,0.0
01/13/2023 13:30,0.0
01/13/2023 14:00,0.0
01/13/2023 14:30,0.0
01/13/2023 15:00,0.0
01/13/2023 15:30,0.0
01/13/2023 16:00,0.0
01/13/2023 16:30,0.0
01/13/2023 17:00,0.0
01/13/2023 17:30,0.0
01/13/2023 18:00,0.0
01/13/2023 18:30,0.0
01/13/2023 19:00,0.0
01/13/2023 19:30,0.0
01/13/2023 20:00,0.0
01/13/2023 20:30,0.0
01/13/2023 21:00,0.0
01/13/2023 21:30,0.0
01/13/2023 22:00,0.0
01/13/2023 22:30,0.0
01/13/2023 23:00,0.0
01/13/2023 23:30,0.0
01/14/2023 00:00,0.0
01/14/2023 00:30,0.0
01/14/2023 01:00,0.0
01/14/2023 01:30,0.0
01/14/2023 02:00,0.0
01/14/2023 02:30,0.0
01/14/2023 03:00,0.0
01/14/2023 03:30,0.0
01/14/2023 04:00,0.0
01/14/2023 04:30,0.0
01/14/2023 05:00,0.0
01/14/2023 05:30,0.0
01/14/2023 06:00,0.0
01/14/2023 06:30,0.0
01/14/2023 07:00,0.0
01/14/2023 07:30,0.0
01/14/2023 08:00,0.0
01/14/2023 08:30,0.0
01/14/2023 09:00,0.0
01/14/2023 09:30,0.0
01/14/2023 10:00,0.0
01/14/2023 10:30,0.0
01/14/2023 11:00,0.0
01/14/2023 11:30,0.0
01/14/2023 12:00,0.0
01/14/2023 12:30,0.0
01/14/2023 13:00,0.0
01/14/2023 13:30,0.0
01/14/2023 14:00,0.0
01/14/2023 14:30,0.0
01/14/2023 15:00,0.0
01/14/2023 15:30,0.0
01/14/2023 16:00,0.0
01/14/2023 16:30,0.0
01/14/2023 17:00,0.0
01/14/2023 17:30,0.0
01/14/2023 18:00,0.0
01/14/2023 18:30,0.0
01/14/2023 19:00,0.0
01/14/2023 19:30,0.0
01/14/2023 20:00,0.0
01/14/2023 20:30,0.0
01/14/2023 21:00,0.0
01/14/2023 21:30,0.0
01/14/2023 22:00,0.0
01/14/2023 22:30,0.0
01/14/2023 23:00,0.0
01/14/2023 23:30,0.0
01/15/2023 00:00,0.0
01/15/2023 00:30,0.0
01/15/2023 01:00,0.0
01/15/2023 01:30,0.0
01/15/2023 02:00,0.0
01/15/2023 02:30,0.0
01/15/2023 03:00,0.0
01/15/2023 03:30,0.0
01/15/2023 04:00,0.0
01/15/2023 04:30,0.0
01/15/2023 05:00,0.0
01/15/2023 05:30,0.0
01/15/2023 06:00,0.0
01/15/2023 06:30,0.0
01/15/2023 07:00,0.0
01/15/2023 07:30,0.0
01/15/2023 08:00,0.0
01/15/2023 08:30,0.0
01/15/2023 09:00,0.0
01/15/2023 09:30,0.0
01/15/2023 10:00,0.0
01/15/2023 10:30,0.0
01/15/2023 11:00,0.0
01/15/2023 11:30,0.0
01/15/2023 12:00,0.0
01/15/2023 12:30,0.0
01/15/2023 13:00,0.0
01/15/2023 13:30,0.0
01/15/2023 14:00,0.0
01/15/2023 14:30,0.0
01/15/2023 15:00,0.0
01/15/2023 15:30,0.0
01/15/2023 16:00,0.0
01/15/2023 16:30,0.0
01/15/2023 17:00,0.0
01/15/2023 17:30,0.0
01/15/2023 18:00,0.0
01/15/2023 18:30,0.0
01/15/2023 19:00,0.0
01/15/2023 19:30,0.0
01/15/2023 20:00,0.0
01/15/2023 20:30,0.0
01/15/2023 21:00,0.0
01/15/2023 21:30,0.0
01/15/2023 22:00,0.0
01/15/2023 22:30,0.0
01/15/2023 23:00,0.0
01/15/2023 23:30,0.0
01/16/2023 00:00,0.0
01/16/2023 00:30,0.0
01/16/2023 01:00,0.0
01/16/2023 01:30,0.0
01/16/2023 02:00,0.0
01/16/2023 02:30,0.0
01/16/2023 03:00,0.0
01/16/2023 03:30,0.0
01/16/2023 04:00,0.0
01/16/2023 04:30,0.0
01/16/2023 05:00,0.0
01/16/2023 05:30,0.0
01/16/2023 06:00,0.0
01/16/2023 06:30,0.0
01/16/2023 07:00,0.0
01/16/2023 07:30,0.0
01/16/2023 08:00,0.0
01/16/2023 08:30,0.0
01/16/2023 09:00,0.0
01/16/2023 09:30,0.0
01/16/2023 10:00,0.0
01/16/2023 10:30,0.0
01/16/2023 11:00,0.0
01/16/2023 11:30,0.0
01/16/2023 12:00,0.0
01/16/2023 12:30,0.0
01/16/2023 13:00,0.0
01/16/2023 13:30,0.0
01/16/2023 14:00,0.0
01/16/2023 14:30,0.0
01/16/2023 15:00,0.0
01/16/2023 15:30,0.0
01/16/2023 16:00,0.0
01/16/2023 16:30,0.0
01/16/2023 17:00,0.0
01/16/2023 17:30,0.0
01/16/2023 18:00,0.0
01/16/2023 18:30,0.0
01/16/2023 19:00,0.0
01/16/2023 19:30,0.0
01/16/2023 20:00,0.0
01/16/2023 20:30,0.0
01/16/2023 21:00,0.0
01/16/2023 21:30,0.0
01/16/2023 22:00,0.0
01/16/2023 22:30,0.0
01/16/2023 23:00,0.0
01/16/2023 23:30,0.0
01/17/2023 00:00,0.0
01/17/2023 00:30,0.0
01/17/2023 01:00,0.0
01/17/2023 01:30,0.0
01/17/2023 02:00,0.0
01/17/2023 02:30,0.0
01/17/2023 03:00,0.0
01/17/2023 03:30,0.0
01/17/2023 04:00,0.0
01/17/2023 04:30,0.0
01/17/2023 05:00,0.0
01/17/2023 05:30,0.0
01/17/2023 06:00,0.0
01/17/2023 06:30,0.0
01/17/2023 07:00,0.0
01/17/2023 07:30,0.0
01/17/2023 08:00,0.0
01/17/2023 08:30,0.0
01/17/2023 09:00,0.0
01/17/2023 09:30,0.0
01/17/2023 10:00,0.0
01/17/2023 10:30,0.0
01/17/2023 11:00,0.0
01/17/2023 11:30,0.0
01/17/2023 12:00,0.0
01/17/2023 12:30,0.0
01/17/2023 13:00,0.0
01/17/2023 13:30,0.0
01/17/2023 14:00,0.0
01/17/2023 14:30,0.0
01/17/2023 15:00,0.0
01/17/2023 15:30,0.0
01/17/2023 16:00,0.0
01/17/2023 16:30,0.0
01/17/2023 17:00,0.0
01/17/2023 17:30,0.0
01/17/2023 18:00,0.0
01/17/2023 18:30,0.0
01/17/2023 19:00,0.0
01/17/2023 19:30,0.0
01/17/2023 20:00,0.0
01/17/2023 20:30,0.0
01/17/2023 21:00,0.0
01/17/2023 21:30,0.0
01/17/2023 22:00,0.0
01/17/2023 22:30,0.0
01/17/2023 23:00,0.0
01/17/2023 23:30,0.0
01/18/2023 00:00,0.0
01/18/2023 00:30,0.0
01/18/2023 01:00,0.0
01/18/2023 01:30,0.0
01/18/2023 02:00,0.0
01/18/2023 02:30,0.0
01/18/2023 03:00,0.0
01/18/2023 03:30,0.0
01/18/2023 04:00,0.0
01/18/2023 04:30,0.0
01/18/2023 05:00,0.0
01/18/2023 05:30,0.0
01/18/2023 06:00,0.0
01/18/2023 06:30,0.0
01/18/2023 07:00,0.0
01/18/2023 07:30,0.0
01/18/2023 08:00,0.0
01/18/2023 08:30,0.0
01/18/2023 09:00,0.0
01/18/2023 09:30,0.0
01/18/2023 10:00,0.0
01/18/2023 10:30,0.0
01/18/2023 11:00,0.0
01/18/2023 11:30,0.0
01/18/2023 12:00,0.0
01/18/2023 12:30,0.0
01/18/2023 13:00,0.0
01/18/2023 13:30,0.0
01/18/2023 14:00,0.0
01/18/2023 14:30,0.0
01/18/2023 15:00,0.0
01/18/2023 15:30,0.0
01/18/2023 16:00,0.0
01/18/2023 16:30,0.0
01/18/2023 17:00,0.0
01/18/2023 17:30,0.0
01/18/2023 18:00,0.0
01/18/2023 18:30,0.0
01/18/2023 19:00,0.0
01/18/2023 19:30,0.0
01/18/2023 20:00,0.0
01/18/2023 20:30,0.0
01/18/2023 21:00,0.0
01/18/2023 21:30,0.0
01/18/2023 22:00,0.0
01/18/2023 22:30,0.0
01/18/2023 23:00,0.0
01/18/2023 23:30,0.0
01/19/2023 00:00,0.0
01/19/2023 00:30,0.0
01/19/2023 01:00,0.0
01/19/2023 01:30,0.0
01/19/2023 02:00,0.0
01/19/2023 02:30,0.0
01/19/2023 03:00,0.0
01/19/2023 03:30,0.0
01/19/2023 04:00,0.0
01/19/2023 04:30,0.0
01/19/2023 05:00,0.0
01/19/2023 05:30,0.0
01/19/2023 06:00,0.0
01/19/2023 06:30,0.0
01/19/2023 07:00,0.0
01/19/2023 07:30,0.0
01/19/2023 08:00,0.0
01/19/2023 08:30,0.0
01/19/2023 09:00,0.0
01/19/2023 09:30,0.0
01/19/2023 10:00,0.0
01/19/2023 10:30,0.0
01/19/2023 11:00,0.0
01/19/2023 11:30,0.0
01/19/2023 12:00,0.0
01/19/2023 12:30,0.0
01/19/2023 13:00,0.0
01/19/2023 13:30,0.0
01/19/2023 14:00,0.0
01/19/2023 14:30,0.0
01/19/2023 15:00,0.0
01/19/2023 15:30,0.0
01/19/2023 16:00,0.0
01/19/2023 16:30,0.0
01/19/2023 17:00,0.0
01/19/2023 17:30,0.0
01/19/2023 18:00,0.0
01/19/2023 18:30,0.0
01/19/2023 19:00,0.0
01/19/2023 19:30,0.0
01/19/2023 20:00,0.0
01/19/2023 20:30,0.0
01/19/2023 21:00,0.0
01/19/2023 21:30,0.0
01/19/2023 22:00,0.0
01/19/2023 22:30,0.0
01/19/2023 23:00,0.0
01/19/2023 23:30,0.0
01/20/2023 00:00,0.0
01/20/2023 00:30,0.0
01/20/2023 01:00,0.0
01/20/2023 01:30,0.0
01/20/2023 02:00,0.0
01/20/2023 02:30,0.0
01/20/2023 03:00,0.0
01/20/2023 03:30,0.0
01/20/2023 04:00,0.0
01/20/2023 04:30,0.0
01/20/2023 05:00,0.0
01/20/2023 05:30,0.0
01/20/2023 06:00,0.0
01/20/2023 06:30,0.0
01/20/2023 07:00,0.0
01/20/2023 07:30,0.0
01/20/2023 08:00,0.0
01/20/2023 08:30,0.0
01/20/2023 09:00,0.0
01/20/2023 09:30,0.0
01/20/2023 10:00,0.0
01/20/2023 10:30,0.0
01/20/2023 11:00,0.0
01/20/2023 11:30,0.0
01/20/2023 12:00,0.0
01/20/2023 12:30,0.0
01/20/2023 13:00,0.0
01/20/2023 13:30,0.0
01/20/2023 14:00,0.0
01/20/2023 14:30,0.0
01/20/2023 15:00,0.0
01/20/2023 15:30,0.0
01/20/2023 16:00,0.0
01/20/2023 16:30,0.0
01/20/2023 17:00,0.0
01/20/2023 17:30,0.0
01/20/2023 18:00,0.0
01/20/2023 18:30,0.0
01/20/2023 19:00,0.0
01/20/2023 19:30,0.0
01/20/2023 20:00,0.0
01/20/2023 20:30,0.0
01/20/2023 21:00,0.0
01/20/2023 21:30,0.0
01/20/2023 22:00,0.0
01/20/2023 22:30,0.0
01/20/2023 23:00,0.0
01/20/2023 23:30,0.0
01/21/2023 00:00,0.0
01/21/2023 00:30,0.0
01/21/2023 01:00,0.0
01/21/2023 01:30,0.0
01/21/2023 02:00,0.0
01/21/2023 02:30,0.0
01/21/2023 03:00,0.0
01/21/2023 03:30,0.0
01/21/2023 04:00,0.0
01/21/2023 04:30,0.0
01/21/2023 05:00,0.0
01/21/2023 05:30,0.0
01/21/2023 06:00,0.0
01/21/2023 06:30,0.0
01/21/2023 07:00,0.0
01/21/2023 07:30,0.0
01/21/2023 08:00,0.0
01/21/2023 08:30,0.0
01/21/2023 09:00,0.0
01/21/2023 09:30,0.0
01/21/2023 10:00,0.0
01/21/2023 10:30,0.0
01/21/2023 11:00,0.0
01/21/2023 11:30,0.0
01/21/2023 12:00,0.0
01/21/2023 12:30,0.0
01/21/2023 13:00,0.0
01/21/2023 13:30,0.0
01/21/2023 14:00,0.0
01/21/2023 14:30,0.0
01/21/2023 15:00,0.0
01/21/2023 15:30,0.0
01/21/2023 16:00,0.0
01/21/2023 16:30,0.0
01/21/2023 17:00,0.0
01/21/2023 17:30,0.0
01/21/2023 18:00,0.0
01/21/2023 18:30,0.0
01/21/2023 19:00,0.0
01/21/2023 19:30,0.0
01/21/2023 20:00,0.0
01/21/2023 20:30,0.0
01/21/2023 21:00,0.0
01/21/2023 21:30,0.0
01/21/2023 22:00,0.0
01/21/2023 22:30,0.0
01/21/2023 23:00,0.0
01/21/2023 23:30,0.0
01/22/2023 00:00,0.0
01/22/2023 00:30,0.0
01/22/2023 01:00,0.0
01/22/2023 01:30,0.0
01/22/2023 02:00,0.0
01/22/2023 02:30,0.0
01/22/2023 03:00,0.0
01/22/2023 03:30,0.0
01/22/2023 04:00,0.0
01/22/2023 04:30,0.0
01/22/2023 05:00,0.0
01/22/2023 05:30,0.0
01/22/2023 06:00,0.0
01/22/2023 06:30,0.0
01/22/2023 07:00,0.0
01/22/2023 07:30,0.0
01/22/2023 08:00,0.0
01/22/2023 08:30,0.0
01/22/2023 09:00,0.0
01/22/2023 09:30,0.0
01/22/2023 10:00,0.0
01/22/2023 10:30,0.0
01/22/2023 11:00,0.0
01/22/2023 11:30,0.0
01/22/2023 12:00,0.0
01/22/2023 12:30,0.0
01/22/2023 13:00,0.0
01/22/2023 13:30,0.0
01/22/2023 14:00,0.0
01/22/2023 14:30,0.0
01/22/2023 15:00,0.0
01/22/2023 15:30,0.0
01/22/2023 16:00,0.0
01/22/2023 16:30,0.0
01/22/2023 17:00,0.0
01/22/2023 17:30,0.0
01/22/2023 18:00,0.0
01/22/2023 18:30,0.0
01/22/2023 19:00,0.0
01/22/2023 19:30,0.0
01/22/2023 20:00,0.0
01/22/2023 20:30,0.0
01/22/2023 21:00,0.0
01/22/2023 21:30,0.0
01/22/2023 22:00,0.0
01/22/2023 22:30,0.0
01/22/2023 23:00,0.0
01/22/2023 23:30,0.0
01/23/2023 00:00,0.0
01/23/2023 00:30,0.0
01/23/2023 01:00,0.0
01/23/2023 01:30,0.0
01/23/2023 02:00,0.0
01/23/2023 02:30,0.0
01/23/2023 03:00,0.0
01/23/2023 03:30,0.0
01/23/2023 04:00,0.0
01/23/2023 04:30,0.0
01/23/2023 05:00,0.0
01/23/2023 05:30,0.0
01/23/2023 06:00,0.0
01/23/2023 06:30,0.0
01/23/2023 07:00,0.0
01/23/2023 07:30,0.0
01/23/2023 08:00,0.0
01/23/2023 08:30,0.0
01/23/2023 09:00,0.0
01/23/2023 09:30,0.0
01/23/2023 10:00,0.0
01/23/2023 10:30,0.0
01/23/2023 11:00,0.0
01/23/2023 11:30,0.0
01/23/2023 12:00,0.0
01/23/2023 12:30,0.0
01/23/2023 13:00,0.0
01/23/2023 13:30,0.0
01/23/2023 14:00,0.0
01/23/2023 14:30,0.0
01/23/2023 15:00,0.0
01/23/2023 15:30,0.0
01/23/2023 16:00,0.0
01/23/2023 16:30,0.0
01/23/2023 17:00,0.0
01/23/2023 17:30,0.0
01/23/2023 18:00,0.0
01/23/2023 18:30,0.0
01/23/2023 19:00,0.0
01/23/2023 19:30,0.0
01/23/2023 20:00,0.0
01/23/2023 20:30,0.0
01/23/2023 21:00,0.0
01/23/2023 21:30,0.0
01/23/2023 22:00,0.0
01/23/2023 22:30,0.0
01/23/2023 23:00,0.0
01/23/2023 23:30,0.0
01/24/2023 00:00,0.0
01/24/2023 00:30,0.0
01/24/2023 01:00,0.0
01/24/2023 01:30,0.0
01/24/2023 02:00,0.0
01/24/2023 02:30,0.0
01/24/2023 03:00,0.0
01/24/2023 03:30,0.0
01/24/2023 04:00,0.0
01/24/2023 04:30,0.0
01/24/2023 05:00,0.0
01/24/2023 05:30,0.0
01/24/2023 06:00,0.0
01/24/2023 06:30,0.0
01/24/2023 07:00,0.0
01/24/2023 07:30,0.0
01/24/2023 08:00,0.0
01/24/2023 08:30,0.0
01/24/2023 09:00,0.0
01/24/2023 09:30,0.0
01/24/2023 10:00,0.0
01/24/2023 10:30,0.0
01/24/2023 11:00,0.0
01/24/2023 11:30,0.0
01/24/2023 12:00,0.0
01/24/2023 12:30,0.0
01/24/2023 13:00,0.0
01/24/2023 13:30,0.0
01/24/2023 14:00,0.0
01/24/2023 14:30,0.0
01/24/2023 15:00,0.0
01/24/2023 15:30,0.0
01/24/2023 16:00,0.0
01/24/2023 16:30,0.0
01/24/2023 17:00,0.0
01/24/2023 17:30,0.0
01/24/2023 18:00,0.0
01/24/2023 18:30,0.0
01/24/2023 19:00,0.0
01/24/2023 19:30,0.0
01/24/2023 20:00,0.0
01/24/2023 20:30,0.0
01/24/2023 21:00,0.0
01/24/2023 21:30,0.0
01/24/2023 22:00,0.0
01/24/2023 22:30,0.0
01/24/2023 23:00,0.0
01/24/2023 23:30,0.0
01/25/2023 00:00,0.0
01/25/2023 00:30,0.0
01/25/2023 01:00,0.0
01/25/2023 01:30,0.0
01/25/2023 02:00,0.0
01/25/2023 02:30,0.0
01/25/2023 03:00,0.0
01/25/2023 03:30,0.0
01/25/2023 04:00,0.0
01/25/2023 04:30,0.0
01/25/2023 05:00,0.0
01/25/2023 05:30,0.0
01/25/2023 06:00,0.0
01/25/2023 06:30,0.0
01/25/2023 07:00,0.0
01/25/2023 07:30,0.0
01/25/2023 08:00,0.0
01/25/2023 08:30,0.0
01/25/2023 09:00,0.0
01/25/2023 09:30,0.0
01/25/2023 10:00,0.0
01/25/2023 10:30,0.0
01/25/2023 11:00,0.0
01/25/2023 11:30,0.0
01/25/2023 12:00,0.0
01/25/2023 12:30,0.0
01/25/2023 13:00,0.0
01/25/2023 13:30,0.0
01/25/2023 14:00,0.0
01/25/2023 14:30,0.0
01/25/2023 15:00,0.0
01/25/2023 15:30,0.0
01/25/2023 16:00,0.0
01/25/2023 16:30,0.0
01/25/2023 17:00,0.0
01/25/2023 17:30,0.0
01/25/2023 18:00,0.0
01/25/2023 18:30,0.0
01/25/2023 19:00,0.0
01/25/2023 19:30,0.0
01/25/2023 20:00,0.0
01/25/2023 20:30,0.0
01/25/2023 21:00,0.0
01/25/2023 21:30,0.0
01/25/2023 22:00,0.0
01/25/2023 22:30,0.0
01/25/2023 23:00,0.0
01/25/2023 23:30,0.0
01/26/2023 00:00,0.0
01/26/2023 00:30,0.0
01/26/2023 01:00,0.0
01/26/2023 01:30,0.0
01/26/2023 02:00,0.0
01/26/2023 02:30,0.0
01/26/2023 03:00,0.0
01/26/2023 03:30,0.0
01/26/2023 04:00,0.0
01/26/2023 04:30,0.0
01/26/2023 05:00,0.0
01/26/2023 05:30,0.0
01/26/2023 06:00,0.0
01/26/2023 06:30,0.0
01/26/2023 07:00,0.0
01/26/2023 07:30,0.0
01/26/2023 08:00,0.0
01/26/2023 08:30,0.0
01/26/2023 09:00,0.0
01/26/2023 09:30,0.0
01/26/2023 10:00,0.0
01/26/2023 10:30,0.0
01/26/2023 11:00,0.0
01/26/2023 11:30,0.0
01/26/2023 12:00,0.0
01/26/2023 12:30,0.0
01/26/2023 13:00,0.0
01/26/2023 13:30,0.0
01/26/2023 14:00,0.0
01/26/2023 14:30,0.0
01/26/2023 15:00,0.0
01/26/2023 15:30,0.0
01/26/2023 16:00,0.0
01/26/2023 16:30,0.0
01/26/2023 17:00,0.0
01/26/2023 17:30,0.0
01/26/2023 18:00,0.0
01/26/2023 18:30,0.0
01/26/2023 19:00,0.0
01/26/2023 19:30,0.0
01/26/2023 20:00,0.0
01/26/2023 20:30,0.0
01/26/2023 21:00,0.0
01/26/2023 21:30,0.0
01/26/2023 22:00,0.0
01/26/2023 22:30,0.0
01/26/2023 23:00,0.0
01/26/2023 23:30,0.0
01/27/2023 00:00,0.0
01/27/2023 00:30,0.0
01/27/2023 01:00,0.0
01/27/2023 01:30,0.0
01/27/2023 02:00,0.0
01/27/2023 02:30,0.0
01/27/2023 03:00,0.0
01/27/2023 03:30,0.0
01/27/2023 04:00,0.0
01/27/2023 04:30,0.0
01/27/2023 05:00,0.0
01/27/2023 05:30,0.0
01/27/2023 06:00,0.0
01/27/2023 06:30,0.0
01/27/2023 07:00,0.0
01/27/2023 07:30,0.0
01/27/2023 08:00,0.0
01/27/2023 08:30,0.0
01/27/2023 09:00,0.0
01/27/2023 09:30,0.0
01/27/2023 10:00,0.0
01/27/2023 10:30,0.0
01/27/2023 11:00,0.0
01/27/2023 11:30,0.0
01/27/2023 12:00,0.0
01/27/2023 12:30,0.0
01/27/2023 13:00,0.0
01/27/2023 13:30,0.0
01/27/2023 14:00,0.0
01/27/2023 14:30,0.0
01/27/2023 15:00,0.0
01/27/2023 15:30,0.0
01/27/2023 16:00,0.0
01/27/2023 16:30,0.0
01/27/2023 17:00,0.0
01/27/2023 17:30,0.0
01/27/2023 18:00,0.0
01/27/2023 18:30,0.0
01/27/2023 19:00,0.0
01/27/2023 19:30,0.0
01/27/2023 20:00,0.0
01/27/2023 20:30,0.0
01/27/2023 21:00,0.0
01/27/2023 21:30,0.0
01/27/2023 22:00,0.0
01/27/2023 22:30,0.0
01/27/2023 23:00,0.0
01/27/2023 23:30,0.0
01/28/2023 00:00,0.0
01/28/2023 00:30,0.0
01/28/2023 01:00,0.0
01/28/2023 01:30,0.0
01/28/2023 02:00,0.0
01/28/2023 02:30,0.0
01/28/2023 03:00,0.0
01/28/2023 03:30,0.0
01/28/2023 04:00,0.0
01/28/2023 04:30,0.0
01/28/2023 05:00,0.0
01/28/2023 05:30,0.0
01/28/2023 06:00,0.0
01/28/2023 06:30,0.0
01/28/2023 07:00,0.0
01/28/2023 07:30,0.0
01/28/2023 08:00,0.0
01/28/2023 08:30,0.0
01/28/2023 09:00,0.0
01/28/2023 09:30,0.0
01/28/2023 10:00,0.0
01/28/2023 10:30,0.0
01/28/2023 11:00,0.0
01/28/2023 11:30,0.0
01/28/2023 12:00,0.0
01/28/2023 12:30,0.0
01/28/2023 13:00,0.0
01/28/2023 13:30,0.0
01/28/2023 14:00,0.0
01/28/2023 14:30,0.0
01/28/2023 15:00,0.0
01/28/2023 15:30,0.0
01/28/2023 16:00,0.0
01/28/2023 16:30,0.0
01/28/2023 17:00,0.0
01/28/2023 17:30,0.0
01/28/2023 18:00,0.0
01/28/2023 18:30,0.0
01/28/2023 19:00,0.0
01/28/2023 19:30,0.0
01/28/2023 20:00,0.0
01/28/2023 20:30,0.0
01/28/2023 21:00,0.0
01/28/2023 21:30,0.0
01/28/2023 22:00,0.0
01/28/2023 22:30,0.0
01/28/2023 23:00,0.0
01/28/2023 23:30,0.0
01/29/2023 00:00,0.0
01/29/2023 00:30,0.0
01/29/2023 01:00,0.0
01/29/2023 01:30,0.0
01/29/2023 02:00,0.0
01/29/2023 02:30,0.0
01/29/2023 03:00,0.0
01/29/2023 03:30,0.0
01/29/2023 04:00,0.0
01/29/2023 04:30,0.0
01/29/2023 05:00,0.0
01/29/2023 05:30,0.0
01/29/2023 06:00,0.0
01/29/2023 06:30,0.0
01/29/2023 07:00,0.0
01/29/2023 07:30,0.0
01/29/2023 08:00,0.0
01/29/2023 08:30,0.0
01/29/2023 09:00,0.0
01/29/2023 09:30,0.0
01/29/2023 10:00,0.0
01/29/2023 10:30,0.0
01/29/2023 11:00,0.0
01/29/2023 11:30,0.0
01/29/2023 12:00,0.0
01/29/2023 12:30,0.0
01/29/2023 13:00,0.0
01/29/2023 13:30,0.0
01/29/2023 14:00,0.0
01/29/2023 14:30,0.0
01/29/2023 15:00,0.0
01/29/2023 15:30,0.0
01/29/2023 16:00,0.0
01/29/2023 16:30,0.0
01/29/2023 17:00,0.0
01/29/2023 17:30,0.0
01/29/2023 18:00,0.0
01/29/2023 18:30,0.0
01/29/2023 19:00,0.0
01/29/2023 19:30,0.0
01/29/2023 20:00,0.0
01/29/2023 20:30,0.0
01/29/2023 21:00,0.0
01/29/2023 21:30,0.0
01/29/2023 22:00,0.0
01/29/2023 22:30,0.0
01/29/2023 23:00,0.0
01/29/2023 23:30,0.0
01/30/2023 00:00,0.0
01/30/2023 00:30,0.0
01/30/2023 01:00,0.0
01/30/2023 01:30,0.0
01/30/2023 02:00,0.0
01/30/2023 02:30,0.0
01/30/2023 03:00,0.0
01/30/2023 03:30,0.0
01/30/2023 04:00,0.0
01/30/2023 04:30,0.0
01/30/2023 05:00,0.0
01/30/2023 05:30,0.0
01/30/2023 06:00,0.0
01/30/2023 06:30,0.0
01/30/2023 07:00,0.0
01/30/2023 07:30,0.0
01/30/2023 08:00,0.0
01/30/2023 08:30,0.0
01/30/2023 09:00,0.0
01/30/2023 09:30,0.0
01/30/2023 10:00,0.0
01/30/2023 10:30,0.0
01/30/2023 11:00,0.0
01/30/2023 11:30,0.0
01/30/2023 12:00,0.0
01/30/2023 12:30,0.0
01/30/2023 13:00,0.0
01/30/2023 13:30,0.0
01/30/2023 14:00,0.0
01/30/2023 14:30,0.0
01/30/2023 15:00,0.0
01/30/2023 15:30,0.0
01/30/2023 16:00,0.0
01/30/2023 16:30,0.0
01/30/2023 17:00,0.0
01/30/2023 17:30,0.0
01/30/2023 18:00,0.0
01/30/2023 18:30,0.0
01/30/2023 19:00,0.0
01/30/2023 19:30,0.0
01/30/2023 20:00,0.0
01/30/2023 20:30,0.0
01/30/2023 21:00,0.0
01/30/2023 21:30,0.0
01/30/2023 22:00,0.0
01/30/2023 22:30,0.0
01/30/2023 23:00,0.0
01/30/2023 23:30,0.0
01/31/2023 00:00,0.0
01/31/2023 00:30,0.0
01/31/2023 01:00,0.0
01/31/2023 01:30,0.0
01/31/2023 02:00,0.0
01/31/2023 02:30,0.0
01/31/2023 03:00,0.0
01/31/2023 03:30,0.0
01/31/2023 04:00,0.0
01/31/2023 04:30,0.0
01/31/2023 05:00,0.0
01/31/2023 05:30,0.0
01/31/2023 06:00,0.0
01/31/2023 06:30,0.0
01/31/2023 07:00,0.0
01/31/2023 07:30,0.0
01/31/2023 08:00,0.0
01/31/2023 08:30,0.0
01/31/2023 09:00,0.0
01/31/2023 09:30,0.0
01/31/2023 10:00,0.0
01/31/2023 10:30,0.0
01/31/2023 11:00,0.0
01/31/2023 11:30,0.0
01/31/2023 12:00,0.0
01/31/2023 12:30,0.0
01/31/2023 13:00,0.0
01/31/2023 13:30,0.0
01/31/2023 14:00,0.0
01/31/2023 14:30,0.0
01/31/2023 15:00,0.0
01/31/2023 15:30,0.0
01/31/2023 16:00,0.0
01/31/2023 16:30,0.0
01/31/2023 17:00,0.0
01/31/2023 17:30,0.0
01/31/2023 18:00,0.0
01/31/2023 18:30,0.0
01/31/2023 19:00,0.0
01/31/2023 19:30,0.0
01/31/2023 20:00,0.0
01/31/2023 20:30,0.0
01/31/2023 21:00,0.0
01/31/2023 21:30,0.0
01/31/2023 22:00,0.0
01/31/2023 22:30,0.0
01/31/2023 23:00,0.0
01/31/2023 23:30,0.0
02/01/2023 00:00,0.0
02/01/2023 00:30,0.0
02/01/2023 01:00,0.0
02/01/2023 01:30,0.0
02/01/2023 02:00,0.0
02/01/2023 02:30,0.0
02/01/2023 03:00,0.0
02/01/2023 03:30,0.0
02/01/2023 04:00,0.0
02/01/2023 04:30,0.0
02/01/2023 05:00,0.0
02/01/2023 05:30,0.0
02/01/2023 06:00,0.0
02/01/2023 06:30,0.0
02/01/2023 07:00,0.0
02/01/2023 07:30,0.0
02/01/2023 08:00,0.0
02/01/2023 08:30,0.0
02/01/2023 09:00,0.0
02/01/2023 09:30,0.0
02/01/2023 10:00,0.0
02/01/2023 10:30,0.0
02/01/2023 11:00,0.0
02/01/2023 11:30,0.0
02/01/2023 12:00,0.0
02/01/2023 12:30,0.0
02/01/2023 13:00,0.0
02/01/2023 13:30,0.0
02/01/2023 14:00,0.0
02/01/2023 14:30,0.0
02/01/2023 15:00,0.0
02/01/2023 15:30,0.0
02/01/2023 16:00,0.0
02/01/2023 16:30,0.0
02/01/2023 17:00,0.0
02/01/2023 17:30,0.0
02/01/2023 18:00,0.0
02/01/2023 18:30,0.0
02/01/2023 19:00,0.0
02/01/2023 19:30,0.0
02/01/2023 20:00,0.0
02/01/2023 20:30,0.0
02/01/2023 21:00,0.0
02/01/2023 21:30,0.0
02/01/2023 22:00,0.0
02/01/2023 22:30,0.0
02/01/2023 23:00,0.0
02/01/2023 23:30,0.0
02/02/2023 00:00,0.0
02/02/2023 00:30,0.0
02/02/2023 01:00,0.0
02/02/2023 01:30,0.0
02/02/2023 02:00,0.0
02/02/2023 02:30,0.0
02/02/2023 03:00,0.0
02/02/2023 03:30,0.0
02/02/2023 04:00,0.0
02/02/2023 04:30,0.0
02/02/2023 05:00,0.0
02/02/2023 05:30,0.0
02/02/2023 06:00,0.0
02/02/2023 06:30,0.0
02/02/2023 07:00,0.0
02/02/2023 07:30,0.0
02/02/2023 08:00,0.0
02/02/2023 08:30,0.0
02/02/2023 09:00,0.0
02/02/2023 09:30,0.0
02/02/2023 10:00,0.0
02/02/2023 10:30,0.0
02/02/2023 11:00,0.0
02/02/2023 11:30,0.0
02/02/2023 12:00,0.0
02/02/2023 12:30,0.0
02/02/2023 13:00,0.0
02/02/2023 13:30,0.0
02/02/2023 14:00,0.0
02/02/2023 14:30,0.0
02/02/2023 15:00,0.0
02/02/2023 15:30,0.0
02/02/2023 16:00,0.0
02/02/2023 16:30,0.0
02/02/2023 17:00,0.0
02/02/2023 17:30,0.0
02/02/2023 18:00,0.0
02/02/2023 18:30,0.0
02/02/2023 19:00,0.0
02/02/2023 19:30,0.0
02/02/2023 20:00,0.0
02/02/2023 20:30,0.0
02/02/2023 21:00,0.0
02/02/2023 21:30,0.0
02/02/2023 22:00,0.0
02/02/2023 22:30,0.0
02/02/2023 23:00,0.0
02/02/2023 23:30,0.0
02/03/2023 00:00,0.0
02/03/2023 00:30,0.0
02/03/2023 01:00,0.0
02/03/2023 01:30,0.0
02/03/2023 02:00,0.0
02/03/2023 02:30,0.0
02/03/2023 03:00,0.0
02/03/2023 03:30,0.0
02/03/2023 04:00,0.0
02/03/2023 04:30,0.0
02/03/2023 05:00,0.0
02/03/2023 05:30,0.0
02/03/2023 06:00,0.0
02/03/2023 06:30,0.0
02/03/2023 07:00,0.0
02/03/2023 07:30,0.0
02/03/2023 08:00,0.0
02/03/2023 08:30,0.0
02/03/2023 09:00,0.0
02/03/2023 09:30,0.0
02/03/2023 10:00,0.0
02/03/2023 10:30,0.0
02/03/2023 11:00,0.0
02/03/2023 11:30,0.0
02/03/2023 12:00,0.0
02/03/2023 12:30,0.0
02/03/2023 13:00,0.0
02/03/2023 13:30,0.0
02/03/2023 14:00,0.0
02/03/2023 14:30,0.0
02/03/2023 15:00,0.0
02/03/2023 15:30,0.0
02/03/2023 16:00,0.0
02/03/2023 16:30,0.0
02/03/2023 17:00,0.0
02/03/2023 17:30,0.0
02/03/2023 18:00,0.0
02/03/2023 18:30,0.0
02/03/2023 19:00,0.0
02/03/2023 19:30,0.0
02/03/2023 20:00,0.0
02/03/2023 20:30,0.0
02/03/2023 21:00,0.0
02/03/2023 21:30,0.0
02/03/2023 22:00,0.0
02/03/2023 22:30,0.0
02/03/2023 23:00,0.0
02/03/2023 23:30,0.0
02/04/2023 00:00,0.0
02/04/2023 00:30,0.0
02/04/2023 01:00,0.0
02/04/2023 01:30,0.0
02/04/2023 02:00,0.0
02/04/2023 02:30,0.0
02/04/2023 03:00,0.0
02/04/2023 03:30,0.0
02/04/2023 04:00,0.0
02/04/2023 04:30,0.0
02/04/2023 05:00,0.0
02/04/2023 05:30,0.0
02/04/2023 06:00,0.0
02/04/2023 06:30,0.0
02/04/2023 07:00,0.0
02/04/2023 07:30,0.0
02/04/2023 08:00,0.0
02/04/2023 08:30,0.0
02/04/2023 09:00,0.0
02/04/2023 09:30,0.0
02/04/2023 10:00,0.0
02/04/2023 10:30,0.0
02/04/2023 11:00,0.0
02/04/2023 11:30,0.0
02/04/2023 12:00,0.0
02/04/2023 12:30,0.0
02/04/2023 13:00,0.0
02/04/2023 13:30,0.0
02/04/2023 14:00,0.0
02/04/2023 14:30,0.0
02/04/2023 15:00,0.0
02/04/2023 15:30,0.0
02/04/2023 16:00,0.0
02/04/2023 16:30,0.0
02/04/2023 17:00,0.0
02/04/2023 17:30,0.0
02/04/2023 18:00,0.0
02/04/2023 18:30,0.0
02/04/2023 19:00,0.0
02/04/2023 19:30,0.0
02/04/2023 20:00,0.0
02/04/2023 20:30,0.0
02/04/2023 21:00,0.0
02/04/2023 21:30,0.0
02/04/2023 22:00,0.0
02/04/2023 22:30,0.0
02/04/2023 23:00,0.0
02/04/2023 23:30,0.0
02/05/2023 00:00,0.0
02/05/2023 00:30,0.0
02/05/2023 01:00,0.0
02/05/2023 01:30,0.0
02/05/2023 02:00,0.0
02/05/2023 02:30,0.0
02/05/2023 03:00,0.0
02/05/2023 03:30,0.0
02/05/2023 04:00,0.0
02/05/2023 04:30,0.0
02/05/2023 05:00,0.0
02/05/2023 05:30,0.0
02/05/2023 06:00,0.0
02/05/2023 06:30,0.0
02/05/2023 07:00,0.0
02/05/2023 07:30,0.0
02/05/2023 08:00,0.0
02/05/2023 08:30,0.0
02/05/2023 09:00,0.0
02/05/2023 09:30,0.0
02/05/2023 10:00,0.0
02/05/2023 10:30,0.0
02/05/2023 11:00,0.0
02/05/2023 11:30,0.0
02/05/2023 12:00,0.0
02/05/2023 12:30,0.0
02/05/2023 13:00,0.0
02/05/2023 13:30,0.0
02/05/2023 14:00,0.0
02/05/2023 14:30,0.0
02/05/2023 15:00,0.0
02/05/2023 15:30,0.0
02/05/2023 16:00,0.0
02/05/2023 16:30,0.0
02/05/2023 17:00,0.0
02/05/2023 17:30,0.0
02/05/2023 18:00,0.0
02/05/2023 18:30,0.0
02/05/2023 19:00,0.0
02/05/2023 19:30,0.0
02/05/2023 20:00,0.0
02/05/2023 20:30,0.0
02/05/2023 21:00,0.0
02/05/2023 21:30,0.0
02/05/2023 22:00,0.0
02/05/2023 22:30,0.0
02/05/2023 23:00,0.0
02/05/2023 23:30,0.0
02/06/2023 00:00,0.0
02/06/2023 00:30,0.0
02/06/2023 01:00,0.0
02/06/2023 01:30,0.0
02/06/2023 02:00,0.0
02/06/2023 02:30,0.0
02/06/2023 03:00,0.0
02/06/2023 03:30,0.0
02/06/2023 04:00,0.0
02/06/2023 04:30,0.0
02/06/2023 05:00,0.0
02/06/2023 05:30,0.0
02/06/2023 06:00,0.0
02/06/2023 06:30,0.0
02/06/2023 07:00,0.0
02/06/2023 07:30,0.0
02/06/2023 08:00,0.0
02/06/2023 08:30,0.0
02/06/2023 09:00,0.0
02/06/2023 09:30,0.0
02/06/2023 10:00,0.0
02/06/2023 10:30,0.0
02/06/2023 11:00,0.0
02/06/2023 11:30,0.0
02/06/2023 12:00,0.0
02/06/2023 12:30,0.0
02/06/2023 13:00,0.0
02/06/2023 13:30,0.0
02/06/2023 14:00,0.0
02/06/2023 14:30,0.0
02/06/2023 15:00,0.0
02/06/2023 15:30,0.0
02/06/2023 16:00,0.0
02/06/2023 16:30,0.0
02/06/2023 17:00,0.0
02/06/2023 17:30,0.0
02/06/2023 18:00,0.0
02/06/2023 18:30,0.0
02/06/2023 19:00,0.0
02/06/2023 19:30,0.0
02/06/2023 20:00,0.0
02/06/2023 20:30,0.0
02/06/2023 21:00,0.0
02/06/2023 21:30,0.0
02/06/2023 22:00,0.0
02/06/2023 22:30,0.0
02/06/2023 23:00,0.0
02/06/2023 23:30,0.0
02/07/2023 00:00,0.0
02/07/2023 00:30,0.0
02/07/2023 01:00,0.0
02/07/2023 01:30,0.0
02/07/2023 02:00,0.0
02/07/2023 02:30,0.0
02/07/2023 03:00,0.0
02/07/2023 03:30,0.0
02/07/2023 04:00,0.0
02/07/2023 04:30,0.0
02/07/2023 05:00,0.0
02/07/2023 05:30,0.0
02/07/2023 06:00,0.0
02/07/2023 06:30,0.0
02/07/2023 07:00,0.0
02/07/2023 07:30,0.0
02/07/2023 08:00,0.0
02/07/2023 08:30,0.0
02/07/2023 09:00,0.0
02/07/2023 09:30,0.0
02/07/2023 10:00,0.0
02/07/2023 10:30,0.0
02/07/2023 11:00,0.0
02/07/2023 11:30,0.0
02/07/2023 12:00,0.0
02/07/2023 12:30,0.0
02/07/2023 13:00,0.0
02/07/2023 13:30,0.0
02/07/2023 14:00,0.0
02/07/2023 14:30,0.0
02/07/2023 15:00,0.0
02/07/2023 15:30,0.0
02/07/2023 16:00,0.0
02/07/2023 16:30,0.0
02/07/2023 17:00,0.0
02/07/2023 17:30,0.0
02/07/2023 18:00,0.0
02/07/2023 18:30,0.0
02/07/2023 19:00,0.0
02/07/2023 19:30,0.0
02/07/2023 20:00,0.0
02/07/2023 20:30,0.0
02/07/2023 21:00,0.0
02/07/2023 21:30,0.0
02/07/2023 22:00,0.0
02/07/2023 22:30,0.0
02/07/2023 23:00,0.0
02/07/2023 23:30,0.0
02/08/2023 00:00,0.0
02/08/2023 00:30,0.0
02/08/2023 01:00,0.0
02/08/2023 01:30,0.0
02/08/2023 02:00,0.0
02/08/2023 02:30,0.0
02/08/2023 03:00,0.0
02/08/2023 03:30,0.0
02/08/2023 04:00,0.0
02/08/2023 04:30,0.0
02/08/2023 05:00,0.0
02/08/2023 05:30,0.0
02/08/2023 06:00,0.0
02/08/2023 06:30,0.0
02/08/2023 07:00,0.0
02/08/2023 07:30,0.0
02/08/2023 08:00,0.0
02/08/2023 08:30,0.0
02/08/2023 09:00,0.0
02/08/2023 09:30,0.0
02/08/2023 10:00,0.0
02/08/2023 10:30,0.0
02/08/2023 11:00,0.0
02/08/2023 11:30,0.0
02/08/2023 12:00,0.0
02/08/2023 12:30,0.0
02/08/2023 13:00,0.0
02/08/2023 13:30,0.0
02/08/2023 14:00,0.0
02/08/2023 14:30,0.0
02/08/2023 15:00,0.0
02/08/2023 15:30,0.0
02/08/2023 16:00,0.0
02/08/2023 16:30,0.0
02/08/2023 17:00,0.0
02/08/2023 17:30,0.0
02/08/2023 18:00,0.0
02/08/2023 18:30,0.0
02/08/2023 19:00,0.0
02/08/2023 19:30,0.0
02/08/2023 20:00,0.0
02/08/2023 20:30,0.0
02/08/2023 21:00,0.0
02/08/2023 21:30,0.0
02/08/2023 22:00,0.0
02/08/2023 22:30,0.0
02/08/2023 23:00,0.0
02/08/2023 23:30,0.0
02/09/2023 00:00,0.0
02/09/2023 00:30,0.0
02/09/2023 01:00,0.0
02/09/2023 01:30,0.0
02/09/2023 02:00,0.0
02/09/2023 02:30,0.0
02/09/2023 03:00,0.0
02/09/2023 03:30,0.0
02/09/2023 04:00,0.0
02/09/2023 04:30,0.0
02/09/2023 05:00,0.0
02/09/2023 05:30,0.0
02/09/2023 06:00,0.0
02/09/2023 06:30,0.0
02/09/2023 07:00,0.0
02/09/2023 07:30,0.0
02/09/2023 08:00,0.0
02/09/2023 08:30,0.0
02/09/2023 09:00,0.0
02/09/2023 09:30,0.0
02/09/2023 10:00,0.0
02/09/2023 10:30,0.0
02/09/2023 11:00,0.0
02/09/2023 11:30,0.0
02/09/2023 12:00,0.0
02/09/2023 12:30,0.0
02/09/2023 13:00,0.0
02/09/2023 13:30,0.0
02/09/2023 14:00,0.0
02/09/2023 14:30,0.0
02/09/2023 15:00,0.0
02/09/2023 15:30,0.0
02/09/2023 16:00,0.0
02/09/2023 16:30,0.0
02/09/2023 17:00,0.0
02/09/2023 17:30,0.0
02/09/2023 18:00,0.0
02/09/2023 18:30,0.0
02/09/2023 19:00,0.0
02/09/2023 19:30,0.0
02/09/2023 20:00,0.0
02/09/2023 20:30,0.0
02/09/2023 21:00,0.0
02/09/2023 21:30,0.0
02/09/2023 22:00,0.0
02/09/2023 22:30,0.0
02/09/2023 23:00,0.0
02/09/2023 23:30,0.0
02/10/2023 00:00,0.0
02/10/2023 00:30,0.0
02/10/2023 01:00,0.0
02/10/2023 01:30,0.0
02/10/2023 02:00,0.0
02/10/2023 02:30,0.0
02/10/2023 03:00,0.0
02/10/2023 03:30,0.0
02/10/2023 04:00,0.0
02/10/2023 04:30,0.0
02/10/2023 05:00,0.0
02/10/2023 05:30,0.0
02/10/2023 06:00,0.0
02/10/2023 06:30,0.0
02/10/2023 07:00,0.0
02/10/2023 07:30,0.0
02/10/2023 08:00,0.0
02/10/2023 08:30,0.0
02/10/2023 09:00,0.0
02/10/2023 09:30,0.0
02/10/2023 10:00,0.0
02/10/2023 10:30,0.0
02/10/2023 11:00,0.0
02/10/2023 11:30,0.0
02/10/2023 12:00,0.0
02/10/2023 12:30,0.0
02/10/2023 13:00,0.0
02/10/2023 13:30,0.0
02/10/2023 14:00,0.0
02/10/2023 14:30,0.0
02/10/2023 15:00,0.0
02/10/2023 15:30,0.0
02/10/2023 16:00,0.0
02/10/2023 16:30,0.0
02/10/2023 17:00,0.0
02/10/2023 17:30,0.0
02/10/2023 18:00,0.0
02/10/2023 18:30,0.0
02/10/2023 19:00,0.0
02/10/2023 19:30,0.0
02/10/2023 20:00,0.0
02/10/2023 20:30,0.0
02/10/2023 21:00,0.0
02/10/2023 21:30,0.0
02/10/2023 22:00,0.0
02/10/2023 22:30,0.0
02/10/2023 23:00,0.0
02/10/2023 23:30,0.0
02/11/2023 00:00,0.0
02/11/2023 00:30,0.0
02/11/2023 01:00,0.0
02/11/2023 01:30,0.0
02/11/2023 02:00,0.0
02/11/2023 02:30,0.0
02/11/2023 03:00,0.0
02/11/2023 03:30,0.0
02/11/2023 04:00,0.0
02/11/2023 04:30,0.0
02/11/2023 05:00,0.0
02/11/2023 05:30,0.0
02/11/2023 06:00,0.0
02/11/2023 06:30,0.0
02/11/2023 07:00,0.0
02/11/2023 07:30,0.0
02/11/2023 08:00,0.0
02/11/2023 08:30,0.0
02/11/2023 09:00,0.0
02/11/2023 09:30,0.0
02/11/2023 10:00,0.0
02/11/2023 10:30,0.0
02/11/2023 11:00,0.0
02/11/2023 11:30,0.0
02/11/2023 12:00,0.0
02/11/2023 12:30,0.0
02/11/2023 13:00,0.0
02/11/2023 13:30,0.0
02/11/2023 14:00,0.0
02/11/2023 14:30,0.0
02/11/2023 15:00,0.0
02/11/2023 15:30,0.0
02/11/2023 16:00,0.0
02/11/2023 16:30,0.0
02/11/2023 17:00,0.0
02/11/2023 17:30,0.0
02/11/2023 18:00,0.0
02/11/2023 18:30,0.0
02/11/2023 19:00,0.0
02/11/2023 19:30,0.0
02/11/2023 20:00,0.0
02/11/2023 20:30,0.0
02/11/2023 21:00,0.0
02/11/2023 21:30,0.0
02/11/2023 22:00,0.0
02/11/2023 22:30,0.0
02/11/2023 23:00,0.0
02/11/2023 23:30,0.0
02/12/2023 00:00,0.0
02/12/2023 00:30,0.0
02/12/2023 01:00,0.0
02/12/2023 01:30,0.0
02/12/2023 02:00,0.0
02/12/2023 02:30,0.0
02/12/2023 03:00,0.0
02/12/2023 03:30,0.0
02/12/2023 04:00,0.0
02/12/2023 04:30,0.0
02/12/2023 05:00,0.0
02/12/2023 05:30,0.0
02/12/2023 06:00,0.0
02/12/2023 06:30,0.0
02/12/2023 07:00,0.0
02/12/2023 07:30,0.0
02/12/2023 08:00,0.0
02/12/2023 08:30,0.0
02/12/2023 09:00,0.0
02/12/2023 09:30,0.0
02/12/2023 10:00,0.0
02/12/2023 10:30,0.0
02/12/2023 11:00,0.0
02/12/2023 11:30,0.0
02/12/2023 12:00,0.0
02/12/2023 12:30,0.0
02/12/2023 13:00,0.0
02/12/2023 13:30,0.0
02/12/2023 14:00,0.0
02/12/2023 14:30,0.0
02/12/2023 15:00,0.0
02/12/2023 15:30,0.0
02/12/2023 16:00,0.0
02/12/2023 16:30,0.0
02/12/2023 17:00,0.0
02/12/2023 17:30,0.0
02/12/2023 18:00,0.0
02/12/2023 18:30,0.0
02/12/2023 19:00,0.0
02/12/2023 19:30,0.0
02/12/2023 20:00,0.0
02/12/2023 20:30,0.0
02/12/2023 21:00,0.0
02/12/2023 21:30,0.0
02/12/2023 22:00,0.0
02/12/2023 22:30,0.0
02/12/2023 23:00,0.0
02/12/2023 23:30,0.0
02/13/2023 00:00,0.0
02/13/2023 00:30,0.0
02/13/2023 01:00,0.0
02/13/2023 01:30,0.0
02/13/2023 02:00,0.0
02/13/2023 02:30,0.0
02/13/2023 03:00,0.0
02/13/2023 03:30,0.0
02/13/2023 04:00,0.0
02/13/2023 04:30,0.0
02/13/2023 05:00,0.0
02/13/2023 05:30,0.0
02/13/2023 06:00,0.0
02/13/2023 06:30,0.0
02/13/2023 07:00,0.0
02/13/2023 07:30,0.0
02/13/2023 08:00,0.0
02/13/2023 08:30,0.0
02/13/2023 09:00,0.0
02/13/2023 09:30,0.0
02/13/2023 10:00,0.0
02/13/2023 10:30,0.0
02/13/2023 11:00,0.0
02/13/2023 11:30,0.0
02/13/2023 12:00,0.0
02/13/2023 12:30,0.0
02/13/2023 13:00,0.0
02/13/2023 13:30,0.0
02/13/2023 14:00,0.0
02/13/2023 14:30,0.0
02/13/2023 15:00,0.0
02/13/2023 15:30,0.0
02/13/2023 16:00,0.0
02/13/2023 16:30,0.0
02/13/2023 17:00,0.0
02/13/2023 17:30,0.0
02/13/2023 18:00,0.0
02/13/2023 18:30,0.0
02/13/2023 19:00,0.0
02/13/2023 19:30,0.0
02/13/2023 20:00,0.0
02/13/2023 20:30,0.0
02/13/2023 21:00,0.0
02/13/2023 21:30,0.0
02/13/2023 22:00,0.0
02/13/2023 22:30,0.0
02/13/2023 23:00,0.0
02/13/2023 23:30,0.0
02/14/2023 00:00,0.0
02/14/2023 00:30,0.0
02/14/2023 01:00,0.0
02/14/2023 01:30,0.0
02/14/2023 02:00,0.0
02/14/2023 02:30,0.0
02/14/2023 03:00,0.0
02/14/2023 03:30,0.0
02/14/2023 04:00,0.0
02/14/2023 04:30,0.0
02/14/2023 05:00,0.0
02/14/2023 05:30,0.0
02/14/2023 06:00,0.0
02/14/2023 06:30,0.0
02/14/2023 07:00,0.0
02/14/2023 07:30,0.0
02/14/2023 08:00,0.0
02/14/2023 08:30,0.0
02/14/2023 09:00,0.0
02/14/2023 09:30,0.0
02/14/2023 10:00,0.0
02/14/2023 10:30,0.0
02/14/2023 11:00,0.0
02/14/2023 11:30,0.0
02/14/2023 12:00,0.0
02/14/2023 12:30,0.0
02/14/2023 13:00,0.0
02/14/2023 13:30,0.0
02/14/2023 14:00,0.0
02/14/2023 14:30,0.0
02/14/2023 15:00,0.0
02/14/2023 15:30,0.0
02/14/2023 16:00,0.0
02/14/2023 16:30,0.0
02/14/2023 17:00,0.0
02/14/2023 17:30,0.0
02/14/2023 18:00,0.0
02/14/2023 18:30,0.0
02/14/2023 19:00,0.0
02/14/2023 19:30,0.0
02/14/2023 20:00,0.0
02/14/2023 20:30,0.0
02/14/2023 21:00,0.0
02/14/2023 21:30,0.0
02/14/2023 22:00,0.0
02/14/2023 22:30,0.0
02/14/2023 23:00,0.0
02/14/2023 23:30,0.0
02/15/2023 00:00,0.0
02/15/2023 00:30,0.0
02/15/2023 01:00,0.0
02/15/2023 01:30,0.0
02/15/2023 02:00,0.0
02/15/2023 02:30,0.0
02/15/2023 03:00,0.0
02/15/2023 03:30,0.0
02/15/2023 04:00,0.0
02/15/2023 04:30,0.0
02/15/2023 05:00,0.0
02/15/2023 05:30,0.0
02/15/2023 06:00,0.0
02/15/2023 06:30,0.0
02/15/2023 07:00,0.0
02/15/2023 07:30,0.0
02/15/2023 08:00,0.0
02/15/2023 08:30,0.0
02/15/2023 09:00,0.0
02/15/2023 09:30,0.0
02/15/2023 10:00,0.0
02/15/2023 10:30,0.0
02/15/2023 11:00,0.0
02/15/2023 11:30,0.0
02/15/2023 12:00,0.0
02/15/2023 12:30,0.0
02/15/2023 13:00,0.0
02/15/2023 13:30,0.0
02/15/2023 14:00,0.0
02/15/2023 14:30,0.0
02/15/2023 15:00,0.0
02/15/2023 15:30,0.0
02/15/2023 16:00,0.0
02/15/2023 16:30,0.0
02/15/2023 17:00,0.0
02/15/2023 17:30,0.0
02/15/2023 18:00,0.0
02/15/2023 18:30,0.0
02/15/2023 19:00,0.0
02/15/2023 19:30,0.0
02/15/2023 20:00,0.0
02/15/2023 20:30,0.0
02/15/2023 21:00,0.0
02/15/2023 21:30,0.0
02/15/2023 22:00,0.0
02/15/2023 22:30,0.0
02/15/2023 23:00,0.0
02/15/2023 23:30,0.0
02/16/2023 00:00,0.0
02/16/2023 00:30,0.0
02/16/2023 01:00,0.0
02/16/2023 01:30,0.0
02/16/2023 02:00,0.0
02/16/2023 02:30,0.0
02/16/2023 03:00,0.0
02/16/2023 03:30,0.0
02/16/2023 04:00,0.0
02/16/2023 04:30,0.0
02/16/2023 05:00,0.0
02/16/2023 05:30,0.0
02/16/2023 06:00,0.0
02/16/2023 06:30,0.0
02/16/2023 07:00,0.0
02/16/2023 07:30,0.0
02/16/2023 08:00,0.0
02/16/2023 08:30,0.0
02/16/2023 09:00,0.0
02/16/2023 09:30,0.0
02/16/2023 10:00,0.0
02/16/2023 10:30,0.0
02/16/2023 11:00,0.0
02/16/2023 11:30,0.0
02/16/2023 12:00,0.0
02/16/2023 12:30,0.0
02/16/2023 13:00,0.0
02/16/2023 13:30,0.0
02/16/2023 14:00,0.0
02/16/2023 14:30,0.0
02/16/2023 15:00,0.0
02/16/2023 15:30,0.0
02/16/2023 16:00,0.0
02/16/2023 16:30,0.0
02/16/2023 17:00,0.0
02/16/2023 17:30,0.0
02/16/2023 18:00,0.0
02/16/2023 18:30,0.0
02/16/2023 19:00,0.0
02/16/2023 19:30,0.0
02/16/2023 20:00,0.0
02/16/2023 20:30,0.0
02/16/2023 21:00,0.0
02/16/2023 21:30,0.0
02/16/2023 22:00,0.0
02/16/2023 22:30,0.0
02/16/2023 23:00,0.0
02/16/2023 23:30,0.0
02/17/2023 00:00,0.0
02/17/2023 00:30,0.0
02/17/2023 01:00,0.0
02/17/2023 01:30,0.0
02/17/2023 02:00,0.0
02/17/2023 02:30,0.0
02/17/2023 03:00,0.0
02/17/2023 03:30,0.0
02/17/2023 04:00,0.0
02/17/2023 04:30,0.0
02/17/2023 05:00,0.0
02/17/2023 05:30,0.0
02/17/2023 06:00,0.0
02/17/2023 06:30,0.0
02/17/2023 07:00,0.0
02/17/2023 07:30,0.0
02/17/2023 08:00,0.0
02/17/2023 08:30,0.0
02/17/2023 09:00,0.0
02/17/2023 09:30,0.0
02/17/2023 10:00,0.0
02/17/2023 10:30,0.0
02/17/2023 11:00,0.0
02/17/2023 11:30,0.0
02/17/2023 12:00,0.0
02/17/2023 12:30,0.0
02/17/2023 13:00,0.0
02/17/2023 13:30,0.0
02/17/2023 14:00,0.0
02/17/2023 14:30,0.0
02/17/2023 15:00,0.0
02/17/2023 15:30,0.0
02/17/2023 16:00,0.0
02/17/2023 16:30,0.0
02/17/2023 17:00,0.0
02/17/2023 17:30,0.0
02/17/2023 18:00,0.0
02/17/2023 18:30,0.0
02/17/2023 19:00,0.0
02/17/2023 19:30,0.0
02/17/2023 20:00,0.0
02/17/2023 20:30,0.0
02/17/2023 21:00,0.0
02/17/2023 21:30,0.0
02/17/2023 22:00,0.0
02/17/2023 22:30,0.0
02/17/2023 23:00,0.0
02/17/2023 23:30,0.0
02/18/2023 00:00,0.0
02/18/2023 00:30,0.0
02/18/2023 01:00,0.0
02/18/2023 01:30,0.0
02/18/2023 02:00,0.0
02/18/2023 02:30,0.0
02/18/2023 03:00,0.0
02/18/2023 03:30,0.0
02/18/2023 04:00,0.0
02/18/2023 04:30,0.0
02/18/2023 05:00,0.0
02/18/2023 05:30,0.0
02/18/2023 06:00,0.0
02/18/2023 06:30,0.0
02/18/2023 07:00,0.0
02/18/2023 07:30,0.0
02/18/2023 08:00,0.0
02/18/2023 08:30,0.0
02/18/2023 09:00,0.0
02/18/2023 09:30,0.0
02/18/2023 10:00,0.0
02/18/2023 10:30,0.0
02/18/2023 11:00,0.0
02/18/2023 11:30,0.0
02/18/2023 12:00,0.0
02/18/2023 12:30,0.0
02/18/2023 13:00,0.0
02/18/2023 13:30,0.0
02/18/2023 14:00,0.0
02/18/2023 14:30,0.0
02/18/2023 15:00,0.0
02/18/2023 15:30,0.0
02/18/2023 16:00,0.0
02/18/2023 16:30,0.0
02/18/2023 17:00,0.0
02/18/2023 17:30,0.0
02/18/2023 18:00,0.0
02/18/2023 18:30,0.0
02/18/2023 19:00,0.0
02/18/2023 19:30,0.0
02/18/2023 20:00,0.0
02/18/2023 20:30,0.0
02/18/2023 21:00,0.0
02/18/2023 21:30,0.0
02/18/2023 22:00,0.0
02/18/2023 22:30,0.0
02/18/2023 23:00,0.0
02/18/2023 23:30,0.0
02/19/2023 00:00,0.0
02/19/2023 00:30,0.0
02/19/2023 01:00,0.0
02/19/2023 01:30,0.0
02/19/2023 02:00,0.0
02/19/2023 02:30,0.0
02/19/2023 03:00,0.0
02/19/2023 03:30,0.0
02/19/2023 04:00,0.0
02/19/2023 04:30,0.0
02/19/2023 05:00,0.0
02/19/2023 05:30,0.0
02/19/2023 06:00,0.0
02/19/2023 06:30,0.0
02/19/2023 07:00,0.0
02/19/2023 07:30,0.0
02/19/2023 08:00,0.0
02/19/2023 08:30,0.0
02/19/2023 09:00,0.0
02/19/2023 09:30,0.0
02/19/2023 10:00,0.0
02/19/2023 10:30,0.0
02/19/2023 11:00,0.0
02/19/2023 11:30,0.0
02/19/2023 12:00,0.0
02/19/2023 12:30,0.0
02/19/2023 13:00,0.0
02/19/2023 13:30,0.0
02/19/2023 14:00,0.0
02/19/2023 14:30,0.0
02/19/2023 15:00,0.0
02/19/2023 15:30,0.0
02/19/2023 16:00,0.0
02/19/2023 16:30,0.0
02/19/2023 17:00,0.0
02/19/2023 17:30,0.0
02/19/2023 18:00,0.0
02/19/2023 18:30,0.0
02/19/2023 19:00,0.0
02/19/2023 19:30,0.0
02/19/2023 20:00,0.0
02/19/2023 20:30,0.0
02/19/2023 21:00,0.0
02/19/2023 21:30,0.0
02/19/2023 22:00,0.0
02/19/2023 22:30,0.0
02/19/2023 23:00,0.0
02/19/2023 23:30,0.0
02/20/2023 00:00,0.0
02/20/2023 00:30,0.0
02/20/2023 01:00,0.0
02/20/2023 01:30,0.0
02/20/2023 02:00,0.0
02/20/2023 02:30,0.0
02/20/2023 03:00,0.0
02/20/2023 03:30,0.0
02/20/2023 04:00,0.0
02/20/2023 04:30,0.0
02/20/2023 05:00,0.0
02/20/2023 05:30,0.0
02/20/2023 06:00,0.0
02/20/2023 06:30,0.0
02/20/2023 07:00,0.0
02/20/2023 07:30,0.0
02/20/2023 08:00,0.0
02/20/2023 08:30,0.0
02/20/2023 09:00,0.0
02/20/2023 09:30,0.0
02/20/2023 10:00,0.0
02/20/2023 10:30,0.0
02/20/2023 11:00,0.0
02/20/2023 11:30,0.0
02/20/2023 12:00,0.0
02/20/2023 12:30,0.0
02/20/2023 13:00,0.0
02/20/2023 13:30,0.0
02/20/2023 14:00,0.0
02/20/2023 14:30,0.0
02/20/2023 15:00,0.0
02/20/2023 15:30,0.0
02/20/2023 16:00,0.0
02/20/2023 16:30,0.0
02/20/2023 17:00,0.0
02/20/2023 17:30,0.0
02/20/2023 18:00,0.0
02/20/2023 18:30,0.0
02/20/2023 19:00,0.0
02/20/2023 19:30,0.0
02/20/2023 20:00,0.0
02/20/2023 20:30,0.0
02/20/2023 21:00,0.0
02/20/2023 21:30,0.0
02/20/2023 22:00,0.0
02/20/2023 22:30,0.0
02/20/2023 23:00,0.0
02/20/2023 23:30,0.0
02/21/2023 00:00,0.0
02/21/2023 00:30,0.0
02/21/2023 01:00,0.0
02/21/2023 01:30,0.0
02/21/2023 02:00,0.0
02/21/2023 02:30,0.0
02/21/2023 03:00,0.0
02/21/2023 03:30,0.0
02/21/2023 04:00,0.0
02/21/2023 04:30,0.0
02/21/2023 05:00,0.0
02/21/2023 05:30,0.0
02/21/2023 06:00,0.0
02/21/2023 06:30,0.0
02/21/2023 07:00,0.0
02/21/2023 07:30,0.0
02/21/2023 08:00,0.0
02/21/2023 08:30,0.0
02/21/2023 09:00,0.0
02/21/2023 09:30,0.0
02/21/2023 10:00,0.0
02/21/2023 10:30,0.0
02/21/2023 11:00,0.0
02/21/2023 11:30,0.0
02/21/2023 12:00,0.0
02/21/2023 12:30,0.0
02/21/2023 13:00,0.0
02/21/2023 13:30,0.0
02/21/2023 14:00,0.0
02/21/2023 14:30,0.0
02/21/2023 15:00,0.0
02/21/2023 15:30,0.0
02/21/2023 16:00,0.0
02/21/2023 16:30,0.0
02/21/2023 17:00,0.0
02/21/2023 17:30,0.0
02/21/2023 18:00,0.0
02/21/2023 18:30,0.0
02/21/2023 19:00,0.0
02/21/2023 19:30,0.0
02/21/2023 20:00,0.0
02/21/2023 20:30,0.0
02/21/2023 21:00,0.0
02/21/2023 21:30,0.0
02/21/2023 22:00,0.0
02/21/2023 22:30,0.0
02/21/2023 23:00,0.0
02/21/2023 23:30,0.0
02/22/2023 00:00,0.0
02/22/2023 00:30,0.0
02/22/2023 01:00,0.0
02/22/2023 01:30,0.0
02/22/2023 02:00,0.0
02/22/2023 02:30,0.0
02/22/2023 03:00,0.0
02/22/2023 03:30,0.0
02/22/2023 04:00,0.0
02/22/2023 04:30,0.0
02/22/2023 05:00,0.0
02/22/2023 05:30,0.0
02/22/2023 06:00,0.0
02/22/2023 06:30,0.0
02/22/2023 07:00,0.0
02/22/2023 07:30,0.0
02/22/2023 08:00,0.0
02/22/2023 08:30,0.0
02/22/2023 09:00,0.0
02/22/2023 09:30,0.0
02/22/2023 10:00,0.0
02/22/2023 10:30,0.0
02/22/2023 11:00,0.0
02/22/2023 11:30,0.0
02/22/2023 12:00,0.0
02/22/2023 12:30,0.0
02/22/2023 13:00,0.0
02/22/2023 13:30,0.0
02/22/2023 14:00,0.0
02/22/2023 14:30,0.0
02/22/2023 15:00,0.0
02/22/2023 15:30,0.0
02/22/2023 16:00,0.0
02/22/2023 16:30,0.0
02/22/2023 17:00,0.0
02/22/2023 17:30,0.0
02/22/2023 18:00,0.0
02/22/2023 18:30,0.0
02/22/2023 19:00,0.0
02/22/2023 19:30,0.0
02/22/2023 20:00,0.0
02/22/2023 20:30,0.0
02/22/2023 21:00,0.0
02/22/2023 21:30,0.0
02/22/2023 22:00,0.0
02/22/2023 22:30,0.0
02/22/2023 23:00,0.0
02/22/2023 23:30,0.0
02/23/2023 00:00,0.0
02/23/2023 00:30,0.0
02/23/2023 01:00,0.0
02/23/2023 01:30,0.0
02/23/2023 02:00,0.0
02/23/2023 02:30,0.0
02/23/2023 03:00,0.0
02/23/2023 03:30,0.0
02/23/2023 04:00,0.0
02/23/2023 04:30,0.0
02/23/2023 05:00,0.0
02/23/2023 05:30,0.0
02/23/2023 06:00,0.0
02/23/2023 06:30,0.0
02/23/2023 07:00,0.0
02/23/2023 07:30,0.0
02/23/2023 08:00,0.0
02/23/2023 08:30,0.0
02/23/2023 09:00,0.0
02/23/2023 09:30,0.0
02/23/2023 10:00,0.0
02/23/2023 10:30,0.0
02/23/2023 11:00,0.0
02/23/2023 11:30,0.0
02/23/2023 12:00,0.0
02/23/2023 12:30,0.0
02/23/2023 13:00,0.0
02/23/2023 13:30,0.0
02/23/2023 14:00,0.0
02/23/2023 14:30,0.0
02/23/2023 15:00,0.0
02/23/2023 15:30,0.0
02/23/2023 16:00,0.0
02/23/2023 16:30,0.0
02/23/2023 17:00,0.0
02/23/2023 17:30,0.0
02/23/2023 18:00,0.0
02/23/2023 18:30,0.0
02/23/2023 19:00,0.0
02/23/2023 19:30,0.0
02/23/2023 20:00,0.0
02/23/2023 20:30,0.0
02/23/2023 21:00,0.0
02/23/2023 21:30,0.0
02/23/2023 22:00,0.0
02/23/2023 22:30,0.0
02/23/2023 23:00,0.0
02/23/2023 23:30,0.0
02/24/2023 00:00,0.0
02/24/2023 00:30,0.0
02/24/2023 01:00,0.0
02/24/2023 01:30,0.0
02/24/2023 02:00,0.0
02/24/2023 02:30,0.0
02/24/2023 03:00,0.0
02/24/2023 03:30,0.0
02/24/2023 04:00,0.0
02/24/2023 04:30,0.0
02/24/2023 05:00,0.0
02/24/2023 05:30,0.0
02/24/2023 06:00,0.0
02/24/2023 06:30,0.0
02/24/2023 07:00,0.0
02/24/2023 07:30,0.0
02/24/2023 08:00,0.0
02/24/2023 08:30,0.0
02/24/2023 09:00,0.0
02/24/2023 09:30,0.0
02/24/2023 10:00,0.0
02/24/2023 10:30,0.0
02/24/2023 11:00,0.0
02/24/2023 11:30,0.0
02/24/2023 12:00,0.0
02/24/2023 12:30,0.0
02/24/2023 13:00,0.0
02/24/2023 13:30,0.0
02/24/2023 14:00,0.0
02/24/2023 14:30,0.0
02/24/2023 15:00,0.0
02/24/2023 15:30,0.0
02/24/2023 16:00,0.0
02/24/2023 16:30,0.0
02/24/2023 17:00,0.0
02/24/2023 17:30,0.0
02/24/2023 18:00,0.0
02/24/2023 18:30,0.0
02/24/2023 19:00,0.0
02/24/2023 19:30,0.0
02/24/2023 20:00,0.0
02/24/2023 20:30,0.0
02/24/2023 21:00,0.0
02/24/2023 21:30,0.0
02/24/2023 22:00,0.0
02/24/2023 22:30,0.0
02/24/2023 23:00,0.0
02/24/2023 23:30,0.0
02/25/2023 00:00,0.0
02/25/2023 00:30,0.0
02/25/2023 01:00,0.0
02/25/2023 01:30,0.0
02/25/2023 02:00,0.0
02/25/2023 02:30,0.0
02/25/2023 03:00,0.0
02/25/2023 03:30,0.0
02/25/2023 04:00,0.0
02/25/2023 04:30,0.0
02/25/2023 05:00,0.0
02/25/2023 05:30,0.0
02/25/2023 06:00,0.0
02/25/2023 06:30,0.0
02/25/2023 07:00,0.0
02/25/2023 07:30,0.0
02/25/2023 08:00,0.0
02/25/2023 08:30,0.0
02/25/2023 09:00,0.0
02/25/2023 09:30,0.0
02/25/2023 10:00,0.0
02/25/2023 10:30,0.0
02/25/2023 11:00,0.0
02/25/2023 11:30,0.0
02/25/2023 12:00,0.0
02/25/2023 12:30,0.0
02/25/2023 13:00,0.0
02/25/2023 13:30,0.0
02/25/2023 14:00,0.0
02/25/2023 14:30,0.0
02/25/2023 15:00,0.0
02/25/2023 15:30,0.0
02/25/2023 16:00,0.0
02/25/2023 16:30,0.0
02/25/2023 17:00,0.0
02/25/2023 17:30,0.0
02/25/2023 18:00,0.0
02/25/2023 18:30,0.0
02/25/2023 19:00,0.0
02/25/2023 19:30,0.0
02/25/2023 20:00,0.0
02/25/2023 20:30,0.0
02/25/2023 21:00,0.0
02/25/2023 21:30,0.0
02/25/2023 22:00,0.0
02/25/2023 22:30,0.0
02/25/2023 23:00,0.0
02/25/2023 23:30,0.0
02/26/2023 00:00,0.0
02/26/2023 00:30,0.0
02/26/2023 01:00,0.0
02/26/2023 01:30,0.0
02/26/2023 02:00,0.0
02/26/2023 02:30,0.0
02/26/2023 03:00,0.0
02/26/2023 03:30,0.0
02/26/2023 04:00,0.0
02/26/2023 04:30,0.0
02/26/2023 05:00,0.0
02/26/2023 05:30,0.0
02/26/2023 06:00,0.0
02/26/2023 06:30,0.0
02/26/2023 07:00,0.0
02/26/2023 07:30,0.0
02/26/2023 08:00,0.0
02/26/2023 08:30,0.0
02/26/2023 09:00,0.0
02/26/2023 09:30,0.0
02/26/2023 10:00,0.0
02/26/2023 10:30,0.0
02/26/2023 11:00,0.0
02/26/2023 11:30,0.0
02/26/2023 12:00,0.0
02/26/2023 12:30,0.0
02/26/2023 13:00,0.0
02/26/2023 13:30,0.0
02/26/2023 14:00,0.0
02/26/2023 14:30,0.0
02/26/2023 15:00,0.0
02/26/2023 15:30,0.0
02/26/2023 16:00,0.0
02/26/2023 16:30,0.0
02/26/2023 17:00,0.0
02/26/2023 17:30,0.0
02/26/2023 18:00,0.0
02/26/2023 18:30,0.0
02/26/2023 19:00,0.0
02/26/2023 19:30,0.0
02/26/2023 20:00,0.0
02/26/2023 20:30,0.0
02/26/2023 21:00,0.0
02/26/2023 21:30,0.0
02/26/2023 22:00,0.0
02/26/2023 22:30,0.0
02/26/2023 23:00,0.0
02/26/2023 23:30,0.0
02/27/2023 00:00,0.0
02/27/2023 00:30,0.0
02/27/2023 01:00,0.0
02/27/2023 01:30,0.0
02/27/2023 02:00,0.0
02/27/2023 02:30,0.0
02/27/2023 03:00,0.0
02/27/2023 03:30,0.0
02/27/2023 04:00,0.0
02/27/2023 04:30,0.0
02/27/2023 05:00,0.0
02/27/2023 05:30,0.0
02/27/2023 06:00,0.0
02/27/2023 06:30,0.0
02/27/2023 07:00,0.0
02/27/2023 07:30,0.0
02/27/2023 08:00,0.0
02/27/2023 08:30,0.0
02/27/2023 09:00,0.0
02/27/2023 09:30,0.0
02/27/2023 10:00,0.0
02/27/2023 10:30,0.0
02/27/2023 11:00,0.0
02/27/2023 11:30,0.0
02/27/2023 12:00,0.0
02/27/2023 12:30,0.0
02/27/2023 13:00,0.0
02/27/2023 13:30,0.0
02/27/2023 14:00,0.0
02/27/2023 14:30,0.0
02/27/2023 15:00,0.0
02/27/2023 15:30,0.0
02/27/2023 16:00,0.0
02/27/2023 16:30,0.0
02/27/2023 17:00,0.0
02/27/2023 17:30,0.0
02/27/2023 18:00,0.0
02/27/2023 18:30,0.0
02/27/2023 19:00,0.0
02/27/2023 19:30,0.0
02/27/2023 20:00,0.0
02/27/2023 20:30,0.0
02/27/2023 21:00,0.0
02/27/2023 21:30,0.0
02/27/2023 22:00,0.0
02/27/2023 22:30,0.0
02/27/2023 23:00,0.0
02/27/2023 23:30,0.0
02/28/2023 00:00,0.0
02/28/2023 00:30,0.0
02/28/2023 01:00,0.0
02/28/2023 01:30,0.0
02/28/2023 02:00,0.0
02/28/2023 02:30,0.0
02/28/2023 03:00,0.0
02/28/2023 03:30,0.0
02/28/2023 04:00,0.0
02/28/2023 04:30,0.0
02/28/2023 05:00,0.0
02/28/2023 05:30,0.0
02/28/2023 06:00,0.0
02/28/2023 06:30,0.0
02/28/2023 07:00,0.0
02/28/2023 07:30,0.0
02/28/2023 08:00,0.0
02/28/2023 08:30,0.0
02/28/2023 09:00,0.0
02/28/2023 09:30,0.0
02/28/2023 10:00,0.0
02/28/2023 10:30,0.0
02/28/2023 11:00,0.0
02/28/2023 11:30,0.0
02/28/2023 12:00,0.0
02/28/2023 12:30,0.0
02/28/2023 13:00,0.0
02/28/2023 13:30,0.0
02/28/2023 14:00,0.0
02/28/2023 14:30,0.0
02/28/2023 15:00,0.0
02/28/2023 15:30,0.0
02/28/2023 16:00,0.0
02/28/2023 16:30,0.0
02/28/2023 17:00,0.0
02/28/2023 17:30,0.0
02/28/2023 18:00,0.0
02/28/2023 18:30,0.0
02/28/2023 19:00,0.0
02/28/2023 19:30,0.0
02/28/2023 20:00,0.0
02/28/2023 20:30,0.0
02/28/2023 21:00,0.0
02/28/2023 21:30,0.0
02/28/2023 22:00,0.0
02/28/2023 22:30,0.0
02/28/2023 23:00,0.0
02/28/2023 23:30,0.0
03/01/2023 00:00,0.0
03/01/2023 00:30,0.0
03/01/2023 01:00,0.0
03/01/2023 01:30,0.0
03/01/2023 02:00,0.0
03/01/2023 02:30,0.0
03/01/2023 03:00,0.0
03/01/2023 03:30,0.0
03/01/2023 04:00,0.0
03/01/2023 04:30,0.0
03/01/2023 05:00,0.0
03/01/2023 05:30,0.0
03/01/2023 06:00,0.0
03/01/2023 06:30,0.0
03/01/2023 07:00,0.0
03/01/2023 07:30,0.0
03/01/2023 08:00,0.0
03/01/2023 08:30,0.0
03/01/2023 09:00,0.0
03/01/2023 09:30,0.0
03/01/2023 10:00,0.0
03/01/2023 10:30,0.0
03/01/2023 11:00,0.0
03/01/2023 11:30,0.0
03/01/2023 12:00,0.0
03/01/2023 12:30,0.0
03/01/2023 13:00,0.0
03/01/2023 13:30,0.0
03/01/2023 14:00,0.0
03/01/2023 14:30,0.0
03/01/2023 15:00,0.0
03/01/2023 15:30,0.0
03/01/2023 16:00,0.0
03/01/2023 16:30,0.0
03/01/2023 17:00,0.0
03/01/2023 17:30,0.0
03/01/2023 18:00,0.0
03/01/2023 18:30,0.0
03/01/2023 19:00,0.0
03/01/2023 19:30,0.0
03/01/2023 20:00,0.0
03/01/2023 20:30,0.0
03/01/2023 21:00,0.0
03/01/2023 21:30,0.0
03/01/2023 22:00,0.0
03/01/2023 22:30,0.0
03/01/2023 23:00,0.0
03/01/2023 23:30,0.0
03/02/2023 00:00,0.0
03/02/2023 00:30,0.0
03/02/2023 01:00,0.0
03/02/2023 01:30,0.0
03/02/2023 02:00,0.0
03/02/2023 02:30,0.0
03/02/2023 03:00,0.0
03/02/2023 03:30,0.0
03/02/2023 04:00,0.0
03/02/2023 04:30,0.0
03/02/2023 05:00,0.0
03/02/2023 05:30,0.0
03/02/2023 06:00,0.0
03/02/2023 06:30,0.0
03/02/2023 07:00,0.0
03/02/2023 07:30,0.0
03/02/2023 08:00,0.0
03/02/2023 08:30,0.0
03/02/2023 09:00,0.0
03/02/2023 09:30,0.0
03/02/2023 10:00,0.0
03/02/2023 10:30,0.0
03/02/2023 11:00,0.0
03/02/2023 11:30,0.0
03/02/2023 12:00,0.0
03/02/2023 12:30,0.0
03/02/2023 13:00,0.0
03/02/2023 13:30,0.0
03/02/2023 14:00,0.0
03/02/2023 14:30,0.0
03/02/2023 15:00,0.0
03/02/2023 15:30,0.0
03/02/2023 16:00,0.0
03/02/2023 16:30,0.0
03/02/2023 17:00,0.0
03/02/2023 17:30,0.0
03/02/2023 18:00,0.0
03/02/2023 18:30,0.0
03/02/2023 19:00,0.0
03/02/2023 19:30,0.0
03/02/2023 20:00,0.0
03/02/2023 20:30,0.0
03/02/2023 21:00,0.0
03/02/2023 21:30,0.0
03/02/2023 22:00,0.0
03/02/2023 22:30,0.0
03/02/2023 23:00,0.0
03/02/2023 23:30,0.0
03/03/2023 00:00,0.0
03/03/2023 00:30,0.0
03/03/2023 01:00,0.0
03/03/2023 01:30,0.0
03/03/2023 02:00,0.0
03/03/2023 02:30,0.0
03/03/2023 03:00,0.0
03/03/2023 03:30,0.0
03/03/2023 04:00,0.0
03/03/2023 04:30,0.0
03/03/2023 05:00,0.0
03/03/2023 05:30,0.0
03/03/2023 06:00,0.0
03/03/2023 06:30,0.0
03/03/2023 07:00,0.0
03/03/2023 07:30,0.0
03/03/2023 08:00,0.0
03/03/2023 08:30,0.0
03/03/2023 09:00,0.0
03/03/2023 09:30,0.0
03/03/2023 10:00,0.0
03/03/2023 10:30,0.0
03/03/2023 11:00,0.0
03/03/2023 11:30,0.0
03/03/2023 12:00,0.0
03/03/2023 12:30,0.0
03/03/2023 13:00,0.0
03/03/2023 13:30,0.0
03/03/2023 14:00,0.0
03/03/2023 14:30,0.0
03/03/2023 15:00,0.0
03/03/2023 15:30,0.0
03/03/2023 16:00,0.0
03/03/2023 16:30,0.0
03/03/2023 17:00,0.0
03/03/2023 17:30,0.0
03/03/2023 18:00,0.0
03/03/2023 18:30,0.0
03/03/2023 19:00,0.0
03/03/2023 19:30,0.0
03/03/2023 20:00,0.0
03/03/2023 20:30,0.0
03/03/2023 21:00,0.0
03/03/2023 21:30,0.0
03/03/2023 22:00,0.0
03/03/2023 22:30,0.0
03/03/2023 23:00,0.0
03/03/2023 23:30,0.0
03/04/2023 00:00,0.0
03/04/2023 00:30,0.0
03/04/2023 01:00,0.0
03/04/2023 01:30,0.0
03/04/2023 02:00,0.0
03/04/2023 02:30,0.0
03/04/2023 03:00,0.0
03/04/2023 03:30,0.0
03/04/2023 04:00,0.0
03/04/2023 04:30,0.0
03/04/2023 05:00,0.0
03/04/2023 05:30,0.0
03/04/2023 06:00,0.0
03/04/2023 06:30,0.0
03/04/2023 07:00,0.0
03/04/2023 07:30,0.0
03/04/2023 08:00,0.0
03/04/2023 08:30,0.0
03/04/2023 09:00,0.0
03/04/2023 09:30,0.0
03/04/2023 10:00,0.0
03/04/2023 10:30,0.0
03/04/2023 11:00,0.0
03/04/2023 11:30,0.0
03/04/2023 12:00,0.0
03/04/2023 12:30,0.0
03/04/2023 13:00,0.0
03/04/2023 13:30,0.0
03/04/2023 14:00,0.0
03/04/2023 14:30,0.0
03/04/2023 15:00,0.0
03/04/2023 15:30,0.0
03/04/2023 16:00,0.0
03/04/2023 16:30,0.0
03/04/2023 17:00,0.0
03/04/2023 17:30,0.0
03/04/2023 18:00,0.0
03/04/2023 18:30,0.0
03/04/2023 19:00,0.0
03/04/2023 19:30,0.0
03/04/2023 20:00,0.0
03/04/2023 20:30,0.0
03/04/2023 21:00,0.0
03/04/2023 21:30,0.0
03/04/2023 22:00,0.0
03/04/2023 22:30,0.0
03/04/2023 23:00,0.0
03/04/2023 23:30,0.0
03/05/2023 00:00,0.0
03/05/2023 00:30,0.0
03/05/2023 01:00,0.0
03/05/2023 01:30,0.0
03/05/2023 02:00,0.0
03/05/2023 02:30,0.0
03/05/2023 03:00,0.0
03/05/2023 03:30,0.0
03/05/2023 04:00,0.0
03/05/2023 04:30,0.0
03/05/2023 05:00,0.0
03/05/2023 05:30,0.0
03/05/2023 06:00,0.0
03/05/2023 06:30,0.0
03/05/2023 07:00,0.0
03/05/2023 07:30,0.0
03/05/2023 08:00,0.0
03/05/2023 08:30,0.0
03/05/2023 09:00,0.0
03/05/2023 09:30,0.0
03/05/2023 10:00,0.0
03/05/2023 10:30,0.0
03/05/2023 11:00,0.0
03/05/2023 11:30,0.0
03/05/2023 12:00,0.0
03/05/2023 12:30,0.0
03/05/2023 13:00,0.0
03/05/2023 13:30,0.0
03/05/2023 14:00,0.0
03/05/2023 14:30,0.0
03/05/2023 15:00,0.0
03/05/2023 15:30,0.0
03/05/2023 16:00,0.0
03/05/2023 16:30,0.0
03/05/2023 17:00,0.0
03/05/2023 17:30,0.0
03/05/2023 18:00,0.0
03/05/2023 18:30,0.0
03/05/2023 19:00,0.0
03/05/2023 19:30,0.0
03/05/2023 20:00,0.0
03/05/2023 20:30,0.0
03/05/2023 21:00,0.0
03/05/2023 21:30,0.0
03/05/2023 22:00,0.0
03/05/2023 22:30,0.0
03/05/2023 23:00,0.0
03/05/2023 23:30,0.0
03/06/2023 00:00,0.0
03/06/2023 00:30,0.0
03/06/2023 01:00,0.0
03/06/2023 01:30,0.0
03/06/2023 02:00,0.0
03/06/2023 02:30,0.0
03/06/2023 03:00,0.0
03/06/2023 03:30,0.0
03/06/2023 04:00,0.0
03/06/2023 04:30,0.0
03/06/2023 05:00,0.0
03/06/2023 05:30,0.0
03/06/2023 06:00,0.0
03/06/2023 06:30,0.0
03/06/2023 07:00,0.0
03/06/2023 07:30,0.0
03/06/2023 08:00,0.0
03/06/2023 08:30,0.0
03/06/2023 09:00,0.0
03/06/2023 09:30,0.0
03/06/2023 10:00,0.0
03/06/2023 10:30,0.0
03/06/2023 11:00,0.0
03/06/2023 11:30,0.0
03/06/2023 12:00,0.0
03/06/2023 12:30,0.0
03/06/2023 13:00,0.0
03/06/2023 13:30,0.0
03/06/2023 14:00,0.0
03/06/2023 14:30,0.0
03/06/2023 15:00,0.0
03/06/2023 15:30,0.0
03/06/2023 16:00,0.0
03/06/2023 16:30,0.0
03/06/2023 17:00,0.0
03/06/2023 17:30,0.0
03/06/2023 18:00,0.0
03/06/2023 18:30,0.0
03/06/2023 19:00,0.0
03/06/2023 19:30,0.0
03/06/2023 20:00,0.0
03/06/2023 20:30,0.0
03/06/2023 21:00,0.0
03/06/2023 21:30,0.0
03/06/2023 22:00,0.0
03/06/2023 22:30,0.0
03/06/2023 23:00,0.0
03/06/2023 23:30,0.0
03/07/2023 00:00,0.0
03/07/2023 00:30,0.0
03/07/2023 01:00,0.0
03/07/2023 01:30,0.0
03/07/2023 02:00,0.0
03/07/2023 02:30,0.0
03/07/2023 03:00,0.0
03/07/2023 03:30,0.0
03/07/2023 04:00,0.0
03/07/2023 04:30,0.0
03/07/2023 05:00,0.0
03/07/2023 05:30,0.0
03/07/2023 06:00,0.0
03/07/2023 06:30,0.0
03/07/2023 07:00,0.0
03/07/2023 07:30,0.0
03/07/2023 08:00,0.0
03/07/2023 08:30,0.0
03/07/2023 09:00,0.0
03/07/2023 09:30,0.0
03/07/2023 10:00,0.0
03/07/2023 10:30,0.0
03/07/2023 11:00,0.0
03/07/2023 11:30,0.0
03/07/2023 12:00,0.0
03/07/2023 12:30,0.0
03/07/2023 13:00,0.0
03/07/2023 13:30,0.0
03/07/2023 14:00,0.0
03/07/2023 14:30,0.0
03/07/2023 15:00,0.0
03/07/2023 15:30,0.0
03/07/2023 16:00,0.0
03/07/2023 16:30,0.0
03/07/2023 17:00,0.0
03/07/2023 17:30,0.0
03/07/2023 18:00,0.0
03/07/2023 18:30,0.0
03/07/2023 19:00,0.0
03/07/2023 19:30,0.0
03/07/2023 20:00,0.0
03/07/2023 20:30,0.0
03/07/2023 21:00,0.0
03/07/2023 21:30,0.0
03/07/2023 22:00,0.0
03/07/2023 22:30,0.0
03/07/2023 23:00,0.0
03/07/2023 23:30,0.0
03/08/2023 00:00,0.0
03/08/2023 00:30,0.0
03/08/2023 01:00,0.0
03/08/2023 01:30,0.0
03/08/2023 02:00,0.0
03/08/2023 02:30,0.0
03/08/2023 03:00,0.0
03/08/2023 03:30,0.0
03/08/2023 04:00,0.0
03/08/2023 04:30,0.0
03/08/2023 05:00,0.0
03/08/2023 05:30,0.0
03/08/2023 06:00,0.0
03/08/2023 06:30,0.0
03/08/2023 07:00,0.0
03/08/2023 07:30,0.0
03/08/2023 08:00,0.0
03/08/2023 08:30,0.0
03/08/2023 09:00,0.0
03/08/2023 09:30,0.0
03/08/2023 10:00,0.0
03/08/2023 10:30,0.0
03/08/2023 11:00,0.0
03/08/2023 11:30,0.0
03/08/2023 12:00,0.0
03/08/2023 12:30,0.0
03/08/2023 13:00,0.0
03/08/2023 13:30,0.0
03/08/2023 14:00,0.0
03/08/2023 14:30,0.0
03/08/2023 15:00,0.0
03/08/2023 15:30,0.0
03/08/2023 16:00,0.0
03/08/2023 16:30,0.0
03/08/2023 17:00,0.0
03/08/2023 17:30,0.0
03/08/2023 18:00,0.0
03/08/2023 18:30,0.0
03/08/2023 19:00,0.0
03/08/2023 19:30,0.0
03/08/2023 20:00,0.0
03/08/2023 20:30,0.0
03/08/2023 21:00,0.0
03/08/2023 21:30,0.0
03/08/2023 22:00,0.0
03/08/2023 22:30,0.0
03/08/2023 23:00,0.0
03/08/2023 23:30,0.0
03/09/2023 00:00,0.0
03/09/2023 00:30,0.0
03/09/2023 01:00,0.0
03/09/2023 01:30,0.0
03/09/2023 02:00,0.0
03/09/2023 02:30,0.0
03/09/2023 03:00,0.0
03/09/2023 03:30,0.0
03/09/2023 04:00,0.0
03/09/2023 04:30,0.0
03/09/2023 05:00,0.0
03/09/2023 05:30,0.0
03/09/2023 06:00,0.0
03/09/2023 06:30,0.0
03/09/2023 07:00,0.0
03/09/2023 07:30,0.0
03/09/2023 08:00,0.0
03/09/2023 08:30,0.0
03/09/2023 09:00,0.0
03/09/2023 09:30,0.0
03/09/2023 10:00,0.0
03/09/2023 10:30,0.0
03/09/2023 11:00,0.0
03/09/2023 11:30,0.0
03/09/2023 12:00,0.0
03/09/2023 12:30,0.0
03/09/2023 13:00,0.0
03/09/2023 13:30,0.0
03/09/2023 14:00,0.0
03/09/2023 14:30,0.0
03/09/2023 15:00,0.0
03/09/2023 15:30,0.0
03/09/2023 16:00,0.0
03/09/2023 16:30,0.0
03/09/2023 17:00,0.0
03/09/2023 17:30,0.0
03/09/2023 18:00,0.0
03/09/2023 18:30,0.0
03/09/2023 19:00,0.0
03/09/2023 19:30,0.0
03/09/2023 20:00,0.0
03/09/2023 20:30,0.0
03/09/2023 21:00,0.0
03/09/2023 21:30,0.0
03/09/2023 22:00,0.0
03/09/2023 22:30,0.0
03/09/2023 23:00,0.0
03/09/2023 23:30,0.0
03/10/2023 00:00,0.0
03/10/2023 00:30,0.0
03/10/2023 01:00,0.0
03/10/2023 01:30,0.0
03/10/2023 02:00,0.0
03/10/2023 02:30,0.0
03/10/2023 03:00,0.0
03/10/2023 03:30,0.0
03/10/2023 04:00,0.0
03/10/2023 04:30,0.0
03/10/2023 05:00,0.0
03/10/2023 05:30,0.0
03/10/2023 06:00,0.0
03/10/2023 06:30,0.0
03/10/2023 07:00,0.0
03/10/2023 07:30,0.0
03/10/2023 08:00,0.0
03/10/2023 08:30,0.0
03/10/2023 09:00,0.0
03/10/2023 09:30,0.0
03/10/2023 10:00,0.0
03/10/2023 10:30,0.0
03/10/2023 11:00,0.0
03/10/2023 11:30,0.0
03/10/2023 12:00,0.0
03/10/2023 12:30,0.0
03/10/2023 13:00,0.0
03/10/2023 13:30,0.0
03/10/2023 14:00,0.0
03/10/2023 14:30,0.0
03/10/2023 15:00,0.0
03/10/2023 15:30,0.0
03/10/2023 16:00,0.0
03/10/2023 16:30,0.0
03/10/2023 17:00,0.0
03/10/2023 17:30,0.0
03/10/2023 18:00,0.0
03/10/2023 18:30,0.0
03/10/2023 19:00,0.0
03/10/2023 19:30,0.0
03/10/2023 20:00,0.0
03/10/2023 20:30,0.0
03/10/2023 21:00,0.0
03/10/2023 21:30,0.0
03/10/2023 22:00,0.0
03/10/2023 22:30,0.0
03/10/2023 23:00,0.0
03/10/2023 23:30,0.0
03/11/2023 00:00,0.0
03/11/2023 00:30,0.0
03/11/2023 01:00,0.0
03/11/2023 01:30,0.0
03/11/2023 02:00,0.0
03/11/2023 02:30,0.0
03/11/2023 03:00,0.0
03/11/2023 03:30,0.0
03/11/2023 04:00,0.0
03/11/2023 04:30,0.0
03/11/2023 05:00,0.0
03/11/2023 05:30,0.0
03/11/2023 06:00,0.0
03/11/2023 06:30,0.0
03/11/2023 07:00,0.0
03/11/2023 07:30,0.0
03/11/2023 08:00,0.0
03/11/2023 08:30,0.0
03/11/2023 09:00,0.0
03/11/2023 09:30,0.0
03/11/2023 10:00,0.0
03/11/2023 10:30,0.0
03/11/2023 11:00,0.0
03/11/2023 11:30,0.0
03/11/2023 12:00,0.0
03/11/2023 12:30,0.0
03/11/2023 13:00,0.0
03/11/2023 13:30,0.0
03/11/2023 14:00,0.0
03/11/2023 14:30,0.0
03/11/2023 15:00,0.0
03/11/2023 15:30,0.0
03/11/2023 16:00,0.0
03/11/2023 16:30,0.0
03/11/2023 17:00,0.0
03/11/2023 17:30,0.0
03/11/2023 18:00,0.0
03/11/2023 18:30,0.0
03/11/2023 19:00,0.0
03/11/2023 19:30,0.0
03/11/2023 20:00,0.0
03/11/2023 20:30,0.0
03/11/2023 21:00,0.0
03/11/2023 21:30,0.0
03/11/2023 22:00,0.0
03/11/2023 22:30,0.0
03/11/2023 23:00,0.0
03/11/2023 23:30,0.0
03/12/2023 00:00,0.0
03/12/2023 00:30,0.0
03/12/2023 01:00,0.0
03/12/2023 01:30,0.0
03/12/2023 02:00,0.0
03/12/2023 02:30,0.0
03/12/2023 03:00,0.0
03/12/2023 03:30,0.0
03/12/2023 04:00,0.0
03/12/2023 04:30,0.0
03/12/2023 05:00,0.0
03/12/2023 05:30,0.0
03/12/2023 06:00,0.0
03/12/2023 06:30,0.0
03/12/2023 07:00,0.0
03/12/2023 07:30,0.0
03/12/2023 08:00,0.0
03/12/2023 08:30,0.0
03/12/2023 09:00,0.0
03/12/2023 09:30,0.0
03/12/2023 10:00,0.0
03/12/2023 10:30,0.0
03/12/2023 11:00,0.0
03/12/2023 11:30,0.0
03/12/2023 12:00,0.0
03/12/2023 12:30,0.0
03/12/2023 13:00,0.0
03/12/2023 13:30,0.0
03/12/2023 14:00,0.0
03/12/2023 14:30,0.0
03/12/2023 15:00,0.0
03/12/2023 15:30,0.0
03/12/2023 16:00,0.0
03/12/2023 16:30,0.0
03/12/2023 17:00,0.0
03/12/2023 17:30,0.0
03/12/2023 18:00,0.0
03/12/2023 18:30,0.0
03/12/2023 19:00,0.0
03/12/2023 19:30,0.0
03/12/2023 20:00,0.0
03/12/2023 20:30,0.0
03/12/2023 21:00,0.0
03/12/2023 21:30,0.0
03/12/2023 22:00,0.0
03/12/2023 22:30,0.0
03/12/2023 23:00,0.0
03/12/2023 23:30,0.0
03/13/2023 00:00,0.0
03/13/2023 00:30,0.0
03/13/2023 01:00,0.0
03/13/2023 01:30,0.0
03/13/2023 02:00,0.0
03/13/2023 02:30,0.0
03/13/2023 03:00,0.0
03/13/2023 03:30,0.0
03/13/2023 04:00,0.0
03/13/2023 04:30,0.0
03/13/2023 05:00,0.0
03/13/2023 05:30,0.0
03/13/2023 06:00,0.0
03/13/2023 06:30,0.0
03/13/2023 07:00,0.0
03/13/2023 07:30,0.0
03/13/2023 08:00,0.0
03/13/2023 08:30,0.0
03/13/2023 09:00,0.0
03/13/2023 09:30,0.0
03/13/2023 10:00,0.0
03/13/2023 10:30,0.0
03/13/2023 11:00,0.0
03/13/2023 11:30,0.0
03/13/2023 12:00,0.0
03/13/2023 12:30,0.0
03/13/2023 13:00,0.0
03/13/2023 13:30,0.0
03/13/2023 14:00,0.0
03/13/2023 14:30,0.0
03/13/2023 15:00,0.0
03/13/2023 15:30,0.0
03/13/2023 16:00,0.0
03/13/2023 16:30,0.0
03/13/2023 17:00,0.0
03/13/2023 17:30,0.0
03/13/2023 18:00,0.0
03/13/2023 18:30,0.0
03/13/2023 19:00,0.0
03/13/2023 19:30,0.0
03/13/2023 20:00,0.0
03/13/2023 20:30,0.0
03/13/2023 21:00,0.0
03/13/2023 21:30,0.0
03/13/2023 22:00,0.0
03/13/2023 22:30,0.0
03/13/2023 23:00,0.0
03/13/2023 23:30,0.0
03/14/2023 00:00,0.0
03/14/2023 00:30,0.0
03/14/2023 01:00,0.0
03/14/2023 01:30,0.0
03/14/2023 02:00,0.0
03/14/2023 02:30,0.0
03/14/2023 03:00,0.0
03/14/2023 03:30,0.0
03/14/2023 04:00,0.0
03/14/2023 04:30,0.0
03/14/2023 05:00,0.0
03/14/2023 05:30,0.0
03/14/2023 06:00,0.0
03/14/2023 06:30,0.0
03/14/2023 07:00,0.0
03/14/2023 07:30,0.0
03/14/2023 08:00,0.0
03/14/2023 08:30,0.0
03/14/2023 09:00,0.0
03/14/2023 09:30,0.0
03/14/2023 10:00,0.0
03/14/2023 10:30,0.0
03/14/2023 11:00,0.0
03/14/2023 11:30,0.0
03/14/2023 12:00,0.0
03/14/2023 12:30,0.0
03/14/2023 13:00,0.0
03/14/2023 13:30,0.0
03/14/2023 14:00,0.0
03/14/2023 14:30,0.0
03/14/2023 15:00,0.0
03/14/2023 15:30,0.0
03/14/2023 16:00,0.0
03/14/2023 16:30,0.0
03/14/2023 17:00,0.0
03/14/2023 17:30,0.0
03/14/2023 18:00,0.0
03/14/2023 18:30,0.0
03/14/2023 19:00,0.0
03/14/2023 19:30,0.0
03/14/2023 20:00,0.0
03/14/2023 20:30,0.0
03/14/2023 21:00,0.0
03/14/2023 21:30,0.0
03/14/2023 22:00,0.0
03/14/2023 22:30,0.0
03/14/2023 23:00,0.0
03/14/2023 23:30,0.0
03/15/2023 00:00,0.0
03/15/2023 00:30,0.0
03/15/2023 01:00,0.0
03/15/2023 01:30,0.0
03/15/2023 02:00,0.0
03/15/2023 02:30,0.0
03/15/2023 03:00,0.0
03/15/2023 03:30,0.0
03/15/2023 04:00,0.0
03/15/2023 04:30,0.0
03/15/2023 05:00,0.0
03/15/2023 05:30,0.0
03/15/2023 06:00,0.0
03/15/2023 06:30,0.0
03/15/2023 07:00,0.0
03/15/2023 07:30,0.0
03/15/2023 08:00,0.0
03/15/2023 08:30,0.0
03/15/2023 09:00,0.0
03/15/2023 09:30,0.0
03/15/2023 10:00,0.0
03/15/2023 10:30,0.0
03/15/2023 11:00,0.0
03/15/2023 11:30,0.0
03/15/2023 12:00,0.0
03/15/2023 12:30,0.0
03/15/2023 13:00,0.0
03/15/2023 13:30,0.0
03/15/2023 14:00,0.0
03/15/2023 14:30,0.0
03/15/2023 15:00,0.0
03/15/2023 15:30,0.0
03/15/2023 16:00,0.0
03/15/2023 16:30,0.0
03/15/2023 17:00,0.0
03/15/2023 17:30,0.0
03/15/2023 18:00,0.0
03/15/2023 18:30,0.0
03/15/2023 19:00,0.0
03/15/2023 19:30,0.0
03/15/2023 20:00,0.0
03/15/2023 20:30,0.0
03/15/2023 21:00,0.0
03/15/2023 21:30,0.0
03/15/2023 22:00,0.0
03/15/2023 22:30,0.0
03/15/2023 23:00,0.0
03/15/2023 23:30,0.0
03/16/2023 00:00,0.0
03/16/2023 00:30,0.0
03/16/2023 01:00,0.0
03/16/2023 01:30,0.0
03/16/2023 02:00,0.0
03/16/2023 02:30,0.0
03/16/2023 03:00,0.0
03/16/2023 03:30,0.0
03/16/2023 04:00,0.0
03/16/2023 04:30,0.0
03/16/2023 05:00,0.0
03/16/2023 05:30,0.0
03/16/2023 06:00,0.0
03/16/2023 06:30,0.0
03/16/2023 07:00,0.0
03/16/2023 07:30,0.0
03/16/2023 08:00,0.0
03/16/2023 08:30,0.0
03/16/2023 09:00,0.0
03/16/2023 09:30,0.0
03/16/2023 10:00,0.0
03/16/2023 10:30,0.0
03/16/2023 11:00,0.0
03/16/2023 11:30,0.0
03/16/2023 12:00,0.0
03/16/2023 12:30,0.0
03/16/2023 13:00,0.0
03/16/2023 13:30,0.0
03/16/2023 14:00,0.0
03/16/2023 14:30,0.0
03/16/2023 15:00,0.0
03/16/2023 15:30,0.0
03/16/2023 16:00,0.0
03/16/2023 16:30,0.0
03/16/2023 17:00,0.0
03/16/2023 17:30,0.0
03/16/2023 18:00,0.0
03/16/2023 18:30,0.0
03/16/2023 19:00,0.0
03/16/2023 19:30,0.0
03/16/2023 20:00,0.0
03/16/2023 20:30,0.0
03/16/2023 21:00,0.0
03/16/2023 21:30,0.0
03/16/2023 22:00,0.0
03/16/2023 22:30,0.0
03/16/2023 23:00,0.0
03/16/2023 23:30,0.0
03/17/2023 00:00,0.0
03/17/2023 00:30,0.0
03/17/2023 01:00,0.0
03/17/2023 01:30,0.0
03/17/2023 02:00,0.0
03/17/2023 02:30,0.0
03/17/2023 03:00,0.0
03/17/2023 03:30,0.0
03/17/2023 04:00,0.0
03/17/2023 04:30,0.0
03/17/2023 05:00,0.0
03/17/2023 05:30,0.0
03/17/2023 06:00,0.0
03/17/2023 06:30,0.0
03/17/2023 07:00,0.0
03/17/2023 07:30,0.0
03/17/2023 08:00,0.0
03/17/2023 08:30,0.0
03/17/2023 09:00,0.0
03/17/2023 09:30,0.0
03/17/2023 10:00,0.0
03/17/2023 10:30,0.0
03/17/2023 11:00,0.0
03/17/2023 11:30,0.0
03/17/2023 12:00,0.0
03/17/2023 12:30,0.0
03/17/2023 13:00,0.0
03/17/2023 13:30,0.0
03/17/2023 14:00,0.0
03/17/2023 14:30,0.0
03/17/2023 15:00,0.0
03/17/2023 15:30,0.0
03/17/2023 16:00,0.0
03/17/2023 16:30,0.0
03/17/2023 17:00,0.0
03/17/2023 17:30,0.0
03/17/2023 18:00,0.0
03/17/2023 18:30,0.0
03/17/2023 19:00,0.0
03/17/2023 19:30,0.0
03/17/2023 20:00,0.0
03/17/2023 20:30,0.0
03/17/2023 21:00,0.0
03/17/2023 21:30,0.0
03/17/2023 22:00,0.0
03/17/2023 22:30,0.0
03/17/2023 23:00,0.0
03/17/2023 23:30,0.0
03/18/2023 00:00,0.0
03/18/2023 00:30,0.0
03/18/2023 01:00,0.0
03/18/2023 01:30,0.0
03/18/2023 02:00,0.0
03/18/2023 02:30,0.0
03/18/2023 03:00,0.0
03/18/2023 03:30,0.0
03/18/2023 04:00,0.0
03/18/2023 04:30,0.0
03/18/2023 05:00,0.0
03/18/2023 05:30,0.0
03/18/2023 06:00,0.0
03/18/2023 06:30,0.0
03/18/2023 07:00,0.0
03/18/2023 07:30,0.0
03/18/2023 08:00,0.0
03/18/2023 08:30,0.0
03/18/2023 09:00,0.0
03/18/2023 09:30,0.0
03/18/2023 10:00,0.0
03/18/2023 10:30,0.0
03/18/2023 11:00,0.0
03/18/2023 11:30,0.0
03/18/2023 12:00,0.0
03/18/2023 12:30,0.0
03/18/2023 13:00,0.0
03/18/2023 13:30,0.0
03/18/2023 14:00,0.0
03/18/2023 14:30,0.0
03/18/2023 15:00,0.0
03/18/2023 15:30,0.0
03/18/2023 16:00,0.0
03/18/2023 16:30,0.0
03/18/2023 17:00,0.0
03/18/2023 17:30,0.0
03/18/2023 18:00,0.0
03/18/2023 18:30,0.0
03/18/2023 19:00,0.0
03/18/2023 19:30,0.0
03/18/2023 20:00,0.0
03/18/2023 20:30,0.0
03/18/2023 21:00,0.0
03/18/2023 21:30,0.0
03/18/2023 22:00,0.0
03/18/2023 22:30,0.0
03/18/2023 23:00,0.0
03/18/2023 23:30,0.0
03/19/2023 00:00,0.0
03/19/2023 00:30,0.0
03/19/2023 01:00,0.0
03/19/2023 01:30,0.0
03/19/2023 02:00,0.0
03/19/2023 02:30,0.0
03/19/2023 03:00,0.0
03/19/2023 03:30,0.0
03/19/2023 04:00,0.0
03/19/2023 04:30,0.0
03/19/2023 05:00,0.0
03/19/2023 05:30,0.0
03/19/2023 06:00,0.0
03/19/2023 06:30,0.0
03/19/2023 07:00,0.0
03/19/2023 07:30,0.0
03/19/2023 08:00,0.0
03/19/2023 08:30,0.0
03/19/2023 09:00,0.0
03/19/2023 09:30,0.0
03/19/2023 10:00,0.0
03/19/2023 10:30,0.0
03/19/2023 11:00,0.0
03/19/2023 11:30,0.0
03/19/2023 12:00,0.0
03/19/2023 12:30,0.0
03/19/2023 13:00,0.0
03/19/2023 13:30,0.0
03/19/2023 14:00,0.0
03/19/2023 14:30,0.0
03/19/2023 15:00,0.0
03/19/2023 15:30,0.0
03/19/2023 16:00,0.0
03/19/2023 16:30,0.0
03/19/2023 17:00,0.0
03/19/2023 17:30,0.0
03/19/2023 18:00,0.0
03/19/2023 18:30,0.0
03/19/2023 19:00,0.0
03/19/2023 19:30,0.0
03/19/2023 20:00,0.0
03/19/2023 20:30,0.0
03/19/2023 21:00,0.0
03/19/2023 21:30,0.0
03/19/2023 22:00,0.0
03/19/2023 22:30,0.0
03/19/2023 23:00,0.0
03/19/2023 23:30,0.0
03/20/2023 00:00,0.0
03/20/2023 00:30,0.0
03/20/2023 01:00,0.0
03/20/2023 01:30,0.0
03/20/2023 02:00,0.0
03/20/2023 02:30,0.0
03/20/2023 03:00,0.0
03/20/2023 03:30,0.0
03/20/2023 04:00,0.0
03/20/2023 04:30,0.0
03/20/2023 05:00,0.0
03/20/2023 05:30,0.0
03/20/2023 06:00,0.0
03/20/2023 06:30,0.0
03/20/2023 07:00,0.0
03/20/2023 07:30,0.0
03/20/2023 08:00,0.0
03/20/2023 08:30,0.0
03/20/2023 09:00,0.0
03/20/2023 09:30,0.0
03/20/2023 10:00,0.0
03/20/2023 10:30,0.0
03/20/2023 11:00,0.0
03/20/2023 11:30,0.0
03/20/2023 12:00,0.0
03/20/2023 12:30,0.0
03/20/2023 13:00,0.0
03/20/2023 13:30,0.0
03/20/2023 14:00,0.0
03/20/2023 14:30,0.0
03/20/2023 15:00,0.0
03/20/2023 15:30,0.0
03/20/2023 16:00,0.0
03/20/2023 16:30,0.0
03/20/2023 17:00,0.0
03/20/2023 17:30,0.0
03/20/2023 18:00,0.0
03/20/2023 18:30,0.0
03/20/2023 19:00,0.0
03/20/2023 19:30,0.0
03/20/2023 20:00,0.0
03/20/2023 20:30,0.0
03/20/2023 21:00,0.0
03/20/2023 21:30,0.0
03/20/2023 22:00,0.0
03/20/2023 22:30,0.0
03/20/2023 23:00,0.0
03/20/2023 23:30,0.0
03/21/2023 00:00,0.0
03/21/2023 00:30,0.0
03/21/2023 01:00,0.0
03/21/2023 01:30,0.0
03/21/2023 02:00,0.0
03/21/2023 02:30,0.0
03/21/2023 03:00,0.0
03/21/2023 03:30,0.0
03/21/2023 04:00,0.0
03/21/2023 04:30,0.0
03/21/2023 05:00,0.0
03/21/2023 05:30,0.0
03/21/2023 06:00,0.0
03/21/2023 06:30,0.0
03/21/2023 07:00,0.0
03/21/2023 07:30,0.0
03/21/2023 08:00,0.0
03/21/2023 08:30,0.0
03/21/2023 09:00,0.0
03/21/2023 09:30,0.0
03/21/2023 10:00,0.0
03/21/2023 10:30,0.0
03/21/2023 11:00,0.0
03/21/2023 11:30,0.0
03/21/2023 12:00,0.0
03/21/2023 12:30,0.0
03/21/2023 13:00,0.0
03/21/2023 13:30,0.0
03/21/2023 14:00,0.0
03/21/2023 14:30,0.0
03/21/2023 15:00,0.0
03/21/2023 15:30,0.0
03/21/2023 16:00,0.0
03/21/2023 16:30,0.0
03/21/2023 17:00,0.0
03/21/2023 17:30,0.0
03/21/2023 18:00,0.0
03/21/2023 18:30,0.0
03/21/2023 19:00,0.0
03/21/2023 19:30,0.0
03/21/2023 20:00,0.0
03/21/2023 20:30,0.0
03/21/2023 21:00,0.0
03/21/2023 21:30,0.0
03/21/2023 22:00,0.0
03/21/2023 22:30,0.0
03/21/2023 23:00,0.0
03/21/2023 23:30,0.0
03/22/2023 00:00,0.0
03/22/2023 00:30,0.0
03/22/2023 01:00,0.0
03/22/2023 01:30,0.0
03/22/2023 02:00,0.0
03/22/2023 02:30,0.0
03/22/2023 03:00,0.0
03/22/2023 03:30,0.0
03/22/2023 04:00,0.0
03/22/2023 04:30,0.0
03/22/2023 05:00,0.0
03/22/2023 05:30,0.0
03/22/2023 06:00,0.0
03/22/2023 06:30,0.0
03/22/2023 07:00,0.0
03/22/2023 07:30,0.0
03/22/2023 08:00,0.0
03/22/2023 08:30,0.0
03/22/2023 09:00,0.0
03/22/2023 09:30,0.0
03/22/2023 10:00,0.0
03/22/2023 10:30,0.0
03/22/2023 11:00,0.0
03/22/2023 11:30,0.0
03/22/2023 12:00,0.0
03/22/2023 12:30,0.0
03/22/2023 13:00,0.0
03/22/2023 13:30,0.0
03/22/2023 14:00,0.0
03/22/2023 14:30,0.0
03/22/2023 15:00,0.0
03/22/2023 15:30,0.0
03/22/2023 16:00,0.0
03/22/2023 16:30,0.0
03/22/2023 17:00,0.0
03/22/2023 17:30,0.0
03/22/2023 18:00,0.0
03/22/2023 18:30,0.0
03/22/2023 19:00,0.0
03/22/2023 19:30,0.0
03/22/2023 20:00,0.0
03/22/2023 20:30,0.0
03/22/2023 21:00,0.0
03/22/2023 21:30,0.0
03/22/2023 22:00,0.0
03/22/2023 22:30,0.0
03/22/2023 23:00,0.0
03/22/2023 23:30,0.0
03/23/2023 00:00,0.0
03/23/2023 00:30,0.0
03/23/2023 01:00,0.0
03/23/2023 01:30,0.0
03/23/2023 02:00,0.0
03/23/2023 02:30,0.0
03/23/2023 03:00,0.0
03/23/2023 03:30,0.0
03/23/2023 04:00,0.0
03/23/2023 04:30,0.0
03/23/2023 05:00,0.0
03/23/2023 05:30,0.0
03/23/2023 06:00,0.0
03/23/2023 06:30,0.0
03/23/2023 07:00,0.0
03/23/2023 07:30,0.0
03/23/2023 08:00,0.0
03/23/2023 08:30,0.0
03/23/2023 09:00,0.0
03/23/2023 09:30,0.0
03/23/2023 10:00,0.0
03/23/2023 10:30,0.0
03/23/2023 11:00,0.0
03/23/2023 11:30,0.0
03/23/2023 12:00,0.0
03/23/2023 12:30,0.0
03/23/2023 13:00,0.0
03/23/2023 13:30,0.0
03/23/2023 14:00,0.0
03/23/2023 14:30,0.0
03/23/2023 15:00,0.0
03/23/2023 15:30,0.0
03/23/2023 16:00,0.0
03/23/2023 16:30,0.0
03/23/2023 17:00,0.0
03/23/2023 17:30,0.0
03/23/2023 18:00,0.0
03/23/2023 18:30,0.0
03/23/2023 19:00,0.0
03/23/2023 19:30,0.0
03/23/2023 20:00,0.0
03/23/2023 20:30,0.0
03/23/2023 21:00,0.0
03/23/2023 21:30,0.0
03/23/2023 22:00,0.0
03/23/2023 22:30,0.0
03/23/2023 23:00,0.0
03/23/2023 23:30,0.0
03/24/2023 00:00,0.0
03/24/2023 00:30,0.0
03/24/2023 01:00,0.0
03/24/2023 01:30,0.0
03/24/2023 02:00,0.0
03/24/2023 02:30,0.0
03/24/2023 03:00,0.0
03/24/2023 03:30,0.0
03/24/2023 04:00,0.0
03/24/2023 04:30,0.0
03/24/2023 05:00,0.0
03/24/2023 05:30,0.0
03/24/2023 06:00,0.0
03/24/2023 06:30,0.0
03/24/2023 07:00,0.0
03/24/2023 07:30,0.0
03/24/2023 08:00,0.0
03/24/2023 08:30,0.0
03/24/2023 09:00,0.0
03/24/2023 09:30,0.0
03/24/2023 10:00,0.0
03/24/2023 10:30,0.0
03/24/2023 11:00,0.0
03/24/2023 11:30,0.0
03/24/2023 12:00,0.0
03/24/2023 12:30,0.0
03/24/2023 13:00,0.0
03/24/2023 13:30,0.0
03/24/2023 14:00,0.0
03/24/2023 14:30,0.0
03/24/2023 15:00,0.0
03/24/2023 15:30,0.0
03/24/2023 16:00,0.0
03/24/2023 16:30,0.0
03/24/2023 17:00,0.0
03/24/2023 17:30,0.0
03/24/2023 18:00,0.0
03/24/2023 18:30,0.0
03/24/2023 19:00,0.0
03/24/2023 19:30,0.0
03/24/2023 20:00,0.0
03/24/2023 20:30,0.0
03/24/2023 21:00,0.0
03/24/2023 21:30,0.0
03/24/2023 22:00,0.0
03/24/2023 22:30,0.0
03/24/2023 23:00,0.0
03/24/2023 23:30,0.0
03/25/2023 00:00,0.0
03/25/2023 00:30,0.0
03/25/2023 01:00,0.0
03/25/2023 01:30,0.0
03/25/2023 02:00,0.0
03/25/2023 02:30,0.0
03/25/2023 03:00,0.0
03/25/2023 03:30,0.0
03/25/2023 04:00,0.0
03/25/2023 04:30,0.0
03/25/2023 05:00,0.0
03/25/2023 05:30,0.0
03/25/2023 06:00,0.0
03/25/2023 06:30,0.0
03/25/2023 07:00,0.0
03/25/2023 07:30,0.0
03/25/2023 08:00,0.0
03/25/2023 08:30,0.0
03/25/2023 09:00,0.0
03/25/2023 09:30,0.0
03/25/2023 10:00,0.0
03/25/2023 10:30,0.0
03/25/2023 11:00,0.0
03/25/2023 11:30,0.0
03/25/2023 12:00,0.0
03/25/2023 12:30,0.0
03/25/2023 13:00,0.0
03/25/2023 13:30,0.0
03/25/2023 14:00,0.0
03/25/2023 14:30,0.0
03/25/2023 15:00,0.0
03/25/2023 15:30,0.0
03/25/2023 16:00,0.0
03/25/2023 16:30,0.0
03/25/2023 17:00,0.0
03/25/2023 17:30,0.0
03/25/2023 18:00,0.0
03/25/2023 18:30,0.0
03/25/2023 19:00,0.0
03/25/2023 19:30,0.0
03/25/2023 20:00,0.0
03/25/2023 20:30,0.0
03/25/2023 21:00,0.0
03/25/2023 21:30,0.0
03/25/2023 22:00,0.0
03/25/2023 22:30,0.0
03/25/2023 23:00,0.0
03/25/2023 23:30,0.0
03/26/2023 00:00,0.0
03/26/2023 00:30,0.0
03/26/2023 01:00,0.0
03/26/2023 01:30,0.0
03/26/2023 02:00,0.0
03/26/2023 02:30,0.0
03/26/2023 03:00,0.0
03/26/2023 03:30,0.0
03/26/2023 04:00,0.0
03/26/2023 04:30,0.0
03/26/2023 05:00,0.0
03/26/2023 05:30,0.0
03/26/2023 06:00,0.0
03/26/2023 06:30,0.0
03/26/2023 07:00,0.0
03/26/2023 07:30,0.0
03/26/2023 08:00,0.0
03/26/2023 08:30,0.0
03/26/2023 09:00,0.0
03/26/2023 09:30,0.0
03/26/2023 10:00,0.0
03/26/2023 10:30,0.0
03/26/2023 11:00,0.0
03/26/2023 11:30,0.0
03/26/2023 12:00,0.0
03/26/2023 12:30,0.0
03/26/2023 13:00,0.0
03/26/2023 13:30,0.0
03/26/2023 14:00,0.0
03/26/2023 14:30,0.0
03/26/2023 15:00,0.0
03/26/2023 15:30,0.0
03/26/2023 16:00,0.0
03/26/2023 16:30,0.0
03/26/2023 17:00,0.0
03/26/2023 17:30,0.0
03/26/2023 18:00,0.0
03/26/2023 18:30,0.0
03/26/2023 19:00,0.0
03/26/2023 19:30,0.0
03/26/2023 20:00,0.0
03/26/2023 20:30,0.0
03/26/2023 21:00,0.0
03/26/2023 21:30,0.0
03/26/2023 22:00,0.0
03/26/2023 22:30,0.0
03/26/2023 23:00,0.0
03/26/2023 23:30,0.0
03/27/2023 00:00,0.0
03/27/2023 00:30,0.0
03/27/2023 01:00,0.0
03/27/2023 01:30,0.0
03/27/2023 02:00,0.0
03/27/2023 02:30,0.0
03/27/2023 03:00,0.0
03/27/2023 03:30,0.0
03/27/2023 04:00,0.0
03/27/2023 04:30,0.0
03/27/2023 05:00,0.0
03/27/2023 05:30,0.0
03/27/2023 06:00,0.0
03/27/2023 06:30,0.0
03/27/2023 07:00,0.0
03/27/2023 07:30,0.0
03/27/2023 08:00,0.0
03/27/2023 08:30,0.0
03/27/2023 09:00,0.0
03/27/2023 09:30,0.0
03/27/2023 10:00,0.0
03/27/2023 10:30,0.0
03/27/2023 11:00,0.0
03/27/2023 11:30,0.0
03/27/2023 12:00,0.0
03/27/2023 12:30,0.0
03/27/2023 13:00,0.0
03/27/2023 13:30,0.0
03/27/2023 14:00,0.0
03/27/2023 14:30,0.0
03/27/2023 15:00,0.0
03/27/2023 15:30,0.0
03/27/2023 16:00,0.0
03/27/2023 16:30,0.0
03/27/2023 17:00,0.0
03/27/2023 17:30,0.0
03/27/2023 18:00,0.0
03/27/2023 18:30,0.0
03/27/2023 19:00,0.0
03/27/2023 19:30,0.0
03/27/2023 20:00,0.0
03/27/2023 20:30,0.0
03/27/2023 21:00,0.0
03/27/2023 21:30,0.0
03/27/2023 22:00,0.0
03/27/2023 22:30,0.0
03/27/2023 23:00,0.0
03/27/2023 23:30,0.0
03/28/2023 00:00,0.0
03/28/2023 00:30,0.0
03/28/2023 01:00,0.0
03/28/2023 01:30,0.0
03/28/2023 02:00,0.0
03/28/2023 02:30,0.0
03/28/2023 03:00,0.0
03/28/2023 03:30,0.0
03/28/2023 04:00,0.0
03/28/2023 04:30,0.0
03/28/2023 05:00,0.0
03/28/2023 05:30,0.0
03/28/2023 06:00,0.0
03/28/2023 06:30,0.0
03/28/2023 07:00,0.0
03/28/2023 07:30,0.0
03/28/2023 08:00,0.0
03/28/2023 08:30,0.0
03/28/2023 09:00,0.0
03/28/2023 09:30,0.0
03/28/2023 10:00,0.0
03/28/2023 10:30,0.0
03/28/2023 11:00,0.0
03/28/2023 11:30,0.0
03/28/2023 12:00,0.0
03/28/2023 12:30,0.0
03/28/2023 13:00,0.0
03/28/2023 13:30,0.0
03/28/2023 14:00,0.0
03/28/2023 14:30,0.0
03/28/2023 15:00,0.0
03/28/2023 15:30,0.0
03/28/2023 16:00,0.0
03/28/2023 16:30,0.0
03/28/2023 17:00,0.0
03/28/2023 17:30,0.0
03/28/2023 18:00,0.0
03/28/2023 18:30,0.0
03/28/2023 19:00,0.0
03/28/2023 19:30,0.0
03/28/2023 20:00,0.0
03/28/2023 20:30,0.0
03/28/2023 21:00,0.0
03/28/2023 21:30,0.0
03/28/2023 22:00,0.0
03/28/2023 22:30,0.0
03/28/2023 23:00,0.0
03/28/2023 23:30,0.0
03/29/2023 00:00,0.0
03/29/2023 00:30,0.0
03/29/2023 01:00,0.0
03/29/2023 01:30,0.0
03/29/2023 02:00,0.0
03/29/2023 02:30,0.0
03/29/2023 03:00,0.0
03/29/2023 03:30,0.0
03/29/2023 04:00,0.0
03/29/2023 04:30,0.0
03/29/2023 05:00,0.0
03/29/2023 05:30,0.0
03/29/2023 06:00,0.0
03/29/2023 06:30,0.0
03/29/2023 07:00,0.0
03/29/2023 07:30,0.0
03/29/2023 08:00,0.0
03/29/2023 08:30,0.0
03/29/2023 09:00,0.0
03/29/2023 09:30,0.0
03/29/2023 10:00,0.0
03/29/2023 10:30,0.0
03/29/2023 11:00,0.0
03/29/2023 11:30,0.0
03/29/2023 12:00,0.0
03/29/2023 12:30,0.0
03/29/2023 13:00,0.0
03/29/2023 13:30,0.0
03/29/2023 14:00,0.0
03/29/2023 14:30,0.0
03/29/2023 15:00,0.0
03/29/2023 15:30,0.0
03/29/2023 16:00,0.0
03/29/2023 16:30,0.0
03/29/2023 17:00,0.0
03/29/2023 17:30,0.0
03/29/2023 18:00,0.0
03/29/2023 18:30,0.0
03/29/2023 19:00,0.0
03/29/2023 19:30,0.0
03/29/2023 20:00,0.0
03/29/2023 20:30,0.0
03/29/2023 21:00,0.0
03/29/2023 21:30,0.0
03/29/2023 22:00,0.0
03/29/2023 22:30,0.0
03/29/2023 23:00,0.0
03/29/2023 23:30,0.0
03/30/2023 00:00,0.0
03/30/2023 00:30,0.0
03/30/2023 01:00,0.0
03/30/2023 01:30,0.0
03/30/2023 02:00,0.0
03/30/2023 02:30,0.0
03/30/2023 03:00,0.0
03/30/2023 03:30,0.0
03/30/2023 04:00,0.0
03/30/2023 04:30,0.0
03/30/2023 05:00,0.0
03/30/2023 05:30,0.0
03/30/2023 06:00,0.0
03/30/2023 06:30,0.0
03/30/2023 07:00,0.0
03/30/2023 07:30,0.0
03/30/2023 08:00,0.0
03/30/2023 08:30,0.0
03/30/2023 09:00,0.0
03/30/2023 09:30,0.0
03/30/2023 10:00,0.0
03/30/2023 10:30,0.0
03/30/2023 11:00,0.0
03/30/2023 11:30,0.0
03/30/2023 12:00,0.0
03/30/2023 12:30,0.0
03/30/2023 13:00,0.0
03/30/2023 13:30,0.0
03/30/2023 14:00,0.0
03/30/2023 14:30,0.0
03/30/2023 15:00,0.0
03/30/2023 15:30,0.0
03/30/2023 16:00,0.0
03/30/2023 16:30,0.0
03/30/2023 17:00,0.0
03/30/2023 17:30,0.0
03/30/2023 18:00,0.0
03/30/2023 18:30,0.0
03/30/2023 19:00,0.0
03/30/2023 19:30,0.0
03/30/2023 20:00,0.0
03/30/2023 20:30,0.0
03/30/2023 21:00,0.0
03/30/2023 21:30,0.0
03/30/2023 22:00,0.0
03/30/2023 22:30,0.0
03/30/2023 23:00,0.0
03/30/2023 23:30,0.0
03/31/2023 00:00,0.0
03/31/2023 00:30,0.0
03/31/2023 01:00,0.0
03/31/2023 01:30,0.0
03/31/2023 02:00,0.0
03/31/2023 02:30,0.0
03/31/2023 03:00,0.0
03/31/2023 03:30,0.0
03/31/2023 04:00,0.0
03/31/2023 04:30,0.0
03/31/2023 05:00,0.0
03/31/2023 05:30,0.0
03/31/2023 06:00,0.0
03/31/2023 06:30,0.0
03/31/2023 07:00,0.0
03/31/2023 07:30,0.0
03/31/2023 08:00,0.0
03/31/2023 08:30,0.0
03/31/2023 09:00,0.0
03/31/2023 09:30,0.0
03/31/2023 10:00,0.0
03/31/2023 10:30,0.0
03/31/2023 11:00,0.0
03/31/2023 11:30,0.0
03/31/2023 12:00,0.0
03/31/2023 12:30,0.0
03/31/2023 13:00,0.0
03/31/2023 13:30,0.0
03/31/2023 14:00,0.0
03/31/2023 14:30,0.0
03/31/2023 15:00,0.0
03/31/2023 15:30,0.0
03/31/2023 16:00,0.0
03/31/2023 16:30,0.0
03/31/2023 17:00,0.0
03/31/2023 17:30,0.0
03/31/2023 18:00,0.0
03/31/2023 18:30,0.0
03/31/2023 19:00,0.0
03/31/2023 19:30,0.0
03/31/2023 20:00,0.0
03/31/2023 20:30,0.0
03/31/2023 21:00,0.0
03/31/2023 21:30,0.0
03/31/2023 22:00,0.0
03/31/2023 22:30,0.0
03/31/2023 23:00,0.0
03/31/2023 23:30,0.0
04/01/2023 00:00,0.0
04/01/2023 00:30,0.0
04/01/2023 01:00,0.0
04/01/2023 01:30,0.0
04/01/2023 02:00,0.0
04/01/2023 02:30,0.0
04/01/2023 03:00,0.0
04/01/2023 03:30,0.0
04/01/2023 04:00,0.0
04/01/2023 04:30,0.0
04/01/2023 05:00,0.0
04/01/2023 05:30,0.0
04/01/2023 06:00,0.0
04/01/2023 06:30,0.0
04/01/2023 07:00,0.0
04/01/2023 07:30,0.0
04/01/2023 08:00,0.0
04/01/2023 08:30,0.0
04/01/2023 09:00,0.0
04/01/2023 09:30,0.0
04/01/2023 10:00,0.0
04/01/2023 10:30,0.0
04/01/2023 11:00,0.0
04/01/2023 11:30,0.0
04/01/2023 12:00,0.0
04/01/2023 12:30,0.0
04/01/2023 13:00,0.0
04/01/2023 13:30,0.0
04/01/2023 14:00,0.0
04/01/2023 14:30,0.0
04/01/2023 15:00,0.0
04/01/2023 15:30,0.0
04/01/2023 16:00,0.0
04/01/2023 16:30,0.0
04/01/2023 17:00,0.0
04/01/2023 17:30,0.0
04/01/2023 18:00,0.0
04/01/2023 18:30,0.0
04/01/2023 19:00,0.0
04/01/2023 19:30,0.0
04/01/2023 20:00,0.0
04/01/2023 20:30,0.0
04/01/2023 21:00,0.0
04/01/2023 21:30,0.0
04/01/2023 22:00,0.0
04/01/2023 22:30,0.0
04/01/2023 23:00,0.0
04/01/2023 23:30,0.0
04/02/2023 00:00,0.0
04/02/2023 00:30,0.0
04/02/2023 01:00,0.0
04/02/2023 01:30,0.0
04/02/2023 02:00,0.0
04/02/2023 02:30,0.0
04/02/2023 03:00,0.0
04/02/2023 03:30,0.0
04/02/2023 04:00,0.0
04/02/2023 04:30,0.0
04/02/2023 05:00,0.0
04/02/2023 05:30,0.0
04/02/2023 06:00,0.0
04/02/2023 06:30,0.0
04/02/2023 07:00,0.0
04/02/2023 07:30,0.0
04/02/2023 08:00,0.0
04/02/2023 08:30,0.0
04/02/2023 09:00,0.0
04/02/2023 09:30,0.0
04/02/2023 10:00,0.0
04/02/2023 10:30,0.0
04/02/2023 11:00,0.0
04/02/2023 11:30,0.0
04/02/2023 12:00,0.0
04/02/2023 12:30,0.0
04/02/2023 13:00,0.0
04/02/2023 13:30,0.0
04/02/2023 14:00,0.0
04/02/2023 14:30,0.0
04/02/2023 15:00,0.0
04/02/2023 15:30,0.0
04/02/2023 16:00,0.0
04/02/2023 16:30,0.0
04/02/2023 17:00,0.0
04/02/2023 17:30,0.0
04/02/2023 18:00,0.0
04/02/2023 18:30,0.0
04/02/2023 19:00,0.0
04/02/2023 19:30,0.0
04/02/2023 20:00,0.0
04/02/2023 20:30,0.0
04/02/2023 21:00,0.0
04/02/2023 21:30,0.0
04/02/2023 22:00,0.0
04/02/2023 22:30,0.0
04/02/2023 23:00,0.0
04/02/2023 23:30,0.0
04/03/2023 00:00,0.0
04/03/2023 00:30,0.0
04/03/2023 01:00,0.0
04/03/2023 01:30,0.0
04/03/2023 02:00,0.0
04/03/2023 02:30,0.0
04/03/2023 03:00,0.0
04/03/2023 03:30,0.0
04/03/2023 04:00,0.0
04/03/2023 04:30,0.0
04/03/2023 05:00,0.0
04/03/2023 05:30,0.0
04/03/2023 06:00,0.0
04/03/2023 06:30,0.0
04/03/2023 07:00,0.0
04/03/2023 07:30,0.0
04/03/2023 08:00,0.0
04/03/2023 08:30,0.0
04/03/2023 09:00,0.0
04/03/2023 09:30,0.0
04/03/2023 10:00,0.0
04/03/2023 10:30,0.0
04/03/2023 11:00,0.0
04/03/2023 11:30,0.0
04/03/2023 12:00,0.0
04/03/2023 12:30,0.0
04/03/2023 13:00,0.0
04/03/2023 13:30,0.0
04/03/2023 14:00,0.0
04/03/2023 14:30,0.0
04/03/2023 15:00,0.0
04/03/2023 15:30,0.0
04/03/2023 16:00,0.0
04/03/2023 16:30,0.0
04/03/2023 17:00,0.0
04/03/2023 17:30,0.0
04/03/2023 18:00,0.0
04/03/2023 18:30,0.0
04/03/2023 19:00,0.0
04/03/2023 19:30,0.0
04/03/2023 20:00,0.0
04/03/2023 20:30,0.0
04/03/2023 21:00,0.0
04/03/2023 21:30,0.0
04/03/2023 22:00,0.0
04/03/2023 22:30,0.0
04/03/2023 23:00,0.0
04/03/2023 23:30,0.0
04/04/2023 00:00,0.0
04/04/2023 00:30,0.0
04/04/2023 01:00,0.0
04/04/2023 01:30,0.0
04/04/2023 02:00,0.0
04/04/2023 02:30,0.0
04/04/2023 03:00,0.0
04/04/2023 03:30,0.0
04/04/2023 04:00,0.0
04/04/2023 04:30,0.0
04/04/2023 05:00,0.0
04/04/2023 05:30,0.0
04/04/2023 06:00,0.0
04/04/2023 06:30,0.0
04/04/2023 07:00,0.0
04/04/2023 07:30,0.0
04/04/2023 08:00,0.0
04/04/2023 08:30,0.0
04/04/2023 09:00,0.0
04/04/2023 09:30,0.0
04/04/2023 10:00,0.0
04/04/2023 10:30,0.0
04/04/2023 11:00,0.0
04/04/2023 11:30,0.0
04/04/2023 12:00,0.0
04/04/2023 12:30,0.0
04/04/2023 13:00,0.0
04/04/2023 13:30,0.0
04/04/2023 14:00,0.0
04/04/2023 14:30,0.0
04/04/2023 15:00,0.0
04/04/2023 15:30,0.0
04/04/2023 16:00,0.0
04/04/2023 16:30,0.0
04/04/2023 17:00,0.0
04/04/2023 17:30,0.0
04/04/2023 18:00,0.0
04/04/2023 18:30,0.0
04/04/2023 19:00,0.0
04/04/2023 19:30,0.0
04/04/2023 20:00,0.0
04/04/2023 20:30,0.0
04/04/2023 21:00,0.0
04/04/2023 21:30,0.0
04/04/2023 22:00,0.0
04/04/2023 22:30,0.0
04/04/2023 23:00,0.0
04/04/2023 23:30,0.0
04/05/2023 00:00,0.0
04/05/2023 00:30,0.0
04/05/2023 01:00,0.0
04/05/2023 01:30,0.0
04/05/2023 02:00,0.0
04/05/2023 02:30,0.0
04/05/2023 03:00,0.0
04/05/2023 03:30,0.0
04/05/2023 04:00,0.0
04/05/2023 04:30,0.0
04/05/2023 05:00,0.0
04/05/2023 05:30,0.0
04/05/2023 06:00,0.0
04/05/2023 06:30,0.0
04/05/2023 07:00,0.0
04/05/2023 07:30,0.0
04/05/2023 08:00,0.0
04/05/2023 08:30,0.0
04/05/2023 09:00,0.0
04/05/2023 09:30,0.0
04/05/2023 10:00,0.0
04/05/2023 10:30,0.0
04/05/2023 11:00,0.0
04/05/2023 11:30,0.0
04/05/2023 12:00,0.0
04/05/2023 12:30,0.0
04/05/2023 13:00,0.0
04/05/2023 13:30,0.0
04/05/2023 14:00,0.0
04/05/2023 14:30,0.0
04/05/2023 15:00,0.0
04/05/2023 15:30,0.0
04/05/2023 16:00,0.0
04/05/2023 16:30,0.0
04/05/2023 17:00,0.0
04/05/2023 17:30,0.0
04/05/2023 18:00,0.0
04/05/2023 18:30,0.0
04/05/2023 19:00,0.0
04/05/2023 19:30,0.0
04/05/2023 20:00,0.0
04/05/2023 20:30,0.0
04/05/2023 21:00,0.0
04/05/2023 21:30,0.0
04/05/2023 22:00,0.0
04/05/2023 22:30,0.0
04/05/2023 23:00,0.0
04/05/2023 23:30,0.0
04/06/2023 00:00,0.0
04/06/2023 00:30,0.0
04/06/2023 01:00,0.0
04/06/2023 01:30,0.0
04/06/2023 02:00,0.0
04/06/2023 02:30,0.0
04/06/2023 03:00,0.0
04/06/2023 03:30,0.0
04/06/2023 04:00,0.0
04/06/2023 04:30,0.0
04/06/2023 05:00,0.0
04/06/2023 05:30,0.0
04/06/2023 06:00,0.0
04/06/2023 06:30,0.0
04/06/2023 07:00,0.0
04/06/2023 07:30,0.0
04/06/2023 08:00,0.0
04/06/2023 08:30,0.0
04/06/2023 09:00,0.0
04/06/2023 09:30,0.0
04/06/2023 10:00,0.0
04/06/2023 10:30,0.0
04/06/2023 11:00,0.0
04/06/2023 11:30,0.0
04/06/2023 12:00,0.0
04/06/2023 12:30,0.0
04/06/2023 13:00,0.0
04/06/2023 13:30,0.0
04/06/2023 14:00,0.0
04/06/2023 14:30,0.0
04/06/2023 15:00,0.0
04/06/2023 15:30,0.0
04/06/2023 16:00,0.0
04/06/2023 16:30,0.0
04/06/2023 17:00,0.0
04/06/2023 17:30,0.0
04/06/2023 18:00,0.0
04/06/2023 18:30,0.0
04/06/2023 19:00,0.0
04/06/2023 19:30,0.0
04/06/2023 20:00,0.0
04/06/2023 20:30,0.0
04/06/2023 21:00,0.0
04/06/2023 21:30,0.0
04/06/2023 22:00,0.0
04/06/2023 22:30,0.0
04/06/2023 23:00,0.0
04/06/2023 23:30,0.0
04/07/2023 00:00,0.0
04/07/2023 00:30,0.0
04/07/2023 01:00,0.0
04/07/2023 01:30,0.0
04/07/2023 02:00,0.0
04/07/2023 02:30,0.0
04/07/2023 03:00,0.0
04/07/2023 03:30,0.0
04/07/2023 04:00,0.0
04/07/2023 04:30,0.0
04/07/2023 05:00,0.0
04/07/2023 05:30,0.0
04/07/2023 06:00,0.0
04/07/2023 06:30,0.0
04/07/2023 07:00,0.0
04/07/2023 07:30,0.0
04/07/2023 08:00,0.0
04/07/2023 08:30,0.0
04/07/2023 09:00,0.0
04/07/2023 09:30,0.0
04/07/2023 10:00,0.0
04/07/2023 10:30,0.0
04/07/2023 11:00,0.0
04/07/2023 11:30,0.0
04/07/2023 12:00,0.0
04/07/2023 12:30,0.0
04/07/2023 13:00,0.0
04/07/2023 13:30,0.0
04/07/2023 14:00,0.0
04/07/2023 14:30,0.0
04/07/2023 15:00,0.0
04/07/2023 15:30,0.0
04/07/2023 16:00,0.0
04/07/2023 16:30,0.0
04/07/2023 17:00,0.0
04/07/2023 17:30,0.0
04/07/2023 18:00,0.0
04/07/2023 18:30,0.0
04/07/2023 19:00,0.0
04/07/2023 19:30,0.0
04/07/2023 20:00,0.0
04/07/2023 20:30,0.0
04/07/2023 21:00,0.0
04/07/2023 21:30,0.0
04/07/2023 22:00,0.0
04/07/2023 22:30,0.0
04/07/2023 23:00,0.0
04/07/2023 23:30,0.0
04/08/2023 00:00,0.0
04/08/2023 00:30,0.0
04/08/2023 01:00,0.0
04/08/2023 01:30,0.0
04/08/2023 02:00,0.0
04/08/2023 02:30,0.0
04/08/2023 03:00,0.0
04/08/2023 03:30,0.0
04/08/2023 04:00,0.0
04/08/2023 04:30,0.0
04/08/2023 05:00,0.0
04/08/2023 05:30,0.0
04/08/2023 06:00,0.0
04/08/2023 06:30,0.0
04/08/2023 07:00,0.0
04/08/2023 07:30,0.0
04/08/2023 08:00,0.0
04/08/2023 08:30,0.0
04/08/2023 09:00,0.0
04/08/2023 09:30,0.0
04/08/2023 10:00,0.0
04/08/2023 10:30,0.0
04/08/2023 11:00,0.0
04/08/2023 11:30,0.0
04/08/2023 12:00,0.0
04/08/2023 12:30,0.0
04/08/2023 13:00,0.0
04/08/2023 13:30,0.0
04/08/2023 14:00,0.0
04/08/2023 14:30,0.0
04/08/2023 15:00,0.0
04/08/2023 15:30,0.0
04/08/2023 16:00,0.0
04/08/2023 16:30,0.0
04/08/2023 17:00,0.0
04/08/2023 17:30,0.0
04/08/2023 18:00,0.0
04/08/2023 18:30,0.0
04/08/2023 19:00,0.0
04/08/2023 19:30,0.0
04/08/2023 20:00,0.0
04/08/2023 20:30,0.0
04/08/2023 21:00,0.0
04/08/2023 21:30,0.0
04/08/2023 22:00,0.0
04/08/2023 22:30,0.0
04/08/2023 23:00,0.0
04/08/2023 23:30,0.0
04/09/2023 00:00,0.0
04/09/2023 00:30,0.0
04/09/2023 01:00,0.0
04/09/2023 01:30,0.0
04/09/2023 02:00,0.0
04/09/2023 02:30,0.0
04/09/2023 03:00,0.0
04/09/2023 03:30,0.0
04/09/2023 04:00,0.0
04/09/2023 04:30,0.0
04/09/2023 05:00,0.0
04/09/2023 05:30,0.0
04/09/2023 06:00,0.0
04/09/2023 06:30,0.0
04/09/2023 07:00,0.0
04/09/2023 07:30,0.0
04/09/2023 08:00,0.0
04/09/2023 08:30,0.0
04/09/2023 09:00,0.0
04/09/2023 09:30,0.0
04/09/2023 10:00,0.0
04/09/2023 10:30,0.0
04/09/2023 11:00,0.0
04/09/2023 11:30,0.0
04/09/2023 12:00,0.0
04/09/2023 12:30,0.0
04/09/2023 13:00,0.0
04/09/2023 13:30,0.0
04/09/2023 14:00,0.0
04/09/2023 14:30,0.0
04/09/2023 15:00,0.0
04/09/2023 15:30,0.0
04/09/2023 16:00,0.0
04/09/2023 16:30,0.0
04/09/2023 17:00,0.0
04/09/2023 17:30,0.0
04/09/2023 18:00,0.0
04/09/2023 18:30,0.0
04/09/2023 19:00,0.0
04/09/2023 19:30,0.0
04/09/2023 20:00,0.0
04/09/2023 20:30,0.0
04/09/2023 21:00,0.0
04/09/2023 21:30,0.0
04/09/2023 22:00,0.0
04/09/2023 22:30,0.0
04/09/2023 23:00,0.0
04/09/2023 23:30,0.0
04/10/2023 00:00,0.0
04/10/2023 00:30,0.0
04/10/2023 01:00,0.0
04/10/2023 01:30,0.0
04/10/2023 02:00,0.0
04/10/2023 02:30,0.0
04/10/2023 03:00,0.0
04/10/2023 03:30,0.0
04/10/2023 04:00,0.0
04/10/2023 04:30,0.0
04/10/2023 05:00,0.0
04/10/2023 05:30,0.0
04/10/2023 06:00,0.0
04/10/2023 06:30,0.0
04/10/2023 07:00,0.0
04/10/2023 07:30,0.0
04/10/2023 08:00,0.0
04/10/2023 08:30,0.0
04/10/2023 09:00,0.0
04/10/2023 09:30,0.0
04/10/2023 10:00,0.0
04/10/2023 10:30,0.0
04/10/2023 11:00,0.0
04/10/2023 11:30,0.0
04/10/2023 12:00,0.0
04/10/2023 12:30,0.0
04/10/2023 13:00,0.0
04/10/2023 13:30,0.0
04/10/2023 14:00,0.0
04/10/2023 14:30,0.0
04/10/2023 15:00,0.0
04/10/2023 15:30,0.0
04/10/2023 16:00,0.0
04/10/2023 16:30,0.0
04/10/2023 17:00,0.0
04/10/2023 17:30,0.0
04/10/2023 18:00,0.0
04/10/2023 18:30,0.0
04/10/2023 19:00,0.0
04/10/2023 19:30,0.0
04/10/2023 20:00,0.0
04/10/2023 20:30,0.0
04/10/2023 21:00,0.0
04/10/2023 21:30,0.0
04/10/2023 22:00,0.0
04/10/2023 22:30,0.0
04/10/2023 23:00,0.0
04/10/2023 23:30,0.0
04/11/2023 00:00,0.0
04/11/2023 00:30,0.0
04/11/2023 01:00,0.0
04/11/2023 01:30,0.0
04/11/2023 02:00,0.0
04/11/2023 02:30,0.0
04/11/2023 03:00,0.0
04/11/2023 03:30,0.0
04/11/2023 04:00,0.0
04/11/2023 04:30,0.0
04/11/2023 05:00,0.0
04/11/2023 05:30,0.0
04/11/2023 06:00,0.0
04/11/2023 06:30,0.0
04/11/2023 07:00,0.0
04/11/2023 07:30,0.0
04/11/2023 08:00,0.0
04/11/2023 08:30,0.0
04/11/2023 09:00,0.0
04/11/2023 09:30,0.0
04/11/2023 10:00,0.0
04/11/2023 10:30,0.0
04/11/2023 11:00,0.0
04/11/2023 11:30,0.0
04/11/2023 12:00,0.0
04/11/2023 12:30,0.0
04/11/2023 13:00,0.0
04/11/2023 13:30,0.0
04/11/2023 14:00,0.0
04/11/2023 14:30,0.0
04/11/2023 15:00,0.0
04/11/2023 15:30,0.0
04/11/2023 16:00,0.0
04/11/2023 16:30,0.0
04/11/2023 17:00,0.0
04/11/2023 17:30,0.0
04/11/2023 18:00,0.0
04/11/2023 18:30,0.0
04/11/2023 19:00,0.0
04/11/2023 19:30,0.0
04/11/2023 20:00,0.0
04/11/2023 20:30,0.0
04/11/2023 21:00,0.0
04/11/2023 21:30,0.0
04/11/2023 22:00,0.0
04/11/2023 22:30,0.0
04/11/2023 23:00,0.0
04/11/2023 23:30,0.0
04/12/2023 00:00,0.0
04/12/2023 00:30,0.0
04/12/2023 01:00,0.0
04/12/2023 01:30,0.0
04/12/2023 02:00,0.0
04/12/2023 02:30,0.0
04/12/2023 03:00,0.0
04/12/2023 03:30,0.0
04/12/2023 04:00,0.0
04/12/2023 04:30,0.0
04/12/2023 05:00,0.0
04/12/2023 05:30,0.0
04/12/2023 06:00,0.0
04/12/2023 06:30,0.0
04/12/2023 07:00,0.0
04/12/2023 07:30,0.0
04/12/2023 08:00,0.0
04/12/2023 08:30,0.0
04/12/2023 09:00,0.0
04/12/2023 09:30,0.0
04/12/2023 10:00,0.0
04/12/2023 10:30,0.0
04/12/2023 11:00,0.0
04/12/2023 11:30,0.0
04/12/2023 12:00,0.0
04/12/2023 12:30,0.0
04/12/2023 13:00,0.0
04/12/2023 13:30,0.0
04/12/2023 14:00,0.0
04/12/2023 14:30,0.0
04/12/2023 15:00,0.0
04/12/2023 15:30,0.0
04/12/2023 16:00,0.0
04/12/2023 16:30,0.0
04/12/2023 17:00,0.0
04/12/2023 17:30,0.0
04/12/2023 18:00,0.0
04/12/2023 18:30,0.0
04/12/2023 19:00,0.0
04/12/2023 19:30,0.0
04/12/2023 20:00,0.0
04/12/2023 20:30,0.0
04/12/2023 21:00,0.0
04/12/2023 21:30,0.0
04/12/2023 22:00,0.0
04/12/2023 22:30,0.0
04/12/2023 23:00,0.0
04/12/2023 23:30,0.0
04/13/2023 00:00,0.0
04/13/2023 00:30,0.0
04/13/2023 01:00,0.0
04/13/2023 01:30,0.0
04/13/2023 02:00,0.0
04/13/2023 02:30,0.0
04/13/2023 03:00,0.0
04/13/2023 03:30,0.0
04/13/2023 04:00,0.0
04/13/2023 04:30,0.0
04/13/2023 05:00,0.0
04/13/2023 05:30,0.0
04/13/2023 06:00,0.0
04/13/2023 06:30,0.0
04/13/2023 07:00,0.0
04/13/2023 07:30,0.0
04/13/2023 08:00,0.0
04/13/2023 08:30,0.0
04/13/2023 09:00,0.0
04/13/2023 09:30,0.0
04/13/2023 10:00,0.0
04/13/2023 10:30,0.0
04/13/2023 11:00,0.0
04/13/2023 11:30,0.0
04/13/2023 12:00,0.0
04/13/2023 12:30,0.0
04/13/2023 13:00,0.0
04/13/2023 13:30,0.0
04/13/2023 14:00,0.0
04/13/2023 14:30,0.0
04/13/2023 15:00,0.0
04/13/2023 15:30,0.0
04/13/2023 16:00,0.0
04/13/2023 16:30,0.0
04/13/2023 17:00,0.0
04/13/2023 17:30,0.0
04/13/2023 18:00,0.0
04/13/2023 18:30,0.0
04/13/2023 19:00,0.0
04/13/2023 19:30,0.0
04/13/2023 20:00,0.0
04/13/2023 20:30,0.0
04/13/2023 21:00,0.0
04/13/2023 21:30,0.0
04/13/2023 22:00,0.0
04/13/2023 22:30,0.0
04/13/2023 23:00,0.0
04/13/2023 23:30,0.0
04/14/2023 00:00,0.0
04/14/2023 00:30,0.0
04/14/2023 01:00,0.0
04/14/2023 01:30,0.0
04/14/2023 02:00,0.0
04/14/2023 02:30,0.0
04/14/2023 03:00,0.0
04/14/2023 03:30,0.0
04/14/2023 04:00,0.0
04/14/2023 04:30,0.0
04/14/2023 05:00,0.0
04/14/2023 05:30,0.0
04/14/2023 06:00,0.0
04/14/2023 06:30,0.0
04/14/2023 07:00,0.0
04/14/2023 07:30,0.0
04/14/2023 08:00,0.0
04/14/2023 08:30,0.0
04/14/2023 09:00,0.0
04/14/2023 09:30,0.0
04/14/2023 10:00,0.0
04/14/2023 10:30,0.0
04/14/2023 11:00,0.0
04/14/2023 11:30,0.0
04/14/2023 12:00,0.0
04/14/2023 12:30,0.0
04/14/2023 13:00,0.0
04/14/2023 13:30,0.0
04/14/2023 14:00,0.0
04/14/2023 14:30,0.0
04/14/2023 15:00,0.0
04/14/2023 15:30,0.0
04/14/2023 16:00,0.0
04/14/2023 16:30,0.0
04/14/2023 17:00,0.0
04/14/2023 17:30,0.0
04/14/2023 18:00,0.0
04/14/2023 18:30,0.0
04/14/2023 19:00,0.0
04/14/2023 19:30,0.0
04/14/2023 20:00,0.0
04/14/2023 20:30,0.0
04/14/2023 21:00,0.0
04/14/2023 21:30,0.0
04/14/2023 22:00,0.0
04/14/2023 22:30,0.0
04/14/2023 23:00,0.0
04/14/2023 23:30,0.0
04/15/2023 00:00,0.0
04/15/2023 00:30,0.0
04/15/2023 01:00,0.0
04/15/2023 01:30,0.0
04/15/2023 02:00,0.0
04/15/2023 02:30,0.0
04/15/2023 03:00,0.0
04/15/2023 03:30,0.0
04/15/2023 04:00,0.0
04/15/2023 04:30,0.0
04/15/2023 05:00,0.0
04/15/2023 05:30,0.0
04/15/2023 06:00,0.0
04/15/2023 06:30,0.0
04/15/2023 07:00,0.0
04/15/2023 07:30,0.0
04/15/2023 08:00,0.0
04/15/2023 08:30,0.0
04/15/2023 09:00,0.0
04/15/2023 09:30,0.0
04/15/2023 10:00,0.0
04/15/2023 10:30,0.0
04/15/2023 11:00,0.0
04/15/2023 11:30,0.0
04/15/2023 12:00,0.0
04/15/2023 12:30,0.0
04/15/2023 13:00,0.0
04/15/2023 13:30,0.0
04/15/2023 14:00,0.0
04/15/2023 14:30,0.0
04/15/2023 15:00,0.0
04/15/2023 15:30,0.0
04/15/2023 16:00,0.0
04/15/2023 16:30,0.0
04/15/2023 17:00,0.0
04/15/2023 17:30,0.0
04/15/2023 18:00,0.0
04/15/2023 18:30,0.0
04/15/2023 19:00,0.0
04/15/2023 19:30,0.0
04/15/2023 20:00,0.0
04/15/2023 20:30,0.0
04/15/2023 21:00,0.0
04/15/2023 21:30,0.0
04/15/2023 22:00,0.0
04/15/2023 22:30,0.0
04/15/2023 23:00,0.0
04/15/2023 23:30,0.0
04/16/2023 00:00,0.0
04/16/2023 00:30,0.0
04/16/2023 01:00,0.0
04/16/2023 01:30,0.0
04/16/2023 02:00,0.0
04/16/2023 02:30,0.0
04/16/2023 03:00,0.0
04/16/2023 03:30,0.0
04/16/2023 04:00,0.0
04/16/2023 04:30,0.0
04/16/2023 05:00,0.0
04/16/2023 05:30,0.0
04/16/2023 06:00,0.0
04/16/2023 06:30,0.0
04/16/2023 07:00,0.0
04/16/2023 07:30,0.0
04/16/2023 08:00,0.0
04/16/2023 08:30,0.0
04/16/2023 09:00,0.0
04/16/2023 09:30,0.0
04/16/2023 10:00,0.0
04/16/2023 10:30,0.0
04/16/2023 11:00,0.0
04/16/2023 11:30,0.0
04/16/2023 12:00,0.0
04/16/2023 12:30,0.0
04/16/2023 13:00,0.0
04/16/2023 13:30,0.0
04/16/2023 14:00,0.0
04/16/2023 14:30,0.0
04/16/2023 15:00,0.0
04/16/2023 15:30,0.0
04/16/2023 16:00,0.0
04/16/2023 16:30,0.0
04/16/2023 17:00,0.0
04/16/2023 17:30,0.0
04/16/2023 18:00,0.0
04/16/2023 18:30,0.0
04/16/2023 19:00,0.0
04/16/2023 19:30,0.0
04/16/2023 20:00,0.0
04/16/2023 20:30,0.0
04/16/2023 21:00,0.0
04/16/2023 21:30,0.0
04/16/2023 22:00,0.0
04/16/2023 22:30,0.0
04/16/2023 23:00,0.0
04/16/2023 23:30,0.0
04/17/2023 00:00,0.0
04/17/2023 00:30,0.0
04/17/2023 01:00,0.0
04/17/2023 01:30,0.0
04/17/2023 02:00,0.0
04/17/2023 02:30,0.0
04/17/2023 03:00,0.0
04/17/2023 03:30,0.0
04/17/2023 04:00,0.0
04/17/2023 04:30,0.0
04/17/2023 05:00,0.0
04/17/2023 05:30,0.0
04/17/2023 06:00,0.0
04/17/2023 06:30,0.0
04/17/2023 07:00,0.0
04/17/2023 07:30,0.0
04/17/2023 08:00,0.0
04/17/2023 08:30,0.0
04/17/2023 09:00,0.0
04/17/2023 09:30,0.0
04/17/2023 10:00,0.0
04/17/2023 10:30,0.0
04/17/2023 11:00,0.0
04/17/2023 11:30,0.0
04/17/2023 12:00,0.0
04/17/2023 12:30,0.0
04/17/2023 13:00,0.0
04/17/2023 13:30,0.0
04/17/2023 14:00,0.0
04/17/2023 14:30,0.0
04/17/2023 15:00,0.0
04/17/2023 15:30,0.0
04/17/2023 16:00,0.0
04/17/2023 16:30,0.0
04/17/2023 17:00,0.0
04/17/2023 17:30,0.0
04/17/2023 18:00,0.0
04/17/2023 18:30,0.0
04/17/2023 19:00,0.0
04/17/2023 19:30,0.0
04/17/2023 20:00,0.0
04/17/2023 20:30,0.0
04/17/2023 21:00,0.0
04/17/2023 21:30,0.0
04/17/2023 22:00,0.0
04/17/2023 22:30,0.0
04/17/2023 23:00,0.0
04/17/2023 23:30,0.0
04/18/2023 00:00,0.0
04/18/2023 00:30,0.0
04/18/2023 01:00,0.0
04/18/2023 01:30,0.0
04/18/2023 02:00,0.0
04/18/2023 02:30,0.0
04/18/2023 03:00,0.0
04/18/2023 03:30,0.0
04/18/2023 04:00,0.0
04/18/2023 04:30,0.0
04/18/2023 05:00,0.0
04/18/2023 05:30,0.0
04/18/2023 06:00,0.0
04/18/2023 06:30,0.0
04/18/2023 07:00,0.0
04/18/2023 07:30,0.0
04/18/2023 08:00,0.0
04/18/2023 08:30,0.0
04/18/2023 09:00,0.0
04/18/2023 09:30,0.0
04/18/2023 10:00,0.0
04/18/2023 10:30,0.0
04/18/2023 11:00,0.0
04/18/2023 11:30,0.0
04/18/2023 12:00,0.0
04/18/2023 12:30,0.0
04/18/2023 13:00,0.0
04/18/2023 13:30,0.0
04/18/2023 14:00,0.0
04/18/2023 14:30,0.0
04/18/2023 15:00,0.0
04/18/2023 15:30,0.0
04/18/2023 16:00,0.0
04/18/2023 16:30,0.0
04/18/2023 17:00,0.0
04/18/2023 17:30,0.0
04/18/2023 18:00,0.0
04/18/2023 18:30,0.0
04/18/2023 19:00,0.0
04/18/2023 19:30,0.0
04/18/2023 20:00,0.0
04/18/2023 20:30,0.0
04/18/2023 21:00,0.0
04/18/2023 21:30,0.0
04/18/2023 22:00,0.0
04/18/2023 22:30,0.0
04/18/2023 23:00,0.0
04/18/2023 23:30,0.0
04/19/2023 00:00,0.0
04/19/2023 00:30,0.0
04/19/2023 01:00,0.0
04/19/2023 01:30,0.0
04/19/2023 02:00,0.0
04/19/2023 02:30,0.0
04/19/2023 03:00,0.0
04/19/2023 03:30,0.0
04/19/2023 04:00,0.0
04/19/2023 04:30,0.0
04/19/2023 05:00,0.0
04/19/2023 05:30,0.0
04/19/2023 06:00,0.0
04/19/2023 06:30,0.0
04/19/2023 07:00,0.0
04/19/2023 07:30,0.0
04/19/2023 08:00,0.0
04/19/2023 08:30,0.0
04/19/2023 09:00,0.0
04/19/2023 09:30,0.0
04/19/2023 10:00,0.0
04/19/2023 10:30,0.0
04/19/2023 11:00,0.0
04/19/2023 11:30,0.0
04/19/2023 12:00,0.0
04/19/2023 12:30,0.0
04/19/2023 13:00,0.0
04/19/2023 13:30,0.0
04/19/2023 14:00,0.0
04/19/2023 14:30,0.0
04/19/2023 15:00,0.0
04/19/2023 15:30,0.0
04/19/2023 16:00,0.0
04/19/2023 16:30,0.0
04/19/2023 17:00,0.0
04/19/2023 17:30,0.0
04/19/2023 18:00,0.0
04/19/2023 18:30,0.0
04/19/2023 19:00,0.0
04/19/2023 19:30,0.0
04/19/2023 20:00,0.0
04/19/2023 20:30,0.0
04/19/2023 21:00,0.0
04/19/2023 21:30,0.0
04/19/2023 22:00,0.0
04/19/2023 22:30,0.0
04/19/2023 23:00,0.0
04/19/2023 23:30,0.0
04/20/2023 00:00,0.0
04/20/2023 00:30,0.0
04/20/2023 01:00,0.0
04/20/2023 01:30,0.0
04/20/2023 02:00,0.0
04/20/2023 02:30,0.0
04/20/2023 03:00,0.0
04/20/2023 03:30,0.0
04/20/2023 04:00,0.0
04/20/2023 04:30,0.0
04/20/2023 05:00,0.0
04/20/2023 05:30,0.0
04/20/2023 06:00,0.0
04/20/2023 06:30,0.0
04/20/2023 07:00,0.0
04/20/2023 07:30,0.0
04/20/2023 08:00,0.0
04/20/2023 08:30,0.0
04/20/2023 09:00,0.0
04/20/2023 09:30,0.0
04/20/2023 10:00,0.0
04/20/2023 10:30,0.0
04/20/2023 11:00,0.0
04/20/2023 11:30,0.0
04/20/2023 12:00,0.0
04/20/2023 12:30,0.0
04/20/2023 13:00,0.0
04/20/2023 13:30,0.0
04/20/2023 14:00,0.0
04/20/2023 14:30,0.0
04/20/2023 15:00,0.0
04/20/2023 15:30,0.0
04/20/2023 16:00,0.0
04/20/2023 16:30,0.0
04/20/2023 17:00,0.0
04/20/2023 17:30,0.0
04/20/2023 18:00,0.0
04/20/2023 18:30,0.0
04/20/2023 19:00,0.0
04/20/2023 19:30,0.0
04/20/2023 20:00,0.0
04/20/2023 20:30,0.0
04/20/2023 21:00,0.0
04/20/2023 21:30,0.0
04/20/2023 22:00,0.0
04/20/2023 22:30,0.0
04/20/2023 23:00,0.0
04/20/2023 23:30,0.0
04/21/2023 00:00,0.0
04/21/2023 00:30,0.0
04/21/2023 01:00,0.0
04/21/2023 01:30,0.0
04/21/2023 02:00,0.0
04/21/2023 02:30,0.0
04/21/2023 03:00,0.0
04/21/2023 03:30,0.0
04/21/2023 04:00,0.0
04/21/2023 04:30,0.0
04/21/2023 05:00,0.0
04/21/2023 05:30,0.0
04/21/2023 06:00,0.0
04/21/2023 06:30,0.0
04/21/2023 07:00,0.0
04/21/2023 07:30,0.0
04/21/2023 08:00,0.0
04/21/2023 08:30,0.0
04/21/2023 09:00,0.0
04/21/2023 09:30,0.0
04/21/2023 10:00,0.0
04/21/2023 10:30,0.0
04/21/2023 11:00,0.0
04/21/2023 11:30,0.0
04/21/2023 12:00,0.0
04/21/2023 12:30,0.0
04/21/2023 13:00,0.0
04/21/2023 13:30,0.0
04/21/2023 14:00,0.0
04/21/2023 14:30,0.0
04/21/2023 15:00,0.0
04/21/2023 15:30,0.0
04/21/2023 16:00,0.0
04/21/2023 16:30,0.0
04/21/2023 17:00,0.0
04/21/2023 17:30,0.0
04/21/2023 18:00,0.0
04/21/2023 18:30,0.0
04/21/2023 19:00,0.0
04/21/2023 19:30,0.0
04/21/2023 20:00,0.0
04/21/2023 20:30,0.0
04/21/2023 21:00,0.0
04/21/2023 21:30,0.0
04/21/2023 22:00,0.0
04/21/2023 22:30,0.0
04/21/2023 23:00,0.0
04/21/2023 23:30,0.0
04/22/2023 00:00,0.0
04/22/2023 00:30,0.0
04/22/2023 01:00,0.0
04/22/2023 01:30,0.0
04/22/2023 02:00,0.0
04/22/2023 02:30,0.0
04/22/2023 03:00,0.0
04/22/2023 03:30,0.0
04/22/2023 04:00,0.0
04/22/2023 04:30,0.0
04/22/2023 05:00,0.0
04/22/2023 05:30,0.0
04/22/2023 06:00,0.0
04/22/2023 06:30,0.0
04/22/2023 07:00,0.0
04/22/2023 07:30,0.0
04/22/2023 08:00,0.0
04/22/2023 08:30,0.0
04/22/2023 09:00,0.0
04/22/2023 09:30,0.0
04/22/2023 10:00,0.0
04/22/2023 10:30,0.0
04/22/2023 11:00,0.0
04/22/2023 11:30,0.0
04/22/2023 12:00,0.0
04/22/2023 12:30,0.0
04/22/2023 13:00,0.0
04/22/2023 13:30,0.0
04/22/2023 14:00,0.0
04/22/2023 14:30,0.0
04/22/2023 15:00,0.0
04/22/2023 15:30,0.0
04/22/2023 16:00,0.0
04/22/2023 16:30,0.0
04/22/2023 17:00,0.0
04/22/2023 17:30,0.0
04/22/2023 18:00,0.0
04/22/2023 18:30,0.0
04/22/2023 19:00,0.0
04/22/2023 19:30,0.0
04/22/2023 20:00,0.0
04/22/2023 20:30,0.0
04/22/2023 21:00,0.0
04/22/2023 21:30,0.0
04/22/2023 22:00,0.0
04/22/2023 22:30,0.0
04/22/2023 23:00,0.0
04/22/2023 23:30,0.0
04/23/2023 00:00,0.0
04/23/2023 00:30,0.0
04/23/2023 01:00,0.0
04/23/2023 01:30,0.0
04/23/2023 02:00,0.0
04/23/2023 02:30,0.0
04/23/2023 03:00,0.0
04/23/2023 03:30,0.0
04/23/2023 04:00,0.0
04/23/2023 04:30,0.0
04/23/2023 05:00,0.0
04/23/2023 05:30,0.0
04/23/2023 06:00,0.0
04/23/2023 06:30,0.0
04/23/2023 07:00,0.0
04/23/2023 07:30,0.0
04/23/2023 08:00,0.0
04/23/2023 08:30,0.0
04/23/2023 09:00,0.0
04/23/2023 09:30,0.0
04/23/2023 10:00,0.0
04/23/2023 10:30,0.0
04/23/2023 11:00,0.0
04/23/2023 11:30,0.0
04/23/2023 12:00,0.0
04/23/2023 12:30,0.0
04/23/2023 13:00,0.0
04/23/2023 13:30,0.0
04/23/2023 14:00,0.0
04/23/2023 14:30,0.0
04/23/2023 15:00,0.0
04/23/2023 15:30,0.0
04/23/2023 16:00,0.0
04/23/2023 16:30,0.0
04/23/2023 17:00,0.0
04/23/2023 17:30,0.0
04/23/2023 18:00,0.0
04/23/2023 18:30,0.0
04/23/2023 19:00,0.0
04/23/2023 19:30,0.0
04/23/2023 20:00,0.0
04/23/2023 20:30,0.0
04/23/2023 21:00,0.0
04/23/2023 21:30,0.0
04/23/2023 22:00,0.0
04/23/2023 22:30,0.0
04/23/2023 23:00,0.0
04/23/2023 23:30,0.0
04/24/2023 00:00,0.0
04/24/2023 00:30,0.0
04/24/2023 01:00,0.0
04/24/2023 01:30,0.0
04/24/2023 02:00,0.0
04/24/2023 02:30,0.0
04/24/2023 03:00,0.0
04/24/2023 03:30,0.0
04/24/2023 04:00,0.0
04/24/2023 04:30,0.0
04/24/2023 05:00,0.0
04/24/2023 05:30,0.0
04/24/2023 06:00,0.0
04/24/2023 06:30,0.0
04/24/2023 07:00,0.0
04/24/2023 07:30,0.0
04/24/2023 08:00,0.0
04/24/2023 08:30,0.0
04/24/2023 09:00,0.0
04/24/2023 09:30,0.0
04/24/2023 10:00,0.0
04/24/2023 10:30,0.0
04/24/2023 11:00,0.0
04/24/2023 11:30,0.0
04/24/2023 12:00,0.0
04/24/2023 12:30,0.0
04/24/2023 13:00,0.0
04/24/2023 13:30,0.0
04/24/2023 14:00,0.0
04/24/2023 14:30,0.0
04/24/2023 15:00,0.0
04/24/2023 15:30,0.0
04/24/2023 16:00,0.0
04/24/2023 16:30,0.0
04/24/2023 17:00,0.0
04/24/2023 17:30,0.0
04/24/2023 18:00,0.0
04/24/2023 18:30,0.0
04/24/2023 19:00,0.0
04/24/2023 19:30,0.0
04/24/2023 20:00,0.0
04/24/2023 20:30,0.0
04/24/2023 21:00,0.0
04/24/2023 21:30,0.0
04/24/2023 22:00,0.0
04/24/2023 22:30,0.0
04/24/2023 23:00,0.0
04/24/2023 23:30,0.0
04/25/2023 00:00,0.0
04/25/2023 00:30,0.0
04/25/2023 01:00,0.0
04/25/2023 01:30,0.0
04/25/2023 02:00,0.0
04/25/2023 02:30,0.0
04/25/2023 03:00,0.0
04/25/2023 03:30,0.0
04/25/2023 04:00,0.0
04/25/2023 04:30,0.0
04/25/2023 05:00,0.0
04/25/2023 05:30,0.0
04/25/2023 06:00,0.0
04/25/2023 06:30,0.0
04/25/2023 07:00,0.0
04/25/2023 07:30,0.0
04/25/2023 08:00,0.0
04/25/2023 08:30,0.0
04/25/2023 09:00,0.0
04/25/2023 09:30,0.0
04/25/2023 10:00,0.0
04/25/2023 10:30,0.0
04/25/2023 11:00,0.0
04/25/2023 11:30,0.0
04/25/2023 12:00,0.0
04/25/2023 12:30,0.0
04/25/2023 13:00,0.0
04/25/2023 13:30,0.0
04/25/2023 14:00,0.0
04/25/2023 14:30,0.0
04/25/2023 15:00,0.0
04/25/2023 15:30,0.0
04/25/2023 16:00,0.0
04/25/2023 16:30,0.0
04/25/2023 17:00,0.0
04/25/2023 17:30,0.0
04/25/2023 18:00,0.0
04/25/2023 18:30,0.0
04/25/2023 19:00,0.0
04/25/2023 19:30,0.0
04/25/2023 20:00,0.0
04/25/2023 20:30,0.0
04/25/2023 21:00,0.0
04/25/2023 21:30,0.0
04/25/2023 22:00,0.0
04/25/2023 22:30,0.0
04/25/2023 23:00,0.0
04/25/2023 23:30,0.0
04/26/2023 00:00,0.0
04/26/2023 00:30,0.0
04/26/2023 01:00,0.0
04/26/2023 01:30,0.0
04/26/2023 02:00,0.0
04/26/2023 02:30,0.0
04/26/2023 03:00,0.0
04/26/2023 03:30,0.0
04/26/2023 04:00,0.0
04/26/2023 04:30,0.0
04/26/2023 05:00,0.0
04/26/2023 05:30,0.0
04/26/2023 06:00,0.0
04/26/2023 06:30,0.0
04/26/2023 07:00,0.0
04/26/2023 07:30,0.0
04/26/2023 08:00,0.0
04/26/2023 08:30,0.0
04/26/2023 09:00,0.0
04/26/2023 09:30,0.0
04/26/2023 10:00,0.0
04/26/2023 10:30,0.0
04/26/2023 11:00,0.0
04/26/2023 11:30,0.0
04/26/2023 12:00,0.0
04/26/2023 12:30,0.0
04/26/2023 13:00,0.0
04/26/2023 13:30,0.0
04/26/2023 14:00,0.0
04/26/2023 14:30,0.0
04/26/2023 15:00,0.0
04/26/2023 15:30,0.0
04/26/2023 16:00,0.0
04/26/2023 16:30,0.0
04/26/2023 17:00,0.0
04/26/2023 17:30,0.0
04/26/2023 18:00,0.0
04/26/2023 18:30,0.0
04/26/2023 19:00,0.0
04/26/2023 19:30,0.0
04/26/2023 20:00,0.0
04/26/2023 20:30,0.0
04/26/2023 21:00,0.0
04/26/2023 21:30,0.0
04/26/2023 22:00,0.0
04/26/2023 22:30,0.0
04/26/2023 23:00,0.0
04/26/2023 23:30,0.0
04/27/2023 00:00,0.0
04/27/2023 00:30,0.0
04/27/2023 01:00,0.0
04/27/2023 01:30,0.0
04/27/2023 02:00,0.0
04/27/2023 02:30,0.0
04/27/2023 03:00,0.0
04/27/2023 03:30,0.0
04/27/2023 04:00,0.0
04/27/2023 04:30,0.0
04/27/2023 05:00,0.0
04/27/2023 05:30,0.0
04/27/2023 06:00,0.0
04/27/2023 06:30,0.0
04/27/2023 07:00,0.0
04/27/2023 07:30,0.0
04/27/2023 08:00,0.0
04/27/2023 08:30,0.0
04/27/2023 09:00,0.0
04/27/2023 09:30,0.0
04/27/2023 10:00,0.0
04/27/2023 10:30,0.0
04/27/2023 11:00,0.0
04/27/2023 11:30,0.0
04/27/2023 12:00,0.0
04/27/2023 12:30,0.0
04/27/2023 13:00,0.0
04/27/2023 13:30,0.0
04/27/2023 14:00,0.0
04/27/2023 14:30,0.0
04/27/2023 15:00,0.0
04/27/2023 15:30,0.0
04/27/2023 16:00,0.0
04/27/2023 16:30,0.0
04/27/2023 17:00,0.0
04/27/2023 17:30,0.0
04/27/2023 18:00,0.0
04/27/2023 18:30,0.0
04/27/2023 19:00,0.0
04/27/2023 19:30,0.0
04/27/2023 20:00,0.0
04/27/2023 20:30,0.0
04/27/2023 21:00,0.0
04/27/2023 21:30,0.0
04/27/2023 22:00,0.0
04/27/2023 22:30,0.0
04/27/2023 23:00,0.0
04/27/2023 23:30,0.0
04/28/2023 00:00,0.0
04/28/2023 00:30,0.0
04/28/2023 01:00,0.0
04/28/2023 01:30,0.0
04/28/2023 02:00,0.0
04/28/2023 02:30,0.0
04/28/2023 03:00,0.0
04/28/2023 03:30,0.0
04/28/2023 04:00,0.0
04/28/2023 04:30,0.0
04/28/2023 05:00,0.0
04/28/2023 05:30,0.0
04/28/2023 06:00,0.0
04/28/2023 06:30,0.0
04/28/2023 07:00,0.0
04/28/2023 07:30,0.0
04/28/2023 08:00,0.0
04/28/2023 08:30,0.0
04/28/2023 09:00,0.0
04/28/2023 09:30,0.0
04/28/2023 10:00,0.0
04/28/2023 10:30,0.0
04/28/2023 11:00,0.0
04/28/2023 11:30,0.0
04/28/2023 12:00,0.0
04/28/2023 12:30,0.0
04/28/2023 13:00,0.0
04/28/2023 13:30,0.0
04/28/2023 14:00,0.0
04/28/2023 14:30,0.0
04/28/2023 15:00,0.0
04/28/2023 15:30,0.0
04/28/2023 16:00,0.0
04/28/2023 16:30,0.0
04/28/2023 17:00,0.0
04/28/2023 17:30,0.0
04/28/2023 18:00,0.0
04/28/2023 18:30,0.0
04/28/2023 19:00,0.0
04/28/2023 19:30,0.0
04/28/2023 20:00,0.0
04/28/2023 20:30,0.0
04/28/2023 21:00,0.0
04/28/2023 21:30,0.0
04/28/2023 22:00,0.0
04/28/2023 22:30,0.0
04/28/2023 23:00,0.0
04/28/2023 23:30,0.0
04/29/2023 00:00,0.0
04/29/2023 00:30,0.0
04/29/2023 01:00,0.0
04/29/2023 01:30,0.0
04/29/2023 02:00,0.0
04/29/2023 02:30,0.0
04/29/2023 03:00,0.0
04/29/2023 03:30,0.0
04/29/2023 04:00,0.0
04/29/2023 04:30,0.0
04/29/2023 05:00,0.0
04/29/2023 05:30,0.0
04/29/2023 06:00,0.0
04/29/2023 06:30,0.0
04/29/2023 07:00,0.0
04/29/2023 07:30,0.0
04/29/2023 08:00,0.0
04/29/2023 08:30,0.0
04/29/2023 09:00,0.0
04/29/2023 09:30,0.0
04/29/2023 10:00,0.0
04/29/2023 10:30,0.0
04/29/2023 11:00,0.0
04/29/2023 11:30,0.0
04/29/2023 12:00,0.0
04/29/2023 12:30,0.0
04/29/2023 13:00,0.0
04/29/2023 13:30,0.0
04/29/2023 14:00,0.0
04/29/2023 14:30,0.0
04/29/2023 15:00,0.0
04/29/2023 15:30,0.0
04/29/2023 16:00,0.0
04/29/2023 16:30,0.0
04/29/2023 17:00,0.0
04/29/2023 17:30,0.0
04/29/2023 18:00,0.0
04/29/2023 18:30,0.0
04/29/2023 19:00,0.0
04/29/2023 19:30,0.0
04/29/2023 20:00,0.0
04/29/2023 20:30,0.0
04/29/2023 21:00,0.0
04/29/2023 21:30,0.0
04/29/2023 22:00,0.0
04/29/2023 22:30,0.0
04/29/2023 23:00,0.0
04/29/2023 23:30,0.0
04/30/2023 00:00,0.0
04/30/2023 00:30,0.0
04/30/2023 01:00,0.0
04/30/2023 01:30,0.0
04/30/2023 02:00,0.0
04/30/2023 02:30,0.0
04/30/2023 03:00,0.0
04/30/2023 03:30,0.0
04/30/2023 04:00,0.0
04/30/2023 04:30,0.0
04/30/2023 05:00,0.0
04/30/2023 05:30,0.0
04/30/2023 06:00,0.0
04/30/2023 06:30,0.0
04/30/2023 07:00,0.0
04/30/2023 07:30,0.0
04/30/2023 08:00,0.0
04/30/2023 08:30,0.0
04/30/2023 09:00,0.0
04/30/2023 09:30,0.0
04/30/2023 10:00,0.0
04/30/2023 10:30,0.0
04/30/2023 11:00,0.0
04/30/2023 11:30,0.0
04/30/2023 12:00,0.0
04/30/2023 12:30,0.0
04/30/2023 13:00,0.0
04/30/2023 13:30,0.0
04/30/2023 14:00,0.0
04/30/2023 14:30,0.0
04/30/2023 15:00,0.0
04/30/2023 15:30,0.0
04/30/2023 16:00,0.0
04/30/2023 16:30,0.0
04/30/2023 17:00,0.0
04/30/2023 17:30,0.0
04/30/2023 18:00,0.0
04/30/2023 18:30,0.0
04/30/2023 19:00,0.0
04/30/2023 19:30,0.0
04/30/2023 20:00,0.0
04/30/2023 20:30,0.0
04/30/2023 21:00,0.0
04/30/2023 21:30,0.0
04/30/2023 22:00,0.0
04/30/2023 22:30,0.0
04/30/2023 23:00,0.0
04/30/2023 23:30,0.0
05/01/2023 00:00,0.0
05/01/2023 00:30,0.0
05/01/2023 01:00,0.0
05/01/2023 01:30,0.0
05/01/2023 02:00,0.0
05/01/2023 02:30,0.0
05/01/2023 03:00,0.0
05/01/2023 03:30,0.0
05/01/2023 04:00,0.0
05/01/2023 04:30,0.0
05/01/2023 05:00,0.0
05/01/2023 05:30,0.0
05/01/2023 06:00,0.0
05/01/2023 06:30,0.0
05/01/2023 07:00,0.0
05/01/2023 07:30,0.0
05/01/2023 08:00,0.0
05/01/2023 08:30,0.0
05/01/2023 09:00,0.0
05/01/2023 09:30,0.0
05/01/2023 10:00,0.0
05/01/2023 10:30,0.0
05/01/2023 11:00,0.0
05/01/2023 11:30,0.0
05/01/2023 12:00,0.0
05/01/2023 12:30,0.0
05/01/2023 13:00,0.0
05/01/2023 13:30,0.0
05/01/2023 14:00,0.0
05/01/2023 14:30,0.0
05/01/2023 15:00,0.0
05/01/2023 15:30,0.0
05/01/2023 16:00,0.0
05/01/2023 16:30,0.0
05/01/2023 17:00,0.0
05/01/2023 17:30,0.0
05/01/2023 18:00,0.0
05/01/2023 18:30,0.0
05/01/2023 19:00,0.0
05/01/2023 19:30,0.0
05/01/2023 20:00,0.0
05/01/2023 20:30,0.0
05/01/2023 21:00,0.0
05/01/2023 21:30,0.0
05/01/2023 22:00,0.0
05/01/2023 22:30,0.0
05/01/2023 23:00,0.0
05/01/2023 23:30,0.0
05/02/2023 00:00,0.0
05/02/2023 00:30,0.0
05/02/2023 01:00,0.0
05/02/2023 01:30,0.0
05/02/2023 02:00,0.0
05/02/2023 02:30,0.0
05/02/2023 03:00,0.0
05/02/2023 03:30,0.0
05/02/2023 04:00,0.0
05/02/2023 04:30,0.0
05/02/2023 05:00,0.0
05/02/2023 05:30,0.0
05/02/2023 06:00,0.0
05/02/2023 06:30,0.0
05/02/2023 07:00,0.0
05/02/2023 07:30,0.0
05/02/2023 08:00,0.0
05/02/2023 08:30,0.0
05/02/2023 09:00,0.0
05/02/2023 09:30,0.0
05/02/2023 10:00,0.0
05/02/2023 10:30,0.0
05/02/2023 11:00,0.0
05/02/2023 11:30,0.0
05/02/2023 12:00,0.0
05/02/2023 12:30,0.0
05/02/2023 13:00,0.0
05/02/2023 13:30,0.0
05/02/2023 14:00,0.0
05/02/2023 14:30,0.0
05/02/2023 15:00,0.0
05/02/2023 15:30,0.0
05/02/2023 16:00,0.0
05/02/2023 16:30,0.0
05/02/2023 17:00,0.0
05/02/2023 17:30,0.0
05/02/2023 18:00,0.0
05/02/2023 18:30,0.0
05/02/2023 19:00,0.0
05/02/2023 19:30,0.0
05/02/2023 20:00,0.0
05/02/2023 20:30,0.0
05/02/2023 21:00,0.0
05/02/2023 21:30,0.0
05/02/2023 22:00,0.0
05/02/2023 22:30,0.0
05/02/2023 23:00,0.0
05/02/2023 23:30,0.0
05/03/2023 00:00,0.0
05/03/2023 00:30,0.0
05/03/2023 01:00,0.0
05/03/2023 01:30,0.0
05/03/2023 02:00,0.0
05/03/2023 02:30,0.0
05/03/2023 03:00,0.0
05/03/2023 03:30,0.0
05/03/2023 04:00,0.0
05/03/2023 04:30,0.0
05/03/2023 05:00,0.0
05/03/2023 05:30,0.0
05/03/2023 06:00,0.0
05/03/2023 06:30,0.0
05/03/2023 07:00,0.0
05/03/2023 07:30,0.0
05/03/2023 08:00,0.0
05/03/2023 08:30,0.0
05/03/2023 09:00,0.0
05/03/2023 09:30,0.0
05/03/2023 10:00,0.0
05/03/2023 10:30,0.0
05/03/2023 11:00,0.0
05/03/2023 11:30,0.0
05/03/2023 12:00,0.0
05/03/2023 12:30,0.0
05/03/2023 13:00,0.0
05/03/2023 13:30,0.0
05/03/2023 14:00,0.0
05/03/2023 14:30,0.0
05/03/2023 15:00,0.0
05/03/2023 15:30,0.0
05/03/2023 16:00,0.0
05/03/2023 16:30,0.0
05/03/2023 17:00,0.0
05/03/2023 17:30,0.0
05/03/2023 18:00,0.0
05/03/2023 18:30,0.0
05/03/2023 19:00,0.0
05/03/2023 19:30,0.0
05/03/2023 20:00,0.0
05/03/2023 20:30,0.0
05/03/2023 21:00,0.0
05/03/2023 21:30,0.0
05/03/2023 22:00,0.0
05/03/2023 22:30,0.0
05/03/2023 23:00,0.0
05/03/2023 23:30,0.0
05/04/2023 00:00,0.0
05/04/2023 00:30,0.0
05/04/2023 01:00,0.0
05/04/2023 01:30,0.0
05/04/2023 02:00,0.0
05/04/2023 02:30,0.0
05/04/2023 03:00,0.0
05/04/2023 03:30,0.0
05/04/2023 04:00,0.0
05/04/2023 04:30,0.0
05/04/2023 05:00,0.0
05/04/2023 05:30,0.0
05/04/2023 06:00,0.0
05/04/2023 06:30,0.0
05/04/2023 07:00,0.0
05/04/2023 07:30,0.0
05/04/2023 08:00,0.0
05/04/2023 08:30,0.0
05/04/2023 09:00,0.0
05/04/2023 09:30,0.0
05/04/2023 10:00,0.0
05/04/2023 10:30,0.0
05/04/2023 11:00,0.0
05/04/2023 11:30,0.0
05/04/2023 12:00,0.0
05/04/2023 12:30,0.0
05/04/2023 13:00,0.0
05/04/2023 13:30,0.0
05/04/2023 14:00,0.0
05/04/2023 14:30,0.0
05/04/2023 15:00,0.0
05/04/2023 15:30,0.0
05/04/2023 16:00,0.0
05/04/2023 16:30,0.0
05/04/2023 17:00,0.0
05/04/2023 17:30,0.0
05/04/2023 18:00,0.0
05/04/2023 18:30,0.0
05/04/2023 19:00,0.0
05/04/2023 19:30,0.0
05/04/2023 20:00,0.0
05/04/2023 20:30,0.0
05/04/2023 21:00,0.0
05/04/2023 21:30,0.0
05/04/2023 22:00,0.0
05/04/2023 22:30,0.0
05/04/2023 23:00,0.0
05/04/2023 23:30,0.0
05/05/2023 00:00,0.0
05/05/2023 00:30,0.0
05/05/2023 01:00,0.0
05/05/2023 01:30,0.0
05/05/2023 02:00,0.0
05/05/2023 02:30,0.0
05/05/2023 03:00,0.0
05/05/2023 03:30,0.0
05/05/2023 04:00,0.0
05/05/2023 04:30,0.0
05/05/2023 05:00,0.0
05/05/2023 05:30,0.0
05/05/2023 06:00,0.0
05/05/2023 06:30,0.0
05/05/2023 07:00,0.0
05/05/2023 07:30,0.0
05/05/2023 08:00,0.0
05/05/2023 08:30,0.0
05/05/2023 09:00,0.0
05/05/2023 09:30,0.0
05/05/2023 10:00,0.0
05/05/2023 10:30,0.0
05/05/2023 11:00,0.0
05/05/2023 11:30,0.0
05/05/2023 12:00,0.0
05/05/2023 12:30,0.0
05/05/2023 13:00,0.0
05/05/2023 13:30,0.0
05/05/2023 14:00,0.0
05/05/2023 14:30,0.0
05/05/2023 15:00,0.0
05/05/2023 15:30,0.0
05/05/2023 16:00,0.0
05/05/2023 16:30,0.0
05/05/2023 17:00,0.0
05/05/2023 17:30,0.0
05/05/2023 18:00,0.0
05/05/2023 18:30,0.0
05/05/2023 19:00,0.0
05/05/2023 19:30,0.0
05/05/2023 20:00,0.0
05/05/2023 20:30,0.0
05/05/2023 21:00,0.0
05/05/2023 21:30,0.0
05/05/2023 22:00,0.0
05/05/2023 22:30,0.0
05/05/2023 23:00,0.0
05/05/2023 23:30,0.0
05/06/2023 00:00,0.0
05/06/2023 00:30,0.0
05/06/2023 01:00,0.0
05/06/2023 01:30,0.0
05/06/2023 02:00,0.0
05/06/2023 02:30,0.0
05/06/2023 03:00,0.0
05/06/2023 03:30,0.0
05/06/2023 04:00,0.0
05/06/2023 04:30,0.0
05/06/2023 05:00,0.0
05/06/2023 05:30,0.0
05/06/2023 06:00,0.0
05/06/2023 06:30,0.0
05/06/2023 07:00,0.0
05/06/2023 07:30,0.0
05/06/2023 08:00,0.0
05/06/2023 08:30,0.0
05/06/2023 09:00,0.0
05/06/2023 09:30,0.0
05/06/2023 10:00,0.0
05/06/2023 10:30,0.0
05/06/2023 11:00,0.0
05/06/2023 11:30,0.0
05/06/2023 12:00,0.0
05/06/2023 12:30,0.0
05/06/2023 13:00,0.0
05/06/2023 13:30,0.0
05/06/2023 14:00,0.0
05/06/2023 14:30,0.0
05/06/2023 15:00,0.0
05/06/2023 15:30,0.0
05/06/2023 16:00,0.0
05/06/2023 16:30,0.0
05/06/2023 17:00,0.0
05/06/2023 17:30,0.0
05/06/2023 18:00,0.0
05/06/2023 18:30,0.0
05/06/2023 19:00,0.0
05/06/2023 19:30,0.0
05/06/2023 20:00,0.0
05/06/2023 20:30,0.0
05/06/2023 21:00,0.0
05/06/2023 21:30,0.0
05/06/2023 22:00,0.0
05/06/2023 22:30,0.0
05/06/2023 23:00,0.0
05/06/2023 23:30,0.0
05/07/2023 00:00,0.0
05/07/2023 00:30,0.0
05/07/2023 01:00,0.0
05/07/2023 01:30,0.0
05/07/2023 02:00,0.0
05/07/2023 02:30,0.0
05/07/2023 03:00,0.0
05/07/2023 03:30,0.0
05/07/2023 04:00,0.0
05/07/2023 04:30,0.0
05/07/2023 05:00,0.0
05/07/2023 05:30,0.0
05/07/2023 06:00,0.0
05/07/2023 06:30,0.0
05/07/2023 07:00,0.0
05/07/2023 07:30,0.0
05/07/2023 08:00,0.0
05/07/2023 08:30,0.0
05/07/2023 09:00,0.0
05/07/2023 09:30,0.0
05/07/2023 10:00,0.0
05/07/2023 10:30,0.0
05/07/2023 11:00,0.0
05/07/2023 11:30,0.0
05/07/2023 12:00,0.0
05/07/2023 12:30,0.0
05/07/2023 13:00,0.0
05/07/2023 13:30,0.0
05/07/2023 14:00,0.0
05/07/2023 14:30,0.0
05/07/2023 15:00,0.0
05/07/2023 15:30,0.0
05/07/2023 16:00,0.0
05/07/2023 16:30,0.0
05/07/2023 17:00,0.0
05/07/2023 17:30,0.0
05/07/2023 18:00,0.0
05/07/2023 18:30,0.0
05/07/2023 19:00,0.0
05/07/2023 19:30,0.0
05/07/2023 20:00,0.0
05/07/2023 20:30,0.0
05/07/2023 21:00,0.0
05/07/2023 21:30,0.0
05/07/2023 22:00,0.0
05/07/2023 22:30,0.0
05/07/2023 23:00,0.0
05/07/2023 23:30,0.0
05/08/2023 00:00,0.0
05/08/2023 00:30,0.0
05/08/2023 01:00,0.0
05/08/2023 01:30,0.0
05/08/2023 02:00,0.0
05/08/2023 02:30,0.0
05/08/2023 03:00,0.0
05/08/2023 03:30,0.0
05/08/2023 04:00,0.0
05/08/2023 04:30,0.0
05/08/2023 05:00,0.0
05/08/2023 05:30,0.0
05/08/2023 06:00,0.0
05/08/2023 06:30,0.0
05/08/2023 07:00,0.0
05/08/2023 07:30,0.0
05/08/2023 08:00,0.0
05/08/2023 08:30,0.0
05/08/2023 09:00,0.0
05/08/2023 09:30,0.0
05/08/2023 10:00,0.0
05/08/2023 10:30,0.0
05/08/2023 11:00,0.0
05/08/2023 11:30,0.0
05/08/2023 12:00,0.0
05/08/2023 12:30,0.0
05/08/2023 13:00,0.0
05/08/2023 13:30,0.0
05/08/2023 14:00,0.0
05/08/2023 14:30,0.0
05/08/2023 15:00,0.0
05/08/2023 15:30,0.0
05/08/2023 16:00,0.0
05/08/2023 16:30,0.0
05/08/2023 17:00,0.0
05/08/2023 17:30,0.0
05/08/2023 18:00,0.0
05/08/2023 18:30,0.0
05/08/2023 19:00,0.0
05/08/2023 19:30,0.0
05/08/2023 20:00,0.0
05/08/2023 20:30,0.0
05/08/2023 21:00,0.0
05/08/2023 21:30,0.0
05/08/2023 22:00,0.0
05/08/2023 22:30,0.0
05/08/2023 23:00,0.0
05/08/2023 23:30,0.0
05/09/2023 00:00,0.0
05/09/2023 00:30,0.0
05/09/2023 01:00,0.0
05/09/2023 01:30,0.0
05/09/2023 02:00,0.0
05/09/2023 02:30,0.0
05/09/2023 03:00,0.0
05/09/2023 03:30,0.0
05/09/2023 04:00,0.0
05/09/2023 04:30,0.0
05/09/2023 05:00,0.0
05/09/2023 05:30,0.0
05/09/2023 06:00,0.0
05/09/2023 06:30,0.0
05/09/2023 07:00,0.0
05/09/2023 07:30,0.0
05/09/2023 08:00,0.0
05/09/2023 08:30,0.0
05/09/2023 09:00,0.0
05/09/2023 09:30,0.0
05/09/2023 10:00,0.0
05/09/2023 10:30,0.0
05/09/2023 11:00,0.0
05/09/2023 11:30,0.0
05/09/2023 12:00,0.0
05/09/2023 12:30,0.0
05/09/2023 13:00,0.0
05/09/2023 13:30,0.0
05/09/2023 14:00,0.0
05/09/2023 14:30,0.0
05/09/2023 15:00,0.0
05/09/2023 15:30,0.0
05/09/2023 16:00,0.0
05/09/2023 16:30,0.0
05/09/2023 17:00,0.0
05/09/2023 17:30,0.0
05/09/2023 18:00,0.0
05/09/2023 18:30,0.0
05/09/2023 19:00,0.0
05/09/2023 19:30,0.0
05/09/2023 20:00,0.0
05/09/2023 20:30,0.0
05/09/2023 21:00,0.0
05/09/2023 21:30,0.0
05/09/2023 22:00,0.0
05/09/2023 22:30,0.0
05/09/2023 23:00,0.0
05/09/2023 23:30,0.0
05/10/2023 00:00,0.0
05/10/2023 00:30,0.0
05/10/2023 01:00,0.0
05/10/2023 01:30,0.0
05/10/2023 02:00,0.0
05/10/2023 02:30,0.0
05/10/2023 03:00,0.0
05/10/2023 03:30,0.0
05/10/2023 04:00,0.0
05/10/2023 04:30,0.0
05/10/2023 05:00,0.0
05/10/2023 05:30,0.0
05/10/2023 06:00,0.0
05/10/2023 06:30,0.0
05/10/2023 07:00,0.0
05/10/2023 07:30,0.0
05/10/2023 08:00,0.0
05/10/2023 08:30,0.0
05/10/2023 09:00,0.0
05/10/2023 09:30,0.0
05/10/2023 10:00,0.0
05/10/2023 10:30,0.0
05/10/2023 11:00,0.0
05/10/2023 11:30,0.0
05/10/2023 12:00,0.0
05/10/2023 12:30,0.0
05/10/2023 13:00,0.0
05/10/2023 13:30,0.0
05/10/2023 14:00,0.0
05/10/2023 14:30,0.0
05/10/2023 15:00,0.0
05/10/2023 15:30,0.0
05/10/2023 16:00,0.0
05/10/2023 16:30,0.0
05/10/2023 17:00,0.0
05/10/2023 17:30,0.0
05/10/2023 18:00,0.0
05/10/2023 18:30,0.0
05/10/2023 19:00,0.0
05/10/2023 19:30,0.0
05/10/2023 20:00,0.0
05/10/2023 20:30,0.0
05/10/2023 21:00,0.0
05/10/2023 21:30,0.0
05/10/2023 22:00,0.0
05/10/2023 22:30,0.0
05/10/2023 23:00,0.0
05/10/2023 23:30,0.0
05/11/2023 00:00,0.0
05/11/2023 00:30,0.0
05/11/2023 01:00,0.0
05/11/2023 01:30,0.0
05/11/2023 02:00,0.0
05/11/2023 02:30,0.0
05/11/2023 03:00,0.0
05/11/2023 03:30,0.0
05/11/2023 04:00,0.0
05/11/2023 04:30,0.0
05/11/2023 05:00,0.0
05/11/2023 05:30,0.0
05/11/2023 06:00,0.0
05/11/2023 06:30,0.0
05/11/2023 07:00,0.0
05/11/2023 07:30,0.0
05/11/2023 08:00,0.0
05/11/2023 08:30,0.0
05/11/2023 09:00,0.0
05/11/2023 09:30,0.0
05/11/2023 10:00,0.0
05/11/2023 10:30,0.0
05/11/2023 11:00,0.0
05/11/2023 11:30,0.0
05/11/2023 12:00,0.0
05/11/2023 12:30,0.0
05/11/2023 13:00,0.0
05/11/2023 13:30,0.0
05/11/2023 14:00,0.0
05/11/2023 14:30,0.0
05/11/2023 15:00,0.0
05/11/2023 15:30,0.0
05/11/2023 16:00,0.0
05/11/2023 16:30,0.0
05/11/2023 17:00,0.0
05/11/2023 17:30,0.0
05/11/2023 18:00,0.0
05/11/2023 18:30,0.0
05/11/2023 19:00,0.0
05/11/2023 19:30,0.0
05/11/2023 20:00,0.0
05/11/2023 20:30,0.0
05/11/2023 21:00,0.0
05/11/2023 21:30,0.0
05/11/2023 22:00,0.0
05/11/2023 22:30,0.0
05/11/2023 23:00,0.0
05/11/2023 23:30,0.0
05/12/2023 00:00,0.0
05/12/2023 00:30,0.0
05/12/2023 01:00,0.0
05/12/2023 01:30,0.0
05/12/2023 02:00,0.0
05/12/2023 02:30,0.0
05/12/2023 03:00,0.0
05/12/2023 03:30,0.0
05/12/2023 04:00,0.0
05/12/2023 04:30,0.0
05/12/2023 05:00,0.0
05/12/2023 05:30,0.0
05/12/2023 06:00,0.0
05/12/2023 06:30,0.0
05/12/2023 07:00,0.0
05/12/2023 07:30,0.0
05/12/2023 08:00,0.0
05/12/2023 08:30,0.0
05/12/2023 09:00,0.0
05/12/2023 09:30,0.0
05/12/2023 10:00,0.0
05/12/2023 10:30,0.0
05/12/2023 11:00,0.0
05/12/2023 11:30,0.0
05/12/2023 12:00,0.0
05/12/2023 12:30,0.0
05/12/2023 13:00,0.0
05/12/2023 13:30,0.0
05/12/2023 14:00,0.0
05/12/2023 14:30,0.0
05/12/2023 15:00,0.0
05/12/2023 15:30,0.0
05/12/2023 16:00,0.0
05/12/2023 16:30,0.0
05/12/2023 17:00,0.0
05/12/2023 17:30,0.0
05/12/2023 18:00,0.0
05/12/2023 18:30,0.0
05/12/2023 19:00,0.0
05/12/2023 19:30,0.0
05/12/2023 20:00,0.0
05/12/2023 20:30,0.0
05/12/2023 21:00,0.0
05/12/2023 21:30,0.0
05/12/2023 22:00,0.0
05/12/2023 22:30,0.0
05/12/2023 23:00,0.0
05/12/2023 23:30,0.0
05/13/2023 00:00,0.0
05/13/2023 00:30,0.0
05/13/2023 01:00,0.0
05/13/2023 01:30,0.0
05/13/2023 02:00,0.0
05/13/2023 02:30,0.0
05/13/2023 03:00,0.0
05/13/2023 03:30,0.0
05/13/2023 04:00,0.0
05/13/2023 04:30,0.0
05/13/2023 05:00,0.0
05/13/2023 05:30,0.0
05/13/2023 06:00,0.0
05/13/2023 06:30,0.0
05/13/2023 07:00,0.0
05/13/2023 07:30,0.0
05/13/2023 08:00,0.0
05/13/2023 08:30,0.0
05/13/2023 09:00,0.0
05/13/2023 09:30,0.0
05/13/2023 10:00,0.0
05/13/2023 10:30,0.0
05/13/2023 11:00,0.0
05/13/2023 11:30,0.0
05/13/2023 12:00,0.0
05/13/2023 12:30,0.0
05/13/2023 13:00,0.0
05/13/2023 13:30,0.0
05/13/2023 14:00,0.0
05/13/2023 14:30,0.0
05/13/2023 15:00,0.0
05/13/2023 15:30,0.0
05/13/2023 16:00,0.0
05/13/2023 16:30,0.0
05/13/2023 17:00,0.0
05/13/2023 17:30,0.0
05/13/2023 18:00,0.0
05/13/2023 18:30,0.0
05/13/2023 19:00,0.0
05/13/2023 19:30,0.0
05/13/2023 20:00,0.0
05/13/2023 20:30,0.0
05/13/2023 21:00,0.0
05/13/2023 21:30,0.0
05/13/2023 22:00,0.0
05/13/2023 22:30,0.0
05/13/2023 23:00,0.0
05/13/2023 23:30,0.0
05/14/2023 00:00,0.0
05/14/2023 00:30,0.0
05/14/2023 01:00,0.0
05/14/2023 01:30,0.0
05/14/2023 02:00,0.0
05/14/2023 02:30,0.0
05/14/2023 03:00,0.0
05/14/2023 03:30,0.0
05/14/2023 04:00,0.0
05/14/2023 04:30,0.0
05/14/2023 05:00,0.0
05/14/2023 05:30,0.0
05/14/2023 06:00,0.0
05/14/2023 06:30,0.0
05/14/2023 07:00,0.0
05/14/2023 07:30,0.0
05/14/2023 08:00,0.0
05/14/2023 08:30,0.0
05/14/2023 09:00,0.0
05/14/2023 09:30,0.0
05/14/2023 10:00,0.0
05/14/2023 10:30,0.0
05/14/2023 11:00,0.0
05/14/2023 11:30,0.0
05/14/2023 12:00,0.0
05/14/2023 12:30,0.0
05/14/2023 13:00,0.0
05/14/2023 13:30,0.0
05/14/2023 14:00,0.0
05/14/2023 14:30,0.0
05/14/2023 15:00,0.0
05/14/2023 15:30,0.0
05/14/2023 16:00,0.0
05/14/2023 16:30,0.0
05/14/2023 17:00,0.0
05/14/2023 17:30,0.0
05/14/2023 18:00,0.0
05/14/2023 18:30,0.0
05/14/2023 19:00,0.0
05/14/2023 19:30,0.0
05/14/2023 20:00,0.0
05/14/2023 20:30,0.0
05/14/2023 21:00,0.0
05/14/2023 21:30,0.0
05/14/2023 22:00,0.0
05/14/2023 22:30,0.0
05/14/2023 23:00,0.0
05/14/2023 23:30,0.0
05/15/2023 00:00,0.0
05/15/2023 00:30,0.0
05/15/2023 01:00,0.0
05/15/2023 01:30,0.0
05/15/2023 02:00,0.0
05/15/2023 02:30,0.0
05/15/2023 03:00,0.0
05/15/2023 03:30,0.0
05/15/2023 04:00,0.0
05/15/2023 04:30,0.0
05/15/2023 05:00,0.0
05/15/2023 05:30,0.0
05/15/2023 06:00,0.0
05/15/2023 06:30,0.0
05/15/2023 07:00,0.0
05/15/2023 07:30,0.0
05/15/2023 08:00,0.0
05/15/2023 08:30,0.0
05/15/2023 09:00,0.0
05/15/2023 09:30,0.0
05/15/2023 10:00,0.0
05/15/2023 10:30,0.0
05/15/2023 11:00,0.0
05/15/2023 11:30,0.0
05/15/2023 12:00,0.0
05/15/2023 12:30,0.0
05/15/2023 13:00,0.0
05/15/2023 13:30,0.0
05/15/2023 14:00,0.0
05/15/2023 14:30,0.0
05/15/2023 15:00,0.0
05/15/2023 15:30,0.0
05/15/2023 16:00,0.0
05/15/2023 16:30,0.0
05/15/2023 17:00,0.0
05/15/2023 17:30,0.0
05/15/2023 18:00,0.0
05/15/2023 18:30,0.0
05/15/2023 19:00,0.0
05/15/2023 19:30,0.0
05/15/2023 20:00,0.0
05/15/2023 20:30,0.0
05/15/2023 21:00,0.0
05/15/2023 21:30,0.0
05/15/2023 22:00,0.0
05/15/2023 22:30,0.0
05/15/2023 23:00,0.0
05/15/2023 23:30,0.0
05/16/2023 00:00,0.0
05/16/2023 00:30,0.0
05/16/2023 01:00,0.0
05/16/2023 01:30,0.0
05/16/2023 02:00,0.0
05/16/2023 02:30,0.0
05/16/2023 03:00,0.0
05/16/2023 03:30,0.0
05/16/2023 04:00,0.0
05/16/2023 04:30,0.0
05/16/2023 05:00,0.0
05/16/2023 05:30,0.0
05/16/2023 06:00,0.0
05/16/2023 06:30,0.0
05/16/2023 07:00,0.0
05/16/2023 07:30,0.0
05/16/2023 08:00,0.0
05/16/2023 08:30,0.0
05/16/2023 09:00,0.0
05/16/2023 09:30,0.0
05/16/2023 10:00,0.0
05/16/2023 10:30,0.0
05/16/2023 11:00,0.0
05/16/2023 11:30,0.0
05/16/2023 12:00,0.0
05/16/2023 12:30,0.0
05/16/2023 13:00,0.0
05/16/2023 13:30,0.0
05/16/2023 14:00,0.0
05/16/2023 14:30,0.0
05/16/2023 15:00,0.0
05/16/2023 15:30,0.0
05/16/2023 16:00,0.0
05/16/2023 16:30,0.0
05/16/2023 17:00,0.0
05/16/2023 17:30,0.0
05/16/2023 18:00,0.0
05/16/2023 18:30,0.0
05/16/2023 19:00,0.0
05/16/2023 19:30,0.0
05/16/2023 20:00,0.0
05/16/2023 20:30,0.0
05/16/2023 21:00,0.0
05/16/2023 21:30,0.0
05/16/2023 22:00,0.0
05/16/2023 22:30,0.0
05/16/2023 23:00,0.0
05/16/2023 23:30,0.0
05/17/2023 00:00,0.0
05/17/2023 00:30,0.0
05/17/2023 01:00,0.0
05/17/2023 01:30,0.0
05/17/2023 02:00,0.0
05/17/2023 02:30,0.0
05/17/2023 03:00,0.0
05/17/2023 03:30,0.0
05/17/2023 04:00,0.0
05/17/2023 04:30,0.0
05/17/2023 05:00,0.0
05/17/2023 05:30,0.0
05/17/2023 06:00,0.0
05/17/2023 06:30,0.0
05/17/2023 07:00,0.0
05/17/2023 07:30,0.0
05/17/2023 08:00,0.0
05/17/2023 08:30,0.0
05/17/2023 09:00,0.0
05/17/2023 09:30,0.0
05/17/2023 10:00,0.0
05/17/2023 10:30,0.0
05/17/2023 11:00,0.0
05/17/2023 11:30,0.0
05/17/2023 12:00,0.0
05/17/2023 12:30,0.0
05/17/2023 13:00,0.0
05/17/2023 13:30,0.0
05/17/2023 14:00,0.0
05/17/2023 14:30,0.0
05/17/2023 15:00,0.0
05/17/2023 15:30,0.0
05/17/2023 16:00,0.0
05/17/2023 16:30,0.0
05/17/2023 17:00,0.0
05/17/2023 17:30,0.0
05/17/2023 18:00,0.0
05/17/2023 18:30,0.0
05/17/2023 19:00,0.0
05/17/2023 19:30,0.0
05/17/2023 20:00,0.0
05/17/2023 20:30,0.0
05/17/2023 21:00,0.0
05/17/2023 21:30,0.0
05/17/2023 22:00,0.0
05/17/2023 22:30,0.0
05/17/2023 23:00,0.0
05/17/2023 23:30,0.0
05/18/2023 00:00,0.0
05/18/2023 00:30,0.0
05/18/2023 01:00,0.0
05/18/2023 01:30,0.0
05/18/2023 02:00,0.0
05/18/2023 02:30,0.0
05/18/2023 03:00,0.0
05/18/2023 03:30,0.0
05/18/2023 04:00,0.0
05/18/2023 04:30,0.0
05/18/2023 05:00,0.0
05/18/2023 05:30,0.0
05/18/2023 06:00,0.0
05/18/2023 06:30,0.0
05/18/2023 07:00,0.0
05/18/2023 07:30,0.0
05/18/2023 08:00,0.0
05/18/2023 08:30,0.0
05/18/2023 09:00,0.0
05/18/2023 09:30,0.0
05/18/2023 10:00,0.0
05/18/2023 10:30,0.0
05/18/2023 11:00,0.0
05/18/2023 11:30,0.0
05/18/2023 12:00,0.0
05/18/2023 12:30,0.0
05/18/2023 13:00,0.0
05/18/2023 13:30,0.0
05/18/2023 14:00,0.0
05/18/2023 14:30,0.0
05/18/2023 15:00,0.0
05/18/2023 15:30,0.0
05/18/2023 16:00,0.0
05/18/2023 16:30,0.0
05/18/2023 17:00,0.0
05/18/2023 17:30,0.0
05/18/2023 18:00,0.0
05/18/2023 18:30,0.0
05/18/2023 19:00,0.0
05/18/2023 19:30,0.0
05/18/2023 20:00,0.0
05/18/2023 20:30,0.0
05/18/2023 21:00,0.0
05/18/2023 21:30,0.0
05/18/2023 22:00,0.0
05/18/2023 22:30,0.0
05/18/2023 23:00,0.0
05/18/2023 23:30,0.0
05/19/2023 00:00,0.0
05/19/2023 00:30,0.0
05/19/2023 01:00,0.0
05/19/2023 01:30,0.0
05/19/2023 02:00,0.0
05/19/2023 02:30,0.0
05/19/2023 03:00,0.0
05/19/2023 03:30,0.0
05/19/2023 04:00,0.0
05/19/2023 04:30,0.0
05/19/2023 05:00,0.0
05/19/2023 05:30,0.0
05/19/2023 06:00,0.0
05/19/2023 06:30,0.0
05/19/2023 07:00,0.0
05/19/2023 07:30,0.0
05/19/2023 08:00,0.0
05/19/2023 08:30,0.0
05/19/2023 09:00,0.0
05/19/2023 09:30,0.0
05/19/2023 10:00,0.0
05/19/2023 10:30,0.0
05/19/2023 11:00,0.0
05/19/2023 11:30,0.0
05/19/2023 12:00,0.0
05/19/2023 12:30,0.0
05/19/2023 13:00,0.0
05/19/2023 13:30,0.0
05/19/2023 14:00,0.0
05/19/2023 14:30,0.0
05/19/2023 15:00,0.0
05/19/2023 15:30,0.0
05/19/2023 16:00,0.0
05/19/2023 16:30,0.0
05/19/2023 17:00,0.0
05/19/2023 17:30,0.0
05/19/2023 18:00,0.0
05/19/2023 18:30,0.0
05/19/2023 19:00,0.0
05/19/2023 19:30,0.0
05/19/2023 20:00,0.0
05/19/2023 20:30,0.0
05/19/2023 21:00,0.0
05/19/2023 21:30,0.0
05/19/2023 22:00,0.0
05/19/2023 22:30,0.0
05/19/2023 23:00,0.0
05/19/2023 23:30,0.0
05/20/2023 00:00,0.0
05/20/2023 00:30,0.0
05/20/2023 01:00,0.0
05/20/2023 01:30,0.0
05/20/2023 02:00,0.0
05/20/2023 02:30,0.0
05/20/2023 03:00,0.0
05/20/2023 03:30,0.0
05/20/2023 04:00,0.0
05/20/2023 04:30,0.0
05/20/2023 05:00,0.0
05/20/2023 05:30,0.0
05/20/2023 06:00,0.0
05/20/2023 06:30,0.0
05/20/2023 07:00,0.0
05/20/2023 07:30,0.0
05/20/2023 08:00,0.0
05/20/2023 08:30,0.0
05/20/2023 09:00,0.0
05/20/2023 09:30,0.0
05/20/2023 10:00,0.0
05/20/2023 10:30,0.0
05/20/2023 11:00,0.0
05/20/2023 11:30,0.0
05/20/2023 12:00,0.0
05/20/2023 12:30,0.0
05/20/2023 13:00,0.0
05/20/2023 13:30,0.0
05/20/2023 14:00,0.0
05/20/2023 14:30,0.0
05/20/2023 15:00,0.0
05/20/2023 15:30,0.0
05/20/2023 16:00,0.0
05/20/2023 16:30,0.0
05/20/2023 17:00,0.0
05/20/2023 17:30,0.0
05/20/2023 18:00,0.0
05/20/2023 18:30,0.0
05/20/2023 19:00,0.0
05/20/2023 19:30,0.0
05/20/2023 20:00,0.0
05/20/2023 20:30,0.0
05/20/2023 21:00,0.0
05/20/2023 21:30,0.0
05/20/2023 22:00,0.0
05/20/2023 22:30,0.0
05/20/2023 23:00,0.0
05/20/2023 23:30,0.0
05/21/2023 00:00,0.0
05/21/2023 00:30,0.0
05/21/2023 01:00,0.0
05/21/2023 01:30,0.0
05/21/2023 02:00,0.0
05/21/2023 02:30,0.0
05/21/2023 03:00,0.0
05/21/2023 03:30,0.0
05/21/2023 04:00,0.0
05/21/2023 04:30,0.0
05/21/2023 05:00,0.0
05/21/2023 05:30,0.0
05/21/2023 06:00,0.0
05/21/2023 06:30,0.0
05/21/2023 07:00,0.0
05/21/2023 07:30,0.0
05/21/2023 08:00,0.0
05/21/2023 08:30,0.0
05/21/2023 09:00,0.0
05/21/2023 09:30,0.0
05/21/2023 10:00,0.0
05/21/2023 10:30,0.0
05/21/2023 11:00,0.0
05/21/2023 11:30,0.0
05/21/2023 12:00,0.0
05/21/2023 12:30,0.0
05/21/2023 13:00,0.0
05/21/2023 13:30,0.0
05/21/2023 14:00,0.0
05/21/2023 14:30,0.0
05/21/2023 15:00,0.0
05/21/2023 15:30,0.0
05/21/2023 16:00,0.0
05/21/2023 16:30,0.0
05/21/2023 17:00,0.0
05/21/2023 17:30,0.0
05/21/2023 18:00,0.0
05/21/2023 18:30,0.0
05/21/2023 19:00,0.0
05/21/2023 19:30,0.0
05/21/2023 20:00,0.0
05/21/2023 20:30,0.0
05/21/2023 21:00,0.0
05/21/2023 21:30,0.0
05/21/2023 22:00,0.0
05/21/2023 22:30,0.0
05/21/2023 23:00,0.0
05/21/2023 23:30,0.0
05/22/2023 00:00,0.0
05/22/2023 00:30,0.0
05/22/2023 01:00,0.0
05/22/2023 01:30,0.0
05/22/2023 02:00,0.0
05/22/2023 02:30,0.0
05/22/2023 03:00,0.0
05/22/2023 03:30,0.0
05/22/2023 04:00,0.0
05/22/2023 04:30,0.0
05/22/2023 05:00,0.0
05/22/2023 05:30,0.0
05/22/2023 06:00,0.0
05/22/2023 06:30,0.0
05/22/2023 07:00,0.0
05/22/2023 07:30,0.0
05/22/2023 08:00,0.0
05/22/2023 08:30,0.0
05/22/2023 09:00,0.0
05/22/2023 09:30,0.0
05/22/2023 10:00,0.0
05/22/2023 10:30,0.0
05/22/2023 11:00,0.0
05/22/2023 11:30,0.0
05/22/2023 12:00,0.0
05/22/2023 12:30,0.0
05/22/2023 13:00,0.0
05/22/2023 13:30,0.0
05/22/2023 14:00,0.0
05/22/2023 14:30,0.0
05/22/2023 15:00,0.0
05/22/2023 15:30,0.0
05/22/2023 16:00,0.0
05/22/2023 16:30,0.0
05/22/2023 17:00,0.0
05/22/2023 17:30,0.0
05/22/2023 18:00,0.0
05/22/2023 18:30,0.0
05/22/2023 19:00,0.0
05/22/2023 19:30,0.0
05/22/2023 20:00,0.0
05/22/2023 20:30,0.0
05/22/2023 21:00,0.0
05/22/2023 21:30,0.0
05/22/2023 22:00,0.0
05/22/2023 22:30,0.0
05/22/2023 23:00,0.0
05/22/2023 23:30,0.0
05/23/2023 00:00,0.0
05/23/2023 00:30,0.0
05/23/2023 01:00,0.0
05/23/2023 01:30,0.0
05/23/2023 02:00,0.0
05/23/2023 02:30,0.0
05/23/2023 03:00,0.0
05/23/2023 03:30,0.0
05/23/2023 04:00,0.0
05/23/2023 04:30,0.0
05/23/2023 05:00,0.0
05/23/2023 05:30,0.0
05/23/2023 06:00,0.0
05/23/2023 06:30,0.0
05/23/2023 07:00,0.0
05/23/2023 07:30,0.0
05/23/2023 08:00,0.0
05/23/2023 08:30,0.0
05/23/2023 09:00,0.0
05/23/2023 09:30,0.0
05/23/2023 10:00,0.0
05/23/2023 10:30,0.0
05/23/2023 11:00,0.0
05/23/2023 11:30,0.0
05/23/2023 12:00,0.0
05/23/2023 12:30,0.0
05/23/2023 13:00,0.0
05/23/2023 13:30,0.0
05/23/2023 14:00,0.0
05/23/2023 14:30,0.0
05/23/2023 15:00,0.0
05/23/2023 15:30,0.0
05/23/2023 16:00,0.0
05/23/2023 16:30,0.0
05/23/2023 17:00,0.0
05/23/2023 17:30,0.0
05/23/2023 18:00,0.0
05/23/2023 18:30,0.0
05/23/2023 19:00,0.0
05/23/2023 19:30,0.0
05/23/2023 20:00,0.0
05/23/2023 20:30,0.0
05/23/2023 21:00,0.0
05/23/2023 21:30,0.0
05/23/2023 22:00,0.0
05/23/2023 22:30,0.0
05/23/2023 23:00,0.0
05/23/2023 23:30,0.0
05/24/2023 00:00,0.0
05/24/2023 00:30,0.0
05/24/2023 01:00,0.0
05/24/2023 01:30,0.0
05/24/2023 02:00,0.0
05/24/2023 02:30,0.0
05/24/2023 03:00,0.0
05/24/2023 03:30,0.0
05/24/2023 04:00,0.0
05/24/2023 04:30,0.0
05/24/2023 05:00,0.0
05/24/2023 05:30,0.0
05/24/2023 06:00,0.0
05/24/2023 06:30,0.0
05/24/2023 07:00,0.0
05/24/2023 07:30,0.0
05/24/2023 08:00,0.0
05/24/2023 08:30,0.0
05/24/2023 09:00,0.0
05/24/2023 09:30,0.0
05/24/2023 10:00,0.0
05/24/2023 10:30,0.0
05/24/2023 11:00,0.0
05/24/2023 11:30,0.0
05/24/2023 12:00,0.0
05/24/2023 12:30,0.0
05/24/2023 13:00,0.0
05/24/2023 13:30,0.0
05/24/2023 14:00,0.0
05/24/2023 14:30,0.0
05/24/2023 15:00,0.0
05/24/2023 15:30,0.0
05/24/2023 16:00,0.0
05/24/2023 16:30,0.0
05/24/2023 17:00,0.0
05/24/2023 17:30,0.0
05/24/2023 18:00,0.0
05/24/2023 18:30,0.0
05/24/2023 19:00,0.0
05/24/2023 19:30,0.0
05/24/2023 20:00,0.0
05/24/2023 20:30,0.0
05/24/2023 21:00,0.0
05/24/2023 21:30,0.0
05/24/2023 22:00,0.0
05/24/2023 22:30,0.0
05/24/2023 23:00,0.0
05/24/2023 23:30,0.0
05/25/2023 00:00,0.0
05/25/2023 00:30,0.0
05/25/2023 01:00,0.0
05/25/2023 01:30,0.0
05/25/2023 02:00,0.0
05/25/2023 02:30,0.0
05/25/2023 03:00,0.0
05/25/2023 03:30,0.0
05/25/2023 04:00,0.0
05/25/2023 04:30,0.0
05/25/2023 05:00,0.0
05/25/2023 05:30,0.0
05/25/2023 06:00,0.0
05/25/2023 06:30,0.0
05/25/2023 07:00,0.0
05/25/2023 07:30,0.0
05/25/2023 08:00,0.0
05/25/2023 08:30,0.0
05/25/2023 09:00,0.0
05/25/2023 09:30,0.0
05/25/2023 10:00,0.0
05/25/2023 10:30,0.0
05/25/2023 11:00,0.0
05/25/2023 11:30,0.0
05/25/2023 12:00,0.0
05/25/2023 12:30,0.0
05/25/2023 13:00,0.0
05/25/2023 13:30,0.0
05/25/2023 14:00,0.0
05/25/2023 14:30,0.0
05/25/2023 15:00,0.0
05/25/2023 15:30,0.0
05/25/2023 16:00,0.0
05/25/2023 16:30,0.0
05/25/2023 17:00,0.0
05/25/2023 17:30,0.0
05/25/2023 18:00,0.0
05/25/2023 18:30,0.0
05/25/2023 19:00,0.0
05/25/2023 19:30,0.0
05/25/2023 20:00,0.0
05/25/2023 20:30,0.0
05/25/2023 21:00,0.0
05/25/2023 21:30,0.0
05/25/2023 22:00,0.0
05/25/2023 22:30,0.0
05/25/2023 23:00,0.0
05/25/2023 23:30,0.0
05/26/2023 00:00,0.0
05/26/2023 00:30,0.0
05/26/2023 01:00,0.0
05/26/2023 01:30,0.0
05/26/2023 02:00,0.0
05/26/2023 02:30,0.0
05/26/2023 03:00,0.0
05/26/2023 03:30,0.0
05/26/2023 04:00,0.0
05/26/2023 04:30,0.0
05/26/2023 05:00,0.0
05/26/2023 05:30,0.0
05/26/2023 06:00,0.0
05/26/2023 06:30,0.0
05/26/2023 07:00,0.0
05/26/2023 07:30,0.0
05/26/2023 08:00,0.0
05/26/2023 08:30,0.0
05/26/2023 09:00,0.0
05/26/2023 09:30,0.0
05/26/2023 10:00,0.0
05/26/2023 10:30,0.0
05/26/2023 11:00,0.0
05/26/2023 11:30,0.0
05/26/2023 12:00,0.0
05/26/2023 12:30,0.0
05/26/2023 13:00,0.0
05/26/2023 13:30,0.0
05/26/2023 14:00,0.0
05/26/2023 14:30,0.0
05/26/2023 15:00,0.0
05/26/2023 15:30,0.0
05/26/2023 16:00,0.0
05/26/2023 16:30,0.0
05/26/2023 17:00,0.0
05/26/2023 17:30,0.0
05/26/2023 18:00,0.0
05/26/2023 18:30,0.0
05/26/2023 19:00,0.0
05/26/2023 19:30,0.0
05/26/2023 20:00,0.0
05/26/2023 20:30,0.0
05/26/2023 21:00,0.0
05/26/2023 21:30,0.0
05/26/2023 22:00,0.0
05/26/2023 22:30,0.0
05/26/2023 23:00,0.0
05/26/2023 23:30,0.0
05/27/2023 00:00,0.0
05/27/2023 00:30,0.0
05/27/2023 01:00,0.0
05/27/2023 01:30,0.0
05/27/2023 02:00,0.0
05/27/2023 02:30,0.0
05/27/2023 03:00,0.0
05/27/2023 03:30,0.0
05/27/2023 04:00,0.0
05/27/2023 04:30,0.0
05/27/2023 05:00,0.0
05/27/2023 05:30,0.0
05/27/2023 06:00,0.0
05/27/2023 06:30,0.0
05/27/2023 07:00,0.0
05/27/2023 07:30,0.0
05/27/2023 08:00,0.0
05/27/2023 08:30,0.0
05/27/2023 09:00,0.0
05/27/2023 09:30,0.0
05/27/2023 10:00,0.0
05/27/2023 10:30,0.0
05/27/2023 11:00,0.0
05/27/2023 11:30,0.0
05/27/2023 12:00,0.0
05/27/2023 12:30,0.0
05/27/2023 13:00,0.0
05/27/2023 13:30,0.0
05/27/2023 14:00,0.0
05/27/2023 14:30,0.0
05/27/2023 15:00,0.0
05/27/2023 15:30,0.0
05/27/2023 16:00,0.0
05/27/2023 16:30,0.0
05/27/2023 17:00,0.0
05/27/2023 17:30,0.0
05/27/2023 18:00,0.0
05/27/2023 18:30,0.0
05/27/2023 19:00,0.0
05/27/2023 19:30,0.0
05/27/2023 20:00,0.0
05/27/2023 20:30,0.0
05/27/2023 21:00,0.0
05/27/2023 21:30,0.0
05/27/2023 22:00,0.0
05/27/2023 22:30,0.0
05/27/2023 23:00,0.0
05/27/2023 23:30,0.0
05/28/2023 00:00,0.0
05/28/2023 00:30,0.0
05/28/2023 01:00,0.0
05/28/2023 01:30,0.0
05/28/2023 02:00,0.0
05/28/2023 02:30,0.0
05/28/2023 03:00,0.0
05/28/2023 03:30,0.0
05/28/2023 04:00,0.0
05/28/2023 04:30,0.0
05/28/2023 05:00,0.0
05/28/2023 05:30,0.0
05/28/2023 06:00,0.0
05/28/2023 06:30,0.0
05/28/2023 07:00,0.0
05/28/2023 07:30,0.0
05/28/2023 08:00,0.0
05/28/2023 08:30,0.0
05/28/2023 09:00,0.0
05/28/2023 09:30,0.0
05/28/2023 10:00,0.0
05/28/2023 10:30,0.0
05/28/2023 11:00,0.0
05/28/2023 11:30,0.0
05/28/2023 12:00,0.0
05/28/2023 12:30,0.0
05/28/2023 13:00,0.0
05/28/2023 13:30,0.0
05/28/2023 14:00,0.0
05/28/2023 14:30,0.0
05/28/2023 15:00,0.0
05/28/2023 15:30,0.0
05/28/2023 16:00,0.0
05/28/2023 16:30,0.0
05/28/2023 17:00,0.0
05/28/2023 17:30,0.0
05/28/2023 18:00,0.0
05/28/2023 18:30,0.0
05/28/2023 19:00,0.0
05/28/2023 19:30,0.0
05/28/2023 20:00,0.0
05/28/2023 20:30,0.0
05/28/2023 21:00,0.0
05/28/2023 21:30,0.0
05/28/2023 22:00,0.0
05/28/2023 22:30,0.0
05/28/2023 23:00,0.0
05/28/2023 23:30,0.0
05/29/2023 00:00,0.0
05/29/2023 00:30,0.0
05/29/2023 01:00,0.0
05/29/2023 01:30,0.0
05/29/2023 02:00,0.0
05/29/2023 02:30,0.0
05/29/2023 03:00,0.0
05/29/2023 03:30,0.0
05/29/2023 04:00,0.0
05/29/2023 04:30,0.0
05/29/2023 05:00,0.0
05/29/2023 05:30,0.0
05/29/2023 06:00,0.0
05/29/2023 06:30,0.0
05/29/2023 07:00,0.0
05/29/2023 07:30,0.0
05/29/2023 08:00,0.0
05/29/2023 08:30,0.0
05/29/2023 09:00,0.0
05/29/2023 09:30,0.0
05/29/2023 10:00,0.0
05/29/2023 10:30,0.0
05/29/2023 11:00,0.0
05/29/2023 11:30,0.0
05/29/2023 12:00,0.0
05/29/2023 12:30,0.0
05/29/2023 13:00,0.0
05/29/2023 13:30,0.0
05/29/2023 14:00,0.0
05/29/2023 14:30,0.0
05/29/2023 15:00,0.0
05/29/2023 15:30,0.0
05/29/2023 16:00,0.0
05/29/2023 16:30,0.0
05/29/2023 17:00,0.0
05/29/2023 17:30,0.0
05/29/2023 18:00,0.0
05/29/2023 18:30,0.0
05/29/2023 19:00,0.0
05/29/2023 19:30,0.0
05/29/2023 20:00,0.0
05/29/2023 20:30,0.0
05/29/2023 21:00,0.0
05/29/2023 21:30,0.0
05/29/2023 22:00,0.0
05/29/2023 22:30,0.0
05/29/2023 23:00,0.0
05/29/2023 23:30,0.0
05/30/2023 00:00,0.0
05/30/2023 00:30,0.0
05/30/2023 01:00,0.0
05/30/2023 01:30,0.0
05/30/2023 02:00,0.0
05/30/2023 02:30,0.0
05/30/2023 03:00,0.0
05/30/2023 03:30,0.0
05/30/2023 04:00,0.0
05/30/2023 04:30,0.0
05/30/2023 05:00,0.0
05/30/2023 05:30,0.0
05/30/2023 06:00,0.0
05/30/2023 06:30,0.0
05/30/2023 07:00,0.0
05/30/2023 07:30,0.0
05/30/2023 08:00,0.0
05/30/2023 08:30,0.0
05/30/2023 09:00,0.0
05/30/2023 09:30,0.0
05/30/2023 10:00,0.0
05/30/2023 10:30,0.0
05/30/2023 11:00,0.0
05/30/2023 11:30,0.0
05/30/2023 12:00,0.0
05/30/2023 12:30,0.0
05/30/2023 13:00,0.0
05/30/2023 13:30,0.0
05/30/2023 14:00,0.0
05/30/2023 14:30,0.0
05/30/2023 15:00,0.0
05/30/2023 15:30,0.0
05/30/2023 16:00,0.0
05/30/2023 16:30,0.0
05/30/2023 17:00,0.0
05/30/2023 17:30,0.0
05/30/2023 18:00,0.0
05/30/2023 18:30,0.0
05/30/2023 19:00,0.0
05/30/2023 19:30,0.0
05/30/2023 20:00,0.0
05/30/2023 20:30,0.0
05/30/2023 21:00,0.0
05/30/2023 21:30,0.0
05/30/2023 22:00,0.0
05/30/2023 22:30,0.0
05/30/2023 23:00,0.0
05/30/2023 23:30,0.0
05/31/2023 00:00,0.0
05/31/2023 00:30,0.0
05/31/2023 01:00,0.0
05/31/2023 01:30,0.0
05/31/2023 02:00,0.0
05/31/2023 02:30,0.0
05/31/2023 03:00,0.0
05/31/2023 03:30,0.0
05/31/2023 04:00,0.0
05/31/2023 04:30,0.0
05/31/2023 05:00,0.0
05/31/2023 05:30,0.0
05/31/2023 06:00,0.0
05/31/2023 06:30,0.0
05/31/2023 07:00,0.0
05/31/2023 07:30,0.0
05/31/2023 08:00,0.0
05/31/2023 08:30,0.0
05/31/2023 09:00,0.0
05/31/2023 09:30,0.0
05/31/2023 10:00,0.0
05/31/2023 10:30,0.0
05/31/2023 11:00,0.0
05/31/2023 11:30,0.0
05/31/2023 12:00,0.0
05/31/2023 12:30,0.0
05/31/2023 13:00,0.0
05/31/2023 13:30,0.0
05/31/2023 14:00,0.0
05/31/2023 14:30,0.0
05/31/2023 15:00,0.0
05/31/2023 15:30,0.0
05/31/2023 16:00,0.0
05/31/2023 16:30,0.0
05/31/2023 17:00,0.0
05/31/2023 17:30,0.0
05/31/2023 18:00,0.0
05/31/2023 18:30,0.0
05/31/2023 19:00,0.0
05/31/2023 19:30,0.0
05/31/2023 20:00,0.0
05/31/2023 20:30,0.0
05/31/2023 21:00,0.0
05/31/2023 21:30,0.0
05/31/2023 22:00,0.0
05/31/2023 22:30,0.0
05/31/2023 23:00,0.0
05/31/2023 23:30,0.0
06/01/2023 00:00,0.0
06/01/2023 00:30,0.0
06/01/2023 01:00,0.0
06/01/2023 01:30,0.0
06/01/2023 02:00,0.0
06/01/2023 02:30,0.0
06/01/2023 03:00,0.0
06/01/2023 03:30,0.0
06/01/2023 04:00,0.0
06/01/2023 04:30,0.0
06/01/2023 05:00,0.0
06/01/2023 05:30,0.0
06/01/2023 06:00,0.0
06/01/2023 06:30,0.0
06/01/2023 07:00,0.0
06/01/2023 07:30,0.0
06/01/2023 08:00,0.0
06/01/2023 08:30,0.0
06/01/2023 09:00,0.0
06/01/2023 09:30,0.0
06/01/2023 10:00,0.0
06/01/2023 10:30,0.0
06/01/2023 11:00,0.0
06/01/2023 11:30,0.0
06/01/2023 12:00,0.0
06/01/2023 12:30,0.0
06/01/2023 13:00,0.0
06/01/2023 13:30,0.0
06/01/2023 14:00,0.0
06/01/2023 14:30,0.0
06/01/2023 15:00,0.0
06/01/2023 15:30,0.0
06/01/2023 16:00,0.0
06/01/2023 16:30,0.0
06/01/2023 17:00,0.0
06/01/2023 17:30,0.0
06/01/2023 18:00,0.0
06/01/2023 18:30,0.0
06/01/2023 19:00,0.0
06/01/2023 19:30,0.0
06/01/2023 20:00,0.0
06/01/2023 20:30,0.0
06/01/2023 21:00,0.0
06/01/2023 21:30,0.0
06/01/2023 22:00,0.0
06/01/2023 22:30,0.0
06/01/2023 23:00,0.0
06/01/2023 23:30,0.0
06/02/2023 00:00,0.0
06/02/2023 00:30,0.0
06/02/2023 01:00,0.0
06/02/2023 01:30,0.0
06/02/2023 02:00,0.0
06/02/2023 02:30,0.0
06/02/2023 03:00,0.0
06/02/2023 03:30,0.0
06/02/2023 04:00,0.0
06/02/2023 04:30,0.0
06/02/2023 05:00,0.0
06/02/2023 05:30,0.0
06/02/2023 06:00,0.0
06/02/2023 06:30,0.0
06/02/2023 07:00,0.0
06/02/2023 07:30,0.0
06/02/2023 08:00,0.0
06/02/2023 08:30,0.0
06/02/2023 09:00,0.0
06/02/2023 09:30,0.0
06/02/2023 10:00,0.0
06/02/2023 10:30,0.0
06/02/2023 11:00,0.0
06/02/2023 11:30,0.0
06/02/2023 12:00,0.0
06/02/2023 12:30,0.0
06/02/2023 13:00,0.0
06/02/2023 13:30,0.0
06/02/2023 14:00,0.0
06/02/2023 14:30,0.0
06/02/2023 15:00,0.0
06/02/2023 15:30,0.0
06/02/2023 16:00,0.0
06/02/2023 16:30,0.0
06/02/2023 17:00,0.0
06/02/2023 17:30,0.0
06/02/2023 18:00,0.0
06/02/2023 18:30,0.0
06/02/2023 19:00,0.0
06/02/2023 19:30,0.0
06/02/2023 20:00,0.0
06/02/2023 20:30,0.0
06/02/2023 21:00,0.0
06/02/2023 21:30,0.0
06/02/2023 22:00,0.0
06/02/2023 22:30,0.0
06/02/2023 23:00,0.0
06/02/2023 23:30,0.0
06/03/2023 00:00,0.0
06/03/2023 00:30,0.0
06/03/2023 01:00,0.0
06/03/2023 01:30,0.0
06/03/2023 02:00,0.0
06/03/2023 02:30,0.0
06/03/2023 03:00,0.0
06/03/2023 03:30,0.0
06/03/2023 04:00,0.0
06/03/2023 04:30,0.0
06/03/2023 05:00,0.0
06/03/2023 05:30,0.0
06/03/2023 06:00,0.0
06/03/2023 06:30,0.0
06/03/2023 07:00,0.0
06/03/2023 07:30,0.0
06/03/2023 08:00,0.0
06/03/2023 08:30,0.0
06/03/2023 09:00,0.0
06/03/2023 09:30,0.0
06/03/2023 10:00,0.0
06/03/2023 10:30,0.0
06/03/2023 11:00,0.0
06/03/2023 11:30,0.0
06/03/2023 12:00,0.0
06/03/2023 12:30,0.0
06/03/2023 13:00,0.0
06/03/2023 13:30,0.0
06/03/2023 14:00,0.0
06/03/2023 14:30,0.0
06/03/2023 15:00,0.0
06/03/2023 15:30,0.0
06/03/2023 16:00,0.0
06/03/2023 16:30,0.0
06/03/2023 17:00,0.0
06/03/2023 17:30,0.0
06/03/2023 18:00,0.0
06/03/2023 18:30,0.0
06/03/2023 19:00,0.0
06/03/2023 19:30,0.0
06/03/2023 20:00,0.0
06/03/2023 20:30,0.0
06/03/2023 21:00,0.0
06/03/2023 21:30,0.0
06/03/2023 22:00,0.0
06/03/2023 22:30,0.0
06/03/2023 23:00,0.0
06/03/2023 23:30,0.0
06/04/2023 00:00,0.0
06/04/2023 00:30,0.0
06/04/2023 01:00,0.0
06/04/2023 01:30,0.0
06/04/2023 02:00,0.0
06/04/2023 02:30,0.0
06/04/2023 03:00,0.0
06/04/2023 03:30,0.0
06/04/2023 04:00,0.0
06/04/2023 04:30,0.0
06/04/2023 05:00,0.0
06/04/2023 05:30,0.0
06/04/2023 06:00,0.0
06/04/2023 06:30,0.0
06/04/2023 07:00,0.0
06/04/2023 07:30,0.0
06/04/2023 08:00,0.0
06/04/2023 08:30,0.0
06/04/2023 09:00,0.0
06/04/2023 09:30,0.0
06/04/2023 10:00,0.0
06/04/2023 10:30,0.0
06/04/2023 11:00,0.0
06/04/2023 11:30,0.0
06/04/2023 12:00,0.0
06/04/2023 12:30,0.0
06/04/2023 13:00,0.0
06/04/2023 13:30,0.0
06/04/2023 14:00,0.0
06/04/2023 14:30,0.0
06/04/2023 15:00,0.0
06/04/2023 15:30,0.0
06/04/2023 16:00,0.0
06/04/2023 16:30,0.0
06/04/2023 17:00,0.0
06/04/2023 17:30,0.0
06/04/2023 18:00,0.0
06/04/2023 18:30,0.0
06/04/2023 19:00,0.0
06/04/2023 19:30,0.0
06/04/2023 20:00,0.0
06/04/2023 20:30,0.0
06/04/2023 21:00,0.0
06/04/2023 21:30,0.0
06/04/2023 22:00,0.0
06/04/2023 22:30,0.0
06/04/2023 23:00,0.0
06/04/2023 23:30,0.0
06/05/2023 00:00,0.0
06/05/2023 00:30,0.0
06/05/2023 01:00,0.0
06/05/2023 01:30,0.0
06/05/2023 02:00,0.0
06/05/2023 02:30,0.0
06/05/2023 03:00,0.0
06/05/2023 03:30,0.0
06/05/2023 04:00,0.0
06/05/2023 04:30,0.0
06/05/2023 05:00,0.0
06/05/2023 05:30,0.0
06/05/2023 06:00,0.0
06/05/2023 06:30,0.0
06/05/2023 07:00,0.0
06/05/2023 07:30,0.0
06/05/2023 08:00,0.0
06/05/2023 08:30,0.0
06/05/2023 09:00,0.0
06/05/2023 09:30,0.0
06/05/2023 10:00,0.0
06/05/2023 10:30,0.0
06/05/2023 11:00,0.0
06/05/2023 11:30,0.0
06/05/2023 12:00,0.0
06/05/2023 12:30,0.0
06/05/2023 13:00,0.0
06/05/2023 13:30,0.0
06/05/2023 14:00,0.0
06/05/2023 14:30,0.0
06/05/2023 15:00,0.0
06/05/2023 15:30,0.0
06/05/2023 16:00,0.0
06/05/2023 16:30,0.0
06/05/2023 17:00,0.0
06/05/2023 17:30,0.0
06/05/2023 18:00,0.0
06/05/2023 18:30,0.0
06/05/2023 19:00,0.0
06/05/2023 19:30,0.0
06/05/2023 20:00,0.0
06/05/2023 20:30,0.0
06/05/2023 21:00,0.0
06/05/2023 21:30,0.0
06/05/2023 22:00,0.0
06/05/2023 22:30,0.0
06/05/2023 23:00,0.0
06/05/2023 23:30,0.0
06/06/2023 00:00,0.0
06/06/2023 00:30,0.0
06/06/2023 01:00,0.0
06/06/2023 01:30,0.0
06/06/2023 02:00,0.0
06/06/2023 02:30,0.0
06/06/2023 03:00,0.0
06/06/2023 03:30,0.0
06/06/2023 04:00,0.0
06/06/2023 04:30,0.0
06/06/2023 05:00,0.0
06/06/2023 05:30,0.0
06/06/2023 06:00,0.0
06/06/2023 06:30,0.0
06/06/2023 07:00,0.0
06/06/2023 07:30,0.0
06/06/2023 08:00,0.0
06/06/2023 08:30,0.0
06/06/2023 09:00,0.0
06/06/2023 09:30,0.0
06/06/2023 10:00,0.0
06/06/2023 10:30,0.0
06/06/2023 11:00,0.0
06/06/2023 11:30,0.0
06/06/2023 12:00,0.0
06/06/2023 12:30,0.0
06/06/2023 13:00,0.0
06/06/2023 13:30,0.0
06/06/2023 14:00,0.0
06/06/2023 14:30,0.0
06/06/2023 15:00,0.0
06/06/2023 15:30,0.0
06/06/2023 16:00,0.0
06/06/2023 16:30,0.0
06/06/2023 17:00,0.0
06/06/2023 17:30,0.0
06/06/2023 18:00,0.0
06/06/2023 18:30,0.0
06/06/2023 19:00,0.0
06/06/2023 19:30,0.0
06/06/2023 20:00,0.0
06/06/2023 20:30,0.0
06/06/2023 21:00,0.0
06/06/2023 21:30,0.0
06/06/2023 22:00,0.0
06/06/2023 22:30,0.0
06/06/2023 23:00,0.0
06/06/2023 23:30,0.0
06/07/2023 00:00,0.0
06/07/2023 00:30,0.0
06/07/2023 01:00,0.0
06/07/2023 01:30,0.0
06/07/2023 02:00,0.0
06/07/2023 02:30,0.0
06/07/2023 03:00,0.0
06/07/2023 03:30,0.0
06/07/2023 04:00,0.0
06/07/2023 04:30,0.0
06/07/2023 05:00,0.0
06/07/2023 05:30,0.0
06/07/2023 06:00,0.0
06/07/2023 06:30,0.0
06/07/2023 07:00,0.0
06/07/2023 07:30,0.0
06/07/2023 08:00,0.0
06/07/2023 08:30,0.0
06/07/2023 09:00,0.0
06/07/2023 09:30,0.0
06/07/2023 10:00,0.0
06/07/2023 10:30,0.0
06/07/2023 11:00,0.0
06/07/2023 11:30,0.0
06/07/2023 12:00,0.0
06/07/2023 12:30,0.0
06/07/2023 13:00,0.0
06/07/2023 13:30,0.0
06/07/2023 14:00,0.0
06/07/2023 14:30,0.0
06/07/2023 15:00,0.0
06/07/2023 15:30,0.0
06/07/2023 16:00,0.0
06/07/2023 16:30,0.0
06/07/2023 17:00,0.0
06/07/2023 17:30,0.0
06/07/2023 18:00,0.0
06/07/2023 18:30,0.0
06/07/2023 19:00,0.0
06/07/2023 19:30,0.0
06/07/2023 20:00,0.0
06/07/2023 20:30,0.0
06/07/2023 21:00,0.0
06/07/2023 21:30,0.0
06/07/2023 22:00,0.0
06/07/2023 22:30,0.0
06/07/2023 23:00,0.0
06/07/2023 23:30,0.0
06/08/2023 00:00,0.0
06/08/2023 00:00,0.0
06/08/2023 00:30,0.0
06/08/2023 00:30,0.0
06/08/2023 01:00,0.0
06/08/2023 01:00,0.0
06/08/2023 01:30,0.0
06/08/2023 01:30,0.0
06/08/2023 02:00,0.0
06/08/2023 02:00,0.0
06/08/2023 02:30,0.0
06/08/2023 02:30,0.0
06/08/2023 03:00,0.0
06/08/2023 03:00,0.0
06/08/2023 03:30,0.0
06/08/2023 03:30,0.0
06/08/2023 04:00,0.0
06/08/2023 04:00,0.0
06/08/2023 04:30,0.0
06/08/2023 04:30,0.0
06/08/2023 05:00,0.0
06/08/2023 05:00,0.0
06/08/2023 05:30,0.0
06/08/2023 05:30,0.0
06/08/2023 06:00,0.0
06/08/2023 06:00,0.0
06/08/2023 06:30,0.0
06/08/2023 06:30,0.0
06/08/2023 07:00,0.0
06/08/2023 07:00,0.0
06/08/2023 07:30,0.0
06/08/2023 07:30,0.0
06/08/2023 08:00,0.0
06/08/2023 08:00,0.0
06/08/2023 08:30,0.0
06/08/2023 08:30,0.0
06/08/2023 09:00,0.0
06/08/2023 09:00,0.0
06/08/2023 09:30,0.0
06/08/2023 09:30,0.0
06/08/2023 10:00,0.0
06/08/2023 10:00,0.0
06/08/2023 10:30,0.0
06/08/2023 10:30,0.0
06/08/2023 11:00,0.0
06/08/2023 11:00,0.0
06/08/2023 11:30,0.0
06/08/2023 11:30,0.0
06/08/2023 12:00,0.0
06/08/2023 12:00,0.0
06/08/2023 12:30,0.0
06/08/2023 12:30,0.0
06/08/2023 13:00,0.0
06/08/2023 13:00,0.0
06/08/2023 13:30,0.0
06/08/2023 13:30,0.0
06/08/2023 14:00,0.0
06/08/2023 14:00,0.0
06/08/2023 14:30,0.0
06/08/2023 14:30,0.0
06/08/2023 15:00,0.0
06/08/2023 15:00,0.0
06/08/2023 15:30,0.0
06/08/2023 15:30,0.0
06/08/2023 16:00,0.0
06/08/2023 16:00,0.0
06/08/2023 16:30,0.0
06/08/2023 16:30,0.0
06/08/2023 17:00,0.0
06/08/2023 17:00,0.0
06/08/2023 17:30,0.0
06/08/2023 17:30,0.0
06/08/2023 18:00,0.0
06/08/2023 18:00,0.0
06/08/2023 18:30,0.0
06/08/2023 18:30,0.0
06/08/2023 19:00,0.0
06/08/2023 19:00,0.0
06/08/2023 19:30,0.0
06/08/2023 19:30,0.0
06/08/2023 20:00,0.0
06/08/2023 20:00,0.0
06/08/2023 20:30,0.0
06/08/2023 20:30,0.0
06/08/2023 21:00,0.0
06/08/2023 21:00,0.0
06/08/2023 21:30,0.0
06/08/2023 21:30,0.0
06/08/2023 22:00,0.0
06/08/2023 22:00,0.0
06/08/2023 22:30,0.0
06/08/2023 22:30,0.0
06/08/2023 23:00,0.0
06/08/2023 23:00,0.0
06/08/2023 23:30,0.0
06/08/2023 23:30,0.0
06/09/2023 00:00,404.917
06/09/2023 00:00,0.0
06/09/2023 00:00,426.732
06/09/2023 00:00,286.074
06/09/2023 00:00,276.256
06/09/2023 00:00,0.0
06/09/2023 00:30,276.256
06/09/2023 00:30,404.917
06/09/2023 00:30,0.0
06/09/2023 00:30,426.732
06/09/2023 00:30,0.0
06/09/2023 00:30,286.074
06/09/2023 01:00,426.732
06/09/2023 01:00,0.0
06/09/2023 01:00,404.917
06/09/2023 01:00,0.0
06/09/2023 01:00,286.074
06/09/2023 01:00,276.256
06/09/2023 01:30,0.0
06/09/2023 01:30,0.0
06/09/2023 01:30,286.074
06/09/2023 01:30,276.256
06/09/2023 01:30,426.732
06/09/2023 01:30,404.917
06/09/2023 02:00,286.074
06/09/2023 02:00,276.256
06/09/2023 02:00,0.0
06/09/2023 02:00,0.0
06/09/2023 02:00,426.732
06/09/2023 02:00,404.917
06/09/2023 02:30,286.074
06/09/2023 02:30,0.0
06/09/2023 02:30,426.732
06/09/2023 02:30,404.917
06/09/2023 02:30,0.0
06/09/2023 02:30,276.256
06/09/2023 03:00,404.917
06/09/2023 03:00,286.074
06/09/2023 03:00,0.0
06/09/2023 03:00,276.256
06/09/2023 03:00,426.732
06/09/2023 03:00,0.0
06/09/2023 03:30,0.0
06/09/2023 03:30,426.732
06/09/2023 03:30,276.256
06/09/2023 03:30,404.917
06/09/2023 03:30,286.074
06/09/2023 03:30,0.0
06/09/2023 04:00,0.0
06/09/2023 04:00,286.074
06/09/2023 04:00,0.0
06/09/2023 04:00,426.732
06/09/2023 04:00,276.256
06/09/2023 04:00,404.917
06/09/2023 04:30,426.732
06/09/2023 04:30,276.256
06/09/2023 04:30,0.0
06/09/2023 04:30,404.917
06/09/2023 04:30,286.074
06/09/2023 04:30,0.0
06/09/2023 05:00,426.732
06/09/2023 05:00,0.0
06/09/2023 05:00,276.256
06/09/2023 05:00,286.074
06/09/2023 05:00,404.917
06/09/2023 05:00,0.0
06/09/2023 05:30,286.074
06/09/2023 05:30,0.0
06/09/2023 05:30,404.917
06/09/2023 05:30,276.256
06/09/2023 05:30,426.732
06/09/2023 05:30,0.0
06/09/2023 06:00,0.0
06/09/2023 06:00,404.917
06/09/2023 06:00,286.074
06/09/2023 06:00,0.0
06/09/2023 06:00,276.256
06/09/2023 06:00,426.732
06/09/2023 06:30,426.732
06/09/2023 06:30,0.0
06/09/2023 06:30,286.074
06/09/2023 06:30,0.0
06/09/2023 06:30,404.917
06/09/2023 06:30,276.256
06/09/2023 07:00,0.0
06/09/2023 07:00,404.917
06/09/2023 07:00,276.256
06/09/2023 07:00,0.0
06/09/2023 07:00,426.732
06/09/2023 07:00,286.074
06/09/2023 07:30,0.0
06/09/2023 07:30,0.0
06/09/2023 07:30,426.732
06/09/2023 07:30,404.917
06/09/2023 07:30,286.074
06/09/2023 07:30,276.256
06/09/2023 08:00,0.0
06/09/2023 08:00,286.074
06/09/2023 08:00,0.0
06/09/2023 08:00,426.732
06/09/2023 08:00,404.917
06/09/2023 08:00,276.256
06/09/2023 08:30,404.917
06/09/2023 08:30,0.0
06/09/2023 08:30,286.074
06/09/2023 08:30,426.732
06/09/2023 08:30,276.256
06/09/2023 08:30,0.0
06/09/2023 09:00,404.917
06/09/2023 09:00,0.0
06/09/2023 09:00,426.732
06/09/2023 09:00,286.074
06/09/2023 09:00,0.0
06/09/2023 09:00,276.256
06/09/2023 09:30,404.917
06/09/2023 09:30,0.0
06/09/2023 09:30,276.256
06/09/2023 09:30,0.0
06/09/2023 09:30,286.074
06/09/2023 09:30,426.732
06/09/2023 10:00,0.0
06/09/2023 10:00,426.732
06/09/2023 10:00,276.256
06/09/2023 10:00,404.917
06/09/2023 10:00,0.0
06/09/2023 10:00,286.074
06/09/2023 10:30,426.732
06/09/2023 10:30,286.074
06/09/2023 10:30,0.0
06/09/2023 10:30,276.256
06/09/2023 10:30,404.917
06/09/2023 10:30,0.0
06/09/2023 11:00,0.0
06/09/2023 11:00,0.0
06/09/2023 11:00,276.256
06/09/2023 11:00,404.917
06/09/2023 11:00,286.074
06/09/2023 11:00,426.732
06/09/2023 11:30,426.732
06/09/2023 11:30,404.917
06/09/2023 11:30,0.0
06/09/2023 11:30,276.256
06/09/2023 11:30,0.0
06/09/2023 11:30,286.074
06/09/2023 12:00,0.0
06/09/2023 12:00,426.732
06/09/2023 12:00,0.0
06/09/2023 12:00,286.074
06/09/2023 12:00,276.256
06/09/2023 12:00,404.917
06/09/2023 12:30,276.256
06/09/2023 12:30,0.0
06/09/2023 12:30,426.732
06/09/2023 12:30,404.917
06/09/2023 12:30,0.0
06/09/2023 12:30,286.074
06/09/2023 13:00,0.0
06/09/2023 13:00,426.732
06/09/2023 13:00,0.0
06/09/2023 13:00,276.256
06/09/2023 13:00,286.074
06/09/2023 13:00,404.917
06/09/2023 13:30,426.732
06/09/2023 13:30,0.0
06/09/2023 13:30,286.074
06/09/2023 13:30,276.256
06/09/2023 13:30,404.917
06/09/2023 13:30,0.0
06/09/2023 14:00,0.0
06/09/2023 14:00,286.074
06/09/2023 14:00,426.732
06/09/2023 14:00,0.0
06/09/2023 14:00,276.256
06/09/2023 14:00,404.917
06/09/2023 14:30,276.256
06/09/2023 14:30,0.0
06/09/2023 14:30,426.732
06/09/2023 14:30,0.0
06/09/2023 14:30,286.074
06/09/2023 14:30,404.917
06/09/2023 15:00,426.732
06/09/2023 15:00,286.074
06/09/2023 15:00,0.0
06/09/2023 15:00,0.0
06/09/2023 15:00,276.256
06/09/2023 15:00,404.917
06/09/2023 15:30,404.917
06/09/2023 15:30,0.0
06/09/2023 15:30,0.0
06/09/2023 15:30,286.074
06/09/2023 15:30,426.732
06/09/2023 15:30,276.256
06/09/2023 16:00,426.732
06/09/2023 16:00,404.917
06/09/2023 16:00,276.256
06/09/2023 16:00,0.0
06/09/2023 16:00,286.074
06/09/2023 16:00,0.0
06/09/2023 16:30,404.917
06/09/2023 16:30,0.0
06/09/2023 16:30,426.732
06/09/2023 16:30,286.074
06/09/2023 16:30,0.0
06/09/2023 16:30,276.256
06/09/2023 17:00,0.0
06/09/2023 17:00,286.074
06/09/2023 17:00,276.256
06/09/2023 17:00,404.917
06/09/2023 17:00,0.0
06/09/2023 17:00,426.732
06/09/2023 17:30,404.917
06/09/2023 17:30,426.732
06/09/2023 17:30,286.074
06/09/2023 17:30,276.256
06/09/2023 17:30,0.0
06/09/2023 17:30,0.0
06/09/2023 18:00,404.917
06/09/2023 18:00,276.256
06/09/2023 18:00,426.732
06/09/2023 18:00,0.0
06/09/2023 18:00,286.074
06/09/2023 18:00,0.0
06/09/2023 18:30,0.0
06/09/2023 18:30,286.074
06/09/2023 18:30,276.256
06/09/2023 18:30,404.917
06/09/2023 18:30,0.0
06/09/2023 18:30,426.732
06/09/2023 19:00,0.0
06/09/2023 19:00,426.732
06/09/2023 19:00,286.074
06/09/2023 19:00,0.0
06/09/2023 19:00,404.917
06/09/2023 19:00,276.256
06/09/2023 19:30,276.256
06/09/2023 19:30,286.074
06/09/2023 19:30,0.0
06/09/2023 19:30,426.732
06/09/2023 19:30,404.917
06/09/2023 19:30,0.0
06/09/2023 20:00,286.074
06/09/2023 20:00,404.917
06/09/2023 20:00,0.0
06/09/2023 20:00,426.732
06/09/2023 20:00,276.256
06/09/2023 20:00,0.0
06/09/2023 20:30,404.917
06/09/2023 20:30,426.732
06/09/2023 20:30,276.256
06/09/2023 20:30,0.0
06/09/2023 20:30,286.074
06/09/2023 20:30,0.0
06/09/2023 21:00,286.074
06/09/2023 21:00,276.256
06/09/2023 21:00,426.732
06/09/2023 21:00,0.0
06/09/2023 21:00,404.917
06/09/2023 21:00,0.0
06/09/2023 21:30,286.074
06/09/2023 21:30,276.256
06/09/2023 21:30,0.0
06/09/2023 21:30,426.732
06/09/2023 21:30,404.917
06/09/2023 21:30,0.0
06/09/2023 22:00,0.0
06/09/2023 22:00,426.732
06/09/2023 22:00,286.074
06/09/2023 22:00,276.256
06/09/2023 22:00,404.917
06/09/2023 22:00,0.0
06/09/2023 22:30,0.0
06/09/2023 22:30,286.074
06/09/2023 22:30,426.732
06/09/2023 22:30,404.917
06/09/2023 22:30,0.0
06/09/2023 22:30,276.256
06/09/2023 23:00,0.0
06/09/2023 23:00,286.074
06/09/2023 23:00,404.917
06/09/2023 23:00,276.256
06/09/2023 23:00,426.732
06/09/2023 23:00,0.0
06/09/2023 23:30,0.0
06/09/2023 23:30,276.256
06/09/2023 23:30,426.732
06/09/2023 23:30,0.0
06/09/2023 23:30,286.074
06/09/2023 23:30,404.917
06/10/2023 00:00,365.91
06/10/2023 00:00,770.0
06/10/2023 00:00,286.074
06/10/2023 00:00,897.407
06/10/2023 00:00,276.256
06/10/2023 00:00,276.256
06/10/2023 00:00,236.641
06/10/2023 00:30,286.074
06/10/2023 00:30,276.256
06/10/2023 00:30,276.256
06/10/2023 00:30,770.0
06/10/2023 00:30,236.641
06/10/2023 00:30,897.407
06/10/2023 00:30,365.91
06/10/2023 01:00,365.91
06/10/2023 01:00,286.074
06/10/2023 01:00,236.641
06/10/2023 01:00,897.407
06/10/2023 01:00,770.0
06/10/2023 01:00,276.256
06/10/2023 01:00,276.256
06/10/2023 01:30,276.256
06/10/2023 01:30,897.407
06/10/2023 01:30,276.256
06/10/2023 01:30,236.641
06/10/2023 01:30,770.0
06/10/2023 01:30,286.074
06/10/2023 01:30,365.91
06/10/2023 02:00,897.407
06/10/2023 02:00,276.256
06/10/2023 02:00,770.0
06/10/2023 02:00,286.074
06/10/2023 02:00,236.641
06/10/2023 02:00,276.256
06/10/2023 02:00,365.91
06/10/2023 02:30,770.0
06/10/2023 02:30,286.074
06/10/2023 02:30,236.641
06/10/2023 02:30,276.256
06/10/2023 02:30,276.256
06/10/2023 02:30,897.407
06/10/2023 02:30,365.91
06/10/2023 03:00,276.256
06/10/2023 03:00,276.256
06/10/2023 03:00,770.0
06/10/2023 03:00,365.91
06/10/2023 03:00,286.074
06/10/2023 03:00,897.407
06/10/2023 03:00,236.641
06/10/2023 03:30,365.91
06/10/2023 03:30,236.641
06/10/2023 03:30,770.0
06/10/2023 03:30,286.074
06/10/2023 03:30,276.256
06/10/2023 03:30,897.407
06/10/2023 03:30,276.256
06/10/2023 04:00,276.256
06/10/2023 04:00,365.91
06/10/2023 04:00,770.0
06/10/2023 04:00,897.407
06/10/2023 04:00,286.074
06/10/2023 04:00,276.256
06/10/2023 04:00,236.641
06/10/2023 04:30,286.074
06/10/2023 04:30,276.256
06/10/2023 04:30,276.256
06/10/2023 04:30,897.407
06/10/2023 04:30,365.91
06/10/2023 04:30,236.641
06/10/2023 04:30,770.0
06/10/2023 05:00,897.407
06/10/2023 05:00,286.074
06/10/2023 05:00,770.0
06/10/2023 05:00,276.256
06/10/2023 05:00,276.256
06/10/2023 05:00,236.641
06/10/2023 05:00,365.91
06/10/2023 05:30,770.0
06/10/2023 05:30,276.256
06/10/2023 05:30,286.074
06/10/2023 05:30,276.256
06/10/2023 05:30,897.407
06/10/2023 05:30,236.641
06/10/2023 05:30,365.91
06/10/2023 06:00,276.256
06/10/2023 06:00,770.0
06/10/2023 06:00,897.407
06/10/2023 06:00,276.256
06/10/2023 06:00,236.641
06/10/2023 06:00,365.91
06/10/2023 06:00,286.074
06/10/2023 06:30,770.0
06/10/2023 06:30,897.407
06/10/2023 06:30,236.641
06/10/2023 06:30,276.256
06/10/2023 06:30,365.91
06/10/2023 06:30,286.074
06/10/2023 06:30,276.256
06/10/2023 07:00,365.91
06/10/2023 07:00,770.0
06/10/2023 07:00,236.641
06/10/2023 07:00,276.256
06/10/2023 07:00,276.256
06/10/2023 07:00,897.407
06/10/2023 07:00,286.074
06/10/2023 07:30,365.91
06/10/2023 07:30,276.256
06/10/2023 07:30,770.0
06/10/2023 07:30,286.074
06/10/2023 07:30,276.256
06/10/2023 07:30,236.641
06/10/2023 07:30,897.407
06/10/2023 08:00,276.256
06/10/2023 08:00,365.91
06/10/2023 08:00,236.641
06/10/2023 08:00,286.074
06/10/2023 08:00,770.0
06/10/2023 08:00,276.256
06/10/2023 08:00,897.407
06/10/2023 08:30,276.256
06/10/2023 08:30,286.074
06/10/2023 08:30,236.641
06/10/2023 08:30,276.256
06/10/2023 08:30,365.91
06/10/2023 08:30,897.407
06/10/2023 08:30,770.0
06/10/2023 09:00,276.256
06/10/2023 09:00,897.407
06/10/2023 09:00,770.0
06/10/2023 09:00,286.074
06/10/2023 09:00,365.91
06/10/2023 09:00,276.256
06/10/2023 09:00,236.641
06/10/2023 09:30,286.074
06/10/2023 09:30,897.407
06/10/2023 09:30,365.91
06/10/2023 09:30,276.256
06/10/2023 09:30,770.0
06/10/2023 09:30,276.256
06/10/2023 09:30,236.641
06/10/2023 10:00,365.91
06/10/2023 10:00,897.407
06/10/2023 10:00,236.641
06/10/2023 10:00,276.256
06/10/2023 10:00,286.074
06/10/2023 10:00,770.0
06/10/2023 10:00,276.256
06/10/2023 10:30,276.256
06/10/2023 10:30,236.641
06/10/2023 10:30,897.407
06/10/2023 10:30,276.256
06/10/2023 10:30,365.91
06/10/2023 10:30,286.074
06/10/2023 10:30,770.0
06/10/2023 11:00,770.0
06/10/2023 11:00,286.074
06/10/2023 11:00,236.641
06/10/2023 11:00,897.407
06/10/2023 11:00,276.256
06/10/2023 11:00,276.256
06/10/2023 11:00,365.91
06/10/2023 11:30,286.074
06/10/2023 11:30,770.0
06/10/2023 11:30,365.91
06/10/2023 11:30,276.256
06/10/2023 11:30,236.641
06/10/2023 11:30,897.407
06/10/2023 11:30,276.256
06/10/2023 12:00,365.91
06/10/2023 12:00,276.256
06/10/2023 12:00,286.074
06/10/2023 12:00,770.0
06/10/2023 12:00,236.641
06/10/2023 12:00,897.407
06/10/2023 12:00,276.256
06/10/2023 12:30,276.256
06/10/2023 12:30,276.256
06/10/2023 12:30,770.0
06/10/2023 12:30,365.91
06/10/2023 12:30,897.407
06/10/2023 12:30,286.074
06/10/2023 12:30,236.641
06/10/2023 13:00,286.074
06/10/2023 13:00,365.91
06/10/2023 13:00,236.641
06/10/2023 13:00,276.256
06/10/2023 13:00,276.256
06/10/2023 13:00,770.0
06/10/2023 13:00,897.407
06/10/2023 13:30,276.256
06/10/2023 13:30,276.256
06/10/2023 13:30,770.0
06/10/2023 13:30,897.407
06/10/2023 13:30,365.91
06/10/2023 13:30,286.074
06/10/2023 13:30,236.641
06/10/2023 14:00,276.256
06/10/2023 14:00,897.407
06/10/2023 14:00,365.91
06/10/2023 14:00,286.074
06/10/2023 14:00,770.0
06/10/2023 14:00,236.641
06/10/2023 14:00,276.256
06/10/2023 14:30,286.074
06/10/2023 14:30,276.256
06/10/2023 14:30,897.407
06/10/2023 14:30,236.641
06/10/2023 14:30,770.0
06/10/2023 14:30,276.256
06/10/2023 14:30,365.91
06/10/2023 15:00,897.407
06/10/2023 15:00,286.074
06/10/2023 15:00,276.256
06/10/2023 15:00,770.0
06/10/2023 15:00,276.256
06/10/2023 15:00,365.91
06/10/2023 15:00,236.641
06/10/2023 15:30,365.91
06/10/2023 15:30,276.256
06/10/2023 15:30,897.407
06/10/2023 15:30,770.0
06/10/2023 15:30,286.074
06/10/2023 15:30,276.256
06/10/2023 15:30,236.641
06/10/2023 16:00,286.074
06/10/2023 16:00,276.256
06/10/2023 16:00,770.0
06/10/2023 16:00,897.407
06/10/2023 16:00,236.641
06/10/2023 16:00,276.256
06/10/2023 16:00,365.91
06/10/2023 16:30,276.256
06/10/2023 16:30,897.407
06/10/2023 16:30,365.91
06/10/2023 16:30,236.641
06/10/2023 16:30,276.256
06/10/2023 16:30,770.0
06/10/2023 16:30,286.074
06/10/2023 17:00,276.256
06/10/2023 17:00,897.407
06/10/2023 17:00,276.256
06/10/2023 17:00,236.641
06/10/2023 17:00,770.0
06/10/2023 17:00,365.91
06/10/2023 17:00,286.074
06/10/2023 17:30,770.0
06/10/2023 17:30,276.256
06/10/2023 17:30,236.641
06/10/2023 17:30,365.91
06/10/2023 17:30,276.256
06/10/2023 17:30,897.407
06/10/2023 17:30,286.074
06/10/2023 18:00,276.256
06/10/2023 18:00,365.91
06/10/2023 18:00,770.0
06/10/2023 18:00,236.641
06/10/2023 18:00,276.256
06/10/2023 18:00,897.407
06/10/2023 18:00,286.074
06/10/2023 18:30,897.407
06/10/2023 18:30,276.256
06/10/2023 18:30,286.074
06/10/2023 18:30,236.641
06/10/2023 18:30,276.256
06/10/2023 18:30,365.91
06/10/2023 18:30,770.0
06/10/2023 19:00,365.91
06/10/2023 19:00,276.256
06/10/2023 19:00,770.0
06/10/2023 19:00,897.407
06/10/2023 19:00,276.256
06/10/2023 19:00,236.641
06/10/2023 19:00,286.074
06/10/2023 19:30,236.641
06/10/2023 19:30,276.256
06/10/2023 19:30,286.074
06/10/2023 19:30,276.256
06/10/2023 19:30,365.91
06/10/2023 19:30,897.407
06/10/2023 19:30,770.0
06/10/2023 20:00,236.641
06/10/2023 20:00,365.91
06/10/2023 20:00,897.407
06/10/2023 20:00,276.256
06/10/2023 20:00,286.074
06/10/2023 20:00,276.256
06/10/2023 20:00,770.0
06/10/2023 20:30,365.91
06/10/2023 20:30,276.256
06/10/2023 20:30,770.0
06/10/2023 20:30,276.256
06/10/2023 20:30,236.641
06/10/2023 20:30,897.407
06/10/2023 20:30,286.074
06/10/2023 21:00,276.256
06/10/2023 21:00,236.641
06/10/2023 21:00,365.91
06/10/2023 21:00,276.256
06/10/2023 21:00,897.407
06/10/2023 21:00,286.074
06/10/2023 21:00,770.0
06/10/2023 21:30,236.641
06/10/2023 21:30,276.256
06/10/2023 21:30,365.91
06/10/2023 21:30,276.256
06/10/2023 21:30,897.407
06/10/2023 21:30,770.0
06/10/2023 21:30,286.074
06/10/2023 22:00,276.256
06/10/2023 22:00,770.0
06/10/2023 22:00,236.641
06/10/2023 22:00,365.91
06/10/2023 22:00,276.256
06/10/2023 22:00,897.407
06/10/2023 22:00,286.074
06/10/2023 22:30,236.641
06/10/2023 22:30,276.256
06/10/2023 22:30,770.0
06/10/2023 22:30,286.074
06/10/2023 22:30,276.256
06/10/2023 22:30,897.407
06/10/2023 22:30,365.91
06/10/2023 23:00,365.91
06/10/2023 23:00,276.256
06/10/2023 23:00,897.407
06/10/2023 23:00,276.256
06/10/2023 23:00,770.0
06/10/2023 23:00,236.641
06/10/2023 23:00,286.074
06/10/2023 23:30,770.0
06/10/2023 23:30,276.256
06/10/2023 23:30,286.074
06/10/2023 23:30,897.407
06/10/2023 23:30,236.641
06/10/2023 23:30,365.91
06/10/2023 23:30,276.256
06/11/2023 00:00,129.814
06/11/2023 00:00,74.672
06/11/2023 00:00,117.841
06/11/2023 00:30,117.841
06/11/2023 00:30,129.814
06/11/2023 00:30,74.672
06/11/2023 01:00,74.672
06/11/2023 01:00,117.841
06/11/2023 01:00,129.814
06/11/2023 01:30,74.672
06/11/2023 01:30,117.841
06/11/2023 01:30,129.814
06/11/2023 02:00,117.841
06/11/2023 02:00,129.814
06/11/2023 02:00,74.672
06/11/2023 02:30,74.672
06/11/2023 02:30,129.814
06/11/2023 02:30,117.841
06/11/2023 03:00,74.672
06/11/2023 03:00,117.841
06/11/2023 03:00,129.814
06/11/2023 03:30,117.841
06/11/2023 03:30,74.672
06/11/2023 03:30,129.814
06/11/2023 04:00,117.841
06/11/2023 04:00,74.672
06/11/2023 04:00,129.814
06/11/2023 04:30,74.672
06/11/2023 04:30,117.841
06/11/2023 04:30,129.814
06/11/2023 05:00,74.672
06/11/2023 05:00,129.814
06/11/2023 05:00,117.841
06/11/2023 05:30,129.814
06/11/2023 05:30,74.672
06/11/2023 05:30,117.841
06/11/2023 06:00,117.841
06/11/2023 06:00,129.814
06/11/2023 06:00,74.672
06/11/2023 06:30,74.672
06/11/2023 06:30,129.814
06/11/2023 06:30,117.841
06/11/2023 07:00,74.672
06/11/2023 07:00,117.841
06/11/2023 07:00,129.814
06/11/2023 07:30,74.672
06/11/2023 07:30,117.841
06/11/2023 07:30,129.814
06/11/2023 08:00,117.841
06/11/2023 08:00,129.814
06/11/2023 08:00,74.672
06/11/2023 08:30,117.841
06/11/2023 08:30,129.814
06/11/2023 08:30,74.672
06/11/2023 09:00,117.841
06/11/2023 09:00,74.672
06/11/2023 09:00,129.814
06/11/2023 09:30,117.841
06/11/2023 09:30,74.672
06/11/2023 09:30,129.814
06/11/2023 10:00,129.814
06/11/2023 10:00,74.672
06/11/2023 10:00,117.841
06/11/2023 10:30,74.672
06/11/2023 10:30,129.814
06/11/2023 10:30,117.841
06/11/2023 11:00,117.841
06/11/2023 11:00,74.672
06/11/2023 11:00,129.814
06/11/2023 11:30,74.672
06/11/2023 11:30,117.841
06/11/2023 11:30,129.814
06/11/2023 12:00,117.841
06/11/2023 12:00,129.814
06/11/2023 12:00,74.672
06/11/2023 12:30,117.841
06/11/2023 12:30,74.672
06/11/2023 12:30,129.814
06/11/2023 13:00,117.841
06/11/2023 13:00,74.672
06/11/2023 13:00,129.814
06/11/2023 13:30,74.672
06/11/2023 13:30,129.814
06/11/2023 13:30,117.841
06/11/2023 14:00,117.841
06/11/2023 14:00,129.814
06/11/2023 14:00,74.672
06/11/2023 14:30,74.672
06/11/2023 14:30,117.841
06/11/2023 14:30,129.814
06/11/2023 15:00,117.841
06/11/2023 15:00,74.672
06/11/2023 15:00,129.814
06/11/2023 15:30,74.672
06/11/2023 15:30,129.814
06/11/2023 15:30,117.841
06/11/2023 16:00,129.814
06/11/2023 16:00,117.841
06/11/2023 16:00,74.672
06/11/2023 16:30,129.814
06/11/2023 16:30,117.841
06/11/2023 16:30,74.672
06/11/2023 17:00,129.814
06/11/2023 17:00,74.672
06/11/2023 17:00,117.841
06/11/2023 17:30,129.814
06/11/2023 17:30,117.841
06/11/2023 17:30,74.672
06/11/2023 18:00,117.841
06/11/2023 18:00,129.814
06/11/2023 18:00,74.672
06/11/2023 18:30,117.841
06/11/2023 18:30,129.814
06/11/2023 18:30,74.672
06/11/2023 19:00,117.841
06/11/2023 19:00,129.814
06/11/2023 19:00,74.672
06/11/2023 19:30,129.814
06/11/2023 19:30,74.672
06/11/2023 19:30,117.841
06/11/2023 20:00,117.841
06/11/2023 20:00,129.814
06/11/2023 20:00,74.672
06/11/2023 20:30,74.672
06/11/2023 20:30,117.841
06/11/2023 20:30,129.814
06/11/2023 21:00,129.814
06/11/2023 21:00,74.672
06/11/2023 21:00,117.841
06/11/2023 21:30,129.814
06/11/2023 21:30,74.672
06/11/2023 21:30,117.841
06/11/2023 22:00,117.841
06/11/2023 22:00,74.672
06/11/2023 22:00,129.814
06/11/2023 22:30,129.814
06/11/2023 22:30,117.841
06/11/2023 22:30,74.672
06/11/2023 23:00,117.841
06/11/2023 23:00,129.814
06/11/2023 23:00,74.672
06/11/2023 23:30,117.841
06/11/2023 23:30,129.814
06/11/2023 23:30,74.672
06/12/2023 00:00,31.132
06/12/2023 00:30,31.132
06/12/2023 01:00,31.132
06/12/2023 01:30,31.132
06/12/2023 02:00,31.132
06/12/2023 02:30,31.132
06/12/2023 03:00,31.132
06/12/2023 03:30,31.132
06/12/2023 04:00,31.132
06/12/2023 04:30,31.132
06/12/2023 05:00,31.132
06/12/2023 05:30,31.132
06/12/2023 06:00,31.132
06/12/2023 06:30,31.132
06/12/2023 07:00,31.132
06/12/2023 07:30,31.132
06/12/2023 08:00,31.132
06/12/2023 08:30,31.132
06/12/2023 09:00,31.132
06/12/2023 09:30,31.132
06/12/2023 10:00,31.132
06/12/2023 10:30,31.132
06/12/2023 11:00,31.132
06/12/2023 11:30,31.132
06/12/2023 12:00,31.132
06/12/2023 12:30,31.132
06/12/2023 13:00,31.132
06/12/2023 13:30,31.132
06/12/2023 14:00,31.132
06/12/2023 14:30,31.132
06/12/2023 15:00,31.132
06/12/2023 15:30,31.132
06/12/2023 16:00,31.132
06/12/2023 16:30,31.132
06/12/2023 17:00,31.132
06/12/2023 17:30,31.132
06/12/2023 18:00,31.132
06/12/2023 18:30,31.132
06/12/2023 19:00,31.132
06/12/2023 19:30,31.132
06/12/2023 20:00,31.132
06/12/2023 20:30,31.132
06/12/2023 21:00,31.132
06/12/2023 21:30,31.132
06/12/2023 22:00,31.132
06/12/2023 22:30,31.132
06/12/2023 23:00,31.132
06/12/2023 23:30,31.132
06/13/2023 00:00,19.486
06/13/2023 00:30,19.486
06/13/2023 01:00,19.486
06/13/2023 01:30,19.486
06/13/2023 02:00,19.486
06/13/2023 02:30,19.486
06/13/2023 03:00,19.486
06/13/2023 03:30,19.486
06/13/2023 04:00,19.486
06/13/2023 04:30,19.486
06/13/2023 05:00,19.486
06/13/2023 05:30,19.486
06/13/2023 06:00,19.486
06/13/2023 06:30,19.486
06/13/2023 07:00,19.486
06/13/2023 07:30,19.486
06/13/2023 08:00,19.486
06/13/2023 08:30,19.486
06/13/2023 09:00,19.486
06/13/2023 09:30,19.486
06/13/2023 10:00,19.486
06/13/2023 10:30,19.486
06/13/2023 11:00,19.486
06/13/2023 11:30,19.486
06/13/2023 12:00,19.486
06/13/2023 12:30,19.486
06/13/2023 13:00,19.486
06/13/2023 13:30,19.486
06/13/2023 14:00,19.486
06/13/2023 14:30,19.486
06/13/2023 15:00,19.486
06/13/2023 15:30,19.486
06/13/2023 16:00,19.486
06/13/2023 16:30,19.486
06/13/2023 17:00,19.486
06/13/2023 17:30,19.486
06/13/2023 18:00,19.486
06/13/2023 18:30,19.486
06/13/2023 19:00,19.486
06/13/2023 19:30,19.486
06/13/2023 20:00,19.486
06/13/2023 20:30,19.486
06/13/2023 21:00,19.486
06/13/2023 21:30,19.486
06/13/2023 22:00,19.486
06/13/2023 22:30,19.486
06/13/2023 23:00,19.486
06/13/2023 23:30,19.486
06/14/2023 00:00,11.973
06/14/2023 00:30,11.973
06/14/2023 01:00,11.973
06/14/2023 01:30,11.973
06/14/2023 02:00,11.973
06/14/2023 02:30,11.973
06/14/2023 03:00,11.973
06/14/2023 03:30,11.973
06/14/2023 04:00,11.973
06/14/2023 04:30,11.973
06/14/2023 05:00,11.973
06/14/2023 05:30,11.973
06/14/2023 06:00,11.973
06/14/2023 06:30,11.973
06/14/2023 07:00,11.973
06/14/2023 07:30,11.973
06/14/2023 08:00,11.973
06/14/2023 08:30,11.973
06/14/2023 09:00,11.973
06/14/2023 09:30,11.973
06/14/2023 10:00,11.973
06/14/2023 10:30,11.973
06/14/2023 11:00,11.973
06/14/2023 11:30,11.973
06/14/2023 12:00,11.973
06/14/2023 12:30,11.973
06/14/2023 13:00,11.973
06/14/2023 13:30,11.973
06/14/2023 14:00,11.973
06/14/2023 14:30,11.973
06/14/2023 15:00,11.973
06/14/2023 15:30,11.973
06/14/2023 16:00,11.973
06/14/2023 16:30,11.973
06/14/2023 17:00,11.973
06/14/2023 17:30,11.973
06/14/2023 18:00,11.973
06/14/2023 18:30,11.973
06/14/2023 19:00,11.973
06/14/2023 19:30,11.973
06/14/2023 20:00,11.973
06/14/2023 20:30,11.973
06/14/2023 21:00,11.973
06/14/2023 21:30,11.973
06/14/2023 22:00,11.973
06/14/2023 22:30,11.973
06/14/2023 23:00,11.973
06/14/2023 23:30,11.973
06/15/2023 00:00,13.469
06/15/2023 00:30,13.469
06/15/2023 01:00,13.469
06/15/2023 01:30,13.469
06/15/2023 02:00,13.469
06/15/2023 02:30,13.469
06/15/2023 03:00,13.469
06/15/2023 03:30,13.469
06/15/2023 04:00,13.469
06/15/2023 04:30,13.469
06/15/2023 05:00,13.469
06/15/2023 05:30,13.469
06/15/2023 06:00,13.469
06/15/2023 06:30,13.469
06/15/2023 07:00,13.469
06/15/2023 07:30,13.469
06/15/2023 08:00,13.469
06/15/2023 08:30,13.469
06/15/2023 09:00,13.469
06/15/2023 09:30,13.469
06/15/2023 10:00,13.469
06/15/2023 10:30,13.469
06/15/2023 11:00,13.469
06/15/2023 11:30,13.469
06/15/2023 12:00,13.469
06/15/2023 12:30,13.469
06/15/2023 13:00,13.469
06/15/2023 13:30,13.469
06/15/2023 14:00,13.469
06/15/2023 14:30,13.469
06/15/2023 15:00,13.469
06/15/2023 15:30,13.469
06/15/2023 16:00,13.469
06/15/2023 16:30,13.469
06/15/2023 17:00,13.469
06/15/2023 17:30,13.469
06/15/2023 18:00,13.469
06/15/2023 18:30,13.469
06/15/2023 19:00,13.469
06/15/2023 19:30,13.469
06/15/2023 20:00,13.469
06/15/2023 20:30,13.469
06/15/2023 21:00,13.469
06/15/2023 21:30,13.469
06/15/2023 22:00,13.469
06/15/2023 22:30,13.469
06/15/2023 23:00,13.469
06/15/2023 23:30,13.469
06/16/2023 00:00,13.469
06/16/2023 00:30,13.469
06/16/2023 01:00,13.469
06/16/2023 01:30,13.469
06/16/2023 02:00,13.469
06/16/2023 02:30,13.469
06/16/2023 03:00,13.469
06/16/2023 03:30,13.469
06/16/2023 04:00,13.469
06/16/2023 04:30,13.469
06/16/2023 05:00,13.469
06/16/2023 05:30,13.469
06/16/2023 06:00,13.469
06/16/2023 06:30,13.469
06/16/2023 07:00,13.469
06/16/2023 07:30,13.469
06/16/2023 08:00,13.469
06/16/2023 08:30,13.469
06/16/2023 09:00,13.469
06/16/2023 09:30,13.469
06/16/2023 10:00,13.469
06/16/2023 10:30,13.469
06/16/2023 11:00,13.469
06/16/2023 11:30,13.469
06/16/2023 12:00,13.469
06/16/2023 12:30,13.469
06/16/2023 13:00,13.469
06/16/2023 13:30,13.469
06/16/2023 14:00,13.469
06/16/2023 14:30,13.469
06/16/2023 15:00,13.469
06/16/2023 15:30,13.469
06/16/2023 16:00,13.469
06/16/2023 16:30,13.469
06/16/2023 17:00,13.469
06/16/2023 17:30,13.469
06/16/2023 18:00,13.469
06/16/2023 18:30,13.469
06/16/2023 19:00,13.469
06/16/2023 19:30,13.469
06/16/2023 20:00,13.469
06/16/2023 20:30,13.469
06/16/2023 21:00,13.469
06/16/2023 21:30,13.469
06/16/2023 22:00,13.469
06/16/2023 22:30,13.469
06/16/2023 23:00,13.469
06/16/2023 23:30,13.469
06/17/2023 00:00,13.469
06/17/2023 00:30,13.469
06/17/2023 01:00,13.469
06/17/2023 01:30,13.469
06/17/2023 02:00,13.469
06/17/2023 02:30,13.469
06/17/2023 03:00,13.469
06/17/2023 03:30,13.469
06/17/2023 04:00,13.469
06/17/2023 04:30,13.469
06/17/2023 05:00,13.469
06/17/2023 05:30,13.469
06/17/2023 06:00,13.469
06/17/2023 06:30,13.469
06/17/2023 07:00,13.469
06/17/2023 07:30,13.469
06/17/2023 08:00,13.469
06/17/2023 08:30,13.469
06/17/2023 09:00,13.469
06/17/2023 09:30,13.469
06/17/2023 10:00,13.469
06/17/2023 10:30,13.469
06/17/2023 11:00,13.469
06/17/2023 11:30,13.469
06/17/2023 12:00,13.469
06/17/2023 12:30,13.469
06/17/2023 13:00,13.469
06/17/2023 13:30,13.469
06/17/2023 14:00,13.469
06/17/2023 14:30,13.469
06/17/2023 15:00,13.469
06/17/2023 15:30,13.469
06/17/2023 16:00,13.469
06/17/2023 16:30,13.469
06/17/2023 17:00,13.469
06/17/2023 17:30,13.469
06/17/2023 18:00,13.469
06/17/2023 18:30,13.469
06/17/2023 19:00,13.469
06/17/2023 19:30,13.469
06/17/2023 20:00,13.469
06/17/2023 20:30,13.469
06/17/2023 21:00,13.469
06/17/2023 21:30,13.469
06/17/2023 22:00,13.469
06/17/2023 22:30,13.469
06/17/2023 23:00,13.469
06/17/2023 23:30,13.469
06/18/2023 00:00,13.469
06/18/2023 00:30,13.469
06/18/2023 01:00,13.469
06/18/2023 01:30,13.469
06/18/2023 02:00,13.469
06/18/2023 02:30,13.469
06/18/2023 03:00,13.469
06/18/2023 03:30,13.469
06/18/2023 04:00,13.469
06/18/2023 04:30,13.469
06/18/2023 05:00,13.469
06/18/2023 05:30,13.469
06/18/2023 06:00,13.469
06/18/2023 06:30,13.469
06/18/2023 07:00,13.469
06/18/2023 07:30,13.469
06/18/2023 08:00,13.469
06/18/2023 08:30,13.469
06/18/2023 09:00,13.469
06/18/2023 09:30,13.469
06/18/2023 10:00,13.469
06/18/2023 10:30,13.469
06/18/2023 11:00,13.469
06/18/2023 11:30,13.469
06/18/2023 12:00,13.469
06/18/2023 12:30,13.469
06/18/2023 13:00,13.469
06/18/2023 13:30,13.469
06/18/2023 14:00,13.469
06/18/2023 14:30,13.469
06/18/2023 15:00,13.469
06/18/2023 15:30,13.469
06/18/2023 16:00,13.469
06/18/2023 16:30,13.469
06/18/2023 17:00,13.469
06/18/2023 17:30,13.469
06/18/2023 18:00,13.469
06/18/2023 18:30,13.469
06/18/2023 19:00,13.469
06/18/2023 19:30,13.469
06/18/2023 20:00,13.469
06/18/2023 20:30,13.469
06/18/2023 21:00,13.469
06/18/2023 21:30,13.469
06/18/2023 22:00,13.469
06/18/2023 22:30,13.469
06/18/2023 23:00,13.469
06/18/2023 23:30,13.469
06/19/2023 00:00,11.973
06/19/2023 00:30,11.973
06/19/2023 01:00,11.973
06/19/2023 01:30,11.973
06/19/2023 02:00,11.973
06/19/2023 02:30,11.973
06/19/2023 03:00,11.973
06/19/2023 03:30,11.973
06/19/2023 04:00,11.973
06/19/2023 04:30,11.973
06/19/2023 05:00,11.973
06/19/2023 05:30,11.973
06/19/2023 06:00,11.973
06/19/2023 06:30,11.973
06/19/2023 07:00,11.973
06/19/2023 07:30,11.973
06/19/2023 08:00,11.973
06/19/2023 08:30,11.973
06/19/2023 09:00,11.973
06/19/2023 09:30,11.973
06/19/2023 10:00,11.973
06/19/2023 10:30,11.973
06/19/2023 11:00,11.973
06/19/2023 11:30,11.973
06/19/2023 12:00,11.973
06/19/2023 12:30,11.973
06/19/2023 13:00,11.973
06/19/2023 13:30,11.973
06/19/2023 14:00,11.973
06/19/2023 14:30,11.973
06/19/2023 15:00,11.973
06/19/2023 15:30,11.973
06/19/2023 16:00,11.973
06/19/2023 16:30,11.973
06/19/2023 17:00,11.973
06/19/2023 17:30,11.973
06/19/2023 18:00,11.973
06/19/2023 18:30,11.973
06/19/2023 19:00,11.973
06/19/2023 19:30,11.973
06/19/2023 20:00,11.973
06/19/2023 20:30,11.973
06/19/2023 21:00,11.973
06/19/2023 21:30,11.973
06/19/2023 22:00,11.973
06/19/2023 22:30,11.973
06/19/2023 23:00,11.973
06/19/2023 23:30,11.973
06/20/2023 00:00,7.483
06/20/2023 00:30,7.483
06/20/2023 01:00,7.483
06/20/2023 01:30,7.483
06/20/2023 02:00,7.483
06/20/2023 02:30,7.483
06/20/2023 03:00,7.483
06/20/2023 03:30,7.483
06/20/2023 04:00,7.483
06/20/2023 04:30,7.483
06/20/2023 05:00,7.483
06/20/2023 05:30,7.483
06/20/2023 06:00,7.483
06/20/2023 06:30,7.483
06/20/2023 07:00,7.483
06/20/2023 07:30,7.483
06/20/2023 08:00,7.483
06/20/2023 08:30,7.483
06/20/2023 09:00,7.483
06/20/2023 09:30,7.483
06/20/2023 10:00,7.483
06/20/2023 10:30,7.483
06/20/2023 11:00,7.483
06/20/2023 11:30,7.483
06/20/2023 12:00,7.483
06/20/2023 12:30,7.483
06/20/2023 13:00,7.483
06/20/2023 13:30,7.483
06/20/2023 14:00,7.483
06/20/2023 14:30,7.483
06/20/2023 15:00,7.483
06/20/2023 15:30,7.483
06/20/2023 16:00,7.483
06/20/2023 16:30,7.483
06/20/2023 17:00,7.483
06/20/2023 17:30,7.483
06/20/2023 18:00,7.483
06/20/2023 18:30,7.483
06/20/2023 19:00,7.483
06/20/2023 19:30,7.483
06/20/2023 20:00,7.483
06/20/2023 20:30,7.483
06/20/2023 21:00,7.483
06/20/2023 21:30,7.483
06/20/2023 22:00,7.483
06/20/2023 22:30,7.483
06/20/2023 23:00,7.483
06/20/2023 23:30,7.483
06/21/2023 00:00,5.986
06/21/2023 00:30,5.986
06/21/2023 01:00,5.986
06/21/2023 01:30,5.986
06/21/2023 02:00,5.986
06/21/2023 02:30,5.986
06/21/2023 03:00,5.986
06/21/2023 03:30,5.986
06/21/2023 04:00,5.986
06/21/2023 04:30,5.986
06/21/2023 05:00,5.986
06/21/2023 05:30,5.986
06/21/2023 06:00,5.986
06/21/2023 06:30,5.986
06/21/2023 07:00,5.986
06/21/2023 07:30,5.986
06/21/2023 08:00,5.986
06/21/2023 08:30,5.986
06/21/2023 09:00,5.986
06/21/2023 09:30,5.986
06/21/2023 10:00,5.986
06/21/2023 10:30,5.986
06/21/2023 11:00,5.986
06/21/2023 11:30,5.986
06/21/2023 12:00,5.986
06/21/2023 12:30,5.986
06/21/2023 13:00,5.986
06/21/2023 13:30,5.986
06/21/2023 14:00,5.986
06/21/2023 14:30,5.986
06/21/2023 15:00,5.986
06/21/2023 15:30,5.986
06/21/2023 16:00,5.986
06/21/2023 16:30,5.986
06/21/2023 17:00,5.986
06/21/2023 17:30,5.986
06/21/2023 18:00,5.986
06/21/2023 18:30,5.986
06/21/2023 19:00,5.986
06/21/2023 19:30,5.986
06/21/2023 20:00,5.986
06/21/2023 20:30,5.986
06/21/2023 21:00,5.986
06/21/2023 21:30,5.986
06/21/2023 22:00,5.986
06/21/2023 22:30,5.986
06/21/2023 23:00,5.986
06/21/2023 23:30,5.986
06/22/2023 00:00,4.493
06/22/2023 00:30,4.493
06/22/2023 01:00,4.493
06/22/2023 01:30,4.493
06/22/2023 02:00,4.493
06/22/2023 02:30,4.493
06/22/2023 03:00,4.493
06/22/2023 03:30,4.493
06/22/2023 04:00,4.493
06/22/2023 04:30,4.493
06/22/2023 05:00,4.493
06/22/2023 05:30,4.493
06/22/2023 06:00,4.493
06/22/2023 06:30,4.493
06/22/2023 07:00,4.493
06/22/2023 07:30,4.493
06/22/2023 08:00,4.493
06/22/2023 08:30,4.493
06/22/2023 09:00,4.493
06/22/2023 09:30,4.493
06/22/2023 10:00,4.493
06/22/2023 10:30,4.493
06/22/2023 11:00,4.493
06/22/2023 11:30,4.493
06/22/2023 12:00,4.493
06/22/2023 12:30,4.493
06/22/2023 13:00,4.493
06/22/2023 13:30,4.493
06/22/2023 14:00,4.493
06/22/2023 14:30,4.493
06/22/2023 15:00,4.493
06/22/2023 15:30,4.493
06/22/2023 16:00,4.493
06/22/2023 16:30,4.493
06/22/2023 17:00,4.493
06/22/2023 17:30,4.493
06/22/2023 18:00,4.493
06/22/2023 18:30,4.493
06/22/2023 19:00,4.493
06/22/2023 19:30,4.493
06/22/2023 20:00,4.493
06/22/2023 20:30,4.493
06/22/2023 21:00,4.493
06/22/2023 21:30,4.493
06/22/2023 22:00,4.493
06/22/2023 22:30,4.493
06/22/2023 23:00,4.493
06/22/2023 23:30,4.493
06/23/2023 00:00,2.997
06/23/2023 00:30,2.997
06/23/2023 01:00,2.997
06/23/2023 01:30,2.997
06/23/2023 02:00,2.997
06/23/2023 02:30,2.997
06/23/2023 03:00,2.997
06/23/2023 03:30,2.997
06/23/2023 04:00,2.997
06/23/2023 04:30,2.997
06/23/2023 05:00,2.997
06/23/2023 05:30,2.997
06/23/2023 06:00,2.997
06/23/2023 06:30,2.997
06/23/2023 07:00,2.997
06/23/2023 07:30,2.997
06/23/2023 08:00,2.997
06/23/2023 08:30,2.997
06/23/2023 09:00,2.997
06/23/2023 09:30,2.997
06/23/2023 10:00,2.997
06/23/2023 10:30,2.997
06/23/2023 11:00,2.997
06/23/2023 11:30,2.997
06/23/2023 12:00,2.997
06/23/2023 12:30,2.997
06/23/2023 13:00,2.997
06/23/2023 13:30,2.997
06/23/2023 14:00,2.997
06/23/2023 14:30,2.997
06/23/2023 15:00,2.997
06/23/2023 15:30,2.997
06/23/2023 16:00,2.997
06/23/2023 16:30,2.997
06/23/2023 17:00,2.997
06/23/2023 17:30,2.997
06/23/2023 18:00,2.997
06/23/2023 18:30,2.997
06/23/2023 19:00,2.997
06/23/2023 19:30,2.997
06/23/2023 20:00,2.997
06/23/2023 20:30,2.997
06/23/2023 21:00,2.997
06/23/2023 21:30,2.997
06/23/2023 22:00,2.997
06/23/2023 22:30,2.997
06/23/2023 23:00,2.997
06/23/2023 23:30,2.997
06/24/2023 00:00,2.997
06/24/2023 00:30,2.997
06/24/2023 01:00,2.997
06/24/2023 01:30,2.997
06/24/2023 02:00,2.997
06/24/2023 02:30,2.997
06/24/2023 03:00,2.997
06/24/2023 03:30,2.997
06/24/2023 04:00,2.997
06/24/2023 04:30,2.997
06/24/2023 05:00,2.997
06/24/2023 05:30,2.997
06/24/2023 06:00,2.997
06/24/2023 06:30,2.997
06/24/2023 07:00,2.997
06/24/2023 07:30,2.997
06/24/2023 08:00,2.997
06/24/2023 08:30,2.997
06/24/2023 09:00,2.997
06/24/2023 09:30,2.997
06/24/2023 10:00,2.997
06/24/2023 10:30,2.997
06/24/2023 11:00,2.997
06/24/2023 11:30,2.997
06/24/2023 12:00,2.997
06/24/2023 12:30,2.997
06/24/2023 13:00,2.997
06/24/2023 13:30,2.997
06/24/2023 14:00,2.997
06/24/2023 14:30,2.997
06/24/2023 15:00,2.997
06/24/2023 15:30,2.997
06/24/2023 16:00,2.997
06/24/2023 16:30,2.997
06/24/2023 17:00,2.997
06/24/2023 17:30,2.997
06/24/2023 18:00,2.997
06/24/2023 18:30,2.997
06/24/2023 19:00,2.997
06/24/2023 19:30,2.997
06/24/2023 20:00,2.997
06/24/2023 20:30,2.997
06/24/2023 21:00,2.997
06/24/2023 21:30,2.997
06/24/2023 22:00,2.997
06/24/2023 22:30,2.997
06/24/2023 23:00,2.997
06/24/2023 23:30,2.997
06/25/2023 00:00,2.997
06/25/2023 00:30,2.997
06/25/2023 01:00,2.997
06/25/2023 01:30,2.997
06/25/2023 02:00,2.997
06/25/2023 02:30,2.997
06/25/2023 03:00,2.997
06/25/2023 03:30,2.997
06/25/2023 04:00,2.997
06/25/2023 04:30,2.997
06/25/2023 05:00,2.997
06/25/2023 05:30,2.997
06/25/2023 06:00,2.997
06/25/2023 06:30,2.997
06/25/2023 07:00,2.997
06/25/2023 07:30,2.997
06/25/2023 08:00,2.997
06/25/2023 08:30,2.997
06/25/2023 09:00,2.997
06/25/2023 09:30,2.997
06/25/2023 10:00,2.997
06/25/2023 10:30,2.997
06/25/2023 11:00,2.997
06/25/2023 11:30,2.997
06/25/2023 12:00,2.997
06/25/2023 12:30,2.997
06/25/2023 13:00,2.997
06/25/2023 13:30,2.997
06/25/2023 14:00,2.997
06/25/2023 14:30,2.997
06/25/2023 15:00,2.997
06/25/2023 15:30,2.997
06/25/2023 16:00,2.997
06/25/2023 16:30,2.997
06/25/2023 17:00,2.997
06/25/2023 17:30,2.997
06/25/2023 18:00,2.997
06/25/2023 18:30,2.997
06/25/2023 19:00,2.997
06/25/2023 19:30,2.997
06/25/2023 20:00,2.997
06/25/2023 20:30,2.997
06/25/2023 21:00,2.997
06/25/2023 21:30,2.997
06/25/2023 22:00,2.997
06/25/2023 22:30,2.997
06/25/2023 23:00,2.997
06/25/2023 23:30,2.997
06/26/2023 00:00,2.997
06/26/2023 00:30,2.997
06/26/2023 01:00,2.997
06/26/2023 01:30,2.997
06/26/2023 02:00,2.997
06/26/2023 02:30,2.997
06/26/2023 03:00,2.997
06/26/2023 03:30,2.997
06/26/2023 04:00,2.997
06/26/2023 04:30,2.997
06/26/2023 05:00,2.997
06/26/2023 05:30,2.997
06/26/2023 06:00,2.997
06/26/2023 06:30,2.997
06/26/2023 07:00,2.997
06/26/2023 07:30,2.997
06/26/2023 08:00,2.997
06/26/2023 08:30,2.997
06/26/2023 09:00,2.997
06/26/2023 09:30,2.997
06/26/2023 10:00,2.997
06/26/2023 10:30,2.997
06/26/2023 11:00,2.997
06/26/2023 11:30,2.997
06/26/2023 12:00,2.997
06/26/2023 12:30,2.997
06/26/2023 13:00,2.997
06/26/2023 13:30,2.997
06/26/2023 14:00,2.997
06/26/2023 14:30,2.997
06/26/2023 15:00,2.997
06/26/2023 15:30,2.997
06/26/2023 16:00,2.997
06/26/2023 16:30,2.997
06/26/2023 17:00,2.997
06/26/2023 17:30,2.997
06/26/2023 18:00,2.997
06/26/2023 18:30,2.997
06/26/2023 19:00,2.997
06/26/2023 19:30,2.997
06/26/2023 20:00,2.997
06/26/2023 20:30,2.997
06/26/2023 21:00,2.997
06/26/2023 21:30,2.997
06/26/2023 22:00,2.997
06/26/2023 22:30,2.997
06/26/2023 23:00,2.997
06/26/2023 23:30,2.997
06/27/2023 00:00,15.469
06/27/2023 00:30,15.469
06/27/2023 01:00,15.469
06/27/2023 01:30,15.469
06/27/2023 02:00,15.469
06/27/2023 02:30,15.469
06/27/2023 03:00,15.469
06/27/2023 03:30,15.469
06/27/2023 04:00,15.469
06/27/2023 04:30,15.469
06/27/2023 05:00,15.469
06/27/2023 05:30,15.469
06/27/2023 06:00,15.469
06/27/2023 06:30,15.469
06/27/2023 07:00,15.469
06/27/2023 07:30,15.469
06/27/2023 08:00,15.469
06/27/2023 08:30,15.469
06/27/2023 09:00,15.469
06/27/2023 09:30,15.469
06/27/2023 10:00,15.469
06/27/2023 10:30,15.469
06/27/2023 11:00,15.469
06/27/2023 11:30,15.469
06/27/2023 12:00,15.469
06/27/2023 12:30,15.469
06/27/2023 13:00,15.469
06/27/2023 13:30,15.469
06/27/2023 14:00,15.469
06/27/2023 14:30,15.469
06/27/2023 15:00,15.469
06/27/2023 15:30,15.469
06/27/2023 16:00,15.469
06/27/2023 16:30,15.469
06/27/2023 17:00,15.469
06/27/2023 17:30,15.469
06/27/2023 18:00,15.469
06/27/2023 18:30,15.469
06/27/2023 19:00,15.469
06/27/2023 19:30,15.469
06/27/2023 20:00,15.469
06/27/2023 20:30,15.469
06/27/2023 21:00,15.469
06/27/2023 21:30,15.469
06/27/2023 22:00,15.469
06/27/2023 22:30,15.469
06/27/2023 23:00,15.469
06/27/2023 23:30,15.469
06/28/2023 00:00,11.976
06/28/2023 00:30,11.976
06/28/2023 01:00,11.976
06/28/2023 01:30,11.976
06/28/2023 02:00,11.976
06/28/2023 02:30,11.976
06/28/2023 03:00,11.976
06/28/2023 03:30,11.976
06/28/2023 04:00,11.976
06/28/2023 04:30,11.976
06/28/2023 05:00,11.976
06/28/2023 05:30,11.976
06/28/2023 06:00,11.976
06/28/2023 06:30,11.976
06/28/2023 07:00,11.976
06/28/2023 07:30,11.976
06/28/2023 08:00,11.976
06/28/2023 08:30,11.976
06/28/2023 09:00,11.976
06/28/2023 09:30,11.976
06/28/2023 10:00,11.976
06/28/2023 10:30,11.976
06/28/2023 11:00,11.976
06/28/2023 11:30,11.976
06/28/2023 12:00,11.976
06/28/2023 12:30,11.976
06/28/2023 13:00,11.976
06/28/2023 13:30,11.976
06/28/2023 14:00,11.976
06/28/2023 14:30,11.976
06/28/2023 15:00,11.976
06/28/2023 15:30,11.976
06/28/2023 16:00,11.976
06/28/2023 16:30,11.976
06/28/2023 17:00,11.976
06/28/2023 17:30,11.976
06/28/2023 18:00,11.976
06/28/2023 18:30,11.976
06/28/2023 19:00,11.976
06/28/2023 19:30,11.976
06/28/2023 20:00,11.976
06/28/2023 20:30,11.976
06/28/2023 21:00,11.976
06/28/2023 21:30,11.976
06/28/2023 22:00,11.976
06/28/2023 22:30,11.976
06/28/2023 23:00,11.976
06/28/2023 23:30,11.976
06/29/2023 00:00,7.486
06/29/2023 00:30,7.486
06/29/2023 01:00,7.486
06/29/2023 01:30,7.486
06/29/2023 02:00,7.486
06/29/2023 02:30,7.486
06/29/2023 03:00,7.486
06/29/2023 03:30,7.486
06/29/2023 04:00,7.486
06/29/2023 04:30,7.486
06/29/2023 05:00,7.486
06/29/2023 05:30,7.486
06/29/2023 06:00,7.486
06/29/2023 06:30,7.486
06/29/2023 07:00,7.486
06/29/2023 07:30,7.486
06/29/2023 08:00,7.486
06/29/2023 08:30,7.486
06/29/2023 09:00,7.486
06/29/2023 09:30,7.486
06/29/2023 10:00,7.486
06/29/2023 10:30,7.486
06/29/2023 11:00,7.486
06/29/2023 11:30,7.486
06/29/2023 12:00,7.486
06/29/2023 12:30,7.486
06/29/2023 13:00,7.486
06/29/2023 13:30,7.486
06/29/2023 14:00,7.486
06/29/2023 14:30,7.486
06/29/2023 15:00,7.486
06/29/2023 15:30,7.486
06/29/2023 16:00,7.486
06/29/2023 16:30,7.486
06/29/2023 17:00,7.486
06/29/2023 17:30,7.486
06/29/2023 18:00,7.486
06/29/2023 18:30,7.486
06/29/2023 19:00,7.486
06/29/2023 19:30,7.486
06/29/2023 20:00,7.486
06/29/2023 20:30,7.486
06/29/2023 21:00,7.486
06/29/2023 21:30,7.486
06/29/2023 22:00,7.486
06/29/2023 22:30,7.486
06/29/2023 23:00,7.486
06/29/2023 23:30,7.486
06/30/2023 00:00,7.486
06/30/2023 00:30,7.486
06/30/2023 01:00,7.486
06/30/2023 01:30,7.486
06/30/2023 02:00,7.486
06/30/2023 02:30,7.486
06/30/2023 03:00,7.486
06/30/2023 03:30,7.486
06/30/2023 04:00,7.486
06/30/2023 04:30,7.486
06/30/2023 05:00,7.486
06/30/2023 05:30,7.486
06/30/2023 06:00,7.486
06/30/2023 06:30,7.486
06/30/2023 07:00,7.486
06/30/2023 07:30,7.486
06/30/2023 08:00,7.486
06/30/2023 08:30,7.486
06/30/2023 09:00,7.486
06/30/2023 09:30,7.486
06/30/2023 10:00,7.486
06/30/2023 10:30,7.486
06/30/2023 11:00,7.486
06/30/2023 11:30,7.486
06/30/2023 12:00,7.486
06/30/2023 12:30,7.486
06/30/2023 13:00,7.486
06/30/2023 13:30,7.486
06/30/2023 14:00,7.486
06/30/2023 14:30,7.486
06/30/2023 15:00,7.486
06/30/2023 15:30,7.486
06/30/2023 16:00,7.486
06/30/2023 16:30,7.486
06/30/2023 17:00,7.486
06/30/2023 17:30,7.486
06/30/2023 18:00,7.486
06/30/2023 18:30,7.486
06/30/2023 19:00,7.486
06/30/2023 19:30,7.486
06/30/2023 20:00,7.486
06/30/2023 20:30,7.486
06/30/2023 21:00,7.486
06/30/2023 21:30,7.486
06/30/2023 22:00,7.486
06/30/2023 22:30,7.486
06/30/2023 23:00,7.486
06/30/2023 23:30,7.486
07/01/2023 00:00,10.48
07/01/2023 00:30,10.48
07/01/2023 01:00,10.48
07/01/2023 01:30,10.48
07/01/2023 02:00,10.48
07/01/2023 02:30,10.48
07/01/2023 03:00,10.48
07/01/2023 03:30,10.48
07/01/2023 04:00,10.48
07/01/2023 04:30,10.48
07/01/2023 05:00,10.48
07/01/2023 05:30,10.48
07/01/2023 06:00,10.48
07/01/2023 06:30,10.48
07/01/2023 07:00,10.48
07/01/2023 07:30,10.48
07/01/2023 08:00,10.48
07/01/2023 08:30,10.48
07/01/2023 09:00,10.48
07/01/2023 09:30,10.48
07/01/2023 10:00,10.48
07/01/2023 10:30,10.48
07/01/2023 11:00,10.48
07/01/2023 11:30,10.48
07/01/2023 12:00,10.48
07/01/2023 12:30,10.48
07/01/2023 13:00,10.48
07/01/2023 13:30,10.48
07/01/2023 14:00,10.48
07/01/2023 14:30,10.48
07/01/2023 15:00,10.48
07/01/2023 15:30,10.48
07/01/2023 16:00,10.48
07/01/2023 16:30,10.48
07/01/2023 17:00,10.48
07/01/2023 17:30,10.48
07/01/2023 18:00,10.48
07/01/2023 18:30,10.48
07/01/2023 19:00,10.48
07/01/2023 19:30,10.48
07/01/2023 20:00,10.48
07/01/2023 20:30,10.48
07/01/2023 21:00,10.48
07/01/2023 21:30,10.48
07/01/2023 22:00,10.48
07/01/2023 22:30,10.48
07/01/2023 23:00,10.48
07/01/2023 23:30,10.48
07/02/2023 00:00,4.493
07/02/2023 00:30,4.493
07/02/2023 01:00,4.493
07/02/2023 01:30,4.493
07/02/2023 02:00,4.493
07/02/2023 02:30,4.493
07/02/2023 03:00,4.493
07/02/2023 03:30,4.493
07/02/2023 04:00,4.493
07/02/2023 04:30,4.493
07/02/2023 05:00,4.493
07/02/2023 05:30,4.493
07/02/2023 06:00,4.493
07/02/2023 06:30,4.493
07/02/2023 07:00,4.493
07/02/2023 07:30,4.493
07/02/2023 08:00,4.493
07/02/2023 08:30,4.493
07/02/2023 09:00,4.493
07/02/2023 09:30,4.493
07/02/2023 10:00,4.493
07/02/2023 10:30,4.493
07/02/2023 11:00,4.493
07/02/2023 11:30,4.493
07/02/2023 12:00,4.493
07/02/2023 12:30,4.493
07/02/2023 13:00,4.493
07/02/2023 13:30,4.493
07/02/2023 14:00,4.493
07/02/2023 14:30,4.493
07/02/2023 15:00,4.493
07/02/2023 15:30,4.493
07/02/2023 16:00,4.493
07/02/2023 16:30,4.493
07/02/2023 17:00,4.493
07/02/2023 17:30,4.493
07/02/2023 18:00,4.493
07/02/2023 18:30,4.493
07/02/2023 19:00,4.493
07/02/2023 19:30,4.493
07/02/2023 20:00,4.493
07/02/2023 20:30,4.493
07/02/2023 21:00,4.493
07/02/2023 21:30,4.493
07/02/2023 22:00,4.493
07/02/2023 22:30,4.493
07/02/2023 23:00,4.493
07/02/2023 23:30,4.493
07/03/2023 00:00,2.997
07/03/2023 00:30,2.997
07/03/2023 01:00,2.997
07/03/2023 01:30,2.997
07/03/2023 02:00,2.997
07/03/2023 02:30,2.997
07/03/2023 03:00,2.997
07/03/2023 03:30,2.997
07/03/2023 04:00,2.997
07/03/2023 04:30,2.997
07/03/2023 05:00,2.997
07/03/2023 05:30,2.997
07/03/2023 06:00,2.997
07/03/2023 06:30,2.997
07/03/2023 07:00,2.997
07/03/2023 07:30,2.997
07/03/2023 08:00,2.997
07/03/2023 08:30,2.997
07/03/2023 09:00,2.997
07/03/2023 09:30,2.997
07/03/2023 10:00,2.997
07/03/2023 10:30,2.997
07/03/2023 11:00,2.997
07/03/2023 11:30,2.997
07/03/2023 12:00,2.997
07/03/2023 12:30,2.997
07/03/2023 13:00,2.997
07/03/2023 13:30,2.997
07/03/2023 14:00,2.997
07/03/2023 14:30,2.997
07/03/2023 15:00,2.997
07/03/2023 15:30,2.997
07/03/2023 16:00,2.997
07/03/2023 16:30,2.997
07/03/2023 17:00,2.997
07/03/2023 17:30,2.997
07/03/2023 18:00,2.997
07/03/2023 18:30,2.997
07/03/2023 19:00,2.997
07/03/2023 19:30,2.997
07/03/2023 20:00,2.997
07/03/2023 20:30,2.997
07/03/2023 21:00,2.997
07/03/2023 21:30,2.997
07/03/2023 22:00,2.997
07/03/2023 22:30,2.997
07/03/2023 23:00,2.997
07/03/2023 23:30,2.997
07/04/2023 00:00,2.997
07/04/2023 00:30,2.997
07/04/2023 01:00,2.997
07/04/2023 01:30,2.997
07/04/2023 02:00,2.997
07/04/2023 02:30,2.997
07/04/2023 03:00,2.997
07/04/2023 03:30,2.997
07/04/2023 04:00,2.997
07/04/2023 04:30,2.997
07/04/2023 05:00,2.997
07/04/2023 05:30,2.997
07/04/2023 06:00,2.997
07/04/2023 06:30,2.997
07/04/2023 07:00,2.997
07/04/2023 07:30,2.997
07/04/2023 08:00,2.997
07/04/2023 08:30,2.997
07/04/2023 09:00,2.997
07/04/2023 09:30,2.997
07/04/2023 10:00,2.997
07/04/2023 10:30,2.997
07/04/2023 11:00,2.997
07/04/2023 11:30,2.997
07/04/2023 12:00,2.997
07/04/2023 12:30,2.997
07/04/2023 13:00,2.997
07/04/2023 13:30,2.997
07/04/2023 14:00,2.997
07/04/2023 14:30,2.997
07/04/2023 15:00,2.997
07/04/2023 15:30,2.997
07/04/2023 16:00,2.997
07/04/2023 16:30,2.997
07/04/2023 17:00,2.997
07/04/2023 17:30,2.997
07/04/2023 18:00,2.997
07/04/2023 18:30,2.997
07/04/2023 19:00,2.997
07/04/2023 19:30,2.997
07/04/2023 20:00,2.997
07/04/2023 20:30,2.997
07/04/2023 21:00,2.997
07/04/2023 21:30,2.997
07/04/2023 22:00,2.997
07/04/2023 22:30,2.997
07/04/2023 23:00,2.997
07/04/2023 23:30,2.997
07/05/2023 00:00,2.299
07/05/2023 00:30,2.299
07/05/2023 01:00,2.299
07/05/2023 01:30,2.299
07/05/2023 02:00,2.299
07/05/2023 02:30,2.299
07/05/2023 03:00,2.299
07/05/2023 03:30,2.299
07/05/2023 04:00,2.299
07/05/2023 04:30,2.299
07/05/2023 05:00,2.299
07/05/2023 05:30,2.299
07/05/2023 06:00,2.299
07/05/2023 06:30,2.299
07/05/2023 07:00,2.299
07/05/2023 07:30,2.299
07/05/2023 08:00,2.299
07/05/2023 08:30,2.299
07/05/2023 09:00,2.299
07/05/2023 09:30,2.299
07/05/2023 10:00,2.299
07/05/2023 10:30,2.299
07/05/2023 11:00,2.299
07/05/2023 11:30,2.299
07/05/2023 12:00,2.299
07/05/2023 12:30,2.299
07/05/2023 13:00,2.299
07/05/2023 13:30,2.299
07/05/2023 14:00,2.299
07/05/2023 14:30,2.299
07/05/2023 15:00,2.299
07/05/2023 15:30,2.299
07/05/2023 16:00,2.299
07/05/2023 16:30,2.299
07/05/2023 17:00,2.299
07/05/2023 17:30,2.299
07/05/2023 18:00,2.299
07/05/2023 18:30,2.299
07/05/2023 19:00,2.299
07/05/2023 19:30,2.299
07/05/2023 20:00,2.299
07/05/2023 20:30,2.299
07/05/2023 21:00,2.299
07/05/2023 21:30,2.299
07/05/2023 22:00,2.299
07/05/2023 22:30,2.299
07/05/2023 23:00,2.299
07/05/2023 23:30,2.299
07/06/2023 00:00,6.49
07/06/2023 00:30,6.49
07/06/2023 01:00,6.49
07/06/2023 01:30,6.49
07/06/2023 02:00,6.49
07/06/2023 02:30,6.49
07/06/2023 03:00,6.49
07/06/2023 03:30,6.49
07/06/2023 04:00,6.49
07/06/2023 04:30,6.49
07/06/2023 05:00,6.49
07/06/2023 05:30,6.49
07/06/2023 06:00,6.49
07/06/2023 06:30,6.49
07/06/2023 07:00,6.49
07/06/2023 07:30,6.49
07/06/2023 08:00,6.49
07/06/2023 08:30,6.49
07/06/2023 09:00,6.49
07/06/2023 09:30,6.49
07/06/2023 10:00,6.49
07/06/2023 10:30,6.49
07/06/2023 11:00,6.49
07/06/2023 11:30,6.49
07/06/2023 12:00,6.49
07/06/2023 12:30,6.49
07/06/2023 13:00,6.49
07/06/2023 13:30,6.49
07/06/2023 14:00,6.49
07/06/2023 14:30,6.49
07/06/2023 15:00,6.49
07/06/2023 15:30,6.49
07/06/2023 16:00,6.49
07/06/2023 16:30,6.49
07/06/2023 17:00,6.49
07/06/2023 17:30,6.49
07/06/2023 18:00,6.49
07/06/2023 18:30,6.49
07/06/2023 19:00,6.49
07/06/2023 19:30,6.49
07/06/2023 20:00,6.49
07/06/2023 20:30,6.49
07/06/2023 21:00,6.49
07/06/2023 21:30,6.49
07/06/2023 22:00,6.49
07/06/2023 22:30,6.49
07/06/2023 23:00,6.49
07/06/2023 23:30,6.49
07/07/2023 00:00,2.997
07/07/2023 00:30,2.997
07/07/2023 01:00,2.997
07/07/2023 01:30,2.997
07/07/2023 02:00,2.997
07/07/2023 02:30,2.997
07/07/2023 03:00,2.997
07/07/2023 03:30,2.997
07/07/2023 04:00,2.997
07/07/2023 04:30,2.997
07/07/2023 05:00,2.997
07/07/2023 05:30,2.997
07/07/2023 06:00,2.997
07/07/2023 06:30,2.997
07/07/2023 07:00,2.997
07/07/2023 07:30,2.997
07/07/2023 08:00,2.997
07/07/2023 08:30,2.997
07/07/2023 09:00,2.997
07/07/2023 09:30,2.997
07/07/2023 10:00,2.997
07/07/2023 10:30,2.997
07/07/2023 11:00,2.997
07/07/2023 11:30,2.997
07/07/2023 12:00,2.997
07/07/2023 12:30,2.997
07/07/2023 13:00,2.997
07/07/2023 13:30,2.997
07/07/2023 14:00,2.997
07/07/2023 14:30,2.997
07/07/2023 15:00,2.997
07/07/2023 15:30,2.997
07/07/2023 16:00,2.997
07/07/2023 16:30,2.997
07/07/2023 17:00,2.997
07/07/2023 17:30,2.997
07/07/2023 18:00,2.997
07/07/2023 18:30,2.997
07/07/2023 19:00,2.997
07/07/2023 19:30,2.997
07/07/2023 20:00,2.997
07/07/2023 20:30,2.997
07/07/2023 21:00,2.997
07/07/2023 21:30,2.997
07/07/2023 22:00,2.997
07/07/2023 22:30,2.997
07/07/2023 23:00,2.997
07/07/2023 23:30,2.997
07/08/2023 00:00,2.0
07/08/2023 00:30,2.0
07/08/2023 01:00,2.0
07/08/2023 01:30,2.0
07/08/2023 02:00,2.0
07/08/2023 02:30,2.0
07/08/2023 03:00,2.0
07/08/2023 03:30,2.0
07/08/2023 04:00,2.0
07/08/2023 04:30,2.0
07/08/2023 05:00,2.0
07/08/2023 05:30,2.0
07/08/2023 06:00,2.0
07/08/2023 06:30,2.0
07/08/2023 07:00,2.0
07/08/2023 07:30,2.0
07/08/2023 08:00,2.0
07/08/2023 08:30,2.0
07/08/2023 09:00,2.0
07/08/2023 09:30,2.0
07/08/2023 10:00,2.0
07/08/2023 10:30,2.0
07/08/2023 11:00,2.0
07/08/2023 11:30,2.0
07/08/2023 12:00,2.0
07/08/2023 12:30,2.0
07/08/2023 13:00,2.0
07/08/2023 13:30,2.0
07/08/2023 14:00,2.0
07/08/2023 14:30,2.0
07/08/2023 15:00,2.0
07/08/2023 15:30,2.0
07/08/2023 16:00,2.0
07/08/2023 16:30,2.0
07/08/2023 17:00,2.0
07/08/2023 17:30,2.0
07/08/2023 18:00,2.0
07/08/2023 18:30,2.0
07/08/2023 19:00,2.0
07/08/2023 19:30,2.0
07/08/2023 20:00,2.0
07/08/2023 20:30,2.0
07/08/2023 21:00,2.0
07/08/2023 21:30,2.0
07/08/2023 22:00,2.0
07/08/2023 22:30,2.0
07/08/2023 23:00,2.0
07/08/2023 23:30,2.0
07/09/2023 00:00,2.0
07/09/2023 00:30,2.0
07/09/2023 01:00,2.0
07/09/2023 01:30,2.0
07/09/2023 02:00,2.0
07/09/2023 02:30,2.0
07/09/2023 03:00,2.0
07/09/2023 03:30,2.0
07/09/2023 04:00,2.0
07/09/2023 04:30,2.0
07/09/2023 05:00,2.0
07/09/2023 05:30,2.0
07/09/2023 06:00,2.0
07/09/2023 06:30,2.0
07/09/2023 07:00,2.0
07/09/2023 07:30,2.0
07/09/2023 08:00,2.0
07/09/2023 08:30,2.0
07/09/2023 09:00,2.0
07/09/2023 09:30,2.0
07/09/2023 10:00,2.0
07/09/2023 10:30,2.0
07/09/2023 11:00,2.0
07/09/2023 11:30,2.0
07/09/2023 12:00,2.0
07/09/2023 12:30,2.0
07/09/2023 13:00,2.0
07/09/2023 13:30,2.0
07/09/2023 14:00,2.0
07/09/2023 14:30,2.0
07/09/2023 15:00,2.0
07/09/2023 15:30,2.0
07/09/2023 16:00,2.0
07/09/2023 16:30,2.0
07/09/2023 17:00,2.0
07/09/2023 17:30,2.0
07/09/2023 18:00,2.0
07/09/2023 18:30,2.0
07/09/2023 19:00,2.0
07/09/2023 19:30,2.0
07/09/2023 20:00,2.0
07/09/2023 20:30,2.0
07/09/2023 21:00,2.0
07/09/2023 21:30,2.0
07/09/2023 22:00,2.0
07/09/2023 22:30,2.0
07/09/2023 23:00,2.0
07/09/2023 23:30,2.0
07/10/2023 00:00,2.0
07/10/2023 00:30,2.0
07/10/2023 01:00,2.0
07/10/2023 01:30,2.0
07/10/2023 02:00,2.0
07/10/2023 02:30,2.0
07/10/2023 03:00,2.0
07/10/2023 03:30,2.0
07/10/2023 04:00,2.0
07/10/2023 04:30,2.0
07/10/2023 05:00,2.0
07/10/2023 05:30,2.0
07/10/2023 06:00,2.0
07/10/2023 06:30,2.0
07/10/2023 07:00,2.0
07/10/2023 07:30,2.0
07/10/2023 08:00,2.0
07/10/2023 08:30,2.0
07/10/2023 09:00,2.0
07/10/2023 09:30,2.0
07/10/2023 10:00,2.0
07/10/2023 10:30,2.0
07/10/2023 11:00,2.0
07/10/2023 11:30,2.0
07/10/2023 12:00,2.0
07/10/2023 12:30,2.0
07/10/2023 13:00,2.0
07/10/2023 13:30,2.0
07/10/2023 14:00,2.0
07/10/2023 14:30,2.0
07/10/2023 15:00,2.0
07/10/2023 15:30,2.0
07/10/2023 16:00,2.0
07/10/2023 16:30,2.0
07/10/2023 17:00,2.0
07/10/2023 17:30,2.0
07/10/2023 18:00,2.0
07/10/2023 18:30,2.0
07/10/2023 19:00,2.0
07/10/2023 19:30,2.0
07/10/2023 20:00,2.0
07/10/2023 20:30,2.0
07/10/2023 21:00,2.0
07/10/2023 21:30,2.0
07/10/2023 22:00,2.0
07/10/2023 22:30,2.0
07/10/2023 23:00,2.0
07/10/2023 23:30,2.0
07/11/2023 00:00,2.0
07/11/2023 00:30,2.0
07/11/2023 01:00,2.0
07/11/2023 01:30,2.0
07/11/2023 02:00,2.0
07/11/2023 02:30,2.0
07/11/2023 03:00,2.0
07/11/2023 03:30,2.0
07/11/2023 04:00,2.0
07/11/2023 04:30,2.0
07/11/2023 05:00,2.0
07/11/2023 05:30,2.0
07/11/2023 06:00,2.0
07/11/2023 06:30,2.0
07/11/2023 07:00,2.0
07/11/2023 07:30,2.0
07/11/2023 08:00,2.0
07/11/2023 08:30,2.0
07/11/2023 09:00,2.0
07/11/2023 09:30,2.0
07/11/2023 10:00,2.0
07/11/2023 10:30,2.0
07/11/2023 11:00,2.0
07/11/2023 11:30,2.0
07/11/2023 12:00,2.0
07/11/2023 12:30,2.0
07/11/2023 13:00,2.0
07/11/2023 13:30,2.0
07/11/2023 14:00,2.0
07/11/2023 14:30,2.0
07/11/2023 15:00,2.0
07/11/2023 15:30,2.0
07/11/2023 16:00,2.0
07/11/2023 16:30,2.0
07/11/2023 17:00,2.0
07/11/2023 17:30,2.0
07/11/2023 18:00,2.0
07/11/2023 18:30,2.0
07/11/2023 19:00,2.0
07/11/2023 19:30,2.0
07/11/2023 20:00,2.0
07/11/2023 20:30,2.0
07/11/2023 21:00,2.0
07/11/2023 21:30,2.0
07/11/2023 22:00,2.0
07/11/2023 22:30,2.0
07/11/2023 23:00,2.0
07/11/2023 23:30,2.0
07/12/2023 00:00,2.0
07/12/2023 00:30,2.0
07/12/2023 01:00,2.0
07/12/2023 01:30,2.0
07/12/2023 02:00,2.0
07/12/2023 02:30,2.0
07/12/2023 03:00,2.0
07/12/2023 03:30,2.0
07/12/2023 04:00,2.0
07/12/2023 04:30,2.0
07/12/2023 05:00,2.0
07/12/2023 05:30,2.0
07/12/2023 06:00,2.0
07/12/2023 06:30,2.0
07/12/2023 07:00,2.0
07/12/2023 07:30,2.0
07/12/2023 08:00,2.0
07/12/2023 08:30,2.0
07/12/2023 09:00,2.0
07/12/2023 09:30,2.0
07/12/2023 10:00,2.0
07/12/2023 10:30,2.0
07/12/2023 11:00,2.0
07/12/2023 11:30,2.0
07/12/2023 12:00,2.0
07/12/2023 12:30,2.0
07/12/2023 13:00,2.0
07/12/2023 13:30,2.0
07/12/2023 14:00,2.0
07/12/2023 14:30,2.0
07/12/2023 15:00,2.0
07/12/2023 15:30,2.0
07/12/2023 16:00,2.0
07/12/2023 16:30,2.0
07/12/2023 17:00,2.0
07/12/2023 17:30,2.0
07/12/2023 18:00,2.0
07/12/2023 18:30,2.0
07/12/2023 19:00,2.0
07/12/2023 19:30,2.0
07/12/2023 20:00,2.0
07/12/2023 20:30,2.0
07/12/2023 21:00,2.0
07/12/2023 21:30,2.0
07/12/2023 22:00,2.0
07/12/2023 22:30,2.0
07/12/2023 23:00,2.0
07/12/2023 23:30,2.0
07/13/2023 00:00,2.0
07/13/2023 00:30,2.0
07/13/2023 01:00,2.0
07/13/2023 01:30,2.0
07/13/2023 02:00,2.0
07/13/2023 02:30,2.0
07/13/2023 03:00,2.0
07/13/2023 03:30,2.0
07/13/2023 04:00,2.0
07/13/2023 04:30,2.0
07/13/2023 05:00,2.0
07/13/2023 05:30,2.0
07/13/2023 06:00,2.0
07/13/2023 06:30,2.0
07/13/2023 07:00,2.0
07/13/2023 07:30,2.0
07/13/2023 08:00,2.0
07/13/2023 08:30,2.0
07/13/2023 09:00,2.0
07/13/2023 09:30,2.0
07/13/2023 10:00,2.0
07/13/2023 10:30,2.0
07/13/2023 11:00,2.0
07/13/2023 11:30,2.0
07/13/2023 12:00,2.0
07/13/2023 12:30,2.0
07/13/2023 13:00,2.0
07/13/2023 13:30,2.0
07/13/2023 14:00,2.0
07/13/2023 14:30,2.0
07/13/2023 15:00,2.0
07/13/2023 15:30,2.0
07/13/2023 16:00,2.0
07/13/2023 16:30,2.0
07/13/2023 17:00,2.0
07/13/2023 17:30,2.0
07/13/2023 18:00,2.0
07/13/2023 18:30,2.0
07/13/2023 19:00,2.0
07/13/2023 19:30,2.0
07/13/2023 20:00,2.0
07/13/2023 20:30,2.0
07/13/2023 21:00,2.0
07/13/2023 21:30,2.0
07/13/2023 22:00,2.0
07/13/2023 22:30,2.0
07/13/2023 23:00,2.0
07/13/2023 23:30,2.0
07/14/2023 00:00,0.0
07/14/2023 00:30,0.0
07/14/2023 01:00,0.0
07/14/2023 01:30,0.0
07/14/2023 02:00,0.0
07/14/2023 02:30,0.0
07/14/2023 03:00,0.0
07/14/2023 03:30,0.0
07/14/2023 04:00,0.0
07/14/2023 04:30,0.0
07/14/2023 05:00,0.0
07/14/2023 05:30,0.0
07/14/2023 06:00,0.0
07/14/2023 06:30,0.0
07/14/2023 07:00,0.0
07/14/2023 07:30,0.0
07/14/2023 08:00,0.0
07/14/2023 08:30,0.0
07/14/2023 09:00,0.0
07/14/2023 09:30,0.0
07/14/2023 10:00,0.0
07/14/2023 10:30,0.0
07/14/2023 11:00,0.0
07/14/2023 11:30,0.0
07/14/2023 12:00,0.0
07/14/2023 12:30,0.0
07/14/2023 13:00,0.0
07/14/2023 13:30,0.0
07/14/2023 14:00,0.0
07/14/2023 14:30,0.0
07/14/2023 15:00,0.0
07/14/2023 15:30,0.0
07/14/2023 16:00,0.0
07/14/2023 16:30,0.0
07/14/2023 17:00,0.0
07/14/2023 17:30,0.0
07/14/2023 18:00,0.0
07/14/2023 18:30,0.0
07/14/2023 19:00,0.0
07/14/2023 19:30,0.0
07/14/2023 20:00,0.0
07/14/2023 20:30,0.0
07/14/2023 21:00,0.0
07/14/2023 21:30,0.0
07/14/2023 22:00,0.0
07/14/2023 22:30,0.0
07/14/2023 23:00,0.0
07/14/2023 23:30,0.0
07/15/2023 00:00,0.0
07/15/2023 00:30,0.0
07/15/2023 01:00,0.0
07/15/2023 01:30,0.0
07/15/2023 02:00,0.0
07/15/2023 02:30,0.0
07/15/2023 03:00,0.0
07/15/2023 03:30,0.0
07/15/2023 04:00,0.0
07/15/2023 04:30,0.0
07/15/2023 05:00,0.0
07/15/2023 05:30,0.0
07/15/2023 06:00,0.0
07/15/2023 06:30,0.0
07/15/2023 07:00,0.0
07/15/2023 07:30,0.0
07/15/2023 08:00,0.0
07/15/2023 08:30,0.0
07/15/2023 09:00,0.0
07/15/2023 09:30,0.0
07/15/2023 10:00,0.0
07/15/2023 10:30,0.0
07/15/2023 11:00,0.0
07/15/2023 11:30,0.0
07/15/2023 12:00,0.0
07/15/2023 12:30,0.0
07/15/2023 13:00,0.0
07/15/2023 13:30,0.0
07/15/2023 14:00,0.0
07/15/2023 14:30,0.0
07/15/2023 15:00,0.0
07/15/2023 15:30,0.0
07/15/2023 16:00,0.0
07/15/2023 16:30,0.0
07/15/2023 17:00,0.0
07/15/2023 17:30,0.0
07/15/2023 18:00,0.0
07/15/2023 18:30,0.0
07/15/2023 19:00,0.0
07/15/2023 19:30,0.0
07/15/2023 20:00,0.0
07/15/2023 20:30,0.0
07/15/2023 21:00,0.0
07/15/2023 21:30,0.0
07/15/2023 22:00,0.0
07/15/2023 22:30,0.0
07/15/2023 23:00,0.0
07/15/2023 23:30,0.0
07/16/2023 00:00,0.0
07/16/2023 00:30,0.0
07/16/2023 01:00,0.0
07/16/2023 01:30,0.0
07/16/2023 02:00,0.0
07/16/2023 02:30,0.0
07/16/2023 03:00,0.0
07/16/2023 03:30,0.0
07/16/2023 04:00,0.0
07/16/2023 04:30,0.0
07/16/2023 05:00,0.0
07/16/2023 05:30,0.0
07/16/2023 06:00,0.0
07/16/2023 06:30,0.0
07/16/2023 07:00,0.0
07/16/2023 07:30,0.0
07/16/2023 08:00,0.0
07/16/2023 08:30,0.0
07/16/2023 09:00,0.0
07/16/2023 09:30,0.0
07/16/2023 10:00,0.0
07/16/2023 10:30,0.0
07/16/2023 11:00,0.0
07/16/2023 11:30,0.0
07/16/2023 12:00,0.0
07/16/2023 12:30,0.0
07/16/2023 13:00,0.0
07/16/2023 13:30,0.0
07/16/2023 14:00,0.0
07/16/2023 14:30,0.0
07/16/2023 15:00,0.0
07/16/2023 15:30,0.0
07/16/2023 16:00,0.0
07/16/2023 16:30,0.0
07/16/2023 17:00,0.0
07/16/2023 17:30,0.0
07/16/2023 18:00,0.0
07/16/2023 18:30,0.0
07/16/2023 19:00,0.0
07/16/2023 19:30,0.0
07/16/2023 20:00,0.0
07/16/2023 20:30,0.0
07/16/2023 21:00,0.0
07/16/2023 21:30,0.0
07/16/2023 22:00,0.0
07/16/2023 22:30,0.0
07/16/2023 23:00,0.0
07/16/2023 23:30,0.0
07/17/2023 00:00,0.0
07/17/2023 00:30,0.0
07/17/2023 01:00,0.0
07/17/2023 01:30,0.0
07/17/2023 02:00,0.0
07/17/2023 02:30,0.0
07/17/2023 03:00,0.0
07/17/2023 03:30,0.0
07/17/2023 04:00,0.0
07/17/2023 04:30,0.0
07/17/2023 05:00,0.0
07/17/2023 05:30,0.0
07/17/2023 06:00,0.0
07/17/2023 06:30,0.0
07/17/2023 07:00,0.0
07/17/2023 07:30,0.0
07/17/2023 08:00,0.0
07/17/2023 08:30,0.0
07/17/2023 09:00,0.0
07/17/2023 09:30,0.0
07/17/2023 10:00,0.0
07/17/2023 10:30,0.0
07/17/2023 11:00,0.0
07/17/2023 11:30,0.0
07/17/2023 12:00,0.0
07/17/2023 12:30,0.0
07/17/2023 13:00,0.0
07/17/2023 13:30,0.0
07/17/2023 14:00,0.0
07/17/2023 14:30,0.0
07/17/2023 15:00,0.0
07/17/2023 15:30,0.0
07/17/2023 16:00,0.0
07/17/2023 16:30,0.0
07/17/2023 17:00,0.0
07/17/2023 17:30,0.0
07/17/2023 18:00,0.0
07/17/2023 18:30,0.0
07/17/2023 19:00,0.0
07/17/2023 19:30,0.0
07/17/2023 20:00,0.0
07/17/2023 20:30,0.0
07/17/2023 21:00,0.0
07/17/2023 21:30,0.0
07/17/2023 22:00,0.0
07/17/2023 22:30,0.0
07/17/2023 23:00,0.0
07/17/2023 23:30,0.0
07/18/2023 00:00,0.0
07/18/2023 00:30,0.0
07/18/2023 01:00,0.0
07/18/2023 01:30,0.0
07/18/2023 02:00,0.0
07/18/2023 02:30,0.0
07/18/2023 03:00,0.0
07/18/2023 03:30,0.0
07/18/2023 04:00,0.0
07/18/2023 04:30,0.0
07/18/2023 05:00,0.0
07/18/2023 05:30,0.0
07/18/2023 06:00,0.0
07/18/2023 06:30,0.0
07/18/2023 07:00,0.0
07/18/2023 07:30,0.0
07/18/2023 08:00,0.0
07/18/2023 08:30,0.0
07/18/2023 09:00,0.0
07/18/2023 09:30,0.0
07/18/2023 10:00,0.0
07/18/2023 10:30,0.0
07/18/2023 11:00,0.0
07/18/2023 11:30,0.0
07/18/2023 12:00,0.0
07/18/2023 12:30,0.0
07/18/2023 13:00,0.0
07/18/2023 13:30,0.0
07/18/2023 14:00,0.0
07/18/2023 14:30,0.0
07/18/2023 15:00,0.0
07/18/2023 15:30,0.0
07/18/2023 16:00,0.0
07/18/2023 16:30,0.0
07/18/2023 17:00,0.0
07/18/2023 17:30,0.0
07/18/2023 18:00,0.0
07/18/2023 18:30,0.0
07/18/2023 19:00,0.0
07/18/2023 19:30,0.0
07/18/2023 20:00,0.0
07/18/2023 20:30,0.0
07/18/2023 21:00,0.0
07/18/2023 21:30,0.0
07/18/2023 22:00,0.0
07/18/2023 22:30,0.0
07/18/2023 23:00,0.0
07/18/2023 23:30,0.0
07/19/2023 00:00,0.0
07/19/2023 00:30,0.0
07/19/2023 01:00,0.0
07/19/2023 01:30,0.0
07/19/2023 02:00,0.0
07/19/2023 02:30,0.0
07/19/2023 03:00,0.0
07/19/2023 03:30,0.0
07/19/2023 04:00,0.0
07/19/2023 04:30,0.0
07/19/2023 05:00,0.0
07/19/2023 05:30,0.0
07/19/2023 06:00,0.0
07/19/2023 06:30,0.0
07/19/2023 07:00,0.0
07/19/2023 07:30,0.0
07/19/2023 08:00,0.0
07/19/2023 08:30,0.0
07/19/2023 09:00,0.0
07/19/2023 09:30,0.0
07/19/2023 10:00,0.0
07/19/2023 10:30,0.0
07/19/2023 11:00,0.0
07/19/2023 11:30,0.0
07/19/2023 12:00,0.0
07/19/2023 12:30,0.0
07/19/2023 13:00,0.0
07/19/2023 13:30,0.0
07/19/2023 14:00,0.0
07/19/2023 14:30,0.0
07/19/2023 15:00,0.0
07/19/2023 15:30,0.0
07/19/2023 16:00,0.0
07/19/2023 16:30,0.0
07/19/2023 17:00,0.0
07/19/2023 17:30,0.0
07/19/2023 18:00,0.0
07/19/2023 18:30,0.0
07/19/2023 19:00,0.0
07/19/2023 19:30,0.0
07/19/2023 20:00,0.0
07/19/2023 20:30,0.0
07/19/2023 21:00,0.0
07/19/2023 21:30,0.0
07/19/2023 22:00,0.0
07/19/2023 22:30,0.0
07/19/2023 23:00,0.0
07/19/2023 23:30,0.0
07/20/2023 00:00,0.0
07/20/2023 00:30,0.0
07/20/2023 01:00,0.0
07/20/2023 01:30,0.0
07/20/2023 02:00,0.0
07/20/2023 02:30,0.0
07/20/2023 03:00,0.0
07/20/2023 03:30,0.0
07/20/2023 04:00,0.0
07/20/2023 04:30,0.0
07/20/2023 05:00,0.0
07/20/2023 05:30,0.0
07/20/2023 06:00,0.0
07/20/2023 06:30,0.0
07/20/2023 07:00,0.0
07/20/2023 07:30,0.0
07/20/2023 08:00,0.0
07/20/2023 08:30,0.0
07/20/2023 09:00,0.0
07/20/2023 09:30,0.0
07/20/2023 10:00,0.0
07/20/2023 10:30,0.0
07/20/2023 11:00,0.0
07/20/2023 11:30,0.0
07/20/2023 12:00,0.0
07/20/2023 12:30,0.0
07/20/2023 13:00,0.0
07/20/2023 13:30,0.0
07/20/2023 14:00,0.0
07/20/2023 14:30,0.0
07/20/2023 15:00,0.0
07/20/2023 15:30,0.0
07/20/2023 16:00,0.0
07/20/2023 16:30,0.0
07/20/2023 17:00,0.0
07/20/2023 17:30,0.0
07/20/2023 18:00,0.0
07/20/2023 18:30,0.0
07/20/2023 19:00,0.0
07/20/2023 19:30,0.0
07/20/2023 20:00,0.0
07/20/2023 20:30,0.0
07/20/2023 21:00,0.0
07/20/2023 21:30,0.0
07/20/2023 22:00,0.0
07/20/2023 22:30,0.0
07/20/2023 23:00,0.0
07/20/2023 23:30,0.0
07/21/2023 00:00,0.0
07/21/2023 00:30,0.0
07/21/2023 01:00,0.0
07/21/2023 01:30,0.0
07/21/2023 02:00,0.0
07/21/2023 02:30,0.0
07/21/2023 03:00,0.0
07/21/2023 03:30,0.0
07/21/2023 04:00,0.0
07/21/2023 04:30,0.0
07/21/2023 05:00,0.0
07/21/2023 05:30,0.0
07/21/2023 06:00,0.0
07/21/2023 06:30,0.0
07/21/2023 07:00,0.0
07/21/2023 07:30,0.0
07/21/2023 08:00,0.0
07/21/2023 08:30,0.0
07/21/2023 09:00,0.0
07/21/2023 09:30,0.0
07/21/2023 10:00,0.0
07/21/2023 10:30,0.0
07/21/2023 11:00,0.0
07/21/2023 11:30,0.0
07/21/2023 12:00,0.0
07/21/2023 12:30,0.0
07/21/2023 13:00,0.0
07/21/2023 13:30,0.0
07/21/2023 14:00,0.0
07/21/2023 14:30,0.0
07/21/2023 15:00,0.0
07/21/2023 15:30,0.0
07/21/2023 16:00,0.0
07/21/2023 16:30,0.0
07/21/2023 17:00,0.0
07/21/2023 17:30,0.0
07/21/2023 18:00,0.0
07/21/2023 18:30,0.0
07/21/2023 19:00,0.0
07/21/2023 19:30,0.0
07/21/2023 20:00,0.0
07/21/2023 20:30,0.0
07/21/2023 21:00,0.0
07/21/2023 21:30,0.0
07/21/2023 22:00,0.0
07/21/2023 22:30,0.0
07/21/2023 23:00,0.0
07/21/2023 23:30,0.0
07/22/2023 00:00,0.0
07/22/2023 00:30,0.0
07/22/2023 01:00,0.0
07/22/2023 01:30,0.0
07/22/2023 02:00,0.0
07/22/2023 02:30,0.0
07/22/2023 03:00,0.0
07/22/2023 03:30,0.0
07/22/2023 04:00,0.0
07/22/2023 04:30,0.0
07/22/2023 05:00,0.0
07/22/2023 05:30,0.0
07/22/2023 06:00,0.0
07/22/2023 06:30,0.0
07/22/2023 07:00,0.0
07/22/2023 07:30,0.0
07/22/2023 08:00,0.0
07/22/2023 08:30,0.0
07/22/2023 09:00,0.0
07/22/2023 09:30,0.0
07/22/2023 10:00,0.0
07/22/2023 10:30,0.0
07/22/2023 11:00,0.0
07/22/2023 11:30,0.0
07/22/2023 12:00,0.0
07/22/2023 12:30,0.0
07/22/2023 13:00,0.0
07/22/2023 13:30,0.0
07/22/2023 14:00,0.0
07/22/2023 14:30,0.0
07/22/2023 15:00,0.0
07/22/2023 15:30,0.0
07/22/2023 16:00,0.0
07/22/2023 16:30,0.0
07/22/2023 17:00,0.0
07/22/2023 17:30,0.0
07/22/2023 18:00,0.0
07/22/2023 18:30,0.0
07/22/2023 19:00,0.0
07/22/2023 19:30,0.0
07/22/2023 20:00,0.0
07/22/2023 20:30,0.0
07/22/2023 21:00,0.0
07/22/2023 21:30,0.0
07/22/2023 22:00,0.0
07/22/2023 22:30,0.0
07/22/2023 23:00,0.0
07/22/2023 23:30,0.0
07/23/2023 00:00,0.0
07/23/2023 00:30,0.0
07/23/2023 01:00,0.0
07/23/2023 01:30,0.0
07/23/2023 02:00,0.0
07/23/2023 02:30,0.0
07/23/2023 03:00,0.0
07/23/2023 03:30,0.0
07/23/2023 04:00,0.0
07/23/2023 04:30,0.0
07/23/2023 05:00,0.0
07/23/2023 05:30,0.0
07/23/2023 06:00,0.0
07/23/2023 06:30,0.0
07/23/2023 07:00,0.0
07/23/2023 07:30,0.0
07/23/2023 08:00,0.0
07/23/2023 08:30,0.0
07/23/2023 09:00,0.0
07/23/2023 09:30,0.0
07/23/2023 10:00,0.0
07/23/2023 10:30,0.0
07/23/2023 11:00,0.0
07/23/2023 11:30,0.0
07/23/2023 12:00,0.0
07/23/2023 12:30,0.0
07/23/2023 13:00,0.0
07/23/2023 13:30,0.0
07/23/2023 14:00,0.0
07/23/2023 14:30,0.0
07/23/2023 15:00,0.0
07/23/2023 15:30,0.0
07/23/2023 16:00,0.0
07/23/2023 16:30,0.0
07/23/2023 17:00,0.0
07/23/2023 17:30,0.0
07/23/2023 18:00,0.0
07/23/2023 18:30,0.0
07/23/2023 19:00,0.0
07/23/2023 19:30,0.0
07/23/2023 20:00,0.0
07/23/2023 20:30,0.0
07/23/2023 21:00,0.0
07/23/2023 21:30,0.0
07/23/2023 22:00,0.0
07/23/2023 22:30,0.0
07/23/2023 23:00,0.0
07/23/2023 23:30,0.0
07/24/2023 00:00,0.0
07/24/2023 00:30,0.0
07/24/2023 01:00,0.0
07/24/2023 01:30,0.0
07/24/2023 02:00,0.0
07/24/2023 02:30,0.0
07/24/2023 03:00,0.0
07/24/2023 03:30,0.0
07/24/2023 04:00,0.0
07/24/2023 04:30,0.0
07/24/2023 05:00,0.0
07/24/2023 05:30,0.0
07/24/2023 06:00,0.0
07/24/2023 06:30,0.0
07/24/2023 07:00,0.0
07/24/2023 07:30,0.0
07/24/2023 08:00,0.0
07/24/2023 08:30,0.0
07/24/2023 09:00,0.0
07/24/2023 09:30,0.0
07/24/2023 10:00,0.0
07/24/2023 10:30,0.0
07/24/2023 11:00,0.0
07/24/2023 11:30,0.0
07/24/2023 12:00,0.0
07/24/2023 12:30,0.0
07/24/2023 13:00,0.0
07/24/2023 13:30,0.0
07/24/2023 14:00,0.0
07/24/2023 14:30,0.0
07/24/2023 15:00,0.0
07/24/2023 15:30,0.0
07/24/2023 16:00,0.0
07/24/2023 16:30,0.0
07/24/2023 17:00,0.0
07/24/2023 17:30,0.0
07/24/2023 18:00,0.0
07/24/2023 18:30,0.0
07/24/2023 19:00,0.0
07/24/2023 19:30,0.0
07/24/2023 20:00,0.0
07/24/2023 20:30,0.0
07/24/2023 21:00,0.0
07/24/2023 21:30,0.0
07/24/2023 22:00,0.0
07/24/2023 22:30,0.0
07/24/2023 23:00,0.0
07/24/2023 23:30,0.0
07/25/2023 00:00,0.0
07/25/2023 00:30,0.0
07/25/2023 01:00,0.0
07/25/2023 01:30,0.0
07/25/2023 02:00,0.0
07/25/2023 02:30,0.0
07/25/2023 03:00,0.0
07/25/2023 03:30,0.0
07/25/2023 04:00,0.0
07/25/2023 04:30,0.0
07/25/2023 05:00,0.0
07/25/2023 05:30,0.0
07/25/2023 06:00,0.0
07/25/2023 06:30,0.0
07/25/2023 07:00,0.0
07/25/2023 07:30,0.0
07/25/2023 08:00,0.0
07/25/2023 08:30,0.0
07/25/2023 09:00,0.0
07/25/2023 09:30,0.0
07/25/2023 10:00,0.0
07/25/2023 10:30,0.0
07/25/2023 11:00,0.0
07/25/2023 11:30,0.0
07/25/2023 12:00,0.0
07/25/2023 12:30,0.0
07/25/2023 13:00,0.0
07/25/2023 13:30,0.0
07/25/2023 14:00,0.0
07/25/2023 14:30,0.0
07/25/2023 15:00,0.0
07/25/2023 15:30,0.0
07/25/2023 16:00,0.0
07/25/2023 16:30,0.0
07/25/2023 17:00,0.0
07/25/2023 17:30,0.0
07/25/2023 18:00,0.0
07/25/2023 18:30,0.0
07/25/2023 19:00,0.0
07/25/2023 19:30,0.0
07/25/2023 20:00,0.0
07/25/2023 20:30,0.0
07/25/2023 21:00,0.0
07/25/2023 21:30,0.0
07/25/2023 22:00,0.0
07/25/2023 22:30,0.0
07/25/2023 23:00,0.0
07/25/2023 23:30,0.0
07/26/2023 00:00,0.0
07/26/2023 00:30,0.0
07/26/2023 01:00,0.0
07/26/2023 01:30,0.0
07/26/2023 02:00,0.0
07/26/2023 02:30,0.0
07/26/2023 03:00,0.0
07/26/2023 03:30,0.0
07/26/2023 04:00,0.0
07/26/2023 04:30,0.0
07/26/2023 05:00,0.0
07/26/2023 05:30,0.0
07/26/2023 06:00,0.0
07/26/2023 06:30,0.0
07/26/2023 07:00,0.0
07/26/2023 07:30,0.0
07/26/2023 08:00,0.0
07/26/2023 08:30,0.0
07/26/2023 09:00,0.0
07/26/2023 09:30,0.0
07/26/2023 10:00,0.0
07/26/2023 10:30,0.0
07/26/2023 11:00,0.0
07/26/2023 11:30,0.0
07/26/2023 12:00,0.0
07/26/2023 12:30,0.0
07/26/2023 13:00,0.0
07/26/2023 13:30,0.0
07/26/2023 14:00,0.0
07/26/2023 14:30,0.0
07/26/2023 15:00,0.0
07/26/2023 15:30,0.0
07/26/2023 16:00,0.0
07/26/2023 16:30,0.0
07/26/2023 17:00,0.0
07/26/2023 17:30,0.0
07/26/2023 18:00,0.0
07/26/2023 18:30,0.0
07/26/2023 19:00,0.0
07/26/2023 19:30,0.0
07/26/2023 20:00,0.0
07/26/2023 20:30,0.0
07/26/2023 21:00,0.0
07/26/2023 21:30,0.0
07/26/2023 22:00,0.0
07/26/2023 22:30,0.0
07/26/2023 23:00,0.0
07/26/2023 23:30,0.0
07/27/2023 00:00,0.0
07/27/2023 00:30,0.0
07/27/2023 01:00,0.0
07/27/2023 01:30,0.0
07/27/2023 02:00,0.0
07/27/2023 02:30,0.0
07/27/2023 03:00,0.0
07/27/2023 03:30,0.0
07/27/2023 04:00,0.0
07/27/2023 04:30,0.0
07/27/2023 05:00,0.0
07/27/2023 05:30,0.0
07/27/2023 06:00,0.0
07/27/2023 06:30,0.0
07/27/2023 07:00,0.0
07/27/2023 07:30,0.0
07/27/2023 08:00,0.0
07/27/2023 08:30,0.0
07/27/2023 09:00,0.0
07/27/2023 09:30,0.0
07/27/2023 10:00,0.0
07/27/2023 10:30,0.0
07/27/2023 11:00,0.0
07/27/2023 11:30,0.0
07/27/2023 12:00,0.0
07/27/2023 12:30,0.0
07/27/2023 13:00,0.0
07/27/2023 13:30,0.0
07/27/2023 14:00,0.0
07/27/2023 14:30,0.0
07/27/2023 15:00,0.0
07/27/2023 15:30,0.0
07/27/2023 16:00,0.0
07/27/2023 16:30,0.0
07/27/2023 17:00,0.0
07/27/2023 17:30,0.0
07/27/2023 18:00,0.0
07/27/2023 18:30,0.0
07/27/2023 19:00,0.0
07/27/2023 19:30,0.0
07/27/2023 20:00,0.0
07/27/2023 20:30,0.0
07/27/2023 21:00,0.0
07/27/2023 21:30,0.0
07/27/2023 22:00,0.0
07/27/2023 22:30,0.0
07/27/2023 23:00,0.0
07/27/2023 23:30,0.0
07/28/2023 00:00,0.0
07/28/2023 00:30,0.0
07/28/2023 01:00,0.0
07/28/2023 01:30,0.0
07/28/2023 02:00,0.0
07/28/2023 02:30,0.0
07/28/2023 03:00,0.0
07/28/2023 03:30,0.0
07/28/2023 04:00,0.0
07/28/2023 04:30,0.0
07/28/2023 05:00,0.0
07/28/2023 05:30,0.0
07/28/2023 06:00,0.0
07/28/2023 06:30,0.0
07/28/2023 07:00,0.0
07/28/2023 07:30,0.0
07/28/2023 08:00,0.0
07/28/2023 08:30,0.0
07/28/2023 09:00,0.0
07/28/2023 09:30,0.0
07/28/2023 10:00,0.0
07/28/2023 10:30,0.0
07/28/2023 11:00,0.0
07/28/2023 11:30,0.0
07/28/2023 12:00,0.0
07/28/2023 12:30,0.0
07/28/2023 13:00,0.0
07/28/2023 13:30,0.0
07/28/2023 14:00,0.0
07/28/2023 14:30,0.0
07/28/2023 15:00,0.0
07/28/2023 15:30,0.0
07/28/2023 16:00,0.0
07/28/2023 16:30,0.0
07/28/2023 17:00,0.0
07/28/2023 17:30,0.0
07/28/2023 18:00,0.0
07/28/2023 18:30,0.0
07/28/2023 19:00,0.0
07/28/2023 19:30,0.0
07/28/2023 20:00,0.0
07/28/2023 20:30,0.0
07/28/2023 21:00,0.0
07/28/2023 21:30,0.0
07/28/2023 22:00,0.0
07/28/2023 22:30,0.0
07/28/2023 23:00,0.0
07/28/2023 23:30,0.0
07/29/2023 00:00,0.0
07/29/2023 00:30,0.0
07/29/2023 01:00,0.0
07/29/2023 01:30,0.0
07/29/2023 02:00,0.0
07/29/2023 02:30,0.0
07/29/2023 03:00,0.0
07/29/2023 03:30,0.0
07/29/2023 04:00,0.0
07/29/2023 04:30,0.0
07/29/2023 05:00,0.0
07/29/2023 05:30,0.0
07/29/2023 06:00,0.0
07/29/2023 06:30,0.0
07/29/2023 07:00,0.0
07/29/2023 07:30,0.0
07/29/2023 08:00,0.0
07/29/2023 08:30,0.0
07/29/2023 09:00,0.0
07/29/2023 09:30,0.0
07/29/2023 10:00,0.0
07/29/2023 10:30,0.0
07/29/2023 11:00,0.0
07/29/2023 11:30,0.0
07/29/2023 12:00,0.0
07/29/2023 12:30,0.0
07/29/2023 13:00,0.0
07/29/2023 13:30,0.0
07/29/2023 14:00,0.0
07/29/2023 14:30,0.0
07/29/2023 15:00,0.0
07/29/2023 15:30,0.0
07/29/2023 16:00,0.0
07/29/2023 16:30,0.0
07/29/2023 17:00,0.0
07/29/2023 17:30,0.0
07/29/2023 18:00,0.0
07/29/2023 18:30,0.0
07/29/2023 19:00,0.0
07/29/2023 19:30,0.0
07/29/2023 20:00,0.0
07/29/2023 20:30,0.0
07/29/2023 21:00,0.0
07/29/2023 21:30,0.0
07/29/2023 22:00,0.0
07/29/2023 22:30,0.0
07/29/2023 23:00,0.0
07/29/2023 23:30,0.0
07/30/2023 00:00,0.0
07/30/2023 00:30,0.0
07/30/2023 01:00,0.0
07/30/2023 01:30,0.0
07/30/2023 02:00,0.0
07/30/2023 02:30,0.0
07/30/2023 03:00,0.0
07/30/2023 03:30,0.0
07/30/2023 04:00,0.0
07/30/2023 04:30,0.0
07/30/2023 05:00,0.0
07/30/2023 05:30,0.0
07/30/2023 06:00,0.0
07/30/2023 06:30,0.0
07/30/2023 07:00,0.0
07/30/2023 07:30,0.0
07/30/2023 08:00,0.0
07/30/2023 08:30,0.0
07/30/2023 09:00,0.0
07/30/2023 09:30,0.0
07/30/2023 10:00,0.0
07/30/2023 10:30,0.0
07/30/2023 11:00,0.0
07/30/2023 11:30,0.0
07/30/2023 12:00,0.0
07/30/2023 12:30,0.0
07/30/2023 13:00,0.0
07/30/2023 13:30,0.0
07/30/2023 14:00,0.0
07/30/2023 14:30,0.0
07/30/2023 15:00,0.0
07/30/2023 15:30,0.0
07/30/2023 16:00,0.0
07/30/2023 16:30,0.0
07/30/2023 17:00,0.0
07/30/2023 17:30,0.0
07/30/2023 18:00,0.0
07/30/2023 18:30,0.0
07/30/2023 19:00,0.0
07/30/2023 19:30,0.0
07/30/2023 20:00,0.0
07/30/2023 20:30,0.0
07/30/2023 21:00,0.0
07/30/2023 21:30,0.0
07/30/2023 22:00,0.0
07/30/2023 22:30,0.0
07/30/2023 23:00,0.0
07/30/2023 23:30,0.0
07/31/2023 00:00,0.0
07/31/2023 00:30,0.0
07/31/2023 01:00,0.0
07/31/2023 01:30,0.0
07/31/2023 02:00,0.0
07/31/2023 02:30,0.0
07/31/2023 03:00,0.0
07/31/2023 03:30,0.0
07/31/2023 04:00,0.0
07/31/2023 04:30,0.0
07/31/2023 05:00,0.0
07/31/2023 05:30,0.0
07/31/2023 06:00,0.0
07/31/2023 06:30,0.0
07/31/2023 07:00,0.0
07/31/2023 07:30,0.0
07/31/2023 08:00,0.0
07/31/2023 08:30,0.0
07/31/2023 09:00,0.0
07/31/2023 09:30,0.0
07/31/2023 10:00,0.0
07/31/2023 10:30,0.0
07/31/2023 11:00,0.0
07/31/2023 11:30,0.0
07/31/2023 12:00,0.0
07/31/2023 12:30,0.0
07/31/2023 13:00,0.0
07/31/2023 13:30,0.0
07/31/2023 14:00,0.0
07/31/2023 14:30,0.0
07/31/2023 15:00,0.0
07/31/2023 15:30,0.0
07/31/2023 16:00,0.0
07/31/2023 16:30,0.0
07/31/2023 17:00,0.0
07/31/2023 17:30,0.0
07/31/2023 18:00,0.0
07/31/2023 18:30,0.0
07/31/2023 19:00,0.0
07/31/2023 19:30,0.0
07/31/2023 20:00,0.0
07/31/2023 20:30,0.0
07/31/2023 21:00,0.0
07/31/2023 21:30,0.0
07/31/2023 22:00,0.0
07/31/2023 22:30,0.0
07/31/2023 23:00,0.0
07/31/2023 23:30,0.0
08/01/2023 00:00,0.0
08/01/2023 00:30,0.0
08/01/2023 01:00,0.0
08/01/2023 01:30,0.0
08/01/2023 02:00,0.0
08/01/2023 02:30,0.0
08/01/2023 03:00,0.0
08/01/2023 03:30,0.0
08/01/2023 04:00,0.0
08/01/2023 04:30,0.0
08/01/2023 05:00,0.0
08/01/2023 05:30,0.0
08/01/2023 06:00,0.0
08/01/2023 06:30,0.0
08/01/2023 07:00,0.0
08/01/2023 07:30,0.0
08/01/2023 08:00,0.0
08/01/2023 08:30,0.0
08/01/2023 09:00,0.0
08/01/2023 09:30,0.0
08/01/2023 10:00,0.0
08/01/2023 10:30,0.0
08/01/2023 11:00,0.0
08/01/2023 11:30,0.0
08/01/2023 12:00,0.0
08/01/2023 12:30,0.0
08/01/2023 13:00,0.0
08/01/2023 13:30,0.0
08/01/2023 14:00,0.0
08/01/2023 14:30,0.0
08/01/2023 15:00,0.0
08/01/2023 15:30,0.0
08/01/2023 16:00,0.0
08/01/2023 16:30,0.0
08/01/2023 17:00,0.0
08/01/2023 17:30,0.0
08/01/2023 18:00,0.0
08/01/2023 18:30,0.0
08/01/2023 19:00,0.0
08/01/2023 19:30,0.0
08/01/2023 20:00,0.0
08/01/2023 20:30,0.0
08/01/2023 21:00,0.0
08/01/2023 21:30,0.0
08/01/2023 22:00,0.0
08/01/2023 22:30,0.0
08/01/2023 23:00,0.0
08/01/2023 23:30,0.0
08/02/2023 00:00,0.0
08/02/2023 00:30,0.0
08/02/2023 01:00,0.0
08/02/2023 01:30,0.0
08/02/2023 02:00,0.0
08/02/2023 02:30,0.0
08/02/2023 03:00,0.0
08/02/2023 03:30,0.0
08/02/2023 04:00,0.0
08/02/2023 04:30,0.0
08/02/2023 05:00,0.0
08/02/2023 05:30,0.0
08/02/2023 06:00,0.0
08/02/2023 06:30,0.0
08/02/2023 07:00,0.0
08/02/2023 07:30,0.0
08/02/2023 08:00,0.0
08/02/2023 08:30,0.0
08/02/2023 09:00,0.0
08/02/2023 09:30,0.0
08/02/2023 10:00,0.0
08/02/2023 10:30,0.0
08/02/2023 11:00,0.0
08/02/2023 11:30,0.0
08/02/2023 12:00,0.0
08/02/2023 12:30,0.0
08/02/2023 13:00,0.0
08/02/2023 13:30,0.0
08/02/2023 14:00,0.0
08/02/2023 14:30,0.0
08/02/2023 15:00,0.0
08/02/2023 15:30,0.0
08/02/2023 16:00,0.0
08/02/2023 16:30,0.0
08/02/2023 17:00,0.0
08/02/2023 17:30,0.0
08/02/2023 18:00,0.0
08/02/2023 18:30,0.0
08/02/2023 19:00,0.0
08/02/2023 19:30,0.0
08/02/2023 20:00,0.0
08/02/2023 20:30,0.0
08/02/2023 21:00,0.0
08/02/2023 21:30,0.0
08/02/2023 22:00,0.0
08/02/2023 22:30,0.0
08/02/2023 23:00,0.0
08/02/2023 23:30,0.0
08/03/2023 00:00,0.0
08/03/2023 00:30,0.0
08/03/2023 01:00,0.0
08/03/2023 01:30,0.0
08/03/2023 02:00,0.0
08/03/2023 02:30,0.0
08/03/2023 03:00,0.0
08/03/2023 03:30,0.0
08/03/2023 04:00,0.0
08/03/2023 04:30,0.0
08/03/2023 05:00,0.0
08/03/2023 05:30,0.0
08/03/2023 06:00,0.0
08/03/2023 06:30,0.0
08/03/2023 07:00,0.0
08/03/2023 07:30,0.0
08/03/2023 08:00,0.0
08/03/2023 08:30,0.0
08/03/2023 09:00,0.0
08/03/2023 09:30,0.0
08/03/2023 10:00,0.0
08/03/2023 10:30,0.0
08/03/2023 11:00,0.0
08/03/2023 11:30,0.0
08/03/2023 12:00,0.0
08/03/2023 12:30,0.0
08/03/2023 13:00,0.0
08/03/2023 13:30,0.0
08/03/2023 14:00,0.0
08/03/2023 14:30,0.0
08/03/2023 15:00,0.0
08/03/2023 15:30,0.0
08/03/2023 16:00,0.0
08/03/2023 16:30,0.0
08/03/2023 17:00,0.0
08/03/2023 17:30,0.0
08/03/2023 18:00,0.0
08/03/2023 18:30,0.0
08/03/2023 19:00,0.0
08/03/2023 19:30,0.0
08/03/2023 20:00,0.0
08/03/2023 20:30,0.0
08/03/2023 21:00,0.0
08/03/2023 21:30,0.0
08/03/2023 22:00,0.0
08/03/2023 22:30,0.0
08/03/2023 23:00,0.0
08/03/2023 23:30,0.0
08/04/2023 00:00,9.35
08/04/2023 00:30,9.35
08/04/2023 01:00,9.35
08/04/2023 01:30,9.35
08/04/2023 02:00,9.35
08/04/2023 02:30,9.35
08/04/2023 03:00,9.35
08/04/2023 03:30,9.35
08/04/2023 04:00,9.35
08/04/2023 04:30,9.35
08/04/2023 05:00,9.35
08/04/2023 05:30,9.35
08/04/2023 06:00,9.35
08/04/2023 06:30,9.35
08/04/2023 07:00,9.35
08/04/2023 07:30,9.35
08/04/2023 08:00,9.35
08/04/2023 08:30,9.35
08/04/2023 09:00,9.35
08/04/2023 09:30,9.35
08/04/2023 10:00,9.35
08/04/2023 10:30,9.35
08/04/2023 11:00,9.35
08/04/2023 11:30,9.35
08/04/2023 12:00,9.35
08/04/2023 12:30,9.35
08/04/2023 13:00,9.35
08/04/2023 13:30,9.35
08/04/2023 14:00,9.35
08/04/2023 14:30,9.35
08/04/2023 15:00,9.35
08/04/2023 15:30,9.35
08/04/2023 16:00,9.35
08/04/2023 16:30,9.35
08/04/2023 17:00,9.35
08/04/2023 17:30,9.35
08/04/2023 18:00,9.35
08/04/2023 18:30,9.35
08/04/2023 19:00,9.35
08/04/2023 19:30,9.35
08/04/2023 20:00,9.35
08/04/2023 20:30,9.35
08/04/2023 21:00,9.35
08/04/2023 21:30,9.35
08/04/2023 22:00,9.35
08/04/2023 22:30,9.35
08/04/2023 23:00,9.35
08/04/2023 23:30,9.35
08/05/2023 00:00,17.729
08/05/2023 00:30,17.729
08/05/2023 01:00,17.729
08/05/2023 01:30,17.729
08/05/2023 02:00,17.729
08/05/2023 02:30,17.729
08/05/2023 03:00,17.729
08/05/2023 03:30,17.729
08/05/2023 04:00,17.729
08/05/2023 04:30,17.729
08/05/2023 05:00,17.729
08/05/2023 05:30,17.729
08/05/2023 06:00,17.729
08/05/2023 06:30,17.729
08/05/2023 07:00,17.729
08/05/2023 07:30,17.729
08/05/2023 08:00,17.729
08/05/2023 08:30,17.729
08/05/2023 09:00,17.729
08/05/2023 09:30,17.729
08/05/2023 10:00,17.729
08/05/2023 10:30,17.729
08/05/2023 11:00,17.729
08/05/2023 11:30,17.729
08/05/2023 12:00,17.729
08/05/2023 12:30,17.729
08/05/2023 13:00,17.729
08/05/2023 13:30,17.729
08/05/2023 14:00,17.729
08/05/2023 14:30,17.729
08/05/2023 15:00,17.729
08/05/2023 15:30,17.729
08/05/2023 16:00,17.729
08/05/2023 16:30,17.729
08/05/2023 17:00,17.729
08/05/2023 17:30,17.729
08/05/2023 18:00,17.729
08/05/2023 18:30,17.729
08/05/2023 19:00,17.729
08/05/2023 19:30,17.729
08/05/2023 20:00,17.729
08/05/2023 20:30,17.729
08/05/2023 21:00,17.729
08/05/2023 21:30,17.729
08/05/2023 22:00,17.729
08/05/2023 22:30,17.729
08/05/2023 23:00,17.729
08/05/2023 23:30,17.729
08/06/2023 00:00,8.49
08/06/2023 00:30,8.49
08/06/2023 01:00,8.49
08/06/2023 01:30,8.49
08/06/2023 02:00,8.49
08/06/2023 02:30,8.49
08/06/2023 03:00,8.49
08/06/2023 03:30,8.49
08/06/2023 04:00,8.49
08/06/2023 04:30,8.49
08/06/2023 05:00,8.49
08/06/2023 05:30,8.49
08/06/2023 06:00,8.49
08/06/2023 06:30,8.49
08/06/2023 07:00,8.49
08/06/2023 07:30,8.49
08/06/2023 08:00,8.49
08/06/2023 08:30,8.49
08/06/2023 09:00,8.49
08/06/2023 09:30,8.49
08/06/2023 10:00,8.49
08/06/2023 10:30,8.49
08/06/2023 11:00,8.49
08/06/2023 11:30,8.49
08/06/2023 12:00,8.49
08/06/2023 12:30,8.49
08/06/2023 13:00,8.49
08/06/2023 13:30,8.49
08/06/2023 14:00,8.49
08/06/2023 14:30,8.49
08/06/2023 15:00,8.49
08/06/2023 15:30,8.49
08/06/2023 16:00,8.49
08/06/2023 16:30,8.49
08/06/2023 17:00,8.49
08/06/2023 17:30,8.49
08/06/2023 18:00,8.49
08/06/2023 18:30,8.49
08/06/2023 19:00,8.49
08/06/2023 19:30,8.49
08/06/2023 20:00,8.49
08/06/2023 20:30,8.49
08/06/2023 21:00,8.49
08/06/2023 21:30,8.49
08/06/2023 22:00,8.49
08/06/2023 22:30,8.49
08/06/2023 23:00,8.49
08/06/2023 23:30,8.49
08/07/2023 00:00,57.149
08/07/2023 00:30,57.149
08/07/2023 01:00,57.149
08/07/2023 01:30,57.149
08/07/2023 02:00,57.149
08/07/2023 02:30,57.149
08/07/2023 03:00,57.149
08/07/2023 03:30,57.149
08/07/2023 04:00,57.149
08/07/2023 04:30,57.149
08/07/2023 05:00,57.149
08/07/2023 05:30,57.149
08/07/2023 06:00,57.149
08/07/2023 06:30,57.149
08/07/2023 07:00,57.149
08/07/2023 07:30,57.149
08/07/2023 08:00,57.149
08/07/2023 08:30,57.149
08/07/2023 09:00,57.149
08/07/2023 09:30,57.149
08/07/2023 10:00,57.149
08/07/2023 10:30,57.149
08/07/2023 11:00,57.149
08/07/2023 11:30,57.149
08/07/2023 12:00,57.149
08/07/2023 12:30,57.149
08/07/2023 13:00,57.149
08/07/2023 13:30,57.149
08/07/2023 14:00,57.149
08/07/2023 14:30,57.149
08/07/2023 15:00,57.149
08/07/2023 15:30,57.149
08/07/2023 16:00,57.149
08/07/2023 16:30,57.149
08/07/2023 17:00,57.149
08/07/2023 17:30,57.149
08/07/2023 18:00,57.149
08/07/2023 18:30,57.149
08/07/2023 19:00,57.149
08/07/2023 19:30,57.149
08/07/2023 20:00,57.149
08/07/2023 20:30,57.149
08/07/2023 21:00,57.149
08/07/2023 21:30,57.149
08/07/2023 22:00,57.149
08/07/2023 22:30,57.149
08/07/2023 23:00,57.149
08/07/2023 23:30,57.149
08/08/2023 00:00,18.469
08/08/2023 00:30,18.469
08/08/2023 01:00,18.469
08/08/2023 01:30,18.469
08/08/2023 02:00,18.469
08/08/2023 02:30,18.469
08/08/2023 03:00,18.469
08/08/2023 03:30,18.469
08/08/2023 04:00,18.469
08/08/2023 04:30,18.469
08/08/2023 05:00,18.469
08/08/2023 05:30,18.469
08/08/2023 06:00,18.469
08/08/2023 06:30,18.469
08/08/2023 07:00,18.469
08/08/2023 07:30,18.469
08/08/2023 08:00,18.469
08/08/2023 08:30,18.469
08/08/2023 09:00,18.469
08/08/2023 09:30,18.469
08/08/2023 10:00,18.469
08/08/2023 10:30,18.469
08/08/2023 11:00,18.469
08/08/2023 11:30,18.469
08/08/2023 12:00,18.469
08/08/2023 12:30,18.469
08/08/2023 13:00,18.469
08/08/2023 13:30,18.469
08/08/2023 14:00,18.469
08/08/2023 14:30,18.469
08/08/2023 15:00,18.469
08/08/2023 15:30,18.469
08/08/2023 16:00,18.469
08/08/2023 16:30,18.469
08/08/2023 17:00,18.469
08/08/2023 17:30,18.469
08/08/2023 18:00,18.469
08/08/2023 18:30,18.469
08/08/2023 19:00,18.469
08/08/2023 19:30,18.469
08/08/2023 20:00,18.469
08/08/2023 20:30,18.469
08/08/2023 21:00,18.469
08/08/2023 21:30,18.469
08/08/2023 22:00,18.469
08/08/2023 22:30,18.469
08/08/2023 23:00,18.469
08/08/2023 23:30,18.469
08/09/2023 00:00,9.49
08/09/2023 00:30,9.49
08/09/2023 01:00,9.49
08/09/2023 01:30,9.49
08/09/2023 02:00,9.49
08/09/2023 02:30,9.49
08/09/2023 03:00,9.49
08/09/2023 03:30,9.49
08/09/2023 04:00,9.49
08/09/2023 04:30,9.49
08/09/2023 05:00,9.49
08/09/2023 05:30,9.49
08/09/2023 06:00,9.49
08/09/2023 06:30,9.49
08/09/2023 07:00,9.49
08/09/2023 07:30,9.49
08/09/2023 08:00,9.49
08/09/2023 08:30,9.49
08/09/2023 09:00,9.49
08/09/2023 09:30,9.49
08/09/2023 10:00,9.49
08/09/2023 10:30,9.49
08/09/2023 11:00,9.49
08/09/2023 11:30,9.49
08/09/2023 12:00,9.49
08/09/2023 12:30,9.49
08/09/2023 13:00,9.49
08/09/2023 13:30,9.49
08/09/2023 14:00,9.49
08/09/2023 14:30,9.49
08/09/2023 15:00,9.49
08/09/2023 15:30,9.49
08/09/2023 16:00,9.49
08/09/2023 16:30,9.49
08/09/2023 17:00,9.49
08/09/2023 17:30,9.49
08/09/2023 18:00,9.49
08/09/2023 18:30,9.49
08/09/2023 19:00,9.49
08/09/2023 19:30,9.49
08/09/2023 20:00,9.49
08/09/2023 20:30,9.49
08/09/2023 21:00,9.49
08/09/2023 21:30,9.49
08/09/2023 22:00,9.49
08/09/2023 22:30,9.49
08/09/2023 23:00,9.49
08/09/2023 23:30,9.49
08/10/2023 00:00,9.49
08/10/2023 00:30,9.49
08/10/2023 01:00,9.49
08/10/2023 01:30,9.49
08/10/2023 02:00,9.49
08/10/2023 02:30,9.49
08/10/2023 03:00,9.49
08/10/2023 03:30,9.49
08/10/2023 04:00,9.49
08/10/2023 04:30,9.49
08/10/2023 05:00,9.49
08/10/2023 05:30,9.49
08/10/2023 06:00,9.49
08/10/2023 06:30,9.49
08/10/2023 07:00,9.49
08/10/2023 07:30,9.49
08/10/2023 08:00,9.49
08/10/2023 08:30,9.49
08/10/2023 09:00,9.49
08/10/2023 09:30,9.49
08/10/2023 10:00,9.49
08/10/2023 10:30,9.49
08/10/2023 11:00,9.49
08/10/2023 11:30,9.49
08/10/2023 12:00,9.49
08/10/2023 12:30,9.49
08/10/2023 13:00,9.49
08/10/2023 13:30,9.49
08/10/2023 14:00,9.49
08/10/2023 14:30,9.49
08/10/2023 15:00,9.49
08/10/2023 15:30,9.49
08/10/2023 16:00,9.49
08/10/2023 16:30,9.49
08/10/2023 17:00,9.49
08/10/2023 17:30,9.49
08/10/2023 18:00,9.49
08/10/2023 18:30,9.49
08/10/2023 19:00,9.49
08/10/2023 19:30,9.49
08/10/2023 20:00,9.49
08/10/2023 20:30,9.49
08/10/2023 21:00,9.49
08/10/2023 21:30,9.49
08/10/2023 22:00,9.49
08/10/2023 22:30,9.49
08/10/2023 23:00,9.49
08/10/2023 23:30,9.49
08/11/2023 00:00,16.973
08/11/2023 00:30,16.973
08/11/2023 01:00,16.973
08/11/2023 01:30,16.973
08/11/2023 02:00,16.973
08/11/2023 02:30,16.973
08/11/2023 03:00,16.973
08/11/2023 03:30,16.973
08/11/2023 04:00,16.973
08/11/2023 04:30,16.973
08/11/2023 05:00,16.973
08/11/2023 05:30,16.973
08/11/2023 06:00,16.973
08/11/2023 06:30,16.973
08/11/2023 07:00,16.973
08/11/2023 07:30,16.973
08/11/2023 08:00,16.973
08/11/2023 08:30,16.973
08/11/2023 09:00,16.973
08/11/2023 09:30,16.973
08/11/2023 10:00,16.973
08/11/2023 10:30,16.973
08/11/2023 11:00,16.973
08/11/2023 11:30,16.973
08/11/2023 12:00,16.973
08/11/2023 12:30,16.973
08/11/2023 13:00,16.973
08/11/2023 13:30,16.973
08/11/2023 14:00,16.973
08/11/2023 14:30,16.973
08/11/2023 15:00,16.973
08/11/2023 15:30,16.973
08/11/2023 16:00,16.973
08/11/2023 16:30,16.973
08/11/2023 17:00,16.973
08/11/2023 17:30,16.973
08/11/2023 18:00,16.973
08/11/2023 18:30,16.973
08/11/2023 19:00,16.973
08/11/2023 19:30,16.973
08/11/2023 20:00,16.973
08/11/2023 20:30,16.973
08/11/2023 21:00,16.973
08/11/2023 21:30,16.973
08/11/2023 22:00,16.973
08/11/2023 22:30,16.973
08/11/2023 23:00,16.973
08/11/2023 23:30,16.973
08/12/2023 00:00,9.49
08/12/2023 00:30,9.49
08/12/2023 01:00,9.49
08/12/2023 01:30,9.49
08/12/2023 02:00,9.49
08/12/2023 02:30,9.49
08/12/2023 03:00,9.49
08/12/2023 03:30,9.49
08/12/2023 04:00,9.49
08/12/2023 04:30,9.49
08/12/2023 05:00,9.49
08/12/2023 05:30,9.49
08/12/2023 06:00,9.49
08/12/2023 06:30,9.49
08/12/2023 07:00,9.49
08/12/2023 07:30,9.49
08/12/2023 08:00,9.49
08/12/2023 08:30,9.49
08/12/2023 09:00,9.49
08/12/2023 09:30,9.49
08/12/2023 10:00,9.49
08/12/2023 10:30,9.49
08/12/2023 11:00,9.49
08/12/2023 11:30,9.49
08/12/2023 12:00,9.49
08/12/2023 12:30,9.49
08/12/2023 13:00,9.49
08/12/2023 13:30,9.49
08/12/2023 14:00,9.49
08/12/2023 14:30,9.49
08/12/2023 15:00,9.49
08/12/2023 15:30,9.49
08/12/2023 16:00,9.49
08/12/2023 16:30,9.49
08/12/2023 17:00,9.49
08/12/2023 17:30,9.49
08/12/2023 18:00,9.49
08/12/2023 18:30,9.49
08/12/2023 19:00,9.49
08/12/2023 19:30,9.49
08/12/2023 20:00,9.49
08/12/2023 20:30,9.49
08/12/2023 21:00,9.49
08/12/2023 21:30,9.49
08/12/2023 22:00,9.49
08/12/2023 22:30,9.49
08/12/2023 23:00,9.49
08/12/2023 23:30,9.49
08/13/2023 00:00,6.497
08/13/2023 00:30,6.497
08/13/2023 01:00,6.497
08/13/2023 01:30,6.497
08/13/2023 02:00,6.497
08/13/2023 02:30,6.497
08/13/2023 03:00,6.497
08/13/2023 03:30,6.497
08/13/2023 04:00,6.497
08/13/2023 04:30,6.497
08/13/2023 05:00,6.497
08/13/2023 05:30,6.497
08/13/2023 06:00,6.497
08/13/2023 06:30,6.497
08/13/2023 07:00,6.497
08/13/2023 07:30,6.497
08/13/2023 08:00,6.497
08/13/2023 08:30,6.497
08/13/2023 09:00,6.497
08/13/2023 09:30,6.497
08/13/2023 10:00,6.497
08/13/2023 10:30,6.497
08/13/2023 11:00,6.497
08/13/2023 11:30,6.497
08/13/2023 12:00,6.497
08/13/2023 12:30,6.497
08/13/2023 13:00,6.497
08/13/2023 13:30,6.497
08/13/2023 14:00,6.497
08/13/2023 14:30,6.497
08/13/2023 15:00,6.497
08/13/2023 15:30,6.497
08/13/2023 16:00,6.497
08/13/2023 16:30,6.497
08/13/2023 17:00,6.497
08/13/2023 17:30,6.497
08/13/2023 18:00,6.497
08/13/2023 18:30,6.497
08/13/2023 19:00,6.497
08/13/2023 19:30,6.497
08/13/2023 20:00,6.497
08/13/2023 20:30,6.497
08/13/2023 21:00,6.497
08/13/2023 21:30,6.497
08/13/2023 22:00,6.497
08/13/2023 22:30,6.497
08/13/2023 23:00,6.497
08/13/2023 23:30,6.497
08/14/2023 00:00,5.0
08/14/2023 00:30,5.0
08/14/2023 01:00,5.0
08/14/2023 01:30,5.0
08/14/2023 02:00,5.0
08/14/2023 02:30,5.0
08/14/2023 03:00,5.0
08/14/2023 03:30,5.0
08/14/2023 04:00,5.0
08/14/2023 04:30,5.0
08/14/2023 05:00,5.0
08/14/2023 05:30,5.0
08/14/2023 06:00,5.0
08/14/2023 06:30,5.0
08/14/2023 07:00,5.0
08/14/2023 07:30,5.0
08/14/2023 08:00,5.0
08/14/2023 08:30,5.0
08/14/2023 09:00,5.0
08/14/2023 09:30,5.0
08/14/2023 10:00,5.0
08/14/2023 10:30,5.0
08/14/2023 11:00,5.0
08/14/2023 11:30,5.0
08/14/2023 12:00,5.0
08/14/2023 12:30,5.0
08/14/2023 13:00,5.0
08/14/2023 13:30,5.0
08/14/2023 14:00,5.0
08/14/2023 14:30,5.0
08/14/2023 15:00,5.0
08/14/2023 15:30,5.0
08/14/2023 16:00,5.0
08/14/2023 16:30,5.0
08/14/2023 17:00,5.0
08/14/2023 17:30,5.0
08/14/2023 18:00,5.0
08/14/2023 18:30,5.0
08/14/2023 19:00,5.0
08/14/2023 19:30,5.0
08/14/2023 20:00,5.0
08/14/2023 20:30,5.0
08/14/2023 21:00,5.0
08/14/2023 21:30,5.0
08/14/2023 22:00,5.0
08/14/2023 22:30,5.0
08/14/2023 23:00,5.0
08/14/2023 23:30,5.0
08/15/2023 00:00,7.993
08/15/2023 00:30,7.993
08/15/2023 01:00,7.993
08/15/2023 01:30,7.993
08/15/2023 02:00,7.993
08/15/2023 02:30,7.993
08/15/2023 03:00,7.993
08/15/2023 03:30,7.993
08/15/2023 04:00,7.993
08/15/2023 04:30,7.993
08/15/2023 05:00,7.993
08/15/2023 05:30,7.993
08/15/2023 06:00,7.993
08/15/2023 06:30,7.993
08/15/2023 07:00,7.993
08/15/2023 07:30,7.993
08/15/2023 08:00,7.993
08/15/2023 08:30,7.993
08/15/2023 09:00,7.993
08/15/2023 09:30,7.993
08/15/2023 10:00,7.993
08/15/2023 10:30,7.993
08/15/2023 11:00,7.993
08/15/2023 11:30,7.993
08/15/2023 12:00,7.993
08/15/2023 12:30,7.993
08/15/2023 13:00,7.993
08/15/2023 13:30,7.993
08/15/2023 14:00,7.993
08/15/2023 14:30,7.993
08/15/2023 15:00,7.993
08/15/2023 15:30,7.993
08/15/2023 16:00,7.993
08/15/2023 16:30,7.993
08/15/2023 17:00,7.993
08/15/2023 17:30,7.993
08/15/2023 18:00,7.993
08/15/2023 18:30,7.993
08/15/2023 19:00,7.993
08/15/2023 19:30,7.993
08/15/2023 20:00,7.993
08/15/2023 20:30,7.993
08/15/2023 21:00,7.993
08/15/2023 21:30,7.993
08/15/2023 22:00,7.993
08/15/2023 22:30,7.993
08/15/2023 23:00,7.993
08/15/2023 23:30,7.993
08/16/2023 00:00,5.0
08/16/2023 00:30,5.0
08/16/2023 01:00,5.0
08/16/2023 01:30,5.0
08/16/2023 02:00,5.0
08/16/2023 02:30,5.0
08/16/2023 03:00,5.0
08/16/2023 03:30,5.0
08/16/2023 04:00,5.0
08/16/2023 04:30,5.0
08/16/2023 05:00,5.0
08/16/2023 05:30,5.0
08/16/2023 06:00,5.0
08/16/2023 06:30,5.0
08/16/2023 07:00,5.0
08/16/2023 07:30,5.0
08/16/2023 08:00,5.0
08/16/2023 08:30,5.0
08/16/2023 09:00,5.0
08/16/2023 09:30,5.0
08/16/2023 10:00,5.0
08/16/2023 10:30,5.0
08/16/2023 11:00,5.0
08/16/2023 11:30,5.0
08/16/2023 12:00,5.0
08/16/2023 12:30,5.0
08/16/2023 13:00,5.0
08/16/2023 13:30,5.0
08/16/2023 14:00,5.0
08/16/2023 14:30,5.0
08/16/2023 15:00,5.0
08/16/2023 15:30,5.0
08/16/2023 16:00,5.0
08/16/2023 16:30,5.0
08/16/2023 17:00,5.0
08/16/2023 17:30,5.0
08/16/2023 18:00,5.0
08/16/2023 18:30,5.0
08/16/2023 19:00,5.0
08/16/2023 19:30,5.0
08/16/2023 20:00,5.0
08/16/2023 20:30,5.0
08/16/2023 21:00,5.0
08/16/2023 21:30,5.0
08/16/2023 22:00,5.0
08/16/2023 22:30,5.0
08/16/2023 23:00,5.0
08/16/2023 23:30,5.0
08/17/2023 00:00,5.0
08/17/2023 00:30,5.0
08/17/2023 01:00,5.0
08/17/2023 01:30,5.0
08/17/2023 02:00,5.0
08/17/2023 02:30,5.0
08/17/2023 03:00,5.0
08/17/2023 03:30,5.0
08/17/2023 04:00,5.0
08/17/2023 04:30,5.0
08/17/2023 05:00,5.0
08/17/2023 05:30,5.0
08/17/2023 06:00,5.0
08/17/2023 06:30,5.0
08/17/2023 07:00,5.0
08/17/2023 07:30,5.0
08/17/2023 08:00,5.0
08/17/2023 08:30,5.0
08/17/2023 09:00,5.0
08/17/2023 09:30,5.0
08/17/2023 10:00,5.0
08/17/2023 10:30,5.0
08/17/2023 11:00,5.0
08/17/2023 11:30,5.0
08/17/2023 12:00,5.0
08/17/2023 12:30,5.0
08/17/2023 13:00,5.0
08/17/2023 13:30,5.0
08/17/2023 14:00,5.0
08/17/2023 14:30,5.0
08/17/2023 15:00,5.0
08/17/2023 15:30,5.0
08/17/2023 16:00,5.0
08/17/2023 16:30,5.0
08/17/2023 17:00,5.0
08/17/2023 17:30,5.0
08/17/2023 18:00,5.0
08/17/2023 18:30,5.0
08/17/2023 19:00,5.0
08/17/2023 19:30,5.0
08/17/2023 20:00,5.0
08/17/2023 20:30,5.0
08/17/2023 21:00,5.0
08/17/2023 21:30,5.0
08/17/2023 22:00,5.0
08/17/2023 22:30,5.0
08/17/2023 23:00,5.0
08/17/2023 23:30,5.0
08/18/2023 00:00,5.0
08/18/2023 00:30,5.0
08/18/2023 01:00,5.0
08/18/2023 01:30,5.0
08/18/2023 02:00,5.0
08/18/2023 02:30,5.0
08/18/2023 03:00,5.0
08/18/2023 03:30,5.0
08/18/2023 04:00,5.0
08/18/2023 04:30,5.0
08/18/2023 05:00,5.0
08/18/2023 05:30,5.0
08/18/2023 06:00,5.0
08/18/2023 06:30,5.0
08/18/2023 07:00,5.0
08/18/2023 07:30,5.0
08/18/2023 08:00,5.0
08/18/2023 08:30,5.0
08/18/2023 09:00,5.0
08/18/2023 09:30,5.0
08/18/2023 10:00,5.0
08/18/2023 10:30,5.0
08/18/2023 11:00,5.0
08/18/2023 11:30,5.0
08/18/2023 12:00,5.0
08/18/2023 12:30,5.0
08/18/2023 13:00,5.0
08/18/2023 13:30,5.0
08/18/2023 14:00,5.0
08/18/2023 14:30,5.0
08/18/2023 15:00,5.0
08/18/2023 15:30,5.0
08/18/2023 16:00,5.0
08/18/2023 16:30,5.0
08/18/2023 17:00,5.0
08/18/2023 17:30,5.0
08/18/2023 18:00,5.0
08/18/2023 18:30,5.0
08/18/2023 19:00,5.0
08/18/2023 19:30,5.0
08/18/2023 20:00,5.0
08/18/2023 20:30,5.0
08/18/2023 21:00,5.0
08/18/2023 21:30,5.0
08/18/2023 22:00,5.0
08/18/2023 22:30,5.0
08/18/2023 23:00,5.0
08/18/2023 23:30,5.0
08/19/2023 00:00,5.0
08/19/2023 00:30,5.0
08/19/2023 01:00,5.0
08/19/2023 01:30,5.0
08/19/2023 02:00,5.0
08/19/2023 02:30,5.0
08/19/2023 03:00,5.0
08/19/2023 03:30,5.0
08/19/2023 04:00,5.0
08/19/2023 04:30,5.0
08/19/2023 05:00,5.0
08/19/2023 05:30,5.0
08/19/2023 06:00,5.0
08/19/2023 06:30,5.0
08/19/2023 07:00,5.0
08/19/2023 07:30,5.0
08/19/2023 08:00,5.0
08/19/2023 08:30,5.0
08/19/2023 09:00,5.0
08/19/2023 09:30,5.0
08/19/2023 10:00,5.0
08/19/2023 10:30,5.0
08/19/2023 11:00,5.0
08/19/2023 11:30,5.0
08/19/2023 12:00,5.0
08/19/2023 12:30,5.0
08/19/2023 13:00,5.0
08/19/2023 13:30,5.0
08/19/2023 14:00,5.0
08/19/2023 14:30,5.0
08/19/2023 15:00,5.0
08/19/2023 15:30,5.0
08/19/2023 16:00,5.0
08/19/2023 16:30,5.0
08/19/2023 17:00,5.0
08/19/2023 17:30,5.0
08/19/2023 18:00,5.0
08/19/2023 18:30,5.0
08/19/2023 19:00,5.0
08/19/2023 19:30,5.0
08/19/2023 20:00,5.0
08/19/2023 20:30,5.0
08/19/2023 21:00,5.0
08/19/2023 21:30,5.0
08/19/2023 22:00,5.0
08/19/2023 22:30,5.0
08/19/2023 23:00,5.0
08/19/2023 23:30,5.0
08/20/2023 00:00,5.0
08/20/2023 00:30,5.0
08/20/2023 01:00,5.0
08/20/2023 01:30,5.0
08/20/2023 02:00,5.0
08/20/2023 02:30,5.0
08/20/2023 03:00,5.0
08/20/2023 03:30,5.0
08/20/2023 04:00,5.0
08/20/2023 04:30,5.0
08/20/2023 05:00,5.0
08/20/2023 05:30,5.0
08/20/2023 06:00,5.0
08/20/2023 06:30,5.0
08/20/2023 07:00,5.0
08/20/2023 07:30,5.0
08/20/2023 08:00,5.0
08/20/2023 08:30,5.0
08/20/2023 09:00,5.0
08/20/2023 09:30,5.0
08/20/2023 10:00,5.0
08/20/2023 10:30,5.0
08/20/2023 11:00,5.0
08/20/2023 11:30,5.0
08/20/2023 12:00,5.0
08/20/2023 12:30,5.0
08/20/2023 13:00,5.0
08/20/2023 13:30,5.0
08/20/2023 14:00,5.0
08/20/2023 14:30,5.0
08/20/2023 15:00,5.0
08/20/2023 15:30,5.0
08/20/2023 16:00,5.0
08/20/2023 16:30,5.0
08/20/2023 17:00,5.0
08/20/2023 17:30,5.0
08/20/2023 18:00,5.0
08/20/2023 18:30,5.0
08/20/2023 19:00,5.0
08/20/2023 19:30,5.0
08/20/2023 20:00,5.0
08/20/2023 20:30,5.0
08/20/2023 21:00,5.0
08/20/2023 21:30,5.0
08/20/2023 22:00,5.0
08/20/2023 22:30,5.0
08/20/2023 23:00,5.0
08/20/2023 23:30,5.0
08/21/2023 00:00,4.26
08/21/2023 00:30,4.26
08/21/2023 01:00,4.26
08/21/2023 01:30,4.26
08/21/2023 02:00,4.26
08/21/2023 02:30,4.26
08/21/2023 03:00,4.26
08/21/2023 03:30,4.26
08/21/2023 04:00,4.26
08/21/2023 04:30,4.26
08/21/2023 05:00,4.26
08/21/2023 05:30,4.26
08/21/2023 06:00,4.26
08/21/2023 06:30,4.26
08/21/2023 07:00,4.26
08/21/2023 07:30,4.26
08/21/2023 08:00,4.26
08/21/2023 08:30,4.26
08/21/2023 09:00,4.26
08/21/2023 09:30,4.26
08/21/2023 10:00,4.26
08/21/2023 10:30,4.26
08/21/2023 11:00,4.26
08/21/2023 11:30,4.26
08/21/2023 12:00,4.26
08/21/2023 12:30,4.26
08/21/2023 13:00,4.26
08/21/2023 13:30,4.26
08/21/2023 14:00,4.26
08/21/2023 14:30,4.26
08/21/2023 15:00,4.26
08/21/2023 15:30,4.26
08/21/2023 16:00,4.26
08/21/2023 16:30,4.26
08/21/2023 17:00,4.26
08/21/2023 17:30,4.26
08/21/2023 18:00,4.26
08/21/2023 18:30,4.26
08/21/2023 19:00,4.26
08/21/2023 19:30,4.26
08/21/2023 20:00,4.26
08/21/2023 20:30,4.26
08/21/2023 21:00,4.26
08/21/2023 21:30,4.26
08/21/2023 22:00,4.26
08/21/2023 22:30,4.26
08/21/2023 23:00,4.26
08/21/2023 23:30,4.26
08/22/2023 00:00,0.0
08/22/2023 00:30,0.0
08/22/2023 01:00,0.0
08/22/2023 01:30,0.0
08/22/2023 02:00,0.0
08/22/2023 02:30,0.0
08/22/2023 03:00,0.0
08/22/2023 03:30,0.0
08/22/2023 04:00,0.0
08/22/2023 04:30,0.0
08/22/2023 05:00,0.0
08/22/2023 05:30,0.0
08/22/2023 06:00,0.0
08/22/2023 06:30,0.0
08/22/2023 07:00,0.0
08/22/2023 07:30,0.0
08/22/2023 08:00,0.0
08/22/2023 08:30,0.0
08/22/2023 09:00,0.0
08/22/2023 09:30,0.0
08/22/2023 10:00,0.0
08/22/2023 10:30,0.0
08/22/2023 11:00,0.0
08/22/2023 11:30,0.0
08/22/2023 12:00,0.0
08/22/2023 12:30,0.0
08/22/2023 13:00,0.0
08/22/2023 13:30,0.0
08/22/2023 14:00,0.0
08/22/2023 14:30,0.0
08/22/2023 15:00,0.0
08/22/2023 15:30,0.0
08/22/2023 16:00,0.0
08/22/2023 16:30,0.0
08/22/2023 17:00,0.0
08/22/2023 17:30,0.0
08/22/2023 18:00,0.0
08/22/2023 18:30,0.0
08/22/2023 19:00,0.0
08/22/2023 19:30,0.0
08/22/2023 20:00,0.0
08/22/2023 20:30,0.0
08/22/2023 21:00,0.0
08/22/2023 21:30,0.0
08/22/2023 22:00,0.0
08/22/2023 22:30,0.0
08/22/2023 23:00,0.0
08/22/2023 23:30,0.0
08/23/2023 00:00,0.0
08/23/2023 00:30,0.0
08/23/2023 01:00,0.0
08/23/2023 01:30,0.0
08/23/2023 02:00,0.0
08/23/2023 02:30,0.0
08/23/2023 03:00,0.0
08/23/2023 03:30,0.0
08/23/2023 04:00,0.0
08/23/2023 04:30,0.0
08/23/2023 05:00,0.0
08/23/2023 05:30,0.0
08/23/2023 06:00,0.0
08/23/2023 06:30,0.0
08/23/2023 07:00,0.0
08/23/2023 07:30,0.0
08/23/2023 08:00,0.0
08/23/2023 08:30,0.0
08/23/2023 09:00,0.0
08/23/2023 09:30,0.0
08/23/2023 10:00,0.0
08/23/2023 10:30,0.0
08/23/2023 11:00,0.0
08/23/2023 11:30,0.0
08/23/2023 12:00,0.0
08/23/2023 12:30,0.0
08/23/2023 13:00,0.0
08/23/2023 13:30,0.0
08/23/2023 14:00,0.0
08/23/2023 14:30,0.0
08/23/2023 15:00,0.0
08/23/2023 15:30,0.0
08/23/2023 16:00,0.0
08/23/2023 16:30,0.0
08/23/2023 17:00,0.0
08/23/2023 17:30,0.0
08/23/2023 18:00,0.0
08/23/2023 18:30,0.0
08/23/2023 19:00,0.0
08/23/2023 19:30,0.0
08/23/2023 20:00,0.0
08/23/2023 20:30,0.0
08/23/2023 21:00,0.0
08/23/2023 21:30,0.0
08/23/2023 22:00,0.0
08/23/2023 22:30,0.0
08/23/2023 23:00,0.0
08/23/2023 23:30,0.0
08/24/2023 00:00,0.0
08/24/2023 00:30,0.0
08/24/2023 01:00,0.0
08/24/2023 01:30,0.0
08/24/2023 02:00,0.0
08/24/2023 02:30,0.0
08/24/2023 03:00,0.0
08/24/2023 03:30,0.0
08/24/2023 04:00,0.0
08/24/2023 04:30,0.0
08/24/2023 05:00,0.0
08/24/2023 05:30,0.0
08/24/2023 06:00,0.0
08/24/2023 06:30,0.0
08/24/2023 07:00,0.0
08/24/2023 07:30,0.0
08/24/2023 08:00,0.0
08/24/2023 08:30,0.0
08/24/2023 09:00,0.0
08/24/2023 09:30,0.0
08/24/2023 10:00,0.0
08/24/2023 10:30,0.0
08/24/2023 11:00,0.0
08/24/2023 11:30,0.0
08/24/2023 12:00,0.0
08/24/2023 12:30,0.0
08/24/2023 13:00,0.0
08/24/2023 13:30,0.0
08/24/2023 14:00,0.0
08/24/2023 14:30,0.0
08/24/2023 15:00,0.0
08/24/2023 15:30,0.0
08/24/2023 16:00,0.0
08/24/2023 16:30,0.0
08/24/2023 17:00,0.0
08/24/2023 17:30,0.0
08/24/2023 18:00,0.0
08/24/2023 18:30,0.0
08/24/2023 19:00,0.0
08/24/2023 19:30,0.0
08/24/2023 20:00,0.0
08/24/2023 20:30,0.0
08/24/2023 21:00,0.0
08/24/2023 21:30,0.0
08/24/2023 22:00,0.0
08/24/2023 22:30,0.0
08/24/2023 23:00,0.0
08/24/2023 23:30,0.0
08/25/2023 00:00,0.0
08/25/2023 00:30,0.0
08/25/2023 01:00,0.0
08/25/2023 01:30,0.0
08/25/2023 02:00,0.0
08/25/2023 02:30,0.0
08/25/2023 03:00,0.0
08/25/2023 03:30,0.0
08/25/2023 04:00,0.0
08/25/2023 04:30,0.0
08/25/2023 05:00,0.0
08/25/2023 05:30,0.0
08/25/2023 06:00,0.0
08/25/2023 06:30,0.0
08/25/2023 07:00,0.0
08/25/2023 07:30,0.0
08/25/2023 08:00,0.0
08/25/2023 08:30,0.0
08/25/2023 09:00,0.0
08/25/2023 09:30,0.0
08/25/2023 10:00,0.0
08/25/2023 10:30,0.0
08/25/2023 11:00,0.0
08/25/2023 11:30,0.0
08/25/2023 12:00,0.0
08/25/2023 12:30,0.0
08/25/2023 13:00,0.0
08/25/2023 13:30,0.0
08/25/2023 14:00,0.0
08/25/2023 14:30,0.0
08/25/2023 15:00,0.0
08/25/2023 15:30,0.0
08/25/2023 16:00,0.0
08/25/2023 16:30,0.0
08/25/2023 17:00,0.0
08/25/2023 17:30,0.0
08/25/2023 18:00,0.0
08/25/2023 18:30,0.0
08/25/2023 19:00,0.0
08/25/2023 19:30,0.0
08/25/2023 20:00,0.0
08/25/2023 20:30,0.0
08/25/2023 21:00,0.0
08/25/2023 21:30,0.0
08/25/2023 22:00,0.0
08/25/2023 22:30,0.0
08/25/2023 23:00,0.0
08/25/2023 23:30,0.0
08/26/2023 00:00,6.0
08/26/2023 00:30,6.0
08/26/2023 01:00,6.0
08/26/2023 01:30,6.0
08/26/2023 02:00,6.0
08/26/2023 02:30,6.0
08/26/2023 03:00,6.0
08/26/2023 03:30,6.0
08/26/2023 04:00,6.0
08/26/2023 04:30,6.0
08/26/2023 05:00,6.0
08/26/2023 05:30,6.0
08/26/2023 06:00,6.0
08/26/2023 06:30,6.0
08/26/2023 07:00,6.0
08/26/2023 07:30,6.0
08/26/2023 08:00,6.0
08/26/2023 08:30,6.0
08/26/2023 09:00,6.0
08/26/2023 09:30,6.0
08/26/2023 10:00,6.0
08/26/2023 10:30,6.0
08/26/2023 11:00,6.0
08/26/2023 11:30,6.0
08/26/2023 12:00,6.0
08/26/2023 12:30,6.0
08/26/2023 13:00,6.0
08/26/2023 13:30,6.0
08/26/2023 14:00,6.0
08/26/2023 14:30,6.0
08/26/2023 15:00,6.0
08/26/2023 15:30,6.0
08/26/2023 16:00,6.0
08/26/2023 16:30,6.0
08/26/2023 17:00,6.0
08/26/2023 17:30,6.0
08/26/2023 18:00,6.0
08/26/2023 18:30,6.0
08/26/2023 19:00,6.0
08/26/2023 19:30,6.0
08/26/2023 20:00,6.0
08/26/2023 20:30,6.0
08/26/2023 21:00,6.0
08/26/2023 21:30,6.0
08/26/2023 22:00,6.0
08/26/2023 22:30,6.0
08/26/2023 23:00,6.0
08/26/2023 23:30,6.0
08/27/2023 00:00,17.973
08/27/2023 00:30,17.973
08/27/2023 01:00,17.973
08/27/2023 01:30,17.973
08/27/2023 02:00,17.973
08/27/2023 02:30,17.973
08/27/2023 03:00,17.973
08/27/2023 03:30,17.973
08/27/2023 04:00,17.973
08/27/2023 04:30,17.973
08/27/2023 05:00,17.973
08/27/2023 05:30,17.973
08/27/2023 06:00,17.973
08/27/2023 06:30,17.973
08/27/2023 07:00,17.973
08/27/2023 07:30,17.973
08/27/2023 08:00,17.973
08/27/2023 08:30,17.973
08/27/2023 09:00,17.973
08/27/2023 09:30,17.973
08/27/2023 10:00,17.973
08/27/2023 10:30,17.973
08/27/2023 11:00,17.973
08/27/2023 11:30,17.973
08/27/2023 12:00,17.973
08/27/2023 12:30,17.973
08/27/2023 13:00,17.973
08/27/2023 13:30,17.973
08/27/2023 14:00,17.973
08/27/2023 14:30,17.973
08/27/2023 15:00,17.973
08/27/2023 15:30,17.973
08/27/2023 16:00,17.973
08/27/2023 16:30,17.973
08/27/2023 17:00,17.973
08/27/2023 17:30,17.973
08/27/2023 18:00,17.973
08/27/2023 18:30,17.973
08/27/2023 19:00,17.973
08/27/2023 19:30,17.973
08/27/2023 20:00,17.973
08/27/2023 20:30,17.973
08/27/2023 21:00,17.973
08/27/2023 21:30,17.973
08/27/2023 22:00,17.973
08/27/2023 22:30,17.973
08/27/2023 23:00,17.973
08/27/2023 23:30,17.973
08/28/2023 00:00,11.473
08/28/2023 00:30,11.473
08/28/2023 01:00,11.473
08/28/2023 01:30,11.473
08/28/2023 02:00,11.473
08/28/2023 02:30,11.473
08/28/2023 03:00,11.473
08/28/2023 03:30,11.473
08/28/2023 04:00,11.473
08/28/2023 04:30,11.473
08/28/2023 05:00,11.473
08/28/2023 05:30,11.473
08/28/2023 06:00,11.473
08/28/2023 06:30,11.473
08/28/2023 07:00,11.473
08/28/2023 07:30,11.473
08/28/2023 08:00,11.473
08/28/2023 08:30,11.473
08/28/2023 09:00,11.473
08/28/2023 09:30,11.473
08/28/2023 10:00,11.473
08/28/2023 10:30,11.473
08/28/2023 11:00,11.473
08/28/2023 11:30,11.473
08/28/2023 12:00,11.473
08/28/2023 12:30,11.473
08/28/2023 13:00,11.473
08/28/2023 13:30,11.473
08/28/2023 14:00,11.473
08/28/2023 14:30,11.473
08/28/2023 15:00,11.473
08/28/2023 15:30,11.473
08/28/2023 16:00,11.473
08/28/2023 16:30,11.473
08/28/2023 17:00,11.473
08/28/2023 17:30,11.473
08/28/2023 18:00,11.473
08/28/2023 18:30,11.473
08/28/2023 19:00,11.473
08/28/2023 19:30,11.473
08/28/2023 20:00,11.473
08/28/2023 20:30,11.473
08/28/2023 21:00,11.473
08/28/2023 21:30,11.473
08/28/2023 22:00,11.473
08/28/2023 22:30,11.473
08/28/2023 23:00,11.473
08/28/2023 23:30,11.473
08/29/2023 00:00,5.0
08/29/2023 00:30,5.0
08/29/2023 01:00,5.0
08/29/2023 01:30,5.0
08/29/2023 02:00,5.0
08/29/2023 02:30,5.0
08/29/2023 03:00,5.0
08/29/2023 03:30,5.0
08/29/2023 04:00,5.0
08/29/2023 04:30,5.0
08/29/2023 05:00,5.0
08/29/2023 05:30,5.0
08/29/2023 06:00,5.0
08/29/2023 06:30,5.0
08/29/2023 07:00,5.0
08/29/2023 07:30,5.0
08/29/2023 08:00,5.0
08/29/2023 08:30,5.0
08/29/2023 09:00,5.0
08/29/2023 09:30,5.0
08/29/2023 10:00,5.0
08/29/2023 10:30,5.0
08/29/2023 11:00,5.0
08/29/2023 11:30,5.0
08/29/2023 12:00,5.0
08/29/2023 12:30,5.0
08/29/2023 13:00,5.0
08/29/2023 13:30,5.0
08/29/2023 14:00,5.0
08/29/2023 14:30,5.0
08/29/2023 15:00,5.0
08/29/2023 15:30,5.0
08/29/2023 16:00,5.0
08/29/2023 16:30,5.0
08/29/2023 17:00,5.0
08/29/2023 17:30,5.0
08/29/2023 18:00,5.0
08/29/2023 18:30,5.0
08/29/2023 19:00,5.0
08/29/2023 19:30,5.0
08/29/2023 20:00,5.0
08/29/2023 20:30,5.0
08/29/2023 21:00,5.0
08/29/2023 21:30,5.0
08/29/2023 22:00,5.0
08/29/2023 22:30,5.0
08/29/2023 23:00,5.0
08/29/2023 23:30,5.0
08/30/2023 00:00,5.0
08/30/2023 00:30,5.0
08/30/2023 01:00,5.0
08/30/2023 01:30,5.0
08/30/2023 02:00,5.0
08/30/2023 02:30,5.0
08/30/2023 03:00,5.0
08/30/2023 03:30,5.0
08/30/2023 04:00,5.0
08/30/2023 04:30,5.0
08/30/2023 05:00,5.0
08/30/2023 05:30,5.0
08/30/2023 06:00,5.0
08/30/2023 06:30,5.0
08/30/2023 07:00,5.0
08/30/2023 07:30,5.0
08/30/2023 08:00,5.0
08/30/2023 08:30,5.0
08/30/2023 09:00,5.0
08/30/2023 09:30,5.0
08/30/2023 10:00,5.0
08/30/2023 10:30,5.0
08/30/2023 11:00,5.0
08/30/2023 11:30,5.0
08/30/2023 12:00,5.0
08/30/2023 12:30,5.0
08/30/2023 13:00,5.0
08/30/2023 13:30,5.0
08/30/2023 14:00,5.0
08/30/2023 14:30,5.0
08/30/2023 15:00,5.0
08/30/2023 15:30,5.0
08/30/2023 16:00,5.0
08/30/2023 16:30,5.0
08/30/2023 17:00,5.0
08/30/2023 17:30,5.0
08/30/2023 18:00,5.0
08/30/2023 18:30,5.0
08/30/2023 19:00,5.0
08/30/2023 19:30,5.0
08/30/2023 20:00,5.0
08/30/2023 20:30,5.0
08/30/2023 21:00,5.0
08/30/2023 21:30,5.0
08/30/2023 22:00,5.0
08/30/2023 22:30,5.0
08/30/2023 23:00,5.0
08/30/2023 23:30,5.0
08/31/2023 00:00,5.0
08/31/2023 00:30,5.0
08/31/2023 01:00,5.0
08/31/2023 01:30,5.0
08/31/2023 02:00,5.0
08/31/2023 02:30,5.0
08/31/2023 03:00,5.0
08/31/2023 03:30,5.0
08/31/2023 04:00,5.0
08/31/2023 04:30,5.0
08/31/2023 05:00,5.0
08/31/2023 05:30,5.0
08/31/2023 06:00,5.0
08/31/2023 06:30,5.0
08/31/2023 07:00,5.0
08/31/2023 07:30,5.0
08/31/2023 08:00,5.0
08/31/2023 08:30,5.0
08/31/2023 09:00,5.0
08/31/2023 09:30,5.0
08/31/2023 10:00,5.0
08/31/2023 10:30,5.0
08/31/2023 11:00,5.0
08/31/2023 11:30,5.0
08/31/2023 12:00,5.0
08/31/2023 12:30,5.0
08/31/2023 13:00,5.0
08/31/2023 13:30,5.0
08/31/2023 14:00,5.0
08/31/2023 14:30,5.0
08/31/2023 15:00,5.0
08/31/2023 15:30,5.0
08/31/2023 16:00,5.0
08/31/2023 16:30,5.0
08/31/2023 17:00,5.0
08/31/2023 17:30,5.0
08/31/2023 18:00,5.0
08/31/2023 18:30,5.0
08/31/2023 19:00,5.0
08/31/2023 19:30,5.0
08/31/2023 20:00,5.0
08/31/2023 20:30,5.0
08/31/2023 21:00,5.0
08/31/2023 21:30,5.0
08/31/2023 22:00,5.0
08/31/2023 22:30,5.0
08/31/2023 23:00,5.0
08/31/2023 23:30,5.0
09/01/2023 00:00,5.0
09/01/2023 00:30,5.0
09/01/2023 01:00,5.0
09/01/2023 01:30,5.0
09/01/2023 02:00,5.0
09/01/2023 02:30,5.0
09/01/2023 03:00,5.0
09/01/2023 03:30,5.0
09/01/2023 04:00,5.0
09/01/2023 04:30,5.0
09/01/2023 05:00,5.0
09/01/2023 05:30,5.0
09/01/2023 06:00,5.0
09/01/2023 06:30,5.0
09/01/2023 07:00,5.0
09/01/2023 07:30,5.0
09/01/2023 08:00,5.0
09/01/2023 08:30,5.0
09/01/2023 09:00,5.0
09/01/2023 09:30,5.0
09/01/2023 10:00,5.0
09/01/2023 10:30,5.0
09/01/2023 11:00,5.0
09/01/2023 11:30,5.0
09/01/2023 12:00,5.0
09/01/2023 12:30,5.0
09/01/2023 13:00,5.0
09/01/2023 13:30,5.0
09/01/2023 14:00,5.0
09/01/2023 14:30,5.0
09/01/2023 15:00,5.0
09/01/2023 15:30,5.0
09/01/2023 16:00,5.0
09/01/2023 16:30,5.0
09/01/2023 17:00,5.0
09/01/2023 17:30,5.0
09/01/2023 18:00,5.0
09/01/2023 18:30,5.0
09/01/2023 19:00,5.0
09/01/2023 19:30,5.0
09/01/2023 20:00,5.0
09/01/2023 20:30,5.0
09/01/2023 21:00,5.0
09/01/2023 21:30,5.0
09/01/2023 22:00,5.0
09/01/2023 22:30,5.0
09/01/2023 23:00,5.0
09/01/2023 23:30,5.0
09/02/2023 00:00,0.0
09/02/2023 00:30,0.0
09/02/2023 01:00,0.0
09/02/2023 01:30,0.0
09/02/2023 02:00,0.0
09/02/2023 02:30,0.0
09/02/2023 03:00,0.0
09/02/2023 03:30,0.0
09/02/2023 04:00,0.0
09/02/2023 04:30,0.0
09/02/2023 05:00,0.0
09/02/2023 05:30,0.0
09/02/2023 06:00,0.0
09/02/2023 06:30,0.0
09/02/2023 07:00,0.0
09/02/2023 07:30,0.0
09/02/2023 08:00,0.0
09/02/2023 08:30,0.0
09/02/2023 09:00,0.0
09/02/2023 09:30,0.0
09/02/2023 10:00,0.0
09/02/2023 10:30,0.0
09/02/2023 11:00,0.0
09/02/2023 11:30,0.0
09/02/2023 12:00,0.0
09/02/2023 12:30,0.0
09/02/2023 13:00,0.0
09/02/2023 13:30,0.0
09/02/2023 14:00,0.0
09/02/2023 14:30,0.0
09/02/2023 15:00,0.0
09/02/2023 15:30,0.0
09/02/2023 16:00,0.0
09/02/2023 16:30,0.0
09/02/2023 17:00,0.0
09/02/2023 17:30,0.0
09/02/2023 18:00,0.0
09/02/2023 18:30,0.0
09/02/2023 19:00,0.0
09/02/2023 19:30,0.0
09/02/2023 20:00,0.0
09/02/2023 20:30,0.0
09/02/2023 21:00,0.0
09/02/2023 21:30,0.0
09/02/2023 22:00,0.0
09/02/2023 22:30,0.0
09/02/2023 23:00,0.0
09/02/2023 23:30,0.0
09/03/2023 00:00,27.964
09/03/2023 00:30,27.964
09/03/2023 01:00,27.964
09/03/2023 01:30,27.964
09/03/2023 02:00,27.964
09/03/2023 02:30,27.964
09/03/2023 03:00,27.964
09/03/2023 03:30,27.964
09/03/2023 04:00,27.964
09/03/2023 04:30,27.964
09/03/2023 05:00,27.964
09/03/2023 05:30,27.964
09/03/2023 06:00,27.964
09/03/2023 06:30,27.964
09/03/2023 07:00,27.964
09/03/2023 07:30,27.964
09/03/2023 08:00,27.964
09/03/2023 08:30,27.964
09/03/2023 09:00,27.964
09/03/2023 09:30,27.964
09/03/2023 10:00,27.964
09/03/2023 10:30,27.964
09/03/2023 11:00,27.964
09/03/2023 11:30,27.964
09/03/2023 12:00,27.964
09/03/2023 12:30,27.964
09/03/2023 13:00,27.964
09/03/2023 13:30,27.964
09/03/2023 14:00,27.964
09/03/2023 14:30,27.964
09/03/2023 15:00,27.964
09/03/2023 15:30,27.964
09/03/2023 16:00,27.964
09/03/2023 16:30,27.964
09/03/2023 17:00,27.964
09/03/2023 17:30,27.964
09/03/2023 18:00,27.964
09/03/2023 18:30,27.964
09/03/2023 19:00,27.964
09/03/2023 19:30,27.964
09/03/2023 20:00,27.964
09/03/2023 20:30,27.964
09/03/2023 21:00,27.964
09/03/2023 21:30,27.964
09/03/2023 22:00,27.964
09/03/2023 22:30,27.964
09/03/2023 23:00,27.964
09/03/2023 23:30,27.964
09/04/2023 00:00,10.986
09/04/2023 00:30,10.986
09/04/2023 01:00,10.986
09/04/2023 01:30,10.986
09/04/2023 02:00,10.986
09/04/2023 02:30,10.986
09/04/2023 03:00,10.986
09/04/2023 03:30,10.986
09/04/2023 04:00,10.986
09/04/2023 04:30,10.986
09/04/2023 05:00,10.986
09/04/2023 05:30,10.986
09/04/2023 06:00,10.986
09/04/2023 06:30,10.986
09/04/2023 07:00,10.986
09/04/2023 07:30,10.986
09/04/2023 08:00,10.986
09/04/2023 08:30,10.986
09/04/2023 09:00,10.986
09/04/2023 09:30,10.986
09/04/2023 10:00,10.986
09/04/2023 10:30,10.986
09/04/2023 11:00,10.986
09/04/2023 11:30,10.986
09/04/2023 12:00,10.986
09/04/2023 12:30,10.986
09/04/2023 13:00,10.986
09/04/2023 13:30,10.986
09/04/2023 14:00,10.986
09/04/2023 14:30,10.986
09/04/2023 15:00,10.986
09/04/2023 15:30,10.986
09/04/2023 16:00,10.986
09/04/2023 16:30,10.986
09/04/2023 17:00,10.986
09/04/2023 17:30,10.986
09/04/2023 18:00,10.986
09/04/2023 18:30,10.986
09/04/2023 19:00,10.986
09/04/2023 19:30,10.986
09/04/2023 20:00,10.986
09/04/2023 20:30,10.986
09/04/2023 21:00,10.986
09/04/2023 21:30,10.986
09/04/2023 22:00,10.986
09/04/2023 22:30,10.986
09/04/2023 23:00,10.986
09/04/2023 23:30,10.986
09/05/2023 00:00,7.993
09/05/2023 00:30,7.993
09/05/2023 01:00,7.993
09/05/2023 01:30,7.993
09/05/2023 02:00,7.993
09/05/2023 02:30,7.993
09/05/2023 03:00,7.993
09/05/2023 03:30,7.993
09/05/2023 04:00,7.993
09/05/2023 04:30,7.993
09/05/2023 05:00,7.993
09/05/2023 05:30,7.993
09/05/2023 06:00,7.993
09/05/2023 06:30,7.993
09/05/2023 07:00,7.993
09/05/2023 07:30,7.993
09/05/2023 08:00,7.993
09/05/2023 08:30,7.993
09/05/2023 09:00,7.993
09/05/2023 09:30,7.993
09/05/2023 10:00,7.993
09/05/2023 10:30,7.993
09/05/2023 11:00,7.993
09/05/2023 11:30,7.993
09/05/2023 12:00,7.993
09/05/2023 12:30,7.993
09/05/2023 13:00,7.993
09/05/2023 13:30,7.993
09/05/2023 14:00,7.993
09/05/2023 14:30,7.993
09/05/2023 15:00,7.993
09/05/2023 15:30,7.993
09/05/2023 16:00,7.993
09/05/2023 16:30,7.993
09/05/2023 17:00,7.993
09/05/2023 17:30,7.993
09/05/2023 18:00,7.993
09/05/2023 18:30,7.993
09/05/2023 19:00,7.993
09/05/2023 19:30,7.993
09/05/2023 20:00,7.993
09/05/2023 20:30,7.993
09/05/2023 21:00,7.993
09/05/2023 21:30,7.993
09/05/2023 22:00,7.993
09/05/2023 22:30,7.993
09/05/2023 23:00,7.993
09/05/2023 23:30,7.993
09/06/2023 00:00,12.483
09/06/2023 00:30,12.483
09/06/2023 01:00,12.483
09/06/2023 01:30,12.483
09/06/2023 02:00,12.483
09/06/2023 02:30,12.483
09/06/2023 03:00,12.483
09/06/2023 03:30,12.483
09/06/2023 04:00,12.483
09/06/2023 04:30,12.483
09/06/2023 05:00,12.483
09/06/2023 05:30,12.483
09/06/2023 06:00,12.483
09/06/2023 06:30,12.483
09/06/2023 07:00,12.483
09/06/2023 07:30,12.483
09/06/2023 08:00,12.483
09/06/2023 08:30,12.483
09/06/2023 09:00,12.483
09/06/2023 09:30,12.483
09/06/2023 10:00,12.483
09/06/2023 10:30,12.483
09/06/2023 11:00,12.483
09/06/2023 11:30,12.483
09/06/2023 12:00,12.483
09/06/2023 12:30,12.483
09/06/2023 13:00,12.483
09/06/2023 13:30,12.483
09/06/2023 14:00,12.483
09/06/2023 14:30,12.483
09/06/2023 15:00,12.483
09/06/2023 15:30,12.483
09/06/2023 16:00,12.483
09/06/2023 16:30,12.483
09/06/2023 17:00,12.483
09/06/2023 17:30,12.483
09/06/2023 18:00,12.483
09/06/2023 18:30,12.483
09/06/2023 19:00,12.483
09/06/2023 19:30,12.483
09/06/2023 20:00,12.483
09/06/2023 20:30,12.483
09/06/2023 21:00,12.483
09/06/2023 21:30,12.483
09/06/2023 22:00,12.483
09/06/2023 22:30,12.483
09/06/2023 23:00,12.483
09/06/2023 23:30,12.483
09/07/2023 00:00,6.497
09/07/2023 00:30,6.497
09/07/2023 01:00,6.497
09/07/2023 01:30,6.497
09/07/2023 02:00,6.497
09/07/2023 02:30,6.497
09/07/2023 03:00,6.497
09/07/2023 03:30,6.497
09/07/2023 04:00,6.497
09/07/2023 04:30,6.497
09/07/2023 05:00,6.497
09/07/2023 05:30,6.497
09/07/2023 06:00,6.497
09/07/2023 06:30,6.497
09/07/2023 07:00,6.497
09/07/2023 07:30,6.497
09/07/2023 08:00,6.497
09/07/2023 08:30,6.497
09/07/2023 09:00,6.497
09/07/2023 09:30,6.497
09/07/2023 10:00,6.497
09/07/2023 10:30,6.497
09/07/2023 11:00,6.497
09/07/2023 11:30,6.497
09/07/2023 12:00,6.497
09/07/2023 12:30,6.497
09/07/2023 13:00,6.497
09/07/2023 13:30,6.497
09/07/2023 14:00,6.497
09/07/2023 14:30,6.497
09/07/2023 15:00,6.497
09/07/2023 15:30,6.497
09/07/2023 16:00,6.497
09/07/2023 16:30,6.497
09/07/2023 17:00,6.497
09/07/2023 17:30,6.497
09/07/2023 18:00,6.497
09/07/2023 18:30,6.497
09/07/2023 19:00,6.497
09/07/2023 19:30,6.497
09/07/2023 20:00,6.497
09/07/2023 20:30,6.497
09/07/2023 21:00,6.497
09/07/2023 21:30,6.497
09/07/2023 22:00,6.497
09/07/2023 22:30,6.497
09/07/2023 23:00,6.497
09/07/2023 23:30,6.497
09/08/2023 00:00,76.165
09/08/2023 00:30,76.165
09/08/2023 01:00,76.165
09/08/2023 01:30,76.165
09/08/2023 02:00,76.165
09/08/2023 02:30,76.165
09/08/2023 03:00,76.165
09/08/2023 03:30,76.165
09/08/2023 04:00,76.165
09/08/2023 04:30,76.165
09/08/2023 05:00,76.165
09/08/2023 05:30,76.165
09/08/2023 06:00,76.165
09/08/2023 06:30,76.165
09/08/2023 07:00,76.165
09/08/2023 07:30,76.165
09/08/2023 08:00,76.165
09/08/2023 08:30,76.165
09/08/2023 09:00,76.165
09/08/2023 09:30,76.165
09/08/2023 10:00,76.165
09/08/2023 10:30,76.165
09/08/2023 11:00,76.165
09/08/2023 11:30,76.165
09/08/2023 12:00,76.165
09/08/2023 12:30,76.165
09/08/2023 13:00,76.165
09/08/2023 13:30,76.165
09/08/2023 14:00,76.165
09/08/2023 14:30,76.165
09/08/2023 15:00,76.165
09/08/2023 15:30,76.165
09/08/2023 16:00,76.165
09/08/2023 16:30,76.165
09/08/2023 17:00,76.165
09/08/2023 17:30,76.165
09/08/2023 18:00,76.165
09/08/2023 18:30,76.165
09/08/2023 19:00,76.165
09/08/2023 19:30,76.165
09/08/2023 20:00,76.165
09/08/2023 20:30,76.165
09/08/2023 21:00,76.165
09/08/2023 21:30,76.165
09/08/2023 22:00,76.165
09/08/2023 22:30,76.165
09/08/2023 23:00,76.165
09/08/2023 23:30,76.165
09/09/2023 00:00,24.483
09/09/2023 00:30,24.483
09/09/2023 01:00,24.483
09/09/2023 01:30,24.483
09/09/2023 02:00,24.483
09/09/2023 02:30,24.483
09/09/2023 03:00,24.483
09/09/2023 03:30,24.483
09/09/2023 04:00,24.483
09/09/2023 04:30,24.483
09/09/2023 05:00,24.483
09/09/2023 05:30,24.483
09/09/2023 06:00,24.483
09/09/2023 06:30,24.483
09/09/2023 07:00,24.483
09/09/2023 07:30,24.483
09/09/2023 08:00,24.483
09/09/2023 08:30,24.483
09/09/2023 09:00,24.483
09/09/2023 09:30,24.483
09/09/2023 10:00,24.483
09/09/2023 10:30,24.483
09/09/2023 11:00,24.483
09/09/2023 11:30,24.483
09/09/2023 12:00,24.483
09/09/2023 12:30,24.483
09/09/2023 13:00,24.483
09/09/2023 13:30,24.483
09/09/2023 14:00,24.483
09/09/2023 14:30,24.483
09/09/2023 15:00,24.483
09/09/2023 15:30,24.483
09/09/2023 16:00,24.483
09/09/2023 16:30,24.483
09/09/2023 17:00,24.483
09/09/2023 17:30,24.483
09/09/2023 18:00,24.483
09/09/2023 18:30,24.483
09/09/2023 19:00,24.483
09/09/2023 19:30,24.483
09/09/2023 20:00,24.483
09/09/2023 20:30,24.483
09/09/2023 21:00,24.483
09/09/2023 21:30,24.483
09/09/2023 22:00,24.483
09/09/2023 22:30,24.483
09/09/2023 23:00,24.483
09/09/2023 23:30,24.483
09/10/2023 00:00,9.49
09/10/2023 00:30,9.49
09/10/2023 01:00,9.49
09/10/2023 01:30,9.49
09/10/2023 02:00,9.49
09/10/2023 02:30,9.49
09/10/2023 03:00,9.49
09/10/2023 03:30,9.49
09/10/2023 04:00,9.49
09/10/2023 04:30,9.49
09/10/2023 05:00,9.49
09/10/2023 05:30,9.49
09/10/2023 06:00,9.49
09/10/2023 06:30,9.49
09/10/2023 07:00,9.49
09/10/2023 07:30,9.49
09/10/2023 08:00,9.49
09/10/2023 08:30,9.49
09/10/2023 09:00,9.49
09/10/2023 09:30,9.49
09/10/2023 10:00,9.49
09/10/2023 10:30,9.49
09/10/2023 11:00,9.49
09/10/2023 11:30,9.49
09/10/2023 12:00,9.49
09/10/2023 12:30,9.49
09/10/2023 13:00,9.49
09/10/2023 13:30,9.49
09/10/2023 14:00,9.49
09/10/2023 14:30,9.49
09/10/2023 15:00,9.49
09/10/2023 15:30,9.49
09/10/2023 16:00,9.49
09/10/2023 16:30,9.49
09/10/2023 17:00,9.49
09/10/2023 17:30,9.49
09/10/2023 18:00,9.49
09/10/2023 18:30,9.49
09/10/2023 19:00,9.49
09/10/2023 19:30,9.49
09/10/2023 20:00,9.49
09/10/2023 20:30,9.49
09/10/2023 21:00,9.49
09/10/2023 21:30,9.49
09/10/2023 22:00,9.49
09/10/2023 22:30,9.49
09/10/2023 23:00,9.49
09/10/2023 23:30,9.49
09/11/2023 00:00,7.998
09/11/2023 00:30,7.998
09/11/2023 01:00,7.998
09/11/2023 01:30,7.998
09/11/2023 02:00,7.998
09/11/2023 02:30,7.998
09/11/2023 03:00,7.998
09/11/2023 03:30,7.998
09/11/2023 04:00,7.998
09/11/2023 04:30,7.998
09/11/2023 05:00,7.998
09/11/2023 05:30,7.998
09/11/2023 06:00,7.998
09/11/2023 06:30,7.998
09/11/2023 07:00,7.998
09/11/2023 07:30,7.998
09/11/2023 08:00,7.998
09/11/2023 08:30,7.998
09/11/2023 09:00,7.998
09/11/2023 09:30,7.998
09/11/2023 10:00,7.998
09/11/2023 10:30,7.998
09/11/2023 11:00,7.998
09/11/2023 11:30,7.998
09/11/2023 12:00,7.998
09/11/2023 12:30,7.998
09/11/2023 13:00,7.998
09/11/2023 13:30,7.998
09/11/2023 14:00,7.998
09/11/2023 14:30,7.998
09/11/2023 15:00,7.998
09/11/2023 15:30,7.998
09/11/2023 16:00,7.998
09/11/2023 16:30,7.998
09/11/2023 17:00,7.998
09/11/2023 17:30,7.998
09/11/2023 18:00,7.998
09/11/2023 18:30,7.998
09/11/2023 19:00,7.998
09/11/2023 19:30,7.998
09/11/2023 20:00,7.998
09/11/2023 20:30,7.998
09/11/2023 21:00,7.998
09/11/2023 21:30,7.998
09/11/2023 22:00,7.998
09/11/2023 22:30,7.998
09/11/2023 23:00,7.998
09/11/2023 23:30,7.998
09/12/2023 00:00,6.497
09/12/2023 00:30,6.497
09/12/2023 01:00,6.497
09/12/2023 01:30,6.497
09/12/2023 02:00,6.497
09/12/2023 02:30,6.497
09/12/2023 03:00,6.497
09/12/2023 03:30,6.497
09/12/2023 04:00,6.497
09/12/2023 04:30,6.497
09/12/2023 05:00,6.497
09/12/2023 05:30,6.497
09/12/2023 06:00,6.497
09/12/2023 06:30,6.497
09/12/2023 07:00,6.497
09/12/2023 07:30,6.497
09/12/2023 08:00,6.497
09/12/2023 08:30,6.497
09/12/2023 09:00,6.497
09/12/2023 09:30,6.497
09/12/2023 10:00,6.497
09/12/2023 10:30,6.497
09/12/2023 11:00,6.497
09/12/2023 11:30,6.497
09/12/2023 12:00,6.497
09/12/2023 12:30,6.497
09/12/2023 13:00,6.497
09/12/2023 13:30,6.497
09/12/2023 14:00,6.497
09/12/2023 14:30,6.497
09/12/2023 15:00,6.497
09/12/2023 15:30,6.497
09/12/2023 16:00,6.497
09/12/2023 16:30,6.497
09/12/2023 17:00,6.497
09/12/2023 17:30,6.497
09/12/2023 18:00,6.497
09/12/2023 18:30,6.497
09/12/2023 19:00,6.497
09/12/2023 19:30,6.497
09/12/2023 20:00,6.497
09/12/2023 20:30,6.497
09/12/2023 21:00,6.497
09/12/2023 21:30,6.497
09/12/2023 22:00,6.497
09/12/2023 22:30,6.497
09/12/2023 23:00,6.497
09/12/2023 23:30,6.497
09/13/2023 00:00,5.26
09/13/2023 00:30,5.26
09/13/2023 01:00,5.26
09/13/2023 01:30,5.26
09/13/2023 02:00,5.26
09/13/2023 02:30,5.26
09/13/2023 03:00,5.26
09/13/2023 03:30,5.26
09/13/2023 04:00,5.26
09/13/2023 04:30,5.26
09/13/2023 05:00,5.26
09/13/2023 05:30,5.26
09/13/2023 06:00,5.26
09/13/2023 06:30,5.26
09/13/2023 07:00,5.26
09/13/2023 07:30,5.26
09/13/2023 08:00,5.26
09/13/2023 08:30,5.26
09/13/2023 09:00,5.26
09/13/2023 09:30,5.26
09/13/2023 10:00,5.26
09/13/2023 10:30,5.26
09/13/2023 11:00,5.26
09/13/2023 11:30,5.26
09/13/2023 12:00,5.26
09/13/2023 12:30,5.26
09/13/2023 13:00,5.26
09/13/2023 13:30,5.26
09/13/2023 14:00,5.26
09/13/2023 14:30,5.26
09/13/2023 15:00,5.26
09/13/2023 15:30,5.26
09/13/2023 16:00,5.26
09/13/2023 16:30,5.26
09/13/2023 17:00,5.26
09/13/2023 17:30,5.26
09/13/2023 18:00,5.26
09/13/2023 18:30,5.26
09/13/2023 19:00,5.26
09/13/2023 19:30,5.26
09/13/2023 20:00,5.26
09/13/2023 20:30,5.26
09/13/2023 21:00,5.26
09/13/2023 21:30,5.26
09/13/2023 22:00,5.26
09/13/2023 22:30,5.26
09/13/2023 23:00,5.26
09/13/2023 23:30,5.26
09/14/2023 00:00,5.26
09/14/2023 00:30,5.26
09/14/2023 01:00,5.26
09/14/2023 01:30,5.26
09/14/2023 02:00,5.26
09/14/2023 02:30,5.26
09/14/2023 03:00,5.26
09/14/2023 03:30,5.26
09/14/2023 04:00,5.26
09/14/2023 04:30,5.26
09/14/2023 05:00,5.26
09/14/2023 05:30,5.26
09/14/2023 06:00,5.26
09/14/2023 06:30,5.26
09/14/2023 07:00,5.26
09/14/2023 07:30,5.26
09/14/2023 08:00,5.26
09/14/2023 08:30,5.26
09/14/2023 09:00,5.26
09/14/2023 09:30,5.26
09/14/2023 10:00,5.26
09/14/2023 10:30,5.26
09/14/2023 11:00,5.26
09/14/2023 11:30,5.26
09/14/2023 12:00,5.26
09/14/2023 12:30,5.26
09/14/2023 13:00,5.26
09/14/2023 13:30,5.26
09/14/2023 14:00,5.26
09/14/2023 14:30,5.26
09/14/2023 15:00,5.26
09/14/2023 15:30,5.26
09/14/2023 16:00,5.26
09/14/2023 16:30,5.26
09/14/2023 17:00,5.26
09/14/2023 17:30,5.26
09/14/2023 18:00,5.26
09/14/2023 18:30,5.26
09/14/2023 19:00,5.26
09/14/2023 19:30,5.26
09/14/2023 20:00,5.26
09/14/2023 20:30,5.26
09/14/2023 21:00,5.26
09/14/2023 21:30,5.26
09/14/2023 22:00,5.26
09/14/2023 22:30,5.26
09/14/2023 23:00,5.26
09/14/2023 23:30,5.26
09/15/2023 00:00,5.26
09/15/2023 00:30,5.26
09/15/2023 01:00,5.26
09/15/2023 01:30,5.26
09/15/2023 02:00,5.26
09/15/2023 02:30,5.26
09/15/2023 03:00,5.26
09/15/2023 03:30,5.26
09/15/2023 04:00,5.26
09/15/2023 04:30,5.26
09/15/2023 05:00,5.26
09/15/2023 05:30,5.26
09/15/2023 06:00,5.26
09/15/2023 06:30,5.26
09/15/2023 07:00,5.26
09/15/2023 07:30,5.26
09/15/2023 08:00,5.26
09/15/2023 08:30,5.26
09/15/2023 09:00,5.26
09/15/2023 09:30,5.26
09/15/2023 10:00,5.26
09/15/2023 10:30,5.26
09/15/2023 11:00,5.26
09/15/2023 11:30,5.26
09/15/2023 12:00,5.26
09/15/2023 12:30,5.26
09/15/2023 13:00,5.26
09/15/2023 13:30,5.26
09/15/2023 14:00,5.26
09/15/2023 14:30,5.26
09/15/2023 15:00,5.26
09/15/2023 15:30,5.26
09/15/2023 16:00,5.26
09/15/2023 16:30,5.26
09/15/2023 17:00,5.26
09/15/2023 17:30,5.26
09/15/2023 18:00,5.26
09/15/2023 18:30,5.26
09/15/2023 19:00,5.26
09/15/2023 19:30,5.26
09/15/2023 20:00,5.26
09/15/2023 20:30,5.26
09/15/2023 21:00,5.26
09/15/2023 21:30,5.26
09/15/2023 22:00,5.26
09/15/2023 22:30,5.26
09/15/2023 23:00,5.26
09/15/2023 23:30,5.26
09/16/2023 00:00,5.26
09/16/2023 00:30,5.26
09/16/2023 01:00,5.26
09/16/2023 01:30,5.26
09/16/2023 02:00,5.26
09/16/2023 02:30,5.26
09/16/2023 03:00,5.26
09/16/2023 03:30,5.26
09/16/2023 04:00,5.26
09/16/2023 04:30,5.26
09/16/2023 05:00,5.26
09/16/2023 05:30,5.26
09/16/2023 06:00,5.26
09/16/2023 06:30,5.26
09/16/2023 07:00,5.26
09/16/2023 07:30,5.26
09/16/2023 08:00,5.26
09/16/2023 08:30,5.26
09/16/2023 09:00,5.26
09/16/2023 09:30,5.26
09/16/2023 10:00,5.26
09/16/2023 10:30,5.26
09/16/2023 11:00,5.26
09/16/2023 11:30,5.26
09/16/2023 12:00,5.26
09/16/2023 12:30,5.26
09/16/2023 13:00,5.26
09/16/2023 13:30,5.26
09/16/2023 14:00,5.26
09/16/2023 14:30,5.26
09/16/2023 15:00,5.26
09/16/2023 15:30,5.26
09/16/2023 16:00,5.26
09/16/2023 16:30,5.26
09/16/2023 17:00,5.26
09/16/2023 17:30,5.26
09/16/2023 18:00,5.26
09/16/2023 18:30,5.26
09/16/2023 19:00,5.26
09/16/2023 19:30,5.26
09/16/2023 20:00,5.26
09/16/2023 20:30,5.26
09/16/2023 21:00,5.26
09/16/2023 21:30,5.26
09/16/2023 22:00,5.26
09/16/2023 22:30,5.26
09/16/2023 23:00,5.26
09/16/2023 23:30,5.26
09/17/2023 00:00,5.26
09/17/2023 00:30,5.26
09/17/2023 01:00,5.26
09/17/2023 01:30,5.26
09/17/2023 02:00,5.26
09/17/2023 02:30,5.26
09/17/2023 03:00,5.26
09/17/2023 03:30,5.26
09/17/2023 04:00,5.26
09/17/2023 04:30,5.26
09/17/2023 05:00,5.26
09/17/2023 05:30,5.26
09/17/2023 06:00,5.26
09/17/2023 06:30,5.26
09/17/2023 07:00,5.26
09/17/2023 07:30,5.26
09/17/2023 08:00,5.26
09/17/2023 08:30,5.26
09/17/2023 09:00,5.26
09/17/2023 09:30,5.26
09/17/2023 10:00,5.26
09/17/2023 10:30,5.26
09/17/2023 11:00,5.26
09/17/2023 11:30,5.26
09/17/2023 12:00,5.26
09/17/2023 12:30,5.26
09/17/2023 13:00,5.26
09/17/2023 13:30,5.26
09/17/2023 14:00,5.26
09/17/2023 14:30,5.26
09/17/2023 15:00,5.26
09/17/2023 15:30,5.26
09/17/2023 16:00,5.26
09/17/2023 16:30,5.26
09/17/2023 17:00,5.26
09/17/2023 17:30,5.26
09/17/2023 18:00,5.26
09/17/2023 18:30,5.26
09/17/2023 19:00,5.26
09/17/2023 19:30,5.26
09/17/2023 20:00,5.26
09/17/2023 20:30,5.26
09/17/2023 21:00,5.26
09/17/2023 21:30,5.26
09/17/2023 22:00,5.26
09/17/2023 22:30,5.26
09/17/2023 23:00,5.26
09/17/2023 23:30,5.26
09/18/2023 00:00,20.226
09/18/2023 00:30,20.226
09/18/2023 01:00,20.226
09/18/2023 01:30,20.226
09/18/2023 02:00,20.226
09/18/2023 02:30,20.226
09/18/2023 03:00,20.226
09/18/2023 03:30,20.226
09/18/2023 04:00,20.226
09/18/2023 04:30,20.226
09/18/2023 05:00,20.226
09/18/2023 05:30,20.226
09/18/2023 06:00,20.226
09/18/2023 06:30,20.226
09/18/2023 07:00,20.226
09/18/2023 07:30,20.226
09/18/2023 08:00,20.226
09/18/2023 08:30,20.226
09/18/2023 09:00,20.226
09/18/2023 09:30,20.226
09/18/2023 10:00,20.226
09/18/2023 10:30,20.226
09/18/2023 11:00,20.226
09/18/2023 11:30,20.226
09/18/2023 12:00,20.226
09/18/2023 12:30,20.226
09/18/2023 13:00,20.226
09/18/2023 13:30,20.226
09/18/2023 14:00,20.226
09/18/2023 14:30,20.226
09/18/2023 15:00,20.226
09/18/2023 15:30,20.226
09/18/2023 16:00,20.226
09/18/2023 16:30,20.226
09/18/2023 17:00,20.226
09/18/2023 17:30,20.226
09/18/2023 18:00,20.226
09/18/2023 18:30,20.226
09/18/2023 19:00,20.226
09/18/2023 19:30,20.226
09/18/2023 20:00,20.226
09/18/2023 20:30,20.226
09/18/2023 21:00,20.226
09/18/2023 21:30,20.226
09/18/2023 22:00,20.226
09/18/2023 22:30,20.226
09/18/2023 23:00,20.226
09/18/2023 23:30,20.226
09/19/2023 00:00,18.729
09/19/2023 00:30,18.729
09/19/2023 01:00,18.729
09/19/2023 01:30,18.729
09/19/2023 02:00,18.729
09/19/2023 02:30,18.729
09/19/2023 03:00,18.729
09/19/2023 03:30,18.729
09/19/2023 04:00,18.729
09/19/2023 04:30,18.729
09/19/2023 05:00,18.729
09/19/2023 05:30,18.729
09/19/2023 06:00,18.729
09/19/2023 06:30,18.729
09/19/2023 07:00,18.729
09/19/2023 07:30,18.729
09/19/2023 08:00,18.729
09/19/2023 08:30,18.729
09/19/2023 09:00,18.729
09/19/2023 09:30,18.729
09/19/2023 10:00,18.729
09/19/2023 10:30,18.729
09/19/2023 11:00,18.729
09/19/2023 11:30,18.729
09/19/2023 12:00,18.729
09/19/2023 12:30,18.729
09/19/2023 13:00,18.729
09/19/2023 13:30,18.729
09/19/2023 14:00,18.729
09/19/2023 14:30,18.729
09/19/2023 15:00,18.729
09/19/2023 15:30,18.729
09/19/2023 16:00,18.729
09/19/2023 16:30,18.729
09/19/2023 17:00,18.729
09/19/2023 17:30,18.729
09/19/2023 18:00,18.729
09/19/2023 18:30,18.729
09/19/2023 19:00,18.729
09/19/2023 19:30,18.729
09/19/2023 20:00,18.729
09/19/2023 20:30,18.729
09/19/2023 21:00,18.729
09/19/2023 21:30,18.729
09/19/2023 22:00,18.729
09/19/2023 22:30,18.729
09/19/2023 23:00,18.729
09/19/2023 23:30,18.729
09/20/2023 00:00,17.26
09/20/2023 00:30,17.26
09/20/2023 01:00,17.26
09/20/2023 01:30,17.26
09/20/2023 02:00,17.26
09/20/2023 02:30,17.26
09/20/2023 03:00,17.26
09/20/2023 03:30,17.26
09/20/2023 04:00,17.26
09/20/2023 04:30,17.26
09/20/2023 05:00,17.26
09/20/2023 05:30,17.26
09/20/2023 06:00,17.26
09/20/2023 06:30,17.26
09/20/2023 07:00,17.26
09/20/2023 07:30,17.26
09/20/2023 08:00,17.26
09/20/2023 08:30,17.26
09/20/2023 09:00,17.26
09/20/2023 09:30,17.26
09/20/2023 10:00,17.26
09/20/2023 10:30,17.26
09/20/2023 11:00,17.26
09/20/2023 11:30,17.26
09/20/2023 12:00,17.26
09/20/2023 12:30,17.26
09/20/2023 13:00,17.26
09/20/2023 13:30,17.26
09/20/2023 14:00,17.26
09/20/2023 14:30,17.26
09/20/2023 15:00,17.26
09/20/2023 15:30,17.26
09/20/2023 16:00,17.26
09/20/2023 16:30,17.26
09/20/2023 17:00,17.26
09/20/2023 17:30,17.26
09/20/2023 18:00,17.26
09/20/2023 18:30,17.26
09/20/2023 19:00,17.26
09/20/2023 19:30,17.26
09/20/2023 20:00,17.26
09/20/2023 20:30,17.26
09/20/2023 21:00,17.26
09/20/2023 21:30,17.26
09/20/2023 22:00,17.26
09/20/2023 22:30,17.26
09/20/2023 23:00,17.26
09/20/2023 23:30,17.26
09/21/2023 00:00,10.46
09/21/2023 00:30,10.46
09/21/2023 01:00,10.46
09/21/2023 01:30,10.46
09/21/2023 02:00,10.46
09/21/2023 02:30,10.46
09/21/2023 03:00,10.46
09/21/2023 03:30,10.46
09/21/2023 04:00,10.46
09/21/2023 04:30,10.46
09/21/2023 05:00,10.46
09/21/2023 05:30,10.46
09/21/2023 06:00,10.46
09/21/2023 06:30,10.46
09/21/2023 07:00,10.46
09/21/2023 07:30,10.46
09/21/2023 08:00,10.46
09/21/2023 08:30,10.46
09/21/2023 09:00,10.46
09/21/2023 09:30,10.46
09/21/2023 10:00,10.46
09/21/2023 10:30,10.46
09/21/2023 11:00,10.46
09/21/2023 11:30,10.46
09/21/2023 12:00,10.46
09/21/2023 12:30,10.46
09/21/2023 13:00,10.46
09/21/2023 13:30,10.46
09/21/2023 14:00,10.46
09/21/2023 14:30,10.46
09/21/2023 15:00,10.46
09/21/2023 15:30,10.46
09/21/2023 16:00,10.46
09/21/2023 16:30,10.46
09/21/2023 17:00,10.46
09/21/2023 17:30,10.46
09/21/2023 18:00,10.46
09/21/2023 18:30,10.46
09/21/2023 19:00,10.46
09/21/2023 19:30,10.46
09/21/2023 20:00,10.46
09/21/2023 20:30,10.46
09/21/2023 21:00,10.46
09/21/2023 21:30,10.46
09/21/2023 22:00,10.46
09/21/2023 22:30,10.46
09/21/2023 23:00,10.46
09/21/2023 23:30,10.46
09/22/2023 00:00,5.26
09/22/2023 00:30,5.26
09/22/2023 01:00,5.26
09/22/2023 01:30,5.26
09/22/2023 02:00,5.26
09/22/2023 02:30,5.26
09/22/2023 03:00,5.26
09/22/2023 03:30,5.26
09/22/2023 04:00,5.26
09/22/2023 04:30,5.26
09/22/2023 05:00,5.26
09/22/2023 05:30,5.26
09/22/2023 06:00,5.26
09/22/2023 06:30,5.26
09/22/2023 07:00,5.26
09/22/2023 07:30,5.26
09/22/2023 08:00,5.26
09/22/2023 08:30,5.26
09/22/2023 09:00,5.26
09/22/2023 09:30,5.26
09/22/2023 10:00,5.26
09/22/2023 10:30,5.26
09/22/2023 11:00,5.26
09/22/2023 11:30,5.26
09/22/2023 12:00,5.26
09/22/2023 12:30,5.26
09/22/2023 13:00,5.26
09/22/2023 13:30,5.26
09/22/2023 14:00,5.26
09/22/2023 14:30,5.26
09/22/2023 15:00,5.26
09/22/2023 15:30,5.26
09/22/2023 16:00,5.26
09/22/2023 16:30,5.26
09/22/2023 17:00,5.26
09/22/2023 17:30,5.26
09/22/2023 18:00,5.26
09/22/2023 18:30,5.26
09/22/2023 19:00,5.26
09/22/2023 19:30,5.26
09/22/2023 20:00,5.26
09/22/2023 20:30,5.26
09/22/2023 21:00,5.26
09/22/2023 21:30,5.26
09/22/2023 22:00,5.26
09/22/2023 22:30,5.26
09/22/2023 23:00,5.26
09/22/2023 23:30,5.26
09/23/2023 00:00,5.26
09/23/2023 00:30,5.26
09/23/2023 01:00,5.26
09/23/2023 01:30,5.26
09/23/2023 02:00,5.26
09/23/2023 02:30,5.26
09/23/2023 03:00,5.26
09/23/2023 03:30,5.26
09/23/2023 04:00,5.26
09/23/2023 04:30,5.26
09/23/2023 05:00,5.26
09/23/2023 05:30,5.26
09/23/2023 06:00,5.26
09/23/2023 06:30,5.26
09/23/2023 07:00,5.26
09/23/2023 07:30,5.26
09/23/2023 08:00,5.26
09/23/2023 08:30,5.26
09/23/2023 09:00,5.26
09/23/2023 09:30,5.26
09/23/2023 10:00,5.26
09/23/2023 10:30,5.26
09/23/2023 11:00,5.26
09/23/2023 11:30,5.26
09/23/2023 12:00,5.26
09/23/2023 12:30,5.26
09/23/2023 13:00,5.26
09/23/2023 13:30,5.26
09/23/2023 14:00,5.26
09/23/2023 14:30,5.26
09/23/2023 15:00,5.26
09/23/2023 15:30,5.26
09/23/2023 16:00,5.26
09/23/2023 16:30,5.26
09/23/2023 17:00,5.26
09/23/2023 17:30,5.26
09/23/2023 18:00,5.26
09/23/2023 18:30,5.26
09/23/2023 19:00,5.26
09/23/2023 19:30,5.26
09/23/2023 20:00,5.26
09/23/2023 20:30,5.26
09/23/2023 21:00,5.26
09/23/2023 21:30,5.26
09/23/2023 22:00,5.26
09/23/2023 22:30,5.26
09/23/2023 23:00,5.26
09/23/2023 23:30,5.26
09/24/2023 00:00,5.26
09/24/2023 00:30,5.26
09/24/2023 01:00,5.26
09/24/2023 01:30,5.26
09/24/2023 02:00,5.26
09/24/2023 02:30,5.26
09/24/2023 03:00,5.26
09/24/2023 03:30,5.26
09/24/2023 04:00,5.26
09/24/2023 04:30,5.26
09/24/2023 05:00,5.26
09/24/2023 05:30,5.26
09/24/2023 06:00,5.26
09/24/2023 06:30,5.26
09/24/2023 07:00,5.26
09/24/2023 07:30,5.26
09/24/2023 08:00,5.26
09/24/2023 08:30,5.26
09/24/2023 09:00,5.26
09/24/2023 09:30,5.26
09/24/2023 10:00,5.26
09/24/2023 10:30,5.26
09/24/2023 11:00,5.26
09/24/2023 11:30,5.26
09/24/2023 12:00,5.26
09/24/2023 12:30,5.26
09/24/2023 13:00,5.26
09/24/2023 13:30,5.26
09/24/2023 14:00,5.26
09/24/2023 14:30,5.26
09/24/2023 15:00,5.26
09/24/2023 15:30,5.26
09/24/2023 16:00,5.26
09/24/2023 16:30,5.26
09/24/2023 17:00,5.26
09/24/2023 17:30,5.26
09/24/2023 18:00,5.26
09/24/2023 18:30,5.26
09/24/2023 19:00,5.26
09/24/2023 19:30,5.26
09/24/2023 20:00,5.26
09/24/2023 20:30,5.26
09/24/2023 21:00,5.26
09/24/2023 21:30,5.26
09/24/2023 22:00,5.26
09/24/2023 22:30,5.26
09/24/2023 23:00,5.26
09/24/2023 23:30,5.26
09/25/2023 00:00,5.26
09/25/2023 00:30,5.26
09/25/2023 01:00,5.26
09/25/2023 01:30,5.26
09/25/2023 02:00,5.26
09/25/2023 02:30,5.26
09/25/2023 03:00,5.26
09/25/2023 03:30,5.26
09/25/2023 04:00,5.26
09/25/2023 04:30,5.26
09/25/2023 05:00,5.26
09/25/2023 05:30,5.26
09/25/2023 06:00,5.26
09/25/2023 06:30,5.26
09/25/2023 07:00,5.26
09/25/2023 07:30,5.26
09/25/2023 08:00,5.26
09/25/2023 08:30,5.26
09/25/2023 09:00,5.26
09/25/2023 09:30,5.26
09/25/2023 10:00,5.26
09/25/2023 10:30,5.26
09/25/2023 11:00,5.26
09/25/2023 11:30,5.26
09/25/2023 12:00,5.26
09/25/2023 12:30,5.26
09/25/2023 13:00,5.26
09/25/2023 13:30,5.26
09/25/2023 14:00,5.26
09/25/2023 14:30,5.26
09/25/2023 15:00,5.26
09/25/2023 15:30,5.26
09/25/2023 16:00,5.26
09/25/2023 16:30,5.26
09/25/2023 17:00,5.26
09/25/2023 17:30,5.26
09/25/2023 18:00,5.26
09/25/2023 18:30,5.26
09/25/2023 19:00,5.26
09/25/2023 19:30,5.26
09/25/2023 20:00,5.26
09/25/2023 20:30,5.26
09/25/2023 21:00,5.26
09/25/2023 21:30,5.26
09/25/2023 22:00,5.26
09/25/2023 22:30,5.26
09/25/2023 23:00,5.26
09/25/2023 23:30,5.26
09/26/2023 00:00,0.0
09/26/2023 00:30,0.0
09/26/2023 01:00,0.0
09/26/2023 01:30,0.0
09/26/2023 02:00,0.0
09/26/2023 02:30,0.0
09/26/2023 03:00,0.0
09/26/2023 03:30,0.0
09/26/2023 04:00,0.0
09/26/2023 04:30,0.0
09/26/2023 05:00,0.0
09/26/2023 05:30,0.0
09/26/2023 06:00,0.0
09/26/2023 06:30,0.0
09/26/2023 07:00,0.0
09/26/2023 07:30,0.0
09/26/2023 08:00,0.0
09/26/2023 08:30,0.0
09/26/2023 09:00,0.0
09/26/2023 09:30,0.0
09/26/2023 10:00,0.0
09/26/2023 10:30,0.0
09/26/2023 11:00,0.0
09/26/2023 11:30,0.0
09/26/2023 12:00,0.0
09/26/2023 12:30,0.0
09/26/2023 13:00,0.0
09/26/2023 13:30,0.0
09/26/2023 14:00,0.0
09/26/2023 14:30,0.0
09/26/2023 15:00,0.0
09/26/2023 15:30,0.0
09/26/2023 16:00,0.0
09/26/2023 16:30,0.0
09/26/2023 17:00,0.0
09/26/2023 17:30,0.0
09/26/2023 18:00,0.0
09/26/2023 18:30,0.0
09/26/2023 19:00,0.0
09/26/2023 19:30,0.0
09/26/2023 20:00,0.0
09/26/2023 20:30,0.0
09/26/2023 21:00,0.0
09/26/2023 21:30,0.0
09/26/2023 22:00,0.0
09/26/2023 22:30,0.0
09/26/2023 23:00,0.0
09/26/2023 23:30,0.0
09/27/2023 00:00,16.233
09/27/2023 00:30,16.233
09/27/2023 01:00,16.233
09/27/2023 01:30,16.233
09/27/2023 02:00,16.233
09/27/2023 02:30,16.233
09/27/2023 03:00,16.233
09/27/2023 03:30,16.233
09/27/2023 04:00,16.233
09/27/2023 04:30,16.233
09/27/2023 05:00,16.233
09/27/2023 05:30,16.233
09/27/2023 06:00,16.233
09/27/2023 06:30,16.233
09/27/2023 07:00,16.233
09/27/2023 07:30,16.233
09/27/2023 08:00,16.233
09/27/2023 08:30,16.233
09/27/2023 09:00,16.233
09/27/2023 09:30,16.233
09/27/2023 10:00,16.233
09/27/2023 10:30,16.233
09/27/2023 11:00,16.233
09/27/2023 11:30,16.233
09/27/2023 12:00,16.233
09/27/2023 12:30,16.233
09/27/2023 13:00,16.233
09/27/2023 13:30,16.233
09/27/2023 14:00,16.233
09/27/2023 14:30,16.233
09/27/2023 15:00,16.233
09/27/2023 15:30,16.233
09/27/2023 16:00,16.233
09/27/2023 16:30,16.233
09/27/2023 17:00,16.233
09/27/2023 17:30,16.233
09/27/2023 18:00,16.233
09/27/2023 18:30,16.233
09/27/2023 19:00,16.233
09/27/2023 19:30,16.233
09/27/2023 20:00,16.233
09/27/2023 20:30,16.233
09/27/2023 21:00,16.233
09/27/2023 21:30,16.233
09/27/2023 22:00,16.233
09/27/2023 22:30,16.233
09/27/2023 23:00,16.233
09/27/2023 23:30,16.233
09/28/2023 00:00,0.0
09/28/2023 00:30,0.0
09/28/2023 01:00,0.0
09/28/2023 01:30,0.0
09/28/2023 02:00,0.0
09/28/2023 02:30,0.0
09/28/2023 03:00,0.0
09/28/2023 03:30,0.0
09/28/2023 04:00,0.0
09/28/2023 04:30,0.0
09/28/2023 05:00,0.0
09/28/2023 05:30,0.0
09/28/2023 06:00,0.0
09/28/2023 06:30,0.0
09/28/2023 07:00,0.0
09/28/2023 07:30,0.0
09/28/2023 08:00,0.0
09/28/2023 08:30,0.0
09/28/2023 09:00,0.0
09/28/2023 09:30,0.0
09/28/2023 10:00,0.0
09/28/2023 10:30,0.0
09/28/2023 11:00,0.0
09/28/2023 11:30,0.0
09/28/2023 12:00,0.0
09/28/2023 12:30,0.0
09/28/2023 13:00,0.0
09/28/2023 13:30,0.0
09/28/2023 14:00,0.0
09/28/2023 14:30,0.0
09/28/2023 15:00,0.0
09/28/2023 15:30,0.0
09/28/2023 16:00,0.0
09/28/2023 16:30,0.0
09/28/2023 17:00,0.0
09/28/2023 17:30,0.0
09/28/2023 18:00,0.0
09/28/2023 18:30,0.0
09/28/2023 19:00,0.0
09/28/2023 19:30,0.0
09/28/2023 20:00,0.0
09/28/2023 20:30,0.0
09/28/2023 21:00,0.0
09/28/2023 21:30,0.0
09/28/2023 22:00,0.0
09/28/2023 22:30,0.0
09/28/2023 23:00,0.0
09/28/2023 23:30,0.0
09/29/2023 00:00,0.0
09/29/2023 00:30,0.0
09/29/2023 01:00,0.0
09/29/2023 01:30,0.0
09/29/2023 02:00,0.0
09/29/2023 02:30,0.0
09/29/2023 03:00,0.0
09/29/2023 03:30,0.0
09/29/2023 04:00,0.0
09/29/2023 04:30,0.0
09/29/2023 05:00,0.0
09/29/2023 05:30,0.0
09/29/2023 06:00,0.0
09/29/2023 06:30,0.0
09/29/2023 07:00,0.0
09/29/2023 07:30,0.0
09/29/2023 08:00,0.0
09/29/2023 08:30,0.0
09/29/2023 09:00,0.0
09/29/2023 09:30,0.0
09/29/2023 10:00,0.0
09/29/2023 10:30,0.0
09/29/2023 11:00,0.0
09/29/2023 11:30,0.0
09/29/2023 12:00,0.0
09/29/2023 12:30,0.0
09/29/2023 13:00,0.0
09/29/2023 13:30,0.0
09/29/2023 14:00,0.0
09/29/2023 14:30,0.0
09/29/2023 15:00,0.0
09/29/2023 15:30,0.0
09/29/2023 16:00,0.0
09/29/2023 16:30,0.0
09/29/2023 17:00,0.0
09/29/2023 17:30,0.0
09/29/2023 18:00,0.0
09/29/2023 18:30,0.0
09/29/2023 19:00,0.0
09/29/2023 19:30,0.0
09/29/2023 20:00,0.0
09/29/2023 20:30,0.0
09/29/2023 21:00,0.0
09/29/2023 21:30,0.0
09/29/2023 22:00,0.0
09/29/2023 22:30,0.0
09/29/2023 23:00,0.0
09/29/2023 23:30,0.0
09/30/2023 00:00,0.0
09/30/2023 00:30,0.0
09/30/2023 01:00,0.0
09/30/2023 01:30,0.0
09/30/2023 02:00,0.0
09/30/2023 02:30,0.0
09/30/2023 03:00,0.0
09/30/2023 03:30,0.0
09/30/2023 04:00,0.0
09/30/2023 04:30,0.0
09/30/2023 05:00,0.0
09/30/2023 05:30,0.0
09/30/2023 06:00,0.0
09/30/2023 06:30,0.0
09/30/2023 07:00,0.0
09/30/2023 07:30,0.0
09/30/2023 08:00,0.0
09/30/2023 08:30,0.0
09/30/2023 09:00,0.0
09/30/2023 09:30,0.0
09/30/2023 10:00,0.0
09/30/2023 10:30,0.0
09/30/2023 11:00,0.0
09/30/2023 11:30,0.0
09/30/2023 12:00,0.0
09/30/2023 12:30,0.0
09/30/2023 13:00,0.0
09/30/2023 13:30,0.0
09/30/2023 14:00,0.0
09/30/2023 14:30,0.0
09/30/2023 15:00,0.0
09/30/2023 15:30,0.0
09/30/2023 16:00,0.0
09/30/2023 16:30,0.0
09/30/2023 17:00,0.0
09/30/2023 17:30,0.0
09/30/2023 18:00,0.0
09/30/2023 18:30,0.0
09/30/2023 19:00,0.0
09/30/2023 19:30,0.0
09/30/2023 20:00,0.0
09/30/2023 20:30,0.0
09/30/2023 21:00,0.0
09/30/2023 21:30,0.0
09/30/2023 22:00,0.0
09/30/2023 22:30,0.0
09/30/2023 23:00,0.0
09/30/2023 23:30,0.0
10/01/2023 00:00,0.0
10/01/2023 00:30,0.0
10/01/2023 01:00,0.0
10/01/2023 01:30,0.0
10/01/2023 02:00,0.0
10/01/2023 02:30,0.0
10/01/2023 03:00,0.0
10/01/2023 03:30,0.0
10/01/2023 04:00,0.0
10/01/2023 04:30,0.0
10/01/2023 05:00,0.0
10/01/2023 05:30,0.0
10/01/2023 06:00,0.0
10/01/2023 06:30,0.0
10/01/2023 07:00,0.0
10/01/2023 07:30,0.0
10/01/2023 08:00,0.0
10/01/2023 08:30,0.0
10/01/2023 09:00,0.0
10/01/2023 09:30,0.0
10/01/2023 10:00,0.0
10/01/2023 10:30,0.0
10/01/2023 11:00,0.0
10/01/2023 11:30,0.0
10/01/2023 12:00,0.0
10/01/2023 12:30,0.0
10/01/2023 13:00,0.0
10/01/2023 13:30,0.0
10/01/2023 14:00,0.0
10/01/2023 14:30,0.0
10/01/2023 15:00,0.0
10/01/2023 15:30,0.0
10/01/2023 16:00,0.0
10/01/2023 16:30,0.0
10/01/2023 17:00,0.0
10/01/2023 17:30,0.0
10/01/2023 18:00,0.0
10/01/2023 18:30,0.0
10/01/2023 19:00,0.0
10/01/2023 19:30,0.0
10/01/2023 20:00,0.0
10/01/2023 20:30,0.0
10/01/2023 21:00,0.0
10/01/2023 21:30,0.0
10/01/2023 22:00,0.0
10/01/2023 22:30,0.0
10/01/2023 23:00,0.0
10/01/2023 23:30,0.0
10/02/2023 00:00,9.49
10/02/2023 00:30,9.49
10/02/2023 01:00,9.49
10/02/2023 01:30,9.49
10/02/2023 02:00,9.49
10/02/2023 02:30,9.49
10/02/2023 03:00,9.49
10/02/2023 03:30,9.49
10/02/2023 04:00,9.49
10/02/2023 04:30,9.49
10/02/2023 05:00,9.49
10/02/2023 05:30,9.49
10/02/2023 06:00,9.49
10/02/2023 06:30,9.49
10/02/2023 07:00,9.49
10/02/2023 07:30,9.49
10/02/2023 08:00,9.49
10/02/2023 08:30,9.49
10/02/2023 09:00,9.49
10/02/2023 09:30,9.49
10/02/2023 10:00,9.49
10/02/2023 10:30,9.49
10/02/2023 11:00,9.49
10/02/2023 11:30,9.49
10/02/2023 12:00,9.49
10/02/2023 12:30,9.49
10/02/2023 13:00,9.49
10/02/2023 13:30,9.49
10/02/2023 14:00,9.49
10/02/2023 14:30,9.49
10/02/2023 15:00,9.49
10/02/2023 15:30,9.49
10/02/2023 16:00,9.49
10/02/2023 16:30,9.49
10/02/2023 17:00,9.49
10/02/2023 17:30,9.49
10/02/2023 18:00,9.49
10/02/2023 18:30,9.49
10/02/2023 19:00,9.49
10/02/2023 19:30,9.49
10/02/2023 20:00,9.49
10/02/2023 20:30,9.49
10/02/2023 21:00,9.49
10/02/2023 21:30,9.49
10/02/2023 22:00,9.49
10/02/2023 22:30,9.49
10/02/2023 23:00,9.49
10/02/2023 23:30,9.49
10/03/2023 00:00,13.469
10/03/2023 00:30,13.469
10/03/2023 01:00,13.469
10/03/2023 01:30,13.469
10/03/2023 02:00,13.469
10/03/2023 02:30,13.469
10/03/2023 03:00,13.469
10/03/2023 03:30,13.469
10/03/2023 04:00,13.469
10/03/2023 04:30,13.469
10/03/2023 05:00,13.469
10/03/2023 05:30,13.469
10/03/2023 06:00,13.469
10/03/2023 06:30,13.469
10/03/2023 07:00,13.469
10/03/2023 07:30,13.469
10/03/2023 08:00,13.469
10/03/2023 08:30,13.469
10/03/2023 09:00,13.469
10/03/2023 09:30,13.469
10/03/2023 10:00,13.469
10/03/2023 10:30,13.469
10/03/2023 11:00,13.469
10/03/2023 11:30,13.469
10/03/2023 12:00,13.469
10/03/2023 12:30,13.469
10/03/2023 13:00,13.469
10/03/2023 13:30,13.469
10/03/2023 14:00,13.469
10/03/2023 14:30,13.469
10/03/2023 15:00,13.469
10/03/2023 15:30,13.469
10/03/2023 16:00,13.469
10/03/2023 16:30,13.469
10/03/2023 17:00,13.469
10/03/2023 17:30,13.469
10/03/2023 18:00,13.469
10/03/2023 18:30,13.469
10/03/2023 19:00,13.469
10/03/2023 19:30,13.469
10/03/2023 20:00,13.469
10/03/2023 20:30,13.469
10/03/2023 21:00,13.469
10/03/2023 21:30,13.469
10/03/2023 22:00,13.469
10/03/2023 22:30,13.469
10/03/2023 23:00,13.469
10/03/2023 23:30,13.469
10/04/2023 00:00,19.966
10/04/2023 00:30,19.966
10/04/2023 01:00,19.966
10/04/2023 01:30,19.966
10/04/2023 02:00,19.966
10/04/2023 02:30,19.966
10/04/2023 03:00,19.966
10/04/2023 03:30,19.966
10/04/2023 04:00,19.966
10/04/2023 04:30,19.966
10/04/2023 05:00,19.966
10/04/2023 05:30,19.966
10/04/2023 06:00,19.966
10/04/2023 06:30,19.966
10/04/2023 07:00,19.966
10/04/2023 07:30,19.966
10/04/2023 08:00,19.966
10/04/2023 08:30,19.966
10/04/2023 09:00,19.966
10/04/2023 09:30,19.966
10/04/2023 10:00,19.966
10/04/2023 10:30,19.966
10/04/2023 11:00,19.966
10/04/2023 11:30,19.966
10/04/2023 12:00,19.966
10/04/2023 12:30,19.966
10/04/2023 13:00,19.966
10/04/2023 13:30,19.966
10/04/2023 14:00,19.966
10/04/2023 14:30,19.966
10/04/2023 15:00,19.966
10/04/2023 15:30,19.966
10/04/2023 16:00,19.966
10/04/2023 16:30,19.966
10/04/2023 17:00,19.966
10/04/2023 17:30,19.966
10/04/2023 18:00,19.966
10/04/2023 18:30,19.966
10/04/2023 19:00,19.966
10/04/2023 19:30,19.966
10/04/2023 20:00,19.966
10/04/2023 20:30,19.966
10/04/2023 21:00,19.966
10/04/2023 21:30,19.966
10/04/2023 22:00,19.966
10/04/2023 22:30,19.966
10/04/2023 23:00,19.966
10/04/2023 23:30,19.966
10/05/2023 00:00,55.966
10/05/2023 00:30,55.966
10/05/2023 01:00,55.966
10/05/2023 01:30,55.966
10/05/2023 02:00,55.966
10/05/2023 02:30,55.966
10/05/2023 03:00,55.966
10/05/2023 03:30,55.966
10/05/2023 04:00,55.966
10/05/2023 04:30,55.966
10/05/2023 05:00,55.966
10/05/2023 05:30,55.966
10/05/2023 06:00,55.966
10/05/2023 06:30,55.966
10/05/2023 07:00,55.966
10/05/2023 07:30,55.966
10/05/2023 08:00,55.966
10/05/2023 08:30,55.966
10/05/2023 09:00,55.966
10/05/2023 09:30,55.966
10/05/2023 10:00,55.966
10/05/2023 10:30,55.966
10/05/2023 11:00,55.966
10/05/2023 11:30,55.966
10/05/2023 12:00,55.966
10/05/2023 12:30,55.966
10/05/2023 13:00,55.966
10/05/2023 13:30,55.966
10/05/2023 14:00,55.966
10/05/2023 14:30,55.966
10/05/2023 15:00,55.966
10/05/2023 15:30,55.966
10/05/2023 16:00,55.966
10/05/2023 16:30,55.966
10/05/2023 17:00,55.966
10/05/2023 17:30,55.966
10/05/2023 18:00,55.966
10/05/2023 18:30,55.966
10/05/2023 19:00,55.966
10/05/2023 19:30,55.966
10/05/2023 20:00,55.966
10/05/2023 20:30,55.966
10/05/2023 21:00,55.966
10/05/2023 21:30,55.966
10/05/2023 22:00,55.966
10/05/2023 22:30,55.966
10/05/2023 23:00,55.966
10/05/2023 23:30,55.966
10/06/2023 00:00,58.626
10/06/2023 00:30,58.626
10/06/2023 01:00,58.626
10/06/2023 01:30,58.626
10/06/2023 02:00,58.626
10/06/2023 02:30,58.626
10/06/2023 03:00,58.626
10/06/2023 03:30,58.626
10/06/2023 04:00,58.626
10/06/2023 04:30,58.626
10/06/2023 05:00,58.626
10/06/2023 05:30,58.626
10/06/2023 06:00,58.626
10/06/2023 06:30,58.626
10/06/2023 07:00,58.626
10/06/2023 07:30,58.626
10/06/2023 08:00,58.626
10/06/2023 08:30,58.626
10/06/2023 09:00,58.626
10/06/2023 09:30,58.626
10/06/2023 10:00,58.626
10/06/2023 10:30,58.626
10/06/2023 11:00,58.626
10/06/2023 11:30,58.626
10/06/2023 12:00,58.626
10/06/2023 12:30,58.626
10/06/2023 13:00,58.626
10/06/2023 13:30,58.626
10/06/2023 14:00,58.626
10/06/2023 14:30,58.626
10/06/2023 15:00,58.626
10/06/2023 15:30,58.626
10/06/2023 16:00,58.626
10/06/2023 16:30,58.626
10/06/2023 17:00,58.626
10/06/2023 17:30,58.626
10/06/2023 18:00,58.626
10/06/2023 18:30,58.626
10/06/2023 19:00,58.626
10/06/2023 19:30,58.626
10/06/2023 20:00,58.626
10/06/2023 20:30,58.626
10/06/2023 21:00,58.626
10/06/2023 21:30,58.626
10/06/2023 22:00,58.626
10/06/2023 22:30,58.626
10/06/2023 23:00,58.626
10/06/2023 23:30,58.626
10/07/2023 00:00,15.476
10/07/2023 00:30,15.476
10/07/2023 01:00,15.476
10/07/2023 01:30,15.476
10/07/2023 02:00,15.476
10/07/2023 02:30,15.476
10/07/2023 03:00,15.476
10/07/2023 03:30,15.476
10/07/2023 04:00,15.476
10/07/2023 04:30,15.476
10/07/2023 05:00,15.476
10/07/2023 05:30,15.476
10/07/2023 06:00,15.476
10/07/2023 06:30,15.476
10/07/2023 07:00,15.476
10/07/2023 07:30,15.476
10/07/2023 08:00,15.476
10/07/2023 08:30,15.476
10/07/2023 09:00,15.476
10/07/2023 09:30,15.476
10/07/2023 10:00,15.476
10/07/2023 10:30,15.476
10/07/2023 11:00,15.476
10/07/2023 11:30,15.476
10/07/2023 12:00,15.476
10/07/2023 12:30,15.476
10/07/2023 13:00,15.476
10/07/2023 13:30,15.476
10/07/2023 14:00,15.476
10/07/2023 14:30,15.476
10/07/2023 15:00,15.476
10/07/2023 15:30,15.476
10/07/2023 16:00,15.476
10/07/2023 16:30,15.476
10/07/2023 17:00,15.476
10/07/2023 17:30,15.476
10/07/2023 18:00,15.476
10/07/2023 18:30,15.476
10/07/2023 19:00,15.476
10/07/2023 19:30,15.476
10/07/2023 20:00,15.476
10/07/2023 20:30,15.476
10/07/2023 21:00,15.476
10/07/2023 21:30,15.476
10/07/2023 22:00,15.476
10/07/2023 22:30,15.476
10/07/2023 23:00,15.476
10/07/2023 23:30,15.476
10/08/2023 00:00,9.49
10/08/2023 00:30,9.49
10/08/2023 01:00,9.49
10/08/2023 01:30,9.49
10/08/2023 02:00,9.49
10/08/2023 02:30,9.49
10/08/2023 03:00,9.49
10/08/2023 03:30,9.49
10/08/2023 04:00,9.49
10/08/2023 04:30,9.49
10/08/2023 05:00,9.49
10/08/2023 05:30,9.49
10/08/2023 06:00,9.49
10/08/2023 06:30,9.49
10/08/2023 07:00,9.49
10/08/2023 07:30,9.49
10/08/2023 08:00,9.49
10/08/2023 08:30,9.49
10/08/2023 09:00,9.49
10/08/2023 09:30,9.49
10/08/2023 10:00,9.49
10/08/2023 10:30,9.49
10/08/2023 11:00,9.49
10/08/2023 11:30,9.49
10/08/2023 12:00,9.49
10/08/2023 12:30,9.49
10/08/2023 13:00,9.49
10/08/2023 13:30,9.49
10/08/2023 14:00,9.49
10/08/2023 14:30,9.49
10/08/2023 15:00,9.49
10/08/2023 15:30,9.49
10/08/2023 16:00,9.49
10/08/2023 16:30,9.49
10/08/2023 17:00,9.49
10/08/2023 17:30,9.49
10/08/2023 18:00,9.49
10/08/2023 18:30,9.49
10/08/2023 19:00,9.49
10/08/2023 19:30,9.49
10/08/2023 20:00,9.49
10/08/2023 20:30,9.49
10/08/2023 21:00,9.49
10/08/2023 21:30,9.49
10/08/2023 22:00,9.49
10/08/2023 22:30,9.49
10/08/2023 23:00,9.49
10/08/2023 23:30,9.49
10/09/2023 00:00,9.49
10/09/2023 00:30,9.49
10/09/2023 01:00,9.49
10/09/2023 01:30,9.49
10/09/2023 02:00,9.49
10/09/2023 02:30,9.49
10/09/2023 03:00,9.49
10/09/2023 03:30,9.49
10/09/2023 04:00,9.49
10/09/2023 04:30,9.49
10/09/2023 05:00,9.49
10/09/2023 05:30,9.49
10/09/2023 06:00,9.49
10/09/2023 06:30,9.49
10/09/2023 07:00,9.49
10/09/2023 07:30,9.49
10/09/2023 08:00,9.49
10/09/2023 08:30,9.49
10/09/2023 09:00,9.49
10/09/2023 09:30,9.49
10/09/2023 10:00,9.49
10/09/2023 10:30,9.49
10/09/2023 11:00,9.49
10/09/2023 11:30,9.49
10/09/2023 12:00,9.49
10/09/2023 12:30,9.49
10/09/2023 13:00,9.49
10/09/2023 13:30,9.49
10/09/2023 14:00,9.49
10/09/2023 14:30,9.49
10/09/2023 15:00,9.49
10/09/2023 15:30,9.49
10/09/2023 16:00,9.49
10/09/2023 16:30,9.49
10/09/2023 17:00,9.49
10/09/2023 17:30,9.49
10/09/2023 18:00,9.49
10/09/2023 18:30,9.49
10/09/2023 19:00,9.49
10/09/2023 19:30,9.49
10/09/2023 20:00,9.49
10/09/2023 20:30,9.49
10/09/2023 21:00,9.49
10/09/2023 21:30,9.49
10/09/2023 22:00,9.49
10/09/2023 22:30,9.49
10/09/2023 23:00,9.49
10/09/2023 23:30,9.49
10/10/2023 00:00,6.497
10/10/2023 00:30,6.497
10/10/2023 01:00,6.497
10/10/2023 01:30,6.497
10/10/2023 02:00,6.497
10/10/2023 02:30,6.497
10/10/2023 03:00,6.497
10/10/2023 03:30,6.497
10/10/2023 04:00,6.497
10/10/2023 04:30,6.497
10/10/2023 05:00,6.497
10/10/2023 05:30,6.497
10/10/2023 06:00,6.497
10/10/2023 06:30,6.497
10/10/2023 07:00,6.497
10/10/2023 07:30,6.497
10/10/2023 08:00,6.497
10/10/2023 08:30,6.497
10/10/2023 09:00,6.497
10/10/2023 09:30,6.497
10/10/2023 10:00,6.497
10/10/2023 10:30,6.497
10/10/2023 11:00,6.497
10/10/2023 11:30,6.497
10/10/2023 12:00,6.497
10/10/2023 12:30,6.497
10/10/2023 13:00,6.497
10/10/2023 13:30,6.497
10/10/2023 14:00,6.497
10/10/2023 14:30,6.497
10/10/2023 15:00,6.497
10/10/2023 15:30,6.497
10/10/2023 16:00,6.497
10/10/2023 16:30,6.497
10/10/2023 17:00,6.497
10/10/2023 17:30,6.497
10/10/2023 18:00,6.497
10/10/2023 18:30,6.497
10/10/2023 19:00,6.497
10/10/2023 19:30,6.497
10/10/2023 20:00,6.497
10/10/2023 20:30,6.497
10/10/2023 21:00,6.497
10/10/2023 21:30,6.497
10/10/2023 22:00,6.497
10/10/2023 22:30,6.497
10/10/2023 23:00,6.497
10/10/2023 23:30,6.497
10/11/2023 00:00,6.497
10/11/2023 00:30,6.497
10/11/2023 01:00,6.497
10/11/2023 01:30,6.497
10/11/2023 02:00,6.497
10/11/2023 02:30,6.497
10/11/2023 03:00,6.497
10/11/2023 03:30,6.497
10/11/2023 04:00,6.497
10/11/2023 04:30,6.497
10/11/2023 05:00,6.497
10/11/2023 05:30,6.497
10/11/2023 06:00,6.497
10/11/2023 06:30,6.497
10/11/2023 07:00,6.497
10/11/2023 07:30,6.497
10/11/2023 08:00,6.497
10/11/2023 08:30,6.497
10/11/2023 09:00,6.497
10/11/2023 09:30,6.497
10/11/2023 10:00,6.497
10/11/2023 10:30,6.497
10/11/2023 11:00,6.497
10/11/2023 11:30,6.497
10/11/2023 12:00,6.497
10/11/2023 12:30,6.497
10/11/2023 13:00,6.497
10/11/2023 13:30,6.497
10/11/2023 14:00,6.497
10/11/2023 14:30,6.497
10/11/2023 15:00,6.497
10/11/2023 15:30,6.497
10/11/2023 16:00,6.497
10/11/2023 16:30,6.497
10/11/2023 17:00,6.497
10/11/2023 17:30,6.497
10/11/2023 18:00,6.497
10/11/2023 18:30,6.497
10/11/2023 19:00,6.497
10/11/2023 19:30,6.497
10/11/2023 20:00,6.497
10/11/2023 20:30,6.497
10/11/2023 21:00,6.497
10/11/2023 21:30,6.497
10/11/2023 22:00,6.497
10/11/2023 22:30,6.497
10/11/2023 23:00,6.497
10/11/2023 23:30,6.497
10/12/2023 00:00,5.0
10/12/2023 00:30,5.0
10/12/2023 01:00,5.0
10/12/2023 01:30,5.0
10/12/2023 02:00,5.0
10/12/2023 02:30,5.0
10/12/2023 03:00,5.0
10/12/2023 03:30,5.0
10/12/2023 04:00,5.0
10/12/2023 04:30,5.0
10/12/2023 05:00,5.0
10/12/2023 05:30,5.0
10/12/2023 06:00,5.0
10/12/2023 06:30,5.0
10/12/2023 07:00,5.0
10/12/2023 07:30,5.0
10/12/2023 08:00,5.0
10/12/2023 08:30,5.0
10/12/2023 09:00,5.0
10/12/2023 09:30,5.0
10/12/2023 10:00,5.0
10/12/2023 10:30,5.0
10/12/2023 11:00,5.0
10/12/2023 11:30,5.0
10/12/2023 12:00,5.0
10/12/2023 12:30,5.0
10/12/2023 13:00,5.0
10/12/2023 13:30,5.0
10/12/2023 14:00,5.0
10/12/2023 14:30,5.0
10/12/2023 15:00,5.0
10/12/2023 15:30,5.0
10/12/2023 16:00,5.0
10/12/2023 16:30,5.0
10/12/2023 17:00,5.0
10/12/2023 17:30,5.0
10/12/2023 18:00,5.0
10/12/2023 18:30,5.0
10/12/2023 19:00,5.0
10/12/2023 19:30,5.0
10/12/2023 20:00,5.0
10/12/2023 20:30,5.0
10/12/2023 21:00,5.0
10/12/2023 21:30,5.0
10/12/2023 22:00,5.0
10/12/2023 22:30,5.0
10/12/2023 23:00,5.0
10/12/2023 23:30,5.0
10/13/2023 00:00,5.0
10/13/2023 00:30,5.0
10/13/2023 01:00,5.0
10/13/2023 01:30,5.0
10/13/2023 02:00,5.0
10/13/2023 02:30,5.0
10/13/2023 03:00,5.0
10/13/2023 03:30,5.0
10/13/2023 04:00,5.0
10/13/2023 04:30,5.0
10/13/2023 05:00,5.0
10/13/2023 05:30,5.0
10/13/2023 06:00,5.0
10/13/2023 06:30,5.0
10/13/2023 07:00,5.0
10/13/2023 07:30,5.0
10/13/2023 08:00,5.0
10/13/2023 08:30,5.0
10/13/2023 09:00,5.0
10/13/2023 09:30,5.0
10/13/2023 10:00,5.0
10/13/2023 10:30,5.0
10/13/2023 11:00,5.0
10/13/2023 11:30,5.0
10/13/2023 12:00,5.0
10/13/2023 12:30,5.0
10/13/2023 13:00,5.0
10/13/2023 13:30,5.0
10/13/2023 14:00,5.0
10/13/2023 14:30,5.0
10/13/2023 15:00,5.0
10/13/2023 15:30,5.0
10/13/2023 16:00,5.0
10/13/2023 16:30,5.0
10/13/2023 17:00,5.0
10/13/2023 17:30,5.0
10/13/2023 18:00,5.0
10/13/2023 18:30,5.0
10/13/2023 19:00,5.0
10/13/2023 19:30,5.0
10/13/2023 20:00,5.0
10/13/2023 20:30,5.0
10/13/2023 21:00,5.0
10/13/2023 21:30,5.0
10/13/2023 22:00,5.0
10/13/2023 22:30,5.0
10/13/2023 23:00,5.0
10/13/2023 23:30,5.0
10/14/2023 00:00,5.0
10/14/2023 00:30,5.0
10/14/2023 01:00,5.0
10/14/2023 01:30,5.0
10/14/2023 02:00,5.0
10/14/2023 02:30,5.0
10/14/2023 03:00,5.0
10/14/2023 03:30,5.0
10/14/2023 04:00,5.0
10/14/2023 04:30,5.0
10/14/2023 05:00,5.0
10/14/2023 05:30,5.0
10/14/2023 06:00,5.0
10/14/2023 06:30,5.0
10/14/2023 07:00,5.0
10/14/2023 07:30,5.0
10/14/2023 08:00,5.0
10/14/2023 08:30,5.0
10/14/2023 09:00,5.0
10/14/2023 09:30,5.0
10/14/2023 10:00,5.0
10/14/2023 10:30,5.0
10/14/2023 11:00,5.0
10/14/2023 11:30,5.0
10/14/2023 12:00,5.0
10/14/2023 12:30,5.0
10/14/2023 13:00,5.0
10/14/2023 13:30,5.0
10/14/2023 14:00,5.0
10/14/2023 14:30,5.0
10/14/2023 15:00,5.0
10/14/2023 15:30,5.0
10/14/2023 16:00,5.0
10/14/2023 16:30,5.0
10/14/2023 17:00,5.0
10/14/2023 17:30,5.0
10/14/2023 18:00,5.0
10/14/2023 18:30,5.0
10/14/2023 19:00,5.0
10/14/2023 19:30,5.0
10/14/2023 20:00,5.0
10/14/2023 20:30,5.0
10/14/2023 21:00,5.0
10/14/2023 21:30,5.0
10/14/2023 22:00,5.0
10/14/2023 22:30,5.0
10/14/2023 23:00,5.0
10/14/2023 23:30,5.0
10/15/2023 00:00,5.0
10/15/2023 00:30,5.0
10/15/2023 01:00,5.0
10/15/2023 01:30,5.0
10/15/2023 02:00,5.0
10/15/2023 02:30,5.0
10/15/2023 03:00,5.0
10/15/2023 03:30,5.0
10/15/2023 04:00,5.0
10/15/2023 04:30,5.0
10/15/2023 05:00,5.0
10/15/2023 05:30,5.0
10/15/2023 06:00,5.0
10/15/2023 06:30,5.0
10/15/2023 07:00,5.0
10/15/2023 07:30,5.0
10/15/2023 08:00,5.0
10/15/2023 08:30,5.0
10/15/2023 09:00,5.0
10/15/2023 09:30,5.0
10/15/2023 10:00,5.0
10/15/2023 10:30,5.0
10/15/2023 11:00,5.0
10/15/2023 11:30,5.0
10/15/2023 12:00,5.0
10/15/2023 12:30,5.0
10/15/2023 13:00,5.0
10/15/2023 13:30,5.0
10/15/2023 14:00,5.0
10/15/2023 14:30,5.0
10/15/2023 15:00,5.0
10/15/2023 15:30,5.0
10/15/2023 16:00,5.0
10/15/2023 16:30,5.0
10/15/2023 17:00,5.0
10/15/2023 17:30,5.0
10/15/2023 18:00,5.0
10/15/2023 18:30,5.0
10/15/2023 19:00,5.0
10/15/2023 19:30,5.0
10/15/2023 20:00,5.0
10/15/2023 20:30,5.0
10/15/2023 21:00,5.0
10/15/2023 21:30,5.0
10/15/2023 22:00,5.0
10/15/2023 22:30,5.0
10/15/2023 23:00,5.0
10/15/2023 23:30,5.0
10/16/2023 00:00,3.0
10/16/2023 00:30,3.0
10/16/2023 01:00,3.0
10/16/2023 01:30,3.0
10/16/2023 02:00,3.0
10/16/2023 02:30,3.0
10/16/2023 03:00,3.0
10/16/2023 03:30,3.0
10/16/2023 04:00,3.0
10/16/2023 04:30,3.0
10/16/2023 05:00,3.0
10/16/2023 05:30,3.0
10/16/2023 06:00,3.0
10/16/2023 06:30,3.0
10/16/2023 07:00,3.0
10/16/2023 07:30,3.0
10/16/2023 08:00,3.0
10/16/2023 08:30,3.0
10/16/2023 09:00,3.0
10/16/2023 09:30,3.0
10/16/2023 10:00,3.0
10/16/2023 10:30,3.0
10/16/2023 11:00,3.0
10/16/2023 11:30,3.0
10/16/2023 12:00,3.0
10/16/2023 12:30,3.0
10/16/2023 13:00,3.0
10/16/2023 13:30,3.0
10/16/2023 14:00,3.0
10/16/2023 14:30,3.0
10/16/2023 15:00,3.0
10/16/2023 15:30,3.0
10/16/2023 16:00,3.0
10/16/2023 16:30,3.0
10/16/2023 17:00,3.0
10/16/2023 17:30,3.0
10/16/2023 18:00,3.0
10/16/2023 18:30,3.0
10/16/2023 19:00,3.0
10/16/2023 19:30,3.0
10/16/2023 20:00,3.0
10/16/2023 20:30,3.0
10/16/2023 21:00,3.0
10/16/2023 21:30,3.0
10/16/2023 22:00,3.0
10/16/2023 22:30,3.0
10/16/2023 23:00,3.0
10/16/2023 23:30,3.0
10/17/2023 00:00,0.0
10/17/2023 00:30,0.0
10/17/2023 01:00,0.0
10/17/2023 01:30,0.0
10/17/2023 02:00,0.0
10/17/2023 02:30,0.0
10/17/2023 03:00,0.0
10/17/2023 03:30,0.0
10/17/2023 04:00,0.0
10/17/2023 04:30,0.0
10/17/2023 05:00,0.0
10/17/2023 05:30,0.0
10/17/2023 06:00,0.0
10/17/2023 06:30,0.0
10/17/2023 07:00,0.0
10/17/2023 07:30,0.0
10/17/2023 08:00,0.0
10/17/2023 08:30,0.0
10/17/2023 09:00,0.0
10/17/2023 09:30,0.0
10/17/2023 10:00,0.0
10/17/2023 10:30,0.0
10/17/2023 11:00,0.0
10/17/2023 11:30,0.0
10/17/2023 12:00,0.0
10/17/2023 12:30,0.0
10/17/2023 13:00,0.0
10/17/2023 13:30,0.0
10/17/2023 14:00,0.0
10/17/2023 14:30,0.0
10/17/2023 15:00,0.0
10/17/2023 15:30,0.0
10/17/2023 16:00,0.0
10/17/2023 16:30,0.0
10/17/2023 17:00,0.0
10/17/2023 17:30,0.0
10/17/2023 18:00,0.0
10/17/2023 18:30,0.0
10/17/2023 19:00,0.0
10/17/2023 19:30,0.0
10/17/2023 20:00,0.0
10/17/2023 20:30,0.0
10/17/2023 21:00,0.0
10/17/2023 21:30,0.0
10/17/2023 22:00,0.0
10/17/2023 22:30,0.0
10/17/2023 23:00,0.0
10/17/2023 23:30,0.0
10/18/2023 00:00,0.0
10/18/2023 00:30,0.0
10/18/2023 01:00,0.0
10/18/2023 01:30,0.0
10/18/2023 02:00,0.0
10/18/2023 02:30,0.0
10/18/2023 03:00,0.0
10/18/2023 03:30,0.0
10/18/2023 04:00,0.0
10/18/2023 04:30,0.0
10/18/2023 05:00,0.0
10/18/2023 05:30,0.0
10/18/2023 06:00,0.0
10/18/2023 06:30,0.0
10/18/2023 07:00,0.0
10/18/2023 07:30,0.0
10/18/2023 08:00,0.0
10/18/2023 08:30,0.0
10/18/2023 09:00,0.0
10/18/2023 09:30,0.0
10/18/2023 10:00,0.0
10/18/2023 10:30,0.0
10/18/2023 11:00,0.0
10/18/2023 11:30,0.0
10/18/2023 12:00,0.0
10/18/2023 12:30,0.0
10/18/2023 13:00,0.0
10/18/2023 13:30,0.0
10/18/2023 14:00,0.0
10/18/2023 14:30,0.0
10/18/2023 15:00,0.0
10/18/2023 15:30,0.0
10/18/2023 16:00,0.0
10/18/2023 16:30,0.0
10/18/2023 17:00,0.0
10/18/2023 17:30,0.0
10/18/2023 18:00,0.0
10/18/2023 18:30,0.0
10/18/2023 19:00,0.0
10/18/2023 19:30,0.0
10/18/2023 20:00,0.0
10/18/2023 20:30,0.0
10/18/2023 21:00,0.0
10/18/2023 21:30,0.0
10/18/2023 22:00,0.0
10/18/2023 22:30,0.0
10/18/2023 23:00,0.0
10/18/2023 23:30,0.0
10/19/2023 00:00,0.0
10/19/2023 00:30,0.0
10/19/2023 01:00,0.0
10/19/2023 01:30,0.0
10/19/2023 02:00,0.0
10/19/2023 02:30,0.0
10/19/2023 03:00,0.0
10/19/2023 03:30,0.0
10/19/2023 04:00,0.0
10/19/2023 04:30,0.0
10/19/2023 05:00,0.0
10/19/2023 05:30,0.0
10/19/2023 06:00,0.0
10/19/2023 06:30,0.0
10/19/2023 07:00,0.0
10/19/2023 07:30,0.0
10/19/2023 08:00,0.0
10/19/2023 08:30,0.0
10/19/2023 09:00,0.0
10/19/2023 09:30,0.0
10/19/2023 10:00,0.0
10/19/2023 10:30,0.0
10/19/2023 11:00,0.0
10/19/2023 11:30,0.0
10/19/2023 12:00,0.0
10/19/2023 12:30,0.0
10/19/2023 13:00,0.0
10/19/2023 13:30,0.0
10/19/2023 14:00,0.0
10/19/2023 14:30,0.0
10/19/2023 15:00,0.0
10/19/2023 15:30,0.0
10/19/2023 16:00,0.0
10/19/2023 16:30,0.0
10/19/2023 17:00,0.0
10/19/2023 17:30,0.0
10/19/2023 18:00,0.0
10/19/2023 18:30,0.0
10/19/2023 19:00,0.0
10/19/2023 19:30,0.0
10/19/2023 20:00,0.0
10/19/2023 20:30,0.0
10/19/2023 21:00,0.0
10/19/2023 21:30,0.0
10/19/2023 22:00,0.0
10/19/2023 22:30,0.0
10/19/2023 23:00,0.0
10/19/2023 23:30,0.0
10/20/2023 00:00,0.0
10/20/2023 00:30,0.0
10/20/2023 01:00,0.0
10/20/2023 01:30,0.0
10/20/2023 02:00,0.0
10/20/2023 02:30,0.0
10/20/2023 03:00,0.0
10/20/2023 03:30,0.0
10/20/2023 04:00,0.0
10/20/2023 04:30,0.0
10/20/2023 05:00,0.0
10/20/2023 05:30,0.0
10/20/2023 06:00,0.0
10/20/2023 06:30,0.0
10/20/2023 07:00,0.0
10/20/2023 07:30,0.0
10/20/2023 08:00,0.0
10/20/2023 08:30,0.0
10/20/2023 09:00,0.0
10/20/2023 09:30,0.0
10/20/2023 10:00,0.0
10/20/2023 10:30,0.0
10/20/2023 11:00,0.0
10/20/2023 11:30,0.0
10/20/2023 12:00,0.0
10/20/2023 12:30,0.0
10/20/2023 13:00,0.0
10/20/2023 13:30,0.0
10/20/2023 14:00,0.0
10/20/2023 14:30,0.0
10/20/2023 15:00,0.0
10/20/2023 15:30,0.0
10/20/2023 16:00,0.0
10/20/2023 16:30,0.0
10/20/2023 17:00,0.0
10/20/2023 17:30,0.0
10/20/2023 18:00,0.0
10/20/2023 18:30,0.0
10/20/2023 19:00,0.0
10/20/2023 19:30,0.0
10/20/2023 20:00,0.0
10/20/2023 20:30,0.0
10/20/2023 21:00,0.0
10/20/2023 21:30,0.0
10/20/2023 22:00,0.0
10/20/2023 22:30,0.0
10/20/2023 23:00,0.0
10/20/2023 23:30,0.0
10/21/2023 00:00,33.296
10/21/2023 00:30,33.296
10/21/2023 01:00,33.296
10/21/2023 01:30,33.296
10/21/2023 02:00,33.296
10/21/2023 02:30,33.296
10/21/2023 03:00,33.296
10/21/2023 03:30,33.296
10/21/2023 04:00,33.296
10/21/2023 04:30,33.296
10/21/2023 05:00,33.296
10/21/2023 05:30,33.296
10/21/2023 06:00,33.296
10/21/2023 06:30,33.296
10/21/2023 07:00,33.296
10/21/2023 07:30,33.296
10/21/2023 08:00,33.296
10/21/2023 08:30,33.296
10/21/2023 09:00,33.296
10/21/2023 09:30,33.296
10/21/2023 10:00,33.296
10/21/2023 10:30,33.296
10/21/2023 11:00,33.296
10/21/2023 11:30,33.296
10/21/2023 12:00,33.296
10/21/2023 12:30,33.296
10/21/2023 13:00,33.296
10/21/2023 13:30,33.296
10/21/2023 14:00,33.296
10/21/2023 14:30,33.296
10/21/2023 15:00,33.296
10/21/2023 15:30,33.296
10/21/2023 16:00,33.296
10/21/2023 16:30,33.296
10/21/2023 17:00,33.296
10/21/2023 17:30,33.296
10/21/2023 18:00,33.296
10/21/2023 18:30,33.296
10/21/2023 19:00,33.296
10/21/2023 19:30,33.296
10/21/2023 20:00,33.296
10/21/2023 20:30,33.296
10/21/2023 21:00,33.296
10/21/2023 21:30,33.296
10/21/2023 22:00,33.296
10/21/2023 22:30,33.296
10/21/2023 23:00,33.296
10/21/2023 23:30,33.296
10/22/2023 00:00,18.469
10/22/2023 00:30,18.469
10/22/2023 01:00,18.469
10/22/2023 01:30,18.469
10/22/2023 02:00,18.469
10/22/2023 02:30,18.469
10/22/2023 03:00,18.469
10/22/2023 03:30,18.469
10/22/2023 04:00,18.469
10/22/2023 04:30,18.469
10/22/2023 05:00,18.469
10/22/2023 05:30,18.469
10/22/2023 06:00,18.469
10/22/2023 06:30,18.469
10/22/2023 07:00,18.469
10/22/2023 07:30,18.469
10/22/2023 08:00,18.469
10/22/2023 08:30,18.469
10/22/2023 09:00,18.469
10/22/2023 09:30,18.469
10/22/2023 10:00,18.469
10/22/2023 10:30,18.469
10/22/2023 11:00,18.469
10/22/2023 11:30,18.469
10/22/2023 12:00,18.469
10/22/2023 12:30,18.469
10/22/2023 13:00,18.469
10/22/2023 13:30,18.469
10/22/2023 14:00,18.469
10/22/2023 14:30,18.469
10/22/2023 15:00,18.469
10/22/2023 15:30,18.469
10/22/2023 16:00,18.469
10/22/2023 16:30,18.469
10/22/2023 17:00,18.469
10/22/2023 17:30,18.469
10/22/2023 18:00,18.469
10/22/2023 18:30,18.469
10/22/2023 19:00,18.469
10/22/2023 19:30,18.469
10/22/2023 20:00,18.469
10/22/2023 20:30,18.469
10/22/2023 21:00,18.469
10/22/2023 21:30,18.469
10/22/2023 22:00,18.469
10/22/2023 22:30,18.469
10/22/2023 23:00,18.469
10/22/2023 23:30,18.469
10/23/2023 00:00,18.469
10/23/2023 00:30,18.469
10/23/2023 01:00,18.469
10/23/2023 01:30,18.469
10/23/2023 02:00,18.469
10/23/2023 02:30,18.469
10/23/2023 03:00,18.469
10/23/2023 03:30,18.469
10/23/2023 04:00,18.469
10/23/2023 04:30,18.469
10/23/2023 05:00,18.469
10/23/2023 05:30,18.469
10/23/2023 06:00,18.469
10/23/2023 06:30,18.469
10/23/2023 07:00,18.469
10/23/2023 07:30,18.469
10/23/2023 08:00,18.469
10/23/2023 08:30,18.469
10/23/2023 09:00,18.469
10/23/2023 09:30,18.469
10/23/2023 10:00,18.469
10/23/2023 10:30,18.469
10/23/2023 11:00,18.469
10/23/2023 11:30,18.469
10/23/2023 12:00,18.469
10/23/2023 12:30,18.469
10/23/2023 13:00,18.469
10/23/2023 13:30,18.469
10/23/2023 14:00,18.469
10/23/2023 14:30,18.469
10/23/2023 15:00,18.469
10/23/2023 15:30,18.469
10/23/2023 16:00,18.469
10/23/2023 16:30,18.469
10/23/2023 17:00,18.469
10/23/2023 17:30,18.469
10/23/2023 18:00,18.469
10/23/2023 18:30,18.469
10/23/2023 19:00,18.469
10/23/2023 19:30,18.469
10/23/2023 20:00,18.469
10/23/2023 20:30,18.469
10/23/2023 21:00,18.469
10/23/2023 21:30,18.469
10/23/2023 22:00,18.469
10/23/2023 22:30,18.469
10/23/2023 23:00,18.469
10/23/2023 23:30,18.469
10/24/2023 00:00,16.973
10/24/2023 00:30,16.973
10/24/2023 01:00,16.973
10/24/2023 01:30,16.973
10/24/2023 02:00,16.973
10/24/2023 02:30,16.973
10/24/2023 03:00,16.973
10/24/2023 03:30,16.973
10/24/2023 04:00,16.973
10/24/2023 04:30,16.973
10/24/2023 05:00,16.973
10/24/2023 05:30,16.973
10/24/2023 06:00,16.973
10/24/2023 06:30,16.973
10/24/2023 07:00,16.973
10/24/2023 07:30,16.973
10/24/2023 08:00,16.973
10/24/2023 08:30,16.973
10/24/2023 09:00,16.973
10/24/2023 09:30,16.973
10/24/2023 10:00,16.973
10/24/2023 10:30,16.973
10/24/2023 11:00,16.973
10/24/2023 11:30,16.973
10/24/2023 12:00,16.973
10/24/2023 12:30,16.973
10/24/2023 13:00,16.973
10/24/2023 13:30,16.973
10/24/2023 14:00,16.973
10/24/2023 14:30,16.973
10/24/2023 15:00,16.973
10/24/2023 15:30,16.973
10/24/2023 16:00,16.973
10/24/2023 16:30,16.973
10/24/2023 17:00,16.973
10/24/2023 17:30,16.973
10/24/2023 18:00,16.973
10/24/2023 18:30,16.973
10/24/2023 19:00,16.973
10/24/2023 19:30,16.973
10/24/2023 20:00,16.973
10/24/2023 20:30,16.973
10/24/2023 21:00,16.973
10/24/2023 21:30,16.973
10/24/2023 22:00,16.973
10/24/2023 22:30,16.973
10/24/2023 23:00,16.973
10/24/2023 23:30,16.973
10/25/2023 00:00,22.632
10/25/2023 00:30,22.632
10/25/2023 01:00,22.632
10/25/2023 01:30,22.632
10/25/2023 02:00,22.632
10/25/2023 02:30,22.632
10/25/2023 03:00,22.632
10/25/2023 03:30,22.632
10/25/2023 04:00,22.632
10/25/2023 04:30,22.632
10/25/2023 05:00,22.632
10/25/2023 05:30,22.632
10/25/2023 06:00,22.632
10/25/2023 06:30,22.632
10/25/2023 07:00,22.632
10/25/2023 07:30,22.632
10/25/2023 08:00,22.632
10/25/2023 08:30,22.632
10/25/2023 09:00,22.632
10/25/2023 09:30,22.632
10/25/2023 10:00,22.632
10/25/2023 10:30,22.632
10/25/2023 11:00,22.632
10/25/2023 11:30,22.632
10/25/2023 12:00,22.632
10/25/2023 12:30,22.632
10/25/2023 13:00,22.632
10/25/2023 13:30,22.632
10/25/2023 14:00,22.632
10/25/2023 14:30,22.632
10/25/2023 15:00,22.632
10/25/2023 15:30,22.632
10/25/2023 16:00,22.632
10/25/2023 16:30,22.632
10/25/2023 17:00,22.632
10/25/2023 17:30,22.632
10/25/2023 18:00,22.632
10/25/2023 18:30,22.632
10/25/2023 19:00,22.632
10/25/2023 19:30,22.632
10/25/2023 20:00,22.632
10/25/2023 20:30,22.632
10/25/2023 21:00,22.632
10/25/2023 21:30,22.632
10/25/2023 22:00,22.632
10/25/2023 22:30,22.632
10/25/2023 23:00,22.632
10/25/2023 23:30,22.632
10/26/2023 00:00,12.483
10/26/2023 00:30,12.483
10/26/2023 01:00,12.483
10/26/2023 01:30,12.483
10/26/2023 02:00,12.483
10/26/2023 02:30,12.483
10/26/2023 03:00,12.483
10/26/2023 03:30,12.483
10/26/2023 04:00,12.483
10/26/2023 04:30,12.483
10/26/2023 05:00,12.483
10/26/2023 05:30,12.483
10/26/2023 06:00,12.483
10/26/2023 06:30,12.483
10/26/2023 07:00,12.483
10/26/2023 07:30,12.483
10/26/2023 08:00,12.483
10/26/2023 08:30,12.483
10/26/2023 09:00,12.483
10/26/2023 09:30,12.483
10/26/2023 10:00,12.483
10/26/2023 10:30,12.483
10/26/2023 11:00,12.483
10/26/2023 11:30,12.483
10/26/2023 12:00,12.483
10/26/2023 12:30,12.483
10/26/2023 13:00,12.483
10/26/2023 13:30,12.483
10/26/2023 14:00,12.483
10/26/2023 14:30,12.483
10/26/2023 15:00,12.483
10/26/2023 15:30,12.483
10/26/2023 16:00,12.483
10/26/2023 16:30,12.483
10/26/2023 17:00,12.483
10/26/2023 17:30,12.483
10/26/2023 18:00,12.483
10/26/2023 18:30,12.483
10/26/2023 19:00,12.483
10/26/2023 19:30,12.483
10/26/2023 20:00,12.483
10/26/2023 20:30,12.483
10/26/2023 21:00,12.483
10/26/2023 21:30,12.483
10/26/2023 22:00,12.483
10/26/2023 22:30,12.483
10/26/2023 23:00,12.483
10/26/2023 23:30,12.483
10/27/2023 00:00,5.497
10/27/2023 00:30,5.497
10/27/2023 01:00,5.497
10/27/2023 01:30,5.497
10/27/2023 02:00,5.497
10/27/2023 02:30,5.497
10/27/2023 03:00,5.497
10/27/2023 03:30,5.497
10/27/2023 04:00,5.497
10/27/2023 04:30,5.497
10/27/2023 05:00,5.497
10/27/2023 05:30,5.497
10/27/2023 06:00,5.497
10/27/2023 06:30,5.497
10/27/2023 07:00,5.497
10/27/2023 07:30,5.497
10/27/2023 08:00,5.497
10/27/2023 08:30,5.497
10/27/2023 09:00,5.497
10/27/2023 09:30,5.497
10/27/2023 10:00,5.497
10/27/2023 10:30,5.497
10/27/2023 11:00,5.497
10/27/2023 11:30,5.497
10/27/2023 12:00,5.497
10/27/2023 12:30,5.497
10/27/2023 13:00,5.497
10/27/2023 13:30,5.497
10/27/2023 14:00,5.497
10/27/2023 14:30,5.497
10/27/2023 15:00,5.497
10/27/2023 15:30,5.497
10/27/2023 16:00,5.497
10/27/2023 16:30,5.497
10/27/2023 17:00,5.497
10/27/2023 17:30,5.497
10/27/2023 18:00,5.497
10/27/2023 18:30,5.497
10/27/2023 19:00,5.497
10/27/2023 19:30,5.497
10/27/2023 20:00,5.497
10/27/2023 20:30,5.497
10/27/2023 21:00,5.497
10/27/2023 21:30,5.497
10/27/2023 22:00,5.497
10/27/2023 22:30,5.497
10/27/2023 23:00,5.497
10/27/2023 23:30,5.497
10/28/2023 00:00,5.0
10/28/2023 00:30,5.0
10/28/2023 01:00,5.0
10/28/2023 01:30,5.0
10/28/2023 02:00,5.0
10/28/2023 02:30,5.0
10/28/2023 03:00,5.0
10/28/2023 03:30,5.0
10/28/2023 04:00,5.0
10/28/2023 04:30,5.0
10/28/2023 05:00,5.0
10/28/2023 05:30,5.0
10/28/2023 06:00,5.0
10/28/2023 06:30,5.0
10/28/2023 07:00,5.0
10/28/2023 07:30,5.0
10/28/2023 08:00,5.0
10/28/2023 08:30,5.0
10/28/2023 09:00,5.0
10/28/2023 09:30,5.0
10/28/2023 10:00,5.0
10/28/2023 10:30,5.0
10/28/2023 11:00,5.0
10/28/2023 11:30,5.0
10/28/2023 12:00,5.0
10/28/2023 12:30,5.0
10/28/2023 13:00,5.0
10/28/2023 13:30,5.0
10/28/2023 14:00,5.0
10/28/2023 14:30,5.0
10/28/2023 15:00,5.0
10/28/2023 15:30,5.0
10/28/2023 16:00,5.0
10/28/2023 16:30,5.0
10/28/2023 17:00,5.0
10/28/2023 17:30,5.0
10/28/2023 18:00,5.0
10/28/2023 18:30,5.0
10/28/2023 19:00,5.0
10/28/2023 19:30,5.0
10/28/2023 20:00,5.0
10/28/2023 20:30,5.0
10/28/2023 21:00,5.0
10/28/2023 21:30,5.0
10/28/2023 22:00,5.0
10/28/2023 22:30,5.0
10/28/2023 23:00,5.0
10/28/2023 23:30,5.0
10/29/2023 00:00,5.0
10/29/2023 00:30,5.0
10/29/2023 01:00,5.0
10/29/2023 01:30,5.0
10/29/2023 02:00,5.0
10/29/2023 02:30,5.0
10/29/2023 03:00,5.0
10/29/2023 03:30,5.0
10/29/2023 04:00,5.0
10/29/2023 04:30,5.0
10/29/2023 05:00,5.0
10/29/2023 05:30,5.0
10/29/2023 06:00,5.0
10/29/2023 06:30,5.0
10/29/2023 07:00,5.0
10/29/2023 07:30,5.0
10/29/2023 08:00,5.0
10/29/2023 08:30,5.0
10/29/2023 09:00,5.0
10/29/2023 09:30,5.0
10/29/2023 10:00,5.0
10/29/2023 10:30,5.0
10/29/2023 11:00,5.0
10/29/2023 11:30,5.0
10/29/2023 12:00,5.0
10/29/2023 12:30,5.0
10/29/2023 13:00,5.0
10/29/2023 13:30,5.0
10/29/2023 14:00,5.0
10/29/2023 14:30,5.0
10/29/2023 15:00,5.0
10/29/2023 15:30,5.0
10/29/2023 16:00,5.0
10/29/2023 16:30,5.0
10/29/2023 17:00,5.0
10/29/2023 17:30,5.0
10/29/2023 18:00,5.0
10/29/2023 18:30,5.0
10/29/2023 19:00,5.0
10/29/2023 19:30,5.0
10/29/2023 20:00,5.0
10/29/2023 20:30,5.0
10/29/2023 21:00,5.0
10/29/2023 21:30,5.0
10/29/2023 22:00,5.0
10/29/2023 22:30,5.0
10/29/2023 23:00,5.0
10/29/2023 23:30,5.0
10/30/2023 00:00,5.0
10/30/2023 00:30,5.0
10/30/2023 01:00,5.0
10/30/2023 01:30,5.0
10/30/2023 02:00,5.0
10/30/2023 02:30,5.0
10/30/2023 03:00,5.0
10/30/2023 03:30,5.0
10/30/2023 04:00,5.0
10/30/2023 04:30,5.0
10/30/2023 05:00,5.0
10/30/2023 05:30,5.0
10/30/2023 06:00,5.0
10/30/2023 06:30,5.0
10/30/2023 07:00,5.0
10/30/2023 07:30,5.0
10/30/2023 08:00,5.0
10/30/2023 08:30,5.0
10/30/2023 09:00,5.0
10/30/2023 09:30,5.0
10/30/2023 10:00,5.0
10/30/2023 10:30,5.0
10/30/2023 11:00,5.0
10/30/2023 11:30,5.0
10/30/2023 12:00,5.0
10/30/2023 12:30,5.0
10/30/2023 13:00,5.0
10/30/2023 13:30,5.0
10/30/2023 14:00,5.0
10/30/2023 14:30,5.0
10/30/2023 15:00,5.0
10/30/2023 15:30,5.0
10/30/2023 16:00,5.0
10/30/2023 16:30,5.0
10/30/2023 17:00,5.0
10/30/2023 17:30,5.0
10/30/2023 18:00,5.0
10/30/2023 18:30,5.0
10/30/2023 19:00,5.0
10/30/2023 19:30,5.0
10/30/2023 20:00,5.0
10/30/2023 20:30,5.0
10/30/2023 21:00,5.0
10/30/2023 21:30,5.0
10/30/2023 22:00,5.0
10/30/2023 22:30,5.0
10/30/2023 23:00,5.0
10/30/2023 23:30,5.0
10/31/2023 00:00,0.0
10/31/2023 00:30,0.0
10/31/2023 01:00,0.0
10/31/2023 01:30,0.0
10/31/2023 02:00,0.0
10/31/2023 02:30,0.0
10/31/2023 03:00,0.0
10/31/2023 03:30,0.0
10/31/2023 04:00,0.0
10/31/2023 04:30,0.0
10/31/2023 05:00,0.0
10/31/2023 05:30,0.0
10/31/2023 06:00,0.0
10/31/2023 06:30,0.0
10/31/2023 07:00,0.0
10/31/2023 07:30,0.0
10/31/2023 08:00,0.0
10/31/2023 08:30,0.0
10/31/2023 09:00,0.0
10/31/2023 09:30,0.0
10/31/2023 10:00,0.0
10/31/2023 10:30,0.0
10/31/2023 11:00,0.0
10/31/2023 11:30,0.0
10/31/2023 12:00,0.0
10/31/2023 12:30,0.0
10/31/2023 13:00,0.0
10/31/2023 13:30,0.0
10/31/2023 14:00,0.0
10/31/2023 14:30,0.0
10/31/2023 15:00,0.0
10/31/2023 15:30,0.0
10/31/2023 16:00,0.0
10/31/2023 16:30,0.0
10/31/2023 17:00,0.0
10/31/2023 17:30,0.0
10/31/2023 18:00,0.0
10/31/2023 18:30,0.0
10/31/2023 19:00,0.0
10/31/2023 19:30,0.0
10/31/2023 20:00,0.0
10/31/2023 20:30,0.0
10/31/2023 21:00,0.0
10/31/2023 21:30,0.0
10/31/2023 22:00,0.0
10/31/2023 22:30,0.0
10/31/2023 23:00,0.0
10/31/2023 23:30,0.0
11/01/2023 00:00,0.0
11/01/2023 00:30,0.0
11/01/2023 01:00,0.0
11/01/2023 01:30,0.0
11/01/2023 02:00,0.0
11/01/2023 02:30,0.0
11/01/2023 03:00,0.0
11/01/2023 03:30,0.0
11/01/2023 04:00,0.0
11/01/2023 04:30,0.0
11/01/2023 05:00,0.0
11/01/2023 05:30,0.0
11/01/2023 06:00,0.0
11/01/2023 06:30,0.0
11/01/2023 07:00,0.0
11/01/2023 07:30,0.0
11/01/2023 08:00,0.0
11/01/2023 08:30,0.0
11/01/2023 09:00,0.0
11/01/2023 09:30,0.0
11/01/2023 10:00,0.0
11/01/2023 10:30,0.0
11/01/2023 11:00,0.0
11/01/2023 11:30,0.0
11/01/2023 12:00,0.0
11/01/2023 12:30,0.0
11/01/2023 13:00,0.0
11/01/2023 13:30,0.0
11/01/2023 14:00,0.0
11/01/2023 14:30,0.0
11/01/2023 15:00,0.0
11/01/2023 15:30,0.0
11/01/2023 16:00,0.0
11/01/2023 16:30,0.0
11/01/2023 17:00,0.0
11/01/2023 17:30,0.0
11/01/2023 18:00,0.0
11/01/2023 18:30,0.0
11/01/2023 19:00,0.0
11/01/2023 19:30,0.0
11/01/2023 20:00,0.0
11/01/2023 20:30,0.0
11/01/2023 21:00,0.0
11/01/2023 21:30,0.0
11/01/2023 22:00,0.0
11/01/2023 22:30,0.0
11/01/2023 23:00,0.0
11/01/2023 23:30,0.0
11/02/2023 00:00,67.657
11/02/2023 00:00,35.962
11/02/2023 00:30,35.962
11/02/2023 00:30,67.657
11/02/2023 01:00,35.962
11/02/2023 01:00,67.657
11/02/2023 01:30,35.962
11/02/2023 01:30,67.657
11/02/2023 02:00,35.962
11/02/2023 02:00,67.657
11/02/2023 02:30,35.962
11/02/2023 02:30,67.657
11/02/2023 03:00,35.962
11/02/2023 03:00,67.657
11/02/2023 03:30,35.962
11/02/2023 03:30,67.657
11/02/2023 04:00,35.962
11/02/2023 04:00,67.657
11/02/2023 04:30,67.657
11/02/2023 04:30,35.962
11/02/2023 05:00,67.657
11/02/2023 05:00,35.962
11/02/2023 05:30,35.962
11/02/2023 05:30,67.657
11/02/2023 06:00,35.962
11/02/2023 06:00,67.657
11/02/2023 06:30,35.962
11/02/2023 06:30,67.657
11/02/2023 07:00,35.962
11/02/2023 07:00,67.657
11/02/2023 07:30,67.657
11/02/2023 07:30,35.962
11/02/2023 08:00,35.962
11/02/2023 08:00,67.657
11/02/2023 08:30,35.962
11/02/2023 08:30,67.657
11/02/2023 09:00,67.657
11/02/2023 09:00,35.962
11/02/2023 09:30,35.962
11/02/2023 09:30,67.657
11/02/2023 10:00,35.962
11/02/2023 10:00,67.657
11/02/2023 10:30,35.962
11/02/2023 10:30,67.657
11/02/2023 11:00,35.962
11/02/2023 11:00,67.657
11/02/2023 11:30,67.657
11/02/2023 11:30,35.962
11/02/2023 12:00,35.962
11/02/2023 12:00,67.657
11/02/2023 12:30,35.962
11/02/2023 12:30,67.657
11/02/2023 13:00,67.657
11/02/2023 13:00,35.962
11/02/2023 13:30,35.962
11/02/2023 13:30,67.657
11/02/2023 14:00,67.657
11/02/2023 14:00,35.962
11/02/2023 14:30,67.657
11/02/2023 14:30,35.962
11/02/2023 15:00,35.962
11/02/2023 15:00,67.657
11/02/2023 15:30,35.962
11/02/2023 15:30,67.657
11/02/2023 16:00,35.962
11/02/2023 16:00,67.657
11/02/2023 16:30,35.962
11/02/2023 16:30,67.657
11/02/2023 17:00,35.962
11/02/2023 17:00,67.657
11/02/2023 17:30,35.962
11/02/2023 17:30,67.657
11/02/2023 18:00,35.962
11/02/2023 18:00,67.657
11/02/2023 18:30,35.962
11/02/2023 18:30,67.657
11/02/2023 19:00,67.657
11/02/2023 19:00,35.962
11/02/2023 19:30,35.962
11/02/2023 19:30,67.657
11/02/2023 20:00,67.657
11/02/2023 20:00,35.962
11/02/2023 20:30,67.657
11/02/2023 20:30,35.962
11/02/2023 21:00,67.657
11/02/2023 21:00,35.962
11/02/2023 21:30,35.962
11/02/2023 21:30,67.657
11/02/2023 22:00,67.657
11/02/2023 22:00,35.962
11/02/2023 22:30,67.657
11/02/2023 22:30,35.962
11/02/2023 23:00,35.962
11/02/2023 23:00,67.657
11/02/2023 23:30,67.657
11/02/2023 23:30,35.962
11/03/2023 00:00,18.469
11/03/2023 00:30,18.469
11/03/2023 01:00,18.469
11/03/2023 01:30,18.469
11/03/2023 02:00,18.469
11/03/2023 02:30,18.469
11/03/2023 03:00,18.469
11/03/2023 03:30,18.469
11/03/2023 04:00,18.469
11/03/2023 04:30,18.469
11/03/2023 05:00,18.469
11/03/2023 05:30,18.469
11/03/2023 06:00,18.469
11/03/2023 06:30,18.469
11/03/2023 07:00,18.469
11/03/2023 07:30,18.469
11/03/2023 08:00,18.469
11/03/2023 08:30,18.469
11/03/2023 09:00,18.469
11/03/2023 09:30,18.469
11/03/2023 10:00,18.469
11/03/2023 10:30,18.469
11/03/2023 11:00,18.469
11/03/2023 11:30,18.469
11/03/2023 12:00,18.469
11/03/2023 12:30,18.469
11/03/2023 13:00,18.469
11/03/2023 13:30,18.469
11/03/2023 14:00,18.469
11/03/2023 14:30,18.469
11/03/2023 15:00,18.469
11/03/2023 15:30,18.469
11/03/2023 16:00,18.469
11/03/2023 16:30,18.469
11/03/2023 17:00,18.469
11/03/2023 17:30,18.469
11/03/2023 18:00,18.469
11/03/2023 18:30,18.469
11/03/2023 19:00,18.469
11/03/2023 19:30,18.469
11/03/2023 20:00,18.469
11/03/2023 20:30,18.469
11/03/2023 21:00,18.469
11/03/2023 21:30,18.469
11/03/2023 22:00,18.469
11/03/2023 22:30,18.469
11/03/2023 23:00,18.469
11/03/2023 23:30,18.469
11/04/2023 00:00,10.986
11/04/2023 00:30,10.986
11/04/2023 01:00,10.986
11/04/2023 01:30,10.986
11/04/2023 02:00,10.986
11/04/2023 02:30,10.986
11/04/2023 03:00,10.986
11/04/2023 03:30,10.986
11/04/2023 04:00,10.986
11/04/2023 04:30,10.986
11/04/2023 05:00,10.986
11/04/2023 05:30,10.986
11/04/2023 06:00,10.986
11/04/2023 06:30,10.986
11/04/2023 07:00,10.986
11/04/2023 07:30,10.986
11/04/2023 08:00,10.986
11/04/2023 08:30,10.986
11/04/2023 09:00,10.986
11/04/2023 09:30,10.986
11/04/2023 10:00,10.986
11/04/2023 10:30,10.986
11/04/2023 11:00,10.986
11/04/2023 11:30,10.986
11/04/2023 12:00,10.986
11/04/2023 12:30,10.986
11/04/2023 13:00,10.986
11/04/2023 13:30,10.986
11/04/2023 14:00,10.986
11/04/2023 14:30,10.986
11/04/2023 15:00,10.986
11/04/2023 15:30,10.986
11/04/2023 16:00,10.986
11/04/2023 16:30,10.986
11/04/2023 17:00,10.986
11/04/2023 17:30,10.986
11/04/2023 18:00,10.986
11/04/2023 18:30,10.986
11/04/2023 19:00,10.986
11/04/2023 19:30,10.986
11/04/2023 20:00,10.986
11/04/2023 20:30,10.986
11/04/2023 21:00,10.986
11/04/2023 21:30,10.986
11/04/2023 22:00,10.986
11/04/2023 22:30,10.986
11/04/2023 23:00,10.986
11/04/2023 23:30,10.986
11/05/2023 00:00,35.973
11/05/2023 00:30,35.973
11/05/2023 01:00,35.973
11/05/2023 01:30,35.973
11/05/2023 02:00,35.973
11/05/2023 02:30,35.973
11/05/2023 03:00,35.973
11/05/2023 03:30,35.973
11/05/2023 04:00,35.973
11/05/2023 04:30,35.973
11/05/2023 05:00,35.973
11/05/2023 05:30,35.973
11/05/2023 06:00,35.973
11/05/2023 06:30,35.973
11/05/2023 07:00,35.973
11/05/2023 07:30,35.973
11/05/2023 08:00,35.973
11/05/2023 08:30,35.973
11/05/2023 09:00,35.973
11/05/2023 09:30,35.973
11/05/2023 10:00,35.973
11/05/2023 10:30,35.973
11/05/2023 11:00,35.973
11/05/2023 11:30,35.973
11/05/2023 12:00,35.973
11/05/2023 12:30,35.973
11/05/2023 13:00,35.973
11/05/2023 13:30,35.973
11/05/2023 14:00,35.973
11/05/2023 14:30,35.973
11/05/2023 15:00,35.973
11/05/2023 15:30,35.973
11/05/2023 16:00,35.973
11/05/2023 16:30,35.973
11/05/2023 17:00,35.973
11/05/2023 17:30,35.973
11/05/2023 18:00,35.973
11/05/2023 18:30,35.973
11/05/2023 19:00,35.973
11/05/2023 19:30,35.973
11/05/2023 20:00,35.973
11/05/2023 20:30,35.973
11/05/2023 21:00,35.973
11/05/2023 21:30,35.973
11/05/2023 22:00,35.973
11/05/2023 22:30,35.973
11/05/2023 23:00,35.973
11/05/2023 23:30,35.973
11/06/2023 00:00,12.483
11/06/2023 00:30,12.483
11/06/2023 01:00,12.483
11/06/2023 01:30,12.483
11/06/2023 02:00,12.483
11/06/2023 02:30,12.483
11/06/2023 03:00,12.483
11/06/2023 03:30,12.483
11/06/2023 04:00,12.483
11/06/2023 04:30,12.483
11/06/2023 05:00,12.483
11/06/2023 05:30,12.483
11/06/2023 06:00,12.483
11/06/2023 06:30,12.483
11/06/2023 07:00,12.483
11/06/2023 07:30,12.483
11/06/2023 08:00,12.483
11/06/2023 08:30,12.483
11/06/2023 09:00,12.483
11/06/2023 09:30,12.483
11/06/2023 10:00,12.483
11/06/2023 10:30,12.483
11/06/2023 11:00,12.483
11/06/2023 11:30,12.483
11/06/2023 12:00,12.483
11/06/2023 12:30,12.483
11/06/2023 13:00,12.483
11/06/2023 13:30,12.483
11/06/2023 14:00,12.483
11/06/2023 14:30,12.483
11/06/2023 15:00,12.483
11/06/2023 15:30,12.483
11/06/2023 16:00,12.483
11/06/2023 16:30,12.483
11/06/2023 17:00,12.483
11/06/2023 17:30,12.483
11/06/2023 18:00,12.483
11/06/2023 18:30,12.483
11/06/2023 19:00,12.483
11/06/2023 19:30,12.483
11/06/2023 20:00,12.483
11/06/2023 20:30,12.483
11/06/2023 21:00,12.483
11/06/2023 21:30,12.483
11/06/2023 22:00,12.483
11/06/2023 22:30,12.483
11/06/2023 23:00,12.483
11/06/2023 23:30,12.483
11/07/2023 00:00,9.49
11/07/2023 00:30,9.49
11/07/2023 01:00,9.49
11/07/2023 01:30,9.49
11/07/2023 02:00,9.49
11/07/2023 02:30,9.49
11/07/2023 03:00,9.49
11/07/2023 03:30,9.49
11/07/2023 04:00,9.49
11/07/2023 04:30,9.49
11/07/2023 05:00,9.49
11/07/2023 05:30,9.49
11/07/2023 06:00,9.49
11/07/2023 06:30,9.49
11/07/2023 07:00,9.49
11/07/2023 07:30,9.49
11/07/2023 08:00,9.49
11/07/2023 08:30,9.49
11/07/2023 09:00,9.49
11/07/2023 09:30,9.49
11/07/2023 10:00,9.49
11/07/2023 10:30,9.49
11/07/2023 11:00,9.49
11/07/2023 11:30,9.49
11/07/2023 12:00,9.49
11/07/2023 12:30,9.49
11/07/2023 13:00,9.49
11/07/2023 13:30,9.49
11/07/2023 14:00,9.49
11/07/2023 14:30,9.49
11/07/2023 15:00,9.49
11/07/2023 15:30,9.49
11/07/2023 16:00,9.49
11/07/2023 16:30,9.49
11/07/2023 17:00,9.49
11/07/2023 17:30,9.49
11/07/2023 18:00,9.49
11/07/2023 18:30,9.49
11/07/2023 19:00,9.49
11/07/2023 19:30,9.49
11/07/2023 20:00,9.49
11/07/2023 20:30,9.49
11/07/2023 21:00,9.49
11/07/2023 21:30,9.49
11/07/2023 22:00,9.49
11/07/2023 22:30,9.49
11/07/2023 23:00,9.49
11/07/2023 23:30,9.49
11/08/2023 00:00,7.993
11/08/2023 00:30,7.993
11/08/2023 01:00,7.993
11/08/2023 01:30,7.993
11/08/2023 02:00,7.993
11/08/2023 02:30,7.993
11/08/2023 03:00,7.993
11/08/2023 03:30,7.993
11/08/2023 04:00,7.993
11/08/2023 04:30,7.993
11/08/2023 05:00,7.993
11/08/2023 05:30,7.993
11/08/2023 06:00,7.993
11/08/2023 06:30,7.993
11/08/2023 07:00,7.993
11/08/2023 07:30,7.993
11/08/2023 08:00,7.993
11/08/2023 08:30,7.993
11/08/2023 09:00,7.993
11/08/2023 09:30,7.993
11/08/2023 10:00,7.993
11/08/2023 10:30,7.993
11/08/2023 11:00,7.993
11/08/2023 11:30,7.993
11/08/2023 12:00,7.993
11/08/2023 12:30,7.993
11/08/2023 13:00,7.993
11/08/2023 13:30,7.993
11/08/2023 14:00,7.993
11/08/2023 14:30,7.993
11/08/2023 15:00,7.993
11/08/2023 15:30,7.993
11/08/2023 16:00,7.993
11/08/2023 16:30,7.993
11/08/2023 17:00,7.993
11/08/2023 17:30,7.993
11/08/2023 18:00,7.993
11/08/2023 18:30,7.993
11/08/2023 19:00,7.993
11/08/2023 19:30,7.993
11/08/2023 20:00,7.993
11/08/2023 20:30,7.993
11/08/2023 21:00,7.993
11/08/2023 21:30,7.993
11/08/2023 22:00,7.993
11/08/2023 22:30,7.993
11/08/2023 23:00,7.993
11/08/2023 23:30,7.993
11/09/2023 00:00,9.49
11/09/2023 00:30,9.49
11/09/2023 01:00,9.49
11/09/2023 01:30,9.49
11/09/2023 02:00,9.49
11/09/2023 02:30,9.49
11/09/2023 03:00,9.49
11/09/2023 03:30,9.49
11/09/2023 04:00,9.49
11/09/2023 04:30,9.49
11/09/2023 05:00,9.49
11/09/2023 05:30,9.49
11/09/2023 06:00,9.49
11/09/2023 06:30,9.49
11/09/2023 07:00,9.49
11/09/2023 07:30,9.49
11/09/2023 08:00,9.49
11/09/2023 08:30,9.49
11/09/2023 09:00,9.49
11/09/2023 09:30,9.49
11/09/2023 10:00,9.49
11/09/2023 10:30,9.49
11/09/2023 11:00,9.49
11/09/2023 11:30,9.49
11/09/2023 12:00,9.49
11/09/2023 12:30,9.49
11/09/2023 13:00,9.49
11/09/2023 13:30,9.49
11/09/2023 14:00,9.49
11/09/2023 14:30,9.49
11/09/2023 15:00,9.49
11/09/2023 15:30,9.49
11/09/2023 16:00,9.49
11/09/2023 16:30,9.49
11/09/2023 17:00,9.49
11/09/2023 17:30,9.49
11/09/2023 18:00,9.49
11/09/2023 18:30,9.49
11/09/2023 19:00,9.49
11/09/2023 19:30,9.49
11/09/2023 20:00,9.49
11/09/2023 20:30,9.49
11/09/2023 21:00,9.49
11/09/2023 21:30,9.49
11/09/2023 22:00,9.49
11/09/2023 22:30,9.49
11/09/2023 23:00,9.49
11/09/2023 23:30,9.49
11/10/2023 00:00,7.993
11/10/2023 00:30,7.993
11/10/2023 01:00,7.993
11/10/2023 01:30,7.993
11/10/2023 02:00,7.993
11/10/2023 02:30,7.993
11/10/2023 03:00,7.993
11/10/2023 03:30,7.993
11/10/2023 04:00,7.993
11/10/2023 04:30,7.993
11/10/2023 05:00,7.993
11/10/2023 05:30,7.993
11/10/2023 06:00,7.993
11/10/2023 06:30,7.993
11/10/2023 07:00,7.993
11/10/2023 07:30,7.993
11/10/2023 08:00,7.993
11/10/2023 08:30,7.993
11/10/2023 09:00,7.993
11/10/2023 09:30,7.993
11/10/2023 10:00,7.993
11/10/2023 10:30,7.993
11/10/2023 11:00,7.993
11/10/2023 11:30,7.993
11/10/2023 12:00,7.993
11/10/2023 12:30,7.993
11/10/2023 13:00,7.993
11/10/2023 13:30,7.993
11/10/2023 14:00,7.993
11/10/2023 14:30,7.993
11/10/2023 15:00,7.993
11/10/2023 15:30,7.993
11/10/2023 16:00,7.993
11/10/2023 16:30,7.993
11/10/2023 17:00,7.993
11/10/2023 17:30,7.993
11/10/2023 18:00,7.993
11/10/2023 18:30,7.993
11/10/2023 19:00,7.993
11/10/2023 19:30,7.993
11/10/2023 20:00,7.993
11/10/2023 20:30,7.993
11/10/2023 21:00,7.993
11/10/2023 21:30,7.993
11/10/2023 22:00,7.993
11/10/2023 22:30,7.993
11/10/2023 23:00,7.993
11/10/2023 23:30,7.993
11/11/2023 00:00,6.497
11/11/2023 00:30,6.497
11/11/2023 01:00,6.497
11/11/2023 01:30,6.497
11/11/2023 02:00,6.497
11/11/2023 02:30,6.497
11/11/2023 03:00,6.497
11/11/2023 03:30,6.497
11/11/2023 04:00,6.497
11/11/2023 04:30,6.497
11/11/2023 05:00,6.497
11/11/2023 05:30,6.497
11/11/2023 06:00,6.497
11/11/2023 06:30,6.497
11/11/2023 07:00,6.497
11/11/2023 07:30,6.497
11/11/2023 08:00,6.497
11/11/2023 08:30,6.497
11/11/2023 09:00,6.497
11/11/2023 09:30,6.497
11/11/2023 10:00,6.497
11/11/2023 10:30,6.497
11/11/2023 11:00,6.497
11/11/2023 11:30,6.497
11/11/2023 12:00,6.497
11/11/2023 12:30,6.497
11/11/2023 13:00,6.497
11/11/2023 13:30,6.497
11/11/2023 14:00,6.497
11/11/2023 14:30,6.497
11/11/2023 15:00,6.497
11/11/2023 15:30,6.497
11/11/2023 16:00,6.497
11/11/2023 16:30,6.497
11/11/2023 17:00,6.497
11/11/2023 17:30,6.497
11/11/2023 18:00,6.497
11/11/2023 18:30,6.497
11/11/2023 19:00,6.497
11/11/2023 19:30,6.497
11/11/2023 20:00,6.497
11/11/2023 20:30,6.497
11/11/2023 21:00,6.497
11/11/2023 21:30,6.497
11/11/2023 22:00,6.497
11/11/2023 22:30,6.497
11/11/2023 23:00,6.497
11/11/2023 23:30,6.497
11/12/2023 00:00,6.497
11/12/2023 00:30,6.497
11/12/2023 01:00,6.497
11/12/2023 01:30,6.497
11/12/2023 02:00,6.497
11/12/2023 02:30,6.497
11/12/2023 03:00,6.497
11/12/2023 03:30,6.497
11/12/2023 04:00,6.497
11/12/2023 04:30,6.497
11/12/2023 05:00,6.497
11/12/2023 05:30,6.497
11/12/2023 06:00,6.497
11/12/2023 06:30,6.497
11/12/2023 07:00,6.497
11/12/2023 07:30,6.497
11/12/2023 08:00,6.497
11/12/2023 08:30,6.497
11/12/2023 09:00,6.497
11/12/2023 09:30,6.497
11/12/2023 10:00,6.497
11/12/2023 10:30,6.497
11/12/2023 11:00,6.497
11/12/2023 11:30,6.497
11/12/2023 12:00,6.497
11/12/2023 12:30,6.497
11/12/2023 13:00,6.497
11/12/2023 13:30,6.497
11/12/2023 14:00,6.497
11/12/2023 14:30,6.497
11/12/2023 15:00,6.497
11/12/2023 15:30,6.497
11/12/2023 16:00,6.497
11/12/2023 16:30,6.497
11/12/2023 17:00,6.497
11/12/2023 17:30,6.497
11/12/2023 18:00,6.497
11/12/2023 18:30,6.497
11/12/2023 19:00,6.497
11/12/2023 19:30,6.497
11/12/2023 20:00,6.497
11/12/2023 20:30,6.497
11/12/2023 21:00,6.497
11/12/2023 21:30,6.497
11/12/2023 22:00,6.497
11/12/2023 22:30,6.497
11/12/2023 23:00,6.497
11/12/2023 23:30,6.497
11/13/2023 00:00,15.476
11/13/2023 00:30,15.476
11/13/2023 01:00,15.476
11/13/2023 01:30,15.476
11/13/2023 02:00,15.476
11/13/2023 02:30,15.476
11/13/2023 03:00,15.476
11/13/2023 03:30,15.476
11/13/2023 04:00,15.476
11/13/2023 04:30,15.476
11/13/2023 05:00,15.476
11/13/2023 05:30,15.476
11/13/2023 06:00,15.476
11/13/2023 06:30,15.476
11/13/2023 07:00,15.476
11/13/2023 07:30,15.476
11/13/2023 08:00,15.476
11/13/2023 08:30,15.476
11/13/2023 09:00,15.476
11/13/2023 09:30,15.476
11/13/2023 10:00,15.476
11/13/2023 10:30,15.476
11/13/2023 11:00,15.476
11/13/2023 11:30,15.476
11/13/2023 12:00,15.476
11/13/2023 12:30,15.476
11/13/2023 13:00,15.476
11/13/2023 13:30,15.476
11/13/2023 14:00,15.476
11/13/2023 14:30,15.476
11/13/2023 15:00,15.476
11/13/2023 15:30,15.476
11/13/2023 16:00,15.476
11/13/2023 16:30,15.476
11/13/2023 17:00,15.476
11/13/2023 17:30,15.476
11/13/2023 18:00,15.476
11/13/2023 18:30,15.476
11/13/2023 19:00,15.476
11/13/2023 19:30,15.476
11/13/2023 20:00,15.476
11/13/2023 20:30,15.476
11/13/2023 21:00,15.476
11/13/2023 21:30,15.476
11/13/2023 22:00,15.476
11/13/2023 22:30,15.476
11/13/2023 23:00,15.476
11/13/2023 23:30,15.476
11/14/2023 00:00,10.986
11/14/2023 00:30,10.986
11/14/2023 01:00,10.986
11/14/2023 01:30,10.986
11/14/2023 02:00,10.986
11/14/2023 02:30,10.986
11/14/2023 03:00,10.986
11/14/2023 03:30,10.986
11/14/2023 04:00,10.986
11/14/2023 04:30,10.986
11/14/2023 05:00,10.986
11/14/2023 05:30,10.986
11/14/2023 06:00,10.986
11/14/2023 06:30,10.986
11/14/2023 07:00,10.986
11/14/2023 07:30,10.986
11/14/2023 08:00,10.986
11/14/2023 08:30,10.986
11/14/2023 09:00,10.986
11/14/2023 09:30,10.986
11/14/2023 10:00,10.986
11/14/2023 10:30,10.986
11/14/2023 11:00,10.986
11/14/2023 11:30,10.986
11/14/2023 12:00,10.986
11/14/2023 12:30,10.986
11/14/2023 13:00,10.986
11/14/2023 13:30,10.986
11/14/2023 14:00,10.986
11/14/2023 14:30,10.986
11/14/2023 15:00,10.986
11/14/2023 15:30,10.986
11/14/2023 16:00,10.986
11/14/2023 16:30,10.986
11/14/2023 17:00,10.986
11/14/2023 17:30,10.986
11/14/2023 18:00,10.986
11/14/2023 18:30,10.986
11/14/2023 19:00,10.986
11/14/2023 19:30,10.986
11/14/2023 20:00,10.986
11/14/2023 20:30,10.986
11/14/2023 21:00,10.986
11/14/2023 21:30,10.986
11/14/2023 22:00,10.986
11/14/2023 22:30,10.986
11/14/2023 23:00,10.986
11/14/2023 23:30,10.986
11/15/2023 00:00,6.497
11/15/2023 00:00,7.993
11/15/2023 00:30,7.993
11/15/2023 00:30,6.497
11/15/2023 01:00,7.993
11/15/2023 01:00,6.497
11/15/2023 01:30,7.993
11/15/2023 01:30,6.497
11/15/2023 02:00,7.993
11/15/2023 02:00,6.497
11/15/2023 02:30,6.497
11/15/2023 02:30,7.993
11/15/2023 03:00,6.497
11/15/2023 03:00,7.993
11/15/2023 03:30,6.497
11/15/2023 03:30,7.993
11/15/2023 04:00,6.497
11/15/2023 04:00,7.993
11/15/2023 04:30,7.993
11/15/2023 04:30,6.497
11/15/2023 05:00,6.497
11/15/2023 05:00,7.993
11/15/2023 05:30,7.993
11/15/2023 05:30,6.497
11/15/2023 06:00,6.497
11/15/2023 06:00,7.993
11/15/2023 06:30,7.993
11/15/2023 06:30,6.497
11/15/2023 07:00,6.497
11/15/2023 07:00,7.993
11/15/2023 07:30,6.497
11/15/2023 07:30,7.993
11/15/2023 08:00,7.993
11/15/2023 08:00,6.497
11/15/2023 08:30,6.497
11/15/2023 08:30,7.993
11/15/2023 09:00,7.993
11/15/2023 09:00,6.497
11/15/2023 09:30,7.993
11/15/2023 09:30,6.497
11/15/2023 10:00,7.993
11/15/2023 10:00,6.497
11/15/2023 10:30,6.497
11/15/2023 10:30,7.993
11/15/2023 11:00,6.497
11/15/2023 11:00,7.993
11/15/2023 11:30,6.497
11/15/2023 11:30,7.993
11/15/2023 12:00,6.497
11/15/2023 12:00,7.993
11/15/2023 12:30,7.993
11/15/2023 12:30,6.497
11/15/2023 13:00,6.497
11/15/2023 13:00,7.993
11/15/2023 13:30,6.497
11/15/2023 13:30,7.993
11/15/2023 14:00,7.993
11/15/2023 14:00,6.497
11/15/2023 14:30,7.993
11/15/2023 14:30,6.497
11/15/2023 15:00,7.993
11/15/2023 15:00,6.497
11/15/2023 15:30,7.993
11/15/2023 15:30,6.497
11/15/2023 16:00,6.497
11/15/2023 16:00,7.993
11/15/2023 16:30,7.993
11/15/2023 16:30,6.497
11/15/2023 17:00,7.993
11/15/2023 17:00,6.497
11/15/2023 17:30,6.497
11/15/2023 17:30,7.993
11/15/2023 18:00,7.993
11/15/2023 18:00,6.497
11/15/2023 18:30,7.993
11/15/2023 18:30,6.497
11/15/2023 19:00,7.993
11/15/2023 19:00,6.497
11/15/2023 19:30,6.497
11/15/2023 19:30,7.993
11/15/2023 20:00,7.993
11/15/2023 20:00,6.497
11/15/2023 20:30,7.993
11/15/2023 20:30,6.497
11/15/2023 21:00,7.993
11/15/2023 21:00,6.497
11/15/2023 21:30,7.993
11/15/2023 21:30,6.497
11/15/2023 22:00,6.497
11/15/2023 22:00,7.993
11/15/2023 22:30,7.993
11/15/2023 22:30,6.497
11/15/2023 23:00,7.993
11/15/2023 23:00,6.497
11/15/2023 23:30,6.497
11/15/2023 23:30,7.993
11/16/2023 00:00,6.497
11/16/2023 00:30,6.497
11/16/2023 01:00,6.497
11/16/2023 01:30,6.497
11/16/2023 02:00,6.497
11/16/2023 02:30,6.497
11/16/2023 03:00,6.497
11/16/2023 03:30,6.497
11/16/2023 04:00,6.497
11/16/2023 04:30,6.497
11/16/2023 05:00,6.497
11/16/2023 05:30,6.497
11/16/2023 06:00,6.497
11/16/2023 06:30,6.497
11/16/2023 07:00,6.497
11/16/2023 07:30,6.497
11/16/2023 08:00,6.497
11/16/2023 08:30,6.497
11/16/2023 09:00,6.497
11/16/2023 09:30,6.497
11/16/2023 10:00,6.497
11/16/2023 10:30,6.497
11/16/2023 11:00,6.497
11/16/2023 11:30,6.497
11/16/2023 12:00,6.497
11/16/2023 12:30,6.497
11/16/2023 13:00,6.497
11/16/2023 13:30,6.497
11/16/2023 14:00,6.497
11/16/2023 14:30,6.497
11/16/2023 15:00,6.497
11/16/2023 15:30,6.497
11/16/2023 16:00,6.497
11/16/2023 16:30,6.497
11/16/2023 17:00,6.497
11/16/2023 17:30,6.497
11/16/2023 18:00,6.497
11/16/2023 18:30,6.497
11/16/2023 19:00,6.497
11/16/2023 19:30,6.497
11/16/2023 20:00,6.497
11/16/2023 20:30,6.497
11/16/2023 21:00,6.497
11/16/2023 21:30,6.497
11/16/2023 22:00,6.497
11/16/2023 22:30,6.497
11/16/2023 23:00,6.497
11/16/2023 23:30,6.497
11/17/2023 00:00,76.165
11/17/2023 00:00,135.329
11/17/2023 00:00,57.149
11/17/2023 00:00,97.866
11/17/2023 00:00,197.814
11/17/2023 00:30,76.165
11/17/2023 00:30,97.866
11/17/2023 00:30,197.814
11/17/2023 00:30,135.329
11/17/2023 00:30,57.149
11/17/2023 01:00,97.866
11/17/2023 01:00,135.329
11/17/2023 01:00,76.165
11/17/2023 01:00,197.814
11/17/2023 01:00,57.149
11/17/2023 01:30,97.866
11/17/2023 01:30,197.814
11/17/2023 01:30,76.165
11/17/2023 01:30,57.149
11/17/2023 01:30,135.329
11/17/2023 02:00,76.165
11/17/2023 02:00,57.149
11/17/2023 02:00,197.814
11/17/2023 02:00,97.866
11/17/2023 02:00,135.329
11/17/2023 02:30,76.165
11/17/2023 02:30,97.866
11/17/2023 02:30,57.149
11/17/2023 02:30,197.814
11/17/2023 02:30,135.329
11/17/2023 03:00,135.329
11/17/2023 03:00,97.866
11/17/2023 03:00,76.165
11/17/2023 03:00,197.814
11/17/2023 03:00,57.149
11/17/2023 03:30,57.149
11/17/2023 03:30,135.329
11/17/2023 03:30,97.866
11/17/2023 03:30,76.165
11/17/2023 03:30,197.814
11/17/2023 04:00,135.329
11/17/2023 04:00,97.866
11/17/2023 04:00,76.165
11/17/2023 04:00,197.814
11/17/2023 04:00,57.149
11/17/2023 04:30,135.329
11/17/2023 04:30,97.866
11/17/2023 04:30,197.814
11/17/2023 04:30,57.149
11/17/2023 04:30,76.165
11/17/2023 05:00,97.866
11/17/2023 05:00,135.329
11/17/2023 05:00,76.165
11/17/2023 05:00,197.814
11/17/2023 05:00,57.149
11/17/2023 05:30,97.866
11/17/2023 05:30,197.814
11/17/2023 05:30,135.329
11/17/2023 05:30,57.149
11/17/2023 05:30,76.165
11/17/2023 06:00,135.329
11/17/2023 06:00,57.149
11/17/2023 06:00,76.165
11/17/2023 06:00,197.814
11/17/2023 06:00,97.866
11/17/2023 06:30,197.814
11/17/2023 06:30,97.866
11/17/2023 06:30,57.149
11/17/2023 06:30,76.165
11/17/2023 06:30,135.329
11/17/2023 07:00,57.149
11/17/2023 07:00,76.165
11/17/2023 07:00,135.329
11/17/2023 07:00,197.814
11/17/2023 07:00,97.866
11/17/2023 07:30,76.165
11/17/2023 07:30,197.814
11/17/2023 07:30,97.866
11/17/2023 07:30,135.329
11/17/2023 07:30,57.149
11/17/2023 08:00,97.866
11/17/2023 08:00,135.329
11/17/2023 08:00,76.165
11/17/2023 08:00,197.814
11/17/2023 08:00,57.149
11/17/2023 08:30,97.866
11/17/2023 08:30,76.165
11/17/2023 08:30,57.149
11/17/2023 08:30,135.329
11/17/2023 08:30,197.814
11/17/2023 09:00,135.329
11/17/2023 09:00,76.165
11/17/2023 09:00,97.866
11/17/2023 09:00,197.814
11/17/2023 09:00,57.149
11/17/2023 09:30,76.165
11/17/2023 09:30,97.866
11/17/2023 09:30,57.149
11/17/2023 09:30,135.329
11/17/2023 09:30,197.814
11/17/2023 10:00,97.866
11/17/2023 10:00,57.149
11/17/2023 10:00,135.329
11/17/2023 10:00,76.165
11/17/2023 10:00,197.814
11/17/2023 10:30,76.165
11/17/2023 10:30,197.814
11/17/2023 10:30,97.866
11/17/2023 10:30,57.149
11/17/2023 10:30,135.329
11/17/2023 11:00,97.866
11/17/2023 11:00,76.165
11/17/2023 11:00,135.329
11/17/2023 11:00,57.149
11/17/2023 11:00,197.814
11/17/2023 11:30,76.165
11/17/2023 11:30,197.814
11/17/2023 11:30,97.866
11/17/2023 11:30,135.329
11/17/2023 11:30,57.149
11/17/2023 12:00,76.165
11/17/2023 12:00,197.814
11/17/2023 12:00,57.149
11/17/2023 12:00,135.329
11/17/2023 12:00,97.866
11/17/2023 12:30,135.329
11/17/2023 12:30,76.165
11/17/2023 12:30,97.866
11/17/2023 12:30,197.814
11/17/2023 12:30,57.149
11/17/2023 13:00,197.814
11/17/2023 13:00,97.866
11/17/2023 13:00,57.149
11/17/2023 13:00,76.165
11/17/2023 13:00,135.329
11/17/2023 13:30,97.866
11/17/2023 13:30,76.165
11/17/2023 13:30,197.814
11/17/2023 13:30,57.149
11/17/2023 13:30,135.329
11/17/2023 14:00,197.814
11/17/2023 14:00,135.329
11/17/2023 14:00,57.149
11/17/2023 14:00,76.165
11/17/2023 14:00,97.866
11/17/2023 14:30,76.165
11/17/2023 14:30,135.329
11/17/2023 14:30,197.814
11/17/2023 14:30,97.866
11/17/2023 14:30,57.149
11/17/2023 15:00,197.814
11/17/2023 15:00,57.149
11/17/2023 15:00,97.866
11/17/2023 15:00,135.329
11/17/2023 15:00,76.165
11/17/2023 15:30,57.149
11/17/2023 15:30,97.866
11/17/2023 15:30,76.165
11/17/2023 15:30,135.329
11/17/2023 15:30,197.814
11/17/2023 16:00,197.814
11/17/2023 16:00,76.165
11/17/2023 16:00,57.149
11/17/2023 16:00,135.329
11/17/2023 16:00,97.866
11/17/2023 16:30,76.165
11/17/2023 16:30,197.814
11/17/2023 16:30,57.149
11/17/2023 16:30,97.866
11/17/2023 16:30,135.329
11/17/2023 17:00,76.165
11/17/2023 17:00,57.149
11/17/2023 17:00,197.814
11/17/2023 17:00,97.866
11/17/2023 17:00,135.329
11/17/2023 17:30,57.149
11/17/2023 17:30,76.165
11/17/2023 17:30,197.814
11/17/2023 17:30,97.866
11/17/2023 17:30,135.329
11/17/2023 18:00,97.866
11/17/2023 18:00,76.165
11/17/2023 18:00,135.329
11/17/2023 18:00,57.149
11/17/2023 18:00,197.814
11/17/2023 18:30,76.165
11/17/2023 18:30,135.329
11/17/2023 18:30,97.866
11/17/2023 18:30,197.814
11/17/2023 18:30,57.149
11/17/2023 19:00,57.149
11/17/2023 19:00,135.329
11/17/2023 19:00,97.866
11/17/2023 19:00,76.165
11/17/2023 19:00,197.814
11/17/2023 19:30,57.149
11/17/2023 19:30,97.866
11/17/2023 19:30,135.329
11/17/2023 19:30,76.165
11/17/2023 19:30,197.814
11/17/2023 20:00,97.866
11/17/2023 20:00,57.149
11/17/2023 20:00,135.329
11/17/2023 20:00,76.165
11/17/2023 20:00,197.814
11/17/2023 20:30,197.814
11/17/2023 20:30,135.329
11/17/2023 20:30,97.866
11/17/2023 20:30,57.149
11/17/2023 20:30,76.165
11/17/2023 21:00,135.329
11/17/2023 21:00,76.165
11/17/2023 21:00,97.866
11/17/2023 21:00,57.149
11/17/2023 21:00,197.814
11/17/2023 21:30,97.866
11/17/2023 21:30,57.149
11/17/2023 21:30,76.165
11/17/2023 21:30,197.814
11/17/2023 21:30,135.329
11/17/2023 22:00,97.866
11/17/2023 22:00,197.814
11/17/2023 22:00,76.165
11/17/2023 22:00,57.149
11/17/2023 22:00,135.329
11/17/2023 22:30,97.866
11/17/2023 22:30,57.149
11/17/2023 22:30,197.814
11/17/2023 22:30,135.329
11/17/2023 22:30,76.165
11/17/2023 23:00,57.149
11/17/2023 23:00,76.165
11/17/2023 23:00,197.814
11/17/2023 23:00,97.866
11/17/2023 23:00,135.329
11/17/2023 23:30,76.165
11/17/2023 23:30,197.814
11/17/2023 23:30,97.866
11/17/2023 23:30,135.329
11/17/2023 23:30,57.149
11/18/2023 00:00,43.96
11/18/2023 00:00,50.134
11/18/2023 00:00,41.294
11/18/2023 00:00,60.657
11/18/2023 00:00,64.165
11/18/2023 00:30,60.657
11/18/2023 00:30,41.294
11/18/2023 00:30,64.165
11/18/2023 00:30,50.134
11/18/2023 00:30,43.96
11/18/2023 01:00,41.294
11/18/2023 01:00,43.96
11/18/2023 01:00,60.657
11/18/2023 01:00,50.134
11/18/2023 01:00,64.165
11/18/2023 01:30,50.134
11/18/2023 01:30,43.96
11/18/2023 01:30,41.294
11/18/2023 01:30,64.165
11/18/2023 01:30,60.657
11/18/2023 02:00,50.134
11/18/2023 02:00,43.96
11/18/2023 02:00,60.657
11/18/2023 02:00,41.294
11/18/2023 02:00,64.165
11/18/2023 02:30,64.165
11/18/2023 02:30,43.96
11/18/2023 02:30,41.294
11/18/2023 02:30,60.657
11/18/2023 02:30,50.134
11/18/2023 03:00,43.96
11/18/2023 03:00,41.294
11/18/2023 03:00,60.657
11/18/2023 03:00,64.165
11/18/2023 03:00,50.134
11/18/2023 03:30,60.657
11/18/2023 03:30,43.96
11/18/2023 03:30,41.294
11/18/2023 03:30,50.134
11/18/2023 03:30,64.165
11/18/2023 04:00,60.657
11/18/2023 04:00,43.96
11/18/2023 04:00,50.134
11/18/2023 04:00,41.294
11/18/2023 04:00,64.165
11/18/2023 04:30,60.657
11/18/2023 04:30,64.165
11/18/2023 04:30,43.96
11/18/2023 04:30,50.134
11/18/2023 04:30,41.294
11/18/2023 05:00,60.657
11/18/2023 05:00,41.294
11/18/2023 05:00,50.134
11/18/2023 05:00,43.96
11/18/2023 05:00,64.165
11/18/2023 05:30,43.96
11/18/2023 05:30,41.294
11/18/2023 05:30,64.165
11/18/2023 05:30,60.657
11/18/2023 05:30,50.134
11/18/2023 06:00,60.657
11/18/2023 06:00,41.294
11/18/2023 06:00,64.165
11/18/2023 06:00,43.96
11/18/2023 06:00,50.134
11/18/2023 06:30,50.134
11/18/2023 06:30,41.294
11/18/2023 06:30,64.165
11/18/2023 06:30,43.96
11/18/2023 06:30,60.657
11/18/2023 07:00,41.294
11/18/2023 07:00,50.134
11/18/2023 07:00,43.96
11/18/2023 07:00,64.165
11/18/2023 07:00,60.657
11/18/2023 07:30,50.134
11/18/2023 07:30,43.96
11/18/2023 07:30,41.294
11/18/2023 07:30,64.165
11/18/2023 07:30,60.657
11/18/2023 08:00,50.134
11/18/2023 08:00,41.294
11/18/2023 08:00,64.165
11/18/2023 08:00,60.657
11/18/2023 08:00,43.96
11/18/2023 08:30,64.165
11/18/2023 08:30,60.657
11/18/2023 08:30,41.294
11/18/2023 08:30,50.134
11/18/2023 08:30,43.96
11/18/2023 09:00,60.657
11/18/2023 09:00,41.294
11/18/2023 09:00,64.165
11/18/2023 09:00,50.134
11/18/2023 09:00,43.96
11/18/2023 09:30,41.294
11/18/2023 09:30,43.96
11/18/2023 09:30,50.134
11/18/2023 09:30,64.165
11/18/2023 09:30,60.657
11/18/2023 10:00,43.96
11/18/2023 10:00,50.134
11/18/2023 10:00,64.165
11/18/2023 10:00,60.657
11/18/2023 10:00,41.294
11/18/2023 10:30,64.165
11/18/2023 10:30,60.657
11/18/2023 10:30,43.96
11/18/2023 10:30,50.134
11/18/2023 10:30,41.294
11/18/2023 11:00,50.134
11/18/2023 11:00,64.165
11/18/2023 11:00,43.96
11/18/2023 11:00,41.294
11/18/2023 11:00,60.657
11/18/2023 11:30,43.96
11/18/2023 11:30,50.134
11/18/2023 11:30,60.657
11/18/2023 11:30,64.165
11/18/2023 11:30,41.294
11/18/2023 12:00,43.96
11/18/2023 12:00,60.657
11/18/2023 12:00,50.134
11/18/2023 12:00,41.294
11/18/2023 12:00,64.165
11/18/2023 12:30,60.657
11/18/2023 12:30,41.294
11/18/2023 12:30,64.165
11/18/2023 12:30,43.96
11/18/2023 12:30,50.134
11/18/2023 13:00,60.657
11/18/2023 13:00,50.134
11/18/2023 13:00,64.165
11/18/2023 13:00,41.294
11/18/2023 13:00,43.96
11/18/2023 13:30,60.657
11/18/2023 13:30,41.294
11/18/2023 13:30,43.96
11/18/2023 13:30,50.134
11/18/2023 13:30,64.165
11/18/2023 14:00,60.657
11/18/2023 14:00,43.96
11/18/2023 14:00,64.165
11/18/2023 14:00,41.294
11/18/2023 14:00,50.134
11/18/2023 14:30,50.134
11/18/2023 14:30,64.165
11/18/2023 14:30,43.96
11/18/2023 14:30,41.294
11/18/2023 14:30,60.657
11/18/2023 15:00,43.96
11/18/2023 15:00,60.657
11/18/2023 15:00,41.294
11/18/2023 15:00,50.134
11/18/2023 15:00,64.165
11/18/2023 15:30,43.96
11/18/2023 15:30,64.165
11/18/2023 15:30,50.134
11/18/2023 15:30,41.294
11/18/2023 15:30,60.657
11/18/2023 16:00,60.657
11/18/2023 16:00,41.294
11/18/2023 16:00,43.96
11/18/2023 16:00,64.165
11/18/2023 16:00,50.134
11/18/2023 16:30,43.96
11/18/2023 16:30,64.165
11/18/2023 16:30,41.294
11/18/2023 16:30,60.657
11/18/2023 16:30,50.134
11/18/2023 17:00,41.294
11/18/2023 17:00,60.657
11/18/2023 17:00,43.96
11/18/2023 17:00,64.165
11/18/2023 17:00,50.134
11/18/2023 17:30,60.657
11/18/2023 17:30,64.165
11/18/2023 17:30,41.294
11/18/2023 17:30,50.134
11/18/2023 17:30,43.96
11/18/2023 18:00,50.134
11/18/2023 18:00,60.657
11/18/2023 18:00,43.96
11/18/2023 18:00,64.165
11/18/2023 18:00,41.294
11/18/2023 18:30,50.134
11/18/2023 18:30,60.657
11/18/2023 18:30,41.294
11/18/2023 18:30,43.96
11/18/2023 18:30,64.165
11/18/2023 19:00,41.294
11/18/2023 19:00,50.134
11/18/2023 19:00,60.657
11/18/2023 19:00,64.165
11/18/2023 19:00,43.96
11/18/2023 19:30,60.657
11/18/2023 19:30,64.165
11/18/2023 19:30,50.134
11/18/2023 19:30,41.294
11/18/2023 19:30,43.96
11/18/2023 20:00,43.96
11/18/2023 20:00,60.657
11/18/2023 20:00,64.165
11/18/2023 20:00,41.294
11/18/2023 20:00,50.134
11/18/2023 20:30,60.657
11/18/2023 20:30,43.96
11/18/2023 20:30,64.165
11/18/2023 20:30,41.294
11/18/2023 20:30,50.134
11/18/2023 21:00,50.134
11/18/2023 21:00,64.165
11/18/2023 21:00,43.96
11/18/2023 21:00,41.294
11/18/2023 21:00,60.657
11/18/2023 21:30,64.165
11/18/2023 21:30,60.657
11/18/2023 21:30,41.294
11/18/2023 21:30,43.96
11/18/2023 21:30,50.134
11/18/2023 22:00,60.657
11/18/2023 22:00,43.96
11/18/2023 22:00,50.134
11/18/2023 22:00,64.165
11/18/2023 22:00,41.294
11/18/2023 22:30,60.657
11/18/2023 22:30,41.294
11/18/2023 22:30,50.134
11/18/2023 22:30,43.96
11/18/2023 22:30,64.165
11/18/2023 23:00,41.294
11/18/2023 23:00,64.165
11/18/2023 23:00,43.96
11/18/2023 23:00,50.134
11/18/2023 23:00,60.657
11/18/2023 23:30,43.96
11/18/2023 23:30,64.165
11/18/2023 23:30,50.134
11/18/2023 23:30,60.657
11/18/2023 23:30,41.294
11/19/2023 00:00,18.469
11/19/2023 00:30,18.469
11/19/2023 01:00,18.469
11/19/2023 01:30,18.469
11/19/2023 02:00,18.469
11/19/2023 02:30,18.469
11/19/2023 03:00,18.469
11/19/2023 03:30,18.469
11/19/2023 04:00,18.469
11/19/2023 04:30,18.469
11/19/2023 05:00,18.469
11/19/2023 05:30,18.469
11/19/2023 06:00,18.469
11/19/2023 06:30,18.469
11/19/2023 07:00,18.469
11/19/2023 07:30,18.469
11/19/2023 08:00,18.469
11/19/2023 08:30,18.469
11/19/2023 09:00,18.469
11/19/2023 09:30,18.469
11/19/2023 10:00,18.469
11/19/2023 10:30,18.469
11/19/2023 11:00,18.469
11/19/2023 11:30,18.469
11/19/2023 12:00,18.469
11/19/2023 12:30,18.469
11/19/2023 13:00,18.469
11/19/2023 13:30,18.469
11/19/2023 14:00,18.469
11/19/2023 14:30,18.469
11/19/2023 15:00,18.469
11/19/2023 15:30,18.469
11/19/2023 16:00,18.469
11/19/2023 16:30,18.469
11/19/2023 17:00,18.469
11/19/2023 17:30,18.469
11/19/2023 18:00,18.469
11/19/2023 18:30,18.469
11/19/2023 19:00,18.469
11/19/2023 19:30,18.469
11/19/2023 20:00,18.469
11/19/2023 20:30,18.469
11/19/2023 21:00,18.469
11/19/2023 21:30,18.469
11/19/2023 22:00,18.469
11/19/2023 22:30,18.469
11/19/2023 23:00,18.469
11/19/2023 23:30,18.469
11/20/2023 00:00,10.986
11/20/2023 00:30,10.986
11/20/2023 01:00,10.986
11/20/2023 01:30,10.986
11/20/2023 02:00,10.986
11/20/2023 02:30,10.986
11/20/2023 03:00,10.986
11/20/2023 03:30,10.986
11/20/2023 04:00,10.986
11/20/2023 04:30,10.986
11/20/2023 05:00,10.986
11/20/2023 05:30,10.986
11/20/2023 06:00,10.986
11/20/2023 06:30,10.986
11/20/2023 07:00,10.986
11/20/2023 07:30,10.986
11/20/2023 08:00,10.986
11/20/2023 08:30,10.986
11/20/2023 09:00,10.986
11/20/2023 09:30,10.986
11/20/2023 10:00,10.986
11/20/2023 10:30,10.986
11/20/2023 11:00,10.986
11/20/2023 11:30,10.986
11/20/2023 12:00,10.986
11/20/2023 12:30,10.986
11/20/2023 13:00,10.986
11/20/2023 13:30,10.986
11/20/2023 14:00,10.986
11/20/2023 14:30,10.986
11/20/2023 15:00,10.986
11/20/2023 15:30,10.986
11/20/2023 16:00,10.986
11/20/2023 16:30,10.986
11/20/2023 17:00,10.986
11/20/2023 17:30,10.986
11/20/2023 18:00,10.986
11/20/2023 18:30,10.986
11/20/2023 19:00,10.986
11/20/2023 19:30,10.986
11/20/2023 20:00,10.986
11/20/2023 20:30,10.986
11/20/2023 21:00,10.986
11/20/2023 21:30,10.986
11/20/2023 22:00,10.986
11/20/2023 22:30,10.986
11/20/2023 23:00,10.986
11/20/2023 23:30,10.986
11/21/2023 00:00,7.993
11/21/2023 00:30,7.993
11/21/2023 01:00,7.993
11/21/2023 01:30,7.993
11/21/2023 02:00,7.993
11/21/2023 02:30,7.993
11/21/2023 03:00,7.993
11/21/2023 03:30,7.993
11/21/2023 04:00,7.993
11/21/2023 04:30,7.993
11/21/2023 05:00,7.993
11/21/2023 05:30,7.993
11/21/2023 06:00,7.993
11/21/2023 06:30,7.993
11/21/2023 07:00,7.993
11/21/2023 07:30,7.993
11/21/2023 08:00,7.993
11/21/2023 08:30,7.993
11/21/2023 09:00,7.993
11/21/2023 09:30,7.993
11/21/2023 10:00,7.993
11/21/2023 10:30,7.993
11/21/2023 11:00,7.993
11/21/2023 11:30,7.993
11/21/2023 12:00,7.993
11/21/2023 12:30,7.993
11/21/2023 13:00,7.993
11/21/2023 13:30,7.993
11/21/2023 14:00,7.993
11/21/2023 14:30,7.993
11/21/2023 15:00,7.993
11/21/2023 15:30,7.993
11/21/2023 16:00,7.993
11/21/2023 16:30,7.993
11/21/2023 17:00,7.993
11/21/2023 17:30,7.993
11/21/2023 18:00,7.993
11/21/2023 18:30,7.993
11/21/2023 19:00,7.993
11/21/2023 19:30,7.993
11/21/2023 20:00,7.993
11/21/2023 20:30,7.993
11/21/2023 21:00,7.993
11/21/2023 21:30,7.993
11/21/2023 22:00,7.993
11/21/2023 22:30,7.993
11/21/2023 23:00,7.993
11/21/2023 23:30,7.993
11/22/2023 00:00,7.993
11/22/2023 00:30,7.993
11/22/2023 01:00,7.993
11/22/2023 01:30,7.993
11/22/2023 02:00,7.993
11/22/2023 02:30,7.993
11/22/2023 03:00,7.993
11/22/2023 03:30,7.993
11/22/2023 04:00,7.993
11/22/2023 04:30,7.993
11/22/2023 05:00,7.993
11/22/2023 05:30,7.993
11/22/2023 06:00,7.993
11/22/2023 06:30,7.993
11/22/2023 07:00,7.993
11/22/2023 07:30,7.993
11/22/2023 08:00,7.993
11/22/2023 08:30,7.993
11/22/2023 09:00,7.993
11/22/2023 09:30,7.993
11/22/2023 10:00,7.993
11/22/2023 10:30,7.993
11/22/2023 11:00,7.993
11/22/2023 11:30,7.993
11/22/2023 12:00,7.993
11/22/2023 12:30,7.993
11/22/2023 13:00,7.993
11/22/2023 13:30,7.993
11/22/2023 14:00,7.993
11/22/2023 14:30,7.993
11/22/2023 15:00,7.993
11/22/2023 15:30,7.993
11/22/2023 16:00,7.993
11/22/2023 16:30,7.993
11/22/2023 17:00,7.993
11/22/2023 17:30,7.993
11/22/2023 18:00,7.993
11/22/2023 18:30,7.993
11/22/2023 19:00,7.993
11/22/2023 19:30,7.993
11/22/2023 20:00,7.993
11/22/2023 20:30,7.993
11/22/2023 21:00,7.993
11/22/2023 21:30,7.993
11/22/2023 22:00,7.993
11/22/2023 22:30,7.993
11/22/2023 23:00,7.993
11/22/2023 23:30,7.993
11/23/2023 00:00,7.993
11/23/2023 00:30,7.993
11/23/2023 01:00,7.993
11/23/2023 01:30,7.993
11/23/2023 02:00,7.993
11/23/2023 02:30,7.993
11/23/2023 03:00,7.993
11/23/2023 03:30,7.993
11/23/2023 04:00,7.993
11/23/2023 04:30,7.993
11/23/2023 05:00,7.993
11/23/2023 05:30,7.993
11/23/2023 06:00,7.993
11/23/2023 06:30,7.993
11/23/2023 07:00,7.993
11/23/2023 07:30,7.993
11/23/2023 08:00,7.993
11/23/2023 08:30,7.993
11/23/2023 09:00,7.993
11/23/2023 09:30,7.993
11/23/2023 10:00,7.993
11/23/2023 10:30,7.993
11/23/2023 11:00,7.993
11/23/2023 11:30,7.993
11/23/2023 12:00,7.993
11/23/2023 12:30,7.993
11/23/2023 13:00,7.993
11/23/2023 13:30,7.993
11/23/2023 14:00,7.993
11/23/2023 14:30,7.993
11/23/2023 15:00,7.993
11/23/2023 15:30,7.993
11/23/2023 16:00,7.993
11/23/2023 16:30,7.993
11/23/2023 17:00,7.993
11/23/2023 17:30,7.993
11/23/2023 18:00,7.993
11/23/2023 18:30,7.993
11/23/2023 19:00,7.993
11/23/2023 19:30,7.993
11/23/2023 20:00,7.993
11/23/2023 20:30,7.993
11/23/2023 21:00,7.993
11/23/2023 21:30,7.993
11/23/2023 22:00,7.993
11/23/2023 22:30,7.993
11/23/2023 23:00,7.993
11/23/2023 23:30,7.993
11/24/2023 00:00,5.0
11/24/2023 00:30,5.0
11/24/2023 01:00,5.0
11/24/2023 01:30,5.0
11/24/2023 02:00,5.0
11/24/2023 02:30,5.0
11/24/2023 03:00,5.0
11/24/2023 03:30,5.0
11/24/2023 04:00,5.0
11/24/2023 04:30,5.0
11/24/2023 05:00,5.0
11/24/2023 05:30,5.0
11/24/2023 06:00,5.0
11/24/2023 06:30,5.0
11/24/2023 07:00,5.0
11/24/2023 07:30,5.0
11/24/2023 08:00,5.0
11/24/2023 08:30,5.0
11/24/2023 09:00,5.0
11/24/2023 09:30,5.0
11/24/2023 10:00,5.0
11/24/2023 10:30,5.0
11/24/2023 11:00,5.0
11/24/2023 11:30,5.0
11/24/2023 12:00,5.0
11/24/2023 12:30,5.0
11/24/2023 13:00,5.0
11/24/2023 13:30,5.0
11/24/2023 14:00,5.0
11/24/2023 14:30,5.0
11/24/2023 15:00,5.0
11/24/2023 15:30,5.0
11/24/2023 16:00,5.0
11/24/2023 16:30,5.0
11/24/2023 17:00,5.0
11/24/2023 17:30,5.0
11/24/2023 18:00,5.0
11/24/2023 18:30,5.0
11/24/2023 19:00,5.0
11/24/2023 19:30,5.0
11/24/2023 20:00,5.0
11/24/2023 20:30,5.0
11/24/2023 21:00,5.0
11/24/2023 21:30,5.0
11/24/2023 22:00,5.0
11/24/2023 22:30,5.0
11/24/2023 23:00,5.0
11/24/2023 23:30,5.0
11/25/2023 00:00,5.0
11/25/2023 00:30,5.0
11/25/2023 01:00,5.0
11/25/2023 01:30,5.0
11/25/2023 02:00,5.0
11/25/2023 02:30,5.0
11/25/2023 03:00,5.0
11/25/2023 03:30,5.0
11/25/2023 04:00,5.0
11/25/2023 04:30,5.0
11/25/2023 05:00,5.0
11/25/2023 05:30,5.0
11/25/2023 06:00,5.0
11/25/2023 06:30,5.0
11/25/2023 07:00,5.0
11/25/2023 07:30,5.0
11/25/2023 08:00,5.0
11/25/2023 08:30,5.0
11/25/2023 09:00,5.0
11/25/2023 09:30,5.0
11/25/2023 10:00,5.0
11/25/2023 10:30,5.0
11/25/2023 11:00,5.0
11/25/2023 11:30,5.0
11/25/2023 12:00,5.0
11/25/2023 12:30,5.0
11/25/2023 13:00,5.0
11/25/2023 13:30,5.0
11/25/2023 14:00,5.0
11/25/2023 14:30,5.0
11/25/2023 15:00,5.0
11/25/2023 15:30,5.0
11/25/2023 16:00,5.0
11/25/2023 16:30,5.0
11/25/2023 17:00,5.0
11/25/2023 17:30,5.0
11/25/2023 18:00,5.0
11/25/2023 18:30,5.0
11/25/2023 19:00,5.0
11/25/2023 19:30,5.0
11/25/2023 20:00,5.0
11/25/2023 20:30,5.0
11/25/2023 21:00,5.0
11/25/2023 21:30,5.0
11/25/2023 22:00,5.0
11/25/2023 22:30,5.0
11/25/2023 23:00,5.0
11/25/2023 23:30,5.0
11/26/2023 00:00,5.0
11/26/2023 00:30,5.0
11/26/2023 01:00,5.0
11/26/2023 01:30,5.0
11/26/2023 02:00,5.0
11/26/2023 02:30,5.0
11/26/2023 03:00,5.0
11/26/2023 03:30,5.0
11/26/2023 04:00,5.0
11/26/2023 04:30,5.0
11/26/2023 05:00,5.0
11/26/2023 05:30,5.0
11/26/2023 06:00,5.0
11/26/2023 06:30,5.0
11/26/2023 07:00,5.0
11/26/2023 07:30,5.0
11/26/2023 08:00,5.0
11/26/2023 08:30,5.0
11/26/2023 09:00,5.0
11/26/2023 09:30,5.0
11/26/2023 10:00,5.0
11/26/2023 10:30,5.0
11/26/2023 11:00,5.0
11/26/2023 11:30,5.0
11/26/2023 12:00,5.0
11/26/2023 12:30,5.0
11/26/2023 13:00,5.0
11/26/2023 13:30,5.0
11/26/2023 14:00,5.0
11/26/2023 14:30,5.0
11/26/2023 15:00,5.0
11/26/2023 15:30,5.0
11/26/2023 16:00,5.0
11/26/2023 16:30,5.0
11/26/2023 17:00,5.0
11/26/2023 17:30,5.0
11/26/2023 18:00,5.0
11/26/2023 18:30,5.0
11/26/2023 19:00,5.0
11/26/2023 19:30,5.0
11/26/2023 20:00,5.0
11/26/2023 20:30,5.0
11/26/2023 21:00,5.0
11/26/2023 21:30,5.0
11/26/2023 22:00,5.0
11/26/2023 22:30,5.0
11/26/2023 23:00,5.0
11/26/2023 23:30,5.0
11/27/2023 00:00,5.0
11/27/2023 00:30,5.0
11/27/2023 01:00,5.0
11/27/2023 01:30,5.0
11/27/2023 02:00,5.0
11/27/2023 02:30,5.0
11/27/2023 03:00,5.0
11/27/2023 03:30,5.0
11/27/2023 04:00,5.0
11/27/2023 04:30,5.0
11/27/2023 05:00,5.0
11/27/2023 05:30,5.0
11/27/2023 06:00,5.0
11/27/2023 06:30,5.0
11/27/2023 07:00,5.0
11/27/2023 07:30,5.0
11/27/2023 08:00,5.0
11/27/2023 08:30,5.0
11/27/2023 09:00,5.0
11/27/2023 09:30,5.0
11/27/2023 10:00,5.0
11/27/2023 10:30,5.0
11/27/2023 11:00,5.0
11/27/2023 11:30,5.0
11/27/2023 12:00,5.0
11/27/2023 12:30,5.0
11/27/2023 13:00,5.0
11/27/2023 13:30,5.0
11/27/2023 14:00,5.0
11/27/2023 14:30,5.0
11/27/2023 15:00,5.0
11/27/2023 15:30,5.0
11/27/2023 16:00,5.0
11/27/2023 16:30,5.0
11/27/2023 17:00,5.0
11/27/2023 17:30,5.0
11/27/2023 18:00,5.0
11/27/2023 18:30,5.0
11/27/2023 19:00,5.0
11/27/2023 19:30,5.0
11/27/2023 20:00,5.0
11/27/2023 20:30,5.0
11/27/2023 21:00,5.0
11/27/2023 21:30,5.0
11/27/2023 22:00,5.0
11/27/2023 22:30,5.0
11/27/2023 23:00,5.0
11/27/2023 23:30,5.0
11/28/2023 00:00,5.0
11/28/2023 00:30,5.0
11/28/2023 01:00,5.0
11/28/2023 01:30,5.0
11/28/2023 02:00,5.0
11/28/2023 02:30,5.0
11/28/2023 03:00,5.0
11/28/2023 03:30,5.0
11/28/2023 04:00,5.0
11/28/2023 04:30,5.0
11/28/2023 05:00,5.0
11/28/2023 05:30,5.0
11/28/2023 06:00,5.0
11/28/2023 06:30,5.0
11/28/2023 07:00,5.0
11/28/2023 07:30,5.0
11/28/2023 08:00,5.0
11/28/2023 08:30,5.0
11/28/2023 09:00,5.0
11/28/2023 09:30,5.0
11/28/2023 10:00,5.0
11/28/2023 10:30,5.0
11/28/2023 11:00,5.0
11/28/2023 11:30,5.0
11/28/2023 12:00,5.0
11/28/2023 12:30,5.0
11/28/2023 13:00,5.0
11/28/2023 13:30,5.0
11/28/2023 14:00,5.0
11/28/2023 14:30,5.0
11/28/2023 15:00,5.0
11/28/2023 15:30,5.0
11/28/2023 16:00,5.0
11/28/2023 16:30,5.0
11/28/2023 17:00,5.0
11/28/2023 17:30,5.0
11/28/2023 18:00,5.0
11/28/2023 18:30,5.0
11/28/2023 19:00,5.0
11/28/2023 19:30,5.0
11/28/2023 20:00,5.0
11/28/2023 20:30,5.0
11/28/2023 21:00,5.0
11/28/2023 21:30,5.0
11/28/2023 22:00,5.0
11/28/2023 22:30,5.0
11/28/2023 23:00,5.0
11/28/2023 23:30,5.0
11/29/2023 00:00,7.993
11/29/2023 00:30,7.993
11/29/2023 01:00,7.993
11/29/2023 01:30,7.993
11/29/2023 02:00,7.993
11/29/2023 02:30,7.993
11/29/2023 03:00,7.993
11/29/2023 03:30,7.993
11/29/2023 04:00,7.993
11/29/2023 04:30,7.993
11/29/2023 05:00,7.993
11/29/2023 05:30,7.993
11/29/2023 06:00,7.993
11/29/2023 06:30,7.993
11/29/2023 07:00,7.993
11/29/2023 07:30,7.993
11/29/2023 08:00,7.993
11/29/2023 08:30,7.993
11/29/2023 09:00,7.993
11/29/2023 09:30,7.993
11/29/2023 10:00,7.993
11/29/2023 10:30,7.993
11/29/2023 11:00,7.993
11/29/2023 11:30,7.993
11/29/2023 12:00,7.993
11/29/2023 12:30,7.993
11/29/2023 13:00,7.993
11/29/2023 13:30,7.993
11/29/2023 14:00,7.993
11/29/2023 14:30,7.993
11/29/2023 15:00,7.993
11/29/2023 15:30,7.993
11/29/2023 16:00,7.993
11/29/2023 16:30,7.993
11/29/2023 17:00,7.993
11/29/2023 17:30,7.993
11/29/2023 18:00,7.993
11/29/2023 18:30,7.993
11/29/2023 19:00,7.993
11/29/2023 19:30,7.993
11/29/2023 20:00,7.993
11/29/2023 20:30,7.993
11/29/2023 21:00,7.993
11/29/2023 21:30,7.993
11/29/2023 22:00,7.993
11/29/2023 22:30,7.993
11/29/2023 23:00,7.993
11/29/2023 23:30,7.993
11/30/2023 00:00,12.483
11/30/2023 00:30,12.483
11/30/2023 01:00,12.483
11/30/2023 01:30,12.483
11/30/2023 02:00,12.483
11/30/2023 02:30,12.483
11/30/2023 03:00,12.483
11/30/2023 03:30,12.483
11/30/2023 04:00,12.483
11/30/2023 04:30,12.483
11/30/2023 05:00,12.483
11/30/2023 05:30,12.483
11/30/2023 06:00,12.483
11/30/2023 06:30,12.483
11/30/2023 07:00,12.483
11/30/2023 07:30,12.483
11/30/2023 08:00,12.483
11/30/2023 08:30,12.483
11/30/2023 09:00,12.483
11/30/2023 09:30,12.483
11/30/2023 10:00,12.483
11/30/2023 10:30,12.483
11/30/2023 11:00,12.483
11/30/2023 11:30,12.483
11/30/2023 12:00,12.483
11/30/2023 12:30,12.483
11/30/2023 13:00,12.483
11/30/2023 13:30,12.483
11/30/2023 14:00,12.483
11/30/2023 14:30,12.483
11/30/2023 15:00,12.483
11/30/2023 15:30,12.483
11/30/2023 16:00,12.483
11/30/2023 16:30,12.483
11/30/2023 17:00,12.483
11/30/2023 17:30,12.483
11/30/2023 18:00,12.483
11/30/2023 18:30,12.483
11/30/2023 19:00,12.483
11/30/2023 19:30,12.483
11/30/2023 20:00,12.483
11/30/2023 20:30,12.483
11/30/2023 21:00,12.483
11/30/2023 21:30,12.483
11/30/2023 22:00,12.483
11/30/2023 22:30,12.483
11/30/2023 23:00,12.483
11/30/2023 23:30,12.483
12/01/2023 00:00,10.986
12/01/2023 00:30,10.986
12/01/2023 01:00,10.986
12/01/2023 01:30,10.986
12/01/2023 02:00,10.986
12/01/2023 02:30,10.986
12/01/2023 03:00,10.986
12/01/2023 03:30,10.986
12/01/2023 04:00,10.986
12/01/2023 04:30,10.986
12/01/2023 05:00,10.986
12/01/2023 05:30,10.986
12/01/2023 06:00,10.986
12/01/2023 06:30,10.986
12/01/2023 07:00,10.986
12/01/2023 07:30,10.986
12/01/2023 08:00,10.986
12/01/2023 08:30,10.986
12/01/2023 09:00,10.986
12/01/2023 09:30,10.986
12/01/2023 10:00,10.986
12/01/2023 10:30,10.986
12/01/2023 11:00,10.986
12/01/2023 11:30,10.986
12/01/2023 12:00,10.986
12/01/2023 12:30,10.986
12/01/2023 13:00,10.986
12/01/2023 13:30,10.986
12/01/2023 14:00,10.986
12/01/2023 14:30,10.986
12/01/2023 15:00,10.986
12/01/2023 15:30,10.986
12/01/2023 16:00,10.986
12/01/2023 16:30,10.986
12/01/2023 17:00,10.986
12/01/2023 17:30,10.986
12/01/2023 18:00,10.986
12/01/2023 18:30,10.986
12/01/2023 19:00,10.986
12/01/2023 19:30,10.986
12/01/2023 20:00,10.986
12/01/2023 20:30,10.986
12/01/2023 21:00,10.986
12/01/2023 21:30,10.986
12/01/2023 22:00,10.986
12/01/2023 22:30,10.986
12/01/2023 23:00,10.986
12/01/2023 23:30,10.986
12/02/2023 00:00,7.993
12/02/2023 00:30,7.993
12/02/2023 01:00,7.993
12/02/2023 01:30,7.993
12/02/2023 02:00,7.993
12/02/2023 02:30,7.993
12/02/2023 03:00,7.993
12/02/2023 03:30,7.993
12/02/2023 04:00,7.993
12/02/2023 04:30,7.993
12/02/2023 05:00,7.993
12/02/2023 05:30,7.993
12/02/2023 06:00,7.993
12/02/2023 06:30,7.993
12/02/2023 07:00,7.993
12/02/2023 07:30,7.993
12/02/2023 08:00,7.993
12/02/2023 08:30,7.993
12/02/2023 09:00,7.993
12/02/2023 09:30,7.993
12/02/2023 10:00,7.993
12/02/2023 10:30,7.993
12/02/2023 11:00,7.993
12/02/2023 11:30,7.993
12/02/2023 12:00,7.993
12/02/2023 12:30,7.993
12/02/2023 13:00,7.993
12/02/2023 13:30,7.993
12/02/2023 14:00,7.993
12/02/2023 14:30,7.993
12/02/2023 15:00,7.993
12/02/2023 15:30,7.993
12/02/2023 16:00,7.993
12/02/2023 16:30,7.993
12/02/2023 17:00,7.993
12/02/2023 17:30,7.993
12/02/2023 18:00,7.993
12/02/2023 18:30,7.993
12/02/2023 19:00,7.993
12/02/2023 19:30,7.993
12/02/2023 20:00,7.993
12/02/2023 20:30,7.993
12/02/2023 21:00,7.993
12/02/2023 21:30,7.993
12/02/2023 22:00,7.993
12/02/2023 22:30,7.993
12/02/2023 23:00,7.993
12/02/2023 23:30,7.993
12/03/2023 00:00,5.0
12/03/2023 00:30,5.0
12/03/2023 01:00,5.0
12/03/2023 01:30,5.0
12/03/2023 02:00,5.0
12/03/2023 02:30,5.0
12/03/2023 03:00,5.0
12/03/2023 03:30,5.0
12/03/2023 04:00,5.0
12/03/2023 04:30,5.0
12/03/2023 05:00,5.0
12/03/2023 05:30,5.0
12/03/2023 06:00,5.0
12/03/2023 06:30,5.0
12/03/2023 07:00,5.0
12/03/2023 07:30,5.0
12/03/2023 08:00,5.0
12/03/2023 08:30,5.0
12/03/2023 09:00,5.0
12/03/2023 09:30,5.0
12/03/2023 10:00,5.0
12/03/2023 10:30,5.0
12/03/2023 11:00,5.0
12/03/2023 11:30,5.0
12/03/2023 12:00,5.0
12/03/2023 12:30,5.0
12/03/2023 13:00,5.0
12/03/2023 13:30,5.0
12/03/2023 14:00,5.0
12/03/2023 14:30,5.0
12/03/2023 15:00,5.0
12/03/2023 15:30,5.0
12/03/2023 16:00,5.0
12/03/2023 16:30,5.0
12/03/2023 17:00,5.0
12/03/2023 17:30,5.0
12/03/2023 18:00,5.0
12/03/2023 18:30,5.0
12/03/2023 19:00,5.0
12/03/2023 19:30,5.0
12/03/2023 20:00,5.0
12/03/2023 20:30,5.0
12/03/2023 21:00,5.0
12/03/2023 21:30,5.0
12/03/2023 22:00,5.0
12/03/2023 22:30,5.0
12/03/2023 23:00,5.0
12/03/2023 23:30,5.0
12/04/2023 00:00,5.0
12/04/2023 00:30,5.0
12/04/2023 01:00,5.0
12/04/2023 01:30,5.0
12/04/2023 02:00,5.0
12/04/2023 02:30,5.0
12/04/2023 03:00,5.0
12/04/2023 03:30,5.0
12/04/2023 04:00,5.0
12/04/2023 04:30,5.0
12/04/2023 05:00,5.0
12/04/2023 05:30,5.0
12/04/2023 06:00,5.0
12/04/2023 06:30,5.0
12/04/2023 07:00,5.0
12/04/2023 07:30,5.0
12/04/2023 08:00,5.0
12/04/2023 08:30,5.0
12/04/2023 09:00,5.0
12/04/2023 09:30,5.0
12/04/2023 10:00,5.0
12/04/2023 10:30,5.0
12/04/2023 11:00,5.0
12/04/2023 11:30,5.0
12/04/2023 12:00,5.0
12/04/2023 12:30,5.0
12/04/2023 13:00,5.0
12/04/2023 13:30,5.0
12/04/2023 14:00,5.0
12/04/2023 14:30,5.0
12/04/2023 15:00,5.0
12/04/2023 15:30,5.0
12/04/2023 16:00,5.0
12/04/2023 16:30,5.0
12/04/2023 17:00,5.0
12/04/2023 17:30,5.0
12/04/2023 18:00,5.0
12/04/2023 18:30,5.0
12/04/2023 19:00,5.0
12/04/2023 19:30,5.0
12/04/2023 20:00,5.0
12/04/2023 20:30,5.0
12/04/2023 21:00,5.0
12/04/2023 21:30,5.0
12/04/2023 22:00,5.0
12/04/2023 22:30,5.0
12/04/2023 23:00,5.0
12/04/2023 23:30,5.0
12/05/2023 00:00,5.0
12/05/2023 00:30,5.0
12/05/2023 01:00,5.0
12/05/2023 01:30,5.0
12/05/2023 02:00,5.0
12/05/2023 02:30,5.0
12/05/2023 03:00,5.0
12/05/2023 03:30,5.0
12/05/2023 04:00,5.0
12/05/2023 04:30,5.0
12/05/2023 05:00,5.0
12/05/2023 05:30,5.0
12/05/2023 06:00,5.0
12/05/2023 06:30,5.0
12/05/2023 07:00,5.0
12/05/2023 07:30,5.0
12/05/2023 08:00,5.0
12/05/2023 08:30,5.0
12/05/2023 09:00,5.0
12/05/2023 09:30,5.0
12/05/2023 10:00,5.0
12/05/2023 10:30,5.0
12/05/2023 11:00,5.0
12/05/2023 11:30,5.0
12/05/2023 12:00,5.0
12/05/2023 12:30,5.0
12/05/2023 13:00,5.0
12/05/2023 13:30,5.0
12/05/2023 14:00,5.0
12/05/2023 14:30,5.0
12/05/2023 15:00,5.0
12/05/2023 15:30,5.0
12/05/2023 16:00,5.0
12/05/2023 16:30,5.0
12/05/2023 17:00,5.0
12/05/2023 17:30,5.0
12/05/2023 18:00,5.0
12/05/2023 18:30,5.0
12/05/2023 19:00,5.0
12/05/2023 19:30,5.0
12/05/2023 20:00,5.0
12/05/2023 20:30,5.0
12/05/2023 21:00,5.0
12/05/2023 21:30,5.0
12/05/2023 22:00,5.0
12/05/2023 22:30,5.0
12/05/2023 23:00,5.0
12/05/2023 23:30,5.0
12/06/2023 00:00,5.0
12/06/2023 00:30,5.0
12/06/2023 01:00,5.0
12/06/2023 01:30,5.0
12/06/2023 02:00,5.0
12/06/2023 02:30,5.0
12/06/2023 03:00,5.0
12/06/2023 03:30,5.0
12/06/2023 04:00,5.0
12/06/2023 04:30,5.0
12/06/2023 05:00,5.0
12/06/2023 05:30,5.0
12/06/2023 06:00,5.0
12/06/2023 06:30,5.0
12/06/2023 07:00,5.0
12/06/2023 07:30,5.0
12/06/2023 08:00,5.0
12/06/2023 08:30,5.0
12/06/2023 09:00,5.0
12/06/2023 09:30,5.0
12/06/2023 10:00,5.0
12/06/2023 10:30,5.0
12/06/2023 11:00,5.0
12/06/2023 11:30,5.0
12/06/2023 12:00,5.0
12/06/2023 12:30,5.0
12/06/2023 13:00,5.0
12/06/2023 13:30,5.0
12/06/2023 14:00,5.0
12/06/2023 14:30,5.0
12/06/2023 15:00,5.0
12/06/2023 15:30,5.0
12/06/2023 16:00,5.0
12/06/2023 16:30,5.0
12/06/2023 17:00,5.0
12/06/2023 17:30,5.0
12/06/2023 18:00,5.0
12/06/2023 18:30,5.0
12/06/2023 19:00,5.0
12/06/2023 19:30,5.0
12/06/2023 20:00,5.0
12/06/2023 20:30,5.0
12/06/2023 21:00,5.0
12/06/2023 21:30,5.0
12/06/2023 22:00,5.0
12/06/2023 22:30,5.0
12/06/2023 23:00,5.0
12/06/2023 23:30,5.0
12/07/2023 00:00,5.0
12/07/2023 00:30,5.0
12/07/2023 01:00,5.0
12/07/2023 01:30,5.0
12/07/2023 02:00,5.0
12/07/2023 02:30,5.0
12/07/2023 03:00,5.0
12/07/2023 03:30,5.0
12/07/2023 04:00,5.0
12/07/2023 04:30,5.0
12/07/2023 05:00,5.0
12/07/2023 05:30,5.0
12/07/2023 06:00,5.0
12/07/2023 06:30,5.0
12/07/2023 07:00,5.0
12/07/2023 07:30,5.0
12/07/2023 08:00,5.0
12/07/2023 08:30,5.0
12/07/2023 09:00,5.0
12/07/2023 09:30,5.0
12/07/2023 10:00,5.0
12/07/2023 10:30,5.0
12/07/2023 11:00,5.0
12/07/2023 11:30,5.0
12/07/2023 12:00,5.0
12/07/2023 12:30,5.0
12/07/2023 13:00,5.0
12/07/2023 13:30,5.0
12/07/2023 14:00,5.0
12/07/2023 14:30,5.0
12/07/2023 15:00,5.0
12/07/2023 15:30,5.0
12/07/2023 16:00,5.0
12/07/2023 16:30,5.0
12/07/2023 17:00,5.0
12/07/2023 17:30,5.0
12/07/2023 18:00,5.0
12/07/2023 18:30,5.0
12/07/2023 19:00,5.0
12/07/2023 19:30,5.0
12/07/2023 20:00,5.0
12/07/2023 20:30,5.0
12/07/2023 21:00,5.0
12/07/2023 21:30,5.0
12/07/2023 22:00,5.0
12/07/2023 22:30,5.0
12/07/2023 23:00,5.0
12/07/2023 23:30,5.0
12/08/2023 00:00,5.0
12/08/2023 00:30,5.0
12/08/2023 01:00,5.0
12/08/2023 01:30,5.0
12/08/2023 02:00,5.0
12/08/2023 02:30,5.0
12/08/2023 03:00,5.0
12/08/2023 03:30,5.0
12/08/2023 04:00,5.0
12/08/2023 04:30,5.0
12/08/2023 05:00,5.0
12/08/2023 05:30,5.0
12/08/2023 06:00,5.0
12/08/2023 06:30,5.0
12/08/2023 07:00,5.0
12/08/2023 07:30,5.0
12/08/2023 08:00,5.0
12/08/2023 08:30,5.0
12/08/2023 09:00,5.0
12/08/2023 09:30,5.0
12/08/2023 10:00,5.0
12/08/2023 10:30,5.0
12/08/2023 11:00,5.0
12/08/2023 11:30,5.0
12/08/2023 12:00,5.0
12/08/2023 12:30,5.0
12/08/2023 13:00,5.0
12/08/2023 13:30,5.0
12/08/2023 14:00,5.0
12/08/2023 14:30,5.0
12/08/2023 15:00,5.0
12/08/2023 15:30,5.0
12/08/2023 16:00,5.0
12/08/2023 16:30,5.0
12/08/2023 17:00,5.0
12/08/2023 17:30,5.0
12/08/2023 18:00,5.0
12/08/2023 18:30,5.0
12/08/2023 19:00,5.0
12/08/2023 19:30,5.0
12/08/2023 20:00,5.0
12/08/2023 20:30,5.0
12/08/2023 21:00,5.0
12/08/2023 21:30,5.0
12/08/2023 22:00,5.0
12/08/2023 22:30,5.0
12/08/2023 23:00,5.0
12/08/2023 23:30,5.0
12/09/2023 00:00,4.26
12/09/2023 00:30,4.26
12/09/2023 01:00,4.26
12/09/2023 01:30,4.26
12/09/2023 02:00,4.26
12/09/2023 02:30,4.26
12/09/2023 03:00,4.26
12/09/2023 03:30,4.26
12/09/2023 04:00,4.26
12/09/2023 04:30,4.26
12/09/2023 05:00,4.26
12/09/2023 05:30,4.26
12/09/2023 06:00,4.26
12/09/2023 06:30,4.26
12/09/2023 07:00,4.26
12/09/2023 07:30,4.26
12/09/2023 08:00,4.26
12/09/2023 08:30,4.26
12/09/2023 09:00,4.26
12/09/2023 09:30,4.26
12/09/2023 10:00,4.26
12/09/2023 10:30,4.26
12/09/2023 11:00,4.26
12/09/2023 11:30,4.26
12/09/2023 12:00,4.26
12/09/2023 12:30,4.26
12/09/2023 13:00,4.26
12/09/2023 13:30,4.26
12/09/2023 14:00,4.26
12/09/2023 14:30,4.26
12/09/2023 15:00,4.26
12/09/2023 15:30,4.26
12/09/2023 16:00,4.26
12/09/2023 16:30,4.26
12/09/2023 17:00,4.26
12/09/2023 17:30,4.26
12/09/2023 18:00,4.26
12/09/2023 18:30,4.26
12/09/2023 19:00,4.26
12/09/2023 19:30,4.26
12/09/2023 20:00,4.26
12/09/2023 20:30,4.26
12/09/2023 21:00,4.26
12/09/2023 21:30,4.26
12/09/2023 22:00,4.26
12/09/2023 22:30,4.26
12/09/2023 23:00,4.26
12/09/2023 23:30,4.26
12/10/2023 00:00,4.26
12/10/2023 00:30,4.26
12/10/2023 01:00,4.26
12/10/2023 01:30,4.26
12/10/2023 02:00,4.26
12/10/2023 02:30,4.26
12/10/2023 03:00,4.26
12/10/2023 03:30,4.26
12/10/2023 04:00,4.26
12/10/2023 04:30,4.26
12/10/2023 05:00,4.26
12/10/2023 05:30,4.26
12/10/2023 06:00,4.26
12/10/2023 06:30,4.26
12/10/2023 07:00,4.26
12/10/2023 07:30,4.26
12/10/2023 08:00,4.26
12/10/2023 08:30,4.26
12/10/2023 09:00,4.26
12/10/2023 09:30,4.26
12/10/2023 10:00,4.26
12/10/2023 10:30,4.26
12/10/2023 11:00,4.26
12/10/2023 11:30,4.26
12/10/2023 12:00,4.26
12/10/2023 12:30,4.26
12/10/2023 13:00,4.26
12/10/2023 13:30,4.26
12/10/2023 14:00,4.26
12/10/2023 14:30,4.26
12/10/2023 15:00,4.26
12/10/2023 15:30,4.26
12/10/2023 16:00,4.26
12/10/2023 16:30,4.26
12/10/2023 17:00,4.26
12/10/2023 17:30,4.26
12/10/2023 18:00,4.26
12/10/2023 18:30,4.26
12/10/2023 19:00,4.26
12/10/2023 19:30,4.26
12/10/2023 20:00,4.26
12/10/2023 20:30,4.26
12/10/2023 21:00,4.26
12/10/2023 21:30,4.26
12/10/2023 22:00,4.26
12/10/2023 22:30,4.26
12/10/2023 23:00,4.26
12/10/2023 23:30,4.26
12/11/2023 00:00,4.26
12/11/2023 00:30,4.26
12/11/2023 01:00,4.26
12/11/2023 01:30,4.26
12/11/2023 02:00,4.26
12/11/2023 02:30,4.26
12/11/2023 03:00,4.26
12/11/2023 03:30,4.26
12/11/2023 04:00,4.26
12/11/2023 04:30,4.26
12/11/2023 05:00,4.26
12/11/2023 05:30,4.26
12/11/2023 06:00,4.26
12/11/2023 06:30,4.26
12/11/2023 07:00,4.26
12/11/2023 07:30,4.26
12/11/2023 08:00,4.26
12/11/2023 08:30,4.26
12/11/2023 09:00,4.26
12/11/2023 09:30,4.26
12/11/2023 10:00,4.26
12/11/2023 10:30,4.26
12/11/2023 11:00,4.26
12/11/2023 11:30,4.26
12/11/2023 12:00,4.26
12/11/2023 12:30,4.26
12/11/2023 13:00,4.26
12/11/2023 13:30,4.26
12/11/2023 14:00,4.26
12/11/2023 14:30,4.26
12/11/2023 15:00,4.26
12/11/2023 15:30,4.26
12/11/2023 16:00,4.26
12/11/2023 16:30,4.26
12/11/2023 17:00,4.26
12/11/2023 17:30,4.26
12/11/2023 18:00,4.26
12/11/2023 18:30,4.26
12/11/2023 19:00,4.26
12/11/2023 19:30,4.26
12/11/2023 20:00,4.26
12/11/2023 20:30,4.26
12/11/2023 21:00,4.26
12/11/2023 21:30,4.26
12/11/2023 22:00,4.26
12/11/2023 22:30,4.26
12/11/2023 23:00,4.26
12/11/2023 23:30,4.26
12/12/2023 00:00,0.0
12/12/2023 00:30,0.0
12/12/2023 01:00,0.0
12/12/2023 01:30,0.0
12/12/2023 02:00,0.0
12/12/2023 02:30,0.0
12/12/2023 03:00,0.0
12/12/2023 03:30,0.0
12/12/2023 04:00,0.0
12/12/2023 04:30,0.0
12/12/2023 05:00,0.0
12/12/2023 05:30,0.0
12/12/2023 06:00,0.0
12/12/2023 06:30,0.0
12/12/2023 07:00,0.0
12/12/2023 07:30,0.0
12/12/2023 08:00,0.0
12/12/2023 08:30,0.0
12/12/2023 09:00,0.0
12/12/2023 09:30,0.0
12/12/2023 10:00,0.0
12/12/2023 10:30,0.0
12/12/2023 11:00,0.0
12/12/2023 11:30,0.0
12/12/2023 12:00,0.0
12/12/2023 12:30,0.0
12/12/2023 13:00,0.0
12/12/2023 13:30,0.0
12/12/2023 14:00,0.0
12/12/2023 14:30,0.0
12/12/2023 15:00,0.0
12/12/2023 15:30,0.0
12/12/2023 16:00,0.0
12/12/2023 16:30,0.0
12/12/2023 17:00,0.0
12/12/2023 17:30,0.0
12/12/2023 18:00,0.0
12/12/2023 18:30,0.0
12/12/2023 19:00,0.0
12/12/2023 19:30,0.0
12/12/2023 20:00,0.0
12/12/2023 20:30,0.0
12/12/2023 21:00,0.0
12/12/2023 21:30,0.0
12/12/2023 22:00,0.0
12/12/2023 22:30,0.0
12/12/2023 23:00,0.0
12/12/2023 23:30,0.0
12/13/2023 00:00,0.0
12/13/2023 00:30,0.0
12/13/2023 01:00,0.0
12/13/2023 01:30,0.0
12/13/2023 02:00,0.0
12/13/2023 02:30,0.0
12/13/2023 03:00,0.0
12/13/2023 03:30,0.0
12/13/2023 04:00,0.0
12/13/2023 04:30,0.0
12/13/2023 05:00,0.0
12/13/2023 05:30,0.0
12/13/2023 06:00,0.0
12/13/2023 06:30,0.0
12/13/2023 07:00,0.0
12/13/2023 07:30,0.0
12/13/2023 08:00,0.0
12/13/2023 08:30,0.0
12/13/2023 09:00,0.0
12/13/2023 09:30,0.0
12/13/2023 10:00,0.0
12/13/2023 10:30,0.0
12/13/2023 11:00,0.0
12/13/2023 11:30,0.0
12/13/2023 12:00,0.0
12/13/2023 12:30,0.0
12/13/2023 13:00,0.0
12/13/2023 13:30,0.0
12/13/2023 14:00,0.0
12/13/2023 14:30,0.0
12/13/2023 15:00,0.0
12/13/2023 15:30,0.0
12/13/2023 16:00,0.0
12/13/2023 16:30,0.0
12/13/2023 17:00,0.0
12/13/2023 17:30,0.0
12/13/2023 18:00,0.0
12/13/2023 18:30,0.0
12/13/2023 19:00,0.0
12/13/2023 19:30,0.0
12/13/2023 20:00,0.0
12/13/2023 20:30,0.0
12/13/2023 21:00,0.0
12/13/2023 21:30,0.0
12/13/2023 22:00,0.0
12/13/2023 22:30,0.0
12/13/2023 23:00,0.0
12/13/2023 23:30,0.0
12/14/2023 00:00,0.0
12/14/2023 00:30,0.0
12/14/2023 01:00,0.0
12/14/2023 01:30,0.0
12/14/2023 02:00,0.0
12/14/2023 02:30,0.0
12/14/2023 03:00,0.0
12/14/2023 03:30,0.0
12/14/2023 04:00,0.0
12/14/2023 04:30,0.0
12/14/2023 05:00,0.0
12/14/2023 05:30,0.0
12/14/2023 06:00,0.0
12/14/2023 06:30,0.0
12/14/2023 07:00,0.0
12/14/2023 07:30,0.0
12/14/2023 08:00,0.0
12/14/2023 08:30,0.0
12/14/2023 09:00,0.0
12/14/2023 09:30,0.0
12/14/2023 10:00,0.0
12/14/2023 10:30,0.0
12/14/2023 11:00,0.0
12/14/2023 11:30,0.0
12/14/2023 12:00,0.0
12/14/2023 12:30,0.0
12/14/2023 13:00,0.0
12/14/2023 13:30,0.0
12/14/2023 14:00,0.0
12/14/2023 14:30,0.0
12/14/2023 15:00,0.0
12/14/2023 15:30,0.0
12/14/2023 16:00,0.0
12/14/2023 16:30,0.0
12/14/2023 17:00,0.0
12/14/2023 17:30,0.0
12/14/2023 18:00,0.0
12/14/2023 18:30,0.0
12/14/2023 19:00,0.0
12/14/2023 19:30,0.0
12/14/2023 20:00,0.0
12/14/2023 20:30,0.0
12/14/2023 21:00,0.0
12/14/2023 21:30,0.0
12/14/2023 22:00,0.0
12/14/2023 22:30,0.0
12/14/2023 23:00,0.0
12/14/2023 23:30,0.0
12/15/2023 00:00,0.0
12/15/2023 00:30,0.0
12/15/2023 01:00,0.0
12/15/2023 01:30,0.0
12/15/2023 02:00,0.0
12/15/2023 02:30,0.0
12/15/2023 03:00,0.0
12/15/2023 03:30,0.0
12/15/2023 04:00,0.0
12/15/2023 04:30,0.0
12/15/2023 05:00,0.0
12/15/2023 05:30,0.0
12/15/2023 06:00,0.0
12/15/2023 06:30,0.0
12/15/2023 07:00,0.0
12/15/2023 07:30,0.0
12/15/2023 08:00,0.0
12/15/2023 08:30,0.0
12/15/2023 09:00,0.0
12/15/2023 09:30,0.0
12/15/2023 10:00,0.0
12/15/2023 10:30,0.0
12/15/2023 11:00,0.0
12/15/2023 11:30,0.0
12/15/2023 12:00,0.0
12/15/2023 12:30,0.0
12/15/2023 13:00,0.0
12/15/2023 13:30,0.0
12/15/2023 14:00,0.0
12/15/2023 14:30,0.0
12/15/2023 15:00,0.0
12/15/2023 15:30,0.0
12/15/2023 16:00,0.0
12/15/2023 16:30,0.0
12/15/2023 17:00,0.0
12/15/2023 17:30,0.0
12/15/2023 18:00,0.0
12/15/2023 18:30,0.0
12/15/2023 19:00,0.0
12/15/2023 19:30,0.0
12/15/2023 20:00,0.0
12/15/2023 20:30,0.0
12/15/2023 21:00,0.0
12/15/2023 21:30,0.0
12/15/2023 22:00,0.0
12/15/2023 22:30,0.0
12/15/2023 23:00,0.0
12/15/2023 23:30,0.0
12/16/2023 00:00,0.0
12/16/2023 00:30,0.0
12/16/2023 01:00,0.0
12/16/2023 01:30,0.0
12/16/2023 02:00,0.0
12/16/2023 02:30,0.0
12/16/2023 03:00,0.0
12/16/2023 03:30,0.0
12/16/2023 04:00,0.0
12/16/2023 04:30,0.0
12/16/2023 05:00,0.0
12/16/2023 05:30,0.0
12/16/2023 06:00,0.0
12/16/2023 06:30,0.0
12/16/2023 07:00,0.0
12/16/2023 07:30,0.0
12/16/2023 08:00,0.0
12/16/2023 08:30,0.0
12/16/2023 09:00,0.0
12/16/2023 09:30,0.0
12/16/2023 10:00,0.0
12/16/2023 10:30,0.0
12/16/2023 11:00,0.0
12/16/2023 11:30,0.0
12/16/2023 12:00,0.0
12/16/2023 12:30,0.0
12/16/2023 13:00,0.0
12/16/2023 13:30,0.0
12/16/2023 14:00,0.0
12/16/2023 14:30,0.0
12/16/2023 15:00,0.0
12/16/2023 15:30,0.0
12/16/2023 16:00,0.0
12/16/2023 16:30,0.0
12/16/2023 17:00,0.0
12/16/2023 17:30,0.0
12/16/2023 18:00,0.0
12/16/2023 18:30,0.0
12/16/2023 19:00,0.0
12/16/2023 19:30,0.0
12/16/2023 20:00,0.0
12/16/2023 20:30,0.0
12/16/2023 21:00,0.0
12/16/2023 21:30,0.0
12/16/2023 22:00,0.0
12/16/2023 22:30,0.0
12/16/2023 23:00,0.0
12/16/2023 23:30,0.0
12/17/2023 00:00,0.0
12/17/2023 00:30,0.0
12/17/2023 01:00,0.0
12/17/2023 01:30,0.0
12/17/2023 02:00,0.0
12/17/2023 02:30,0.0
12/17/2023 03:00,0.0
12/17/2023 03:30,0.0
12/17/2023 04:00,0.0
12/17/2023 04:30,0.0
12/17/2023 05:00,0.0
12/17/2023 05:30,0.0
12/17/2023 06:00,0.0
12/17/2023 06:30,0.0
12/17/2023 07:00,0.0
12/17/2023 07:30,0.0
12/17/2023 08:00,0.0
12/17/2023 08:30,0.0
12/17/2023 09:00,0.0
12/17/2023 09:30,0.0
12/17/2023 10:00,0.0
12/17/2023 10:30,0.0
12/17/2023 11:00,0.0
12/17/2023 11:30,0.0
12/17/2023 12:00,0.0
12/17/2023 12:30,0.0
12/17/2023 13:00,0.0
12/17/2023 13:30,0.0
12/17/2023 14:00,0.0
12/17/2023 14:30,0.0
12/17/2023 15:00,0.0
12/17/2023 15:30,0.0
12/17/2023 16:00,0.0
12/17/2023 16:30,0.0
12/17/2023 17:00,0.0
12/17/2023 17:30,0.0
12/17/2023 18:00,0.0
12/17/2023 18:30,0.0
12/17/2023 19:00,0.0
12/17/2023 19:30,0.0
12/17/2023 20:00,0.0
12/17/2023 20:30,0.0
12/17/2023 21:00,0.0
12/17/2023 21:30,0.0
12/17/2023 22:00,0.0
12/17/2023 22:30,0.0
12/17/2023 23:00,0.0
12/17/2023 23:30,0.0
12/18/2023 00:00,6.0
12/18/2023 00:30,6.0
12/18/2023 01:00,6.0
12/18/2023 01:30,6.0
12/18/2023 02:00,6.0
12/18/2023 02:30,6.0
12/18/2023 03:00,6.0
12/18/2023 03:30,6.0
12/18/2023 04:00,6.0
12/18/2023 04:30,6.0
12/18/2023 05:00,6.0
12/18/2023 05:30,6.0
12/18/2023 06:00,6.0
12/18/2023 06:30,6.0
12/18/2023 07:00,6.0
12/18/2023 07:30,6.0
12/18/2023 08:00,6.0
12/18/2023 08:30,6.0
12/18/2023 09:00,6.0
12/18/2023 09:30,6.0
12/18/2023 10:00,6.0
12/18/2023 10:30,6.0
12/18/2023 11:00,6.0
12/18/2023 11:30,6.0
12/18/2023 12:00,6.0
12/18/2023 12:30,6.0
12/18/2023 13:00,6.0
12/18/2023 13:30,6.0
12/18/2023 14:00,6.0
12/18/2023 14:30,6.0
12/18/2023 15:00,6.0
12/18/2023 15:30,6.0
12/18/2023 16:00,6.0
12/18/2023 16:30,6.0
12/18/2023 17:00,6.0
12/18/2023 17:30,6.0
12/18/2023 18:00,6.0
12/18/2023 18:30,6.0
12/18/2023 19:00,6.0
12/18/2023 19:30,6.0
12/18/2023 20:00,6.0
12/18/2023 20:30,6.0
12/18/2023 21:00,6.0
12/18/2023 21:30,6.0
12/18/2023 22:00,6.0
12/18/2023 22:30,6.0
12/18/2023 23:00,6.0
12/18/2023 23:30,6.0
12/19/2023 00:00,6.0
12/19/2023 00:30,6.0
12/19/2023 01:00,6.0
12/19/2023 01:30,6.0
12/19/2023 02:00,6.0
12/19/2023 02:30,6.0
12/19/2023 03:00,6.0
12/19/2023 03:30,6.0
12/19/2023 04:00,6.0
12/19/2023 04:30,6.0
12/19/2023 05:00,6.0
12/19/2023 05:30,6.0
12/19/2023 06:00,6.0
12/19/2023 06:30,6.0
12/19/2023 07:00,6.0
12/19/2023 07:30,6.0
12/19/2023 08:00,6.0
12/19/2023 08:30,6.0
12/19/2023 09:00,6.0
12/19/2023 09:30,6.0
12/19/2023 10:00,6.0
12/19/2023 10:30,6.0
12/19/2023 11:00,6.0
12/19/2023 11:30,6.0
12/19/2023 12:00,6.0
12/19/2023 12:30,6.0
12/19/2023 13:00,6.0
12/19/2023 13:30,6.0
12/19/2023 14:00,6.0
12/19/2023 14:30,6.0
12/19/2023 15:00,6.0
12/19/2023 15:30,6.0
12/19/2023 16:00,6.0
12/19/2023 16:30,6.0
12/19/2023 17:00,6.0
12/19/2023 17:30,6.0
12/19/2023 18:00,6.0
12/19/2023 18:30,6.0
12/19/2023 19:00,6.0
12/19/2023 19:30,6.0
12/19/2023 20:00,6.0
12/19/2023 20:30,6.0
12/19/2023 21:00,6.0
12/19/2023 21:30,6.0
12/19/2023 22:00,6.0
12/19/2023 22:30,6.0
12/19/2023 23:00,6.0
12/19/2023 23:30,6.0
12/20/2023 00:00,6.0
12/20/2023 00:30,6.0
12/20/2023 01:00,6.0
12/20/2023 01:30,6.0
12/20/2023 02:00,6.0
12/20/2023 02:30,6.0
12/20/2023 03:00,6.0
12/20/2023 03:30,6.0
12/20/2023 04:00,6.0
12/20/2023 04:30,6.0
12/20/2023 05:00,6.0
12/20/2023 05:30,6.0
12/20/2023 06:00,6.0
12/20/2023 06:30,6.0
12/20/2023 07:00,6.0
12/20/2023 07:30,6.0
12/20/2023 08:00,6.0
12/20/2023 08:30,6.0
12/20/2023 09:00,6.0
12/20/2023 09:30,6.0
12/20/2023 10:00,6.0
12/20/2023 10:30,6.0
12/20/2023 11:00,6.0
12/20/2023 11:30,6.0
12/20/2023 12:00,6.0
12/20/2023 12:30,6.0
12/20/2023 13:00,6.0
12/20/2023 13:30,6.0
12/20/2023 14:00,6.0
12/20/2023 14:30,6.0
12/20/2023 15:00,6.0
12/20/2023 15:30,6.0
12/20/2023 16:00,6.0
12/20/2023 16:30,6.0
12/20/2023 17:00,6.0
12/20/2023 17:30,6.0
12/20/2023 18:00,6.0
12/20/2023 18:30,6.0
12/20/2023 19:00,6.0
12/20/2023 19:30,6.0
12/20/2023 20:00,6.0
12/20/2023 20:30,6.0
12/20/2023 21:00,6.0
12/20/2023 21:30,6.0
12/20/2023 22:00,6.0
12/20/2023 22:30,6.0
12/20/2023 23:00,6.0
12/20/2023 23:30,6.0
12/21/2023 00:00,6.0
12/21/2023 00:30,6.0
12/21/2023 01:00,6.0
12/21/2023 01:30,6.0
12/21/2023 02:00,6.0
12/21/2023 02:30,6.0
12/21/2023 03:00,6.0
12/21/2023 03:30,6.0
12/21/2023 04:00,6.0
12/21/2023 04:30,6.0
12/21/2023 05:00,6.0
12/21/2023 05:30,6.0
12/21/2023 06:00,6.0
12/21/2023 06:30,6.0
12/21/2023 07:00,6.0
12/21/2023 07:30,6.0
12/21/2023 08:00,6.0
12/21/2023 08:30,6.0
12/21/2023 09:00,6.0
12/21/2023 09:30,6.0
12/21/2023 10:00,6.0
12/21/2023 10:30,6.0
12/21/2023 11:00,6.0
12/21/2023 11:30,6.0
12/21/2023 12:00,6.0
12/21/2023 12:30,6.0
12/21/2023 13:00,6.0
12/21/2023 13:30,6.0
12/21/2023 14:00,6.0
12/21/2023 14:30,6.0
12/21/2023 15:00,6.0
12/21/2023 15:30,6.0
12/21/2023 16:00,6.0
12/21/2023 16:30,6.0
12/21/2023 17:00,6.0
12/21/2023 17:30,6.0
12/21/2023 18:00,6.0
12/21/2023 18:30,6.0
12/21/2023 19:00,6.0
12/21/2023 19:30,6.0
12/21/2023 20:00,6.0
12/21/2023 20:30,6.0
12/21/2023 21:00,6.0
12/21/2023 21:30,6.0
12/21/2023 22:00,6.0
12/21/2023 22:30,6.0
12/21/2023 23:00,6.0
12/21/2023 23:30,6.0
12/22/2023 00:00,6.0
12/22/2023 00:30,6.0
12/22/2023 01:00,6.0
12/22/2023 01:30,6.0
12/22/2023 02:00,6.0
12/22/2023 02:30,6.0
12/22/2023 03:00,6.0
12/22/2023 03:30,6.0
12/22/2023 04:00,6.0
12/22/2023 04:30,6.0
12/22/2023 05:00,6.0
12/22/2023 05:30,6.0
12/22/2023 06:00,6.0
12/22/2023 06:30,6.0
12/22/2023 07:00,6.0
12/22/2023 07:30,6.0
12/22/2023 08:00,6.0
12/22/2023 08:30,6.0
12/22/2023 09:00,6.0
12/22/2023 09:30,6.0
12/22/2023 10:00,6.0
12/22/2023 10:30,6.0
12/22/2023 11:00,6.0
12/22/2023 11:30,6.0
12/22/2023 12:00,6.0
12/22/2023 12:30,6.0
12/22/2023 13:00,6.0
12/22/2023 13:30,6.0
12/22/2023 14:00,6.0
12/22/2023 14:30,6.0
12/22/2023 15:00,6.0
12/22/2023 15:30,6.0
12/22/2023 16:00,6.0
12/22/2023 16:30,6.0
12/22/2023 17:00,6.0
12/22/2023 17:30,6.0
12/22/2023 18:00,6.0
12/22/2023 18:30,6.0
12/22/2023 19:00,6.0
12/22/2023 19:30,6.0
12/22/2023 20:00,6.0
12/22/2023 20:30,6.0
12/22/2023 21:00,6.0
12/22/2023 21:30,6.0
12/22/2023 22:00,6.0
12/22/2023 22:30,6.0
12/22/2023 23:00,6.0
12/22/2023 23:30,6.0
12/23/2023 00:00,4.26
12/23/2023 00:30,4.26
12/23/2023 01:00,4.26
12/23/2023 01:30,4.26
12/23/2023 02:00,4.26
12/23/2023 02:30,4.26
12/23/2023 03:00,4.26
12/23/2023 03:30,4.26
12/23/2023 04:00,4.26
12/23/2023 04:30,4.26
12/23/2023 05:00,4.26
12/23/2023 05:30,4.26
12/23/2023 06:00,4.26
12/23/2023 06:30,4.26
12/23/2023 07:00,4.26
12/23/2023 07:30,4.26
12/23/2023 08:00,4.26
12/23/2023 08:30,4.26
12/23/2023 09:00,4.26
12/23/2023 09:30,4.26
12/23/2023 10:00,4.26
12/23/2023 10:30,4.26
12/23/2023 11:00,4.26
12/23/2023 11:30,4.26
12/23/2023 12:00,4.26
12/23/2023 12:30,4.26
12/23/2023 13:00,4.26
12/23/2023 13:30,4.26
12/23/2023 14:00,4.26
12/23/2023 14:30,4.26
12/23/2023 15:00,4.26
12/23/2023 15:30,4.26
12/23/2023 16:00,4.26
12/23/2023 16:30,4.26
12/23/2023 17:00,4.26
12/23/2023 17:30,4.26
12/23/2023 18:00,4.26
12/23/2023 18:30,4.26
12/23/2023 19:00,4.26
12/23/2023 19:30,4.26
12/23/2023 20:00,4.26
12/23/2023 20:30,4.26
12/23/2023 21:00,4.26
12/23/2023 21:30,4.26
12/23/2023 22:00,4.26
12/23/2023 22:30,4.26
12/23/2023 23:00,4.26
12/23/2023 23:30,4.26
12/24/2023 00:00,4.26
12/24/2023 00:30,4.26
12/24/2023 01:00,4.26
12/24/2023 01:30,4.26
12/24/2023 02:00,4.26
12/24/2023 02:30,4.26
12/24/2023 03:00,4.26
12/24/2023 03:30,4.26
12/24/2023 04:00,4.26
12/24/2023 04:30,4.26
12/24/2023 05:00,4.26
12/24/2023 05:30,4.26
12/24/2023 06:00,4.26
12/24/2023 06:30,4.26
12/24/2023 07:00,4.26
12/24/2023 07:30,4.26
12/24/2023 08:00,4.26
12/24/2023 08:30,4.26
12/24/2023 09:00,4.26
12/24/2023 09:30,4.26
12/24/2023 10:00,4.26
12/24/2023 10:30,4.26
12/24/2023 11:00,4.26
12/24/2023 11:30,4.26
12/24/2023 12:00,4.26
12/24/2023 12:30,4.26
12/24/2023 13:00,4.26
12/24/2023 13:30,4.26
12/24/2023 14:00,4.26
12/24/2023 14:30,4.26
12/24/2023 15:00,4.26
12/24/2023 15:30,4.26
12/24/2023 16:00,4.26
12/24/2023 16:30,4.26
12/24/2023 17:00,4.26
12/24/2023 17:30,4.26
12/24/2023 18:00,4.26
12/24/2023 18:30,4.26
12/24/2023 19:00,4.26
12/24/2023 19:30,4.26
12/24/2023 20:00,4.26
12/24/2023 20:30,4.26
12/24/2023 21:00,4.26
12/24/2023 21:30,4.26
12/24/2023 22:00,4.26
12/24/2023 22:30,4.26
12/24/2023 23:00,4.26
12/24/2023 23:30,4.26
12/25/2023 00:00,4.26
12/25/2023 00:30,4.26
12/25/2023 01:00,4.26
12/25/2023 01:30,4.26
12/25/2023 02:00,4.26
12/25/2023 02:30,4.26
12/25/2023 03:00,4.26
12/25/2023 03:30,4.26
12/25/2023 04:00,4.26
12/25/2023 04:30,4.26
12/25/2023 05:00,4.26
12/25/2023 05:30,4.26
12/25/2023 06:00,4.26
12/25/2023 06:30,4.26
12/25/2023 07:00,4.26
12/25/2023 07:30,4.26
12/25/2023 08:00,4.26
12/25/2023 08:30,4.26
12/25/2023 09:00,4.26
12/25/2023 09:30,4.26
12/25/2023 10:00,4.26
12/25/2023 10:30,4.26
12/25/2023 11:00,4.26
12/25/2023 11:30,4.26
12/25/2023 12:00,4.26
12/25/2023 12:30,4.26
12/25/2023 13:00,4.26
12/25/2023 13:30,4.26
12/25/2023 14:00,4.26
12/25/2023 14:30,4.26
12/25/2023 15:00,4.26
12/25/2023 15:30,4.26
12/25/2023 16:00,4.26
12/25/2023 16:30,4.26
12/25/2023 17:00,4.26
12/25/2023 17:30,4.26
12/25/2023 18:00,4.26
12/25/2023 18:30,4.26
12/25/2023 19:00,4.26
12/25/2023 19:30,4.26
12/25/2023 20:00,4.26
12/25/2023 20:30,4.26
12/25/2023 21:00,4.26
12/25/2023 21:30,4.26
12/25/2023 22:00,4.26
12/25/2023 22:30,4.26
12/25/2023 23:00,4.26
12/25/2023 23:30,4.26
12/26/2023 00:00,4.26
12/26/2023 00:30,4.26
12/26/2023 01:00,4.26
12/26/2023 01:30,4.26
12/26/2023 02:00,4.26
12/26/2023 02:30,4.26
12/26/2023 03:00,4.26
12/26/2023 03:30,4.26
12/26/2023 04:00,4.26
12/26/2023 04:30,4.26
12/26/2023 05:00,4.26
12/26/2023 05:30,4.26
12/26/2023 06:00,4.26
12/26/2023 06:30,4.26
12/26/2023 07:00,4.26
12/26/2023 07:30,4.26
12/26/2023 08:00,4.26
12/26/2023 08:30,4.26
12/26/2023 09:00,4.26
12/26/2023 09:30,4.26
12/26/2023 10:00,4.26
12/26/2023 10:30,4.26
12/26/2023 11:00,4.26
12/26/2023 11:30,4.26
12/26/2023 12:00,4.26
12/26/2023 12:30,4.26
12/26/2023 13:00,4.26
12/26/2023 13:30,4.26
12/26/2023 14:00,4.26
12/26/2023 14:30,4.26
12/26/2023 15:00,4.26
12/26/2023 15:30,4.26
12/26/2023 16:00,4.26
12/26/2023 16:30,4.26
12/26/2023 17:00,4.26
12/26/2023 17:30,4.26
12/26/2023 18:00,4.26
12/26/2023 18:30,4.26
12/26/2023 19:00,4.26
12/26/2023 19:30,4.26
12/26/2023 20:00,4.26
12/26/2023 20:30,4.26
12/26/2023 21:00,4.26
12/26/2023 21:30,4.26
12/26/2023 22:00,4.26
12/26/2023 22:30,4.26
12/26/2023 23:00,4.26
12/26/2023 23:30,4.26
12/27/2023 00:00,0.0
12/27/2023 00:30,0.0
12/27/2023 01:00,0.0
12/27/2023 01:30,0.0
12/27/2023 02:00,0.0
12/27/2023 02:30,0.0
12/27/2023 03:00,0.0
12/27/2023 03:30,0.0
12/27/2023 04:00,0.0
12/27/2023 04:30,0.0
12/27/2023 05:00,0.0
12/27/2023 05:30,0.0
12/27/2023 06:00,0.0
12/27/2023 06:30,0.0
12/27/2023 07:00,0.0
12/27/2023 07:30,0.0
12/27/2023 08:00,0.0
12/27/2023 08:30,0.0
12/27/2023 09:00,0.0
12/27/2023 09:30,0.0
12/27/2023 10:00,0.0
12/27/2023 10:30,0.0
12/27/2023 11:00,0.0
12/27/2023 11:30,0.0
12/27/2023 12:00,0.0
12/27/2023 12:30,0.0
12/27/2023 13:00,0.0
12/27/2023 13:30,0.0
12/27/2023 14:00,0.0
12/27/2023 14:30,0.0
12/27/2023 15:00,0.0
12/27/2023 15:30,0.0
12/27/2023 16:00,0.0
12/27/2023 16:30,0.0
12/27/2023 17:00,0.0
12/27/2023 17:30,0.0
12/27/2023 18:00,0.0
12/27/2023 18:30,0.0
12/27/2023 19:00,0.0
12/27/2023 19:30,0.0
12/27/2023 20:00,0.0
12/27/2023 20:30,0.0
12/27/2023 21:00,0.0
12/27/2023 21:30,0.0
12/27/2023 22:00,0.0
12/27/2023 22:30,0.0
12/27/2023 23:00,0.0
12/27/2023 23:30,0.0
12/28/2023 00:00,0.0
12/28/2023 00:30,0.0
12/28/2023 01:00,0.0
12/28/2023 01:30,0.0
12/28/2023 02:00,0.0
12/28/2023 02:30,0.0
12/28/2023 03:00,0.0
12/28/2023 03:30,0.0
12/28/2023 04:00,0.0
12/28/2023 04:30,0.0
12/28/2023 05:00,0.0
12/28/2023 05:30,0.0
12/28/2023 06:00,0.0
12/28/2023 06:30,0.0
12/28/2023 07:00,0.0
12/28/2023 07:30,0.0
12/28/2023 08:00,0.0
12/28/2023 08:30,0.0
12/28/2023 09:00,0.0
12/28/2023 09:30,0.0
12/28/2023 10:00,0.0
12/28/2023 10:30,0.0
12/28/2023 11:00,0.0
12/28/2023 11:30,0.0
12/28/2023 12:00,0.0
12/28/2023 12:30,0.0
12/28/2023 13:00,0.0
12/28/2023 13:30,0.0
12/28/2023 14:00,0.0
12/28/2023 14:30,0.0
12/28/2023 15:00,0.0
12/28/2023 15:30,0.0
12/28/2023 16:00,0.0
12/28/2023 16:30,0.0
12/28/2023 17:00,0.0
12/28/2023 17:30,0.0
12/28/2023 18:00,0.0
12/28/2023 18:30,0.0
12/28/2023 19:00,0.0
12/28/2023 19:30,0.0
12/28/2023 20:00,0.0
12/28/2023 20:30,0.0
12/28/2023 21:00,0.0
12/28/2023 21:30,0.0
12/28/2023 22:00,0.0
12/28/2023 22:30,0.0
12/28/2023 23:00,0.0
12/28/2023 23:30,0.0
12/29/2023 00:00,0.0
12/29/2023 00:30,0.0
12/29/2023 01:00,0.0
12/29/2023 01:30,0.0
12/29/2023 02:00,0.0
12/29/2023 02:30,0.0
12/29/2023 03:00,0.0
12/29/2023 03:30,0.0
12/29/2023 04:00,0.0
12/29/2023 04:30,0.0
12/29/2023 05:00,0.0
12/29/2023 05:30,0.0
12/29/2023 06:00,0.0
12/29/2023 06:30,0.0
12/29/2023 07:00,0.0
12/29/2023 07:30,0.0
12/29/2023 08:00,0.0
12/29/2023 08:30,0.0
12/29/2023 09:00,0.0
12/29/2023 09:30,0.0
12/29/2023 10:00,0.0
12/29/2023 10:30,0.0
12/29/2023 11:00,0.0
12/29/2023 11:30,0.0
12/29/2023 12:00,0.0
12/29/2023 12:30,0.0
12/29/2023 13:00,0.0
12/29/2023 13:30,0.0
12/29/2023 14:00,0.0
12/29/2023 14:30,0.0
12/29/2023 15:00,0.0
12/29/2023 15:30,0.0
12/29/2023 16:00,0.0
12/29/2023 16:30,0.0
12/29/2023 17:00,0.0
12/29/2023 17:30,0.0
12/29/2023 18:00,0.0
12/29/2023 18:30,0.0
12/29/2023 19:00,0.0
12/29/2023 19:30,0.0
12/29/2023 20:00,0.0
12/29/2023 20:30,0.0
12/29/2023 21:00,0.0
12/29/2023 21:30,0.0
12/29/2023 22:00,0.0
12/29/2023 22:30,0.0
12/29/2023 23:00,0.0
12/29/2023 23:30,0.0
12/30/2023 00:00,0.0
12/30/2023 00:30,0.0
12/30/2023 01:00,0.0
12/30/2023 01:30,0.0
12/30/2023 02:00,0.0
12/30/2023 02:30,0.0
12/30/2023 03:00,0.0
12/30/2023 03:30,0.0
12/30/2023 04:00,0.0
12/30/2023 04:30,0.0
12/30/2023 05:00,0.0
12/30/2023 05:30,0.0
12/30/2023 06:00,0.0
12/30/2023 06:30,0.0
12/30/2023 07:00,0.0
12/30/2023 07:30,0.0
12/30/2023 08:00,0.0
12/30/2023 08:30,0.0
12/30/2023 09:00,0.0
12/30/2023 09:30,0.0
12/30/2023 10:00,0.0
12/30/2023 10:30,0.0
12/30/2023 11:00,0.0
12/30/2023 11:30,0.0
12/30/2023 12:00,0.0
12/30/2023 12:30,0.0
12/30/2023 13:00,0.0
12/30/2023 13:30,0.0
12/30/2023 14:00,0.0
12/30/2023 14:30,0.0
12/30/2023 15:00,0.0
12/30/2023 15:30,0.0
12/30/2023 16:00,0.0
12/30/2023 16:30,0.0
12/30/2023 17:00,0.0
12/30/2023 17:30,0.0
12/30/2023 18:00,0.0
12/30/2023 18:30,0.0
12/30/2023 19:00,0.0
12/30/2023 19:30,0.0
12/30/2023 20:00,0.0
12/30/2023 20:30,0.0
12/30/2023 21:00,0.0
12/30/2023 21:30,0.0
12/30/2023 22:00,0.0
12/30/2023 22:30,0.0
12/30/2023 23:00,0.0
12/30/2023 23:30,0.0
12/31/2023 00:00,0.0
12/31/2023 00:30,0.0
12/31/2023 01:00,0.0
12/31/2023 01:30,0.0
12/31/2023 02:00,0.0
12/31/2023 02:30,0.0
12/31/2023 03:00,0.0
12/31/2023 03:30,0.0
12/31/2023 04:00,0.0
12/31/2023 04:30,0.0
12/31/2023 05:00,0.0
12/31/2023 05:30,0.0
12/31/2023 06:00,0.0
12/31/2023 06:30,0.0
12/31/2023 07:00,0.0
12/31/2023 07:30,0.0
12/31/2023 08:00,0.0
12/31/2023 08:30,0.0
12/31/2023 09:00,0.0
12/31/2023 09:30,0.0
12/31/2023 10:00,0.0
12/31/2023 10:30,0.0
12/31/2023 11:00,0.0
12/31/2023 11:30,0.0
12/31/2023 12:00,0.0
12/31/2023 12:30,0.0
12/31/2023 13:00,0.0
12/31/2023 13:30,0.0
12/31/2023 14:00,0.0
12/31/2023 14:30,0.0
12/31/2023 15:00,0.0
12/31/2023 15:30,0.0
12/31/2023 16:00,0.0
12/31/2023 16:30,0.0
12/31/2023 17:00,0.0
12/31/2023 17:30,0.0
12/31/2023 18:00,0.0
12/31/2023 18:30,0.0
12/31/2023 19:00,0.0
12/31/2023 19:30,0.0
12/31/2023 20:00,0.0
12/31/2023 20:30,0.0
12/31/2023 21:00,0.0
12/31/2023 21:30,0.0
12/31/2023 22:00,0.0
12/31/2023 22:30,0.0
12/31/2023 23:00,0.0
12/31/2023 23:30,0.0
